2026-06-08T08:00:01.0000000Z;44.405;44.48;48;704
2026-06-08T08:00:02.0000000Z;44.405;44.48;48;704
2026-06-08T08:00:03.0000000Z;44.405;44.48;48;704
2026-06-08T08:00:05.0000000Z;44.405;44.48;48;704
2026-06-08T08:00:06.0000000Z;44.405;44.48;48;704
2026-06-08T08:00:07.0000000Z;44.405;44.48;48;704
2026-06-08T08:00:08.0000000Z;44.405;44.48;48;704
2026-06-08T08:00:09.0000000Z;44.405;44.475;48;809
2026-06-08T08:00:11.0000000Z;44.405;44.475;48;809
2026-06-08T08:00:12.0000000Z;44.405;44.475;48;809
2026-06-08T08:00:13.0000000Z;44.405;44.475;48;809
2026-06-08T08:00:15.0000000Z;44.405;44.475;48;809
2026-06-08T08:00:16.0000000Z;44.405;44.47;48;719
2026-06-08T08:00:18.0000000Z;44.405;44.455;48;738
2026-06-08T08:00:19.0000000Z;44.405;44.455;48;806
2026-06-08T08:00:20.0000000Z;44.405;44.445;48;636
2026-06-08T08:00:21.0000000Z;44.405;44.455;48;719
2026-06-08T08:00:22.0000000Z;44.405;44.445;48;494
2026-06-08T08:00:23.0000000Z;44.405;44.45;48;719
2026-06-08T08:00:24.0000000Z;44.405;44.45;48;719
2026-06-08T08:00:25.0000000Z;44.405;44.45;48;494
2026-06-08T08:00:26.0000000Z;44.405;44.45;48;719
2026-06-08T08:00:28.0000000Z;44.405;44.445;48;494
2026-06-08T08:00:29.0000000Z;44.405;44.445;48;494
2026-06-08T08:00:30.0000000Z;44.405;44.45;48;494
2026-06-08T08:00:31.0000000Z;44.405;44.445;48;14138
2026-06-08T08:00:32.0000000Z;44.405;44.445;877;13500
2026-06-08T08:00:33.0000000Z;44.405;44.455;48;719
2026-06-08T08:00:35.0000000Z;44.405;44.45;48;719
2026-06-08T08:00:36.0000000Z;44.405;44.445;48;712
2026-06-08T08:00:37.0000000Z;44.405;44.45;48;494
2026-06-08T08:00:38.0000000Z;44.405;44.45;48;719
2026-06-08T08:00:39.0000000Z;44.405;44.45;48;719
2026-06-08T08:00:40.0000000Z;44.405;44.455;48;719
2026-06-08T08:00:41.0000000Z;44.405;44.455;48;719
2026-06-08T08:00:43.0000000Z;44.405;44.44;48;547
2026-06-08T08:00:44.0000000Z;44.405;44.45;48;494
2026-06-08T08:00:45.0000000Z;44.405;44.445;48;14201
2026-06-08T08:00:46.0000000Z;44.405;44.45;48;494
2026-06-08T08:00:47.0000000Z;44.405;44.445;48;633
2026-06-08T08:00:48.0000000Z;44.405;44.445;48;696
2026-06-08T08:00:49.0000000Z;44.405;44.445;48;696
2026-06-08T08:00:50.0000000Z;44.405;44.445;48;696
2026-06-08T08:00:51.0000000Z;44.405;44.445;48;696
2026-06-08T08:00:52.0000000Z;44.41;44.44;56;495
2026-06-08T08:00:53.0000000Z;44.41;44.44;56;705
2026-06-08T08:00:54.0000000Z;44.41;44.44;56;705
2026-06-08T08:00:55.0000000Z;44.41;44.44;56;705
2026-06-08T08:00:56.0000000Z;44.375;44.435;470;754
2026-06-08T08:00:57.0000000Z;44.375;44.43;470;688
2026-06-08T08:00:58.0000000Z;44.36;44.435;470;803
2026-06-08T08:00:59.0000000Z;44.4;44.435;48;14303
2026-06-08T08:01:00.0000000Z;44.4;44.44;48;721
2026-06-08T08:01:01.0000000Z;44.4;44.435;48;803
2026-06-08T08:01:02.0000000Z;44.4;44.435;400;597
2026-06-08T08:01:03.0000000Z;44.365;44.44;1299;721
2026-06-08T08:01:04.0000000Z;44.375;44.44;470;721
2026-06-08T08:01:05.0000000Z;44.365;44.44;1683;721
2026-06-08T08:01:06.0000000Z;44.38;44.44;700;721
2026-06-08T08:01:07.0000000Z;44.375;44.44;736;721
2026-06-08T08:01:08.0000000Z;44.37;44.42;854;686
2026-06-08T08:01:09.0000000Z;44.365;44.42;470;686
2026-06-08T08:01:10.0000000Z;44.365;44.42;854;686
2026-06-08T08:01:11.0000000Z;44.37;44.42;645;686
2026-06-08T08:01:12.0000000Z;44.365;44.42;470;686
2026-06-08T08:01:13.0000000Z;44.365;44.42;470;686
2026-06-08T08:01:14.0000000Z;44.365;44.42;470;686
2026-06-08T08:01:16.0000000Z;44.365;44.42;854;686
2026-06-08T08:01:17.0000000Z;44.365;44.42;1683;686
2026-06-08T08:01:19.0000000Z;44.365;44.425;470;2557
2026-06-08T08:01:20.0000000Z;44.365;44.425;470;2557
2026-06-08T08:01:24.0000000Z;44.365;44.425;829;495
2026-06-08T08:01:25.0000000Z;44.365;44.425;829;495
2026-06-08T08:01:26.0000000Z;44.365;44.415;829;600
2026-06-08T08:01:27.0000000Z;44.37;44.42;708;370
2026-06-08T08:01:28.0000000Z;44.37;44.42;708;580
2026-06-08T08:01:29.0000000Z;44.36;44.42;470;2062
2026-06-08T08:01:30.0000000Z;44.36;44.42;470;2062
2026-06-08T08:01:31.0000000Z;44.36;44.415;829;803
2026-06-08T08:01:32.0000000Z;44.355;44.415;829;803
2026-06-08T08:01:33.0000000Z;44.365;44.415;829;803
2026-06-08T08:01:34.0000000Z;44.37;44.415;737;600
2026-06-08T08:01:35.0000000Z;44.37;44.43;737;226
2026-06-08T08:01:36.0000000Z;44.35;44.42;1299;2557
2026-06-08T08:01:37.0000000Z;44.365;44.42;468;2557
2026-06-08T08:01:38.0000000Z;44.365;44.42;829;495
2026-06-08T08:01:40.0000000Z;44.37;44.42;701;2062
2026-06-08T08:01:41.0000000Z;44.355;44.415;1213;296
2026-06-08T08:01:42.0000000Z;44.355;44.415;829;686
2026-06-08T08:01:43.0000000Z;44.365;44.415;645;686
2026-06-08T08:01:44.0000000Z;44.365;44.415;645;296
2026-06-08T08:01:45.0000000Z;44.36;44.415;653;296
2026-06-08T08:01:46.0000000Z;44.36;44.425;736;2557
2026-06-08T08:01:47.0000000Z;44.365;44.415;829;513
2026-06-08T08:01:48.0000000Z;44.37;44.42;701;495
2026-06-08T08:01:49.0000000Z;44.37;44.415;434;796
2026-06-08T08:01:50.0000000Z;44.355;44.415;384;2062
2026-06-08T08:01:51.0000000Z;44.36;44.415;653;296
2026-06-08T08:01:52.0000000Z;44.355;44.415;829;2062
2026-06-08T08:01:53.0000000Z;44.355;44.415;829;2062
2026-06-08T08:01:54.0000000Z;44.355;44.415;829;2062
2026-06-08T08:01:55.0000000Z;44.355;44.415;14201;2062
2026-06-08T08:01:56.0000000Z;44.355;44.415;829;2062
2026-06-08T08:01:57.0000000Z;44.36;44.415;3963;2062
2026-06-08T08:01:58.0000000Z;44.36;44.415;3963;2062
2026-06-08T08:01:59.0000000Z;44.355;44.415;1213;296
2026-06-08T08:02:00.0000000Z;44.35;44.415;1213;296
2026-06-08T08:02:01.0000000Z;44.35;44.415;1213;495
2026-06-08T08:02:02.0000000Z;44.36;44.415;701;2062
2026-06-08T08:02:03.0000000Z;44.35;44.42;1213;495
2026-06-08T08:02:04.0000000Z;44.365;44.42;3964;495
2026-06-08T08:02:05.0000000Z;44.35;44.415;1213;2062
2026-06-08T08:02:06.0000000Z;44.35;44.415;1213;2062
2026-06-08T08:02:07.0000000Z;44.36;44.415;829;2062
2026-06-08T08:02:08.0000000Z;44.36;44.415;829;2062
2026-06-08T08:02:09.0000000Z;44.345;44.41;829;2062
2026-06-08T08:02:10.0000000Z;44.345;44.41;829;2062
2026-06-08T08:02:11.0000000Z;44.355;44.41;575;2062
2026-06-08T08:02:12.0000000Z;44.365;44.415;829;2062
2026-06-08T08:02:13.0000000Z;44.365;44.41;829;513
2026-06-08T08:02:14.0000000Z;44.37;44.42;576;495
2026-06-08T08:02:15.0000000Z;44.365;44.41;829;598
2026-06-08T08:02:16.0000000Z;44.36;44.41;829;598
2026-06-08T08:02:18.0000000Z;44.36;44.415;829;2062
2026-06-08T08:02:19.0000000Z;44.37;44.42;829;2557
2026-06-08T08:02:20.0000000Z;44.37;44.42;829;2557
2026-06-08T08:02:21.0000000Z;44.37;44.415;829;513
2026-06-08T08:02:22.0000000Z;44.36;44.415;829;2062
2026-06-08T08:02:23.0000000Z;44.37;44.415;437;2062
2026-06-08T08:02:29.0000000Z;44.37;44.415;575;2062
2026-06-08T08:02:30.0000000Z;44.37;44.425;575;2288
2026-06-08T08:02:31.0000000Z;44.37;44.42;575;226
2026-06-08T08:02:32.0000000Z;44.37;44.42;575;226
2026-06-08T08:02:33.0000000Z;44.355;44.41;550;2557
2026-06-08T08:02:34.0000000Z;44.355;44.41;550;2557
2026-06-08T08:02:35.0000000Z;44.355;44.41;550;2557
2026-06-08T08:02:37.0000000Z;44.36;44.41;829;2062
2026-06-08T08:02:39.0000000Z;44.355;44.41;550;326
2026-06-08T08:02:40.0000000Z;44.355;44.41;1379;495
2026-06-08T08:02:41.0000000Z;44.355;44.42;1379;2557
2026-06-08T08:02:42.0000000Z;44.36;44.42;829;2783
2026-06-08T08:02:43.0000000Z;44.36;44.41;829;513
2026-06-08T08:02:44.0000000Z;44.36;44.41;829;513
2026-06-08T08:02:45.0000000Z;44.36;44.41;829;513
2026-06-08T08:02:46.0000000Z;44.36;44.405;829;322
2026-06-08T08:02:47.0000000Z;44.36;44.405;829;322
2026-06-08T08:02:48.0000000Z;44.36;44.405;829;322
2026-06-08T08:02:49.0000000Z;44.36;44.41;829;2557
2026-06-08T08:02:50.0000000Z;44.36;44.41;829;495
2026-06-08T08:02:51.0000000Z;44.36;44.405;829;513
2026-06-08T08:02:52.0000000Z;44.36;44.405;829;513
2026-06-08T08:02:53.0000000Z;44.36;44.405;829;797
2026-06-08T08:02:54.0000000Z;44.335;44.41;829;495
2026-06-08T08:02:55.0000000Z;44.36;44.41;319;721
2026-06-08T08:02:57.0000000Z;44.36;44.41;319;721
2026-06-08T08:02:58.0000000Z;44.36;44.41;319;721
2026-06-08T08:03:03.0000000Z;44.345;44.41;701;721
2026-06-08T08:03:04.0000000Z;44.345;44.4;701;789
2026-06-08T08:03:05.0000000Z;44.345;44.4;701;789
2026-06-08T08:03:07.0000000Z;44.345;44.4;701;789
2026-06-08T08:03:08.0000000Z;44.345;44.405;844;2062
2026-06-08T08:03:11.0000000Z;44.345;44.405;844;2062
2026-06-08T08:03:14.0000000Z;44.345;44.405;844;2062
2026-06-08T08:03:15.0000000Z;44.345;44.405;844;2062
2026-06-08T08:03:16.0000000Z;44.345;44.405;844;2557
2026-06-08T08:03:18.0000000Z;44.345;44.405;844;2557
2026-06-08T08:03:19.0000000Z;44.345;44.405;844;2557
2026-06-08T08:03:21.0000000Z;44.345;44.4;844;2062
2026-06-08T08:03:22.0000000Z;44.34;44.375;507;514
2026-06-08T08:03:23.0000000Z;44.33;44.38;829;2062
2026-06-08T08:03:24.0000000Z;44.33;44.38;829;2062
2026-06-08T08:03:25.0000000Z;44.335;44.375;438;688
2026-06-08T08:03:27.0000000Z;44.335;44.375;438;688
2026-06-08T08:03:28.0000000Z;44.325;44.375;1299;688
2026-06-08T08:03:30.0000000Z;44.325;44.375;1299;688
2026-06-08T08:03:32.0000000Z;44.325;44.375;1299;688
2026-06-08T08:03:33.0000000Z;44.325;44.375;1299;688
2026-06-08T08:03:36.0000000Z;44.325;44.375;1299;688
2026-06-08T08:03:37.0000000Z;44.33;44.39;829;495
2026-06-08T08:03:38.0000000Z;44.335;44.385;3965;2062
2026-06-08T08:03:39.0000000Z;44.335;44.38;3965;601
2026-06-08T08:03:40.0000000Z;44.335;44.38;3965;601
2026-06-08T08:03:45.0000000Z;44.325;44.38;829;754
2026-06-08T08:03:46.0000000Z;44.325;44.38;1299;754
2026-06-08T08:03:47.0000000Z;44.325;44.38;1299;754
2026-06-08T08:03:48.0000000Z;44.325;44.38;1299;754
2026-06-08T08:03:50.0000000Z;44.335;44.38;829;754
2026-06-08T08:03:51.0000000Z;44.335;44.38;829;754
2026-06-08T08:03:55.0000000Z;44.335;44.38;829;754
2026-06-08T08:03:58.0000000Z;44.335;44.38;829;754
2026-06-08T08:03:59.0000000Z;44.335;44.38;829;754
2026-06-08T08:04:03.0000000Z;44.33;44.38;829;754
2026-06-08T08:04:06.0000000Z;44.33;44.38;1299;754
2026-06-08T08:04:10.0000000Z;44.33;44.38;1299;754
2026-06-08T08:04:11.0000000Z;44.34;44.405;701;2557
2026-06-08T08:04:16.0000000Z;44.345;44.4;4018;754
2026-06-08T08:04:17.0000000Z;44.345;44.4;4018;754
2026-06-08T08:04:18.0000000Z;44.335;44.4;829;803
2026-06-08T08:04:20.0000000Z;44.335;44.4;829;803
2026-06-08T08:04:21.0000000Z;44.335;44.4;829;803
2026-06-08T08:04:22.0000000Z;44.335;44.4;1299;803
2026-06-08T08:04:23.0000000Z;44.335;44.4;829;2062
2026-06-08T08:04:24.0000000Z;44.35;44.4;3892;2062
2026-06-08T08:04:25.0000000Z;44.345;44.4;14075;2062
2026-06-08T08:04:27.0000000Z;44.345;44.4;575;2062
2026-06-08T08:04:28.0000000Z;44.345;44.4;575;2062
2026-06-08T08:04:31.0000000Z;44.345;44.4;575;2062
2026-06-08T08:04:32.0000000Z;44.345;44.4;1299;2062
2026-06-08T08:04:33.0000000Z;44.345;44.4;1299;2062
2026-06-08T08:04:34.0000000Z;44.355;44.405;829;495
2026-06-08T08:04:35.0000000Z;44.355;44.41;829;495
2026-06-08T08:04:36.0000000Z;44.35;44.405;829;2557
2026-06-08T08:04:37.0000000Z;44.36;44.41;829;350
2026-06-08T08:04:38.0000000Z;44.365;44.41;3962;2062
2026-06-08T08:04:39.0000000Z;44.365;44.41;3962;2062
2026-06-08T08:04:40.0000000Z;44.365;44.41;3962;2062
2026-06-08T08:04:41.0000000Z;44.365;44.41;3962;2272
2026-06-08T08:04:42.0000000Z;44.37;44.405;829;1324
2026-06-08T08:04:43.0000000Z;44.37;44.405;829;197
2026-06-08T08:04:44.0000000Z;44.365;44.415;550;2062
2026-06-08T08:04:45.0000000Z;44.365;44.41;550;521
2026-06-08T08:04:46.0000000Z;44.365;44.41;550;521
2026-06-08T08:04:52.0000000Z;44.365;44.41;550;521
2026-06-08T08:04:53.0000000Z;44.365;44.41;550;521
2026-06-08T08:04:54.0000000Z;44.37;44.42;829;495
2026-06-08T08:04:55.0000000Z;44.37;44.42;829;495
2026-06-08T08:04:56.0000000Z;44.37;44.415;829;511
2026-06-08T08:04:58.0000000Z;44.37;44.415;829;511
2026-06-08T08:04:59.0000000Z;44.37;44.42;829;2062
2026-06-08T08:05:00.0000000Z;44.37;44.42;829;2062
2026-06-08T08:05:01.0000000Z;44.37;44.42;829;2062
2026-06-08T08:05:03.0000000Z;44.37;44.42;829;2062
2026-06-08T08:05:04.0000000Z;44.37;44.42;829;2062
2026-06-08T08:05:05.0000000Z;44.37;44.42;829;2062
2026-06-08T08:05:06.0000000Z;44.355;44.415;829;797
2026-06-08T08:05:08.0000000Z;44.37;44.415;506;797
2026-06-08T08:05:09.0000000Z;44.375;44.425;829;2288
2026-06-08T08:05:10.0000000Z;44.375;44.43;829;226
2026-06-08T08:05:11.0000000Z;44.385;44.43;518;226
2026-06-08T08:05:12.0000000Z;44.38;44.43;550;2288
2026-06-08T08:05:13.0000000Z;44.38;44.43;550;2288
2026-06-08T08:05:14.0000000Z;44.38;44.43;550;721
2026-06-08T08:05:16.0000000Z;44.36;44.425;1213;226
2026-06-08T08:05:17.0000000Z;44.335;44.42;1213;2062
2026-06-08T08:05:19.0000000Z;44.375;44.42;1127;2062
2026-06-08T08:05:20.0000000Z;44.36;44.42;384;2062
2026-06-08T08:05:21.0000000Z;44.37;44.42;550;2062
2026-06-08T08:05:22.0000000Z;44.38;44.42;700;13500
2026-06-08T08:05:23.0000000Z;44.38;44.435;550;226
2026-06-08T08:05:24.0000000Z;44.39;44.44;573;226
2026-06-08T08:05:25.0000000Z;44.39;44.44;573;226
2026-06-08T08:05:26.0000000Z;44.39;44.44;573;495
2026-06-08T08:05:27.0000000Z;44.39;44.435;573;226
2026-06-08T08:05:28.0000000Z;44.39;44.43;573;2240
2026-06-08T08:05:29.0000000Z;44.39;44.43;573;2240
2026-06-08T08:05:30.0000000Z;44.34;44.425;1213;2014
2026-06-08T08:05:31.0000000Z;44.38;44.425;13500;2014
2026-06-08T08:05:32.0000000Z;44.345;44.425;829;2014
2026-06-08T08:05:33.0000000Z;44.38;44.425;56;2014
2026-06-08T08:05:34.0000000Z;44.38;44.43;203;2240
2026-06-08T08:05:35.0000000Z;44.355;44.425;829;2014
2026-06-08T08:05:36.0000000Z;44.355;44.425;829;2014
2026-06-08T08:05:38.0000000Z;44.38;44.44;771;226
2026-06-08T08:05:39.0000000Z;44.36;44.42;807;675
2026-06-08T08:05:40.0000000Z;44.355;44.43;1213;803
2026-06-08T08:05:41.0000000Z;44.355;44.43;1213;803
2026-06-08T08:05:42.0000000Z;44.36;44.435;4133;2014
2026-06-08T08:05:43.0000000Z;44.355;44.445;1213;2239
2026-06-08T08:05:44.0000000Z;44.355;44.435;1213;2014
2026-06-08T08:05:45.0000000Z;44.355;44.44;1213;2240
2026-06-08T08:05:46.0000000Z;44.355;44.465;1213;225
2026-06-08T08:05:48.0000000Z;44.355;44.435;1213;803
2026-06-08T08:05:49.0000000Z;44.355;44.45;1213;225
2026-06-08T08:05:50.0000000Z;44.35;44.45;1213;225
2026-06-08T08:05:51.0000000Z;44.35;44.44;1275;226
2026-06-08T08:05:52.0000000Z;44.35;44.44;1275;2240
2026-06-08T08:05:53.0000000Z;44.37;44.475;1406;2014
2026-06-08T08:05:54.0000000Z;44.37;44.475;829;1969
2026-06-08T08:05:55.0000000Z;44.37;44.475;1876;1969
2026-06-08T08:05:56.0000000Z;44.37;44.485;1876;2439
2026-06-08T08:05:57.0000000Z;44.37;44.485;1299;2439
2026-06-08T08:05:58.0000000Z;44.37;44.475;1299;803
2026-06-08T08:06:00.0000000Z;44.37;44.485;1893;2501
2026-06-08T08:06:01.0000000Z;44.37;44.485;1893;2823
2026-06-08T08:06:02.0000000Z;44.37;44.485;1921;2439
2026-06-08T08:06:04.0000000Z;44.38;44.485;829;2439
2026-06-08T08:06:05.0000000Z;44.38;44.485;1299;1969
2026-06-08T08:06:07.0000000Z;44.38;44.485;1299;1969
2026-06-08T08:06:08.0000000Z;44.38;44.485;829;1969
2026-06-08T08:06:09.0000000Z;44.36;44.485;1481;2439
2026-06-08T08:06:10.0000000Z;44.37;44.485;859;2823
2026-06-08T08:06:11.0000000Z;44.37;44.485;859;2439
2026-06-08T08:06:12.0000000Z;44.365;44.485;859;2439
2026-06-08T08:06:16.0000000Z;44.365;44.485;859;2439
2026-06-08T08:06:17.0000000Z;44.365;44.47;859;803
2026-06-08T08:06:18.0000000Z;44.365;44.48;859;2179
2026-06-08T08:06:19.0000000Z;44.37;44.48;1299;2649
2026-06-08T08:06:20.0000000Z;44.37;44.48;1299;2179
2026-06-08T08:06:24.0000000Z;44.37;44.48;1299;2179
2026-06-08T08:06:26.0000000Z;44.37;44.48;1299;2649
2026-06-08T08:06:29.0000000Z;44.38;44.48;829;2179
2026-06-08T08:06:30.0000000Z;44.38;44.48;829;2179
2026-06-08T08:06:31.0000000Z;44.38;44.48;829;2179
2026-06-08T08:06:32.0000000Z;44.38;44.48;829;2179
2026-06-08T08:06:33.0000000Z;44.38;44.48;829;2179
2026-06-08T08:06:35.0000000Z;44.38;44.48;829;2179
2026-06-08T08:06:36.0000000Z;44.38;44.48;829;2179
2026-06-08T08:06:37.0000000Z;44.38;44.48;829;2179
2026-06-08T08:06:38.0000000Z;44.38;44.48;829;2179
2026-06-08T08:06:43.0000000Z;44.38;44.48;1299;2179
2026-06-08T08:06:50.0000000Z;44.38;44.48;829;2179
2026-06-08T08:06:58.0000000Z;44.375;44.425;470;495
2026-06-08T08:06:59.0000000Z;44.375;44.425;470;1969
2026-06-08T08:07:00.0000000Z;44.38;44.425;859;13500
2026-06-08T08:07:01.0000000Z;44.38;44.475;859;494
2026-06-08T08:07:04.0000000Z;44.38;44.465;859;803
2026-06-08T08:07:05.0000000Z;44.38;44.465;859;803
2026-06-08T08:07:06.0000000Z;44.38;44.465;859;803
2026-06-08T08:07:13.0000000Z;44.38;44.445;859;494
2026-06-08T08:07:14.0000000Z;44.38;44.445;859;494
2026-06-08T08:07:15.0000000Z;44.38;44.445;859;494
2026-06-08T08:07:17.0000000Z;44.38;44.445;859;494
2026-06-08T08:07:18.0000000Z;44.38;44.455;859;719
2026-06-08T08:07:20.0000000Z;44.38;44.445;859;494
2026-06-08T08:07:21.0000000Z;44.38;44.445;859;719
2026-06-08T08:07:22.0000000Z;44.38;44.445;859;719
2026-06-08T08:07:23.0000000Z;44.38;44.445;859;494
2026-06-08T08:07:24.0000000Z;44.375;44.445;829;719
2026-06-08T08:07:25.0000000Z;44.375;44.445;829;494
2026-06-08T08:07:26.0000000Z;44.375;44.445;829;719
2026-06-08T08:07:28.0000000Z;44.375;44.45;829;719
2026-06-08T08:07:30.0000000Z;44.375;44.445;829;803
2026-06-08T08:07:32.0000000Z;44.375;44.455;829;719
2026-06-08T08:07:33.0000000Z;44.375;44.45;829;719
2026-06-08T08:07:34.0000000Z;44.37;44.45;1213;719
2026-06-08T08:07:35.0000000Z;44.37;44.44;1213;495
2026-06-08T08:07:36.0000000Z;44.375;44.44;737;495
2026-06-08T08:07:37.0000000Z;44.375;44.445;859;719
2026-06-08T08:07:38.0000000Z;44.375;44.44;859;803
2026-06-08T08:07:39.0000000Z;44.375;44.46;859;494
2026-06-08T08:07:40.0000000Z;44.375;44.44;859;721
2026-06-08T08:07:41.0000000Z;44.375;44.44;859;721
2026-06-08T08:07:42.0000000Z;44.365;44.43;829;721
2026-06-08T08:07:43.0000000Z;44.36;44.425;1213;803
2026-06-08T08:07:44.0000000Z;44.37;44.425;829;803
2026-06-08T08:07:45.0000000Z;44.375;44.425;645;226
2026-06-08T08:07:46.0000000Z;44.36;44.42;829;752
2026-06-08T08:07:48.0000000Z;44.365;44.425;736;14296
2026-06-08T08:07:49.0000000Z;44.365;44.425;736;226
2026-06-08T08:07:50.0000000Z;44.365;44.425;859;721
2026-06-08T08:07:51.0000000Z;44.36;44.42;1213;226
2026-06-08T08:07:52.0000000Z;44.36;44.42;1213;226
2026-06-08T08:07:53.0000000Z;44.36;44.42;1213;226
2026-06-08T08:07:54.0000000Z;44.37;44.42;829;14252
2026-06-08T08:07:55.0000000Z;44.375;44.415;601;496
2026-06-08T08:07:56.0000000Z;44.375;44.445;808;609
2026-06-08T08:07:57.0000000Z;44.355;44.425;829;721
2026-06-08T08:07:58.0000000Z;44.355;44.43;1213;721
2026-06-08T08:07:59.0000000Z;44.355;44.42;1213;495
2026-06-08T08:08:00.0000000Z;44.36;44.415;844;753
2026-06-08T08:08:01.0000000Z;44.355;44.42;1213;495
2026-06-08T08:08:02.0000000Z;44.355;44.42;1213;705
2026-06-08T08:08:03.0000000Z;44.355;44.42;1213;705
2026-06-08T08:08:05.0000000Z;44.355;44.42;1213;705
2026-06-08T08:08:06.0000000Z;44.355;44.42;829;705
2026-06-08T08:08:07.0000000Z;44.355;44.42;1213;705
2026-06-08T08:08:08.0000000Z;44.365;44.425;829;721
2026-06-08T08:08:09.0000000Z;44.355;44.425;1213;721
2026-06-08T08:08:10.0000000Z;44.36;44.42;859;226
2026-06-08T08:08:11.0000000Z;44.355;44.42;1213;226
2026-06-08T08:08:12.0000000Z;44.355;44.42;1213;226
2026-06-08T08:08:13.0000000Z;44.35;44.415;1213;788
2026-06-08T08:08:14.0000000Z;44.355;44.415;743;788
2026-06-08T08:08:15.0000000Z;44.355;44.415;743;788
2026-06-08T08:08:16.0000000Z;44.35;44.42;1213;721
2026-06-08T08:08:17.0000000Z;44.35;44.415;829;226
2026-06-08T08:08:18.0000000Z;44.355;44.415;859;14253
2026-06-08T08:08:19.0000000Z;44.35;44.415;1213;14253
2026-06-08T08:08:20.0000000Z;44.35;44.45;1275;494
2026-06-08T08:08:21.0000000Z;44.35;44.435;1275;226
2026-06-08T08:08:22.0000000Z;44.35;44.415;1275;796
2026-06-08T08:08:23.0000000Z;44.35;44.42;1299;495
2026-06-08T08:08:24.0000000Z;44.36;44.44;829;495
2026-06-08T08:08:25.0000000Z;44.36;44.44;829;495
2026-06-08T08:08:26.0000000Z;44.36;44.43;829;721
2026-06-08T08:08:27.0000000Z;44.355;44.43;829;721
2026-06-08T08:08:28.0000000Z;44.355;44.42;1213;753
2026-06-08T08:08:29.0000000Z;44.355;44.425;1213;495
2026-06-08T08:08:30.0000000Z;44.36;44.425;737;495
2026-06-08T08:08:31.0000000Z;44.355;44.425;829;495
2026-06-08T08:08:32.0000000Z;44.365;44.425;829;495
2026-06-08T08:08:33.0000000Z;44.37;44.43;859;721
2026-06-08T08:08:34.0000000Z;44.37;44.425;859;721
2026-06-08T08:08:36.0000000Z;44.37;44.43;859;721
2026-06-08T08:08:38.0000000Z;44.355;44.43;829;705
2026-06-08T08:08:40.0000000Z;44.355;44.43;829;705
2026-06-08T08:08:41.0000000Z;44.36;44.43;772;705
2026-06-08T08:08:42.0000000Z;44.355;44.43;1299;705
2026-06-08T08:08:43.0000000Z;44.355;44.43;1683;705
2026-06-08T08:08:45.0000000Z;44.355;44.43;1683;705
2026-06-08T08:08:46.0000000Z;44.355;44.43;1683;705
2026-06-08T08:08:49.0000000Z;44.355;44.43;1683;931
2026-06-08T08:08:50.0000000Z;44.325;44.425;829;436
2026-06-08T08:08:51.0000000Z;44.32;44.42;1479;705
2026-06-08T08:08:52.0000000Z;44.355;44.42;376;705
2026-06-08T08:08:53.0000000Z;44.355;44.42;376;705
2026-06-08T08:08:54.0000000Z;44.35;44.42;1213;931
2026-06-08T08:08:55.0000000Z;44.35;44.42;1213;931
2026-06-08T08:08:56.0000000Z;44.33;44.42;829;931
2026-06-08T08:08:57.0000000Z;44.33;44.42;829;705
2026-06-08T08:08:58.0000000Z;44.33;44.42;829;705
2026-06-08T08:08:59.0000000Z;44.34;44.42;829;705
2026-06-08T08:09:00.0000000Z;44.325;44.42;1213;705
2026-06-08T08:09:01.0000000Z;44.35;44.42;772;705
2026-06-08T08:09:02.0000000Z;44.35;44.42;772;931
2026-06-08T08:09:03.0000000Z;44.35;44.41;772;788
2026-06-08T08:09:04.0000000Z;44.31;44.41;1213;495
2026-06-08T08:09:05.0000000Z;44.31;44.41;1213;495
2026-06-08T08:09:06.0000000Z;44.31;44.405;829;495
2026-06-08T08:09:07.0000000Z;44.31;44.4;1213;803
2026-06-08T08:09:08.0000000Z;44.31;44.4;829;803
2026-06-08T08:09:09.0000000Z;44.31;44.415;829;1969
2026-06-08T08:09:10.0000000Z;44.31;44.41;829;803
2026-06-08T08:09:11.0000000Z;44.31;44.41;829;495
2026-06-08T08:09:12.0000000Z;44.31;44.41;829;495
2026-06-08T08:09:14.0000000Z;44.31;44.41;1796;495
2026-06-08T08:09:15.0000000Z;44.32;44.41;829;495
2026-06-08T08:09:16.0000000Z;44.33;44.41;809;495
2026-06-08T08:09:17.0000000Z;44.33;44.41;1213;495
2026-06-08T08:09:19.0000000Z;44.31;44.41;1811;495
2026-06-08T08:09:20.0000000Z;44.32;44.41;859;495
2026-06-08T08:09:21.0000000Z;44.32;44.41;859;495
2026-06-08T08:09:24.0000000Z;44.33;44.41;829;495
2026-06-08T08:09:25.0000000Z;44.335;44.415;859;495
2026-06-08T08:09:26.0000000Z;44.335;44.41;859;803
2026-06-08T08:09:27.0000000Z;44.34;44.42;829;495
2026-06-08T08:09:28.0000000Z;44.34;44.42;829;721
2026-06-08T08:09:29.0000000Z;44.335;44.42;1299;721
2026-06-08T08:09:30.0000000Z;44.34;44.415;843;803
2026-06-08T08:09:31.0000000Z;44.345;44.415;829;803
2026-06-08T08:09:32.0000000Z;44.345;44.415;829;803
2026-06-08T08:09:34.0000000Z;44.345;44.415;829;803
2026-06-08T08:09:35.0000000Z;44.345;44.42;829;495
2026-06-08T08:09:40.0000000Z;44.345;44.42;1299;495
2026-06-08T08:09:41.0000000Z;44.345;44.42;1299;495
2026-06-08T08:09:42.0000000Z;44.355;44.425;829;495
2026-06-08T08:09:43.0000000Z;44.355;44.425;829;495
2026-06-08T08:09:45.0000000Z;44.355;44.425;829;495
2026-06-08T08:09:46.0000000Z;44.355;44.42;829;796
2026-06-08T08:09:49.0000000Z;44.355;44.42;829;796
2026-06-08T08:09:50.0000000Z;44.355;44.42;829;796
2026-06-08T08:09:51.0000000Z;44.355;44.42;829;796
2026-06-08T08:09:53.0000000Z;44.355;44.42;829;796
2026-06-08T08:09:54.0000000Z;44.355;44.42;829;796
2026-06-08T08:09:55.0000000Z;44.355;44.42;829;796
2026-06-08T08:09:57.0000000Z;44.355;44.42;829;796
2026-06-08T08:09:58.0000000Z;44.36;44.42;859;796
2026-06-08T08:09:59.0000000Z;44.36;44.455;859;609
2026-06-08T08:10:00.0000000Z;44.355;44.47;1213;2353
2026-06-08T08:10:01.0000000Z;44.355;44.465;1213;225
2026-06-08T08:10:02.0000000Z;44.355;44.465;1213;225
2026-06-08T08:10:03.0000000Z;44.355;44.455;1213;1969
2026-06-08T08:10:04.0000000Z;44.355;44.425;829;513
2026-06-08T08:10:05.0000000Z;44.355;44.425;1213;513
2026-06-08T08:10:06.0000000Z;44.355;44.425;829;513
2026-06-08T08:10:07.0000000Z;44.355;44.455;829;2640
2026-06-08T08:10:08.0000000Z;44.355;44.455;829;2640
2026-06-08T08:10:09.0000000Z;44.355;44.445;829;225
2026-06-08T08:10:10.0000000Z;44.35;44.425;829;803
2026-06-08T08:10:11.0000000Z;44.35;44.435;829;803
2026-06-08T08:10:12.0000000Z;44.35;44.445;829;609
2026-06-08T08:10:13.0000000Z;44.355;44.445;859;225
2026-06-08T08:10:15.0000000Z;44.35;44.445;829;225
2026-06-08T08:10:17.0000000Z;44.35;44.44;829;610
2026-06-08T08:10:18.0000000Z;44.35;44.44;829;226
2026-06-08T08:10:19.0000000Z;44.345;44.44;1299;226
2026-06-08T08:10:20.0000000Z;44.355;44.44;829;610
2026-06-08T08:10:21.0000000Z;44.355;44.43;829;226
2026-06-08T08:10:22.0000000Z;44.355;44.42;859;803
2026-06-08T08:10:23.0000000Z;44.355;44.425;14359;610
2026-06-08T08:10:24.0000000Z;44.355;44.425;14359;610
2026-06-08T08:10:25.0000000Z;44.355;44.425;859;610
2026-06-08T08:10:26.0000000Z;44.355;44.435;859;226
2026-06-08T08:10:27.0000000Z;44.345;44.415;829;226
2026-06-08T08:10:28.0000000Z;44.345;44.41;829;721
2026-06-08T08:10:29.0000000Z;44.345;44.41;829;721
2026-06-08T08:10:31.0000000Z;44.35;44.41;701;721
2026-06-08T08:10:32.0000000Z;44.35;44.405;737;4079
2026-06-08T08:10:33.0000000Z;44.345;44.41;1299;721
2026-06-08T08:10:35.0000000Z;44.35;44.415;772;226
2026-06-08T08:10:37.0000000Z;44.35;44.405;844;495
2026-06-08T08:10:38.0000000Z;44.35;44.4;844;685
2026-06-08T08:10:39.0000000Z;44.34;44.415;829;721
2026-06-08T08:10:40.0000000Z;44.34;44.415;829;721
2026-06-08T08:10:41.0000000Z;44.34;44.415;829;721
2026-06-08T08:10:43.0000000Z;44.34;44.415;829;495
2026-06-08T08:10:44.0000000Z;44.35;44.415;1299;721
2026-06-08T08:10:45.0000000Z;44.35;44.415;829;495
2026-06-08T08:10:46.0000000Z;44.355;44.415;736;495
2026-06-08T08:10:47.0000000Z;44.34;44.415;1299;705
2026-06-08T08:10:48.0000000Z;44.34;44.415;1299;705
2026-06-08T08:10:49.0000000Z;44.35;44.415;701;705
2026-06-08T08:10:52.0000000Z;44.35;44.415;701;705
2026-06-08T08:10:56.0000000Z;44.35;44.415;701;931
2026-06-08T08:10:57.0000000Z;44.34;44.415;829;931
2026-06-08T08:10:58.0000000Z;44.34;44.425;829;2464
2026-06-08T08:10:59.0000000Z;44.34;44.41;829;721
2026-06-08T08:11:00.0000000Z;44.34;44.41;829;495
2026-06-08T08:11:01.0000000Z;44.35;44.41;859;495
2026-06-08T08:11:02.0000000Z;44.35;44.41;859;495
2026-06-08T08:11:03.0000000Z;44.35;44.41;859;495
2026-06-08T08:11:04.0000000Z;44.35;44.41;859;495
2026-06-08T08:11:05.0000000Z;44.35;44.41;859;495
2026-06-08T08:11:06.0000000Z;44.35;44.41;859;495
2026-06-08T08:11:07.0000000Z;44.35;44.41;859;495
2026-06-08T08:11:08.0000000Z;44.35;44.415;859;721
2026-06-08T08:11:09.0000000Z;44.35;44.415;859;721
2026-06-08T08:11:10.0000000Z;44.35;44.415;859;495
2026-06-08T08:11:11.0000000Z;44.35;44.42;859;721
2026-06-08T08:11:13.0000000Z;44.35;44.41;859;495
2026-06-08T08:11:14.0000000Z;44.35;44.41;859;495
2026-06-08T08:11:15.0000000Z;44.35;44.41;859;495
2026-06-08T08:11:16.0000000Z;44.35;44.42;859;721
2026-06-08T08:11:18.0000000Z;44.35;44.415;859;721
2026-06-08T08:11:19.0000000Z;44.34;44.415;1299;721
2026-06-08T08:11:20.0000000Z;44.34;44.415;1299;495
2026-06-08T08:11:21.0000000Z;44.34;44.42;1299;721
2026-06-08T08:11:23.0000000Z;44.34;44.415;1299;803
2026-06-08T08:11:25.0000000Z;44.34;44.41;829;495
2026-06-08T08:11:26.0000000Z;44.34;44.41;1299;495
2026-06-08T08:11:27.0000000Z;44.345;44.41;4057;495
2026-06-08T08:11:28.0000000Z;44.34;44.415;829;721
2026-06-08T08:11:29.0000000Z;44.34;44.41;1213;436
2026-06-08T08:11:30.0000000Z;44.34;44.41;829;721
2026-06-08T08:11:31.0000000Z;44.34;44.41;829;721
2026-06-08T08:11:33.0000000Z;44.34;44.41;829;721
2026-06-08T08:11:34.0000000Z;44.34;44.415;829;721
2026-06-08T08:11:37.0000000Z;44.34;44.405;829;788
2026-06-08T08:11:39.0000000Z;44.34;44.41;829;721
2026-06-08T08:11:40.0000000Z;44.34;44.41;829;495
2026-06-08T08:11:42.0000000Z;44.34;44.41;829;495
2026-06-08T08:11:43.0000000Z;44.34;44.41;829;495
2026-06-08T08:11:44.0000000Z;44.34;44.41;829;495
2026-06-08T08:11:45.0000000Z;44.34;44.415;1299;495
2026-06-08T08:11:46.0000000Z;44.355;44.41;3320;267
2026-06-08T08:11:47.0000000Z;44.35;44.435;1299;721
2026-06-08T08:11:48.0000000Z;44.36;44.41;772;428
2026-06-08T08:11:49.0000000Z;44.41;44.435;20;495
2026-06-08T08:11:50.0000000Z;44.41;44.435;13500;495
2026-06-08T08:11:51.0000000Z;44.41;44.435;13500;495
2026-06-08T08:11:52.0000000Z;44.41;44.43;13500;600
2026-06-08T08:11:53.0000000Z;44.41;44.435;13500;495
2026-06-08T08:11:54.0000000Z;44.41;44.435;13500;721
2026-06-08T08:11:56.0000000Z;44.41;44.435;13500;721
2026-06-08T08:11:57.0000000Z;44.41;44.44;13500;721
2026-06-08T08:11:58.0000000Z;44.41;44.44;13500;721
2026-06-08T08:11:59.0000000Z;44.41;44.43;13500;14014
2026-06-08T08:12:00.0000000Z;44.41;44.43;13500;14014
2026-06-08T08:12:01.0000000Z;44.41;44.435;13500;688
2026-06-08T08:12:02.0000000Z;44.41;44.43;13500;495
2026-06-08T08:12:04.0000000Z;44.41;44.43;13500;495
2026-06-08T08:12:05.0000000Z;44.41;44.435;13500;495
2026-06-08T08:12:07.0000000Z;44.41;44.43;13500;600
2026-06-08T08:12:08.0000000Z;44.41;44.435;13500;721
2026-06-08T08:12:09.0000000Z;44.36;44.435;829;495
2026-06-08T08:12:10.0000000Z;44.36;44.435;829;495
2026-06-08T08:12:11.0000000Z;44.405;44.435;20;495
2026-06-08T08:12:12.0000000Z;44.405;44.44;20;721
2026-06-08T08:12:13.0000000Z;44.405;44.425;20;796
2026-06-08T08:12:14.0000000Z;44.405;44.43;20;495
2026-06-08T08:12:15.0000000Z;44.405;44.43;20;495
2026-06-08T08:12:16.0000000Z;44.37;44.43;701;495
2026-06-08T08:12:17.0000000Z;44.37;44.43;701;495
2026-06-08T08:12:25.0000000Z;44.37;44.43;701;495
2026-06-08T08:12:26.0000000Z;44.37;44.43;701;495
2026-06-08T08:12:27.0000000Z;44.37;44.43;701;495
2026-06-08T08:12:28.0000000Z;44.37;44.43;701;495
2026-06-08T08:12:30.0000000Z;44.36;44.43;749;495
2026-06-08T08:12:31.0000000Z;44.36;44.365;16820;13500
2026-06-08T08:12:32.0000000Z;44.36;44.43;16820;705
2026-06-08T08:12:33.0000000Z;44.365;44.425;736;796
2026-06-08T08:12:34.0000000Z;44.365;44.425;736;796
2026-06-08T08:12:35.0000000Z;44.365;44.425;736;796
2026-06-08T08:12:37.0000000Z;44.365;44.425;736;796
2026-06-08T08:12:38.0000000Z;44.365;44.425;736;796
2026-06-08T08:12:39.0000000Z;44.355;44.43;749;931
2026-06-08T08:12:40.0000000Z;44.355;44.43;749;931
2026-06-08T08:12:41.0000000Z;44.355;44.43;749;931
2026-06-08T08:12:42.0000000Z;44.355;44.43;749;705
2026-06-08T08:12:44.0000000Z;44.355;44.43;1219;705
2026-06-08T08:12:45.0000000Z;44.355;44.43;1219;705
2026-06-08T08:12:46.0000000Z;44.355;44.43;1219;931
2026-06-08T08:12:48.0000000Z;44.355;44.42;749;495
2026-06-08T08:12:50.0000000Z;44.355;44.42;749;495
2026-06-08T08:12:51.0000000Z;44.355;44.42;749;495
2026-06-08T08:12:53.0000000Z;44.355;44.42;749;495
2026-06-08T08:12:55.0000000Z;44.355;44.42;749;495
2026-06-08T08:12:57.0000000Z;44.355;44.42;749;495
2026-06-08T08:12:59.0000000Z;44.36;44.415;772;753
2026-06-08T08:12:59.0000000Z;44.36;44.42;772;495
2026-06-08T08:13:01.0000000Z;44.36;44.42;772;495
2026-06-08T08:13:03.0000000Z;44.36;44.42;772;495
2026-06-08T08:13:05.0000000Z;44.36;44.415;772;753
2026-06-08T08:13:06.0000000Z;44.36;44.42;772;495
2026-06-08T08:13:07.0000000Z;44.36;44.42;772;495
2026-06-08T08:13:08.0000000Z;44.36;44.42;772;495
2026-06-08T08:13:09.0000000Z;44.36;44.43;4095;721
2026-06-08T08:13:10.0000000Z;44.36;44.43;4095;495
2026-06-08T08:13:11.0000000Z;44.355;44.43;1219;495
2026-06-08T08:13:12.0000000Z;44.37;44.435;4060;495
2026-06-08T08:13:13.0000000Z;44.37;44.445;4060;719
2026-06-08T08:13:14.0000000Z;44.37;44.425;4060;513
2026-06-08T08:13:15.0000000Z;44.37;44.435;4060;796
2026-06-08T08:13:16.0000000Z;44.37;44.435;4060;495
2026-06-08T08:13:17.0000000Z;44.37;44.445;4060;719
2026-06-08T08:13:20.0000000Z;44.37;44.445;4060;929
2026-06-08T08:13:22.0000000Z;44.37;44.43;4060;795
2026-06-08T08:13:23.0000000Z;44.37;44.435;4060;721
2026-06-08T08:13:24.0000000Z;44.36;44.435;749;721
2026-06-08T08:13:26.0000000Z;44.36;44.435;749;721
2026-06-08T08:13:27.0000000Z;44.36;44.42;749;752
2026-06-08T08:13:28.0000000Z;44.37;44.425;843;495
2026-06-08T08:13:29.0000000Z;44.37;44.42;843;599
2026-06-08T08:13:31.0000000Z;44.37;44.43;843;721
2026-06-08T08:13:32.0000000Z;44.37;44.415;843;685
2026-06-08T08:13:33.0000000Z;44.365;44.42;807;495
2026-06-08T08:13:34.0000000Z;44.365;44.42;807;495
2026-06-08T08:13:35.0000000Z;44.365;44.425;843;803
2026-06-08T08:13:39.0000000Z;44.365;44.43;843;495
2026-06-08T08:13:40.0000000Z;44.365;44.43;843;721
2026-06-08T08:13:41.0000000Z;44.365;44.43;843;721
2026-06-08T08:13:48.0000000Z;44.355;44.43;1219;495
2026-06-08T08:13:49.0000000Z;44.35;44.43;1219;721
2026-06-08T08:13:50.0000000Z;44.34;44.43;749;721
2026-06-08T08:13:51.0000000Z;44.355;44.43;736;721
2026-06-08T08:13:53.0000000Z;44.35;44.43;1219;721
2026-06-08T08:13:54.0000000Z;44.34;44.43;749;721
2026-06-08T08:13:55.0000000Z;44.34;44.43;749;721
2026-06-08T08:13:56.0000000Z;44.35;44.43;1219;721
2026-06-08T08:13:57.0000000Z;44.35;44.43;1219;721
2026-06-08T08:14:01.0000000Z;44.36;44.43;749;721
2026-06-08T08:14:05.0000000Z;44.36;44.43;749;495
2026-06-08T08:14:06.0000000Z;44.36;44.43;1219;495
2026-06-08T08:14:07.0000000Z;44.36;44.435;1219;495
2026-06-08T08:14:08.0000000Z;44.36;44.435;1219;721
2026-06-08T08:14:09.0000000Z;44.36;44.43;1219;803
2026-06-08T08:14:10.0000000Z;44.36;44.43;1219;495
2026-06-08T08:14:11.0000000Z;44.36;44.425;1219;796
2026-06-08T08:14:12.0000000Z;44.36;44.425;1219;495
2026-06-08T08:14:13.0000000Z;44.36;44.42;1219;752
2026-06-08T08:14:15.0000000Z;44.36;44.425;1219;495
2026-06-08T08:14:17.0000000Z;44.36;44.425;1219;495
2026-06-08T08:14:18.0000000Z;44.36;44.425;1219;721
2026-06-08T08:14:19.0000000Z;44.36;44.425;749;721
2026-06-08T08:14:20.0000000Z;44.36;44.425;749;721
2026-06-08T08:14:21.0000000Z;44.36;44.425;749;495
2026-06-08T08:14:22.0000000Z;44.36;44.42;749;721
2026-06-08T08:14:23.0000000Z;44.365;44.42;736;721
2026-06-08T08:14:24.0000000Z;44.355;44.415;1219;798
2026-06-08T08:14:25.0000000Z;44.355;44.415;1219;798
2026-06-08T08:14:26.0000000Z;44.36;44.415;701;798
2026-06-08T08:14:28.0000000Z;44.355;44.415;1255;798
2026-06-08T08:14:30.0000000Z;44.355;44.415;1255;798
2026-06-08T08:14:35.0000000Z;44.355;44.42;1255;931
2026-06-08T08:14:37.0000000Z;44.355;44.42;1255;931
2026-06-08T08:14:38.0000000Z;44.355;44.42;785;931
2026-06-08T08:14:39.0000000Z;44.355;44.415;785;931
2026-06-08T08:14:40.0000000Z;44.355;44.41;785;685
2026-06-08T08:14:41.0000000Z;44.355;44.415;785;931
2026-06-08T08:14:42.0000000Z;44.355;44.415;785;931
2026-06-08T08:14:43.0000000Z;44.355;44.415;785;931
2026-06-08T08:14:44.0000000Z;44.355;44.415;785;931
2026-06-08T08:14:46.0000000Z;44.355;44.415;785;931
2026-06-08T08:14:47.0000000Z;44.355;44.41;785;721
2026-06-08T08:14:49.0000000Z;44.36;44.41;736;495
2026-06-08T08:14:51.0000000Z;44.36;44.41;807;495
2026-06-08T08:14:53.0000000Z;44.36;44.41;807;495
2026-06-08T08:14:54.0000000Z;44.36;44.41;807;721
2026-06-08T08:14:55.0000000Z;44.36;44.41;807;495
2026-06-08T08:14:56.0000000Z;44.36;44.41;807;721
2026-06-08T08:14:59.0000000Z;44.36;44.41;807;495
2026-06-08T08:14:59.0000000Z;44.36;44.41;807;495
2026-06-08T08:15:00.0000000Z;44.36;44.41;807;721
2026-06-08T08:15:03.0000000Z;44.36;44.41;807;721
2026-06-08T08:15:04.0000000Z;44.36;44.405;807;226
2026-06-08T08:15:05.0000000Z;44.36;44.41;807;495
2026-06-08T08:15:06.0000000Z;44.36;44.405;807;226
2026-06-08T08:15:08.0000000Z;44.36;44.41;844;721
2026-06-08T08:15:10.0000000Z;44.36;44.41;844;495
2026-06-08T08:15:12.0000000Z;44.36;44.41;844;495
2026-06-08T08:15:13.0000000Z;44.36;44.41;844;495
2026-06-08T08:15:15.0000000Z;44.36;44.41;844;495
2026-06-08T08:15:17.0000000Z;44.36;44.42;844;1105
2026-06-08T08:15:18.0000000Z;44.36;44.41;844;495
2026-06-08T08:15:19.0000000Z;44.36;44.41;844;705
2026-06-08T08:15:24.0000000Z;44.36;44.41;844;705
2026-06-08T08:15:25.0000000Z;44.36;44.41;844;705
2026-06-08T08:15:27.0000000Z;44.36;44.41;844;705
2026-06-08T08:15:28.0000000Z;44.36;44.41;844;705
2026-06-08T08:15:29.0000000Z;44.36;44.41;4167;705
2026-06-08T08:15:30.0000000Z;44.36;44.41;4167;705
2026-06-08T08:15:32.0000000Z;44.36;44.41;4167;705
2026-06-08T08:15:35.0000000Z;44.36;44.41;4167;705
2026-06-08T08:15:36.0000000Z;44.36;44.41;4167;705
2026-06-08T08:15:37.0000000Z;44.36;44.425;4167;721
2026-06-08T08:15:38.0000000Z;44.36;44.425;844;721
2026-06-08T08:15:39.0000000Z;44.36;44.42;844;721
2026-06-08T08:15:40.0000000Z;44.36;44.41;844;600
2026-06-08T08:15:42.0000000Z;44.36;44.415;844;721
2026-06-08T08:15:43.0000000Z;44.36;44.41;844;686
2026-06-08T08:15:45.0000000Z;44.36;44.405;844;583
2026-06-08T08:15:46.0000000Z;44.36;44.415;859;721
2026-06-08T08:15:48.0000000Z;44.36;44.41;859;226
2026-06-08T08:15:49.0000000Z;44.36;44.41;859;226
2026-06-08T08:15:52.0000000Z;44.36;44.415;859;721
2026-06-08T08:15:53.0000000Z;44.36;44.415;859;721
2026-06-08T08:15:54.0000000Z;44.36;44.415;4182;721
2026-06-08T08:15:55.0000000Z;44.36;44.445;859;494
2026-06-08T08:15:56.0000000Z;44.36;44.415;859;495
2026-06-08T08:15:57.0000000Z;44.36;44.42;859;721
2026-06-08T08:15:58.0000000Z;44.36;44.415;859;753
2026-06-08T08:15:59.0000000Z;44.36;44.415;859;495
2026-06-08T08:16:01.0000000Z;44.36;44.415;859;495
2026-06-08T08:16:03.0000000Z;44.36;44.415;859;495
2026-06-08T08:16:05.0000000Z;44.36;44.415;859;495
2026-06-08T08:16:06.0000000Z;44.36;44.415;859;495
2026-06-08T08:16:07.0000000Z;44.36;44.415;859;495
2026-06-08T08:16:08.0000000Z;44.36;44.42;859;495
2026-06-08T08:16:09.0000000Z;44.36;44.42;859;495
2026-06-08T08:16:10.0000000Z;44.36;44.42;859;721
2026-06-08T08:16:15.0000000Z;44.36;44.42;859;721
2026-06-08T08:16:16.0000000Z;44.36;44.42;859;721
2026-06-08T08:16:17.0000000Z;44.36;44.42;859;721
2026-06-08T08:16:22.0000000Z;44.36;44.41;859;686
2026-06-08T08:16:23.0000000Z;44.36;44.415;859;721
2026-06-08T08:16:24.0000000Z;44.36;44.415;859;495
2026-06-08T08:16:25.0000000Z;44.36;44.415;859;721
2026-06-08T08:16:26.0000000Z;44.36;44.425;4182;721
2026-06-08T08:16:27.0000000Z;44.36;44.425;4182;721
2026-06-08T08:16:28.0000000Z;44.36;44.42;4182;797
2026-06-08T08:16:31.0000000Z;44.36;44.42;4182;797
2026-06-08T08:16:32.0000000Z;44.36;44.42;4182;797
2026-06-08T08:16:34.0000000Z;44.36;44.425;4182;495
2026-06-08T08:16:35.0000000Z;44.36;44.425;4182;495
2026-06-08T08:16:39.0000000Z;44.36;44.425;4182;721
2026-06-08T08:16:40.0000000Z;44.36;44.425;4182;721
2026-06-08T08:16:41.0000000Z;44.36;44.415;4182;495
2026-06-08T08:16:42.0000000Z;44.36;44.415;859;721
2026-06-08T08:16:43.0000000Z;44.36;44.42;859;721
2026-06-08T08:16:46.0000000Z;44.36;44.415;859;753
2026-06-08T08:16:50.0000000Z;44.36;44.415;859;753
2026-06-08T08:16:55.0000000Z;44.36;44.435;859;495
2026-06-08T08:16:56.0000000Z;44.36;44.415;859;721
2026-06-08T08:16:57.0000000Z;44.36;44.41;859;495
2026-06-08T08:16:58.0000000Z;44.36;44.41;859;495
2026-06-08T08:16:59.0000000Z;44.36;44.41;859;495
2026-06-08T08:16:59.0000000Z;44.36;44.41;859;495
2026-06-08T08:17:00.0000000Z;44.36;44.42;859;721
2026-06-08T08:17:01.0000000Z;44.36;44.415;859;753
2026-06-08T08:17:02.0000000Z;44.36;44.415;859;721
2026-06-08T08:17:03.0000000Z;44.36;44.42;859;721
2026-06-08T08:17:04.0000000Z;44.36;44.415;859;495
2026-06-08T08:17:06.0000000Z;44.36;44.415;859;721
2026-06-08T08:17:07.0000000Z;44.36;44.415;859;721
2026-06-08T08:17:09.0000000Z;44.36;44.42;859;721
2026-06-08T08:17:10.0000000Z;44.36;44.415;859;495
2026-06-08T08:17:11.0000000Z;44.36;44.415;859;705
2026-06-08T08:17:12.0000000Z;44.36;44.415;859;705
2026-06-08T08:17:14.0000000Z;44.36;44.415;859;705
2026-06-08T08:17:26.0000000Z;44.36;44.415;859;705
2026-06-08T08:17:30.0000000Z;44.36;44.415;859;705
2026-06-08T08:17:41.0000000Z;44.36;44.415;859;705
2026-06-08T08:17:42.0000000Z;44.36;44.415;859;931
2026-06-08T08:17:43.0000000Z;44.36;44.415;859;705
2026-06-08T08:17:48.0000000Z;44.36;44.415;859;931
2026-06-08T08:17:49.0000000Z;44.36;44.415;859;931
2026-06-08T08:17:50.0000000Z;44.36;44.415;859;705
2026-06-08T08:17:51.0000000Z;44.36;44.415;859;705
2026-06-08T08:17:52.0000000Z;44.36;44.415;4182;705
2026-06-08T08:17:56.0000000Z;44.355;44.415;1255;705
2026-06-08T08:17:58.0000000Z;44.355;44.415;1255;705
2026-06-08T08:18:00.0000000Z;44.355;44.415;1255;705
2026-06-08T08:18:01.0000000Z;44.365;44.415;785;705
2026-06-08T08:18:02.0000000Z;44.365;44.415;785;705
2026-06-08T08:18:03.0000000Z;44.365;44.415;785;705
2026-06-08T08:18:04.0000000Z;44.365;44.415;785;705
2026-06-08T08:18:05.0000000Z;44.365;44.415;785;705
2026-06-08T08:18:06.0000000Z;44.365;44.415;785;705
2026-06-08T08:18:11.0000000Z;44.365;44.415;785;705
2026-06-08T08:18:12.0000000Z;44.365;44.415;785;705
2026-06-08T08:18:13.0000000Z;44.365;44.415;785;705
2026-06-08T08:18:14.0000000Z;44.365;44.415;785;705
2026-06-08T08:18:16.0000000Z;44.37;44.415;3829;705
2026-06-08T08:18:17.0000000Z;44.365;44.415;1255;705
2026-06-08T08:18:19.0000000Z;44.365;44.415;1255;705
2026-06-08T08:18:24.0000000Z;44.37;44.415;1219;705
2026-06-08T08:18:26.0000000Z;44.37;44.415;749;705
2026-06-08T08:18:27.0000000Z;44.37;44.415;1219;705
2026-06-08T08:18:28.0000000Z;44.37;44.415;1219;705
2026-06-08T08:18:32.0000000Z;44.37;44.415;1219;705
2026-06-08T08:18:44.0000000Z;44.37;44.415;1219;13500
2026-06-08T08:18:45.0000000Z;44.37;44.44;1219;495
2026-06-08T08:18:46.0000000Z;44.37;44.44;1219;721
2026-06-08T08:18:47.0000000Z;44.375;44.44;736;721
2026-06-08T08:18:48.0000000Z;44.375;44.435;736;495
2026-06-08T08:18:49.0000000Z;44.375;44.43;736;495
2026-06-08T08:18:50.0000000Z;44.385;44.42;576;1393
2026-06-08T08:18:51.0000000Z;44.385;44.44;772;495
2026-06-08T08:18:52.0000000Z;44.385;44.42;772;1323
2026-06-08T08:18:54.0000000Z;44.38;44.45;785;719
2026-06-08T08:18:56.0000000Z;44.38;44.44;785;685
2026-06-08T08:18:57.0000000Z;44.38;44.44;1255;685
2026-06-08T08:18:58.0000000Z;44.38;44.44;1255;685
2026-06-08T08:18:59.0000000Z;44.39;44.44;749;685
2026-06-08T08:19:01.0000000Z;44.395;44.45;807;494
2026-06-08T08:19:02.0000000Z;44.395;44.45;807;719
2026-06-08T08:19:03.0000000Z;44.385;44.45;1219;494
2026-06-08T08:19:04.0000000Z;44.39;44.45;701;494
2026-06-08T08:19:05.0000000Z;44.385;44.45;749;719
2026-06-08T08:19:06.0000000Z;44.39;44.445;771;753
2026-06-08T08:19:10.0000000Z;44.385;44.44;749;495
2026-06-08T08:19:11.0000000Z;44.385;44.44;749;495
2026-06-08T08:19:12.0000000Z;44.385;44.44;749;721
2026-06-08T08:19:14.0000000Z;44.385;44.44;749;705
2026-06-08T08:19:16.0000000Z;44.385;44.44;749;705
2026-06-08T08:19:17.0000000Z;44.385;44.44;749;705
2026-06-08T08:19:19.0000000Z;44.385;44.44;749;705
2026-06-08T08:19:25.0000000Z;44.38;44.435;785;746
2026-06-08T08:19:26.0000000Z;44.38;44.435;785;746
2026-06-08T08:19:28.0000000Z;44.38;44.435;785;746
2026-06-08T08:19:31.0000000Z;44.38;44.435;785;782
2026-06-08T08:19:33.0000000Z;44.38;44.435;785;782
2026-06-08T08:19:34.0000000Z;44.38;44.435;785;782
2026-06-08T08:19:41.0000000Z;44.38;44.435;785;782
2026-06-08T08:19:49.0000000Z;44.38;44.435;785;782
2026-06-08T08:19:53.0000000Z;44.38;44.435;785;782
2026-06-08T08:20:00.0000000Z;44.38;44.44;785;931
2026-06-08T08:20:01.0000000Z;44.385;44.44;645;931
2026-06-08T08:20:02.0000000Z;44.385;44.435;645;226
2026-06-08T08:20:03.0000000Z;44.385;44.43;700;495
2026-06-08T08:20:05.0000000Z;44.385;44.43;700;495
2026-06-08T08:20:06.0000000Z;44.385;44.44;859;721
2026-06-08T08:20:08.0000000Z;44.385;44.435;859;685
2026-06-08T08:20:16.0000000Z;44.385;44.43;859;495
2026-06-08T08:20:17.0000000Z;44.385;44.44;859;721
2026-06-08T08:20:18.0000000Z;44.385;44.435;859;721
2026-06-08T08:20:20.0000000Z;44.385;44.43;859;570
2026-06-08T08:20:21.0000000Z;44.385;44.43;859;495
2026-06-08T08:20:22.0000000Z;44.385;44.43;859;721
2026-06-08T08:20:23.0000000Z;44.385;44.43;859;495
2026-06-08T08:20:24.0000000Z;44.385;44.43;859;721
2026-06-08T08:20:27.0000000Z;44.38;44.425;785;226
2026-06-08T08:20:28.0000000Z;44.39;44.425;387;226
2026-06-08T08:20:29.0000000Z;44.38;44.42;36;721
2026-06-08T08:20:30.0000000Z;44.385;44.415;13779;483
2026-06-08T08:20:31.0000000Z;44.385;44.425;13779;226
2026-06-08T08:20:32.0000000Z;44.385;44.425;348;226
2026-06-08T08:20:35.0000000Z;44.385;44.42;598;226
2026-06-08T08:20:36.0000000Z;44.385;44.42;598;226
2026-06-08T08:20:39.0000000Z;44.385;44.42;598;226
2026-06-08T08:20:41.0000000Z;44.385;44.42;598;226
2026-06-08T08:20:42.0000000Z;44.385;44.425;598;495
2026-06-08T08:20:43.0000000Z;44.385;44.425;712;721
2026-06-08T08:20:44.0000000Z;44.385;44.42;712;514
2026-06-08T08:20:46.0000000Z;44.385;44.42;748;495
2026-06-08T08:20:47.0000000Z;44.385;44.415;748;483
2026-06-08T08:20:48.0000000Z;44.385;44.42;748;495
2026-06-08T08:20:49.0000000Z;44.385;44.42;748;495
2026-06-08T08:20:50.0000000Z;44.385;44.42;748;495
2026-06-08T08:20:52.0000000Z;44.385;44.415;748;244
2026-06-08T08:20:53.0000000Z;44.385;44.425;748;721
2026-06-08T08:20:54.0000000Z;44.385;44.42;748;524
2026-06-08T08:20:56.0000000Z;44.385;44.42;748;721
2026-06-08T08:20:57.0000000Z;44.385;44.42;748;721
2026-06-08T08:20:59.0000000Z;44.385;44.425;748;721
2026-06-08T08:21:00.0000000Z;44.385;44.42;748;226
2026-06-08T08:21:01.0000000Z;44.385;44.42;748;495
2026-06-08T08:21:03.0000000Z;44.385;44.425;748;721
2026-06-08T08:21:05.0000000Z;44.385;44.42;748;571
2026-06-08T08:21:08.0000000Z;44.385;44.42;748;571
2026-06-08T08:21:10.0000000Z;44.385;44.425;748;495
2026-06-08T08:21:11.0000000Z;44.385;44.425;748;495
2026-06-08T08:21:12.0000000Z;44.385;44.425;748;721
2026-06-08T08:21:15.0000000Z;44.385;44.425;748;495
2026-06-08T08:21:16.0000000Z;44.385;44.425;748;721
2026-06-08T08:21:17.0000000Z;44.385;44.425;748;495
2026-06-08T08:21:18.0000000Z;44.385;44.425;748;721
2026-06-08T08:21:19.0000000Z;44.385;44.425;748;721
2026-06-08T08:21:20.0000000Z;44.385;44.42;748;721
2026-06-08T08:21:21.0000000Z;44.385;44.42;748;721
2026-06-08T08:21:22.0000000Z;44.385;44.41;748;400
2026-06-08T08:21:23.0000000Z;44.385;44.415;748;721
2026-06-08T08:21:24.0000000Z;44.38;44.41;13500;731
2026-06-08T08:21:25.0000000Z;44.38;44.41;13500;505
2026-06-08T08:21:26.0000000Z;44.38;44.41;13500;505
2026-06-08T08:21:27.0000000Z;44.38;44.41;13500;505
2026-06-08T08:21:28.0000000Z;44.385;44.41;56;505
2026-06-08T08:21:32.0000000Z;44.385;44.41;56;505
2026-06-08T08:21:33.0000000Z;44.385;44.41;56;505
2026-06-08T08:21:34.0000000Z;44.385;44.41;56;505
2026-06-08T08:21:35.0000000Z;44.385;44.41;56;505
2026-06-08T08:21:36.0000000Z;44.385;44.41;56;505
2026-06-08T08:21:37.0000000Z;44.385;44.41;56;505
2026-06-08T08:21:38.0000000Z;44.385;44.41;56;505
2026-06-08T08:21:40.0000000Z;44.385;44.41;56;505
2026-06-08T08:21:42.0000000Z;44.385;44.41;56;505
2026-06-08T08:21:44.0000000Z;44.385;44.41;56;505
2026-06-08T08:21:46.0000000Z;44.385;44.41;56;505
2026-06-08T08:21:48.0000000Z;44.385;44.42;232;721
2026-06-08T08:21:49.0000000Z;44.385;44.42;232;721
2026-06-08T08:21:50.0000000Z;44.385;44.42;255;495
2026-06-08T08:21:51.0000000Z;44.385;44.42;255;495
2026-06-08T08:21:52.0000000Z;44.385;44.42;255;495
2026-06-08T08:21:53.0000000Z;44.385;44.41;359;302
2026-06-08T08:21:54.0000000Z;44.385;44.425;378;721
2026-06-08T08:21:55.0000000Z;44.385;44.42;378;644
2026-06-08T08:21:56.0000000Z;44.385;44.425;404;721
2026-06-08T08:21:58.0000000Z;44.385;44.42;404;3967
2026-06-08T08:21:59.0000000Z;44.385;44.415;231;647
2026-06-08T08:21:59.0000000Z;44.385;44.415;231;647
2026-06-08T08:22:00.0000000Z;44.385;44.415;231;647
2026-06-08T08:22:03.0000000Z;44.385;44.415;231;3970
2026-06-08T08:22:04.0000000Z;44.385;44.42;472;721
2026-06-08T08:22:06.0000000Z;44.34;44.42;1219;721
2026-06-08T08:22:07.0000000Z;44.34;44.415;1219;4119
2026-06-08T08:22:09.0000000Z;44.34;44.41;749;495
2026-06-08T08:22:10.0000000Z;44.34;44.41;749;721
2026-06-08T08:22:12.0000000Z;44.34;44.4;749;745
2026-06-08T08:22:13.0000000Z;44.34;44.41;749;495
2026-06-08T08:22:14.0000000Z;44.34;44.41;749;721
2026-06-08T08:22:15.0000000Z;44.345;44.405;808;14297
2026-06-08T08:22:17.0000000Z;44.345;44.405;808;797
2026-06-08T08:22:18.0000000Z;44.345;44.41;808;731
2026-06-08T08:22:22.0000000Z;44.34;44.405;749;495
2026-06-08T08:22:23.0000000Z;44.34;44.4;1219;753
2026-06-08T08:22:24.0000000Z;44.345;44.405;843;495
2026-06-08T08:22:25.0000000Z;44.345;44.41;843;721
2026-06-08T08:22:27.0000000Z;44.345;44.415;859;721
2026-06-08T08:22:28.0000000Z;44.34;44.415;1219;721
2026-06-08T08:22:29.0000000Z;44.34;44.41;1219;803
2026-06-08T08:22:30.0000000Z;44.34;44.41;1219;803
2026-06-08T08:22:31.0000000Z;44.34;44.41;1219;803
2026-06-08T08:22:32.0000000Z;44.34;44.41;749;803
2026-06-08T08:22:33.0000000Z;44.34;44.41;1219;803
2026-06-08T08:22:35.0000000Z;44.34;44.42;1219;721
2026-06-08T08:22:36.0000000Z;44.34;44.41;1219;797
2026-06-08T08:22:37.0000000Z;44.335;44.41;749;797
2026-06-08T08:22:39.0000000Z;44.335;44.415;749;803
2026-06-08T08:22:40.0000000Z;44.335;44.415;749;803
2026-06-08T08:22:41.0000000Z;44.335;44.415;749;803
2026-06-08T08:22:43.0000000Z;44.335;44.415;749;803
2026-06-08T08:22:45.0000000Z;44.335;44.42;749;721
2026-06-08T08:22:46.0000000Z;44.34;44.42;843;721
2026-06-08T08:22:47.0000000Z;44.345;44.42;749;721
2026-06-08T08:22:48.0000000Z;44.345;44.41;749;796
2026-06-08T08:22:49.0000000Z;44.325;44.4;749;803
2026-06-08T08:22:50.0000000Z;44.325;44.405;749;721
2026-06-08T08:22:51.0000000Z;44.335;44.405;737;495
2026-06-08T08:22:52.0000000Z;44.335;44.415;859;226
2026-06-08T08:22:53.0000000Z;44.335;44.4;859;789
2026-06-08T08:22:54.0000000Z;44.335;44.405;859;226
2026-06-08T08:22:58.0000000Z;44.335;44.4;859;4126
2026-06-08T08:22:59.0000000Z;44.33;44.4;815;4126
2026-06-08T08:23:00.0000000Z;44.33;44.4;4138;4126
2026-06-08T08:23:01.0000000Z;44.33;44.395;815;226
2026-06-08T08:23:02.0000000Z;44.33;44.395;815;226
2026-06-08T08:23:03.0000000Z;44.33;44.39;815;4112
2026-06-08T08:23:04.0000000Z;44.315;44.41;749;226
2026-06-08T08:23:05.0000000Z;44.315;44.39;749;226
2026-06-08T08:23:06.0000000Z;44.315;44.39;749;721
2026-06-08T08:23:07.0000000Z;44.325;44.39;702;721
2026-06-08T08:23:09.0000000Z;44.315;44.39;1219;721
2026-06-08T08:23:10.0000000Z;44.315;44.39;1219;721
2026-06-08T08:23:11.0000000Z;44.325;44.395;776;226
2026-06-08T08:23:13.0000000Z;44.325;44.395;776;226
2026-06-08T08:23:16.0000000Z;44.325;44.395;776;721
2026-06-08T08:23:17.0000000Z;44.325;44.395;808;226
2026-06-08T08:23:19.0000000Z;44.325;44.39;808;495
2026-06-08T08:23:20.0000000Z;44.325;44.395;859;721
2026-06-08T08:23:23.0000000Z;44.325;44.4;859;721
2026-06-08T08:23:24.0000000Z;44.325;44.395;859;495
2026-06-08T08:23:25.0000000Z;44.325;44.395;859;721
2026-06-08T08:23:26.0000000Z;44.33;44.395;4060;721
2026-06-08T08:23:27.0000000Z;44.325;44.395;1219;495
2026-06-08T08:23:28.0000000Z;44.325;44.395;1219;495
2026-06-08T08:23:29.0000000Z;44.325;44.395;1219;721
2026-06-08T08:23:30.0000000Z;44.325;44.395;1219;721
2026-06-08T08:23:31.0000000Z;44.325;44.395;1219;721
2026-06-08T08:23:35.0000000Z;44.335;44.4;749;721
2026-06-08T08:23:36.0000000Z;44.33;44.4;749;721
2026-06-08T08:23:37.0000000Z;44.335;44.395;14237;797
2026-06-08T08:23:38.0000000Z;44.335;44.4;14237;721
2026-06-08T08:23:39.0000000Z;44.335;44.4;737;721
2026-06-08T08:23:42.0000000Z;44.335;44.39;737;746
2026-06-08T08:23:43.0000000Z;44.335;44.395;809;796
2026-06-08T08:23:44.0000000Z;44.335;44.395;809;796
2026-06-08T08:23:46.0000000Z;44.335;44.395;809;796
2026-06-08T08:23:47.0000000Z;44.33;44.4;1219;495
2026-06-08T08:23:48.0000000Z;44.33;44.4;1219;721
2026-06-08T08:23:49.0000000Z;44.33;44.4;1219;495
2026-06-08T08:23:50.0000000Z;44.33;44.4;1219;495
2026-06-08T08:23:57.0000000Z;44.33;44.4;1219;721
2026-06-08T08:23:58.0000000Z;44.33;44.4;1219;495
2026-06-08T08:24:02.0000000Z;44.345;44.4;647;495
2026-06-08T08:24:03.0000000Z;44.34;44.405;749;495
2026-06-08T08:24:05.0000000Z;44.34;44.405;749;495
2026-06-08T08:24:06.0000000Z;44.345;44.405;859;495
2026-06-08T08:24:07.0000000Z;44.345;44.41;859;721
2026-06-08T08:24:08.0000000Z;44.345;44.415;859;721
2026-06-08T08:24:09.0000000Z;44.345;44.405;859;495
2026-06-08T08:24:10.0000000Z;44.345;44.41;859;495
2026-06-08T08:24:11.0000000Z;44.345;44.405;4182;14296
2026-06-08T08:24:12.0000000Z;44.34;44.425;1219;495
2026-06-08T08:24:13.0000000Z;44.34;44.405;1219;796
2026-06-08T08:24:14.0000000Z;44.34;44.415;1219;721
2026-06-08T08:24:16.0000000Z;44.34;44.415;1219;495
2026-06-08T08:24:17.0000000Z;44.34;44.41;1219;803
2026-06-08T08:24:18.0000000Z;44.34;44.415;1219;721
2026-06-08T08:24:19.0000000Z;44.34;44.415;1219;721
2026-06-08T08:24:21.0000000Z;44.34;44.415;1219;495
2026-06-08T08:24:23.0000000Z;44.34;44.42;1219;721
2026-06-08T08:24:24.0000000Z;44.35;44.42;749;721
2026-06-08T08:24:25.0000000Z;44.355;44.415;808;495
2026-06-08T08:24:26.0000000Z;44.355;44.41;808;753
2026-06-08T08:24:27.0000000Z;44.355;44.415;808;495
2026-06-08T08:24:28.0000000Z;44.345;44.41;749;796
2026-06-08T08:24:29.0000000Z;44.345;44.42;1219;495
2026-06-08T08:24:31.0000000Z;44.345;44.415;1219;803
2026-06-08T08:24:32.0000000Z;44.35;44.415;773;803
2026-06-08T08:24:33.0000000Z;44.345;44.415;749;226
2026-06-08T08:24:34.0000000Z;44.345;44.41;749;495
2026-06-08T08:24:35.0000000Z;44.345;44.41;749;495
2026-06-08T08:24:37.0000000Z;44.345;44.41;749;495
2026-06-08T08:24:39.0000000Z;44.345;44.41;749;495
2026-06-08T08:24:40.0000000Z;44.345;44.41;749;495
2026-06-08T08:24:41.0000000Z;44.345;44.41;749;495
2026-06-08T08:24:42.0000000Z;44.345;44.41;749;721
2026-06-08T08:24:44.0000000Z;44.345;44.41;749;495
2026-06-08T08:24:45.0000000Z;44.345;44.41;749;721
2026-06-08T08:24:46.0000000Z;44.34;44.41;749;721
2026-06-08T08:24:47.0000000Z;44.345;44.41;737;721
2026-06-08T08:24:51.0000000Z;44.345;44.4;737;745
2026-06-08T08:24:52.0000000Z;44.345;44.4;737;745
2026-06-08T08:24:53.0000000Z;44.345;44.405;809;14297
2026-06-08T08:24:54.0000000Z;44.345;44.4;809;745
2026-06-08T08:24:55.0000000Z;44.345;44.41;809;721
2026-06-08T08:24:57.0000000Z;44.345;44.405;809;797
2026-06-08T08:24:59.0000000Z;44.345;44.4;809;745
2026-06-08T08:25:01.0000000Z;44.34;44.405;1219;226
2026-06-08T08:25:02.0000000Z;44.34;44.4;749;789
2026-06-08T08:25:03.0000000Z;44.34;44.4;749;789
2026-06-08T08:25:04.0000000Z;44.34;44.41;1219;495
2026-06-08T08:25:05.0000000Z;44.34;44.405;1219;796
2026-06-08T08:25:06.0000000Z;44.34;44.41;1219;495
2026-06-08T08:25:07.0000000Z;44.34;44.41;1219;505
2026-06-08T08:25:08.0000000Z;44.34;44.41;1219;505
2026-06-08T08:25:09.0000000Z;44.34;44.41;1219;505
2026-06-08T08:25:10.0000000Z;44.34;44.41;1219;505
2026-06-08T08:25:11.0000000Z;44.34;44.41;1219;505
2026-06-08T08:25:12.0000000Z;44.34;44.41;1219;505
2026-06-08T08:25:14.0000000Z;44.345;44.41;4132;505
2026-06-08T08:25:18.0000000Z;44.345;44.41;749;505
2026-06-08T08:25:19.0000000Z;44.35;44.41;702;505
2026-06-08T08:25:20.0000000Z;44.345;44.41;1219;505
2026-06-08T08:25:24.0000000Z;44.35;44.42;769;721
2026-06-08T08:25:25.0000000Z;44.35;44.415;769;803
2026-06-08T08:25:26.0000000Z;44.345;44.415;740;803
2026-06-08T08:25:28.0000000Z;44.345;44.41;740;495
2026-06-08T08:25:30.0000000Z;44.345;44.41;740;495
2026-06-08T08:25:32.0000000Z;44.345;44.41;740;495
2026-06-08T08:25:33.0000000Z;44.345;44.41;740;495
2026-06-08T08:25:34.0000000Z;44.345;44.41;740;495
2026-06-08T08:25:35.0000000Z;44.345;44.41;740;495
2026-06-08T08:25:36.0000000Z;44.345;44.41;740;495
2026-06-08T08:25:37.0000000Z;44.345;44.41;740;495
2026-06-08T08:25:38.0000000Z;44.345;44.41;740;721
2026-06-08T08:25:39.0000000Z;44.345;44.41;740;495
2026-06-08T08:25:40.0000000Z;44.345;44.41;740;721
2026-06-08T08:25:41.0000000Z;44.345;44.41;740;495
2026-06-08T08:25:42.0000000Z;44.345;44.41;740;721
2026-06-08T08:25:43.0000000Z;44.34;44.405;740;495
2026-06-08T08:25:44.0000000Z;44.345;44.405;740;495
2026-06-08T08:25:45.0000000Z;44.345;44.405;740;495
2026-06-08T08:25:46.0000000Z;44.345;44.41;740;721
2026-06-08T08:25:47.0000000Z;44.345;44.405;740;797
2026-06-08T08:25:51.0000000Z;44.345;44.41;740;495
2026-06-08T08:25:52.0000000Z;44.34;44.42;1210;721
2026-06-08T08:25:54.0000000Z;44.34;44.42;1210;721
2026-06-08T08:25:55.0000000Z;44.34;44.41;1210;797
2026-06-08T08:26:00.0000000Z;44.34;44.415;1210;803
2026-06-08T08:26:03.0000000Z;44.34;44.415;1210;803
2026-06-08T08:26:07.0000000Z;44.35;44.415;740;803
2026-06-08T08:26:08.0000000Z;44.35;44.42;740;495
2026-06-08T08:26:09.0000000Z;44.35;44.42;740;495
2026-06-08T08:26:10.0000000Z;44.35;44.42;740;721
2026-06-08T08:26:14.0000000Z;44.35;44.42;740;495
2026-06-08T08:26:15.0000000Z;44.35;44.42;740;495
2026-06-08T08:26:16.0000000Z;44.35;44.42;740;721
2026-06-08T08:26:21.0000000Z;44.35;44.415;740;721
2026-06-08T08:26:22.0000000Z;44.345;44.41;740;721
2026-06-08T08:26:23.0000000Z;44.345;44.41;740;495
2026-06-08T08:26:24.0000000Z;44.345;44.41;740;495
2026-06-08T08:26:25.0000000Z;44.345;44.41;740;495
2026-06-08T08:26:26.0000000Z;44.345;44.41;740;495
2026-06-08T08:26:27.0000000Z;44.345;44.41;740;495
2026-06-08T08:26:28.0000000Z;44.345;44.41;740;495
2026-06-08T08:26:29.0000000Z;44.345;44.415;740;495
2026-06-08T08:26:30.0000000Z;44.345;44.415;740;721
2026-06-08T08:26:31.0000000Z;44.345;44.415;740;721
2026-06-08T08:26:32.0000000Z;44.345;44.42;740;721
2026-06-08T08:26:33.0000000Z;44.345;44.42;740;721
2026-06-08T08:26:34.0000000Z;44.345;44.42;740;721
2026-06-08T08:26:37.0000000Z;44.345;44.41;740;495
2026-06-08T08:26:38.0000000Z;44.345;44.41;1210;754
2026-06-08T08:26:39.0000000Z;44.345;44.41;740;495
2026-06-08T08:26:40.0000000Z;44.345;44.41;740;495
2026-06-08T08:26:41.0000000Z;44.345;44.41;740;495
2026-06-08T08:26:43.0000000Z;44.345;44.41;1210;495
2026-06-08T08:26:45.0000000Z;44.345;44.41;1210;495
2026-06-08T08:26:46.0000000Z;44.35;44.41;4025;495
2026-06-08T08:26:47.0000000Z;44.35;44.41;4025;495
2026-06-08T08:26:49.0000000Z;44.35;44.41;4025;495
2026-06-08T08:26:50.0000000Z;44.345;44.41;1210;495
2026-06-08T08:26:51.0000000Z;44.345;44.41;1210;495
2026-06-08T08:26:53.0000000Z;44.345;44.41;1210;495
2026-06-08T08:26:54.0000000Z;44.345;44.41;1210;495
2026-06-08T08:26:55.0000000Z;44.345;44.41;740;721
2026-06-08T08:26:56.0000000Z;44.345;44.41;740;721
2026-06-08T08:26:57.0000000Z;44.35;44.41;773;495
2026-06-08T08:26:58.0000000Z;44.35;44.41;773;721
2026-06-08T08:26:59.0000000Z;44.35;44.41;773;495
2026-06-08T08:26:59.0000000Z;44.35;44.41;773;721
2026-06-08T08:27:00.0000000Z;44.345;44.42;1210;721
2026-06-08T08:27:02.0000000Z;44.345;44.415;1210;721
2026-06-08T08:27:03.0000000Z;44.345;44.415;1210;495
2026-06-08T08:27:04.0000000Z;44.345;44.42;1210;721
2026-06-08T08:27:05.0000000Z;44.345;44.415;1210;803
2026-06-08T08:27:07.0000000Z;44.355;44.415;740;803
2026-06-08T08:27:12.0000000Z;44.35;44.415;740;803
2026-06-08T08:27:13.0000000Z;44.35;44.41;740;495
2026-06-08T08:27:14.0000000Z;44.355;44.41;647;495
2026-06-08T08:27:15.0000000Z;44.355;44.415;772;495
2026-06-08T08:27:16.0000000Z;44.355;44.41;772;14253
2026-06-08T08:27:17.0000000Z;44.355;44.415;859;721
2026-06-08T08:27:18.0000000Z;44.355;44.42;859;721
2026-06-08T08:27:20.0000000Z;44.345;44.41;740;721
2026-06-08T08:27:21.0000000Z;44.335;44.405;740;226
2026-06-08T08:27:22.0000000Z;44.35;44.405;520;226
2026-06-08T08:27:24.0000000Z;44.345;44.41;859;721
2026-06-08T08:27:25.0000000Z;44.335;44.41;1210;721
2026-06-08T08:27:26.0000000Z;44.335;44.41;1210;495
2026-06-08T08:27:28.0000000Z;44.335;44.41;1210;495
2026-06-08T08:27:29.0000000Z;44.335;44.41;1210;721
2026-06-08T08:27:30.0000000Z;44.335;44.41;1210;495
2026-06-08T08:27:31.0000000Z;44.335;44.41;1210;721
2026-06-08T08:27:32.0000000Z;44.335;44.41;1210;495
2026-06-08T08:27:33.0000000Z;44.335;44.41;1210;495
2026-06-08T08:27:34.0000000Z;44.335;44.41;1210;495
2026-06-08T08:27:36.0000000Z;44.335;44.41;1210;495
2026-06-08T08:27:38.0000000Z;44.335;44.41;1210;495
2026-06-08T08:27:40.0000000Z;44.345;44.42;740;721
2026-06-08T08:27:41.0000000Z;44.345;44.41;740;495
2026-06-08T08:27:42.0000000Z;44.35;44.42;859;721
2026-06-08T08:27:44.0000000Z;44.35;44.415;859;803
2026-06-08T08:27:48.0000000Z;44.35;44.41;859;495
2026-06-08T08:27:49.0000000Z;44.35;44.42;859;721
2026-06-08T08:27:50.0000000Z;44.35;44.41;859;495
2026-06-08T08:27:52.0000000Z;44.35;44.41;859;495
2026-06-08T08:27:53.0000000Z;44.35;44.41;859;721
2026-06-08T08:27:54.0000000Z;44.34;44.425;740;236
2026-06-08T08:27:55.0000000Z;44.34;44.41;740;495
2026-06-08T08:27:56.0000000Z;44.34;44.41;1210;495
2026-06-08T08:27:58.0000000Z;44.345;44.41;808;495
2026-06-08T08:27:59.0000000Z;44.345;44.41;808;721
2026-06-08T08:28:00.0000000Z;44.345;44.41;808;495
2026-06-08T08:28:02.0000000Z;44.345;44.41;808;495
2026-06-08T08:28:04.0000000Z;44.345;44.41;808;495
2026-06-08T08:28:06.0000000Z;44.34;44.41;740;721
2026-06-08T08:28:08.0000000Z;44.34;44.41;740;495
2026-06-08T08:28:10.0000000Z;44.34;44.41;740;721
2026-06-08T08:28:13.0000000Z;44.34;44.41;740;495
2026-06-08T08:28:14.0000000Z;44.34;44.41;740;721
2026-06-08T08:28:19.0000000Z;44.34;44.41;740;495
2026-06-08T08:28:20.0000000Z;44.34;44.41;740;721
2026-06-08T08:28:22.0000000Z;44.335;44.41;740;721
2026-06-08T08:28:24.0000000Z;44.34;44.41;772;721
2026-06-08T08:28:26.0000000Z;44.335;44.41;1210;731
2026-06-08T08:28:29.0000000Z;44.335;44.41;1210;505
2026-06-08T08:28:30.0000000Z;44.335;44.41;1210;505
2026-06-08T08:28:31.0000000Z;44.335;44.41;1210;505
2026-06-08T08:28:32.0000000Z;44.335;44.41;1210;731
2026-06-08T08:28:33.0000000Z;44.335;44.41;740;731
2026-06-08T08:28:34.0000000Z;44.335;44.41;1210;505
2026-06-08T08:28:35.0000000Z;44.335;44.41;740;731
2026-06-08T08:28:36.0000000Z;44.335;44.41;740;731
2026-06-08T08:28:37.0000000Z;44.335;44.41;1210;505
2026-06-08T08:28:38.0000000Z;44.345;44.41;740;505
2026-06-08T08:28:39.0000000Z;44.35;44.41;702;505
2026-06-08T08:28:42.0000000Z;44.34;44.41;740;505
2026-06-08T08:28:44.0000000Z;44.345;44.41;738;505
2026-06-08T08:28:47.0000000Z;44.34;44.41;1210;505
2026-06-08T08:28:48.0000000Z;44.34;44.41;740;505
2026-06-08T08:28:49.0000000Z;44.34;44.41;740;505
2026-06-08T08:28:52.0000000Z;44.34;44.41;740;505
2026-06-08T08:28:54.0000000Z;44.34;44.41;740;505
2026-06-08T08:28:56.0000000Z;44.34;44.41;1210;505
2026-06-08T08:28:59.0000000Z;44.34;44.41;740;505
2026-06-08T08:29:00.0000000Z;44.34;44.41;1210;505
2026-06-08T08:29:02.0000000Z;44.34;44.41;1210;505
2026-06-08T08:29:05.0000000Z;44.34;44.41;1210;505
2026-06-08T08:29:14.0000000Z;44.34;44.41;1210;505
2026-06-08T08:29:15.0000000Z;44.34;44.41;1210;505
2026-06-08T08:29:17.0000000Z;44.35;44.41;740;505
2026-06-08T08:29:18.0000000Z;44.35;44.41;740;505
2026-06-08T08:29:25.0000000Z;44.35;44.41;740;505
2026-06-08T08:29:26.0000000Z;44.35;44.41;740;505
2026-06-08T08:29:27.0000000Z;44.35;44.41;740;505
2026-06-08T08:29:28.0000000Z;44.35;44.41;1210;505
2026-06-08T08:29:36.0000000Z;44.36;44.41;740;505
2026-06-08T08:29:37.0000000Z;44.36;44.41;740;505
2026-06-08T08:29:42.0000000Z;44.36;44.41;740;505
2026-06-08T08:29:51.0000000Z;44.36;44.41;740;505
2026-06-08T08:29:54.0000000Z;44.36;44.41;1210;505
2026-06-08T08:29:56.0000000Z;44.36;44.41;1210;505
2026-06-08T08:29:57.0000000Z;44.365;44.41;470;505
2026-06-08T08:29:58.0000000Z;44.37;44.42;631;721
2026-06-08T08:29:59.0000000Z;44.37;44.405;771;270
2026-06-08T08:30:00.0000000Z;44.37;44.415;771;226
2026-06-08T08:30:01.0000000Z;44.36;44.41;470;585
2026-06-08T08:30:05.0000000Z;44.36;44.415;1211;226
2026-06-08T08:30:08.0000000Z;44.365;44.42;741;721
2026-06-08T08:30:10.0000000Z;44.36;44.415;470;495
2026-06-08T08:30:11.0000000Z;44.355;44.41;777;686
2026-06-08T08:30:12.0000000Z;44.36;44.415;741;721
2026-06-08T08:30:13.0000000Z;44.365;44.415;602;226
2026-06-08T08:30:14.0000000Z;44.365;44.415;701;226
2026-06-08T08:30:16.0000000Z;44.36;44.41;741;495
2026-06-08T08:30:18.0000000Z;44.36;44.41;741;495
2026-06-08T08:30:20.0000000Z;44.36;44.41;741;721
2026-06-08T08:30:21.0000000Z;44.365;44.41;808;495
2026-06-08T08:30:23.0000000Z;44.36;44.415;1211;226
2026-06-08T08:30:24.0000000Z;44.36;44.41;1211;583
2026-06-08T08:30:25.0000000Z;44.36;44.41;741;14083
2026-06-08T08:30:26.0000000Z;44.36;44.41;1211;495
2026-06-08T08:30:28.0000000Z;44.36;44.415;1211;731
2026-06-08T08:30:29.0000000Z;44.36;44.41;1211;14098
2026-06-08T08:30:30.0000000Z;44.36;44.415;1211;731
2026-06-08T08:30:31.0000000Z;44.36;44.41;1211;598
2026-06-08T08:30:34.0000000Z;44.37;44.415;504;505
2026-06-08T08:30:36.0000000Z;44.37;44.415;470;505
2026-06-08T08:30:39.0000000Z;44.375;44.42;500;721
2026-06-08T08:30:40.0000000Z;44.375;44.425;641;721
2026-06-08T08:30:41.0000000Z;44.375;44.415;641;433
2026-06-08T08:30:43.0000000Z;44.375;44.43;698;721
2026-06-08T08:30:44.0000000Z;44.375;44.43;698;721
2026-06-08T08:30:45.0000000Z;44.375;44.415;698;516
2026-06-08T08:30:46.0000000Z;44.37;44.415;1211;738
2026-06-08T08:30:47.0000000Z;44.38;44.415;436;738
2026-06-08T08:30:48.0000000Z;44.375;44.425;1211;721
2026-06-08T08:30:49.0000000Z;44.375;44.42;1211;14011
2026-06-08T08:30:50.0000000Z;44.38;44.435;470;721
2026-06-08T08:30:51.0000000Z;44.385;44.42;556;336
2026-06-08T08:30:52.0000000Z;44.385;44.43;699;495
2026-06-08T08:30:53.0000000Z;44.385;44.425;699;519
2026-06-08T08:30:54.0000000Z;44.385;44.43;699;495
2026-06-08T08:30:56.0000000Z;44.385;44.43;699;495
2026-06-08T08:30:57.0000000Z;44.385;44.43;699;721
2026-06-08T08:30:58.0000000Z;44.38;44.43;470;721
2026-06-08T08:30:59.0000000Z;44.38;44.425;1211;412
2026-06-08T08:30:59.0000000Z;44.38;44.435;1211;721
2026-06-08T08:31:00.0000000Z;44.38;44.435;1211;721
2026-06-08T08:31:01.0000000Z;44.38;44.43;741;226
2026-06-08T08:31:02.0000000Z;44.38;44.425;741;496
2026-06-08T08:31:05.0000000Z;44.38;44.425;741;588
2026-06-08T08:31:07.0000000Z;44.38;44.43;470;721
2026-06-08T08:31:09.0000000Z;44.38;44.43;470;721
2026-06-08T08:31:10.0000000Z;44.395;44.435;642;226
2026-06-08T08:31:11.0000000Z;44.395;44.425;642;226
2026-06-08T08:31:12.0000000Z;44.395;44.42;642;258
2026-06-08T08:31:13.0000000Z;44.395;44.425;642;226
2026-06-08T08:31:14.0000000Z;44.385;44.435;1247;226
2026-06-08T08:31:16.0000000Z;44.385;44.42;506;269
2026-06-08T08:31:17.0000000Z;44.39;44.43;436;721
2026-06-08T08:31:18.0000000Z;44.39;44.43;436;721
2026-06-08T08:31:19.0000000Z;44.39;44.43;470;495
2026-06-08T08:31:20.0000000Z;44.39;44.43;470;495
2026-06-08T08:31:21.0000000Z;44.39;44.43;470;495
2026-06-08T08:31:22.0000000Z;44.395;44.44;741;721
2026-06-08T08:31:23.0000000Z;44.395;44.44;741;721
2026-06-08T08:31:24.0000000Z;44.39;44.425;470;199
2026-06-08T08:31:25.0000000Z;44.395;44.435;14004;510
2026-06-08T08:31:26.0000000Z;44.39;44.46;1211;609
2026-06-08T08:31:27.0000000Z;44.39;44.445;470;719
2026-06-08T08:31:28.0000000Z;44.39;44.43;470;428
2026-06-08T08:31:29.0000000Z;44.39;44.44;470;495
2026-06-08T08:31:30.0000000Z;44.39;44.435;741;671
2026-06-08T08:31:32.0000000Z;44.395;44.44;644;721
2026-06-08T08:31:33.0000000Z;44.395;44.445;772;719
2026-06-08T08:31:34.0000000Z;44.395;44.445;772;719
2026-06-08T08:31:35.0000000Z;44.385;44.43;506;514
2026-06-08T08:31:36.0000000Z;44.385;44.44;506;721
2026-06-08T08:31:37.0000000Z;44.39;44.445;741;719
2026-06-08T08:31:39.0000000Z;44.39;44.44;741;599
2026-06-08T08:31:41.0000000Z;44.39;44.445;741;719
2026-06-08T08:31:42.0000000Z;44.39;44.44;741;599
2026-06-08T08:31:48.0000000Z;44.39;44.445;741;719
2026-06-08T08:31:50.0000000Z;44.39;44.445;1211;494
2026-06-08T08:31:51.0000000Z;44.39;44.445;1211;719
2026-06-08T08:31:53.0000000Z;44.39;44.435;1211;495
2026-06-08T08:31:56.0000000Z;44.39;44.445;1211;719
2026-06-08T08:31:59.0000000Z;44.39;44.44;1211;599
2026-06-08T08:32:00.0000000Z;44.39;44.44;1211;14094
2026-06-08T08:32:01.0000000Z;44.39;44.46;1211;494
2026-06-08T08:32:02.0000000Z;44.39;44.45;1211;225
2026-06-08T08:32:03.0000000Z;44.39;44.445;1211;494
2026-06-08T08:32:04.0000000Z;44.39;44.445;1211;494
2026-06-08T08:32:05.0000000Z;44.39;44.455;1211;494
2026-06-08T08:32:06.0000000Z;44.39;44.46;1211;719
2026-06-08T08:32:07.0000000Z;44.39;44.45;1211;494
2026-06-08T08:32:08.0000000Z;44.39;44.45;1211;494
2026-06-08T08:32:11.0000000Z;44.4;44.455;1211;494
2026-06-08T08:32:12.0000000Z;44.4;44.455;1211;494
2026-06-08T08:32:13.0000000Z;44.405;44.46;603;719
2026-06-08T08:32:14.0000000Z;44.405;44.45;603;512
2026-06-08T08:32:15.0000000Z;44.405;44.455;645;494
2026-06-08T08:32:16.0000000Z;44.415;44.455;437;494
2026-06-08T08:32:17.0000000Z;44.41;44.455;741;494
2026-06-08T08:32:18.0000000Z;44.415;44.465;771;719
2026-06-08T08:32:19.0000000Z;44.405;44.455;506;494
2026-06-08T08:32:21.0000000Z;44.41;44.455;643;494
2026-06-08T08:32:22.0000000Z;44.405;44.45;36;583
2026-06-08T08:32:23.0000000Z;44.405;44.46;36;719
2026-06-08T08:32:24.0000000Z;44.415;44.45;736;342
2026-06-08T08:32:25.0000000Z;44.41;44.455;741;510
2026-06-08T08:32:26.0000000Z;44.41;44.455;741;510
2026-06-08T08:32:27.0000000Z;44.405;44.46;506;494
2026-06-08T08:32:29.0000000Z;44.41;44.46;573;494
2026-06-08T08:32:30.0000000Z;44.41;44.465;1211;494
2026-06-08T08:32:31.0000000Z;44.41;44.46;1211;598
2026-06-08T08:32:32.0000000Z;44.42;44.465;741;494
2026-06-08T08:32:33.0000000Z;44.42;44.465;503;494
2026-06-08T08:32:34.0000000Z;44.415;44.465;777;719
2026-06-08T08:32:35.0000000Z;44.415;44.465;777;719
2026-06-08T08:32:37.0000000Z;44.42;44.455;644;426
2026-06-08T08:32:39.0000000Z;44.42;44.465;699;719
2026-06-08T08:32:41.0000000Z;44.42;44.46;699;719
2026-06-08T08:32:42.0000000Z;44.42;44.455;699;427
2026-06-08T08:32:44.0000000Z;44.42;44.45;699;327
2026-06-08T08:32:45.0000000Z;44.415;44.45;36;453
2026-06-08T08:32:46.0000000Z;44.42;44.455;806;13500
2026-06-08T08:32:47.0000000Z;44.415;44.455;777;719
2026-06-08T08:32:48.0000000Z;44.415;44.455;777;719
2026-06-08T08:32:50.0000000Z;44.415;44.45;36;414
2026-06-08T08:32:51.0000000Z;44.415;44.455;36;719
2026-06-08T08:32:52.0000000Z;44.415;44.45;36;558
2026-06-08T08:32:53.0000000Z;44.415;44.455;36;494
2026-06-08T08:32:54.0000000Z;44.415;44.455;36;494
2026-06-08T08:32:55.0000000Z;44.415;44.455;777;494
2026-06-08T08:32:57.0000000Z;44.415;44.455;777;494
2026-06-08T08:32:59.0000000Z;44.415;44.455;36;494
2026-06-08T08:33:01.0000000Z;44.415;44.46;36;719
2026-06-08T08:33:02.0000000Z;44.415;44.46;36;719
2026-06-08T08:33:03.0000000Z;44.415;44.46;777;494
2026-06-08T08:33:05.0000000Z;44.415;44.46;777;494
2026-06-08T08:33:06.0000000Z;44.415;44.48;506;494
2026-06-08T08:33:07.0000000Z;44.415;44.46;506;13500
2026-06-08T08:33:08.0000000Z;44.415;44.455;36;494
2026-06-08T08:33:09.0000000Z;44.42;44.46;290;494
2026-06-08T08:33:10.0000000Z;44.42;44.46;290;719
2026-06-08T08:33:11.0000000Z;44.42;44.455;337;225
2026-06-08T08:33:12.0000000Z;44.42;44.455;337;225
2026-06-08T08:33:16.0000000Z;44.415;44.455;36;719
2026-06-08T08:33:19.0000000Z;44.415;44.455;36;719
2026-06-08T08:33:20.0000000Z;44.415;44.455;36;494
2026-06-08T08:33:21.0000000Z;44.415;44.455;36;719
2026-06-08T08:33:22.0000000Z;44.415;44.455;36;494
2026-06-08T08:33:24.0000000Z;44.415;44.45;36;485
2026-06-08T08:33:26.0000000Z;44.415;44.455;36;494
2026-06-08T08:33:27.0000000Z;44.415;44.455;36;494
2026-06-08T08:33:28.0000000Z;44.415;44.455;36;494
2026-06-08T08:33:30.0000000Z;44.415;44.455;36;494
2026-06-08T08:33:32.0000000Z;44.415;44.45;36;627
2026-06-08T08:33:33.0000000Z;44.42;44.455;735;13500
2026-06-08T08:33:34.0000000Z;44.415;44.455;36;494
2026-06-08T08:33:35.0000000Z;44.415;44.45;36;485
2026-06-08T08:33:36.0000000Z;44.415;44.455;36;494
2026-06-08T08:33:38.0000000Z;44.415;44.455;36;494
2026-06-08T08:33:39.0000000Z;44.415;44.455;36;13500
2026-06-08T08:33:40.0000000Z;44.415;44.46;36;719
2026-06-08T08:33:42.0000000Z;44.415;44.45;36;465
2026-06-08T08:33:43.0000000Z;44.415;44.455;36;498
2026-06-08T08:33:44.0000000Z;44.415;44.46;36;494
2026-06-08T08:33:46.0000000Z;44.415;44.46;36;494
2026-06-08T08:33:48.0000000Z;44.415;44.465;777;494
2026-06-08T08:33:49.0000000Z;44.415;44.465;777;494
2026-06-08T08:33:50.0000000Z;44.415;44.465;777;494
2026-06-08T08:33:51.0000000Z;44.415;44.46;777;510
2026-06-08T08:33:52.0000000Z;44.415;44.465;777;494
2026-06-08T08:33:53.0000000Z;44.415;44.465;777;494
2026-06-08T08:33:54.0000000Z;44.415;44.465;777;494
2026-06-08T08:33:55.0000000Z;44.415;44.46;777;426
2026-06-08T08:33:56.0000000Z;44.415;44.475;777;719
2026-06-08T08:33:57.0000000Z;44.415;44.465;777;512
2026-06-08T08:33:58.0000000Z;44.415;44.47;777;719
2026-06-08T08:34:01.0000000Z;44.415;44.465;777;494
2026-06-08T08:34:02.0000000Z;44.415;44.465;777;719
2026-06-08T08:34:03.0000000Z;44.415;44.465;777;494
2026-06-08T08:34:05.0000000Z;44.415;44.465;777;494
2026-06-08T08:34:07.0000000Z;44.415;44.465;777;494
2026-06-08T08:34:09.0000000Z;44.415;44.465;777;494
2026-06-08T08:34:11.0000000Z;44.415;44.465;777;494
2026-06-08T08:34:13.0000000Z;44.415;44.465;777;494
2026-06-08T08:34:15.0000000Z;44.415;44.465;777;494
2026-06-08T08:34:16.0000000Z;44.415;44.465;777;494
2026-06-08T08:34:17.0000000Z;44.415;44.465;777;494
2026-06-08T08:34:18.0000000Z;44.415;44.46;777;655
2026-06-08T08:34:19.0000000Z;44.415;44.465;777;719
2026-06-08T08:34:20.0000000Z;44.415;44.47;777;719
2026-06-08T08:34:22.0000000Z;44.415;44.46;777;494
2026-06-08T08:34:24.0000000Z;44.415;44.465;777;494
2026-06-08T08:34:25.0000000Z;44.415;44.46;777;14010
2026-06-08T08:34:26.0000000Z;44.415;44.465;777;719
2026-06-08T08:34:27.0000000Z;44.415;44.46;777;510
2026-06-08T08:34:28.0000000Z;44.415;44.465;777;494
2026-06-08T08:34:29.0000000Z;44.415;44.465;777;719
2026-06-08T08:34:31.0000000Z;44.415;44.465;777;13500
2026-06-08T08:34:32.0000000Z;44.415;44.485;777;494
2026-06-08T08:34:33.0000000Z;44.415;44.465;777;494
2026-06-08T08:34:34.0000000Z;44.415;44.47;777;719
2026-06-08T08:34:36.0000000Z;44.415;44.47;777;719
2026-06-08T08:34:37.0000000Z;44.415;44.465;777;598
2026-06-08T08:34:38.0000000Z;44.415;44.465;777;598
2026-06-08T08:34:42.0000000Z;44.415;44.465;777;598
2026-06-08T08:34:44.0000000Z;44.415;44.46;36;719
2026-06-08T08:34:45.0000000Z;44.415;44.46;777;719
2026-06-08T08:34:46.0000000Z;44.415;44.46;777;494
2026-06-08T08:34:48.0000000Z;44.415;44.46;777;494
2026-06-08T08:34:49.0000000Z;44.415;44.46;777;494
2026-06-08T08:34:50.0000000Z;44.415;44.46;777;494
2026-06-08T08:34:52.0000000Z;44.415;44.46;777;494
2026-06-08T08:34:54.0000000Z;44.415;44.46;777;494
2026-06-08T08:34:56.0000000Z;44.415;44.46;777;494
2026-06-08T08:34:58.0000000Z;44.415;44.465;777;494
2026-06-08T08:34:59.0000000Z;44.415;44.46;777;510
2026-06-08T08:34:59.0000000Z;44.415;44.46;777;510
2026-06-08T08:35:00.0000000Z;44.415;44.465;777;494
2026-06-08T08:35:01.0000000Z;44.415;44.46;36;584
2026-06-08T08:35:02.0000000Z;44.415;44.465;36;719
2026-06-08T08:35:04.0000000Z;44.415;44.465;777;719
2026-06-08T08:35:07.0000000Z;44.415;44.465;777;719
2026-06-08T08:35:08.0000000Z;44.415;44.47;777;225
2026-06-08T08:35:09.0000000Z;44.415;44.465;777;494
2026-06-08T08:35:10.0000000Z;44.415;44.455;777;411
2026-06-08T08:35:11.0000000Z;44.415;44.485;777;494
2026-06-08T08:35:12.0000000Z;44.415;44.455;777;494
2026-06-08T08:35:13.0000000Z;44.415;44.46;777;225
2026-06-08T08:35:16.0000000Z;44.415;44.455;777;411
2026-06-08T08:35:18.0000000Z;44.415;44.455;777;494
2026-06-08T08:35:20.0000000Z;44.415;44.46;777;225
2026-06-08T08:35:21.0000000Z;44.415;44.455;777;411
2026-06-08T08:35:23.0000000Z;44.415;44.455;36;719
2026-06-08T08:35:25.0000000Z;44.415;44.455;36;719
2026-06-08T08:35:26.0000000Z;44.42;44.45;231;556
2026-06-08T08:35:27.0000000Z;44.415;44.45;36;556
2026-06-08T08:35:29.0000000Z;44.42;44.45;56;225
2026-06-08T08:35:30.0000000Z;44.42;44.445;56;492
2026-06-08T08:35:31.0000000Z;44.42;44.445;56;492
2026-06-08T08:35:33.0000000Z;44.42;44.455;280;719
2026-06-08T08:35:34.0000000Z;44.42;44.45;56;719
2026-06-08T08:35:35.0000000Z;44.415;44.445;13500;225
2026-06-08T08:35:38.0000000Z;44.415;44.44;13500;226
2026-06-08T08:35:39.0000000Z;44.415;44.435;13500;442
2026-06-08T08:35:40.0000000Z;44.415;44.44;13500;226
2026-06-08T08:35:41.0000000Z;44.415;44.445;13500;719
2026-06-08T08:35:42.0000000Z;44.415;44.44;13500;13955
2026-06-08T08:35:44.0000000Z;44.415;44.44;13500;455
2026-06-08T08:35:46.0000000Z;44.415;44.44;13500;455
2026-06-08T08:35:48.0000000Z;44.42;44.45;56;719
2026-06-08T08:35:49.0000000Z;44.415;44.445;13500;225
2026-06-08T08:35:50.0000000Z;44.415;44.445;13500;719
2026-06-08T08:35:52.0000000Z;44.415;44.445;13500;719
2026-06-08T08:35:56.0000000Z;44.415;44.445;13500;494
2026-06-08T08:35:58.0000000Z;44.415;44.44;13500;495
2026-06-08T08:35:59.0000000Z;44.415;44.44;13500;495
2026-06-08T08:36:00.0000000Z;44.415;44.44;13500;721
2026-06-08T08:36:01.0000000Z;44.415;44.435;13500;443
2026-06-08T08:36:02.0000000Z;44.415;44.44;13500;226
2026-06-08T08:36:03.0000000Z;44.415;44.44;13500;226
2026-06-08T08:36:04.0000000Z;44.415;44.44;13500;226
2026-06-08T08:36:06.0000000Z;44.415;44.44;13500;226
2026-06-08T08:36:08.0000000Z;44.415;44.44;13500;226
2026-06-08T08:36:09.0000000Z;44.415;44.44;13500;495
2026-06-08T08:36:10.0000000Z;44.415;44.435;13500;372
2026-06-08T08:36:11.0000000Z;44.415;44.445;13500;225
2026-06-08T08:36:13.0000000Z;44.415;44.445;13500;719
2026-06-08T08:36:14.0000000Z;44.415;44.44;13500;457
2026-06-08T08:36:17.0000000Z;44.415;44.445;13500;719
2026-06-08T08:36:21.0000000Z;44.42;44.45;56;719
2026-06-08T08:36:22.0000000Z;44.415;44.44;13500;440
2026-06-08T08:36:23.0000000Z;44.415;44.44;13500;440
2026-06-08T08:36:27.0000000Z;44.415;44.445;13500;719
2026-06-08T08:36:36.0000000Z;44.415;44.435;13500;495
2026-06-08T08:36:37.0000000Z;44.415;44.43;13500;358
2026-06-08T08:36:38.0000000Z;44.415;44.44;13500;495
2026-06-08T08:36:40.0000000Z;44.415;44.445;13500;225
2026-06-08T08:36:42.0000000Z;44.415;44.44;13500;226
2026-06-08T08:36:43.0000000Z;44.415;44.44;13500;226
2026-06-08T08:36:49.0000000Z;44.385;44.445;741;225
2026-06-08T08:36:50.0000000Z;44.385;44.445;741;225
2026-06-08T08:36:51.0000000Z;44.385;44.445;1211;225
2026-06-08T08:36:52.0000000Z;44.41;44.44;36;668
2026-06-08T08:36:57.0000000Z;44.39;44.44;652;668
2026-06-08T08:36:58.0000000Z;44.39;44.445;652;719
2026-06-08T08:37:04.0000000Z;44.38;44.43;470;226
2026-06-08T08:37:06.0000000Z;44.38;44.435;470;236
2026-06-08T08:37:07.0000000Z;44.38;44.43;741;226
2026-06-08T08:37:08.0000000Z;44.385;44.435;739;226
2026-06-08T08:37:10.0000000Z;44.385;44.435;739;226
2026-06-08T08:37:21.0000000Z;44.38;44.425;1125;495
2026-06-08T08:37:23.0000000Z;44.38;44.425;1125;495
2026-06-08T08:37:26.0000000Z;44.38;44.425;741;495
2026-06-08T08:37:27.0000000Z;44.38;44.42;741;426
2026-06-08T08:37:28.0000000Z;44.38;44.435;1211;226
2026-06-08T08:37:29.0000000Z;44.38;44.425;1211;495
2026-06-08T08:37:30.0000000Z;44.38;44.42;1211;183
2026-06-08T08:37:31.0000000Z;44.38;44.435;741;721
2026-06-08T08:37:32.0000000Z;44.38;44.425;741;427
2026-06-08T08:37:35.0000000Z;44.38;44.43;741;598
2026-06-08T08:37:42.0000000Z;44.38;44.435;1211;495
2026-06-08T08:37:44.0000000Z;44.38;44.435;1211;495
2026-06-08T08:37:46.0000000Z;44.38;44.435;1211;495
2026-06-08T08:37:48.0000000Z;44.38;44.435;1211;721
2026-06-08T08:38:00.0000000Z;44.38;44.435;1211;495
2026-06-08T08:38:01.0000000Z;44.38;44.435;1211;495
2026-06-08T08:38:02.0000000Z;44.38;44.435;1211;495
2026-06-08T08:38:04.0000000Z;44.38;44.435;1211;495
2026-06-08T08:38:06.0000000Z;44.38;44.44;1211;721
2026-06-08T08:38:08.0000000Z;44.38;44.44;1211;495
2026-06-08T08:38:10.0000000Z;44.38;44.44;1211;495
2026-06-08T08:38:12.0000000Z;44.38;44.43;1211;596
2026-06-08T08:38:13.0000000Z;44.385;44.44;470;495
2026-06-08T08:38:15.0000000Z;44.39;44.44;699;495
2026-06-08T08:38:17.0000000Z;44.385;44.44;1211;721
2026-06-08T08:38:18.0000000Z;44.385;44.44;1211;721
2026-06-08T08:38:19.0000000Z;44.385;44.435;741;226
2026-06-08T08:38:27.0000000Z;44.385;44.435;741;226
2026-06-08T08:38:28.0000000Z;44.385;44.435;741;721
2026-06-08T08:38:29.0000000Z;44.385;44.425;741;411
2026-06-08T08:38:30.0000000Z;44.375;44.425;470;602
2026-06-08T08:38:32.0000000Z;44.385;44.425;434;602
2026-06-08T08:38:35.0000000Z;44.38;44.425;612;721
2026-06-08T08:38:36.0000000Z;44.38;44.425;612;721
2026-06-08T08:38:38.0000000Z;44.375;44.44;1211;226
2026-06-08T08:38:39.0000000Z;44.375;44.43;1211;226
2026-06-08T08:38:40.0000000Z;44.375;44.425;1211;581
2026-06-08T08:38:45.0000000Z;44.375;44.43;1211;721
2026-06-08T08:38:53.0000000Z;44.38;44.43;470;721
2026-06-08T08:38:56.0000000Z;44.375;44.425;470;495
2026-06-08T08:38:58.0000000Z;44.38;44.43;741;226
2026-06-08T08:38:59.0000000Z;44.385;44.425;547;495
2026-06-08T08:39:00.0000000Z;44.385;44.43;702;226
2026-06-08T08:39:06.0000000Z;44.37;44.44;741;226
2026-06-08T08:39:07.0000000Z;44.37;44.425;741;495
2026-06-08T08:39:08.0000000Z;44.375;44.425;1127;721
2026-06-08T08:39:09.0000000Z;44.375;44.425;1331;495
2026-06-08T08:39:10.0000000Z;44.355;44.425;741;495
2026-06-08T08:39:11.0000000Z;44.38;44.425;377;495
2026-06-08T08:39:13.0000000Z;44.38;44.425;438;495
2026-06-08T08:39:14.0000000Z;44.365;44.425;648;495
2026-06-08T08:39:15.0000000Z;44.365;44.425;737;505
2026-06-08T08:39:16.0000000Z;44.375;44.425;1211;505
2026-06-08T08:39:17.0000000Z;44.38;44.43;696;721
2026-06-08T08:39:18.0000000Z;44.38;44.425;696;598
2026-06-08T08:39:21.0000000Z;44.38;44.43;696;495
2026-06-08T08:39:22.0000000Z;44.385;44.43;741;495
2026-06-08T08:39:23.0000000Z;44.39;44.43;575;495
2026-06-08T08:39:24.0000000Z;44.39;44.43;575;495
2026-06-08T08:39:25.0000000Z;44.39;44.43;575;495
2026-06-08T08:39:27.0000000Z;44.39;44.43;575;495
2026-06-08T08:39:29.0000000Z;44.39;44.43;575;721
2026-06-08T08:39:30.0000000Z;44.38;44.43;741;721
2026-06-08T08:39:32.0000000Z;44.385;44.43;507;721
2026-06-08T08:39:34.0000000Z;44.385;44.43;507;721
2026-06-08T08:39:35.0000000Z;44.385;44.43;507;721
2026-06-08T08:39:41.0000000Z;44.385;44.42;507;411
2026-06-08T08:39:46.0000000Z;44.385;44.42;507;411
2026-06-08T08:39:50.0000000Z;44.4;44.42;13500;411
2026-06-08T08:39:55.0000000Z;44.4;44.42;13500;411
2026-06-08T08:40:05.0000000Z;44.4;44.425;13500;721
2026-06-08T08:40:10.0000000Z;44.4;44.425;13500;721
2026-06-08T08:40:11.0000000Z;44.4;44.425;13500;721
2026-06-08T08:40:12.0000000Z;44.4;44.43;13500;721
2026-06-08T08:40:13.0000000Z;44.4;44.43;13500;721
2026-06-08T08:40:14.0000000Z;44.4;44.43;13500;721
2026-06-08T08:40:15.0000000Z;44.4;44.43;13500;721
2026-06-08T08:40:16.0000000Z;44.4;44.43;13500;721
2026-06-08T08:40:28.0000000Z;44.4;44.43;13500;495
2026-06-08T08:40:29.0000000Z;44.4;44.43;13500;721
2026-06-08T08:40:30.0000000Z;44.4;44.43;13500;721
2026-06-08T08:40:32.0000000Z;44.4;44.43;13500;495
2026-06-08T08:40:33.0000000Z;44.4;44.43;13500;721
2026-06-08T08:40:36.0000000Z;44.4;44.42;13500;396
2026-06-08T08:40:37.0000000Z;44.4;44.42;13500;396
2026-06-08T08:40:38.0000000Z;44.4;44.43;13500;721
2026-06-08T08:40:39.0000000Z;44.4;44.425;13500;13994
2026-06-08T08:40:41.0000000Z;44.4;44.425;13500;494
2026-06-08T08:40:44.0000000Z;44.4;44.43;13500;495
2026-06-08T08:40:46.0000000Z;44.4;44.43;13500;495
2026-06-08T08:40:47.0000000Z;44.4;44.43;13500;721
2026-06-08T08:40:48.0000000Z;44.4;44.43;13500;721
2026-06-08T08:40:49.0000000Z;44.38;44.425;741;226
2026-06-08T08:40:50.0000000Z;44.38;44.42;741;3718
2026-06-08T08:40:52.0000000Z;44.365;44.415;140;802
2026-06-08T08:40:53.0000000Z;44.355;44.42;741;226
2026-06-08T08:40:54.0000000Z;44.355;44.41;741;795
2026-06-08T08:40:55.0000000Z;44.35;44.415;741;721
2026-06-08T08:40:57.0000000Z;44.35;44.415;741;226
2026-06-08T08:40:58.0000000Z;44.35;44.415;741;226
2026-06-08T08:40:59.0000000Z;44.365;44.415;589;226
2026-06-08T08:40:59.0000000Z;44.36;44.415;1211;226
2026-06-08T08:41:00.0000000Z;44.365;44.415;589;226
2026-06-08T08:41:02.0000000Z;44.365;44.415;660;226
2026-06-08T08:41:04.0000000Z;44.36;44.415;470;226
2026-06-08T08:41:06.0000000Z;44.365;44.415;707;226
2026-06-08T08:41:07.0000000Z;44.36;44.415;1211;226
2026-06-08T08:41:08.0000000Z;44.365;44.42;741;226
2026-06-08T08:41:11.0000000Z;44.365;44.415;741;582
2026-06-08T08:41:12.0000000Z;44.365;44.415;741;582
2026-06-08T08:41:14.0000000Z;44.36;44.41;470;226
2026-06-08T08:41:16.0000000Z;44.365;44.41;741;226
2026-06-08T08:41:18.0000000Z;44.37;44.415;809;721
2026-06-08T08:41:21.0000000Z;44.365;44.41;1211;512
2026-06-08T08:41:22.0000000Z;44.365;44.41;1211;226
2026-06-08T08:41:23.0000000Z;44.36;44.41;470;721
2026-06-08T08:41:25.0000000Z;44.36;44.4;470;415
2026-06-08T08:41:26.0000000Z;44.36;44.405;741;226
2026-06-08T08:41:27.0000000Z;44.365;44.405;492;226
2026-06-08T08:41:28.0000000Z;44.365;44.41;809;226
2026-06-08T08:41:29.0000000Z;44.365;44.405;809;13995
2026-06-08T08:41:30.0000000Z;44.365;44.41;809;226
2026-06-08T08:41:31.0000000Z;44.365;44.405;809;495
2026-06-08T08:41:32.0000000Z;44.365;44.405;809;495
2026-06-08T08:41:33.0000000Z;44.36;44.405;741;582
2026-06-08T08:41:37.0000000Z;44.36;44.405;741;582
2026-06-08T08:41:51.0000000Z;44.36;44.405;1211;582
2026-06-08T08:41:52.0000000Z;44.36;44.405;741;582
2026-06-08T08:42:00.0000000Z;44.35;44.405;741;495
2026-06-08T08:42:01.0000000Z;44.35;44.41;741;495
2026-06-08T08:42:02.0000000Z;44.35;44.405;741;684
2026-06-08T08:42:03.0000000Z;44.35;44.41;1211;495
2026-06-08T08:42:04.0000000Z;44.36;44.405;741;266
2026-06-08T08:42:05.0000000Z;44.36;44.415;741;721
2026-06-08T08:42:06.0000000Z;44.36;44.41;741;495
2026-06-08T08:42:07.0000000Z;44.355;44.41;741;721
2026-06-08T08:42:08.0000000Z;44.355;44.41;1211;495
2026-06-08T08:42:09.0000000Z;44.365;44.41;741;495
2026-06-08T08:42:10.0000000Z;44.37;44.41;439;495
2026-06-08T08:42:11.0000000Z;44.36;44.41;741;721
2026-06-08T08:42:13.0000000Z;44.365;44.41;507;721
2026-06-08T08:42:14.0000000Z;44.365;44.4;507;411
2026-06-08T08:42:15.0000000Z;44.35;44.405;1211;721
2026-06-08T08:42:16.0000000Z;44.35;44.405;1211;721
2026-06-08T08:42:17.0000000Z;44.355;44.41;741;226
2026-06-08T08:42:18.0000000Z;44.355;44.41;741;226
2026-06-08T08:42:19.0000000Z;44.355;44.41;741;226
2026-06-08T08:42:20.0000000Z;44.355;44.41;741;226
2026-06-08T08:42:24.0000000Z;44.355;44.41;741;226
2026-06-08T08:42:25.0000000Z;44.355;44.41;741;226
2026-06-08T08:42:26.0000000Z;44.355;44.41;741;226
2026-06-08T08:42:28.0000000Z;44.355;44.41;1211;226
2026-06-08T08:42:31.0000000Z;44.35;44.405;1211;505
2026-06-08T08:42:32.0000000Z;44.355;44.41;741;236
2026-06-08T08:42:33.0000000Z;44.355;44.405;443;731
2026-06-08T08:42:34.0000000Z;44.35;44.41;741;226
2026-06-08T08:42:35.0000000Z;44.35;44.405;741;669
2026-06-08T08:42:38.0000000Z;44.35;44.405;741;669
2026-06-08T08:42:42.0000000Z;44.35;44.405;1211;669
2026-06-08T08:42:48.0000000Z;44.35;44.405;1211;669
2026-06-08T08:42:49.0000000Z;44.35;44.405;1211;669
2026-06-08T08:42:55.0000000Z;44.31;44.405;741;788
2026-06-08T08:42:56.0000000Z;44.355;44.405;57;802
2026-06-08T08:42:57.0000000Z;44.35;44.405;273;802
2026-06-08T08:42:59.0000000Z;44.35;44.405;389;802
2026-06-08T08:43:00.0000000Z;44.33;44.41;741;721
2026-06-08T08:43:01.0000000Z;44.335;44.41;809;721
2026-06-08T08:43:03.0000000Z;44.335;44.41;809;721
2026-06-08T08:43:05.0000000Z;44.355;44.41;648;495
2026-06-08T08:43:06.0000000Z;44.36;44.415;741;721
2026-06-08T08:43:07.0000000Z;44.36;44.415;741;721
2026-06-08T08:43:08.0000000Z;44.36;44.41;576;721
2026-06-08T08:43:10.0000000Z;44.355;44.41;1211;495
2026-06-08T08:43:11.0000000Z;44.355;44.41;1211;495
2026-06-08T08:43:12.0000000Z;44.355;44.41;1211;495
2026-06-08T08:43:13.0000000Z;44.355;44.41;1211;495
2026-06-08T08:43:14.0000000Z;44.36;44.41;737;495
2026-06-08T08:43:16.0000000Z;44.36;44.41;737;495
2026-06-08T08:43:18.0000000Z;44.36;44.41;737;495
2026-06-08T08:43:20.0000000Z;44.36;44.41;737;495
2026-06-08T08:43:22.0000000Z;44.36;44.41;737;495
2026-06-08T08:43:24.0000000Z;44.36;44.41;737;495
2026-06-08T08:43:25.0000000Z;44.36;44.42;774;721
2026-06-08T08:43:26.0000000Z;44.365;44.42;741;721
2026-06-08T08:43:27.0000000Z;44.37;44.42;702;721
2026-06-08T08:43:29.0000000Z;44.37;44.42;702;721
2026-06-08T08:43:32.0000000Z;44.37;44.42;702;721
2026-06-08T08:43:35.0000000Z;44.37;44.415;702;599
2026-06-08T08:43:38.0000000Z;44.37;44.415;702;731
2026-06-08T08:43:40.0000000Z;44.37;44.415;702;505
2026-06-08T08:43:41.0000000Z;44.37;44.415;702;731
2026-06-08T08:43:42.0000000Z;44.36;44.415;741;731
2026-06-08T08:43:44.0000000Z;44.36;44.415;741;731
2026-06-08T08:43:45.0000000Z;44.365;44.415;576;731
2026-06-08T08:43:47.0000000Z;44.36;44.415;741;505
2026-06-08T08:43:48.0000000Z;44.36;44.415;1211;505
2026-06-08T08:43:51.0000000Z;44.36;44.415;1211;505
2026-06-08T08:43:52.0000000Z;44.36;44.415;1211;505
2026-06-08T08:43:57.0000000Z;44.37;44.415;741;505
2026-06-08T08:44:01.0000000Z;44.37;44.415;741;505
2026-06-08T08:44:05.0000000Z;44.37;44.415;741;505
2026-06-08T08:44:06.0000000Z;44.37;44.415;741;731
2026-06-08T08:44:08.0000000Z;44.37;44.415;741;731
2026-06-08T08:44:11.0000000Z;44.37;44.415;741;731
2026-06-08T08:44:13.0000000Z;44.37;44.415;741;731
2026-06-08T08:44:14.0000000Z;44.37;44.415;741;731
2026-06-08T08:44:17.0000000Z;44.365;44.415;778;731
2026-06-08T08:44:19.0000000Z;44.365;44.415;778;731
2026-06-08T08:44:20.0000000Z;44.375;44.415;441;505
2026-06-08T08:44:21.0000000Z;44.365;44.415;778;731
2026-06-08T08:44:22.0000000Z;44.365;44.415;778;731
2026-06-08T08:44:28.0000000Z;44.365;44.41;778;4007
2026-06-08T08:44:35.0000000Z;44.365;44.405;778;411
2026-06-08T08:44:36.0000000Z;44.365;44.405;778;411
2026-06-08T08:44:37.0000000Z;44.365;44.405;778;411
2026-06-08T08:44:40.0000000Z;44.365;44.405;778;411
2026-06-08T08:44:41.0000000Z;44.37;44.415;507;721
2026-06-08T08:44:42.0000000Z;44.37;44.405;507;411
2026-06-08T08:44:43.0000000Z;44.37;44.405;741;411
2026-06-08T08:44:44.0000000Z;44.37;44.405;741;411
2026-06-08T08:44:47.0000000Z;44.37;44.405;741;411
2026-06-08T08:44:49.0000000Z;44.365;44.405;778;625
2026-06-08T08:44:51.0000000Z;44.37;44.405;452;625
2026-06-08T08:44:54.0000000Z;44.37;44.405;452;625
2026-06-08T08:44:55.0000000Z;44.37;44.405;452;625
2026-06-08T08:44:56.0000000Z;44.37;44.405;452;625
2026-06-08T08:44:57.0000000Z;44.37;44.405;452;625
2026-06-08T08:44:58.0000000Z;44.37;44.405;452;625
2026-06-08T08:45:01.0000000Z;44.37;44.405;741;625
2026-06-08T08:45:03.0000000Z;44.365;44.405;37;625
2026-06-08T08:45:04.0000000Z;44.365;44.405;37;625
2026-06-08T08:45:05.0000000Z;44.37;44.405;350;625
2026-06-08T08:45:06.0000000Z;44.375;44.405;388;625
2026-06-08T08:45:08.0000000Z;44.375;44.405;388;625
2026-06-08T08:45:11.0000000Z;44.375;44.41;647;13500
2026-06-08T08:45:12.0000000Z;44.375;44.415;647;721
2026-06-08T08:45:13.0000000Z;44.375;44.415;647;721
2026-06-08T08:45:17.0000000Z;44.375;44.405;647;327
2026-06-08T08:45:21.0000000Z;44.37;44.405;679;327
2026-06-08T08:45:22.0000000Z;44.365;44.415;37;226
2026-06-08T08:45:23.0000000Z;44.365;44.415;37;226
2026-06-08T08:45:24.0000000Z;44.37;44.41;408;639
2026-06-08T08:45:26.0000000Z;44.37;44.415;408;1105
2026-06-08T08:45:28.0000000Z;44.37;44.415;408;1105
2026-06-08T08:45:30.0000000Z;44.37;44.415;408;721
2026-06-08T08:45:41.0000000Z;44.37;44.405;408;236
2026-06-08T08:45:42.0000000Z;44.37;44.4;408;3792
2026-06-08T08:45:47.0000000Z;44.37;44.4;408;3792
2026-06-08T08:45:49.0000000Z;44.365;44.41;716;721
2026-06-08T08:45:52.0000000Z;44.365;44.41;716;721
2026-06-08T08:45:53.0000000Z;44.365;44.4;716;327
2026-06-08T08:45:54.0000000Z;44.365;44.4;37;467
2026-06-08T08:45:55.0000000Z;44.365;44.4;37;467
2026-06-08T08:45:57.0000000Z;44.365;44.4;37;467
2026-06-08T08:45:58.0000000Z;44.37;44.4;461;3792
2026-06-08T08:46:13.0000000Z;44.37;44.405;532;226
2026-06-08T08:46:18.0000000Z;44.37;44.4;532;383
2026-06-08T08:46:19.0000000Z;44.37;44.405;532;226
2026-06-08T08:46:20.0000000Z;44.37;44.41;532;721
2026-06-08T08:46:21.0000000Z;44.37;44.4;532;467
2026-06-08T08:46:23.0000000Z;44.37;44.4;532;3792
2026-06-08T08:46:26.0000000Z;44.37;44.405;532;226
2026-06-08T08:46:27.0000000Z;44.37;44.4;532;3792
2026-06-08T08:46:46.0000000Z;44.37;44.4;532;467
2026-06-08T08:46:50.0000000Z;44.365;44.405;37;226
2026-06-08T08:46:52.0000000Z;44.365;44.405;716;226
2026-06-08T08:46:53.0000000Z;44.37;44.42;679;495
2026-06-08T08:46:54.0000000Z;44.365;44.405;716;226
2026-06-08T08:46:56.0000000Z;44.37;44.41;679;226
2026-06-08T08:46:58.0000000Z;44.37;44.405;679;327
2026-06-08T08:47:00.0000000Z;44.37;44.405;679;327
2026-06-08T08:47:03.0000000Z;44.365;44.405;37;553
2026-06-08T08:47:04.0000000Z;44.37;44.405;350;553
2026-06-08T08:47:05.0000000Z;44.37;44.405;350;553
2026-06-08T08:47:06.0000000Z;44.35;44.41;679;226
2026-06-08T08:47:08.0000000Z;44.32;44.41;1063;610
2026-06-08T08:47:09.0000000Z;44.365;44.405;1128;226
2026-06-08T08:47:10.0000000Z;44.33;44.395;709;226
2026-06-08T08:47:11.0000000Z;44.33;44.4;845;226
2026-06-08T08:47:12.0000000Z;44.315;44.4;1063;721
2026-06-08T08:47:14.0000000Z;44.315;44.4;1063;721
2026-06-08T08:47:19.0000000Z;44.335;44.395;679;635
2026-06-08T08:47:20.0000000Z;44.35;44.4;548;771
2026-06-08T08:47:21.0000000Z;44.35;44.385;702;583
2026-06-08T08:47:22.0000000Z;44.34;44.39;618;226
2026-06-08T08:47:23.0000000Z;44.335;44.39;1149;226
2026-06-08T08:47:24.0000000Z;44.34;44.39;774;14169
2026-06-08T08:47:26.0000000Z;44.34;44.39;774;669
2026-06-08T08:47:29.0000000Z;44.27;44.39;744;1938
2026-06-08T08:47:30.0000000Z;44.285;44.385;1331;226
2026-06-08T08:47:32.0000000Z;44.295;44.385;859;226
2026-06-08T08:47:33.0000000Z;44.295;44.39;859;226
2026-06-08T08:47:34.0000000Z;44.31;44.385;384;802
2026-06-08T08:47:35.0000000Z;44.32;44.385;4168;802
2026-06-08T08:47:36.0000000Z;44.32;44.395;4168;226
2026-06-08T08:47:37.0000000Z;44.32;44.395;4168;226
2026-06-08T08:47:38.0000000Z;44.32;44.395;4168;226
2026-06-08T08:47:39.0000000Z;44.335;44.395;679;226
2026-06-08T08:47:40.0000000Z;44.335;44.395;679;226
2026-06-08T08:47:41.0000000Z;44.325;44.395;679;226
2026-06-08T08:47:42.0000000Z;44.31;44.39;679;802
2026-06-08T08:47:44.0000000Z;44.32;44.39;781;802
2026-06-08T08:47:48.0000000Z;44.32;44.395;781;721
2026-06-08T08:47:54.0000000Z;44.32;44.395;781;731
2026-06-08T08:47:59.0000000Z;44.31;44.395;1063;731
2026-06-08T08:48:00.0000000Z;44.31;44.395;679;731
2026-06-08T08:48:01.0000000Z;44.33;44.395;679;731
2026-06-08T08:48:02.0000000Z;44.33;44.395;679;731
2026-06-08T08:48:06.0000000Z;44.325;44.395;679;731
2026-06-08T08:48:08.0000000Z;44.33;44.395;738;731
2026-06-08T08:48:09.0000000Z;44.325;44.395;1149;731
2026-06-08T08:48:10.0000000Z;44.335;44.395;679;731
2026-06-08T08:48:17.0000000Z;44.335;44.395;679;731
2026-06-08T08:48:23.0000000Z;44.34;44.39;681;721
2026-06-08T08:48:27.0000000Z;44.34;44.39;681;721
2026-06-08T08:48:30.0000000Z;44.34;44.39;751;226
2026-06-08T08:48:31.0000000Z;44.34;44.39;751;226
2026-06-08T08:48:33.0000000Z;44.34;44.39;751;226
2026-06-08T08:48:35.0000000Z;44.34;44.39;751;226
2026-06-08T08:48:41.0000000Z;44.34;44.39;751;226
2026-06-08T08:48:42.0000000Z;44.34;44.39;751;226
2026-06-08T08:48:44.0000000Z;44.335;44.39;1149;226
2026-06-08T08:48:46.0000000Z;44.335;44.39;1149;226
2026-06-08T08:48:47.0000000Z;44.34;44.395;810;721
2026-06-08T08:48:48.0000000Z;44.345;44.39;679;513
2026-06-08T08:48:49.0000000Z;44.35;44.39;647;495
2026-06-08T08:48:50.0000000Z;44.35;44.4;647;721
2026-06-08T08:48:52.0000000Z;44.35;44.395;647;599
2026-06-08T08:48:53.0000000Z;44.35;44.4;702;495
2026-06-08T08:48:54.0000000Z;44.35;44.4;702;495
2026-06-08T08:48:55.0000000Z;44.345;44.405;1149;721
2026-06-08T08:48:56.0000000Z;44.345;44.4;1149;14186
2026-06-08T08:48:58.0000000Z;44.345;44.4;1149;686
2026-06-08T08:48:59.0000000Z;44.35;44.405;4025;721
2026-06-08T08:49:00.0000000Z;44.35;44.41;4025;721
2026-06-08T08:49:01.0000000Z;44.35;44.41;1149;721
2026-06-08T08:49:02.0000000Z;44.36;44.415;859;721
2026-06-08T08:49:03.0000000Z;44.36;44.415;859;721
2026-06-08T08:49:04.0000000Z;44.355;44.42;1149;226
2026-06-08T08:49:05.0000000Z;44.355;44.41;1149;582
2026-06-08T08:49:06.0000000Z;44.355;44.435;1149;495
2026-06-08T08:49:07.0000000Z;44.355;44.42;1149;226
2026-06-08T08:49:08.0000000Z;44.355;44.42;1149;226
2026-06-08T08:49:11.0000000Z;44.355;44.425;1149;721
2026-06-08T08:49:12.0000000Z;44.355;44.425;1149;721
2026-06-08T08:49:13.0000000Z;44.355;44.42;1149;796
2026-06-08T08:49:15.0000000Z;44.355;44.415;1149;744
2026-06-08T08:49:17.0000000Z;44.355;44.425;1149;721
2026-06-08T08:49:18.0000000Z;44.355;44.445;1149;494
2026-06-08T08:49:19.0000000Z;44.355;44.42;1149;796
2026-06-08T08:49:20.0000000Z;44.355;44.425;1149;721
2026-06-08T08:49:21.0000000Z;44.355;44.425;1149;721
2026-06-08T08:49:27.0000000Z;44.355;44.425;1149;721
2026-06-08T08:49:28.0000000Z;44.355;44.425;1149;721
2026-06-08T08:49:34.0000000Z;44.355;44.415;1149;744
2026-06-08T08:49:35.0000000Z;44.355;44.425;1149;721
2026-06-08T08:49:37.0000000Z;44.355;44.425;1149;721
2026-06-08T08:49:38.0000000Z;44.365;44.42;679;4121
2026-06-08T08:49:39.0000000Z;44.37;44.42;702;795
2026-06-08T08:49:40.0000000Z;44.37;44.43;702;721
2026-06-08T08:49:41.0000000Z;44.37;44.42;702;495
2026-06-08T08:49:43.0000000Z;44.37;44.43;844;721
2026-06-08T08:49:44.0000000Z;44.37;44.42;844;598
2026-06-08T08:49:45.0000000Z;44.37;44.42;844;495
2026-06-08T08:49:47.0000000Z;44.37;44.42;844;495
2026-06-08T08:49:49.0000000Z;44.37;44.42;844;495
2026-06-08T08:49:50.0000000Z;44.37;44.42;844;721
2026-06-08T08:50:01.0000000Z;44.37;44.42;844;495
2026-06-08T08:50:03.0000000Z;44.37;44.42;844;495
2026-06-08T08:50:04.0000000Z;44.37;44.42;844;495
2026-06-08T08:50:06.0000000Z;44.37;44.42;844;495
2026-06-08T08:50:07.0000000Z;44.36;44.415;470;802
2026-06-08T08:50:08.0000000Z;44.365;44.42;646;495
2026-06-08T08:50:10.0000000Z;44.365;44.42;646;721
2026-06-08T08:50:11.0000000Z;44.365;44.42;736;495
2026-06-08T08:50:12.0000000Z;44.365;44.42;736;721
2026-06-08T08:50:17.0000000Z;44.365;44.42;736;495
2026-06-08T08:50:18.0000000Z;44.365;44.42;736;495
2026-06-08T08:50:19.0000000Z;44.365;44.42;736;495
2026-06-08T08:50:20.0000000Z;44.375;44.415;808;201
2026-06-08T08:50:21.0000000Z;44.37;44.43;470;721
2026-06-08T08:50:23.0000000Z;44.37;44.42;470;518
2026-06-08T08:50:25.0000000Z;44.37;44.43;470;495
2026-06-08T08:50:26.0000000Z;44.37;44.425;470;687
2026-06-08T08:50:27.0000000Z;44.37;44.43;470;495
2026-06-08T08:50:28.0000000Z;44.37;44.43;470;721
2026-06-08T08:50:29.0000000Z;44.37;44.435;470;721
2026-06-08T08:50:30.0000000Z;44.375;44.425;470;752
2026-06-08T08:50:31.0000000Z;44.375;44.435;470;731
2026-06-08T08:50:32.0000000Z;44.375;44.435;470;731
2026-06-08T08:50:33.0000000Z;44.375;44.435;470;731
2026-06-08T08:50:34.0000000Z;44.375;44.435;470;505
2026-06-08T08:50:35.0000000Z;44.375;44.43;470;684
2026-06-08T08:50:37.0000000Z;44.375;44.43;470;684
2026-06-08T08:50:38.0000000Z;44.375;44.43;1107;684
2026-06-08T08:50:43.0000000Z;44.38;44.43;1107;794
2026-06-08T08:50:44.0000000Z;44.38;44.43;1107;794
2026-06-08T08:50:48.0000000Z;44.38;44.43;470;794
2026-06-08T08:50:51.0000000Z;44.38;44.43;470;794
2026-06-08T08:50:53.0000000Z;44.375;44.43;470;794
2026-06-08T08:50:55.0000000Z;44.375;44.435;470;505
2026-06-08T08:50:57.0000000Z;44.38;44.425;699;495
2026-06-08T08:50:58.0000000Z;44.38;44.425;699;495
2026-06-08T08:50:59.0000000Z;44.37;44.42;1107;719
2026-06-08T08:51:00.0000000Z;44.34;44.455;637;2713
2026-06-08T08:51:01.0000000Z;44.345;44.42;470;514
2026-06-08T08:51:02.0000000Z;44.365;44.42;470;527
2026-06-08T08:51:03.0000000Z;44.375;44.425;361;721
2026-06-08T08:51:04.0000000Z;44.375;44.425;504;721
2026-06-08T08:51:05.0000000Z;44.375;44.425;504;721
2026-06-08T08:51:06.0000000Z;44.375;44.42;504;226
2026-06-08T08:51:07.0000000Z;44.365;44.42;470;226
2026-06-08T08:51:08.0000000Z;44.365;44.415;637;3912
2026-06-08T08:51:09.0000000Z;44.37;44.42;715;566
2026-06-08T08:51:10.0000000Z;44.37;44.415;715;226
2026-06-08T08:51:11.0000000Z;44.37;44.42;809;226
2026-06-08T08:51:12.0000000Z;44.37;44.42;809;721
2026-06-08T08:51:13.0000000Z;44.37;44.42;809;721
2026-06-08T08:51:15.0000000Z;44.37;44.42;809;721
2026-06-08T08:51:16.0000000Z;44.365;44.42;1107;721
2026-06-08T08:51:17.0000000Z;44.365;44.42;1107;721
2026-06-08T08:51:18.0000000Z;44.365;44.41;637;514
2026-06-08T08:51:19.0000000Z;44.365;44.415;1107;599
2026-06-08T08:51:20.0000000Z;44.365;44.42;1107;495
2026-06-08T08:51:21.0000000Z;44.365;44.42;1107;495
2026-06-08T08:51:22.0000000Z;44.365;44.42;1107;721
2026-06-08T08:51:23.0000000Z;44.365;44.42;1107;721
2026-06-08T08:51:24.0000000Z;44.365;44.42;1107;495
2026-06-08T08:51:26.0000000Z;44.365;44.42;1107;495
2026-06-08T08:51:28.0000000Z;44.365;44.42;1107;495
2026-06-08T08:51:29.0000000Z;44.37;44.42;470;495
2026-06-08T08:51:30.0000000Z;44.375;44.42;644;495
2026-06-08T08:51:32.0000000Z;44.375;44.425;644;495
2026-06-08T08:51:34.0000000Z;44.375;44.425;701;495
2026-06-08T08:51:35.0000000Z;44.375;44.425;701;721
2026-06-08T08:51:38.0000000Z;44.37;44.425;470;495
2026-06-08T08:51:39.0000000Z;44.375;44.425;708;721
2026-06-08T08:51:40.0000000Z;44.375;44.425;708;721
2026-06-08T08:51:43.0000000Z;44.375;44.425;708;721
2026-06-08T08:51:44.0000000Z;44.365;44.42;470;226
2026-06-08T08:51:47.0000000Z;44.37;44.42;588;226
2026-06-08T08:51:53.0000000Z;44.37;44.42;588;226
2026-06-08T08:51:57.0000000Z;44.37;44.415;588;3908
2026-06-08T08:51:59.0000000Z;44.37;44.415;637;3908
2026-06-08T08:52:00.0000000Z;44.375;44.415;520;3908
2026-06-08T08:52:01.0000000Z;44.375;44.415;520;3908
2026-06-08T08:52:02.0000000Z;44.375;44.415;520;582
2026-06-08T08:52:03.0000000Z;44.375;44.415;520;582
2026-06-08T08:52:07.0000000Z;44.365;44.415;637;668
2026-06-08T08:52:08.0000000Z;44.365;44.415;637;668
2026-06-08T08:52:09.0000000Z;44.37;44.415;589;668
2026-06-08T08:52:17.0000000Z;44.37;44.415;589;668
2026-06-08T08:52:20.0000000Z;44.36;44.415;637;4069
2026-06-08T08:52:23.0000000Z;44.365;44.415;660;4069
2026-06-08T08:52:24.0000000Z;44.36;44.415;1107;4069
2026-06-08T08:52:25.0000000Z;44.36;44.415;1107;745
2026-06-08T08:52:38.0000000Z;44.36;44.415;1107;745
2026-06-08T08:52:41.0000000Z;44.36;44.415;1107;745
2026-06-08T08:52:46.0000000Z;44.37;44.415;637;745
2026-06-08T08:52:53.0000000Z;44.37;44.415;637;745
2026-06-08T08:52:54.0000000Z;44.365;44.415;637;745
2026-06-08T08:52:56.0000000Z;44.365;44.415;1107;745
2026-06-08T08:52:57.0000000Z;44.37;44.415;589;745
2026-06-08T08:53:01.0000000Z;44.37;44.415;589;745
2026-06-08T08:53:30.0000000Z;44.365;44.415;637;745
2026-06-08T08:53:33.0000000Z;44.365;44.415;637;731
2026-06-08T08:53:34.0000000Z;44.365;44.415;637;731
2026-06-08T08:53:36.0000000Z;44.365;44.415;637;505
2026-06-08T08:53:39.0000000Z;44.365;44.415;637;505
2026-06-08T08:53:40.0000000Z;44.37;44.415;638;721
2026-06-08T08:53:41.0000000Z;44.37;44.43;745;495
2026-06-08T08:53:42.0000000Z;44.37;44.42;745;721
2026-06-08T08:53:43.0000000Z;44.37;44.415;745;599
2026-06-08T08:53:45.0000000Z;44.37;44.415;745;495
2026-06-08T08:53:46.0000000Z;44.37;44.415;745;495
2026-06-08T08:53:47.0000000Z;44.37;44.415;745;495
2026-06-08T08:53:49.0000000Z;44.37;44.415;745;495
2026-06-08T08:53:50.0000000Z;44.37;44.415;745;721
2026-06-08T08:53:52.0000000Z;44.37;44.435;745;495
2026-06-08T08:53:53.0000000Z;44.37;44.415;745;721
2026-06-08T08:53:54.0000000Z;44.37;44.42;745;721
2026-06-08T08:53:55.0000000Z;44.37;44.415;745;599
2026-06-08T08:53:56.0000000Z;44.37;44.415;745;599
2026-06-08T08:53:57.0000000Z;44.37;44.415;745;599
2026-06-08T08:53:58.0000000Z;44.37;44.415;745;599
2026-06-08T08:54:00.0000000Z;44.37;44.415;745;599
2026-06-08T08:54:04.0000000Z;44.37;44.415;784;266
2026-06-08T08:54:05.0000000Z;44.37;44.425;784;226
2026-06-08T08:54:06.0000000Z;44.37;44.42;784;668
2026-06-08T08:54:07.0000000Z;44.37;44.42;784;721
2026-06-08T08:54:08.0000000Z;44.37;44.42;784;721
2026-06-08T08:54:09.0000000Z;44.37;44.42;784;495
2026-06-08T08:54:10.0000000Z;44.37;44.425;470;731
2026-06-08T08:54:11.0000000Z;44.37;44.425;470;731
2026-06-08T08:54:12.0000000Z;44.37;44.425;470;505
2026-06-08T08:54:13.0000000Z;44.37;44.425;470;731
2026-06-08T08:54:14.0000000Z;44.375;44.415;700;515
2026-06-08T08:54:15.0000000Z;44.375;44.42;700;721
2026-06-08T08:54:16.0000000Z;44.37;44.415;470;495
2026-06-08T08:54:17.0000000Z;44.37;44.41;470;430
2026-06-08T08:54:18.0000000Z;44.37;44.42;470;721
2026-06-08T08:54:20.0000000Z;44.37;44.43;1107;495
2026-06-08T08:54:21.0000000Z;44.37;44.42;1107;721
2026-06-08T08:54:31.0000000Z;44.37;44.42;1107;495
2026-06-08T08:54:33.0000000Z;44.37;44.42;1107;495
2026-06-08T08:54:35.0000000Z;44.37;44.42;1107;495
2026-06-08T08:54:37.0000000Z;44.37;44.42;1107;495
2026-06-08T08:54:38.0000000Z;44.37;44.42;1107;495
2026-06-08T08:54:39.0000000Z;44.37;44.42;1107;495
2026-06-08T08:54:41.0000000Z;44.37;44.42;1107;13500
2026-06-08T08:54:42.0000000Z;44.375;44.425;720;495
2026-06-08T08:54:43.0000000Z;44.38;44.425;506;495
2026-06-08T08:54:44.0000000Z;44.38;44.425;641;505
2026-06-08T08:54:45.0000000Z;44.375;44.425;485;731
2026-06-08T08:54:46.0000000Z;44.375;44.425;13985;731
2026-06-08T08:54:47.0000000Z;44.375;44.425;13985;731
2026-06-08T08:54:48.0000000Z;44.375;44.425;485;731
2026-06-08T08:54:51.0000000Z;44.375;44.425;470;505
2026-06-08T08:54:52.0000000Z;44.375;44.425;470;505
2026-06-08T08:54:58.0000000Z;44.375;44.425;470;505
2026-06-08T08:54:59.0000000Z;44.37;44.425;637;505
2026-06-08T08:55:00.0000000Z;44.375;44.42;637;495
2026-06-08T08:55:01.0000000Z;44.38;44.42;773;13500
2026-06-08T08:55:02.0000000Z;44.33;44.44;1286;495
2026-06-08T08:55:03.0000000Z;44.33;44.42;1286;802
2026-06-08T08:55:04.0000000Z;44.33;44.42;1286;495
2026-06-08T08:55:05.0000000Z;44.375;44.42;13500;495
2026-06-08T08:55:06.0000000Z;44.37;44.42;1127;495
2026-06-08T08:55:07.0000000Z;44.375;44.425;693;495
2026-06-08T08:55:08.0000000Z;44.375;44.43;737;495
2026-06-08T08:55:09.0000000Z;44.355;44.43;809;721
2026-06-08T08:55:10.0000000Z;44.355;44.43;859;721
2026-06-08T08:55:12.0000000Z;44.375;44.43;470;495
2026-06-08T08:55:13.0000000Z;44.38;44.43;575;495
2026-06-08T08:55:14.0000000Z;44.38;44.43;575;721
2026-06-08T08:55:15.0000000Z;44.375;44.425;573;721
2026-06-08T08:55:16.0000000Z;44.375;44.425;14073;721
2026-06-08T08:55:18.0000000Z;44.37;44.415;470;495
2026-06-08T08:55:20.0000000Z;44.37;44.415;470;495
2026-06-08T08:55:21.0000000Z;44.37;44.415;470;495
2026-06-08T08:55:22.0000000Z;44.37;44.42;470;721
2026-06-08T08:55:23.0000000Z;44.36;44.41;637;501
2026-06-08T08:55:24.0000000Z;44.375;44.415;773;13500
2026-06-08T08:55:25.0000000Z;44.375;44.415;773;495
2026-06-08T08:55:27.0000000Z;44.375;44.415;773;721
2026-06-08T08:55:29.0000000Z;44.375;44.415;773;495
2026-06-08T08:55:30.0000000Z;44.375;44.415;773;721
2026-06-08T08:55:31.0000000Z;44.375;44.415;773;721
2026-06-08T08:55:32.0000000Z;44.375;44.415;773;721
2026-06-08T08:55:34.0000000Z;44.375;44.415;773;495
2026-06-08T08:55:36.0000000Z;44.375;44.415;773;495
2026-06-08T08:55:38.0000000Z;44.375;44.415;773;495
2026-06-08T08:55:39.0000000Z;44.365;44.41;637;599
2026-06-08T08:55:40.0000000Z;44.365;44.41;637;599
2026-06-08T08:55:42.0000000Z;44.37;44.41;507;599
2026-06-08T08:55:43.0000000Z;44.36;44.41;637;685
2026-06-08T08:55:44.0000000Z;44.36;44.41;637;685
2026-06-08T08:55:45.0000000Z;44.36;44.415;1107;495
2026-06-08T08:55:46.0000000Z;44.36;44.415;1107;495
2026-06-08T08:55:47.0000000Z;44.365;44.415;660;495
2026-06-08T08:55:49.0000000Z;44.365;44.415;660;721
2026-06-08T08:55:50.0000000Z;44.365;44.415;859;495
2026-06-08T08:55:51.0000000Z;44.365;44.415;859;721
2026-06-08T08:55:53.0000000Z;44.365;44.415;859;495
2026-06-08T08:55:54.0000000Z;44.36;44.41;637;687
2026-06-08T08:55:55.0000000Z;44.36;44.41;637;687
2026-06-08T08:55:56.0000000Z;44.36;44.41;637;196
2026-06-08T08:55:57.0000000Z;44.36;44.415;1107;721
2026-06-08T08:55:58.0000000Z;44.325;44.41;637;795
2026-06-08T08:56:00.0000000Z;44.335;44.41;1021;795
2026-06-08T08:56:02.0000000Z;44.36;44.41;377;795
2026-06-08T08:56:07.0000000Z;44.335;44.415;1083;495
2026-06-08T08:56:08.0000000Z;44.345;44.425;1021;721
2026-06-08T08:56:09.0000000Z;44.365;44.425;637;721
2026-06-08T08:56:10.0000000Z;44.365;44.425;637;721
2026-06-08T08:56:12.0000000Z;44.365;44.415;637;512
2026-06-08T08:56:13.0000000Z;44.365;44.37;13500;13500
2026-06-08T08:56:14.0000000Z;44.365;44.42;1107;495
2026-06-08T08:56:15.0000000Z;44.37;44.415;577;597
2026-06-08T08:56:16.0000000Z;44.37;44.42;628;495
2026-06-08T08:56:18.0000000Z;44.37;44.425;649;721
2026-06-08T08:56:19.0000000Z;44.37;44.425;649;721
2026-06-08T08:56:20.0000000Z;44.37;44.42;649;721
2026-06-08T08:56:21.0000000Z;44.37;44.42;649;721
2026-06-08T08:56:22.0000000Z;44.37;44.425;708;721
2026-06-08T08:56:24.0000000Z;44.37;44.42;708;721
2026-06-08T08:56:25.0000000Z;44.37;44.42;708;721
2026-06-08T08:56:26.0000000Z;44.37;44.415;859;266
2026-06-08T08:56:27.0000000Z;44.37;44.43;859;226
2026-06-08T08:56:28.0000000Z;44.37;44.42;859;581
2026-06-08T08:56:29.0000000Z;44.37;44.42;859;685
2026-06-08T08:56:34.0000000Z;44.37;44.415;859;582
2026-06-08T08:56:35.0000000Z;44.37;44.425;859;721
2026-06-08T08:56:36.0000000Z;44.37;44.425;859;495
2026-06-08T08:56:38.0000000Z;44.37;44.425;859;495
2026-06-08T08:56:39.0000000Z;44.37;44.455;859;494
2026-06-08T08:56:40.0000000Z;44.37;44.425;859;495
2026-06-08T08:56:42.0000000Z;44.37;44.425;859;495
2026-06-08T08:56:44.0000000Z;44.37;44.425;859;495
2026-06-08T08:56:45.0000000Z;44.37;44.425;470;495
2026-06-08T08:56:46.0000000Z;44.37;44.425;1107;495
2026-06-08T08:56:47.0000000Z;44.37;44.425;1107;495
2026-06-08T08:56:48.0000000Z;44.375;44.43;637;495
2026-06-08T08:56:49.0000000Z;44.375;44.43;637;721
2026-06-08T08:56:50.0000000Z;44.375;44.43;1107;495
2026-06-08T08:56:52.0000000Z;44.375;44.435;1107;721
2026-06-08T08:56:53.0000000Z;44.38;44.435;470;721
2026-06-08T08:56:54.0000000Z;44.38;44.43;1107;597
2026-06-08T08:56:55.0000000Z;44.38;44.435;1107;721
2026-06-08T08:56:56.0000000Z;44.38;44.43;637;689
2026-06-08T08:56:57.0000000Z;44.38;44.43;637;689
2026-06-08T08:56:58.0000000Z;44.385;44.455;809;225
2026-06-08T08:56:59.0000000Z;44.385;44.43;809;495
2026-06-08T08:56:59.0000000Z;44.385;44.43;809;721
2026-06-08T08:57:00.0000000Z;44.385;44.43;809;721
2026-06-08T08:57:05.0000000Z;44.375;44.425;637;687
2026-06-08T08:57:07.0000000Z;44.375;44.44;637;495
2026-06-08T08:57:08.0000000Z;44.38;44.425;576;14098
2026-06-08T08:57:09.0000000Z;44.38;44.425;576;14098
2026-06-08T08:57:10.0000000Z;44.38;44.425;576;598
2026-06-08T08:57:11.0000000Z;44.38;44.425;859;196
2026-06-08T08:57:12.0000000Z;44.375;44.425;1107;495
2026-06-08T08:57:13.0000000Z;44.375;44.42;637;599
2026-06-08T08:57:14.0000000Z;44.375;44.425;637;495
2026-06-08T08:57:15.0000000Z;44.375;44.42;1107;196
2026-06-08T08:57:16.0000000Z;44.375;44.43;1107;495
2026-06-08T08:57:17.0000000Z;44.375;44.42;1107;426
2026-06-08T08:57:18.0000000Z;44.375;44.425;1107;597
2026-06-08T08:57:20.0000000Z;44.375;44.43;1107;495
2026-06-08T08:57:22.0000000Z;44.385;44.43;637;495
2026-06-08T08:57:23.0000000Z;44.38;44.425;499;752
2026-06-08T08:57:24.0000000Z;44.38;44.43;14160;721
2026-06-08T08:57:25.0000000Z;44.38;44.43;470;721
2026-06-08T08:57:26.0000000Z;44.38;44.425;470;495
2026-06-08T08:57:28.0000000Z;44.38;44.425;470;495
2026-06-08T08:57:30.0000000Z;44.38;44.435;470;721
2026-06-08T08:57:31.0000000Z;44.385;44.43;505;495
2026-06-08T08:57:33.0000000Z;44.38;44.43;470;721
2026-06-08T08:57:34.0000000Z;44.38;44.425;637;512
2026-06-08T08:57:36.0000000Z;44.385;44.43;646;721
2026-06-08T08:57:37.0000000Z;44.38;44.435;1107;721
2026-06-08T08:57:38.0000000Z;44.38;44.43;1107;598
2026-06-08T08:57:40.0000000Z;44.38;44.43;1107;598
2026-06-08T08:57:41.0000000Z;44.38;44.435;1107;731
2026-06-08T08:57:43.0000000Z;44.385;44.435;470;731
2026-06-08T08:57:44.0000000Z;44.39;44.435;505;731
2026-06-08T08:57:48.0000000Z;44.38;44.425;470;751
2026-06-08T08:57:50.0000000Z;44.38;44.435;470;721
2026-06-08T08:57:52.0000000Z;44.38;44.43;470;604
2026-06-08T08:57:53.0000000Z;44.39;44.43;808;196
2026-06-08T08:57:54.0000000Z;44.385;44.435;571;721
2026-06-08T08:57:55.0000000Z;44.385;44.44;637;721
2026-06-08T08:57:56.0000000Z;44.385;44.44;637;721
2026-06-08T08:57:58.0000000Z;44.385;44.435;637;598
2026-06-08T08:58:01.0000000Z;44.385;44.435;637;598
2026-06-08T08:58:02.0000000Z;44.385;44.435;637;495
2026-06-08T08:58:03.0000000Z;44.385;44.43;637;510
2026-06-08T08:58:04.0000000Z;44.385;44.43;637;510
2026-06-08T08:58:05.0000000Z;44.385;44.435;637;721
2026-06-08T08:58:06.0000000Z;44.385;44.435;637;13500
2026-06-08T08:58:07.0000000Z;44.385;44.44;637;721
2026-06-08T08:58:08.0000000Z;44.385;44.435;637;595
2026-06-08T08:58:09.0000000Z;44.385;44.44;637;721
2026-06-08T08:58:12.0000000Z;44.385;44.435;1107;596
2026-06-08T08:58:13.0000000Z;44.385;44.44;1107;721
2026-06-08T08:58:15.0000000Z;44.385;44.435;1107;495
2026-06-08T08:58:16.0000000Z;44.385;44.43;1107;510
2026-06-08T08:58:17.0000000Z;44.385;44.435;1107;13500
2026-06-08T08:58:18.0000000Z;44.385;44.44;1107;343
2026-06-08T08:58:19.0000000Z;44.385;44.465;1107;494
2026-06-08T08:58:20.0000000Z;44.385;44.465;1107;878
2026-06-08T08:58:21.0000000Z;44.385;44.455;1107;494
2026-06-08T08:58:22.0000000Z;44.385;44.45;637;684
2026-06-08T08:58:23.0000000Z;44.385;44.465;637;494
2026-06-08T08:58:24.0000000Z;44.385;44.465;637;802
2026-06-08T08:58:25.0000000Z;44.385;44.455;637;494
2026-06-08T08:58:26.0000000Z;44.385;44.465;637;878
2026-06-08T08:58:27.0000000Z;44.385;44.455;637;494
2026-06-08T08:58:28.0000000Z;44.385;44.46;1107;878
2026-06-08T08:58:29.0000000Z;44.385;44.47;1107;494
2026-06-08T08:58:30.0000000Z;44.385;44.46;1107;494
2026-06-08T08:58:31.0000000Z;44.385;44.46;1107;494
2026-06-08T08:58:34.0000000Z;44.385;44.46;1107;494
2026-06-08T08:58:36.0000000Z;44.385;44.46;1107;878
2026-06-08T08:58:37.0000000Z;44.385;44.46;1107;878
2026-06-08T08:58:43.0000000Z;44.385;44.46;1107;878
2026-06-08T08:58:44.0000000Z;44.385;44.46;1107;494
2026-06-08T08:58:47.0000000Z;44.385;44.46;1107;494
2026-06-08T08:58:48.0000000Z;44.385;44.46;1107;494
2026-06-08T08:58:49.0000000Z;44.385;44.46;1107;504
2026-06-08T08:58:52.0000000Z;44.385;44.46;1107;504
2026-06-08T08:58:53.0000000Z;44.385;44.46;1107;888
2026-06-08T08:58:57.0000000Z;44.385;44.46;1107;504
2026-06-08T08:58:58.0000000Z;44.385;44.46;1107;504
2026-06-08T08:59:02.0000000Z;44.385;44.46;1107;888
2026-06-08T08:59:03.0000000Z;44.385;44.46;1107;504
2026-06-08T08:59:05.0000000Z;44.385;44.46;1107;888
2026-06-08T08:59:06.0000000Z;44.385;44.46;1107;504
2026-06-08T08:59:07.0000000Z;44.385;44.46;1107;504
2026-06-08T08:59:11.0000000Z;44.385;44.46;637;504
2026-06-08T08:59:13.0000000Z;44.385;44.46;637;888
2026-06-08T08:59:14.0000000Z;44.385;44.46;637;504
2026-06-08T08:59:15.0000000Z;44.385;44.435;637;596
2026-06-08T08:59:16.0000000Z;44.385;44.44;637;495
2026-06-08T08:59:18.0000000Z;44.385;44.44;637;495
2026-06-08T08:59:19.0000000Z;44.385;44.44;1107;495
2026-06-08T08:59:20.0000000Z;44.385;44.435;1107;265
2026-06-08T08:59:21.0000000Z;44.385;44.45;1107;719
2026-06-08T08:59:22.0000000Z;44.395;44.45;637;494
2026-06-08T08:59:23.0000000Z;44.395;44.45;637;719
2026-06-08T08:59:25.0000000Z;44.395;44.45;637;494
2026-06-08T08:59:26.0000000Z;44.395;44.45;637;719
2026-06-08T08:59:27.0000000Z;44.37;44.445;637;802
2026-06-08T08:59:28.0000000Z;44.4;44.45;606;719
2026-06-08T08:59:29.0000000Z;44.385;44.45;737;494
2026-06-08T08:59:30.0000000Z;44.38;44.45;737;494
2026-06-08T08:59:31.0000000Z;44.38;44.45;737;719
2026-06-08T08:59:40.0000000Z;44.365;44.44;1021;495
2026-06-08T08:59:41.0000000Z;44.365;44.44;637;721
2026-06-08T08:59:43.0000000Z;44.365;44.44;637;721
2026-06-08T08:59:45.0000000Z;44.365;44.44;637;721
2026-06-08T08:59:46.0000000Z;44.365;44.435;637;226
2026-06-08T08:59:47.0000000Z;44.375;44.44;808;226
2026-06-08T08:59:49.0000000Z;44.375;44.43;808;794
2026-06-08T08:59:50.0000000Z;44.375;44.435;808;495
2026-06-08T08:59:52.0000000Z;44.375;44.435;808;495
2026-06-08T08:59:54.0000000Z;44.375;44.435;808;495
2026-06-08T08:59:55.0000000Z;44.375;44.435;808;721
2026-06-08T08:59:57.0000000Z;44.375;44.44;808;721
2026-06-08T08:59:58.0000000Z;44.375;44.44;1107;721
2026-06-08T08:59:59.0000000Z;44.375;44.435;1107;752
2026-06-08T09:00:00.0000000Z;44.38;44.46;637;494
2026-06-08T09:00:01.0000000Z;44.38;44.46;637;719
2026-06-08T09:00:02.0000000Z;44.385;44.46;4133;494
2026-06-08T09:00:03.0000000Z;44.38;44.45;637;795
2026-06-08T09:00:05.0000000Z;44.38;44.455;637;802
2026-06-08T09:00:06.0000000Z;44.38;44.46;637;719
2026-06-08T09:00:10.0000000Z;44.38;44.45;637;494
2026-06-08T09:00:12.0000000Z;44.38;44.46;1107;719
2026-06-08T09:00:13.0000000Z;44.38;44.47;1107;719
2026-06-08T09:00:15.0000000Z;44.37;44.46;637;802
2026-06-08T09:00:16.0000000Z;44.385;44.46;808;802
2026-06-08T09:00:17.0000000Z;44.37;44.47;637;1302
2026-06-08T09:00:18.0000000Z;44.365;44.435;637;495
2026-06-08T09:00:19.0000000Z;44.375;44.43;589;226
2026-06-08T09:00:21.0000000Z;44.375;44.43;589;226
2026-06-08T09:00:23.0000000Z;44.385;44.43;637;226
2026-06-08T09:00:24.0000000Z;44.39;44.43;451;226
2026-06-08T09:00:27.0000000Z;44.385;44.43;637;226
2026-06-08T09:00:28.0000000Z;44.39;44.43;3776;226
2026-06-08T09:00:29.0000000Z;44.39;44.43;3774;226
2026-06-08T09:00:40.0000000Z;44.39;44.43;3774;226
2026-06-08T09:00:41.0000000Z;44.385;44.43;1107;226
2026-06-08T09:00:45.0000000Z;44.385;44.43;1107;13500
2026-06-08T09:00:46.0000000Z;44.385;44.45;1107;494
2026-06-08T09:00:47.0000000Z;44.385;44.43;1107;13500
2026-06-08T09:00:48.0000000Z;44.385;44.43;1107;721
2026-06-08T09:00:49.0000000Z;44.385;44.43;1107;495
2026-06-08T09:00:50.0000000Z;44.385;44.43;1107;13500
2026-06-08T09:00:51.0000000Z;44.385;44.43;1107;13500
2026-06-08T09:00:53.0000000Z;44.385;44.44;1107;721
2026-06-08T09:00:55.0000000Z;44.385;44.435;1107;598
2026-06-08T09:00:57.0000000Z;44.385;44.43;1107;495
2026-06-08T09:00:58.0000000Z;44.385;44.435;1107;226
2026-06-08T09:01:00.0000000Z;44.385;44.445;1107;225
2026-06-08T09:01:01.0000000Z;44.385;44.435;1107;598
2026-06-08T09:01:04.0000000Z;44.385;44.435;637;721
2026-06-08T09:01:05.0000000Z;44.385;44.435;637;721
2026-06-08T09:01:06.0000000Z;44.385;44.44;637;226
2026-06-08T09:01:09.0000000Z;44.385;44.435;637;495
2026-06-08T09:01:11.0000000Z;44.385;44.435;637;495
2026-06-08T09:01:13.0000000Z;44.395;44.435;859;495
2026-06-08T09:01:15.0000000Z;44.395;44.435;859;495
2026-06-08T09:01:17.0000000Z;44.395;44.43;859;510
2026-06-08T09:01:18.0000000Z;44.395;44.435;859;495
2026-06-08T09:01:19.0000000Z;44.395;44.44;859;721
2026-06-08T09:01:20.0000000Z;44.395;44.44;437;721
2026-06-08T09:01:21.0000000Z;44.395;44.44;575;495
2026-06-08T09:01:22.0000000Z;44.395;44.44;575;721
2026-06-08T09:01:23.0000000Z;44.395;44.44;575;495
2026-06-08T09:01:24.0000000Z;44.395;44.445;844;719
2026-06-08T09:01:25.0000000Z;44.385;44.445;1107;719
2026-06-08T09:01:26.0000000Z;44.385;44.445;1107;494
2026-06-08T09:01:27.0000000Z;44.395;44.44;859;683
2026-06-08T09:01:28.0000000Z;44.395;44.445;859;494
2026-06-08T09:01:30.0000000Z;44.395;44.445;859;494
2026-06-08T09:01:31.0000000Z;44.395;44.445;859;494
2026-06-08T09:01:32.0000000Z;44.395;44.445;859;719
2026-06-08T09:01:34.0000000Z;44.395;44.445;859;494
2026-06-08T09:01:36.0000000Z;44.395;44.48;859;494
2026-06-08T09:01:37.0000000Z;44.395;44.455;637;719
2026-06-08T09:01:38.0000000Z;44.395;44.455;637;719
2026-06-08T09:01:39.0000000Z;44.395;44.445;637;511
2026-06-08T09:01:41.0000000Z;44.395;44.445;637;596
2026-06-08T09:01:42.0000000Z;44.395;44.455;1107;494
2026-06-08T09:01:43.0000000Z;44.405;44.455;637;494
2026-06-08T09:01:44.0000000Z;44.405;44.455;637;494
2026-06-08T09:01:45.0000000Z;44.405;44.45;637;509
2026-06-08T09:01:46.0000000Z;44.405;44.455;637;494
2026-06-08T09:01:47.0000000Z;44.405;44.455;637;504
2026-06-08T09:01:48.0000000Z;44.405;44.455;637;504
2026-06-08T09:01:51.0000000Z;44.4;44.455;679;729
2026-06-08T09:01:52.0000000Z;44.4;44.455;679;504
2026-06-08T09:01:53.0000000Z;44.4;44.455;679;504
2026-06-08T09:01:55.0000000Z;44.4;44.455;679;729
2026-06-08T09:02:00.0000000Z;44.4;44.445;679;494
2026-06-08T09:02:01.0000000Z;44.4;44.44;679;565
2026-06-08T09:02:02.0000000Z;44.41;44.445;388;494
2026-06-08T09:02:04.0000000Z;44.41;44.445;388;494
2026-06-08T09:02:06.0000000Z;44.41;44.445;388;494
2026-06-08T09:02:07.0000000Z;44.41;44.49;808;1070
2026-06-08T09:02:08.0000000Z;44.405;44.44;3700;495
2026-06-08T09:02:09.0000000Z;44.405;44.44;3700;495
2026-06-08T09:02:10.0000000Z;44.405;44.445;3760;719
2026-06-08T09:02:11.0000000Z;44.405;44.445;3760;13500
2026-06-08T09:02:12.0000000Z;44.41;44.445;438;13500
2026-06-08T09:02:13.0000000Z;44.41;44.45;438;225
2026-06-08T09:02:14.0000000Z;44.405;44.44;3760;226
2026-06-08T09:02:15.0000000Z;44.405;44.44;3760;226
2026-06-08T09:02:17.0000000Z;44.405;44.44;3760;226
2026-06-08T09:02:28.0000000Z;44.405;44.44;3760;226
2026-06-08T09:02:35.0000000Z;44.41;44.44;808;13500
2026-06-08T09:02:36.0000000Z;44.4;44.45;679;494
2026-06-08T09:02:37.0000000Z;44.4;44.44;679;341
2026-06-08T09:02:38.0000000Z;44.4;44.45;679;494
2026-06-08T09:02:40.0000000Z;44.4;44.455;679;494
2026-06-08T09:02:41.0000000Z;44.4;44.45;1149;596
2026-06-08T09:02:42.0000000Z;44.41;44.45;520;596
2026-06-08T09:02:43.0000000Z;44.405;44.455;3898;719
2026-06-08T09:02:44.0000000Z;44.41;44.455;575;494
2026-06-08T09:02:45.0000000Z;44.405;44.455;3898;719
2026-06-08T09:02:46.0000000Z;44.41;44.455;556;494
2026-06-08T09:02:47.0000000Z;44.41;44.455;556;494
2026-06-08T09:02:48.0000000Z;44.41;44.455;575;494
2026-06-08T09:02:49.0000000Z;44.405;44.455;3898;719
2026-06-08T09:02:51.0000000Z;44.4;44.445;679;494
2026-06-08T09:02:52.0000000Z;44.4;44.445;679;494
2026-06-08T09:02:53.0000000Z;44.4;44.445;679;14011
2026-06-08T09:02:55.0000000Z;44.41;44.45;506;719
2026-06-08T09:02:57.0000000Z;44.41;44.45;506;494
2026-06-08T09:02:58.0000000Z;44.4;44.45;1149;494
2026-06-08T09:03:00.0000000Z;44.41;44.46;773;494
2026-06-08T09:03:01.0000000Z;44.41;44.48;773;494
2026-06-08T09:03:02.0000000Z;44.41;44.45;507;494
2026-06-08T09:03:04.0000000Z;44.41;44.45;507;494
2026-06-08T09:03:05.0000000Z;44.41;44.45;507;504
2026-06-08T09:03:06.0000000Z;44.41;44.445;57;507
2026-06-08T09:03:10.0000000Z;44.405;44.45;3829;729
2026-06-08T09:03:11.0000000Z;44.4;44.45;679;729
2026-06-08T09:03:12.0000000Z;44.41;44.445;379;508
2026-06-08T09:03:13.0000000Z;44.41;44.45;379;504
2026-06-08T09:03:16.0000000Z;44.405;44.45;3831;504
2026-06-08T09:03:17.0000000Z;44.4;44.445;679;580
2026-06-08T09:03:23.0000000Z;44.405;44.445;3831;580
2026-06-08T09:03:29.0000000Z;44.4;44.445;679;580
2026-06-08T09:03:32.0000000Z;44.4;44.45;679;729
2026-06-08T09:03:38.0000000Z;44.405;44.435;3700;342
2026-06-08T09:03:39.0000000Z;44.41;44.445;317;719
2026-06-08T09:03:41.0000000Z;44.41;44.445;437;719
2026-06-08T09:03:44.0000000Z;44.4;44.435;679;462
2026-06-08T09:03:45.0000000Z;44.405;44.435;388;462
2026-06-08T09:03:46.0000000Z;44.41;44.475;737;225
2026-06-08T09:03:47.0000000Z;44.41;44.475;737;225
2026-06-08T09:03:48.0000000Z;44.405;44.44;3760;495
2026-06-08T09:03:50.0000000Z;44.41;44.44;437;495
2026-06-08T09:03:51.0000000Z;44.41;44.445;437;719
2026-06-08T09:03:52.0000000Z;44.41;44.445;506;719
2026-06-08T09:03:54.0000000Z;44.41;44.445;506;494
2026-06-08T09:03:56.0000000Z;44.41;44.445;506;719
2026-06-08T09:03:57.0000000Z;44.41;44.445;506;494
2026-06-08T09:03:58.0000000Z;44.41;44.445;506;494
2026-06-08T09:03:59.0000000Z;44.41;44.445;506;719
2026-06-08T09:04:00.0000000Z;44.41;44.46;737;494
2026-06-08T09:04:01.0000000Z;44.41;44.445;506;494
2026-06-08T09:04:02.0000000Z;44.41;44.44;506;425
2026-06-08T09:04:03.0000000Z;44.41;44.445;437;494
2026-06-08T09:04:05.0000000Z;44.41;44.445;506;494
2026-06-08T09:04:07.0000000Z;44.4;44.445;679;494
2026-06-08T09:04:09.0000000Z;44.41;44.445;437;494
2026-06-08T09:04:11.0000000Z;44.4;44.445;1149;494
2026-06-08T09:04:13.0000000Z;44.41;44.445;438;494
2026-06-08T09:04:14.0000000Z;44.405;44.445;3762;494
2026-06-08T09:04:15.0000000Z;44.405;44.445;3762;494
2026-06-08T09:04:17.0000000Z;44.405;44.445;3762;494
2026-06-08T09:04:19.0000000Z;44.4;44.445;679;494
2026-06-08T09:04:20.0000000Z;44.405;44.445;637;494
2026-06-08T09:04:21.0000000Z;44.41;44.445;645;13500
2026-06-08T09:04:22.0000000Z;44.41;44.45;645;719
2026-06-08T09:04:23.0000000Z;44.4;44.44;42;411
2026-06-08T09:04:24.0000000Z;44.4;44.45;1149;719
2026-06-08T09:04:25.0000000Z;44.4;44.445;679;583
2026-06-08T09:04:26.0000000Z;44.41;44.45;506;494
2026-06-08T09:04:27.0000000Z;44.4;44.45;42;719
2026-06-08T09:04:28.0000000Z;44.41;44.45;859;225
2026-06-08T09:04:30.0000000Z;44.41;44.455;859;719
2026-06-08T09:04:31.0000000Z;44.41;44.455;859;1390
2026-06-08T09:04:32.0000000Z;44.41;44.45;859;494
2026-06-08T09:04:33.0000000Z;44.41;44.45;859;494
2026-06-08T09:04:34.0000000Z;44.41;44.45;859;719
2026-06-08T09:04:36.0000000Z;44.41;44.445;859;425
2026-06-08T09:04:37.0000000Z;44.41;44.45;859;719
2026-06-08T09:04:38.0000000Z;44.41;44.445;859;425
2026-06-08T09:04:39.0000000Z;44.41;44.45;859;494
2026-06-08T09:04:40.0000000Z;44.41;44.45;859;13500
2026-06-08T09:04:41.0000000Z;44.41;44.45;859;719
2026-06-08T09:04:43.0000000Z;44.41;44.45;859;494
2026-06-08T09:04:45.0000000Z;44.41;44.45;859;494
2026-06-08T09:04:46.0000000Z;44.41;44.45;859;719
2026-06-08T09:04:49.0000000Z;44.41;44.445;859;425
2026-06-08T09:04:50.0000000Z;44.4;44.445;679;581
2026-06-08T09:04:51.0000000Z;44.41;44.445;437;581
2026-06-08T09:04:53.0000000Z;44.4;44.445;679;581
2026-06-08T09:04:54.0000000Z;44.405;44.445;14006;581
2026-06-08T09:04:56.0000000Z;44.405;44.445;506;581
2026-06-08T09:04:59.0000000Z;44.41;44.445;437;581
2026-06-08T09:05:00.0000000Z;44.41;44.445;437;225
2026-06-08T09:05:01.0000000Z;44.41;44.445;453;13500
2026-06-08T09:05:02.0000000Z;44.405;44.45;13500;719
2026-06-08T09:05:04.0000000Z;44.405;44.45;506;13500
2026-06-08T09:05:06.0000000Z;44.405;44.445;637;511
2026-06-08T09:05:07.0000000Z;44.41;44.445;437;511
2026-06-08T09:05:12.0000000Z;44.405;44.445;637;511
2026-06-08T09:05:14.0000000Z;44.41;44.45;843;13500
2026-06-08T09:05:15.0000000Z;44.41;44.45;843;719
2026-06-08T09:05:16.0000000Z;44.4;44.445;42;719
2026-06-08T09:05:19.0000000Z;44.4;44.445;42;719
2026-06-08T09:05:20.0000000Z;44.405;44.445;387;719
2026-06-08T09:05:21.0000000Z;44.4;44.445;13500;13500
2026-06-08T09:05:22.0000000Z;44.405;44.445;13500;13500
2026-06-08T09:05:24.0000000Z;44.4;44.44;42;495
2026-06-08T09:05:25.0000000Z;44.4;44.44;42;721
2026-06-08T09:05:26.0000000Z;44.405;44.445;520;719
2026-06-08T09:05:27.0000000Z;44.405;44.44;520;495
2026-06-08T09:05:29.0000000Z;44.4;44.44;679;495
2026-06-08T09:05:31.0000000Z;44.4;44.44;42;721
2026-06-08T09:05:33.0000000Z;44.4;44.44;42;721
2026-06-08T09:05:35.0000000Z;44.4;44.44;42;721
2026-06-08T09:05:37.0000000Z;44.405;44.44;637;13500
2026-06-08T09:05:38.0000000Z;44.405;44.435;637;13500
2026-06-08T09:05:39.0000000Z;44.4;44.435;42;721
2026-06-08T09:05:40.0000000Z;44.4;44.435;42;226
2026-06-08T09:05:41.0000000Z;44.4;44.44;42;226
2026-06-08T09:05:42.0000000Z;44.4;44.435;13500;13962
2026-06-08T09:05:43.0000000Z;44.4;44.435;13500;13962
2026-06-08T09:05:44.0000000Z;44.4;44.435;13500;462
2026-06-08T09:05:47.0000000Z;44.4;44.44;13500;721
2026-06-08T09:05:51.0000000Z;44.4;44.44;13500;721
2026-06-08T09:05:52.0000000Z;44.4;44.445;13500;225
2026-06-08T09:05:53.0000000Z;44.4;44.435;13500;446
2026-06-08T09:05:54.0000000Z;44.4;44.44;13500;618
2026-06-08T09:05:55.0000000Z;44.38;44.425;637;584
2026-06-08T09:05:57.0000000Z;44.38;44.44;637;226
2026-06-08T09:05:58.0000000Z;44.37;44.43;1107;226
2026-06-08T09:05:59.0000000Z;44.395;44.425;42;426
2026-06-08T09:06:00.0000000Z;44.395;44.43;42;14168
2026-06-08T09:06:02.0000000Z;44.38;44.43;660;668
2026-06-08T09:06:05.0000000Z;44.375;44.43;1107;668
2026-06-08T09:06:07.0000000Z;44.38;44.445;808;225
2026-06-08T09:06:08.0000000Z;44.38;44.435;808;226
2026-06-08T09:06:09.0000000Z;44.38;44.44;808;495
2026-06-08T09:06:13.0000000Z;44.38;44.43;844;600
2026-06-08T09:06:14.0000000Z;44.375;44.435;637;226
2026-06-08T09:06:16.0000000Z;44.375;44.44;637;495
2026-06-08T09:06:17.0000000Z;44.375;44.435;637;226
2026-06-08T09:06:18.0000000Z;44.37;44.435;637;495
2026-06-08T09:06:19.0000000Z;44.37;44.43;637;226
2026-06-08T09:06:20.0000000Z;44.375;44.43;660;226
2026-06-08T09:06:23.0000000Z;44.375;44.45;859;494
2026-06-08T09:06:24.0000000Z;44.375;44.43;859;510
2026-06-08T09:06:25.0000000Z;44.365;44.43;1021;683
2026-06-08T09:06:26.0000000Z;44.37;44.445;859;802
2026-06-08T09:06:27.0000000Z;44.365;44.455;1491;1089
2026-06-08T09:06:28.0000000Z;44.365;44.455;1491;1089
2026-06-08T09:06:30.0000000Z;44.365;44.455;1491;1089
2026-06-08T09:06:31.0000000Z;44.365;44.455;1107;1089
2026-06-08T09:06:32.0000000Z;44.365;44.455;1107;1089
2026-06-08T09:06:35.0000000Z;44.365;44.455;637;1089
2026-06-08T09:06:37.0000000Z;44.36;44.455;495;1089
2026-06-08T09:06:40.0000000Z;44.365;44.455;859;1089
2026-06-08T09:06:41.0000000Z;44.36;44.455;965;1089
2026-06-08T09:06:45.0000000Z;44.36;44.455;965;1089
2026-06-08T09:06:46.0000000Z;44.36;44.455;965;1089
2026-06-08T09:06:50.0000000Z;44.37;44.455;495;1089
2026-06-08T09:06:53.0000000Z;44.37;44.455;495;1099
2026-06-08T09:06:57.0000000Z;44.37;44.455;495;1099
2026-06-08T09:06:59.0000000Z;44.37;44.455;495;1099
2026-06-08T09:06:59.0000000Z;44.365;44.455;495;1099
2026-06-08T09:07:01.0000000Z;44.37;44.455;859;1099
2026-06-08T09:07:04.0000000Z;44.37;44.455;859;1099
2026-06-08T09:07:06.0000000Z;44.36;44.455;495;1099
2026-06-08T09:07:08.0000000Z;44.36;44.455;495;1099
2026-06-08T09:07:10.0000000Z;44.365;44.455;859;1099
2026-06-08T09:07:15.0000000Z;44.365;44.455;859;1099
2026-06-08T09:07:17.0000000Z;44.365;44.455;859;1099
2026-06-08T09:07:20.0000000Z;44.355;44.455;495;1099
2026-06-08T09:07:23.0000000Z;44.36;44.455;859;1099
2026-06-08T09:07:26.0000000Z;44.36;44.455;859;1099
2026-06-08T09:07:30.0000000Z;44.355;44.455;965;1099
2026-06-08T09:07:31.0000000Z;44.355;44.44;495;495
2026-06-08T09:07:32.0000000Z;44.355;44.44;965;879
2026-06-08T09:07:34.0000000Z;44.355;44.44;965;879
2026-06-08T09:07:35.0000000Z;44.355;44.44;965;495
2026-06-08T09:07:36.0000000Z;44.355;44.44;965;495
2026-06-08T09:07:38.0000000Z;44.355;44.44;965;2433
2026-06-08T09:07:41.0000000Z;44.365;44.445;495;1144
2026-06-08T09:07:42.0000000Z;44.37;44.445;859;494
2026-06-08T09:07:43.0000000Z;44.37;44.45;859;1535
2026-06-08T09:07:45.0000000Z;44.37;44.45;859;1535
2026-06-08T09:07:46.0000000Z;44.37;44.45;859;1535
2026-06-08T09:07:48.0000000Z;44.37;44.45;859;1151
2026-06-08T09:07:50.0000000Z;44.37;44.45;859;1535
2026-06-08T09:07:52.0000000Z;44.37;44.45;859;1535
2026-06-08T09:07:53.0000000Z;44.37;44.45;859;1535
2026-06-08T09:07:55.0000000Z;44.37;44.45;859;1535
2026-06-08T09:07:56.0000000Z;44.37;44.45;859;1535
2026-06-08T09:07:58.0000000Z;44.37;44.45;859;1151
2026-06-08T09:07:59.0000000Z;44.37;44.45;859;1151
2026-06-08T09:07:59.0000000Z;44.37;44.45;859;1535
2026-06-08T09:08:01.0000000Z;44.37;44.45;859;1151
2026-06-08T09:08:02.0000000Z;44.37;44.45;859;1535
2026-06-08T09:08:03.0000000Z;44.37;44.435;859;495
2026-06-08T09:08:05.0000000Z;44.37;44.435;859;495
2026-06-08T09:08:06.0000000Z;44.37;44.435;859;505
2026-06-08T09:08:07.0000000Z;44.37;44.435;859;505
2026-06-08T09:08:13.0000000Z;44.365;44.435;965;505
2026-06-08T09:08:25.0000000Z;44.37;44.435;965;505
2026-06-08T09:08:31.0000000Z;44.37;44.435;965;505
2026-06-08T09:08:32.0000000Z;44.375;44.435;495;505
2026-06-08T09:08:33.0000000Z;44.38;44.435;646;505
2026-06-08T09:08:35.0000000Z;44.36;44.435;470;505
2026-06-08T09:08:37.0000000Z;44.37;44.435;701;505
2026-06-08T09:08:38.0000000Z;44.365;44.435;772;505
2026-06-08T09:08:46.0000000Z;44.365;44.435;470;505
2026-06-08T09:08:50.0000000Z;44.365;44.435;470;505
2026-06-08T09:08:56.0000000Z;44.365;44.435;470;505
2026-06-08T09:08:58.0000000Z;44.365;44.435;470;505
2026-06-08T09:09:02.0000000Z;44.365;44.425;13500;495
2026-06-08T09:09:03.0000000Z;44.365;44.42;13500;802
2026-06-08T09:09:04.0000000Z;44.28;44.385;496;802
2026-06-08T09:09:05.0000000Z;44.36;44.4;1128;1938
2026-06-08T09:09:06.0000000Z;44.25;44.4;497;1938
2026-06-08T09:09:07.0000000Z;44.315;44.385;859;753
2026-06-08T09:09:08.0000000Z;44.31;44.395;13500;802
2026-06-08T09:09:09.0000000Z;44.315;44.4;4185;802
2026-06-08T09:09:12.0000000Z;44.295;44.4;942;802
2026-06-08T09:09:13.0000000Z;44.345;44.425;470;495
2026-06-08T09:09:15.0000000Z;44.345;44.415;470;797
2026-06-08T09:09:25.0000000Z;44.345;44.42;470;495
2026-06-08T09:09:26.0000000Z;44.36;44.425;965;495
2026-06-08T09:09:27.0000000Z;44.36;44.425;965;495
2026-06-08T09:09:28.0000000Z;44.36;44.425;470;495
2026-06-08T09:09:29.0000000Z;44.365;44.425;701;495
2026-06-08T09:09:30.0000000Z;44.355;44.415;470;495
2026-06-08T09:09:31.0000000Z;44.355;44.415;470;495
2026-06-08T09:09:33.0000000Z;44.36;44.415;643;495
2026-06-08T09:09:40.0000000Z;44.35;44.415;470;495
2026-06-08T09:09:41.0000000Z;44.35;44.415;470;495
2026-06-08T09:09:43.0000000Z;44.355;44.415;701;495
2026-06-08T09:09:45.0000000Z;44.355;44.415;701;495
2026-06-08T09:09:51.0000000Z;44.36;44.415;965;495
2026-06-08T09:09:56.0000000Z;44.36;44.415;965;495
2026-06-08T09:09:58.0000000Z;44.355;44.42;470;550
2026-06-08T09:09:59.0000000Z;44.36;44.42;700;550
2026-06-08T09:10:04.0000000Z;44.36;44.42;495;550
2026-06-08T09:10:05.0000000Z;44.34;44.42;470;550
2026-06-08T09:10:06.0000000Z;44.34;44.41;470;799
2026-06-08T09:10:07.0000000Z;44.355;44.415;1128;830
2026-06-08T09:10:08.0000000Z;44.355;44.415;1128;830
2026-06-08T09:10:13.0000000Z;44.355;44.415;1128;830
2026-06-08T09:10:14.0000000Z;44.345;44.415;771;830
2026-06-08T09:10:16.0000000Z;44.34;44.405;470;1056
2026-06-08T09:10:17.0000000Z;44.34;44.405;470;1056
2026-06-08T09:10:19.0000000Z;44.34;44.405;470;1056
2026-06-08T09:10:20.0000000Z;44.34;44.41;470;1056
2026-06-08T09:10:21.0000000Z;44.35;44.4;470;830
2026-06-08T09:10:22.0000000Z;44.355;44.41;620;1056
2026-06-08T09:10:23.0000000Z;44.355;44.4;620;14023
2026-06-08T09:10:25.0000000Z;44.355;44.4;620;523
2026-06-08T09:10:27.0000000Z;44.355;44.41;639;1056
2026-06-08T09:10:28.0000000Z;44.355;44.41;639;1066
2026-06-08T09:10:31.0000000Z;44.345;44.41;470;840
2026-06-08T09:10:33.0000000Z;44.35;44.41;701;840
2026-06-08T09:10:36.0000000Z;44.35;44.41;701;840
2026-06-08T09:10:39.0000000Z;44.35;44.41;701;840
2026-06-08T09:10:42.0000000Z;44.355;44.41;470;840
2026-06-08T09:10:44.0000000Z;44.355;44.41;470;840
2026-06-08T09:10:45.0000000Z;44.355;44.41;470;840
2026-06-08T09:10:50.0000000Z;44.355;44.405;470;694
2026-06-08T09:10:52.0000000Z;44.355;44.405;470;694
2026-06-08T09:10:53.0000000Z;44.355;44.405;470;694
2026-06-08T09:10:54.0000000Z;44.355;44.405;470;694
2026-06-08T09:11:02.0000000Z;44.355;44.405;470;694
2026-06-08T09:11:05.0000000Z;44.355;44.405;470;4020
2026-06-08T09:11:07.0000000Z;44.355;44.405;470;4020
2026-06-08T09:11:19.0000000Z;44.355;44.405;470;4020
2026-06-08T09:11:31.0000000Z;44.355;44.405;470;4020
2026-06-08T09:11:34.0000000Z;44.355;44.405;470;694
2026-06-08T09:11:35.0000000Z;44.355;44.405;470;4022
2026-06-08T09:11:44.0000000Z;44.355;44.405;470;694
2026-06-08T09:11:52.0000000Z;44.355;44.405;470;694
2026-06-08T09:12:02.0000000Z;44.36;44.405;614;3889
2026-06-08T09:12:13.0000000Z;44.36;44.405;614;3889
2026-06-08T09:12:24.0000000Z;44.36;44.405;614;3889
2026-06-08T09:12:30.0000000Z;44.36;44.405;614;3889
2026-06-08T09:12:44.0000000Z;44.36;44.405;614;3889
2026-06-08T09:12:51.0000000Z;44.36;44.405;614;3889
2026-06-08T09:12:52.0000000Z;44.36;44.405;614;561
2026-06-08T09:12:53.0000000Z;44.36;44.405;614;561
2026-06-08T09:12:54.0000000Z;44.36;44.405;614;3889
2026-06-08T09:12:56.0000000Z;44.36;44.405;614;3889
2026-06-08T09:12:58.0000000Z;44.36;44.405;614;3889
2026-06-08T09:12:59.0000000Z;44.36;44.405;614;561
2026-06-08T09:13:02.0000000Z;44.36;44.405;614;561
2026-06-08T09:13:03.0000000Z;44.36;44.405;614;561
2026-06-08T09:13:09.0000000Z;44.36;44.405;614;561
2026-06-08T09:13:22.0000000Z;44.36;44.405;614;561
2026-06-08T09:13:23.0000000Z;44.36;44.405;614;561
2026-06-08T09:13:30.0000000Z;44.36;44.405;614;561
2026-06-08T09:13:32.0000000Z;44.36;44.425;776;830
2026-06-08T09:13:33.0000000Z;44.36;44.425;776;830
2026-06-08T09:13:35.0000000Z;44.36;44.41;776;474
2026-06-08T09:13:36.0000000Z;44.36;44.41;776;474
2026-06-08T09:13:37.0000000Z;44.36;44.41;776;474
2026-06-08T09:13:39.0000000Z;44.36;44.41;776;474
2026-06-08T09:13:40.0000000Z;44.36;44.415;776;647
2026-06-08T09:13:41.0000000Z;44.36;44.415;776;647
2026-06-08T09:13:43.0000000Z;44.36;44.415;776;647
2026-06-08T09:13:45.0000000Z;44.36;44.415;776;647
2026-06-08T09:13:47.0000000Z;44.36;44.415;776;647
2026-06-08T09:13:49.0000000Z;44.36;44.415;776;647
2026-06-08T09:13:51.0000000Z;44.36;44.415;776;647
2026-06-08T09:13:53.0000000Z;44.36;44.415;776;647
2026-06-08T09:13:55.0000000Z;44.36;44.415;776;647
2026-06-08T09:13:57.0000000Z;44.36;44.415;776;647
2026-06-08T09:13:59.0000000Z;44.36;44.415;776;647
2026-06-08T09:14:01.0000000Z;44.36;44.415;776;647
2026-06-08T09:14:02.0000000Z;44.355;44.415;854;647
2026-06-08T09:14:03.0000000Z;44.355;44.415;854;647
2026-06-08T09:14:04.0000000Z;44.355;44.415;854;647
2026-06-08T09:14:06.0000000Z;44.355;44.415;470;647
2026-06-08T09:14:23.0000000Z;44.355;44.415;470;647
2026-06-08T09:14:24.0000000Z;44.355;44.415;470;647
2026-06-08T09:14:25.0000000Z;44.355;44.415;470;647
2026-06-08T09:14:26.0000000Z;44.355;44.415;470;647
2026-06-08T09:14:27.0000000Z;44.355;44.415;470;647
2026-06-08T09:14:28.0000000Z;44.355;44.415;470;647
2026-06-08T09:14:30.0000000Z;44.365;44.43;470;830
2026-06-08T09:14:32.0000000Z;44.37;44.43;812;830
2026-06-08T09:14:34.0000000Z;44.37;44.43;812;830
2026-06-08T09:14:35.0000000Z;44.37;44.43;812;830
2026-06-08T09:14:38.0000000Z;44.37;44.43;812;1056
2026-06-08T09:14:39.0000000Z;44.37;44.42;812;647
2026-06-08T09:14:40.0000000Z;44.37;44.435;812;1056
2026-06-08T09:14:41.0000000Z;44.37;44.435;812;1056
2026-06-08T09:14:42.0000000Z;44.37;44.435;812;1056
2026-06-08T09:14:44.0000000Z;44.37;44.435;812;1056
2026-06-08T09:14:45.0000000Z;44.37;44.435;812;1056
2026-06-08T09:14:47.0000000Z;44.37;44.435;812;830
2026-06-08T09:14:48.0000000Z;44.37;44.435;812;830
2026-06-08T09:14:49.0000000Z;44.37;44.435;812;830
2026-06-08T09:14:50.0000000Z;44.37;44.435;812;830
2026-06-08T09:14:53.0000000Z;44.37;44.435;812;830
2026-06-08T09:14:56.0000000Z;44.37;44.435;812;830
2026-06-08T09:14:59.0000000Z;44.37;44.435;812;830
2026-06-08T09:15:00.0000000Z;44.37;44.435;812;830
2026-06-08T09:15:01.0000000Z;44.37;44.435;812;830
2026-06-08T09:15:02.0000000Z;44.37;44.435;812;1056
2026-06-08T09:15:12.0000000Z;44.37;44.435;812;1056
2026-06-08T09:15:14.0000000Z;44.37;44.42;812;647
2026-06-08T09:15:15.0000000Z;44.37;44.425;812;840
2026-06-08T09:15:18.0000000Z;44.37;44.425;812;840
2026-06-08T09:15:19.0000000Z;44.37;44.425;812;840
2026-06-08T09:15:21.0000000Z;44.37;44.425;812;840
2026-06-08T09:15:22.0000000Z;44.37;44.425;812;840
2026-06-08T09:15:24.0000000Z;44.37;44.425;812;840
2026-06-08T09:15:27.0000000Z;44.37;44.425;812;840
2026-06-08T09:15:29.0000000Z;44.37;44.425;812;840
2026-06-08T09:15:31.0000000Z;44.37;44.425;812;840
2026-06-08T09:15:32.0000000Z;44.37;44.425;812;840
2026-06-08T09:15:38.0000000Z;44.37;44.425;812;840
2026-06-08T09:15:42.0000000Z;44.365;44.425;470;840
2026-06-08T09:15:45.0000000Z;44.365;44.425;470;840
2026-06-08T09:15:52.0000000Z;44.365;44.425;470;840
2026-06-08T09:15:55.0000000Z;44.365;44.425;470;840
2026-06-08T09:15:56.0000000Z;44.365;44.425;470;840
2026-06-08T09:16:00.0000000Z;44.365;44.425;470;840
2026-06-08T09:16:02.0000000Z;44.365;44.425;470;840
2026-06-08T09:16:08.0000000Z;44.365;44.425;854;840
2026-06-08T09:16:13.0000000Z;44.365;44.425;470;840
2026-06-08T09:16:15.0000000Z;44.365;44.425;470;840
2026-06-08T09:16:16.0000000Z;44.365;44.425;470;840
2026-06-08T09:16:17.0000000Z;44.365;44.425;1048;840
2026-06-08T09:16:18.0000000Z;44.37;44.425;384;840
2026-06-08T09:16:19.0000000Z;44.37;44.425;384;840
2026-06-08T09:16:20.0000000Z;44.375;44.425;470;840
2026-06-08T09:16:25.0000000Z;44.375;44.425;470;840
2026-06-08T09:16:26.0000000Z;44.375;44.425;470;840
2026-06-08T09:16:28.0000000Z;44.375;44.425;470;840
2026-06-08T09:16:30.0000000Z;44.37;44.42;470;724
2026-06-08T09:16:31.0000000Z;44.37;44.42;470;724
2026-06-08T09:16:32.0000000Z;44.375;44.42;614;724
2026-06-08T09:16:35.0000000Z;44.375;44.42;614;724
2026-06-08T09:16:37.0000000Z;44.375;44.42;614;724
2026-06-08T09:16:38.0000000Z;44.375;44.42;614;724
2026-06-08T09:16:39.0000000Z;44.375;44.42;614;724
2026-06-08T09:16:41.0000000Z;44.37;44.42;470;724
2026-06-08T09:16:42.0000000Z;44.37;44.42;470;724
2026-06-08T09:16:48.0000000Z;44.37;44.42;470;724
2026-06-08T09:16:49.0000000Z;44.37;44.42;1045;724
2026-06-08T09:16:50.0000000Z;44.37;44.42;1076;724
2026-06-08T09:16:55.0000000Z;44.375;44.42;3940;724
2026-06-08T09:16:56.0000000Z;44.37;44.42;1460;724
2026-06-08T09:16:58.0000000Z;44.385;44.425;859;13500
2026-06-08T09:16:59.0000000Z;44.38;44.455;470;830
2026-06-08T09:16:59.0000000Z;44.38;44.455;470;830
2026-06-08T09:17:00.0000000Z;44.38;44.46;470;1439
2026-06-08T09:17:02.0000000Z;44.38;44.46;470;1439
2026-06-08T09:17:03.0000000Z;44.38;44.46;470;1439
2026-06-08T09:17:06.0000000Z;44.38;44.45;470;756
2026-06-08T09:17:07.0000000Z;44.38;44.455;470;1055
2026-06-08T09:17:08.0000000Z;44.38;44.445;470;830
2026-06-08T09:17:09.0000000Z;44.38;44.45;470;830
2026-06-08T09:17:10.0000000Z;44.38;44.455;470;830
2026-06-08T09:17:11.0000000Z;44.38;44.455;470;1214
2026-06-08T09:17:12.0000000Z;44.38;44.45;470;762
2026-06-08T09:17:15.0000000Z;44.38;44.455;470;1439
2026-06-08T09:17:21.0000000Z;44.38;44.455;470;1214
2026-06-08T09:17:25.0000000Z;44.38;44.455;470;1439
2026-06-08T09:17:27.0000000Z;44.38;44.455;470;1214
2026-06-08T09:17:32.0000000Z;44.38;44.455;470;1214
2026-06-08T09:17:34.0000000Z;44.38;44.455;470;1214
2026-06-08T09:17:36.0000000Z;44.38;44.455;470;1214
2026-06-08T09:17:37.0000000Z;44.38;44.455;470;1439
2026-06-08T09:17:38.0000000Z;44.38;44.455;470;1439
2026-06-08T09:17:39.0000000Z;44.38;44.455;470;1439
2026-06-08T09:17:45.0000000Z;44.375;44.445;305;1224
2026-06-08T09:17:46.0000000Z;44.38;44.445;773;1224
2026-06-08T09:17:47.0000000Z;44.38;44.445;773;1224
2026-06-08T09:17:50.0000000Z;44.38;44.445;773;1224
2026-06-08T09:17:51.0000000Z;44.38;44.445;773;1286
2026-06-08T09:17:53.0000000Z;44.38;44.445;773;1286
2026-06-08T09:17:54.0000000Z;44.38;44.445;773;1286
2026-06-08T09:17:55.0000000Z;44.38;44.445;773;1286
2026-06-08T09:17:56.0000000Z;44.38;44.445;773;1286
2026-06-08T09:17:58.0000000Z;44.38;44.445;773;1286
2026-06-08T09:17:59.0000000Z;44.38;44.445;773;1286
2026-06-08T09:18:00.0000000Z;44.38;44.445;773;1286
2026-06-08T09:18:02.0000000Z;44.38;44.445;773;1286
2026-06-08T09:18:06.0000000Z;44.38;44.445;773;1286
2026-06-08T09:18:07.0000000Z;44.38;44.445;773;1286
2026-06-08T09:18:15.0000000Z;44.38;44.445;773;1286
2026-06-08T09:18:25.0000000Z;44.38;44.445;773;1286
2026-06-08T09:18:26.0000000Z;44.38;44.445;773;1286
2026-06-08T09:18:27.0000000Z;44.38;44.445;773;1449
2026-06-08T09:18:33.0000000Z;44.38;44.43;773;653
2026-06-08T09:18:34.0000000Z;44.365;44.435;903;830
2026-06-08T09:18:35.0000000Z;44.365;44.435;903;830
2026-06-08T09:18:37.0000000Z;44.375;44.435;686;830
2026-06-08T09:18:38.0000000Z;44.355;44.435;1138;830
2026-06-08T09:18:40.0000000Z;44.355;44.435;1138;830
2026-06-08T09:18:41.0000000Z;44.365;44.44;813;1056
2026-06-08T09:18:43.0000000Z;44.365;44.435;813;762
2026-06-08T09:18:44.0000000Z;44.365;44.44;813;1056
2026-06-08T09:18:49.0000000Z;44.365;44.44;903;892
2026-06-08T09:18:51.0000000Z;44.365;44.44;903;830
2026-06-08T09:18:54.0000000Z;44.365;44.44;903;830
2026-06-08T09:18:55.0000000Z;44.365;44.44;903;1056
2026-06-08T09:19:09.0000000Z;44.365;44.44;903;830
2026-06-08T09:19:10.0000000Z;44.365;44.44;903;840
2026-06-08T09:19:20.0000000Z;44.365;44.44;903;840
2026-06-08T09:19:25.0000000Z;44.37;44.44;811;840
2026-06-08T09:19:26.0000000Z;44.37;44.44;4135;840
2026-06-08T09:19:30.0000000Z;44.375;44.44;246;840
2026-06-08T09:19:31.0000000Z;44.38;44.44;735;840
2026-06-08T09:19:32.0000000Z;44.38;44.44;735;840
2026-06-08T09:19:35.0000000Z;44.38;44.44;735;840
2026-06-08T09:19:42.0000000Z;44.38;44.44;735;840
2026-06-08T09:19:43.0000000Z;44.38;44.44;4059;840
2026-06-08T09:19:52.0000000Z;44.38;44.44;735;840
2026-06-08T09:19:57.0000000Z;44.38;44.44;735;840
2026-06-08T09:20:01.0000000Z;44.375;44.44;716;840
2026-06-08T09:20:09.0000000Z;44.375;44.44;716;840
2026-06-08T09:20:10.0000000Z;44.375;44.44;716;840
2026-06-08T09:20:12.0000000Z;44.375;44.44;1297;840
2026-06-08T09:20:13.0000000Z;44.375;44.44;716;840
2026-06-08T09:20:14.0000000Z;44.375;44.44;1291;840
2026-06-08T09:20:15.0000000Z;44.385;44.44;684;840
2026-06-08T09:20:16.0000000Z;44.38;44.44;470;840
2026-06-08T09:20:17.0000000Z;44.38;44.44;1087;840
2026-06-08T09:20:18.0000000Z;44.38;44.44;1061;840
2026-06-08T09:20:21.0000000Z;44.38;44.44;1056;840
2026-06-08T09:20:23.0000000Z;44.38;44.44;470;840
2026-06-08T09:20:30.0000000Z;44.38;44.44;470;840
2026-06-08T09:20:36.0000000Z;44.38;44.44;470;840
2026-06-08T09:20:38.0000000Z;44.38;44.44;1064;840
2026-06-08T09:20:41.0000000Z;44.38;44.44;1064;840
2026-06-08T09:20:45.0000000Z;44.38;44.44;1064;840
2026-06-08T09:20:46.0000000Z;44.38;44.44;1064;840
2026-06-08T09:20:47.0000000Z;44.395;44.46;4183;1214
2026-06-08T09:20:48.0000000Z;44.39;44.44;921;13500
2026-06-08T09:20:49.0000000Z;44.395;44.44;470;303
2026-06-08T09:20:51.0000000Z;44.395;44.44;1052;303
2026-06-08T09:20:52.0000000Z;44.395;44.44;1052;303
2026-06-08T09:20:53.0000000Z;44.395;44.44;1082;303
2026-06-08T09:20:54.0000000Z;44.395;44.44;1082;303
2026-06-08T09:20:55.0000000Z;44.395;44.44;1082;303
2026-06-08T09:20:57.0000000Z;44.395;44.44;1082;303
2026-06-08T09:20:58.0000000Z;44.395;44.455;1082;711
2026-06-08T09:20:59.0000000Z;44.395;44.455;1082;711
2026-06-08T09:20:59.0000000Z;44.395;44.455;1082;711
2026-06-08T09:21:04.0000000Z;44.395;44.455;1082;711
2026-06-08T09:21:05.0000000Z;44.395;44.455;1082;711
2026-06-08T09:21:06.0000000Z;44.4;44.475;859;830
2026-06-08T09:21:07.0000000Z;44.4;44.465;859;830
2026-06-08T09:21:08.0000000Z;44.4;44.475;859;830
2026-06-08T09:21:09.0000000Z;44.4;44.465;859;830
2026-06-08T09:21:10.0000000Z;44.4;44.465;859;830
2026-06-08T09:21:12.0000000Z;44.4;44.46;859;830
2026-06-08T09:21:14.0000000Z;44.4;44.47;859;1214
2026-06-08T09:21:15.0000000Z;44.4;44.465;859;762
2026-06-08T09:21:17.0000000Z;44.4;44.47;859;1224
2026-06-08T09:21:19.0000000Z;44.4;44.47;859;840
2026-06-08T09:21:27.0000000Z;44.4;44.47;859;840
2026-06-08T09:21:30.0000000Z;44.4;44.47;859;840
2026-06-08T09:21:31.0000000Z;44.4;44.47;859;840
2026-06-08T09:21:33.0000000Z;44.4;44.47;859;840
2026-06-08T09:21:40.0000000Z;44.4;44.47;859;840
2026-06-08T09:21:45.0000000Z;44.4;44.47;859;840
2026-06-08T09:21:51.0000000Z;44.4;44.47;859;840
2026-06-08T09:21:55.0000000Z;44.4;44.47;859;840
2026-06-08T09:21:57.0000000Z;44.4;44.47;859;840
2026-06-08T09:22:00.0000000Z;44.4;44.47;859;840
2026-06-08T09:22:01.0000000Z;44.4;44.47;859;840
2026-06-08T09:22:02.0000000Z;44.4;44.47;859;840
2026-06-08T09:22:08.0000000Z;44.4;44.47;859;840
2026-06-08T09:22:09.0000000Z;44.4;44.47;859;840
2026-06-08T09:22:10.0000000Z;44.4;44.47;859;840
2026-06-08T09:22:13.0000000Z;44.4;44.47;859;840
2026-06-08T09:22:14.0000000Z;44.4;44.47;4184;840
2026-06-08T09:22:15.0000000Z;44.4;44.47;4184;840
2026-06-08T09:22:16.0000000Z;44.395;44.47;612;840
2026-06-08T09:22:17.0000000Z;44.395;44.47;612;840
2026-06-08T09:22:20.0000000Z;44.395;44.465;612;4087
2026-06-08T09:22:23.0000000Z;44.395;44.47;612;1065
2026-06-08T09:22:24.0000000Z;44.395;44.47;218;1065
2026-06-08T09:22:25.0000000Z;44.395;44.46;218;830
2026-06-08T09:22:27.0000000Z;44.395;44.465;218;830
2026-06-08T09:22:28.0000000Z;44.395;44.465;218;1055
2026-06-08T09:22:29.0000000Z;44.395;44.46;218;762
2026-06-08T09:22:34.0000000Z;44.395;44.46;218;762
2026-06-08T09:22:38.0000000Z;44.395;44.47;218;830
2026-06-08T09:22:39.0000000Z;44.395;44.47;218;830
2026-06-08T09:22:40.0000000Z;44.395;44.47;545;830
2026-06-08T09:22:41.0000000Z;44.395;44.47;545;830
2026-06-08T09:22:44.0000000Z;44.395;44.47;545;830
2026-06-08T09:22:50.0000000Z;44.395;44.47;545;1055
2026-06-08T09:22:51.0000000Z;44.395;44.47;545;1055
2026-06-08T09:22:54.0000000Z;44.395;44.47;218;1055
2026-06-08T09:23:02.0000000Z;44.395;44.455;218;757
2026-06-08T09:23:03.0000000Z;44.39;44.465;358;1055
2026-06-08T09:23:05.0000000Z;44.395;44.465;810;1055
2026-06-08T09:23:06.0000000Z;44.395;44.465;845;1055
2026-06-08T09:23:08.0000000Z;44.395;44.465;845;830
2026-06-08T09:23:09.0000000Z;44.395;44.465;845;830
2026-06-08T09:23:11.0000000Z;44.395;44.465;845;1055
2026-06-08T09:23:19.0000000Z;44.395;44.47;845;830
2026-06-08T09:23:21.0000000Z;44.395;44.47;845;830
2026-06-08T09:23:23.0000000Z;44.395;44.47;845;830
2026-06-08T09:23:36.0000000Z;44.395;44.47;845;830
2026-06-08T09:23:56.0000000Z;44.395;44.47;845;830
2026-06-08T09:24:00.0000000Z;44.39;44.47;47;830
2026-06-08T09:24:05.0000000Z;44.39;44.47;47;830
2026-06-08T09:24:07.0000000Z;44.39;44.47;47;830
2026-06-08T09:24:10.0000000Z;44.39;44.47;47;830
2026-06-08T09:24:20.0000000Z;44.39;44.47;47;830
2026-06-08T09:24:23.0000000Z;44.39;44.47;47;1214
2026-06-08T09:24:30.0000000Z;44.39;44.47;47;1214
2026-06-08T09:24:33.0000000Z;44.39;44.465;47;762
2026-06-08T09:24:34.0000000Z;44.39;44.465;47;4087
2026-06-08T09:24:39.0000000Z;44.39;44.465;47;4087
2026-06-08T09:24:44.0000000Z;44.39;44.465;47;4087
2026-06-08T09:24:45.0000000Z;44.39;44.465;47;4087
2026-06-08T09:24:46.0000000Z;44.39;44.47;47;1214
2026-06-08T09:24:51.0000000Z;44.39;44.47;47;1214
2026-06-08T09:24:54.0000000Z;44.39;44.47;47;1214
2026-06-08T09:24:55.0000000Z;44.39;44.47;47;1214
2026-06-08T09:24:57.0000000Z;44.39;44.47;47;830
2026-06-08T09:25:02.0000000Z;44.39;44.47;47;830
2026-06-08T09:25:09.0000000Z;44.39;44.47;47;830
2026-06-08T09:25:10.0000000Z;44.39;44.47;47;830
2026-06-08T09:25:17.0000000Z;44.39;44.47;47;830
2026-06-08T09:25:18.0000000Z;44.39;44.47;47;1214
2026-06-08T09:25:23.0000000Z;44.39;44.47;47;1214
2026-06-08T09:25:24.0000000Z;44.39;44.47;47;1214
2026-06-08T09:25:28.0000000Z;44.39;44.47;47;830
2026-06-08T09:25:29.0000000Z;44.39;44.47;47;1214
2026-06-08T09:25:32.0000000Z;44.39;44.47;47;1214
2026-06-08T09:25:40.0000000Z;44.39;44.47;47;830
2026-06-08T09:25:41.0000000Z;44.395;44.465;4167;762
2026-06-08T09:25:48.0000000Z;44.395;44.465;4167;762
2026-06-08T09:25:51.0000000Z;44.395;44.47;4167;1214
2026-06-08T09:25:52.0000000Z;44.395;44.47;4167;1214
2026-06-08T09:26:01.0000000Z;44.395;44.47;4167;1214
2026-06-08T09:26:11.0000000Z;44.395;44.47;4167;830
2026-06-08T09:26:13.0000000Z;44.395;44.47;4167;830
2026-06-08T09:26:15.0000000Z;44.395;44.47;4167;830
2026-06-08T09:26:22.0000000Z;44.395;44.47;4167;830
2026-06-08T09:26:23.0000000Z;44.395;44.47;4167;830
2026-06-08T09:26:24.0000000Z;44.395;44.47;4167;1214
2026-06-08T09:26:30.0000000Z;44.395;44.47;4167;1214
2026-06-08T09:26:31.0000000Z;44.395;44.47;4167;1214
2026-06-08T09:26:32.0000000Z;44.395;44.47;4167;830
2026-06-08T09:26:37.0000000Z;44.395;44.47;4167;830
2026-06-08T09:26:39.0000000Z;44.39;44.47;517;830
2026-06-08T09:26:42.0000000Z;44.39;44.47;517;830
2026-06-08T09:26:52.0000000Z;44.39;44.47;517;1214
2026-06-08T09:26:53.0000000Z;44.39;44.46;517;830
2026-06-08T09:26:57.0000000Z;44.39;44.47;517;830
2026-06-08T09:26:58.0000000Z;44.39;44.47;517;1214
2026-06-08T09:26:59.0000000Z;44.39;44.465;517;762
2026-06-08T09:27:00.0000000Z;44.39;44.465;47;762
2026-06-08T09:27:02.0000000Z;44.39;44.465;47;762
2026-06-08T09:27:05.0000000Z;44.39;44.465;47;762
2026-06-08T09:27:08.0000000Z;44.39;44.47;47;1214
2026-06-08T09:27:12.0000000Z;44.39;44.47;517;1214
2026-06-08T09:27:18.0000000Z;44.39;44.47;517;1214
2026-06-08T09:27:19.0000000Z;44.39;44.47;517;1214
2026-06-08T09:27:25.0000000Z;44.39;44.47;517;1214
2026-06-08T09:27:29.0000000Z;44.39;44.46;517;840
2026-06-08T09:27:30.0000000Z;44.39;44.455;517;755
2026-06-08T09:27:33.0000000Z;44.39;44.46;517;840
2026-06-08T09:27:39.0000000Z;44.39;44.46;517;840
2026-06-08T09:27:41.0000000Z;44.39;44.46;47;840
2026-06-08T09:27:45.0000000Z;44.39;44.46;47;840
2026-06-08T09:27:46.0000000Z;44.39;44.46;47;1224
2026-06-08T09:27:47.0000000Z;44.39;44.46;47;840
2026-06-08T09:28:10.0000000Z;44.39;44.46;47;1224
2026-06-08T09:28:12.0000000Z;44.39;44.46;47;840
2026-06-08T09:28:18.0000000Z;44.39;44.46;47;840
2026-06-08T09:28:19.0000000Z;44.39;44.45;47;840
2026-06-08T09:28:20.0000000Z;44.39;44.45;47;1065
2026-06-08T09:28:21.0000000Z;44.39;44.45;47;1065
2026-06-08T09:28:27.0000000Z;44.395;44.45;845;1065
2026-06-08T09:28:29.0000000Z;44.395;44.45;845;1065
2026-06-08T09:28:30.0000000Z;44.395;44.44;845;840
2026-06-08T09:28:33.0000000Z;44.395;44.44;845;840
2026-06-08T09:28:39.0000000Z;44.395;44.44;845;840
2026-06-08T09:28:44.0000000Z;44.395;44.44;481;840
2026-06-08T09:29:00.0000000Z;44.395;44.44;97;840
2026-06-08T09:29:03.0000000Z;44.395;44.44;479;840
2026-06-08T09:29:10.0000000Z;44.395;44.44;3801;840
2026-06-08T09:29:19.0000000Z;44.395;44.44;3801;840
2026-06-08T09:29:46.0000000Z;44.395;44.44;3801;840
2026-06-08T09:29:51.0000000Z;44.395;44.44;3801;840
2026-06-08T09:29:53.0000000Z;44.395;44.44;3801;840
2026-06-08T09:30:02.0000000Z;44.395;44.44;479;840
2026-06-08T09:30:07.0000000Z;44.395;44.44;97;840
2026-06-08T09:30:08.0000000Z;44.395;44.44;481;1224
2026-06-08T09:30:09.0000000Z;44.395;44.44;97;1224
2026-06-08T09:30:15.0000000Z;44.395;44.44;97;1450
2026-06-08T09:30:16.0000000Z;44.395;44.44;97;1450
2026-06-08T09:30:17.0000000Z;44.395;44.44;97;1450
2026-06-08T09:30:22.0000000Z;44.39;44.44;13500;1450
2026-06-08T09:30:27.0000000Z;44.39;44.43;13500;830
2026-06-08T09:30:28.0000000Z;44.39;44.43;13500;830
2026-06-08T09:30:32.0000000Z;44.39;44.43;13500;830
2026-06-08T09:30:33.0000000Z;44.39;44.435;13500;830
2026-06-08T09:30:34.0000000Z;44.39;44.43;13500;469
2026-06-08T09:30:35.0000000Z;44.395;44.44;632;830
2026-06-08T09:30:36.0000000Z;44.395;44.44;632;830
2026-06-08T09:30:37.0000000Z;44.395;44.44;632;830
2026-06-08T09:30:39.0000000Z;44.395;44.44;632;830
2026-06-08T09:30:40.0000000Z;44.395;44.44;632;1056
2026-06-08T09:30:41.0000000Z;44.395;44.44;632;830
2026-06-08T09:30:42.0000000Z;44.395;44.44;632;1056
2026-06-08T09:30:43.0000000Z;44.395;44.44;632;830
2026-06-08T09:30:44.0000000Z;44.395;44.44;772;830
2026-06-08T09:30:45.0000000Z;44.395;44.44;97;1056
2026-06-08T09:30:49.0000000Z;44.395;44.44;97;1056
2026-06-08T09:30:51.0000000Z;44.395;44.445;548;1439
2026-06-08T09:30:54.0000000Z;44.39;44.435;13500;830
2026-06-08T09:30:55.0000000Z;44.39;44.43;13500;470
2026-06-08T09:30:57.0000000Z;44.39;44.43;13500;470
2026-06-08T09:30:58.0000000Z;44.39;44.435;13500;830
2026-06-08T09:30:59.0000000Z;44.39;44.435;13500;830
2026-06-08T09:30:59.0000000Z;44.39;44.435;13500;1056
2026-06-08T09:31:00.0000000Z;44.39;44.435;13500;1056
2026-06-08T09:31:01.0000000Z;44.395;44.435;638;13500
2026-06-08T09:31:02.0000000Z;44.39;44.435;13500;1056
2026-06-08T09:31:03.0000000Z;44.39;44.43;13500;830
2026-06-08T09:31:04.0000000Z;44.39;44.43;13500;830
2026-06-08T09:31:05.0000000Z;44.39;44.43;13500;830
2026-06-08T09:31:07.0000000Z;44.39;44.43;13500;830
2026-06-08T09:31:09.0000000Z;44.39;44.43;13500;830
2026-06-08T09:31:11.0000000Z;44.39;44.43;13500;830
2026-06-08T09:31:13.0000000Z;44.395;44.43;3323;830
2026-06-08T09:31:15.0000000Z;44.395;44.43;3323;830
2026-06-08T09:31:16.0000000Z;44.395;44.435;3323;1214
2026-06-08T09:31:17.0000000Z;44.395;44.44;3802;1056
2026-06-08T09:31:18.0000000Z;44.395;44.44;3802;1056
2026-06-08T09:31:19.0000000Z;44.395;44.44;3802;1056
2026-06-08T09:31:20.0000000Z;44.395;44.43;3323;830
2026-06-08T09:31:21.0000000Z;44.395;44.435;3323;830
2026-06-08T09:31:22.0000000Z;44.395;44.435;3323;1214
2026-06-08T09:31:23.0000000Z;44.395;44.44;3802;830
2026-06-08T09:31:24.0000000Z;44.395;44.44;3802;830
2026-06-08T09:31:25.0000000Z;44.395;44.43;3940;301
2026-06-08T09:31:26.0000000Z;44.395;44.435;3323;830
2026-06-08T09:31:27.0000000Z;44.395;44.43;3323;470
2026-06-08T09:31:29.0000000Z;44.395;44.435;3802;830
2026-06-08T09:31:30.0000000Z;44.395;44.44;3802;830
2026-06-08T09:31:32.0000000Z;44.395;44.435;3802;556
2026-06-08T09:31:34.0000000Z;44.395;44.44;3323;830
2026-06-08T09:31:35.0000000Z;44.395;44.44;3323;1224
2026-06-08T09:31:36.0000000Z;44.395;44.44;3323;840
2026-06-08T09:31:37.0000000Z;44.395;44.44;3323;1224
2026-06-08T09:31:38.0000000Z;44.395;44.44;3323;840
2026-06-08T09:31:40.0000000Z;44.395;44.44;3323;1224
2026-06-08T09:31:41.0000000Z;44.395;44.44;3323;840
2026-06-08T09:31:47.0000000Z;44.395;44.44;3323;840
2026-06-08T09:31:51.0000000Z;44.395;44.44;3803;840
2026-06-08T09:31:53.0000000Z;44.395;44.44;3323;840
2026-06-08T09:31:54.0000000Z;44.395;44.44;3323;1066
2026-06-08T09:31:55.0000000Z;44.395;44.44;3323;1066
2026-06-08T09:31:58.0000000Z;44.395;44.44;3323;1066
2026-06-08T09:31:59.0000000Z;44.395;44.44;3323;1066
2026-06-08T09:32:00.0000000Z;44.395;44.44;3323;1066
2026-06-08T09:32:01.0000000Z;44.395;44.44;3323;1066
2026-06-08T09:32:02.0000000Z;44.395;44.44;3323;1066
2026-06-08T09:32:03.0000000Z;44.395;44.44;3323;1066
2026-06-08T09:32:04.0000000Z;44.395;44.44;3323;1066
2026-06-08T09:32:05.0000000Z;44.395;44.44;3323;1066
2026-06-08T09:32:06.0000000Z;44.395;44.44;3323;840
2026-06-08T09:32:07.0000000Z;44.395;44.44;3323;840
2026-06-08T09:32:08.0000000Z;44.395;44.44;3323;840
2026-06-08T09:32:12.0000000Z;44.395;44.44;3323;840
2026-06-08T09:32:13.0000000Z;44.395;44.44;3803;840
2026-06-08T09:32:20.0000000Z;44.395;44.44;3323;840
2026-06-08T09:32:21.0000000Z;44.395;44.44;3323;1066
2026-06-08T09:32:23.0000000Z;44.395;44.44;3323;840
2026-06-08T09:32:24.0000000Z;44.395;44.44;3323;1066
2026-06-08T09:32:27.0000000Z;44.395;44.44;3323;1066
2026-06-08T09:32:28.0000000Z;44.395;44.44;3323;1066
2026-06-08T09:32:29.0000000Z;44.395;44.44;3323;1450
2026-06-08T09:32:30.0000000Z;44.395;44.44;3323;1066
2026-06-08T09:32:31.0000000Z;44.395;44.44;3323;1450
2026-06-08T09:32:32.0000000Z;44.395;44.44;3323;1450
2026-06-08T09:32:33.0000000Z;44.395;44.44;3323;1066
2026-06-08T09:32:34.0000000Z;44.395;44.44;3323;1450
2026-06-08T09:32:36.0000000Z;44.395;44.44;3323;1066
2026-06-08T09:32:37.0000000Z;44.395;44.44;3323;1066
2026-06-08T09:32:38.0000000Z;44.395;44.435;3323;1056
2026-06-08T09:32:39.0000000Z;44.395;44.435;3323;1056
2026-06-08T09:32:40.0000000Z;44.395;44.435;3323;830
2026-06-08T09:32:41.0000000Z;44.395;44.435;3323;1056
2026-06-08T09:32:42.0000000Z;44.395;44.435;3323;830
2026-06-08T09:32:43.0000000Z;44.395;44.435;3323;830
2026-06-08T09:32:45.0000000Z;44.395;44.435;3323;830
2026-06-08T09:32:47.0000000Z;44.395;44.435;3323;830
2026-06-08T09:32:49.0000000Z;44.395;44.435;3323;830
2026-06-08T09:32:51.0000000Z;44.395;44.435;3323;830
2026-06-08T09:32:52.0000000Z;44.395;44.435;3323;1214
2026-06-08T09:32:53.0000000Z;44.395;44.435;3323;1214
2026-06-08T09:32:54.0000000Z;44.395;44.44;3803;830
2026-06-08T09:32:55.0000000Z;44.395;44.44;3323;830
2026-06-08T09:32:56.0000000Z;44.395;44.44;3323;1214
2026-06-08T09:32:57.0000000Z;44.395;44.44;3323;830
2026-06-08T09:32:58.0000000Z;44.395;44.44;3323;1214
2026-06-08T09:32:59.0000000Z;44.395;44.43;3323;830
2026-06-08T09:33:00.0000000Z;44.395;44.43;3323;13500
2026-06-08T09:33:01.0000000Z;44.395;44.445;3323;1439
2026-06-08T09:33:02.0000000Z;44.395;44.445;3323;1439
2026-06-08T09:33:03.0000000Z;44.395;44.44;3871;830
2026-06-08T09:33:05.0000000Z;44.395;44.44;3802;830
2026-06-08T09:33:06.0000000Z;44.395;44.44;3802;830
2026-06-08T09:33:07.0000000Z;44.395;44.44;3802;830
2026-06-08T09:33:08.0000000Z;44.395;44.44;3881;830
2026-06-08T09:33:09.0000000Z;44.395;44.44;3323;1056
2026-06-08T09:33:10.0000000Z;44.395;44.44;3803;830
2026-06-08T09:33:12.0000000Z;44.395;44.44;3323;1056
2026-06-08T09:33:13.0000000Z;44.395;44.44;3323;1056
2026-06-08T09:33:14.0000000Z;44.395;44.44;3323;1056
2026-06-08T09:33:16.0000000Z;44.395;44.44;3323;1056
2026-06-08T09:33:17.0000000Z;44.395;44.44;3323;1056
2026-06-08T09:33:19.0000000Z;44.395;44.44;3323;1440
2026-06-08T09:33:20.0000000Z;44.395;44.44;3323;1056
2026-06-08T09:33:21.0000000Z;44.395;44.44;3323;1214
2026-06-08T09:33:23.0000000Z;44.395;44.43;3323;468
2026-06-08T09:33:24.0000000Z;44.395;44.435;3323;830
2026-06-08T09:33:25.0000000Z;44.395;44.435;3323;830
2026-06-08T09:33:26.0000000Z;44.395;44.435;3323;830
2026-06-08T09:33:28.0000000Z;44.395;44.435;3323;1056
2026-06-08T09:33:31.0000000Z;44.395;44.435;3323;1056
2026-06-08T09:33:35.0000000Z;44.395;44.435;3323;1056
2026-06-08T09:33:37.0000000Z;44.395;44.435;3323;830
2026-06-08T09:33:39.0000000Z;44.395;44.435;3323;830
2026-06-08T09:33:41.0000000Z;44.395;44.435;3323;830
2026-06-08T09:33:43.0000000Z;44.395;44.435;3323;830
2026-06-08T09:33:47.0000000Z;44.395;44.44;3890;830
2026-06-08T09:33:48.0000000Z;44.395;44.44;3323;1056
2026-06-08T09:33:49.0000000Z;44.395;44.44;3323;1056
2026-06-08T09:33:51.0000000Z;44.395;44.44;3323;1440
2026-06-08T09:33:52.0000000Z;44.395;44.43;3323;469
2026-06-08T09:33:53.0000000Z;44.395;44.43;3323;13969
2026-06-08T09:33:54.0000000Z;44.395;44.435;3323;830
2026-06-08T09:33:55.0000000Z;44.395;44.43;3323;469
2026-06-08T09:33:56.0000000Z;44.39;44.43;13500;469
2026-06-08T09:33:57.0000000Z;44.39;44.435;13500;1440
2026-06-08T09:33:58.0000000Z;44.39;44.435;13500;1056
2026-06-08T09:34:00.0000000Z;44.39;44.435;13500;1056
2026-06-08T09:34:01.0000000Z;44.39;44.435;13500;1056
2026-06-08T09:34:02.0000000Z;44.39;44.42;13500;302
2026-06-08T09:34:03.0000000Z;44.39;44.425;13500;830
2026-06-08T09:34:04.0000000Z;44.39;44.425;13500;830
2026-06-08T09:34:05.0000000Z;44.355;44.42;587;384
2026-06-08T09:34:06.0000000Z;44.355;44.415;587;710
2026-06-08T09:34:07.0000000Z;44.385;44.42;47;1165
2026-06-08T09:34:08.0000000Z;44.385;44.425;47;384
2026-06-08T09:34:09.0000000Z;44.385;44.42;47;754
2026-06-08T09:34:10.0000000Z;44.365;44.425;773;610
2026-06-08T09:34:12.0000000Z;44.365;44.425;773;610
2026-06-08T09:34:15.0000000Z;44.355;44.425;587;1775
2026-06-08T09:34:16.0000000Z;44.355;44.42;587;1165
2026-06-08T09:34:17.0000000Z;44.355;44.415;587;713
2026-06-08T09:34:18.0000000Z;44.355;44.415;587;713
2026-06-08T09:34:19.0000000Z;44.355;44.415;587;713
2026-06-08T09:34:23.0000000Z;44.355;44.415;587;713
2026-06-08T09:34:25.0000000Z;44.355;44.415;587;713
2026-06-08T09:34:30.0000000Z;44.355;44.425;587;1391
2026-06-08T09:34:31.0000000Z;44.355;44.42;587;756
2026-06-08T09:34:35.0000000Z;44.355;44.425;587;1391
2026-06-08T09:34:36.0000000Z;44.355;44.42;587;1165
2026-06-08T09:34:37.0000000Z;44.36;44.415;157;713
2026-06-08T09:34:38.0000000Z;44.36;44.425;157;1165
2026-06-08T09:34:39.0000000Z;44.36;44.425;157;1391
2026-06-08T09:34:40.0000000Z;44.36;44.425;157;1401
2026-06-08T09:34:41.0000000Z;44.36;44.425;157;1401
2026-06-08T09:34:42.0000000Z;44.36;44.425;470;1785
2026-06-08T09:34:43.0000000Z;44.36;44.425;470;1401
2026-06-08T09:34:46.0000000Z;44.36;44.42;470;226
2026-06-08T09:34:47.0000000Z;44.36;44.42;470;226
2026-06-08T09:34:51.0000000Z;44.36;44.42;637;1391
2026-06-08T09:34:53.0000000Z;44.36;44.425;637;1391
2026-06-08T09:34:54.0000000Z;44.36;44.42;637;1391
2026-06-08T09:34:55.0000000Z;44.36;44.42;637;226
2026-06-08T09:35:02.0000000Z;44.365;44.425;619;226
2026-06-08T09:35:03.0000000Z;44.375;44.42;627;628
2026-06-08T09:35:04.0000000Z;44.365;44.42;470;1391
2026-06-08T09:35:05.0000000Z;44.37;44.42;17438;1391
2026-06-08T09:35:07.0000000Z;44.37;44.42;3938;1391
2026-06-08T09:35:08.0000000Z;44.375;44.42;558;1165
2026-06-08T09:35:09.0000000Z;44.375;44.42;558;1165
2026-06-08T09:35:10.0000000Z;44.375;44.425;613;1391
2026-06-08T09:35:12.0000000Z;44.375;44.425;613;1391
2026-06-08T09:35:13.0000000Z;44.375;44.42;613;647
2026-06-08T09:35:14.0000000Z;44.37;44.4;3805;306
2026-06-08T09:35:15.0000000Z;44.375;44.405;476;13500
2026-06-08T09:35:16.0000000Z;44.375;44.44;859;1165
2026-06-08T09:35:17.0000000Z;44.375;44.415;859;389
2026-06-08T09:35:18.0000000Z;44.365;44.415;619;389
2026-06-08T09:35:19.0000000Z;44.365;44.425;619;1391
2026-06-08T09:35:20.0000000Z;44.365;44.425;619;1165
2026-06-08T09:35:21.0000000Z;44.365;44.425;656;1165
2026-06-08T09:35:22.0000000Z;44.365;44.425;656;1165
2026-06-08T09:35:23.0000000Z;44.365;44.425;656;1391
2026-06-08T09:35:24.0000000Z;44.365;44.425;656;1165
2026-06-08T09:35:25.0000000Z;44.365;44.425;656;1165
2026-06-08T09:35:26.0000000Z;44.365;44.425;656;1391
2026-06-08T09:35:30.0000000Z;44.375;44.415;437;686
2026-06-08T09:35:31.0000000Z;44.375;44.415;488;1165
2026-06-08T09:35:33.0000000Z;44.375;44.415;557;14125
2026-06-08T09:35:34.0000000Z;44.365;44.42;156;226
2026-06-08T09:35:35.0000000Z;44.375;44.415;665;625
2026-06-08T09:35:36.0000000Z;44.37;44.42;3882;1391
2026-06-08T09:35:41.0000000Z;44.37;44.42;3882;1391
2026-06-08T09:35:42.0000000Z;44.365;44.415;37;687
2026-06-08T09:35:47.0000000Z;44.365;44.415;37;687
2026-06-08T09:35:48.0000000Z;44.365;44.415;156;687
2026-06-08T09:35:50.0000000Z;44.365;44.42;37;1401
2026-06-08T09:35:53.0000000Z;44.37;44.42;3882;1401
2026-06-08T09:35:54.0000000Z;44.37;44.42;3882;1401
2026-06-08T09:35:55.0000000Z;44.37;44.415;3325;762
2026-06-08T09:35:56.0000000Z;44.37;44.435;3325;1165
2026-06-08T09:35:57.0000000Z;44.37;44.42;3325;1391
2026-06-08T09:36:00.0000000Z;44.37;44.42;3325;1165
2026-06-08T09:36:01.0000000Z;44.37;44.42;3325;1165
2026-06-08T09:36:03.0000000Z;44.37;44.42;3325;1165
2026-06-08T09:36:04.0000000Z;44.37;44.42;3325;1227
2026-06-08T09:36:05.0000000Z;44.37;44.42;3325;1391
2026-06-08T09:36:06.0000000Z;44.37;44.42;3770;1391
2026-06-08T09:36:08.0000000Z;44.37;44.42;3836;1391
2026-06-08T09:36:11.0000000Z;44.375;44.42;580;1165
2026-06-08T09:36:12.0000000Z;44.37;44.425;3836;1391
2026-06-08T09:36:13.0000000Z;44.37;44.42;3836;762
2026-06-08T09:36:14.0000000Z;44.37;44.42;3836;762
2026-06-08T09:36:26.0000000Z;44.375;44.425;697;1165
2026-06-08T09:36:28.0000000Z;44.375;44.425;697;1165
2026-06-08T09:36:30.0000000Z;44.375;44.425;697;1165
2026-06-08T09:36:31.0000000Z;44.375;44.425;697;1165
2026-06-08T09:36:32.0000000Z;44.375;44.42;859;545
2026-06-08T09:36:33.0000000Z;44.375;44.435;859;1165
2026-06-08T09:36:34.0000000Z;44.375;44.425;859;706
2026-06-08T09:36:35.0000000Z;44.375;44.445;859;1390
2026-06-08T09:36:36.0000000Z;44.375;44.44;859;1165
2026-06-08T09:36:37.0000000Z;44.375;44.44;859;1165
2026-06-08T09:36:38.0000000Z;44.375;44.435;859;762
2026-06-08T09:36:39.0000000Z;44.375;44.45;1020;1165
2026-06-08T09:36:40.0000000Z;44.38;44.455;550;1165
2026-06-08T09:36:41.0000000Z;44.38;44.47;37;140
2026-06-08T09:36:42.0000000Z;44.415;44.475;2365;1935
2026-06-08T09:36:43.0000000Z;44.415;44.475;2420;1935
2026-06-08T09:36:44.0000000Z;44.42;44.605;14166;2354
2026-06-08T09:36:45.0000000Z;44.42;44.57;14166;576
2026-06-08T09:36:46.0000000Z;44.41;44.445;37;1165
2026-06-08T09:36:47.0000000Z;44.42;44.445;13500;1165
2026-06-08T09:36:48.0000000Z;44.42;44.445;13500;1165
2026-06-08T09:36:49.0000000Z;44.42;44.445;13500;1165
2026-06-08T09:36:50.0000000Z;44.415;44.57;3325;713
2026-06-08T09:36:51.0000000Z;44.415;44.57;3325;713
2026-06-08T09:36:52.0000000Z;44.415;44.56;3325;2357
2026-06-08T09:36:53.0000000Z;44.415;44.555;3325;3325
2026-06-08T09:36:54.0000000Z;44.415;44.555;3325;3325
2026-06-08T09:36:55.0000000Z;44.415;44.555;3325;3325
2026-06-08T09:36:56.0000000Z;44.415;44.56;3325;13500
2026-06-08T09:36:58.0000000Z;44.415;44.56;3325;13500
2026-06-08T09:37:00.0000000Z;44.415;44.55;3325;3325
2026-06-08T09:37:01.0000000Z;44.41;44.545;358;550
2026-06-08T09:37:02.0000000Z;44.41;44.545;358;550
2026-06-08T09:37:03.0000000Z;44.41;44.535;358;550
2026-06-08T09:37:04.0000000Z;44.41;44.53;358;1165
2026-06-08T09:37:05.0000000Z;44.41;44.525;358;470
2026-06-08T09:37:06.0000000Z;44.41;44.52;358;1635
2026-06-08T09:37:07.0000000Z;44.41;44.51;358;1175
2026-06-08T09:37:08.0000000Z;44.41;44.51;358;1175
2026-06-08T09:37:10.0000000Z;44.41;44.51;358;1175
2026-06-08T09:37:11.0000000Z;44.41;44.51;358;1645
2026-06-08T09:37:12.0000000Z;44.41;44.505;358;470
2026-06-08T09:37:13.0000000Z;44.415;44.5;3422;1165
2026-06-08T09:37:14.0000000Z;44.42;44.525;97;1165
2026-06-08T09:37:15.0000000Z;44.42;44.505;786;762
2026-06-08T09:37:16.0000000Z;44.42;44.51;786;762
2026-06-08T09:37:17.0000000Z;44.42;44.51;859;762
2026-06-08T09:37:18.0000000Z;44.415;44.51;4184;762
2026-06-08T09:37:19.0000000Z;44.415;44.535;4184;1165
2026-06-08T09:37:20.0000000Z;44.415;44.525;4184;1165
2026-06-08T09:37:21.0000000Z;44.415;44.565;4184;1812
2026-06-08T09:37:22.0000000Z;44.415;44.485;4184;1390
2026-06-08T09:37:23.0000000Z;44.415;44.485;4184;1390
2026-06-08T09:37:24.0000000Z;44.415;44.485;4184;1390
2026-06-08T09:37:26.0000000Z;44.415;44.485;4184;1390
2026-06-08T09:37:27.0000000Z;44.415;44.475;4184;762
2026-06-08T09:37:28.0000000Z;44.415;44.475;3994;1165
2026-06-08T09:37:29.0000000Z;44.415;44.475;3994;1390
2026-06-08T09:37:30.0000000Z;44.415;44.47;3994;1165
2026-06-08T09:37:31.0000000Z;44.415;44.47;3994;1165
2026-06-08T09:37:32.0000000Z;44.415;44.47;3994;1165
2026-06-08T09:37:33.0000000Z;44.415;44.47;3994;1165
2026-06-08T09:37:34.0000000Z;44.415;44.475;3994;1390
2026-06-08T09:37:35.0000000Z;44.415;44.47;3994;225
2026-06-08T09:37:36.0000000Z;44.415;44.465;3994;1390
2026-06-08T09:37:37.0000000Z;44.415;44.465;3994;1390
2026-06-08T09:37:38.0000000Z;44.415;44.46;3994;762
2026-06-08T09:37:39.0000000Z;44.415;44.46;3994;225
2026-06-08T09:37:40.0000000Z;44.415;44.465;3326;225
2026-06-08T09:37:41.0000000Z;44.41;44.465;13500;225
2026-06-08T09:37:42.0000000Z;44.41;44.465;13500;225
2026-06-08T09:37:43.0000000Z;44.415;44.465;97;225
2026-06-08T09:37:44.0000000Z;44.415;44.465;97;225
2026-06-08T09:37:45.0000000Z;44.415;44.465;97;225
2026-06-08T09:37:46.0000000Z;44.41;44.455;13500;225
2026-06-08T09:37:47.0000000Z;44.41;44.455;13500;225
2026-06-08T09:37:48.0000000Z;44.41;44.455;13500;225
2026-06-08T09:37:49.0000000Z;44.41;44.455;13500;718
2026-06-08T09:37:50.0000000Z;44.41;44.455;13500;1390
2026-06-08T09:37:51.0000000Z;44.41;44.455;13500;1165
2026-06-08T09:37:52.0000000Z;44.41;44.455;13500;1165
2026-06-08T09:37:53.0000000Z;44.41;44.455;13500;1165
2026-06-08T09:37:54.0000000Z;44.41;44.455;13500;1165
2026-06-08T09:37:55.0000000Z;44.41;44.46;13500;1390
2026-06-08T09:37:57.0000000Z;44.41;44.46;13500;1390
2026-06-08T09:37:58.0000000Z;44.41;44.455;13500;225
2026-06-08T09:38:00.0000000Z;44.41;44.47;13500;225
2026-06-08T09:38:01.0000000Z;44.41;44.455;13500;553
2026-06-08T09:38:02.0000000Z;44.41;44.45;13500;656
2026-06-08T09:38:03.0000000Z;44.41;44.455;13500;225
2026-06-08T09:38:04.0000000Z;44.41;44.46;13500;225
2026-06-08T09:38:05.0000000Z;44.41;44.455;13500;713
2026-06-08T09:38:06.0000000Z;44.41;44.455;13500;1390
2026-06-08T09:38:09.0000000Z;44.41;44.455;13500;225
2026-06-08T09:38:10.0000000Z;44.41;44.455;13500;225
2026-06-08T09:38:14.0000000Z;44.41;44.455;13500;225
2026-06-08T09:38:16.0000000Z;44.41;44.45;13500;1165
2026-06-08T09:38:17.0000000Z;44.41;44.45;13500;638
2026-06-08T09:38:18.0000000Z;44.41;44.455;13500;235
2026-06-08T09:38:19.0000000Z;44.41;44.455;13500;1165
2026-06-08T09:38:21.0000000Z;44.41;44.455;13500;1390
2026-06-08T09:38:23.0000000Z;44.41;44.46;13500;1390
2026-06-08T09:38:24.0000000Z;44.41;44.455;13500;716
2026-06-08T09:38:25.0000000Z;44.41;44.45;13500;654
2026-06-08T09:38:26.0000000Z;44.41;44.455;13500;1165
2026-06-08T09:38:27.0000000Z;44.41;44.455;13500;1390
2026-06-08T09:38:28.0000000Z;44.41;44.455;13500;14217
2026-06-08T09:38:30.0000000Z;44.41;44.455;13500;717
2026-06-08T09:38:31.0000000Z;44.41;44.46;13500;1390
2026-06-08T09:38:32.0000000Z;44.41;44.46;13500;1390
2026-06-08T09:38:36.0000000Z;44.415;44.455;547;313
2026-06-08T09:38:37.0000000Z;44.41;44.465;13500;1390
2026-06-08T09:38:38.0000000Z;44.41;44.455;13500;1165
2026-06-08T09:38:39.0000000Z;44.41;44.455;13500;708
2026-06-08T09:38:40.0000000Z;44.41;44.45;13500;654
2026-06-08T09:38:41.0000000Z;44.41;44.455;13500;1165
2026-06-08T09:38:43.0000000Z;44.41;44.455;13500;1165
2026-06-08T09:38:45.0000000Z;44.41;44.455;13500;1165
2026-06-08T09:38:46.0000000Z;44.41;44.455;13500;1390
2026-06-08T09:38:47.0000000Z;44.41;44.45;13500;1165
2026-06-08T09:38:48.0000000Z;44.415;44.475;547;225
2026-06-08T09:38:49.0000000Z;44.41;44.45;13500;1165
2026-06-08T09:38:50.0000000Z;44.41;44.45;13500;1165
2026-06-08T09:38:51.0000000Z;44.41;44.45;13500;1165
2026-06-08T09:38:52.0000000Z;44.41;44.445;13500;398
2026-06-08T09:38:53.0000000Z;44.41;44.45;13500;1390
2026-06-08T09:38:59.0000000Z;44.41;44.45;13500;1165
2026-06-08T09:38:59.0000000Z;44.41;44.45;13500;1165
2026-06-08T09:39:00.0000000Z;44.41;44.45;13500;1165
2026-06-08T09:39:01.0000000Z;44.41;44.45;13500;1165
2026-06-08T09:39:02.0000000Z;44.41;44.45;13500;1165
2026-06-08T09:39:03.0000000Z;44.41;44.45;13500;1165
2026-06-08T09:39:05.0000000Z;44.41;44.45;13500;225
2026-06-08T09:39:06.0000000Z;44.41;44.455;13500;225
2026-06-08T09:39:07.0000000Z;44.41;44.455;13500;225
2026-06-08T09:39:08.0000000Z;44.41;44.45;13500;604
2026-06-08T09:39:09.0000000Z;44.415;44.45;97;309
2026-06-08T09:39:10.0000000Z;44.41;44.47;13500;225
2026-06-08T09:39:11.0000000Z;44.415;44.45;97;372
2026-06-08T09:39:12.0000000Z;44.415;44.48;566;225
2026-06-08T09:39:13.0000000Z;44.415;44.48;3892;225
2026-06-08T09:39:14.0000000Z;44.415;44.475;3892;1390
2026-06-08T09:39:15.0000000Z;44.415;44.47;3892;762
2026-06-08T09:39:16.0000000Z;44.415;44.475;3837;1390
2026-06-08T09:39:18.0000000Z;44.415;44.48;3837;1390
2026-06-08T09:39:19.0000000Z;44.415;44.48;3837;1390
2026-06-08T09:39:20.0000000Z;44.415;44.475;3837;1400
2026-06-08T09:39:21.0000000Z;44.415;44.475;3837;1400
2026-06-08T09:39:25.0000000Z;44.415;44.475;3837;1400
2026-06-08T09:39:30.0000000Z;44.415;44.465;3837;1165
2026-06-08T09:39:31.0000000Z;44.415;44.485;3326;225
2026-06-08T09:39:32.0000000Z;44.415;44.48;3326;1390
2026-06-08T09:39:33.0000000Z;44.415;44.47;3326;13500
2026-06-08T09:39:34.0000000Z;44.415;44.465;3326;13500
2026-06-08T09:39:35.0000000Z;44.415;44.465;3326;1390
2026-06-08T09:39:36.0000000Z;44.415;44.465;3326;1390
2026-06-08T09:39:37.0000000Z;44.415;44.465;3326;1390
2026-06-08T09:39:42.0000000Z;44.415;44.465;3326;1390
2026-06-08T09:39:45.0000000Z;44.415;44.465;3326;1390
2026-06-08T09:39:46.0000000Z;44.41;44.46;13500;13500
2026-06-08T09:39:51.0000000Z;44.41;44.46;13500;13500
2026-06-08T09:39:53.0000000Z;44.41;44.46;13500;13500
2026-06-08T09:39:55.0000000Z;44.41;44.46;13500;1390
2026-06-08T09:39:56.0000000Z;44.41;44.465;13500;1390
2026-06-08T09:39:58.0000000Z;44.41;44.465;13500;14890
2026-06-08T09:39:59.0000000Z;44.41;44.455;13500;1165
2026-06-08T09:40:00.0000000Z;44.41;44.465;13500;1390
2026-06-08T09:40:01.0000000Z;44.41;44.465;13500;1390
2026-06-08T09:40:02.0000000Z;44.41;44.465;13500;14890
2026-06-08T09:40:05.0000000Z;44.41;44.465;13500;13500
2026-06-08T09:40:06.0000000Z;44.41;44.465;13500;1390
2026-06-08T09:40:08.0000000Z;44.415;44.47;554;1390
2026-06-08T09:40:10.0000000Z;44.41;44.46;13500;1165
2026-06-08T09:40:11.0000000Z;44.41;44.46;13500;1165
2026-06-08T09:40:13.0000000Z;44.41;44.465;13500;1390
2026-06-08T09:40:14.0000000Z;44.415;44.465;525;1165
2026-06-08T09:40:15.0000000Z;44.415;44.465;3965;1165
2026-06-08T09:40:16.0000000Z;44.415;44.465;3965;1165
2026-06-08T09:40:17.0000000Z;44.415;44.46;3965;731
2026-06-08T09:40:18.0000000Z;44.41;44.465;13500;225
2026-06-08T09:40:19.0000000Z;44.41;44.46;13500;759
2026-06-08T09:40:20.0000000Z;44.41;44.46;13500;1165
2026-06-08T09:40:22.0000000Z;44.41;44.46;13500;1165
2026-06-08T09:40:24.0000000Z;44.41;44.46;13500;1165
2026-06-08T09:40:25.0000000Z;44.41;44.485;13500;609
2026-06-08T09:40:26.0000000Z;44.41;44.47;13500;1390
2026-06-08T09:40:27.0000000Z;44.415;44.465;3326;1165
2026-06-08T09:40:29.0000000Z;44.415;44.465;3326;1165
2026-06-08T09:40:30.0000000Z;44.415;44.465;3326;1165
2026-06-08T09:40:31.0000000Z;44.415;44.465;3326;13500
2026-06-08T09:40:32.0000000Z;44.41;44.465;13500;1165
2026-06-08T09:40:34.0000000Z;44.41;44.465;13500;1165
2026-06-08T09:40:36.0000000Z;44.41;44.48;13500;225
2026-06-08T09:40:37.0000000Z;44.41;44.475;13500;1390
2026-06-08T09:40:39.0000000Z;44.41;44.475;13500;13500
2026-06-08T09:40:40.0000000Z;44.41;44.465;13500;1165
2026-06-08T09:40:42.0000000Z;44.41;44.465;13500;1165
2026-06-08T09:40:43.0000000Z;44.41;44.47;13500;1165
2026-06-08T09:40:45.0000000Z;44.41;44.47;13500;1165
2026-06-08T09:40:47.0000000Z;44.41;44.47;13500;1165
2026-06-08T09:40:49.0000000Z;44.41;44.47;13500;1165
2026-06-08T09:40:51.0000000Z;44.41;44.47;13500;1165
2026-06-08T09:40:52.0000000Z;44.41;44.47;13500;1165
2026-06-08T09:40:53.0000000Z;44.41;44.47;13500;1165
2026-06-08T09:40:54.0000000Z;44.41;44.47;13500;1165
2026-06-08T09:40:56.0000000Z;44.41;44.47;13500;1165
2026-06-08T09:40:57.0000000Z;44.41;44.47;13500;1390
2026-06-08T09:41:00.0000000Z;44.41;44.47;13500;1390
2026-06-08T09:41:01.0000000Z;44.41;44.47;13500;1390
2026-06-08T09:41:02.0000000Z;44.41;44.47;13500;1165
2026-06-08T09:41:03.0000000Z;44.41;44.47;13500;1165
2026-06-08T09:41:04.0000000Z;44.41;44.48;13500;1390
2026-06-08T09:41:07.0000000Z;44.41;44.475;13500;4713
2026-06-08T09:41:10.0000000Z;44.41;44.475;13500;13500
2026-06-08T09:41:11.0000000Z;44.41;44.47;13500;13500
2026-06-08T09:41:12.0000000Z;44.41;44.47;13500;1165
2026-06-08T09:41:14.0000000Z;44.41;44.48;13500;1390
2026-06-08T09:41:16.0000000Z;44.41;44.48;13500;1390
2026-06-08T09:41:17.0000000Z;44.41;44.475;13500;3323
2026-06-08T09:41:19.0000000Z;44.41;44.475;13500;3323
2026-06-08T09:41:20.0000000Z;44.41;44.475;13500;3323
2026-06-08T09:41:24.0000000Z;44.41;44.475;13500;3323
2026-06-08T09:41:25.0000000Z;44.41;44.475;13500;3323
2026-06-08T09:41:27.0000000Z;44.41;44.475;13500;3323
2026-06-08T09:41:28.0000000Z;44.41;44.475;13500;3323
2026-06-08T09:41:29.0000000Z;44.41;44.475;13500;3323
2026-06-08T09:41:33.0000000Z;44.41;44.47;13500;1175
2026-06-08T09:41:35.0000000Z;44.41;44.47;13500;1175
2026-06-08T09:41:36.0000000Z;44.41;44.47;13500;1175
2026-06-08T09:41:39.0000000Z;44.41;44.47;13500;1175
2026-06-08T09:41:41.0000000Z;44.41;44.47;13500;1175
2026-06-08T09:41:42.0000000Z;44.41;44.47;13500;1175
2026-06-08T09:41:43.0000000Z;44.41;44.47;13500;1175
2026-06-08T09:41:44.0000000Z;44.41;44.47;13500;1175
2026-06-08T09:41:46.0000000Z;44.41;44.47;13500;1175
2026-06-08T09:41:49.0000000Z;44.41;44.47;13500;1175
2026-06-08T09:41:50.0000000Z;44.41;44.465;13500;3323
2026-06-08T09:41:51.0000000Z;44.41;44.465;13500;3323
2026-06-08T09:41:52.0000000Z;44.41;44.47;13500;1175
2026-06-08T09:41:54.0000000Z;44.41;44.47;13500;1175
2026-06-08T09:41:57.0000000Z;44.41;44.47;13500;1175
2026-06-08T09:41:58.0000000Z;44.41;44.47;13500;1175
2026-06-08T09:42:00.0000000Z;44.41;44.47;13500;1175
2026-06-08T09:42:06.0000000Z;44.41;44.47;13500;13500
2026-06-08T09:42:07.0000000Z;44.41;44.47;13500;13500
2026-06-08T09:42:08.0000000Z;44.41;44.47;13500;13500
2026-06-08T09:42:11.0000000Z;44.41;44.47;13500;13500
2026-06-08T09:42:12.0000000Z;44.41;44.47;13500;13500
2026-06-08T09:42:14.0000000Z;44.41;44.47;13500;13500
2026-06-08T09:42:16.0000000Z;44.41;44.47;13500;13500
2026-06-08T09:42:32.0000000Z;44.41;44.47;13500;13500
2026-06-08T09:42:34.0000000Z;44.41;44.47;13500;13500
2026-06-08T09:42:35.0000000Z;44.41;44.47;13500;13500
2026-06-08T09:42:36.0000000Z;44.41;44.47;13500;13500
2026-06-08T09:42:39.0000000Z;44.41;44.47;13500;13500
2026-06-08T09:42:43.0000000Z;44.41;44.47;13500;13500
2026-06-08T09:42:44.0000000Z;44.41;44.47;13500;13500
2026-06-08T09:42:45.0000000Z;44.41;44.47;13500;13500
2026-06-08T09:42:46.0000000Z;44.41;44.47;13500;13500
2026-06-08T09:42:53.0000000Z;44.415;44.47;3323;13500
2026-06-08T09:42:54.0000000Z;44.415;44.47;3323;13500
2026-06-08T09:42:55.0000000Z;44.415;44.47;3323;13500
2026-06-08T09:42:56.0000000Z;44.415;44.47;3323;13500
2026-06-08T09:42:57.0000000Z;44.415;44.47;3323;13500
2026-06-08T09:42:59.0000000Z;44.415;44.47;3323;13500
2026-06-08T09:43:00.0000000Z;44.415;44.47;3323;13500
2026-06-08T09:43:01.0000000Z;44.415;44.47;3323;13500
2026-06-08T09:43:03.0000000Z;44.415;44.47;3323;13500
2026-06-08T09:43:04.0000000Z;44.415;44.47;3323;13500
2026-06-08T09:43:05.0000000Z;44.415;44.47;3323;13500
2026-06-08T09:43:06.0000000Z;44.415;44.47;3323;13500
2026-06-08T09:43:07.0000000Z;44.415;44.47;3323;13500
2026-06-08T09:43:08.0000000Z;44.415;44.47;3323;13500
2026-06-08T09:43:10.0000000Z;44.415;44.47;3323;13500
2026-06-08T09:43:11.0000000Z;44.415;44.47;3323;13500
2026-06-08T09:43:12.0000000Z;44.415;44.47;3323;13500
2026-06-08T09:43:13.0000000Z;44.415;44.47;3323;13500
2026-06-08T09:43:14.0000000Z;44.415;44.47;3323;13500
2026-06-08T09:43:16.0000000Z;44.415;44.47;3323;13500
2026-06-08T09:43:18.0000000Z;44.41;44.5;891;1165
2026-06-08T09:43:19.0000000Z;44.41;44.475;891;1175
2026-06-08T09:43:21.0000000Z;44.41;44.475;891;1175
2026-06-08T09:43:26.0000000Z;44.41;44.505;891;1165
2026-06-08T09:43:27.0000000Z;44.41;44.5;891;13500
2026-06-08T09:43:28.0000000Z;44.41;44.495;891;1165
2026-06-08T09:43:29.0000000Z;44.41;44.515;891;2141
2026-06-08T09:43:30.0000000Z;44.41;44.505;891;14624
2026-06-08T09:43:31.0000000Z;44.41;44.505;891;1124
2026-06-08T09:43:33.0000000Z;44.42;44.515;854;1916
2026-06-08T09:43:34.0000000Z;44.42;44.515;854;1916
2026-06-08T09:43:35.0000000Z;44.42;44.515;854;13500
2026-06-08T09:43:36.0000000Z;44.42;44.515;854;13500
2026-06-08T09:43:37.0000000Z;44.43;44.51;856;759
2026-06-08T09:43:40.0000000Z;44.42;44.51;916;759
2026-06-08T09:43:41.0000000Z;44.42;44.51;916;759
2026-06-08T09:43:42.0000000Z;44.425;44.52;470;1165
2026-06-08T09:43:43.0000000Z;44.425;44.52;470;1165
2026-06-08T09:43:45.0000000Z;44.425;44.515;470;759
2026-06-08T09:43:48.0000000Z;44.425;44.52;470;751
2026-06-08T09:43:49.0000000Z;44.425;44.535;470;225
2026-06-08T09:43:50.0000000Z;44.435;44.515;4179;759
2026-06-08T09:43:51.0000000Z;44.43;44.545;854;225
2026-06-08T09:43:52.0000000Z;44.43;44.53;854;759
2026-06-08T09:43:53.0000000Z;44.43;44.54;854;759
2026-06-08T09:43:55.0000000Z;44.43;44.54;854;759
2026-06-08T09:43:58.0000000Z;44.43;44.545;916;225
2026-06-08T09:43:59.0000000Z;44.43;44.54;916;4082
2026-06-08T09:44:00.0000000Z;44.43;44.54;916;4082
2026-06-08T09:44:03.0000000Z;44.43;44.54;916;4082
2026-06-08T09:44:09.0000000Z;44.43;44.54;916;4082
2026-06-08T09:44:25.0000000Z;44.43;44.54;916;4082
2026-06-08T09:44:26.0000000Z;44.43;44.54;916;4082
2026-06-08T09:44:27.0000000Z;44.44;44.54;909;4082
2026-06-08T09:44:34.0000000Z;44.44;44.54;909;4082
2026-06-08T09:44:35.0000000Z;44.44;44.54;525;4082
2026-06-08T09:44:36.0000000Z;44.44;44.54;909;4082
2026-06-08T09:44:40.0000000Z;44.44;44.54;909;4082
2026-06-08T09:44:49.0000000Z;44.44;44.54;525;4082
2026-06-08T09:44:50.0000000Z;44.44;44.54;909;4082
2026-06-08T09:45:02.0000000Z;44.44;44.54;525;4082
2026-06-08T09:45:04.0000000Z;44.44;44.54;909;4082
2026-06-08T09:45:08.0000000Z;44.44;44.54;909;4082
2026-06-08T09:45:10.0000000Z;44.44;44.54;55;4082
2026-06-08T09:45:16.0000000Z;44.44;44.55;55;1916
2026-06-08T09:45:17.0000000Z;44.44;44.54;55;759
2026-06-08T09:45:18.0000000Z;44.44;44.55;55;1916
2026-06-08T09:45:19.0000000Z;44.44;44.53;55;751
2026-06-08T09:45:20.0000000Z;44.44;44.52;55;759
2026-06-08T09:45:21.0000000Z;44.44;44.53;55;13500
2026-06-08T09:45:22.0000000Z;44.44;44.55;55;751
2026-06-08T09:45:23.0000000Z;44.44;44.545;55;17207
2026-06-08T09:45:24.0000000Z;44.44;44.55;55;751
2026-06-08T09:45:25.0000000Z;44.44;44.545;55;384
2026-06-08T09:45:26.0000000Z;44.44;44.545;55;16823
2026-06-08T09:45:27.0000000Z;44.44;44.545;55;384
2026-06-08T09:45:28.0000000Z;44.44;44.55;55;751
2026-06-08T09:45:29.0000000Z;44.44;44.545;55;17207
2026-06-08T09:45:30.0000000Z;44.44;44.545;55;16823
2026-06-08T09:45:31.0000000Z;44.44;44.515;55;13500
2026-06-08T09:45:32.0000000Z;44.44;44.52;55;13500
2026-06-08T09:45:33.0000000Z;44.44;44.53;55;1165
2026-06-08T09:45:34.0000000Z;44.44;44.55;55;751
2026-06-08T09:45:35.0000000Z;44.44;44.545;55;17207
2026-06-08T09:45:36.0000000Z;44.44;44.55;55;751
2026-06-08T09:45:37.0000000Z;44.44;44.55;55;751
2026-06-08T09:45:38.0000000Z;44.44;44.55;55;751
2026-06-08T09:45:39.0000000Z;44.44;44.545;55;3323
2026-06-08T09:45:44.0000000Z;44.44;44.545;55;3323
2026-06-08T09:45:45.0000000Z;44.44;44.545;55;3323
2026-06-08T09:45:46.0000000Z;44.44;44.545;55;3323
2026-06-08T09:45:48.0000000Z;44.44;44.55;55;16823
2026-06-08T09:45:49.0000000Z;44.44;44.56;909;751
2026-06-08T09:45:50.0000000Z;44.44;44.56;909;751
2026-06-08T09:45:51.0000000Z;44.44;44.555;909;4074
2026-06-08T09:45:52.0000000Z;44.445;44.555;854;384
2026-06-08T09:45:53.0000000Z;44.445;44.555;854;17958
2026-06-08T09:45:54.0000000Z;44.445;44.555;909;384
2026-06-08T09:45:55.0000000Z;44.445;44.55;909;3323
2026-06-08T09:45:56.0000000Z;44.445;44.555;909;384
2026-06-08T09:45:57.0000000Z;44.445;44.555;909;384
2026-06-08T09:45:58.0000000Z;44.445;44.56;909;1135
2026-06-08T09:45:59.0000000Z;44.445;44.555;909;16823
2026-06-08T09:46:00.0000000Z;44.445;44.555;909;3323
2026-06-08T09:46:01.0000000Z;44.445;44.55;909;759
2026-06-08T09:46:02.0000000Z;44.445;44.56;909;1197
2026-06-08T09:46:04.0000000Z;44.445;44.56;909;1135
2026-06-08T09:46:05.0000000Z;44.445;44.53;909;759
2026-06-08T09:46:06.0000000Z;44.445;44.545;909;751
2026-06-08T09:46:07.0000000Z;44.445;44.545;909;1916
2026-06-08T09:46:09.0000000Z;44.445;44.545;909;1916
2026-06-08T09:46:11.0000000Z;44.445;44.545;909;1916
2026-06-08T09:46:12.0000000Z;44.46;44.54;4179;759
2026-06-08T09:46:13.0000000Z;44.46;44.56;4176;759
2026-06-08T09:46:14.0000000Z;44.46;44.56;4176;759
2026-06-08T09:46:16.0000000Z;44.455;44.565;916;225
2026-06-08T09:46:17.0000000Z;44.46;44.56;4176;4079
2026-06-08T09:46:18.0000000Z;44.46;44.56;4176;225
2026-06-08T09:46:19.0000000Z;44.46;44.56;4176;225
2026-06-08T09:46:20.0000000Z;44.46;44.565;4176;225
2026-06-08T09:46:21.0000000Z;44.46;44.565;4176;225
2026-06-08T09:46:22.0000000Z;44.46;44.555;4176;759
2026-06-08T09:46:23.0000000Z;44.46;44.555;4176;759
2026-06-08T09:46:24.0000000Z;44.46;44.56;4176;609
2026-06-08T09:46:25.0000000Z;44.455;44.545;470;759
2026-06-08T09:46:26.0000000Z;44.455;44.55;470;225
2026-06-08T09:46:27.0000000Z;44.455;44.56;470;225
2026-06-08T09:46:29.0000000Z;44.455;44.57;470;225
2026-06-08T09:46:30.0000000Z;44.455;44.555;470;759
2026-06-08T09:46:31.0000000Z;44.455;44.56;470;225
2026-06-08T09:46:35.0000000Z;44.455;44.56;470;609
2026-06-08T09:46:36.0000000Z;44.455;44.55;470;225
2026-06-08T09:46:37.0000000Z;44.455;44.56;470;609
2026-06-08T09:46:38.0000000Z;44.455;44.56;470;609
2026-06-08T09:46:40.0000000Z;44.455;44.56;470;609
2026-06-08T09:46:42.0000000Z;44.455;44.56;470;609
2026-06-08T09:46:43.0000000Z;44.455;44.56;854;225
2026-06-08T09:46:45.0000000Z;44.455;44.56;854;225
2026-06-08T09:46:47.0000000Z;44.455;44.57;854;225
2026-06-08T09:46:48.0000000Z;44.455;44.56;854;759
2026-06-08T09:46:49.0000000Z;44.455;44.56;916;225
2026-06-08T09:46:51.0000000Z;44.455;44.56;916;225
2026-06-08T09:46:53.0000000Z;44.455;44.54;916;1916
2026-06-08T09:46:55.0000000Z;44.455;44.54;916;1165
2026-06-08T09:46:57.0000000Z;44.455;44.54;916;1165
2026-06-08T09:46:59.0000000Z;44.455;44.535;854;1165
2026-06-08T09:47:00.0000000Z;44.455;44.535;854;1165
2026-06-08T09:47:01.0000000Z;44.455;44.54;470;1916
2026-06-08T09:47:02.0000000Z;44.455;44.535;470;14259
2026-06-08T09:47:03.0000000Z;44.455;44.54;470;1390
2026-06-08T09:47:04.0000000Z;44.455;44.535;470;759
2026-06-08T09:47:08.0000000Z;44.455;44.535;916;759
2026-06-08T09:47:12.0000000Z;44.455;44.54;470;1390
2026-06-08T09:47:14.0000000Z;44.455;44.54;854;1165
2026-06-08T09:47:15.0000000Z;44.455;44.54;854;1390
2026-06-08T09:47:18.0000000Z;44.455;44.54;916;1165
2026-06-08T09:47:20.0000000Z;44.455;44.54;916;1390
2026-06-08T09:47:21.0000000Z;44.455;44.54;854;1390
2026-06-08T09:47:23.0000000Z;44.455;44.54;854;1390
2026-06-08T09:47:28.0000000Z;44.455;44.54;470;1390
2026-06-08T09:47:32.0000000Z;44.455;44.54;916;1390
2026-06-08T09:47:38.0000000Z;44.455;44.535;854;1165
2026-06-08T09:47:40.0000000Z;44.455;44.535;854;1165
2026-06-08T09:47:41.0000000Z;44.455;44.54;854;1390
2026-06-08T09:47:42.0000000Z;44.455;44.54;916;1387
2026-06-08T09:47:43.0000000Z;44.455;44.54;916;1387
2026-06-08T09:47:44.0000000Z;44.455;44.535;916;759
2026-06-08T09:47:45.0000000Z;44.455;44.54;470;1162
2026-06-08T09:47:47.0000000Z;44.455;44.54;470;1387
2026-06-08T09:47:48.0000000Z;44.455;44.54;470;1162
2026-06-08T09:47:50.0000000Z;44.455;44.545;470;1387
2026-06-08T09:47:52.0000000Z;44.455;44.54;470;1162
2026-06-08T09:47:53.0000000Z;44.455;44.545;470;1162
2026-06-08T09:47:54.0000000Z;44.455;44.54;470;14259
2026-06-08T09:47:55.0000000Z;44.455;44.55;854;1387
2026-06-08T09:47:56.0000000Z;44.455;44.54;854;759
2026-06-08T09:47:58.0000000Z;44.455;44.545;854;759
2026-06-08T09:47:59.0000000Z;44.455;44.55;854;1162
2026-06-08T09:48:00.0000000Z;44.455;44.55;916;1387
2026-06-08T09:48:04.0000000Z;44.455;44.55;854;1387
2026-06-08T09:48:05.0000000Z;44.455;44.55;854;1387
2026-06-08T09:48:06.0000000Z;44.455;44.545;854;1162
2026-06-08T09:48:08.0000000Z;44.455;44.545;854;1913
2026-06-08T09:48:10.0000000Z;44.455;44.545;854;1913
2026-06-08T09:48:11.0000000Z;44.455;44.545;854;1913
2026-06-08T09:48:12.0000000Z;44.455;44.545;916;1162
2026-06-08T09:48:16.0000000Z;44.455;44.545;854;1224
2026-06-08T09:48:27.0000000Z;44.455;44.545;916;1162
2026-06-08T09:48:28.0000000Z;44.455;44.545;916;1162
2026-06-08T09:48:34.0000000Z;44.455;44.545;916;1162
2026-06-08T09:48:35.0000000Z;44.455;44.545;916;1162
2026-06-08T09:48:38.0000000Z;44.455;44.545;916;1162
2026-06-08T09:48:43.0000000Z;44.47;44.545;4162;1162
2026-06-08T09:48:44.0000000Z;44.465;44.545;926;1162
2026-06-08T09:48:45.0000000Z;44.465;44.545;926;1162
2026-06-08T09:48:47.0000000Z;44.465;44.545;926;1162
2026-06-08T09:48:48.0000000Z;44.465;44.545;926;1162
2026-06-08T09:48:49.0000000Z;44.465;44.545;926;1162
2026-06-08T09:48:51.0000000Z;44.47;44.545;384;1162
2026-06-08T09:48:52.0000000Z;44.465;44.545;542;1162
2026-06-08T09:48:53.0000000Z;44.475;44.545;470;1162
2026-06-08T09:48:54.0000000Z;44.475;44.545;542;1162
2026-06-08T09:48:55.0000000Z;44.475;44.545;542;1162
2026-06-08T09:48:56.0000000Z;44.475;44.545;542;1162
2026-06-08T09:48:57.0000000Z;44.475;44.545;542;1162
2026-06-08T09:48:59.0000000Z;44.475;44.545;542;1162
2026-06-08T09:48:59.0000000Z;44.475;44.545;542;1162
2026-06-08T09:49:01.0000000Z;44.475;44.545;542;1162
2026-06-08T09:49:03.0000000Z;44.475;44.545;542;1162
2026-06-08T09:49:04.0000000Z;44.475;44.545;542;1162
2026-06-08T09:49:05.0000000Z;44.475;44.545;542;1162
2026-06-08T09:49:06.0000000Z;44.475;44.545;542;1162
2026-06-08T09:49:08.0000000Z;44.475;44.545;542;1162
2026-06-08T09:49:09.0000000Z;44.475;44.545;542;1162
2026-06-08T09:49:10.0000000Z;44.475;44.545;542;1162
2026-06-08T09:49:19.0000000Z;44.475;44.545;542;1162
2026-06-08T09:49:21.0000000Z;44.475;44.545;542;1162
2026-06-08T09:49:23.0000000Z;44.475;44.545;542;1162
2026-06-08T09:49:26.0000000Z;44.475;44.545;542;1162
2026-06-08T09:49:28.0000000Z;44.475;44.545;542;1162
2026-06-08T09:49:29.0000000Z;44.475;44.545;542;1387
2026-06-08T09:49:32.0000000Z;44.475;44.545;542;1387
2026-06-08T09:49:33.0000000Z;44.475;44.545;542;1387
2026-06-08T09:49:34.0000000Z;44.475;44.545;542;1387
2026-06-08T09:49:35.0000000Z;44.475;44.545;542;1162
2026-06-08T09:49:37.0000000Z;44.475;44.545;542;1162
2026-06-08T09:49:39.0000000Z;44.475;44.55;542;1387
2026-06-08T09:49:40.0000000Z;44.475;44.545;542;759
2026-06-08T09:49:41.0000000Z;44.475;44.545;542;759
2026-06-08T09:49:43.0000000Z;44.475;44.55;542;1387
2026-06-08T09:49:45.0000000Z;44.475;44.545;542;1162
2026-06-08T09:49:46.0000000Z;44.475;44.54;542;753
2026-06-08T09:49:47.0000000Z;44.475;44.545;542;1162
2026-06-08T09:49:49.0000000Z;44.475;44.545;542;1387
2026-06-08T09:49:50.0000000Z;44.475;44.545;542;1387
2026-06-08T09:49:51.0000000Z;44.475;44.545;542;1387
2026-06-08T09:49:52.0000000Z;44.475;44.545;542;1387
2026-06-08T09:49:56.0000000Z;44.475;44.545;542;1387
2026-06-08T09:49:59.0000000Z;44.475;44.545;542;1162
2026-06-08T09:50:00.0000000Z;44.475;44.545;542;1387
2026-06-08T09:50:05.0000000Z;44.475;44.54;542;1387
2026-06-08T09:50:06.0000000Z;44.475;44.53;542;1162
2026-06-08T09:50:07.0000000Z;44.475;44.53;542;1162
2026-06-08T09:50:09.0000000Z;44.475;44.535;542;1162
2026-06-08T09:50:11.0000000Z;44.475;44.535;542;1162
2026-06-08T09:50:12.0000000Z;44.475;44.53;542;644
2026-06-08T09:50:13.0000000Z;44.475;44.535;542;1162
2026-06-08T09:50:15.0000000Z;44.475;44.535;542;1162
2026-06-08T09:50:16.0000000Z;44.475;44.53;72;759
2026-06-08T09:50:17.0000000Z;44.48;44.53;774;759
2026-06-08T09:50:20.0000000Z;44.48;44.53;774;1387
2026-06-08T09:50:21.0000000Z;44.48;44.525;774;644
2026-06-08T09:50:22.0000000Z;44.48;44.535;774;1387
2026-06-08T09:50:23.0000000Z;44.48;44.525;774;1162
2026-06-08T09:50:24.0000000Z;44.48;44.53;856;725
2026-06-08T09:50:28.0000000Z;44.48;44.535;542;1387
2026-06-08T09:50:31.0000000Z;44.48;44.525;611;1162
2026-06-08T09:50:33.0000000Z;44.48;44.525;611;1162
2026-06-08T09:50:35.0000000Z;44.48;44.53;611;1162
2026-06-08T09:50:37.0000000Z;44.48;44.54;3929;1162
2026-06-08T09:50:38.0000000Z;44.48;44.525;611;558
2026-06-08T09:50:39.0000000Z;44.48;44.525;611;558
2026-06-08T09:50:40.0000000Z;44.475;44.53;13500;1162
2026-06-08T09:50:41.0000000Z;44.475;44.53;13500;1162
2026-06-08T09:50:42.0000000Z;44.48;44.535;611;1162
2026-06-08T09:50:43.0000000Z;44.48;44.535;611;1162
2026-06-08T09:50:44.0000000Z;44.48;44.53;856;754
2026-06-08T09:50:45.0000000Z;44.48;44.535;856;1162
2026-06-08T09:50:46.0000000Z;44.48;44.535;856;1387
2026-06-08T09:50:47.0000000Z;44.48;44.535;856;1387
2026-06-08T09:50:49.0000000Z;44.48;44.535;856;1387
2026-06-08T09:50:52.0000000Z;44.48;44.535;856;1387
2026-06-08T09:50:53.0000000Z;44.48;44.535;856;1162
2026-06-08T09:50:54.0000000Z;44.48;44.535;856;1387
2026-06-08T09:50:55.0000000Z;44.48;44.535;856;1387
2026-06-08T09:50:57.0000000Z;44.48;44.535;856;1162
2026-06-08T09:50:59.0000000Z;44.48;44.535;856;1162
2026-06-08T09:50:59.0000000Z;44.48;44.535;856;1162
2026-06-08T09:51:01.0000000Z;44.48;44.535;856;1387
2026-06-08T09:51:04.0000000Z;44.48;44.535;856;1162
2026-06-08T09:51:05.0000000Z;44.48;44.535;856;1387
2026-06-08T09:51:08.0000000Z;44.48;44.52;856;644
2026-06-08T09:51:09.0000000Z;44.48;44.525;611;711
2026-06-08T09:51:14.0000000Z;44.48;44.525;611;711
2026-06-08T09:51:17.0000000Z;44.48;44.525;97;1162
2026-06-08T09:51:18.0000000Z;44.475;44.525;13500;1387
2026-06-08T09:51:19.0000000Z;44.475;44.525;13500;1162
2026-06-08T09:51:20.0000000Z;44.475;44.525;13500;1387
2026-06-08T09:51:21.0000000Z;44.48;44.525;97;1162
2026-06-08T09:51:23.0000000Z;44.475;44.525;13500;1162
2026-06-08T09:51:24.0000000Z;44.475;44.525;13500;1162
2026-06-08T09:51:26.0000000Z;44.475;44.525;13500;1162
2026-06-08T09:51:28.0000000Z;44.475;44.525;13500;1162
2026-06-08T09:51:30.0000000Z;44.48;44.525;488;1162
2026-06-08T09:51:31.0000000Z;44.475;44.525;13500;1162
2026-06-08T09:51:32.0000000Z;44.475;44.525;13500;1162
2026-06-08T09:51:34.0000000Z;44.475;44.525;13500;1162
2026-06-08T09:51:36.0000000Z;44.48;44.53;477;1162
2026-06-08T09:51:37.0000000Z;44.48;44.53;477;1387
2026-06-08T09:51:38.0000000Z;44.48;44.53;558;1387
2026-06-08T09:51:39.0000000Z;44.48;44.525;558;708
2026-06-08T09:51:41.0000000Z;44.48;44.53;558;1387
2026-06-08T09:51:42.0000000Z;44.475;44.53;13500;1387
2026-06-08T09:51:44.0000000Z;44.48;44.53;535;1162
2026-06-08T09:51:45.0000000Z;44.475;44.53;13500;1387
2026-06-08T09:51:48.0000000Z;44.48;44.53;97;1387
2026-06-08T09:51:49.0000000Z;44.48;44.53;556;1162
2026-06-08T09:51:51.0000000Z;44.48;44.53;556;1162
2026-06-08T09:51:52.0000000Z;44.48;44.53;556;1387
2026-06-08T09:51:58.0000000Z;44.48;44.53;614;1162
2026-06-08T09:51:59.0000000Z;44.48;44.53;614;1162
2026-06-08T09:52:00.0000000Z;44.48;44.53;614;1162
2026-06-08T09:52:02.0000000Z;44.48;44.53;614;1162
2026-06-08T09:52:04.0000000Z;44.48;44.535;774;1162
2026-06-08T09:52:05.0000000Z;44.48;44.535;470;1162
2026-06-08T09:52:06.0000000Z;44.485;44.535;737;1162
2026-06-08T09:52:07.0000000Z;44.485;44.53;737;558
2026-06-08T09:52:08.0000000Z;44.485;44.535;737;1162
2026-06-08T09:52:10.0000000Z;44.485;44.545;808;1387
2026-06-08T09:52:11.0000000Z;44.485;44.545;808;1387
2026-06-08T09:52:13.0000000Z;44.485;44.54;808;711
2026-06-08T09:52:14.0000000Z;44.48;44.54;1228;711
2026-06-08T09:52:15.0000000Z;44.48;44.545;1612;1162
2026-06-08T09:52:16.0000000Z;44.48;44.545;1228;1162
2026-06-08T09:52:17.0000000Z;44.48;44.545;1228;1162
2026-06-08T09:52:18.0000000Z;44.485;44.545;926;1162
2026-06-08T09:52:19.0000000Z;44.49;44.545;772;1387
2026-06-08T09:52:20.0000000Z;44.49;44.545;772;1162
2026-06-08T09:52:22.0000000Z;44.485;44.545;1517;1162
2026-06-08T09:52:23.0000000Z;44.485;44.545;1517;1162
2026-06-08T09:52:24.0000000Z;44.49;44.555;845;1387
2026-06-08T09:52:26.0000000Z;44.485;44.555;1581;1387
2026-06-08T09:52:27.0000000Z;44.485;44.545;1581;1162
2026-06-08T09:52:29.0000000Z;44.485;44.55;1581;1387
2026-06-08T09:52:31.0000000Z;44.485;44.545;1581;709
2026-06-08T09:52:32.0000000Z;44.485;44.545;1581;709
2026-06-08T09:52:33.0000000Z;44.485;44.54;542;642
2026-06-08T09:52:34.0000000Z;44.485;44.54;926;642
2026-06-08T09:52:35.0000000Z;44.485;44.545;926;1162
2026-06-08T09:52:37.0000000Z;44.485;44.545;926;1162
2026-06-08T09:52:38.0000000Z;44.485;44.545;926;1387
2026-06-08T09:52:39.0000000Z;44.485;44.545;926;1162
2026-06-08T09:52:40.0000000Z;44.485;44.545;542;1162
2026-06-08T09:52:41.0000000Z;44.485;44.545;542;1162
2026-06-08T09:52:43.0000000Z;44.485;44.545;542;1162
2026-06-08T09:52:45.0000000Z;44.485;44.545;542;1162
2026-06-08T09:52:46.0000000Z;44.485;44.545;542;1387
2026-06-08T09:52:50.0000000Z;44.485;44.545;542;1387
2026-06-08T09:52:52.0000000Z;44.485;44.54;542;225
2026-06-08T09:52:53.0000000Z;44.485;44.54;542;225
2026-06-08T09:52:57.0000000Z;44.49;44.545;856;225
2026-06-08T09:52:59.0000000Z;44.49;44.54;856;625
2026-06-08T09:53:01.0000000Z;44.485;44.54;542;225
2026-06-08T09:53:02.0000000Z;44.49;44.54;639;225
2026-06-08T09:53:03.0000000Z;44.49;44.545;856;225
2026-06-08T09:53:05.0000000Z;44.49;44.54;856;625
2026-06-08T09:53:06.0000000Z;44.49;44.54;856;3942
2026-06-08T09:53:09.0000000Z;44.49;44.54;856;3942
2026-06-08T09:53:11.0000000Z;44.49;44.535;856;556
2026-06-08T09:53:12.0000000Z;44.49;44.54;856;1387
2026-06-08T09:53:15.0000000Z;44.49;44.54;856;1387
2026-06-08T09:53:16.0000000Z;44.49;44.545;856;1387
2026-06-08T09:53:17.0000000Z;44.49;44.545;856;1387
2026-06-08T09:53:19.0000000Z;44.49;44.54;856;642
2026-06-08T09:53:26.0000000Z;44.49;44.55;856;1387
2026-06-08T09:53:27.0000000Z;44.49;44.545;856;225
2026-06-08T09:53:28.0000000Z;44.49;44.55;856;1387
2026-06-08T09:53:29.0000000Z;44.49;44.55;856;1387
2026-06-08T09:53:34.0000000Z;44.49;44.55;856;1387
2026-06-08T09:53:35.0000000Z;44.49;44.545;856;225
2026-06-08T09:53:36.0000000Z;44.49;44.545;856;1162
2026-06-08T09:53:37.0000000Z;44.49;44.54;856;17460
2026-06-08T09:53:38.0000000Z;44.49;44.545;856;1162
2026-06-08T09:53:39.0000000Z;44.49;44.54;856;3960
2026-06-08T09:53:40.0000000Z;44.49;44.545;856;1162
2026-06-08T09:53:41.0000000Z;44.49;44.545;856;1387
2026-06-08T09:53:44.0000000Z;44.49;44.545;856;1387
2026-06-08T09:53:45.0000000Z;44.49;44.55;856;1387
2026-06-08T09:53:47.0000000Z;44.49;44.55;856;1387
2026-06-08T09:53:51.0000000Z;44.49;44.55;856;1387
2026-06-08T09:53:56.0000000Z;44.49;44.545;856;1162
2026-06-08T09:53:58.0000000Z;44.49;44.545;856;1162
2026-06-08T09:54:00.0000000Z;44.49;44.545;856;1162
2026-06-08T09:54:02.0000000Z;44.49;44.545;856;1162
2026-06-08T09:54:03.0000000Z;44.49;44.54;856;642
2026-06-08T09:54:04.0000000Z;44.49;44.55;856;1162
2026-06-08T09:54:05.0000000Z;44.49;44.55;856;1162
2026-06-08T09:54:06.0000000Z;44.49;44.55;856;1162
2026-06-08T09:54:07.0000000Z;44.49;44.545;856;709
2026-06-08T09:54:08.0000000Z;44.49;44.545;856;641
2026-06-08T09:54:09.0000000Z;44.49;44.555;856;1162
2026-06-08T09:54:10.0000000Z;44.49;44.555;856;1387
2026-06-08T09:54:11.0000000Z;44.49;44.555;856;1162
2026-06-08T09:54:13.0000000Z;44.49;44.555;856;1162
2026-06-08T09:54:15.0000000Z;44.49;44.555;856;1162
2026-06-08T09:54:16.0000000Z;44.49;44.555;856;1162
2026-06-08T09:54:18.0000000Z;44.485;44.56;1120;1162
2026-06-08T09:54:19.0000000Z;44.485;44.56;1120;1771
2026-06-08T09:54:20.0000000Z;44.485;44.56;1120;1771
2026-06-08T09:54:22.0000000Z;44.485;44.56;1120;1771
2026-06-08T09:54:23.0000000Z;44.485;44.56;542;1771
2026-06-08T09:54:24.0000000Z;44.485;44.56;1126;1771
2026-06-08T09:54:27.0000000Z;44.485;44.555;542;1224
2026-06-08T09:54:28.0000000Z;44.485;44.55;542;4070
2026-06-08T09:54:32.0000000Z;44.485;44.555;926;1162
2026-06-08T09:54:33.0000000Z;44.485;44.555;926;1162
2026-06-08T09:54:34.0000000Z;44.485;44.555;926;1387
2026-06-08T09:54:36.0000000Z;44.485;44.545;926;1162
2026-06-08T09:54:37.0000000Z;44.485;44.545;926;1162
2026-06-08T09:54:38.0000000Z;44.485;44.545;926;640
2026-06-08T09:54:39.0000000Z;44.485;44.545;926;14140
2026-06-08T09:54:40.0000000Z;44.485;44.545;542;14140
2026-06-08T09:54:41.0000000Z;44.485;44.545;926;640
2026-06-08T09:54:42.0000000Z;44.485;44.555;926;1387
2026-06-08T09:54:43.0000000Z;44.49;44.555;384;1387
2026-06-08T09:54:49.0000000Z;44.49;44.555;384;1387
2026-06-08T09:54:53.0000000Z;44.485;44.555;542;1387
2026-06-08T09:54:54.0000000Z;44.485;44.555;926;1387
2026-06-08T09:54:55.0000000Z;44.49;44.555;774;1387
2026-06-08T09:54:57.0000000Z;44.485;44.545;456;722
2026-06-08T09:54:58.0000000Z;44.485;44.545;926;722
2026-06-08T09:54:59.0000000Z;44.49;44.545;384;722
2026-06-08T09:55:00.0000000Z;44.49;44.555;384;1162
2026-06-08T09:55:01.0000000Z;44.49;44.555;384;1387
2026-06-08T09:55:04.0000000Z;44.49;44.555;384;1162
2026-06-08T09:55:14.0000000Z;44.495;44.555;807;1162
2026-06-08T09:55:15.0000000Z;44.485;44.555;542;1162
2026-06-08T09:55:16.0000000Z;44.485;44.55;926;1162
2026-06-08T09:55:17.0000000Z;44.485;44.55;926;1162
2026-06-08T09:55:18.0000000Z;44.49;44.555;809;1162
2026-06-08T09:55:19.0000000Z;44.49;44.55;809;1162
2026-06-08T09:55:20.0000000Z;44.49;44.555;845;1162
2026-06-08T09:55:21.0000000Z;44.49;44.555;845;1162
2026-06-08T09:55:22.0000000Z;44.49;44.555;845;1162
2026-06-08T09:55:23.0000000Z;44.49;44.555;845;1387
2026-06-08T09:55:27.0000000Z;44.485;44.555;542;1387
2026-06-08T09:55:30.0000000Z;44.485;44.54;542;642
2026-06-08T09:55:31.0000000Z;44.495;44.545;843;13500
2026-06-08T09:55:32.0000000Z;44.495;44.555;843;1387
2026-06-08T09:55:34.0000000Z;44.495;44.545;843;3963
2026-06-08T09:55:35.0000000Z;44.495;44.55;843;1387
2026-06-08T09:55:36.0000000Z;44.495;44.545;843;3963
2026-06-08T09:55:37.0000000Z;44.495;44.545;843;3963
2026-06-08T09:55:38.0000000Z;44.495;44.545;843;3963
2026-06-08T09:55:39.0000000Z;44.495;44.55;843;1162
2026-06-08T09:55:41.0000000Z;44.49;44.55;384;1387
2026-06-08T09:55:42.0000000Z;44.49;44.55;384;1162
2026-06-08T09:55:43.0000000Z;44.49;44.545;384;3963
2026-06-08T09:55:44.0000000Z;44.49;44.55;384;1162
2026-06-08T09:55:45.0000000Z;44.49;44.545;384;3963
2026-06-08T09:55:46.0000000Z;44.49;44.55;384;1162
2026-06-08T09:55:47.0000000Z;44.49;44.545;384;3963
2026-06-08T09:55:48.0000000Z;44.49;44.55;384;1162
2026-06-08T09:55:49.0000000Z;44.49;44.545;384;3963
2026-06-08T09:55:50.0000000Z;44.49;44.545;384;645
2026-06-08T09:55:51.0000000Z;44.49;44.56;384;1387
2026-06-08T09:55:52.0000000Z;44.485;44.55;542;1162
2026-06-08T09:55:54.0000000Z;44.49;44.55;808;1162
2026-06-08T09:55:56.0000000Z;44.49;44.55;808;1162
2026-06-08T09:55:57.0000000Z;44.49;44.55;808;1162
2026-06-08T09:55:58.0000000Z;44.49;44.55;808;1162
2026-06-08T09:56:00.0000000Z;44.49;44.55;808;1387
2026-06-08T09:56:02.0000000Z;44.485;44.55;926;1162
2026-06-08T09:56:03.0000000Z;44.485;44.55;926;1387
2026-06-08T09:56:09.0000000Z;44.485;44.545;926;709
2026-06-08T09:56:10.0000000Z;44.49;44.545;856;4027
2026-06-08T09:56:12.0000000Z;44.49;44.55;856;1162
2026-06-08T09:56:13.0000000Z;44.485;44.55;926;1162
2026-06-08T09:56:14.0000000Z;44.485;44.55;926;1162
2026-06-08T09:56:16.0000000Z;44.485;44.55;926;1162
2026-06-08T09:56:18.0000000Z;44.485;44.55;926;1162
2026-06-08T09:56:19.0000000Z;44.485;44.55;926;1387
2026-06-08T09:56:21.0000000Z;44.485;44.55;926;1162
2026-06-08T09:56:23.0000000Z;44.485;44.55;542;1162
2026-06-08T09:56:25.0000000Z;44.485;44.555;542;1387
2026-06-08T09:56:28.0000000Z;44.485;44.555;542;1387
2026-06-08T09:56:31.0000000Z;44.485;44.55;542;4069
2026-06-08T09:56:36.0000000Z;44.485;44.555;542;1162
2026-06-08T09:56:38.0000000Z;44.485;44.555;542;1162
2026-06-08T09:56:40.0000000Z;44.485;44.555;542;1387
2026-06-08T09:56:42.0000000Z;44.485;44.545;542;1162
2026-06-08T09:56:44.0000000Z;44.485;44.545;926;1162
2026-06-08T09:56:46.0000000Z;44.485;44.545;926;1162
2026-06-08T09:56:48.0000000Z;44.485;44.545;926;1387
2026-06-08T09:56:49.0000000Z;44.485;44.54;926;3959
2026-06-08T09:56:51.0000000Z;44.485;44.54;926;1387
2026-06-08T09:56:55.0000000Z;44.485;44.54;542;1387
2026-06-08T09:56:56.0000000Z;44.485;44.545;542;1387
2026-06-08T09:56:58.0000000Z;44.485;44.545;542;1387
2026-06-08T09:57:03.0000000Z;44.485;44.545;542;1387
2026-06-08T09:57:04.0000000Z;44.485;44.55;542;1387
2026-06-08T09:57:06.0000000Z;44.485;44.55;542;1387
2026-06-08T09:57:07.0000000Z;44.485;44.54;926;1162
2026-06-08T09:57:09.0000000Z;44.485;44.54;926;1162
2026-06-08T09:57:10.0000000Z;44.485;44.55;926;1387
2026-06-08T09:57:11.0000000Z;44.485;44.55;926;1387
2026-06-08T09:57:12.0000000Z;44.485;44.54;926;555
2026-06-08T09:57:16.0000000Z;44.485;44.54;542;555
2026-06-08T09:57:25.0000000Z;44.485;44.54;542;3959
2026-06-08T09:57:26.0000000Z;44.485;44.555;542;1162
2026-06-08T09:57:28.0000000Z;44.485;44.545;542;641
2026-06-08T09:57:29.0000000Z;44.485;44.545;542;641
2026-06-08T09:57:33.0000000Z;44.485;44.545;926;641
2026-06-08T09:57:34.0000000Z;44.485;44.55;926;554
2026-06-08T09:57:35.0000000Z;44.49;44.57;384;1890
2026-06-08T09:57:36.0000000Z;44.49;44.555;384;645
2026-06-08T09:57:41.0000000Z;44.49;44.56;384;754
2026-06-08T09:57:44.0000000Z;44.49;44.56;384;754
2026-06-08T09:57:45.0000000Z;44.505;44.56;773;754
2026-06-08T09:57:46.0000000Z;44.505;44.57;384;1162
2026-06-08T09:57:51.0000000Z;44.505;44.57;384;1162
2026-06-08T09:57:53.0000000Z;44.505;44.57;384;1162
2026-06-08T09:57:59.0000000Z;44.505;44.57;13500;1162
2026-06-08T09:57:59.0000000Z;44.5;44.57;560;1162
2026-06-08T09:58:00.0000000Z;44.5;44.57;560;1387
2026-06-08T09:58:01.0000000Z;44.5;44.57;560;1387
2026-06-08T09:58:02.0000000Z;44.505;44.57;97;1387
2026-06-08T09:58:03.0000000Z;44.505;44.56;563;1162
2026-06-08T09:58:04.0000000Z;44.505;44.56;563;1162
2026-06-08T09:58:05.0000000Z;44.505;44.57;578;1387
2026-06-08T09:58:06.0000000Z;44.505;44.56;578;641
2026-06-08T09:58:09.0000000Z;44.505;44.56;618;1162
2026-06-08T09:58:10.0000000Z;44.505;44.555;618;3958
2026-06-08T09:58:13.0000000Z;44.505;44.555;97;3958
2026-06-08T09:58:15.0000000Z;44.505;44.555;97;3958
2026-06-08T09:58:17.0000000Z;44.505;44.555;97;3958
2026-06-08T09:58:18.0000000Z;44.505;44.555;97;3958
2026-06-08T09:58:21.0000000Z;44.505;44.555;97;3958
2026-06-08T09:58:24.0000000Z;44.505;44.555;97;3958
2026-06-08T09:58:30.0000000Z;44.505;44.555;97;3958
2026-06-08T09:58:33.0000000Z;44.505;44.555;97;3958
2026-06-08T09:58:37.0000000Z;44.505;44.555;97;3958
2026-06-08T09:58:39.0000000Z;44.505;44.555;97;3958
2026-06-08T09:58:46.0000000Z;44.505;44.555;560;3958
2026-06-08T09:58:49.0000000Z;44.505;44.555;560;3958
2026-06-08T09:58:50.0000000Z;44.505;44.555;581;3958
2026-06-08T09:58:53.0000000Z;44.505;44.555;581;3958
2026-06-08T09:58:56.0000000Z;44.505;44.555;581;3958
2026-06-08T09:59:06.0000000Z;44.505;44.555;581;3958
2026-06-08T09:59:10.0000000Z;44.505;44.555;581;3958
2026-06-08T09:59:13.0000000Z;44.505;44.555;581;3958
2026-06-08T09:59:14.0000000Z;44.505;44.555;581;3958
2026-06-08T09:59:20.0000000Z;44.505;44.555;581;3958
2026-06-08T09:59:35.0000000Z;44.505;44.565;637;1162
2026-06-08T09:59:36.0000000Z;44.505;44.565;637;1162
2026-06-08T09:59:37.0000000Z;44.505;44.565;637;1387
2026-06-08T09:59:38.0000000Z;44.505;44.565;637;1387
2026-06-08T09:59:39.0000000Z;44.505;44.565;637;1387
2026-06-08T09:59:48.0000000Z;44.505;44.565;384;1162
2026-06-08T09:59:49.0000000Z;44.505;44.565;384;1162
2026-06-08T09:59:54.0000000Z;44.5;44.565;560;1162
2026-06-08T09:59:56.0000000Z;44.51;44.565;678;1162
2026-06-08T10:00:00.0000000Z;44.5;44.565;560;1162
2026-06-08T10:00:01.0000000Z;44.51;44.565;678;1162
2026-06-08T10:00:02.0000000Z;44.5;44.565;560;1162
2026-06-08T10:00:03.0000000Z;44.5;44.565;560;1162
2026-06-08T10:00:04.0000000Z;44.505;44.565;384;1162
2026-06-08T10:00:06.0000000Z;44.5;44.565;560;1162
2026-06-08T10:00:09.0000000Z;44.505;44.565;682;1162
2026-06-08T10:00:12.0000000Z;44.505;44.565;682;1162
2026-06-08T10:00:15.0000000Z;44.505;44.565;682;1162
2026-06-08T10:00:16.0000000Z;44.505;44.565;682;1162
2026-06-08T10:00:17.0000000Z;44.505;44.565;682;1162
2026-06-08T10:00:19.0000000Z;44.505;44.565;682;1387
2026-06-08T10:00:23.0000000Z;44.505;44.565;682;1162
2026-06-08T10:00:29.0000000Z;44.51;44.565;678;1162
2026-06-08T10:00:30.0000000Z;44.5;44.565;560;1162
2026-06-08T10:00:31.0000000Z;44.505;44.565;14099;1162
2026-06-08T10:00:33.0000000Z;44.505;44.565;599;1162
2026-06-08T10:00:39.0000000Z;44.51;44.565;678;1162
2026-06-08T10:00:40.0000000Z;44.51;44.565;678;1162
2026-06-08T10:00:41.0000000Z;44.51;44.565;678;1387
2026-06-08T10:00:43.0000000Z;44.505;44.565;13500;1162
2026-06-08T10:00:45.0000000Z;44.505;44.565;599;1162
2026-06-08T10:00:54.0000000Z;44.505;44.565;599;1387
2026-06-08T10:00:56.0000000Z;44.505;44.565;599;1387
2026-06-08T10:00:59.0000000Z;44.505;44.565;599;1387
2026-06-08T10:01:00.0000000Z;44.505;44.56;594;1387
2026-06-08T10:01:01.0000000Z;44.505;44.555;594;3958
2026-06-08T10:01:03.0000000Z;44.505;44.55;97;555
2026-06-08T10:01:04.0000000Z;44.505;44.555;97;1162
2026-06-08T10:01:06.0000000Z;44.505;44.555;97;1162
2026-06-08T10:01:07.0000000Z;44.505;44.555;97;1162
2026-06-08T10:01:08.0000000Z;44.505;44.555;97;1162
2026-06-08T10:01:12.0000000Z;44.505;44.555;97;1387
2026-06-08T10:01:13.0000000Z;44.505;44.555;97;1162
2026-06-08T10:01:15.0000000Z;44.505;44.555;97;1387
2026-06-08T10:01:16.0000000Z;44.505;44.555;97;1162
2026-06-08T10:01:18.0000000Z;44.505;44.555;97;1387
2026-06-08T10:01:22.0000000Z;44.505;44.555;97;1162
2026-06-08T10:01:27.0000000Z;44.505;44.555;97;1162
2026-06-08T10:01:28.0000000Z;44.505;44.555;97;1387
2026-06-08T10:01:29.0000000Z;44.505;44.555;97;1387
2026-06-08T10:01:31.0000000Z;44.5;44.545;13500;1162
2026-06-08T10:01:32.0000000Z;44.5;44.54;13500;3702
2026-06-08T10:01:33.0000000Z;44.505;44.555;97;1387
2026-06-08T10:01:34.0000000Z;44.505;44.555;97;1387
2026-06-08T10:01:35.0000000Z;44.505;44.545;97;385
2026-06-08T10:01:37.0000000Z;44.5;44.545;13500;452
2026-06-08T10:01:42.0000000Z;44.505;44.555;97;1162
2026-06-08T10:01:43.0000000Z;44.505;44.555;97;1387
2026-06-08T10:01:45.0000000Z;44.5;44.55;13500;225
2026-06-08T10:01:46.0000000Z;44.5;44.55;13500;1162
2026-06-08T10:01:47.0000000Z;44.5;44.55;13500;1162
2026-06-08T10:01:49.0000000Z;44.5;44.545;13884;3785
2026-06-08T10:01:52.0000000Z;44.5;44.55;13884;1162
2026-06-08T10:01:55.0000000Z;44.5;44.55;944;1162
2026-06-08T10:01:56.0000000Z;44.5;44.55;13500;1162
2026-06-08T10:01:58.0000000Z;44.5;44.55;90;1162
2026-06-08T10:01:59.0000000Z;44.5;44.545;90;775
2026-06-08T10:02:01.0000000Z;44.5;44.54;90;601
2026-06-08T10:02:02.0000000Z;44.5;44.535;90;550
2026-06-08T10:02:03.0000000Z;44.47;44.525;322;759
2026-06-08T10:02:04.0000000Z;44.46;44.525;706;775
2026-06-08T10:02:05.0000000Z;44.4;44.525;325;759
2026-06-08T10:02:06.0000000Z;44.405;44.525;487;759
2026-06-08T10:02:07.0000000Z;44.41;44.52;324;759
2026-06-08T10:02:08.0000000Z;44.41;44.51;810;768
2026-06-08T10:02:09.0000000Z;44.41;44.505;324;1162
2026-06-08T10:02:10.0000000Z;44.41;44.5;324;768
2026-06-08T10:02:11.0000000Z;44.42;44.51;97;768
2026-06-08T10:02:12.0000000Z;44.43;44.51;727;768
2026-06-08T10:02:13.0000000Z;44.43;44.5;727;753
2026-06-08T10:02:14.0000000Z;44.43;44.53;727;225
2026-06-08T10:02:15.0000000Z;44.43;44.52;291;768
2026-06-08T10:02:16.0000000Z;44.43;44.5;323;768
2026-06-08T10:02:17.0000000Z;44.465;44.515;470;1162
2026-06-08T10:02:18.0000000Z;44.465;44.515;13500;1162
2026-06-08T10:02:19.0000000Z;44.465;44.515;13500;1387
2026-06-08T10:02:20.0000000Z;44.465;44.515;13500;1387
2026-06-08T10:02:24.0000000Z;44.465;44.515;13500;1387
2026-06-08T10:02:25.0000000Z;44.465;44.515;13500;1162
2026-06-08T10:02:26.0000000Z;44.465;44.515;13500;1387
2026-06-08T10:02:27.0000000Z;44.455;44.51;470;768
2026-06-08T10:02:28.0000000Z;44.465;44.515;470;2155
2026-06-08T10:02:29.0000000Z;44.47;44.515;97;1930
2026-06-08T10:02:30.0000000Z;44.47;44.515;97;1930
2026-06-08T10:02:31.0000000Z;44.47;44.515;97;1930
2026-06-08T10:02:34.0000000Z;44.47;44.515;97;1930
2026-06-08T10:02:38.0000000Z;44.465;44.515;13500;1930
2026-06-08T10:02:39.0000000Z;44.465;44.515;470;768
2026-06-08T10:02:40.0000000Z;44.465;44.515;470;768
2026-06-08T10:02:42.0000000Z;44.465;44.515;470;768
2026-06-08T10:02:43.0000000Z;44.465;44.515;470;768
2026-06-08T10:02:44.0000000Z;44.465;44.515;470;768
2026-06-08T10:02:49.0000000Z;44.465;44.515;470;1162
2026-06-08T10:02:53.0000000Z;44.465;44.515;470;1162
2026-06-08T10:02:54.0000000Z;44.465;44.515;470;1162
2026-06-08T10:02:55.0000000Z;44.47;44.515;97;1162
2026-06-08T10:02:57.0000000Z;44.47;44.515;97;1162
2026-06-08T10:02:58.0000000Z;44.465;44.515;13500;13500
2026-06-08T10:02:59.0000000Z;44.45;44.555;322;225
2026-06-08T10:03:00.0000000Z;44.435;44.555;484;225
2026-06-08T10:03:01.0000000Z;44.45;44.555;322;225
2026-06-08T10:03:02.0000000Z;44.465;44.52;856;1124
2026-06-08T10:03:03.0000000Z;44.46;44.53;142;768
2026-06-08T10:03:04.0000000Z;44.46;44.515;14625;3316
2026-06-08T10:03:05.0000000Z;44.46;44.52;1125;768
2026-06-08T10:03:06.0000000Z;44.45;44.505;322;3316
2026-06-08T10:03:07.0000000Z;44.45;44.505;322;3316
2026-06-08T10:03:08.0000000Z;44.46;44.505;1125;3316
2026-06-08T10:03:09.0000000Z;44.465;44.515;470;768
2026-06-08T10:03:10.0000000Z;44.465;44.51;470;16816
2026-06-08T10:03:11.0000000Z;44.465;44.51;470;16816
2026-06-08T10:03:12.0000000Z;44.465;44.51;854;3316
2026-06-08T10:03:13.0000000Z;44.465;44.51;13500;3316
2026-06-08T10:03:14.0000000Z;44.465;44.51;13500;3316
2026-06-08T10:03:27.0000000Z;44.465;44.515;13500;768
2026-06-08T10:03:33.0000000Z;44.465;44.515;13500;768
2026-06-08T10:03:43.0000000Z;44.465;44.515;854;768
2026-06-08T10:03:45.0000000Z;44.465;44.515;854;768
2026-06-08T10:03:47.0000000Z;44.465;44.515;854;768
2026-06-08T10:03:48.0000000Z;44.465;44.515;470;768
2026-06-08T10:03:50.0000000Z;44.465;44.515;470;16816
2026-06-08T10:03:51.0000000Z;44.465;44.515;470;768
2026-06-08T10:03:53.0000000Z;44.465;44.515;470;768
2026-06-08T10:03:55.0000000Z;44.465;44.515;470;768
2026-06-08T10:03:57.0000000Z;44.465;44.515;470;768
2026-06-08T10:04:01.0000000Z;44.465;44.515;470;768
2026-06-08T10:04:03.0000000Z;44.465;44.515;470;768
2026-06-08T10:04:04.0000000Z;44.465;44.515;470;768
2026-06-08T10:04:05.0000000Z;44.465;44.515;470;768
2026-06-08T10:04:07.0000000Z;44.465;44.515;470;768
2026-06-08T10:04:09.0000000Z;44.465;44.515;470;768
2026-06-08T10:04:10.0000000Z;44.465;44.515;470;768
2026-06-08T10:04:15.0000000Z;44.465;44.515;854;768
2026-06-08T10:04:16.0000000Z;44.465;44.515;854;768
2026-06-08T10:04:17.0000000Z;44.465;44.515;854;768
2026-06-08T10:04:18.0000000Z;44.465;44.515;854;768
2026-06-08T10:04:19.0000000Z;44.465;44.515;854;768
2026-06-08T10:04:21.0000000Z;44.465;44.515;854;768
2026-06-08T10:04:23.0000000Z;44.465;44.515;854;768
2026-06-08T10:04:25.0000000Z;44.465;44.515;854;768
2026-06-08T10:04:26.0000000Z;44.465;44.515;854;1930
2026-06-08T10:04:27.0000000Z;44.465;44.515;854;1930
2026-06-08T10:04:32.0000000Z;44.465;44.51;854;3321
2026-06-08T10:04:33.0000000Z;44.465;44.515;854;1930
2026-06-08T10:04:35.0000000Z;44.465;44.515;854;1930
2026-06-08T10:04:37.0000000Z;44.465;44.515;854;1930
2026-06-08T10:04:38.0000000Z;44.465;44.515;13500;1930
2026-06-08T10:04:39.0000000Z;44.465;44.515;13500;1930
2026-06-08T10:04:40.0000000Z;44.465;44.515;13500;1930
2026-06-08T10:04:41.0000000Z;44.465;44.515;854;1930
2026-06-08T10:04:44.0000000Z;44.465;44.515;13884;1930
2026-06-08T10:04:45.0000000Z;44.465;44.515;13500;1930
2026-06-08T10:04:46.0000000Z;44.465;44.515;13500;1930
2026-06-08T10:04:48.0000000Z;44.465;44.515;13884;1930
2026-06-08T10:04:51.0000000Z;44.465;44.515;13884;1930
2026-06-08T10:04:52.0000000Z;44.465;44.515;470;1930
2026-06-08T10:04:53.0000000Z;44.465;44.515;470;1930
2026-06-08T10:05:00.0000000Z;44.465;44.515;470;1930
2026-06-08T10:05:01.0000000Z;44.465;44.515;470;1930
2026-06-08T10:05:02.0000000Z;44.465;44.515;470;1930
2026-06-08T10:05:04.0000000Z;44.465;44.515;470;1930
2026-06-08T10:05:06.0000000Z;44.465;44.515;470;1930
2026-06-08T10:05:08.0000000Z;44.465;44.515;470;1930
2026-06-08T10:05:10.0000000Z;44.465;44.515;470;1930
2026-06-08T10:05:12.0000000Z;44.465;44.515;470;1930
2026-06-08T10:05:14.0000000Z;44.465;44.515;470;1930
2026-06-08T10:05:15.0000000Z;44.465;44.515;470;1930
2026-06-08T10:05:16.0000000Z;44.465;44.515;470;1930
2026-06-08T10:05:19.0000000Z;44.465;44.515;470;1930
2026-06-08T10:05:21.0000000Z;44.465;44.515;470;1930
2026-06-08T10:05:23.0000000Z;44.465;44.515;470;1930
2026-06-08T10:05:25.0000000Z;44.465;44.515;470;1930
2026-06-08T10:05:27.0000000Z;44.465;44.515;470;1930
2026-06-08T10:05:29.0000000Z;44.465;44.52;470;1930
2026-06-08T10:05:30.0000000Z;44.465;44.515;854;3321
2026-06-08T10:05:31.0000000Z;44.465;44.515;854;3321
2026-06-08T10:05:34.0000000Z;44.465;44.515;13500;3321
2026-06-08T10:05:35.0000000Z;44.465;44.515;13500;3321
2026-06-08T10:05:36.0000000Z;44.465;44.515;13500;3321
2026-06-08T10:05:37.0000000Z;44.465;44.515;13500;3321
2026-06-08T10:05:39.0000000Z;44.465;44.515;13500;3321
2026-06-08T10:05:42.0000000Z;44.465;44.515;13500;3321
2026-06-08T10:05:43.0000000Z;44.465;44.515;13500;3321
2026-06-08T10:05:44.0000000Z;44.465;44.515;13500;3321
2026-06-08T10:05:56.0000000Z;44.465;44.515;854;3321
2026-06-08T10:05:57.0000000Z;44.465;44.515;854;3321
2026-06-08T10:05:59.0000000Z;44.465;44.515;854;3321
2026-06-08T10:06:00.0000000Z;44.465;44.515;854;3321
2026-06-08T10:06:03.0000000Z;44.465;44.515;854;3321
2026-06-08T10:06:05.0000000Z;44.465;44.515;854;3321
2026-06-08T10:06:06.0000000Z;44.465;44.515;470;3321
2026-06-08T10:06:07.0000000Z;44.465;44.515;854;3321
2026-06-08T10:06:11.0000000Z;44.465;44.515;854;3321
2026-06-08T10:06:12.0000000Z;44.465;44.515;854;3321
2026-06-08T10:06:14.0000000Z;44.465;44.515;854;3321
2026-06-08T10:06:16.0000000Z;44.465;44.515;854;3321
2026-06-08T10:06:17.0000000Z;44.465;44.515;470;3321
2026-06-08T10:06:18.0000000Z;44.465;44.515;470;3321
2026-06-08T10:06:20.0000000Z;44.465;44.515;470;3321
2026-06-08T10:06:22.0000000Z;44.465;44.515;470;3321
2026-06-08T10:06:23.0000000Z;44.465;44.515;470;3321
2026-06-08T10:06:25.0000000Z;44.465;44.515;470;3321
2026-06-08T10:06:27.0000000Z;44.465;44.515;470;3321
2026-06-08T10:06:29.0000000Z;44.465;44.515;470;3321
2026-06-08T10:06:30.0000000Z;44.465;44.515;470;3321
2026-06-08T10:06:31.0000000Z;44.465;44.515;470;3321
2026-06-08T10:06:34.0000000Z;44.465;44.515;470;3321
2026-06-08T10:06:35.0000000Z;44.465;44.515;470;3321
2026-06-08T10:06:36.0000000Z;44.465;44.515;470;3321
2026-06-08T10:06:41.0000000Z;44.465;44.515;470;3321
2026-06-08T10:06:44.0000000Z;44.465;44.515;470;3321
2026-06-08T10:06:47.0000000Z;44.465;44.515;470;3321
2026-06-08T10:06:48.0000000Z;44.465;44.515;470;3321
2026-06-08T10:06:50.0000000Z;44.465;44.515;470;3321
2026-06-08T10:06:51.0000000Z;44.465;44.515;470;3321
2026-06-08T10:06:52.0000000Z;44.465;44.515;1054;3321
2026-06-08T10:06:53.0000000Z;44.47;44.525;384;1162
2026-06-08T10:06:54.0000000Z;44.47;44.525;13884;1162
2026-06-08T10:06:56.0000000Z;44.47;44.52;13884;3321
2026-06-08T10:06:58.0000000Z;44.47;44.52;384;768
2026-06-08T10:07:01.0000000Z;44.47;44.52;384;768
2026-06-08T10:07:03.0000000Z;44.47;44.52;384;768
2026-06-08T10:07:05.0000000Z;44.47;44.52;384;768
2026-06-08T10:07:07.0000000Z;44.47;44.515;384;3320
2026-06-08T10:07:08.0000000Z;44.47;44.515;384;3320
2026-06-08T10:07:10.0000000Z;44.47;44.515;384;3320
2026-06-08T10:07:13.0000000Z;44.465;44.515;854;3320
2026-06-08T10:07:14.0000000Z;44.465;44.515;15009;3320
2026-06-08T10:07:15.0000000Z;44.465;44.515;15009;3320
2026-06-08T10:07:17.0000000Z;44.465;44.515;13884;3320
2026-06-08T10:07:19.0000000Z;44.465;44.515;13884;3320
2026-06-08T10:07:20.0000000Z;44.47;44.51;613;385
2026-06-08T10:07:29.0000000Z;44.465;44.51;1438;385
2026-06-08T10:07:32.0000000Z;44.465;44.51;1438;385
2026-06-08T10:07:33.0000000Z;44.465;44.51;1456;385
2026-06-08T10:07:37.0000000Z;44.465;44.51;1456;385
2026-06-08T10:07:42.0000000Z;44.465;44.51;854;385
2026-06-08T10:07:43.0000000Z;44.465;44.51;470;385
2026-06-08T10:07:44.0000000Z;44.465;44.51;854;385
2026-06-08T10:07:55.0000000Z;44.465;44.51;854;385
2026-06-08T10:07:56.0000000Z;44.465;44.515;854;768
2026-06-08T10:07:57.0000000Z;44.465;44.515;854;768
2026-06-08T10:07:59.0000000Z;44.465;44.515;854;768
2026-06-08T10:08:00.0000000Z;44.465;44.515;1484;768
2026-06-08T10:08:05.0000000Z;44.465;44.515;1484;768
2026-06-08T10:08:18.0000000Z;44.465;44.515;1484;768
2026-06-08T10:08:19.0000000Z;44.465;44.515;1484;768
2026-06-08T10:08:21.0000000Z;44.465;44.515;1484;768
2026-06-08T10:08:28.0000000Z;44.465;44.515;1484;768
2026-06-08T10:08:35.0000000Z;44.465;44.515;1484;768
2026-06-08T10:08:42.0000000Z;44.475;44.51;608;653
2026-06-08T10:08:43.0000000Z;44.47;44.52;384;768
2026-06-08T10:08:44.0000000Z;44.47;44.515;384;768
2026-06-08T10:08:47.0000000Z;44.47;44.51;13500;710
2026-06-08T10:08:48.0000000Z;44.47;44.525;384;768
2026-06-08T10:08:49.0000000Z;44.475;44.525;1121;768
2026-06-08T10:08:50.0000000Z;44.475;44.525;1121;768
2026-06-08T10:08:51.0000000Z;44.475;44.525;1121;768
2026-06-08T10:08:52.0000000Z;44.475;44.52;1121;768
2026-06-08T10:08:54.0000000Z;44.48;44.53;738;1162
2026-06-08T10:08:55.0000000Z;44.48;44.52;738;13891
2026-06-08T10:08:57.0000000Z;44.48;44.52;738;391
2026-06-08T10:08:59.0000000Z;44.48;44.52;738;391
2026-06-08T10:09:06.0000000Z;44.475;44.53;384;1162
2026-06-08T10:09:07.0000000Z;44.48;44.52;679;390
2026-06-08T10:09:08.0000000Z;44.48;44.535;470;1162
2026-06-08T10:09:09.0000000Z;44.48;44.525;470;387
2026-06-08T10:09:11.0000000Z;44.48;44.525;470;387
2026-06-08T10:09:13.0000000Z;44.48;44.53;13500;1162
2026-06-08T10:09:14.0000000Z;44.485;44.535;97;1162
2026-06-08T10:09:15.0000000Z;44.485;44.535;97;1162
2026-06-08T10:09:16.0000000Z;44.48;44.525;13500;768
2026-06-08T10:09:17.0000000Z;44.48;44.525;1430;13500
2026-06-08T10:09:18.0000000Z;44.48;44.535;1433;1162
2026-06-08T10:09:19.0000000Z;44.48;44.53;1433;3320
2026-06-08T10:09:20.0000000Z;44.48;44.545;384;993
2026-06-08T10:09:21.0000000Z;44.485;44.545;470;225
2026-06-08T10:09:22.0000000Z;44.485;44.545;13500;993
2026-06-08T10:09:23.0000000Z;44.485;44.54;470;4443
2026-06-08T10:09:24.0000000Z;44.485;44.55;470;775
2026-06-08T10:09:25.0000000Z;44.485;44.54;13884;1123
2026-06-08T10:09:26.0000000Z;44.485;44.55;13500;775
2026-06-08T10:09:27.0000000Z;44.485;44.545;13500;3320
2026-06-08T10:09:29.0000000Z;44.485;44.545;13500;16820
2026-06-08T10:09:31.0000000Z;44.485;44.545;13500;16820
2026-06-08T10:09:34.0000000Z;44.48;44.54;854;225
2026-06-08T10:09:35.0000000Z;44.48;44.54;13500;225
2026-06-08T10:09:36.0000000Z;44.48;44.545;13500;225
2026-06-08T10:09:39.0000000Z;44.48;44.54;470;3320
2026-06-08T10:09:44.0000000Z;44.475;44.54;384;3320
2026-06-08T10:09:45.0000000Z;44.475;44.54;854;3320
2026-06-08T10:09:47.0000000Z;44.475;44.54;14625;3320
2026-06-08T10:09:49.0000000Z;44.475;44.54;15009;3320
2026-06-08T10:09:53.0000000Z;44.475;44.545;13884;13500
2026-06-08T10:09:54.0000000Z;44.475;44.535;13884;225
2026-06-08T10:09:55.0000000Z;44.475;44.535;13884;225
2026-06-08T10:09:56.0000000Z;44.475;44.535;13884;225
2026-06-08T10:09:58.0000000Z;44.475;44.535;854;225
2026-06-08T10:10:03.0000000Z;44.475;44.535;854;225
2026-06-08T10:10:05.0000000Z;44.475;44.535;854;225
2026-06-08T10:10:06.0000000Z;44.475;44.535;854;225
2026-06-08T10:10:12.0000000Z;44.475;44.535;854;225
2026-06-08T10:10:13.0000000Z;44.475;44.535;854;225
2026-06-08T10:10:19.0000000Z;44.475;44.535;854;225
2026-06-08T10:10:22.0000000Z;44.475;44.535;854;225
2026-06-08T10:10:26.0000000Z;44.475;44.535;854;225
2026-06-08T10:10:29.0000000Z;44.475;44.535;470;225
2026-06-08T10:10:30.0000000Z;44.475;44.535;854;225
2026-06-08T10:10:32.0000000Z;44.475;44.535;854;225
2026-06-08T10:10:41.0000000Z;44.475;44.53;854;1387
2026-06-08T10:10:47.0000000Z;44.475;44.53;854;1387
2026-06-08T10:10:53.0000000Z;44.475;44.52;13500;1162
2026-06-08T10:10:54.0000000Z;44.475;44.525;13884;1387
2026-06-08T10:10:55.0000000Z;44.475;44.52;13884;16820
2026-06-08T10:10:56.0000000Z;44.475;44.525;13884;1162
2026-06-08T10:10:57.0000000Z;44.475;44.52;13884;3320
2026-06-08T10:10:58.0000000Z;44.475;44.525;13884;1162
2026-06-08T10:11:00.0000000Z;44.475;44.525;13884;1162
2026-06-08T10:11:02.0000000Z;44.475;44.525;13884;1162
2026-06-08T10:11:04.0000000Z;44.475;44.525;13500;1162
2026-06-08T10:11:05.0000000Z;44.475;44.525;854;1387
2026-06-08T10:11:06.0000000Z;44.475;44.52;13884;3320
2026-06-08T10:11:07.0000000Z;44.475;44.52;13884;3320
2026-06-08T10:11:09.0000000Z;44.475;44.53;13884;1387
2026-06-08T10:11:11.0000000Z;44.475;44.525;13884;3320
2026-06-08T10:11:14.0000000Z;44.475;44.525;13884;3320
2026-06-08T10:11:16.0000000Z;44.475;44.525;13884;3320
2026-06-08T10:11:20.0000000Z;44.48;44.52;597;385
2026-06-08T10:11:22.0000000Z;44.48;44.52;613;1162
2026-06-08T10:11:23.0000000Z;44.48;44.52;683;13500
2026-06-08T10:11:24.0000000Z;44.48;44.52;683;3789
2026-06-08T10:11:26.0000000Z;44.48;44.525;683;1162
2026-06-08T10:11:27.0000000Z;44.48;44.525;683;1162
2026-06-08T10:11:28.0000000Z;44.48;44.525;683;1162
2026-06-08T10:11:30.0000000Z;44.48;44.525;683;1162
2026-06-08T10:11:32.0000000Z;44.48;44.525;683;1162
2026-06-08T10:11:34.0000000Z;44.48;44.525;683;1162
2026-06-08T10:11:35.0000000Z;44.48;44.525;683;1162
2026-06-08T10:11:36.0000000Z;44.48;44.525;683;1162
2026-06-08T10:11:38.0000000Z;44.48;44.525;683;1162
2026-06-08T10:11:40.0000000Z;44.48;44.53;683;1387
2026-06-08T10:11:41.0000000Z;44.48;44.53;683;1387
2026-06-08T10:11:42.0000000Z;44.48;44.535;683;1387
2026-06-08T10:11:43.0000000Z;44.48;44.535;683;1387
2026-06-08T10:11:47.0000000Z;44.475;44.535;854;1387
2026-06-08T10:11:48.0000000Z;44.475;44.535;854;1387
2026-06-08T10:11:53.0000000Z;44.475;44.535;854;1387
2026-06-08T10:11:59.0000000Z;44.475;44.535;854;1387
2026-06-08T10:12:01.0000000Z;44.475;44.53;854;1162
2026-06-08T10:12:02.0000000Z;44.475;44.525;854;3875
2026-06-08T10:12:05.0000000Z;44.475;44.535;854;1387
2026-06-08T10:12:07.0000000Z;44.475;44.535;854;1387
2026-06-08T10:12:08.0000000Z;44.475;44.535;854;1162
2026-06-08T10:12:09.0000000Z;44.475;44.535;854;1162
2026-06-08T10:12:11.0000000Z;44.475;44.535;854;1162
2026-06-08T10:12:12.0000000Z;44.475;44.535;854;1162
2026-06-08T10:12:13.0000000Z;44.475;44.535;854;1162
2026-06-08T10:12:14.0000000Z;44.475;44.535;854;1162
2026-06-08T10:12:17.0000000Z;44.475;44.535;854;1162
2026-06-08T10:12:21.0000000Z;44.475;44.535;854;1162
2026-06-08T10:12:26.0000000Z;44.475;44.535;854;1162
2026-06-08T10:12:36.0000000Z;44.475;44.535;854;1162
2026-06-08T10:12:37.0000000Z;44.475;44.535;854;1162
2026-06-08T10:12:38.0000000Z;44.475;44.535;854;1162
2026-06-08T10:12:42.0000000Z;44.475;44.535;854;1162
2026-06-08T10:12:44.0000000Z;44.475;44.535;854;1162
2026-06-08T10:12:58.0000000Z;44.475;44.535;854;1162
2026-06-08T10:13:00.0000000Z;44.48;44.545;774;1162
2026-06-08T10:13:01.0000000Z;44.48;44.535;774;641
2026-06-08T10:13:06.0000000Z;44.48;44.535;774;641
2026-06-08T10:13:22.0000000Z;44.475;44.545;470;1224
2026-06-08T10:13:29.0000000Z;44.475;44.545;470;1224
2026-06-08T10:13:51.0000000Z;44.465;44.54;1155;1162
2026-06-08T10:13:52.0000000Z;44.47;44.545;470;1162
2026-06-08T10:13:53.0000000Z;44.475;44.545;809;1162
2026-06-08T10:13:56.0000000Z;44.475;44.535;809;1162
2026-06-08T10:13:57.0000000Z;44.475;44.535;809;1162
2026-06-08T10:14:03.0000000Z;44.475;44.535;809;1162
2026-06-08T10:14:06.0000000Z;44.475;44.535;809;1162
2026-06-08T10:14:09.0000000Z;44.475;44.535;809;1162
2026-06-08T10:14:13.0000000Z;44.475;44.525;809;1162
2026-06-08T10:14:14.0000000Z;44.475;44.525;809;1162
2026-06-08T10:14:18.0000000Z;44.47;44.525;854;1162
2026-06-08T10:14:22.0000000Z;44.47;44.525;854;1162
2026-06-08T10:14:24.0000000Z;44.47;44.525;854;1162
2026-06-08T10:14:33.0000000Z;44.47;44.525;470;1162
2026-06-08T10:14:34.0000000Z;44.47;44.525;854;1162
2026-06-08T10:14:40.0000000Z;44.46;44.525;384;1162
2026-06-08T10:14:41.0000000Z;44.47;44.525;854;1162
2026-06-08T10:14:43.0000000Z;44.47;44.525;854;1162
2026-06-08T10:14:44.0000000Z;44.47;44.525;854;1162
2026-06-08T10:14:45.0000000Z;44.47;44.525;854;1162
2026-06-08T10:14:47.0000000Z;44.475;44.525;609;1162
2026-06-08T10:14:48.0000000Z;44.47;44.525;854;1162
2026-06-08T10:14:54.0000000Z;44.47;44.525;854;1162
2026-06-08T10:14:58.0000000Z;44.47;44.525;854;1162
2026-06-08T10:14:59.0000000Z;44.47;44.525;854;1162
2026-06-08T10:15:10.0000000Z;44.47;44.525;854;1162
2026-06-08T10:15:11.0000000Z;44.47;44.525;854;1162
2026-06-08T10:15:21.0000000Z;44.47;44.525;854;1162
2026-06-08T10:15:41.0000000Z;44.47;44.525;470;1162
2026-06-08T10:15:42.0000000Z;44.47;44.525;854;1162
2026-06-08T10:15:55.0000000Z;44.47;44.525;470;1162
2026-06-08T10:15:56.0000000Z;44.47;44.525;854;1162
2026-06-08T10:15:58.0000000Z;44.47;44.525;854;1162
2026-06-08T10:16:06.0000000Z;44.47;44.525;470;1162
2026-06-08T10:16:08.0000000Z;44.47;44.525;854;1162
2026-06-08T10:16:16.0000000Z;44.47;44.525;854;1162
2026-06-08T10:16:22.0000000Z;44.47;44.525;470;1162
2026-06-08T10:16:23.0000000Z;44.47;44.525;854;1162
2026-06-08T10:16:26.0000000Z;44.47;44.525;854;1162
2026-06-08T10:16:28.0000000Z;44.47;44.535;854;1162
2026-06-08T10:16:29.0000000Z;44.47;44.535;854;1162
2026-06-08T10:16:30.0000000Z;44.47;44.525;854;555
2026-06-08T10:16:35.0000000Z;44.47;44.525;854;555
2026-06-08T10:16:38.0000000Z;44.47;44.525;854;1162
2026-06-08T10:16:39.0000000Z;44.47;44.52;470;3875
2026-06-08T10:16:40.0000000Z;44.47;44.525;854;1162
2026-06-08T10:16:46.0000000Z;44.47;44.525;854;1162
2026-06-08T10:16:47.0000000Z;44.47;44.525;470;1162
2026-06-08T10:16:55.0000000Z;44.47;44.515;13500;1162
2026-06-08T10:16:58.0000000Z;44.47;44.515;13500;1162
2026-06-08T10:17:03.0000000Z;44.47;44.515;13500;1162
2026-06-08T10:17:04.0000000Z;44.47;44.51;13500;3704
2026-06-08T10:17:08.0000000Z;44.47;44.51;13500;550
2026-06-08T10:17:18.0000000Z;44.47;44.51;13500;550
2026-06-08T10:17:38.0000000Z;44.47;44.51;13500;1712
2026-06-08T10:18:11.0000000Z;44.47;44.51;13500;1937
2026-06-08T10:18:12.0000000Z;44.465;44.505;52;225
2026-06-08T10:18:13.0000000Z;44.465;44.505;52;225
2026-06-08T10:18:14.0000000Z;44.465;44.505;14625;225
2026-06-08T10:18:17.0000000Z;44.465;44.505;13500;225
2026-06-08T10:18:25.0000000Z;44.465;44.505;13500;1387
2026-06-08T10:18:28.0000000Z;44.465;44.505;13500;1387
2026-06-08T10:18:30.0000000Z;44.465;44.51;13500;775
2026-06-08T10:18:33.0000000Z;44.465;44.505;13500;1387
2026-06-08T10:18:35.0000000Z;44.465;44.51;13500;775
2026-06-08T10:18:37.0000000Z;44.465;44.51;13500;775
2026-06-08T10:18:40.0000000Z;44.465;44.51;13500;775
2026-06-08T10:18:43.0000000Z;44.465;44.505;13500;1387
2026-06-08T10:18:44.0000000Z;44.465;44.505;13500;225
2026-06-08T10:18:46.0000000Z;44.465;44.505;13500;1387
2026-06-08T10:18:48.0000000Z;44.465;44.505;13500;775
2026-06-08T10:18:50.0000000Z;44.45;44.505;470;775
2026-06-08T10:18:52.0000000Z;44.45;44.505;470;775
2026-06-08T10:18:53.0000000Z;44.455;44.505;614;775
2026-06-08T10:18:56.0000000Z;44.46;44.505;470;775
2026-06-08T10:18:58.0000000Z;44.46;44.505;470;775
2026-06-08T10:19:00.0000000Z;44.46;44.495;13500;3317
2026-06-08T10:19:02.0000000Z;44.46;44.505;13500;775
2026-06-08T10:19:05.0000000Z;44.46;44.505;13500;550
2026-06-08T10:19:08.0000000Z;44.45;44.5;470;1162
2026-06-08T10:19:09.0000000Z;44.44;44.495;453;757
2026-06-08T10:19:11.0000000Z;44.455;44.5;1670;1162
2026-06-08T10:19:13.0000000Z;44.455;44.5;1740;1162
2026-06-08T10:19:15.0000000Z;44.455;44.5;615;1162
2026-06-08T10:19:30.0000000Z;44.455;44.505;98;550
2026-06-08T10:19:33.0000000Z;44.455;44.5;98;3870
2026-06-08T10:19:34.0000000Z;44.46;44.49;94;550
2026-06-08T10:19:35.0000000Z;44.46;44.485;470;3320
2026-06-08T10:19:37.0000000Z;44.46;44.485;470;3320
2026-06-08T10:19:41.0000000Z;44.46;44.485;470;3320
2026-06-08T10:19:47.0000000Z;44.45;44.485;470;3796
2026-06-08T10:19:49.0000000Z;44.455;44.485;1223;3796
2026-06-08T10:19:51.0000000Z;44.455;44.485;415;3796
2026-06-08T10:19:56.0000000Z;44.455;44.49;415;775
2026-06-08T10:19:57.0000000Z;44.435;44.49;470;550
2026-06-08T10:19:59.0000000Z;44.445;44.49;1602;550
2026-06-08T10:20:00.0000000Z;44.445;44.49;1602;775
2026-06-08T10:20:01.0000000Z;44.445;44.49;1602;550
2026-06-08T10:20:02.0000000Z;44.445;44.49;1602;550
2026-06-08T10:20:06.0000000Z;44.44;44.49;614;550
2026-06-08T10:20:10.0000000Z;44.44;44.475;614;3706
2026-06-08T10:20:11.0000000Z;44.44;44.475;614;3706
2026-06-08T10:20:18.0000000Z;44.44;44.475;614;3706
2026-06-08T10:20:19.0000000Z;44.44;44.48;470;506
2026-06-08T10:20:25.0000000Z;44.44;44.48;470;506
2026-06-08T10:20:30.0000000Z;44.435;44.48;470;506
2026-06-08T10:20:32.0000000Z;44.435;44.48;470;506
2026-06-08T10:20:33.0000000Z;44.44;44.48;477;506
2026-06-08T10:20:34.0000000Z;44.44;44.48;477;506
2026-06-08T10:20:36.0000000Z;44.44;44.48;477;506
2026-06-08T10:20:38.0000000Z;44.44;44.48;477;506
2026-06-08T10:20:40.0000000Z;44.44;44.48;477;506
2026-06-08T10:20:42.0000000Z;44.44;44.48;477;506
2026-06-08T10:20:44.0000000Z;44.44;44.48;477;506
2026-06-08T10:20:46.0000000Z;44.44;44.48;477;506
2026-06-08T10:20:47.0000000Z;44.44;44.48;477;506
2026-06-08T10:20:48.0000000Z;44.44;44.48;477;506
2026-06-08T10:20:50.0000000Z;44.44;44.48;477;506
2026-06-08T10:20:52.0000000Z;44.44;44.48;477;506
2026-06-08T10:20:54.0000000Z;44.44;44.48;477;506
2026-06-08T10:20:56.0000000Z;44.44;44.48;477;506
2026-06-08T10:20:58.0000000Z;44.44;44.48;477;506
2026-06-08T10:21:00.0000000Z;44.435;44.48;470;506
2026-06-08T10:21:01.0000000Z;44.435;44.48;470;506
2026-06-08T10:21:02.0000000Z;44.435;44.48;470;506
2026-06-08T10:21:20.0000000Z;44.435;44.48;470;506
2026-06-08T10:21:26.0000000Z;44.435;44.48;470;506
2026-06-08T10:21:29.0000000Z;44.435;44.48;470;506
2026-06-08T10:21:38.0000000Z;44.435;44.48;470;506
2026-06-08T10:21:52.0000000Z;44.435;44.48;470;506
2026-06-08T10:21:53.0000000Z;44.435;44.48;470;506
2026-06-08T10:21:55.0000000Z;44.44;44.485;684;550
2026-06-08T10:21:57.0000000Z;44.44;44.485;684;550
2026-06-08T10:21:59.0000000Z;44.44;44.485;684;1712
2026-06-08T10:22:01.0000000Z;44.44;44.485;684;1712
2026-06-08T10:22:03.0000000Z;44.44;44.485;684;1712
2026-06-08T10:22:05.0000000Z;44.44;44.485;684;1712
2026-06-08T10:22:07.0000000Z;44.44;44.485;684;1712
2026-06-08T10:22:09.0000000Z;44.44;44.485;684;1712
2026-06-08T10:22:11.0000000Z;44.44;44.485;684;1712
2026-06-08T10:22:12.0000000Z;44.445;44.485;13500;550
2026-06-08T10:22:13.0000000Z;44.445;44.485;13500;550
2026-06-08T10:22:14.0000000Z;44.445;44.485;13500;550
2026-06-08T10:22:18.0000000Z;44.445;44.485;13500;550
2026-06-08T10:22:22.0000000Z;44.455;44.48;470;3321
2026-06-08T10:22:27.0000000Z;44.455;44.48;470;3321
2026-06-08T10:22:31.0000000Z;44.455;44.485;470;775
2026-06-08T10:22:32.0000000Z;44.425;44.475;470;715
2026-06-08T10:22:34.0000000Z;44.425;44.475;470;715
2026-06-08T10:22:35.0000000Z;44.425;44.47;470;3792
2026-06-08T10:22:36.0000000Z;44.45;44.47;1125;3792
2026-06-08T10:22:39.0000000Z;44.43;44.47;547;3792
2026-06-08T10:22:45.0000000Z;44.425;44.47;160;3792
2026-06-08T10:22:46.0000000Z;44.43;44.475;470;775
2026-06-08T10:22:47.0000000Z;44.43;44.475;470;775
2026-06-08T10:22:48.0000000Z;44.43;44.475;13500;775
2026-06-08T10:22:49.0000000Z;44.42;44.465;323;550
2026-06-08T10:22:50.0000000Z;44.42;44.46;323;3735
2026-06-08T10:22:51.0000000Z;44.41;44.455;324;477
2026-06-08T10:22:52.0000000Z;44.41;44.465;324;550
2026-06-08T10:22:53.0000000Z;44.42;44.455;1600;577
2026-06-08T10:22:54.0000000Z;44.42;44.455;1600;577
2026-06-08T10:22:56.0000000Z;44.415;44.455;611;577
2026-06-08T10:22:59.0000000Z;44.435;44.465;470;16821
2026-06-08T10:22:59.0000000Z;44.435;44.47;470;775
2026-06-08T10:23:01.0000000Z;44.435;44.465;470;3321
2026-06-08T10:23:03.0000000Z;44.435;44.465;470;3321
2026-06-08T10:23:05.0000000Z;44.435;44.465;470;3321
2026-06-08T10:23:10.0000000Z;44.44;44.47;470;775
2026-06-08T10:23:12.0000000Z;44.44;44.47;470;550
2026-06-08T10:23:14.0000000Z;44.44;44.47;470;775
2026-06-08T10:23:18.0000000Z;44.44;44.47;470;550
2026-06-08T10:23:23.0000000Z;44.435;44.465;470;3632
2026-06-08T10:23:25.0000000Z;44.435;44.465;14626;3632
2026-06-08T10:23:28.0000000Z;44.435;44.465;13500;3632
2026-06-08T10:23:34.0000000Z;44.435;44.47;470;775
2026-06-08T10:23:35.0000000Z;44.435;44.47;470;550
2026-06-08T10:23:36.0000000Z;44.435;44.47;470;775
2026-06-08T10:23:37.0000000Z;44.435;44.47;470;775
2026-06-08T10:23:39.0000000Z;44.435;44.47;470;550
2026-06-08T10:23:40.0000000Z;44.435;44.47;470;775
2026-06-08T10:23:41.0000000Z;44.435;44.47;470;550
2026-06-08T10:23:42.0000000Z;44.435;44.47;470;550
2026-06-08T10:23:44.0000000Z;44.44;44.465;470;3321
2026-06-08T10:23:49.0000000Z;44.44;44.465;470;3321
2026-06-08T10:23:58.0000000Z;44.44;44.465;470;3321
2026-06-08T10:24:00.0000000Z;44.44;44.465;470;3321
2026-06-08T10:24:01.0000000Z;44.44;44.465;470;3321
2026-06-08T10:24:02.0000000Z;44.44;44.465;470;3321
2026-06-08T10:24:08.0000000Z;44.435;44.465;470;3631
2026-06-08T10:24:10.0000000Z;44.435;44.465;14626;3631
2026-06-08T10:24:13.0000000Z;44.435;44.485;13500;550
2026-06-08T10:24:16.0000000Z;44.435;44.475;13500;1431
2026-06-08T10:24:17.0000000Z;44.435;44.485;13500;775
2026-06-08T10:24:20.0000000Z;44.435;44.475;13500;306
2026-06-08T10:24:21.0000000Z;44.44;44.485;470;775
2026-06-08T10:24:26.0000000Z;44.44;44.485;470;775
2026-06-08T10:24:28.0000000Z;44.44;44.485;470;775
2026-06-08T10:24:29.0000000Z;44.44;44.485;470;775
2026-06-08T10:24:31.0000000Z;44.435;44.485;470;550
2026-06-08T10:24:34.0000000Z;44.44;44.485;545;550
2026-06-08T10:24:36.0000000Z;44.44;44.485;545;550
2026-06-08T10:24:42.0000000Z;44.44;44.485;545;775
2026-06-08T10:24:44.0000000Z;44.44;44.48;545;225
2026-06-08T10:24:48.0000000Z;44.44;44.48;545;225
2026-06-08T10:24:51.0000000Z;44.44;44.485;545;775
2026-06-08T10:24:54.0000000Z;44.44;44.485;545;775
2026-06-08T10:24:59.0000000Z;44.44;44.485;545;775
2026-06-08T10:25:10.0000000Z;44.44;44.485;545;550
2026-06-08T10:25:15.0000000Z;44.44;44.485;545;550
2026-06-08T10:25:16.0000000Z;44.44;44.485;545;550
2026-06-08T10:25:18.0000000Z;44.44;44.485;545;550
2026-06-08T10:25:21.0000000Z;44.44;44.485;545;550
2026-06-08T10:25:22.0000000Z;44.44;44.48;545;1162
2026-06-08T10:25:26.0000000Z;44.44;44.48;545;1162
2026-06-08T10:25:27.0000000Z;44.44;44.48;545;1162
2026-06-08T10:25:29.0000000Z;44.435;44.48;854;1162
2026-06-08T10:25:30.0000000Z;44.415;44.475;650;710
2026-06-08T10:25:31.0000000Z;44.415;44.48;650;768
2026-06-08T10:25:32.0000000Z;44.43;44.48;1126;1930
2026-06-08T10:25:33.0000000Z;44.43;44.48;1126;1930
2026-06-08T10:25:34.0000000Z;44.43;44.48;1669;1930
2026-06-08T10:25:35.0000000Z;44.43;44.48;1669;1930
2026-06-08T10:25:38.0000000Z;44.425;44.48;682;1930
2026-06-08T10:25:41.0000000Z;44.42;44.48;854;1930
2026-06-08T10:25:45.0000000Z;44.42;44.48;854;1930
2026-06-08T10:25:46.0000000Z;44.42;44.48;854;1930
2026-06-08T10:25:52.0000000Z;44.42;44.48;1436;1930
2026-06-08T10:25:56.0000000Z;44.42;44.48;1052;1930
2026-06-08T10:25:57.0000000Z;44.425;44.48;960;1930
2026-06-08T10:25:58.0000000Z;44.42;44.48;1128;1930
2026-06-08T10:25:59.0000000Z;44.42;44.48;1512;1930
2026-06-08T10:26:00.0000000Z;44.425;44.48;14186;1930
2026-06-08T10:26:02.0000000Z;44.425;44.48;686;1930
2026-06-08T10:26:04.0000000Z;44.43;44.48;470;768
2026-06-08T10:26:05.0000000Z;44.43;44.48;470;768
2026-06-08T10:26:06.0000000Z;44.43;44.48;470;768
2026-06-08T10:26:07.0000000Z;44.43;44.48;470;768
2026-06-08T10:26:08.0000000Z;44.43;44.475;470;1162
2026-06-08T10:26:11.0000000Z;44.43;44.475;470;1162
2026-06-08T10:26:12.0000000Z;44.43;44.475;470;1162
2026-06-08T10:26:15.0000000Z;44.43;44.475;470;1162
2026-06-08T10:26:16.0000000Z;44.43;44.475;470;1162
2026-06-08T10:26:23.0000000Z;44.43;44.475;470;1162
2026-06-08T10:26:29.0000000Z;44.43;44.475;854;1162
2026-06-08T10:26:39.0000000Z;44.43;44.475;854;1162
2026-06-08T10:26:46.0000000Z;44.44;44.485;470;1930
2026-06-08T10:26:47.0000000Z;44.44;44.475;13500;13500
2026-06-08T10:26:48.0000000Z;44.44;44.475;470;235
2026-06-08T10:26:51.0000000Z;44.44;44.475;470;235
2026-06-08T10:26:52.0000000Z;44.44;44.475;470;235
2026-06-08T10:26:53.0000000Z;44.44;44.475;470;235
2026-06-08T10:26:54.0000000Z;44.44;44.475;470;235
2026-06-08T10:26:57.0000000Z;44.41;44.475;386;713
2026-06-08T10:26:58.0000000Z;44.43;44.48;854;768
2026-06-08T10:26:59.0000000Z;44.43;44.48;854;768
2026-06-08T10:27:00.0000000Z;44.435;44.48;1672;768
2026-06-08T10:27:02.0000000Z;44.435;44.48;1672;768
2026-06-08T10:27:03.0000000Z;44.435;44.48;546;768
2026-06-08T10:27:06.0000000Z;44.43;44.48;1447;768
2026-06-08T10:27:09.0000000Z;44.435;44.485;384;1930
2026-06-08T10:27:11.0000000Z;44.435;44.485;384;1930
2026-06-08T10:27:12.0000000Z;44.435;44.485;384;1930
2026-06-08T10:27:14.0000000Z;44.435;44.485;384;1930
2026-06-08T10:27:15.0000000Z;44.435;44.485;384;1930
2026-06-08T10:27:19.0000000Z;44.435;44.485;384;1930
2026-06-08T10:27:20.0000000Z;44.435;44.485;384;1930
2026-06-08T10:27:25.0000000Z;44.43;44.48;854;768
2026-06-08T10:27:26.0000000Z;44.435;44.48;546;768
2026-06-08T10:27:29.0000000Z;44.435;44.48;546;768
2026-06-08T10:27:30.0000000Z;44.43;44.48;854;768
2026-06-08T10:27:33.0000000Z;44.43;44.48;854;768
2026-06-08T10:27:34.0000000Z;44.43;44.48;854;768
2026-06-08T10:27:38.0000000Z;44.43;44.48;854;768
2026-06-08T10:27:40.0000000Z;44.43;44.48;470;768
2026-06-08T10:27:42.0000000Z;44.43;44.48;470;768
2026-06-08T10:27:43.0000000Z;44.43;44.48;470;768
2026-06-08T10:27:44.0000000Z;44.43;44.48;470;768
2026-06-08T10:27:49.0000000Z;44.43;44.48;470;768
2026-06-08T10:27:54.0000000Z;44.43;44.48;470;768
2026-06-08T10:27:57.0000000Z;44.43;44.48;854;768
2026-06-08T10:27:58.0000000Z;44.43;44.48;854;768
2026-06-08T10:28:04.0000000Z;44.43;44.48;470;768
2026-06-08T10:28:06.0000000Z;44.43;44.48;470;768
2026-06-08T10:28:08.0000000Z;44.43;44.48;854;768
2026-06-08T10:28:09.0000000Z;44.43;44.48;854;768
2026-06-08T10:28:14.0000000Z;44.43;44.48;854;768
2026-06-08T10:28:18.0000000Z;44.43;44.48;470;768
2026-06-08T10:28:23.0000000Z;44.43;44.48;470;768
2026-06-08T10:28:32.0000000Z;44.43;44.48;470;768
2026-06-08T10:28:34.0000000Z;44.43;44.48;854;768
2026-06-08T10:28:38.0000000Z;44.43;44.48;854;768
2026-06-08T10:28:43.0000000Z;44.43;44.48;854;768
2026-06-08T10:28:47.0000000Z;44.43;44.48;470;768
2026-06-08T10:29:05.0000000Z;44.43;44.48;470;768
2026-06-08T10:29:06.0000000Z;44.43;44.48;470;768
2026-06-08T10:29:07.0000000Z;44.43;44.48;854;768
2026-06-08T10:29:12.0000000Z;44.43;44.48;1436;768
2026-06-08T10:29:14.0000000Z;44.43;44.48;1436;768
2026-06-08T10:29:15.0000000Z;44.43;44.48;1507;768
2026-06-08T10:29:16.0000000Z;44.43;44.48;1507;768
2026-06-08T10:29:17.0000000Z;44.43;44.48;1507;768
2026-06-08T10:29:18.0000000Z;44.435;44.48;615;768
2026-06-08T10:29:20.0000000Z;44.44;44.485;470;1930
2026-06-08T10:29:21.0000000Z;44.445;44.495;613;1162
2026-06-08T10:29:22.0000000Z;44.445;44.495;613;1162
2026-06-08T10:29:23.0000000Z;44.445;44.48;613;227
2026-06-08T10:29:24.0000000Z;44.44;44.48;1435;227
2026-06-08T10:29:26.0000000Z;44.44;44.48;1435;227
2026-06-08T10:29:27.0000000Z;44.44;44.485;1435;385
2026-06-08T10:29:28.0000000Z;44.445;44.485;384;385
2026-06-08T10:29:29.0000000Z;44.445;44.485;384;385
2026-06-08T10:29:31.0000000Z;44.445;44.485;384;385
2026-06-08T10:29:33.0000000Z;44.45;44.485;470;385
2026-06-08T10:29:34.0000000Z;44.455;44.5;544;1162
2026-06-08T10:29:37.0000000Z;44.455;44.5;544;1162
2026-06-08T10:29:38.0000000Z;44.45;44.505;13500;1162
2026-06-08T10:29:40.0000000Z;44.45;44.505;13500;1162
2026-06-08T10:29:41.0000000Z;44.45;44.505;13500;1162
2026-06-08T10:29:43.0000000Z;44.445;44.5;1065;1162
2026-06-08T10:29:45.0000000Z;44.45;44.49;685;469
2026-06-08T10:29:46.0000000Z;44.445;44.49;1117;3789
2026-06-08T10:29:47.0000000Z;44.445;44.5;1117;1162
2026-06-08T10:29:48.0000000Z;44.445;44.5;1117;1162
2026-06-08T10:29:55.0000000Z;44.445;44.5;470;1162
2026-06-08T10:29:58.0000000Z;44.445;44.5;470;1162
2026-06-08T10:29:59.0000000Z;44.445;44.495;470;3877
2026-06-08T10:30:00.0000000Z;44.45;44.5;709;1162
2026-06-08T10:30:01.0000000Z;44.45;44.495;709;3877
2026-06-08T10:30:06.0000000Z;44.445;44.5;470;1162
2026-06-08T10:30:11.0000000Z;44.445;44.5;470;1162
2026-06-08T10:30:12.0000000Z;44.445;44.495;470;1162
2026-06-08T10:30:13.0000000Z;44.445;44.485;470;311
2026-06-08T10:30:16.0000000Z;44.44;44.495;1097;1162
2026-06-08T10:30:17.0000000Z;44.45;44.49;476;3877
2026-06-08T10:30:19.0000000Z;44.445;44.49;615;3877
2026-06-08T10:30:20.0000000Z;44.445;44.49;615;3877
2026-06-08T10:30:23.0000000Z;44.44;44.49;470;3877
2026-06-08T10:30:26.0000000Z;44.42;44.475;329;471
2026-06-08T10:30:27.0000000Z;44.44;44.49;470;1162
2026-06-08T10:30:31.0000000Z;44.44;44.485;470;471
2026-06-08T10:30:32.0000000Z;44.44;44.495;470;1162
2026-06-08T10:30:35.0000000Z;44.44;44.495;470;1162
2026-06-08T10:30:37.0000000Z;44.44;44.495;470;1162
2026-06-08T10:30:42.0000000Z;44.44;44.495;470;1162
2026-06-08T10:30:47.0000000Z;44.44;44.495;470;1162
2026-06-08T10:30:48.0000000Z;44.44;44.495;1046;1162
2026-06-08T10:30:57.0000000Z;44.44;44.495;470;1162
2026-06-08T10:30:58.0000000Z;44.44;44.49;470;3877
2026-06-08T10:30:59.0000000Z;44.44;44.48;470;13500
2026-06-08T10:31:01.0000000Z;44.44;44.49;1047;3877
2026-06-08T10:31:04.0000000Z;44.44;44.5;470;1930
2026-06-08T10:31:05.0000000Z;44.44;44.5;470;2155
2026-06-08T10:31:07.0000000Z;44.435;44.5;1114;1930
2026-06-08T10:31:08.0000000Z;44.44;44.49;470;757
2026-06-08T10:31:09.0000000Z;44.44;44.5;741;1930
2026-06-08T10:31:11.0000000Z;44.435;44.5;1498;1930
2026-06-08T10:31:12.0000000Z;44.435;44.5;1498;1162
2026-06-08T10:31:13.0000000Z;44.435;44.5;1498;1162
2026-06-08T10:31:21.0000000Z;44.435;44.5;1114;1162
2026-06-08T10:31:25.0000000Z;44.435;44.5;1114;1387
2026-06-08T10:31:29.0000000Z;44.43;44.5;1112;1387
2026-06-08T10:31:31.0000000Z;44.435;44.5;776;1387
2026-06-08T10:31:35.0000000Z;44.435;44.5;776;1387
2026-06-08T10:31:41.0000000Z;44.43;44.5;728;1387
2026-06-08T10:31:44.0000000Z;44.44;44.49;470;1162
2026-06-08T10:31:46.0000000Z;44.44;44.49;470;1162
2026-06-08T10:31:48.0000000Z;44.44;44.49;470;1162
2026-06-08T10:31:49.0000000Z;44.44;44.5;470;1387
2026-06-08T10:31:51.0000000Z;44.44;44.49;470;471
2026-06-08T10:31:53.0000000Z;44.44;44.5;470;1162
2026-06-08T10:31:55.0000000Z;44.44;44.5;854;1162
2026-06-08T10:32:03.0000000Z;44.44;44.505;854;1162
2026-06-08T10:32:04.0000000Z;44.445;44.495;741;555
2026-06-08T10:32:05.0000000Z;44.445;44.495;741;555
2026-06-08T10:32:06.0000000Z;44.44;44.495;1501;555
2026-06-08T10:32:09.0000000Z;44.44;44.495;1501;555
2026-06-08T10:32:11.0000000Z;44.44;44.495;1501;555
2026-06-08T10:32:12.0000000Z;44.44;44.495;1501;555
2026-06-08T10:32:16.0000000Z;44.44;44.495;1117;555
2026-06-08T10:32:18.0000000Z;44.44;44.495;470;1162
2026-06-08T10:32:19.0000000Z;44.44;44.495;470;1162
2026-06-08T10:32:25.0000000Z;44.44;44.495;470;1162
2026-06-08T10:32:41.0000000Z;44.44;44.485;470;1162
2026-06-08T10:32:42.0000000Z;44.44;44.48;470;3706
2026-06-08T10:32:50.0000000Z;44.44;44.485;470;1162
2026-06-08T10:32:56.0000000Z;44.44;44.485;470;1162
2026-06-08T10:32:57.0000000Z;44.44;44.49;854;550
2026-06-08T10:32:59.0000000Z;44.44;44.49;854;550
2026-06-08T10:33:01.0000000Z;44.44;44.49;854;550
2026-06-08T10:33:04.0000000Z;44.44;44.49;854;550
2026-06-08T10:33:07.0000000Z;44.44;44.485;470;1162
2026-06-08T10:33:08.0000000Z;44.44;44.49;470;550
2026-06-08T10:33:11.0000000Z;44.44;44.485;470;1162
2026-06-08T10:33:17.0000000Z;44.44;44.49;854;550
2026-06-08T10:33:19.0000000Z;44.44;44.49;854;550
2026-06-08T10:33:21.0000000Z;44.44;44.49;854;550
2026-06-08T10:33:27.0000000Z;44.44;44.485;470;1162
2026-06-08T10:33:32.0000000Z;44.44;44.485;470;1162
2026-06-08T10:33:38.0000000Z;44.44;44.49;854;550
2026-06-08T10:33:39.0000000Z;44.44;44.49;854;550
2026-06-08T10:33:42.0000000Z;44.44;44.485;470;1162
2026-06-08T10:33:43.0000000Z;44.44;44.515;1442;1162
2026-06-08T10:33:44.0000000Z;44.44;44.52;1442;1162
2026-06-08T10:33:45.0000000Z;44.445;44.54;855;384
2026-06-08T10:33:46.0000000Z;44.445;44.53;855;1546
2026-06-08T10:33:47.0000000Z;44.445;44.52;855;757
2026-06-08T10:33:48.0000000Z;44.445;44.52;1239;757
2026-06-08T10:33:49.0000000Z;44.445;44.5;1239;1162
2026-06-08T10:33:58.0000000Z;44.44;44.5;1445;1162
2026-06-08T10:33:59.0000000Z;44.44;44.5;1445;1162
2026-06-08T10:34:01.0000000Z;44.44;44.5;1445;1162
2026-06-08T10:34:02.0000000Z;44.44;44.5;1061;1162
2026-06-08T10:34:03.0000000Z;44.44;44.5;470;1162
2026-06-08T10:34:07.0000000Z;44.44;44.5;1052;1162
2026-06-08T10:34:08.0000000Z;44.44;44.5;470;1162
2026-06-08T10:34:09.0000000Z;44.44;44.5;1054;1162
2026-06-08T10:34:10.0000000Z;44.44;44.495;1054;3960
2026-06-08T10:34:11.0000000Z;44.44;44.53;1054;62
2026-06-08T10:34:12.0000000Z;44.445;44.545;364;175
2026-06-08T10:34:13.0000000Z;44.47;44.68;855;1871
2026-06-08T10:34:14.0000000Z;44.49;44.505;2361;1124
2026-06-08T10:34:15.0000000Z;44.485;44.655;42;384
2026-06-08T10:34:16.0000000Z;44.49;44.655;337;384
2026-06-08T10:34:18.0000000Z;44.49;44.645;274;757
2026-06-08T10:34:19.0000000Z;44.49;44.645;321;757
2026-06-08T10:34:20.0000000Z;44.49;44.69;321;135
2026-06-08T10:34:21.0000000Z;44.49;44.625;321;3319
2026-06-08T10:34:22.0000000Z;44.49;44.615;321;4076
2026-06-08T10:34:23.0000000Z;44.49;44.62;321;384
2026-06-08T10:34:24.0000000Z;44.49;44.67;321;93
2026-06-08T10:34:25.0000000Z;44.49;44.685;802;202
2026-06-08T10:34:26.0000000Z;44.49;44.69;802;135
2026-06-08T10:34:27.0000000Z;44.51;44.655;855;644
2026-06-08T10:34:28.0000000Z;44.51;44.655;204;644
2026-06-08T10:34:29.0000000Z;44.51;44.655;204;384
2026-06-08T10:34:30.0000000Z;44.505;44.645;136;757
2026-06-08T10:34:31.0000000Z;44.505;44.65;42;996
2026-06-08T10:34:32.0000000Z;44.505;44.65;42;550
2026-06-08T10:34:33.0000000Z;44.505;44.675;42;854
2026-06-08T10:34:34.0000000Z;44.51;44.65;855;14257
2026-06-08T10:34:36.0000000Z;44.51;44.65;855;14257
2026-06-08T10:34:37.0000000Z;44.515;44.66;855;608
2026-06-08T10:34:38.0000000Z;44.52;44.655;13500;757
2026-06-08T10:34:39.0000000Z;44.525;44.605;855;757
2026-06-08T10:34:40.0000000Z;44.525;44.605;855;225
2026-06-08T10:34:41.0000000Z;44.525;44.595;855;259
2026-06-08T10:34:42.0000000Z;44.525;44.635;855;225
2026-06-08T10:34:43.0000000Z;44.525;44.625;855;225
2026-06-08T10:34:44.0000000Z;44.525;44.635;855;609
2026-06-08T10:34:45.0000000Z;44.52;44.625;854;225
2026-06-08T10:34:46.0000000Z;44.52;44.62;854;4076
2026-06-08T10:34:47.0000000Z;44.52;44.61;470;4076
2026-06-08T10:34:48.0000000Z;44.52;44.615;470;225
2026-06-08T10:34:49.0000000Z;44.52;44.595;470;225
2026-06-08T10:34:50.0000000Z;44.52;44.595;470;225
2026-06-08T10:34:51.0000000Z;44.515;44.59;206;609
2026-06-08T10:34:52.0000000Z;44.515;44.59;206;384
2026-06-08T10:34:53.0000000Z;44.515;44.585;206;16819
2026-06-08T10:34:54.0000000Z;44.515;44.595;206;225
2026-06-08T10:34:55.0000000Z;44.52;44.585;605;225
2026-06-08T10:34:56.0000000Z;44.52;44.58;676;178
2026-06-08T10:34:57.0000000Z;44.52;44.57;676;225
2026-06-08T10:34:58.0000000Z;44.52;44.58;676;225
2026-06-08T10:34:59.0000000Z;44.52;44.575;676;16819
2026-06-08T10:35:00.0000000Z;44.52;44.58;676;225
2026-06-08T10:35:01.0000000Z;44.52;44.57;676;225
2026-06-08T10:35:02.0000000Z;44.525;44.565;480;349
2026-06-08T10:35:03.0000000Z;44.52;44.57;470;225
2026-06-08T10:35:04.0000000Z;44.52;44.58;470;225
2026-06-08T10:35:05.0000000Z;44.52;44.575;470;1162
2026-06-08T10:35:06.0000000Z;44.515;44.56;42;384
2026-06-08T10:35:07.0000000Z;44.515;44.56;42;225
2026-06-08T10:35:08.0000000Z;44.52;44.56;324;225
2026-06-08T10:35:09.0000000Z;44.52;44.56;324;225
2026-06-08T10:35:10.0000000Z;44.52;44.55;241;225
2026-06-08T10:35:11.0000000Z;44.52;44.56;463;225
2026-06-08T10:35:12.0000000Z;44.52;44.55;463;225
2026-06-08T10:35:13.0000000Z;44.52;44.545;463;225
2026-06-08T10:35:14.0000000Z;44.52;44.545;463;225
2026-06-08T10:35:15.0000000Z;44.52;44.555;252;225
2026-06-08T10:35:16.0000000Z;44.52;44.54;252;3319
2026-06-08T10:35:17.0000000Z;44.52;44.55;277;3671
2026-06-08T10:35:18.0000000Z;44.52;44.545;277;225
2026-06-08T10:35:19.0000000Z;44.52;44.545;236;225
2026-06-08T10:35:20.0000000Z;44.52;44.545;236;225
2026-06-08T10:35:21.0000000Z;44.52;44.545;225;225
2026-06-08T10:35:22.0000000Z;44.515;44.535;13500;225
2026-06-08T10:35:23.0000000Z;44.515;44.535;13500;225
2026-06-08T10:35:24.0000000Z;44.515;44.53;13500;16819
2026-06-08T10:35:25.0000000Z;44.515;44.53;13500;550
2026-06-08T10:35:27.0000000Z;44.515;44.53;13500;550
2026-06-08T10:35:36.0000000Z;44.515;44.53;13500;550
2026-06-08T10:35:37.0000000Z;44.515;44.555;13500;225
2026-06-08T10:35:38.0000000Z;44.52;44.555;273;225
2026-06-08T10:35:39.0000000Z;44.52;44.56;335;225
2026-06-08T10:35:40.0000000Z;44.52;44.55;335;269
2026-06-08T10:35:42.0000000Z;44.515;44.535;13500;550
2026-06-08T10:35:44.0000000Z;44.515;44.535;13500;775
2026-06-08T10:35:45.0000000Z;44.515;44.535;13500;775
2026-06-08T10:35:46.0000000Z;44.515;44.535;13500;775
2026-06-08T10:35:50.0000000Z;44.515;44.535;13500;775
2026-06-08T10:35:52.0000000Z;44.515;44.535;13500;550
2026-06-08T10:35:53.0000000Z;44.515;44.535;13500;550
2026-06-08T10:35:54.0000000Z;44.515;44.535;13500;775
2026-06-08T10:35:55.0000000Z;44.515;44.535;13500;550
2026-06-08T10:35:56.0000000Z;44.515;44.535;13500;775
2026-06-08T10:35:57.0000000Z;44.515;44.535;13500;550
2026-06-08T10:35:58.0000000Z;44.515;44.535;13500;775
2026-06-08T10:36:01.0000000Z;44.515;44.525;13500;550
2026-06-08T10:36:05.0000000Z;44.515;44.525;13500;550
2026-06-08T10:36:12.0000000Z;44.515;44.525;13500;550
2026-06-08T10:36:15.0000000Z;44.515;44.525;13500;550
2026-06-08T10:36:17.0000000Z;44.515;44.545;13500;550
2026-06-08T10:36:18.0000000Z;44.515;44.545;13500;775
2026-06-08T10:36:19.0000000Z;44.515;44.545;13500;775
2026-06-08T10:36:20.0000000Z;44.515;44.53;13500;550
2026-06-08T10:36:21.0000000Z;44.515;44.53;13500;550
2026-06-08T10:36:25.0000000Z;44.515;44.53;13500;3870
2026-06-08T10:36:26.0000000Z;44.515;44.53;13500;3870
2026-06-08T10:36:29.0000000Z;44.515;44.53;13500;3320
2026-06-08T10:36:32.0000000Z;44.515;44.53;13500;3320
2026-06-08T10:36:35.0000000Z;44.515;44.53;13500;3320
2026-06-08T10:36:39.0000000Z;44.515;44.53;13500;3320
2026-06-08T10:36:41.0000000Z;44.52;44.56;412;609
2026-06-08T10:36:42.0000000Z;44.52;44.59;786;225
2026-06-08T10:36:43.0000000Z;44.52;44.575;800;225
2026-06-08T10:36:44.0000000Z;44.52;44.57;800;225
2026-06-08T10:36:45.0000000Z;44.52;44.565;800;225
2026-06-08T10:36:46.0000000Z;44.52;44.605;855;878
2026-06-08T10:36:47.0000000Z;44.52;44.57;855;225
2026-06-08T10:36:48.0000000Z;44.52;44.565;855;225
2026-06-08T10:36:49.0000000Z;44.52;44.56;855;1162
2026-06-08T10:36:50.0000000Z;44.52;44.56;855;1162
2026-06-08T10:36:51.0000000Z;44.52;44.56;855;2040
2026-06-08T10:36:52.0000000Z;44.52;44.555;855;1712
2026-06-08T10:36:53.0000000Z;44.52;44.555;855;1712
2026-06-08T10:36:55.0000000Z;44.52;44.555;855;1712
2026-06-08T10:36:57.0000000Z;44.52;44.555;855;1712
2026-06-08T10:36:59.0000000Z;44.52;44.54;855;3532
2026-06-08T10:36:59.0000000Z;44.52;44.545;855;1712
2026-06-08T10:37:00.0000000Z;44.52;44.54;855;3532
2026-06-08T10:37:01.0000000Z;44.52;44.545;855;550
2026-06-08T10:37:02.0000000Z;44.52;44.545;855;550
2026-06-08T10:37:03.0000000Z;44.52;44.545;855;550
2026-06-08T10:37:04.0000000Z;44.52;44.545;855;550
2026-06-08T10:37:05.0000000Z;44.52;44.545;855;550
2026-06-08T10:37:07.0000000Z;44.52;44.545;470;250
2026-06-08T10:37:08.0000000Z;44.52;44.545;470;250
2026-06-08T10:37:12.0000000Z;44.52;44.545;470;250
2026-06-08T10:37:13.0000000Z;44.52;44.545;470;250
2026-06-08T10:37:17.0000000Z;44.52;44.545;470;250
2026-06-08T10:37:19.0000000Z;44.52;44.545;470;250
2026-06-08T10:37:24.0000000Z;44.525;44.56;541;1162
2026-06-08T10:37:26.0000000Z;44.525;44.55;541;1123
2026-06-08T10:37:28.0000000Z;44.515;44.56;42;2040
2026-06-08T10:37:29.0000000Z;44.515;44.56;42;2265
2026-06-08T10:37:30.0000000Z;44.515;44.555;42;1653
2026-06-08T10:37:31.0000000Z;44.52;44.555;369;775
2026-06-08T10:37:33.0000000Z;44.52;44.55;369;369
2026-06-08T10:37:38.0000000Z;44.52;44.545;369;550
2026-06-08T10:37:39.0000000Z;44.52;44.545;369;1712
2026-06-08T10:37:40.0000000Z;44.52;44.545;369;550
2026-06-08T10:37:45.0000000Z;44.52;44.545;369;549
2026-06-08T10:37:46.0000000Z;44.52;44.545;369;1711
2026-06-08T10:37:48.0000000Z;44.52;44.545;369;549
2026-06-08T10:37:50.0000000Z;44.52;44.545;369;549
2026-06-08T10:37:53.0000000Z;44.52;44.545;369;1711
2026-06-08T10:37:54.0000000Z;44.52;44.545;369;1711
2026-06-08T10:37:55.0000000Z;44.52;44.545;369;549
2026-06-08T10:37:56.0000000Z;44.52;44.545;369;549
2026-06-08T10:37:57.0000000Z;44.52;44.545;369;549
2026-06-08T10:37:58.0000000Z;44.52;44.545;369;549
2026-06-08T10:38:01.0000000Z;44.52;44.55;369;550
2026-06-08T10:38:02.0000000Z;44.52;44.55;369;550
2026-06-08T10:38:03.0000000Z;44.52;44.545;369;3683
2026-06-08T10:38:04.0000000Z;44.52;44.55;369;550
2026-06-08T10:38:09.0000000Z;44.52;44.55;369;775
2026-06-08T10:38:11.0000000Z;44.52;44.545;369;1162
2026-06-08T10:38:12.0000000Z;44.515;44.545;13500;2040
2026-06-08T10:38:13.0000000Z;44.515;44.545;13500;2040
2026-06-08T10:38:14.0000000Z;44.515;44.545;13500;2040
2026-06-08T10:38:16.0000000Z;44.515;44.545;13500;878
2026-06-08T10:38:17.0000000Z;44.515;44.545;13500;878
2026-06-08T10:38:18.0000000Z;44.515;44.545;13500;878
2026-06-08T10:38:30.0000000Z;44.515;44.545;13500;878
2026-06-08T10:38:31.0000000Z;44.515;44.545;13500;878
2026-06-08T10:38:32.0000000Z;44.515;44.545;13500;878
2026-06-08T10:38:33.0000000Z;44.515;44.545;13500;878
2026-06-08T10:38:34.0000000Z;44.515;44.545;13500;878
2026-06-08T10:38:35.0000000Z;44.515;44.545;13500;878
2026-06-08T10:38:38.0000000Z;44.515;44.545;13500;878
2026-06-08T10:38:39.0000000Z;44.515;44.55;13500;550
2026-06-08T10:38:40.0000000Z;44.515;44.54;13500;472
2026-06-08T10:38:41.0000000Z;44.515;44.55;13500;550
2026-06-08T10:38:43.0000000Z;44.52;44.55;227;550
2026-06-08T10:38:46.0000000Z;44.52;44.55;227;550
2026-06-08T10:38:47.0000000Z;44.52;44.55;227;550
2026-06-08T10:38:48.0000000Z;44.52;44.55;227;550
2026-06-08T10:38:53.0000000Z;44.52;44.55;227;550
2026-06-08T10:39:00.0000000Z;44.52;44.55;227;550
2026-06-08T10:39:01.0000000Z;44.52;44.55;227;550
2026-06-08T10:39:03.0000000Z;44.52;44.55;227;550
2026-06-08T10:39:05.0000000Z;44.52;44.55;227;550
2026-06-08T10:39:07.0000000Z;44.52;44.55;227;550
2026-06-08T10:39:12.0000000Z;44.52;44.55;227;550
2026-06-08T10:39:30.0000000Z;44.52;44.55;227;775
2026-06-08T10:39:34.0000000Z;44.515;44.545;13500;1387
2026-06-08T10:39:36.0000000Z;44.52;44.545;225;1387
2026-06-08T10:39:37.0000000Z;44.52;44.55;225;775
2026-06-08T10:39:39.0000000Z;44.52;44.55;225;775
2026-06-08T10:39:42.0000000Z;44.52;44.55;225;775
2026-06-08T10:39:49.0000000Z;44.52;44.55;225;550
2026-06-08T10:39:50.0000000Z;44.515;44.545;13500;1162
2026-06-08T10:39:51.0000000Z;44.515;44.55;13500;550
2026-06-08T10:39:54.0000000Z;44.515;44.545;13500;1162
2026-06-08T10:39:56.0000000Z;44.52;44.55;225;550
2026-06-08T10:39:57.0000000Z;44.52;44.55;225;550
2026-06-08T10:40:01.0000000Z;44.52;44.55;225;775
2026-06-08T10:40:05.0000000Z;44.52;44.55;225;775
2026-06-08T10:40:06.0000000Z;44.515;44.545;13500;1162
2026-06-08T10:40:07.0000000Z;44.515;44.55;13500;775
2026-06-08T10:40:08.0000000Z;44.515;44.545;13500;1387
2026-06-08T10:40:09.0000000Z;44.515;44.545;13500;225
2026-06-08T10:40:13.0000000Z;44.515;44.545;13500;225
2026-06-08T10:40:14.0000000Z;44.52;44.55;230;775
2026-06-08T10:40:16.0000000Z;44.515;44.545;13500;1162
2026-06-08T10:40:19.0000000Z;44.52;44.55;220;775
2026-06-08T10:40:21.0000000Z;44.52;44.55;226;775
2026-06-08T10:40:23.0000000Z;44.52;44.55;226;775
2026-06-08T10:40:27.0000000Z;44.515;44.545;13500;1162
2026-06-08T10:40:28.0000000Z;44.515;44.55;13500;775
2026-06-08T10:40:30.0000000Z;44.52;44.55;260;775
2026-06-08T10:40:31.0000000Z;44.52;44.55;260;775
2026-06-08T10:40:33.0000000Z;44.52;44.55;260;775
2026-06-08T10:40:42.0000000Z;44.52;44.55;260;1712
2026-06-08T10:40:44.0000000Z;44.52;44.55;260;1712
2026-06-08T10:40:45.0000000Z;44.52;44.55;260;550
2026-06-08T10:40:47.0000000Z;44.52;44.55;260;775
2026-06-08T10:40:48.0000000Z;44.52;44.55;260;550
2026-06-08T10:40:52.0000000Z;44.52;44.55;260;550
2026-06-08T10:40:54.0000000Z;44.52;44.55;260;550
2026-06-08T10:40:57.0000000Z;44.52;44.55;260;550
2026-06-08T10:40:58.0000000Z;44.52;44.55;260;550
2026-06-08T10:41:03.0000000Z;44.52;44.55;260;550
2026-06-08T10:41:09.0000000Z;44.52;44.555;322;1162
2026-06-08T10:41:12.0000000Z;44.52;44.555;322;1162
2026-06-08T10:41:14.0000000Z;44.52;44.555;322;1387
2026-06-08T10:41:17.0000000Z;44.52;44.555;322;1387
2026-06-08T10:41:18.0000000Z;44.52;44.555;322;1162
2026-06-08T10:41:19.0000000Z;44.52;44.555;322;1162
2026-06-08T10:41:25.0000000Z;44.52;44.555;322;1162
2026-06-08T10:41:28.0000000Z;44.52;44.555;322;1387
2026-06-08T10:41:36.0000000Z;44.52;44.555;322;1387
2026-06-08T10:41:41.0000000Z;44.52;44.555;322;1387
2026-06-08T10:41:43.0000000Z;44.52;44.56;361;1712
2026-06-08T10:41:44.0000000Z;44.52;44.555;361;225
2026-06-08T10:41:45.0000000Z;44.52;44.56;361;1937
2026-06-08T10:41:46.0000000Z;44.52;44.555;361;1162
2026-06-08T10:41:47.0000000Z;44.52;44.555;361;1162
2026-06-08T10:41:51.0000000Z;44.52;44.56;361;1712
2026-06-08T10:41:53.0000000Z;44.52;44.56;361;1712
2026-06-08T10:41:54.0000000Z;44.52;44.56;361;1712
2026-06-08T10:41:55.0000000Z;44.52;44.56;361;1937
2026-06-08T10:41:56.0000000Z;44.52;44.56;361;1937
2026-06-08T10:41:59.0000000Z;44.52;44.56;361;1937
2026-06-08T10:42:01.0000000Z;44.52;44.56;361;1712
2026-06-08T10:42:02.0000000Z;44.52;44.56;361;1937
2026-06-08T10:42:03.0000000Z;44.52;44.56;361;1712
2026-06-08T10:42:04.0000000Z;44.52;44.56;361;1712
2026-06-08T10:42:08.0000000Z;44.52;44.56;361;1937
2026-06-08T10:42:12.0000000Z;44.52;44.56;361;1937
2026-06-08T10:42:21.0000000Z;44.52;44.56;361;1712
2026-06-08T10:42:22.0000000Z;44.52;44.56;361;1937
2026-06-08T10:42:38.0000000Z;44.52;44.56;361;1937
2026-06-08T10:42:40.0000000Z;44.52;44.56;361;1712
2026-06-08T10:42:42.0000000Z;44.52;44.56;361;1937
2026-06-08T10:42:44.0000000Z;44.52;44.56;361;1712
2026-06-08T10:42:45.0000000Z;44.52;44.56;361;1937
2026-06-08T10:42:48.0000000Z;44.52;44.56;361;1712
2026-06-08T10:42:49.0000000Z;44.52;44.56;361;1712
2026-06-08T10:42:50.0000000Z;44.52;44.56;361;1937
2026-06-08T10:42:52.0000000Z;44.52;44.56;361;1712
2026-06-08T10:42:54.0000000Z;44.52;44.56;361;1712
2026-06-08T10:43:00.0000000Z;44.52;44.56;361;1712
2026-06-08T10:43:03.0000000Z;44.52;44.56;470;550
2026-06-08T10:43:05.0000000Z;44.525;44.56;414;550
2026-06-08T10:43:06.0000000Z;44.525;44.56;414;550
2026-06-08T10:43:08.0000000Z;44.525;44.56;414;550
2026-06-08T10:43:09.0000000Z;44.525;44.56;414;1712
2026-06-08T10:43:11.0000000Z;44.525;44.56;414;1712
2026-06-08T10:43:13.0000000Z;44.525;44.56;414;1712
2026-06-08T10:43:15.0000000Z;44.52;44.56;470;550
2026-06-08T10:43:16.0000000Z;44.52;44.56;470;1712
2026-06-08T10:43:20.0000000Z;44.52;44.56;470;1712
2026-06-08T10:43:24.0000000Z;44.52;44.56;1050;550
2026-06-08T10:43:25.0000000Z;44.52;44.56;1050;550
2026-06-08T10:43:28.0000000Z;44.525;44.565;545;1162
2026-06-08T10:43:30.0000000Z;44.525;44.565;545;1162
2026-06-08T10:43:33.0000000Z;44.525;44.565;545;1162
2026-06-08T10:43:35.0000000Z;44.525;44.565;545;1162
2026-06-08T10:43:38.0000000Z;44.525;44.565;545;1162
2026-06-08T10:43:39.0000000Z;44.525;44.57;545;1387
2026-06-08T10:43:40.0000000Z;44.52;44.565;470;225
2026-06-08T10:43:42.0000000Z;44.545;44.565;13500;225
2026-06-08T10:43:45.0000000Z;44.545;44.565;13500;225
2026-06-08T10:43:46.0000000Z;44.545;44.565;13500;225
2026-06-08T10:43:49.0000000Z;44.545;44.565;13500;225
2026-06-08T10:44:03.0000000Z;44.545;44.57;13500;1162
2026-06-08T10:44:04.0000000Z;44.545;44.565;13500;775
2026-06-08T10:44:08.0000000Z;44.545;44.565;13500;775
2026-06-08T10:44:11.0000000Z;44.545;44.56;13500;225
2026-06-08T10:44:12.0000000Z;44.545;44.56;13500;17421
2026-06-08T10:44:13.0000000Z;44.545;44.56;13500;225
2026-06-08T10:44:14.0000000Z;44.545;44.555;13500;581
2026-06-08T10:44:15.0000000Z;44.515;44.565;470;775
2026-06-08T10:44:16.0000000Z;44.52;44.565;506;775
2026-06-08T10:44:17.0000000Z;44.52;44.565;545;775
2026-06-08T10:44:18.0000000Z;44.52;44.565;545;775
2026-06-08T10:44:21.0000000Z;44.52;44.565;545;775
2026-06-08T10:44:23.0000000Z;44.52;44.565;545;550
2026-06-08T10:44:24.0000000Z;44.52;44.565;545;775
2026-06-08T10:44:26.0000000Z;44.515;44.56;470;1387
2026-06-08T10:44:28.0000000Z;44.515;44.56;470;1162
2026-06-08T10:44:30.0000000Z;44.515;44.56;470;1162
2026-06-08T10:44:31.0000000Z;44.515;44.56;470;1387
2026-06-08T10:44:45.0000000Z;44.515;44.55;470;3898
2026-06-08T10:44:46.0000000Z;44.515;44.555;475;775
2026-06-08T10:44:47.0000000Z;44.515;44.555;475;550
2026-06-08T10:44:49.0000000Z;44.515;44.555;475;550
2026-06-08T10:44:50.0000000Z;44.515;44.555;475;550
2026-06-08T10:44:51.0000000Z;44.515;44.555;475;550
2026-06-08T10:44:53.0000000Z;44.515;44.555;475;550
2026-06-08T10:44:56.0000000Z;44.51;44.555;470;550
2026-06-08T10:45:01.0000000Z;44.51;44.555;470;550
2026-06-08T10:45:08.0000000Z;44.51;44.555;1050;550
2026-06-08T10:45:20.0000000Z;44.51;44.555;1050;550
2026-06-08T10:45:26.0000000Z;44.51;44.555;1050;550
2026-06-08T10:45:27.0000000Z;44.51;44.555;1050;550
2026-06-08T10:45:28.0000000Z;44.51;44.555;1050;550
2026-06-08T10:45:29.0000000Z;44.51;44.555;1434;550
2026-06-08T10:45:33.0000000Z;44.51;44.555;1050;550
2026-06-08T10:45:35.0000000Z;44.51;44.555;1050;550
2026-06-08T10:45:37.0000000Z;44.51;44.555;1050;775
2026-06-08T10:45:38.0000000Z;44.51;44.555;470;775
2026-06-08T10:45:39.0000000Z;44.51;44.555;854;775
2026-06-08T10:45:40.0000000Z;44.51;44.555;470;775
2026-06-08T10:45:42.0000000Z;44.515;44.545;611;3313
2026-06-08T10:45:43.0000000Z;44.51;44.55;854;17398
2026-06-08T10:45:45.0000000Z;44.51;44.555;470;775
2026-06-08T10:45:47.0000000Z;44.51;44.55;470;3898
2026-06-08T10:45:50.0000000Z;44.505;44.55;470;3898
2026-06-08T10:45:51.0000000Z;44.51;44.545;543;369
2026-06-08T10:45:52.0000000Z;44.51;44.55;543;225
2026-06-08T10:45:53.0000000Z;44.51;44.555;543;775
2026-06-08T10:45:55.0000000Z;44.51;44.555;543;775
2026-06-08T10:45:57.0000000Z;44.505;44.555;1057;775
2026-06-08T10:45:58.0000000Z;44.505;44.555;470;775
2026-06-08T10:45:59.0000000Z;44.505;44.55;470;225
2026-06-08T10:46:00.0000000Z;44.505;44.545;470;560
2026-06-08T10:46:05.0000000Z;44.505;44.545;470;560
2026-06-08T10:46:12.0000000Z;44.5;44.545;1054;628
2026-06-08T10:46:15.0000000Z;44.505;44.545;558;628
2026-06-08T10:46:16.0000000Z;44.5;44.545;470;628
2026-06-08T10:46:20.0000000Z;44.5;44.545;1052;628
2026-06-08T10:46:21.0000000Z;44.505;44.555;615;775
2026-06-08T10:46:23.0000000Z;44.505;44.555;615;775
2026-06-08T10:46:25.0000000Z;44.5;44.55;470;225
2026-06-08T10:46:26.0000000Z;44.505;44.545;615;550
2026-06-08T10:46:27.0000000Z;44.505;44.545;615;775
2026-06-08T10:46:30.0000000Z;44.505;44.545;615;775
2026-06-08T10:46:35.0000000Z;44.495;44.545;470;775
2026-06-08T10:46:36.0000000Z;44.495;44.535;470;369
2026-06-08T10:46:37.0000000Z;44.495;44.545;470;775
2026-06-08T10:46:38.0000000Z;44.495;44.54;470;225
2026-06-08T10:46:39.0000000Z;44.5;44.54;488;225
2026-06-08T10:46:42.0000000Z;44.5;44.54;488;225
2026-06-08T10:46:49.0000000Z;44.5;44.535;515;775
2026-06-08T10:46:50.0000000Z;44.5;44.535;515;775
2026-06-08T10:46:51.0000000Z;44.5;44.535;515;775
2026-06-08T10:46:54.0000000Z;44.5;44.535;515;775
2026-06-08T10:46:55.0000000Z;44.5;44.535;515;775
2026-06-08T10:46:56.0000000Z;44.5;44.535;515;550
2026-06-08T10:46:58.0000000Z;44.5;44.535;515;775
2026-06-08T10:46:59.0000000Z;44.5;44.535;515;550
2026-06-08T10:46:59.0000000Z;44.5;44.535;515;550
2026-06-08T10:47:00.0000000Z;44.505;44.53;470;3472
2026-06-08T10:47:03.0000000Z;44.505;44.53;470;3472
2026-06-08T10:47:05.0000000Z;44.51;44.54;365;775
2026-06-08T10:47:06.0000000Z;44.51;44.54;365;775
2026-06-08T10:47:07.0000000Z;44.48;44.53;313;674
2026-06-08T10:47:08.0000000Z;44.48;44.53;313;674
2026-06-08T10:47:09.0000000Z;44.5;44.53;1420;674
2026-06-08T10:47:12.0000000Z;44.48;44.53;313;674
2026-06-08T10:47:13.0000000Z;44.485;44.53;677;674
2026-06-08T10:47:16.0000000Z;44.48;44.53;313;674
2026-06-08T10:47:17.0000000Z;44.48;44.525;313;225
2026-06-08T10:47:18.0000000Z;44.49;44.52;426;3688
2026-06-08T10:47:19.0000000Z;44.49;44.52;426;3688
2026-06-08T10:47:21.0000000Z;44.49;44.52;426;3688
2026-06-08T10:47:24.0000000Z;44.49;44.52;426;3688
2026-06-08T10:47:25.0000000Z;44.49;44.53;476;775
2026-06-08T10:47:26.0000000Z;44.49;44.53;476;550
2026-06-08T10:47:27.0000000Z;44.49;44.53;476;550
2026-06-08T10:47:28.0000000Z;44.49;44.53;476;550
2026-06-08T10:47:34.0000000Z;44.49;44.53;476;550
2026-06-08T10:47:37.0000000Z;44.495;44.525;470;3620
2026-06-08T10:47:42.0000000Z;44.495;44.525;470;3620
2026-06-08T10:47:44.0000000Z;44.495;44.53;470;1712
2026-06-08T10:47:46.0000000Z;44.495;44.53;470;1712
2026-06-08T10:47:48.0000000Z;44.48;44.53;470;1712
2026-06-08T10:47:50.0000000Z;44.48;44.53;470;1712
2026-06-08T10:47:51.0000000Z;44.495;44.53;300;1712
2026-06-08T10:47:52.0000000Z;44.495;44.53;300;1712
2026-06-08T10:47:53.0000000Z;44.485;44.53;540;1712
2026-06-08T10:47:54.0000000Z;44.485;44.53;540;1712
2026-06-08T10:47:56.0000000Z;44.485;44.53;540;1712
2026-06-08T10:47:58.0000000Z;44.475;44.53;1170;1712
2026-06-08T10:48:00.0000000Z;44.475;44.53;589;1712
2026-06-08T10:48:01.0000000Z;44.48;44.53;614;1712
2026-06-08T10:48:03.0000000Z;44.475;44.53;589;1712
2026-06-08T10:48:05.0000000Z;44.475;44.53;1170;1712
2026-06-08T10:48:18.0000000Z;44.485;44.53;470;550
2026-06-08T10:48:21.0000000Z;44.485;44.53;470;550
2026-06-08T10:48:25.0000000Z;44.485;44.53;470;550
2026-06-08T10:48:27.0000000Z;44.485;44.53;470;550
2026-06-08T10:48:36.0000000Z;44.485;44.53;470;550
2026-06-08T10:48:39.0000000Z;44.485;44.53;470;550
2026-06-08T10:48:40.0000000Z;44.495;44.525;470;3620
2026-06-08T10:48:41.0000000Z;44.495;44.525;470;17120
2026-06-08T10:48:42.0000000Z;44.495;44.525;470;17120
2026-06-08T10:48:44.0000000Z;44.495;44.525;470;17120
2026-06-08T10:48:46.0000000Z;44.495;44.525;470;17120
2026-06-08T10:48:51.0000000Z;44.505;44.53;470;550
2026-06-08T10:48:53.0000000Z;44.505;44.525;470;3313
2026-06-08T10:48:55.0000000Z;44.505;44.525;470;3313
2026-06-08T10:48:57.0000000Z;44.505;44.525;470;3313
2026-06-08T10:48:58.0000000Z;44.505;44.525;470;3313
2026-06-08T10:49:00.0000000Z;44.505;44.525;470;3313
2026-06-08T10:49:02.0000000Z;44.48;44.53;470;550
2026-06-08T10:49:03.0000000Z;44.5;44.53;1124;550
2026-06-08T10:49:04.0000000Z;44.5;44.53;1124;550
2026-06-08T10:49:05.0000000Z;44.5;44.525;1124;1162
2026-06-08T10:49:07.0000000Z;44.485;44.525;467;1162
2026-06-08T10:49:08.0000000Z;44.485;44.54;678;1162
2026-06-08T10:49:10.0000000Z;44.485;44.54;678;1162
2026-06-08T10:49:11.0000000Z;44.485;44.525;678;307
2026-06-08T10:49:15.0000000Z;44.47;44.53;470;747
2026-06-08T10:49:17.0000000Z;44.48;44.53;651;747
2026-06-08T10:49:20.0000000Z;44.48;44.54;651;1387
2026-06-08T10:49:22.0000000Z;44.475;44.54;773;1162
2026-06-08T10:49:23.0000000Z;44.475;44.54;773;1387
2026-06-08T10:49:24.0000000Z;44.475;44.54;773;1224
2026-06-08T10:49:25.0000000Z;44.46;44.54;470;1387
2026-06-08T10:49:27.0000000Z;44.47;44.54;773;1162
2026-06-08T10:49:28.0000000Z;44.47;44.54;773;1162
2026-06-08T10:49:29.0000000Z;44.47;44.54;773;1224
2026-06-08T10:49:32.0000000Z;44.465;44.54;844;1224
2026-06-08T10:49:33.0000000Z;44.47;44.54;854;1162
2026-06-08T10:49:35.0000000Z;44.49;44.54;1080;1162
2026-06-08T10:49:39.0000000Z;44.49;44.54;1464;1162
2026-06-08T10:49:40.0000000Z;44.49;44.54;1080;1162
2026-06-08T10:49:41.0000000Z;44.49;44.54;1080;1162
2026-06-08T10:49:43.0000000Z;44.49;44.54;1464;1162
2026-06-08T10:49:49.0000000Z;44.49;44.54;1464;1387
2026-06-08T10:49:50.0000000Z;44.49;44.54;1464;1387
2026-06-08T10:49:54.0000000Z;44.49;44.54;1464;1387
2026-06-08T10:49:55.0000000Z;44.49;44.54;384;1387
2026-06-08T10:50:00.0000000Z;44.49;44.54;384;1387
2026-06-08T10:50:01.0000000Z;44.49;44.535;384;225
2026-06-08T10:50:02.0000000Z;44.49;44.535;384;225
2026-06-08T10:50:04.0000000Z;44.49;44.54;384;1162
2026-06-08T10:50:05.0000000Z;44.49;44.54;384;1387
2026-06-08T10:50:08.0000000Z;44.49;44.54;384;1387
2026-06-08T10:50:10.0000000Z;44.49;44.535;384;225
2026-06-08T10:50:12.0000000Z;44.49;44.54;384;1387
2026-06-08T10:50:13.0000000Z;44.49;44.535;384;775
2026-06-08T10:50:16.0000000Z;44.49;44.535;384;775
2026-06-08T10:50:24.0000000Z;44.49;44.535;384;550
2026-06-08T10:50:26.0000000Z;44.49;44.535;384;550
2026-06-08T10:50:29.0000000Z;44.5;44.535;470;550
2026-06-08T10:50:30.0000000Z;44.5;44.535;470;550
2026-06-08T10:50:31.0000000Z;44.505;44.54;411;775
2026-06-08T10:50:33.0000000Z;44.505;44.53;411;216
2026-06-08T10:50:34.0000000Z;44.505;44.53;411;216
2026-06-08T10:50:36.0000000Z;44.505;44.535;411;225
2026-06-08T10:50:37.0000000Z;44.505;44.535;411;225
2026-06-08T10:50:39.0000000Z;44.495;44.53;470;479
2026-06-08T10:50:40.0000000Z;44.495;44.53;470;479
2026-06-08T10:50:42.0000000Z;44.5;44.53;424;479
2026-06-08T10:50:44.0000000Z;44.5;44.53;424;479
2026-06-08T10:50:50.0000000Z;44.49;44.53;647;479
2026-06-08T10:50:51.0000000Z;44.49;44.54;647;1937
2026-06-08T10:50:52.0000000Z;44.495;44.54;545;1937
2026-06-08T10:50:54.0000000Z;44.495;44.54;545;1937
2026-06-08T10:50:55.0000000Z;44.49;44.54;647;1937
2026-06-08T10:51:00.0000000Z;44.49;44.53;647;550
2026-06-08T10:51:01.0000000Z;44.49;44.53;647;550
2026-06-08T10:51:02.0000000Z;44.49;44.53;470;550
2026-06-08T10:51:03.0000000Z;44.49;44.53;470;550
2026-06-08T10:51:04.0000000Z;44.49;44.53;470;550
2026-06-08T10:51:05.0000000Z;44.49;44.53;470;550
2026-06-08T10:51:07.0000000Z;44.49;44.53;470;550
2026-06-08T10:51:08.0000000Z;44.49;44.53;470;550
2026-06-08T10:51:09.0000000Z;44.49;44.53;470;550
2026-06-08T10:51:10.0000000Z;44.49;44.53;470;550
2026-06-08T10:51:11.0000000Z;44.49;44.53;470;550
2026-06-08T10:51:13.0000000Z;44.49;44.53;470;550
2026-06-08T10:51:15.0000000Z;44.49;44.53;470;550
2026-06-08T10:51:17.0000000Z;44.49;44.53;470;550
2026-06-08T10:51:18.0000000Z;44.49;44.53;470;550
2026-06-08T10:51:19.0000000Z;44.49;44.53;470;550
2026-06-08T10:51:21.0000000Z;44.49;44.53;470;550
2026-06-08T10:51:22.0000000Z;44.49;44.53;470;550
2026-06-08T10:51:23.0000000Z;44.49;44.53;470;550
2026-06-08T10:51:25.0000000Z;44.49;44.53;470;550
2026-06-08T10:51:27.0000000Z;44.49;44.53;470;550
2026-06-08T10:51:28.0000000Z;44.49;44.53;470;550
2026-06-08T10:51:29.0000000Z;44.49;44.53;470;550
2026-06-08T10:51:30.0000000Z;44.49;44.53;470;550
2026-06-08T10:51:31.0000000Z;44.49;44.53;470;550
2026-06-08T10:51:33.0000000Z;44.49;44.53;470;550
2026-06-08T10:51:35.0000000Z;44.49;44.53;470;550
2026-06-08T10:51:37.0000000Z;44.49;44.53;470;550
2026-06-08T10:51:39.0000000Z;44.49;44.53;470;550
2026-06-08T10:51:41.0000000Z;44.49;44.525;470;3615
2026-06-08T10:51:43.0000000Z;44.49;44.525;470;3615
2026-06-08T10:51:44.0000000Z;44.49;44.525;470;3615
2026-06-08T10:51:46.0000000Z;44.49;44.525;470;3615
2026-06-08T10:51:47.0000000Z;44.49;44.525;470;3615
2026-06-08T10:51:48.0000000Z;44.49;44.525;470;3615
2026-06-08T10:51:50.0000000Z;44.49;44.525;647;3615
2026-06-08T10:51:51.0000000Z;44.49;44.525;1031;3615
2026-06-08T10:51:54.0000000Z;44.49;44.525;1031;3615
2026-06-08T10:51:55.0000000Z;44.49;44.525;1031;3615
2026-06-08T10:51:56.0000000Z;44.49;44.525;1031;3615
2026-06-08T10:51:57.0000000Z;44.495;44.525;470;3615
2026-06-08T10:51:58.0000000Z;44.495;44.525;470;3615
2026-06-08T10:52:00.0000000Z;44.495;44.525;470;3615
2026-06-08T10:52:01.0000000Z;44.495;44.525;470;3615
2026-06-08T10:52:02.0000000Z;44.495;44.525;470;3615
2026-06-08T10:52:04.0000000Z;44.495;44.525;470;3615
2026-06-08T10:52:05.0000000Z;44.495;44.525;470;3615
2026-06-08T10:52:07.0000000Z;44.495;44.525;470;3615
2026-06-08T10:52:15.0000000Z;44.495;44.525;647;3629
2026-06-08T10:52:16.0000000Z;44.495;44.525;470;3629
2026-06-08T10:52:17.0000000Z;44.495;44.525;470;3629
2026-06-08T10:52:20.0000000Z;44.495;44.525;470;3629
2026-06-08T10:52:22.0000000Z;44.495;44.525;470;3629
2026-06-08T10:52:23.0000000Z;44.495;44.54;470;1162
2026-06-08T10:52:24.0000000Z;44.495;44.54;470;1162
2026-06-08T10:52:25.0000000Z;44.495;44.53;647;13500
2026-06-08T10:52:26.0000000Z;44.495;44.53;470;226
2026-06-08T10:52:27.0000000Z;44.495;44.53;647;226
2026-06-08T10:52:28.0000000Z;44.495;44.53;470;226
2026-06-08T10:52:29.0000000Z;44.495;44.53;470;226
2026-06-08T10:52:30.0000000Z;44.495;44.53;470;226
2026-06-08T10:52:31.0000000Z;44.495;44.53;647;226
2026-06-08T10:52:38.0000000Z;44.495;44.53;470;226
2026-06-08T10:52:39.0000000Z;44.49;44.53;1507;476
2026-06-08T10:52:40.0000000Z;44.5;44.535;470;3617
2026-06-08T10:52:42.0000000Z;44.5;44.535;470;3617
2026-06-08T10:52:43.0000000Z;44.5;44.535;470;3617
2026-06-08T10:52:44.0000000Z;44.5;44.535;470;3617
2026-06-08T10:52:45.0000000Z;44.5;44.535;470;3617
2026-06-08T10:52:46.0000000Z;44.5;44.535;470;3617
2026-06-08T10:52:47.0000000Z;44.5;44.535;470;3617
2026-06-08T10:52:48.0000000Z;44.5;44.535;470;3617
2026-06-08T10:52:49.0000000Z;44.5;44.535;470;3617
2026-06-08T10:52:50.0000000Z;44.5;44.535;470;3617
2026-06-08T10:52:51.0000000Z;44.495;44.53;470;417
2026-06-08T10:52:52.0000000Z;44.5;44.53;475;417
2026-06-08T10:52:53.0000000Z;44.505;44.545;470;1712
2026-06-08T10:52:54.0000000Z;44.505;44.545;470;1712
2026-06-08T10:52:55.0000000Z;44.505;44.545;470;1712
2026-06-08T10:52:56.0000000Z;44.505;44.545;470;1712
2026-06-08T10:52:57.0000000Z;44.505;44.545;470;1712
2026-06-08T10:52:58.0000000Z;44.505;44.545;470;1712
2026-06-08T10:52:59.0000000Z;44.505;44.545;470;1712
2026-06-08T10:52:59.0000000Z;44.505;44.545;470;1712
2026-06-08T10:53:00.0000000Z;44.505;44.545;470;1712
2026-06-08T10:53:01.0000000Z;44.505;44.545;470;1712
2026-06-08T10:53:02.0000000Z;44.505;44.545;470;1712
2026-06-08T10:53:03.0000000Z;44.505;44.545;470;1712
2026-06-08T10:53:04.0000000Z;44.505;44.545;470;1712
2026-06-08T10:53:05.0000000Z;44.505;44.545;470;1712
2026-06-08T10:53:06.0000000Z;44.505;44.545;470;1712
2026-06-08T10:53:07.0000000Z;44.505;44.545;470;1712
2026-06-08T10:53:08.0000000Z;44.505;44.545;470;1712
2026-06-08T10:53:09.0000000Z;44.505;44.545;470;1712
2026-06-08T10:53:10.0000000Z;44.505;44.545;470;1712
2026-06-08T10:53:19.0000000Z;44.505;44.545;470;1712
2026-06-08T10:53:20.0000000Z;44.505;44.545;470;1712
2026-06-08T10:53:21.0000000Z;44.505;44.545;470;1712
2026-06-08T10:53:22.0000000Z;44.505;44.545;470;1712
2026-06-08T10:53:23.0000000Z;44.505;44.545;470;1712
2026-06-08T10:53:24.0000000Z;44.505;44.545;470;1712
2026-06-08T10:53:25.0000000Z;44.505;44.545;470;1712
2026-06-08T10:53:26.0000000Z;44.505;44.545;470;1712
2026-06-08T10:53:27.0000000Z;44.505;44.545;470;1712
2026-06-08T10:53:28.0000000Z;44.505;44.545;470;1712
2026-06-08T10:53:29.0000000Z;44.505;44.545;470;1712
2026-06-08T10:53:36.0000000Z;44.505;44.545;470;1712
2026-06-08T10:53:43.0000000Z;44.505;44.545;470;1712
2026-06-08T10:53:45.0000000Z;44.505;44.545;470;1712
2026-06-08T10:53:46.0000000Z;44.505;44.545;470;1712
2026-06-08T10:53:47.0000000Z;44.505;44.545;470;1712
2026-06-08T10:53:48.0000000Z;44.505;44.545;470;1712
2026-06-08T10:53:49.0000000Z;44.505;44.545;470;1712
2026-06-08T10:53:53.0000000Z;44.505;44.545;470;1712
2026-06-08T10:53:54.0000000Z;44.505;44.545;470;1712
2026-06-08T10:53:55.0000000Z;44.505;44.545;470;1712
2026-06-08T10:53:56.0000000Z;44.505;44.545;470;1712
2026-06-08T10:53:57.0000000Z;44.505;44.545;470;1937
2026-06-08T10:53:58.0000000Z;44.505;44.545;470;775
2026-06-08T10:53:59.0000000Z;44.505;44.545;470;775
2026-06-08T10:54:02.0000000Z;44.505;44.545;470;775
2026-06-08T10:54:03.0000000Z;44.505;44.545;470;775
2026-06-08T10:54:08.0000000Z;44.505;44.545;470;775
2026-06-08T10:54:14.0000000Z;44.505;44.545;470;1712
2026-06-08T10:54:16.0000000Z;44.505;44.545;470;1712
2026-06-08T10:54:18.0000000Z;44.505;44.545;470;1712
2026-06-08T10:54:20.0000000Z;44.505;44.545;470;1937
2026-06-08T10:54:24.0000000Z;44.48;44.535;705;631
2026-06-08T10:54:25.0000000Z;44.495;44.535;470;631
2026-06-08T10:54:26.0000000Z;44.495;44.535;470;631
2026-06-08T10:54:27.0000000Z;44.505;44.535;369;631
2026-06-08T10:54:28.0000000Z;44.5;44.535;488;631
2026-06-08T10:54:30.0000000Z;44.5;44.535;488;631
2026-06-08T10:54:42.0000000Z;44.5;44.535;488;550
2026-06-08T10:54:43.0000000Z;44.5;44.53;488;3617
2026-06-08T10:54:47.0000000Z;44.5;44.535;488;550
2026-06-08T10:54:56.0000000Z;44.5;44.535;488;550
2026-06-08T10:54:59.0000000Z;44.5;44.535;488;775
2026-06-08T10:55:01.0000000Z;44.5;44.535;488;775
2026-06-08T10:55:06.0000000Z;44.5;44.535;488;550
2026-06-08T10:55:07.0000000Z;44.5;44.535;488;550
2026-06-08T10:55:13.0000000Z;44.5;44.535;488;775
2026-06-08T10:55:14.0000000Z;44.5;44.535;488;550
2026-06-08T10:55:19.0000000Z;44.5;44.535;488;775
2026-06-08T10:55:23.0000000Z;44.5;44.535;488;550
2026-06-08T10:55:25.0000000Z;44.5;44.535;488;775
2026-06-08T10:55:26.0000000Z;44.5;44.535;488;550
2026-06-08T10:55:29.0000000Z;44.5;44.53;488;1162
2026-06-08T10:55:30.0000000Z;44.5;44.525;488;226
2026-06-08T10:55:32.0000000Z;44.5;44.53;488;225
2026-06-08T10:55:35.0000000Z;44.5;44.53;488;225
2026-06-08T10:55:44.0000000Z;44.5;44.535;488;775
2026-06-08T10:55:46.0000000Z;44.5;44.525;488;212
2026-06-08T10:55:47.0000000Z;44.5;44.525;488;212
2026-06-08T10:55:55.0000000Z;44.5;44.53;488;1387
2026-06-08T10:55:57.0000000Z;44.5;44.53;488;1162
2026-06-08T10:55:58.0000000Z;44.5;44.535;488;550
2026-06-08T10:55:59.0000000Z;44.5;44.535;488;1712
2026-06-08T10:56:00.0000000Z;44.5;44.53;488;3315
2026-06-08T10:56:04.0000000Z;44.5;44.535;488;1712
2026-06-08T10:56:05.0000000Z;44.5;44.535;488;1712
2026-06-08T10:56:06.0000000Z;44.5;44.535;488;1712
2026-06-08T10:56:08.0000000Z;44.5;44.535;488;1712
2026-06-08T10:56:09.0000000Z;44.5;44.535;488;1937
2026-06-08T10:56:12.0000000Z;44.5;44.535;488;775
2026-06-08T10:56:13.0000000Z;44.5;44.53;488;225
2026-06-08T10:56:14.0000000Z;44.5;44.525;488;212
2026-06-08T10:56:15.0000000Z;44.5;44.535;488;775
2026-06-08T10:56:18.0000000Z;44.5;44.525;488;212
2026-06-08T10:56:19.0000000Z;44.48;44.525;470;550
2026-06-08T10:56:20.0000000Z;44.48;44.525;470;550
2026-06-08T10:56:21.0000000Z;44.48;44.525;470;550
2026-06-08T10:56:22.0000000Z;44.495;44.525;245;775
2026-06-08T10:56:23.0000000Z;44.495;44.525;245;775
2026-06-08T10:56:24.0000000Z;44.495;44.525;245;775
2026-06-08T10:56:25.0000000Z;44.495;44.525;245;775
2026-06-08T10:56:26.0000000Z;44.485;44.525;475;775
2026-06-08T10:56:27.0000000Z;44.485;44.525;475;775
2026-06-08T10:56:28.0000000Z;44.485;44.525;475;775
2026-06-08T10:56:30.0000000Z;44.485;44.525;475;775
2026-06-08T10:56:31.0000000Z;44.485;44.525;475;775
2026-06-08T10:56:32.0000000Z;44.485;44.525;475;775
2026-06-08T10:56:33.0000000Z;44.485;44.525;475;550
2026-06-08T10:56:34.0000000Z;44.485;44.525;475;775
2026-06-08T10:56:35.0000000Z;44.485;44.525;475;775
2026-06-08T10:56:36.0000000Z;44.485;44.525;475;775
2026-06-08T10:56:37.0000000Z;44.485;44.525;475;775
2026-06-08T10:56:38.0000000Z;44.485;44.525;475;775
2026-06-08T10:56:39.0000000Z;44.485;44.525;475;775
2026-06-08T10:56:40.0000000Z;44.485;44.525;475;775
2026-06-08T10:56:41.0000000Z;44.485;44.525;475;775
2026-06-08T10:56:42.0000000Z;44.5;44.525;470;775
2026-06-08T10:56:43.0000000Z;44.5;44.525;13500;550
2026-06-08T10:56:44.0000000Z;44.5;44.525;13500;550
2026-06-08T10:56:45.0000000Z;44.5;44.525;13500;550
2026-06-08T10:56:46.0000000Z;44.5;44.525;376;775
2026-06-08T10:56:47.0000000Z;44.5;44.525;329;775
2026-06-08T10:56:48.0000000Z;44.5;44.525;470;775
2026-06-08T10:56:49.0000000Z;44.5;44.525;470;775
2026-06-08T10:56:51.0000000Z;44.5;44.525;470;775
2026-06-08T10:56:52.0000000Z;44.5;44.525;470;775
2026-06-08T10:56:55.0000000Z;44.5;44.525;13500;550
2026-06-08T10:56:56.0000000Z;44.5;44.525;13500;550
2026-06-08T10:56:57.0000000Z;44.5;44.525;13500;775
2026-06-08T10:56:58.0000000Z;44.475;44.515;470;385
2026-06-08T10:57:00.0000000Z;44.495;44.525;1222;775
2026-06-08T10:57:01.0000000Z;44.495;44.52;1222;225
2026-06-08T10:57:02.0000000Z;44.495;44.52;1222;225
2026-06-08T10:57:03.0000000Z;44.475;44.525;470;775
2026-06-08T10:57:04.0000000Z;44.475;44.525;470;775
2026-06-08T10:57:05.0000000Z;44.485;44.515;470;214
2026-06-08T10:57:06.0000000Z;44.495;44.52;470;225
2026-06-08T10:57:07.0000000Z;44.495;44.52;470;225
2026-06-08T10:57:08.0000000Z;44.505;44.525;282;775
2026-06-08T10:57:09.0000000Z;44.505;44.525;423;775
2026-06-08T10:57:10.0000000Z;44.505;44.52;423;3314
2026-06-08T10:57:11.0000000Z;44.505;44.52;423;3314
2026-06-08T10:57:12.0000000Z;44.505;44.52;423;3314
2026-06-08T10:57:13.0000000Z;44.505;44.52;423;3314
2026-06-08T10:57:14.0000000Z;44.505;44.52;423;3314
2026-06-08T10:57:15.0000000Z;44.505;44.52;423;3314
2026-06-08T10:57:16.0000000Z;44.505;44.52;423;3314
2026-06-08T10:57:17.0000000Z;44.505;44.52;423;3314
2026-06-08T10:57:18.0000000Z;44.505;44.52;423;3314
2026-06-08T10:57:19.0000000Z;44.5;44.525;470;775
2026-06-08T10:57:20.0000000Z;44.505;44.525;237;775
2026-06-08T10:57:21.0000000Z;44.505;44.525;237;775
2026-06-08T10:57:22.0000000Z;44.505;44.525;237;775
2026-06-08T10:57:23.0000000Z;44.505;44.525;237;775
2026-06-08T10:57:24.0000000Z;44.505;44.525;237;775
2026-06-08T10:57:25.0000000Z;44.505;44.525;237;775
2026-06-08T10:57:27.0000000Z;44.505;44.525;237;775
2026-06-08T10:57:28.0000000Z;44.505;44.525;237;775
2026-06-08T10:57:29.0000000Z;44.5;44.52;470;3621
2026-06-08T10:57:30.0000000Z;44.505;44.52;98;225
2026-06-08T10:57:31.0000000Z;44.505;44.52;98;225
2026-06-08T10:57:32.0000000Z;44.505;44.52;98;225
2026-06-08T10:57:34.0000000Z;44.505;44.52;98;225
2026-06-08T10:57:36.0000000Z;44.505;44.525;242;775
2026-06-08T10:57:38.0000000Z;44.505;44.52;242;3621
2026-06-08T10:57:40.0000000Z;44.505;44.52;98;3616
2026-06-08T10:57:41.0000000Z;44.5;44.52;13500;17116
2026-06-08T10:57:42.0000000Z;44.5;44.525;300;775
2026-06-08T10:57:44.0000000Z;44.5;44.52;300;3616
2026-06-08T10:57:47.0000000Z;44.5;44.52;300;3616
2026-06-08T10:57:49.0000000Z;44.5;44.52;300;3616
2026-06-08T10:57:50.0000000Z;44.505;44.52;98;3621
2026-06-08T10:57:51.0000000Z;44.505;44.52;98;17121
2026-06-08T10:57:52.0000000Z;44.505;44.52;98;17121
2026-06-08T10:57:53.0000000Z;44.505;44.525;242;550
2026-06-08T10:57:54.0000000Z;44.505;44.525;242;775
2026-06-08T10:57:55.0000000Z;44.505;44.525;242;775
2026-06-08T10:57:56.0000000Z;44.505;44.52;242;3621
2026-06-08T10:57:59.0000000Z;44.505;44.52;242;3621
2026-06-08T10:58:00.0000000Z;44.505;44.525;98;775
2026-06-08T10:58:01.0000000Z;44.505;44.525;98;775
2026-06-08T10:58:02.0000000Z;44.5;44.525;296;775
2026-06-08T10:58:05.0000000Z;44.5;44.525;296;775
2026-06-08T10:58:10.0000000Z;44.5;44.52;470;16814
2026-06-08T10:58:11.0000000Z;44.505;44.525;242;775
2026-06-08T10:58:14.0000000Z;44.505;44.525;242;775
2026-06-08T10:58:15.0000000Z;44.505;44.525;242;775
2026-06-08T10:58:16.0000000Z;44.505;44.525;242;775
2026-06-08T10:58:17.0000000Z;44.505;44.525;242;775
2026-06-08T10:58:18.0000000Z;44.505;44.525;242;550
2026-06-08T10:58:19.0000000Z;44.505;44.525;242;550
2026-06-08T10:58:20.0000000Z;44.5;44.52;470;3577
2026-06-08T10:58:22.0000000Z;44.5;44.52;470;3577
2026-06-08T10:58:27.0000000Z;44.5;44.52;470;3577
2026-06-08T10:58:34.0000000Z;44.505;44.52;246;3577
2026-06-08T10:58:35.0000000Z;44.5;44.52;470;3577
2026-06-08T10:58:36.0000000Z;44.5;44.525;470;775
2026-06-08T10:58:37.0000000Z;44.5;44.525;470;775
2026-06-08T10:58:38.0000000Z;44.5;44.525;470;775
2026-06-08T10:58:44.0000000Z;44.5;44.52;470;3582
2026-06-08T10:58:45.0000000Z;44.5;44.525;470;775
2026-06-08T10:58:48.0000000Z;44.5;44.525;470;775
2026-06-08T10:58:49.0000000Z;44.5;44.525;470;550
2026-06-08T10:58:50.0000000Z;44.5;44.525;470;550
2026-06-08T10:58:51.0000000Z;44.5;44.525;470;550
2026-06-08T10:58:56.0000000Z;44.5;44.52;470;3578
2026-06-08T10:58:57.0000000Z;44.5;44.52;470;3578
2026-06-08T10:58:58.0000000Z;44.5;44.52;470;3578
2026-06-08T10:59:00.0000000Z;44.5;44.52;470;3578
2026-06-08T10:59:01.0000000Z;44.5;44.52;470;3578
2026-06-08T10:59:02.0000000Z;44.5;44.525;470;775
2026-06-08T10:59:04.0000000Z;44.5;44.525;470;775
2026-06-08T10:59:05.0000000Z;44.5;44.525;470;775
2026-06-08T10:59:06.0000000Z;44.5;44.525;470;775
2026-06-08T10:59:08.0000000Z;44.5;44.525;470;775
2026-06-08T10:59:10.0000000Z;44.505;44.525;470;775
2026-06-08T10:59:11.0000000Z;44.505;44.52;470;3314
2026-06-08T10:59:12.0000000Z;44.505;44.52;470;225
2026-06-08T10:59:14.0000000Z;44.505;44.52;470;225
2026-06-08T10:59:15.0000000Z;44.505;44.525;470;775
2026-06-08T10:59:17.0000000Z;44.505;44.52;470;16814
2026-06-08T10:59:22.0000000Z;44.505;44.52;470;225
2026-06-08T10:59:23.0000000Z;44.505;44.525;470;775
2026-06-08T10:59:25.0000000Z;44.505;44.52;470;3314
2026-06-08T10:59:27.0000000Z;44.505;44.525;470;775
2026-06-08T10:59:28.0000000Z;44.505;44.525;470;550
2026-06-08T10:59:29.0000000Z;44.505;44.525;470;550
2026-06-08T10:59:35.0000000Z;44.505;44.525;470;550
2026-06-08T10:59:39.0000000Z;44.5;44.525;45;550
2026-06-08T10:59:41.0000000Z;44.5;44.525;14624;550
2026-06-08T10:59:43.0000000Z;44.5;44.525;14624;550
2026-06-08T10:59:45.0000000Z;44.5;44.525;13500;550
2026-06-08T10:59:50.0000000Z;44.5;44.525;13500;550
2026-06-08T10:59:56.0000000Z;44.505;44.525;470;550
2026-06-08T10:59:58.0000000Z;44.51;44.52;98;550
2026-06-08T10:59:59.0000000Z;44.505;44.565;667;1162
2026-06-08T10:59:59.0000000Z;44.505;44.565;667;1162
2026-06-08T11:00:00.0000000Z;44.5;44.57;45;384
2026-06-08T11:00:01.0000000Z;44.5;44.565;45;1359
2026-06-08T11:00:03.0000000Z;44.5;44.565;45;1743
2026-06-08T11:00:04.0000000Z;44.505;44.545;13500;550
2026-06-08T11:00:05.0000000Z;44.505;44.535;226;550
2026-06-08T11:00:06.0000000Z;44.505;44.535;226;550
2026-06-08T11:00:07.0000000Z;44.505;44.535;226;550
2026-06-08T11:00:08.0000000Z;44.505;44.535;98;550
2026-06-08T11:00:11.0000000Z;44.505;44.535;98;550
2026-06-08T11:00:14.0000000Z;44.505;44.535;98;550
2026-06-08T11:00:15.0000000Z;44.505;44.535;98;550
2026-06-08T11:00:23.0000000Z;44.505;44.535;98;550
2026-06-08T11:00:24.0000000Z;44.505;44.535;98;1909
2026-06-08T11:00:25.0000000Z;44.505;44.535;98;1909
2026-06-08T11:00:26.0000000Z;44.505;44.535;98;1909
2026-06-08T11:00:27.0000000Z;44.505;44.535;98;1909
2026-06-08T11:00:28.0000000Z;44.505;44.535;98;1909
2026-06-08T11:00:29.0000000Z;44.505;44.535;265;550
2026-06-08T11:00:31.0000000Z;44.505;44.535;265;550
2026-06-08T11:00:36.0000000Z;44.505;44.535;265;550
2026-06-08T11:00:37.0000000Z;44.505;44.535;265;1909
2026-06-08T11:00:38.0000000Z;44.505;44.535;265;1909
2026-06-08T11:00:39.0000000Z;44.5;44.535;13500;1909
2026-06-08T11:00:40.0000000Z;44.5;44.535;13500;1909
2026-06-08T11:00:41.0000000Z;44.5;44.535;13500;1909
2026-06-08T11:00:42.0000000Z;44.5;44.535;13500;1909
2026-06-08T11:00:43.0000000Z;44.5;44.535;13500;1909
2026-06-08T11:00:44.0000000Z;44.5;44.535;13500;1909
2026-06-08T11:00:45.0000000Z;44.5;44.535;13500;1909
2026-06-08T11:00:46.0000000Z;44.48;44.535;470;1909
2026-06-08T11:00:47.0000000Z;44.48;44.535;470;1909
2026-06-08T11:00:48.0000000Z;44.48;44.535;470;1909
2026-06-08T11:00:49.0000000Z;44.495;44.535;45;1909
2026-06-08T11:00:50.0000000Z;44.47;44.51;470;3315
2026-06-08T11:00:51.0000000Z;44.47;44.505;470;193
2026-06-08T11:00:52.0000000Z;44.47;44.505;470;193
2026-06-08T11:00:53.0000000Z;44.47;44.505;470;193
2026-06-08T11:00:54.0000000Z;44.475;44.505;377;193
2026-06-08T11:00:55.0000000Z;44.475;44.505;377;193
2026-06-08T11:00:56.0000000Z;44.475;44.505;377;193
2026-06-08T11:00:57.0000000Z;44.475;44.505;377;193
2026-06-08T11:00:58.0000000Z;44.475;44.505;377;193
2026-06-08T11:00:59.0000000Z;44.475;44.505;301;633
2026-06-08T11:00:59.0000000Z;44.46;44.515;470;775
2026-06-08T11:01:00.0000000Z;44.475;44.5;328;389
2026-06-08T11:01:01.0000000Z;44.47;44.505;356;550
2026-06-08T11:01:04.0000000Z;44.47;44.505;356;550
2026-06-08T11:01:05.0000000Z;44.47;44.505;356;550
2026-06-08T11:01:10.0000000Z;44.45;44.505;470;550
2026-06-08T11:01:13.0000000Z;44.46;44.505;473;775
2026-06-08T11:01:14.0000000Z;44.46;44.505;473;775
2026-06-08T11:01:15.0000000Z;44.46;44.505;473;775
2026-06-08T11:01:17.0000000Z;44.46;44.505;473;775
2026-06-08T11:01:18.0000000Z;44.455;44.505;551;550
2026-06-08T11:01:19.0000000Z;44.455;44.505;551;550
2026-06-08T11:01:20.0000000Z;44.445;44.505;470;550
2026-06-08T11:01:21.0000000Z;44.445;44.505;470;775
2026-06-08T11:01:23.0000000Z;44.45;44.505;683;775
2026-06-08T11:01:24.0000000Z;44.45;44.505;683;775
2026-06-08T11:01:28.0000000Z;44.45;44.505;683;775
2026-06-08T11:01:30.0000000Z;44.45;44.495;683;550
2026-06-08T11:01:31.0000000Z;44.44;44.495;470;550
2026-06-08T11:01:33.0000000Z;44.445;44.495;615;550
2026-06-08T11:01:35.0000000Z;44.44;44.495;854;550
2026-06-08T11:01:36.0000000Z;44.44;44.495;854;550
2026-06-08T11:01:37.0000000Z;44.44;44.495;470;550
2026-06-08T11:01:38.0000000Z;44.44;44.495;470;550
2026-06-08T11:01:39.0000000Z;44.44;44.495;470;550
2026-06-08T11:01:43.0000000Z;44.44;44.495;470;550
2026-06-08T11:01:48.0000000Z;44.44;44.495;470;550
2026-06-08T11:01:51.0000000Z;44.44;44.495;470;550
2026-06-08T11:01:52.0000000Z;44.44;44.495;470;550
2026-06-08T11:01:53.0000000Z;44.435;44.495;470;550
2026-06-08T11:01:54.0000000Z;44.435;44.495;470;775
2026-06-08T11:01:55.0000000Z;44.44;44.495;681;550
2026-06-08T11:01:56.0000000Z;44.44;44.495;681;775
2026-06-08T11:01:57.0000000Z;44.44;44.495;681;550
2026-06-08T11:01:58.0000000Z;44.44;44.495;470;775
2026-06-08T11:01:59.0000000Z;44.44;44.495;470;550
2026-06-08T11:02:00.0000000Z;44.44;44.495;470;550
2026-06-08T11:02:01.0000000Z;44.44;44.495;470;550
2026-06-08T11:02:02.0000000Z;44.44;44.495;470;550
2026-06-08T11:02:04.0000000Z;44.44;44.495;1054;550
2026-06-08T11:02:05.0000000Z;44.44;44.495;470;550
2026-06-08T11:02:06.0000000Z;44.44;44.495;470;550
2026-06-08T11:02:09.0000000Z;44.44;44.495;470;550
2026-06-08T11:02:11.0000000Z;44.44;44.495;470;550
2026-06-08T11:02:12.0000000Z;44.44;44.495;470;775
2026-06-08T11:02:13.0000000Z;44.44;44.495;470;775
2026-06-08T11:02:14.0000000Z;44.44;44.495;470;550
2026-06-08T11:02:15.0000000Z;44.44;44.495;1058;550
2026-06-08T11:02:16.0000000Z;44.44;44.495;1076;550
2026-06-08T11:02:18.0000000Z;44.44;44.495;1055;550
2026-06-08T11:02:19.0000000Z;44.44;44.495;470;550
2026-06-08T11:02:20.0000000Z;44.44;44.495;470;775
2026-06-08T11:02:21.0000000Z;44.44;44.495;470;775
2026-06-08T11:02:22.0000000Z;44.44;44.495;470;550
2026-06-08T11:02:23.0000000Z;44.44;44.495;470;550
2026-06-08T11:02:27.0000000Z;44.44;44.495;470;550
2026-06-08T11:02:29.0000000Z;44.44;44.495;470;550
2026-06-08T11:02:30.0000000Z;44.44;44.495;470;550
2026-06-08T11:02:31.0000000Z;44.44;44.495;470;550
2026-06-08T11:02:33.0000000Z;44.44;44.495;854;550
2026-06-08T11:02:35.0000000Z;44.44;44.495;854;550
2026-06-08T11:02:37.0000000Z;44.44;44.495;470;550
2026-06-08T11:02:45.0000000Z;44.435;44.495;470;550
2026-06-08T11:02:46.0000000Z;44.46;44.49;470;3542
2026-06-08T11:02:47.0000000Z;44.46;44.49;470;3542
2026-06-08T11:02:49.0000000Z;44.46;44.49;470;3542
2026-06-08T11:02:50.0000000Z;44.46;44.49;470;3542
2026-06-08T11:02:58.0000000Z;44.465;44.49;470;3618
2026-06-08T11:02:59.0000000Z;44.47;44.49;281;3618
2026-06-08T11:03:02.0000000Z;44.465;44.49;470;3618
2026-06-08T11:03:03.0000000Z;44.465;44.49;470;3618
2026-06-08T11:03:06.0000000Z;44.47;44.49;99;3618
2026-06-08T11:03:09.0000000Z;44.47;44.49;99;3618
2026-06-08T11:03:10.0000000Z;44.47;44.49;99;3618
2026-06-08T11:03:12.0000000Z;44.47;44.49;99;3618
2026-06-08T11:03:13.0000000Z;44.47;44.49;99;3618
2026-06-08T11:03:14.0000000Z;44.475;44.49;13500;3618
2026-06-08T11:03:16.0000000Z;44.475;44.49;13500;3618
2026-06-08T11:03:19.0000000Z;44.475;44.49;13500;3618
2026-06-08T11:03:20.0000000Z;44.475;44.49;13500;3618
2026-06-08T11:03:24.0000000Z;44.475;44.49;470;3618
2026-06-08T11:03:25.0000000Z;44.475;44.49;470;3618
2026-06-08T11:03:27.0000000Z;44.475;44.49;470;3618
2026-06-08T11:03:28.0000000Z;44.475;44.49;470;3618
2026-06-08T11:03:29.0000000Z;44.475;44.49;470;3618
2026-06-08T11:03:30.0000000Z;44.475;44.49;470;3618
2026-06-08T11:03:32.0000000Z;44.475;44.49;470;3618
2026-06-08T11:03:33.0000000Z;44.475;44.49;470;3618
2026-06-08T11:03:34.0000000Z;44.475;44.49;13500;3471
2026-06-08T11:03:35.0000000Z;44.475;44.49;470;3471
2026-06-08T11:03:36.0000000Z;44.475;44.49;470;3471
2026-06-08T11:03:38.0000000Z;44.475;44.49;470;3471
2026-06-08T11:03:47.0000000Z;44.47;44.49;470;3471
2026-06-08T11:03:49.0000000Z;44.475;44.49;235;3471
2026-06-08T11:03:51.0000000Z;44.475;44.49;235;3471
2026-06-08T11:03:53.0000000Z;44.475;44.49;235;3471
2026-06-08T11:03:57.0000000Z;44.47;44.49;470;3541
2026-06-08T11:03:59.0000000Z;44.47;44.49;470;3541
2026-06-08T11:04:01.0000000Z;44.47;44.49;470;3541
2026-06-08T11:04:02.0000000Z;44.47;44.49;470;3541
2026-06-08T11:04:04.0000000Z;44.47;44.49;470;3541
2026-06-08T11:04:05.0000000Z;44.47;44.49;470;3541
2026-06-08T11:04:09.0000000Z;44.47;44.495;470;775
2026-06-08T11:04:10.0000000Z;44.47;44.495;470;550
2026-06-08T11:04:11.0000000Z;44.47;44.495;470;550
2026-06-08T11:04:18.0000000Z;44.47;44.495;470;775
2026-06-08T11:04:19.0000000Z;44.47;44.495;470;550
2026-06-08T11:04:20.0000000Z;44.47;44.49;470;3542
2026-06-08T11:04:22.0000000Z;44.47;44.495;470;775
2026-06-08T11:04:23.0000000Z;44.47;44.495;470;550
2026-06-08T11:04:24.0000000Z;44.47;44.495;470;550
2026-06-08T11:04:27.0000000Z;44.47;44.495;470;550
2026-06-08T11:04:30.0000000Z;44.475;44.49;470;3472
2026-06-08T11:04:31.0000000Z;44.475;44.49;13500;3472
2026-06-08T11:04:32.0000000Z;44.475;44.49;13500;3472
2026-06-08T11:04:36.0000000Z;44.48;44.51;394;775
2026-06-08T11:04:37.0000000Z;44.48;44.505;394;3318
2026-06-08T11:04:40.0000000Z;44.475;44.505;470;3546
2026-06-08T11:04:43.0000000Z;44.475;44.505;470;3546
2026-06-08T11:04:47.0000000Z;44.475;44.505;470;3546
2026-06-08T11:04:48.0000000Z;44.475;44.505;470;3546
2026-06-08T11:04:50.0000000Z;44.475;44.505;470;3546
2026-06-08T11:04:52.0000000Z;44.475;44.505;470;3546
2026-06-08T11:04:53.0000000Z;44.475;44.505;470;3546
2026-06-08T11:04:58.0000000Z;44.475;44.505;470;3546
2026-06-08T11:04:59.0000000Z;44.475;44.505;470;3546
2026-06-08T11:05:00.0000000Z;44.475;44.51;470;550
2026-06-08T11:05:01.0000000Z;44.475;44.51;470;775
2026-06-08T11:05:03.0000000Z;44.475;44.51;470;775
2026-06-08T11:05:04.0000000Z;44.475;44.51;470;550
2026-06-08T11:05:06.0000000Z;44.475;44.51;470;550
2026-06-08T11:05:09.0000000Z;44.475;44.51;470;550
2026-06-08T11:05:13.0000000Z;44.475;44.51;470;775
2026-06-08T11:05:14.0000000Z;44.475;44.51;470;775
2026-06-08T11:05:20.0000000Z;44.48;44.58;109;956
2026-06-08T11:05:21.0000000Z;44.48;44.555;14355;225
2026-06-08T11:05:22.0000000Z;44.47;44.555;110;1181
2026-06-08T11:05:23.0000000Z;44.48;44.555;605;1181
2026-06-08T11:05:24.0000000Z;44.475;44.535;800;225
2026-06-08T11:05:25.0000000Z;44.475;44.535;800;225
2026-06-08T11:05:26.0000000Z;44.475;44.515;800;225
2026-06-08T11:05:29.0000000Z;44.475;44.515;800;225
2026-06-08T11:05:30.0000000Z;44.475;44.515;800;225
2026-06-08T11:05:31.0000000Z;44.475;44.515;470;225
2026-06-08T11:05:35.0000000Z;44.475;44.515;470;225
2026-06-08T11:05:40.0000000Z;44.475;44.515;470;225
2026-06-08T11:05:41.0000000Z;44.475;44.515;470;225
2026-06-08T11:05:48.0000000Z;44.48;44.515;475;225
2026-06-08T11:05:56.0000000Z;44.48;44.515;475;225
2026-06-08T11:06:00.0000000Z;44.48;44.515;475;225
2026-06-08T11:06:05.0000000Z;44.48;44.515;475;225
2026-06-08T11:06:06.0000000Z;44.48;44.515;475;225
2026-06-08T11:06:07.0000000Z;44.48;44.515;475;1599
2026-06-08T11:06:11.0000000Z;44.48;44.515;475;1599
2026-06-08T11:06:12.0000000Z;44.48;44.515;475;1599
2026-06-08T11:06:13.0000000Z;44.48;44.505;475;225
2026-06-08T11:06:14.0000000Z;44.48;44.505;475;225
2026-06-08T11:06:16.0000000Z;44.48;44.505;475;225
2026-06-08T11:06:19.0000000Z;44.48;44.505;475;225
2026-06-08T11:06:22.0000000Z;44.48;44.505;475;225
2026-06-08T11:06:27.0000000Z;44.48;44.505;475;225
2026-06-08T11:06:28.0000000Z;44.48;44.505;475;225
2026-06-08T11:06:34.0000000Z;44.48;44.505;475;225
2026-06-08T11:06:35.0000000Z;44.48;44.505;475;225
2026-06-08T11:06:42.0000000Z;44.48;44.51;475;775
2026-06-08T11:06:44.0000000Z;44.48;44.505;475;3605
2026-06-08T11:06:47.0000000Z;44.48;44.505;475;3605
2026-06-08T11:06:48.0000000Z;44.48;44.505;475;3605
2026-06-08T11:06:49.0000000Z;44.48;44.505;475;3605
2026-06-08T11:06:50.0000000Z;44.48;44.505;475;225
2026-06-08T11:06:51.0000000Z;44.48;44.505;475;225
2026-06-08T11:06:55.0000000Z;44.48;44.505;475;225
2026-06-08T11:07:00.0000000Z;44.48;44.505;475;225
2026-06-08T11:07:01.0000000Z;44.48;44.5;475;3317
2026-06-08T11:07:02.0000000Z;44.48;44.5;475;3317
2026-06-08T11:07:04.0000000Z;44.48;44.5;475;3317
2026-06-08T11:07:05.0000000Z;44.48;44.51;475;775
2026-06-08T11:07:06.0000000Z;44.48;44.505;475;225
2026-06-08T11:07:07.0000000Z;44.48;44.51;475;775
2026-06-08T11:07:10.0000000Z;44.48;44.51;475;775
2026-06-08T11:07:17.0000000Z;44.48;44.51;475;775
2026-06-08T11:07:18.0000000Z;44.48;44.51;475;1924
2026-06-08T11:07:20.0000000Z;44.48;44.51;475;1924
2026-06-08T11:07:21.0000000Z;44.48;44.51;475;1924
2026-06-08T11:07:22.0000000Z;44.48;44.51;475;1924
2026-06-08T11:07:24.0000000Z;44.48;44.51;475;775
2026-06-08T11:07:25.0000000Z;44.48;44.51;475;775
2026-06-08T11:07:26.0000000Z;44.48;44.51;475;1924
2026-06-08T11:07:27.0000000Z;44.48;44.51;475;775
2026-06-08T11:07:28.0000000Z;44.48;44.51;475;1924
2026-06-08T11:07:30.0000000Z;44.48;44.51;475;1924
2026-06-08T11:07:32.0000000Z;44.48;44.51;475;1924
2026-06-08T11:07:33.0000000Z;44.48;44.51;475;1924
2026-06-08T11:07:34.0000000Z;44.48;44.51;475;1924
2026-06-08T11:07:36.0000000Z;44.48;44.51;475;1924
2026-06-08T11:07:38.0000000Z;44.48;44.51;475;1924
2026-06-08T11:07:39.0000000Z;44.48;44.51;475;1924
2026-06-08T11:07:40.0000000Z;44.48;44.51;475;1924
2026-06-08T11:07:42.0000000Z;44.48;44.51;475;1924
2026-06-08T11:07:44.0000000Z;44.48;44.51;475;775
2026-06-08T11:07:45.0000000Z;44.48;44.51;475;775
2026-06-08T11:07:46.0000000Z;44.48;44.51;475;2149
2026-06-08T11:07:47.0000000Z;44.48;44.51;475;2149
2026-06-08T11:07:48.0000000Z;44.48;44.51;475;775
2026-06-08T11:07:58.0000000Z;44.48;44.51;475;550
2026-06-08T11:07:59.0000000Z;44.48;44.51;475;550
2026-06-08T11:08:00.0000000Z;44.48;44.51;475;550
2026-06-08T11:08:01.0000000Z;44.48;44.51;475;775
2026-06-08T11:08:02.0000000Z;44.48;44.51;475;775
2026-06-08T11:08:03.0000000Z;44.48;44.51;475;775
2026-06-08T11:08:04.0000000Z;44.48;44.51;475;775
2026-06-08T11:08:05.0000000Z;44.48;44.51;475;775
2026-06-08T11:08:08.0000000Z;44.48;44.51;475;550
2026-06-08T11:08:09.0000000Z;44.48;44.51;475;550
2026-06-08T11:08:12.0000000Z;44.48;44.51;475;775
2026-06-08T11:08:13.0000000Z;44.48;44.51;475;225
2026-06-08T11:08:14.0000000Z;44.48;44.51;475;225
2026-06-08T11:08:15.0000000Z;44.48;44.51;475;225
2026-06-08T11:08:16.0000000Z;44.48;44.51;475;225
2026-06-08T11:08:17.0000000Z;44.48;44.51;475;225
2026-06-08T11:08:19.0000000Z;44.48;44.51;475;225
2026-06-08T11:08:20.0000000Z;44.48;44.51;475;225
2026-06-08T11:08:21.0000000Z;44.48;44.51;475;225
2026-06-08T11:08:22.0000000Z;44.48;44.51;475;225
2026-06-08T11:08:23.0000000Z;44.48;44.51;475;225
2026-06-08T11:08:25.0000000Z;44.48;44.51;475;225
2026-06-08T11:08:26.0000000Z;44.48;44.51;475;225
2026-06-08T11:08:27.0000000Z;44.48;44.515;475;225
2026-06-08T11:08:28.0000000Z;44.48;44.515;475;225
2026-06-08T11:08:29.0000000Z;44.48;44.515;475;1599
2026-06-08T11:08:30.0000000Z;44.48;44.51;475;303
2026-06-08T11:08:31.0000000Z;44.48;44.51;475;303
2026-06-08T11:08:32.0000000Z;44.48;44.51;475;303
2026-06-08T11:08:33.0000000Z;44.48;44.51;475;303
2026-06-08T11:08:34.0000000Z;44.48;44.51;475;303
2026-06-08T11:08:35.0000000Z;44.48;44.515;475;225
2026-06-08T11:08:52.0000000Z;44.48;44.515;475;225
2026-06-08T11:08:58.0000000Z;44.48;44.515;475;225
2026-06-08T11:09:01.0000000Z;44.48;44.515;475;225
2026-06-08T11:09:04.0000000Z;44.48;44.515;475;225
2026-06-08T11:09:05.0000000Z;44.48;44.515;475;225
2026-06-08T11:09:09.0000000Z;44.48;44.515;475;225
2026-06-08T11:09:10.0000000Z;44.48;44.515;475;225
2026-06-08T11:09:13.0000000Z;44.48;44.515;475;225
2026-06-08T11:09:18.0000000Z;44.48;44.515;475;225
2026-06-08T11:09:20.0000000Z;44.48;44.515;475;225
2026-06-08T11:09:23.0000000Z;44.48;44.515;475;225
2026-06-08T11:09:25.0000000Z;44.48;44.515;475;225
2026-06-08T11:09:26.0000000Z;44.48;44.515;475;225
2026-06-08T11:09:27.0000000Z;44.48;44.515;475;225
2026-06-08T11:09:28.0000000Z;44.48;44.515;475;225
2026-06-08T11:09:31.0000000Z;44.48;44.515;475;225
2026-06-08T11:09:36.0000000Z;44.48;44.515;475;225
2026-06-08T11:09:41.0000000Z;44.48;44.515;475;225
2026-06-08T11:09:42.0000000Z;44.48;44.515;475;225
2026-06-08T11:09:43.0000000Z;44.48;44.515;475;225
2026-06-08T11:09:47.0000000Z;44.48;44.515;475;225
2026-06-08T11:09:52.0000000Z;44.48;44.515;475;225
2026-06-08T11:09:54.0000000Z;44.48;44.52;544;225
2026-06-08T11:09:55.0000000Z;44.48;44.52;544;225
2026-06-08T11:09:57.0000000Z;44.48;44.52;544;225
2026-06-08T11:09:58.0000000Z;44.475;44.53;1230;225
2026-06-08T11:09:59.0000000Z;44.475;44.515;1230;300
2026-06-08T11:09:59.0000000Z;44.475;44.525;1230;1374
2026-06-08T11:10:00.0000000Z;44.475;44.525;1053;1374
2026-06-08T11:10:01.0000000Z;44.475;44.52;1230;300
2026-06-08T11:10:02.0000000Z;44.48;44.535;442;1599
2026-06-08T11:10:03.0000000Z;44.48;44.53;442;1599
2026-06-08T11:10:04.0000000Z;44.48;44.53;442;1374
2026-06-08T11:10:05.0000000Z;44.48;44.53;442;1599
2026-06-08T11:10:08.0000000Z;44.48;44.52;442;370
2026-06-08T11:10:09.0000000Z;44.485;44.525;470;225
2026-06-08T11:10:11.0000000Z;44.49;44.53;544;1599
2026-06-08T11:10:13.0000000Z;44.49;44.53;544;1599
2026-06-08T11:10:17.0000000Z;44.49;44.53;544;1599
2026-06-08T11:10:18.0000000Z;44.49;44.525;544;225
2026-06-08T11:10:19.0000000Z;44.49;44.53;544;1599
2026-06-08T11:10:20.0000000Z;44.49;44.525;544;453
2026-06-08T11:10:21.0000000Z;44.49;44.52;544;3317
2026-06-08T11:10:24.0000000Z;44.49;44.525;544;225
2026-06-08T11:10:26.0000000Z;44.49;44.525;544;225
2026-06-08T11:10:28.0000000Z;44.49;44.515;544;318
2026-06-08T11:10:29.0000000Z;44.48;44.53;647;1599
2026-06-08T11:10:31.0000000Z;44.485;44.525;545;468
2026-06-08T11:10:33.0000000Z;44.485;44.525;545;468
2026-06-08T11:10:34.0000000Z;44.48;44.525;1225;468
2026-06-08T11:10:35.0000000Z;44.48;44.53;1048;1599
2026-06-08T11:10:36.0000000Z;44.48;44.535;1048;1599
2026-06-08T11:10:37.0000000Z;44.48;44.535;1048;1599
2026-06-08T11:10:38.0000000Z;44.48;44.535;1048;1374
2026-06-08T11:10:39.0000000Z;44.475;44.525;430;581
2026-06-08T11:10:40.0000000Z;44.475;44.535;430;1374
2026-06-08T11:10:41.0000000Z;44.48;44.54;739;2149
2026-06-08T11:10:42.0000000Z;44.49;44.535;697;14623
2026-06-08T11:10:43.0000000Z;44.485;44.54;576;1599
2026-06-08T11:10:44.0000000Z;44.485;44.53;576;384
2026-06-08T11:10:45.0000000Z;44.48;44.64;384;3841
2026-06-08T11:10:46.0000000Z;44.48;44.64;384;3841
2026-06-08T11:10:49.0000000Z;44.5;44.57;384;384
2026-06-08T11:10:50.0000000Z;44.495;44.57;384;384
2026-06-08T11:10:51.0000000Z;44.495;44.57;384;384
2026-06-08T11:10:54.0000000Z;44.495;44.71;384;2400
2026-06-08T11:10:55.0000000Z;44.495;44.71;384;2400
2026-06-08T11:10:58.0000000Z;44.495;44.61;384;384
2026-06-08T11:10:59.0000000Z;44.495;44.61;384;384
2026-06-08T11:11:03.0000000Z;44.495;44.61;384;384
2026-06-08T11:11:04.0000000Z;44.495;44.82;384;2400
2026-06-08T11:11:05.0000000Z;44.495;44.82;384;2400
2026-06-08T11:11:07.0000000Z;44.515;44.67;384;384
2026-06-08T11:11:08.0000000Z;44.515;44.82;384;2400
2026-06-08T11:11:09.0000000Z;44.515;44.665;384;384
2026-06-08T11:11:10.0000000Z;44.515;44.82;384;2400
2026-06-08T11:11:11.0000000Z;44.515;44.645;384;384
2026-06-08T11:11:13.0000000Z;44.515;44.82;384;2400
2026-06-08T11:11:16.0000000Z;44.495;44.82;384;2400
2026-06-08T11:11:17.0000000Z;44.52;44.63;384;384
2026-06-08T11:11:21.0000000Z;44.495;44.63;384;384
2026-06-08T11:11:25.0000000Z;44.53;44.63;384;384
2026-06-08T11:11:26.0000000Z;44.535;44.63;384;384
2026-06-08T11:11:32.0000000Z;44.54;44.63;384;384
2026-06-08T11:11:33.0000000Z;44.54;44.63;384;384
2026-06-08T11:11:34.0000000Z;44.54;44.63;384;384
2026-06-08T11:11:35.0000000Z;44.545;44.63;384;384
2026-06-08T11:11:37.0000000Z;44.545;44.82;384;2400
2026-06-08T11:11:38.0000000Z;44.545;44.82;384;2400
2026-06-08T11:11:41.0000000Z;44.545;44.65;384;384
2026-06-08T11:11:46.0000000Z;44.545;44.645;384;384
2026-06-08T11:11:49.0000000Z;44.55;44.645;384;384
2026-06-08T11:11:54.0000000Z;44.55;44.64;384;384
2026-06-08T11:11:59.0000000Z;44.56;44.63;384;384
2026-06-08T11:12:00.0000000Z;44.545;44.63;384;384
2026-06-08T11:12:02.0000000Z;44.55;44.63;384;384
2026-06-08T11:12:16.0000000Z;44.55;44.63;384;384
2026-06-08T11:12:18.0000000Z;44.56;44.63;384;384
2026-06-08T11:12:21.0000000Z;44.56;44.66;384;384
2026-06-08T11:12:23.0000000Z;44.57;44.66;384;384
2026-06-08T11:12:24.0000000Z;44.57;44.65;384;384
2026-06-08T11:12:26.0000000Z;44.55;44.65;384;384
2026-06-08T11:12:27.0000000Z;44.57;44.645;384;384
2026-06-08T11:12:28.0000000Z;44.57;44.645;384;384
2026-06-08T11:12:33.0000000Z;44.55;44.645;384;384
2026-06-08T11:12:34.0000000Z;44.56;44.64;384;384
2026-06-08T11:12:36.0000000Z;44.56;44.645;384;384
2026-06-08T11:12:38.0000000Z;44.56;44.64;384;384
2026-06-08T11:12:40.0000000Z;44.545;44.63;384;384
2026-06-08T11:12:42.0000000Z;44.545;44.655;384;384
2026-06-08T11:12:43.0000000Z;44.55;44.655;384;384
2026-06-08T11:12:47.0000000Z;44.565;44.65;384;384
2026-06-08T11:12:49.0000000Z;44.565;44.65;384;384
2026-06-08T11:12:55.0000000Z;44.57;44.65;384;384
2026-06-08T11:13:05.0000000Z;44.57;44.65;384;384
2026-06-08T11:13:06.0000000Z;44.575;44.65;384;384
2026-06-08T11:13:08.0000000Z;44.575;44.65;384;384
2026-06-08T11:13:11.0000000Z;44.555;44.69;855;757
2026-06-08T11:13:12.0000000Z;44.57;44.69;159;949
2026-06-08T11:13:13.0000000Z;44.57;44.685;159;757
2026-06-08T11:13:14.0000000Z;44.59;44.64;736;554
2026-06-08T11:13:15.0000000Z;44.585;44.635;681;3951
2026-06-08T11:13:16.0000000Z;44.575;44.64;960;550
2026-06-08T11:13:18.0000000Z;44.575;44.64;960;1924
2026-06-08T11:13:19.0000000Z;44.585;44.64;679;1924
2026-06-08T11:13:20.0000000Z;44.58;44.64;470;1924
2026-06-08T11:13:21.0000000Z;44.58;44.64;470;550
2026-06-08T11:13:23.0000000Z;44.58;44.64;470;550
2026-06-08T11:13:26.0000000Z;44.58;44.64;470;550
2026-06-08T11:13:27.0000000Z;44.58;44.63;470;550
2026-06-08T11:13:29.0000000Z;44.58;44.63;470;550
2026-06-08T11:13:31.0000000Z;44.58;44.615;427;469
2026-06-08T11:13:32.0000000Z;44.57;44.62;470;550
2026-06-08T11:13:33.0000000Z;44.57;44.62;854;550
2026-06-08T11:13:38.0000000Z;44.57;44.62;854;550
2026-06-08T11:13:40.0000000Z;44.57;44.62;854;550
2026-06-08T11:13:42.0000000Z;44.57;44.62;854;550
2026-06-08T11:14:01.0000000Z;44.575;44.62;681;1374
2026-06-08T11:14:04.0000000Z;44.57;44.62;1429;1374
2026-06-08T11:14:05.0000000Z;44.57;44.62;854;1374
2026-06-08T11:14:06.0000000Z;44.57;44.625;1462;550
2026-06-08T11:14:07.0000000Z;44.575;44.625;972;550
2026-06-08T11:14:08.0000000Z;44.58;44.625;384;550
2026-06-08T11:14:09.0000000Z;44.575;44.62;384;1374
2026-06-08T11:14:10.0000000Z;44.57;44.615;656;465
2026-06-08T11:14:11.0000000Z;44.57;44.615;656;465
2026-06-08T11:14:13.0000000Z;44.57;44.62;656;1599
2026-06-08T11:14:14.0000000Z;44.57;44.625;656;225
2026-06-08T11:14:15.0000000Z;44.575;44.63;681;1599
2026-06-08T11:14:16.0000000Z;44.575;44.63;681;1599
2026-06-08T11:14:17.0000000Z;44.575;44.63;681;1374
2026-06-08T11:14:18.0000000Z;44.575;44.63;681;1599
2026-06-08T11:14:19.0000000Z;44.575;44.63;681;1599
2026-06-08T11:14:20.0000000Z;44.575;44.63;681;1599
2026-06-08T11:14:21.0000000Z;44.575;44.63;681;1599
2026-06-08T11:14:23.0000000Z;44.575;44.62;681;1374
2026-06-08T11:14:24.0000000Z;44.575;44.62;681;1374
2026-06-08T11:14:25.0000000Z;44.575;44.63;681;1599
2026-06-08T11:14:27.0000000Z;44.575;44.63;681;1374
2026-06-08T11:14:28.0000000Z;44.575;44.63;681;1374
2026-06-08T11:14:29.0000000Z;44.575;44.63;681;1599
2026-06-08T11:14:30.0000000Z;44.575;44.63;681;1374
2026-06-08T11:14:31.0000000Z;44.57;44.63;1040;1374
2026-06-08T11:14:32.0000000Z;44.57;44.63;1040;1599
2026-06-08T11:14:33.0000000Z;44.57;44.63;656;1599
2026-06-08T11:14:35.0000000Z;44.57;44.63;1040;1599
2026-06-08T11:14:36.0000000Z;44.57;44.63;1040;1374
2026-06-08T11:14:37.0000000Z;44.57;44.63;1040;1374
2026-06-08T11:14:40.0000000Z;44.57;44.63;656;1374
2026-06-08T11:14:41.0000000Z;44.57;44.63;1040;1374
2026-06-08T11:14:42.0000000Z;44.58;44.64;450;225
2026-06-08T11:14:43.0000000Z;44.58;44.635;450;524
2026-06-08T11:14:44.0000000Z;44.58;44.645;450;748
2026-06-08T11:14:45.0000000Z;44.58;44.63;450;3851
2026-06-08T11:14:47.0000000Z;44.59;44.635;474;524
2026-06-08T11:14:49.0000000Z;44.59;44.635;474;524
2026-06-08T11:14:50.0000000Z;44.59;44.63;474;536
2026-06-08T11:14:51.0000000Z;44.6;44.635;537;1426
2026-06-08T11:14:52.0000000Z;44.595;44.635;825;305
2026-06-08T11:14:53.0000000Z;44.595;44.635;825;305
2026-06-08T11:14:54.0000000Z;44.595;44.645;825;748
2026-06-08T11:14:55.0000000Z;44.595;44.64;825;225
2026-06-08T11:14:56.0000000Z;44.6;44.65;612;550
2026-06-08T11:14:57.0000000Z;44.6;44.65;612;550
2026-06-08T11:14:58.0000000Z;44.6;44.65;612;550
2026-06-08T11:14:59.0000000Z;44.6;44.685;612;224
2026-06-08T11:15:00.0000000Z;44.61;44.685;2354;224
2026-06-08T11:15:01.0000000Z;44.635;44.715;855;949
2026-06-08T11:15:02.0000000Z;44.635;44.7;855;224
2026-06-08T11:15:03.0000000Z;44.635;44.7;855;224
2026-06-08T11:15:04.0000000Z;44.635;44.71;855;550
2026-06-08T11:15:05.0000000Z;44.61;44.695;2354;224
2026-06-08T11:15:06.0000000Z;44.61;44.685;2354;224
2026-06-08T11:15:07.0000000Z;44.62;44.675;555;492
2026-06-08T11:15:08.0000000Z;44.62;44.685;555;716
2026-06-08T11:15:09.0000000Z;44.615;44.685;925;716
2026-06-08T11:15:10.0000000Z;44.615;44.675;925;492
2026-06-08T11:15:11.0000000Z;44.615;44.675;370;716
2026-06-08T11:15:12.0000000Z;44.605;44.67;1141;716
2026-06-08T11:15:13.0000000Z;44.605;44.67;1141;716
2026-06-08T11:15:14.0000000Z;44.605;44.67;493;716
2026-06-08T11:15:15.0000000Z;44.605;44.665;493;374
2026-06-08T11:15:16.0000000Z;44.605;44.665;493;703
2026-06-08T11:15:17.0000000Z;44.605;44.67;1076;492
2026-06-08T11:15:18.0000000Z;44.64;44.67;470;224
2026-06-08T11:15:19.0000000Z;44.64;44.67;962;3542
2026-06-08T11:15:20.0000000Z;44.64;44.665;962;550
2026-06-08T11:15:21.0000000Z;44.64;44.665;470;550
2026-06-08T11:15:22.0000000Z;44.64;44.665;470;550
2026-06-08T11:15:24.0000000Z;44.64;44.665;470;550
2026-06-08T11:15:25.0000000Z;44.64;44.665;470;550
2026-06-08T11:15:26.0000000Z;44.64;44.665;470;774
2026-06-08T11:15:27.0000000Z;44.64;44.665;470;774
2026-06-08T11:15:28.0000000Z;44.63;44.665;470;550
2026-06-08T11:15:29.0000000Z;44.64;44.665;470;774
2026-06-08T11:15:30.0000000Z;44.64;44.665;470;774
2026-06-08T11:15:31.0000000Z;44.64;44.665;470;550
2026-06-08T11:15:32.0000000Z;44.645;44.66;98;224
2026-06-08T11:15:33.0000000Z;44.645;44.76;398;224
2026-06-08T11:15:34.0000000Z;44.645;44.74;475;949
2026-06-08T11:15:35.0000000Z;44.645;44.715;492;224
2026-06-08T11:15:36.0000000Z;44.645;44.74;492;224
2026-06-08T11:15:37.0000000Z;44.645;44.73;492;1440
2026-06-08T11:15:38.0000000Z;44.645;44.71;492;224
2026-06-08T11:15:39.0000000Z;44.65;44.67;413;4435
2026-06-08T11:15:40.0000000Z;44.65;44.675;413;774
2026-06-08T11:15:41.0000000Z;44.625;44.765;384;135
2026-06-08T11:15:42.0000000Z;44.65;44.725;853;224
2026-06-08T11:15:43.0000000Z;44.645;44.73;384;224
2026-06-08T11:15:44.0000000Z;44.67;44.715;740;3840
2026-06-08T11:15:45.0000000Z;44.67;44.73;803;491
2026-06-08T11:15:46.0000000Z;44.67;44.71;803;3755
2026-06-08T11:15:47.0000000Z;44.67;44.715;803;774
2026-06-08T11:15:48.0000000Z;44.67;44.715;803;774
2026-06-08T11:15:49.0000000Z;44.67;44.715;803;774
2026-06-08T11:15:50.0000000Z;44.67;44.715;803;774
2026-06-08T11:15:51.0000000Z;44.67;44.715;803;774
2026-06-08T11:15:52.0000000Z;44.67;44.715;803;774
2026-06-08T11:15:53.0000000Z;44.67;44.715;803;774
2026-06-08T11:15:54.0000000Z;44.655;44.71;470;224
2026-06-08T11:15:55.0000000Z;44.655;44.71;470;224
2026-06-08T11:15:56.0000000Z;44.655;44.71;470;224
2026-06-08T11:15:59.0000000Z;44.655;44.71;470;224
2026-06-08T11:16:01.0000000Z;44.655;44.7;470;3753
2026-06-08T11:16:02.0000000Z;44.655;44.705;869;550
2026-06-08T11:16:03.0000000Z;44.655;44.7;470;224
2026-06-08T11:16:04.0000000Z;44.65;44.695;470;224
2026-06-08T11:16:05.0000000Z;44.65;44.695;470;224
2026-06-08T11:16:06.0000000Z;44.655;44.69;604;227
2026-06-08T11:16:07.0000000Z;44.655;44.69;604;224
2026-06-08T11:16:08.0000000Z;44.655;44.69;604;224
2026-06-08T11:16:09.0000000Z;44.655;44.69;604;598
2026-06-08T11:16:10.0000000Z;44.655;44.69;604;598
2026-06-08T11:16:11.0000000Z;44.655;44.68;604;224
2026-06-08T11:16:12.0000000Z;44.655;44.68;604;224
2026-06-08T11:16:13.0000000Z;44.655;44.68;604;224
2026-06-08T11:16:14.0000000Z;44.655;44.685;604;598
2026-06-08T11:16:16.0000000Z;44.65;44.68;470;224
2026-06-08T11:16:17.0000000Z;44.655;44.68;229;224
2026-06-08T11:16:18.0000000Z;44.655;44.68;229;224
2026-06-08T11:16:19.0000000Z;44.645;44.68;1120;224
2026-06-08T11:16:23.0000000Z;44.645;44.68;1120;224
2026-06-08T11:16:25.0000000Z;44.655;44.68;218;224
2026-06-08T11:16:26.0000000Z;44.655;44.685;307;224
2026-06-08T11:16:27.0000000Z;44.655;44.685;307;224
2026-06-08T11:16:28.0000000Z;44.655;44.685;367;224
2026-06-08T11:16:29.0000000Z;44.655;44.685;367;224
2026-06-08T11:16:30.0000000Z;44.655;44.685;367;224
2026-06-08T11:16:31.0000000Z;44.655;44.685;367;224
2026-06-08T11:16:33.0000000Z;44.655;44.685;367;224
2026-06-08T11:16:34.0000000Z;44.655;44.685;367;598
2026-06-08T11:16:39.0000000Z;44.65;44.685;470;224
2026-06-08T11:16:43.0000000Z;44.65;44.685;470;224
2026-06-08T11:16:45.0000000Z;44.65;44.685;470;224
2026-06-08T11:16:49.0000000Z;44.645;44.685;511;598
2026-06-08T11:16:50.0000000Z;44.645;44.685;511;598
2026-06-08T11:16:51.0000000Z;44.645;44.685;511;598
2026-06-08T11:16:53.0000000Z;44.645;44.685;511;598
2026-06-08T11:16:55.0000000Z;44.645;44.685;1003;224
2026-06-08T11:16:56.0000000Z;44.645;44.685;1003;598
2026-06-08T11:16:57.0000000Z;44.645;44.685;1003;598
2026-06-08T11:17:00.0000000Z;44.645;44.685;1003;598
2026-06-08T11:17:01.0000000Z;44.645;44.685;511;598
2026-06-08T11:17:03.0000000Z;44.645;44.685;511;598
2026-06-08T11:17:04.0000000Z;44.645;44.685;511;598
2026-06-08T11:17:05.0000000Z;44.645;44.685;1003;598
2026-06-08T11:17:06.0000000Z;44.645;44.685;1003;598
2026-06-08T11:17:07.0000000Z;44.645;44.685;511;598
2026-06-08T11:17:11.0000000Z;44.645;44.685;511;598
2026-06-08T11:17:13.0000000Z;44.645;44.685;511;598
2026-06-08T11:17:14.0000000Z;44.645;44.685;511;598
2026-06-08T11:17:15.0000000Z;44.645;44.685;511;598
2026-06-08T11:17:17.0000000Z;44.645;44.685;511;598
2026-06-08T11:17:20.0000000Z;44.645;44.685;511;598
2026-06-08T11:17:21.0000000Z;44.645;44.685;511;598
2026-06-08T11:17:22.0000000Z;44.65;44.695;611;224
2026-06-08T11:17:23.0000000Z;44.65;44.695;611;224
2026-06-08T11:17:24.0000000Z;44.645;44.7;511;224
2026-06-08T11:17:25.0000000Z;44.645;44.685;511;211
2026-06-08T11:17:26.0000000Z;44.645;44.685;511;224
2026-06-08T11:17:27.0000000Z;44.645;44.685;511;224
2026-06-08T11:17:28.0000000Z;44.645;44.685;511;224
2026-06-08T11:17:29.0000000Z;44.645;44.685;511;224
2026-06-08T11:17:30.0000000Z;44.645;44.685;511;224
2026-06-08T11:17:31.0000000Z;44.645;44.685;511;224
2026-06-08T11:17:34.0000000Z;44.645;44.685;511;224
2026-06-08T11:17:41.0000000Z;44.645;44.685;511;224
2026-06-08T11:17:49.0000000Z;44.645;44.685;511;224
2026-06-08T11:17:51.0000000Z;44.645;44.685;511;224
2026-06-08T11:17:53.0000000Z;44.65;44.665;98;3303
2026-06-08T11:17:54.0000000Z;44.65;44.665;98;16803
2026-06-08T11:17:59.0000000Z;44.65;44.665;98;16803
2026-06-08T11:17:59.0000000Z;44.65;44.665;98;16803
2026-06-08T11:18:01.0000000Z;44.65;44.665;98;16803
2026-06-08T11:18:04.0000000Z;44.65;44.665;98;16803
2026-06-08T11:18:07.0000000Z;44.65;44.665;98;16803
2026-06-08T11:18:08.0000000Z;44.65;44.665;98;16803
2026-06-08T11:18:09.0000000Z;44.645;44.65;13500;3303
2026-06-08T11:18:10.0000000Z;44.645;44.65;13500;3922
2026-06-08T11:18:11.0000000Z;44.605;44.65;384;3922
2026-06-08T11:18:12.0000000Z;44.6;44.65;493;3922
2026-06-08T11:18:13.0000000Z;44.64;44.645;1121;364
2026-06-08T11:18:14.0000000Z;44.61;44.645;493;364
2026-06-08T11:18:15.0000000Z;44.61;44.645;493;364
2026-06-08T11:18:16.0000000Z;44.61;44.66;493;774
2026-06-08T11:18:19.0000000Z;44.61;44.65;493;409
2026-06-08T11:18:20.0000000Z;44.615;44.66;493;550
2026-06-08T11:18:22.0000000Z;44.615;44.66;493;774
2026-06-08T11:18:23.0000000Z;44.64;44.655;470;3601
2026-06-08T11:18:24.0000000Z;44.64;44.66;470;774
2026-06-08T11:18:25.0000000Z;44.64;44.66;13500;550
2026-06-08T11:18:26.0000000Z;44.64;44.66;13500;774
2026-06-08T11:18:27.0000000Z;44.64;44.66;13500;774
2026-06-08T11:18:29.0000000Z;44.64;44.66;13500;774
2026-06-08T11:18:30.0000000Z;44.64;44.66;13500;774
2026-06-08T11:18:31.0000000Z;44.64;44.66;13500;550
2026-06-08T11:18:32.0000000Z;44.645;44.66;98;550
2026-06-08T11:18:33.0000000Z;44.645;44.66;98;774
2026-06-08T11:18:34.0000000Z;44.61;44.655;1143;224
2026-06-08T11:18:37.0000000Z;44.61;44.65;493;535
2026-06-08T11:18:42.0000000Z;44.61;44.65;493;535
2026-06-08T11:18:43.0000000Z;44.635;44.655;470;16803
2026-06-08T11:18:45.0000000Z;44.635;44.655;470;16803
2026-06-08T11:18:46.0000000Z;44.635;44.655;470;16803
2026-06-08T11:18:47.0000000Z;44.635;44.655;470;16803
2026-06-08T11:18:48.0000000Z;44.645;44.66;470;774
2026-06-08T11:18:49.0000000Z;44.645;44.66;13500;774
2026-06-08T11:18:50.0000000Z;44.645;44.655;13500;224
2026-06-08T11:18:52.0000000Z;44.645;44.66;13500;774
2026-06-08T11:18:53.0000000Z;44.645;44.655;13500;224
2026-06-08T11:18:54.0000000Z;44.645;44.655;13500;16803
2026-06-08T11:18:55.0000000Z;44.645;44.66;13500;774
2026-06-08T11:18:56.0000000Z;44.645;44.655;13500;224
2026-06-08T11:18:57.0000000Z;44.645;44.66;13500;774
2026-06-08T11:18:58.0000000Z;44.645;44.655;470;224
2026-06-08T11:19:00.0000000Z;44.63;44.655;962;16803
2026-06-08T11:19:01.0000000Z;44.645;44.655;13500;16803
2026-06-08T11:19:02.0000000Z;44.645;44.66;470;774
2026-06-08T11:19:03.0000000Z;44.645;44.655;470;3303
2026-06-08T11:19:04.0000000Z;44.645;44.655;470;224
2026-06-08T11:19:05.0000000Z;44.645;44.655;470;224
2026-06-08T11:19:06.0000000Z;44.645;44.66;470;550
2026-06-08T11:19:07.0000000Z;44.645;44.66;470;550
2026-06-08T11:19:09.0000000Z;44.65;44.66;296;14620
2026-06-08T11:19:10.0000000Z;44.65;44.66;296;14620
2026-06-08T11:19:11.0000000Z;44.65;44.67;296;3303
2026-06-08T11:19:15.0000000Z;44.64;44.67;470;3603
2026-06-08T11:19:16.0000000Z;44.64;44.67;470;3603
2026-06-08T11:19:17.0000000Z;44.645;44.675;354;1158
2026-06-08T11:19:18.0000000Z;44.645;44.675;354;774
2026-06-08T11:19:19.0000000Z;44.645;44.675;354;774
2026-06-08T11:19:21.0000000Z;44.645;44.675;354;774
2026-06-08T11:19:22.0000000Z;44.645;44.675;354;774
2026-06-08T11:19:24.0000000Z;44.645;44.675;354;774
2026-06-08T11:19:25.0000000Z;44.64;44.675;962;774
2026-06-08T11:19:26.0000000Z;44.64;44.675;962;774
2026-06-08T11:19:27.0000000Z;44.64;44.675;962;774
2026-06-08T11:19:28.0000000Z;44.64;44.675;962;774
2026-06-08T11:19:30.0000000Z;44.64;44.675;962;774
2026-06-08T11:19:35.0000000Z;44.64;44.675;962;774
2026-06-08T11:19:36.0000000Z;44.64;44.675;962;774
2026-06-08T11:19:37.0000000Z;44.64;44.675;962;774
2026-06-08T11:19:40.0000000Z;44.64;44.675;962;774
2026-06-08T11:19:41.0000000Z;44.64;44.675;962;774
2026-06-08T11:19:49.0000000Z;44.64;44.675;962;550
2026-06-08T11:19:50.0000000Z;44.64;44.675;962;774
2026-06-08T11:19:51.0000000Z;44.655;44.68;408;224
2026-06-08T11:19:52.0000000Z;44.655;44.685;408;224
2026-06-08T11:19:53.0000000Z;44.655;44.68;408;1333
2026-06-08T11:19:55.0000000Z;44.655;44.68;408;1333
2026-06-08T11:19:57.0000000Z;44.655;44.685;408;224
2026-06-08T11:19:58.0000000Z;44.655;44.685;408;224
2026-06-08T11:19:59.0000000Z;44.655;44.685;408;224
2026-06-08T11:19:59.0000000Z;44.655;44.685;408;224
2026-06-08T11:20:00.0000000Z;44.655;44.685;408;224
2026-06-08T11:20:01.0000000Z;44.635;44.675;1146;282
2026-06-08T11:20:02.0000000Z;44.635;44.675;1146;282
2026-06-08T11:20:03.0000000Z;44.64;44.68;474;598
2026-06-08T11:20:04.0000000Z;44.635;44.68;1530;224
2026-06-08T11:20:05.0000000Z;44.635;44.68;1530;224
2026-06-08T11:20:06.0000000Z;44.635;44.68;1530;224
2026-06-08T11:20:07.0000000Z;44.635;44.68;1530;224
2026-06-08T11:20:08.0000000Z;44.635;44.685;1707;598
2026-06-08T11:20:09.0000000Z;44.635;44.685;1146;598
2026-06-08T11:20:10.0000000Z;44.635;44.685;1146;598
2026-06-08T11:20:11.0000000Z;44.635;44.685;1146;374
2026-06-08T11:20:12.0000000Z;44.635;44.685;1146;374
2026-06-08T11:20:13.0000000Z;44.635;44.685;1146;374
2026-06-08T11:20:14.0000000Z;44.635;44.685;1146;374
2026-06-08T11:20:15.0000000Z;44.645;44.685;452;598
2026-06-08T11:20:16.0000000Z;44.65;44.68;412;3602
2026-06-08T11:20:17.0000000Z;44.65;44.685;412;716
2026-06-08T11:20:18.0000000Z;44.65;44.685;412;716
2026-06-08T11:20:19.0000000Z;44.645;44.68;452;3603
2026-06-08T11:20:20.0000000Z;44.645;44.68;452;3603
2026-06-08T11:20:21.0000000Z;44.645;44.685;452;716
2026-06-08T11:20:23.0000000Z;44.65;44.685;470;716
2026-06-08T11:20:24.0000000Z;44.65;44.685;470;716
2026-06-08T11:20:25.0000000Z;44.65;44.68;470;224
2026-06-08T11:20:26.0000000Z;44.65;44.68;470;17103
2026-06-08T11:20:27.0000000Z;44.65;44.68;470;17103
2026-06-08T11:20:28.0000000Z;44.66;44.675;13500;224
2026-06-08T11:20:29.0000000Z;44.66;44.675;13500;224
2026-06-08T11:20:30.0000000Z;44.66;44.675;13500;774
2026-06-08T11:20:31.0000000Z;44.66;44.675;13500;774
2026-06-08T11:20:32.0000000Z;44.66;44.675;13500;774
2026-06-08T11:20:33.0000000Z;44.66;44.675;13500;774
2026-06-08T11:20:34.0000000Z;44.66;44.675;13500;774
2026-06-08T11:20:35.0000000Z;44.66;44.675;13500;774
2026-06-08T11:20:36.0000000Z;44.66;44.675;13500;774
2026-06-08T11:20:37.0000000Z;44.66;44.675;13500;550
2026-06-08T11:20:38.0000000Z;44.64;44.675;470;550
2026-06-08T11:20:39.0000000Z;44.65;44.675;470;550
2026-06-08T11:20:40.0000000Z;44.655;44.675;1359;774
2026-06-08T11:20:41.0000000Z;44.655;44.675;1359;550
2026-06-08T11:20:42.0000000Z;44.655;44.67;1359;16804
2026-06-08T11:20:43.0000000Z;44.655;44.675;1359;550
2026-06-08T11:20:44.0000000Z;44.655;44.675;1359;774
2026-06-08T11:20:45.0000000Z;44.655;44.675;1359;774
2026-06-08T11:20:47.0000000Z;44.655;44.675;1359;550
2026-06-08T11:20:48.0000000Z;44.655;44.675;1359;550
2026-06-08T11:20:49.0000000Z;44.645;44.67;470;3602
2026-06-08T11:20:50.0000000Z;44.655;44.67;98;3602
2026-06-08T11:20:52.0000000Z;44.65;44.67;299;3602
2026-06-08T11:20:53.0000000Z;44.645;44.67;1057;3602
2026-06-08T11:20:54.0000000Z;44.645;44.675;1057;110
2026-06-08T11:20:55.0000000Z;44.65;44.69;475;1042
2026-06-08T11:20:56.0000000Z;44.65;44.69;475;1266
2026-06-08T11:20:57.0000000Z;44.65;44.69;475;1042
2026-06-08T11:20:58.0000000Z;44.645;44.685;470;374
2026-06-08T11:20:59.0000000Z;44.64;44.68;422;1418
2026-06-08T11:20:59.0000000Z;44.645;44.68;470;1418
2026-06-08T11:21:00.0000000Z;44.645;44.685;1046;492
2026-06-08T11:21:01.0000000Z;44.645;44.685;1046;374
2026-06-08T11:21:03.0000000Z;44.655;44.69;470;550
2026-06-08T11:21:04.0000000Z;44.655;44.685;470;16804
2026-06-08T11:21:05.0000000Z;44.655;44.685;470;16804
2026-06-08T11:21:06.0000000Z;44.655;44.685;470;3304
2026-06-08T11:21:07.0000000Z;44.655;44.685;470;3304
2026-06-08T11:21:08.0000000Z;44.655;44.685;470;3304
2026-06-08T11:21:10.0000000Z;44.655;44.685;470;3304
2026-06-08T11:21:11.0000000Z;44.655;44.69;470;550
2026-06-08T11:21:12.0000000Z;44.655;44.685;470;16804
2026-06-08T11:21:13.0000000Z;44.66;44.685;470;3304
2026-06-08T11:21:14.0000000Z;44.66;44.685;470;3304
2026-06-08T11:21:16.0000000Z;44.66;44.685;470;3304
2026-06-08T11:21:17.0000000Z;44.66;44.685;470;3304
2026-06-08T11:21:18.0000000Z;44.665;44.685;209;3304
2026-06-08T11:21:19.0000000Z;44.665;44.685;209;3304
2026-06-08T11:21:20.0000000Z;44.665;44.685;209;3304
2026-06-08T11:21:21.0000000Z;44.665;44.685;209;3304
2026-06-08T11:21:22.0000000Z;44.665;44.685;209;3304
2026-06-08T11:21:23.0000000Z;44.655;44.69;470;550
2026-06-08T11:21:24.0000000Z;44.655;44.69;470;550
2026-06-08T11:21:25.0000000Z;44.655;44.69;854;550
2026-06-08T11:21:26.0000000Z;44.66;44.69;270;550
2026-06-08T11:21:27.0000000Z;44.655;44.69;1445;550
2026-06-08T11:21:28.0000000Z;44.665;44.685;470;3553
2026-06-08T11:21:29.0000000Z;44.665;44.685;470;3553
2026-06-08T11:21:30.0000000Z;44.665;44.685;470;3553
2026-06-08T11:21:31.0000000Z;44.665;44.685;470;3553
2026-06-08T11:21:32.0000000Z;44.665;44.685;470;3553
2026-06-08T11:21:33.0000000Z;44.665;44.685;470;3553
2026-06-08T11:21:34.0000000Z;44.665;44.685;470;3553
2026-06-08T11:21:35.0000000Z;44.67;44.7;323;374
2026-06-08T11:21:36.0000000Z;44.665;44.7;1045;374
2026-06-08T11:21:38.0000000Z;44.665;44.69;1045;165
2026-06-08T11:21:39.0000000Z;44.665;44.69;1045;165
2026-06-08T11:21:40.0000000Z;44.665;44.69;1045;165
2026-06-08T11:21:41.0000000Z;44.665;44.69;1045;165
2026-06-08T11:21:42.0000000Z;44.68;44.695;214;1357
2026-06-08T11:21:43.0000000Z;44.67;44.705;1001;550
2026-06-08T11:21:44.0000000Z;44.675;44.705;13771;550
2026-06-08T11:21:45.0000000Z;44.675;44.705;13771;550
2026-06-08T11:21:46.0000000Z;44.67;44.705;852;550
2026-06-08T11:21:47.0000000Z;44.67;44.705;852;550
2026-06-08T11:21:48.0000000Z;44.67;44.695;852;238
2026-06-08T11:21:49.0000000Z;44.67;44.695;852;238
2026-06-08T11:21:50.0000000Z;44.67;44.695;852;238
2026-06-08T11:21:51.0000000Z;44.67;44.695;852;238
2026-06-08T11:21:52.0000000Z;44.68;44.7;213;3543
2026-06-08T11:21:53.0000000Z;44.675;44.7;1049;3543
2026-06-08T11:21:54.0000000Z;44.675;44.7;1049;3543
2026-06-08T11:21:55.0000000Z;44.675;44.7;1049;3543
2026-06-08T11:21:56.0000000Z;44.675;44.7;1049;3543
2026-06-08T11:21:57.0000000Z;44.675;44.7;1049;3543
2026-06-08T11:21:58.0000000Z;44.675;44.77;1049;491
2026-06-08T11:21:59.0000000Z;44.68;44.725;468;224
2026-06-08T11:22:00.0000000Z;44.68;44.71;826;1303
2026-06-08T11:22:01.0000000Z;44.68;44.71;826;1303
2026-06-08T11:22:02.0000000Z;44.68;44.72;826;224
2026-06-08T11:22:03.0000000Z;44.68;44.72;855;224
2026-06-08T11:22:04.0000000Z;44.68;44.71;855;1383
2026-06-08T11:22:05.0000000Z;44.68;44.735;855;224
2026-06-08T11:22:06.0000000Z;44.68;44.715;855;224
2026-06-08T11:22:07.0000000Z;44.68;44.725;855;224
2026-06-08T11:22:08.0000000Z;44.68;44.71;855;550
2026-06-08T11:22:09.0000000Z;44.68;44.71;855;550
2026-06-08T11:22:10.0000000Z;44.68;44.71;855;550
2026-06-08T11:22:13.0000000Z;44.685;44.71;470;550
2026-06-08T11:22:14.0000000Z;44.685;44.71;470;550
2026-06-08T11:22:16.0000000Z;44.685;44.71;470;550
2026-06-08T11:22:17.0000000Z;44.685;44.71;470;550
2026-06-08T11:22:18.0000000Z;44.685;44.71;470;550
2026-06-08T11:22:19.0000000Z;44.685;44.71;470;550
2026-06-08T11:22:21.0000000Z;44.685;44.71;470;550
2026-06-08T11:22:23.0000000Z;44.685;44.71;470;550
2026-06-08T11:22:24.0000000Z;44.685;44.71;470;550
2026-06-08T11:22:26.0000000Z;44.685;44.71;470;550
2026-06-08T11:22:28.0000000Z;44.685;44.71;470;550
2026-06-08T11:22:31.0000000Z;44.685;44.71;470;550
2026-06-08T11:22:33.0000000Z;44.685;44.71;13500;550
2026-06-08T11:22:34.0000000Z;44.68;44.71;1051;550
2026-06-08T11:22:35.0000000Z;44.68;44.71;1063;550
2026-06-08T11:22:36.0000000Z;44.685;44.71;215;550
2026-06-08T11:22:39.0000000Z;44.68;44.71;470;550
2026-06-08T11:22:41.0000000Z;44.68;44.71;470;550
2026-06-08T11:22:42.0000000Z;44.68;44.71;470;550
2026-06-08T11:22:44.0000000Z;44.675;44.71;1463;550
2026-06-08T11:22:46.0000000Z;44.68;44.71;272;550
2026-06-08T11:22:48.0000000Z;44.68;44.71;272;550
2026-06-08T11:22:49.0000000Z;44.68;44.71;272;550
2026-06-08T11:22:50.0000000Z;44.68;44.71;272;550
2026-06-08T11:22:52.0000000Z;44.68;44.71;272;774
2026-06-08T11:22:53.0000000Z;44.675;44.71;470;774
2026-06-08T11:22:54.0000000Z;44.68;44.71;470;774
2026-06-08T11:22:56.0000000Z;44.68;44.71;470;774
2026-06-08T11:22:57.0000000Z;44.68;44.71;470;774
2026-06-08T11:22:58.0000000Z;44.68;44.705;470;17111
2026-06-08T11:22:59.0000000Z;44.68;44.705;470;17111
2026-06-08T11:23:01.0000000Z;44.68;44.705;470;17111
2026-06-08T11:23:03.0000000Z;44.68;44.705;470;17111
2026-06-08T11:23:04.0000000Z;44.67;44.705;470;224
2026-06-08T11:23:05.0000000Z;44.67;44.705;470;224
2026-06-08T11:23:06.0000000Z;44.675;44.705;277;224
2026-06-08T11:23:07.0000000Z;44.675;44.7;277;774
2026-06-08T11:23:08.0000000Z;44.675;44.695;277;224
2026-06-08T11:23:09.0000000Z;44.675;44.695;277;300
2026-06-08T11:23:10.0000000Z;44.675;44.695;277;224
2026-06-08T11:23:11.0000000Z;44.675;44.695;277;17099
2026-06-08T11:23:12.0000000Z;44.675;44.7;277;550
2026-06-08T11:23:13.0000000Z;44.675;44.695;277;224
2026-06-08T11:23:14.0000000Z;44.665;44.69;470;451
2026-06-08T11:23:15.0000000Z;44.665;44.69;470;451
2026-06-08T11:23:16.0000000Z;44.67;44.69;220;451
2026-06-08T11:23:17.0000000Z;44.67;44.69;220;451
2026-06-08T11:23:18.0000000Z;44.67;44.695;268;224
2026-06-08T11:23:19.0000000Z;44.67;44.695;268;224
2026-06-08T11:23:21.0000000Z;44.67;44.7;268;774
2026-06-08T11:23:22.0000000Z;44.67;44.7;268;774
2026-06-08T11:23:23.0000000Z;44.67;44.695;268;224
2026-06-08T11:23:24.0000000Z;44.655;44.695;854;224
2026-06-08T11:23:25.0000000Z;44.655;44.695;854;224
2026-06-08T11:23:26.0000000Z;44.665;44.695;225;224
2026-06-08T11:23:28.0000000Z;44.665;44.695;272;224
2026-06-08T11:23:29.0000000Z;44.665;44.695;272;224
2026-06-08T11:23:30.0000000Z;44.655;44.695;470;224
2026-06-08T11:23:31.0000000Z;44.66;44.695;338;224
2026-06-08T11:23:32.0000000Z;44.66;44.695;338;224
2026-06-08T11:23:33.0000000Z;44.66;44.695;338;224
2026-06-08T11:23:46.0000000Z;44.665;44.695;470;224
2026-06-08T11:23:47.0000000Z;44.665;44.695;13500;224
2026-06-08T11:23:48.0000000Z;44.67;44.695;220;224
2026-06-08T11:23:56.0000000Z;44.67;44.695;220;224
2026-06-08T11:23:57.0000000Z;44.65;44.69;854;534
2026-06-08T11:23:58.0000000Z;44.665;44.69;281;534
2026-06-08T11:24:02.0000000Z;44.665;44.69;281;534
2026-06-08T11:24:03.0000000Z;44.665;44.69;281;534
2026-06-08T11:24:05.0000000Z;44.665;44.7;327;774
2026-06-08T11:24:06.0000000Z;44.665;44.7;327;774
2026-06-08T11:24:07.0000000Z;44.665;44.7;327;774
2026-06-08T11:24:11.0000000Z;44.665;44.7;327;774
2026-06-08T11:24:13.0000000Z;44.665;44.7;327;774
2026-06-08T11:24:14.0000000Z;44.665;44.7;327;774
2026-06-08T11:24:15.0000000Z;44.665;44.695;327;224
2026-06-08T11:24:17.0000000Z;44.665;44.695;327;224
2026-06-08T11:24:19.0000000Z;44.665;44.7;327;774
2026-06-08T11:24:20.0000000Z;44.665;44.695;327;224
2026-06-08T11:24:21.0000000Z;44.665;44.695;327;224
2026-06-08T11:24:22.0000000Z;44.665;44.695;327;224
2026-06-08T11:24:26.0000000Z;44.665;44.695;327;224
2026-06-08T11:24:30.0000000Z;44.665;44.7;327;550
2026-06-08T11:24:31.0000000Z;44.665;44.7;327;774
2026-06-08T11:24:32.0000000Z;44.665;44.7;327;774
2026-06-08T11:24:40.0000000Z;44.665;44.69;327;550
2026-06-08T11:24:41.0000000Z;44.66;44.69;470;550
2026-06-08T11:24:42.0000000Z;44.66;44.69;470;550
2026-06-08T11:24:46.0000000Z;44.66;44.69;470;550
2026-06-08T11:24:47.0000000Z;44.66;44.69;470;550
2026-06-08T11:24:52.0000000Z;44.665;44.685;214;3538
2026-06-08T11:24:53.0000000Z;44.66;44.685;470;3538
2026-06-08T11:24:57.0000000Z;44.66;44.68;470;158
2026-06-08T11:24:58.0000000Z;44.66;44.68;470;158
2026-06-08T11:24:59.0000000Z;44.66;44.68;470;158
2026-06-08T11:25:01.0000000Z;44.66;44.69;470;774
2026-06-08T11:25:02.0000000Z;44.66;44.685;470;3299
2026-06-08T11:25:03.0000000Z;44.665;44.68;156;383
2026-06-08T11:25:04.0000000Z;44.66;44.69;269;774
2026-06-08T11:25:05.0000000Z;44.66;44.69;269;550
2026-06-08T11:25:06.0000000Z;44.66;44.69;269;774
2026-06-08T11:25:07.0000000Z;44.66;44.69;269;774
2026-06-08T11:25:09.0000000Z;44.66;44.69;269;550
2026-06-08T11:25:10.0000000Z;44.66;44.685;269;374
2026-06-08T11:25:11.0000000Z;44.66;44.685;269;374
2026-06-08T11:25:13.0000000Z;44.66;44.685;269;374
2026-06-08T11:25:14.0000000Z;44.66;44.685;269;374
2026-06-08T11:25:15.0000000Z;44.66;44.685;269;374
2026-06-08T11:25:16.0000000Z;44.66;44.685;269;374
2026-06-08T11:25:18.0000000Z;44.66;44.685;269;374
2026-06-08T11:25:19.0000000Z;44.66;44.685;269;374
2026-06-08T11:25:20.0000000Z;44.66;44.685;269;374
2026-06-08T11:25:22.0000000Z;44.66;44.685;269;374
2026-06-08T11:25:24.0000000Z;44.66;44.685;269;374
2026-06-08T11:25:27.0000000Z;44.66;44.685;269;374
2026-06-08T11:25:29.0000000Z;44.66;44.685;269;374
2026-06-08T11:25:31.0000000Z;44.66;44.685;269;374
2026-06-08T11:25:32.0000000Z;44.66;44.685;269;374
2026-06-08T11:25:33.0000000Z;44.66;44.685;269;374
2026-06-08T11:25:35.0000000Z;44.66;44.69;269;1042
2026-06-08T11:25:36.0000000Z;44.66;44.69;269;1042
2026-06-08T11:25:37.0000000Z;44.66;44.69;269;1042
2026-06-08T11:25:38.0000000Z;44.66;44.685;269;374
2026-06-08T11:25:39.0000000Z;44.66;44.685;269;374
2026-06-08T11:25:40.0000000Z;44.66;44.685;269;374
2026-06-08T11:25:41.0000000Z;44.66;44.685;269;374
2026-06-08T11:25:42.0000000Z;44.66;44.685;269;374
2026-06-08T11:25:44.0000000Z;44.66;44.685;269;374
2026-06-08T11:25:46.0000000Z;44.66;44.685;269;374
2026-06-08T11:25:47.0000000Z;44.66;44.685;269;374
2026-06-08T11:25:48.0000000Z;44.66;44.685;269;374
2026-06-08T11:25:49.0000000Z;44.66;44.685;269;374
2026-06-08T11:25:51.0000000Z;44.66;44.685;269;374
2026-06-08T11:25:53.0000000Z;44.66;44.69;269;550
2026-06-08T11:25:54.0000000Z;44.665;44.685;13770;16799
2026-06-08T11:25:55.0000000Z;44.665;44.685;13770;3299
2026-06-08T11:25:57.0000000Z;44.665;44.685;13770;3299
2026-06-08T11:26:00.0000000Z;44.665;44.685;13770;3299
2026-06-08T11:26:01.0000000Z;44.665;44.685;13770;3299
2026-06-08T11:26:02.0000000Z;44.665;44.685;13770;3299
2026-06-08T11:26:03.0000000Z;44.665;44.685;13770;3299
2026-06-08T11:26:05.0000000Z;44.655;44.69;470;550
2026-06-08T11:26:07.0000000Z;44.665;44.69;156;550
2026-06-08T11:26:11.0000000Z;44.66;44.69;1336;550
2026-06-08T11:26:12.0000000Z;44.66;44.685;1336;374
2026-06-08T11:26:13.0000000Z;44.66;44.685;1336;374
2026-06-08T11:26:14.0000000Z;44.665;44.69;156;550
2026-06-08T11:26:15.0000000Z;44.66;44.685;270;374
2026-06-08T11:26:16.0000000Z;44.66;44.685;270;374
2026-06-08T11:26:17.0000000Z;44.66;44.69;270;550
2026-06-08T11:26:18.0000000Z;44.66;44.69;270;550
2026-06-08T11:26:19.0000000Z;44.66;44.685;270;374
2026-06-08T11:26:24.0000000Z;44.66;44.685;270;374
2026-06-08T11:26:25.0000000Z;44.66;44.69;270;550
2026-06-08T11:26:26.0000000Z;44.665;44.685;470;16799
2026-06-08T11:26:27.0000000Z;44.665;44.685;13500;550
2026-06-08T11:26:28.0000000Z;44.665;44.685;13500;550
2026-06-08T11:26:29.0000000Z;44.665;44.685;13500;550
2026-06-08T11:26:30.0000000Z;44.665;44.685;13500;550
2026-06-08T11:26:31.0000000Z;44.665;44.685;13500;550
2026-06-08T11:26:32.0000000Z;44.665;44.685;13500;550
2026-06-08T11:26:33.0000000Z;44.665;44.685;13500;550
2026-06-08T11:26:34.0000000Z;44.665;44.685;13500;550
2026-06-08T11:26:37.0000000Z;44.655;44.68;470;3540
2026-06-08T11:26:38.0000000Z;44.655;44.68;470;3540
2026-06-08T11:26:39.0000000Z;44.66;44.68;1334;3540
2026-06-08T11:26:41.0000000Z;44.66;44.68;1334;3540
2026-06-08T11:26:42.0000000Z;44.66;44.68;1334;3540
2026-06-08T11:26:44.0000000Z;44.66;44.68;1334;3540
2026-06-08T11:26:45.0000000Z;44.66;44.68;214;3540
2026-06-08T11:26:46.0000000Z;44.655;44.68;1233;3540
2026-06-08T11:26:47.0000000Z;44.67;44.68;470;3301
2026-06-08T11:26:48.0000000Z;44.67;44.68;13657;3301
2026-06-08T11:26:49.0000000Z;44.67;44.7;470;924
2026-06-08T11:26:50.0000000Z;44.67;44.695;470;492
2026-06-08T11:26:51.0000000Z;44.67;44.69;470;1119
2026-06-08T11:26:52.0000000Z;44.67;44.69;470;1119
2026-06-08T11:26:53.0000000Z;44.67;44.69;470;1119
2026-06-08T11:26:54.0000000Z;44.67;44.69;470;1119
2026-06-08T11:26:56.0000000Z;44.67;44.69;470;1119
2026-06-08T11:26:57.0000000Z;44.665;44.695;470;374
2026-06-08T11:26:59.0000000Z;44.67;44.69;215;308
2026-06-08T11:26:59.0000000Z;44.67;44.69;215;308
2026-06-08T11:27:00.0000000Z;44.67;44.69;215;550
2026-06-08T11:27:01.0000000Z;44.665;44.69;470;550
2026-06-08T11:27:02.0000000Z;44.665;44.69;470;550
2026-06-08T11:27:03.0000000Z;44.665;44.69;470;550
2026-06-08T11:27:04.0000000Z;44.665;44.69;470;550
2026-06-08T11:27:05.0000000Z;44.665;44.69;470;550
2026-06-08T11:27:06.0000000Z;44.665;44.69;470;550
2026-06-08T11:27:07.0000000Z;44.665;44.69;470;550
2026-06-08T11:27:08.0000000Z;44.66;44.685;470;3539
2026-06-08T11:27:09.0000000Z;44.665;44.685;215;3539
2026-06-08T11:27:10.0000000Z;44.665;44.685;215;3539
2026-06-08T11:27:11.0000000Z;44.665;44.685;215;3539
2026-06-08T11:27:12.0000000Z;44.665;44.685;215;3539
2026-06-08T11:27:13.0000000Z;44.665;44.685;215;3539
2026-06-08T11:27:14.0000000Z;44.665;44.685;215;3539
2026-06-08T11:27:16.0000000Z;44.665;44.685;215;3539
2026-06-08T11:27:18.0000000Z;44.665;44.685;215;3539
2026-06-08T11:27:19.0000000Z;44.665;44.685;215;3539
2026-06-08T11:27:20.0000000Z;44.665;44.685;215;3539
2026-06-08T11:27:22.0000000Z;44.665;44.685;215;3539
2026-06-08T11:27:23.0000000Z;44.665;44.685;215;3539
2026-06-08T11:27:24.0000000Z;44.665;44.685;215;3539
2026-06-08T11:27:25.0000000Z;44.665;44.685;215;3539
2026-06-08T11:27:26.0000000Z;44.665;44.685;215;3539
2026-06-08T11:27:29.0000000Z;44.665;44.685;215;3539
2026-06-08T11:27:32.0000000Z;44.665;44.685;215;3539
2026-06-08T11:27:33.0000000Z;44.665;44.685;215;3539
2026-06-08T11:27:34.0000000Z;44.665;44.685;215;3539
2026-06-08T11:27:35.0000000Z;44.665;44.685;215;3539
2026-06-08T11:27:36.0000000Z;44.665;44.685;215;3539
2026-06-08T11:27:38.0000000Z;44.67;44.685;470;3539
2026-06-08T11:27:39.0000000Z;44.67;44.685;13500;3539
2026-06-08T11:27:40.0000000Z;44.67;44.685;13500;3539
2026-06-08T11:27:41.0000000Z;44.67;44.685;13500;3539
2026-06-08T11:27:42.0000000Z;44.67;44.685;13500;3539
2026-06-08T11:27:43.0000000Z;44.67;44.685;13500;3539
2026-06-08T11:27:44.0000000Z;44.67;44.685;13500;3539
2026-06-08T11:27:45.0000000Z;44.67;44.685;13500;3539
2026-06-08T11:27:48.0000000Z;44.67;44.685;13500;3539
2026-06-08T11:27:49.0000000Z;44.66;44.685;470;3539
2026-06-08T11:27:50.0000000Z;44.66;44.685;470;3539
2026-06-08T11:27:51.0000000Z;44.665;44.685;1333;3539
2026-06-08T11:27:52.0000000Z;44.665;44.685;1333;3539
2026-06-08T11:27:53.0000000Z;44.665;44.685;1333;3539
2026-06-08T11:27:54.0000000Z;44.665;44.685;213;3539
2026-06-08T11:27:55.0000000Z;44.665;44.685;213;3539
2026-06-08T11:27:56.0000000Z;44.66;44.685;647;3539
2026-06-08T11:28:01.0000000Z;44.67;44.685;470;3539
2026-06-08T11:28:02.0000000Z;44.67;44.685;13714;3539
2026-06-08T11:28:03.0000000Z;44.67;44.685;13714;3539
2026-06-08T11:28:04.0000000Z;44.67;44.685;13714;3539
2026-06-08T11:28:05.0000000Z;44.67;44.685;13714;3539
2026-06-08T11:28:06.0000000Z;44.67;44.685;13714;3539
2026-06-08T11:28:07.0000000Z;44.67;44.685;13714;3539
2026-06-08T11:28:09.0000000Z;44.67;44.685;13714;3539
2026-06-08T11:28:10.0000000Z;44.67;44.685;13714;3539
2026-06-08T11:28:13.0000000Z;44.67;44.68;13500;238
2026-06-08T11:28:14.0000000Z;44.655;44.68;470;238
2026-06-08T11:28:15.0000000Z;44.655;44.68;470;238
2026-06-08T11:28:16.0000000Z;44.665;44.68;1278;238
2026-06-08T11:28:17.0000000Z;44.665;44.685;470;3539
2026-06-08T11:28:18.0000000Z;44.665;44.685;470;3539
2026-06-08T11:28:21.0000000Z;44.665;44.685;470;3539
2026-06-08T11:28:22.0000000Z;44.665;44.685;470;3539
2026-06-08T11:28:23.0000000Z;44.665;44.685;470;3539
2026-06-08T11:28:24.0000000Z;44.665;44.685;470;3539
2026-06-08T11:28:26.0000000Z;44.665;44.685;647;3539
2026-06-08T11:28:27.0000000Z;44.665;44.685;647;3539
2026-06-08T11:28:28.0000000Z;44.665;44.685;647;3539
2026-06-08T11:28:29.0000000Z;44.67;44.685;157;3539
2026-06-08T11:28:30.0000000Z;44.665;44.685;470;3539
2026-06-08T11:28:31.0000000Z;44.665;44.685;470;3539
2026-06-08T11:28:32.0000000Z;44.665;44.685;470;3539
2026-06-08T11:28:33.0000000Z;44.665;44.685;470;3539
2026-06-08T11:28:34.0000000Z;44.68;44.69;246;13500
2026-06-08T11:28:35.0000000Z;44.675;44.705;470;224
2026-06-08T11:28:36.0000000Z;44.68;44.705;385;224
2026-06-08T11:28:37.0000000Z;44.68;44.715;385;224
2026-06-08T11:28:38.0000000Z;44.685;44.72;470;224
2026-06-08T11:28:39.0000000Z;44.685;44.72;470;224
2026-06-08T11:28:40.0000000Z;44.685;44.72;470;224
2026-06-08T11:28:42.0000000Z;44.685;44.72;470;224
2026-06-08T11:28:43.0000000Z;44.685;44.72;470;598
2026-06-08T11:28:44.0000000Z;44.685;44.72;470;598
2026-06-08T11:28:45.0000000Z;44.685;44.72;470;598
2026-06-08T11:28:46.0000000Z;44.685;44.71;470;224
2026-06-08T11:28:47.0000000Z;44.685;44.71;470;13800
2026-06-08T11:28:48.0000000Z;44.695;44.725;470;224
2026-06-08T11:28:49.0000000Z;44.695;44.725;470;224
2026-06-08T11:28:50.0000000Z;44.695;44.72;470;220
2026-06-08T11:28:51.0000000Z;44.695;44.725;470;224
2026-06-08T11:28:52.0000000Z;44.7;44.73;338;224
2026-06-08T11:28:54.0000000Z;44.7;44.725;338;224
2026-06-08T11:28:55.0000000Z;44.655;44.71;669;550
2026-06-08T11:28:56.0000000Z;44.655;44.71;669;550
2026-06-08T11:28:57.0000000Z;44.665;44.71;492;774
2026-06-08T11:28:58.0000000Z;44.69;44.71;1119;774
2026-06-08T11:28:59.0000000Z;44.69;44.71;1119;774
2026-06-08T11:29:00.0000000Z;44.69;44.71;1119;774
2026-06-08T11:29:01.0000000Z;44.69;44.71;1119;774
2026-06-08T11:29:02.0000000Z;44.68;44.71;470;774
2026-06-08T11:29:03.0000000Z;44.69;44.71;1119;774
2026-06-08T11:29:04.0000000Z;44.685;44.71;211;774
2026-06-08T11:29:05.0000000Z;44.685;44.71;211;774
2026-06-08T11:29:06.0000000Z;44.685;44.71;211;774
2026-06-08T11:29:07.0000000Z;44.685;44.71;211;550
2026-06-08T11:29:12.0000000Z;44.685;44.71;214;550
2026-06-08T11:29:13.0000000Z;44.68;44.71;470;550
2026-06-08T11:29:14.0000000Z;44.68;44.71;470;550
2026-06-08T11:29:15.0000000Z;44.68;44.71;470;774
2026-06-08T11:29:16.0000000Z;44.68;44.71;470;550
2026-06-08T11:29:17.0000000Z;44.68;44.71;470;774
2026-06-08T11:29:18.0000000Z;44.68;44.71;470;550
2026-06-08T11:29:19.0000000Z;44.68;44.71;470;774
2026-06-08T11:29:20.0000000Z;44.655;44.69;492;3937
2026-06-08T11:29:21.0000000Z;44.65;44.695;492;948
2026-06-08T11:29:22.0000000Z;44.65;44.705;492;609
2026-06-08T11:29:23.0000000Z;44.675;44.71;384;13500
2026-06-08T11:29:24.0000000Z;44.675;44.73;876;224
2026-06-08T11:29:25.0000000Z;44.675;44.73;876;224
2026-06-08T11:29:26.0000000Z;44.68;44.745;747;224
2026-06-08T11:29:27.0000000Z;44.675;44.745;876;224
2026-06-08T11:29:28.0000000Z;44.68;44.745;768;224
2026-06-08T11:29:29.0000000Z;44.68;44.74;768;686
2026-06-08T11:29:30.0000000Z;44.68;44.77;855;505
2026-06-08T11:29:31.0000000Z;44.685;44.765;492;224
2026-06-08T11:29:32.0000000Z;44.69;44.735;327;843
2026-06-08T11:29:33.0000000Z;44.66;44.735;1148;843
2026-06-08T11:29:34.0000000Z;44.675;44.73;606;823
2026-06-08T11:29:35.0000000Z;44.66;44.73;1325;823
2026-06-08T11:29:36.0000000Z;44.66;44.735;1325;843
2026-06-08T11:29:37.0000000Z;44.67;44.75;1091;224
2026-06-08T11:29:38.0000000Z;44.665;44.75;1148;224
2026-06-08T11:29:39.0000000Z;44.675;44.75;492;224
2026-06-08T11:29:40.0000000Z;44.675;44.74;492;224
2026-06-08T11:29:41.0000000Z;44.675;44.735;492;781
2026-06-08T11:29:42.0000000Z;44.675;44.735;492;781
2026-06-08T11:29:43.0000000Z;44.675;44.735;492;781
2026-06-08T11:29:44.0000000Z;44.675;44.735;1081;843
2026-06-08T11:29:45.0000000Z;44.685;44.745;684;224
2026-06-08T11:29:46.0000000Z;44.675;44.745;1076;224
2026-06-08T11:29:47.0000000Z;44.68;44.745;691;224
2026-06-08T11:29:48.0000000Z;44.675;44.74;1076;822
2026-06-08T11:29:49.0000000Z;44.675;44.74;1076;822
2026-06-08T11:29:50.0000000Z;44.675;44.74;1076;822
2026-06-08T11:29:51.0000000Z;44.675;44.74;1076;822
2026-06-08T11:29:56.0000000Z;44.675;44.74;1076;822
2026-06-08T11:29:57.0000000Z;44.67;44.745;1143;224
2026-06-08T11:29:58.0000000Z;44.67;44.74;1143;843
2026-06-08T11:30:00.0000000Z;44.675;44.74;726;843
2026-06-08T11:30:01.0000000Z;44.675;44.74;726;843
2026-06-08T11:30:02.0000000Z;44.675;44.74;726;843
2026-06-08T11:30:03.0000000Z;44.67;44.74;1143;843
2026-06-08T11:30:04.0000000Z;44.67;44.74;1143;224
2026-06-08T11:30:05.0000000Z;44.67;44.74;1143;224
2026-06-08T11:30:06.0000000Z;44.67;44.74;1143;224
2026-06-08T11:30:09.0000000Z;44.68;44.74;492;224
2026-06-08T11:30:10.0000000Z;44.68;44.74;1070;224
2026-06-08T11:30:11.0000000Z;44.685;44.74;492;224
2026-06-08T11:30:12.0000000Z;44.67;44.735;1142;843
2026-06-08T11:30:13.0000000Z;44.685;44.735;468;843
2026-06-08T11:30:14.0000000Z;44.675;44.735;691;843
2026-06-08T11:30:16.0000000Z;44.67;44.735;492;224
2026-06-08T11:30:17.0000000Z;44.67;44.735;1083;224
2026-06-08T11:30:18.0000000Z;44.67;44.74;492;224
2026-06-08T11:30:19.0000000Z;44.67;44.73;492;224
2026-06-08T11:30:20.0000000Z;44.67;44.74;492;224
2026-06-08T11:30:22.0000000Z;44.67;44.74;1072;224
2026-06-08T11:30:23.0000000Z;44.67;44.735;1126;843
2026-06-08T11:30:24.0000000Z;44.705;44.745;470;224
2026-06-08T11:30:25.0000000Z;44.705;44.745;470;224
2026-06-08T11:30:26.0000000Z;44.71;44.75;453;224
2026-06-08T11:30:27.0000000Z;44.71;44.75;453;224
2026-06-08T11:30:28.0000000Z;44.715;44.755;470;224
2026-06-08T11:30:29.0000000Z;44.715;44.755;470;224
2026-06-08T11:30:30.0000000Z;44.72;44.75;450;224
2026-06-08T11:30:31.0000000Z;44.72;44.75;450;13922
2026-06-08T11:30:32.0000000Z;44.72;44.745;450;298
2026-06-08T11:30:33.0000000Z;44.72;44.75;450;224
2026-06-08T11:30:34.0000000Z;44.72;44.755;450;224
2026-06-08T11:30:35.0000000Z;44.72;44.755;450;224
2026-06-08T11:30:36.0000000Z;44.72;44.75;450;371
2026-06-08T11:30:37.0000000Z;44.72;44.76;450;224
2026-06-08T11:30:38.0000000Z;44.72;44.76;450;224
2026-06-08T11:30:39.0000000Z;44.72;44.745;410;158
2026-06-08T11:30:40.0000000Z;44.715;44.75;470;13798
2026-06-08T11:30:42.0000000Z;44.715;44.755;470;453
2026-06-08T11:30:43.0000000Z;44.725;44.765;470;224
2026-06-08T11:30:44.0000000Z;44.725;44.76;961;335
2026-06-08T11:30:45.0000000Z;44.75;44.785;410;224
2026-06-08T11:30:46.0000000Z;44.75;44.765;410;1117
2026-06-08T11:30:47.0000000Z;44.75;44.79;450;598
2026-06-08T11:30:48.0000000Z;44.75;44.79;450;598
2026-06-08T11:30:50.0000000Z;44.75;44.79;450;598
2026-06-08T11:30:51.0000000Z;44.75;44.785;519;224
2026-06-08T11:30:52.0000000Z;44.75;44.785;519;224
2026-06-08T11:30:53.0000000Z;44.75;44.78;519;369
2026-06-08T11:30:54.0000000Z;44.75;44.785;519;224
2026-06-08T11:30:56.0000000Z;44.75;44.785;470;224
2026-06-08T11:30:58.0000000Z;44.75;44.785;470;224
2026-06-08T11:30:59.0000000Z;44.75;44.785;470;224
2026-06-08T11:31:00.0000000Z;44.75;44.785;470;224
2026-06-08T11:31:01.0000000Z;44.75;44.785;470;224
2026-06-08T11:31:02.0000000Z;44.75;44.78;470;13872
2026-06-08T11:31:03.0000000Z;44.75;44.78;470;13872
2026-06-08T11:31:04.0000000Z;44.75;44.78;470;224
2026-06-08T11:31:05.0000000Z;44.75;44.78;470;224
2026-06-08T11:31:06.0000000Z;44.745;44.795;470;224
2026-06-08T11:31:07.0000000Z;44.745;44.795;470;224
2026-06-08T11:31:08.0000000Z;44.75;44.79;462;536
2026-06-08T11:31:11.0000000Z;44.755;44.79;470;374
2026-06-08T11:31:12.0000000Z;44.755;44.79;470;374
2026-06-08T11:31:14.0000000Z;44.755;44.79;470;374
2026-06-08T11:31:15.0000000Z;44.755;44.795;470;598
2026-06-08T11:31:16.0000000Z;44.755;44.795;470;715
2026-06-08T11:31:19.0000000Z;44.755;44.795;470;715
2026-06-08T11:31:20.0000000Z;44.76;44.785;375;224
2026-06-08T11:31:21.0000000Z;44.745;44.78;470;586
2026-06-08T11:31:22.0000000Z;44.76;44.79;267;224
2026-06-08T11:31:23.0000000Z;44.76;44.79;267;224
2026-06-08T11:31:24.0000000Z;44.76;44.79;267;224
2026-06-08T11:31:26.0000000Z;44.76;44.79;267;224
2026-06-08T11:31:27.0000000Z;44.755;44.785;277;453
2026-06-08T11:31:28.0000000Z;44.755;44.8;470;715
2026-06-08T11:31:29.0000000Z;44.755;44.8;470;715
2026-06-08T11:31:30.0000000Z;44.76;44.785;453;177
2026-06-08T11:31:31.0000000Z;44.76;44.795;453;224
2026-06-08T11:31:32.0000000Z;44.76;44.795;453;224
2026-06-08T11:31:35.0000000Z;44.76;44.795;453;224
2026-06-08T11:31:37.0000000Z;44.76;44.795;453;224
2026-06-08T11:31:38.0000000Z;44.755;44.79;470;779
2026-06-08T11:31:40.0000000Z;44.76;44.795;515;224
2026-06-08T11:31:41.0000000Z;44.765;44.795;470;224
2026-06-08T11:31:42.0000000Z;44.77;44.805;386;224
2026-06-08T11:31:43.0000000Z;44.77;44.805;386;224
2026-06-08T11:31:44.0000000Z;44.775;44.815;470;224
2026-06-08T11:31:45.0000000Z;44.775;44.8;470;1117
2026-06-08T11:31:46.0000000Z;44.78;44.82;450;224
2026-06-08T11:31:47.0000000Z;44.78;44.82;450;224
2026-06-08T11:31:48.0000000Z;44.78;44.82;450;224
2026-06-08T11:31:49.0000000Z;44.78;44.815;450;453
2026-06-08T11:31:56.0000000Z;44.785;44.82;470;224
2026-06-08T11:31:59.0000000Z;44.785;44.82;470;224
2026-06-08T11:32:02.0000000Z;44.785;44.82;470;224
2026-06-08T11:32:03.0000000Z;44.785;44.82;470;224
2026-06-08T11:32:04.0000000Z;44.785;44.82;470;224
2026-06-08T11:32:05.0000000Z;44.785;44.82;470;224
2026-06-08T11:32:06.0000000Z;44.785;44.82;470;224
2026-06-08T11:32:07.0000000Z;44.77;44.825;470;224
2026-06-08T11:32:08.0000000Z;44.77;44.81;470;224
2026-06-08T11:32:09.0000000Z;44.78;44.8;1117;13500
2026-06-08T11:32:10.0000000Z;44.78;44.8;1117;13500
2026-06-08T11:32:11.0000000Z;44.78;44.805;1117;374
2026-06-08T11:32:12.0000000Z;44.78;44.805;1117;374
2026-06-08T11:32:13.0000000Z;44.78;44.805;1117;374
2026-06-08T11:32:16.0000000Z;44.78;44.805;1117;374
2026-06-08T11:32:17.0000000Z;44.78;44.805;1117;374
2026-06-08T11:32:18.0000000Z;44.77;44.8;13500;224
2026-06-08T11:32:19.0000000Z;44.77;44.8;13500;224
2026-06-08T11:32:20.0000000Z;44.77;44.8;13500;224
2026-06-08T11:32:21.0000000Z;44.77;44.8;276;224
2026-06-08T11:32:23.0000000Z;44.77;44.81;395;224
2026-06-08T11:32:25.0000000Z;44.77;44.805;395;451
2026-06-08T11:32:26.0000000Z;44.77;44.805;395;451
2026-06-08T11:32:28.0000000Z;44.77;44.805;470;617
2026-06-08T11:32:33.0000000Z;44.77;44.805;470;617
2026-06-08T11:32:34.0000000Z;44.77;44.805;470;617
2026-06-08T11:32:36.0000000Z;44.77;44.805;470;617
2026-06-08T11:32:38.0000000Z;44.77;44.81;470;608
2026-06-08T11:32:39.0000000Z;44.775;44.81;324;608
2026-06-08T11:32:41.0000000Z;44.775;44.81;324;608
2026-06-08T11:32:42.0000000Z;44.78;44.81;470;608
2026-06-08T11:32:43.0000000Z;44.785;44.81;212;224
2026-06-08T11:32:45.0000000Z;44.785;44.81;212;224
2026-06-08T11:32:48.0000000Z;44.785;44.81;212;224
2026-06-08T11:32:49.0000000Z;44.785;44.81;212;224
2026-06-08T11:32:50.0000000Z;44.785;44.81;212;224
2026-06-08T11:32:52.0000000Z;44.78;44.81;470;224
2026-06-08T11:32:54.0000000Z;44.785;44.805;519;13797
2026-06-08T11:32:56.0000000Z;44.785;44.81;519;13500
2026-06-08T11:32:57.0000000Z;44.785;44.81;519;271
2026-06-08T11:32:58.0000000Z;44.785;44.82;519;224
2026-06-08T11:32:59.0000000Z;44.785;44.82;519;224
2026-06-08T11:33:00.0000000Z;44.785;44.82;519;224
2026-06-08T11:33:01.0000000Z;44.785;44.82;519;224
2026-06-08T11:33:02.0000000Z;44.785;44.815;519;370
2026-06-08T11:33:03.0000000Z;44.77;44.82;470;598
2026-06-08T11:33:05.0000000Z;44.78;44.82;323;598
2026-06-08T11:33:07.0000000Z;44.78;44.82;323;598
2026-06-08T11:33:09.0000000Z;44.78;44.82;323;598
2026-06-08T11:33:11.0000000Z;44.78;44.82;323;598
2026-06-08T11:33:13.0000000Z;44.775;44.82;449;598
2026-06-08T11:33:14.0000000Z;44.77;44.82;470;598
2026-06-08T11:33:23.0000000Z;44.77;44.82;470;598
2026-06-08T11:33:24.0000000Z;44.78;44.82;470;224
2026-06-08T11:33:26.0000000Z;44.78;44.82;470;224
2026-06-08T11:33:30.0000000Z;44.78;44.82;470;224
2026-06-08T11:33:32.0000000Z;44.78;44.82;470;224
2026-06-08T11:33:33.0000000Z;44.78;44.82;470;224
2026-06-08T11:33:35.0000000Z;44.785;44.82;470;598
2026-06-08T11:33:37.0000000Z;44.785;44.82;470;598
2026-06-08T11:33:39.0000000Z;44.785;44.81;470;301
2026-06-08T11:33:40.0000000Z;44.785;44.81;470;301
2026-06-08T11:33:41.0000000Z;44.79;44.815;294;308
2026-06-08T11:33:42.0000000Z;44.785;44.815;423;308
2026-06-08T11:33:43.0000000Z;44.785;44.81;13500;224
2026-06-08T11:33:44.0000000Z;44.79;44.81;153;308
2026-06-08T11:33:45.0000000Z;44.76;44.805;470;224
2026-06-08T11:33:47.0000000Z;44.78;44.805;1117;224
2026-06-08T11:33:51.0000000Z;44.78;44.805;1117;224
2026-06-08T11:33:53.0000000Z;44.765;44.805;415;224
2026-06-08T11:33:54.0000000Z;44.78;44.81;470;224
2026-06-08T11:33:57.0000000Z;44.78;44.805;470;210
2026-06-08T11:34:00.0000000Z;44.78;44.81;470;224
2026-06-08T11:34:01.0000000Z;44.78;44.81;470;224
2026-06-08T11:34:02.0000000Z;44.725;44.805;491;224
2026-06-08T11:34:03.0000000Z;44.725;44.805;875;224
2026-06-08T11:34:04.0000000Z;44.725;44.805;491;224
2026-06-08T11:34:05.0000000Z;44.715;44.79;492;843
2026-06-08T11:34:06.0000000Z;44.72;44.805;384;224
2026-06-08T11:34:07.0000000Z;44.725;44.79;491;696
2026-06-08T11:34:08.0000000Z;44.745;44.79;491;696
2026-06-08T11:34:09.0000000Z;44.745;44.8;491;684
2026-06-08T11:34:12.0000000Z;44.75;44.8;617;684
2026-06-08T11:34:13.0000000Z;44.745;44.805;491;224
2026-06-08T11:34:14.0000000Z;44.745;44.805;13500;224
2026-06-08T11:34:15.0000000Z;44.745;44.81;291;224
2026-06-08T11:34:16.0000000Z;44.745;44.81;291;224
2026-06-08T11:34:17.0000000Z;44.745;44.81;291;308
2026-06-08T11:34:18.0000000Z;44.715;44.805;492;224
2026-06-08T11:34:19.0000000Z;44.765;44.805;491;224
2026-06-08T11:34:21.0000000Z;44.765;44.805;491;224
2026-06-08T11:34:23.0000000Z;44.765;44.8;491;224
2026-06-08T11:34:25.0000000Z;44.695;44.795;876;843
2026-06-08T11:34:26.0000000Z;44.725;44.8;875;224
2026-06-08T11:34:27.0000000Z;44.735;44.805;491;224
2026-06-08T11:34:28.0000000Z;44.735;44.805;491;308
2026-06-08T11:34:29.0000000Z;44.76;44.795;1298;767
2026-06-08T11:34:30.0000000Z;44.76;44.8;1298;224
2026-06-08T11:34:31.0000000Z;44.745;44.805;491;224
2026-06-08T11:34:32.0000000Z;44.75;44.805;613;224
2026-06-08T11:34:33.0000000Z;44.75;44.8;470;598
2026-06-08T11:34:35.0000000Z;44.75;44.8;470;598
2026-06-08T11:34:38.0000000Z;44.76;44.8;470;598
2026-06-08T11:34:39.0000000Z;44.765;44.8;413;598
2026-06-08T11:34:40.0000000Z;44.77;44.8;470;224
2026-06-08T11:34:41.0000000Z;44.775;44.8;245;14098
2026-06-08T11:34:42.0000000Z;44.775;44.805;329;224
2026-06-08T11:34:44.0000000Z;44.775;44.805;329;224
2026-06-08T11:34:45.0000000Z;44.775;44.8;329;275
2026-06-08T11:34:46.0000000Z;44.775;44.8;329;275
2026-06-08T11:34:49.0000000Z;44.775;44.81;505;224
2026-06-08T11:34:50.0000000Z;44.775;44.81;505;308
2026-06-08T11:34:51.0000000Z;44.78;44.805;470;224
2026-06-08T11:34:53.0000000Z;44.8;44.805;470;13500
2026-06-08T11:34:55.0000000Z;44.805;44.81;349;1116
2026-06-08T11:34:56.0000000Z;44.805;44.83;349;13500
2026-06-08T11:34:57.0000000Z;44.805;44.835;349;346
2026-06-08T11:35:01.0000000Z;44.805;44.845;444;223
2026-06-08T11:35:03.0000000Z;44.79;44.84;470;594
2026-06-08T11:35:04.0000000Z;44.805;44.835;397;503
2026-06-08T11:35:05.0000000Z;44.8;44.84;470;224
2026-06-08T11:35:06.0000000Z;44.8;44.84;470;224
2026-06-08T11:35:08.0000000Z;44.8;44.84;470;224
2026-06-08T11:35:09.0000000Z;44.805;44.84;512;308
2026-06-08T11:35:10.0000000Z;44.805;44.835;512;14003
2026-06-08T11:35:11.0000000Z;44.805;44.84;512;224
2026-06-08T11:35:14.0000000Z;44.805;44.83;174;524
2026-06-08T11:35:15.0000000Z;44.795;44.835;46;224
2026-06-08T11:35:16.0000000Z;44.795;44.835;516;224
2026-06-08T11:35:17.0000000Z;44.805;44.835;470;224
2026-06-08T11:35:18.0000000Z;44.805;44.835;470;224
2026-06-08T11:35:24.0000000Z;44.805;44.835;470;224
2026-06-08T11:35:25.0000000Z;44.805;44.835;470;224
2026-06-08T11:35:26.0000000Z;44.805;44.835;470;224
2026-06-08T11:35:30.0000000Z;44.795;44.835;516;224
2026-06-08T11:35:31.0000000Z;44.805;44.83;470;224
2026-06-08T11:35:32.0000000Z;44.81;44.83;190;14024
2026-06-08T11:35:33.0000000Z;44.81;44.85;420;223
2026-06-08T11:35:34.0000000Z;44.81;44.83;420;13500
2026-06-08T11:35:35.0000000Z;44.81;44.855;517;223
2026-06-08T11:35:36.0000000Z;44.81;44.84;517;1342
2026-06-08T11:35:37.0000000Z;44.815;44.84;470;14870
2026-06-08T11:35:38.0000000Z;44.815;44.82;13500;13500
2026-06-08T11:35:39.0000000Z;44.815;44.82;13500;13500
2026-06-08T11:35:40.0000000Z;44.815;44.82;13500;13500
2026-06-08T11:35:41.0000000Z;44.815;44.855;376;223
2026-06-08T11:35:42.0000000Z;44.815;44.855;376;223
2026-06-08T11:35:43.0000000Z;44.815;44.88;376;223
2026-06-08T11:35:44.0000000Z;44.82;44.855;721;13500
2026-06-08T11:35:45.0000000Z;44.82;44.905;855;223
2026-06-08T11:35:46.0000000Z;44.82;44.875;855;334
2026-06-08T11:35:47.0000000Z;44.82;44.915;855;223
2026-06-08T11:35:48.0000000Z;44.82;44.89;855;843
2026-06-08T11:35:49.0000000Z;44.82;44.9;855;843
2026-06-08T11:35:50.0000000Z;44.82;44.9;855;14343
2026-06-08T11:35:51.0000000Z;44.82;44.905;855;607
2026-06-08T11:35:52.0000000Z;44.81;44.865;46;223
2026-06-08T11:35:53.0000000Z;44.81;44.865;46;223
2026-06-08T11:35:54.0000000Z;44.815;44.865;370;223
2026-06-08T11:35:57.0000000Z;44.815;44.865;370;223
2026-06-08T11:35:58.0000000Z;44.815;44.86;562;223
2026-06-08T11:35:59.0000000Z;44.815;44.845;562;561
2026-06-08T11:36:00.0000000Z;44.815;44.84;189;478
2026-06-08T11:36:01.0000000Z;44.815;44.845;189;223
2026-06-08T11:36:02.0000000Z;44.815;44.845;189;223
2026-06-08T11:36:03.0000000Z;44.815;44.845;171;223
2026-06-08T11:36:04.0000000Z;44.815;44.845;260;223
2026-06-08T11:36:05.0000000Z;44.815;44.875;601;223
2026-06-08T11:36:07.0000000Z;44.815;44.885;788;223
2026-06-08T11:36:08.0000000Z;44.815;44.87;788;477
2026-06-08T11:36:09.0000000Z;44.815;44.895;841;223
2026-06-08T11:36:10.0000000Z;44.815;44.88;841;485
2026-06-08T11:36:11.0000000Z;44.815;44.88;855;843
2026-06-08T11:36:12.0000000Z;44.815;44.85;855;365
2026-06-08T11:36:13.0000000Z;44.81;44.835;13500;224
2026-06-08T11:36:14.0000000Z;44.81;44.83;13500;441
2026-06-08T11:36:18.0000000Z;44.81;44.83;13500;441
2026-06-08T11:36:19.0000000Z;44.81;44.83;13500;441
2026-06-08T11:36:22.0000000Z;44.815;44.84;191;224
2026-06-08T11:36:23.0000000Z;44.81;44.83;13500;331
2026-06-08T11:36:24.0000000Z;44.81;44.83;13500;224
2026-06-08T11:36:26.0000000Z;44.81;44.835;13500;224
2026-06-08T11:36:27.0000000Z;44.81;44.835;13500;224
2026-06-08T11:36:28.0000000Z;44.81;44.835;13500;1089
2026-06-08T11:36:29.0000000Z;44.81;44.825;13500;224
2026-06-08T11:36:30.0000000Z;44.81;44.835;13500;224
2026-06-08T11:36:31.0000000Z;44.81;44.835;13500;224
2026-06-08T11:36:32.0000000Z;44.81;44.835;13500;1089
2026-06-08T11:36:33.0000000Z;44.81;44.835;13500;224
2026-06-08T11:36:37.0000000Z;44.81;44.835;13500;224
2026-06-08T11:36:38.0000000Z;44.81;44.835;13500;224
2026-06-08T11:36:40.0000000Z;44.81;44.83;13500;481
2026-06-08T11:36:42.0000000Z;44.81;44.83;13500;264
2026-06-08T11:36:43.0000000Z;44.81;44.83;13500;224
2026-06-08T11:36:44.0000000Z;44.815;44.835;200;224
2026-06-08T11:36:45.0000000Z;44.815;44.835;470;224
2026-06-08T11:36:46.0000000Z;44.815;44.835;470;13500
2026-06-08T11:36:47.0000000Z;44.815;44.835;470;13500
2026-06-08T11:36:52.0000000Z;44.815;44.835;470;13500
2026-06-08T11:36:54.0000000Z;44.82;44.845;267;223
2026-06-08T11:36:56.0000000Z;44.815;44.84;470;1331
2026-06-08T11:37:02.0000000Z;44.815;44.84;470;215
2026-06-08T11:37:04.0000000Z;44.82;44.84;340;224
2026-06-08T11:37:06.0000000Z;44.815;44.845;470;223
2026-06-08T11:37:07.0000000Z;44.815;44.845;470;223
2026-06-08T11:37:08.0000000Z;44.815;44.84;470;207
2026-06-08T11:37:16.0000000Z;44.815;44.84;470;438
2026-06-08T11:37:21.0000000Z;44.815;44.84;470;438
2026-06-08T11:37:23.0000000Z;44.82;44.85;356;307
2026-06-08T11:37:24.0000000Z;44.82;44.84;356;224
2026-06-08T11:37:25.0000000Z;44.82;44.84;444;13500
2026-06-08T11:37:26.0000000Z;44.81;44.84;115;13694
2026-06-08T11:37:27.0000000Z;44.82;44.85;314;223
2026-06-08T11:37:28.0000000Z;44.815;44.84;298;270
2026-06-08T11:37:30.0000000Z;44.815;44.845;298;419
2026-06-08T11:37:31.0000000Z;44.815;44.845;370;223
2026-06-08T11:37:32.0000000Z;44.815;44.845;370;307
2026-06-08T11:37:33.0000000Z;44.815;44.845;370;223
2026-06-08T11:37:34.0000000Z;44.815;44.845;1119;223
2026-06-08T11:37:39.0000000Z;44.825;44.875;46;84
2026-06-08T11:37:41.0000000Z;44.825;44.875;46;84
2026-06-08T11:37:42.0000000Z;44.825;44.87;46;561
2026-06-08T11:37:43.0000000Z;44.825;44.87;46;561
2026-06-08T11:37:44.0000000Z;44.825;44.87;46;561
2026-06-08T11:37:50.0000000Z;44.825;44.87;46;803
2026-06-08T11:37:55.0000000Z;44.825;44.87;46;803
2026-06-08T11:37:58.0000000Z;44.825;44.87;46;803
2026-06-08T11:38:05.0000000Z;44.825;44.87;46;803
2026-06-08T11:38:06.0000000Z;44.825;44.87;46;803
2026-06-08T11:38:07.0000000Z;44.825;44.87;46;803
2026-06-08T11:38:08.0000000Z;44.825;44.87;46;803
2026-06-08T11:38:09.0000000Z;44.825;44.87;46;803
2026-06-08T11:38:10.0000000Z;44.825;44.87;46;803
2026-06-08T11:38:16.0000000Z;44.83;44.895;470;84
2026-06-08T11:38:17.0000000Z;44.835;44.875;816;13500
2026-06-08T11:38:18.0000000Z;44.83;44.88;470;497
2026-06-08T11:38:19.0000000Z;44.83;44.885;470;84
2026-06-08T11:38:21.0000000Z;44.83;44.88;470;631
2026-06-08T11:38:22.0000000Z;44.83;44.885;470;663
2026-06-08T11:38:23.0000000Z;44.83;44.885;470;663
2026-06-08T11:38:28.0000000Z;44.83;44.885;470;748
2026-06-08T11:38:29.0000000Z;44.83;44.885;470;84
2026-06-08T11:38:31.0000000Z;44.83;44.885;854;84
2026-06-08T11:38:33.0000000Z;44.83;44.89;854;84
2026-06-08T11:38:34.0000000Z;44.83;44.88;854;631
2026-06-08T11:38:35.0000000Z;44.83;44.885;470;84
2026-06-08T11:38:36.0000000Z;44.83;44.885;470;84
2026-06-08T11:38:37.0000000Z;44.83;44.895;900;84
2026-06-08T11:38:38.0000000Z;44.83;44.89;900;784
2026-06-08T11:38:39.0000000Z;44.83;44.87;900;223
2026-06-08T11:38:40.0000000Z;44.83;44.88;900;13500
2026-06-08T11:38:41.0000000Z;44.83;44.88;516;13500
2026-06-08T11:38:42.0000000Z;44.83;44.92;516;843
2026-06-08T11:38:46.0000000Z;44.83;44.92;516;843
2026-06-08T11:38:48.0000000Z;44.83;44.92;516;843
2026-06-08T11:38:52.0000000Z;44.83;44.92;516;843
2026-06-08T11:38:56.0000000Z;44.83;44.92;900;843
2026-06-08T11:38:57.0000000Z;44.83;44.92;516;843
2026-06-08T11:39:00.0000000Z;44.83;44.92;516;843
2026-06-08T11:39:05.0000000Z;44.83;44.92;516;843
2026-06-08T11:39:06.0000000Z;44.83;44.92;900;843
2026-06-08T11:39:11.0000000Z;44.83;44.92;900;843
2026-06-08T11:39:12.0000000Z;44.83;44.92;900;843
2026-06-08T11:39:21.0000000Z;44.83;44.92;900;843
2026-06-08T11:39:23.0000000Z;44.83;44.92;900;843
2026-06-08T11:39:25.0000000Z;44.83;44.92;900;843
2026-06-08T11:39:26.0000000Z;44.83;44.92;900;843
2026-06-08T11:39:27.0000000Z;44.83;44.92;516;843
2026-06-08T11:39:28.0000000Z;44.83;44.92;516;843
2026-06-08T11:39:29.0000000Z;44.845;44.915;855;843
2026-06-08T11:39:30.0000000Z;44.84;44.93;854;935
2026-06-08T11:39:31.0000000Z;44.84;44.925;854;843
2026-06-08T11:39:32.0000000Z;44.84;44.95;854;935
2026-06-08T11:39:33.0000000Z;44.84;44.955;854;935
2026-06-08T11:39:34.0000000Z;44.84;44.955;854;935
2026-06-08T11:39:35.0000000Z;44.84;44.96;470;935
2026-06-08T11:39:36.0000000Z;44.84;44.96;854;1519
2026-06-08T11:39:37.0000000Z;44.84;44.96;854;1544
2026-06-08T11:39:38.0000000Z;44.84;44.96;854;1544
2026-06-08T11:39:39.0000000Z;44.84;44.96;854;1544
2026-06-08T11:39:40.0000000Z;44.84;44.96;854;1544
2026-06-08T11:39:42.0000000Z;44.84;44.96;854;1544
2026-06-08T11:39:43.0000000Z;44.84;44.96;470;1544
2026-06-08T11:39:45.0000000Z;44.84;44.96;470;1544
2026-06-08T11:39:46.0000000Z;44.84;44.96;470;1544
2026-06-08T11:39:49.0000000Z;44.84;44.96;470;1544
2026-06-08T11:40:00.0000000Z;44.84;44.96;900;1553
2026-06-08T11:40:06.0000000Z;44.84;44.96;516;1553
2026-06-08T11:40:08.0000000Z;44.84;44.96;516;1553
2026-06-08T11:40:10.0000000Z;44.84;44.96;516;1553
2026-06-08T11:40:12.0000000Z;44.84;44.96;516;1553
2026-06-08T11:40:13.0000000Z;44.84;44.925;516;935
2026-06-08T11:40:14.0000000Z;44.84;44.955;516;935
2026-06-08T11:40:15.0000000Z;44.84;44.915;516;462
2026-06-08T11:40:17.0000000Z;44.84;44.95;900;843
2026-06-08T11:40:18.0000000Z;44.84;44.95;900;843
2026-06-08T11:40:19.0000000Z;44.84;44.96;900;1594
2026-06-08T11:40:21.0000000Z;44.84;44.955;900;843
2026-06-08T11:40:23.0000000Z;44.84;44.955;516;951
2026-06-08T11:40:24.0000000Z;44.84;44.96;516;1564
2026-06-08T11:40:25.0000000Z;44.84;44.96;516;1527
2026-06-08T11:40:27.0000000Z;44.84;44.955;516;843
2026-06-08T11:40:28.0000000Z;44.84;44.955;516;843
2026-06-08T11:40:29.0000000Z;44.84;44.955;516;843
2026-06-08T11:40:30.0000000Z;44.84;44.955;516;843
2026-06-08T11:40:32.0000000Z;44.84;44.945;516;843
2026-06-08T11:40:33.0000000Z;44.84;44.955;516;1335
2026-06-08T11:40:34.0000000Z;44.84;44.95;516;951
2026-06-08T11:40:35.0000000Z;44.84;44.94;516;843
2026-06-08T11:40:36.0000000Z;44.84;44.94;516;843
2026-06-08T11:40:38.0000000Z;44.84;44.94;516;843
2026-06-08T11:40:39.0000000Z;44.84;44.94;516;843
2026-06-08T11:40:42.0000000Z;44.84;44.94;516;843
2026-06-08T11:40:49.0000000Z;44.84;44.94;516;843
2026-06-08T11:40:50.0000000Z;44.84;44.94;516;843
2026-06-08T11:40:52.0000000Z;44.84;44.94;516;843
2026-06-08T11:40:53.0000000Z;44.84;44.94;516;843
2026-06-08T11:40:56.0000000Z;44.84;44.94;516;843
2026-06-08T11:40:58.0000000Z;44.84;44.94;516;843
2026-06-08T11:40:59.0000000Z;44.84;44.94;516;843
2026-06-08T11:41:00.0000000Z;44.84;44.94;516;843
2026-06-08T11:41:01.0000000Z;44.84;44.94;516;843
2026-06-08T11:41:02.0000000Z;44.84;44.94;516;843
2026-06-08T11:41:03.0000000Z;44.84;44.94;516;843
2026-06-08T11:41:04.0000000Z;44.84;44.94;516;843
2026-06-08T11:41:05.0000000Z;44.84;44.94;516;843
2026-06-08T11:41:06.0000000Z;44.84;44.94;900;843
2026-06-08T11:41:09.0000000Z;44.84;44.94;900;843
2026-06-08T11:41:10.0000000Z;44.84;44.94;900;843
2026-06-08T11:41:11.0000000Z;44.84;44.94;900;843
2026-06-08T11:41:12.0000000Z;44.84;44.94;900;843
2026-06-08T11:41:14.0000000Z;44.84;44.94;900;843
2026-06-08T11:41:15.0000000Z;44.84;44.935;516;550
2026-06-08T11:41:16.0000000Z;44.84;44.935;516;550
2026-06-08T11:41:17.0000000Z;44.84;44.935;516;550
2026-06-08T11:41:19.0000000Z;44.84;44.935;900;550
2026-06-08T11:41:22.0000000Z;44.84;44.935;516;550
2026-06-08T11:41:24.0000000Z;44.84;44.935;900;550
2026-06-08T11:41:25.0000000Z;44.84;44.935;900;550
2026-06-08T11:41:26.0000000Z;44.84;44.935;900;550
2026-06-08T11:41:29.0000000Z;44.84;44.935;900;550
2026-06-08T11:41:31.0000000Z;44.84;44.935;900;550
2026-06-08T11:41:33.0000000Z;44.84;44.935;900;550
2026-06-08T11:41:35.0000000Z;44.84;44.905;900;1415
2026-06-08T11:41:39.0000000Z;44.84;44.9;900;865
2026-06-08T11:41:43.0000000Z;44.84;44.9;900;865
2026-06-08T11:41:48.0000000Z;44.84;44.9;516;865
2026-06-08T11:41:50.0000000Z;44.84;44.89;516;865
2026-06-08T11:41:52.0000000Z;44.84;44.915;516;865
2026-06-08T11:41:53.0000000Z;44.84;44.885;516;169
2026-06-08T11:41:55.0000000Z;44.84;44.9;516;629
2026-06-08T11:41:57.0000000Z;44.84;44.905;516;784
2026-06-08T11:42:01.0000000Z;44.84;44.905;516;784
2026-06-08T11:42:07.0000000Z;44.84;44.915;516;927
2026-06-08T11:42:09.0000000Z;44.84;44.915;516;927
2026-06-08T11:42:10.0000000Z;44.84;44.915;516;927
2026-06-08T11:42:14.0000000Z;44.84;44.915;516;927
2026-06-08T11:42:16.0000000Z;44.84;44.915;516;927
2026-06-08T11:42:17.0000000Z;44.84;44.915;516;927
2026-06-08T11:42:18.0000000Z;44.84;44.915;516;927
2026-06-08T11:42:20.0000000Z;44.84;44.915;516;927
2026-06-08T11:42:21.0000000Z;44.84;44.915;516;927
2026-06-08T11:42:22.0000000Z;44.84;44.905;516;826
2026-06-08T11:42:23.0000000Z;44.84;44.905;516;865
2026-06-08T11:42:33.0000000Z;44.84;44.905;516;927
2026-06-08T11:42:37.0000000Z;44.84;44.905;516;927
2026-06-08T11:42:42.0000000Z;44.84;44.905;516;927
2026-06-08T11:42:45.0000000Z;44.84;44.895;46;865
2026-06-08T11:42:46.0000000Z;44.84;44.895;46;865
2026-06-08T11:42:48.0000000Z;44.84;44.895;46;815
2026-06-08T11:42:52.0000000Z;44.84;44.895;46;815
2026-06-08T11:42:53.0000000Z;44.84;44.9;46;815
2026-06-08T11:42:55.0000000Z;44.84;44.9;46;815
2026-06-08T11:42:56.0000000Z;44.84;44.9;46;815
2026-06-08T11:43:00.0000000Z;44.84;44.9;46;815
2026-06-08T11:43:01.0000000Z;44.84;44.9;46;815
2026-06-08T11:43:03.0000000Z;44.84;44.905;46;815
2026-06-08T11:43:05.0000000Z;44.84;44.905;46;815
2026-06-08T11:43:06.0000000Z;44.84;44.905;46;815
2026-06-08T11:43:11.0000000Z;44.84;44.905;46;815
2026-06-08T11:43:29.0000000Z;44.84;44.905;46;815
2026-06-08T11:43:30.0000000Z;44.84;44.905;46;815
2026-06-08T11:43:31.0000000Z;44.84;44.905;46;815
2026-06-08T11:43:41.0000000Z;44.84;44.905;46;815
2026-06-08T11:43:45.0000000Z;44.84;44.905;46;815
2026-06-08T11:43:46.0000000Z;44.84;44.895;46;815
2026-06-08T11:43:47.0000000Z;44.84;44.89;46;2697
2026-06-08T11:43:50.0000000Z;44.84;44.895;46;815
2026-06-08T11:43:51.0000000Z;44.84;44.895;46;815
2026-06-08T11:43:54.0000000Z;44.84;44.895;46;815
2026-06-08T11:43:56.0000000Z;44.84;44.895;46;815
2026-06-08T11:44:00.0000000Z;44.84;44.895;46;815
2026-06-08T11:44:03.0000000Z;44.84;44.885;46;815
2026-06-08T11:44:04.0000000Z;44.84;44.885;46;815
2026-06-08T11:44:06.0000000Z;44.84;44.885;46;815
2026-06-08T11:44:09.0000000Z;44.84;44.885;46;815
2026-06-08T11:44:11.0000000Z;44.84;44.885;46;815
2026-06-08T11:44:13.0000000Z;44.84;44.885;46;815
2026-06-08T11:44:14.0000000Z;44.84;44.885;46;815
2026-06-08T11:44:15.0000000Z;44.845;44.885;169;815
2026-06-08T11:44:16.0000000Z;44.845;44.885;169;815
2026-06-08T11:44:20.0000000Z;44.845;44.885;169;815
2026-06-08T11:44:26.0000000Z;44.845;44.885;169;815
2026-06-08T11:44:28.0000000Z;44.845;44.885;169;815
2026-06-08T11:44:30.0000000Z;44.845;44.885;169;815
2026-06-08T11:44:34.0000000Z;44.845;44.885;169;815
2026-06-08T11:44:35.0000000Z;44.845;44.885;169;815
2026-06-08T11:44:38.0000000Z;44.845;44.885;169;815
2026-06-08T11:44:40.0000000Z;44.84;44.875;13500;815
2026-06-08T11:44:43.0000000Z;44.84;44.875;13500;815
2026-06-08T11:44:44.0000000Z;44.84;44.875;13500;815
2026-06-08T11:44:49.0000000Z;44.84;44.875;13500;815
2026-06-08T11:44:50.0000000Z;44.84;44.875;13500;815
2026-06-08T11:44:53.0000000Z;44.84;44.875;13500;815
2026-06-08T11:44:54.0000000Z;44.84;44.875;13500;815
2026-06-08T11:44:56.0000000Z;44.84;44.875;13500;815
2026-06-08T11:45:00.0000000Z;44.84;44.875;13500;815
2026-06-08T11:45:06.0000000Z;44.84;44.875;13500;815
2026-06-08T11:45:07.0000000Z;44.84;44.875;13500;815
2026-06-08T11:45:17.0000000Z;44.84;44.875;13500;815
2026-06-08T11:45:18.0000000Z;44.84;44.875;13500;815
2026-06-08T11:45:26.0000000Z;44.84;44.875;13500;815
2026-06-08T11:45:29.0000000Z;44.84;44.875;13500;815
2026-06-08T11:45:30.0000000Z;44.84;44.875;13500;815
2026-06-08T11:45:31.0000000Z;44.84;44.875;13500;815
2026-06-08T11:45:32.0000000Z;44.84;44.875;13500;815
2026-06-08T11:45:34.0000000Z;44.84;44.875;13500;815
2026-06-08T11:45:37.0000000Z;44.845;44.89;212;815
2026-06-08T11:45:38.0000000Z;44.845;44.89;212;815
2026-06-08T11:45:39.0000000Z;44.845;44.89;212;815
2026-06-08T11:45:40.0000000Z;44.845;44.875;212;508
2026-06-08T11:45:41.0000000Z;44.845;44.875;212;508
2026-06-08T11:45:42.0000000Z;44.845;44.875;212;508
2026-06-08T11:45:44.0000000Z;44.845;44.875;124;677
2026-06-08T11:45:45.0000000Z;44.845;44.88;124;815
2026-06-08T11:45:46.0000000Z;44.845;44.88;124;815
2026-06-08T11:45:52.0000000Z;44.845;44.88;124;815
2026-06-08T11:45:53.0000000Z;44.845;44.88;124;815
2026-06-08T11:45:54.0000000Z;44.845;44.88;124;815
2026-06-08T11:45:58.0000000Z;44.845;44.88;124;815
2026-06-08T11:46:03.0000000Z;44.845;44.88;124;815
2026-06-08T11:46:06.0000000Z;44.845;44.88;124;815
2026-06-08T11:46:12.0000000Z;44.845;44.88;124;815
2026-06-08T11:46:15.0000000Z;44.845;44.88;124;815
2026-06-08T11:46:20.0000000Z;44.845;44.88;124;815
2026-06-08T11:46:24.0000000Z;44.84;44.87;13500;815
2026-06-08T11:46:25.0000000Z;44.84;44.865;13500;2437
2026-06-08T11:46:26.0000000Z;44.84;44.865;13;2437
2026-06-08T11:46:28.0000000Z;44.84;44.865;13;2437
2026-06-08T11:46:31.0000000Z;44.81;44.865;470;2437
2026-06-08T11:46:32.0000000Z;44.815;44.885;716;815
2026-06-08T11:46:33.0000000Z;44.815;44.885;716;815
2026-06-08T11:46:34.0000000Z;44.815;44.875;716;784
2026-06-08T11:46:36.0000000Z;44.8;44.88;470;815
2026-06-08T11:46:38.0000000Z;44.81;44.88;647;815
2026-06-08T11:46:39.0000000Z;44.805;44.855;1116;843
2026-06-08T11:46:40.0000000Z;44.76;44.865;552;951
2026-06-08T11:46:41.0000000Z;44.785;44.88;470;951
2026-06-08T11:46:42.0000000Z;44.81;44.86;542;785
2026-06-08T11:46:43.0000000Z;44.79;44.89;855;951
2026-06-08T11:46:44.0000000Z;44.79;44.88;855;843
2026-06-08T11:46:45.0000000Z;44.795;44.89;470;1013
2026-06-08T11:46:53.0000000Z;44.795;44.89;470;1013
2026-06-08T11:46:54.0000000Z;44.795;44.89;470;1013
2026-06-08T11:46:59.0000000Z;44.795;44.89;470;1013
2026-06-08T11:46:59.0000000Z;44.795;44.885;470;550
2026-06-08T11:47:00.0000000Z;44.765;44.88;688;951
2026-06-08T11:47:01.0000000Z;44.765;44.88;688;951
2026-06-08T11:47:02.0000000Z;44.765;44.88;718;951
2026-06-08T11:47:03.0000000Z;44.765;44.88;718;951
2026-06-08T11:47:09.0000000Z;44.785;44.88;470;951
2026-06-08T11:47:10.0000000Z;44.785;44.88;470;951
2026-06-08T11:47:11.0000000Z;44.785;44.88;470;951
2026-06-08T11:47:12.0000000Z;44.785;44.88;470;951
2026-06-08T11:47:16.0000000Z;44.795;44.88;470;1013
2026-06-08T11:47:17.0000000Z;44.765;44.88;660;1013
2026-06-08T11:47:18.0000000Z;44.77;44.88;738;1013
2026-06-08T11:47:20.0000000Z;44.765;44.865;190;1935
2026-06-08T11:47:21.0000000Z;44.785;44.87;470;951
2026-06-08T11:47:22.0000000Z;44.795;44.865;749;843
2026-06-08T11:47:23.0000000Z;44.785;44.875;470;550
2026-06-08T11:47:24.0000000Z;44.785;44.875;410;550
2026-06-08T11:47:25.0000000Z;44.785;44.875;424;550
2026-06-08T11:47:26.0000000Z;44.79;44.875;820;550
2026-06-08T11:47:31.0000000Z;44.79;44.875;820;550
2026-06-08T11:47:41.0000000Z;44.795;44.875;241;550
2026-06-08T11:47:42.0000000Z;44.785;44.875;424;550
2026-06-08T11:47:44.0000000Z;44.78;44.875;491;550
2026-06-08T11:47:46.0000000Z;44.785;44.875;855;550
2026-06-08T11:47:48.0000000Z;44.785;44.875;855;550
2026-06-08T11:47:56.0000000Z;44.785;44.875;855;550
2026-06-08T11:48:03.0000000Z;44.785;44.875;855;550
2026-06-08T11:48:07.0000000Z;44.785;44.875;855;550
2026-06-08T11:48:09.0000000Z;44.785;44.875;855;550
2026-06-08T11:48:13.0000000Z;44.785;44.875;855;550
2026-06-08T11:48:15.0000000Z;44.785;44.875;855;550
2026-06-08T11:48:16.0000000Z;44.785;44.875;855;550
2026-06-08T11:48:17.0000000Z;44.76;44.87;491;951
2026-06-08T11:48:18.0000000Z;44.78;44.87;290;951
2026-06-08T11:48:20.0000000Z;44.78;44.87;290;951
2026-06-08T11:48:24.0000000Z;44.78;44.87;290;951
2026-06-08T11:48:33.0000000Z;44.78;44.87;290;1013
2026-06-08T11:48:35.0000000Z;44.78;44.87;290;1013
2026-06-08T11:48:38.0000000Z;44.79;44.87;785;1013
2026-06-08T11:48:39.0000000Z;44.785;44.87;198;1013
2026-06-08T11:48:43.0000000Z;44.785;44.87;198;1013
2026-06-08T11:48:44.0000000Z;44.78;44.87;290;1013
2026-06-08T11:48:45.0000000Z;44.78;44.87;290;1013
2026-06-08T11:48:46.0000000Z;44.775;44.87;381;1013
2026-06-08T11:48:47.0000000Z;44.775;44.87;381;1013
2026-06-08T11:48:48.0000000Z;44.785;44.87;820;951
2026-06-08T11:48:49.0000000Z;44.785;44.87;820;62
2026-06-08T11:48:51.0000000Z;44.78;44.87;854;951
2026-06-08T11:48:59.0000000Z;44.78;44.87;854;951
2026-06-08T11:48:59.0000000Z;44.78;44.87;854;1013
2026-06-08T11:49:00.0000000Z;44.78;44.86;854;951
2026-06-08T11:49:08.0000000Z;44.78;44.86;854;951
2026-06-08T11:49:14.0000000Z;44.775;44.86;851;1013
2026-06-08T11:49:15.0000000Z;44.775;44.86;302;1013
2026-06-08T11:49:17.0000000Z;44.775;44.86;302;1013
2026-06-08T11:49:23.0000000Z;44.775;44.83;302;951
2026-06-08T11:49:24.0000000Z;44.775;44.825;302;639
2026-06-08T11:49:29.0000000Z;44.775;44.83;302;951
2026-06-08T11:49:31.0000000Z;44.77;44.81;393;550
2026-06-08T11:49:32.0000000Z;44.775;44.805;302;2317
2026-06-08T11:49:35.0000000Z;44.775;44.81;324;550
2026-06-08T11:49:36.0000000Z;44.77;44.81;863;550
2026-06-08T11:49:37.0000000Z;44.77;44.81;863;550
2026-06-08T11:49:38.0000000Z;44.77;44.81;863;550
2026-06-08T11:49:39.0000000Z;44.78;44.81;210;550
2026-06-08T11:49:41.0000000Z;44.78;44.81;210;550
2026-06-08T11:49:43.0000000Z;44.78;44.81;210;550
2026-06-08T11:49:46.0000000Z;44.78;44.81;210;550
2026-06-08T11:49:50.0000000Z;44.78;44.81;210;550
2026-06-08T11:49:51.0000000Z;44.775;44.81;302;550
2026-06-08T11:49:53.0000000Z;44.775;44.81;491;550
2026-06-08T11:49:54.0000000Z;44.775;44.81;491;550
2026-06-08T11:49:55.0000000Z;44.78;44.81;315;550
2026-06-08T11:49:56.0000000Z;44.78;44.81;315;550
2026-06-08T11:49:57.0000000Z;44.775;44.81;961;550
2026-06-08T11:49:58.0000000Z;44.76;44.81;1050;550
2026-06-08T11:50:00.0000000Z;44.76;44.805;1050;544
2026-06-08T11:50:01.0000000Z;44.775;44.805;215;544
2026-06-08T11:50:05.0000000Z;44.76;44.805;1434;544
2026-06-08T11:50:06.0000000Z;44.76;44.805;1434;544
2026-06-08T11:50:07.0000000Z;44.775;44.815;470;550
2026-06-08T11:50:08.0000000Z;44.775;44.815;470;550
2026-06-08T11:50:09.0000000Z;44.775;44.815;470;550
2026-06-08T11:50:11.0000000Z;44.775;44.81;470;380
2026-06-08T11:50:12.0000000Z;44.775;44.81;470;380
2026-06-08T11:50:13.0000000Z;44.775;44.81;470;380
2026-06-08T11:50:16.0000000Z;44.775;44.81;470;380
2026-06-08T11:50:18.0000000Z;44.775;44.81;470;380
2026-06-08T11:50:20.0000000Z;44.79;44.81;213;380
2026-06-08T11:50:21.0000000Z;44.785;44.81;470;380
2026-06-08T11:50:27.0000000Z;44.79;44.845;587;815
2026-06-08T11:50:29.0000000Z;44.79;44.84;587;717
2026-06-08T11:50:30.0000000Z;44.79;44.84;587;717
2026-06-08T11:50:32.0000000Z;44.79;44.84;587;717
2026-06-08T11:50:37.0000000Z;44.79;44.84;587;717
2026-06-08T11:50:38.0000000Z;44.79;44.84;587;717
2026-06-08T11:50:39.0000000Z;44.79;44.84;587;717
2026-06-08T11:50:43.0000000Z;44.79;44.84;587;717
2026-06-08T11:50:52.0000000Z;44.79;44.84;587;717
2026-06-08T11:50:53.0000000Z;44.79;44.84;587;717
2026-06-08T11:50:58.0000000Z;44.79;44.84;587;717
2026-06-08T11:50:59.0000000Z;44.79;44.84;587;717
2026-06-08T11:51:00.0000000Z;44.79;44.84;587;717
2026-06-08T11:51:01.0000000Z;44.79;44.84;587;717
2026-06-08T11:51:02.0000000Z;44.79;44.84;587;717
2026-06-08T11:51:07.0000000Z;44.79;44.845;646;815
2026-06-08T11:51:08.0000000Z;44.79;44.845;646;815
2026-06-08T11:51:10.0000000Z;44.79;44.845;646;815
2026-06-08T11:51:14.0000000Z;44.79;44.845;646;815
2026-06-08T11:51:16.0000000Z;44.79;44.845;646;815
2026-06-08T11:51:17.0000000Z;44.79;44.845;646;815
2026-06-08T11:51:18.0000000Z;44.79;44.845;646;815
2026-06-08T11:51:21.0000000Z;44.79;44.845;646;815
2026-06-08T11:51:23.0000000Z;44.79;44.845;646;815
2026-06-08T11:51:28.0000000Z;44.79;44.845;646;815
2026-06-08T11:51:30.0000000Z;44.79;44.845;646;815
2026-06-08T11:51:36.0000000Z;44.79;44.845;716;815
2026-06-08T11:51:37.0000000Z;44.785;44.86;638;815
2026-06-08T11:51:38.0000000Z;44.785;44.86;470;815
2026-06-08T11:51:39.0000000Z;44.785;44.845;854;630
2026-06-08T11:51:45.0000000Z;44.785;44.855;470;843
2026-06-08T11:51:47.0000000Z;44.785;44.855;470;843
2026-06-08T11:51:48.0000000Z;44.785;44.855;470;843
2026-06-08T11:51:49.0000000Z;44.785;44.855;470;843
2026-06-08T11:51:56.0000000Z;44.785;44.855;470;843
2026-06-08T11:51:58.0000000Z;44.785;44.855;470;843
2026-06-08T11:52:08.0000000Z;44.785;44.855;470;843
2026-06-08T11:52:09.0000000Z;44.785;44.855;470;843
2026-06-08T11:52:12.0000000Z;44.79;44.86;751;815
2026-06-08T11:52:13.0000000Z;44.79;44.86;751;815
2026-06-08T11:52:16.0000000Z;44.785;44.86;854;815
2026-06-08T11:52:20.0000000Z;44.785;44.86;854;815
2026-06-08T11:52:22.0000000Z;44.785;44.86;854;815
2026-06-08T11:52:23.0000000Z;44.785;44.86;470;815
2026-06-08T11:52:24.0000000Z;44.785;44.86;854;815
2026-06-08T11:52:27.0000000Z;44.785;44.86;854;815
2026-06-08T11:52:30.0000000Z;44.785;44.86;854;815
2026-06-08T11:52:31.0000000Z;44.785;44.86;1022;815
2026-06-08T11:52:32.0000000Z;44.785;44.86;854;815
2026-06-08T11:52:33.0000000Z;44.785;44.86;854;815
2026-06-08T11:52:34.0000000Z;44.795;44.86;470;815
2026-06-08T11:52:35.0000000Z;44.795;44.86;470;815
2026-06-08T11:52:37.0000000Z;44.795;44.86;470;815
2026-06-08T11:52:38.0000000Z;44.795;44.86;470;815
2026-06-08T11:52:39.0000000Z;44.795;44.86;470;815
2026-06-08T11:52:40.0000000Z;44.795;44.86;470;815
2026-06-08T11:52:44.0000000Z;44.785;44.86;854;815
2026-06-08T11:52:47.0000000Z;44.795;44.86;647;815
2026-06-08T11:52:50.0000000Z;44.79;44.86;717;815
2026-06-08T11:52:51.0000000Z;44.79;44.86;717;815
2026-06-08T11:52:58.0000000Z;44.79;44.86;717;815
2026-06-08T11:53:01.0000000Z;44.79;44.86;717;815
2026-06-08T11:53:03.0000000Z;44.79;44.86;717;815
2026-06-08T11:53:09.0000000Z;44.79;44.86;717;815
2026-06-08T11:53:13.0000000Z;44.79;44.86;752;815
2026-06-08T11:53:15.0000000Z;44.785;44.86;470;815
2026-06-08T11:53:33.0000000Z;44.785;44.86;470;815
2026-06-08T11:53:35.0000000Z;44.785;44.86;470;815
2026-06-08T11:53:45.0000000Z;44.785;44.86;470;815
2026-06-08T11:53:54.0000000Z;44.785;44.86;854;815
2026-06-08T11:53:56.0000000Z;44.785;44.86;854;815
2026-06-08T11:53:58.0000000Z;44.785;44.86;854;815
2026-06-08T11:54:00.0000000Z;44.785;44.86;854;815
2026-06-08T11:54:01.0000000Z;44.785;44.86;470;815
2026-06-08T11:54:08.0000000Z;44.785;44.86;1022;815
2026-06-08T11:54:10.0000000Z;44.785;44.86;470;815
2026-06-08T11:54:18.0000000Z;44.785;44.86;470;815
2026-06-08T11:54:27.0000000Z;44.79;44.87;785;815
2026-06-08T11:54:30.0000000Z;44.79;44.86;785;843
2026-06-08T11:54:34.0000000Z;44.79;44.865;785;843
2026-06-08T11:54:39.0000000Z;44.79;44.865;785;843
2026-06-08T11:54:42.0000000Z;44.79;44.865;785;843
2026-06-08T11:54:44.0000000Z;44.785;44.865;854;843
2026-06-08T11:54:46.0000000Z;44.785;44.865;854;843
2026-06-08T11:54:53.0000000Z;44.785;44.865;854;843
2026-06-08T11:54:59.0000000Z;44.785;44.865;854;843
2026-06-08T11:54:59.0000000Z;44.785;44.865;854;843
2026-06-08T11:55:00.0000000Z;44.785;44.865;470;843
2026-06-08T11:55:02.0000000Z;44.785;44.865;470;843
2026-06-08T11:55:03.0000000Z;44.785;44.865;470;843
2026-06-08T11:55:08.0000000Z;44.785;44.865;470;843
2026-06-08T11:55:09.0000000Z;44.785;44.865;470;843
2026-06-08T11:55:14.0000000Z;44.785;44.865;470;843
2026-06-08T11:55:26.0000000Z;44.785;44.865;470;843
2026-06-08T11:55:28.0000000Z;44.785;44.865;470;843
2026-06-08T11:55:30.0000000Z;44.785;44.865;470;843
2026-06-08T11:55:31.0000000Z;44.785;44.865;470;843
2026-06-08T11:55:35.0000000Z;44.785;44.865;470;843
2026-06-08T11:55:36.0000000Z;44.785;44.865;470;843
2026-06-08T11:55:37.0000000Z;44.785;44.865;470;843
2026-06-08T11:55:41.0000000Z;44.785;44.865;470;843
2026-06-08T11:55:44.0000000Z;44.78;44.865;470;843
2026-06-08T11:55:46.0000000Z;44.785;44.865;820;843
2026-06-08T11:55:51.0000000Z;44.785;44.865;820;843
2026-06-08T11:55:52.0000000Z;44.785;44.865;820;843
2026-06-08T11:55:55.0000000Z;44.78;44.865;838;843
2026-06-08T11:56:02.0000000Z;44.78;44.865;838;843
2026-06-08T11:56:06.0000000Z;44.78;44.865;1418;843
2026-06-08T11:56:13.0000000Z;44.78;44.865;1250;843
2026-06-08T11:56:14.0000000Z;44.78;44.865;1250;843
2026-06-08T11:56:15.0000000Z;44.79;44.865;470;843
2026-06-08T11:56:16.0000000Z;44.79;44.865;1049;843
2026-06-08T11:56:17.0000000Z;44.79;44.865;470;843
2026-06-08T11:56:18.0000000Z;44.79;44.865;1054;843
2026-06-08T11:56:19.0000000Z;44.79;44.865;470;843
2026-06-08T11:56:20.0000000Z;44.79;44.865;470;843
2026-06-08T11:56:22.0000000Z;44.79;44.865;470;843
2026-06-08T11:56:23.0000000Z;44.79;44.865;470;843
2026-06-08T11:56:24.0000000Z;44.79;44.865;470;843
2026-06-08T11:56:26.0000000Z;44.79;44.865;470;843
2026-06-08T11:56:27.0000000Z;44.79;44.865;470;843
2026-06-08T11:56:34.0000000Z;44.79;44.865;470;843
2026-06-08T11:56:35.0000000Z;44.79;44.865;470;843
2026-06-08T11:56:39.0000000Z;44.79;44.865;470;843
2026-06-08T11:56:43.0000000Z;44.79;44.865;470;843
2026-06-08T11:56:44.0000000Z;44.79;44.865;470;843
2026-06-08T11:56:45.0000000Z;44.79;44.865;470;843
2026-06-08T11:56:46.0000000Z;44.79;44.865;470;843
2026-06-08T11:56:47.0000000Z;44.79;44.865;1045;843
2026-06-08T11:56:48.0000000Z;44.79;44.865;1047;843
2026-06-08T11:56:51.0000000Z;44.79;44.865;470;843
2026-06-08T11:56:54.0000000Z;44.79;44.865;1054;843
2026-06-08T11:56:56.0000000Z;44.79;44.865;1054;843
2026-06-08T11:56:57.0000000Z;44.79;44.865;1056;843
2026-06-08T11:56:58.0000000Z;44.79;44.865;1050;843
2026-06-08T11:57:00.0000000Z;44.79;44.865;1054;843
2026-06-08T11:57:01.0000000Z;44.79;44.865;1055;843
2026-06-08T11:57:03.0000000Z;44.79;44.865;470;843
2026-06-08T11:57:05.0000000Z;44.79;44.865;470;843
2026-06-08T11:57:06.0000000Z;44.79;44.865;470;843
2026-06-08T11:57:11.0000000Z;44.79;44.865;470;843
2026-06-08T11:57:15.0000000Z;44.79;44.865;638;843
2026-06-08T11:57:16.0000000Z;44.79;44.865;168;843
2026-06-08T11:57:18.0000000Z;44.785;44.865;470;843
2026-06-08T11:57:21.0000000Z;44.79;44.865;785;843
2026-06-08T11:57:23.0000000Z;44.795;44.875;470;815
2026-06-08T11:57:24.0000000Z;44.79;44.875;824;815
2026-06-08T11:57:25.0000000Z;44.795;44.87;14286;843
2026-06-08T11:57:26.0000000Z;44.795;44.87;14286;843
2026-06-08T11:57:29.0000000Z;44.79;44.87;992;843
2026-06-08T11:57:31.0000000Z;44.78;44.87;515;843
2026-06-08T11:57:32.0000000Z;44.785;44.87;725;843
2026-06-08T11:57:33.0000000Z;44.79;44.87;821;843
2026-06-08T11:57:37.0000000Z;44.79;44.87;332;843
2026-06-08T11:57:41.0000000Z;44.79;44.87;332;843
2026-06-08T11:57:44.0000000Z;44.79;44.87;168;843
2026-06-08T11:57:46.0000000Z;44.79;44.87;168;843
2026-06-08T11:57:52.0000000Z;44.79;44.87;168;843
2026-06-08T11:57:54.0000000Z;44.785;44.87;470;843
2026-06-08T11:57:58.0000000Z;44.79;44.87;820;843
2026-06-08T11:57:59.0000000Z;44.79;44.87;820;843
2026-06-08T11:58:00.0000000Z;44.79;44.87;820;843
2026-06-08T11:58:01.0000000Z;44.79;44.87;820;843
2026-06-08T11:58:24.0000000Z;44.795;44.87;777;843
2026-06-08T11:58:25.0000000Z;44.795;44.87;777;843
2026-06-08T11:58:29.0000000Z;44.795;44.87;777;843
2026-06-08T11:58:33.0000000Z;44.79;44.87;632;843
2026-06-08T11:58:39.0000000Z;44.79;44.87;162;843
2026-06-08T11:58:40.0000000Z;44.79;44.87;162;843
2026-06-08T11:58:50.0000000Z;44.79;44.87;162;843
2026-06-08T11:58:52.0000000Z;44.79;44.87;162;843
2026-06-08T11:59:02.0000000Z;44.785;44.87;162;843
2026-06-08T11:59:04.0000000Z;44.79;44.87;812;843
2026-06-08T11:59:07.0000000Z;44.79;44.87;812;843
2026-06-08T11:59:08.0000000Z;44.785;44.87;162;843
2026-06-08T11:59:09.0000000Z;44.775;44.865;162;936
2026-06-08T11:59:10.0000000Z;44.75;44.875;875;1751
2026-06-08T11:59:11.0000000Z;44.75;44.87;875;843
2026-06-08T11:59:12.0000000Z;44.76;44.85;875;843
2026-06-08T11:59:14.0000000Z;44.76;44.87;491;843
2026-06-08T11:59:16.0000000Z;44.76;44.87;491;843
2026-06-08T11:59:19.0000000Z;44.77;44.87;312;843
2026-06-08T11:59:20.0000000Z;44.77;44.87;782;843
2026-06-08T11:59:21.0000000Z;44.77;44.87;944;843
2026-06-08T11:59:22.0000000Z;44.78;44.855;855;843
2026-06-08T11:59:23.0000000Z;44.78;44.875;855;1751
2026-06-08T11:59:24.0000000Z;44.78;44.875;855;1751
2026-06-08T11:59:29.0000000Z;44.78;44.875;855;2301
2026-06-08T11:59:30.0000000Z;44.78;44.875;855;2301
2026-06-08T11:59:31.0000000Z;44.78;44.875;855;2301
2026-06-08T11:59:32.0000000Z;44.78;44.875;855;2301
2026-06-08T11:59:34.0000000Z;44.775;44.865;470;815
2026-06-08T11:59:36.0000000Z;44.775;44.865;470;815
2026-06-08T11:59:40.0000000Z;44.775;44.865;470;815
2026-06-08T11:59:42.0000000Z;44.775;44.865;470;815
2026-06-08T11:59:45.0000000Z;44.775;44.865;470;815
2026-06-08T11:59:50.0000000Z;44.77;44.855;470;815
2026-06-08T11:59:52.0000000Z;44.775;44.855;786;815
2026-06-08T11:59:55.0000000Z;44.77;44.855;632;815
2026-06-08T11:59:57.0000000Z;44.77;44.855;632;815
2026-06-08T12:00:12.0000000Z;44.77;44.855;162;815
2026-06-08T12:00:13.0000000Z;44.77;44.855;162;815
2026-06-08T12:00:14.0000000Z;44.765;44.855;162;815
2026-06-08T12:00:16.0000000Z;44.77;44.855;812;815
2026-06-08T12:00:23.0000000Z;44.77;44.855;162;815
2026-06-08T12:00:27.0000000Z;44.765;44.855;632;815
2026-06-08T12:00:28.0000000Z;44.765;44.855;1016;815
2026-06-08T12:00:29.0000000Z;44.765;44.855;1016;815
2026-06-08T12:00:30.0000000Z;44.77;44.855;822;815
2026-06-08T12:00:38.0000000Z;44.77;44.855;632;815
2026-06-08T12:00:39.0000000Z;44.775;44.855;162;815
2026-06-08T12:00:40.0000000Z;44.78;44.855;546;815
2026-06-08T12:00:41.0000000Z;44.78;44.855;546;815
2026-06-08T12:00:42.0000000Z;44.78;44.855;546;815
2026-06-08T12:00:43.0000000Z;44.78;44.855;162;815
2026-06-08T12:00:44.0000000Z;44.78;44.855;162;815
2026-06-08T12:00:46.0000000Z;44.78;44.855;162;815
2026-06-08T12:00:47.0000000Z;44.785;44.855;384;815
2026-06-08T12:00:48.0000000Z;44.785;44.855;384;815
2026-06-08T12:00:49.0000000Z;44.785;44.855;717;815
2026-06-08T12:00:50.0000000Z;44.78;44.855;470;815
2026-06-08T12:00:51.0000000Z;44.785;44.855;632;815
2026-06-08T12:00:53.0000000Z;44.79;44.855;470;815
2026-06-08T12:00:54.0000000Z;44.79;44.855;632;815
2026-06-08T12:00:55.0000000Z;44.79;44.855;470;815
2026-06-08T12:00:59.0000000Z;44.79;44.855;470;815
2026-06-08T12:00:59.0000000Z;44.79;44.855;470;815
2026-06-08T12:01:00.0000000Z;44.79;44.855;470;815
2026-06-08T12:01:01.0000000Z;44.79;44.855;470;815
2026-06-08T12:01:03.0000000Z;44.79;44.855;470;815
2026-06-08T12:01:25.0000000Z;44.79;44.855;470;815
2026-06-08T12:01:26.0000000Z;44.79;44.855;470;815
2026-06-08T12:01:28.0000000Z;44.795;44.855;632;815
2026-06-08T12:01:29.0000000Z;44.8;44.855;162;815
2026-06-08T12:01:33.0000000Z;44.8;44.855;162;815
2026-06-08T12:01:34.0000000Z;44.8;44.855;162;815
2026-06-08T12:01:36.0000000Z;44.785;44.855;162;815
2026-06-08T12:01:38.0000000Z;44.78;44.855;162;815
2026-06-08T12:01:39.0000000Z;44.79;44.855;162;815
2026-06-08T12:01:40.0000000Z;44.79;44.855;162;815
2026-06-08T12:01:41.0000000Z;44.775;44.855;546;815
2026-06-08T12:01:42.0000000Z;44.78;44.855;162;815
2026-06-08T12:01:43.0000000Z;44.79;44.855;162;815
2026-06-08T12:01:44.0000000Z;44.79;44.855;162;815
2026-06-08T12:01:45.0000000Z;44.79;44.855;162;815
2026-06-08T12:01:46.0000000Z;44.795;44.855;162;815
2026-06-08T12:01:47.0000000Z;44.795;44.855;162;815
2026-06-08T12:01:48.0000000Z;44.795;44.855;162;815
2026-06-08T12:01:49.0000000Z;44.785;44.855;162;815
2026-06-08T12:01:50.0000000Z;44.785;44.855;162;815
2026-06-08T12:01:51.0000000Z;44.79;44.855;672;815
2026-06-08T12:01:52.0000000Z;44.79;44.855;672;815
2026-06-08T12:01:53.0000000Z;44.785;44.855;162;815
2026-06-08T12:01:54.0000000Z;44.79;44.855;162;815
2026-06-08T12:01:55.0000000Z;44.79;44.855;162;815
2026-06-08T12:01:56.0000000Z;44.79;44.855;162;815
2026-06-08T12:01:58.0000000Z;44.79;44.855;162;815
2026-06-08T12:01:59.0000000Z;44.79;44.855;162;815
2026-06-08T12:01:59.0000000Z;44.78;44.855;162;815
2026-06-08T12:02:00.0000000Z;44.785;44.855;162;815
2026-06-08T12:02:01.0000000Z;44.785;44.855;162;815
2026-06-08T12:02:02.0000000Z;44.78;44.855;162;815
2026-06-08T12:02:03.0000000Z;44.785;44.855;162;815
2026-06-08T12:02:05.0000000Z;44.785;44.855;162;815
2026-06-08T12:02:09.0000000Z;44.785;44.855;162;815
2026-06-08T12:02:10.0000000Z;44.785;44.855;162;815
2026-06-08T12:02:12.0000000Z;44.79;44.855;162;815
2026-06-08T12:02:13.0000000Z;44.79;44.855;162;815
2026-06-08T12:02:18.0000000Z;44.785;44.855;162;815
2026-06-08T12:02:19.0000000Z;44.79;44.855;672;815
2026-06-08T12:02:31.0000000Z;44.79;44.855;162;815
2026-06-08T12:02:32.0000000Z;44.795;44.855;637;815
2026-06-08T12:02:33.0000000Z;44.795;44.855;637;815
2026-06-08T12:02:35.0000000Z;44.795;44.855;637;815
2026-06-08T12:02:36.0000000Z;44.785;44.855;162;815
2026-06-08T12:02:39.0000000Z;44.79;44.855;672;815
2026-06-08T12:02:40.0000000Z;44.79;44.855;672;815
2026-06-08T12:03:09.0000000Z;44.775;44.855;632;815
2026-06-08T12:03:10.0000000Z;44.775;44.855;1016;815
2026-06-08T12:03:11.0000000Z;44.785;44.855;682;815
2026-06-08T12:03:12.0000000Z;44.775;44.855;632;815
2026-06-08T12:03:13.0000000Z;44.775;44.855;632;815
2026-06-08T12:03:14.0000000Z;44.775;44.855;1016;815
2026-06-08T12:03:15.0000000Z;44.775;44.855;632;815
2026-06-08T12:03:16.0000000Z;44.775;44.855;1016;815
2026-06-08T12:03:17.0000000Z;44.78;44.855;752;815
2026-06-08T12:03:18.0000000Z;44.775;44.855;1016;815
2026-06-08T12:03:19.0000000Z;44.775;44.855;1016;815
2026-06-08T12:03:21.0000000Z;44.775;44.855;632;815
2026-06-08T12:03:22.0000000Z;44.775;44.855;1016;815
2026-06-08T12:03:23.0000000Z;44.775;44.855;1016;815
2026-06-08T12:03:24.0000000Z;44.775;44.855;632;815
2026-06-08T12:03:25.0000000Z;44.775;44.855;1016;815
2026-06-08T12:03:27.0000000Z;44.775;44.855;1016;815
2026-06-08T12:03:28.0000000Z;44.775;44.855;1016;815
2026-06-08T12:03:29.0000000Z;44.775;44.855;1016;815
2026-06-08T12:03:30.0000000Z;44.775;44.855;1016;815
2026-06-08T12:03:31.0000000Z;44.78;44.855;162;815
2026-06-08T12:03:35.0000000Z;44.77;44.855;1559;815
2026-06-08T12:03:36.0000000Z;44.77;44.855;1175;815
2026-06-08T12:03:37.0000000Z;44.78;44.855;750;815
2026-06-08T12:03:38.0000000Z;44.77;44.855;1175;815
2026-06-08T12:03:39.0000000Z;44.775;44.855;384;815
2026-06-08T12:03:40.0000000Z;44.775;44.855;384;815
2026-06-08T12:03:41.0000000Z;44.775;44.855;384;815
2026-06-08T12:03:42.0000000Z;44.775;44.855;384;815
2026-06-08T12:03:44.0000000Z;44.775;44.855;384;815
2026-06-08T12:03:46.0000000Z;44.775;44.855;384;815
2026-06-08T12:03:47.0000000Z;44.775;44.855;470;815
2026-06-08T12:03:48.0000000Z;44.775;44.855;854;815
2026-06-08T12:03:49.0000000Z;44.775;44.855;470;815
2026-06-08T12:03:50.0000000Z;44.775;44.855;854;815
2026-06-08T12:03:51.0000000Z;44.775;44.855;854;815
2026-06-08T12:03:52.0000000Z;44.775;44.855;384;815
2026-06-08T12:03:53.0000000Z;44.775;44.855;546;815
2026-06-08T12:03:55.0000000Z;44.775;44.855;162;815
2026-06-08T12:03:56.0000000Z;44.775;44.855;162;815
2026-06-08T12:03:57.0000000Z;44.765;44.855;162;815
2026-06-08T12:03:58.0000000Z;44.775;44.855;546;815
2026-06-08T12:03:59.0000000Z;44.775;44.855;546;815
2026-06-08T12:03:59.0000000Z;44.77;44.855;384;815
2026-06-08T12:04:00.0000000Z;44.78;44.855;384;815
2026-06-08T12:04:01.0000000Z;44.78;44.855;384;815
2026-06-08T12:04:02.0000000Z;44.775;44.855;162;815
2026-06-08T12:04:03.0000000Z;44.78;44.855;14242;815
2026-06-08T12:04:04.0000000Z;44.78;44.855;14242;815
2026-06-08T12:04:12.0000000Z;44.78;44.855;14242;815
2026-06-08T12:04:21.0000000Z;44.775;44.855;162;815
2026-06-08T12:04:23.0000000Z;44.775;44.855;162;815
2026-06-08T12:04:25.0000000Z;44.77;44.855;162;815
2026-06-08T12:04:27.0000000Z;44.78;44.84;162;815
2026-06-08T12:04:28.0000000Z;44.78;44.84;546;815
2026-06-08T12:04:29.0000000Z;44.78;44.84;546;815
2026-06-08T12:04:30.0000000Z;44.78;44.84;546;815
2026-06-08T12:04:31.0000000Z;44.775;44.84;162;815
2026-06-08T12:04:33.0000000Z;44.78;44.84;637;815
2026-06-08T12:04:40.0000000Z;44.78;44.84;637;815
2026-06-08T12:04:50.0000000Z;44.78;44.84;162;815
2026-06-08T12:04:53.0000000Z;44.78;44.84;162;815
2026-06-08T12:04:54.0000000Z;44.76;44.84;162;815
2026-06-08T12:04:55.0000000Z;44.775;44.84;563;815
2026-06-08T12:04:56.0000000Z;44.765;44.845;162;550
2026-06-08T12:04:57.0000000Z;44.765;44.84;162;843
2026-06-08T12:04:58.0000000Z;44.775;44.84;14215;14343
2026-06-08T12:04:59.0000000Z;44.775;44.835;715;840
2026-06-08T12:05:00.0000000Z;44.775;44.835;162;840
2026-06-08T12:05:01.0000000Z;44.775;44.835;162;840
2026-06-08T12:05:02.0000000Z;44.77;44.84;162;815
2026-06-08T12:05:03.0000000Z;44.775;44.84;162;815
2026-06-08T12:05:04.0000000Z;44.77;44.84;405;815
2026-06-08T12:05:05.0000000Z;44.785;44.84;162;815
2026-06-08T12:05:06.0000000Z;44.785;44.84;470;815
2026-06-08T12:05:09.0000000Z;44.785;44.84;470;815
2026-06-08T12:05:10.0000000Z;44.785;44.84;470;815
2026-06-08T12:05:11.0000000Z;44.785;44.84;470;815
2026-06-08T12:05:15.0000000Z;44.785;44.84;470;815
2026-06-08T12:05:19.0000000Z;44.785;44.84;470;815
2026-06-08T12:05:20.0000000Z;44.785;44.84;632;815
2026-06-08T12:05:24.0000000Z;44.785;44.84;632;815
2026-06-08T12:05:27.0000000Z;44.785;44.84;162;815
2026-06-08T12:05:28.0000000Z;44.78;44.84;162;815
2026-06-08T12:05:29.0000000Z;44.785;44.84;570;815
2026-06-08T12:05:30.0000000Z;44.785;44.84;570;815
2026-06-08T12:05:33.0000000Z;44.785;44.84;570;815
2026-06-08T12:05:37.0000000Z;44.785;44.84;570;815
2026-06-08T12:05:39.0000000Z;44.785;44.84;570;815
2026-06-08T12:05:47.0000000Z;44.765;44.84;162;815
2026-06-08T12:05:48.0000000Z;44.765;44.84;162;815
2026-06-08T12:05:49.0000000Z;44.76;44.84;162;815
2026-06-08T12:05:50.0000000Z;44.76;44.84;162;815
2026-06-08T12:05:51.0000000Z;44.77;44.84;162;815
2026-06-08T12:05:52.0000000Z;44.765;44.84;162;815
2026-06-08T12:05:53.0000000Z;44.765;44.84;162;815
2026-06-08T12:05:54.0000000Z;44.765;44.84;162;815
2026-06-08T12:05:56.0000000Z;44.765;44.83;162;815
2026-06-08T12:05:57.0000000Z;44.77;44.825;637;798
2026-06-08T12:05:58.0000000Z;44.77;44.825;637;798
2026-06-08T12:05:59.0000000Z;44.76;44.825;162;834
2026-06-08T12:06:00.0000000Z;44.76;44.825;162;834
2026-06-08T12:06:01.0000000Z;44.75;44.825;405;843
2026-06-08T12:06:02.0000000Z;44.755;44.825;162;843
2026-06-08T12:06:04.0000000Z;44.755;44.825;162;843
2026-06-08T12:06:05.0000000Z;44.755;44.825;162;843
2026-06-08T12:06:06.0000000Z;44.755;44.825;162;843
2026-06-08T12:06:07.0000000Z;44.75;44.825;162;843
2026-06-08T12:06:08.0000000Z;44.74;44.84;243;815
2026-06-08T12:06:09.0000000Z;44.755;44.835;162;930
2026-06-08T12:06:10.0000000Z;44.765;44.835;792;930
2026-06-08T12:06:11.0000000Z;44.745;44.835;162;930
2026-06-08T12:06:12.0000000Z;44.755;44.835;162;992
2026-06-08T12:06:13.0000000Z;44.76;44.835;482;1480
2026-06-08T12:06:14.0000000Z;44.755;44.83;162;815
2026-06-08T12:06:15.0000000Z;44.755;44.83;162;815
2026-06-08T12:06:16.0000000Z;44.75;44.83;162;815
2026-06-08T12:06:18.0000000Z;44.755;44.83;465;815
2026-06-08T12:06:19.0000000Z;44.76;44.83;162;815
2026-06-08T12:06:20.0000000Z;44.76;44.83;162;815
2026-06-08T12:06:22.0000000Z;44.77;44.83;638;815
2026-06-08T12:06:23.0000000Z;44.77;44.83;470;815
2026-06-08T12:06:24.0000000Z;44.76;44.83;470;815
2026-06-08T12:06:25.0000000Z;44.76;44.83;632;815
2026-06-08T12:06:26.0000000Z;44.765;44.83;162;815
2026-06-08T12:06:35.0000000Z;44.765;44.83;162;815
2026-06-08T12:06:44.0000000Z;44.76;44.83;470;815
2026-06-08T12:06:45.0000000Z;44.76;44.83;632;815
2026-06-08T12:06:46.0000000Z;44.765;44.83;162;815
2026-06-08T12:06:47.0000000Z;44.76;44.83;162;815
2026-06-08T12:06:48.0000000Z;44.765;44.83;14173;815
2026-06-08T12:06:50.0000000Z;44.77;44.83;646;815
2026-06-08T12:06:51.0000000Z;44.77;44.83;162;815
2026-06-08T12:06:52.0000000Z;44.76;44.83;162;815
2026-06-08T12:06:53.0000000Z;44.765;44.83;673;815
2026-06-08T12:06:54.0000000Z;44.775;44.83;434;815
2026-06-08T12:06:55.0000000Z;44.775;44.83;434;815
2026-06-08T12:06:56.0000000Z;44.765;44.83;673;815
2026-06-08T12:06:57.0000000Z;44.765;44.83;673;815
2026-06-08T12:06:58.0000000Z;44.765;44.83;673;815
2026-06-08T12:07:12.0000000Z;44.755;44.83;162;815
2026-06-08T12:07:14.0000000Z;44.76;44.83;708;815
2026-06-08T12:07:15.0000000Z;44.765;44.83;162;815
2026-06-08T12:07:19.0000000Z;44.755;44.83;632;815
2026-06-08T12:07:22.0000000Z;44.765;44.83;405;815
2026-06-08T12:07:23.0000000Z;44.775;44.83;243;815
2026-06-08T12:07:27.0000000Z;44.775;44.83;243;815
2026-06-08T12:07:29.0000000Z;44.775;44.83;405;815
2026-06-08T12:07:32.0000000Z;44.785;44.83;243;815
2026-06-08T12:07:33.0000000Z;44.785;44.83;243;815
2026-06-08T12:07:39.0000000Z;44.79;44.83;430;815
2026-06-08T12:07:41.0000000Z;44.79;44.83;430;815
2026-06-08T12:07:42.0000000Z;44.78;44.83;405;815
2026-06-08T12:07:44.0000000Z;44.785;44.83;442;815
2026-06-08T12:07:47.0000000Z;44.78;44.83;243;815
2026-06-08T12:07:48.0000000Z;44.78;44.83;243;815
2026-06-08T12:07:49.0000000Z;44.78;44.83;243;815
2026-06-08T12:07:50.0000000Z;44.78;44.83;243;815
2026-06-08T12:07:52.0000000Z;44.78;44.83;243;815
2026-06-08T12:07:53.0000000Z;44.78;44.83;405;815
2026-06-08T12:07:56.0000000Z;44.78;44.83;405;815
2026-06-08T12:07:57.0000000Z;44.785;44.83;405;815
2026-06-08T12:07:58.0000000Z;44.785;44.83;405;815
2026-06-08T12:07:59.0000000Z;44.795;44.83;301;815
2026-06-08T12:08:00.0000000Z;44.79;44.83;162;815
2026-06-08T12:08:01.0000000Z;44.79;44.83;349;815
2026-06-08T12:08:02.0000000Z;44.79;44.83;13849;815
2026-06-08T12:08:03.0000000Z;44.79;44.83;13849;815
2026-06-08T12:08:04.0000000Z;44.79;44.83;349;815
2026-06-08T12:08:05.0000000Z;44.79;44.83;366;815
2026-06-08T12:08:06.0000000Z;44.79;44.83;366;815
2026-06-08T12:08:07.0000000Z;44.79;44.83;366;815
2026-06-08T12:08:09.0000000Z;44.785;44.83;405;815
2026-06-08T12:08:10.0000000Z;44.79;44.83;405;815
2026-06-08T12:08:11.0000000Z;44.79;44.83;405;815
2026-06-08T12:08:17.0000000Z;44.79;44.83;243;815
2026-06-08T12:08:18.0000000Z;44.79;44.83;243;815
2026-06-08T12:08:19.0000000Z;44.79;44.83;243;815
2026-06-08T12:08:20.0000000Z;44.775;44.83;589;815
2026-06-08T12:08:22.0000000Z;44.79;44.83;268;815
2026-06-08T12:08:23.0000000Z;44.785;44.83;243;815
2026-06-08T12:08:24.0000000Z;44.785;44.83;243;815
2026-06-08T12:08:26.0000000Z;44.785;44.83;405;815
2026-06-08T12:08:27.0000000Z;44.785;44.83;405;815
2026-06-08T12:08:28.0000000Z;44.785;44.83;405;815
2026-06-08T12:08:29.0000000Z;44.79;44.84;509;815
2026-06-08T12:08:32.0000000Z;44.79;44.83;509;476
2026-06-08T12:08:35.0000000Z;44.79;44.83;509;476
2026-06-08T12:08:36.0000000Z;44.795;44.83;243;476
2026-06-08T12:08:37.0000000Z;44.795;44.83;243;476
2026-06-08T12:08:39.0000000Z;44.795;44.835;243;490
2026-06-08T12:08:43.0000000Z;44.795;44.835;243;490
2026-06-08T12:08:48.0000000Z;44.795;44.835;243;490
2026-06-08T12:08:49.0000000Z;44.795;44.835;243;490
2026-06-08T12:08:53.0000000Z;44.795;44.835;243;490
2026-06-08T12:08:54.0000000Z;44.795;44.835;405;490
2026-06-08T12:08:58.0000000Z;44.78;44.835;184;757
2026-06-08T12:09:00.0000000Z;44.795;44.835;308;757
2026-06-08T12:09:03.0000000Z;44.78;44.835;346;757
2026-06-08T12:09:04.0000000Z;44.78;44.835;346;757
2026-06-08T12:09:05.0000000Z;44.785;44.835;579;757
2026-06-08T12:09:07.0000000Z;44.78;44.835;730;757
2026-06-08T12:09:11.0000000Z;44.78;44.835;730;757
2026-06-08T12:09:12.0000000Z;44.78;44.835;730;757
2026-06-08T12:09:13.0000000Z;44.79;44.835;405;757
2026-06-08T12:09:19.0000000Z;44.79;44.835;405;757
2026-06-08T12:09:25.0000000Z;44.8;44.835;243;757
2026-06-08T12:09:31.0000000Z;44.8;44.835;243;757
2026-06-08T12:09:32.0000000Z;44.8;44.835;243;757
2026-06-08T12:09:33.0000000Z;44.8;44.835;243;757
2026-06-08T12:09:41.0000000Z;44.8;44.835;243;757
2026-06-08T12:09:43.0000000Z;44.805;44.85;429;815
2026-06-08T12:09:44.0000000Z;44.805;44.84;429;408
2026-06-08T12:09:45.0000000Z;44.805;44.84;429;408
2026-06-08T12:09:47.0000000Z;44.805;44.84;429;408
2026-06-08T12:09:49.0000000Z;44.8;44.84;405;408
2026-06-08T12:09:50.0000000Z;44.8;44.845;405;562
2026-06-08T12:10:02.0000000Z;44.8;44.845;405;562
2026-06-08T12:10:03.0000000Z;44.815;44.845;296;562
2026-06-08T12:10:04.0000000Z;44.815;44.845;296;562
2026-06-08T12:10:08.0000000Z;44.81;44.845;162;749
2026-06-08T12:10:10.0000000Z;44.805;44.845;243;749
2026-06-08T12:10:11.0000000Z;44.805;44.845;243;749
2026-06-08T12:10:12.0000000Z;44.805;44.845;243;749
2026-06-08T12:10:13.0000000Z;44.81;44.845;349;749
2026-06-08T12:10:15.0000000Z;44.81;44.845;349;749
2026-06-08T12:10:21.0000000Z;44.81;44.845;370;749
2026-06-08T12:10:23.0000000Z;44.81;44.845;374;749
2026-06-08T12:10:28.0000000Z;44.81;44.845;243;749
2026-06-08T12:10:29.0000000Z;44.815;44.86;429;815
2026-06-08T12:10:31.0000000Z;44.815;44.85;429;408
2026-06-08T12:10:34.0000000Z;44.805;44.85;405;544
2026-06-08T12:10:35.0000000Z;44.81;44.85;243;544
2026-06-08T12:10:37.0000000Z;44.805;44.855;405;643
2026-06-08T12:10:38.0000000Z;44.805;44.855;405;643
2026-06-08T12:10:39.0000000Z;44.81;44.845;509;475
2026-06-08T12:10:40.0000000Z;44.805;44.845;243;511
2026-06-08T12:10:43.0000000Z;44.795;44.845;184;756
2026-06-08T12:10:44.0000000Z;44.795;44.845;184;756
2026-06-08T12:10:45.0000000Z;44.795;44.845;346;756
2026-06-08T12:10:48.0000000Z;44.795;44.845;243;756
2026-06-08T12:10:49.0000000Z;44.8;44.845;405;756
2026-06-08T12:10:50.0000000Z;44.8;44.845;162;756
2026-06-08T12:10:51.0000000Z;44.8;44.845;162;756
2026-06-08T12:10:55.0000000Z;44.8;44.845;162;756
2026-06-08T12:10:56.0000000Z;44.8;44.845;162;797
2026-06-08T12:10:57.0000000Z;44.8;44.845;162;797
2026-06-08T12:10:59.0000000Z;44.8;44.845;162;797
2026-06-08T12:10:59.0000000Z;44.8;44.845;162;797
2026-06-08T12:11:01.0000000Z;44.8;44.845;162;797
2026-06-08T12:11:06.0000000Z;44.8;44.845;162;797
2026-06-08T12:11:09.0000000Z;44.8;44.845;162;797
2026-06-08T12:11:11.0000000Z;44.8;44.84;162;815
2026-06-08T12:11:13.0000000Z;44.8;44.84;162;815
2026-06-08T12:11:14.0000000Z;44.795;44.835;162;653
2026-06-08T12:11:15.0000000Z;44.79;44.835;243;653
2026-06-08T12:11:16.0000000Z;44.785;44.835;405;785
2026-06-08T12:11:17.0000000Z;44.8;44.835;260;785
2026-06-08T12:11:18.0000000Z;44.795;44.825;186;840
2026-06-08T12:11:19.0000000Z;44.785;44.825;162;840
2026-06-08T12:11:20.0000000Z;44.77;44.825;243;840
2026-06-08T12:11:21.0000000Z;44.77;44.825;405;840
2026-06-08T12:11:22.0000000Z;44.79;44.825;245;840
2026-06-08T12:11:23.0000000Z;44.775;44.825;405;840
2026-06-08T12:11:24.0000000Z;44.775;44.825;405;840
2026-06-08T12:11:25.0000000Z;44.775;44.825;405;840
2026-06-08T12:11:27.0000000Z;44.775;44.825;405;840
2026-06-08T12:11:28.0000000Z;44.78;44.825;405;840
2026-06-08T12:11:29.0000000Z;44.785;44.825;162;840
2026-06-08T12:11:30.0000000Z;44.785;44.825;162;840
2026-06-08T12:11:31.0000000Z;44.77;44.825;162;840
2026-06-08T12:11:32.0000000Z;44.785;44.825;162;840
2026-06-08T12:11:36.0000000Z;44.785;44.825;162;840
2026-06-08T12:11:37.0000000Z;44.785;44.825;162;840
2026-06-08T12:11:41.0000000Z;44.79;44.825;162;840
2026-06-08T12:11:42.0000000Z;44.79;44.825;162;840
2026-06-08T12:11:43.0000000Z;44.795;44.825;301;840
2026-06-08T12:11:47.0000000Z;44.79;44.825;162;840
2026-06-08T12:11:52.0000000Z;44.79;44.825;162;840
2026-06-08T12:11:53.0000000Z;44.795;44.825;355;840
2026-06-08T12:11:54.0000000Z;44.795;44.825;13855;840
2026-06-08T12:11:58.0000000Z;44.795;44.825;162;840
2026-06-08T12:12:02.0000000Z;44.8;44.825;162;840
2026-06-08T12:12:03.0000000Z;44.795;44.825;405;840
2026-06-08T12:12:04.0000000Z;44.8;44.825;13781;840
2026-06-08T12:12:07.0000000Z;44.795;44.825;243;840
2026-06-08T12:12:09.0000000Z;44.8;44.825;281;840
2026-06-08T12:12:14.0000000Z;44.79;44.825;162;840
2026-06-08T12:12:15.0000000Z;44.795;44.825;162;840
2026-06-08T12:12:17.0000000Z;44.8;44.825;162;840
2026-06-08T12:12:18.0000000Z;44.79;44.825;405;840
2026-06-08T12:12:19.0000000Z;44.8;44.825;162;840
2026-06-08T12:12:21.0000000Z;44.805;44.84;297;815
2026-06-08T12:12:23.0000000Z;44.805;44.83;297;271
2026-06-08T12:12:24.0000000Z;44.805;44.83;247;594
2026-06-08T12:12:25.0000000Z;44.8;44.835;162;494
2026-06-08T12:12:26.0000000Z;44.8;44.835;162;530
2026-06-08T12:12:27.0000000Z;44.8;44.835;162;805
2026-06-08T12:12:30.0000000Z;44.795;44.835;162;805
2026-06-08T12:12:31.0000000Z;44.8;44.835;13855;805
2026-06-08T12:12:33.0000000Z;44.8;44.835;355;805
2026-06-08T12:12:35.0000000Z;44.795;44.835;162;805
2026-06-08T12:12:37.0000000Z;44.795;44.835;162;805
2026-06-08T12:12:40.0000000Z;44.8;44.835;304;805
2026-06-08T12:12:41.0000000Z;44.795;44.835;162;805
2026-06-08T12:12:43.0000000Z;44.795;44.835;162;805
2026-06-08T12:12:44.0000000Z;44.795;44.835;162;805
2026-06-08T12:12:45.0000000Z;44.795;44.835;162;805
2026-06-08T12:12:46.0000000Z;44.795;44.835;162;805
2026-06-08T12:12:48.0000000Z;44.79;44.835;162;805
2026-06-08T12:12:51.0000000Z;44.795;44.835;423;805
2026-06-08T12:12:52.0000000Z;44.795;44.835;423;805
2026-06-08T12:12:53.0000000Z;44.79;44.835;162;805
2026-06-08T12:12:54.0000000Z;44.79;44.835;162;805
2026-06-08T12:12:56.0000000Z;44.79;44.835;162;805
2026-06-08T12:12:58.0000000Z;44.79;44.835;162;805
2026-06-08T12:12:59.0000000Z;44.79;44.835;162;805
2026-06-08T12:13:02.0000000Z;44.79;44.84;162;1285
2026-06-08T12:13:04.0000000Z;44.79;44.84;162;815
2026-06-08T12:13:05.0000000Z;44.79;44.84;162;1285
2026-06-08T12:13:06.0000000Z;44.79;44.84;162;815
2026-06-08T12:13:07.0000000Z;44.79;44.84;162;815
2026-06-08T12:13:09.0000000Z;44.79;44.84;162;815
2026-06-08T12:13:10.0000000Z;44.79;44.84;162;1285
2026-06-08T12:13:15.0000000Z;44.79;44.84;162;1285
2026-06-08T12:13:18.0000000Z;44.785;44.835;405;843
2026-06-08T12:13:19.0000000Z;44.79;44.835;162;843
2026-06-08T12:13:22.0000000Z;44.785;44.835;405;843
2026-06-08T12:13:23.0000000Z;44.785;44.835;162;843
2026-06-08T12:13:24.0000000Z;44.785;44.835;162;843
2026-06-08T12:13:25.0000000Z;44.79;44.835;487;843
2026-06-08T12:13:28.0000000Z;44.79;44.84;487;815
2026-06-08T12:13:29.0000000Z;44.78;44.825;162;630
2026-06-08T12:13:30.0000000Z;44.78;44.825;162;630
2026-06-08T12:13:31.0000000Z;44.78;44.825;162;772
2026-06-08T12:13:36.0000000Z;44.775;44.825;162;808
2026-06-08T12:13:37.0000000Z;44.78;44.825;162;808
2026-06-08T12:13:38.0000000Z;44.78;44.825;162;808
2026-06-08T12:13:42.0000000Z;44.78;44.825;162;808
2026-06-08T12:13:43.0000000Z;44.78;44.825;162;808
2026-06-08T12:13:46.0000000Z;44.78;44.825;162;808
2026-06-08T12:13:47.0000000Z;44.785;44.825;162;808
2026-06-08T12:13:48.0000000Z;44.785;44.825;162;808
2026-06-08T12:13:49.0000000Z;44.775;44.825;243;808
2026-06-08T12:13:50.0000000Z;44.795;44.825;405;808
2026-06-08T12:13:51.0000000Z;44.795;44.825;405;808
2026-06-08T12:13:52.0000000Z;44.8;44.825;138;808
2026-06-08T12:13:53.0000000Z;44.795;44.825;13857;808
2026-06-08T12:13:54.0000000Z;44.795;44.825;13857;808
2026-06-08T12:13:55.0000000Z;44.79;44.825;162;808
2026-06-08T12:13:57.0000000Z;44.795;44.825;357;808
2026-06-08T12:14:00.0000000Z;44.795;44.825;162;808
2026-06-08T12:14:01.0000000Z;44.795;44.825;13857;808
2026-06-08T12:14:02.0000000Z;44.795;44.825;405;808
2026-06-08T12:14:03.0000000Z;44.8;44.825;186;808
2026-06-08T12:14:04.0000000Z;44.795;44.825;162;808
2026-06-08T12:14:05.0000000Z;44.795;44.825;405;808
2026-06-08T12:14:10.0000000Z;44.795;44.825;405;808
2026-06-08T12:14:13.0000000Z;44.8;44.85;505;815
2026-06-08T12:14:14.0000000Z;44.8;44.85;505;815
2026-06-08T12:14:15.0000000Z;44.8;44.85;405;815
2026-06-08T12:14:16.0000000Z;44.8;44.835;405;1372
2026-06-08T12:14:17.0000000Z;44.795;44.83;184;290
2026-06-08T12:14:18.0000000Z;44.795;44.83;346;290
2026-06-08T12:14:19.0000000Z;44.795;44.83;346;290
2026-06-08T12:14:20.0000000Z;44.8;44.845;503;651
2026-06-08T12:14:21.0000000Z;44.8;44.845;405;651
2026-06-08T12:14:22.0000000Z;44.8;44.845;405;651
2026-06-08T12:14:23.0000000Z;44.8;44.845;243;651
2026-06-08T12:14:28.0000000Z;44.8;44.845;243;651
2026-06-08T12:14:29.0000000Z;44.8;44.845;243;651
2026-06-08T12:14:31.0000000Z;44.79;44.845;243;735
2026-06-08T12:14:32.0000000Z;44.79;44.845;243;735
2026-06-08T12:14:34.0000000Z;44.8;44.845;432;735
2026-06-08T12:14:36.0000000Z;44.8;44.845;432;735
2026-06-08T12:14:37.0000000Z;44.8;44.845;432;735
2026-06-08T12:14:39.0000000Z;44.795;44.845;568;735
2026-06-08T12:14:41.0000000Z;44.795;44.86;671;815
2026-06-08T12:14:44.0000000Z;44.795;44.85;671;740
2026-06-08T12:14:47.0000000Z;44.795;44.85;671;740
2026-06-08T12:14:48.0000000Z;44.795;44.855;671;840
2026-06-08T12:14:52.0000000Z;44.795;44.855;671;840
2026-06-08T12:14:53.0000000Z;44.795;44.855;671;840
2026-06-08T12:14:56.0000000Z;44.795;44.855;671;840
2026-06-08T12:14:57.0000000Z;44.795;44.855;671;840
2026-06-08T12:14:59.0000000Z;44.795;44.855;671;840
2026-06-08T12:14:59.0000000Z;44.795;44.855;671;840
2026-06-08T12:15:02.0000000Z;44.795;44.855;671;840
2026-06-08T12:15:15.0000000Z;44.795;44.855;671;840
2026-06-08T12:15:19.0000000Z;44.795;44.855;671;840
2026-06-08T12:15:22.0000000Z;44.795;44.855;671;840
2026-06-08T12:15:39.0000000Z;44.795;44.855;671;840
2026-06-08T12:15:40.0000000Z;44.79;44.855;405;840
2026-06-08T12:15:50.0000000Z;44.79;44.855;405;840
2026-06-08T12:15:53.0000000Z;44.79;44.855;405;840
2026-06-08T12:15:55.0000000Z;44.79;44.855;243;840
2026-06-08T12:15:58.0000000Z;44.79;44.855;243;840
2026-06-08T12:16:03.0000000Z;44.79;44.855;243;840
2026-06-08T12:16:09.0000000Z;44.79;44.855;243;840
2026-06-08T12:16:30.0000000Z;44.79;44.85;243;815
2026-06-08T12:16:34.0000000Z;44.79;44.85;243;815
2026-06-08T12:16:36.0000000Z;44.79;44.85;405;815
2026-06-08T12:16:38.0000000Z;44.79;44.85;405;815
2026-06-08T12:16:42.0000000Z;44.79;44.85;405;815
2026-06-08T12:16:43.0000000Z;44.79;44.85;405;815
2026-06-08T12:16:44.0000000Z;44.8;44.85;243;815
2026-06-08T12:16:45.0000000Z;44.8;44.85;243;815
2026-06-08T12:16:46.0000000Z;44.8;44.85;243;815
2026-06-08T12:16:51.0000000Z;44.8;44.85;243;815
2026-06-08T12:16:53.0000000Z;44.8;44.85;243;815
2026-06-08T12:16:54.0000000Z;44.795;44.85;243;815
2026-06-08T12:16:56.0000000Z;44.8;44.85;505;815
2026-06-08T12:16:57.0000000Z;44.8;44.85;505;815
2026-06-08T12:16:59.0000000Z;44.8;44.85;505;815
2026-06-08T12:17:02.0000000Z;44.8;44.85;505;815
2026-06-08T12:17:08.0000000Z;44.8;44.85;505;815
2026-06-08T12:17:21.0000000Z;44.8;44.85;505;815
2026-06-08T12:17:24.0000000Z;44.8;44.85;505;815
2026-06-08T12:17:25.0000000Z;44.8;44.85;505;815
2026-06-08T12:17:29.0000000Z;44.8;44.85;505;815
2026-06-08T12:17:31.0000000Z;44.8;44.85;505;815
2026-06-08T12:17:44.0000000Z;44.79;44.85;405;815
2026-06-08T12:17:46.0000000Z;44.795;44.85;586;815
2026-06-08T12:17:49.0000000Z;44.795;44.85;586;815
2026-06-08T12:17:55.0000000Z;44.795;44.85;586;815
2026-06-08T12:17:58.0000000Z;44.795;44.845;243;785
2026-06-08T12:17:59.0000000Z;44.8;44.845;505;785
2026-06-08T12:18:02.0000000Z;44.795;44.84;243;815
2026-06-08T12:18:03.0000000Z;44.795;44.84;243;815
2026-06-08T12:18:04.0000000Z;44.795;44.84;243;815
2026-06-08T12:18:05.0000000Z;44.795;44.84;243;815
2026-06-08T12:18:06.0000000Z;44.795;44.84;243;815
2026-06-08T12:18:08.0000000Z;44.795;44.84;243;815
2026-06-08T12:18:09.0000000Z;44.795;44.84;243;815
2026-06-08T12:18:17.0000000Z;44.795;44.84;243;815
2026-06-08T12:18:21.0000000Z;44.795;44.835;243;649
2026-06-08T12:18:22.0000000Z;44.795;44.835;243;649
2026-06-08T12:18:29.0000000Z;44.795;44.835;243;649
2026-06-08T12:18:32.0000000Z;44.795;44.835;243;649
2026-06-08T12:18:53.0000000Z;44.795;44.835;243;649
2026-06-08T12:18:56.0000000Z;44.795;44.835;243;649
2026-06-08T12:19:02.0000000Z;44.795;44.835;243;649
2026-06-08T12:19:03.0000000Z;44.785;44.835;162;649
2026-06-08T12:19:04.0000000Z;44.795;44.85;501;815
2026-06-08T12:19:06.0000000Z;44.795;44.84;501;653
2026-06-08T12:19:08.0000000Z;44.79;44.845;637;797
2026-06-08T12:19:14.0000000Z;44.79;44.845;637;797
2026-06-08T12:19:19.0000000Z;44.79;44.845;637;797
2026-06-08T12:19:22.0000000Z;44.78;44.845;162;830
2026-06-08T12:19:23.0000000Z;44.785;44.845;672;830
2026-06-08T12:19:25.0000000Z;44.785;44.845;672;830
2026-06-08T12:19:26.0000000Z;44.785;44.845;672;830
2026-06-08T12:19:29.0000000Z;44.785;44.845;672;830
2026-06-08T12:19:41.0000000Z;44.785;44.845;162;830
2026-06-08T12:19:44.0000000Z;44.785;44.845;162;830
2026-06-08T12:19:46.0000000Z;44.785;44.845;162;830
2026-06-08T12:19:47.0000000Z;44.78;44.845;162;830
2026-06-08T12:19:49.0000000Z;44.785;44.845;673;830
2026-06-08T12:19:51.0000000Z;44.785;44.845;162;830
2026-06-08T12:19:56.0000000Z;44.8;44.845;162;830
2026-06-08T12:19:57.0000000Z;44.805;44.845;292;830
2026-06-08T12:19:58.0000000Z;44.795;44.845;570;830
2026-06-08T12:20:01.0000000Z;44.795;44.845;570;830
2026-06-08T12:20:04.0000000Z;44.795;44.845;570;830
2026-06-08T12:20:05.0000000Z;44.795;44.845;162;830
2026-06-08T12:20:08.0000000Z;44.79;44.845;162;830
2026-06-08T12:20:09.0000000Z;44.795;44.845;162;830
2026-06-08T12:20:10.0000000Z;44.79;44.845;162;830
2026-06-08T12:20:13.0000000Z;44.795;44.845;572;830
2026-06-08T12:20:19.0000000Z;44.78;44.85;162;815
2026-06-08T12:20:21.0000000Z;44.79;44.85;213;815
2026-06-08T12:20:22.0000000Z;44.785;44.845;162;795
2026-06-08T12:20:25.0000000Z;44.79;44.845;162;795
2026-06-08T12:20:26.0000000Z;44.81;44.845;2344;795
2026-06-08T12:20:29.0000000Z;44.81;44.845;2344;795
2026-06-08T12:20:31.0000000Z;44.81;44.845;2344;795
2026-06-08T12:20:33.0000000Z;44.81;44.845;2344;795
2026-06-08T12:20:34.0000000Z;44.815;44.855;385;550
2026-06-08T12:20:35.0000000Z;44.815;44.85;385;446
2026-06-08T12:20:39.0000000Z;44.815;44.85;385;446
2026-06-08T12:20:41.0000000Z;44.815;44.85;385;446
2026-06-08T12:20:44.0000000Z;44.815;44.85;385;446
2026-06-08T12:20:45.0000000Z;44.815;44.85;385;446
2026-06-08T12:20:47.0000000Z;44.815;44.85;385;446
2026-06-08T12:20:49.0000000Z;44.815;44.85;385;446
2026-06-08T12:20:52.0000000Z;44.815;44.85;385;446
2026-06-08T12:20:55.0000000Z;44.815;44.85;385;446
2026-06-08T12:20:57.0000000Z;44.81;44.85;2587;446
2026-06-08T12:20:59.0000000Z;44.81;44.85;2587;446
2026-06-08T12:21:01.0000000Z;44.815;44.865;588;115
2026-06-08T12:21:03.0000000Z;44.835;44.87;325;550
2026-06-08T12:21:04.0000000Z;44.835;44.87;325;550
2026-06-08T12:21:05.0000000Z;44.835;44.86;325;1347
2026-06-08T12:21:07.0000000Z;44.835;44.86;325;1347
2026-06-08T12:21:08.0000000Z;44.835;44.86;325;1347
2026-06-08T12:21:10.0000000Z;44.835;44.86;325;1347
2026-06-08T12:21:12.0000000Z;44.835;44.865;325;372
2026-06-08T12:21:14.0000000Z;44.83;44.865;13500;560
2026-06-08T12:21:15.0000000Z;44.795;44.865;546;785
2026-06-08T12:21:16.0000000Z;44.815;44.87;162;550
2026-06-08T12:21:17.0000000Z;44.83;44.87;255;550
2026-06-08T12:21:24.0000000Z;44.805;44.865;162;828
2026-06-08T12:21:25.0000000Z;44.82;44.865;368;828
2026-06-08T12:21:27.0000000Z;44.81;44.865;638;828
2026-06-08T12:21:32.0000000Z;44.81;44.865;638;828
2026-06-08T12:21:37.0000000Z;44.81;44.865;638;828
2026-06-08T12:21:38.0000000Z;44.8;44.865;162;843
2026-06-08T12:21:40.0000000Z;44.795;44.87;162;550
2026-06-08T12:21:41.0000000Z;44.805;44.87;295;550
2026-06-08T12:21:42.0000000Z;44.805;44.87;295;550
2026-06-08T12:21:43.0000000Z;44.805;44.87;304;550
2026-06-08T12:21:44.0000000Z;44.805;44.87;304;550
2026-06-08T12:21:45.0000000Z;44.805;44.87;304;550
2026-06-08T12:21:46.0000000Z;44.805;44.87;311;550
2026-06-08T12:21:47.0000000Z;44.8;44.87;342;550
2026-06-08T12:21:48.0000000Z;44.8;44.865;162;490
2026-06-08T12:21:49.0000000Z;44.8;44.865;162;490
2026-06-08T12:21:52.0000000Z;44.805;44.87;162;550
2026-06-08T12:21:53.0000000Z;44.81;44.87;708;550
2026-06-08T12:21:55.0000000Z;44.81;44.865;708;795
2026-06-08T12:21:56.0000000Z;44.81;44.865;708;795
2026-06-08T12:21:58.0000000Z;44.81;44.855;708;735
2026-06-08T12:21:59.0000000Z;44.8;44.86;162;550
2026-06-08T12:22:01.0000000Z;44.805;44.86;572;550
2026-06-08T12:22:04.0000000Z;44.805;44.855;572;490
2026-06-08T12:22:06.0000000Z;44.805;44.855;572;490
2026-06-08T12:22:07.0000000Z;44.805;44.855;572;490
2026-06-08T12:22:09.0000000Z;44.805;44.855;572;490
2026-06-08T12:22:12.0000000Z;44.805;44.855;162;490
2026-06-08T12:22:19.0000000Z;44.805;44.855;162;490
2026-06-08T12:22:22.0000000Z;44.81;44.855;470;490
2026-06-08T12:22:23.0000000Z;44.805;44.855;162;490
2026-06-08T12:22:24.0000000Z;44.81;44.855;435;490
2026-06-08T12:22:26.0000000Z;44.805;44.855;632;490
2026-06-08T12:22:27.0000000Z;44.815;44.86;417;550
2026-06-08T12:22:28.0000000Z;44.805;44.86;162;550
2026-06-08T12:22:29.0000000Z;44.81;44.855;14003;651
2026-06-08T12:22:30.0000000Z;44.815;44.855;162;651
2026-06-08T12:22:31.0000000Z;44.815;44.855;632;651
2026-06-08T12:22:32.0000000Z;44.815;44.855;632;651
2026-06-08T12:22:33.0000000Z;44.815;44.855;632;651
2026-06-08T12:22:34.0000000Z;44.82;44.855;162;651
2026-06-08T12:22:35.0000000Z;44.82;44.855;162;651
2026-06-08T12:22:36.0000000Z;44.82;44.855;312;651
2026-06-08T12:22:37.0000000Z;44.82;44.855;13812;651
2026-06-08T12:22:39.0000000Z;44.82;44.855;312;651
2026-06-08T12:22:41.0000000Z;44.82;44.855;368;651
2026-06-08T12:22:42.0000000Z;44.815;44.855;162;651
2026-06-08T12:22:44.0000000Z;44.815;44.855;632;651
2026-06-08T12:22:46.0000000Z;44.825;44.855;312;651
2026-06-08T12:22:47.0000000Z;44.815;44.855;470;651
2026-06-08T12:22:49.0000000Z;44.81;44.855;632;651
2026-06-08T12:22:50.0000000Z;44.81;44.855;470;651
2026-06-08T12:22:51.0000000Z;44.815;44.855;453;651
2026-06-08T12:22:53.0000000Z;44.815;44.855;453;651
2026-06-08T12:22:55.0000000Z;44.81;44.855;632;651
2026-06-08T12:23:03.0000000Z;44.82;44.855;368;651
2026-06-08T12:23:04.0000000Z;44.825;44.855;312;651
2026-06-08T12:23:05.0000000Z;44.825;44.855;312;651
2026-06-08T12:23:07.0000000Z;44.825;44.855;632;651
2026-06-08T12:23:09.0000000Z;44.815;44.855;162;651
2026-06-08T12:23:11.0000000Z;44.82;44.855;366;651
2026-06-08T12:23:12.0000000Z;44.82;44.855;366;651
2026-06-08T12:23:13.0000000Z;44.815;44.855;162;651
2026-06-08T12:23:14.0000000Z;44.82;44.855;162;651
2026-06-08T12:23:16.0000000Z;44.815;44.855;470;651
2026-06-08T12:23:17.0000000Z;44.82;44.855;214;651
2026-06-08T12:23:18.0000000Z;44.82;44.855;214;651
2026-06-08T12:23:19.0000000Z;44.815;44.855;260;651
2026-06-08T12:23:20.0000000Z;44.815;44.855;270;651
2026-06-08T12:23:21.0000000Z;44.815;44.855;270;651
2026-06-08T12:23:22.0000000Z;44.815;44.855;283;651
2026-06-08T12:23:23.0000000Z;44.815;44.855;283;651
2026-06-08T12:23:24.0000000Z;44.82;44.855;368;651
2026-06-08T12:23:25.0000000Z;44.805;44.86;470;550
2026-06-08T12:23:26.0000000Z;44.815;44.86;244;550
2026-06-08T12:23:31.0000000Z;44.805;44.855;162;595
2026-06-08T12:23:33.0000000Z;44.81;44.855;269;595
2026-06-08T12:23:34.0000000Z;44.81;44.855;269;595
2026-06-08T12:23:43.0000000Z;44.81;44.855;162;595
2026-06-08T12:23:49.0000000Z;44.805;44.855;286;595
2026-06-08T12:23:52.0000000Z;44.8;44.855;162;595
2026-06-08T12:23:56.0000000Z;44.805;44.855;296;595
2026-06-08T12:24:00.0000000Z;44.805;44.855;320;595
2026-06-08T12:24:01.0000000Z;44.805;44.855;331;595
2026-06-08T12:24:05.0000000Z;44.805;44.855;162;595
2026-06-08T12:24:06.0000000Z;44.805;44.855;162;595
2026-06-08T12:24:07.0000000Z;44.805;44.855;162;595
2026-06-08T12:24:08.0000000Z;44.805;44.855;162;595
2026-06-08T12:24:09.0000000Z;44.805;44.855;162;595
2026-06-08T12:24:10.0000000Z;44.805;44.855;162;595
2026-06-08T12:24:11.0000000Z;44.805;44.855;162;595
2026-06-08T12:24:12.0000000Z;44.81;44.855;162;595
2026-06-08T12:24:13.0000000Z;44.81;44.855;162;595
2026-06-08T12:24:14.0000000Z;44.81;44.855;162;595
2026-06-08T12:24:16.0000000Z;44.81;44.855;162;595
2026-06-08T12:24:17.0000000Z;44.81;44.855;162;595
2026-06-08T12:24:18.0000000Z;44.81;44.855;162;595
2026-06-08T12:24:19.0000000Z;44.81;44.855;162;595
2026-06-08T12:24:20.0000000Z;44.81;44.855;162;595
2026-06-08T12:24:21.0000000Z;44.81;44.855;162;595
2026-06-08T12:24:23.0000000Z;44.81;44.855;162;595
2026-06-08T12:24:24.0000000Z;44.81;44.855;162;595
2026-06-08T12:24:25.0000000Z;44.81;44.855;162;595
2026-06-08T12:24:26.0000000Z;44.81;44.855;162;595
2026-06-08T12:24:27.0000000Z;44.81;44.855;162;595
2026-06-08T12:24:29.0000000Z;44.805;44.855;470;664
2026-06-08T12:24:30.0000000Z;44.81;44.855;520;664
2026-06-08T12:24:31.0000000Z;44.81;44.855;520;664
2026-06-08T12:24:34.0000000Z;44.805;44.855;632;664
2026-06-08T12:24:35.0000000Z;44.805;44.855;632;664
2026-06-08T12:24:36.0000000Z;44.805;44.855;632;664
2026-06-08T12:24:38.0000000Z;44.805;44.855;632;664
2026-06-08T12:24:39.0000000Z;44.81;44.855;632;664
2026-06-08T12:24:40.0000000Z;44.81;44.855;632;664
2026-06-08T12:24:41.0000000Z;44.81;44.855;632;664
2026-06-08T12:24:42.0000000Z;44.815;44.855;162;664
2026-06-08T12:24:46.0000000Z;44.815;44.855;162;664
2026-06-08T12:24:56.0000000Z;44.815;44.855;162;664
2026-06-08T12:25:06.0000000Z;44.82;44.855;385;664
2026-06-08T12:25:07.0000000Z;44.815;44.855;632;664
2026-06-08T12:25:08.0000000Z;44.815;44.855;632;664
2026-06-08T12:25:09.0000000Z;44.81;44.855;470;664
2026-06-08T12:25:10.0000000Z;44.815;44.855;162;664
2026-06-08T12:25:17.0000000Z;44.81;44.855;162;664
2026-06-08T12:25:20.0000000Z;44.815;44.855;436;664
2026-06-08T12:25:24.0000000Z;44.815;44.855;436;664
2026-06-08T12:25:28.0000000Z;44.825;44.855;13826;664
2026-06-08T12:25:29.0000000Z;44.825;44.855;13747;664
2026-06-08T12:25:32.0000000Z;44.815;44.855;162;664
2026-06-08T12:25:33.0000000Z;44.815;44.855;162;664
2026-06-08T12:25:34.0000000Z;44.82;44.855;368;664
2026-06-08T12:25:36.0000000Z;44.82;44.855;162;664
2026-06-08T12:25:37.0000000Z;44.81;44.855;162;664
2026-06-08T12:25:38.0000000Z;44.82;44.855;13812;664
2026-06-08T12:25:40.0000000Z;44.815;44.855;436;664
2026-06-08T12:25:41.0000000Z;44.815;44.855;436;664
2026-06-08T12:25:56.0000000Z;44.825;44.855;2586;664
2026-06-08T12:25:57.0000000Z;44.83;44.855;271;664
2026-06-08T12:25:59.0000000Z;44.83;44.855;271;664
2026-06-08T12:26:00.0000000Z;44.83;44.87;499;550
2026-06-08T12:26:01.0000000Z;44.825;44.87;2343;550
2026-06-08T12:26:04.0000000Z;44.825;44.865;2343;257
2026-06-08T12:26:05.0000000Z;44.825;44.865;2343;257
2026-06-08T12:26:07.0000000Z;44.825;44.865;2586;257
2026-06-08T12:26:08.0000000Z;44.825;44.865;2586;257
2026-06-08T12:26:10.0000000Z;44.825;44.865;2586;276
2026-06-08T12:26:12.0000000Z;44.825;44.865;2343;276
2026-06-08T12:26:14.0000000Z;44.825;44.865;2343;276
2026-06-08T12:26:17.0000000Z;44.825;44.865;2343;318
2026-06-08T12:26:19.0000000Z;44.825;44.865;2343;237
2026-06-08T12:26:20.0000000Z;44.825;44.865;2343;270
2026-06-08T12:26:23.0000000Z;44.825;44.865;2343;288
2026-06-08T12:26:28.0000000Z;44.825;44.865;2343;288
2026-06-08T12:26:38.0000000Z;44.825;44.865;2343;288
2026-06-08T12:26:43.0000000Z;44.825;44.865;2343;288
2026-06-08T12:26:55.0000000Z;44.825;44.865;2343;458
2026-06-08T12:26:56.0000000Z;44.825;44.865;2343;458
2026-06-08T12:26:59.0000000Z;44.825;44.865;2343;458
2026-06-08T12:27:00.0000000Z;44.825;44.865;2343;259
2026-06-08T12:27:01.0000000Z;44.825;44.865;2343;259
2026-06-08T12:27:03.0000000Z;44.825;44.865;2343;253
2026-06-08T12:27:08.0000000Z;44.825;44.865;2586;270
2026-06-08T12:27:11.0000000Z;44.825;44.865;2586;282
2026-06-08T12:27:13.0000000Z;44.825;44.865;2343;282
2026-06-08T12:27:19.0000000Z;44.825;44.865;2343;347
2026-06-08T12:27:24.0000000Z;44.825;44.865;2343;347
2026-06-08T12:27:25.0000000Z;44.825;44.865;2343;267
2026-06-08T12:27:26.0000000Z;44.825;44.865;2343;267
2026-06-08T12:27:29.0000000Z;44.825;44.865;2343;334
2026-06-08T12:27:32.0000000Z;44.825;44.865;2343;334
2026-06-08T12:27:36.0000000Z;44.825;44.865;2343;334
2026-06-08T12:27:41.0000000Z;44.825;44.865;2343;259
2026-06-08T12:27:42.0000000Z;44.825;44.865;2343;259
2026-06-08T12:27:43.0000000Z;44.825;44.865;2343;259
2026-06-08T12:27:46.0000000Z;44.825;44.865;2343;296
2026-06-08T12:27:56.0000000Z;44.825;44.865;2586;296
2026-06-08T12:28:06.0000000Z;44.825;44.865;2586;296
2026-06-08T12:28:11.0000000Z;44.825;44.865;2586;296
2026-06-08T12:28:12.0000000Z;44.825;44.865;2586;296
2026-06-08T12:28:15.0000000Z;44.825;44.865;2343;296
2026-06-08T12:28:17.0000000Z;44.825;44.865;2343;324
2026-06-08T12:28:20.0000000Z;44.825;44.865;2343;324
2026-06-08T12:28:23.0000000Z;44.825;44.865;2343;324
2026-06-08T12:28:29.0000000Z;44.825;44.865;2586;324
2026-06-08T12:28:33.0000000Z;44.825;44.865;2586;324
2026-06-08T12:28:34.0000000Z;44.825;44.865;2586;261
2026-06-08T12:28:40.0000000Z;44.82;44.865;405;424
2026-06-08T12:28:41.0000000Z;44.82;44.865;789;495
2026-06-08T12:28:43.0000000Z;44.82;44.865;789;495
2026-06-08T12:28:44.0000000Z;44.82;44.865;789;495
2026-06-08T12:28:47.0000000Z;44.82;44.865;789;495
2026-06-08T12:28:49.0000000Z;44.82;44.865;789;495
2026-06-08T12:28:50.0000000Z;44.82;44.865;789;495
2026-06-08T12:28:53.0000000Z;44.82;44.865;405;495
2026-06-08T12:28:59.0000000Z;44.815;44.865;627;523
2026-06-08T12:29:00.0000000Z;44.825;44.88;651;550
2026-06-08T12:29:01.0000000Z;44.82;44.88;647;550
2026-06-08T12:29:03.0000000Z;44.82;44.875;647;554
2026-06-08T12:29:10.0000000Z;44.825;44.875;243;554
2026-06-08T12:29:14.0000000Z;44.825;44.875;243;554
2026-06-08T12:29:16.0000000Z;44.825;44.875;243;577
2026-06-08T12:29:19.0000000Z;44.825;44.875;243;577
2026-06-08T12:29:20.0000000Z;44.83;44.875;243;577
2026-06-08T12:29:26.0000000Z;44.83;44.875;243;577
2026-06-08T12:29:30.0000000Z;44.82;44.875;243;577
2026-06-08T12:29:31.0000000Z;44.83;44.875;439;577
2026-06-08T12:29:36.0000000Z;44.83;44.875;243;577
2026-06-08T12:29:37.0000000Z;44.835;44.875;432;577
2026-06-08T12:29:38.0000000Z;44.835;44.875;432;456
2026-06-08T12:29:39.0000000Z;44.835;44.875;432;456
2026-06-08T12:29:40.0000000Z;44.835;44.875;432;456
2026-06-08T12:29:43.0000000Z;44.835;44.875;432;456
2026-06-08T12:29:46.0000000Z;44.825;44.875;243;506
2026-06-08T12:29:48.0000000Z;44.825;44.875;405;534
2026-06-08T12:29:49.0000000Z;44.83;44.875;511;534
2026-06-08T12:29:50.0000000Z;44.83;44.88;853;13500
2026-06-08T12:29:51.0000000Z;44.83;44.885;853;1114
2026-06-08T12:29:53.0000000Z;44.825;44.915;243;587
2026-06-08T12:29:56.0000000Z;44.825;44.915;405;626
2026-06-08T12:29:58.0000000Z;44.835;44.915;576;655
2026-06-08T12:30:00.0000000Z;44.84;44.93;855;470
2026-06-08T12:30:01.0000000Z;44.84;44.92;855;569
2026-06-08T12:30:04.0000000Z;44.84;44.925;855;729
2026-06-08T12:30:06.0000000Z;44.84;44.925;855;729
2026-06-08T12:30:08.0000000Z;44.83;44.925;2970;729
2026-06-08T12:30:09.0000000Z;44.84;44.925;243;729
2026-06-08T12:30:10.0000000Z;44.845;44.935;855;470
2026-06-08T12:30:11.0000000Z;44.845;44.93;855;843
2026-06-08T12:30:13.0000000Z;44.845;44.93;855;843
2026-06-08T12:30:15.0000000Z;44.845;44.99;855;130
2026-06-08T12:30:16.0000000Z;44.845;44.93;855;373
2026-06-08T12:30:17.0000000Z;44.845;44.935;855;537
2026-06-08T12:30:18.0000000Z;44.845;44.935;855;537
2026-06-08T12:30:19.0000000Z;44.835;44.935;336;765
2026-06-08T12:30:20.0000000Z;44.835;44.94;720;130
2026-06-08T12:30:21.0000000Z;44.84;44.94;855;130
2026-06-08T12:30:22.0000000Z;44.84;44.94;855;130
2026-06-08T12:30:23.0000000Z;44.84;44.94;855;130
2026-06-08T12:30:24.0000000Z;44.84;44.94;855;130
2026-06-08T12:30:25.0000000Z;44.84;44.93;855;130
2026-06-08T12:30:26.0000000Z;44.84;44.93;855;130
2026-06-08T12:30:27.0000000Z;44.84;44.93;855;130
2026-06-08T12:30:28.0000000Z;44.835;44.93;882;130
2026-06-08T12:30:29.0000000Z;44.835;44.93;498;130
2026-06-08T12:30:30.0000000Z;44.835;44.93;498;130
2026-06-08T12:30:31.0000000Z;44.835;44.93;498;130
2026-06-08T12:30:33.0000000Z;44.845;44.925;576;751
2026-06-08T12:30:34.0000000Z;44.845;44.935;576;130
2026-06-08T12:30:35.0000000Z;44.845;44.93;576;843
2026-06-08T12:30:36.0000000Z;44.845;44.935;576;130
2026-06-08T12:30:37.0000000Z;44.845;44.935;576;130
2026-06-08T12:30:38.0000000Z;44.845;44.935;576;514
2026-06-08T12:30:39.0000000Z;44.845;44.93;576;130
2026-06-08T12:30:40.0000000Z;44.845;44.93;576;130
2026-06-08T12:30:42.0000000Z;44.845;44.93;576;130
2026-06-08T12:30:43.0000000Z;44.85;44.935;855;130
2026-06-08T12:30:45.0000000Z;44.85;44.94;855;130
2026-06-08T12:30:46.0000000Z;44.85;44.935;855;130
2026-06-08T12:30:48.0000000Z;44.85;44.935;855;130
2026-06-08T12:30:49.0000000Z;44.835;44.925;1089;843
2026-06-08T12:30:51.0000000Z;44.845;44.93;800;130
2026-06-08T12:30:52.0000000Z;44.845;44.93;800;130
2026-06-08T12:30:54.0000000Z;44.835;44.93;1151;130
2026-06-08T12:30:55.0000000Z;44.835;44.935;1151;514
2026-06-08T12:30:57.0000000Z;44.835;44.93;1151;130
2026-06-08T12:30:58.0000000Z;44.835;44.93;1151;130
2026-06-08T12:30:59.0000000Z;44.835;44.93;1151;130
2026-06-08T12:31:00.0000000Z;44.835;44.93;1621;130
2026-06-08T12:31:01.0000000Z;44.855;44.93;1175;130
2026-06-08T12:31:02.0000000Z;44.855;44.93;705;130
2026-06-08T12:31:03.0000000Z;44.855;44.93;705;130
2026-06-08T12:31:04.0000000Z;44.855;44.93;705;130
2026-06-08T12:31:06.0000000Z;44.855;44.93;705;130
2026-06-08T12:31:07.0000000Z;44.855;44.93;705;130
2026-06-08T12:31:08.0000000Z;44.855;44.93;705;130
2026-06-08T12:31:09.0000000Z;44.855;44.93;705;130
2026-06-08T12:31:10.0000000Z;44.86;44.935;764;514
2026-06-08T12:31:11.0000000Z;44.85;44.925;93;843
2026-06-08T12:31:12.0000000Z;44.85;44.93;93;130
2026-06-08T12:31:13.0000000Z;44.855;44.93;724;130
2026-06-08T12:31:14.0000000Z;44.855;44.93;724;130
2026-06-08T12:31:15.0000000Z;44.85;44.93;477;130
2026-06-08T12:31:16.0000000Z;44.85;44.93;477;130
2026-06-08T12:31:18.0000000Z;44.855;44.935;797;854
2026-06-08T12:31:19.0000000Z;44.85;44.93;477;130
2026-06-08T12:31:21.0000000Z;44.85;44.93;477;130
2026-06-08T12:31:22.0000000Z;44.85;44.93;477;130
2026-06-08T12:31:24.0000000Z;44.85;44.935;477;514
2026-06-08T12:31:25.0000000Z;44.845;44.93;93;130
2026-06-08T12:31:26.0000000Z;44.845;44.93;477;130
2026-06-08T12:31:27.0000000Z;44.855;44.925;576;843
2026-06-08T12:31:28.0000000Z;44.855;44.93;576;130
2026-06-08T12:31:29.0000000Z;44.855;44.93;576;130
2026-06-08T12:31:30.0000000Z;44.855;44.925;576;667
2026-06-08T12:31:31.0000000Z;44.86;44.925;764;14091
2026-06-08T12:31:32.0000000Z;44.85;44.925;576;843
2026-06-08T12:31:33.0000000Z;44.855;44.93;764;130
2026-06-08T12:31:34.0000000Z;44.855;44.93;764;130
2026-06-08T12:31:36.0000000Z;44.85;44.93;960;130
2026-06-08T12:31:37.0000000Z;44.855;44.925;799;843
2026-06-08T12:31:38.0000000Z;44.85;44.935;960;514
2026-06-08T12:31:39.0000000Z;44.85;44.93;960;130
2026-06-08T12:31:40.0000000Z;44.85;44.93;960;130
2026-06-08T12:31:41.0000000Z;44.85;44.925;960;843
2026-06-08T12:31:42.0000000Z;44.85;44.925;960;843
2026-06-08T12:31:43.0000000Z;44.85;44.935;576;514
2026-06-08T12:31:45.0000000Z;44.85;44.925;576;843
2026-06-08T12:31:46.0000000Z;44.85;44.93;576;130
2026-06-08T12:31:48.0000000Z;44.85;44.93;576;130
2026-06-08T12:31:49.0000000Z;44.855;44.935;855;514
2026-06-08T12:31:51.0000000Z;44.855;44.93;855;130
2026-06-08T12:31:52.0000000Z;44.855;44.93;855;130
2026-06-08T12:31:54.0000000Z;44.855;44.93;855;130
2026-06-08T12:31:55.0000000Z;44.855;44.93;855;130
2026-06-08T12:31:56.0000000Z;44.855;44.93;855;130
2026-06-08T12:31:57.0000000Z;44.855;44.935;855;514
2026-06-08T12:31:58.0000000Z;44.855;44.93;855;130
2026-06-08T12:31:59.0000000Z;44.855;44.93;855;130
2026-06-08T12:32:00.0000000Z;44.855;44.93;855;130
2026-06-08T12:32:01.0000000Z;44.85;44.92;566;130
2026-06-08T12:32:02.0000000Z;44.85;44.925;566;130
2026-06-08T12:32:03.0000000Z;44.85;44.93;566;619
2026-06-08T12:32:04.0000000Z;44.85;44.92;566;115
2026-06-08T12:32:05.0000000Z;44.85;44.925;566;489
2026-06-08T12:32:06.0000000Z;44.85;44.925;566;130
2026-06-08T12:32:07.0000000Z;44.85;44.93;566;130
2026-06-08T12:32:08.0000000Z;44.85;44.94;566;130
2026-06-08T12:32:09.0000000Z;44.85;44.94;566;130
2026-06-08T12:32:10.0000000Z;44.85;44.94;566;130
2026-06-08T12:32:11.0000000Z;44.85;44.935;566;821
2026-06-08T12:32:12.0000000Z;44.85;44.945;566;130
2026-06-08T12:32:13.0000000Z;44.85;44.945;566;130
2026-06-08T12:32:14.0000000Z;44.85;44.94;566;843
2026-06-08T12:32:15.0000000Z;44.85;44.945;566;130
2026-06-08T12:32:16.0000000Z;44.85;44.945;566;130
2026-06-08T12:32:17.0000000Z;44.85;44.935;566;843
2026-06-08T12:32:18.0000000Z;44.85;44.94;566;130
2026-06-08T12:32:19.0000000Z;44.85;44.94;566;130
2026-06-08T12:32:21.0000000Z;44.85;44.94;950;245
2026-06-08T12:32:22.0000000Z;44.85;44.94;950;130
2026-06-08T12:32:24.0000000Z;44.85;44.94;950;619
2026-06-08T12:32:25.0000000Z;44.85;44.93;950;843
2026-06-08T12:32:26.0000000Z;44.85;44.935;950;843
2026-06-08T12:32:27.0000000Z;44.85;44.94;950;245
2026-06-08T12:32:28.0000000Z;44.85;44.94;950;130
2026-06-08T12:32:30.0000000Z;44.85;44.94;950;245
2026-06-08T12:32:31.0000000Z;44.85;44.94;3292;130
2026-06-08T12:32:33.0000000Z;44.85;44.94;3292;130
2026-06-08T12:32:34.0000000Z;44.85;44.94;3292;130
2026-06-08T12:32:36.0000000Z;44.85;44.94;3292;130
2026-06-08T12:32:37.0000000Z;44.85;44.94;3292;130
2026-06-08T12:32:38.0000000Z;44.85;44.94;3292;130
2026-06-08T12:32:39.0000000Z;44.85;44.94;3292;130
2026-06-08T12:32:40.0000000Z;44.85;44.94;3292;130
2026-06-08T12:32:41.0000000Z;44.85;44.94;3292;130
2026-06-08T12:32:42.0000000Z;44.85;44.94;3292;130
2026-06-08T12:32:43.0000000Z;44.86;44.94;576;130
2026-06-08T12:32:45.0000000Z;44.86;44.94;576;130
2026-06-08T12:32:46.0000000Z;44.86;44.94;576;130
2026-06-08T12:32:48.0000000Z;44.86;44.94;576;130
2026-06-08T12:32:49.0000000Z;44.86;44.94;576;130
2026-06-08T12:32:50.0000000Z;44.86;44.94;576;130
2026-06-08T12:32:51.0000000Z;44.86;44.94;576;130
2026-06-08T12:32:52.0000000Z;44.865;44.94;784;130
2026-06-08T12:32:54.0000000Z;44.865;44.94;784;130
2026-06-08T12:32:55.0000000Z;44.865;44.94;784;130
2026-06-08T12:32:57.0000000Z;44.865;44.94;784;130
2026-06-08T12:32:58.0000000Z;44.865;44.94;784;245
2026-06-08T12:33:00.0000000Z;44.865;44.94;801;130
2026-06-08T12:33:01.0000000Z;44.865;44.94;801;130
2026-06-08T12:33:02.0000000Z;44.865;44.94;801;130
2026-06-08T12:33:03.0000000Z;44.86;44.94;576;130
2026-06-08T12:33:04.0000000Z;44.86;44.94;576;130
2026-06-08T12:33:06.0000000Z;44.86;44.94;576;130
2026-06-08T12:33:07.0000000Z;44.86;44.94;576;130
2026-06-08T12:33:09.0000000Z;44.86;44.94;576;130
2026-06-08T12:33:10.0000000Z;44.86;44.94;576;130
2026-06-08T12:33:11.0000000Z;44.865;44.925;833;825
2026-06-08T12:33:12.0000000Z;44.865;44.935;833;843
2026-06-08T12:33:13.0000000Z;44.865;44.94;833;130
2026-06-08T12:33:15.0000000Z;44.865;44.94;833;130
2026-06-08T12:33:16.0000000Z;44.865;44.94;833;130
2026-06-08T12:33:18.0000000Z;44.865;44.94;854;130
2026-06-08T12:33:19.0000000Z;44.865;44.94;854;130
2026-06-08T12:33:20.0000000Z;44.865;44.935;854;843
2026-06-08T12:33:21.0000000Z;44.865;44.935;854;843
2026-06-08T12:33:22.0000000Z;44.865;44.94;854;130
2026-06-08T12:33:24.0000000Z;44.865;44.94;854;130
2026-06-08T12:33:25.0000000Z;44.86;44.94;576;130
2026-06-08T12:33:27.0000000Z;44.86;44.94;576;130
2026-06-08T12:33:28.0000000Z;44.86;44.94;535;130
2026-06-08T12:33:29.0000000Z;44.86;44.94;535;130
2026-06-08T12:33:30.0000000Z;44.86;44.94;535;130
2026-06-08T12:33:31.0000000Z;44.86;44.94;535;130
2026-06-08T12:33:32.0000000Z;44.86;44.94;919;130
2026-06-08T12:33:33.0000000Z;44.86;44.94;919;130
2026-06-08T12:33:34.0000000Z;44.86;44.94;919;130
2026-06-08T12:33:36.0000000Z;44.86;44.94;919;130
2026-06-08T12:33:37.0000000Z;44.86;44.94;919;130
2026-06-08T12:33:39.0000000Z;44.86;44.935;919;843
2026-06-08T12:33:40.0000000Z;44.86;44.94;919;130
2026-06-08T12:33:41.0000000Z;44.86;44.94;919;130
2026-06-08T12:33:42.0000000Z;44.86;44.94;919;130
2026-06-08T12:33:43.0000000Z;44.86;44.94;919;130
2026-06-08T12:33:44.0000000Z;44.86;44.935;535;843
2026-06-08T12:33:45.0000000Z;44.86;44.94;960;130
2026-06-08T12:33:46.0000000Z;44.86;44.945;960;514
2026-06-08T12:33:47.0000000Z;44.86;44.945;576;514
2026-06-08T12:33:48.0000000Z;44.86;44.945;576;130
2026-06-08T12:33:49.0000000Z;44.86;44.945;576;130
2026-06-08T12:33:50.0000000Z;44.86;44.94;576;843
2026-06-08T12:33:51.0000000Z;44.86;44.945;576;130
2026-06-08T12:33:52.0000000Z;44.86;44.94;576;130
2026-06-08T12:33:54.0000000Z;44.86;44.94;576;130
2026-06-08T12:33:55.0000000Z;44.85;44.935;2585;838
2026-06-08T12:33:56.0000000Z;44.85;44.935;2969;838
2026-06-08T12:33:57.0000000Z;44.86;44.94;576;130
2026-06-08T12:33:58.0000000Z;44.86;44.94;576;130
2026-06-08T12:33:59.0000000Z;44.86;44.935;576;707
2026-06-08T12:34:00.0000000Z;44.86;44.93;576;553
2026-06-08T12:34:01.0000000Z;44.86;44.94;576;130
2026-06-08T12:34:02.0000000Z;44.86;44.935;576;701
2026-06-08T12:34:03.0000000Z;44.86;44.95;576;600
2026-06-08T12:34:04.0000000Z;44.86;44.945;576;130
2026-06-08T12:34:06.0000000Z;44.86;44.945;576;130
2026-06-08T12:34:07.0000000Z;44.86;44.945;960;130
2026-06-08T12:34:08.0000000Z;44.86;44.945;960;130
2026-06-08T12:34:09.0000000Z;44.86;44.945;960;130
2026-06-08T12:34:10.0000000Z;44.86;44.955;960;984
2026-06-08T12:34:11.0000000Z;44.86;44.945;576;130
2026-06-08T12:34:12.0000000Z;44.86;44.945;576;130
2026-06-08T12:34:13.0000000Z;44.86;44.945;960;130
2026-06-08T12:34:15.0000000Z;44.86;44.945;960;130
2026-06-08T12:34:16.0000000Z;44.86;44.945;960;130
2026-06-08T12:34:18.0000000Z;44.86;44.95;960;514
2026-06-08T12:34:19.0000000Z;44.86;44.945;960;130
2026-06-08T12:34:20.0000000Z;44.86;44.945;960;130
2026-06-08T12:34:21.0000000Z;44.86;44.945;576;514
2026-06-08T12:34:22.0000000Z;44.86;44.94;576;130
2026-06-08T12:34:23.0000000Z;44.86;44.94;576;130
2026-06-08T12:34:24.0000000Z;44.85;44.94;627;130
2026-06-08T12:34:25.0000000Z;44.86;44.94;576;130
2026-06-08T12:34:27.0000000Z;44.86;44.94;576;130
2026-06-08T12:34:28.0000000Z;44.86;44.94;576;130
2026-06-08T12:34:30.0000000Z;44.86;44.94;576;130
2026-06-08T12:34:31.0000000Z;44.86;44.94;576;130
2026-06-08T12:34:33.0000000Z;44.86;44.94;576;130
2026-06-08T12:34:34.0000000Z;44.86;44.94;576;130
2026-06-08T12:34:35.0000000Z;44.855;44.94;627;130
2026-06-08T12:34:36.0000000Z;44.855;44.94;627;130
2026-06-08T12:34:37.0000000Z;44.855;44.94;627;130
2026-06-08T12:34:38.0000000Z;44.86;44.94;800;130
2026-06-08T12:34:39.0000000Z;44.86;44.94;800;130
2026-06-08T12:34:40.0000000Z;44.86;44.94;855;130
2026-06-08T12:34:41.0000000Z;44.86;44.94;855;130
2026-06-08T12:34:42.0000000Z;44.855;44.94;243;130
2026-06-08T12:34:43.0000000Z;44.855;44.94;243;130
2026-06-08T12:34:44.0000000Z;44.855;44.94;627;130
2026-06-08T12:34:45.0000000Z;44.855;44.94;627;130
2026-06-08T12:34:46.0000000Z;44.855;44.94;627;130
2026-06-08T12:34:48.0000000Z;44.855;44.94;627;130
2026-06-08T12:34:49.0000000Z;44.855;44.94;627;130
2026-06-08T12:34:51.0000000Z;44.855;44.945;627;514
2026-06-08T12:34:52.0000000Z;44.855;44.94;243;130
2026-06-08T12:34:53.0000000Z;44.855;44.94;627;130
2026-06-08T12:34:54.0000000Z;44.855;44.94;627;130
2026-06-08T12:34:55.0000000Z;44.855;44.94;627;130
2026-06-08T12:34:56.0000000Z;44.855;44.94;627;130
2026-06-08T12:34:57.0000000Z;44.855;44.935;627;835
2026-06-08T12:34:58.0000000Z;44.855;44.94;627;130
2026-06-08T12:34:59.0000000Z;44.855;44.94;627;514
2026-06-08T12:35:00.0000000Z;44.855;44.935;243;130
2026-06-08T12:35:01.0000000Z;44.855;44.935;627;130
2026-06-08T12:35:03.0000000Z;44.855;44.935;627;130
2026-06-08T12:35:04.0000000Z;44.855;44.94;627;984
2026-06-08T12:35:06.0000000Z;44.85;44.935;1158;130
2026-06-08T12:35:07.0000000Z;44.85;44.935;1158;130
2026-06-08T12:35:08.0000000Z;44.855;44.935;800;130
2026-06-08T12:35:09.0000000Z;44.86;44.935;576;130
2026-06-08T12:35:10.0000000Z;44.86;44.935;576;130
2026-06-08T12:35:12.0000000Z;44.86;44.935;576;130
2026-06-08T12:35:13.0000000Z;44.865;44.94;764;514
2026-06-08T12:35:14.0000000Z;44.865;44.94;764;514
2026-06-08T12:35:15.0000000Z;44.865;44.93;764;843
2026-06-08T12:35:16.0000000Z;44.865;44.935;764;130
2026-06-08T12:35:18.0000000Z;44.865;44.935;764;130
2026-06-08T12:35:19.0000000Z;44.855;44.925;960;782
2026-06-08T12:35:20.0000000Z;44.855;44.94;576;514
2026-06-08T12:35:21.0000000Z;44.855;44.935;960;130
2026-06-08T12:35:22.0000000Z;44.86;44.935;764;130
2026-06-08T12:35:23.0000000Z;44.86;44.935;764;130
2026-06-08T12:35:24.0000000Z;44.86;44.935;786;130
2026-06-08T12:35:25.0000000Z;44.86;44.935;786;130
2026-06-08T12:35:26.0000000Z;44.86;44.945;833;130
2026-06-08T12:35:27.0000000Z;44.86;44.945;833;130
2026-06-08T12:35:28.0000000Z;44.86;44.945;833;130
2026-06-08T12:35:29.0000000Z;44.855;44.945;1122;130
2026-06-08T12:35:30.0000000Z;44.855;44.945;1122;130
2026-06-08T12:35:31.0000000Z;44.855;44.945;1122;130
2026-06-08T12:35:32.0000000Z;44.855;44.94;1122;843
2026-06-08T12:35:33.0000000Z;44.855;44.94;1122;130
2026-06-08T12:35:34.0000000Z;44.855;44.935;1122;843
2026-06-08T12:35:35.0000000Z;44.855;44.935;1122;843
2026-06-08T12:35:36.0000000Z;44.855;44.935;1122;827
2026-06-08T12:35:37.0000000Z;44.855;44.94;1122;130
2026-06-08T12:35:39.0000000Z;44.855;44.94;1122;130
2026-06-08T12:35:40.0000000Z;44.855;44.94;1122;130
2026-06-08T12:35:41.0000000Z;44.855;44.94;1122;130
2026-06-08T12:35:42.0000000Z;44.855;44.94;1122;600
2026-06-08T12:35:43.0000000Z;44.855;44.935;1122;130
2026-06-08T12:35:45.0000000Z;44.855;44.94;1122;130
2026-06-08T12:35:46.0000000Z;44.855;44.935;1122;130
2026-06-08T12:35:47.0000000Z;44.855;44.93;1122;843
2026-06-08T12:35:48.0000000Z;44.855;44.93;1122;843
2026-06-08T12:35:49.0000000Z;44.855;44.935;1122;130
2026-06-08T12:35:50.0000000Z;44.855;44.935;1122;130
2026-06-08T12:35:51.0000000Z;44.855;44.935;1122;130
2026-06-08T12:35:52.0000000Z;44.855;44.935;1122;130
2026-06-08T12:35:54.0000000Z;44.855;44.935;1122;130
2026-06-08T12:35:55.0000000Z;44.855;44.935;1122;130
2026-06-08T12:35:56.0000000Z;44.855;44.93;1122;14343
2026-06-08T12:35:57.0000000Z;44.855;44.935;1122;130
2026-06-08T12:35:58.0000000Z;44.855;44.935;1122;130
2026-06-08T12:36:00.0000000Z;44.855;44.935;1122;130
2026-06-08T12:36:01.0000000Z;44.855;44.935;1122;130
2026-06-08T12:36:02.0000000Z;44.855;44.935;1122;130
2026-06-08T12:36:03.0000000Z;44.855;44.935;1122;130
2026-06-08T12:36:04.0000000Z;44.865;44.94;576;514
2026-06-08T12:36:06.0000000Z;44.865;44.935;576;130
2026-06-08T12:36:07.0000000Z;44.865;44.935;576;130
2026-06-08T12:36:09.0000000Z;44.865;44.935;576;130
2026-06-08T12:36:10.0000000Z;44.875;44.935;243;130
2026-06-08T12:36:11.0000000Z;44.875;44.935;243;130
2026-06-08T12:36:12.0000000Z;44.875;44.935;243;130
2026-06-08T12:36:13.0000000Z;44.875;44.935;243;130
2026-06-08T12:36:15.0000000Z;44.875;44.935;243;130
2026-06-08T12:36:16.0000000Z;44.88;44.94;645;514
2026-06-08T12:36:18.0000000Z;44.88;44.935;645;130
2026-06-08T12:36:19.0000000Z;44.88;44.935;645;130
2026-06-08T12:36:20.0000000Z;44.865;44.92;184;549
2026-06-08T12:36:21.0000000Z;44.865;44.935;184;130
2026-06-08T12:36:22.0000000Z;44.875;44.94;642;514
2026-06-08T12:36:23.0000000Z;44.875;44.94;642;984
2026-06-08T12:36:24.0000000Z;44.875;44.935;642;130
2026-06-08T12:36:25.0000000Z;44.87;44.935;677;130
2026-06-08T12:36:26.0000000Z;44.87;44.935;677;130
2026-06-08T12:36:27.0000000Z;44.87;44.93;677;776
2026-06-08T12:36:28.0000000Z;44.87;44.935;677;130
2026-06-08T12:36:30.0000000Z;44.86;44.93;627;749
2026-06-08T12:36:31.0000000Z;44.86;44.935;627;130
2026-06-08T12:36:32.0000000Z;44.865;44.93;729;843
2026-06-08T12:36:33.0000000Z;44.865;44.94;764;514
2026-06-08T12:36:34.0000000Z;44.865;44.935;764;130
2026-06-08T12:36:35.0000000Z;44.865;44.935;764;130
2026-06-08T12:36:36.0000000Z;44.865;44.935;764;130
2026-06-08T12:36:37.0000000Z;44.865;44.935;764;130
2026-06-08T12:36:39.0000000Z;44.865;44.94;764;514
2026-06-08T12:36:40.0000000Z;44.865;44.935;764;130
2026-06-08T12:36:41.0000000Z;44.87;44.935;576;130
2026-06-08T12:36:42.0000000Z;44.87;44.935;576;130
2026-06-08T12:36:43.0000000Z;44.87;44.935;576;130
2026-06-08T12:36:44.0000000Z;44.87;44.935;576;130
2026-06-08T12:36:45.0000000Z;44.875;44.94;694;514
2026-06-08T12:36:46.0000000Z;44.875;44.935;694;130
2026-06-08T12:36:48.0000000Z;44.875;44.935;694;130
2026-06-08T12:36:49.0000000Z;44.875;44.935;694;130
2026-06-08T12:36:51.0000000Z;44.87;44.935;576;130
2026-06-08T12:36:52.0000000Z;44.87;44.935;576;130
2026-06-08T12:36:53.0000000Z;44.87;44.935;576;130
2026-06-08T12:36:54.0000000Z;44.87;44.935;576;130
2026-06-08T12:36:55.0000000Z;44.87;44.935;576;130
2026-06-08T12:36:57.0000000Z;44.875;44.935;751;130
2026-06-08T12:36:58.0000000Z;44.87;44.935;576;130
2026-06-08T12:37:00.0000000Z;44.87;44.935;576;130
2026-06-08T12:37:01.0000000Z;44.87;44.935;576;130
2026-06-08T12:37:02.0000000Z;44.87;44.935;576;130
2026-06-08T12:37:03.0000000Z;44.87;44.94;960;514
2026-06-08T12:37:04.0000000Z;44.87;44.925;960;130
2026-06-08T12:37:05.0000000Z;44.87;44.925;1122;130
2026-06-08T12:37:06.0000000Z;44.87;44.91;738;115
2026-06-08T12:37:09.0000000Z;44.87;44.91;738;115
2026-06-08T12:37:10.0000000Z;44.87;44.915;1122;245
2026-06-08T12:37:11.0000000Z;44.87;44.91;1122;115
2026-06-08T12:37:12.0000000Z;44.87;44.915;1122;245
2026-06-08T12:37:13.0000000Z;44.87;44.91;1122;115
2026-06-08T12:37:15.0000000Z;44.87;44.91;738;115
2026-06-08T12:37:17.0000000Z;44.87;44.915;1122;245
2026-06-08T12:37:18.0000000Z;44.87;44.91;738;115
2026-06-08T12:37:19.0000000Z;44.87;44.91;1122;460
2026-06-08T12:37:20.0000000Z;44.88;44.915;576;115
2026-06-08T12:37:21.0000000Z;44.88;44.92;576;550
2026-06-08T12:37:22.0000000Z;44.88;44.92;576;550
2026-06-08T12:37:23.0000000Z;44.88;44.92;576;550
2026-06-08T12:37:25.0000000Z;44.88;44.92;576;550
2026-06-08T12:37:26.0000000Z;44.88;44.92;576;550
2026-06-08T12:37:30.0000000Z;44.88;44.92;576;550
2026-06-08T12:37:32.0000000Z;44.88;44.915;738;534
2026-06-08T12:37:33.0000000Z;44.875;44.915;405;14034
2026-06-08T12:37:35.0000000Z;44.88;44.91;404;550
2026-06-08T12:37:36.0000000Z;44.88;44.91;404;550
2026-06-08T12:37:40.0000000Z;44.88;44.91;404;550
2026-06-08T12:37:42.0000000Z;44.875;44.91;405;550
2026-06-08T12:37:43.0000000Z;44.875;44.91;405;550
2026-06-08T12:37:48.0000000Z;44.875;44.91;405;550
2026-06-08T12:37:52.0000000Z;44.88;44.905;269;14013
2026-06-08T12:37:53.0000000Z;44.875;44.91;738;550
2026-06-08T12:37:55.0000000Z;44.875;44.91;738;550
2026-06-08T12:37:57.0000000Z;44.875;44.91;738;550
2026-06-08T12:37:58.0000000Z;44.88;44.91;478;550
2026-06-08T12:38:03.0000000Z;44.875;44.905;738;351
2026-06-08T12:38:08.0000000Z;44.875;44.905;738;351
2026-06-08T12:38:10.0000000Z;44.875;44.905;576;351
2026-06-08T12:38:12.0000000Z;44.875;44.905;576;351
2026-06-08T12:38:20.0000000Z;44.875;44.905;738;351
2026-06-08T12:38:21.0000000Z;44.865;44.905;973;351
2026-06-08T12:38:22.0000000Z;44.865;44.905;973;351
2026-06-08T12:38:23.0000000Z;44.875;44.905;270;351
2026-06-08T12:38:24.0000000Z;44.875;44.905;576;351
2026-06-08T12:38:25.0000000Z;44.875;44.905;576;351
2026-06-08T12:38:28.0000000Z;44.875;44.905;576;351
2026-06-08T12:38:29.0000000Z;44.875;44.905;552;351
2026-06-08T12:38:34.0000000Z;44.875;44.905;552;351
2026-06-08T12:38:35.0000000Z;44.875;44.905;552;351
2026-06-08T12:38:36.0000000Z;44.875;44.905;405;351
2026-06-08T12:38:40.0000000Z;44.875;44.905;405;351
2026-06-08T12:38:43.0000000Z;44.875;44.905;243;351
2026-06-08T12:38:51.0000000Z;44.87;44.905;405;429
2026-06-08T12:38:52.0000000Z;44.87;44.905;243;429
2026-06-08T12:38:53.0000000Z;44.875;44.905;311;429
2026-06-08T12:38:57.0000000Z;44.875;44.905;311;429
2026-06-08T12:39:02.0000000Z;44.865;44.905;789;429
2026-06-08T12:39:03.0000000Z;44.865;44.905;405;429
2026-06-08T12:39:05.0000000Z;44.87;44.905;379;429
2026-06-08T12:39:06.0000000Z;44.865;44.905;789;429
2026-06-08T12:39:07.0000000Z;44.865;44.905;789;429
2026-06-08T12:39:08.0000000Z;44.865;44.905;789;429
2026-06-08T12:39:10.0000000Z;44.875;44.905;576;429
2026-06-08T12:39:11.0000000Z;44.88;44.905;270;429
2026-06-08T12:39:12.0000000Z;44.875;44.905;576;429
2026-06-08T12:39:13.0000000Z;44.875;44.905;576;429
2026-06-08T12:39:16.0000000Z;44.875;44.905;576;429
2026-06-08T12:39:18.0000000Z;44.875;44.905;576;429
2026-06-08T12:39:20.0000000Z;44.875;44.905;576;429
2026-06-08T12:39:23.0000000Z;44.875;44.905;576;429
2026-06-08T12:39:24.0000000Z;44.875;44.905;576;429
2026-06-08T12:39:26.0000000Z;44.875;44.905;738;429
2026-06-08T12:39:27.0000000Z;44.87;44.905;243;429
2026-06-08T12:39:29.0000000Z;44.875;44.905;312;429
2026-06-08T12:39:34.0000000Z;44.875;44.905;312;429
2026-06-08T12:39:37.0000000Z;44.87;44.905;627;429
2026-06-08T12:39:38.0000000Z;44.87;44.905;627;429
2026-06-08T12:39:41.0000000Z;44.87;44.905;627;429
2026-06-08T12:39:42.0000000Z;44.87;44.905;627;429
2026-06-08T12:39:43.0000000Z;44.87;44.905;627;429
2026-06-08T12:39:45.0000000Z;44.87;44.905;627;429
2026-06-08T12:39:46.0000000Z;44.87;44.905;627;429
2026-06-08T12:39:47.0000000Z;44.87;44.905;627;429
2026-06-08T12:39:48.0000000Z;44.87;44.905;627;429
2026-06-08T12:39:51.0000000Z;44.87;44.905;960;429
2026-06-08T12:39:53.0000000Z;44.87;44.905;960;429
2026-06-08T12:39:55.0000000Z;44.87;44.905;960;429
2026-06-08T12:39:56.0000000Z;44.87;44.905;960;429
2026-06-08T12:39:59.0000000Z;44.86;44.91;243;13500
2026-06-08T12:40:00.0000000Z;44.875;44.905;194;497
2026-06-08T12:40:02.0000000Z;44.875;44.905;194;559
2026-06-08T12:40:03.0000000Z;44.87;44.905;314;559
2026-06-08T12:40:05.0000000Z;44.87;44.905;314;559
2026-06-08T12:40:06.0000000Z;44.87;44.955;314;384
2026-06-08T12:40:07.0000000Z;44.87;44.955;784;384
2026-06-08T12:40:09.0000000Z;44.86;44.945;243;825
2026-06-08T12:40:10.0000000Z;44.87;44.95;576;115
2026-06-08T12:40:11.0000000Z;44.87;44.935;576;550
2026-06-08T12:40:12.0000000Z;44.87;44.93;576;721
2026-06-08T12:40:13.0000000Z;44.87;44.935;576;550
2026-06-08T12:40:14.0000000Z;44.87;44.935;960;550
2026-06-08T12:40:15.0000000Z;44.87;44.935;576;550
2026-06-08T12:40:20.0000000Z;44.86;44.93;811;788
2026-06-08T12:40:21.0000000Z;44.875;44.93;646;788
2026-06-08T12:40:22.0000000Z;44.87;44.93;960;788
2026-06-08T12:40:25.0000000Z;44.87;44.93;576;788
2026-06-08T12:40:30.0000000Z;44.87;44.93;576;788
2026-06-08T12:40:31.0000000Z;44.86;44.93;947;788
2026-06-08T12:40:32.0000000Z;44.86;44.93;427;843
2026-06-08T12:40:33.0000000Z;44.87;44.93;405;843
2026-06-08T12:40:34.0000000Z;44.87;44.93;405;843
2026-06-08T12:40:35.0000000Z;44.87;44.93;243;843
2026-06-08T12:40:36.0000000Z;44.87;44.915;162;550
2026-06-08T12:40:37.0000000Z;44.85;44.91;162;115
2026-06-08T12:40:38.0000000Z;44.86;44.91;162;115
2026-06-08T12:40:39.0000000Z;44.85;44.915;13500;550
2026-06-08T12:40:41.0000000Z;44.845;44.905;162;550
2026-06-08T12:40:43.0000000Z;44.85;44.905;264;550
2026-06-08T12:40:46.0000000Z;44.85;44.905;264;550
2026-06-08T12:41:01.0000000Z;44.855;44.905;162;550
2026-06-08T12:41:06.0000000Z;44.855;44.905;162;550
2026-06-08T12:41:08.0000000Z;44.86;44.905;162;550
2026-06-08T12:41:12.0000000Z;44.865;44.905;256;550
2026-06-08T12:41:14.0000000Z;44.865;44.905;256;550
2026-06-08T12:41:15.0000000Z;44.87;44.905;236;550
2026-06-08T12:41:16.0000000Z;44.865;44.905;221;521
2026-06-08T12:41:17.0000000Z;44.865;44.905;13721;521
2026-06-08T12:41:19.0000000Z;44.86;44.905;249;521
2026-06-08T12:41:20.0000000Z;44.855;44.905;632;521
2026-06-08T12:41:21.0000000Z;44.855;44.905;632;521
2026-06-08T12:41:24.0000000Z;44.855;44.905;632;521
2026-06-08T12:41:26.0000000Z;44.855;44.905;632;521
2026-06-08T12:41:28.0000000Z;44.855;44.905;632;521
2026-06-08T12:41:29.0000000Z;44.865;44.905;256;521
2026-06-08T12:41:30.0000000Z;44.855;44.905;632;521
2026-06-08T12:41:32.0000000Z;44.855;44.905;632;521
2026-06-08T12:41:33.0000000Z;44.855;44.905;632;521
2026-06-08T12:41:34.0000000Z;44.855;44.905;632;521
2026-06-08T12:41:35.0000000Z;44.86;44.905;268;521
2026-06-08T12:41:40.0000000Z;44.86;44.905;162;521
2026-06-08T12:41:42.0000000Z;44.865;44.92;340;550
2026-06-08T12:41:43.0000000Z;44.865;44.905;340;398
2026-06-08T12:41:46.0000000Z;44.855;44.915;162;633
2026-06-08T12:41:47.0000000Z;44.86;44.915;278;655
2026-06-08T12:41:48.0000000Z;44.85;44.915;162;843
2026-06-08T12:41:49.0000000Z;44.84;44.91;162;550
2026-06-08T12:41:50.0000000Z;44.85;44.905;14615;837
2026-06-08T12:41:51.0000000Z;44.85;44.91;1341;550
2026-06-08T12:41:54.0000000Z;44.845;44.91;226;550
2026-06-08T12:41:55.0000000Z;44.835;44.9;162;550
2026-06-08T12:41:57.0000000Z;44.84;44.9;285;550
2026-06-08T12:42:01.0000000Z;44.84;44.9;285;550
2026-06-08T12:42:15.0000000Z;44.84;44.9;162;550
2026-06-08T12:42:16.0000000Z;44.855;44.9;162;550
2026-06-08T12:42:17.0000000Z;44.86;44.9;222;550
2026-06-08T12:42:18.0000000Z;44.84;44.9;162;550
2026-06-08T12:42:19.0000000Z;44.84;44.9;162;550
2026-06-08T12:42:20.0000000Z;44.845;44.9;334;550
2026-06-08T12:42:21.0000000Z;44.845;44.9;162;550
2026-06-08T12:42:22.0000000Z;44.85;44.9;327;550
2026-06-08T12:42:23.0000000Z;44.845;44.9;632;550
2026-06-08T12:42:26.0000000Z;44.845;44.9;162;550
2026-06-08T12:42:32.0000000Z;44.845;44.9;162;550
2026-06-08T12:42:33.0000000Z;44.835;44.925;162;489
2026-06-08T12:42:34.0000000Z;44.845;44.925;13500;489
2026-06-08T12:42:35.0000000Z;44.85;44.94;213;115
2026-06-08T12:42:36.0000000Z;44.845;44.95;13500;489
2026-06-08T12:42:37.0000000Z;44.845;44.9;13500;376
2026-06-08T12:42:38.0000000Z;44.645;44.985;492;489
2026-06-08T12:42:39.0000000Z;44.65;44.91;162;843
2026-06-08T12:42:40.0000000Z;44.86;45.045;162;384
2026-06-08T12:42:41.0000000Z;44.87;44.95;855;13500
2026-06-08T12:42:42.0000000Z;44.865;44.99;162;499
2026-06-08T12:42:43.0000000Z;44.865;44.985;405;384
2026-06-08T12:42:44.0000000Z;44.865;44.965;405;833
2026-06-08T12:42:45.0000000Z;44.865;44.955;405;550
2026-06-08T12:42:48.0000000Z;44.865;44.955;405;550
2026-06-08T12:42:49.0000000Z;44.86;44.955;243;550
2026-06-08T12:42:50.0000000Z;44.86;44.955;243;550
2026-06-08T12:42:51.0000000Z;44.86;44.945;405;550
2026-06-08T12:42:52.0000000Z;44.865;44.94;781;843
2026-06-08T12:42:53.0000000Z;44.865;44.94;781;843
2026-06-08T12:42:55.0000000Z;44.865;44.94;776;843
2026-06-08T12:42:56.0000000Z;44.865;44.94;162;843
2026-06-08T12:42:58.0000000Z;44.865;44.94;162;843
2026-06-08T12:42:59.0000000Z;44.865;44.94;405;843
2026-06-08T12:42:59.0000000Z;44.865;44.94;243;843
2026-06-08T12:43:00.0000000Z;44.86;44.94;405;843
2026-06-08T12:43:01.0000000Z;44.86;44.94;405;843
2026-06-08T12:43:03.0000000Z;44.86;44.94;405;843
2026-06-08T12:43:04.0000000Z;44.86;44.94;405;843
2026-06-08T12:43:06.0000000Z;44.86;44.94;162;843
2026-06-08T12:43:08.0000000Z;44.86;44.94;405;843
2026-06-08T12:43:09.0000000Z;44.86;44.935;162;550
2026-06-08T12:43:10.0000000Z;44.86;44.935;162;550
2026-06-08T12:43:11.0000000Z;44.86;44.935;162;550
2026-06-08T12:43:12.0000000Z;44.86;44.935;162;550
2026-06-08T12:43:13.0000000Z;44.86;44.935;162;550
2026-06-08T12:43:14.0000000Z;44.86;44.935;162;550
2026-06-08T12:43:15.0000000Z;44.86;44.935;405;550
2026-06-08T12:43:17.0000000Z;44.865;44.935;162;550
2026-06-08T12:43:18.0000000Z;44.865;44.935;162;550
2026-06-08T12:43:21.0000000Z;44.865;44.935;162;550
2026-06-08T12:43:22.0000000Z;44.865;44.935;632;550
2026-06-08T12:43:23.0000000Z;44.87;44.935;681;550
2026-06-08T12:43:24.0000000Z;44.87;44.935;14181;550
2026-06-08T12:43:26.0000000Z;44.87;44.935;681;550
2026-06-08T12:43:27.0000000Z;44.87;44.935;681;550
2026-06-08T12:43:30.0000000Z;44.865;44.935;470;550
2026-06-08T12:43:34.0000000Z;44.86;44.935;405;550
2026-06-08T12:43:35.0000000Z;44.865;44.935;162;550
2026-06-08T12:43:36.0000000Z;44.86;44.935;405;550
2026-06-08T12:43:37.0000000Z;44.86;44.935;405;550
2026-06-08T12:43:38.0000000Z;44.865;44.935;712;550
2026-06-08T12:43:39.0000000Z;44.87;44.935;668;550
2026-06-08T12:43:41.0000000Z;44.865;44.935;712;550
2026-06-08T12:43:42.0000000Z;44.86;44.935;162;550
2026-06-08T12:43:43.0000000Z;44.86;44.935;162;550
2026-06-08T12:43:44.0000000Z;44.86;44.935;405;550
2026-06-08T12:43:45.0000000Z;44.87;44.935;668;550
2026-06-08T12:43:46.0000000Z;44.86;44.935;405;550
2026-06-08T12:43:47.0000000Z;44.86;44.935;162;550
2026-06-08T12:43:53.0000000Z;44.86;44.935;162;550
2026-06-08T12:43:54.0000000Z;44.865;44.935;162;550
2026-06-08T12:43:55.0000000Z;44.865;44.935;714;550
2026-06-08T12:43:56.0000000Z;44.865;44.935;14214;550
2026-06-08T12:43:57.0000000Z;44.86;44.935;162;550
2026-06-08T12:43:58.0000000Z;44.865;44.935;714;550
2026-06-08T12:43:59.0000000Z;44.86;44.935;162;550
2026-06-08T12:44:00.0000000Z;44.865;44.93;835;550
2026-06-08T12:44:01.0000000Z;44.865;44.925;835;650
2026-06-08T12:44:02.0000000Z;44.855;44.925;405;663
2026-06-08T12:44:03.0000000Z;44.85;44.925;405;786
2026-06-08T12:44:04.0000000Z;44.86;44.925;679;786
2026-06-08T12:44:05.0000000Z;44.86;44.925;679;786
2026-06-08T12:44:06.0000000Z;44.855;44.925;405;786
2026-06-08T12:44:08.0000000Z;44.855;44.925;405;808
2026-06-08T12:44:10.0000000Z;44.855;44.925;405;808
2026-06-08T12:44:11.0000000Z;44.855;44.925;405;808
2026-06-08T12:44:13.0000000Z;44.855;44.925;405;808
2026-06-08T12:44:14.0000000Z;44.855;44.925;405;808
2026-06-08T12:44:15.0000000Z;44.855;44.925;405;826
2026-06-08T12:44:18.0000000Z;44.855;44.925;405;826
2026-06-08T12:44:19.0000000Z;44.855;44.925;162;826
2026-06-08T12:44:20.0000000Z;44.855;44.925;405;826
2026-06-08T12:44:23.0000000Z;44.855;44.925;162;826
2026-06-08T12:44:24.0000000Z;44.855;44.925;162;826
2026-06-08T12:44:25.0000000Z;44.855;44.925;162;826
2026-06-08T12:44:27.0000000Z;44.855;44.925;162;826
2026-06-08T12:44:30.0000000Z;44.855;44.925;405;826
2026-06-08T12:44:33.0000000Z;44.855;44.925;162;826
2026-06-08T12:44:38.0000000Z;44.86;44.925;162;826
2026-06-08T12:44:39.0000000Z;44.86;44.925;162;826
2026-06-08T12:44:40.0000000Z;44.86;44.925;706;826
2026-06-08T12:44:41.0000000Z;44.855;44.925;162;843
2026-06-08T12:44:44.0000000Z;44.855;44.925;162;843
2026-06-08T12:44:51.0000000Z;44.855;44.925;405;843
2026-06-08T12:44:53.0000000Z;44.86;44.925;162;843
2026-06-08T12:44:54.0000000Z;44.86;44.925;162;843
2026-06-08T12:44:55.0000000Z;44.855;44.925;875;843
2026-06-08T12:44:56.0000000Z;44.86;44.925;14216;843
2026-06-08T12:44:57.0000000Z;44.855;44.925;243;843
2026-06-08T12:44:58.0000000Z;44.855;44.925;405;843
2026-06-08T12:44:59.0000000Z;44.865;44.925;669;843
2026-06-08T12:44:59.0000000Z;44.855;44.925;405;843
2026-06-08T12:45:02.0000000Z;44.86;44.925;714;843
2026-06-08T12:45:07.0000000Z;44.86;44.925;714;843
2026-06-08T12:45:09.0000000Z;44.86;44.925;714;843
2026-06-08T12:45:16.0000000Z;44.855;44.925;405;843
2026-06-08T12:45:18.0000000Z;44.855;44.925;405;843
2026-06-08T12:45:23.0000000Z;44.855;44.925;875;843
2026-06-08T12:45:24.0000000Z;44.855;44.925;405;843
2026-06-08T12:45:25.0000000Z;44.855;44.925;405;843
2026-06-08T12:45:26.0000000Z;44.86;44.925;14214;843
2026-06-08T12:45:27.0000000Z;44.86;44.925;14214;843
2026-06-08T12:45:28.0000000Z;44.86;44.925;714;843
2026-06-08T12:45:32.0000000Z;44.86;44.925;714;843
2026-06-08T12:45:34.0000000Z;44.855;44.925;405;843
2026-06-08T12:45:36.0000000Z;44.855;44.925;162;843
2026-06-08T12:45:39.0000000Z;44.86;44.92;728;550
2026-06-08T12:45:42.0000000Z;44.86;44.92;728;550
2026-06-08T12:45:43.0000000Z;44.86;44.92;728;550
2026-06-08T12:45:44.0000000Z;44.86;44.92;728;550
2026-06-08T12:45:46.0000000Z;44.86;44.92;728;550
2026-06-08T12:45:47.0000000Z;44.85;44.92;405;550
2026-06-08T12:45:50.0000000Z;44.855;44.92;680;550
2026-06-08T12:45:52.0000000Z;44.855;44.92;680;550
2026-06-08T12:45:54.0000000Z;44.855;44.92;680;550
2026-06-08T12:46:03.0000000Z;44.85;44.915;162;836
2026-06-08T12:46:06.0000000Z;44.85;44.915;405;836
2026-06-08T12:46:07.0000000Z;44.85;44.915;405;836
2026-06-08T12:46:12.0000000Z;44.85;44.915;875;836
2026-06-08T12:46:13.0000000Z;44.85;44.915;405;836
2026-06-08T12:46:15.0000000Z;44.855;44.915;162;836
2026-06-08T12:46:16.0000000Z;44.85;44.915;405;836
2026-06-08T12:46:17.0000000Z;44.855;44.915;679;836
2026-06-08T12:46:19.0000000Z;44.86;44.915;635;836
2026-06-08T12:46:20.0000000Z;44.86;44.915;635;836
2026-06-08T12:46:21.0000000Z;44.855;44.915;162;836
2026-06-08T12:46:23.0000000Z;44.855;44.915;162;836
2026-06-08T12:46:27.0000000Z;44.855;44.915;162;836
2026-06-08T12:46:30.0000000Z;44.855;44.915;162;836
2026-06-08T12:46:33.0000000Z;44.855;44.915;162;836
2026-06-08T12:46:34.0000000Z;44.855;44.915;405;836
2026-06-08T12:46:37.0000000Z;44.865;44.915;567;836
2026-06-08T12:46:38.0000000Z;44.865;44.915;567;836
2026-06-08T12:46:39.0000000Z;44.865;44.915;567;836
2026-06-08T12:46:40.0000000Z;44.86;44.915;162;836
2026-06-08T12:46:44.0000000Z;44.86;44.915;162;836
2026-06-08T12:46:46.0000000Z;44.855;44.915;162;836
2026-06-08T12:46:48.0000000Z;44.86;44.915;637;836
2026-06-08T12:46:50.0000000Z;44.86;44.915;637;836
2026-06-08T12:46:51.0000000Z;44.86;44.915;637;836
2026-06-08T12:47:04.0000000Z;44.85;44.915;162;836
2026-06-08T12:47:05.0000000Z;44.845;44.915;3422;836
2026-06-08T12:47:06.0000000Z;44.855;44.915;162;836
2026-06-08T12:47:07.0000000Z;44.855;44.915;162;836
2026-06-08T12:47:08.0000000Z;44.855;44.915;162;836
2026-06-08T12:47:11.0000000Z;44.855;44.915;162;836
2026-06-08T12:47:12.0000000Z;44.85;44.9;162;550
2026-06-08T12:47:13.0000000Z;44.85;44.9;162;550
2026-06-08T12:47:14.0000000Z;44.855;44.9;162;550
2026-06-08T12:47:19.0000000Z;44.855;44.9;162;550
2026-06-08T12:47:20.0000000Z;44.855;44.9;162;550
2026-06-08T12:47:23.0000000Z;44.855;44.9;162;550
2026-06-08T12:47:24.0000000Z;44.85;44.9;162;550
2026-06-08T12:47:26.0000000Z;44.855;44.9;428;550
2026-06-08T12:47:27.0000000Z;44.835;44.895;162;797
2026-06-08T12:47:28.0000000Z;44.85;44.895;162;797
2026-06-08T12:47:29.0000000Z;44.85;44.895;162;797
2026-06-08T12:47:32.0000000Z;44.855;44.895;669;550
2026-06-08T12:47:33.0000000Z;44.855;44.89;669;466
2026-06-08T12:47:34.0000000Z;44.85;44.895;162;550
2026-06-08T12:47:36.0000000Z;44.845;44.89;162;481
2026-06-08T12:47:38.0000000Z;44.85;44.89;432;481
2026-06-08T12:47:39.0000000Z;44.85;44.89;162;481
2026-06-08T12:47:45.0000000Z;44.85;44.89;162;481
2026-06-08T12:47:46.0000000Z;44.845;44.89;162;481
2026-06-08T12:47:49.0000000Z;44.85;44.89;432;481
2026-06-08T12:47:52.0000000Z;44.845;44.89;162;481
2026-06-08T12:47:53.0000000Z;44.845;44.89;162;481
2026-06-08T12:47:54.0000000Z;44.85;44.89;162;481
2026-06-08T12:47:55.0000000Z;44.85;44.89;162;481
2026-06-08T12:47:56.0000000Z;44.85;44.89;162;481
2026-06-08T12:48:00.0000000Z;44.85;44.89;162;481
2026-06-08T12:48:03.0000000Z;44.85;44.89;162;481
2026-06-08T12:48:05.0000000Z;44.845;44.89;162;481
2026-06-08T12:48:06.0000000Z;44.845;44.89;162;481
2026-06-08T12:48:07.0000000Z;44.845;44.89;162;481
2026-06-08T12:48:09.0000000Z;44.845;44.89;162;481
2026-06-08T12:48:11.0000000Z;44.845;44.89;162;481
2026-06-08T12:48:13.0000000Z;44.845;44.89;162;481
2026-06-08T12:48:14.0000000Z;44.845;44.89;162;481
2026-06-08T12:48:19.0000000Z;44.845;44.89;162;481
2026-06-08T12:48:22.0000000Z;44.85;44.89;162;481
2026-06-08T12:48:23.0000000Z;44.855;44.89;362;481
2026-06-08T12:48:28.0000000Z;44.85;44.89;162;481
2026-06-08T12:48:29.0000000Z;44.85;44.89;162;481
2026-06-08T12:48:35.0000000Z;44.85;44.89;162;481
2026-06-08T12:48:41.0000000Z;44.85;44.89;162;481
2026-06-08T12:48:42.0000000Z;44.85;44.89;162;481
2026-06-08T12:48:47.0000000Z;44.86;44.89;303;481
2026-06-08T12:48:48.0000000Z;44.855;44.89;162;481
2026-06-08T12:48:49.0000000Z;44.85;44.89;162;481
2026-06-08T12:48:51.0000000Z;44.855;44.89;362;481
2026-06-08T12:48:56.0000000Z;44.855;44.89;162;481
2026-06-08T12:49:01.0000000Z;44.855;44.89;162;481
2026-06-08T12:49:02.0000000Z;44.855;44.89;162;481
2026-06-08T12:49:03.0000000Z;44.86;44.89;13859;481
2026-06-08T12:49:07.0000000Z;44.86;44.89;13859;481
2026-06-08T12:49:08.0000000Z;44.86;44.89;162;481
2026-06-08T12:49:09.0000000Z;44.86;44.89;162;481
2026-06-08T12:49:16.0000000Z;44.86;44.89;162;481
2026-06-08T12:49:18.0000000Z;44.865;44.89;162;481
2026-06-08T12:49:19.0000000Z;44.865;44.89;13803;481
2026-06-08T12:49:21.0000000Z;44.86;44.89;162;481
2026-06-08T12:49:22.0000000Z;44.865;44.89;162;481
2026-06-08T12:49:24.0000000Z;44.86;44.89;162;481
2026-06-08T12:49:26.0000000Z;44.86;44.89;162;481
2026-06-08T12:49:27.0000000Z;44.86;44.89;162;481
2026-06-08T12:49:30.0000000Z;44.86;44.89;162;481
2026-06-08T12:49:33.0000000Z;44.86;44.89;162;481
2026-06-08T12:49:37.0000000Z;44.86;44.89;162;481
2026-06-08T12:49:39.0000000Z;44.86;44.89;162;481
2026-06-08T12:49:44.0000000Z;44.86;44.89;162;481
2026-06-08T12:49:45.0000000Z;44.86;44.89;162;481
2026-06-08T12:49:47.0000000Z;44.86;44.89;162;481
2026-06-08T12:49:49.0000000Z;44.86;44.89;162;481
2026-06-08T12:49:51.0000000Z;44.865;44.89;162;481
2026-06-08T12:49:54.0000000Z;44.865;44.89;162;481
2026-06-08T12:49:55.0000000Z;44.865;44.89;162;481
2026-06-08T12:49:57.0000000Z;44.865;44.89;162;481
2026-06-08T12:49:58.0000000Z;44.865;44.89;162;481
2026-06-08T12:50:03.0000000Z;44.865;44.89;162;481
2026-06-08T12:50:04.0000000Z;44.865;44.89;162;481
2026-06-08T12:50:09.0000000Z;44.865;44.89;162;481
2026-06-08T12:50:14.0000000Z;44.865;44.89;162;481
2026-06-08T12:50:17.0000000Z;44.865;44.89;162;481
2026-06-08T12:50:19.0000000Z;44.865;44.89;162;481
2026-06-08T12:50:21.0000000Z;44.865;44.89;162;481
2026-06-08T12:50:23.0000000Z;44.865;44.895;162;13500
2026-06-08T12:50:26.0000000Z;44.865;44.895;162;13500
2026-06-08T12:50:27.0000000Z;44.865;44.89;162;283
2026-06-08T12:50:28.0000000Z;44.865;44.89;162;283
2026-06-08T12:50:33.0000000Z;44.865;44.9;162;550
2026-06-08T12:50:35.0000000Z;44.865;44.9;162;550
2026-06-08T12:50:36.0000000Z;44.86;44.895;162;348
2026-06-08T12:50:37.0000000Z;44.86;44.895;162;373
2026-06-08T12:50:38.0000000Z;44.855;44.895;162;451
2026-06-08T12:50:40.0000000Z;44.855;44.895;162;451
2026-06-08T12:50:42.0000000Z;44.86;44.895;365;451
2026-06-08T12:50:43.0000000Z;44.86;44.895;365;451
2026-06-08T12:50:44.0000000Z;44.855;44.895;162;451
2026-06-08T12:50:51.0000000Z;44.855;44.895;162;451
2026-06-08T12:50:52.0000000Z;44.855;44.895;162;451
2026-06-08T12:50:53.0000000Z;44.85;44.895;162;451
2026-06-08T12:50:56.0000000Z;44.855;44.895;162;451
2026-06-08T12:50:57.0000000Z;44.85;44.895;162;519
2026-06-08T12:50:58.0000000Z;44.855;44.895;13929;519
2026-06-08T12:50:59.0000000Z;44.855;44.895;13929;519
2026-06-08T12:51:00.0000000Z;44.855;44.895;429;519
2026-06-08T12:51:02.0000000Z;44.855;44.895;429;519
2026-06-08T12:51:03.0000000Z;44.855;44.895;429;519
2026-06-08T12:51:04.0000000Z;44.85;44.895;162;519
2026-06-08T12:51:07.0000000Z;44.85;44.895;162;519
2026-06-08T12:51:10.0000000Z;44.85;44.895;162;519
2026-06-08T12:51:12.0000000Z;44.85;44.895;162;519
2026-06-08T12:51:16.0000000Z;44.85;44.895;162;519
2026-06-08T12:51:17.0000000Z;44.855;44.895;162;519
2026-06-08T12:51:19.0000000Z;44.85;44.895;162;536
2026-06-08T12:51:20.0000000Z;44.85;44.895;162;536
2026-06-08T12:51:21.0000000Z;44.85;44.895;162;536
2026-06-08T12:51:23.0000000Z;44.85;44.895;162;536
2026-06-08T12:51:25.0000000Z;44.85;44.895;162;536
2026-06-08T12:51:27.0000000Z;44.855;44.895;162;536
2026-06-08T12:51:31.0000000Z;44.855;44.895;162;536
2026-06-08T12:51:32.0000000Z;44.85;44.895;162;536
2026-06-08T12:51:33.0000000Z;44.855;44.895;432;536
2026-06-08T12:51:35.0000000Z;44.855;44.895;162;536
2026-06-08T12:51:37.0000000Z;44.85;44.895;162;536
2026-06-08T12:51:38.0000000Z;44.855;44.895;162;536
2026-06-08T12:51:39.0000000Z;44.85;44.895;405;536
2026-06-08T12:51:40.0000000Z;44.85;44.895;162;536
2026-06-08T12:51:41.0000000Z;44.855;44.895;13932;536
2026-06-08T12:51:43.0000000Z;44.855;44.895;432;536
2026-06-08T12:51:46.0000000Z;44.85;44.895;162;536
2026-06-08T12:51:49.0000000Z;44.85;44.895;162;536
2026-06-08T12:51:50.0000000Z;44.85;44.895;162;536
2026-06-08T12:51:52.0000000Z;44.85;44.895;162;536
2026-06-08T12:51:56.0000000Z;44.85;44.895;162;536
2026-06-08T12:51:57.0000000Z;44.85;44.895;162;536
2026-06-08T12:51:58.0000000Z;44.85;44.895;162;536
2026-06-08T12:52:01.0000000Z;44.85;44.895;162;536
2026-06-08T12:52:02.0000000Z;44.845;44.895;162;536
2026-06-08T12:52:03.0000000Z;44.845;44.895;162;536
2026-06-08T12:52:05.0000000Z;44.85;44.895;502;536
2026-06-08T12:52:08.0000000Z;44.85;44.895;162;536
2026-06-08T12:52:11.0000000Z;44.845;44.895;162;536
2026-06-08T12:52:13.0000000Z;44.85;44.895;502;536
2026-06-08T12:52:14.0000000Z;44.85;44.895;162;536
2026-06-08T12:52:15.0000000Z;44.855;44.895;432;536
2026-06-08T12:52:16.0000000Z;44.845;44.895;162;536
2026-06-08T12:52:17.0000000Z;44.845;44.895;162;536
2026-06-08T12:52:18.0000000Z;44.85;44.895;162;536
2026-06-08T12:52:19.0000000Z;44.855;44.895;432;536
2026-06-08T12:52:20.0000000Z;44.845;44.895;162;536
2026-06-08T12:52:21.0000000Z;44.85;44.895;14002;536
2026-06-08T12:52:23.0000000Z;44.85;44.895;502;536
2026-06-08T12:52:26.0000000Z;44.85;44.895;162;536
2026-06-08T12:52:27.0000000Z;44.855;44.895;432;536
2026-06-08T12:52:32.0000000Z;44.85;44.895;162;536
2026-06-08T12:52:33.0000000Z;44.85;44.895;162;536
2026-06-08T12:52:39.0000000Z;44.85;44.895;162;536
2026-06-08T12:52:44.0000000Z;44.85;44.895;162;536
2026-06-08T12:52:45.0000000Z;44.85;44.895;162;536
2026-06-08T12:52:46.0000000Z;44.85;44.895;162;536
2026-06-08T12:52:47.0000000Z;44.85;44.895;162;536
2026-06-08T12:52:48.0000000Z;44.85;44.895;162;536
2026-06-08T12:52:49.0000000Z;44.85;44.895;162;536
2026-06-08T12:52:50.0000000Z;44.85;44.895;162;536
2026-06-08T12:52:51.0000000Z;44.85;44.895;162;536
2026-06-08T12:52:52.0000000Z;44.85;44.895;162;536
2026-06-08T12:52:53.0000000Z;44.85;44.895;162;536
2026-06-08T12:52:54.0000000Z;44.85;44.895;162;536
2026-06-08T12:52:55.0000000Z;44.85;44.895;162;536
2026-06-08T12:52:56.0000000Z;44.85;44.895;162;536
2026-06-08T12:52:57.0000000Z;44.85;44.895;162;536
2026-06-08T12:52:58.0000000Z;44.85;44.895;162;536
2026-06-08T12:52:59.0000000Z;44.85;44.895;162;536
2026-06-08T12:53:00.0000000Z;44.845;44.91;162;550
2026-06-08T12:53:02.0000000Z;44.85;44.9;632;492
2026-06-08T12:53:05.0000000Z;44.85;44.905;632;681
2026-06-08T12:53:15.0000000Z;44.85;44.905;632;768
2026-06-08T12:53:17.0000000Z;44.85;44.905;632;796
2026-06-08T12:53:18.0000000Z;44.85;44.905;632;796
2026-06-08T12:53:20.0000000Z;44.85;44.905;632;796
2026-06-08T12:53:24.0000000Z;44.85;44.905;632;796
2026-06-08T12:53:25.0000000Z;44.855;44.905;162;796
2026-06-08T12:53:29.0000000Z;44.855;44.905;162;796
2026-06-08T12:53:30.0000000Z;44.85;44.905;162;796
2026-06-08T12:53:31.0000000Z;44.85;44.905;162;796
2026-06-08T12:53:33.0000000Z;44.855;44.905;162;796
2026-06-08T12:53:34.0000000Z;44.855;44.905;162;796
2026-06-08T12:53:37.0000000Z;44.865;44.905;162;796
2026-06-08T12:53:38.0000000Z;44.87;44.905;359;796
2026-06-08T12:53:39.0000000Z;44.86;44.905;243;796
2026-06-08T12:53:41.0000000Z;44.865;44.905;418;796
2026-06-08T12:53:42.0000000Z;44.865;44.905;418;796
2026-06-08T12:53:47.0000000Z;44.865;44.905;418;796
2026-06-08T12:53:48.0000000Z;44.865;44.905;162;796
2026-06-08T12:53:50.0000000Z;44.865;44.905;162;796
2026-06-08T12:53:52.0000000Z;44.865;44.905;162;796
2026-06-08T12:53:53.0000000Z;44.86;44.905;405;796
2026-06-08T12:53:54.0000000Z;44.865;44.905;162;796
2026-06-08T12:53:56.0000000Z;44.865;44.905;162;796
2026-06-08T12:53:58.0000000Z;44.865;44.905;162;796
2026-06-08T12:54:00.0000000Z;44.865;44.905;162;796
2026-06-08T12:54:01.0000000Z;44.86;44.905;162;796
2026-06-08T12:54:03.0000000Z;44.865;44.905;428;796
2026-06-08T12:54:06.0000000Z;44.86;44.905;162;796
2026-06-08T12:54:07.0000000Z;44.86;44.905;162;796
2026-06-08T12:54:11.0000000Z;44.855;44.905;162;796
2026-06-08T12:54:12.0000000Z;44.86;44.905;162;796
2026-06-08T12:54:13.0000000Z;44.86;44.905;162;796
2026-06-08T12:54:18.0000000Z;44.86;44.905;162;796
2026-06-08T12:54:22.0000000Z;44.87;44.905;362;796
2026-06-08T12:54:23.0000000Z;44.865;44.905;162;796
2026-06-08T12:54:24.0000000Z;44.86;44.905;162;796
2026-06-08T12:54:25.0000000Z;44.865;44.905;162;796
2026-06-08T12:54:27.0000000Z;44.87;44.905;162;796
2026-06-08T12:54:28.0000000Z;44.87;44.905;162;796
2026-06-08T12:54:29.0000000Z;44.87;44.905;162;796
2026-06-08T12:54:30.0000000Z;44.87;44.905;162;796
2026-06-08T12:54:32.0000000Z;44.87;44.905;162;796
2026-06-08T12:54:33.0000000Z;44.87;44.905;162;796
2026-06-08T12:54:34.0000000Z;44.87;44.905;162;796
2026-06-08T12:54:45.0000000Z;44.87;44.905;162;796
2026-06-08T12:54:50.0000000Z;44.87;44.91;162;538
2026-06-08T12:54:51.0000000Z;44.87;44.91;162;538
2026-06-08T12:54:57.0000000Z;44.865;44.91;162;538
2026-06-08T12:55:00.0000000Z;44.87;44.91;368;538
2026-06-08T12:55:03.0000000Z;44.865;44.91;162;538
2026-06-08T12:55:04.0000000Z;44.865;44.91;162;538
2026-06-08T12:55:07.0000000Z;44.87;44.91;162;538
2026-06-08T12:55:08.0000000Z;44.865;44.91;162;538
2026-06-08T12:55:15.0000000Z;44.865;44.91;162;538
2026-06-08T12:55:21.0000000Z;44.865;44.91;162;538
2026-06-08T12:55:27.0000000Z;44.865;44.91;162;538
2026-06-08T12:55:29.0000000Z;44.865;44.91;162;538
2026-06-08T12:55:33.0000000Z;44.865;44.91;162;538
2026-06-08T12:55:34.0000000Z;44.86;44.91;405;538
2026-06-08T12:55:36.0000000Z;44.865;44.91;450;538
2026-06-08T12:55:37.0000000Z;44.865;44.91;450;538
2026-06-08T12:55:38.0000000Z;44.865;44.91;450;538
2026-06-08T12:55:39.0000000Z;44.865;44.91;450;538
2026-06-08T12:55:41.0000000Z;44.865;44.91;162;538
2026-06-08T12:55:42.0000000Z;44.865;44.91;162;538
2026-06-08T12:55:45.0000000Z;44.87;44.91;162;538
2026-06-08T12:55:46.0000000Z;44.87;44.91;162;538
2026-06-08T12:55:49.0000000Z;44.87;44.91;162;538
2026-06-08T12:55:50.0000000Z;44.87;44.91;162;538
2026-06-08T12:55:51.0000000Z;44.87;44.91;162;538
2026-06-08T12:55:52.0000000Z;44.87;44.91;162;538
2026-06-08T12:55:54.0000000Z;44.87;44.91;162;538
2026-06-08T12:55:55.0000000Z;44.87;44.91;162;538
2026-06-08T12:55:56.0000000Z;44.865;44.91;162;538
2026-06-08T12:55:57.0000000Z;44.865;44.91;162;538
2026-06-08T12:55:59.0000000Z;44.875;44.91;309;538
2026-06-08T12:55:59.0000000Z;44.87;44.91;162;538
2026-06-08T12:56:00.0000000Z;44.875;44.91;309;538
2026-06-08T12:56:06.0000000Z;44.87;44.91;162;538
2026-06-08T12:56:07.0000000Z;44.87;44.91;162;538
2026-06-08T12:56:08.0000000Z;44.865;44.91;162;538
2026-06-08T12:56:11.0000000Z;44.87;44.91;365;538
2026-06-08T12:56:14.0000000Z;44.87;44.91;365;538
2026-06-08T12:56:15.0000000Z;44.865;44.91;162;538
2026-06-08T12:56:19.0000000Z;44.86;44.91;162;538
2026-06-08T12:56:21.0000000Z;44.865;44.91;432;538
2026-06-08T12:56:25.0000000Z;44.86;44.91;162;538
2026-06-08T12:56:28.0000000Z;44.86;44.91;162;538
2026-06-08T12:56:29.0000000Z;44.86;44.91;162;538
2026-06-08T12:56:30.0000000Z;44.865;44.92;690;550
2026-06-08T12:56:31.0000000Z;44.86;44.91;162;478
2026-06-08T12:56:35.0000000Z;44.86;44.915;162;725
2026-06-08T12:56:37.0000000Z;44.855;44.915;243;761
2026-06-08T12:56:39.0000000Z;44.855;44.915;405;761
2026-06-08T12:56:40.0000000Z;44.86;44.915;645;761
2026-06-08T12:56:41.0000000Z;44.865;44.915;567;761
2026-06-08T12:56:42.0000000Z;44.865;44.915;567;761
2026-06-08T12:56:43.0000000Z;44.86;44.915;162;784
2026-06-08T12:56:44.0000000Z;44.86;44.915;162;784
2026-06-08T12:56:45.0000000Z;44.86;44.915;162;784
2026-06-08T12:56:47.0000000Z;44.86;44.915;162;784
2026-06-08T12:56:50.0000000Z;44.86;44.915;162;784
2026-06-08T12:56:51.0000000Z;44.86;44.915;162;784
2026-06-08T12:56:57.0000000Z;44.86;44.915;162;784
2026-06-08T12:57:00.0000000Z;44.855;44.915;162;784
2026-06-08T12:57:01.0000000Z;44.86;44.915;162;784
2026-06-08T12:57:03.0000000Z;44.86;44.915;162;784
2026-06-08T12:57:04.0000000Z;44.855;44.915;162;784
2026-06-08T12:57:05.0000000Z;44.855;44.915;162;784
2026-06-08T12:57:06.0000000Z;44.86;44.915;637;784
2026-06-08T12:57:10.0000000Z;44.86;44.915;637;784
2026-06-08T12:57:14.0000000Z;44.86;44.915;637;784
2026-06-08T12:57:19.0000000Z;44.86;44.91;671;550
2026-06-08T12:57:20.0000000Z;44.86;44.905;671;671
2026-06-08T12:57:21.0000000Z;44.85;44.905;162;733
2026-06-08T12:57:22.0000000Z;44.855;44.905;318;733
2026-06-08T12:57:23.0000000Z;44.855;44.905;348;733
2026-06-08T12:57:24.0000000Z;44.855;44.905;571;733
2026-06-08T12:57:25.0000000Z;44.855;44.905;571;733
2026-06-08T12:57:26.0000000Z;44.855;44.905;571;733
2026-06-08T12:57:27.0000000Z;44.855;44.905;571;733
2026-06-08T12:57:29.0000000Z;44.855;44.905;571;733
2026-06-08T12:57:30.0000000Z;44.855;44.905;571;733
2026-06-08T12:57:31.0000000Z;44.855;44.905;571;733
2026-06-08T12:57:32.0000000Z;44.855;44.905;571;733
2026-06-08T12:57:33.0000000Z;44.855;44.905;571;733
2026-06-08T12:57:34.0000000Z;44.845;44.905;162;733
2026-06-08T12:57:36.0000000Z;44.85;44.905;336;733
2026-06-08T12:57:40.0000000Z;44.84;44.905;162;733
2026-06-08T12:57:42.0000000Z;44.845;44.905;388;733
2026-06-08T12:57:47.0000000Z;44.845;44.905;388;733
2026-06-08T12:58:03.0000000Z;44.845;44.905;388;733
2026-06-08T12:58:05.0000000Z;44.85;44.905;162;733
2026-06-08T12:58:06.0000000Z;44.855;44.905;571;733
2026-06-08T12:58:07.0000000Z;44.835;44.905;162;752
2026-06-08T12:58:08.0000000Z;44.835;44.905;162;752
2026-06-08T12:58:09.0000000Z;44.84;44.905;314;752
2026-06-08T12:58:12.0000000Z;44.84;44.905;314;752
2026-06-08T12:58:24.0000000Z;44.84;44.905;326;752
2026-06-08T12:58:33.0000000Z;44.84;44.9;162;550
2026-06-08T12:58:37.0000000Z;44.83;44.9;162;550
2026-06-08T12:58:39.0000000Z;44.78;44.895;162;115
2026-06-08T12:58:40.0000000Z;44.78;44.895;162;115
2026-06-08T12:58:41.0000000Z;44.785;44.895;292;490
2026-06-08T12:58:42.0000000Z;44.755;44.895;162;115
2026-06-08T12:58:43.0000000Z;44.76;44.895;855;490
2026-06-08T12:58:44.0000000Z;44.76;44.895;162;115
2026-06-08T12:58:45.0000000Z;44.765;44.895;855;490
2026-06-08T12:58:49.0000000Z;44.76;44.895;162;490
2026-06-08T12:58:50.0000000Z;44.76;44.895;162;115
2026-06-08T12:58:52.0000000Z;44.77;44.895;162;490
2026-06-08T12:58:58.0000000Z;44.79;44.895;855;490
2026-06-08T12:58:59.0000000Z;44.825;44.9;470;550
2026-06-08T12:59:00.0000000Z;44.845;44.9;162;550
2026-06-08T12:59:01.0000000Z;44.845;44.9;162;550
2026-06-08T12:59:02.0000000Z;44.85;44.9;502;550
2026-06-08T12:59:03.0000000Z;44.85;44.895;502;449
2026-06-08T12:59:04.0000000Z;44.85;44.895;502;449
2026-06-08T12:59:05.0000000Z;44.85;44.895;502;449
2026-06-08T12:59:06.0000000Z;44.85;44.895;502;449
2026-06-08T12:59:07.0000000Z;44.85;44.895;502;449
2026-06-08T12:59:09.0000000Z;44.85;44.895;502;449
2026-06-08T12:59:10.0000000Z;44.85;44.895;502;516
2026-06-08T12:59:11.0000000Z;44.85;44.895;502;516
2026-06-08T12:59:12.0000000Z;44.85;44.895;502;516
2026-06-08T12:59:13.0000000Z;44.85;44.895;502;516
2026-06-08T12:59:14.0000000Z;44.85;44.895;502;516
2026-06-08T12:59:15.0000000Z;44.85;44.895;502;516
2026-06-08T12:59:16.0000000Z;44.85;44.895;502;516
2026-06-08T12:59:17.0000000Z;44.85;44.895;502;516
2026-06-08T12:59:18.0000000Z;44.85;44.895;502;516
2026-06-08T12:59:19.0000000Z;44.85;44.895;292;626
2026-06-08T12:59:20.0000000Z;44.84;44.895;162;626
2026-06-08T12:59:21.0000000Z;44.845;44.895;244;626
2026-06-08T12:59:27.0000000Z;44.845;44.895;162;626
2026-06-08T12:59:28.0000000Z;44.845;44.895;162;626
2026-06-08T12:59:34.0000000Z;44.85;44.895;162;626
2026-06-08T12:59:35.0000000Z;44.85;44.895;162;626
2026-06-08T12:59:38.0000000Z;44.855;44.91;378;550
2026-06-08T12:59:39.0000000Z;44.855;44.9;378;251
2026-06-08T12:59:40.0000000Z;44.855;44.9;378;289
2026-06-08T12:59:43.0000000Z;44.855;44.905;378;353
2026-06-08T12:59:44.0000000Z;44.855;44.905;378;431
2026-06-08T12:59:46.0000000Z;44.845;44.905;162;453
2026-06-08T12:59:48.0000000Z;44.855;44.905;577;464
2026-06-08T12:59:49.0000000Z;44.85;44.905;2747;464
2026-06-08T12:59:50.0000000Z;44.85;44.905;2747;464
2026-06-08T12:59:51.0000000Z;44.86;44.905;243;464
2026-06-08T12:59:53.0000000Z;44.86;44.905;243;464
2026-06-08T12:59:54.0000000Z;44.86;44.905;243;464
2026-06-08T12:59:56.0000000Z;44.86;44.905;243;464
2026-06-08T13:00:01.0000000Z;44.86;44.905;243;464
2026-06-08T13:00:04.0000000Z;44.86;44.905;243;464
2026-06-08T13:00:08.0000000Z;44.86;44.905;243;464
2026-06-08T13:00:19.0000000Z;44.86;44.905;243;464
2026-06-08T13:00:20.0000000Z;44.86;44.925;13500;92
2026-06-08T13:00:21.0000000Z;44.87;44.975;243;470
2026-06-08T13:00:22.0000000Z;44.87;44.915;243;1114
2026-06-08T13:00:23.0000000Z;44.87;44.915;243;1114
2026-06-08T13:00:24.0000000Z;44.87;44.915;243;1114
2026-06-08T13:00:25.0000000Z;44.87;44.97;243;550
2026-06-08T13:00:26.0000000Z;44.87;44.94;243;550
2026-06-08T13:00:27.0000000Z;44.87;44.935;243;834
2026-06-08T13:00:28.0000000Z;44.87;44.935;405;834
2026-06-08T13:00:29.0000000Z;44.88;44.935;243;834
2026-06-08T13:00:30.0000000Z;44.88;44.935;243;834
2026-06-08T13:00:31.0000000Z;44.88;44.935;405;834
2026-06-08T13:00:33.0000000Z;44.88;44.94;405;934
2026-06-08T13:00:34.0000000Z;44.88;44.94;405;934
2026-06-08T13:00:35.0000000Z;44.88;44.94;405;934
2026-06-08T13:00:36.0000000Z;44.885;44.94;580;934
2026-06-08T13:00:37.0000000Z;44.88;44.94;243;934
2026-06-08T13:00:38.0000000Z;44.88;44.94;243;934
2026-06-08T13:00:39.0000000Z;44.88;44.94;243;934
2026-06-08T13:00:40.0000000Z;44.88;44.94;243;934
2026-06-08T13:00:41.0000000Z;44.87;44.94;2572;934
2026-06-08T13:00:42.0000000Z;44.87;44.94;2572;934
2026-06-08T13:00:43.0000000Z;44.87;44.94;2572;550
2026-06-08T13:00:44.0000000Z;44.875;44.94;681;550
2026-06-08T13:00:45.0000000Z;44.875;44.94;681;550
2026-06-08T13:00:46.0000000Z;44.87;44.94;2956;550
2026-06-08T13:00:47.0000000Z;44.87;44.94;3118;550
2026-06-08T13:00:50.0000000Z;44.87;44.94;3118;550
2026-06-08T13:00:51.0000000Z;44.87;44.94;2734;550
2026-06-08T13:00:52.0000000Z;44.87;44.94;2734;550
2026-06-08T13:00:53.0000000Z;44.87;44.94;2734;550
2026-06-08T13:00:54.0000000Z;44.88;44.94;243;550
2026-06-08T13:00:55.0000000Z;44.88;44.94;243;550
2026-06-08T13:00:56.0000000Z;44.88;44.94;405;550
2026-06-08T13:00:57.0000000Z;44.885;44.94;162;550
2026-06-08T13:00:58.0000000Z;44.89;44.94;495;550
2026-06-08T13:00:59.0000000Z;44.885;44.94;566;550
2026-06-08T13:01:00.0000000Z;44.885;44.94;566;550
2026-06-08T13:01:01.0000000Z;44.885;44.94;566;550
2026-06-08T13:01:03.0000000Z;44.885;44.94;566;934
2026-06-08T13:01:04.0000000Z;44.885;44.94;566;934
2026-06-08T13:01:05.0000000Z;44.885;44.94;566;934
2026-06-08T13:01:06.0000000Z;44.88;44.94;162;934
2026-06-08T13:01:08.0000000Z;44.88;44.94;162;934
2026-06-08T13:01:10.0000000Z;44.875;44.94;162;934
2026-06-08T13:01:11.0000000Z;44.88;44.93;162;550
2026-06-08T13:01:13.0000000Z;44.88;44.93;500;550
2026-06-08T13:01:14.0000000Z;44.87;44.925;2341;711
2026-06-08T13:01:15.0000000Z;44.87;44.925;2341;711
2026-06-08T13:01:16.0000000Z;44.86;44.925;381;711
2026-06-08T13:01:17.0000000Z;44.86;44.925;381;711
2026-06-08T13:01:18.0000000Z;44.86;44.925;381;711
2026-06-08T13:01:19.0000000Z;44.86;44.925;381;711
2026-06-08T13:01:21.0000000Z;44.865;44.925;679;711
2026-06-08T13:01:23.0000000Z;44.86;44.925;543;725
2026-06-08T13:01:24.0000000Z;44.86;44.925;543;725
2026-06-08T13:01:28.0000000Z;44.865;44.925;405;725
2026-06-08T13:01:29.0000000Z;44.865;44.925;405;725
2026-06-08T13:01:30.0000000Z;44.875;44.925;560;725
2026-06-08T13:01:34.0000000Z;44.865;44.925;405;826
2026-06-08T13:01:35.0000000Z;44.87;44.925;162;826
2026-06-08T13:01:36.0000000Z;44.87;44.925;162;826
2026-06-08T13:01:37.0000000Z;44.87;44.925;162;826
2026-06-08T13:01:39.0000000Z;44.875;44.925;162;826
2026-06-08T13:01:40.0000000Z;44.875;44.925;162;826
2026-06-08T13:01:41.0000000Z;44.875;44.925;162;826
2026-06-08T13:01:44.0000000Z;44.87;44.925;162;826
2026-06-08T13:01:45.0000000Z;44.875;44.925;560;826
2026-06-08T13:01:46.0000000Z;44.875;44.925;502;826
2026-06-08T13:01:47.0000000Z;44.875;44.925;560;826
2026-06-08T13:01:49.0000000Z;44.875;44.925;560;826
2026-06-08T13:01:53.0000000Z;44.87;44.925;162;826
2026-06-08T13:01:55.0000000Z;44.87;44.925;162;826
2026-06-08T13:01:57.0000000Z;44.875;44.925;710;550
2026-06-08T13:01:58.0000000Z;44.875;44.92;710;499
2026-06-08T13:01:59.0000000Z;44.87;44.92;162;511
2026-06-08T13:02:02.0000000Z;44.875;44.92;162;511
2026-06-08T13:02:03.0000000Z;44.875;44.92;162;511
2026-06-08T13:02:04.0000000Z;44.875;44.92;162;439
2026-06-08T13:02:05.0000000Z;44.875;44.92;162;439
2026-06-08T13:02:07.0000000Z;44.88;44.92;162;282
2026-06-08T13:02:08.0000000Z;44.88;44.92;162;339
2026-06-08T13:02:09.0000000Z;44.88;44.92;162;388
2026-06-08T13:02:12.0000000Z;44.88;44.92;162;418
2026-06-08T13:02:13.0000000Z;44.88;44.92;162;479
2026-06-08T13:02:14.0000000Z;44.88;44.92;162;479
2026-06-08T13:02:15.0000000Z;44.88;44.92;162;479
2026-06-08T13:02:16.0000000Z;44.88;44.92;162;479
2026-06-08T13:02:17.0000000Z;44.88;44.92;162;479
2026-06-08T13:02:20.0000000Z;44.87;44.92;162;515
2026-06-08T13:02:21.0000000Z;44.875;44.92;162;515
2026-06-08T13:02:22.0000000Z;44.88;44.92;423;515
2026-06-08T13:02:23.0000000Z;44.88;44.92;423;515
2026-06-08T13:02:25.0000000Z;44.87;44.92;243;515
2026-06-08T13:02:26.0000000Z;44.875;44.92;510;515
2026-06-08T13:02:28.0000000Z;44.87;44.92;405;515
2026-06-08T13:02:29.0000000Z;44.875;44.92;162;515
2026-06-08T13:02:35.0000000Z;44.875;44.92;162;515
2026-06-08T13:02:38.0000000Z;44.875;44.92;162;377
2026-06-08T13:02:41.0000000Z;44.885;44.92;357;426
2026-06-08T13:02:42.0000000Z;44.885;44.92;162;426
2026-06-08T13:02:43.0000000Z;44.885;44.92;162;426
2026-06-08T13:02:45.0000000Z;44.89;44.92;189;453
2026-06-08T13:02:46.0000000Z;44.88;44.92;162;332
2026-06-08T13:02:47.0000000Z;44.88;44.92;162;371
2026-06-08T13:02:48.0000000Z;44.885;44.92;162;371
2026-06-08T13:02:49.0000000Z;44.885;44.92;162;308
2026-06-08T13:02:54.0000000Z;44.885;44.92;162;415
2026-06-08T13:02:56.0000000Z;44.89;44.92;238;415
2026-06-08T13:02:57.0000000Z;44.88;44.92;162;427
2026-06-08T13:02:59.0000000Z;44.875;44.92;243;427
2026-06-08T13:03:00.0000000Z;44.875;44.92;405;467
2026-06-08T13:03:01.0000000Z;44.88;44.92;382;467
2026-06-08T13:03:10.0000000Z;44.88;44.92;162;467
2026-06-08T13:03:11.0000000Z;44.88;44.92;13882;467
2026-06-08T13:03:12.0000000Z;44.88;44.92;162;494
2026-06-08T13:03:13.0000000Z;44.875;44.92;243;381
2026-06-08T13:03:15.0000000Z;44.88;44.92;430;381
2026-06-08T13:03:16.0000000Z;44.875;44.92;405;381
2026-06-08T13:03:17.0000000Z;44.88;44.92;162;422
2026-06-08T13:03:18.0000000Z;44.88;44.92;162;494
2026-06-08T13:03:19.0000000Z;44.88;44.92;13930;494
2026-06-08T13:03:21.0000000Z;44.88;44.92;162;352
2026-06-08T13:03:24.0000000Z;44.88;44.92;162;460
2026-06-08T13:03:25.0000000Z;44.885;44.92;162;460
2026-06-08T13:03:26.0000000Z;44.885;44.92;13863;460
2026-06-08T13:03:27.0000000Z;44.885;44.92;13863;292
2026-06-08T13:03:30.0000000Z;44.89;44.92;162;343
2026-06-08T13:03:31.0000000Z;44.89;44.92;13799;343
2026-06-08T13:03:32.0000000Z;44.89;44.92;13799;343
2026-06-08T13:03:34.0000000Z;44.89;44.92;13500;365
2026-06-08T13:03:35.0000000Z;44.89;44.92;162;365
2026-06-08T13:03:36.0000000Z;44.89;44.92;13500;279
2026-06-08T13:03:37.0000000Z;44.89;44.92;244;279
2026-06-08T13:03:42.0000000Z;44.89;44.92;244;279
2026-06-08T13:03:44.0000000Z;44.89;44.92;244;295
2026-06-08T13:03:47.0000000Z;44.88;44.92;243;295
2026-06-08T13:03:49.0000000Z;44.885;44.92;310;295
2026-06-08T13:03:50.0000000Z;44.88;44.92;405;295
2026-06-08T13:03:55.0000000Z;44.88;44.92;405;295
2026-06-08T13:03:59.0000000Z;44.885;44.92;405;295
2026-06-08T13:04:01.0000000Z;44.89;44.92;299;295
2026-06-08T13:04:02.0000000Z;44.89;44.92;13799;295
2026-06-08T13:04:05.0000000Z;44.89;44.92;162;322
2026-06-08T13:04:06.0000000Z;44.89;44.92;162;322
2026-06-08T13:04:07.0000000Z;44.885;44.92;162;401
2026-06-08T13:04:10.0000000Z;44.89;44.92;245;401
2026-06-08T13:04:13.0000000Z;44.885;44.92;162;401
2026-06-08T13:04:19.0000000Z;44.885;44.92;162;401
2026-06-08T13:04:20.0000000Z;44.885;44.92;162;401
2026-06-08T13:04:21.0000000Z;44.88;44.92;162;401
2026-06-08T13:04:22.0000000Z;44.88;44.92;162;401
2026-06-08T13:04:24.0000000Z;44.885;44.92;304;401
2026-06-08T13:04:27.0000000Z;44.88;44.92;162;348
2026-06-08T13:04:29.0000000Z;44.88;44.92;162;404
2026-06-08T13:04:34.0000000Z;44.88;44.92;162;404
2026-06-08T13:04:37.0000000Z;44.88;44.92;162;310
2026-06-08T13:04:38.0000000Z;44.88;44.92;162;323
2026-06-08T13:04:40.0000000Z;44.88;44.92;162;336
2026-06-08T13:04:41.0000000Z;44.88;44.92;162;336
2026-06-08T13:04:42.0000000Z;44.885;44.92;162;336
2026-06-08T13:04:43.0000000Z;44.875;44.92;405;336
2026-06-08T13:04:46.0000000Z;44.88;44.92;405;336
2026-06-08T13:04:49.0000000Z;44.885;44.92;13868;336
2026-06-08T13:04:52.0000000Z;44.885;44.92;162;336
2026-06-08T13:04:54.0000000Z;44.885;44.92;162;377
2026-06-08T13:04:55.0000000Z;44.885;44.92;162;377
2026-06-08T13:04:56.0000000Z;44.88;44.92;162;377
2026-06-08T13:04:57.0000000Z;44.885;44.92;162;377
2026-06-08T13:04:58.0000000Z;44.885;44.92;162;377
2026-06-08T13:05:00.0000000Z;44.885;44.92;162;377
2026-06-08T13:05:01.0000000Z;44.885;44.92;162;377
2026-06-08T13:05:03.0000000Z;44.885;44.92;162;394
2026-06-08T13:05:04.0000000Z;44.885;44.92;162;394
2026-06-08T13:05:05.0000000Z;44.88;44.925;162;13500
2026-06-08T13:05:08.0000000Z;44.875;44.925;162;13500
2026-06-08T13:05:10.0000000Z;44.88;44.925;162;13500
2026-06-08T13:05:13.0000000Z;44.875;44.925;162;13500
2026-06-08T13:05:15.0000000Z;44.875;44.92;162;336
2026-06-08T13:05:16.0000000Z;44.88;44.92;374;336
2026-06-08T13:05:17.0000000Z;44.88;44.92;438;451
2026-06-08T13:05:18.0000000Z;44.88;44.92;162;397
2026-06-08T13:05:20.0000000Z;44.88;44.92;162;412
2026-06-08T13:05:21.0000000Z;44.885;44.92;368;412
2026-06-08T13:05:24.0000000Z;44.885;44.92;13868;314
2026-06-08T13:05:26.0000000Z;44.88;44.92;162;332
2026-06-08T13:05:28.0000000Z;44.88;44.92;162;405
2026-06-08T13:05:29.0000000Z;44.88;44.92;162;420
2026-06-08T13:05:30.0000000Z;44.885;44.92;632;550
2026-06-08T13:05:31.0000000Z;44.885;44.915;162;215
2026-06-08T13:05:32.0000000Z;44.88;44.915;243;277
2026-06-08T13:05:33.0000000Z;44.885;44.915;14132;252
2026-06-08T13:05:34.0000000Z;44.875;44.915;405;286
2026-06-08T13:05:35.0000000Z;44.88;44.915;405;286
2026-06-08T13:05:38.0000000Z;44.885;44.915;14132;286
2026-06-08T13:05:39.0000000Z;44.885;44.92;14132;13500
2026-06-08T13:05:40.0000000Z;44.885;44.915;14132;256
2026-06-08T13:05:41.0000000Z;44.885;44.915;162;256
2026-06-08T13:05:43.0000000Z;44.88;44.915;162;287
2026-06-08T13:05:45.0000000Z;44.885;44.915;632;287
2026-06-08T13:05:49.0000000Z;44.88;44.915;162;287
2026-06-08T13:05:50.0000000Z;44.88;44.915;162;287
2026-06-08T13:05:52.0000000Z;44.88;44.915;162;260
2026-06-08T13:05:53.0000000Z;44.885;44.915;197;281
2026-06-08T13:05:54.0000000Z;44.885;44.915;197;281
2026-06-08T13:05:55.0000000Z;44.885;44.915;197;291
2026-06-08T13:05:56.0000000Z;44.88;44.915;162;291
2026-06-08T13:05:57.0000000Z;44.88;44.915;13500;291
2026-06-08T13:06:00.0000000Z;44.88;44.915;162;260
2026-06-08T13:06:04.0000000Z;44.88;44.92;162;13500
2026-06-08T13:06:05.0000000Z;44.88;44.92;162;13500
2026-06-08T13:06:06.0000000Z;44.88;44.915;162;225
2026-06-08T13:06:09.0000000Z;44.88;44.92;162;13500
2026-06-08T13:06:10.0000000Z;44.88;44.92;162;13500
2026-06-08T13:06:13.0000000Z;44.88;44.915;162;231
2026-06-08T13:06:17.0000000Z;44.88;44.915;162;236
2026-06-08T13:06:18.0000000Z;44.885;44.915;197;236
2026-06-08T13:06:20.0000000Z;44.885;44.92;197;13500
2026-06-08T13:06:21.0000000Z;44.88;44.915;405;219
2026-06-08T13:06:22.0000000Z;44.885;44.92;162;13500
2026-06-08T13:06:23.0000000Z;44.89;44.92;632;13500
2026-06-08T13:06:24.0000000Z;44.895;44.92;162;13500
2026-06-08T13:06:26.0000000Z;44.895;44.92;632;13500
2026-06-08T13:06:27.0000000Z;44.895;44.92;632;13500
2026-06-08T13:06:28.0000000Z;44.895;44.92;162;13500
2026-06-08T13:06:29.0000000Z;44.895;44.92;162;13500
2026-06-08T13:06:30.0000000Z;44.9;44.92;13500;13500
2026-06-08T13:06:31.0000000Z;44.9;44.92;13500;13500
2026-06-08T13:06:35.0000000Z;44.9;44.92;13500;13500
2026-06-08T13:06:37.0000000Z;44.9;44.92;13500;13500
2026-06-08T13:06:38.0000000Z;44.9;44.92;13500;13500
2026-06-08T13:06:40.0000000Z;44.9;44.92;1171;13500
2026-06-08T13:06:41.0000000Z;44.905;44.92;1075;13500
2026-06-08T13:06:42.0000000Z;44.905;44.92;13500;13500
2026-06-08T13:06:43.0000000Z;44.905;44.92;13500;13500
2026-06-08T13:06:44.0000000Z;44.895;44.93;1159;550
2026-06-08T13:06:46.0000000Z;44.895;44.925;14614;1113
2026-06-08T13:06:47.0000000Z;44.895;44.93;13500;13500
2026-06-08T13:06:48.0000000Z;44.895;44.93;13500;13500
2026-06-08T13:06:52.0000000Z;44.895;44.93;689;13500
2026-06-08T13:06:53.0000000Z;44.895;44.93;689;13500
2026-06-08T13:06:54.0000000Z;44.895;44.93;689;13500
2026-06-08T13:06:55.0000000Z;44.895;44.93;1159;13500
2026-06-08T13:06:56.0000000Z;44.885;44.925;522;284
2026-06-08T13:06:57.0000000Z;44.885;44.925;138;240
2026-06-08T13:06:58.0000000Z;44.89;44.925;1352;240
2026-06-08T13:07:01.0000000Z;44.89;44.925;238;240
2026-06-08T13:07:04.0000000Z;44.885;44.925;300;273
2026-06-08T13:07:05.0000000Z;44.895;44.925;243;273
2026-06-08T13:07:06.0000000Z;44.895;44.925;13750;273
2026-06-08T13:07:07.0000000Z;44.895;44.925;13750;273
2026-06-08T13:07:09.0000000Z;44.895;44.925;405;273
2026-06-08T13:07:10.0000000Z;44.895;44.925;162;273
2026-06-08T13:07:12.0000000Z;44.895;44.925;243;213
2026-06-08T13:07:13.0000000Z;44.895;44.925;243;213
2026-06-08T13:07:15.0000000Z;44.895;44.925;243;245
2026-06-08T13:07:17.0000000Z;44.895;44.925;405;245
2026-06-08T13:07:18.0000000Z;44.895;44.925;243;245
2026-06-08T13:07:23.0000000Z;44.895;44.925;405;245
2026-06-08T13:07:24.0000000Z;44.895;44.925;243;245
2026-06-08T13:07:26.0000000Z;44.895;44.925;243;222
2026-06-08T13:07:32.0000000Z;44.895;44.925;243;222
2026-06-08T13:07:44.0000000Z;44.885;44.925;138;312
2026-06-08T13:07:47.0000000Z;44.89;44.925;1352;312
2026-06-08T13:07:49.0000000Z;44.885;44.925;300;312
2026-06-08T13:07:50.0000000Z;44.885;44.925;300;312
2026-06-08T13:07:51.0000000Z;44.89;44.925;238;312
2026-06-08T13:07:52.0000000Z;44.895;44.925;13752;312
2026-06-08T13:07:56.0000000Z;44.895;44.925;13752;312
2026-06-08T13:07:58.0000000Z;44.895;44.925;13752;312
2026-06-08T13:07:59.0000000Z;44.895;44.925;13752;312
2026-06-08T13:08:03.0000000Z;44.895;44.925;13752;312
2026-06-08T13:08:05.0000000Z;44.895;44.925;13752;312
2026-06-08T13:08:09.0000000Z;44.895;44.925;405;312
2026-06-08T13:08:10.0000000Z;44.895;44.925;405;274
2026-06-08T13:08:11.0000000Z;44.895;44.925;405;317
2026-06-08T13:08:17.0000000Z;44.895;44.925;405;336
2026-06-08T13:08:18.0000000Z;44.88;44.925;636;388
2026-06-08T13:08:21.0000000Z;44.89;44.925;243;388
2026-06-08T13:08:22.0000000Z;44.895;44.925;198;388
2026-06-08T13:08:23.0000000Z;44.89;44.925;405;388
2026-06-08T13:08:25.0000000Z;44.89;44.925;405;388
2026-06-08T13:08:32.0000000Z;44.9;44.925;243;388
2026-06-08T13:08:34.0000000Z;44.905;44.94;363;550
2026-06-08T13:08:37.0000000Z;44.905;44.935;363;392
2026-06-08T13:08:40.0000000Z;44.9;44.935;243;346
2026-06-08T13:08:42.0000000Z;44.9;44.935;243;370
2026-06-08T13:08:43.0000000Z;44.9;44.935;243;370
2026-06-08T13:08:44.0000000Z;44.9;44.935;243;249
2026-06-08T13:08:47.0000000Z;44.9;44.935;243;249
2026-06-08T13:08:48.0000000Z;44.9;44.935;243;249
2026-06-08T13:08:50.0000000Z;44.9;44.935;405;249
2026-06-08T13:08:51.0000000Z;44.9;44.935;243;249
2026-06-08T13:08:52.0000000Z;44.88;44.935;858;271
2026-06-08T13:08:54.0000000Z;44.91;44.94;13715;13500
2026-06-08T13:08:55.0000000Z;44.91;44.94;13715;13500
2026-06-08T13:08:56.0000000Z;44.91;44.94;13715;13500
2026-06-08T13:08:58.0000000Z;44.91;44.94;13715;13500
2026-06-08T13:08:59.0000000Z;44.91;44.94;13715;13500
2026-06-08T13:09:01.0000000Z;44.91;44.94;13715;13500
2026-06-08T13:09:04.0000000Z;44.905;44.94;705;13500
2026-06-08T13:09:05.0000000Z;44.905;44.94;705;13500
2026-06-08T13:09:06.0000000Z;44.905;44.94;14614;13500
2026-06-08T13:09:07.0000000Z;44.91;44.95;756;550
2026-06-08T13:09:08.0000000Z;44.905;44.945;1175;1113
2026-06-08T13:09:09.0000000Z;44.905;44.945;1175;1113
2026-06-08T13:09:12.0000000Z;44.905;44.945;1337;1113
2026-06-08T13:09:13.0000000Z;44.905;44.95;1337;13500
2026-06-08T13:09:14.0000000Z;44.915;44.945;243;1113
2026-06-08T13:09:15.0000000Z;44.915;44.945;243;1113
2026-06-08T13:09:22.0000000Z;44.915;44.945;243;1113
2026-06-08T13:09:27.0000000Z;44.915;44.945;243;216
2026-06-08T13:09:28.0000000Z;44.915;44.945;243;216
2026-06-08T13:09:32.0000000Z;44.91;44.945;405;216
2026-06-08T13:09:33.0000000Z;44.91;44.945;405;216
2026-06-08T13:09:34.0000000Z;44.915;44.945;259;216
2026-06-08T13:09:37.0000000Z;44.915;44.945;259;216
2026-06-08T13:09:38.0000000Z;44.91;44.945;243;216
2026-06-08T13:09:39.0000000Z;44.91;44.945;243;216
2026-06-08T13:09:40.0000000Z;44.91;44.945;243;244
2026-06-08T13:09:42.0000000Z;44.9;44.945;1172;244
2026-06-08T13:09:43.0000000Z;44.9;44.945;1172;244
2026-06-08T13:09:45.0000000Z;44.91;44.95;647;13500
2026-06-08T13:09:48.0000000Z;44.91;44.95;1117;13500
2026-06-08T13:09:50.0000000Z;44.91;44.95;647;13500
2026-06-08T13:09:51.0000000Z;44.91;44.95;647;13500
2026-06-08T13:09:53.0000000Z;44.91;44.95;647;13500
2026-06-08T13:09:55.0000000Z;44.91;44.945;13500;242
2026-06-08T13:09:56.0000000Z;44.91;44.945;13500;251
2026-06-08T13:09:57.0000000Z;44.91;44.945;256;251
2026-06-08T13:09:58.0000000Z;44.905;44.945;405;262
2026-06-08T13:09:59.0000000Z;44.905;44.945;405;262
2026-06-08T13:09:59.0000000Z;44.905;44.945;405;262
2026-06-08T13:10:00.0000000Z;44.905;44.945;405;277
2026-06-08T13:10:01.0000000Z;44.905;44.945;405;277
2026-06-08T13:10:06.0000000Z;44.89;44.945;2478;331
2026-06-08T13:10:08.0000000Z;44.89;44.945;2478;331
2026-06-08T13:10:09.0000000Z;44.89;44.945;2478;331
2026-06-08T13:10:10.0000000Z;44.89;44.945;138;340
2026-06-08T13:10:11.0000000Z;44.89;44.945;138;340
2026-06-08T13:10:15.0000000Z;44.895;44.945;444;340
2026-06-08T13:10:20.0000000Z;44.895;44.945;444;402
2026-06-08T13:10:22.0000000Z;44.895;44.945;463;402
2026-06-08T13:10:23.0000000Z;44.895;44.945;405;402
2026-06-08T13:10:24.0000000Z;44.9;44.945;399;402
2026-06-08T13:10:26.0000000Z;44.9;44.945;448;402
2026-06-08T13:10:27.0000000Z;44.9;44.945;13948;402
2026-06-08T13:10:28.0000000Z;44.9;44.945;162;465
2026-06-08T13:10:29.0000000Z;44.895;44.945;162;486
2026-06-08T13:10:30.0000000Z;44.9;44.945;162;486
2026-06-08T13:10:31.0000000Z;44.9;44.945;162;575
2026-06-08T13:10:32.0000000Z;44.9;44.945;13948;575
2026-06-08T13:10:36.0000000Z;44.9;44.945;162;575
2026-06-08T13:10:41.0000000Z;44.9;44.945;162;575
2026-06-08T13:10:42.0000000Z;44.88;44.945;93;646
2026-06-08T13:10:44.0000000Z;44.88;44.945;255;646
2026-06-08T13:10:45.0000000Z;44.9;44.945;206;646
2026-06-08T13:10:46.0000000Z;44.9;44.945;323;646
2026-06-08T13:10:47.0000000Z;44.89;44.945;243;646
2026-06-08T13:10:49.0000000Z;44.895;44.945;458;646
2026-06-08T13:11:02.0000000Z;44.895;44.945;458;646
2026-06-08T13:11:05.0000000Z;44.895;44.945;458;646
2026-06-08T13:11:07.0000000Z;44.895;44.945;458;646
2026-06-08T13:11:08.0000000Z;44.89;44.945;405;646
2026-06-08T13:11:14.0000000Z;44.89;44.945;405;646
2026-06-08T13:11:15.0000000Z;44.89;44.945;405;646
2026-06-08T13:11:22.0000000Z;44.89;44.945;405;646
2026-06-08T13:11:23.0000000Z;44.895;44.945;405;646
2026-06-08T13:11:25.0000000Z;44.895;44.945;405;646
2026-06-08T13:11:28.0000000Z;44.895;44.945;405;646
2026-06-08T13:11:30.0000000Z;44.9;44.945;162;646
2026-06-08T13:11:31.0000000Z;44.9;44.945;13947;646
2026-06-08T13:11:35.0000000Z;44.9;44.945;162;646
2026-06-08T13:11:37.0000000Z;44.9;44.945;162;646
2026-06-08T13:11:39.0000000Z;44.905;44.96;582;550
2026-06-08T13:11:40.0000000Z;44.885;44.945;162;426
2026-06-08T13:11:41.0000000Z;44.9;44.945;162;426
2026-06-08T13:11:42.0000000Z;44.9;44.95;162;420
2026-06-08T13:11:44.0000000Z;44.9;44.95;162;420
2026-06-08T13:11:45.0000000Z;44.9;44.955;162;385
2026-06-08T13:11:46.0000000Z;44.9;44.955;162;455
2026-06-08T13:11:47.0000000Z;44.9;44.955;162;455
2026-06-08T13:11:48.0000000Z;44.9;44.955;162;455
2026-06-08T13:11:49.0000000Z;44.9;44.955;162;455
2026-06-08T13:11:50.0000000Z;44.9;44.955;162;455
2026-06-08T13:11:51.0000000Z;44.9;44.955;162;455
2026-06-08T13:11:55.0000000Z;44.9;44.955;162;455
2026-06-08T13:11:59.0000000Z;44.9;44.955;162;455
2026-06-08T13:12:01.0000000Z;44.9;44.955;162;455
2026-06-08T13:12:06.0000000Z;44.9;44.955;162;455
2026-06-08T13:12:11.0000000Z;44.905;44.955;405;455
2026-06-08T13:12:12.0000000Z;44.91;44.955;243;455
2026-06-08T13:12:15.0000000Z;44.91;44.955;243;455
2026-06-08T13:12:16.0000000Z;44.91;44.955;243;455
2026-06-08T13:12:17.0000000Z;44.91;44.955;243;455
2026-06-08T13:12:18.0000000Z;44.9;44.955;138;491
2026-06-08T13:12:20.0000000Z;44.9;44.955;138;491
2026-06-08T13:12:21.0000000Z;44.91;44.955;291;491
2026-06-08T13:12:22.0000000Z;44.91;44.955;291;491
2026-06-08T13:12:24.0000000Z;44.905;44.955;425;491
2026-06-08T13:12:26.0000000Z;44.905;44.955;425;491
2026-06-08T13:12:28.0000000Z;44.895;44.955;243;513
2026-06-08T13:12:29.0000000Z;44.895;44.955;243;605
2026-06-08T13:12:31.0000000Z;44.9;44.955;533;666
2026-06-08T13:12:33.0000000Z;44.9;44.95;584;550
2026-06-08T13:12:34.0000000Z;44.9;44.945;584;515
2026-06-08T13:12:35.0000000Z;44.885;44.945;93;657
2026-06-08T13:12:36.0000000Z;44.885;44.945;93;657
2026-06-08T13:12:37.0000000Z;44.895;44.945;331;657
2026-06-08T13:12:38.0000000Z;44.895;44.945;331;657
2026-06-08T13:12:39.0000000Z;44.875;44.945;2340;760
2026-06-08T13:12:40.0000000Z;44.88;44.945;698;855
2026-06-08T13:12:43.0000000Z;44.885;44.945;569;855
2026-06-08T13:12:44.0000000Z;44.885;44.945;569;855
2026-06-08T13:12:47.0000000Z;44.885;44.945;569;855
2026-06-08T13:12:50.0000000Z;44.875;44.945;3095;855
2026-06-08T13:12:53.0000000Z;44.88;44.945;604;855
2026-06-08T13:12:55.0000000Z;44.875;44.945;2340;855
2026-06-08T13:12:57.0000000Z;44.875;44.945;2340;855
2026-06-08T13:13:05.0000000Z;44.88;44.95;705;727
2026-06-08T13:13:06.0000000Z;44.885;44.945;570;855
2026-06-08T13:13:10.0000000Z;44.88;44.95;1175;727
2026-06-08T13:13:11.0000000Z;44.88;44.95;1175;727
2026-06-08T13:13:12.0000000Z;44.88;44.95;1175;727
2026-06-08T13:13:13.0000000Z;44.88;44.95;1175;727
2026-06-08T13:13:15.0000000Z;44.89;44.95;679;727
2026-06-08T13:13:16.0000000Z;44.89;44.95;679;727
2026-06-08T13:13:18.0000000Z;44.89;44.95;679;727
2026-06-08T13:13:20.0000000Z;44.89;44.95;679;727
2026-06-08T13:13:21.0000000Z;44.89;44.95;679;727
2026-06-08T13:13:22.0000000Z;44.89;44.95;679;727
2026-06-08T13:13:23.0000000Z;44.89;44.95;679;727
2026-06-08T13:13:25.0000000Z;44.875;44.95;2478;727
2026-06-08T13:13:28.0000000Z;44.89;44.95;407;727
2026-06-08T13:13:31.0000000Z;44.88;44.95;603;727
2026-06-08T13:13:33.0000000Z;44.905;44.95;337;727
2026-06-08T13:13:34.0000000Z;44.9;44.95;1049;727
2026-06-08T13:13:36.0000000Z;44.9;44.95;579;727
2026-06-08T13:13:37.0000000Z;44.88;44.95;960;727
2026-06-08T13:13:38.0000000Z;44.885;44.95;384;727
2026-06-08T13:13:39.0000000Z;44.88;44.95;576;727
2026-06-08T13:13:40.0000000Z;44.89;44.95;475;727
2026-06-08T13:13:42.0000000Z;44.885;44.95;568;727
2026-06-08T13:13:47.0000000Z;44.875;44.95;3019;727
2026-06-08T13:13:51.0000000Z;44.88;44.95;603;727
2026-06-08T13:13:52.0000000Z;44.875;44.95;2340;727
2026-06-08T13:13:55.0000000Z;44.875;44.95;2340;727
2026-06-08T13:13:57.0000000Z;44.875;44.95;2340;727
2026-06-08T13:13:58.0000000Z;44.875;44.95;2340;727
2026-06-08T13:14:00.0000000Z;44.875;44.95;3465;550
2026-06-08T13:14:01.0000000Z;44.875;44.95;3465;550
2026-06-08T13:14:02.0000000Z;44.875;44.95;2995;727
2026-06-08T13:14:03.0000000Z;44.875;44.95;3172;550
2026-06-08T13:14:07.0000000Z;44.875;44.95;3182;550
2026-06-08T13:14:08.0000000Z;44.875;44.95;3182;550
2026-06-08T13:14:09.0000000Z;44.875;44.95;3182;550
2026-06-08T13:14:10.0000000Z;44.875;44.95;3182;550
2026-06-08T13:14:12.0000000Z;44.88;44.95;265;550
2026-06-08T13:14:15.0000000Z;44.88;44.95;442;550
2026-06-08T13:14:18.0000000Z;44.88;44.95;442;550
2026-06-08T13:14:19.0000000Z;44.88;44.95;442;550
2026-06-08T13:14:21.0000000Z;44.885;44.95;692;550
2026-06-08T13:14:23.0000000Z;44.885;44.95;692;550
2026-06-08T13:14:24.0000000Z;44.885;44.95;692;550
2026-06-08T13:14:29.0000000Z;44.885;44.95;692;550
2026-06-08T13:14:40.0000000Z;44.885;44.95;692;550
2026-06-08T13:14:42.0000000Z;44.885;44.95;692;550
2026-06-08T13:14:43.0000000Z;44.885;44.95;692;550
2026-06-08T13:14:44.0000000Z;44.885;44.95;692;550
2026-06-08T13:14:45.0000000Z;44.885;44.95;177;550
2026-06-08T13:14:46.0000000Z;44.885;44.95;177;550
2026-06-08T13:14:50.0000000Z;44.885;44.95;177;550
2026-06-08T13:14:52.0000000Z;44.885;44.95;177;550
2026-06-08T13:14:53.0000000Z;44.885;44.95;177;550
2026-06-08T13:14:54.0000000Z;44.885;44.95;442;550
2026-06-08T13:14:55.0000000Z;44.885;44.95;442;550
2026-06-08T13:14:56.0000000Z;44.885;44.95;177;550
2026-06-08T13:14:59.0000000Z;44.885;44.95;442;550
2026-06-08T13:15:00.0000000Z;44.885;44.95;442;550
2026-06-08T13:15:01.0000000Z;44.885;44.95;442;550
2026-06-08T13:15:02.0000000Z;44.885;44.95;265;550
2026-06-08T13:15:04.0000000Z;44.885;44.95;265;550
2026-06-08T13:15:06.0000000Z;44.875;44.95;3009;550
2026-06-08T13:15:07.0000000Z;44.885;44.95;535;550
2026-06-08T13:15:10.0000000Z;44.865;44.94;735;550
2026-06-08T13:15:11.0000000Z;44.87;44.94;1071;550
2026-06-08T13:15:12.0000000Z;44.87;44.94;1071;550
2026-06-08T13:15:13.0000000Z;44.87;44.94;1248;550
2026-06-08T13:15:16.0000000Z;44.87;44.94;1248;550
2026-06-08T13:15:19.0000000Z;44.875;44.94;647;550
2026-06-08T13:15:20.0000000Z;44.875;44.94;1229;550
2026-06-08T13:15:21.0000000Z;44.875;44.94;647;550
2026-06-08T13:15:23.0000000Z;44.87;44.94;912;550
2026-06-08T13:15:24.0000000Z;44.87;44.94;912;550
2026-06-08T13:15:25.0000000Z;44.875;44.94;569;550
2026-06-08T13:15:26.0000000Z;44.875;44.94;569;550
2026-06-08T13:15:29.0000000Z;44.87;44.94;647;550
2026-06-08T13:15:30.0000000Z;44.875;44.94;177;550
2026-06-08T13:15:32.0000000Z;44.875;44.94;569;550
2026-06-08T13:15:33.0000000Z;44.87;44.94;177;550
2026-06-08T13:15:35.0000000Z;44.87;44.94;177;550
2026-06-08T13:15:36.0000000Z;44.87;44.94;442;550
2026-06-08T13:15:37.0000000Z;44.87;44.94;442;550
2026-06-08T13:15:39.0000000Z;44.87;44.94;659;550
2026-06-08T13:15:40.0000000Z;44.87;44.94;836;550
2026-06-08T13:15:49.0000000Z;44.87;44.94;659;550
2026-06-08T13:15:50.0000000Z;44.865;44.94;687;550
2026-06-08T13:15:52.0000000Z;44.87;44.94;604;550
2026-06-08T13:15:55.0000000Z;44.87;44.94;604;550
2026-06-08T13:15:56.0000000Z;44.865;44.93;864;550
2026-06-08T13:15:58.0000000Z;44.865;44.93;864;550
2026-06-08T13:16:01.0000000Z;44.865;44.925;687;754
2026-06-08T13:16:03.0000000Z;44.86;44.925;703;754
2026-06-08T13:16:06.0000000Z;44.865;44.925;570;754
2026-06-08T13:16:08.0000000Z;44.87;44.925;265;754
2026-06-08T13:16:09.0000000Z;44.87;44.925;265;754
2026-06-08T13:16:11.0000000Z;44.87;44.925;265;754
2026-06-08T13:16:12.0000000Z;44.87;44.925;265;754
2026-06-08T13:16:18.0000000Z;44.865;44.925;265;800
2026-06-08T13:16:20.0000000Z;44.87;44.925;530;800
2026-06-08T13:16:21.0000000Z;44.865;44.925;442;800
2026-06-08T13:16:23.0000000Z;44.865;44.925;442;800
2026-06-08T13:16:26.0000000Z;44.865;44.925;442;855
2026-06-08T13:16:27.0000000Z;44.865;44.925;265;855
2026-06-08T13:16:28.0000000Z;44.865;44.925;265;855
2026-06-08T13:16:33.0000000Z;44.865;44.925;442;855
2026-06-08T13:16:35.0000000Z;44.865;44.925;265;855
2026-06-08T13:16:37.0000000Z;44.865;44.925;265;855
2026-06-08T13:16:38.0000000Z;44.865;44.925;265;855
2026-06-08T13:16:41.0000000Z;44.865;44.925;265;855
2026-06-08T13:16:43.0000000Z;44.865;44.925;265;855
2026-06-08T13:16:44.0000000Z;44.865;44.925;265;855
2026-06-08T13:16:45.0000000Z;44.865;44.925;265;855
2026-06-08T13:16:46.0000000Z;44.865;44.925;265;855
2026-06-08T13:16:48.0000000Z;44.865;44.925;265;855
2026-06-08T13:16:50.0000000Z;44.865;44.925;265;855
2026-06-08T13:16:59.0000000Z;44.865;44.925;265;855
2026-06-08T13:17:03.0000000Z;44.86;44.925;358;855
2026-06-08T13:17:04.0000000Z;44.86;44.925;358;855
2026-06-08T13:17:05.0000000Z;44.865;44.925;265;855
2026-06-08T13:17:06.0000000Z;44.865;44.925;265;855
2026-06-08T13:17:08.0000000Z;44.865;44.925;265;855
2026-06-08T13:17:10.0000000Z;44.86;44.925;442;855
2026-06-08T13:17:11.0000000Z;44.86;44.925;265;855
2026-06-08T13:17:12.0000000Z;44.86;44.92;265;550
2026-06-08T13:17:13.0000000Z;44.865;44.92;458;550
2026-06-08T13:17:16.0000000Z;44.865;44.92;458;550
2026-06-08T13:17:18.0000000Z;44.865;44.915;614;550
2026-06-08T13:17:20.0000000Z;44.84;44.91;84;855
2026-06-08T13:17:23.0000000Z;44.855;44.91;1261;855
2026-06-08T13:17:27.0000000Z;44.845;44.91;299;855
2026-06-08T13:17:29.0000000Z;44.845;44.91;299;855
2026-06-08T13:17:35.0000000Z;44.835;44.905;84;550
2026-06-08T13:17:37.0000000Z;44.84;44.905;241;550
2026-06-08T13:17:41.0000000Z;44.84;44.905;241;550
2026-06-08T13:17:45.0000000Z;44.815;44.895;84;550
2026-06-08T13:17:46.0000000Z;44.815;44.895;84;550
2026-06-08T13:17:47.0000000Z;44.835;44.895;190;550
2026-06-08T13:17:48.0000000Z;44.835;44.895;190;550
2026-06-08T13:17:49.0000000Z;44.835;44.895;190;550
2026-06-08T13:17:50.0000000Z;44.82;44.895;441;550
2026-06-08T13:17:51.0000000Z;44.845;44.895;1127;550
2026-06-08T13:17:52.0000000Z;44.845;44.895;1127;550
2026-06-08T13:17:53.0000000Z;44.845;44.895;1127;550
2026-06-08T13:17:55.0000000Z;44.845;44.895;1127;550
2026-06-08T13:17:56.0000000Z;44.845;44.895;1127;550
2026-06-08T13:17:57.0000000Z;44.845;44.895;1127;550
2026-06-08T13:18:01.0000000Z;44.845;44.895;1127;550
2026-06-08T13:18:02.0000000Z;44.845;44.895;1127;550
2026-06-08T13:18:03.0000000Z;44.86;44.895;664;550
2026-06-08T13:18:04.0000000Z;44.86;44.895;701;13500
2026-06-08T13:18:05.0000000Z;44.86;44.89;1171;226
2026-06-08T13:18:06.0000000Z;44.86;44.89;1171;226
2026-06-08T13:18:07.0000000Z;44.86;44.89;1171;226
2026-06-08T13:18:08.0000000Z;44.86;44.89;701;226
2026-06-08T13:18:09.0000000Z;44.86;44.89;701;226
2026-06-08T13:18:10.0000000Z;44.86;44.89;701;226
2026-06-08T13:18:11.0000000Z;44.86;44.895;701;13500
2026-06-08T13:18:12.0000000Z;44.86;44.895;701;13500
2026-06-08T13:18:13.0000000Z;44.86;44.895;701;13500
2026-06-08T13:18:14.0000000Z;44.86;44.895;701;13500
2026-06-08T13:18:15.0000000Z;44.86;44.895;701;13500
2026-06-08T13:18:16.0000000Z;44.86;44.895;701;13500
2026-06-08T13:18:17.0000000Z;44.86;44.895;701;13500
2026-06-08T13:18:34.0000000Z;44.86;44.895;701;13500
2026-06-08T13:18:35.0000000Z;44.86;44.895;701;13500
2026-06-08T13:18:36.0000000Z;44.86;44.895;701;13500
2026-06-08T13:18:37.0000000Z;44.86;44.895;701;13500
2026-06-08T13:18:38.0000000Z;44.86;44.895;701;13500
2026-06-08T13:18:40.0000000Z;44.86;44.895;701;13500
2026-06-08T13:18:41.0000000Z;44.86;44.895;701;13500
2026-06-08T13:18:42.0000000Z;44.86;44.895;701;13500
2026-06-08T13:18:43.0000000Z;44.86;44.895;701;13500
2026-06-08T13:18:44.0000000Z;44.86;44.895;701;13500
2026-06-08T13:18:45.0000000Z;44.855;44.89;442;221
2026-06-08T13:18:46.0000000Z;44.855;44.89;442;221
2026-06-08T13:18:47.0000000Z;44.855;44.89;912;205
2026-06-08T13:18:48.0000000Z;44.86;44.89;275;214
2026-06-08T13:18:50.0000000Z;44.86;44.89;275;214
2026-06-08T13:18:51.0000000Z;44.86;44.89;275;214
2026-06-08T13:18:52.0000000Z;44.86;44.89;275;214
2026-06-08T13:18:53.0000000Z;44.865;44.895;13706;13500
2026-06-08T13:18:54.0000000Z;44.865;44.895;13706;13500
2026-06-08T13:18:55.0000000Z;44.865;44.895;13706;13500
2026-06-08T13:18:56.0000000Z;44.865;44.895;13706;13500
2026-06-08T13:18:57.0000000Z;44.865;44.895;13706;13500
2026-06-08T13:18:58.0000000Z;44.865;44.895;13706;13500
2026-06-08T13:18:59.0000000Z;44.865;44.895;13706;13500
2026-06-08T13:19:00.0000000Z;44.865;44.895;13706;13500
2026-06-08T13:19:01.0000000Z;44.865;44.895;13706;13500
2026-06-08T13:19:02.0000000Z;44.865;44.89;265;238
2026-06-08T13:19:03.0000000Z;44.865;44.895;265;13500
2026-06-08T13:19:04.0000000Z;44.865;44.895;265;13500
2026-06-08T13:19:05.0000000Z;44.865;44.895;265;13500
2026-06-08T13:19:06.0000000Z;44.865;44.895;265;13500
2026-06-08T13:19:08.0000000Z;44.865;44.895;265;13500
2026-06-08T13:19:14.0000000Z;44.865;44.895;265;13500
2026-06-08T13:19:15.0000000Z;44.865;44.895;265;13500
2026-06-08T13:19:16.0000000Z;44.865;44.895;265;13500
2026-06-08T13:19:19.0000000Z;44.865;44.895;265;13500
2026-06-08T13:19:20.0000000Z;44.86;44.89;442;215
2026-06-08T13:19:21.0000000Z;44.86;44.89;442;215
2026-06-08T13:19:22.0000000Z;44.86;44.89;265;215
2026-06-08T13:19:23.0000000Z;44.86;44.89;14615;215
2026-06-08T13:19:27.0000000Z;44.86;44.89;13500;215
2026-06-08T13:19:29.0000000Z;44.86;44.89;13500;215
2026-06-08T13:19:33.0000000Z;44.86;44.89;13500;227
2026-06-08T13:19:36.0000000Z;44.86;44.89;177;227
2026-06-08T13:19:39.0000000Z;44.86;44.89;442;227
2026-06-08T13:19:40.0000000Z;44.86;44.89;442;227
2026-06-08T13:19:41.0000000Z;44.86;44.89;177;227
2026-06-08T13:19:42.0000000Z;44.86;44.89;442;227
2026-06-08T13:19:44.0000000Z;44.86;44.895;442;13500
2026-06-08T13:19:47.0000000Z;44.86;44.89;442;210
2026-06-08T13:19:50.0000000Z;44.86;44.89;442;210
2026-06-08T13:20:03.0000000Z;44.855;44.895;3208;13500
2026-06-08T13:20:04.0000000Z;44.855;44.89;3208;243
2026-06-08T13:20:05.0000000Z;44.86;44.89;217;243
2026-06-08T13:20:09.0000000Z;44.86;44.89;217;243
2026-06-08T13:20:10.0000000Z;44.86;44.895;217;13500
2026-06-08T13:20:14.0000000Z;44.86;44.895;217;13500
2026-06-08T13:20:17.0000000Z;44.86;44.895;217;13500
2026-06-08T13:20:20.0000000Z;44.855;44.895;3055;13500
2026-06-08T13:20:21.0000000Z;44.855;44.895;3055;13500
2026-06-08T13:20:22.0000000Z;44.855;44.895;3055;13500
2026-06-08T13:20:23.0000000Z;44.855;44.895;3055;13500
2026-06-08T13:20:24.0000000Z;44.855;44.895;3055;13500
2026-06-08T13:20:25.0000000Z;44.865;44.895;265;13500
2026-06-08T13:20:26.0000000Z;44.865;44.895;13705;13500
2026-06-08T13:20:30.0000000Z;44.865;44.895;265;13500
2026-06-08T13:20:31.0000000Z;44.865;44.895;265;13500
2026-06-08T13:20:32.0000000Z;44.865;44.895;265;13500
2026-06-08T13:20:33.0000000Z;44.865;44.89;265;261
2026-06-08T13:20:34.0000000Z;44.87;44.905;332;550
2026-06-08T13:20:35.0000000Z;44.855;44.905;3046;550
2026-06-08T13:20:36.0000000Z;44.855;44.9;3046;380
2026-06-08T13:20:37.0000000Z;44.855;44.9;3046;411
2026-06-08T13:20:38.0000000Z;44.865;44.9;217;457
2026-06-08T13:20:39.0000000Z;44.865;44.9;217;457
2026-06-08T13:20:40.0000000Z;44.855;44.9;2341;490
2026-06-08T13:20:42.0000000Z;44.855;44.9;2341;508
2026-06-08T13:20:46.0000000Z;44.86;44.9;344;508
2026-06-08T13:20:48.0000000Z;44.86;44.9;344;508
2026-06-08T13:20:49.0000000Z;44.86;44.9;344;508
2026-06-08T13:20:50.0000000Z;44.86;44.9;576;508
2026-06-08T13:20:51.0000000Z;44.86;44.9;576;572
2026-06-08T13:20:52.0000000Z;44.86;44.9;576;572
2026-06-08T13:20:56.0000000Z;44.86;44.9;576;572
2026-06-08T13:20:57.0000000Z;44.86;44.9;576;572
2026-06-08T13:20:58.0000000Z;44.86;44.9;576;572
2026-06-08T13:20:59.0000000Z;44.86;44.9;576;572
2026-06-08T13:21:00.0000000Z;44.86;44.9;576;572
2026-06-08T13:21:01.0000000Z;44.86;44.9;576;572
2026-06-08T13:21:04.0000000Z;44.86;44.9;576;572
2026-06-08T13:21:05.0000000Z;44.86;44.9;576;572
2026-06-08T13:21:06.0000000Z;44.86;44.9;576;572
2026-06-08T13:21:09.0000000Z;44.86;44.9;576;572
2026-06-08T13:21:10.0000000Z;44.86;44.9;576;572
2026-06-08T13:21:15.0000000Z;44.86;44.9;576;572
2026-06-08T13:21:16.0000000Z;44.86;44.9;576;572
2026-06-08T13:21:17.0000000Z;44.86;44.9;576;572
2026-06-08T13:21:18.0000000Z;44.86;44.9;576;572
2026-06-08T13:21:19.0000000Z;44.845;44.9;470;825
2026-06-08T13:21:20.0000000Z;44.855;44.905;1115;550
2026-06-08T13:21:21.0000000Z;44.86;44.9;116;390
2026-06-08T13:21:22.0000000Z;44.86;44.9;116;460
2026-06-08T13:21:23.0000000Z;44.86;44.9;116;460
2026-06-08T13:21:24.0000000Z;44.86;44.9;116;460
2026-06-08T13:21:25.0000000Z;44.86;44.9;116;460
2026-06-08T13:21:26.0000000Z;44.85;44.9;156;460
2026-06-08T13:21:28.0000000Z;44.85;44.9;364;597
2026-06-08T13:21:31.0000000Z;44.825;44.9;84;827
2026-06-08T13:21:32.0000000Z;44.825;44.9;84;827
2026-06-08T13:21:33.0000000Z;44.845;44.9;162;827
2026-06-08T13:21:36.0000000Z;44.845;44.9;162;827
2026-06-08T13:21:37.0000000Z;44.845;44.9;283;855
2026-06-08T13:21:38.0000000Z;44.83;44.9;468;855
2026-06-08T13:21:39.0000000Z;44.87;44.9;2341;855
2026-06-08T13:21:40.0000000Z;44.87;44.9;2341;855
2026-06-08T13:21:41.0000000Z;44.87;44.9;2341;855
2026-06-08T13:21:42.0000000Z;44.87;44.9;2341;855
2026-06-08T13:21:44.0000000Z;44.87;44.9;2341;855
2026-06-08T13:21:45.0000000Z;44.87;44.9;2341;855
2026-06-08T13:21:46.0000000Z;44.87;44.9;2341;855
2026-06-08T13:21:47.0000000Z;44.87;44.9;2341;855
2026-06-08T13:21:49.0000000Z;44.87;44.905;3092;13500
2026-06-08T13:21:50.0000000Z;44.87;44.905;3092;13500
2026-06-08T13:21:51.0000000Z;44.87;44.905;3562;13500
2026-06-08T13:21:52.0000000Z;44.87;44.905;3092;13500
2026-06-08T13:21:53.0000000Z;44.87;44.905;3092;13500
2026-06-08T13:21:54.0000000Z;44.87;44.905;2341;13500
2026-06-08T13:21:58.0000000Z;44.87;44.905;2341;13500
2026-06-08T13:21:59.0000000Z;44.87;44.905;3099;13500
2026-06-08T13:22:01.0000000Z;44.87;44.905;3099;13500
2026-06-08T13:22:02.0000000Z;44.87;44.905;3099;13500
2026-06-08T13:22:03.0000000Z;44.87;44.905;3569;13500
2026-06-08T13:22:04.0000000Z;44.87;44.905;3569;13500
2026-06-08T13:22:05.0000000Z;44.87;44.905;3569;13500
2026-06-08T13:22:06.0000000Z;44.87;44.905;3569;13500
2026-06-08T13:22:07.0000000Z;44.88;44.925;288;550
2026-06-08T13:22:09.0000000Z;44.88;44.91;288;1114
2026-06-08T13:22:11.0000000Z;44.88;44.91;288;1114
2026-06-08T13:22:12.0000000Z;44.88;44.91;288;1114
2026-06-08T13:22:15.0000000Z;44.88;44.91;288;1114
2026-06-08T13:22:16.0000000Z;44.88;44.91;288;1114
2026-06-08T13:22:17.0000000Z;44.88;44.91;288;1114
2026-06-08T13:22:19.0000000Z;44.88;44.92;288;246
2026-06-08T13:22:22.0000000Z;44.88;44.92;288;246
2026-06-08T13:22:24.0000000Z;44.88;44.92;288;246
2026-06-08T13:22:25.0000000Z;44.88;44.92;288;246
2026-06-08T13:22:26.0000000Z;44.88;44.92;288;254
2026-06-08T13:22:27.0000000Z;44.88;44.92;288;254
2026-06-08T13:22:28.0000000Z;44.88;44.92;288;254
2026-06-08T13:22:29.0000000Z;44.88;44.92;288;254
2026-06-08T13:22:30.0000000Z;44.88;44.92;288;254
2026-06-08T13:22:31.0000000Z;44.89;44.92;288;254
2026-06-08T13:22:34.0000000Z;44.89;44.92;288;254
2026-06-08T13:22:35.0000000Z;44.89;44.92;288;254
2026-06-08T13:22:36.0000000Z;44.89;44.92;288;254
2026-06-08T13:22:37.0000000Z;44.89;44.92;288;254
2026-06-08T13:22:38.0000000Z;44.89;44.92;288;254
2026-06-08T13:22:39.0000000Z;44.89;44.92;288;254
2026-06-08T13:22:43.0000000Z;44.89;44.92;480;254
2026-06-08T13:22:44.0000000Z;44.89;44.925;2340;13500
2026-06-08T13:22:45.0000000Z;44.89;44.925;2340;13500
2026-06-08T13:22:46.0000000Z;44.89;44.925;3045;13500
2026-06-08T13:22:47.0000000Z;44.89;44.925;3045;13500
2026-06-08T13:22:49.0000000Z;44.89;44.925;3045;13500
2026-06-08T13:22:50.0000000Z;44.89;44.925;3045;13500
2026-06-08T13:22:51.0000000Z;44.89;44.925;2340;13500
2026-06-08T13:22:53.0000000Z;44.84;44.945;369;934
2026-06-08T13:22:54.0000000Z;44.855;44.945;369;934
2026-06-08T13:22:55.0000000Z;44.855;44.94;177;384
2026-06-08T13:22:56.0000000Z;44.855;44.945;177;934
2026-06-08T13:22:57.0000000Z;44.86;44.945;177;934
2026-06-08T13:22:58.0000000Z;44.885;44.945;1114;934
2026-06-08T13:22:59.0000000Z;44.85;44.945;177;934
2026-06-08T13:23:00.0000000Z;44.85;44.925;177;619
2026-06-08T13:23:01.0000000Z;44.885;44.935;1234;934
2026-06-08T13:23:02.0000000Z;44.89;44.935;156;550
2026-06-08T13:23:03.0000000Z;44.89;44.935;214;550
2026-06-08T13:23:04.0000000Z;44.89;44.935;258;550
2026-06-08T13:23:05.0000000Z;44.89;44.94;377;550
2026-06-08T13:23:06.0000000Z;44.88;44.935;662;384
2026-06-08T13:23:07.0000000Z;44.88;44.94;662;550
2026-06-08T13:23:08.0000000Z;44.88;44.94;192;550
2026-06-08T13:23:09.0000000Z;44.88;44.94;192;550
2026-06-08T13:23:10.0000000Z;44.88;44.935;192;420
2026-06-08T13:23:11.0000000Z;44.88;44.935;192;853
2026-06-08T13:23:12.0000000Z;44.87;44.94;470;727
2026-06-08T13:23:13.0000000Z;44.875;44.935;192;565
2026-06-08T13:23:14.0000000Z;44.88;44.935;337;565
2026-06-08T13:23:15.0000000Z;44.88;44.935;337;441
2026-06-08T13:23:16.0000000Z;44.88;44.935;337;479
2026-06-08T13:23:17.0000000Z;44.88;44.94;337;550
2026-06-08T13:23:18.0000000Z;44.88;44.94;337;550
2026-06-08T13:23:19.0000000Z;44.87;44.94;192;550
2026-06-08T13:23:20.0000000Z;44.875;44.935;274;177
2026-06-08T13:23:21.0000000Z;44.87;44.93;662;504
2026-06-08T13:23:22.0000000Z;44.875;44.935;286;177
2026-06-08T13:23:23.0000000Z;44.875;44.935;286;177
2026-06-08T13:23:25.0000000Z;44.88;44.935;192;177
2026-06-08T13:23:26.0000000Z;44.88;44.935;192;177
2026-06-08T13:23:28.0000000Z;44.88;44.935;192;177
2026-06-08T13:23:29.0000000Z;44.87;44.935;662;177
2026-06-08T13:23:30.0000000Z;44.87;44.935;662;177
2026-06-08T13:23:32.0000000Z;44.88;44.935;177;177
2026-06-08T13:23:34.0000000Z;44.88;44.935;192;177
2026-06-08T13:23:35.0000000Z;44.88;44.93;412;829
2026-06-08T13:23:36.0000000Z;44.88;44.925;412;810
2026-06-08T13:23:37.0000000Z;44.86;44.93;662;727
2026-06-08T13:23:38.0000000Z;44.875;44.93;159;727
2026-06-08T13:23:40.0000000Z;44.865;44.93;662;727
2026-06-08T13:23:41.0000000Z;44.87;44.93;292;727
2026-06-08T13:23:42.0000000Z;44.87;44.93;318;727
2026-06-08T13:23:43.0000000Z;44.87;44.93;318;727
2026-06-08T13:23:48.0000000Z;44.875;44.93;192;550
2026-06-08T13:23:49.0000000Z;44.875;44.93;192;550
2026-06-08T13:23:50.0000000Z;44.87;44.93;177;550
2026-06-08T13:23:52.0000000Z;44.87;44.93;177;550
2026-06-08T13:23:53.0000000Z;44.875;44.93;456;550
2026-06-08T13:23:54.0000000Z;44.875;44.93;456;550
2026-06-08T13:23:55.0000000Z;44.865;44.93;192;550
2026-06-08T13:23:57.0000000Z;44.865;44.93;192;550
2026-06-08T13:23:59.0000000Z;44.87;44.93;272;550
2026-06-08T13:24:01.0000000Z;44.865;44.93;662;550
2026-06-08T13:24:03.0000000Z;44.865;44.925;662;550
2026-06-08T13:24:04.0000000Z;44.865;44.92;662;414
2026-06-08T13:24:06.0000000Z;44.865;44.92;662;471
2026-06-08T13:24:07.0000000Z;44.865;44.92;192;855
2026-06-08T13:24:09.0000000Z;44.865;44.92;192;855
2026-06-08T13:24:10.0000000Z;44.865;44.92;192;855
2026-06-08T13:24:11.0000000Z;44.87;44.92;460;855
2026-06-08T13:24:12.0000000Z;44.86;44.92;470;855
2026-06-08T13:24:13.0000000Z;44.86;44.92;470;855
2026-06-08T13:24:14.0000000Z;44.86;44.92;470;855
2026-06-08T13:24:15.0000000Z;44.865;44.92;192;855
2026-06-08T13:24:16.0000000Z;44.865;44.925;192;727
2026-06-08T13:24:17.0000000Z;44.865;44.92;192;177
2026-06-08T13:24:18.0000000Z;44.865;44.92;192;177
2026-06-08T13:24:19.0000000Z;44.865;44.92;192;177
2026-06-08T13:24:20.0000000Z;44.865;44.92;662;177
2026-06-08T13:24:25.0000000Z;44.865;44.915;662;648
2026-06-08T13:24:28.0000000Z;44.875;44.915;470;648
2026-06-08T13:24:32.0000000Z;44.875;44.915;470;648
2026-06-08T13:24:33.0000000Z;44.875;44.915;470;648
2026-06-08T13:24:34.0000000Z;44.875;44.915;470;648
2026-06-08T13:24:35.0000000Z;44.875;44.915;470;648
2026-06-08T13:24:36.0000000Z;44.875;44.915;470;648
2026-06-08T13:24:37.0000000Z;44.875;44.915;470;648
2026-06-08T13:24:38.0000000Z;44.88;44.915;285;648
2026-06-08T13:24:39.0000000Z;44.875;44.915;470;648
2026-06-08T13:24:40.0000000Z;44.875;44.915;470;648
2026-06-08T13:24:41.0000000Z;44.875;44.915;470;648
2026-06-08T13:24:42.0000000Z;44.875;44.915;470;648
2026-06-08T13:24:43.0000000Z;44.875;44.915;470;648
2026-06-08T13:24:44.0000000Z;44.875;44.915;470;648
2026-06-08T13:24:45.0000000Z;44.875;44.915;470;177
2026-06-08T13:24:46.0000000Z;44.875;44.915;470;177
2026-06-08T13:24:48.0000000Z;44.875;44.91;13500;618
2026-06-08T13:24:49.0000000Z;44.87;44.91;470;639
2026-06-08T13:24:51.0000000Z;44.87;44.91;470;639
2026-06-08T13:24:52.0000000Z;44.875;44.91;285;639
2026-06-08T13:24:53.0000000Z;44.875;44.92;662;177
2026-06-08T13:24:54.0000000Z;44.88;44.92;470;177
2026-06-08T13:24:55.0000000Z;44.88;44.92;470;177
2026-06-08T13:24:56.0000000Z;44.88;44.915;470;352
2026-06-08T13:24:57.0000000Z;44.88;44.915;470;377
2026-06-08T13:25:00.0000000Z;44.885;44.925;268;727
2026-06-08T13:25:02.0000000Z;44.885;44.92;268;399
2026-06-08T13:25:03.0000000Z;44.885;44.925;268;727
2026-06-08T13:25:04.0000000Z;44.885;44.92;268;177
2026-06-08T13:25:05.0000000Z;44.88;44.915;470;535
2026-06-08T13:25:09.0000000Z;44.88;44.915;470;535
2026-06-08T13:25:11.0000000Z;44.88;44.915;470;535
2026-06-08T13:25:17.0000000Z;44.875;44.915;470;746
2026-06-08T13:25:19.0000000Z;44.875;44.915;470;746
2026-06-08T13:25:20.0000000Z;44.88;44.915;260;746
2026-06-08T13:25:21.0000000Z;44.88;44.925;285;550
2026-06-08T13:25:24.0000000Z;44.88;44.925;285;550
2026-06-08T13:25:25.0000000Z;44.885;44.925;470;727
2026-06-08T13:25:26.0000000Z;44.885;44.925;470;727
2026-06-08T13:25:27.0000000Z;44.885;44.92;470;423
2026-06-08T13:25:30.0000000Z;44.885;44.92;470;423
2026-06-08T13:25:33.0000000Z;44.885;44.92;470;177
2026-06-08T13:25:35.0000000Z;44.89;44.92;470;13835
2026-06-08T13:25:36.0000000Z;44.89;44.93;470;177
2026-06-08T13:25:38.0000000Z;44.89;44.925;470;404
2026-06-08T13:25:40.0000000Z;44.89;44.93;470;516
2026-06-08T13:25:45.0000000Z;44.89;44.93;470;855
2026-06-08T13:25:49.0000000Z;44.89;44.93;470;855
2026-06-08T13:25:50.0000000Z;44.89;44.93;470;855
2026-06-08T13:25:51.0000000Z;44.895;44.93;111;855
2026-06-08T13:25:52.0000000Z;44.895;44.93;111;855
2026-06-08T13:25:54.0000000Z;44.895;44.93;111;855
2026-06-08T13:25:55.0000000Z;44.89;44.93;470;855
2026-06-08T13:25:56.0000000Z;44.89;44.93;470;855
2026-06-08T13:25:57.0000000Z;44.89;44.93;470;855
2026-06-08T13:25:59.0000000Z;44.89;44.93;470;855
2026-06-08T13:25:59.0000000Z;44.89;44.93;470;855
2026-06-08T13:26:02.0000000Z;44.89;44.93;470;855
2026-06-08T13:26:03.0000000Z;44.89;44.93;470;855
2026-06-08T13:26:06.0000000Z;44.89;44.93;192;855
2026-06-08T13:26:10.0000000Z;44.895;44.93;140;855
2026-06-08T13:26:13.0000000Z;44.885;44.93;192;177
2026-06-08T13:26:14.0000000Z;44.885;44.93;192;177
2026-06-08T13:26:15.0000000Z;44.885;44.93;192;177
2026-06-08T13:26:16.0000000Z;44.89;44.93;118;177
2026-06-08T13:26:17.0000000Z;44.89;44.93;118;177
2026-06-08T13:26:18.0000000Z;44.88;44.925;470;550
2026-06-08T13:26:19.0000000Z;44.885;44.92;13500;457
2026-06-08T13:26:20.0000000Z;44.88;44.92;13500;457
2026-06-08T13:26:21.0000000Z;44.885;44.92;114;457
2026-06-08T13:26:22.0000000Z;44.875;44.92;470;728
2026-06-08T13:26:23.0000000Z;44.875;44.92;470;728
2026-06-08T13:26:24.0000000Z;44.88;44.92;124;728
2026-06-08T13:26:25.0000000Z;44.88;44.92;124;728
2026-06-08T13:26:26.0000000Z;44.88;44.92;124;728
2026-06-08T13:26:29.0000000Z;44.88;44.92;124;728
2026-06-08T13:26:32.0000000Z;44.875;44.915;470;727
2026-06-08T13:26:35.0000000Z;44.875;44.925;470;727
2026-06-08T13:26:36.0000000Z;44.875;44.92;470;448
2026-06-08T13:26:39.0000000Z;44.875;44.915;470;433
2026-06-08T13:26:43.0000000Z;44.875;44.915;192;728
2026-06-08T13:26:45.0000000Z;44.875;44.915;192;728
2026-06-08T13:26:46.0000000Z;44.875;44.915;192;728
2026-06-08T13:26:54.0000000Z;44.875;44.91;13500;527
2026-06-08T13:26:55.0000000Z;44.87;44.91;177;659
2026-06-08T13:26:56.0000000Z;44.875;44.91;135;659
2026-06-08T13:26:57.0000000Z;44.875;44.91;155;659
2026-06-08T13:26:59.0000000Z;44.875;44.91;155;659
2026-06-08T13:26:59.0000000Z;44.875;44.91;155;659
2026-06-08T13:27:01.0000000Z;44.875;44.91;155;659
2026-06-08T13:27:03.0000000Z;44.875;44.91;155;659
2026-06-08T13:27:04.0000000Z;44.875;44.91;259;783
2026-06-08T13:27:08.0000000Z;44.875;44.91;259;783
2026-06-08T13:27:09.0000000Z;44.875;44.91;259;783
2026-06-08T13:27:10.0000000Z;44.875;44.91;259;783
2026-06-08T13:27:11.0000000Z;44.875;44.91;259;783
2026-06-08T13:27:12.0000000Z;44.865;44.91;470;783
2026-06-08T13:27:13.0000000Z;44.87;44.91;337;783
2026-06-08T13:27:14.0000000Z;44.87;44.91;192;783
2026-06-08T13:27:15.0000000Z;44.87;44.91;192;783
2026-06-08T13:27:16.0000000Z;44.865;44.91;192;783
2026-06-08T13:27:18.0000000Z;44.865;44.91;662;783
2026-06-08T13:27:19.0000000Z;44.87;44.91;393;783
2026-06-08T13:27:20.0000000Z;44.87;44.91;393;783
2026-06-08T13:27:21.0000000Z;44.87;44.91;393;783
2026-06-08T13:27:22.0000000Z;44.865;44.91;470;783
2026-06-08T13:27:23.0000000Z;44.865;44.91;470;783
2026-06-08T13:27:24.0000000Z;44.87;44.91;192;783
2026-06-08T13:27:25.0000000Z;44.875;44.935;316;177
2026-06-08T13:27:27.0000000Z;44.875;44.915;316;268
2026-06-08T13:27:31.0000000Z;44.875;44.93;535;661
2026-06-08T13:27:33.0000000Z;44.875;44.93;535;661
2026-06-08T13:27:34.0000000Z;44.875;44.93;535;661
2026-06-08T13:27:37.0000000Z;44.875;44.93;535;661
2026-06-08T13:27:40.0000000Z;44.73;44.93;192;661
2026-06-08T13:27:41.0000000Z;44.735;44.93;192;855
2026-06-08T13:27:42.0000000Z;44.755;44.93;192;855
2026-06-08T13:27:43.0000000Z;44.785;44.93;192;855
2026-06-08T13:27:44.0000000Z;44.865;44.93;1303;855
2026-06-08T13:27:45.0000000Z;44.825;44.93;576;855
2026-06-08T13:27:47.0000000Z;44.83;44.93;756;855
2026-06-08T13:27:48.0000000Z;44.83;44.93;756;855
2026-06-08T13:27:50.0000000Z;44.835;44.93;192;855
2026-06-08T13:27:51.0000000Z;44.835;44.93;192;855
2026-06-08T13:27:52.0000000Z;44.835;44.93;192;855
2026-06-08T13:27:53.0000000Z;44.85;44.93;326;855
2026-06-08T13:27:54.0000000Z;44.845;44.93;576;855
2026-06-08T13:27:56.0000000Z;44.835;44.93;192;855
2026-06-08T13:27:58.0000000Z;44.84;44.93;394;855
2026-06-08T13:27:59.0000000Z;44.84;44.93;756;855
2026-06-08T13:28:00.0000000Z;44.835;44.93;384;855
2026-06-08T13:28:01.0000000Z;44.84;44.935;192;177
2026-06-08T13:28:02.0000000Z;44.84;44.935;192;177
2026-06-08T13:28:03.0000000Z;44.84;44.935;192;177
2026-06-08T13:28:04.0000000Z;44.83;44.935;276;177
2026-06-08T13:28:05.0000000Z;44.795;44.935;192;177
2026-06-08T13:28:06.0000000Z;44.8;44.935;84;177
2026-06-08T13:28:07.0000000Z;44.79;44.935;84;177
2026-06-08T13:28:08.0000000Z;44.795;44.935;84;177
2026-06-08T13:28:10.0000000Z;44.845;44.935;705;177
2026-06-08T13:28:11.0000000Z;44.84;44.935;470;177
2026-06-08T13:28:14.0000000Z;44.84;44.935;470;177
2026-06-08T13:28:16.0000000Z;44.845;44.935;651;177
2026-06-08T13:28:20.0000000Z;44.845;44.935;746;177
2026-06-08T13:28:21.0000000Z;44.845;44.935;746;177
2026-06-08T13:28:23.0000000Z;44.845;44.935;746;177
2026-06-08T13:28:26.0000000Z;44.845;44.935;746;177
2026-06-08T13:28:27.0000000Z;44.845;44.935;746;177
2026-06-08T13:28:29.0000000Z;44.845;44.935;746;177
2026-06-08T13:28:30.0000000Z;44.845;44.935;746;177
2026-06-08T13:28:31.0000000Z;44.84;44.935;470;177
2026-06-08T13:28:36.0000000Z;44.84;44.935;470;177
2026-06-08T13:28:41.0000000Z;44.84;44.935;470;177
2026-06-08T13:28:47.0000000Z;44.84;44.935;470;177
2026-06-08T13:28:52.0000000Z;44.845;44.935;470;177
2026-06-08T13:28:56.0000000Z;44.845;44.935;470;177
2026-06-08T13:28:57.0000000Z;44.845;44.935;470;177
2026-06-08T13:28:58.0000000Z;44.845;44.935;470;177
2026-06-08T13:29:00.0000000Z;44.845;44.925;470;177
2026-06-08T13:29:01.0000000Z;44.845;44.92;470;855
2026-06-08T13:29:02.0000000Z;44.825;44.92;470;855
2026-06-08T13:29:03.0000000Z;44.825;44.92;470;855
2026-06-08T13:29:05.0000000Z;44.845;44.92;363;855
2026-06-08T13:29:06.0000000Z;44.83;44.92;648;855
2026-06-08T13:29:09.0000000Z;44.83;44.92;710;855
2026-06-08T13:29:11.0000000Z;44.83;44.92;710;855
2026-06-08T13:29:13.0000000Z;44.825;44.92;470;855
2026-06-08T13:29:15.0000000Z;44.83;44.92;634;855
2026-06-08T13:29:21.0000000Z;44.83;44.92;658;855
2026-06-08T13:29:22.0000000Z;44.835;44.92;470;727
2026-06-08T13:29:23.0000000Z;44.84;44.92;312;727
2026-06-08T13:29:28.0000000Z;44.84;44.92;323;727
2026-06-08T13:29:29.0000000Z;44.84;44.92;323;727
2026-06-08T13:29:30.0000000Z;44.84;44.92;323;727
2026-06-08T13:29:31.0000000Z;44.84;44.92;323;727
2026-06-08T13:29:32.0000000Z;44.82;44.92;84;550
2026-06-08T13:29:33.0000000Z;44.815;44.92;470;550
2026-06-08T13:29:34.0000000Z;44.835;44.92;405;550
2026-06-08T13:29:38.0000000Z;44.86;44.92;174;550
2026-06-08T13:29:39.0000000Z;44.87;44.92;154;550
2026-06-08T13:29:40.0000000Z;44.87;44.92;154;550
2026-06-08T13:29:41.0000000Z;44.87;44.92;154;550
2026-06-08T13:29:42.0000000Z;44.87;44.92;138;550
2026-06-08T13:29:45.0000000Z;44.87;44.92;138;550
2026-06-08T13:29:46.0000000Z;44.87;44.92;138;550
2026-06-08T13:29:48.0000000Z;44.87;44.92;138;550
2026-06-08T13:29:50.0000000Z;44.86;44.92;647;550
2026-06-08T13:29:51.0000000Z;44.86;44.92;647;550
2026-06-08T13:29:52.0000000Z;44.86;44.92;14615;550
2026-06-08T13:29:53.0000000Z;44.86;44.92;14615;550
2026-06-08T13:29:55.0000000Z;44.86;44.92;14615;550
2026-06-08T13:29:57.0000000Z;44.88;44.92;470;550
2026-06-08T13:29:58.0000000Z;44.885;44.94;705;550
2026-06-08T13:29:59.0000000Z;44.885;44.94;1175;550
2026-06-08T13:29:59.0000000Z;44.885;44.94;1175;550
2026-06-08T13:30:00.0000000Z;44.885;44.94;705;634
2026-06-08T13:30:01.0000000Z;44.9;44.94;2542;550
2026-06-08T13:30:02.0000000Z;44.9;44.94;2926;550
2026-06-08T13:30:03.0000000Z;44.9;44.94;2542;550
2026-06-08T13:30:04.0000000Z;44.9;44.94;2542;550
2026-06-08T13:30:05.0000000Z;44.9;44.94;2542;13500
2026-06-08T13:30:06.0000000Z;44.9;44.94;2542;13500
2026-06-08T13:30:07.0000000Z;44.87;44.94;1017;13500
2026-06-08T13:30:08.0000000Z;44.885;44.94;2542;13500
2026-06-08T13:30:09.0000000Z;44.88;44.98;192;84
2026-06-08T13:30:10.0000000Z;44.89;45.075;192;384
2026-06-08T13:30:11.0000000Z;44.865;45.045;192;84
2026-06-08T13:30:12.0000000Z;44.885;45.03;192;84
2026-06-08T13:30:13.0000000Z;44.885;45.03;192;660
2026-06-08T13:30:14.0000000Z;44.865;44.945;192;1113
2026-06-08T13:30:15.0000000Z;44.885;45.015;480;84
2026-06-08T13:30:16.0000000Z;44.88;44.945;192;1113
2026-06-08T13:30:17.0000000Z;44.84;44.94;192;99
2026-06-08T13:30:18.0000000Z;44.87;45;288;84
2026-06-08T13:30:19.0000000Z;44.875;44.98;480;84
2026-06-08T13:30:20.0000000Z;44.875;44.98;480;84
2026-06-08T13:30:21.0000000Z;44.87;44.955;470;550
2026-06-08T13:30:22.0000000Z;44.88;44.97;192;84
2026-06-08T13:30:23.0000000Z;44.88;44.97;192;84
2026-06-08T13:30:24.0000000Z;44.88;44.97;192;855
2026-06-08T13:30:25.0000000Z;44.88;44.975;192;84
2026-06-08T13:30:26.0000000Z;44.88;44.97;288;177
2026-06-08T13:30:27.0000000Z;44.88;44.97;288;177
2026-06-08T13:30:28.0000000Z;44.88;44.97;288;177
2026-06-08T13:30:29.0000000Z;44.88;44.97;470;177
2026-06-08T13:30:30.0000000Z;44.88;44.98;470;177
2026-06-08T13:30:31.0000000Z;44.86;44.96;192;177
2026-06-08T13:30:32.0000000Z;44.86;44.97;480;177
2026-06-08T13:30:33.0000000Z;44.875;44.955;718;855
2026-06-08T13:30:34.0000000Z;44.875;44.955;718;177
2026-06-08T13:30:35.0000000Z;44.865;45;756;384
2026-06-08T13:30:36.0000000Z;44.865;44.975;756;177
2026-06-08T13:30:37.0000000Z;44.865;44.955;756;615
2026-06-08T13:30:39.0000000Z;44.865;45.05;756;177
2026-06-08T13:30:40.0000000Z;44.865;45.015;756;384
2026-06-08T13:30:41.0000000Z;44.865;44.99;756;177
2026-06-08T13:30:42.0000000Z;44.87;44.965;897;550
2026-06-08T13:30:43.0000000Z;44.865;44.955;470;855
2026-06-08T13:30:44.0000000Z;44.865;44.955;470;855
2026-06-08T13:30:47.0000000Z;44.865;44.945;470;364
2026-06-08T13:30:48.0000000Z;44.865;44.95;470;177
2026-06-08T13:30:49.0000000Z;44.87;44.95;423;177
2026-06-08T13:30:50.0000000Z;44.87;44.95;423;177
2026-06-08T13:30:59.0000000Z;44.87;44.95;423;177
2026-06-08T13:31:00.0000000Z;44.87;44.95;3247;177
2026-06-08T13:31:01.0000000Z;44.87;44.95;3247;177
2026-06-08T13:31:02.0000000Z;44.875;44.95;669;177
2026-06-08T13:31:03.0000000Z;44.89;44.945;538;537
2026-06-08T13:31:04.0000000Z;44.885;44.945;1175;537
2026-06-08T13:31:05.0000000Z;44.885;44.945;470;537
2026-06-08T13:31:06.0000000Z;44.885;44.945;470;537
2026-06-08T13:31:07.0000000Z;44.885;44.945;470;537
2026-06-08T13:31:10.0000000Z;44.885;44.945;470;537
2026-06-08T13:31:11.0000000Z;44.885;44.945;470;537
2026-06-08T13:31:13.0000000Z;44.885;44.945;470;537
2026-06-08T13:31:14.0000000Z;44.875;44.945;1175;693
2026-06-08T13:31:15.0000000Z;44.875;44.945;1175;693
2026-06-08T13:31:16.0000000Z;44.875;44.945;1175;693
2026-06-08T13:31:17.0000000Z;44.885;44.945;539;693
2026-06-08T13:31:19.0000000Z;44.875;44.945;470;693
2026-06-08T13:31:22.0000000Z;44.875;44.945;1175;693
2026-06-08T13:31:23.0000000Z;44.875;44.95;470;13500
2026-06-08T13:31:24.0000000Z;44.87;44.955;288;84
2026-06-08T13:31:25.0000000Z;44.87;44.95;288;335
2026-06-08T13:31:26.0000000Z;44.88;44.95;470;612
2026-06-08T13:31:28.0000000Z;44.88;44.95;470;612
2026-06-08T13:31:29.0000000Z;44.885;44.95;621;612
2026-06-08T13:31:30.0000000Z;44.88;44.95;470;637
2026-06-08T13:31:31.0000000Z;44.865;44.94;470;550
2026-06-08T13:31:32.0000000Z;44.835;44.935;192;817
2026-06-08T13:31:33.0000000Z;44.83;44.935;288;817
2026-06-08T13:31:34.0000000Z;44.845;44.935;192;817
2026-06-08T13:31:35.0000000Z;44.87;44.935;397;817
2026-06-08T13:31:37.0000000Z;44.835;44.935;480;817
2026-06-08T13:31:38.0000000Z;44.825;44.925;192;84
2026-06-08T13:31:39.0000000Z;44.815;44.92;480;722
2026-06-08T13:31:40.0000000Z;44.85;44.92;344;722
2026-06-08T13:31:41.0000000Z;44.85;44.915;220;177
2026-06-08T13:31:42.0000000Z;44.825;44.915;598;177
2026-06-08T13:31:43.0000000Z;44.825;44.91;598;606
2026-06-08T13:31:45.0000000Z;44.815;44.915;480;84
2026-06-08T13:31:46.0000000Z;44.805;44.9;192;682
2026-06-08T13:31:47.0000000Z;44.8;44.9;192;714
2026-06-08T13:31:48.0000000Z;44.82;44.87;1116;497
2026-06-08T13:31:49.0000000Z;44.795;44.87;192;710
2026-06-08T13:31:50.0000000Z;44.8;44.87;648;710
2026-06-08T13:31:52.0000000Z;44.8;44.87;648;800
2026-06-08T13:31:53.0000000Z;44.785;44.88;480;550
2026-06-08T13:31:54.0000000Z;44.785;44.875;480;805
2026-06-08T13:31:55.0000000Z;44.785;44.875;480;805
2026-06-08T13:31:57.0000000Z;44.785;44.875;480;805
2026-06-08T13:31:58.0000000Z;44.785;44.875;480;805
2026-06-08T13:31:59.0000000Z;44.82;44.875;525;805
2026-06-08T13:31:59.0000000Z;44.815;44.875;662;805
2026-06-08T13:32:00.0000000Z;44.795;44.875;480;805
2026-06-08T13:32:01.0000000Z;44.785;44.875;192;805
2026-06-08T13:32:02.0000000Z;44.795;44.875;192;805
2026-06-08T13:32:03.0000000Z;44.785;44.875;480;805
2026-06-08T13:32:04.0000000Z;44.8;44.875;601;805
2026-06-08T13:32:05.0000000Z;44.8;44.875;601;805
2026-06-08T13:32:06.0000000Z;44.8;44.875;601;805
2026-06-08T13:32:07.0000000Z;44.8;44.875;288;805
2026-06-08T13:32:08.0000000Z;44.8;44.875;662;805
2026-06-08T13:32:09.0000000Z;44.795;44.875;192;805
2026-06-08T13:32:10.0000000Z;44.775;44.875;192;805
2026-06-08T13:32:11.0000000Z;44.8;44.875;192;805
2026-06-08T13:32:12.0000000Z;44.8;44.875;192;805
2026-06-08T13:32:13.0000000Z;44.795;44.875;192;855
2026-06-08T13:32:14.0000000Z;44.795;44.875;192;855
2026-06-08T13:32:15.0000000Z;44.795;44.875;192;855
2026-06-08T13:32:16.0000000Z;44.795;44.875;192;855
2026-06-08T13:32:17.0000000Z;44.8;44.875;664;855
2026-06-08T13:32:18.0000000Z;44.775;44.875;576;455
2026-06-08T13:32:19.0000000Z;44.775;44.875;576;769
2026-06-08T13:32:20.0000000Z;44.775;44.965;1440;210
2026-06-08T13:32:21.0000000Z;44.775;44.965;1440;126
2026-06-08T13:32:22.0000000Z;44.775;44.97;1440;84
2026-06-08T13:32:23.0000000Z;44.775;45;1440;84
2026-06-08T13:32:24.0000000Z;44.775;44.955;1502;384
2026-06-08T13:32:25.0000000Z;44.775;44.88;1502;452
2026-06-08T13:32:26.0000000Z;44.785;44.92;768;550
2026-06-08T13:32:27.0000000Z;44.785;44.92;768;550
2026-06-08T13:32:28.0000000Z;44.785;44.885;768;1347
2026-06-08T13:32:29.0000000Z;44.785;44.885;768;1347
2026-06-08T13:32:30.0000000Z;44.785;44.885;768;1347
2026-06-08T13:32:31.0000000Z;44.785;44.885;768;1347
2026-06-08T13:32:32.0000000Z;44.785;44.885;768;1347
2026-06-08T13:32:33.0000000Z;44.785;44.915;768;534
2026-06-08T13:32:34.0000000Z;44.785;44.915;768;918
2026-06-08T13:32:35.0000000Z;44.795;44.91;768;934
2026-06-08T13:32:36.0000000Z;44.8;44.91;756;550
2026-06-08T13:32:37.0000000Z;44.81;44.91;756;1404
2026-06-08T13:32:38.0000000Z;44.8;44.9;192;550
2026-06-08T13:32:39.0000000Z;44.8;44.89;192;934
2026-06-08T13:32:40.0000000Z;44.8;44.89;192;550
2026-06-08T13:32:41.0000000Z;44.795;44.88;192;550
2026-06-08T13:32:42.0000000Z;44.795;44.88;192;550
2026-06-08T13:32:43.0000000Z;44.795;44.88;192;550
2026-06-08T13:32:44.0000000Z;44.795;44.88;192;550
2026-06-08T13:32:45.0000000Z;44.8;44.88;664;550
2026-06-08T13:32:46.0000000Z;44.805;44.88;192;550
2026-06-08T13:32:47.0000000Z;44.805;44.88;662;550
2026-06-08T13:32:48.0000000Z;44.805;44.88;662;550
2026-06-08T13:32:51.0000000Z;44.815;44.985;192;854
2026-06-08T13:32:52.0000000Z;44.82;44.955;756;384
2026-06-08T13:32:53.0000000Z;44.82;44.88;756;99
2026-06-08T13:32:54.0000000Z;44.815;44.885;192;1213
2026-06-08T13:32:55.0000000Z;44.815;44.885;662;1213
2026-06-08T13:32:56.0000000Z;44.815;44.88;662;99
2026-06-08T13:32:57.0000000Z;44.815;44.9;662;550
2026-06-08T13:32:58.0000000Z;44.815;44.9;662;550
2026-06-08T13:32:59.0000000Z;44.815;44.9;662;550
2026-06-08T13:33:01.0000000Z;44.815;44.9;662;550
2026-06-08T13:33:02.0000000Z;44.815;44.9;662;550
2026-06-08T13:33:03.0000000Z;44.81;44.895;192;855
2026-06-08T13:33:04.0000000Z;44.805;44.895;192;855
2026-06-08T13:33:05.0000000Z;44.805;44.895;192;855
2026-06-08T13:33:06.0000000Z;44.825;44.895;662;855
2026-06-08T13:33:07.0000000Z;44.825;44.895;662;855
2026-06-08T13:33:09.0000000Z;44.825;44.895;662;855
2026-06-08T13:33:10.0000000Z;44.835;44.895;192;855
2026-06-08T13:33:11.0000000Z;44.84;44.935;192;384
2026-06-08T13:33:12.0000000Z;44.84;44.895;192;249
2026-06-08T13:33:13.0000000Z;44.84;44.895;192;249
2026-06-08T13:33:14.0000000Z;44.83;44.895;192;249
2026-06-08T13:33:15.0000000Z;44.83;44.92;192;855
2026-06-08T13:33:16.0000000Z;44.82;44.905;192;550
2026-06-08T13:33:17.0000000Z;44.82;44.905;192;550
2026-06-08T13:33:18.0000000Z;44.83;44.905;192;550
2026-06-08T13:33:19.0000000Z;44.83;44.905;192;550
2026-06-08T13:33:20.0000000Z;44.83;44.905;192;550
2026-06-08T13:33:21.0000000Z;44.83;44.905;662;550
2026-06-08T13:33:22.0000000Z;44.84;44.905;192;550
2026-06-08T13:33:23.0000000Z;44.84;44.905;192;550
2026-06-08T13:33:24.0000000Z;44.84;44.9;192;177
2026-06-08T13:33:25.0000000Z;44.835;44.895;192;760
2026-06-08T13:33:26.0000000Z;44.845;44.895;470;760
2026-06-08T13:33:27.0000000Z;44.85;44.895;410;760
2026-06-08T13:33:28.0000000Z;44.845;44.895;470;550
2026-06-08T13:33:29.0000000Z;44.805;44.89;480;546
2026-06-08T13:33:30.0000000Z;44.795;44.89;480;589
2026-06-08T13:33:31.0000000Z;44.795;44.89;480;855
2026-06-08T13:33:32.0000000Z;44.84;44.89;1116;855
2026-06-08T13:33:34.0000000Z;44.84;44.89;1116;855
2026-06-08T13:33:35.0000000Z;44.805;44.89;192;855
2026-06-08T13:33:36.0000000Z;44.835;44.89;192;855
2026-06-08T13:33:37.0000000Z;44.835;44.89;192;855
2026-06-08T13:33:38.0000000Z;44.835;44.89;192;855
2026-06-08T13:33:39.0000000Z;44.835;44.89;192;855
2026-06-08T13:33:40.0000000Z;44.825;44.89;470;855
2026-06-08T13:33:41.0000000Z;44.825;44.89;192;855
2026-06-08T13:33:42.0000000Z;44.82;44.895;192;550
2026-06-08T13:33:43.0000000Z;44.82;44.895;192;550
2026-06-08T13:33:44.0000000Z;44.84;44.885;243;522
2026-06-08T13:33:45.0000000Z;44.835;44.89;536;361
2026-06-08T13:33:46.0000000Z;44.835;44.89;586;429
2026-06-08T13:33:47.0000000Z;44.835;44.915;586;177
2026-06-08T13:33:48.0000000Z;44.835;44.925;684;177
2026-06-08T13:33:49.0000000Z;44.82;44.915;192;177
2026-06-08T13:33:50.0000000Z;44.785;44.885;192;855
2026-06-08T13:33:51.0000000Z;44.75;44.895;576;177
2026-06-08T13:33:52.0000000Z;44.825;44.89;13500;653
2026-06-08T13:33:53.0000000Z;44.76;44.89;192;320
2026-06-08T13:33:54.0000000Z;44.76;44.875;192;384
2026-06-08T13:33:55.0000000Z;44.76;44.875;13500;384
2026-06-08T13:33:56.0000000Z;44.75;44.875;13500;384
2026-06-08T13:33:57.0000000Z;44.5;44.885;204;384
2026-06-08T13:33:58.0000000Z;44.51;44.885;204;384
2026-06-08T13:33:59.0000000Z;44.51;44.895;204;2185
2026-06-08T13:34:00.0000000Z;44.745;44.895;1118;2185
2026-06-08T13:34:01.0000000Z;44.51;44.895;204;2185
2026-06-08T13:34:02.0000000Z;44.75;44.89;510;384
2026-06-08T13:34:03.0000000Z;44.75;44.885;510;855
2026-06-08T13:34:04.0000000Z;44.75;44.885;510;855
2026-06-08T13:34:05.0000000Z;44.74;44.885;204;855
2026-06-08T13:34:06.0000000Z;44.74;44.885;510;855
2026-06-08T13:34:07.0000000Z;44.75;44.86;756;384
2026-06-08T13:34:08.0000000Z;44.75;44.85;756;384
2026-06-08T13:34:09.0000000Z;44.75;44.845;756;320
2026-06-08T13:34:10.0000000Z;44.75;44.845;756;704
2026-06-08T13:34:11.0000000Z;44.75;44.845;780;704
2026-06-08T13:34:12.0000000Z;44.75;44.845;510;704
2026-06-08T13:34:13.0000000Z;44.755;44.845;204;704
2026-06-08T13:34:14.0000000Z;44.755;44.845;204;704
2026-06-08T13:34:16.0000000Z;44.755;44.845;588;704
2026-06-08T13:34:17.0000000Z;44.775;44.845;204;704
2026-06-08T13:34:18.0000000Z;44.78;44.845;559;704
2026-06-08T13:34:19.0000000Z;44.775;44.845;204;704
2026-06-08T13:34:20.0000000Z;44.765;44.845;510;704
2026-06-08T13:34:21.0000000Z;44.765;44.845;204;704
2026-06-08T13:34:22.0000000Z;44.76;44.845;204;704
2026-06-08T13:34:23.0000000Z;44.755;44.835;204;704
2026-06-08T13:34:24.0000000Z;44.755;44.835;204;881
2026-06-08T13:34:25.0000000Z;44.76;44.825;563;320
2026-06-08T13:34:26.0000000Z;44.755;44.825;980;320
2026-06-08T13:34:28.0000000Z;44.765;44.825;204;497
2026-06-08T13:34:29.0000000Z;44.765;44.825;204;320
2026-06-08T13:34:30.0000000Z;44.755;44.825;705;497
2026-06-08T13:34:31.0000000Z;44.755;44.825;204;320
2026-06-08T13:34:32.0000000Z;44.755;44.825;510;320
2026-06-08T13:34:33.0000000Z;44.76;44.815;574;320
2026-06-08T13:34:34.0000000Z;44.76;44.81;204;545
2026-06-08T13:34:35.0000000Z;44.76;44.81;510;599
2026-06-08T13:34:36.0000000Z;44.76;44.81;306;599
2026-06-08T13:34:37.0000000Z;44.76;44.81;306;599
2026-06-08T13:34:38.0000000Z;44.76;44.81;306;599
2026-06-08T13:34:39.0000000Z;44.76;44.81;306;599
2026-06-08T13:34:41.0000000Z;44.76;44.81;510;599
2026-06-08T13:34:42.0000000Z;44.76;44.81;510;599
2026-06-08T13:34:43.0000000Z;44.76;44.81;306;599
2026-06-08T13:34:44.0000000Z;44.76;44.81;306;599
2026-06-08T13:34:46.0000000Z;44.76;44.81;510;599
2026-06-08T13:34:47.0000000Z;44.76;44.81;510;599
2026-06-08T13:34:49.0000000Z;44.76;44.81;510;599
2026-06-08T13:34:51.0000000Z;44.76;44.81;510;599
2026-06-08T13:34:52.0000000Z;44.76;44.81;980;599
2026-06-08T13:34:53.0000000Z;44.76;44.81;980;599
2026-06-08T13:34:54.0000000Z;44.76;44.81;204;599
2026-06-08T13:34:55.0000000Z;44.76;44.81;204;599
2026-06-08T13:34:57.0000000Z;44.76;44.81;204;599
2026-06-08T13:34:58.0000000Z;44.76;44.81;204;599
2026-06-08T13:34:59.0000000Z;44.76;44.81;204;599
2026-06-08T13:35:00.0000000Z;44.76;44.81;204;599
2026-06-08T13:35:01.0000000Z;44.75;44.81;470;659
2026-06-08T13:35:02.0000000Z;44.735;44.81;1685;832
2026-06-08T13:35:03.0000000Z;44.76;44.81;226;832
2026-06-08T13:35:04.0000000Z;44.735;44.81;1685;853
2026-06-08T13:35:05.0000000Z;44.735;44.84;1685;177
2026-06-08T13:35:06.0000000Z;44.75;44.84;674;177
2026-06-08T13:35:07.0000000Z;44.75;44.815;204;464
2026-06-08T13:35:08.0000000Z;44.75;44.815;674;522
2026-06-08T13:35:09.0000000Z;44.75;44.83;204;561
2026-06-08T13:35:10.0000000Z;44.755;44.825;470;320
2026-06-08T13:35:11.0000000Z;44.74;44.815;674;855
2026-06-08T13:35:12.0000000Z;44.74;44.815;674;855
2026-06-08T13:35:13.0000000Z;44.74;44.815;674;855
2026-06-08T13:35:14.0000000Z;44.745;44.82;676;855
2026-06-08T13:35:15.0000000Z;44.74;44.82;674;855
2026-06-08T13:35:16.0000000Z;44.74;44.815;674;497
2026-06-08T13:35:17.0000000Z;44.74;44.81;674;536
2026-06-08T13:35:18.0000000Z;44.74;44.815;674;320
2026-06-08T13:35:19.0000000Z;44.74;44.815;674;320
2026-06-08T13:35:20.0000000Z;44.74;44.815;674;320
2026-06-08T13:35:21.0000000Z;44.74;44.835;674;384
2026-06-08T13:35:22.0000000Z;44.74;44.81;674;807
2026-06-08T13:35:23.0000000Z;44.74;44.82;1685;855
2026-06-08T13:35:24.0000000Z;44.74;44.825;1685;384
2026-06-08T13:35:26.0000000Z;44.75;44.815;204;855
2026-06-08T13:35:27.0000000Z;44.745;44.82;204;320
2026-06-08T13:35:28.0000000Z;44.745;44.82;204;320
2026-06-08T13:35:29.0000000Z;44.745;44.82;204;320
2026-06-08T13:35:30.0000000Z;44.75;44.82;598;320
2026-06-08T13:35:31.0000000Z;44.75;44.82;204;320
2026-06-08T13:35:32.0000000Z;44.755;44.82;374;320
2026-06-08T13:35:33.0000000Z;44.755;44.82;374;320
2026-06-08T13:35:34.0000000Z;44.74;44.82;470;320
2026-06-08T13:35:35.0000000Z;44.74;44.82;470;320
2026-06-08T13:35:36.0000000Z;44.745;44.82;204;320
2026-06-08T13:35:37.0000000Z;44.745;44.82;204;320
2026-06-08T13:35:38.0000000Z;44.745;44.82;204;320
2026-06-08T13:35:40.0000000Z;44.745;44.82;204;320
2026-06-08T13:35:41.0000000Z;44.745;44.85;204;177
2026-06-08T13:35:42.0000000Z;44.755;44.82;204;13500
2026-06-08T13:35:43.0000000Z;44.575;45;8;177
2026-06-08T13:35:44.0000000Z;44.75;44.845;355;405
2026-06-08T13:35:46.0000000Z;44.62;44.975;204;384
2026-06-08T13:35:47.0000000Z;44.68;44.925;8;384
2026-06-08T13:35:48.0000000Z;44.68;44.885;8;177
2026-06-08T13:35:49.0000000Z;44.745;44.845;258;855
2026-06-08T13:35:50.0000000Z;44.74;44.835;1118;704
2026-06-08T13:35:51.0000000Z;44.74;44.835;1118;704
2026-06-08T13:35:52.0000000Z;44.74;44.835;1118;704
2026-06-08T13:35:53.0000000Z;44.74;44.825;1118;320
2026-06-08T13:35:54.0000000Z;44.74;44.825;1118;320
2026-06-08T13:35:56.0000000Z;44.685;44.825;756;320
2026-06-08T13:35:58.0000000Z;44.68;44.825;8;320
2026-06-08T13:35:59.0000000Z;44.68;44.825;8;320
2026-06-08T13:36:01.0000000Z;44.68;44.835;8;384
2026-06-08T13:36:02.0000000Z;44.68;44.84;8;177
2026-06-08T13:36:03.0000000Z;44.68;44.85;8;177
2026-06-08T13:36:04.0000000Z;44.685;44.855;8;177
2026-06-08T13:36:05.0000000Z;44.685;44.855;14256;177
2026-06-08T13:36:06.0000000Z;44.685;44.855;14256;177
2026-06-08T13:36:07.0000000Z;44.69;44.84;13500;320
2026-06-08T13:36:08.0000000Z;44.695;44.825;14256;855
2026-06-08T13:36:09.0000000Z;44.695;44.835;14256;177
2026-06-08T13:36:10.0000000Z;44.695;44.83;14256;384
2026-06-08T13:36:11.0000000Z;44.65;44.83;8;384
2026-06-08T13:36:12.0000000Z;44.68;44.83;8;384
2026-06-08T13:36:14.0000000Z;44.725;44.825;674;14355
2026-06-08T13:36:15.0000000Z;44.73;44.82;438;855
2026-06-08T13:36:16.0000000Z;44.73;44.82;605;855
2026-06-08T13:36:17.0000000Z;44.725;44.815;304;704
2026-06-08T13:36:18.0000000Z;44.725;44.815;304;704
2026-06-08T13:36:19.0000000Z;44.725;44.815;304;704
2026-06-08T13:36:20.0000000Z;44.73;44.815;304;704
2026-06-08T13:36:21.0000000Z;44.73;44.815;304;704
2026-06-08T13:36:22.0000000Z;44.73;44.815;304;704
2026-06-08T13:36:23.0000000Z;44.725;44.815;304;704
2026-06-08T13:36:24.0000000Z;44.725;44.815;13500;704
2026-06-08T13:36:25.0000000Z;44.65;44.815;8;704
2026-06-08T13:36:26.0000000Z;44.655;44.815;756;704
2026-06-08T13:36:27.0000000Z;44.655;44.815;756;704
2026-06-08T13:36:28.0000000Z;44.67;44.815;756;704
2026-06-08T13:36:29.0000000Z;44.67;44.815;14256;704
2026-06-08T13:36:35.0000000Z;44.67;44.815;14256;881
2026-06-08T13:36:36.0000000Z;44.665;44.815;304;881
2026-06-08T13:36:37.0000000Z;44.66;44.805;8;320
2026-06-08T13:36:38.0000000Z;44.655;44.805;8;320
2026-06-08T13:36:39.0000000Z;44.645;44.805;312;320
2026-06-08T13:36:40.0000000Z;44.65;44.805;8;320
2026-06-08T13:36:41.0000000Z;44.65;44.805;8;320
2026-06-08T13:36:42.0000000Z;44.655;44.805;756;320
2026-06-08T13:36:44.0000000Z;44.64;44.805;313;320
2026-06-08T13:36:45.0000000Z;44.645;44.83;8;177
2026-06-08T13:36:46.0000000Z;44.65;44.83;756;177
2026-06-08T13:36:47.0000000Z;44.63;44.91;8;177
2026-06-08T13:36:48.0000000Z;44.645;44.91;756;177
2026-06-08T13:36:49.0000000Z;44.645;44.805;756;831
2026-06-08T13:36:50.0000000Z;44.635;44.845;756;855
2026-06-08T13:36:51.0000000Z;44.635;44.815;756;320
2026-06-08T13:36:52.0000000Z;44.645;44.815;8;320
2026-06-08T13:36:53.0000000Z;44.64;44.815;8;320
2026-06-08T13:36:54.0000000Z;44.645;44.815;14256;320
2026-06-08T13:36:55.0000000Z;44.66;44.815;756;320
2026-06-08T13:36:56.0000000Z;44.66;44.815;8;320
2026-06-08T13:36:57.0000000Z;44.66;44.815;14256;320
2026-06-08T13:36:59.0000000Z;44.66;44.815;14256;320
2026-06-08T13:36:59.0000000Z;44.64;44.815;8;320
2026-06-08T13:37:00.0000000Z;44.64;44.815;8;320
2026-06-08T13:37:01.0000000Z;44.63;44.815;8;320
2026-06-08T13:37:02.0000000Z;44.635;44.815;756;320
2026-06-08T13:37:03.0000000Z;44.635;44.815;756;320
2026-06-08T13:37:04.0000000Z;44.645;44.815;756;320
2026-06-08T13:37:05.0000000Z;44.655;44.815;756;320
2026-06-08T13:37:06.0000000Z;44.655;44.835;14256;384
2026-06-08T13:37:07.0000000Z;44.655;44.835;14256;384
2026-06-08T13:37:08.0000000Z;44.67;44.835;8;384
2026-06-08T13:37:09.0000000Z;44.675;44.845;756;177
2026-06-08T13:37:10.0000000Z;44.675;44.845;756;177
2026-06-08T13:37:11.0000000Z;44.675;44.82;756;384
2026-06-08T13:37:12.0000000Z;44.675;44.815;756;320
2026-06-08T13:37:13.0000000Z;44.675;44.815;756;320
2026-06-08T13:37:14.0000000Z;44.675;44.815;756;320
2026-06-08T13:37:15.0000000Z;44.665;44.815;8;320
2026-06-08T13:37:16.0000000Z;44.665;44.805;8;320
2026-06-08T13:37:17.0000000Z;44.67;44.805;756;320
2026-06-08T13:37:18.0000000Z;44.645;44.805;8;497
2026-06-08T13:37:19.0000000Z;44.665;44.805;14264;497
2026-06-08T13:37:20.0000000Z;44.665;44.805;14264;320
2026-06-08T13:37:21.0000000Z;44.665;44.805;764;320
2026-06-08T13:37:23.0000000Z;44.665;44.805;764;320
2026-06-08T13:37:24.0000000Z;44.665;44.805;764;320
2026-06-08T13:37:25.0000000Z;44.655;44.805;14256;320
2026-06-08T13:37:26.0000000Z;44.655;44.805;14256;320
2026-06-08T13:37:27.0000000Z;44.655;44.795;14256;320
2026-06-08T13:37:28.0000000Z;44.655;44.795;14256;320
2026-06-08T13:37:29.0000000Z;44.655;44.795;14256;320
2026-06-08T13:37:30.0000000Z;44.655;44.78;14256;855
2026-06-08T13:37:31.0000000Z;44.665;44.785;8;320
2026-06-08T13:37:32.0000000Z;44.665;44.785;14256;320
2026-06-08T13:37:33.0000000Z;44.66;44.785;313;320
2026-06-08T13:37:34.0000000Z;44.655;44.79;8;384
2026-06-08T13:37:35.0000000Z;44.67;44.81;756;384
2026-06-08T13:37:36.0000000Z;44.65;44.81;8;384
2026-06-08T13:37:37.0000000Z;44.715;44.79;756;855
2026-06-08T13:37:38.0000000Z;44.72;44.82;756;470
2026-06-08T13:37:39.0000000Z;44.72;44.795;756;320
2026-06-08T13:37:40.0000000Z;44.71;44.795;13500;320
2026-06-08T13:37:41.0000000Z;44.6;44.795;8;320
2026-06-08T13:37:42.0000000Z;44.61;44.795;862;320
2026-06-08T13:37:43.0000000Z;44.64;44.795;756;320
2026-06-08T13:37:44.0000000Z;44.64;44.795;756;320
2026-06-08T13:37:45.0000000Z;44.61;44.795;854;320
2026-06-08T13:37:46.0000000Z;44.62;44.795;756;320
2026-06-08T13:37:47.0000000Z;44.62;44.795;854;320
2026-06-08T13:37:48.0000000Z;44.62;44.795;854;320
2026-06-08T13:37:50.0000000Z;44.62;44.795;854;497
2026-06-08T13:37:51.0000000Z;44.62;44.78;470;855
2026-06-08T13:37:52.0000000Z;44.62;44.775;470;320
2026-06-08T13:37:53.0000000Z;44.62;44.775;470;320
2026-06-08T13:37:55.0000000Z;44.62;44.775;470;320
2026-06-08T13:37:56.0000000Z;44.62;44.775;478;320
2026-06-08T13:37:57.0000000Z;44.61;44.775;8;320
2026-06-08T13:37:58.0000000Z;44.61;44.775;8;320
2026-06-08T13:37:59.0000000Z;44.615;44.775;756;320
2026-06-08T13:38:00.0000000Z;44.615;44.775;756;320
2026-06-08T13:38:02.0000000Z;44.615;44.775;756;320
2026-06-08T13:38:03.0000000Z;44.615;44.775;756;320
2026-06-08T13:38:04.0000000Z;44.615;44.775;756;320
2026-06-08T13:38:05.0000000Z;44.615;44.775;756;320
2026-06-08T13:38:07.0000000Z;44.615;44.775;756;320
2026-06-08T13:38:08.0000000Z;44.615;44.775;756;320
2026-06-08T13:38:09.0000000Z;44.615;44.775;756;320
2026-06-08T13:38:11.0000000Z;44.615;44.78;756;384
2026-06-08T13:38:12.0000000Z;44.605;44.775;8;13500
2026-06-08T13:38:13.0000000Z;44.6;44.77;320;246
2026-06-08T13:38:14.0000000Z;44.6;44.995;320;84
2026-06-08T13:38:15.0000000Z;44.61;44.78;756;320
2026-06-08T13:38:16.0000000Z;44.61;44.995;756;84
2026-06-08T13:38:17.0000000Z;44.605;44.925;384;84
2026-06-08T13:38:18.0000000Z;44.605;44.775;384;294
2026-06-08T13:38:19.0000000Z;44.605;44.86;384;384
2026-06-08T13:38:20.0000000Z;44.605;44.855;384;84
2026-06-08T13:38:21.0000000Z;44.61;44.855;8;84
2026-06-08T13:38:22.0000000Z;44.595;44.855;8;84
2026-06-08T13:38:23.0000000Z;44.62;44.84;756;855
2026-06-08T13:38:24.0000000Z;44.63;44.84;756;84
2026-06-08T13:38:25.0000000Z;44.63;44.84;8;84
2026-06-08T13:38:26.0000000Z;44.63;44.83;8;470
2026-06-08T13:38:27.0000000Z;44.64;44.81;8;384
2026-06-08T13:38:28.0000000Z;44.695;44.81;470;384
2026-06-08T13:38:29.0000000Z;44.695;44.8;470;384
2026-06-08T13:38:30.0000000Z;44.695;44.785;1175;855
2026-06-08T13:38:31.0000000Z;44.695;44.79;1175;384
2026-06-08T13:38:32.0000000Z;44.695;44.79;1175;704
2026-06-08T13:38:33.0000000Z;44.695;44.79;1175;704
2026-06-08T13:38:34.0000000Z;44.695;44.79;1175;320
2026-06-08T13:38:35.0000000Z;44.71;44.79;1175;320
2026-06-08T13:38:36.0000000Z;44.71;44.79;1175;320
2026-06-08T13:38:37.0000000Z;44.705;44.79;860;320
2026-06-08T13:38:38.0000000Z;44.705;44.79;860;320
2026-06-08T13:38:39.0000000Z;44.705;44.79;860;320
2026-06-08T13:38:40.0000000Z;44.71;44.785;470;499
2026-06-08T13:38:41.0000000Z;44.71;44.785;470;499
2026-06-08T13:38:42.0000000Z;44.705;44.78;470;320
2026-06-08T13:38:43.0000000Z;44.71;44.78;571;320
2026-06-08T13:38:44.0000000Z;44.695;44.78;753;435
2026-06-08T13:38:45.0000000Z;44.7;44.78;293;704
2026-06-08T13:38:46.0000000Z;44.67;44.77;414;320
2026-06-08T13:38:47.0000000Z;44.71;44.765;274;855
2026-06-08T13:38:48.0000000Z;44.71;44.765;274;855
2026-06-08T13:38:49.0000000Z;44.685;44.765;1175;855
2026-06-08T13:38:50.0000000Z;44.69;44.765;698;855
2026-06-08T13:38:51.0000000Z;44.69;44.765;698;855
2026-06-08T13:38:52.0000000Z;44.69;44.765;698;855
2026-06-08T13:38:53.0000000Z;44.69;44.765;698;855
2026-06-08T13:38:54.0000000Z;44.685;44.765;1559;855
2026-06-08T13:38:55.0000000Z;44.685;44.765;1175;855
2026-06-08T13:38:58.0000000Z;44.685;44.765;1175;855
2026-06-08T13:39:00.0000000Z;44.685;44.765;1175;855
2026-06-08T13:39:01.0000000Z;44.685;44.765;1175;855
2026-06-08T13:39:02.0000000Z;44.685;44.765;1175;855
2026-06-08T13:39:05.0000000Z;44.685;44.765;1175;855
2026-06-08T13:39:06.0000000Z;44.68;44.765;470;855
2026-06-08T13:39:07.0000000Z;44.68;44.765;470;855
2026-06-08T13:39:08.0000000Z;44.685;44.765;721;855
2026-06-08T13:39:11.0000000Z;44.685;44.765;721;855
2026-06-08T13:39:12.0000000Z;44.685;44.77;721;704
2026-06-08T13:39:13.0000000Z;44.685;44.77;721;704
2026-06-08T13:39:14.0000000Z;44.685;44.77;721;320
2026-06-08T13:39:15.0000000Z;44.685;44.77;721;704
2026-06-08T13:39:16.0000000Z;44.685;44.77;607;384
2026-06-08T13:39:17.0000000Z;44.67;44.77;470;384
2026-06-08T13:39:18.0000000Z;44.685;44.77;645;384
2026-06-08T13:39:19.0000000Z;44.685;44.765;645;792
2026-06-08T13:39:20.0000000Z;44.68;44.765;663;792
2026-06-08T13:39:21.0000000Z;44.68;44.75;663;855
2026-06-08T13:39:22.0000000Z;44.68;44.755;663;408
2026-06-08T13:39:23.0000000Z;44.68;44.755;663;408
2026-06-08T13:39:24.0000000Z;44.68;44.755;663;792
2026-06-08T13:39:25.0000000Z;44.68;44.755;663;792
2026-06-08T13:39:27.0000000Z;44.635;44.755;8;408
2026-06-08T13:39:28.0000000Z;44.64;44.755;862;408
2026-06-08T13:39:30.0000000Z;44.645;44.755;8;408
2026-06-08T13:39:31.0000000Z;44.645;44.755;14256;408
2026-06-08T13:39:33.0000000Z;44.645;44.755;8;408
2026-06-08T13:39:34.0000000Z;44.645;44.755;8;491
2026-06-08T13:39:35.0000000Z;44.645;44.755;8;491
2026-06-08T13:39:37.0000000Z;44.645;44.755;8;491
2026-06-08T13:39:38.0000000Z;44.645;44.755;8;491
2026-06-08T13:39:39.0000000Z;44.64;44.755;478;491
2026-06-08T13:39:40.0000000Z;44.64;44.755;478;491
2026-06-08T13:39:41.0000000Z;44.64;44.755;478;491
2026-06-08T13:39:42.0000000Z;44.64;44.755;478;491
2026-06-08T13:39:44.0000000Z;44.64;44.755;470;491
2026-06-08T13:39:45.0000000Z;44.64;44.755;470;811
2026-06-08T13:39:46.0000000Z;44.64;44.755;470;811
2026-06-08T13:39:47.0000000Z;44.64;44.755;470;811
2026-06-08T13:39:48.0000000Z;44.64;44.755;854;811
2026-06-08T13:39:49.0000000Z;44.64;44.755;854;1195
2026-06-08T13:39:50.0000000Z;44.64;44.735;854;408
2026-06-08T13:39:51.0000000Z;44.64;44.735;854;408
2026-06-08T13:39:52.0000000Z;44.64;44.735;470;408
2026-06-08T13:39:53.0000000Z;44.64;44.735;470;408
2026-06-08T13:39:54.0000000Z;44.64;44.735;470;408
2026-06-08T13:39:55.0000000Z;44.64;44.735;470;408
2026-06-08T13:39:56.0000000Z;44.64;44.735;470;408
2026-06-08T13:39:57.0000000Z;44.64;44.735;470;408
2026-06-08T13:39:59.0000000Z;44.64;44.735;470;408
2026-06-08T13:40:00.0000000Z;44.64;44.735;470;408
2026-06-08T13:40:01.0000000Z;44.64;44.735;470;408
2026-06-08T13:40:02.0000000Z;44.64;44.735;470;408
2026-06-08T13:40:03.0000000Z;44.64;44.735;854;408
2026-06-08T13:40:04.0000000Z;44.64;44.735;854;408
2026-06-08T13:40:05.0000000Z;44.64;44.735;470;408
2026-06-08T13:40:06.0000000Z;44.64;44.735;470;408
2026-06-08T13:40:07.0000000Z;44.64;44.745;470;491
2026-06-08T13:40:08.0000000Z;44.64;44.745;854;491
2026-06-08T13:40:09.0000000Z;44.64;44.745;854;491
2026-06-08T13:40:10.0000000Z;44.64;44.745;470;491
2026-06-08T13:40:11.0000000Z;44.64;44.735;470;408
2026-06-08T13:40:12.0000000Z;44.64;44.735;470;408
2026-06-08T13:40:13.0000000Z;44.64;44.735;470;408
2026-06-08T13:40:14.0000000Z;44.64;44.735;470;408
2026-06-08T13:40:15.0000000Z;44.64;44.735;470;408
2026-06-08T13:40:16.0000000Z;44.64;44.73;470;728
2026-06-08T13:40:17.0000000Z;44.64;44.73;470;728
2026-06-08T13:40:18.0000000Z;44.64;44.745;470;491
2026-06-08T13:40:19.0000000Z;44.64;44.745;470;491
2026-06-08T13:40:20.0000000Z;44.64;44.745;470;491
2026-06-08T13:40:21.0000000Z;44.64;44.73;470;855
2026-06-08T13:40:22.0000000Z;44.64;44.73;470;855
2026-06-08T13:40:23.0000000Z;44.64;44.73;470;855
2026-06-08T13:40:24.0000000Z;44.64;44.725;470;408
2026-06-08T13:40:25.0000000Z;44.64;44.725;470;408
2026-06-08T13:40:26.0000000Z;44.64;44.73;470;728
2026-06-08T13:40:27.0000000Z;44.64;44.725;470;408
2026-06-08T13:40:28.0000000Z;44.62;44.725;8;408
2026-06-08T13:40:29.0000000Z;44.625;44.735;1183;491
2026-06-08T13:40:30.0000000Z;44.63;44.735;8;491
2026-06-08T13:40:31.0000000Z;44.63;44.725;705;855
2026-06-08T13:40:32.0000000Z;44.625;44.725;1195;855
2026-06-08T13:40:33.0000000Z;44.625;44.725;1195;855
2026-06-08T13:40:34.0000000Z;44.625;44.725;1187;855
2026-06-08T13:40:35.0000000Z;44.625;44.725;1195;855
2026-06-08T13:40:36.0000000Z;44.63;44.745;713;491
2026-06-08T13:40:37.0000000Z;44.64;44.745;14256;491
2026-06-08T13:40:38.0000000Z;44.635;44.745;8;491
2026-06-08T13:40:39.0000000Z;44.64;44.765;8;491
2026-06-08T13:40:40.0000000Z;44.645;44.755;8;1431
2026-06-08T13:40:41.0000000Z;44.64;44.755;2457;1431
2026-06-08T13:40:42.0000000Z;44.645;44.745;8;491
2026-06-08T13:40:43.0000000Z;44.64;44.745;975;491
2026-06-08T13:40:44.0000000Z;44.645;44.745;8;491
2026-06-08T13:40:45.0000000Z;44.64;44.745;975;491
2026-06-08T13:40:46.0000000Z;44.64;44.745;975;491
2026-06-08T13:40:47.0000000Z;44.64;44.745;35;491
2026-06-08T13:40:48.0000000Z;44.645;44.745;756;491
2026-06-08T13:40:51.0000000Z;44.64;44.745;43;491
2026-06-08T13:40:52.0000000Z;44.64;44.745;43;491
2026-06-08T13:40:53.0000000Z;44.64;44.745;35;491
2026-06-08T13:40:54.0000000Z;44.64;44.745;43;491
2026-06-08T13:40:55.0000000Z;44.65;44.755;8;491
2026-06-08T13:40:56.0000000Z;44.65;44.755;14256;491
2026-06-08T13:40:57.0000000Z;44.65;44.755;392;408
2026-06-08T13:40:58.0000000Z;44.655;44.745;14256;855
2026-06-08T13:41:00.0000000Z;44.65;44.755;8;408
2026-06-08T13:41:02.0000000Z;44.655;44.755;756;491
2026-06-08T13:41:03.0000000Z;44.65;44.755;8;491
2026-06-08T13:41:04.0000000Z;44.65;44.75;8;855
2026-06-08T13:41:05.0000000Z;44.645;44.75;8;855
2026-06-08T13:41:06.0000000Z;44.65;44.75;8;855
2026-06-08T13:41:07.0000000Z;44.65;44.75;8;855
2026-06-08T13:41:08.0000000Z;44.645;44.77;8;491
2026-06-08T13:41:09.0000000Z;44.645;44.745;8;855
2026-06-08T13:41:10.0000000Z;44.645;44.745;764;855
2026-06-08T13:41:11.0000000Z;44.645;44.745;8;855
2026-06-08T13:41:12.0000000Z;44.64;44.745;43;855
2026-06-08T13:41:13.0000000Z;44.64;44.745;43;855
2026-06-08T13:41:14.0000000Z;44.645;44.745;14264;855
2026-06-08T13:41:15.0000000Z;44.64;44.745;8;855
2026-06-08T13:41:16.0000000Z;44.635;44.745;980;855
2026-06-08T13:41:17.0000000Z;44.635;44.74;392;408
2026-06-08T13:41:18.0000000Z;44.64;44.74;764;408
2026-06-08T13:41:21.0000000Z;44.64;44.74;14264;408
2026-06-08T13:41:22.0000000Z;44.64;44.77;14264;875
2026-06-08T13:41:23.0000000Z;44.645;44.77;8;491
2026-06-08T13:41:24.0000000Z;44.65;44.77;8;491
2026-06-08T13:41:25.0000000Z;44.65;44.75;14256;855
2026-06-08T13:41:26.0000000Z;44.655;44.75;14256;855
2026-06-08T13:41:27.0000000Z;44.655;44.765;14256;320
2026-06-08T13:41:28.0000000Z;44.655;44.755;8;855
2026-06-08T13:41:29.0000000Z;44.655;44.755;8;855
2026-06-08T13:41:30.0000000Z;44.655;44.755;8;855
2026-06-08T13:41:31.0000000Z;44.655;44.78;8;491
2026-06-08T13:41:32.0000000Z;44.66;44.78;8;491
2026-06-08T13:41:33.0000000Z;44.66;44.76;8;814
2026-06-08T13:41:34.0000000Z;44.66;44.76;8;843
2026-06-08T13:41:36.0000000Z;44.66;44.77;8;491
2026-06-08T13:41:37.0000000Z;44.66;44.76;8;491
2026-06-08T13:41:38.0000000Z;44.66;44.76;8;491
2026-06-08T13:41:40.0000000Z;44.67;44.76;756;491
2026-06-08T13:41:41.0000000Z;44.67;44.785;14256;491
2026-06-08T13:41:42.0000000Z;44.67;44.79;14256;1431
2026-06-08T13:41:43.0000000Z;44.67;44.78;14256;855
2026-06-08T13:41:45.0000000Z;44.67;44.785;14256;855
2026-06-08T13:41:46.0000000Z;44.67;44.78;14256;491
2026-06-08T13:41:47.0000000Z;44.67;44.78;14256;491
2026-06-08T13:41:48.0000000Z;44.67;44.785;14256;491
2026-06-08T13:41:50.0000000Z;44.67;44.79;14256;491
2026-06-08T13:41:51.0000000Z;44.67;44.78;14256;855
2026-06-08T13:41:52.0000000Z;44.68;44.78;8;855
2026-06-08T13:41:53.0000000Z;44.68;44.79;14256;811
2026-06-08T13:41:55.0000000Z;44.68;44.79;14256;811
2026-06-08T13:41:56.0000000Z;44.685;44.79;8;811
2026-06-08T13:41:57.0000000Z;44.685;44.79;14256;811
2026-06-08T13:41:58.0000000Z;44.685;44.79;14256;811
2026-06-08T13:41:59.0000000Z;44.685;44.79;14256;811
2026-06-08T13:42:02.0000000Z;44.685;44.79;14256;811
2026-06-08T13:42:03.0000000Z;44.685;44.79;14256;491
2026-06-08T13:42:04.0000000Z;44.695;44.795;8;491
2026-06-08T13:42:05.0000000Z;44.695;44.795;756;491
2026-06-08T13:42:06.0000000Z;44.695;44.795;756;491
2026-06-08T13:42:07.0000000Z;44.695;44.79;756;855
2026-06-08T13:42:08.0000000Z;44.695;44.79;756;855
2026-06-08T13:42:09.0000000Z;44.7;44.795;8;491
2026-06-08T13:42:10.0000000Z;44.7;44.795;8;408
2026-06-08T13:42:11.0000000Z;44.7;44.795;14256;491
2026-06-08T13:42:12.0000000Z;44.69;44.795;8;491
2026-06-08T13:42:13.0000000Z;44.69;44.795;8;491
2026-06-08T13:42:14.0000000Z;44.61;44.795;8;491
2026-06-08T13:42:15.0000000Z;44.625;44.795;940;491
2026-06-08T13:42:16.0000000Z;44.63;44.795;8;491
2026-06-08T13:42:17.0000000Z;44.64;44.8;8;875
2026-06-08T13:42:18.0000000Z;44.685;44.8;296;875
2026-06-08T13:42:19.0000000Z;44.685;44.795;296;855
2026-06-08T13:42:20.0000000Z;44.65;44.795;8;855
2026-06-08T13:42:21.0000000Z;44.7;44.795;8;855
2026-06-08T13:42:22.0000000Z;44.7;44.795;14256;855
2026-06-08T13:42:23.0000000Z;44.7;44.795;14256;855
2026-06-08T13:42:24.0000000Z;44.7;44.795;14256;855
2026-06-08T13:42:27.0000000Z;44.695;44.795;893;855
2026-06-08T13:42:30.0000000Z;44.695;44.795;893;855
2026-06-08T13:42:31.0000000Z;44.7;44.795;756;855
2026-06-08T13:42:32.0000000Z;44.695;44.795;893;855
2026-06-08T13:42:33.0000000Z;44.695;44.795;2268;855
2026-06-08T13:42:34.0000000Z;44.695;44.795;2268;855
2026-06-08T13:42:36.0000000Z;44.695;44.795;2652;855
2026-06-08T13:42:37.0000000Z;44.7;44.795;2350;491
2026-06-08T13:42:38.0000000Z;44.705;44.79;745;855
2026-06-08T13:42:39.0000000Z;44.705;44.79;745;855
2026-06-08T13:42:40.0000000Z;44.705;44.795;745;408
2026-06-08T13:42:42.0000000Z;44.705;44.83;756;490
2026-06-08T13:42:44.0000000Z;44.705;44.82;756;490
2026-06-08T13:42:45.0000000Z;44.705;44.8;756;855
2026-06-08T13:42:46.0000000Z;44.705;44.8;756;855
2026-06-08T13:42:47.0000000Z;44.705;44.8;756;875
2026-06-08T13:42:48.0000000Z;44.705;44.8;756;875
2026-06-08T13:42:49.0000000Z;44.705;44.8;756;875
2026-06-08T13:42:51.0000000Z;44.705;44.8;756;875
2026-06-08T13:42:52.0000000Z;44.705;44.8;756;491
2026-06-08T13:42:53.0000000Z;44.71;44.8;940;408
2026-06-08T13:42:54.0000000Z;44.71;44.8;1324;875
2026-06-08T13:42:56.0000000Z;44.71;44.79;1324;855
2026-06-08T13:42:57.0000000Z;44.71;44.795;1324;792
2026-06-08T13:42:58.0000000Z;44.71;44.795;1324;792
2026-06-08T13:42:59.0000000Z;44.725;44.795;604;792
2026-06-08T13:43:00.0000000Z;44.73;44.795;940;792
2026-06-08T13:43:01.0000000Z;44.73;44.795;940;792
2026-06-08T13:43:02.0000000Z;44.73;44.795;940;792
2026-06-08T13:43:03.0000000Z;44.73;44.82;940;490
2026-06-08T13:43:04.0000000Z;44.735;44.82;708;874
2026-06-08T13:43:05.0000000Z;44.735;44.82;708;490
2026-06-08T13:43:06.0000000Z;44.73;44.81;1117;855
2026-06-08T13:43:07.0000000Z;44.73;44.815;1117;855
2026-06-08T13:43:08.0000000Z;44.745;44.83;708;490
2026-06-08T13:43:09.0000000Z;44.75;44.83;940;408
2026-06-08T13:43:10.0000000Z;44.755;44.83;563;408
2026-06-08T13:43:12.0000000Z;44.755;44.82;605;408
2026-06-08T13:43:13.0000000Z;44.755;44.82;605;408
2026-06-08T13:43:14.0000000Z;44.76;44.825;940;792
2026-06-08T13:43:15.0000000Z;44.76;44.825;940;792
2026-06-08T13:43:16.0000000Z;44.765;44.825;541;384
2026-06-08T13:43:17.0000000Z;44.765;44.865;484;490
2026-06-08T13:43:18.0000000Z;44.765;44.82;529;270
2026-06-08T13:43:19.0000000Z;44.765;44.845;581;490
2026-06-08T13:43:20.0000000Z;44.765;44.83;581;855
2026-06-08T13:43:21.0000000Z;44.765;44.82;604;855
2026-06-08T13:43:22.0000000Z;44.765;44.81;604;384
2026-06-08T13:43:23.0000000Z;44.765;44.825;604;792
2026-06-08T13:43:24.0000000Z;44.745;44.835;940;490
2026-06-08T13:43:25.0000000Z;44.745;44.805;1117;792
2026-06-08T13:43:26.0000000Z;44.745;44.8;1117;384
2026-06-08T13:43:27.0000000Z;44.745;44.8;1117;384
2026-06-08T13:43:28.0000000Z;44.755;44.8;1118;384
2026-06-08T13:43:29.0000000Z;44.745;44.8;1117;384
2026-06-08T13:43:30.0000000Z;44.755;44.8;940;384
2026-06-08T13:43:31.0000000Z;44.755;44.8;940;384
2026-06-08T13:43:32.0000000Z;44.755;44.8;940;384
2026-06-08T13:43:33.0000000Z;44.76;44.8;639;13500
2026-06-08T13:43:34.0000000Z;44.76;44.815;639;792
2026-06-08T13:43:35.0000000Z;44.76;44.815;639;792
2026-06-08T13:43:36.0000000Z;44.76;44.8;639;318
2026-06-08T13:43:37.0000000Z;44.76;44.805;639;408
2026-06-08T13:43:38.0000000Z;44.76;44.815;639;408
2026-06-08T13:43:39.0000000Z;44.76;44.835;639;408
2026-06-08T13:43:40.0000000Z;44.76;44.835;639;408
2026-06-08T13:43:41.0000000Z;44.75;44.835;940;408
2026-06-08T13:43:42.0000000Z;44.75;44.835;940;408
2026-06-08T13:43:43.0000000Z;44.75;44.835;940;408
2026-06-08T13:43:44.0000000Z;44.755;44.83;675;855
2026-06-08T13:43:45.0000000Z;44.755;44.825;675;408
2026-06-08T13:43:46.0000000Z;44.755;44.825;675;408
2026-06-08T13:43:47.0000000Z;44.755;44.825;675;408
2026-06-08T13:43:48.0000000Z;44.755;44.81;675;855
2026-06-08T13:43:49.0000000Z;44.755;44.815;675;408
2026-06-08T13:43:50.0000000Z;44.755;44.815;675;408
2026-06-08T13:43:51.0000000Z;44.755;44.815;675;408
2026-06-08T13:43:54.0000000Z;44.755;44.815;675;408
2026-06-08T13:43:55.0000000Z;44.755;44.815;339;408
2026-06-08T13:43:56.0000000Z;44.75;44.795;251;325
2026-06-08T13:43:57.0000000Z;44.74;44.79;524;480
2026-06-08T13:43:58.0000000Z;44.74;44.79;524;522
2026-06-08T13:44:03.0000000Z;44.74;44.79;524;522
2026-06-08T13:44:05.0000000Z;44.73;44.79;940;522
2026-06-08T13:44:06.0000000Z;44.73;44.79;940;535
2026-06-08T13:44:07.0000000Z;44.735;44.79;551;535
2026-06-08T13:44:08.0000000Z;44.735;44.79;551;535
2026-06-08T13:44:09.0000000Z;44.73;44.79;940;535
2026-06-08T13:44:10.0000000Z;44.73;44.79;940;535
2026-06-08T13:44:11.0000000Z;44.73;44.79;940;691
2026-06-08T13:44:12.0000000Z;44.73;44.79;940;855
2026-06-08T13:44:14.0000000Z;44.73;44.785;940;325
2026-06-08T13:44:17.0000000Z;44.685;44.78;177;855
2026-06-08T13:44:18.0000000Z;44.71;44.78;940;855
2026-06-08T13:44:19.0000000Z;44.71;44.815;1117;490
2026-06-08T13:44:20.0000000Z;44.71;44.815;1117;408
2026-06-08T13:44:22.0000000Z;44.71;44.815;1117;490
2026-06-08T13:44:25.0000000Z;44.71;44.8;940;325
2026-06-08T13:44:26.0000000Z;44.715;44.8;717;325
2026-06-08T13:44:27.0000000Z;44.715;44.795;717;855
2026-06-08T13:44:30.0000000Z;44.715;44.795;717;855
2026-06-08T13:44:31.0000000Z;44.715;44.795;717;855
2026-06-08T13:44:32.0000000Z;44.715;44.795;717;855
2026-06-08T13:44:33.0000000Z;44.715;44.795;717;855
2026-06-08T13:44:34.0000000Z;44.71;44.795;1117;855
2026-06-08T13:44:35.0000000Z;44.72;44.795;1117;855
2026-06-08T13:44:36.0000000Z;44.72;44.795;940;855
2026-06-08T13:44:38.0000000Z;44.72;44.795;940;855
2026-06-08T13:44:39.0000000Z;44.72;44.795;940;855
2026-06-08T13:44:41.0000000Z;44.72;44.795;940;855
2026-06-08T13:44:42.0000000Z;44.72;44.795;940;855
2026-06-08T13:44:43.0000000Z;44.72;44.795;940;855
2026-06-08T13:44:45.0000000Z;44.695;44.795;232;855
2026-06-08T13:44:46.0000000Z;44.705;44.795;129;855
2026-06-08T13:44:47.0000000Z;44.725;44.79;342;502
2026-06-08T13:44:48.0000000Z;44.7;44.79;960;325
2026-06-08T13:44:49.0000000Z;44.72;44.79;484;325
2026-06-08T13:44:50.0000000Z;44.7;44.79;384;325
2026-06-08T13:44:51.0000000Z;44.7;44.79;384;325
2026-06-08T13:44:52.0000000Z;44.72;44.775;217;855
2026-06-08T13:44:53.0000000Z;44.695;44.78;384;325
2026-06-08T13:44:54.0000000Z;44.72;44.78;278;325
2026-06-08T13:44:55.0000000Z;44.695;44.78;576;325
2026-06-08T13:44:56.0000000Z;44.7;44.78;2350;325
2026-06-08T13:44:57.0000000Z;44.7;44.78;940;325
2026-06-08T13:44:58.0000000Z;44.7;44.78;940;325
2026-06-08T13:44:59.0000000Z;44.7;44.795;2350;585
2026-06-08T13:45:00.0000000Z;44.7;44.795;2434;177
2026-06-08T13:45:01.0000000Z;44.705;44.81;1536;177
2026-06-08T13:45:02.0000000Z;44.7;44.78;2560;380
2026-06-08T13:45:03.0000000Z;44.705;44.78;960;380
2026-06-08T13:45:04.0000000Z;44.705;44.795;384;325
2026-06-08T13:45:05.0000000Z;44.705;44.795;384;709
2026-06-08T13:45:06.0000000Z;44.705;44.79;384;855
2026-06-08T13:45:07.0000000Z;44.705;44.795;384;325
2026-06-08T13:45:08.0000000Z;44.705;44.795;960;325
2026-06-08T13:45:09.0000000Z;44.705;44.795;960;325
2026-06-08T13:45:10.0000000Z;44.705;44.78;960;854
2026-06-08T13:45:11.0000000Z;44.705;44.785;960;502
2026-06-08T13:45:12.0000000Z;44.705;44.785;960;502
2026-06-08T13:45:13.0000000Z;44.705;44.785;576;502
2026-06-08T13:45:14.0000000Z;44.705;44.785;960;325
2026-06-08T13:45:15.0000000Z;44.705;44.785;960;325
2026-06-08T13:45:17.0000000Z;44.71;44.785;576;325
2026-06-08T13:45:18.0000000Z;44.71;44.785;576;325
2026-06-08T13:45:19.0000000Z;44.72;44.78;579;855
2026-06-08T13:45:20.0000000Z;44.715;44.78;2350;855
2026-06-08T13:45:21.0000000Z;44.715;44.78;2734;855
2026-06-08T13:45:23.0000000Z;44.715;44.78;2734;855
2026-06-08T13:45:24.0000000Z;44.715;44.78;2734;855
2026-06-08T13:45:25.0000000Z;44.715;44.78;2734;855
2026-06-08T13:45:26.0000000Z;44.725;44.78;940;855
2026-06-08T13:45:27.0000000Z;44.725;44.78;1324;855
2026-06-08T13:45:28.0000000Z;44.725;44.78;1324;855
2026-06-08T13:45:30.0000000Z;44.725;44.78;1324;855
2026-06-08T13:45:31.0000000Z;44.725;44.78;1324;855
2026-06-08T13:45:32.0000000Z;44.725;44.78;940;855
2026-06-08T13:45:35.0000000Z;44.725;44.78;940;855
2026-06-08T13:45:36.0000000Z;44.725;44.78;2350;855
2026-06-08T13:45:37.0000000Z;44.725;44.78;2350;855
2026-06-08T13:45:38.0000000Z;44.725;44.78;2350;855
2026-06-08T13:45:39.0000000Z;44.73;44.78;384;855
2026-06-08T13:45:41.0000000Z;44.73;44.78;384;855
2026-06-08T13:45:43.0000000Z;44.73;44.78;384;855
2026-06-08T13:45:44.0000000Z;44.73;44.78;384;855
2026-06-08T13:45:48.0000000Z;44.735;44.8;602;325
2026-06-08T13:45:49.0000000Z;44.735;44.8;940;325
2026-06-08T13:45:50.0000000Z;44.76;44.795;279;855
2026-06-08T13:45:51.0000000Z;44.755;44.795;2350;855
2026-06-08T13:45:52.0000000Z;44.755;44.795;2350;855
2026-06-08T13:45:55.0000000Z;44.755;44.795;2350;855
2026-06-08T13:45:58.0000000Z;44.755;44.795;940;855
2026-06-08T13:46:00.0000000Z;44.755;44.795;940;855
2026-06-08T13:46:01.0000000Z;44.755;44.795;2350;855
2026-06-08T13:46:05.0000000Z;44.755;44.84;2350;490
2026-06-08T13:46:06.0000000Z;44.755;44.84;2350;490
2026-06-08T13:46:07.0000000Z;44.76;44.84;756;490
2026-06-08T13:46:08.0000000Z;44.76;44.855;756;490
2026-06-08T13:46:09.0000000Z;44.76;44.855;756;574
2026-06-08T13:46:10.0000000Z;44.76;44.85;756;408
2026-06-08T13:46:11.0000000Z;44.76;44.835;756;325
2026-06-08T13:46:12.0000000Z;44.76;44.835;756;325
2026-06-08T13:46:13.0000000Z;44.76;44.835;756;325
2026-06-08T13:46:14.0000000Z;44.76;44.835;756;325
2026-06-08T13:46:16.0000000Z;44.76;44.805;756;1215
2026-06-08T13:46:17.0000000Z;44.78;44.805;2350;1116
2026-06-08T13:46:18.0000000Z;44.78;44.805;940;1116
2026-06-08T13:46:19.0000000Z;44.78;44.805;940;1116
2026-06-08T13:46:20.0000000Z;44.78;44.83;2350;685
2026-06-08T13:46:21.0000000Z;44.78;44.83;2350;685
2026-06-08T13:46:22.0000000Z;44.78;44.83;2350;685
2026-06-08T13:46:23.0000000Z;44.78;44.83;940;685
2026-06-08T13:46:24.0000000Z;44.78;44.83;940;719
2026-06-08T13:46:26.0000000Z;44.78;44.83;940;719
2026-06-08T13:46:27.0000000Z;44.77;44.83;940;719
2026-06-08T13:46:28.0000000Z;44.77;44.835;940;709
2026-06-08T13:46:29.0000000Z;44.78;44.825;13500;325
2026-06-08T13:46:30.0000000Z;44.78;44.82;278;726
2026-06-08T13:46:32.0000000Z;44.775;44.815;1117;325
2026-06-08T13:46:33.0000000Z;44.775;44.815;1117;325
2026-06-08T13:46:34.0000000Z;44.775;44.815;1117;325
2026-06-08T13:46:35.0000000Z;44.775;44.815;1117;325
2026-06-08T13:46:36.0000000Z;44.775;44.815;1117;325
2026-06-08T13:46:37.0000000Z;44.725;44.805;84;733
2026-06-08T13:46:38.0000000Z;44.77;44.805;13500;733
2026-06-08T13:46:39.0000000Z;44.72;44.805;84;325
2026-06-08T13:46:40.0000000Z;44.73;44.805;482;325
2026-06-08T13:46:42.0000000Z;44.73;44.805;468;325
2026-06-08T13:46:43.0000000Z;44.74;44.805;554;325
2026-06-08T13:46:44.0000000Z;44.74;44.805;554;325
2026-06-08T13:46:45.0000000Z;44.74;44.805;554;325
2026-06-08T13:46:46.0000000Z;44.74;44.805;554;325
2026-06-08T13:46:47.0000000Z;44.74;44.805;554;325
2026-06-08T13:46:49.0000000Z;44.74;44.805;554;325
2026-06-08T13:46:50.0000000Z;44.74;44.805;554;325
2026-06-08T13:46:52.0000000Z;44.745;44.805;384;325
2026-06-08T13:46:53.0000000Z;44.745;44.805;13938;325
2026-06-08T13:46:54.0000000Z;44.745;44.805;13938;325
2026-06-08T13:46:56.0000000Z;44.745;44.805;438;325
2026-06-08T13:46:57.0000000Z;44.745;44.805;438;325
2026-06-08T13:47:01.0000000Z;44.745;44.805;438;325
2026-06-08T13:47:02.0000000Z;44.74;44.795;13500;855
2026-06-08T13:47:03.0000000Z;44.705;44.8;84;408
2026-06-08T13:47:04.0000000Z;44.73;44.805;84;325
2026-06-08T13:47:05.0000000Z;44.73;44.805;84;325
2026-06-08T13:47:06.0000000Z;44.73;44.8;84;855
2026-06-08T13:47:10.0000000Z;44.73;44.805;84;733
2026-06-08T13:47:12.0000000Z;44.73;44.805;84;733
2026-06-08T13:47:14.0000000Z;44.735;44.805;581;733
2026-06-08T13:47:15.0000000Z;44.735;44.805;581;733
2026-06-08T13:47:16.0000000Z;44.735;44.8;455;726
2026-06-08T13:47:17.0000000Z;44.735;44.8;515;726
2026-06-08T13:47:18.0000000Z;44.73;44.8;605;408
2026-06-08T13:47:19.0000000Z;44.73;44.805;643;325
2026-06-08T13:47:20.0000000Z;44.73;44.8;643;408
2026-06-08T13:47:21.0000000Z;44.73;44.8;643;408
2026-06-08T13:47:23.0000000Z;44.73;44.8;643;408
2026-06-08T13:47:24.0000000Z;44.735;44.805;579;733
2026-06-08T13:47:25.0000000Z;44.735;44.805;579;733
2026-06-08T13:47:26.0000000Z;44.735;44.8;579;855
2026-06-08T13:47:27.0000000Z;44.735;44.805;579;325
2026-06-08T13:47:29.0000000Z;44.735;44.805;579;325
2026-06-08T13:47:32.0000000Z;44.735;44.805;579;325
2026-06-08T13:47:34.0000000Z;44.735;44.805;579;325
2026-06-08T13:47:36.0000000Z;44.735;44.805;579;325
2026-06-08T13:47:43.0000000Z;44.735;44.805;579;325
2026-06-08T13:47:45.0000000Z;44.735;44.805;84;733
2026-06-08T13:47:46.0000000Z;44.74;44.815;618;408
2026-06-08T13:47:48.0000000Z;44.74;44.805;618;855
2026-06-08T13:47:49.0000000Z;44.74;44.815;658;408
2026-06-08T13:47:50.0000000Z;44.74;44.815;658;408
2026-06-08T13:47:51.0000000Z;44.74;44.815;658;408
2026-06-08T13:47:54.0000000Z;44.74;44.81;658;855
2026-06-08T13:47:56.0000000Z;44.74;44.82;658;325
2026-06-08T13:47:57.0000000Z;44.74;44.82;658;325
2026-06-08T13:47:58.0000000Z;44.74;44.815;658;408
2026-06-08T13:47:59.0000000Z;44.74;44.815;658;408
2026-06-08T13:47:59.0000000Z;44.74;44.815;658;408
2026-06-08T13:48:00.0000000Z;44.73;44.815;84;408
2026-06-08T13:48:01.0000000Z;44.735;44.815;84;408
2026-06-08T13:48:02.0000000Z;44.735;44.815;84;408
2026-06-08T13:48:03.0000000Z;44.735;44.815;84;408
2026-06-08T13:48:04.0000000Z;44.735;44.82;84;325
2026-06-08T13:48:05.0000000Z;44.735;44.82;84;325
2026-06-08T13:48:06.0000000Z;44.735;44.82;84;325
2026-06-08T13:48:07.0000000Z;44.73;44.815;84;855
2026-06-08T13:48:08.0000000Z;44.73;44.815;84;855
2026-06-08T13:48:09.0000000Z;44.73;44.815;84;855
2026-06-08T13:48:10.0000000Z;44.735;44.815;692;855
2026-06-08T13:48:11.0000000Z;44.735;44.815;692;408
2026-06-08T13:48:12.0000000Z;44.71;44.815;84;408
2026-06-08T13:48:14.0000000Z;44.735;44.815;402;408
2026-06-08T13:48:15.0000000Z;44.715;44.815;1324;408
2026-06-08T13:48:16.0000000Z;44.76;44.85;756;177
2026-06-08T13:48:17.0000000Z;44.76;44.82;468;259
2026-06-08T13:48:18.0000000Z;44.765;44.905;756;177
2026-06-08T13:48:19.0000000Z;44.76;44.845;84;628
2026-06-08T13:48:20.0000000Z;44.76;44.84;84;646
2026-06-08T13:48:21.0000000Z;44.765;44.84;384;502
2026-06-08T13:48:22.0000000Z;44.755;44.835;84;855
2026-06-08T13:48:23.0000000Z;44.765;44.835;13943;855
2026-06-08T13:48:24.0000000Z;44.765;44.835;13943;855
2026-06-08T13:48:25.0000000Z;44.75;44.835;1024;855
2026-06-08T13:48:26.0000000Z;44.75;44.83;1024;325
2026-06-08T13:48:27.0000000Z;44.75;44.83;1024;325
2026-06-08T13:48:29.0000000Z;44.765;44.83;464;325
2026-06-08T13:48:30.0000000Z;44.78;44.83;940;325
2026-06-08T13:48:31.0000000Z;44.785;44.83;323;325
2026-06-08T13:48:32.0000000Z;44.785;44.83;323;325
2026-06-08T13:48:33.0000000Z;44.785;44.83;323;325
2026-06-08T13:48:34.0000000Z;44.785;44.83;323;325
2026-06-08T13:48:35.0000000Z;44.785;44.83;323;325
2026-06-08T13:48:37.0000000Z;44.785;44.83;323;325
2026-06-08T13:48:38.0000000Z;44.785;44.83;365;325
2026-06-08T13:48:40.0000000Z;44.765;44.83;940;325
2026-06-08T13:48:41.0000000Z;44.765;44.83;940;325
2026-06-08T13:48:42.0000000Z;44.765;44.83;940;325
2026-06-08T13:48:43.0000000Z;44.77;44.83;247;325
2026-06-08T13:48:45.0000000Z;44.77;44.83;322;325
2026-06-08T13:48:46.0000000Z;44.77;44.83;322;325
2026-06-08T13:48:48.0000000Z;44.77;44.83;322;325
2026-06-08T13:48:50.0000000Z;44.77;44.825;496;99
2026-06-08T13:48:51.0000000Z;44.77;44.88;604;84
2026-06-08T13:48:52.0000000Z;44.77;44.885;604;84
2026-06-08T13:48:53.0000000Z;44.765;44.835;940;1116
2026-06-08T13:48:54.0000000Z;44.68;44.885;429;84
2026-06-08T13:48:55.0000000Z;44.71;44.885;347;84
2026-06-08T13:48:56.0000000Z;44.73;44.85;177;325
2026-06-08T13:48:57.0000000Z;44.765;44.85;428;325
2026-06-08T13:48:59.0000000Z;44.765;44.85;444;325
2026-06-08T13:49:00.0000000Z;44.765;44.85;444;325
2026-06-08T13:49:02.0000000Z;44.765;44.83;1117;325
2026-06-08T13:49:03.0000000Z;44.765;44.83;1117;325
2026-06-08T13:49:06.0000000Z;44.765;44.83;1117;325
2026-06-08T13:49:11.0000000Z;44.765;44.87;1117;408
2026-06-08T13:49:12.0000000Z;44.78;44.875;756;408
2026-06-08T13:49:13.0000000Z;44.78;44.865;756;855
2026-06-08T13:49:15.0000000Z;44.78;44.87;756;855
2026-06-08T13:49:17.0000000Z;44.78;44.875;756;408
2026-06-08T13:49:18.0000000Z;44.78;44.885;756;408
2026-06-08T13:49:19.0000000Z;44.78;44.885;756;408
2026-06-08T13:49:20.0000000Z;44.78;44.88;756;325
2026-06-08T13:49:21.0000000Z;44.78;44.885;756;408
2026-06-08T13:49:22.0000000Z;44.78;44.88;756;855
2026-06-08T13:49:23.0000000Z;44.78;44.885;756;408
2026-06-08T13:49:24.0000000Z;44.78;44.885;756;408
2026-06-08T13:49:25.0000000Z;44.78;44.885;756;408
2026-06-08T13:49:26.0000000Z;44.78;44.885;756;408
2026-06-08T13:49:27.0000000Z;44.78;44.885;756;408
2026-06-08T13:49:28.0000000Z;44.78;44.885;756;408
2026-06-08T13:49:29.0000000Z;44.78;44.885;756;408
2026-06-08T13:49:30.0000000Z;44.78;44.895;756;490
2026-06-08T13:49:31.0000000Z;44.78;44.895;756;408
2026-06-08T13:49:32.0000000Z;44.78;44.895;756;490
2026-06-08T13:49:33.0000000Z;44.78;44.885;756;490
2026-06-08T13:49:34.0000000Z;44.775;44.895;1117;408
2026-06-08T13:49:35.0000000Z;44.775;44.885;1117;490
2026-06-08T13:49:36.0000000Z;44.775;44.885;1117;490
2026-06-08T13:49:37.0000000Z;44.775;44.875;1117;408
2026-06-08T13:49:38.0000000Z;44.775;44.865;940;408
2026-06-08T13:49:39.0000000Z;44.775;44.865;940;490
2026-06-08T13:49:40.0000000Z;44.775;44.865;940;490
2026-06-08T13:49:41.0000000Z;44.775;44.89;940;408
2026-06-08T13:49:42.0000000Z;44.775;44.87;1324;490
2026-06-08T13:49:44.0000000Z;44.775;44.875;940;490
2026-06-08T13:49:45.0000000Z;44.785;44.865;940;408
2026-06-08T13:49:46.0000000Z;44.785;44.865;940;408
2026-06-08T13:49:47.0000000Z;44.785;44.875;940;408
2026-06-08T13:49:48.0000000Z;44.785;44.875;1117;408
2026-06-08T13:49:49.0000000Z;44.785;44.875;1117;408
2026-06-08T13:49:50.0000000Z;44.785;44.87;1117;855
2026-06-08T13:49:51.0000000Z;44.785;44.875;1117;408
2026-06-08T13:49:53.0000000Z;44.785;44.875;1117;792
2026-06-08T13:49:54.0000000Z;44.785;44.87;1117;408
2026-06-08T13:49:56.0000000Z;44.785;44.87;1117;408
2026-06-08T13:49:57.0000000Z;44.785;44.865;1117;408
2026-06-08T13:49:58.0000000Z;44.785;44.865;940;826
2026-06-08T13:49:59.0000000Z;44.785;44.875;1117;792
2026-06-08T13:49:59.0000000Z;44.785;44.875;1117;792
2026-06-08T13:50:00.0000000Z;44.785;44.87;1117;408
2026-06-08T13:50:01.0000000Z;44.785;44.87;1117;408
2026-06-08T13:50:02.0000000Z;44.785;44.865;1117;408
2026-06-08T13:50:03.0000000Z;44.785;44.865;1117;475
2026-06-08T13:50:04.0000000Z;44.785;44.87;1117;792
2026-06-08T13:50:05.0000000Z;44.785;44.87;1117;384
2026-06-08T13:50:06.0000000Z;44.785;44.865;1117;325
2026-06-08T13:50:07.0000000Z;44.785;44.865;1117;325
2026-06-08T13:50:08.0000000Z;44.785;44.86;940;855
2026-06-08T13:50:09.0000000Z;44.775;44.86;177;855
2026-06-08T13:50:10.0000000Z;44.78;44.86;1117;855
2026-06-08T13:50:11.0000000Z;44.78;44.86;1117;855
2026-06-08T13:50:13.0000000Z;44.78;44.86;1117;855
2026-06-08T13:50:14.0000000Z;44.78;44.86;1117;855
2026-06-08T13:50:17.0000000Z;44.785;44.86;402;855
2026-06-08T13:50:19.0000000Z;44.785;44.86;402;753
2026-06-08T13:50:20.0000000Z;44.78;44.86;177;855
2026-06-08T13:50:22.0000000Z;44.78;44.86;177;855
2026-06-08T13:50:23.0000000Z;44.78;44.86;177;855
2026-06-08T13:50:24.0000000Z;44.775;44.865;177;709
2026-06-08T13:50:25.0000000Z;44.78;44.865;399;709
2026-06-08T13:50:26.0000000Z;44.775;44.865;177;709
2026-06-08T13:50:27.0000000Z;44.775;44.865;177;709
2026-06-08T13:50:28.0000000Z;44.78;44.865;698;709
2026-06-08T13:50:29.0000000Z;44.78;44.865;698;325
2026-06-08T13:50:30.0000000Z;44.78;44.865;698;325
2026-06-08T13:50:31.0000000Z;44.71;44.865;177;325
2026-06-08T13:50:32.0000000Z;44.775;44.865;13500;325
2026-06-08T13:50:33.0000000Z;44.635;44.865;177;325
2026-06-08T13:50:34.0000000Z;44.715;44.865;321;325
2026-06-08T13:50:35.0000000Z;44.66;44.86;384;384
2026-06-08T13:50:36.0000000Z;44.69;44.86;384;384
2026-06-08T13:50:37.0000000Z;44.705;44.86;177;384
2026-06-08T13:50:38.0000000Z;44.705;44.855;177;325
2026-06-08T13:50:39.0000000Z;44.705;44.855;1119;325
2026-06-08T13:50:41.0000000Z;44.705;44.855;14619;325
2026-06-08T13:50:42.0000000Z;44.705;44.855;1119;325
2026-06-08T13:50:43.0000000Z;44.71;44.855;333;325
2026-06-08T13:50:44.0000000Z;44.635;44.855;940;325
2026-06-08T13:50:45.0000000Z;44.665;44.815;940;855
2026-06-08T13:50:46.0000000Z;44.695;44.81;1324;384
2026-06-08T13:50:47.0000000Z;44.74;44.815;641;325
2026-06-08T13:50:48.0000000Z;44.765;44.81;392;14355
2026-06-08T13:50:49.0000000Z;44.575;44.81;4765;14355
2026-06-08T13:50:50.0000000Z;44.575;44.81;4765;855
2026-06-08T13:50:52.0000000Z;44.605;44.81;756;855
2026-06-08T13:50:53.0000000Z;44.605;44.81;756;855
2026-06-08T13:50:54.0000000Z;44.605;44.81;756;855
2026-06-08T13:50:55.0000000Z;44.58;44.81;325;855
2026-06-08T13:50:56.0000000Z;44.58;44.81;325;855
2026-06-08T13:50:57.0000000Z;44.585;44.81;1140;855
2026-06-08T13:50:59.0000000Z;44.585;44.81;1140;855
2026-06-08T13:51:00.0000000Z;44.585;44.81;1140;1239
2026-06-08T13:51:02.0000000Z;44.585;44.995;384;384
2026-06-08T13:51:03.0000000Z;44.585;44.995;384;384
2026-06-08T13:51:04.0000000Z;44.585;44.82;384;1116
2026-06-08T13:51:05.0000000Z;44.585;44.815;384;217
2026-06-08T13:51:07.0000000Z;44.57;44.995;5149;384
2026-06-08T13:51:08.0000000Z;44.59;44.975;384;384
2026-06-08T13:51:09.0000000Z;44.6;44.975;384;384
2026-06-08T13:51:10.0000000Z;44.6;44.975;384;384
2026-06-08T13:51:11.0000000Z;44.61;44.975;940;384
2026-06-08T13:51:12.0000000Z;44.625;44.975;756;384
2026-06-08T13:51:13.0000000Z;44.62;44.985;1324;940
2026-06-08T13:51:14.0000000Z;44.62;44.975;1324;940
2026-06-08T13:51:15.0000000Z;44.63;44.975;1324;940
2026-06-08T13:51:16.0000000Z;44.63;44.975;1324;940
2026-06-08T13:51:17.0000000Z;44.63;44.975;1324;940
2026-06-08T13:51:19.0000000Z;44.63;44.94;1324;855
2026-06-08T13:51:20.0000000Z;44.63;44.9;1324;855
2026-06-08T13:51:21.0000000Z;44.63;44.875;940;1324
2026-06-08T13:51:22.0000000Z;44.64;44.845;1324;177
2026-06-08T13:51:23.0000000Z;44.64;44.835;1324;177
2026-06-08T13:51:24.0000000Z;44.64;44.85;1324;177
2026-06-08T13:51:25.0000000Z;44.64;44.83;1324;855
2026-06-08T13:51:26.0000000Z;44.64;44.84;1324;177
2026-06-08T13:51:27.0000000Z;44.64;44.86;1324;177
2026-06-08T13:51:29.0000000Z;44.64;44.85;940;177
2026-06-08T13:51:30.0000000Z;44.65;44.85;940;177
2026-06-08T13:51:31.0000000Z;44.65;44.87;940;177
2026-06-08T13:51:32.0000000Z;44.58;44.87;384;177
2026-06-08T13:51:33.0000000Z;44.585;44.97;325;384
2026-06-08T13:51:34.0000000Z;44.59;44.945;384;177
2026-06-08T13:51:35.0000000Z;44.6;44.945;384;177
2026-06-08T13:51:36.0000000Z;44.605;44.96;325;177
2026-06-08T13:51:37.0000000Z;44.61;44.945;384;177
2026-06-08T13:51:38.0000000Z;44.58;44.965;384;177
2026-06-08T13:51:39.0000000Z;44.59;44.94;384;177
2026-06-08T13:51:40.0000000Z;44.59;44.935;384;177
2026-06-08T13:51:41.0000000Z;44.6;44.93;384;177
2026-06-08T13:51:42.0000000Z;44.615;44.93;756;855
2026-06-08T13:51:43.0000000Z;44.61;44.92;384;177
2026-06-08T13:51:44.0000000Z;44.62;44.915;384;177
2026-06-08T13:51:45.0000000Z;44.63;44.91;384;177
2026-06-08T13:51:46.0000000Z;44.635;44.96;756;177
2026-06-08T13:51:48.0000000Z;44.635;44.995;756;177
2026-06-08T13:51:49.0000000Z;44.635;44.945;756;855
2026-06-08T13:51:50.0000000Z;44.635;44.95;756;940
2026-06-08T13:51:51.0000000Z;44.62;44.92;940;1324
2026-06-08T13:51:52.0000000Z;44.64;44.895;940;177
2026-06-08T13:51:53.0000000Z;44.65;44.89;940;177
2026-06-08T13:51:54.0000000Z;44.66;44.9;940;384
2026-06-08T13:51:55.0000000Z;44.66;44.89;940;177
2026-06-08T13:51:56.0000000Z;44.67;44.89;940;177
2026-06-08T13:51:57.0000000Z;44.68;44.885;940;177
2026-06-08T13:51:58.0000000Z;44.68;44.88;940;177
2026-06-08T13:51:59.0000000Z;44.69;44.88;1324;177
2026-06-08T13:51:59.0000000Z;44.69;44.88;1324;177
2026-06-08T13:52:00.0000000Z;44.69;44.87;1324;177
2026-06-08T13:52:01.0000000Z;44.69;44.875;1324;177
2026-06-08T13:52:02.0000000Z;44.69;44.865;1324;177
2026-06-08T13:52:03.0000000Z;44.69;44.865;1324;177
2026-06-08T13:52:04.0000000Z;44.69;44.865;1324;177
2026-06-08T13:52:05.0000000Z;44.69;44.87;1324;177
2026-06-08T13:52:06.0000000Z;44.69;44.86;1324;177
2026-06-08T13:52:07.0000000Z;44.69;44.87;1324;855
2026-06-08T13:52:08.0000000Z;44.69;44.87;1324;177
2026-06-08T13:52:09.0000000Z;44.69;44.88;1324;177
2026-06-08T13:52:10.0000000Z;44.69;44.875;1324;855
2026-06-08T13:52:11.0000000Z;44.69;44.88;1324;855
2026-06-08T13:52:12.0000000Z;44.69;44.875;1324;855
2026-06-08T13:52:13.0000000Z;44.69;44.885;1324;177
2026-06-08T13:52:14.0000000Z;44.69;44.875;1324;177
2026-06-08T13:52:15.0000000Z;44.69;44.885;1324;177
2026-06-08T13:52:16.0000000Z;44.69;44.88;1324;177
2026-06-08T13:52:17.0000000Z;44.69;44.865;1324;855
2026-06-08T13:52:18.0000000Z;44.69;44.865;1324;177
2026-06-08T13:52:19.0000000Z;44.69;44.89;1324;177
2026-06-08T13:52:20.0000000Z;44.69;44.865;1324;177
2026-06-08T13:52:21.0000000Z;44.69;44.895;1324;177
2026-06-08T13:52:22.0000000Z;44.69;44.87;1324;177
2026-06-08T13:52:23.0000000Z;44.69;44.87;1324;177
2026-06-08T13:52:24.0000000Z;44.69;44.86;1324;177
2026-06-08T13:52:25.0000000Z;44.69;44.855;1324;855
2026-06-08T13:52:26.0000000Z;44.69;44.865;1324;177
2026-06-08T13:52:27.0000000Z;44.615;44.875;4765;177
2026-06-08T13:52:28.0000000Z;44.57;44.855;6089;177
2026-06-08T13:52:29.0000000Z;44.695;44.895;458;384
2026-06-08T13:52:30.0000000Z;44.69;44.875;461;384
2026-06-08T13:52:31.0000000Z;44.745;44.86;1324;177
2026-06-08T13:52:32.0000000Z;44.745;44.89;1324;384
2026-06-08T13:52:33.0000000Z;44.785;44.86;384;799
2026-06-08T13:52:34.0000000Z;44.785;44.85;384;177
2026-06-08T13:52:35.0000000Z;44.785;44.84;960;177
2026-06-08T13:52:36.0000000Z;44.785;44.87;960;177
2026-06-08T13:52:37.0000000Z;44.785;44.87;960;177
2026-06-08T13:52:38.0000000Z;44.785;44.875;960;177
2026-06-08T13:52:39.0000000Z;44.785;44.86;960;855
2026-06-08T13:52:40.0000000Z;44.785;44.865;960;177
2026-06-08T13:52:41.0000000Z;44.785;44.87;960;177
2026-06-08T13:52:42.0000000Z;44.785;44.87;960;325
2026-06-08T13:52:43.0000000Z;44.79;44.865;2350;177
2026-06-08T13:52:44.0000000Z;44.79;44.87;2350;177
2026-06-08T13:52:45.0000000Z;44.79;44.86;2350;177
2026-06-08T13:52:46.0000000Z;44.79;44.87;2350;177
2026-06-08T13:52:47.0000000Z;44.79;44.87;2350;177
2026-06-08T13:52:48.0000000Z;44.79;44.86;940;177
2026-06-08T13:52:49.0000000Z;44.79;44.87;940;177
2026-06-08T13:52:50.0000000Z;44.79;44.855;940;405
2026-06-08T13:52:51.0000000Z;44.79;44.855;940;588
2026-06-08T13:52:52.0000000Z;44.79;44.855;940;306
2026-06-08T13:52:53.0000000Z;44.6;44.855;3841;855
2026-06-08T13:52:54.0000000Z;44.61;44.865;384;177
2026-06-08T13:52:55.0000000Z;44.61;44.86;384;177
2026-06-08T13:52:56.0000000Z;44.62;44.86;384;177
2026-06-08T13:52:57.0000000Z;44.63;44.86;384;177
2026-06-08T13:52:58.0000000Z;44.625;44.86;325;177
2026-06-08T13:52:59.0000000Z;44.64;44.86;384;177
2026-06-08T13:53:00.0000000Z;44.65;44.86;384;177
2026-06-08T13:53:01.0000000Z;44.65;44.86;384;177
2026-06-08T13:53:02.0000000Z;44.66;44.86;384;177
2026-06-08T13:53:03.0000000Z;44.675;44.86;756;177
2026-06-08T13:53:04.0000000Z;44.67;44.895;384;177
2026-06-08T13:53:05.0000000Z;44.68;44.895;384;177
2026-06-08T13:53:06.0000000Z;44.695;44.86;756;431
2026-06-08T13:53:07.0000000Z;44.69;44.86;384;635
2026-06-08T13:53:08.0000000Z;44.7;44.915;384;177
2026-06-08T13:53:09.0000000Z;44.715;44.925;756;177
2026-06-08T13:53:10.0000000Z;44.71;44.86;384;471
2026-06-08T13:53:11.0000000Z;44.72;44.935;1324;384
2026-06-08T13:53:12.0000000Z;44.72;44.905;1324;855
2026-06-08T13:53:13.0000000Z;44.72;44.905;1324;177
2026-06-08T13:53:14.0000000Z;44.73;44.91;1324;855
2026-06-08T13:53:15.0000000Z;44.73;44.89;1324;177
2026-06-08T13:53:16.0000000Z;44.73;44.885;1324;855
2026-06-08T13:53:17.0000000Z;44.73;44.875;1324;855
2026-06-08T13:53:18.0000000Z;44.73;44.885;1324;855
2026-06-08T13:53:19.0000000Z;44.73;44.89;940;177
2026-06-08T13:53:20.0000000Z;44.73;44.91;940;384
2026-06-08T13:53:21.0000000Z;44.73;44.895;940;177
2026-06-08T13:53:22.0000000Z;44.73;44.89;940;177
2026-06-08T13:53:23.0000000Z;44.73;44.89;940;177
2026-06-08T13:53:24.0000000Z;44.71;44.915;940;384
2026-06-08T13:53:25.0000000Z;44.73;44.885;1324;177
2026-06-08T13:53:26.0000000Z;44.73;44.875;1324;177
2026-06-08T13:53:27.0000000Z;44.73;44.865;1324;177
2026-06-08T13:53:28.0000000Z;44.73;44.88;1324;855
2026-06-08T13:53:29.0000000Z;44.73;44.895;1324;177
2026-06-08T13:53:30.0000000Z;44.73;44.89;1324;325
2026-06-08T13:53:31.0000000Z;44.73;44.94;940;177
2026-06-08T13:53:32.0000000Z;44.74;44.91;1324;177
2026-06-08T13:53:33.0000000Z;44.74;44.885;1324;177
2026-06-08T13:53:34.0000000Z;44.74;44.885;1324;177
2026-06-08T13:53:35.0000000Z;44.74;44.895;1324;177
2026-06-08T13:53:36.0000000Z;44.74;44.895;1324;177
2026-06-08T13:53:37.0000000Z;44.74;44.87;1324;855
2026-06-08T13:53:38.0000000Z;44.74;44.895;1324;177
2026-06-08T13:53:39.0000000Z;44.74;44.88;1324;855
2026-06-08T13:53:40.0000000Z;44.74;44.885;384;14355
2026-06-08T13:53:41.0000000Z;44.74;44.885;384;855
2026-06-08T13:53:42.0000000Z;44.74;44.905;384;325
2026-06-08T13:53:43.0000000Z;44.735;44.91;325;177
2026-06-08T13:53:44.0000000Z;44.735;44.9;325;177
2026-06-08T13:53:45.0000000Z;44.735;44.89;325;177
2026-06-08T13:53:46.0000000Z;44.57;44.9;384;177
2026-06-08T13:53:47.0000000Z;44.57;44.895;6089;855
2026-06-08T13:53:48.0000000Z;44.57;44.895;6089;855
2026-06-08T13:53:49.0000000Z;44.73;44.895;1118;855
2026-06-08T13:53:50.0000000Z;44.73;44.895;1118;855
2026-06-08T13:53:52.0000000Z;44.59;44.89;940;177
2026-06-08T13:53:53.0000000Z;44.6;44.89;940;177
2026-06-08T13:53:54.0000000Z;44.61;44.9;940;177
2026-06-08T13:53:55.0000000Z;44.73;44.87;940;855
2026-06-08T13:53:56.0000000Z;44.74;44.865;1324;408
2026-06-08T13:53:57.0000000Z;44.74;44.85;1324;855
2026-06-08T13:53:58.0000000Z;44.74;44.855;1324;408
2026-06-08T13:54:04.0000000Z;44.74;44.855;1324;408
2026-06-08T13:54:07.0000000Z;44.74;44.855;1324;408
2026-06-08T13:54:10.0000000Z;44.74;44.855;1324;408
2026-06-08T13:54:12.0000000Z;44.74;44.855;1324;408
2026-06-08T13:54:13.0000000Z;44.75;44.855;384;408
2026-06-08T13:54:14.0000000Z;44.75;44.855;384;408
2026-06-08T13:54:18.0000000Z;44.75;44.855;384;408
2026-06-08T13:54:19.0000000Z;44.745;44.855;1324;408
2026-06-08T13:54:23.0000000Z;44.745;44.855;1324;408
2026-06-08T13:54:24.0000000Z;44.745;44.855;1324;408
2026-06-08T13:54:28.0000000Z;44.745;44.855;1324;408
2026-06-08T13:54:33.0000000Z;44.575;44.855;493;490
2026-06-08T13:54:34.0000000Z;44.57;44.855;493;490
2026-06-08T13:54:35.0000000Z;44.57;44.855;493;490
2026-06-08T13:54:36.0000000Z;44.74;44.855;1118;490
2026-06-08T13:54:37.0000000Z;44.62;44.855;493;490
2026-06-08T13:54:38.0000000Z;44.745;44.855;741;490
2026-06-08T13:54:39.0000000Z;44.725;44.855;384;490
2026-06-08T13:54:40.0000000Z;44.735;44.855;384;490
2026-06-08T13:54:41.0000000Z;44.735;44.875;384;490
2026-06-08T13:54:42.0000000Z;44.72;44.875;384;490
2026-06-08T13:54:43.0000000Z;44.745;44.875;756;490
2026-06-08T13:54:44.0000000Z;44.74;44.86;1324;177
2026-06-08T13:54:45.0000000Z;44.74;44.86;1324;177
2026-06-08T13:54:46.0000000Z;44.74;44.85;1324;855
2026-06-08T13:54:47.0000000Z;44.74;44.85;1324;855
2026-06-08T13:54:48.0000000Z;44.74;44.845;1324;408
2026-06-08T13:54:49.0000000Z;44.74;44.835;1324;855
2026-06-08T13:54:50.0000000Z;44.74;44.84;1324;325
2026-06-08T13:54:52.0000000Z;44.74;44.84;1324;325
2026-06-08T13:54:54.0000000Z;44.74;44.85;1324;408
2026-06-08T13:54:56.0000000Z;44.74;44.845;1324;855
2026-06-08T13:54:57.0000000Z;44.74;44.845;1324;855
2026-06-08T13:55:00.0000000Z;44.74;44.845;1324;855
2026-06-08T13:55:03.0000000Z;44.74;44.845;1324;855
2026-06-08T13:55:07.0000000Z;44.74;44.845;1324;855
2026-06-08T13:55:09.0000000Z;44.74;44.845;1324;855
2026-06-08T13:55:10.0000000Z;44.74;44.845;1324;855
2026-06-08T13:55:12.0000000Z;44.74;44.845;1324;855
2026-06-08T13:55:15.0000000Z;44.74;44.845;1324;855
2026-06-08T13:55:16.0000000Z;44.74;44.845;1324;855
2026-06-08T13:55:18.0000000Z;44.74;44.86;1324;408
2026-06-08T13:55:19.0000000Z;44.74;44.86;1324;408
2026-06-08T13:55:20.0000000Z;44.74;44.85;1324;855
2026-06-08T13:55:21.0000000Z;44.74;44.85;1324;855
2026-06-08T13:55:22.0000000Z;44.74;44.85;1324;855
2026-06-08T13:55:23.0000000Z;44.74;44.85;1324;855
2026-06-08T13:55:24.0000000Z;44.74;44.85;1324;855
2026-06-08T13:55:25.0000000Z;44.75;44.85;1324;855
2026-06-08T13:55:27.0000000Z;44.75;44.85;1324;855
2026-06-08T13:55:29.0000000Z;44.75;44.855;1324;855
2026-06-08T13:55:32.0000000Z;44.75;44.855;1324;855
2026-06-08T13:55:33.0000000Z;44.75;44.855;1324;855
2026-06-08T13:55:37.0000000Z;44.75;44.855;1324;855
2026-06-08T13:55:48.0000000Z;44.75;44.85;1324;408
2026-06-08T13:55:49.0000000Z;44.75;44.845;1324;855
2026-06-08T13:55:50.0000000Z;44.75;44.865;1324;490
2026-06-08T13:55:53.0000000Z;44.75;44.85;1324;325
2026-06-08T13:55:54.0000000Z;44.75;44.845;1324;855
2026-06-08T13:55:55.0000000Z;44.75;44.85;1324;733
2026-06-08T13:55:57.0000000Z;44.75;44.85;1324;325
2026-06-08T13:55:58.0000000Z;44.75;44.85;1324;325
2026-06-08T13:55:59.0000000Z;44.75;44.85;1324;325
2026-06-08T13:56:00.0000000Z;44.75;44.85;1324;733
2026-06-08T13:56:05.0000000Z;44.75;44.85;1324;733
2026-06-08T13:56:06.0000000Z;44.75;44.85;1324;733
2026-06-08T13:56:10.0000000Z;44.75;44.85;1324;733
2026-06-08T13:56:11.0000000Z;44.75;44.85;1324;325
2026-06-08T13:56:12.0000000Z;44.74;44.84;940;325
2026-06-08T13:56:13.0000000Z;44.74;44.83;940;325
2026-06-08T13:56:14.0000000Z;44.755;44.82;489;325
2026-06-08T13:56:15.0000000Z;44.755;44.82;489;325
2026-06-08T13:56:16.0000000Z;44.75;44.82;577;325
2026-06-08T13:56:19.0000000Z;44.75;44.845;746;408
2026-06-08T13:56:20.0000000Z;44.75;44.88;756;177
2026-06-08T13:56:21.0000000Z;44.75;44.88;756;177
2026-06-08T13:56:22.0000000Z;44.75;44.815;756;320
2026-06-08T13:56:23.0000000Z;44.745;44.865;756;177
2026-06-08T13:56:24.0000000Z;44.73;44.855;384;578
2026-06-08T13:56:25.0000000Z;44.73;44.845;384;325
2026-06-08T13:56:26.0000000Z;44.735;44.845;756;325
2026-06-08T13:56:27.0000000Z;44.735;44.845;756;325
2026-06-08T13:56:30.0000000Z;44.73;44.835;1324;325
2026-06-08T13:56:31.0000000Z;44.73;44.835;1324;325
2026-06-08T13:56:35.0000000Z;44.73;44.835;1324;325
2026-06-08T13:56:36.0000000Z;44.73;44.825;1324;325
2026-06-08T13:56:37.0000000Z;44.73;44.825;1324;325
2026-06-08T13:56:38.0000000Z;44.73;44.825;1324;325
2026-06-08T13:56:39.0000000Z;44.73;44.825;1324;325
2026-06-08T13:56:41.0000000Z;44.73;44.825;1324;733
2026-06-08T13:56:42.0000000Z;44.73;44.825;1324;733
2026-06-08T13:56:45.0000000Z;44.73;44.825;1324;733
2026-06-08T13:56:46.0000000Z;44.73;44.825;1324;733
2026-06-08T13:56:48.0000000Z;44.73;44.825;1324;325
2026-06-08T13:56:50.0000000Z;44.73;44.825;1324;325
2026-06-08T13:56:51.0000000Z;44.73;44.825;1324;325
2026-06-08T13:56:53.0000000Z;44.73;44.825;1324;325
2026-06-08T13:56:58.0000000Z;44.73;44.825;1324;325
2026-06-08T13:56:59.0000000Z;44.73;44.825;1324;325
2026-06-08T13:57:01.0000000Z;44.73;44.825;1324;325
2026-06-08T13:57:02.0000000Z;44.73;44.825;1324;325
2026-06-08T13:57:03.0000000Z;44.73;44.825;1324;325
2026-06-08T13:57:04.0000000Z;44.73;44.825;1324;325
2026-06-08T13:57:07.0000000Z;44.73;44.825;1324;325
2026-06-08T13:57:08.0000000Z;44.73;44.825;1324;325
2026-06-08T13:57:11.0000000Z;44.73;44.825;1324;733
2026-06-08T13:57:12.0000000Z;44.675;44.8;1324;408
2026-06-08T13:57:13.0000000Z;44.675;44.8;1324;408
2026-06-08T13:57:14.0000000Z;44.685;44.8;1324;408
2026-06-08T13:57:15.0000000Z;44.695;44.8;940;408
2026-06-08T13:57:16.0000000Z;44.695;44.8;1324;408
2026-06-08T13:57:17.0000000Z;44.695;44.795;1324;325
2026-06-08T13:57:18.0000000Z;44.67;44.79;325;408
2026-06-08T13:57:19.0000000Z;44.67;44.785;325;855
2026-06-08T13:57:20.0000000Z;44.67;44.785;325;855
2026-06-08T13:57:21.0000000Z;44.675;44.785;498;855
2026-06-08T13:57:23.0000000Z;44.685;44.785;1590;855
2026-06-08T13:57:24.0000000Z;44.695;44.785;940;855
2026-06-08T13:57:26.0000000Z;44.695;44.785;940;855
2026-06-08T13:57:27.0000000Z;44.695;44.785;940;855
2026-06-08T13:57:28.0000000Z;44.695;44.785;940;855
2026-06-08T13:57:29.0000000Z;44.695;44.785;940;855
2026-06-08T13:57:30.0000000Z;44.695;44.785;940;855
2026-06-08T13:57:31.0000000Z;44.7;44.785;384;325
2026-06-08T13:57:32.0000000Z;44.7;44.785;384;325
2026-06-08T13:57:33.0000000Z;44.7;44.785;384;325
2026-06-08T13:57:34.0000000Z;44.7;44.785;384;325
2026-06-08T13:57:35.0000000Z;44.7;44.785;384;325
2026-06-08T13:57:36.0000000Z;44.7;44.785;384;325
2026-06-08T13:57:37.0000000Z;44.7;44.775;384;325
2026-06-08T13:57:38.0000000Z;44.7;44.775;384;325
2026-06-08T13:57:40.0000000Z;44.705;44.775;756;325
2026-06-08T13:57:41.0000000Z;44.69;44.815;940;177
2026-06-08T13:57:42.0000000Z;44.69;44.77;940;286
2026-06-08T13:57:43.0000000Z;44.69;44.815;940;585
2026-06-08T13:57:44.0000000Z;44.7;44.81;698;408
2026-06-08T13:57:45.0000000Z;44.7;44.81;737;408
2026-06-08T13:57:46.0000000Z;44.7;44.795;756;325
2026-06-08T13:57:47.0000000Z;44.7;44.795;756;325
2026-06-08T13:57:48.0000000Z;44.7;44.795;756;325
2026-06-08T13:57:50.0000000Z;44.695;44.79;756;855
2026-06-08T13:57:51.0000000Z;44.68;44.785;940;325
2026-06-08T13:57:52.0000000Z;44.68;44.78;940;325
2026-06-08T13:57:54.0000000Z;44.69;44.78;718;325
2026-06-08T13:57:57.0000000Z;44.69;44.78;940;325
2026-06-08T13:57:58.0000000Z;44.69;44.78;940;325
2026-06-08T13:58:01.0000000Z;44.69;44.81;940;408
2026-06-08T13:58:02.0000000Z;44.69;44.805;940;855
2026-06-08T13:58:05.0000000Z;44.695;44.805;756;855
2026-06-08T13:58:06.0000000Z;44.695;44.795;756;325
2026-06-08T13:58:07.0000000Z;44.69;44.785;940;325
2026-06-08T13:58:08.0000000Z;44.69;44.785;940;325
2026-06-08T13:58:09.0000000Z;44.69;44.785;940;325
2026-06-08T13:58:11.0000000Z;44.69;44.785;940;325
2026-06-08T13:58:13.0000000Z;44.69;44.785;940;325
2026-06-08T13:58:15.0000000Z;44.69;44.785;940;325
2026-06-08T13:58:16.0000000Z;44.695;44.785;509;325
2026-06-08T13:58:17.0000000Z;44.68;44.775;940;325
2026-06-08T13:58:18.0000000Z;44.695;44.77;680;855
2026-06-08T13:58:20.0000000Z;44.695;44.77;680;855
2026-06-08T13:58:21.0000000Z;44.69;44.77;424;855
2026-06-08T13:58:22.0000000Z;44.69;44.77;424;855
2026-06-08T13:58:25.0000000Z;44.69;44.77;483;855
2026-06-08T13:58:27.0000000Z;44.67;44.765;940;325
2026-06-08T13:58:28.0000000Z;44.685;44.76;611;855
2026-06-08T13:58:29.0000000Z;44.68;44.805;940;585
2026-06-08T13:58:30.0000000Z;44.68;44.8;940;177
2026-06-08T13:58:31.0000000Z;44.68;44.805;940;585
2026-06-08T13:58:32.0000000Z;44.68;44.805;940;585
2026-06-08T13:58:33.0000000Z;44.685;44.775;756;636
2026-06-08T13:58:35.0000000Z;44.685;44.78;756;325
2026-06-08T13:58:36.0000000Z;44.685;44.78;756;325
2026-06-08T13:58:37.0000000Z;44.685;44.78;756;325
2026-06-08T13:58:38.0000000Z;44.685;44.78;756;325
2026-06-08T13:58:39.0000000Z;44.605;44.76;493;325
2026-06-08T13:58:40.0000000Z;44.605;44.76;493;325
2026-06-08T13:58:41.0000000Z;44.675;44.76;1120;325
2026-06-08T13:58:43.0000000Z;44.615;44.74;413;325
2026-06-08T13:58:44.0000000Z;44.615;44.735;413;855
2026-06-08T13:58:46.0000000Z;44.615;44.735;797;855
2026-06-08T13:58:48.0000000Z;44.615;44.735;797;855
2026-06-08T13:58:49.0000000Z;44.615;44.735;413;855
2026-06-08T13:58:50.0000000Z;44.615;44.735;797;855
2026-06-08T13:58:51.0000000Z;44.615;44.735;413;855
2026-06-08T13:58:52.0000000Z;44.615;44.735;797;855
2026-06-08T13:58:54.0000000Z;44.625;44.735;365;855
2026-06-08T13:58:55.0000000Z;44.63;44.735;756;855
2026-06-08T13:58:57.0000000Z;44.635;44.735;317;855
2026-06-08T13:58:58.0000000Z;44.63;44.735;341;855
2026-06-08T13:58:59.0000000Z;44.635;44.735;14256;855
2026-06-08T13:59:00.0000000Z;44.625;44.735;384;491
2026-06-08T13:59:01.0000000Z;44.635;44.735;756;855
2026-06-08T13:59:02.0000000Z;44.625;44.75;384;491
2026-06-08T13:59:03.0000000Z;44.5;44.74;384;855
2026-06-08T13:59:04.0000000Z;44.545;44.75;453;491
2026-06-08T13:59:05.0000000Z;44.555;44.75;756;491
2026-06-08T13:59:06.0000000Z;44.58;44.75;384;491
2026-06-08T13:59:07.0000000Z;44.59;44.75;384;491
2026-06-08T13:59:08.0000000Z;44.625;44.75;756;491
2026-06-08T13:59:09.0000000Z;44.62;44.75;384;491
2026-06-08T13:59:10.0000000Z;44.62;44.75;709;491
2026-06-08T13:59:12.0000000Z;44.62;44.75;325;491
2026-06-08T13:59:13.0000000Z;44.63;44.76;1324;491
2026-06-08T13:59:14.0000000Z;44.63;44.76;1324;491
2026-06-08T13:59:15.0000000Z;44.63;44.755;1324;855
2026-06-08T13:59:16.0000000Z;44.63;44.755;1324;855
2026-06-08T13:59:17.0000000Z;44.63;44.755;1324;855
2026-06-08T13:59:18.0000000Z;44.64;44.755;1324;855
2026-06-08T13:59:19.0000000Z;44.64;44.755;1324;855
2026-06-08T13:59:21.0000000Z;44.65;44.76;1324;408
2026-06-08T13:59:24.0000000Z;44.65;44.76;1324;408
2026-06-08T13:59:25.0000000Z;44.65;44.76;1324;491
2026-06-08T13:59:26.0000000Z;44.65;44.76;1324;491
2026-06-08T13:59:27.0000000Z;44.65;44.76;1324;491
2026-06-08T13:59:28.0000000Z;44.65;44.76;1324;491
2026-06-08T13:59:29.0000000Z;44.65;44.76;1324;491
2026-06-08T13:59:30.0000000Z;44.655;44.735;1140;855
2026-06-08T13:59:31.0000000Z;44.655;44.74;1140;408
2026-06-08T13:59:32.0000000Z;44.65;44.74;1324;408
2026-06-08T13:59:33.0000000Z;44.65;44.74;1324;1020
2026-06-08T13:59:34.0000000Z;44.65;44.74;1324;1020
2026-06-08T13:59:35.0000000Z;44.655;44.74;756;1020
2026-06-08T13:59:40.0000000Z;44.65;44.74;940;1020
2026-06-08T13:59:41.0000000Z;44.65;44.74;940;1020
2026-06-08T13:59:42.0000000Z;44.645;44.74;940;1020
2026-06-08T13:59:44.0000000Z;44.645;44.74;940;1020
2026-06-08T13:59:45.0000000Z;44.645;44.74;940;1020
2026-06-08T13:59:46.0000000Z;44.65;44.74;746;1020
2026-06-08T13:59:48.0000000Z;44.645;44.71;14620;855
2026-06-08T13:59:49.0000000Z;44.61;44.705;441;855
2026-06-08T13:59:50.0000000Z;44.615;44.705;2350;855
2026-06-08T13:59:51.0000000Z;44.615;44.7;940;408
2026-06-08T13:59:52.0000000Z;44.62;44.695;678;855
2026-06-08T13:59:53.0000000Z;44.62;44.7;756;408
2026-06-08T13:59:54.0000000Z;44.62;44.7;756;1020
2026-06-08T13:59:55.0000000Z;44.62;44.7;756;612
2026-06-08T13:59:57.0000000Z;44.62;44.7;756;612
2026-06-08T14:00:00.0000000Z;44.61;44.7;940;408
2026-06-08T14:00:01.0000000Z;44.61;44.695;940;855
2026-06-08T14:00:02.0000000Z;44.615;44.72;384;491
2026-06-08T14:00:03.0000000Z;44.615;44.7;384;408
2026-06-08T14:00:04.0000000Z;44.615;44.695;384;408
2026-06-08T14:00:05.0000000Z;44.615;44.69;384;855
2026-06-08T14:00:06.0000000Z;44.615;44.7;384;1020
2026-06-08T14:00:07.0000000Z;44.615;44.7;384;1020
2026-06-08T14:00:08.0000000Z;44.615;44.695;384;855
2026-06-08T14:00:10.0000000Z;44.615;44.695;384;855
2026-06-08T14:00:11.0000000Z;44.62;44.705;717;1020
2026-06-08T14:00:12.0000000Z;44.61;44.705;2391;1020
2026-06-08T14:00:13.0000000Z;44.615;44.705;1324;1020
2026-06-08T14:00:14.0000000Z;44.615;44.7;1324;855
2026-06-08T14:00:15.0000000Z;44.615;44.69;1324;408
2026-06-08T14:00:16.0000000Z;44.615;44.69;940;408
2026-06-08T14:00:18.0000000Z;44.615;44.69;940;1020
2026-06-08T14:00:20.0000000Z;44.615;44.695;940;1020
2026-06-08T14:00:22.0000000Z;44.61;44.695;41;1020
2026-06-08T14:00:23.0000000Z;44.61;44.69;41;788
2026-06-08T14:00:24.0000000Z;44.61;44.695;41;408
2026-06-08T14:00:25.0000000Z;44.615;44.69;593;855
2026-06-08T14:00:26.0000000Z;44.61;44.695;384;1020
2026-06-08T14:00:27.0000000Z;44.61;44.695;1324;408
2026-06-08T14:00:28.0000000Z;44.61;44.7;3310;408
2026-06-08T14:00:29.0000000Z;44.62;44.71;384;1020
2026-06-08T14:00:31.0000000Z;44.62;44.705;384;855
2026-06-08T14:00:32.0000000Z;44.625;44.71;940;1020
2026-06-08T14:00:33.0000000Z;44.625;44.71;940;1020
2026-06-08T14:00:34.0000000Z;44.625;44.71;940;1020
2026-06-08T14:00:35.0000000Z;44.625;44.71;940;1020
2026-06-08T14:00:36.0000000Z;44.625;44.71;940;1020
2026-06-08T14:00:37.0000000Z;44.625;44.71;940;1020
2026-06-08T14:00:38.0000000Z;44.625;44.71;940;1020
2026-06-08T14:00:39.0000000Z;44.625;44.71;940;1020
2026-06-08T14:00:40.0000000Z;44.625;44.71;940;1020
2026-06-08T14:00:42.0000000Z;44.62;44.71;384;1020
2026-06-08T14:00:43.0000000Z;44.63;44.71;639;1020
2026-06-08T14:00:45.0000000Z;44.625;44.71;710;1020
2026-06-08T14:00:46.0000000Z;44.625;44.71;710;1020
2026-06-08T14:00:47.0000000Z;44.615;44.71;940;1020
2026-06-08T14:00:48.0000000Z;44.615;44.71;940;1020
2026-06-08T14:00:49.0000000Z;44.62;44.71;747;1020
2026-06-08T14:00:52.0000000Z;44.61;44.71;36;1020
2026-06-08T14:00:53.0000000Z;44.61;44.71;36;1020
2026-06-08T14:00:55.0000000Z;44.61;44.71;36;1020
2026-06-08T14:00:57.0000000Z;44.615;44.71;606;1020
2026-06-08T14:01:00.0000000Z;44.615;44.71;697;408
2026-06-08T14:01:02.0000000Z;44.615;44.71;756;408
2026-06-08T14:01:03.0000000Z;44.615;44.725;756;814
2026-06-08T14:01:04.0000000Z;44.615;44.72;756;408
2026-06-08T14:01:05.0000000Z;44.615;44.72;756;1020
2026-06-08T14:01:06.0000000Z;44.615;44.72;756;408
2026-06-08T14:01:07.0000000Z;44.615;44.72;756;408
2026-06-08T14:01:09.0000000Z;44.615;44.72;756;408
2026-06-08T14:01:10.0000000Z;44.615;44.72;756;1020
2026-06-08T14:01:11.0000000Z;44.615;44.715;756;855
2026-06-08T14:01:12.0000000Z;44.615;44.715;756;855
2026-06-08T14:01:13.0000000Z;44.615;44.715;756;855
2026-06-08T14:01:14.0000000Z;44.615;44.715;756;855
2026-06-08T14:01:15.0000000Z;44.615;44.715;756;855
2026-06-08T14:01:16.0000000Z;44.63;44.715;13500;855
2026-06-08T14:01:17.0000000Z;44.635;44.715;711;855
2026-06-08T14:01:19.0000000Z;44.635;44.715;711;855
2026-06-08T14:01:20.0000000Z;44.635;44.715;711;855
2026-06-08T14:01:21.0000000Z;44.63;44.715;940;855
2026-06-08T14:01:23.0000000Z;44.63;44.715;940;855
2026-06-08T14:01:24.0000000Z;44.63;44.715;940;855
2026-06-08T14:01:27.0000000Z;44.615;44.715;1324;855
2026-06-08T14:01:28.0000000Z;44.63;44.715;676;855
2026-06-08T14:01:29.0000000Z;44.63;44.715;676;855
2026-06-08T14:01:31.0000000Z;44.63;44.715;676;855
2026-06-08T14:01:32.0000000Z;44.615;44.715;940;855
2026-06-08T14:01:35.0000000Z;44.615;44.715;940;855
2026-06-08T14:01:36.0000000Z;44.62;44.715;1324;855
2026-06-08T14:01:37.0000000Z;44.62;44.715;1324;855
2026-06-08T14:01:38.0000000Z;44.625;44.715;940;855
2026-06-08T14:01:39.0000000Z;44.625;44.715;940;855
2026-06-08T14:01:40.0000000Z;44.63;44.715;1324;855
2026-06-08T14:01:41.0000000Z;44.63;44.715;1324;855
2026-06-08T14:01:42.0000000Z;44.63;44.715;1324;855
2026-06-08T14:01:43.0000000Z;44.63;44.715;1324;855
2026-06-08T14:01:44.0000000Z;44.63;44.71;1324;408
2026-06-08T14:01:45.0000000Z;44.63;44.71;940;408
2026-06-08T14:01:49.0000000Z;44.63;44.71;940;408
2026-06-08T14:01:50.0000000Z;44.635;44.71;574;408
2026-06-08T14:01:51.0000000Z;44.63;44.71;1324;408
2026-06-08T14:01:52.0000000Z;44.63;44.71;3310;408
2026-06-08T14:01:53.0000000Z;44.63;44.72;3310;408
2026-06-08T14:01:54.0000000Z;44.63;44.745;3310;491
2026-06-08T14:01:55.0000000Z;44.63;44.735;1986;1227
2026-06-08T14:01:56.0000000Z;44.63;44.71;1986;726
2026-06-08T14:01:58.0000000Z;44.63;44.71;1986;779
2026-06-08T14:01:59.0000000Z;44.635;44.71;2350;779
2026-06-08T14:02:00.0000000Z;44.635;44.735;2350;1227
2026-06-08T14:02:01.0000000Z;44.635;44.735;2350;1227
2026-06-08T14:02:02.0000000Z;44.635;44.735;2350;1289
2026-06-08T14:02:04.0000000Z;44.65;44.73;711;855
2026-06-08T14:02:05.0000000Z;44.655;44.735;709;1227
2026-06-08T14:02:06.0000000Z;44.65;44.735;1324;408
2026-06-08T14:02:07.0000000Z;44.65;44.745;3310;1227
2026-06-08T14:02:08.0000000Z;44.65;44.745;3310;1227
2026-06-08T14:02:09.0000000Z;44.65;44.745;1324;1289
2026-06-08T14:02:10.0000000Z;44.65;44.73;940;1020
2026-06-08T14:02:11.0000000Z;44.65;44.73;940;1020
2026-06-08T14:02:12.0000000Z;44.65;44.73;940;1020
2026-06-08T14:02:13.0000000Z;44.65;44.72;940;408
2026-06-08T14:02:14.0000000Z;44.655;44.72;746;408
2026-06-08T14:02:16.0000000Z;44.655;44.72;405;408
2026-06-08T14:02:17.0000000Z;44.64;44.72;940;408
2026-06-08T14:02:18.0000000Z;44.655;44.725;607;1020
2026-06-08T14:02:19.0000000Z;44.655;44.725;607;1020
2026-06-08T14:02:20.0000000Z;44.645;44.72;676;855
2026-06-08T14:02:21.0000000Z;44.645;44.72;676;855
2026-06-08T14:02:22.0000000Z;44.645;44.72;676;855
2026-06-08T14:02:23.0000000Z;44.645;44.72;676;855
2026-06-08T14:02:24.0000000Z;44.645;44.72;676;855
2026-06-08T14:02:25.0000000Z;44.645;44.72;676;855
2026-06-08T14:02:27.0000000Z;44.625;44.72;135;855
2026-06-08T14:02:28.0000000Z;44.625;44.72;1324;855
2026-06-08T14:02:29.0000000Z;44.625;44.725;1324;1345
2026-06-08T14:02:30.0000000Z;44.63;44.725;756;1345
2026-06-08T14:02:31.0000000Z;44.63;44.725;756;1345
2026-06-08T14:02:32.0000000Z;44.63;44.725;756;1345
2026-06-08T14:02:33.0000000Z;44.625;44.725;940;1345
2026-06-08T14:02:37.0000000Z;44.625;44.725;940;1345
2026-06-08T14:02:38.0000000Z;44.62;44.725;1324;1345
2026-06-08T14:02:40.0000000Z;44.625;44.725;756;1345
2026-06-08T14:02:43.0000000Z;44.62;44.725;940;1729
2026-06-08T14:02:48.0000000Z;44.62;44.725;940;1729
2026-06-08T14:02:49.0000000Z;44.615;44.725;1324;1729
2026-06-08T14:02:50.0000000Z;44.615;44.725;1324;1729
2026-06-08T14:02:52.0000000Z;44.62;44.725;756;1729
2026-06-08T14:02:53.0000000Z;44.62;44.725;756;1345
2026-06-08T14:02:54.0000000Z;44.615;44.725;940;1345
2026-06-08T14:02:55.0000000Z;44.615;44.725;940;1345
2026-06-08T14:02:56.0000000Z;44.615;44.725;940;1345
2026-06-08T14:02:57.0000000Z;44.615;44.725;940;1345
2026-06-08T14:02:58.0000000Z;44.615;44.725;940;1345
2026-06-08T14:02:59.0000000Z;44.605;44.725;940;1345
2026-06-08T14:02:59.0000000Z;44.605;44.725;940;1345
2026-06-08T14:03:01.0000000Z;44.605;44.725;940;1345
2026-06-08T14:03:02.0000000Z;44.61;44.725;756;1345
2026-06-08T14:03:04.0000000Z;44.61;44.725;756;1729
2026-06-08T14:03:07.0000000Z;44.61;44.725;756;1729
2026-06-08T14:03:08.0000000Z;44.61;44.725;756;1729
2026-06-08T14:03:09.0000000Z;44.595;44.725;940;1729
2026-06-08T14:03:10.0000000Z;44.595;44.725;940;1020
2026-06-08T14:03:12.0000000Z;44.605;44.725;756;1020
2026-06-08T14:03:14.0000000Z;44.605;44.685;756;612
2026-06-08T14:03:15.0000000Z;44.605;44.685;756;612
2026-06-08T14:03:16.0000000Z;44.605;44.685;756;612
2026-06-08T14:03:17.0000000Z;44.605;44.68;756;408
2026-06-08T14:03:18.0000000Z;44.6;44.675;384;855
2026-06-08T14:03:19.0000000Z;44.605;44.685;940;408
2026-06-08T14:03:20.0000000Z;44.61;44.685;756;408
2026-06-08T14:03:22.0000000Z;44.61;44.685;756;408
2026-06-08T14:03:23.0000000Z;44.61;44.68;756;855
2026-06-08T14:03:25.0000000Z;44.61;44.685;756;1020
2026-06-08T14:03:26.0000000Z;44.61;44.68;756;408
2026-06-08T14:03:27.0000000Z;44.61;44.68;756;408
2026-06-08T14:03:28.0000000Z;44.61;44.68;756;408
2026-06-08T14:03:29.0000000Z;44.605;44.69;940;1020
2026-06-08T14:03:30.0000000Z;44.605;44.695;940;1020
2026-06-08T14:03:31.0000000Z;44.61;44.695;384;1020
2026-06-08T14:03:32.0000000Z;44.615;44.695;756;408
2026-06-08T14:03:33.0000000Z;44.62;44.72;756;491
2026-06-08T14:03:34.0000000Z;44.62;44.7;756;408
2026-06-08T14:03:35.0000000Z;44.62;44.7;756;408
2026-06-08T14:03:36.0000000Z;44.62;44.7;756;408
2026-06-08T14:03:37.0000000Z;44.62;44.7;756;408
2026-06-08T14:03:38.0000000Z;44.62;44.695;384;855
2026-06-08T14:03:39.0000000Z;44.62;44.695;384;855
2026-06-08T14:03:42.0000000Z;44.62;44.7;384;1020
2026-06-08T14:03:43.0000000Z;44.61;44.7;960;1020
2026-06-08T14:03:44.0000000Z;44.615;44.7;1324;1020
2026-06-08T14:03:45.0000000Z;44.62;44.7;677;1020
2026-06-08T14:03:46.0000000Z;44.62;44.7;677;1020
2026-06-08T14:03:47.0000000Z;44.62;44.7;677;1020
2026-06-08T14:03:48.0000000Z;44.62;44.69;677;1020
2026-06-08T14:03:49.0000000Z;44.615;44.69;940;1020
2026-06-08T14:03:50.0000000Z;44.615;44.69;940;1020
2026-06-08T14:03:51.0000000Z;44.615;44.69;940;1020
2026-06-08T14:03:52.0000000Z;44.615;44.69;940;1020
2026-06-08T14:03:53.0000000Z;44.615;44.69;940;1020
2026-06-08T14:03:54.0000000Z;44.6;44.675;940;612
2026-06-08T14:03:55.0000000Z;44.62;44.67;214;1020
2026-06-08T14:03:56.0000000Z;44.62;44.67;214;408
2026-06-08T14:03:57.0000000Z;44.615;44.67;480;408
2026-06-08T14:04:01.0000000Z;44.615;44.675;536;1020
2026-06-08T14:04:02.0000000Z;44.615;44.675;536;1020
2026-06-08T14:04:03.0000000Z;44.615;44.67;536;855
2026-06-08T14:04:04.0000000Z;44.59;44.67;1324;855
2026-06-08T14:04:06.0000000Z;44.605;44.67;537;855
2026-06-08T14:04:07.0000000Z;44.595;44.67;677;855
2026-06-08T14:04:08.0000000Z;44.6;44.685;940;325
2026-06-08T14:04:09.0000000Z;44.6;44.685;940;325
2026-06-08T14:04:10.0000000Z;44.6;44.685;940;325
2026-06-08T14:04:11.0000000Z;44.6;44.675;940;855
2026-06-08T14:04:12.0000000Z;44.6;44.685;940;325
2026-06-08T14:04:16.0000000Z;44.6;44.685;940;325
2026-06-08T14:04:17.0000000Z;44.6;44.685;940;325
2026-06-08T14:04:19.0000000Z;44.58;44.68;940;408
2026-06-08T14:04:20.0000000Z;44.58;44.68;940;408
2026-06-08T14:04:21.0000000Z;44.6;44.66;342;408
2026-06-08T14:04:22.0000000Z;44.6;44.65;215;408
2026-06-08T14:04:23.0000000Z;44.6;44.65;215;408
2026-06-08T14:04:24.0000000Z;44.6;44.65;215;408
2026-06-08T14:04:25.0000000Z;44.6;44.65;215;1020
2026-06-08T14:04:26.0000000Z;44.6;44.65;215;1530
2026-06-08T14:04:27.0000000Z;44.595;44.645;1122;408
2026-06-08T14:04:30.0000000Z;44.57;44.645;940;408
2026-06-08T14:04:31.0000000Z;44.575;44.645;609;408
2026-06-08T14:04:32.0000000Z;44.575;44.645;609;408
2026-06-08T14:04:34.0000000Z;44.575;44.645;681;408
2026-06-08T14:04:35.0000000Z;44.59;44.655;940;420
2026-06-08T14:04:36.0000000Z;44.59;44.655;940;420
2026-06-08T14:04:37.0000000Z;44.605;44.665;940;487
2026-06-08T14:04:38.0000000Z;44.605;44.665;940;487
2026-06-08T14:04:39.0000000Z;44.605;44.665;940;487
2026-06-08T14:04:40.0000000Z;44.605;44.665;940;487
2026-06-08T14:04:41.0000000Z;44.605;44.655;940;487
2026-06-08T14:04:42.0000000Z;44.605;44.655;940;487
2026-06-08T14:04:44.0000000Z;44.605;44.65;940;651
2026-06-08T14:04:45.0000000Z;44.605;44.65;940;651
2026-06-08T14:04:46.0000000Z;44.605;44.65;940;651
2026-06-08T14:04:47.0000000Z;44.595;44.65;940;855
2026-06-08T14:04:48.0000000Z;44.595;44.65;940;855
2026-06-08T14:04:49.0000000Z;44.605;44.65;343;855
2026-06-08T14:04:50.0000000Z;44.605;44.655;343;812
2026-06-08T14:04:51.0000000Z;44.605;44.655;343;812
2026-06-08T14:04:52.0000000Z;44.605;44.655;343;812
2026-06-08T14:04:54.0000000Z;44.605;44.665;499;225
2026-06-08T14:04:55.0000000Z;44.605;44.655;499;797
2026-06-08T14:04:56.0000000Z;44.605;44.665;499;375
2026-06-08T14:04:57.0000000Z;44.6;44.665;583;225
2026-06-08T14:04:58.0000000Z;44.59;44.665;940;375
2026-06-08T14:04:59.0000000Z;44.59;44.665;940;375
2026-06-08T14:04:59.0000000Z;44.595;44.665;614;375
2026-06-08T14:05:00.0000000Z;44.595;44.665;614;375
2026-06-08T14:05:01.0000000Z;44.595;44.665;614;225
2026-06-08T14:05:03.0000000Z;44.595;44.665;614;225
2026-06-08T14:05:04.0000000Z;44.595;44.665;614;225
2026-06-08T14:05:06.0000000Z;44.595;44.665;614;609
2026-06-08T14:05:08.0000000Z;44.595;44.665;614;609
2026-06-08T14:05:09.0000000Z;44.595;44.665;614;609
2026-06-08T14:05:10.0000000Z;44.595;44.665;614;609
2026-06-08T14:05:11.0000000Z;44.595;44.665;614;609
2026-06-08T14:05:12.0000000Z;44.595;44.665;614;609
2026-06-08T14:05:13.0000000Z;44.595;44.665;614;609
2026-06-08T14:05:14.0000000Z;44.595;44.665;614;609
2026-06-08T14:05:15.0000000Z;44.595;44.665;614;609
2026-06-08T14:05:16.0000000Z;44.595;44.67;642;808
2026-06-08T14:05:17.0000000Z;44.595;44.67;642;808
2026-06-08T14:05:18.0000000Z;44.58;44.66;940;225
2026-06-08T14:05:19.0000000Z;44.58;44.66;940;225
2026-06-08T14:05:20.0000000Z;44.59;44.66;583;225
2026-06-08T14:05:22.0000000Z;44.59;44.66;940;225
2026-06-08T14:05:23.0000000Z;44.59;44.66;940;225
2026-06-08T14:05:25.0000000Z;44.59;44.66;940;225
2026-06-08T14:05:26.0000000Z;44.59;44.66;940;225
2026-06-08T14:05:27.0000000Z;44.59;44.66;940;225
2026-06-08T14:05:28.0000000Z;44.595;44.665;616;609
2026-06-08T14:05:29.0000000Z;44.595;44.665;616;759
2026-06-08T14:05:30.0000000Z;44.595;44.655;616;225
2026-06-08T14:05:31.0000000Z;44.595;44.655;616;225
2026-06-08T14:05:32.0000000Z;44.595;44.655;366;225
2026-06-08T14:05:33.0000000Z;44.575;44.655;940;225
2026-06-08T14:05:34.0000000Z;44.59;44.655;505;225
2026-06-08T14:05:35.0000000Z;44.585;44.655;940;225
2026-06-08T14:05:36.0000000Z;44.585;44.655;940;225
2026-06-08T14:05:37.0000000Z;44.585;44.655;940;225
2026-06-08T14:05:38.0000000Z;44.585;44.655;940;225
2026-06-08T14:05:39.0000000Z;44.585;44.655;940;225
2026-06-08T14:05:42.0000000Z;44.6;44.655;537;225
2026-06-08T14:05:43.0000000Z;44.595;44.66;940;484
2026-06-08T14:05:44.0000000Z;44.595;44.655;940;855
2026-06-08T14:05:46.0000000Z;44.595;44.65;940;225
2026-06-08T14:05:47.0000000Z;44.595;44.65;940;375
2026-06-08T14:05:49.0000000Z;44.595;44.64;940;225
2026-06-08T14:05:50.0000000Z;44.595;44.64;940;225
2026-06-08T14:05:51.0000000Z;44.595;44.64;940;225
2026-06-08T14:05:52.0000000Z;44.595;44.64;940;225
2026-06-08T14:05:53.0000000Z;44.6;44.635;196;816
2026-06-08T14:05:54.0000000Z;44.6;44.635;196;816
2026-06-08T14:05:55.0000000Z;44.6;44.635;196;816
2026-06-08T14:05:56.0000000Z;44.595;44.635;310;816
2026-06-08T14:05:57.0000000Z;44.595;44.635;310;816
2026-06-08T14:05:58.0000000Z;44.595;44.635;310;816
2026-06-08T14:05:59.0000000Z;44.595;44.645;365;609
2026-06-08T14:06:00.0000000Z;44.595;44.64;365;824
2026-06-08T14:06:01.0000000Z;44.595;44.64;365;824
2026-06-08T14:06:02.0000000Z;44.59;44.645;477;609
2026-06-08T14:06:03.0000000Z;44.58;44.645;940;225
2026-06-08T14:06:04.0000000Z;44.585;44.645;119;225
2026-06-08T14:06:05.0000000Z;44.585;44.645;119;225
2026-06-08T14:06:06.0000000Z;44.585;44.645;116;225
2026-06-08T14:06:07.0000000Z;44.585;44.645;116;225
2026-06-08T14:06:08.0000000Z;44.585;44.645;116;225
2026-06-08T14:06:09.0000000Z;44.59;44.65;530;225
2026-06-08T14:06:10.0000000Z;44.59;44.65;530;225
2026-06-08T14:06:11.0000000Z;44.59;44.645;530;855
2026-06-08T14:06:12.0000000Z;44.59;44.645;530;855
2026-06-08T14:06:13.0000000Z;44.595;44.645;505;855
2026-06-08T14:06:14.0000000Z;44.595;44.645;505;855
2026-06-08T14:06:15.0000000Z;44.595;44.645;505;855
2026-06-08T14:06:16.0000000Z;44.595;44.645;494;803
2026-06-08T14:06:17.0000000Z;44.595;44.64;494;225
2026-06-08T14:06:18.0000000Z;44.595;44.64;494;225
2026-06-08T14:06:19.0000000Z;44.595;44.64;494;225
2026-06-08T14:06:21.0000000Z;44.595;44.64;494;225
2026-06-08T14:06:22.0000000Z;44.595;44.64;494;225
2026-06-08T14:06:23.0000000Z;44.575;44.635;187;732
2026-06-08T14:06:24.0000000Z;44.565;44.635;708;814
2026-06-08T14:06:25.0000000Z;44.565;44.635;708;814
2026-06-08T14:06:26.0000000Z;44.565;44.635;708;848
2026-06-08T14:06:27.0000000Z;44.59;44.635;341;848
2026-06-08T14:06:28.0000000Z;44.565;44.655;708;225
2026-06-08T14:06:29.0000000Z;44.57;44.655;718;375
2026-06-08T14:06:30.0000000Z;44.565;44.655;708;225
2026-06-08T14:06:31.0000000Z;44.565;44.655;324;375
2026-06-08T14:06:32.0000000Z;44.565;44.655;324;225
2026-06-08T14:06:33.0000000Z;44.565;44.615;324;266
2026-06-08T14:06:34.0000000Z;44.565;44.62;810;319
2026-06-08T14:06:35.0000000Z;44.565;44.63;1135;150
2026-06-08T14:06:36.0000000Z;44.565;44.625;1135;150
2026-06-08T14:06:37.0000000Z;44.565;44.63;1135;150
2026-06-08T14:06:38.0000000Z;44.565;44.64;1135;150
2026-06-08T14:06:39.0000000Z;44.565;44.625;1135;252
2026-06-08T14:06:40.0000000Z;44.58;44.625;570;252
2026-06-08T14:06:41.0000000Z;44.58;44.665;228;312
2026-06-08T14:06:42.0000000Z;44.605;44.64;940;13500
2026-06-08T14:06:43.0000000Z;44.605;44.655;940;634
2026-06-08T14:06:44.0000000Z;44.605;44.66;940;805
2026-06-08T14:06:45.0000000Z;44.605;44.655;940;150
2026-06-08T14:06:46.0000000Z;44.61;44.635;247;150
2026-06-08T14:06:47.0000000Z;44.61;44.635;247;13500
2026-06-08T14:06:48.0000000Z;44.61;44.64;247;150
2026-06-08T14:06:49.0000000Z;44.61;44.635;247;13752
2026-06-08T14:06:50.0000000Z;44.61;44.63;247;150
2026-06-08T14:06:51.0000000Z;44.61;44.64;247;150
2026-06-08T14:06:52.0000000Z;44.595;44.635;940;407
2026-06-08T14:06:53.0000000Z;44.61;44.65;238;150
2026-06-08T14:06:54.0000000Z;44.595;44.65;2350;150
2026-06-08T14:06:55.0000000Z;44.61;44.635;343;97
2026-06-08T14:06:56.0000000Z;44.605;44.645;498;300
2026-06-08T14:06:57.0000000Z;44.605;44.655;940;623
2026-06-08T14:06:58.0000000Z;44.605;44.655;2350;623
2026-06-08T14:06:59.0000000Z;44.605;44.655;2350;623
2026-06-08T14:07:01.0000000Z;44.605;44.655;2350;623
2026-06-08T14:07:02.0000000Z;44.605;44.655;2350;623
2026-06-08T14:07:04.0000000Z;44.605;44.655;2350;623
2026-06-08T14:07:06.0000000Z;44.605;44.655;2350;623
2026-06-08T14:07:07.0000000Z;44.615;44.655;459;650
2026-06-08T14:07:08.0000000Z;44.62;44.655;940;650
2026-06-08T14:07:09.0000000Z;44.62;44.655;940;650
2026-06-08T14:07:11.0000000Z;44.62;44.655;940;650
2026-06-08T14:07:12.0000000Z;44.62;44.655;940;650
2026-06-08T14:07:13.0000000Z;44.62;44.655;940;650
2026-06-08T14:07:14.0000000Z;44.62;44.645;940;97
2026-06-08T14:07:15.0000000Z;44.62;44.645;940;97
2026-06-08T14:07:16.0000000Z;44.62;44.65;940;13500
2026-06-08T14:07:17.0000000Z;44.625;44.65;336;13500
2026-06-08T14:07:18.0000000Z;44.61;44.655;940;380
2026-06-08T14:07:19.0000000Z;44.61;44.655;940;380
2026-06-08T14:07:20.0000000Z;44.62;44.655;320;380
2026-06-08T14:07:21.0000000Z;44.62;44.655;320;380
2026-06-08T14:07:23.0000000Z;44.62;44.655;320;457
2026-06-08T14:07:24.0000000Z;44.615;44.655;457;457
2026-06-08T14:07:26.0000000Z;44.615;44.655;457;457
2026-06-08T14:07:28.0000000Z;44.605;44.655;2350;544
2026-06-08T14:07:29.0000000Z;44.605;44.655;2350;544
2026-06-08T14:07:30.0000000Z;44.61;44.655;448;544
2026-06-08T14:07:32.0000000Z;44.605;44.655;940;544
2026-06-08T14:07:33.0000000Z;44.605;44.655;940;544
2026-06-08T14:07:35.0000000Z;44.605;44.655;940;544
2026-06-08T14:07:37.0000000Z;44.605;44.645;940;266
2026-06-08T14:07:38.0000000Z;44.61;44.645;940;440
2026-06-08T14:07:39.0000000Z;44.61;44.645;940;440
2026-06-08T14:07:40.0000000Z;44.61;44.645;940;440
2026-06-08T14:07:41.0000000Z;44.61;44.645;940;440
2026-06-08T14:07:43.0000000Z;44.61;44.645;940;440
2026-06-08T14:07:44.0000000Z;44.61;44.645;940;440
2026-06-08T14:07:46.0000000Z;44.615;44.645;452;97
2026-06-08T14:07:48.0000000Z;44.61;44.65;940;587
2026-06-08T14:07:49.0000000Z;44.615;44.655;452;516
2026-06-08T14:07:53.0000000Z;44.61;44.65;940;587
2026-06-08T14:07:55.0000000Z;44.61;44.65;940;587
2026-06-08T14:08:01.0000000Z;44.61;44.67;940;150
2026-06-08T14:08:02.0000000Z;44.61;44.66;2350;405
2026-06-08T14:08:03.0000000Z;44.61;44.66;2350;405
2026-06-08T14:08:04.0000000Z;44.62;44.66;940;405
2026-06-08T14:08:05.0000000Z;44.625;44.665;466;1217
2026-06-08T14:08:06.0000000Z;44.625;44.665;466;1217
2026-06-08T14:08:07.0000000Z;44.625;44.66;466;225
2026-06-08T14:08:08.0000000Z;44.625;44.66;466;265
2026-06-08T14:08:10.0000000Z;44.625;44.665;466;415
2026-06-08T14:08:11.0000000Z;44.625;44.655;466;250
2026-06-08T14:08:12.0000000Z;44.625;44.67;466;150
2026-06-08T14:08:13.0000000Z;44.625;44.665;466;416
2026-06-08T14:08:16.0000000Z;44.615;44.655;940;377
2026-06-08T14:08:17.0000000Z;44.625;44.655;276;264
2026-06-08T14:08:18.0000000Z;44.63;44.655;276;264
2026-06-08T14:08:19.0000000Z;44.625;44.655;940;264
2026-06-08T14:08:20.0000000Z;44.625;44.655;940;264
2026-06-08T14:08:21.0000000Z;44.625;44.65;13500;13500
2026-06-08T14:08:22.0000000Z;44.625;44.64;13500;13500
2026-06-08T14:08:23.0000000Z;44.625;44.64;13500;13500
2026-06-08T14:08:25.0000000Z;44.625;44.64;13500;13500
2026-06-08T14:08:26.0000000Z;44.625;44.63;13500;150
2026-06-08T14:08:27.0000000Z;44.625;44.64;13500;150
2026-06-08T14:08:28.0000000Z;44.625;44.64;13500;13500
2026-06-08T14:08:29.0000000Z;44.595;44.63;940;13500
2026-06-08T14:08:31.0000000Z;44.62;44.65;1121;150
2026-06-08T14:08:34.0000000Z;44.62;44.65;1121;150
2026-06-08T14:08:35.0000000Z;44.62;44.64;1121;350
2026-06-08T14:08:38.0000000Z;44.62;44.66;1121;375
2026-06-08T14:08:39.0000000Z;44.6;44.645;546;484
2026-06-08T14:08:41.0000000Z;44.6;44.655;546;825
2026-06-08T14:08:42.0000000Z;44.6;44.66;581;375
2026-06-08T14:08:43.0000000Z;44.6;44.66;581;375
2026-06-08T14:08:46.0000000Z;44.6;44.66;581;375
2026-06-08T14:08:48.0000000Z;44.6;44.645;581;522
2026-06-08T14:08:49.0000000Z;44.6;44.645;940;616
2026-06-08T14:08:50.0000000Z;44.6;44.645;940;616
2026-06-08T14:08:51.0000000Z;44.6;44.645;940;616
2026-06-08T14:08:52.0000000Z;44.6;44.645;940;616
2026-06-08T14:08:53.0000000Z;44.605;44.66;541;150
2026-06-08T14:08:54.0000000Z;44.61;44.645;940;97
2026-06-08T14:08:55.0000000Z;44.61;44.655;940;491
2026-06-08T14:08:56.0000000Z;44.61;44.655;940;491
2026-06-08T14:08:57.0000000Z;44.61;44.655;940;491
2026-06-08T14:08:58.0000000Z;44.61;44.655;940;491
2026-06-08T14:09:02.0000000Z;44.615;44.67;529;150
2026-06-08T14:09:05.0000000Z;44.615;44.66;529;522
2026-06-08T14:09:06.0000000Z;44.615;44.66;529;522
2026-06-08T14:09:07.0000000Z;44.62;44.655;940;268
2026-06-08T14:09:08.0000000Z;44.62;44.655;940;268
2026-06-08T14:09:09.0000000Z;44.62;44.67;940;150
2026-06-08T14:09:10.0000000Z;44.62;44.66;940;305
2026-06-08T14:09:11.0000000Z;44.62;44.66;940;150
2026-06-08T14:09:12.0000000Z;44.62;44.66;940;150
2026-06-08T14:09:15.0000000Z;44.62;44.66;940;150
2026-06-08T14:09:17.0000000Z;44.625;44.655;345;263
2026-06-08T14:09:19.0000000Z;44.625;44.655;345;263
2026-06-08T14:09:24.0000000Z;44.625;44.655;431;97
2026-06-08T14:09:25.0000000Z;44.625;44.655;431;263
2026-06-08T14:09:26.0000000Z;44.625;44.655;431;97
2026-06-08T14:09:27.0000000Z;44.625;44.655;431;263
2026-06-08T14:09:29.0000000Z;44.625;44.655;431;97
2026-06-08T14:09:32.0000000Z;44.625;44.665;431;429
2026-06-08T14:09:34.0000000Z;44.625;44.655;431;263
2026-06-08T14:09:36.0000000Z;44.625;44.655;431;97
2026-06-08T14:09:38.0000000Z;44.625;44.66;431;300
2026-06-08T14:09:39.0000000Z;44.625;44.66;431;300
2026-06-08T14:09:41.0000000Z;44.61;44.66;487;442
2026-06-08T14:09:43.0000000Z;44.61;44.66;195;442
2026-06-08T14:09:44.0000000Z;44.61;44.66;487;442
2026-06-08T14:09:46.0000000Z;44.615;44.665;558;567
2026-06-08T14:09:48.0000000Z;44.61;44.665;487;720
2026-06-08T14:09:50.0000000Z;44.61;44.665;195;720
2026-06-08T14:09:51.0000000Z;44.625;44.665;940;720
2026-06-08T14:09:53.0000000Z;44.625;44.655;940;237
2026-06-08T14:09:55.0000000Z;44.625;44.655;940;237
2026-06-08T14:10:01.0000000Z;44.625;44.65;13500;13500
2026-06-08T14:10:02.0000000Z;44.62;44.655;940;1217
2026-06-08T14:10:03.0000000Z;44.63;44.67;300;150
2026-06-08T14:10:04.0000000Z;44.625;44.67;437;150
2026-06-08T14:10:06.0000000Z;44.625;44.66;437;150
2026-06-08T14:10:07.0000000Z;44.625;44.66;437;150
2026-06-08T14:10:10.0000000Z;44.625;44.655;437;297
2026-06-08T14:10:14.0000000Z;44.625;44.655;437;297
2026-06-08T14:10:15.0000000Z;44.625;44.66;316;150
2026-06-08T14:10:17.0000000Z;44.625;44.655;316;277
2026-06-08T14:10:18.0000000Z;44.625;44.655;316;277
2026-06-08T14:10:19.0000000Z;44.625;44.65;316;150
2026-06-08T14:10:20.0000000Z;44.625;44.65;316;13500
2026-06-08T14:10:22.0000000Z;44.625;44.66;298;150
2026-06-08T14:10:23.0000000Z;44.625;44.65;298;150
2026-06-08T14:10:25.0000000Z;44.61;44.645;940;346
2026-06-08T14:10:27.0000000Z;44.61;44.645;940;346
2026-06-08T14:10:28.0000000Z;44.62;44.645;211;346
2026-06-08T14:10:31.0000000Z;44.615;44.645;339;346
2026-06-08T14:10:36.0000000Z;44.615;44.64;191;150
2026-06-08T14:10:37.0000000Z;44.615;44.635;191;97
2026-06-08T14:10:38.0000000Z;44.61;44.635;306;97
2026-06-08T14:10:42.0000000Z;44.61;44.635;306;97
2026-06-08T14:10:44.0000000Z;44.61;44.635;306;97
2026-06-08T14:10:45.0000000Z;44.61;44.635;306;97
2026-06-08T14:10:46.0000000Z;44.595;44.635;940;266
2026-06-08T14:10:47.0000000Z;44.595;44.635;940;266
2026-06-08T14:10:48.0000000Z;44.605;44.635;308;266
2026-06-08T14:10:57.0000000Z;44.6;44.635;446;266
2026-06-08T14:11:13.0000000Z;44.6;44.635;446;266
2026-06-08T14:11:14.0000000Z;44.595;44.63;940;13500
2026-06-08T14:11:15.0000000Z;44.595;44.63;940;13500
2026-06-08T14:11:16.0000000Z;44.595;44.625;940;97
2026-06-08T14:11:17.0000000Z;44.6;44.62;185;13500
2026-06-08T14:11:18.0000000Z;44.595;44.62;13500;13500
2026-06-08T14:11:21.0000000Z;44.595;44.62;13500;13500
2026-06-08T14:11:22.0000000Z;44.595;44.62;13500;375
2026-06-08T14:11:23.0000000Z;44.595;44.615;13500;97
2026-06-08T14:11:25.0000000Z;44.575;44.62;940;150
2026-06-08T14:11:26.0000000Z;44.575;44.62;940;150
2026-06-08T14:11:27.0000000Z;44.59;44.62;1122;150
2026-06-08T14:11:30.0000000Z;44.585;44.63;940;375
2026-06-08T14:11:31.0000000Z;44.595;44.63;263;150
2026-06-08T14:11:32.0000000Z;44.595;44.63;263;150
2026-06-08T14:11:33.0000000Z;44.595;44.62;263;259
2026-06-08T14:11:34.0000000Z;44.59;44.62;1122;13500
2026-06-08T14:11:35.0000000Z;44.59;44.615;1122;97
2026-06-08T14:11:36.0000000Z;44.59;44.615;283;97
2026-06-08T14:11:45.0000000Z;44.58;44.61;940;13500
2026-06-08T14:11:46.0000000Z;44.58;44.61;940;13500
2026-06-08T14:11:47.0000000Z;44.585;44.61;228;13500
2026-06-08T14:11:48.0000000Z;44.585;44.62;314;150
2026-06-08T14:11:51.0000000Z;44.585;44.63;445;150
2026-06-08T14:11:52.0000000Z;44.585;44.63;445;150
2026-06-08T14:11:54.0000000Z;44.585;44.63;445;150
2026-06-08T14:11:55.0000000Z;44.585;44.625;445;351
2026-06-08T14:12:01.0000000Z;44.585;44.615;445;219
2026-06-08T14:12:05.0000000Z;44.585;44.61;239;13500
2026-06-08T14:12:10.0000000Z;44.585;44.61;239;13500
2026-06-08T14:12:11.0000000Z;44.57;44.605;940;309
2026-06-08T14:12:12.0000000Z;44.57;44.605;940;309
2026-06-08T14:12:13.0000000Z;44.58;44.605;235;309
2026-06-08T14:12:16.0000000Z;44.58;44.605;235;220
2026-06-08T14:12:18.0000000Z;44.58;44.61;940;13500
2026-06-08T14:12:19.0000000Z;44.58;44.61;940;13500
2026-06-08T14:12:20.0000000Z;44.58;44.61;940;97
2026-06-08T14:12:23.0000000Z;44.58;44.615;940;350
2026-06-08T14:12:25.0000000Z;44.58;44.615;940;350
2026-06-08T14:12:34.0000000Z;44.575;44.61;940;13500
2026-06-08T14:12:35.0000000Z;44.575;44.6;940;150
2026-06-08T14:12:36.0000000Z;44.58;44.61;299;150
2026-06-08T14:12:37.0000000Z;44.58;44.61;299;13500
2026-06-08T14:12:38.0000000Z;44.575;44.6;14622;13500
2026-06-08T14:12:39.0000000Z;44.58;44.61;248;150
2026-06-08T14:12:40.0000000Z;44.575;44.6;14622;150
2026-06-08T14:12:41.0000000Z;44.575;44.6;14622;13500
2026-06-08T14:12:42.0000000Z;44.575;44.6;13500;13500
2026-06-08T14:12:43.0000000Z;44.575;44.59;13500;150
2026-06-08T14:12:44.0000000Z;44.565;44.59;940;150
2026-06-08T14:12:45.0000000Z;44.565;44.59;940;150
2026-06-08T14:12:47.0000000Z;44.57;44.59;1122;150
2026-06-08T14:12:49.0000000Z;44.57;44.6;1122;150
2026-06-08T14:12:51.0000000Z;44.57;44.6;1122;13500
2026-06-08T14:12:53.0000000Z;44.575;44.615;940;202
2026-06-08T14:12:54.0000000Z;44.58;44.6;257;13500
2026-06-08T14:12:55.0000000Z;44.58;44.6;257;13500
2026-06-08T14:12:56.0000000Z;44.58;44.6;257;13500
2026-06-08T14:12:57.0000000Z;44.58;44.61;257;355
2026-06-08T14:13:01.0000000Z;44.58;44.61;257;400
2026-06-08T14:13:02.0000000Z;44.58;44.615;257;352
2026-06-08T14:13:03.0000000Z;44.57;44.61;940;544
2026-06-08T14:13:05.0000000Z;44.57;44.61;940;544
2026-06-08T14:13:06.0000000Z;44.57;44.61;940;375
2026-06-08T14:13:07.0000000Z;44.575;44.61;232;375
2026-06-08T14:13:08.0000000Z;44.575;44.6;232;337
2026-06-08T14:13:09.0000000Z;44.57;44.605;14622;375
2026-06-08T14:13:13.0000000Z;44.57;44.605;13500;375
2026-06-08T14:13:14.0000000Z;44.56;44.6;940;513
2026-06-08T14:13:16.0000000Z;44.56;44.6;940;547
2026-06-08T14:13:17.0000000Z;44.565;44.6;1122;547
2026-06-08T14:13:23.0000000Z;44.57;44.61;234;225
2026-06-08T14:13:24.0000000Z;44.565;44.605;1122;375
2026-06-08T14:13:25.0000000Z;44.565;44.605;1122;375
2026-06-08T14:13:26.0000000Z;44.565;44.605;1122;375
2026-06-08T14:13:27.0000000Z;44.565;44.605;287;225
2026-06-08T14:13:28.0000000Z;44.565;44.605;287;375
2026-06-08T14:13:33.0000000Z;44.565;44.605;287;225
2026-06-08T14:13:34.0000000Z;44.565;44.605;287;375
2026-06-08T14:13:35.0000000Z;44.565;44.605;287;375
2026-06-08T14:13:44.0000000Z;44.565;44.605;287;375
2026-06-08T14:13:45.0000000Z;44.56;44.595;13500;798
2026-06-08T14:13:46.0000000Z;44.53;44.6;749;225
2026-06-08T14:13:47.0000000Z;44.53;44.6;749;225
2026-06-08T14:13:49.0000000Z;44.555;44.61;1123;225
2026-06-08T14:13:50.0000000Z;44.53;44.61;749;225
2026-06-08T14:13:51.0000000Z;44.53;44.605;1872;855
2026-06-08T14:13:52.0000000Z;44.54;44.605;264;855
2026-06-08T14:13:53.0000000Z;44.54;44.605;264;855
2026-06-08T14:13:54.0000000Z;44.545;44.61;582;225
2026-06-08T14:13:55.0000000Z;44.54;44.61;648;225
2026-06-08T14:13:56.0000000Z;44.555;44.61;940;225
2026-06-08T14:13:57.0000000Z;44.555;44.61;940;225
2026-06-08T14:13:58.0000000Z;44.565;44.615;940;375
2026-06-08T14:13:59.0000000Z;44.565;44.615;940;375
2026-06-08T14:14:00.0000000Z;44.565;44.605;940;225
2026-06-08T14:14:01.0000000Z;44.565;44.6;940;450
2026-06-08T14:14:02.0000000Z;44.565;44.605;940;225
2026-06-08T14:14:03.0000000Z;44.565;44.605;940;225
2026-06-08T14:14:04.0000000Z;44.565;44.605;940;375
2026-06-08T14:14:05.0000000Z;44.57;44.6;186;225
2026-06-08T14:14:06.0000000Z;44.57;44.6;186;225
2026-06-08T14:14:07.0000000Z;44.565;44.595;13500;225
2026-06-08T14:14:08.0000000Z;44.56;44.59;940;546
2026-06-08T14:14:09.0000000Z;44.565;44.605;13500;225
2026-06-08T14:14:12.0000000Z;44.565;44.595;295;389
2026-06-08T14:14:14.0000000Z;44.565;44.595;295;389
2026-06-08T14:14:15.0000000Z;44.565;44.615;481;862
2026-06-08T14:14:17.0000000Z;44.565;44.615;481;862
2026-06-08T14:14:18.0000000Z;44.565;44.615;481;862
2026-06-08T14:14:19.0000000Z;44.565;44.61;481;738
2026-06-08T14:14:20.0000000Z;44.565;44.61;481;375
2026-06-08T14:14:21.0000000Z;44.565;44.61;481;225
2026-06-08T14:14:23.0000000Z;44.565;44.605;481;225
2026-06-08T14:14:24.0000000Z;44.565;44.605;481;225
2026-06-08T14:14:25.0000000Z;44.565;44.605;481;225
2026-06-08T14:14:28.0000000Z;44.565;44.605;481;375
2026-06-08T14:14:30.0000000Z;44.565;44.6;247;375
2026-06-08T14:14:31.0000000Z;44.565;44.6;247;225
2026-06-08T14:14:32.0000000Z;44.565;44.6;247;375
2026-06-08T14:14:33.0000000Z;44.565;44.6;247;375
2026-06-08T14:14:34.0000000Z;44.55;44.595;940;375
2026-06-08T14:14:35.0000000Z;44.55;44.595;940;375
2026-06-08T14:14:36.0000000Z;44.55;44.595;940;375
2026-06-08T14:14:37.0000000Z;44.55;44.595;940;225
2026-06-08T14:14:38.0000000Z;44.555;44.595;1123;375
2026-06-08T14:14:42.0000000Z;44.555;44.585;1123;225
2026-06-08T14:14:43.0000000Z;44.555;44.585;1123;225
2026-06-08T14:14:44.0000000Z;44.555;44.585;1123;225
2026-06-08T14:14:45.0000000Z;44.535;44.58;940;726
2026-06-08T14:14:46.0000000Z;44.54;44.58;374;726
2026-06-08T14:14:47.0000000Z;44.54;44.58;374;726
2026-06-08T14:14:49.0000000Z;44.54;44.58;374;726
2026-06-08T14:14:51.0000000Z;44.54;44.58;374;726
2026-06-08T14:14:52.0000000Z;44.54;44.59;438;225
2026-06-08T14:14:54.0000000Z;44.54;44.585;438;525
2026-06-08T14:14:57.0000000Z;44.54;44.585;438;601
2026-06-08T14:15:01.0000000Z;44.54;44.585;438;601
2026-06-08T14:15:02.0000000Z;44.54;44.59;438;375
2026-06-08T14:15:03.0000000Z;44.54;44.585;438;657
2026-06-08T14:15:04.0000000Z;44.54;44.575;438;520
2026-06-08T14:15:05.0000000Z;44.54;44.58;438;375
2026-06-08T14:15:07.0000000Z;44.525;44.575;940;855
2026-06-08T14:15:09.0000000Z;44.535;44.575;291;855
2026-06-08T14:15:11.0000000Z;44.535;44.565;187;528
2026-06-08T14:15:12.0000000Z;44.53;44.57;305;225
2026-06-08T14:15:13.0000000Z;44.53;44.57;305;375
2026-06-08T14:15:14.0000000Z;44.53;44.57;305;375
2026-06-08T14:15:17.0000000Z;44.53;44.565;287;489
2026-06-08T14:15:20.0000000Z;44.53;44.565;287;545
2026-06-08T14:15:22.0000000Z;44.53;44.565;287;545
2026-06-08T14:15:23.0000000Z;44.515;44.56;940;225
2026-06-08T14:15:24.0000000Z;44.515;44.56;940;225
2026-06-08T14:15:25.0000000Z;44.52;44.56;1124;225
2026-06-08T14:15:29.0000000Z;44.525;44.565;340;375
2026-06-08T14:15:30.0000000Z;44.525;44.565;340;225
2026-06-08T14:15:31.0000000Z;44.525;44.565;340;375
2026-06-08T14:15:32.0000000Z;44.52;44.565;366;225
2026-06-08T14:15:35.0000000Z;44.52;44.565;366;375
2026-06-08T14:15:38.0000000Z;44.52;44.565;366;225
2026-06-08T14:15:39.0000000Z;44.52;44.565;366;375
2026-06-08T14:15:41.0000000Z;44.52;44.56;366;375
2026-06-08T14:15:42.0000000Z;44.515;44.545;13500;420
2026-06-08T14:15:43.0000000Z;44.505;44.55;940;225
2026-06-08T14:15:44.0000000Z;44.505;44.535;940;150
2026-06-08T14:15:45.0000000Z;44.51;44.535;1124;150
2026-06-08T14:15:46.0000000Z;44.51;44.535;1124;150
2026-06-08T14:15:47.0000000Z;44.51;44.535;1124;13500
2026-06-08T14:15:50.0000000Z;44.51;44.535;1124;13500
2026-06-08T14:15:51.0000000Z;44.505;44.535;13500;150
2026-06-08T14:15:52.0000000Z;44.505;44.52;13500;226
2026-06-08T14:15:53.0000000Z;44.505;44.52;13500;330
2026-06-08T14:15:54.0000000Z;44.505;44.52;13500;97
2026-06-08T14:15:55.0000000Z;44.5;44.52;1124;97
2026-06-08T14:15:56.0000000Z;44.5;44.52;1124;97
2026-06-08T14:15:57.0000000Z;44.5;44.535;1124;616
2026-06-08T14:15:59.0000000Z;44.5;44.535;1124;616
2026-06-08T14:16:01.0000000Z;44.5;44.535;1124;616
2026-06-08T14:16:02.0000000Z;44.505;44.535;299;616
2026-06-08T14:16:03.0000000Z;44.505;44.535;299;616
2026-06-08T14:16:04.0000000Z;44.505;44.55;366;225
2026-06-08T14:16:06.0000000Z;44.505;44.54;366;388
2026-06-08T14:16:07.0000000Z;44.505;44.545;366;609
2026-06-08T14:16:09.0000000Z;44.505;44.545;366;609
2026-06-08T14:16:10.0000000Z;44.505;44.545;366;609
2026-06-08T14:16:11.0000000Z;44.505;44.54;366;225
2026-06-08T14:16:12.0000000Z;44.505;44.54;366;375
2026-06-08T14:16:13.0000000Z;44.505;44.54;366;225
2026-06-08T14:16:17.0000000Z;44.505;44.535;249;441
2026-06-08T14:16:18.0000000Z;44.505;44.535;249;441
2026-06-08T14:16:20.0000000Z;44.505;44.545;301;225
2026-06-08T14:16:22.0000000Z;44.505;44.545;301;375
2026-06-08T14:16:23.0000000Z;44.505;44.54;301;150
2026-06-08T14:16:25.0000000Z;44.505;44.54;301;375
2026-06-08T14:16:26.0000000Z;44.505;44.54;301;375
2026-06-08T14:16:31.0000000Z;44.5;44.535;13500;375
2026-06-08T14:16:32.0000000Z;44.5;44.535;13500;375
2026-06-08T14:16:34.0000000Z;44.5;44.535;13500;225
2026-06-08T14:16:35.0000000Z;44.5;44.535;13500;375
2026-06-08T14:16:37.0000000Z;44.5;44.53;13500;375
2026-06-08T14:16:38.0000000Z;44.5;44.53;13500;375
2026-06-08T14:16:39.0000000Z;44.5;44.525;13500;150
2026-06-08T14:16:40.0000000Z;44.5;44.525;13500;288
2026-06-08T14:16:41.0000000Z;44.5;44.525;13500;288
2026-06-08T14:16:42.0000000Z;44.5;44.53;13500;225
2026-06-08T14:16:43.0000000Z;44.5;44.53;13500;375
2026-06-08T14:16:44.0000000Z;44.5;44.53;13500;375
2026-06-08T14:16:45.0000000Z;44.5;44.53;13500;225
2026-06-08T14:16:47.0000000Z;44.5;44.53;13500;375
2026-06-08T14:16:57.0000000Z;44.5;44.53;13500;375
2026-06-08T14:17:02.0000000Z;44.5;44.52;13500;225
2026-06-08T14:17:03.0000000Z;44.5;44.525;13500;150
2026-06-08T14:17:04.0000000Z;44.5;44.52;13500;375
2026-06-08T14:17:05.0000000Z;44.5;44.52;13500;225
2026-06-08T14:17:07.0000000Z;44.5;44.51;13500;13
2026-06-08T14:17:08.0000000Z;44.5;44.51;13500;13500
2026-06-08T14:17:09.0000000Z;44.5;44.51;13500;13500
2026-06-08T14:17:10.0000000Z;44.5;44.51;13500;13500
2026-06-08T14:17:12.0000000Z;44.5;44.51;13500;13500
2026-06-08T14:17:16.0000000Z;44.5;44.51;13500;13500
2026-06-08T14:17:17.0000000Z;44.5;44.51;13500;13500
2026-06-08T14:17:18.0000000Z;44.5;44.51;13500;13500
2026-06-08T14:17:20.0000000Z;44.5;44.51;13500;13500
2026-06-08T14:17:22.0000000Z;44.5;44.51;13500;13500
2026-06-08T14:17:29.0000000Z;44.5;44.51;13500;13500
2026-06-08T14:17:31.0000000Z;44.5;44.515;13500;150
2026-06-08T14:17:32.0000000Z;44.5;44.515;13500;225
2026-06-08T14:17:33.0000000Z;44.5;44.51;13500;97
2026-06-08T14:17:38.0000000Z;44.5;44.52;13500;225
2026-06-08T14:17:39.0000000Z;44.5;44.53;13500;225
2026-06-08T14:17:40.0000000Z;44.5;44.53;13500;225
2026-06-08T14:17:41.0000000Z;44.505;44.55;181;150
2026-06-08T14:17:42.0000000Z;44.505;44.55;321;375
2026-06-08T14:17:43.0000000Z;44.505;44.55;321;375
2026-06-08T14:17:44.0000000Z;44.505;44.55;321;375
2026-06-08T14:17:45.0000000Z;44.505;44.54;321;225
2026-06-08T14:17:46.0000000Z;44.505;44.54;321;225
2026-06-08T14:17:49.0000000Z;44.505;44.545;321;225
2026-06-08T14:17:50.0000000Z;44.505;44.545;321;225
2026-06-08T14:17:51.0000000Z;44.505;44.55;321;225
2026-06-08T14:17:52.0000000Z;44.505;44.55;321;375
2026-06-08T14:17:53.0000000Z;44.505;44.55;321;375
2026-06-08T14:17:54.0000000Z;44.505;44.545;321;554
2026-06-08T14:17:56.0000000Z;44.505;44.545;321;632
2026-06-08T14:17:57.0000000Z;44.505;44.545;321;632
2026-06-08T14:18:00.0000000Z;44.505;44.545;321;632
2026-06-08T14:18:01.0000000Z;44.505;44.555;346;225
2026-06-08T14:18:02.0000000Z;44.505;44.555;346;225
2026-06-08T14:18:03.0000000Z;44.505;44.555;392;225
2026-06-08T14:18:04.0000000Z;44.505;44.56;461;375
2026-06-08T14:18:05.0000000Z;44.505;44.55;499;621
2026-06-08T14:18:06.0000000Z;44.51;44.56;940;150
2026-06-08T14:18:07.0000000Z;44.515;44.57;517;375
2026-06-08T14:18:08.0000000Z;44.515;44.575;548;504
2026-06-08T14:18:09.0000000Z;44.515;44.57;548;375
2026-06-08T14:18:10.0000000Z;44.515;44.56;548;150
2026-06-08T14:18:11.0000000Z;44.515;44.56;548;150
2026-06-08T14:18:12.0000000Z;44.515;44.555;548;573
2026-06-08T14:18:13.0000000Z;44.515;44.555;548;150
2026-06-08T14:18:14.0000000Z;44.515;44.555;548;375
2026-06-08T14:18:15.0000000Z;44.515;44.555;548;375
2026-06-08T14:18:16.0000000Z;44.515;44.55;248;150
2026-06-08T14:18:17.0000000Z;44.515;44.55;248;150
2026-06-08T14:18:18.0000000Z;44.515;44.55;316;150
2026-06-08T14:18:19.0000000Z;44.515;44.55;316;150
2026-06-08T14:18:21.0000000Z;44.515;44.55;316;150
2026-06-08T14:18:22.0000000Z;44.515;44.555;362;375
2026-06-08T14:18:26.0000000Z;44.515;44.555;362;225
2026-06-08T14:18:28.0000000Z;44.515;44.555;362;375
2026-06-08T14:18:29.0000000Z;44.515;44.555;362;225
2026-06-08T14:18:30.0000000Z;44.515;44.555;362;375
2026-06-08T14:18:32.0000000Z;44.5;44.55;940;375
2026-06-08T14:18:33.0000000Z;44.51;44.535;13500;442
2026-06-08T14:18:34.0000000Z;44.51;44.54;13500;150
2026-06-08T14:18:35.0000000Z;44.51;44.535;13500;375
2026-06-08T14:18:36.0000000Z;44.505;44.535;1124;225
2026-06-08T14:18:37.0000000Z;44.505;44.535;1124;225
2026-06-08T14:18:39.0000000Z;44.505;44.535;1124;225
2026-06-08T14:18:40.0000000Z;44.505;44.535;1124;225
2026-06-08T14:18:42.0000000Z;44.5;44.535;13500;225
2026-06-08T14:18:46.0000000Z;44.505;44.535;195;225
2026-06-08T14:18:47.0000000Z;44.505;44.54;195;225
2026-06-08T14:18:48.0000000Z;44.505;44.54;195;225
2026-06-08T14:18:49.0000000Z;44.505;44.54;195;225
2026-06-08T14:18:50.0000000Z;44.505;44.55;285;150
2026-06-08T14:18:51.0000000Z;44.505;44.545;285;225
2026-06-08T14:18:56.0000000Z;44.505;44.545;285;225
2026-06-08T14:18:57.0000000Z;44.505;44.54;285;527
2026-06-08T14:18:59.0000000Z;44.505;44.535;285;442
2026-06-08T14:18:59.0000000Z;44.505;44.54;285;375
2026-06-08T14:19:00.0000000Z;44.505;44.535;285;442
2026-06-08T14:19:01.0000000Z;44.505;44.53;194;369
2026-06-08T14:19:02.0000000Z;44.505;44.54;194;375
2026-06-08T14:19:03.0000000Z;44.5;44.535;13500;225
2026-06-08T14:19:06.0000000Z;44.505;44.535;187;225
2026-06-08T14:19:08.0000000Z;44.505;44.535;187;225
2026-06-08T14:19:09.0000000Z;44.5;44.535;13500;225
2026-06-08T14:19:10.0000000Z;44.5;44.535;13500;225
2026-06-08T14:19:11.0000000Z;44.5;44.53;13500;375
2026-06-08T14:19:13.0000000Z;44.5;44.535;13500;225
2026-06-08T14:19:16.0000000Z;44.5;44.525;13500;225
2026-06-08T14:19:17.0000000Z;44.5;44.52;13500;97
2026-06-08T14:19:18.0000000Z;44.5;44.52;13500;375
2026-06-08T14:19:19.0000000Z;44.5;44.52;13500;225
2026-06-08T14:19:20.0000000Z;44.5;44.525;13500;14623
2026-06-08T14:19:21.0000000Z;44.5;44.52;13500;97
2026-06-08T14:19:25.0000000Z;44.5;44.52;13500;97
2026-06-08T14:19:26.0000000Z;44.5;44.52;13500;97
2026-06-08T14:19:28.0000000Z;44.5;44.52;13500;97
2026-06-08T14:19:29.0000000Z;44.5;44.515;13500;13500
2026-06-08T14:19:30.0000000Z;44.5;44.515;13500;13500
2026-06-08T14:19:31.0000000Z;44.5;44.51;13500;97
2026-06-08T14:19:32.0000000Z;44.5;44.51;13500;97
2026-06-08T14:19:37.0000000Z;44.5;44.51;13500;97
2026-06-08T14:19:38.0000000Z;44.5;44.51;846;97
2026-06-08T14:19:39.0000000Z;44.5;44.51;846;97
2026-06-08T14:19:41.0000000Z;44.5;44.51;846;97
2026-06-08T14:19:46.0000000Z;44.5;44.51;846;97
2026-06-08T14:19:48.0000000Z;44.5;44.525;846;225
2026-06-08T14:19:50.0000000Z;44.5;44.515;846;97
2026-06-08T14:19:52.0000000Z;44.5;44.515;846;97
2026-06-08T14:19:57.0000000Z;44.5;44.52;846;97
2026-06-08T14:19:59.0000000Z;44.5;44.525;846;375
2026-06-08T14:20:01.0000000Z;44.5;44.525;846;375
2026-06-08T14:20:02.0000000Z;44.5;44.525;846;225
2026-06-08T14:20:03.0000000Z;44.5;44.53;846;225
2026-06-08T14:20:05.0000000Z;44.5;44.525;846;321
2026-06-08T14:20:06.0000000Z;44.505;44.54;190;225
2026-06-08T14:20:07.0000000Z;44.505;44.54;190;225
2026-06-08T14:20:09.0000000Z;44.505;44.54;190;225
2026-06-08T14:20:10.0000000Z;44.505;44.54;190;225
2026-06-08T14:20:11.0000000Z;44.505;44.54;190;225
2026-06-08T14:20:12.0000000Z;44.505;44.54;190;225
2026-06-08T14:20:13.0000000Z;44.505;44.535;190;441
2026-06-08T14:20:14.0000000Z;44.505;44.535;190;441
2026-06-08T14:20:16.0000000Z;44.505;44.545;222;225
2026-06-08T14:20:19.0000000Z;44.505;44.54;222;538
2026-06-08T14:20:20.0000000Z;44.505;44.54;219;538
2026-06-08T14:20:22.0000000Z;44.505;44.54;219;538
2026-06-08T14:20:25.0000000Z;44.505;44.55;237;225
2026-06-08T14:20:26.0000000Z;44.505;44.55;262;225
2026-06-08T14:20:27.0000000Z;44.505;44.545;262;621
2026-06-08T14:20:28.0000000Z;44.505;44.555;286;375
2026-06-08T14:20:29.0000000Z;44.505;44.55;286;724
2026-06-08T14:20:31.0000000Z;44.505;44.54;286;523
2026-06-08T14:20:32.0000000Z;44.505;44.545;286;225
2026-06-08T14:20:33.0000000Z;44.505;44.545;286;225
2026-06-08T14:20:36.0000000Z;44.505;44.545;286;225
2026-06-08T14:20:37.0000000Z;44.505;44.545;286;225
2026-06-08T14:20:40.0000000Z;44.505;44.545;286;225
2026-06-08T14:20:42.0000000Z;44.505;44.55;286;225
2026-06-08T14:20:45.0000000Z;44.505;44.545;286;375
2026-06-08T14:20:46.0000000Z;44.505;44.545;286;225
2026-06-08T14:20:50.0000000Z;44.505;44.55;286;375
2026-06-08T14:20:51.0000000Z;44.505;44.535;286;438
2026-06-08T14:20:52.0000000Z;44.5;44.525;13500;282
2026-06-08T14:20:53.0000000Z;44.5;44.535;13500;225
2026-06-08T14:20:54.0000000Z;44.5;44.53;13500;376
2026-06-08T14:20:57.0000000Z;44.5;44.535;13500;225
2026-06-08T14:21:00.0000000Z;44.5;44.535;13500;225
2026-06-08T14:21:01.0000000Z;44.5;44.535;13500;375
2026-06-08T14:21:02.0000000Z;44.5;44.535;13500;375
2026-06-08T14:21:03.0000000Z;44.5;44.53;13500;225
2026-06-08T14:21:04.0000000Z;44.5;44.53;13500;225
2026-06-08T14:21:05.0000000Z;44.5;44.53;13500;225
2026-06-08T14:21:08.0000000Z;44.5;44.53;13500;225
2026-06-08T14:21:10.0000000Z;44.5;44.53;13500;225
2026-06-08T14:21:11.0000000Z;44.5;44.53;13500;225
2026-06-08T14:21:12.0000000Z;44.5;44.53;13500;225
2026-06-08T14:21:13.0000000Z;44.5;44.53;13500;375
2026-06-08T14:21:14.0000000Z;44.5;44.53;13500;225
2026-06-08T14:21:15.0000000Z;44.5;44.53;13500;375
2026-06-08T14:21:16.0000000Z;44.5;44.525;13500;321
2026-06-08T14:21:17.0000000Z;44.5;44.53;13500;225
2026-06-08T14:21:18.0000000Z;44.5;44.53;13500;225
2026-06-08T14:21:19.0000000Z;44.5;44.53;13500;375
2026-06-08T14:21:20.0000000Z;44.5;44.53;13500;225
2026-06-08T14:21:22.0000000Z;44.5;44.53;13500;225
2026-06-08T14:21:23.0000000Z;44.5;44.53;13500;225
2026-06-08T14:21:25.0000000Z;44.5;44.535;13500;225
2026-06-08T14:21:26.0000000Z;44.5;44.535;13500;375
2026-06-08T14:21:28.0000000Z;44.5;44.52;13500;97
2026-06-08T14:21:29.0000000Z;44.5;44.525;13500;225
2026-06-08T14:21:30.0000000Z;44.5;44.525;13500;225
2026-06-08T14:21:32.0000000Z;44.5;44.52;13500;97
2026-06-08T14:21:33.0000000Z;44.5;44.53;13500;386
2026-06-08T14:21:35.0000000Z;44.5;44.53;13500;386
2026-06-08T14:21:36.0000000Z;44.505;44.54;197;375
2026-06-08T14:21:38.0000000Z;44.505;44.54;197;375
2026-06-08T14:21:40.0000000Z;44.505;44.54;197;375
2026-06-08T14:21:43.0000000Z;44.5;44.53;13500;373
2026-06-08T14:21:44.0000000Z;44.5;44.53;13500;373
2026-06-08T14:21:45.0000000Z;44.5;44.525;13500;299
2026-06-08T14:21:46.0000000Z;44.5;44.53;13500;225
2026-06-08T14:21:47.0000000Z;44.5;44.53;13500;225
2026-06-08T14:21:49.0000000Z;44.5;44.53;13500;225
2026-06-08T14:21:50.0000000Z;44.505;44.545;185;225
2026-06-08T14:21:52.0000000Z;44.5;44.53;13500;385
2026-06-08T14:21:53.0000000Z;44.5;44.53;13500;385
2026-06-08T14:21:55.0000000Z;44.5;44.53;13500;385
2026-06-08T14:21:56.0000000Z;44.5;44.535;13500;375
2026-06-08T14:22:00.0000000Z;44.5;44.535;13500;375
2026-06-08T14:22:04.0000000Z;44.5;44.535;13500;225
2026-06-08T14:22:05.0000000Z;44.505;44.535;146;225
2026-06-08T14:22:06.0000000Z;44.5;44.535;13500;375
2026-06-08T14:22:07.0000000Z;44.5;44.535;13500;375
2026-06-08T14:22:11.0000000Z;44.5;44.525;13500;299
2026-06-08T14:22:12.0000000Z;44.5;44.53;13500;225
2026-06-08T14:22:14.0000000Z;44.5;44.53;13500;375
2026-06-08T14:22:17.0000000Z;44.5;44.525;13500;317
2026-06-08T14:22:18.0000000Z;44.5;44.525;13500;317
2026-06-08T14:22:21.0000000Z;44.5;44.525;13500;317
2026-06-08T14:22:24.0000000Z;44.505;44.545;151;609
2026-06-08T14:22:25.0000000Z;44.5;44.54;13500;150
2026-06-08T14:22:26.0000000Z;44.5;44.535;13500;225
2026-06-08T14:22:27.0000000Z;44.5;44.53;13500;394
2026-06-08T14:22:29.0000000Z;44.5;44.53;13500;394
2026-06-08T14:22:31.0000000Z;44.5;44.535;13500;225
2026-06-08T14:22:33.0000000Z;44.5;44.535;13500;225
2026-06-08T14:22:35.0000000Z;44.5;44.54;13500;225
2026-06-08T14:22:36.0000000Z;44.5;44.54;13500;225
2026-06-08T14:22:39.0000000Z;44.5;44.525;13500;375
2026-06-08T14:22:40.0000000Z;44.5;44.525;13500;375
2026-06-08T14:22:41.0000000Z;44.5;44.525;13500;375
2026-06-08T14:22:42.0000000Z;44.5;44.525;13500;375
2026-06-08T14:22:44.0000000Z;44.5;44.525;13500;375
2026-06-08T14:22:46.0000000Z;44.5;44.515;13500;225
2026-06-08T14:22:47.0000000Z;44.5;44.515;13500;225
2026-06-08T14:22:48.0000000Z;44.5;44.51;13500;97
2026-06-08T14:22:51.0000000Z;44.5;44.51;13500;97
2026-06-08T14:22:52.0000000Z;44.5;44.51;13500;97
2026-06-08T14:22:53.0000000Z;44.5;44.51;13500;97
2026-06-08T14:22:58.0000000Z;44.5;44.51;13500;97
2026-06-08T14:22:59.0000000Z;44.5;44.515;13500;13500
2026-06-08T14:23:00.0000000Z;44.5;44.515;13500;150
2026-06-08T14:23:01.0000000Z;44.5;44.525;13500;225
2026-06-08T14:23:03.0000000Z;44.5;44.525;13500;225
2026-06-08T14:23:04.0000000Z;44.5;44.525;13500;225
2026-06-08T14:23:05.0000000Z;44.5;44.535;13500;225
2026-06-08T14:23:06.0000000Z;44.5;44.535;13500;225
2026-06-08T14:23:07.0000000Z;44.505;44.54;149;375
2026-06-08T14:23:08.0000000Z;44.505;44.54;149;375
2026-06-08T14:23:09.0000000Z;44.505;44.535;149;150
2026-06-08T14:23:10.0000000Z;44.5;44.535;13500;375
2026-06-08T14:23:11.0000000Z;44.5;44.535;13500;225
2026-06-08T14:23:12.0000000Z;44.505;44.54;125;150
2026-06-08T14:23:13.0000000Z;44.5;44.53;13500;150
2026-06-08T14:23:15.0000000Z;44.505;44.535;119;150
2026-06-08T14:23:17.0000000Z;44.505;44.53;119;345
2026-06-08T14:23:18.0000000Z;44.5;44.525;13500;97
2026-06-08T14:23:20.0000000Z;44.505;44.535;119;150
2026-06-08T14:23:21.0000000Z;44.505;44.53;119;345
2026-06-08T14:23:23.0000000Z;44.505;44.53;163;97
2026-06-08T14:23:24.0000000Z;44.505;44.53;214;97
2026-06-08T14:23:25.0000000Z;44.505;44.535;214;383
2026-06-08T14:23:26.0000000Z;44.505;44.545;350;150
2026-06-08T14:23:27.0000000Z;44.505;44.545;350;150
2026-06-08T14:23:28.0000000Z;44.505;44.535;350;97
2026-06-08T14:23:29.0000000Z;44.505;44.54;350;375
2026-06-08T14:23:33.0000000Z;44.5;44.54;1230;375
2026-06-08T14:23:35.0000000Z;44.5;44.54;1230;375
2026-06-08T14:23:36.0000000Z;44.5;44.54;1230;375
2026-06-08T14:23:37.0000000Z;44.5;44.54;1230;375
2026-06-08T14:23:39.0000000Z;44.5;44.54;1230;375
2026-06-08T14:23:41.0000000Z;44.5;44.54;1230;375
2026-06-08T14:23:43.0000000Z;44.5;44.54;1230;375
2026-06-08T14:23:46.0000000Z;44.5;44.54;846;375
2026-06-08T14:23:47.0000000Z;44.5;44.555;846;150
2026-06-08T14:23:49.0000000Z;44.5;44.555;846;150
2026-06-08T14:23:50.0000000Z;44.5;44.545;846;446
2026-06-08T14:23:51.0000000Z;44.505;44.545;384;446
2026-06-08T14:23:55.0000000Z;44.505;44.545;502;446
2026-06-08T14:23:57.0000000Z;44.505;44.55;502;648
2026-06-08T14:23:58.0000000Z;44.505;44.55;502;648
2026-06-08T14:24:01.0000000Z;44.505;44.565;557;150
2026-06-08T14:24:02.0000000Z;44.505;44.57;611;150
2026-06-08T14:24:04.0000000Z;44.505;44.555;611;482
2026-06-08T14:24:05.0000000Z;44.505;44.555;611;545
2026-06-08T14:24:06.0000000Z;44.5;44.555;1230;581
2026-06-08T14:24:07.0000000Z;44.5;44.555;1230;581
2026-06-08T14:24:08.0000000Z;44.5;44.575;1230;150
2026-06-08T14:24:09.0000000Z;44.5;44.555;1230;656
2026-06-08T14:24:10.0000000Z;44.5;44.575;1230;150
2026-06-08T14:24:11.0000000Z;44.5;44.575;846;150
2026-06-08T14:24:12.0000000Z;44.51;44.57;940;150
2026-06-08T14:24:13.0000000Z;44.51;44.57;940;150
2026-06-08T14:24:14.0000000Z;44.51;44.565;940;150
2026-06-08T14:24:15.0000000Z;44.51;44.56;940;640
2026-06-08T14:24:16.0000000Z;44.51;44.56;940;150
2026-06-08T14:24:17.0000000Z;44.51;44.56;940;598
2026-06-08T14:24:18.0000000Z;44.51;44.565;940;150
2026-06-08T14:24:19.0000000Z;44.515;44.56;528;150
2026-06-08T14:24:20.0000000Z;44.53;44.555;940;234
2026-06-08T14:24:21.0000000Z;44.53;44.555;13500;13500
2026-06-08T14:24:23.0000000Z;44.53;44.555;13500;13500
2026-06-08T14:24:25.0000000Z;44.535;44.57;256;150
2026-06-08T14:24:26.0000000Z;44.535;44.555;256;97
2026-06-08T14:24:28.0000000Z;44.525;44.56;1123;1123
2026-06-08T14:24:32.0000000Z;44.525;44.555;1123;222
2026-06-08T14:24:33.0000000Z;44.525;44.565;1123;375
2026-06-08T14:24:34.0000000Z;44.52;44.555;940;150
2026-06-08T14:24:35.0000000Z;44.525;44.555;238;150
2026-06-08T14:24:36.0000000Z;44.53;44.57;940;375
2026-06-08T14:24:37.0000000Z;44.535;44.57;222;150
2026-06-08T14:24:38.0000000Z;44.535;44.565;222;150
2026-06-08T14:24:40.0000000Z;44.535;44.57;222;150
2026-06-08T14:24:41.0000000Z;44.535;44.565;214;150
2026-06-08T14:24:44.0000000Z;44.52;44.555;413;425
2026-06-08T14:24:45.0000000Z;44.5;44.58;554;150
2026-06-08T14:24:46.0000000Z;44.515;44.575;589;819
2026-06-08T14:24:47.0000000Z;44.515;44.575;589;855
2026-06-08T14:24:48.0000000Z;44.51;44.575;784;855
2026-06-08T14:24:49.0000000Z;44.51;44.575;784;855
2026-06-08T14:24:52.0000000Z;44.51;44.575;784;855
2026-06-08T14:24:53.0000000Z;44.51;44.575;784;150
2026-06-08T14:24:55.0000000Z;44.545;44.57;940;271
2026-06-08T14:24:56.0000000Z;44.505;44.565;1124;150
2026-06-08T14:24:57.0000000Z;44.505;44.575;1124;150
2026-06-08T14:25:02.0000000Z;44.55;44.575;213;361
2026-06-08T14:25:03.0000000Z;44.55;44.575;213;361
2026-06-08T14:25:06.0000000Z;44.55;44.58;213;452
2026-06-08T14:25:07.0000000Z;44.55;44.58;213;150
2026-06-08T14:25:08.0000000Z;44.55;44.58;213;452
2026-06-08T14:25:12.0000000Z;44.55;44.575;213;361
2026-06-08T14:25:14.0000000Z;44.555;44.595;940;629
2026-06-08T14:25:15.0000000Z;44.555;44.595;940;177
2026-06-08T14:25:17.0000000Z;44.56;44.585;238;313
2026-06-08T14:25:18.0000000Z;44.56;44.585;238;313
2026-06-08T14:25:19.0000000Z;44.56;44.595;238;667
2026-06-08T14:25:20.0000000Z;44.56;44.595;238;817
2026-06-08T14:25:21.0000000Z;44.56;44.595;238;667
2026-06-08T14:25:22.0000000Z;44.56;44.595;238;667
2026-06-08T14:25:23.0000000Z;44.56;44.595;238;177
2026-06-08T14:25:24.0000000Z;44.56;44.595;238;442
2026-06-08T14:25:25.0000000Z;44.56;44.595;238;442
2026-06-08T14:25:27.0000000Z;44.56;44.595;238;592
2026-06-08T14:25:29.0000000Z;44.56;44.595;238;327
2026-06-08T14:25:30.0000000Z;44.54;44.595;384;592
2026-06-08T14:25:31.0000000Z;44.55;44.595;940;442
2026-06-08T14:25:32.0000000Z;44.56;44.595;235;177
2026-06-08T14:25:33.0000000Z;44.56;44.595;940;177
2026-06-08T14:25:34.0000000Z;44.56;44.595;940;177
2026-06-08T14:25:35.0000000Z;44.56;44.595;940;177
2026-06-08T14:25:36.0000000Z;44.57;44.6;940;177
2026-06-08T14:25:37.0000000Z;44.57;44.6;940;177
2026-06-08T14:25:38.0000000Z;44.55;44.605;1123;177
2026-06-08T14:25:39.0000000Z;44.565;44.6;1122;391
2026-06-08T14:25:41.0000000Z;44.565;44.6;1122;391
2026-06-08T14:25:42.0000000Z;44.575;44.61;191;177
2026-06-08T14:25:43.0000000Z;44.575;44.605;191;177
2026-06-08T14:25:45.0000000Z;44.575;44.605;191;177
2026-06-08T14:25:47.0000000Z;44.575;44.605;191;177
2026-06-08T14:25:48.0000000Z;44.575;44.605;191;177
2026-06-08T14:25:49.0000000Z;44.575;44.61;191;177
2026-06-08T14:25:50.0000000Z;44.575;44.605;191;452
2026-06-08T14:25:51.0000000Z;44.575;44.605;191;177
2026-06-08T14:25:52.0000000Z;44.575;44.61;191;177
2026-06-08T14:26:00.0000000Z;44.575;44.61;191;177
2026-06-08T14:26:04.0000000Z;44.575;44.605;191;177
2026-06-08T14:26:07.0000000Z;44.575;44.605;196;177
2026-06-08T14:26:08.0000000Z;44.575;44.605;196;177
2026-06-08T14:26:09.0000000Z;44.565;44.605;1122;177
2026-06-08T14:26:12.0000000Z;44.565;44.605;1122;177
2026-06-08T14:26:13.0000000Z;44.575;44.61;229;177
2026-06-08T14:26:16.0000000Z;44.575;44.615;360;177
2026-06-08T14:26:17.0000000Z;44.575;44.615;360;177
2026-06-08T14:26:18.0000000Z;44.575;44.605;294;390
2026-06-08T14:26:19.0000000Z;44.58;44.615;940;177
2026-06-08T14:26:20.0000000Z;44.585;44.62;229;177
2026-06-08T14:26:21.0000000Z;44.585;44.615;229;464
2026-06-08T14:26:22.0000000Z;44.585;44.625;229;925
2026-06-08T14:26:23.0000000Z;44.585;44.625;229;370
2026-06-08T14:26:24.0000000Z;44.585;44.625;343;297
2026-06-08T14:26:25.0000000Z;44.585;44.625;343;967
2026-06-08T14:26:26.0000000Z;44.585;44.625;343;1117
2026-06-08T14:26:27.0000000Z;44.585;44.625;343;742
2026-06-08T14:26:28.0000000Z;44.585;44.625;343;742
2026-06-08T14:26:29.0000000Z;44.585;44.625;343;742
2026-06-08T14:26:30.0000000Z;44.585;44.625;343;742
2026-06-08T14:26:33.0000000Z;44.585;44.625;343;892
2026-06-08T14:26:34.0000000Z;44.545;44.62;527;150
2026-06-08T14:26:35.0000000Z;44.54;44.615;1123;375
2026-06-08T14:26:36.0000000Z;44.54;44.615;1123;375
2026-06-08T14:26:37.0000000Z;44.54;44.61;1123;225
2026-06-08T14:26:38.0000000Z;44.54;44.605;1123;225
2026-06-08T14:26:40.0000000Z;44.54;44.605;1123;225
2026-06-08T14:26:41.0000000Z;44.54;44.605;1123;225
2026-06-08T14:26:42.0000000Z;44.54;44.605;1123;225
2026-06-08T14:26:43.0000000Z;44.54;44.605;1123;225
2026-06-08T14:26:44.0000000Z;44.54;44.605;1123;225
2026-06-08T14:26:45.0000000Z;44.575;44.605;281;485
2026-06-08T14:26:46.0000000Z;44.575;44.61;281;591
2026-06-08T14:26:47.0000000Z;44.575;44.61;281;591
2026-06-08T14:26:48.0000000Z;44.575;44.61;281;591
2026-06-08T14:26:49.0000000Z;44.575;44.61;281;591
2026-06-08T14:26:50.0000000Z;44.575;44.61;281;591
2026-06-08T14:26:51.0000000Z;44.575;44.615;281;610
2026-06-08T14:26:55.0000000Z;44.575;44.615;281;760
2026-06-08T14:26:56.0000000Z;44.575;44.615;281;760
2026-06-08T14:27:00.0000000Z;44.575;44.615;281;760
2026-06-08T14:27:01.0000000Z;44.575;44.615;281;760
2026-06-08T14:27:02.0000000Z;44.575;44.615;281;610
2026-06-08T14:27:03.0000000Z;44.575;44.615;281;610
2026-06-08T14:27:04.0000000Z;44.575;44.615;281;760
2026-06-08T14:27:05.0000000Z;44.575;44.615;281;760
2026-06-08T14:27:06.0000000Z;44.575;44.615;281;610
2026-06-08T14:27:07.0000000Z;44.575;44.615;281;610
2026-06-08T14:27:09.0000000Z;44.565;44.595;1122;255
2026-06-08T14:27:10.0000000Z;44.575;44.61;293;366
2026-06-08T14:27:12.0000000Z;44.575;44.61;293;366
2026-06-08T14:27:13.0000000Z;44.575;44.61;293;366
2026-06-08T14:27:15.0000000Z;44.575;44.61;293;366
2026-06-08T14:27:16.0000000Z;44.575;44.615;293;610
2026-06-08T14:27:17.0000000Z;44.575;44.61;274;568
2026-06-08T14:27:18.0000000Z;44.575;44.61;274;568
2026-06-08T14:27:19.0000000Z;44.58;44.62;940;857
2026-06-08T14:27:20.0000000Z;44.58;44.62;940;308
2026-06-08T14:27:21.0000000Z;44.58;44.62;940;308
2026-06-08T14:27:23.0000000Z;44.58;44.62;940;308
2026-06-08T14:27:24.0000000Z;44.58;44.62;940;770
2026-06-08T14:27:25.0000000Z;44.58;44.62;940;770
2026-06-08T14:27:26.0000000Z;44.565;44.61;1122;389
2026-06-08T14:27:27.0000000Z;44.565;44.615;1122;225
2026-06-08T14:27:28.0000000Z;44.575;44.615;1122;225
2026-06-08T14:27:29.0000000Z;44.575;44.615;1122;697
2026-06-08T14:27:31.0000000Z;44.575;44.615;1122;697
2026-06-08T14:27:32.0000000Z;44.565;44.59;940;150
2026-06-08T14:27:34.0000000Z;44.565;44.595;940;150
2026-06-08T14:27:35.0000000Z;44.565;44.595;940;150
2026-06-08T14:27:39.0000000Z;44.565;44.595;940;150
2026-06-08T14:27:42.0000000Z;44.56;44.6;1123;1219
2026-06-08T14:27:43.0000000Z;44.58;44.6;940;1122
2026-06-08T14:27:44.0000000Z;44.58;44.6;940;1122
2026-06-08T14:27:45.0000000Z;44.58;44.6;940;1122
2026-06-08T14:27:48.0000000Z;44.58;44.6;940;1122
2026-06-08T14:27:49.0000000Z;44.58;44.6;940;1122
2026-06-08T14:27:50.0000000Z;44.575;44.6;1122;1122
2026-06-08T14:27:51.0000000Z;44.575;44.605;1122;150
2026-06-08T14:27:53.0000000Z;44.58;44.6;940;1219
2026-06-08T14:27:57.0000000Z;44.58;44.6;940;1219
2026-06-08T14:27:58.0000000Z;44.58;44.6;940;1219
2026-06-08T14:27:59.0000000Z;44.58;44.605;940;375
2026-06-08T14:28:00.0000000Z;44.58;44.605;940;375
2026-06-08T14:28:01.0000000Z;44.58;44.595;940;150
2026-06-08T14:28:02.0000000Z;44.58;44.595;940;150
2026-06-08T14:28:03.0000000Z;44.58;44.59;940;97
2026-06-08T14:28:04.0000000Z;44.57;44.595;940;375
2026-06-08T14:28:05.0000000Z;44.57;44.595;940;375
2026-06-08T14:28:06.0000000Z;44.57;44.595;940;375
2026-06-08T14:28:07.0000000Z;44.565;44.585;1122;150
2026-06-08T14:28:08.0000000Z;44.565;44.58;1122;150
2026-06-08T14:28:09.0000000Z;44.565;44.58;1122;150
2026-06-08T14:28:10.0000000Z;44.565;44.58;1122;150
2026-06-08T14:28:11.0000000Z;44.565;44.58;1122;150
2026-06-08T14:28:12.0000000Z;44.565;44.595;1122;97
2026-06-08T14:28:13.0000000Z;44.55;44.595;400;97
2026-06-08T14:28:14.0000000Z;44.555;44.575;940;150
2026-06-08T14:28:15.0000000Z;44.555;44.575;940;150
2026-06-08T14:28:16.0000000Z;44.555;44.58;940;225
2026-06-08T14:28:17.0000000Z;44.555;44.575;940;150
2026-06-08T14:28:18.0000000Z;44.555;44.57;940;97
2026-06-08T14:28:19.0000000Z;44.55;44.57;1123;225
2026-06-08T14:28:20.0000000Z;44.55;44.57;1123;225
2026-06-08T14:28:21.0000000Z;44.55;44.565;1123;375
2026-06-08T14:28:22.0000000Z;44.55;44.565;1123;375
2026-06-08T14:28:24.0000000Z;44.515;44.565;384;375
2026-06-08T14:28:25.0000000Z;44.515;44.565;1324;375
2026-06-08T14:28:26.0000000Z;44.525;44.565;1324;375
2026-06-08T14:28:28.0000000Z;44.525;44.56;1324;150
2026-06-08T14:28:30.0000000Z;44.535;44.565;1324;375
2026-06-08T14:28:31.0000000Z;44.535;44.56;384;150
2026-06-08T14:28:32.0000000Z;44.535;44.56;384;150
2026-06-08T14:28:35.0000000Z;44.535;44.56;384;308
2026-06-08T14:28:36.0000000Z;44.535;44.56;384;150
2026-06-08T14:28:37.0000000Z;44.535;44.56;384;375
2026-06-08T14:28:38.0000000Z;44.535;44.56;384;150
2026-06-08T14:28:40.0000000Z;44.535;44.56;384;375
2026-06-08T14:28:41.0000000Z;44.535;44.565;384;1122
2026-06-08T14:28:43.0000000Z;44.535;44.565;384;375
2026-06-08T14:28:44.0000000Z;44.535;44.565;384;375
2026-06-08T14:28:45.0000000Z;44.535;44.565;384;375
2026-06-08T14:28:46.0000000Z;44.535;44.565;384;225
2026-06-08T14:28:47.0000000Z;44.535;44.565;384;150
2026-06-08T14:28:48.0000000Z;44.535;44.56;384;416
2026-06-08T14:28:49.0000000Z;44.535;44.56;1324;150
2026-06-08T14:28:50.0000000Z;44.535;44.565;1324;150
2026-06-08T14:28:51.0000000Z;44.535;44.565;1324;150
2026-06-08T14:28:52.0000000Z;44.54;44.57;202;150
2026-06-08T14:28:53.0000000Z;44.535;44.57;940;150
2026-06-08T14:28:56.0000000Z;44.535;44.57;940;150
2026-06-08T14:28:57.0000000Z;44.535;44.57;940;150
2026-06-08T14:29:00.0000000Z;44.54;44.565;940;276
2026-06-08T14:29:02.0000000Z;44.54;44.565;940;276
2026-06-08T14:29:03.0000000Z;44.535;44.565;1123;276
2026-06-08T14:29:07.0000000Z;44.545;44.57;203;356
2026-06-08T14:29:08.0000000Z;44.535;44.565;1123;264
2026-06-08T14:29:09.0000000Z;44.535;44.565;1123;264
2026-06-08T14:29:10.0000000Z;44.54;44.565;940;264
2026-06-08T14:29:11.0000000Z;44.545;44.58;273;150
2026-06-08T14:29:13.0000000Z;44.545;44.58;273;150
2026-06-08T14:29:14.0000000Z;44.545;44.575;273;413
2026-06-08T14:29:15.0000000Z;44.545;44.585;400;150
2026-06-08T14:29:17.0000000Z;44.545;44.59;400;150
2026-06-08T14:29:18.0000000Z;44.545;44.59;400;150
2026-06-08T14:29:19.0000000Z;44.55;44.595;364;375
2026-06-08T14:29:21.0000000Z;44.55;44.59;364;150
2026-06-08T14:29:22.0000000Z;44.55;44.585;364;150
2026-06-08T14:29:23.0000000Z;44.555;44.585;198;150
2026-06-08T14:29:24.0000000Z;44.555;44.59;198;375
2026-06-08T14:29:25.0000000Z;44.555;44.59;198;150
2026-06-08T14:29:26.0000000Z;44.555;44.59;198;150
2026-06-08T14:29:27.0000000Z;44.555;44.585;198;433
2026-06-08T14:29:28.0000000Z;44.555;44.585;198;433
2026-06-08T14:29:29.0000000Z;44.555;44.585;198;433
2026-06-08T14:29:33.0000000Z;44.555;44.585;198;433
2026-06-08T14:29:34.0000000Z;44.555;44.59;198;150
2026-06-08T14:29:35.0000000Z;44.555;44.585;198;150
2026-06-08T14:29:37.0000000Z;44.555;44.585;198;150
2026-06-08T14:29:38.0000000Z;44.555;44.585;198;150
2026-06-08T14:29:39.0000000Z;44.555;44.59;198;150
2026-06-08T14:29:41.0000000Z;44.555;44.595;299;150
2026-06-08T14:29:42.0000000Z;44.555;44.595;299;150
2026-06-08T14:29:44.0000000Z;44.555;44.595;299;150
2026-06-08T14:29:45.0000000Z;44.56;44.59;940;794
2026-06-08T14:29:46.0000000Z;44.565;44.6;233;150
2026-06-08T14:29:48.0000000Z;44.565;44.6;233;150
2026-06-08T14:29:50.0000000Z;44.565;44.6;233;150
2026-06-08T14:29:51.0000000Z;44.565;44.595;233;413
2026-06-08T14:29:52.0000000Z;44.565;44.595;233;150
2026-06-08T14:29:53.0000000Z;44.565;44.595;233;150
2026-06-08T14:29:54.0000000Z;44.565;44.595;233;150
2026-06-08T14:29:57.0000000Z;44.565;44.6;233;150
2026-06-08T14:29:58.0000000Z;44.565;44.595;233;150
2026-06-08T14:29:59.0000000Z;44.565;44.595;233;412
2026-06-08T14:30:00.0000000Z;44.565;44.6;233;150
2026-06-08T14:30:01.0000000Z;44.565;44.6;233;150
2026-06-08T14:30:03.0000000Z;44.565;44.595;233;150
2026-06-08T14:30:04.0000000Z;44.565;44.6;233;150
2026-06-08T14:30:05.0000000Z;44.565;44.59;233;269
2026-06-08T14:30:06.0000000Z;44.565;44.59;233;269
2026-06-08T14:30:07.0000000Z;44.565;44.6;233;150
2026-06-08T14:30:08.0000000Z;44.555;44.595;940;586
2026-06-08T14:30:10.0000000Z;44.565;44.6;940;597
2026-06-08T14:30:11.0000000Z;44.565;44.6;940;597
2026-06-08T14:30:12.0000000Z;44.565;44.6;940;150
2026-06-08T14:30:14.0000000Z;44.565;44.6;940;435
2026-06-08T14:30:15.0000000Z;44.56;44.6;1123;435
2026-06-08T14:30:16.0000000Z;44.575;44.62;940;459
2026-06-08T14:30:17.0000000Z;44.575;44.62;940;459
2026-06-08T14:30:18.0000000Z;44.58;44.605;194;366
2026-06-08T14:30:19.0000000Z;44.585;44.63;940;1859
2026-06-08T14:30:20.0000000Z;44.585;44.63;940;1859
2026-06-08T14:30:21.0000000Z;44.585;44.63;940;1446
2026-06-08T14:30:22.0000000Z;44.585;44.63;940;885
2026-06-08T14:30:23.0000000Z;44.59;44.63;273;1062
2026-06-08T14:30:24.0000000Z;44.59;44.63;273;1062
2026-06-08T14:30:26.0000000Z;44.59;44.63;400;265
2026-06-08T14:30:27.0000000Z;44.59;44.63;400;442
2026-06-08T14:30:30.0000000Z;44.59;44.63;400;442
2026-06-08T14:30:34.0000000Z;44.595;44.63;940;265
2026-06-08T14:30:37.0000000Z;44.595;44.63;940;265
2026-06-08T14:30:40.0000000Z;44.6;44.635;224;442
2026-06-08T14:30:48.0000000Z;44.6;44.635;224;265
2026-06-08T14:30:49.0000000Z;44.6;44.635;224;265
2026-06-08T14:30:50.0000000Z;44.59;44.63;1122;481
2026-06-08T14:30:58.0000000Z;44.59;44.625;940;570
2026-06-08T14:31:00.0000000Z;44.595;44.63;290;547
2026-06-08T14:31:04.0000000Z;44.6;44.63;940;547
2026-06-08T14:31:08.0000000Z;44.595;44.63;1122;547
2026-06-08T14:31:09.0000000Z;44.595;44.63;1122;547
2026-06-08T14:31:10.0000000Z;44.605;44.635;214;485
2026-06-08T14:31:11.0000000Z;44.605;44.635;214;485
2026-06-08T14:31:12.0000000Z;44.605;44.635;214;485
2026-06-08T14:31:13.0000000Z;44.605;44.635;214;485
2026-06-08T14:31:19.0000000Z;44.605;44.635;214;485
2026-06-08T14:31:21.0000000Z;44.605;44.635;214;485
2026-06-08T14:31:22.0000000Z;44.605;44.635;214;485
2026-06-08T14:31:23.0000000Z;44.605;44.64;214;990
2026-06-08T14:31:29.0000000Z;44.605;44.64;214;1167
2026-06-08T14:31:36.0000000Z;44.605;44.64;214;990
2026-06-08T14:31:37.0000000Z;44.605;44.64;214;1167
2026-06-08T14:31:38.0000000Z;44.605;44.64;214;1167
2026-06-08T14:31:41.0000000Z;44.605;44.64;214;1167
2026-06-08T14:31:43.0000000Z;44.605;44.64;214;990
2026-06-08T14:31:44.0000000Z;44.605;44.64;214;990
2026-06-08T14:31:45.0000000Z;44.605;44.64;214;990
2026-06-08T14:31:46.0000000Z;44.605;44.64;214;990
2026-06-08T14:31:49.0000000Z;44.605;44.64;214;990
2026-06-08T14:31:54.0000000Z;44.605;44.64;214;990
2026-06-08T14:31:55.0000000Z;44.605;44.635;214;485
2026-06-08T14:31:56.0000000Z;44.605;44.64;214;724
2026-06-08T14:31:58.0000000Z;44.605;44.64;214;724
2026-06-08T14:31:59.0000000Z;44.605;44.64;214;724
2026-06-08T14:31:59.0000000Z;44.605;44.64;214;724
2026-06-08T14:32:00.0000000Z;44.605;44.64;214;724
2026-06-08T14:32:01.0000000Z;44.605;44.64;214;724
2026-06-08T14:32:04.0000000Z;44.605;44.64;214;724
2026-06-08T14:32:05.0000000Z;44.605;44.645;214;738
2026-06-08T14:32:08.0000000Z;44.605;44.645;214;738
2026-06-08T14:32:12.0000000Z;44.605;44.645;214;738
2026-06-08T14:32:13.0000000Z;44.605;44.645;342;987
2026-06-08T14:32:14.0000000Z;44.615;44.645;215;568
2026-06-08T14:32:15.0000000Z;44.61;44.65;940;1190
2026-06-08T14:32:17.0000000Z;44.615;44.645;214;485
2026-06-08T14:32:18.0000000Z;44.615;44.65;214;1109
2026-06-08T14:32:19.0000000Z;44.62;44.66;940;750
2026-06-08T14:32:20.0000000Z;44.625;44.665;285;265
2026-06-08T14:32:21.0000000Z;44.625;44.665;285;265
2026-06-08T14:32:22.0000000Z;44.625;44.66;285;552
2026-06-08T14:32:24.0000000Z;44.625;44.66;285;552
2026-06-08T14:32:25.0000000Z;44.625;44.66;342;207
2026-06-08T14:32:27.0000000Z;44.625;44.67;342;1250
2026-06-08T14:32:30.0000000Z;44.625;44.66;342;546
2026-06-08T14:32:31.0000000Z;44.625;44.66;342;207
2026-06-08T14:32:32.0000000Z;44.625;44.66;342;207
2026-06-08T14:32:33.0000000Z;44.625;44.66;342;207
2026-06-08T14:32:34.0000000Z;44.625;44.665;342;177
2026-06-08T14:32:37.0000000Z;44.625;44.665;342;177
2026-06-08T14:32:38.0000000Z;44.625;44.67;342;807
2026-06-08T14:32:39.0000000Z;44.625;44.67;342;807
2026-06-08T14:32:40.0000000Z;44.625;44.67;342;984
2026-06-08T14:32:41.0000000Z;44.625;44.66;342;207
2026-06-08T14:32:43.0000000Z;44.625;44.665;342;177
2026-06-08T14:32:44.0000000Z;44.625;44.665;342;177
2026-06-08T14:32:46.0000000Z;44.625;44.665;342;177
2026-06-08T14:32:48.0000000Z;44.625;44.67;342;984
2026-06-08T14:32:49.0000000Z;44.625;44.665;342;177
2026-06-08T14:32:52.0000000Z;44.625;44.665;342;177
2026-06-08T14:32:54.0000000Z;44.625;44.66;342;207
2026-06-08T14:32:55.0000000Z;44.625;44.66;342;207
2026-06-08T14:32:57.0000000Z;44.625;44.665;342;177
2026-06-08T14:32:58.0000000Z;44.625;44.665;342;177
2026-06-08T14:33:01.0000000Z;44.625;44.66;342;207
2026-06-08T14:33:02.0000000Z;44.625;44.655;342;465
2026-06-08T14:33:03.0000000Z;44.625;44.665;342;177
2026-06-08T14:33:04.0000000Z;44.625;44.66;342;207
2026-06-08T14:33:08.0000000Z;44.625;44.665;940;442
2026-06-08T14:33:14.0000000Z;44.625;44.665;940;177
2026-06-08T14:33:15.0000000Z;44.625;44.665;940;177
2026-06-08T14:33:16.0000000Z;44.625;44.665;940;177
2026-06-08T14:33:17.0000000Z;44.63;44.66;215;482
2026-06-08T14:33:18.0000000Z;44.63;44.665;215;1105
2026-06-08T14:33:19.0000000Z;44.63;44.665;940;177
2026-06-08T14:33:20.0000000Z;44.63;44.665;940;442
2026-06-08T14:33:21.0000000Z;44.62;44.665;1121;442
2026-06-08T14:33:23.0000000Z;44.625;44.665;1121;442
2026-06-08T14:33:28.0000000Z;44.625;44.665;1121;442
2026-06-08T14:33:29.0000000Z;44.62;44.665;940;265
2026-06-08T14:33:30.0000000Z;44.62;44.665;940;265
2026-06-08T14:33:31.0000000Z;44.63;44.67;940;984
2026-06-08T14:33:32.0000000Z;44.64;44.68;940;442
2026-06-08T14:33:33.0000000Z;44.64;44.68;940;442
2026-06-08T14:33:34.0000000Z;44.64;44.68;940;442
2026-06-08T14:33:35.0000000Z;44.625;44.665;1121;318
2026-06-08T14:33:36.0000000Z;44.625;44.67;1121;265
2026-06-08T14:33:37.0000000Z;44.625;44.67;1121;265
2026-06-08T14:33:38.0000000Z;44.635;44.67;1121;265
2026-06-08T14:33:39.0000000Z;44.635;44.67;1121;265
2026-06-08T14:33:41.0000000Z;44.66;44.675;940;1217
2026-06-08T14:33:42.0000000Z;44.66;44.675;940;442
2026-06-08T14:33:44.0000000Z;44.66;44.675;940;442
2026-06-08T14:33:48.0000000Z;44.66;44.67;940;442
2026-06-08T14:33:50.0000000Z;44.655;44.67;1120;442
2026-06-08T14:33:51.0000000Z;44.635;44.665;940;334
2026-06-08T14:33:54.0000000Z;44.635;44.67;940;442
2026-06-08T14:33:58.0000000Z;44.635;44.67;940;442
2026-06-08T14:33:59.0000000Z;44.63;44.67;1121;442
2026-06-08T14:34:00.0000000Z;44.63;44.665;1121;442
2026-06-08T14:34:01.0000000Z;44.63;44.665;1121;442
2026-06-08T14:34:02.0000000Z;44.625;44.66;940;613
2026-06-08T14:34:04.0000000Z;44.625;44.655;940;355
2026-06-08T14:34:05.0000000Z;44.635;44.66;940;442
2026-06-08T14:34:06.0000000Z;44.635;44.66;940;442
2026-06-08T14:34:07.0000000Z;44.635;44.66;940;442
2026-06-08T14:34:09.0000000Z;44.635;44.66;940;265
2026-06-08T14:34:10.0000000Z;44.635;44.66;940;442
2026-06-08T14:34:15.0000000Z;44.63;44.66;940;265
2026-06-08T14:34:16.0000000Z;44.63;44.66;940;442
2026-06-08T14:34:17.0000000Z;44.63;44.655;940;329
2026-06-08T14:34:20.0000000Z;44.63;44.655;940;329
2026-06-08T14:34:21.0000000Z;44.63;44.655;940;265
2026-06-08T14:34:22.0000000Z;44.625;44.655;1121;265
2026-06-08T14:34:23.0000000Z;44.625;44.655;1121;265
2026-06-08T14:34:24.0000000Z;44.625;44.655;1121;265
2026-06-08T14:34:26.0000000Z;44.615;44.65;940;819
2026-06-08T14:34:28.0000000Z;44.615;44.65;940;819
2026-06-08T14:34:33.0000000Z;44.62;44.65;230;819
2026-06-08T14:34:38.0000000Z;44.625;44.65;940;314
2026-06-08T14:34:39.0000000Z;44.625;44.655;940;177
2026-06-08T14:34:43.0000000Z;44.61;44.66;1121;265
2026-06-08T14:34:44.0000000Z;44.61;44.655;1121;177
2026-06-08T14:34:45.0000000Z;44.62;44.655;1121;177
2026-06-08T14:34:47.0000000Z;44.62;44.66;1121;442
2026-06-08T14:34:49.0000000Z;44.63;44.655;219;319
2026-06-08T14:34:50.0000000Z;44.63;44.665;219;442
2026-06-08T14:34:51.0000000Z;44.63;44.665;219;442
2026-06-08T14:34:54.0000000Z;44.63;44.665;219;442
2026-06-08T14:34:56.0000000Z;44.63;44.665;219;442
2026-06-08T14:34:59.0000000Z;44.63;44.665;219;432
2026-06-08T14:35:00.0000000Z;44.63;44.665;219;432
2026-06-08T14:35:06.0000000Z;44.63;44.665;219;432
2026-06-08T14:35:07.0000000Z;44.63;44.665;219;255
2026-06-08T14:35:10.0000000Z;44.63;44.67;285;265
2026-06-08T14:35:12.0000000Z;44.64;44.675;228;177
2026-06-08T14:35:13.0000000Z;44.62;44.67;1121;265
2026-06-08T14:35:14.0000000Z;44.64;44.67;193;265
2026-06-08T14:35:15.0000000Z;44.63;44.68;405;1021
2026-06-08T14:35:16.0000000Z;44.625;44.68;384;661
2026-06-08T14:35:17.0000000Z;44.625;44.665;384;414
2026-06-08T14:35:18.0000000Z;44.625;44.67;384;469
2026-06-08T14:35:20.0000000Z;44.62;44.665;1121;855
2026-06-08T14:35:21.0000000Z;44.615;44.665;384;855
2026-06-08T14:35:22.0000000Z;44.615;44.665;384;855
2026-06-08T14:35:23.0000000Z;44.625;44.665;1324;855
2026-06-08T14:35:24.0000000Z;44.625;44.67;1324;646
2026-06-08T14:35:25.0000000Z;44.625;44.67;1324;469
2026-06-08T14:35:27.0000000Z;44.625;44.67;1324;469
2026-06-08T14:35:28.0000000Z;44.625;44.67;940;469
2026-06-08T14:35:30.0000000Z;44.625;44.67;940;469
2026-06-08T14:35:33.0000000Z;44.625;44.67;940;469
2026-06-08T14:35:35.0000000Z;44.625;44.67;940;469
2026-06-08T14:35:38.0000000Z;44.635;44.67;281;635
2026-06-08T14:35:39.0000000Z;44.635;44.675;384;442
2026-06-08T14:35:40.0000000Z;44.64;44.675;222;265
2026-06-08T14:35:41.0000000Z;44.64;44.675;222;265
2026-06-08T14:35:42.0000000Z;44.64;44.675;222;265
2026-06-08T14:35:43.0000000Z;44.64;44.675;224;265
2026-06-08T14:35:44.0000000Z;44.64;44.675;224;265
2026-06-08T14:35:46.0000000Z;44.64;44.68;309;442
2026-06-08T14:35:47.0000000Z;44.63;44.68;400;442
2026-06-08T14:35:48.0000000Z;44.63;44.68;400;265
2026-06-08T14:35:49.0000000Z;44.645;44.68;940;442
2026-06-08T14:35:50.0000000Z;44.645;44.68;940;442
2026-06-08T14:35:52.0000000Z;44.625;44.675;1121;388
2026-06-08T14:35:53.0000000Z;44.625;44.68;1121;442
2026-06-08T14:35:55.0000000Z;44.625;44.68;1121;265
2026-06-08T14:36:00.0000000Z;44.65;44.685;273;442
2026-06-08T14:36:02.0000000Z;44.65;44.685;273;265
2026-06-08T14:36:05.0000000Z;44.65;44.685;273;442
2026-06-08T14:36:06.0000000Z;44.65;44.685;273;442
2026-06-08T14:36:09.0000000Z;44.65;44.685;273;442
2026-06-08T14:36:11.0000000Z;44.65;44.685;273;442
2026-06-08T14:36:13.0000000Z;44.63;44.675;940;265
2026-06-08T14:36:17.0000000Z;44.63;44.67;940;549
2026-06-08T14:36:18.0000000Z;44.64;44.68;940;177
2026-06-08T14:36:19.0000000Z;44.645;44.685;357;442
2026-06-08T14:36:20.0000000Z;44.645;44.685;357;442
2026-06-08T14:36:21.0000000Z;44.645;44.69;357;442
2026-06-08T14:36:22.0000000Z;44.65;44.69;940;265
2026-06-08T14:36:25.0000000Z;44.66;44.695;940;265
2026-06-08T14:36:26.0000000Z;44.66;44.695;940;265
2026-06-08T14:36:32.0000000Z;44.665;44.7;324;265
2026-06-08T14:36:33.0000000Z;44.67;44.705;940;265
2026-06-08T14:36:34.0000000Z;44.67;44.705;940;265
2026-06-08T14:36:35.0000000Z;44.675;44.71;244;442
2026-06-08T14:36:37.0000000Z;44.675;44.71;244;442
2026-06-08T14:36:38.0000000Z;44.675;44.71;244;442
2026-06-08T14:36:42.0000000Z;44.675;44.71;244;442
2026-06-08T14:36:43.0000000Z;44.675;44.71;244;840
2026-06-08T14:36:44.0000000Z;44.675;44.705;244;484
2026-06-08T14:36:46.0000000Z;44.675;44.705;244;484
2026-06-08T14:36:47.0000000Z;44.675;44.705;244;484
2026-06-08T14:36:48.0000000Z;44.675;44.705;244;484
2026-06-08T14:36:51.0000000Z;44.675;44.705;244;484
2026-06-08T14:37:01.0000000Z;44.675;44.705;244;484
2026-06-08T14:37:06.0000000Z;44.675;44.705;244;484
2026-06-08T14:37:14.0000000Z;44.675;44.705;213;484
2026-06-08T14:37:15.0000000Z;44.675;44.705;213;484
2026-06-08T14:37:16.0000000Z;44.655;44.7;940;265
2026-06-08T14:37:17.0000000Z;44.655;44.7;940;265
2026-06-08T14:37:21.0000000Z;44.655;44.7;940;265
2026-06-08T14:37:23.0000000Z;44.655;44.7;940;442
2026-06-08T14:37:24.0000000Z;44.66;44.7;281;442
2026-06-08T14:37:25.0000000Z;44.65;44.69;1120;265
2026-06-08T14:37:26.0000000Z;44.655;44.69;940;442
2026-06-08T14:37:27.0000000Z;44.655;44.69;940;442
2026-06-08T14:37:33.0000000Z;44.655;44.69;940;442
2026-06-08T14:37:35.0000000Z;44.655;44.69;940;442
2026-06-08T14:37:36.0000000Z;44.66;44.7;275;415
2026-06-08T14:37:38.0000000Z;44.66;44.7;275;592
2026-06-08T14:37:39.0000000Z;44.615;44.69;514;677
2026-06-08T14:37:40.0000000Z;44.605;44.68;400;265
2026-06-08T14:37:41.0000000Z;44.585;44.68;400;424
2026-06-08T14:37:42.0000000Z;44.58;44.68;400;468
2026-06-08T14:37:43.0000000Z;44.585;44.68;400;468
2026-06-08T14:37:46.0000000Z;44.59;44.68;749;468
2026-06-08T14:37:47.0000000Z;44.59;44.68;749;652
2026-06-08T14:37:50.0000000Z;44.64;44.68;940;652
2026-06-08T14:37:53.0000000Z;44.65;44.69;940;177
2026-06-08T14:37:58.0000000Z;44.65;44.69;940;177
2026-06-08T14:37:59.0000000Z;44.65;44.685;940;456
2026-06-08T14:38:01.0000000Z;44.65;44.685;940;456
2026-06-08T14:38:03.0000000Z;44.655;44.69;940;177
2026-06-08T14:38:06.0000000Z;44.655;44.69;940;177
2026-06-08T14:38:11.0000000Z;44.65;44.685;940;554
2026-06-08T14:38:14.0000000Z;44.655;44.715;1340;177
2026-06-08T14:38:15.0000000Z;44.66;44.715;156;177
2026-06-08T14:38:16.0000000Z;44.66;44.69;492;326
2026-06-08T14:38:17.0000000Z;44.66;44.705;355;177
2026-06-08T14:38:18.0000000Z;44.655;44.71;1340;177
2026-06-08T14:38:19.0000000Z;44.655;44.69;1340;333
2026-06-08T14:38:20.0000000Z;44.655;44.69;940;177
2026-06-08T14:38:21.0000000Z;44.655;44.69;940;177
2026-06-08T14:38:23.0000000Z;44.65;44.69;1120;177
2026-06-08T14:38:30.0000000Z;44.66;44.69;228;462
2026-06-08T14:38:31.0000000Z;44.65;44.69;1120;177
2026-06-08T14:38:40.0000000Z;44.65;44.685;1120;390
2026-06-08T14:38:41.0000000Z;44.65;44.69;1120;177
2026-06-08T14:38:46.0000000Z;44.65;44.69;1120;177
2026-06-08T14:38:48.0000000Z;44.65;44.69;1120;177
2026-06-08T14:38:50.0000000Z;44.65;44.69;1120;177
2026-06-08T14:38:52.0000000Z;44.66;44.69;203;177
2026-06-08T14:38:54.0000000Z;44.66;44.69;290;391
2026-06-08T14:38:57.0000000Z;44.66;44.69;290;391
2026-06-08T14:38:58.0000000Z;44.665;44.705;940;177
2026-06-08T14:39:01.0000000Z;44.665;44.705;940;177
2026-06-08T14:39:02.0000000Z;44.665;44.7;940;460
2026-06-08T14:39:14.0000000Z;44.665;44.705;940;563
2026-06-08T14:39:15.0000000Z;44.665;44.705;940;177
2026-06-08T14:39:16.0000000Z;44.665;44.705;940;177
2026-06-08T14:39:17.0000000Z;44.67;44.7;231;440
2026-06-08T14:39:24.0000000Z;44.67;44.7;231;440
2026-06-08T14:39:25.0000000Z;44.67;44.7;231;440
2026-06-08T14:39:32.0000000Z;44.67;44.7;231;440
2026-06-08T14:39:37.0000000Z;44.68;44.755;400;491
2026-06-08T14:39:38.0000000Z;44.685;44.75;579;177
2026-06-08T14:39:39.0000000Z;44.685;44.755;606;491
2026-06-08T14:39:40.0000000Z;44.685;44.755;606;491
2026-06-08T14:39:41.0000000Z;44.685;44.705;606;97
2026-06-08T14:39:42.0000000Z;44.68;44.705;340;97
2026-06-08T14:39:43.0000000Z;44.675;44.72;940;567
2026-06-08T14:39:44.0000000Z;44.675;44.705;940;322
2026-06-08T14:39:45.0000000Z;44.68;44.72;217;567
2026-06-08T14:39:46.0000000Z;44.625;44.715;1121;855
2026-06-08T14:39:47.0000000Z;44.6;44.71;400;669
2026-06-08T14:39:48.0000000Z;44.63;44.705;358;855
2026-06-08T14:39:49.0000000Z;44.555;44.71;400;177
2026-06-08T14:39:50.0000000Z;44.565;44.71;400;177
2026-06-08T14:39:51.0000000Z;44.555;44.705;400;669
2026-06-08T14:39:52.0000000Z;44.555;44.705;400;492
2026-06-08T14:39:53.0000000Z;44.56;44.705;400;492
2026-06-08T14:39:54.0000000Z;44.565;44.705;454;492
2026-06-08T14:39:55.0000000Z;44.61;44.74;400;177
2026-06-08T14:39:56.0000000Z;44.67;44.725;1340;177
2026-06-08T14:39:57.0000000Z;44.67;44.71;940;325
2026-06-08T14:39:58.0000000Z;44.67;44.71;940;325
2026-06-08T14:39:59.0000000Z;44.67;44.71;940;325
2026-06-08T14:40:00.0000000Z;44.67;44.71;940;325
2026-06-08T14:40:01.0000000Z;44.625;44.705;1121;177
2026-06-08T14:40:02.0000000Z;44.675;44.71;218;502
2026-06-08T14:40:04.0000000Z;44.665;44.7;1120;372
2026-06-08T14:40:06.0000000Z;44.67;44.705;144;642
2026-06-08T14:40:07.0000000Z;44.67;44.705;940;177
2026-06-08T14:40:08.0000000Z;44.665;44.7;1120;360
2026-06-08T14:40:09.0000000Z;44.665;44.705;1120;177
2026-06-08T14:40:10.0000000Z;44.665;44.705;1120;177
2026-06-08T14:40:12.0000000Z;44.665;44.705;1120;177
2026-06-08T14:40:13.0000000Z;44.665;44.705;1120;177
2026-06-08T14:40:16.0000000Z;44.675;44.705;218;416
2026-06-08T14:40:17.0000000Z;44.665;44.7;1120;360
2026-06-08T14:40:18.0000000Z;44.665;44.705;1120;177
2026-06-08T14:40:20.0000000Z;44.665;44.705;1120;177
2026-06-08T14:40:21.0000000Z;44.665;44.705;1120;177
2026-06-08T14:40:22.0000000Z;44.665;44.705;1120;177
2026-06-08T14:40:23.0000000Z;44.665;44.705;1120;177
2026-06-08T14:40:24.0000000Z;44.665;44.705;1120;177
2026-06-08T14:40:25.0000000Z;44.615;44.7;784;283
2026-06-08T14:40:26.0000000Z;44.615;44.695;784;855
2026-06-08T14:40:27.0000000Z;44.63;44.705;784;855
2026-06-08T14:40:28.0000000Z;44.63;44.705;400;855
2026-06-08T14:40:29.0000000Z;44.615;44.705;400;504
2026-06-08T14:40:30.0000000Z;44.645;44.705;400;177
2026-06-08T14:40:31.0000000Z;44.645;44.705;400;177
2026-06-08T14:40:32.0000000Z;44.61;44.705;400;177
2026-06-08T14:40:33.0000000Z;44.67;44.705;230;177
2026-06-08T14:40:34.0000000Z;44.67;44.705;230;177
2026-06-08T14:40:36.0000000Z;44.67;44.705;230;177
2026-06-08T14:40:39.0000000Z;44.67;44.705;230;177
2026-06-08T14:40:40.0000000Z;44.67;44.71;230;502
2026-06-08T14:40:41.0000000Z;44.68;44.72;940;177
2026-06-08T14:40:45.0000000Z;44.68;44.715;940;457
2026-06-08T14:40:49.0000000Z;44.68;44.715;940;457
2026-06-08T14:40:50.0000000Z;44.67;44.71;940;177
2026-06-08T14:40:51.0000000Z;44.67;44.71;940;177
2026-06-08T14:40:52.0000000Z;44.67;44.71;940;177
2026-06-08T14:40:53.0000000Z;44.67;44.71;940;177
2026-06-08T14:40:54.0000000Z;44.67;44.71;940;177
2026-06-08T14:40:57.0000000Z;44.67;44.71;940;502
2026-06-08T14:40:58.0000000Z;44.67;44.71;940;502
2026-06-08T14:40:59.0000000Z;44.68;44.71;226;177
2026-06-08T14:40:59.0000000Z;44.675;44.74;400;491
2026-06-08T14:41:00.0000000Z;44.68;44.71;509;97
2026-06-08T14:41:01.0000000Z;44.68;44.715;684;1119
2026-06-08T14:41:02.0000000Z;44.68;44.74;684;177
2026-06-08T14:41:03.0000000Z;44.68;44.74;684;177
2026-06-08T14:41:04.0000000Z;44.68;44.73;684;177
2026-06-08T14:41:05.0000000Z;44.665;44.71;940;177
2026-06-08T14:41:06.0000000Z;44.67;44.71;940;177
2026-06-08T14:41:07.0000000Z;44.67;44.71;940;177
2026-06-08T14:41:08.0000000Z;44.665;44.705;940;502
2026-06-08T14:41:09.0000000Z;44.665;44.705;940;502
2026-06-08T14:41:10.0000000Z;44.665;44.705;940;502
2026-06-08T14:41:11.0000000Z;44.66;44.705;940;502
2026-06-08T14:41:12.0000000Z;44.66;44.705;940;502
2026-06-08T14:41:13.0000000Z;44.655;44.695;940;325
2026-06-08T14:41:14.0000000Z;44.655;44.695;400;325
2026-06-08T14:41:15.0000000Z;44.655;44.695;400;325
2026-06-08T14:41:16.0000000Z;44.65;44.695;400;502
2026-06-08T14:41:17.0000000Z;44.645;44.685;940;325
2026-06-08T14:41:18.0000000Z;44.645;44.685;940;325
2026-06-08T14:41:20.0000000Z;44.65;44.685;225;325
2026-06-08T14:41:21.0000000Z;44.65;44.685;225;325
2026-06-08T14:41:23.0000000Z;44.65;44.685;225;325
2026-06-08T14:41:25.0000000Z;44.65;44.685;225;325
2026-06-08T14:41:26.0000000Z;44.65;44.685;225;325
2026-06-08T14:41:27.0000000Z;44.65;44.685;225;325
2026-06-08T14:41:29.0000000Z;44.65;44.685;225;325
2026-06-08T14:41:30.0000000Z;44.65;44.685;225;325
2026-06-08T14:41:31.0000000Z;44.65;44.685;225;325
2026-06-08T14:41:32.0000000Z;44.65;44.685;225;325
2026-06-08T14:41:33.0000000Z;44.64;44.68;940;177
2026-06-08T14:41:34.0000000Z;44.64;44.68;400;177
2026-06-08T14:41:35.0000000Z;44.64;44.68;1121;177
2026-06-08T14:41:36.0000000Z;44.515;44.685;400;177
2026-06-08T14:41:37.0000000Z;44.545;44.67;400;505
2026-06-08T14:41:38.0000000Z;44.545;44.67;400;328
2026-06-08T14:41:39.0000000Z;44.545;44.68;725;325
2026-06-08T14:41:40.0000000Z;44.635;44.675;400;446
2026-06-08T14:41:41.0000000Z;44.635;44.68;400;502
2026-06-08T14:41:43.0000000Z;44.635;44.68;940;502
2026-06-08T14:41:44.0000000Z;44.635;44.68;940;325
2026-06-08T14:41:45.0000000Z;44.64;44.68;285;325
2026-06-08T14:41:46.0000000Z;44.64;44.68;1340;325
2026-06-08T14:41:47.0000000Z;44.635;44.675;1340;651
2026-06-08T14:41:48.0000000Z;44.635;44.675;400;855
2026-06-08T14:41:49.0000000Z;44.635;44.675;400;855
2026-06-08T14:41:50.0000000Z;44.635;44.68;400;502
2026-06-08T14:41:51.0000000Z;44.635;44.68;1340;325
2026-06-08T14:41:52.0000000Z;44.635;44.68;1340;325
2026-06-08T14:41:53.0000000Z;44.635;44.68;400;325
2026-06-08T14:41:54.0000000Z;44.635;44.68;400;325
2026-06-08T14:41:56.0000000Z;44.635;44.68;400;502
2026-06-08T14:41:57.0000000Z;44.63;44.68;400;502
2026-06-08T14:42:00.0000000Z;44.63;44.68;400;502
2026-06-08T14:42:02.0000000Z;44.63;44.68;1340;502
2026-06-08T14:42:03.0000000Z;44.62;44.665;940;639
2026-06-08T14:42:04.0000000Z;44.625;44.665;1121;639
2026-06-08T14:42:05.0000000Z;44.625;44.67;1121;502
2026-06-08T14:42:07.0000000Z;44.625;44.67;1121;502
2026-06-08T14:42:11.0000000Z;44.625;44.67;1121;502
2026-06-08T14:42:13.0000000Z;44.615;44.67;1121;502
2026-06-08T14:42:14.0000000Z;44.62;44.66;940;325
2026-06-08T14:42:16.0000000Z;44.62;44.655;940;468
2026-06-08T14:42:17.0000000Z;44.62;44.66;400;325
2026-06-08T14:42:18.0000000Z;44.62;44.66;940;325
2026-06-08T14:42:19.0000000Z;44.62;44.66;400;325
2026-06-08T14:42:20.0000000Z;44.62;44.66;400;325
2026-06-08T14:42:23.0000000Z;44.62;44.66;940;325
2026-06-08T14:42:24.0000000Z;44.62;44.66;940;502
2026-06-08T14:42:25.0000000Z;44.62;44.66;940;502
2026-06-08T14:42:26.0000000Z;44.625;44.66;217;502
2026-06-08T14:42:30.0000000Z;44.625;44.655;217;479
2026-06-08T14:42:31.0000000Z;44.615;44.655;1121;177
2026-06-08T14:42:32.0000000Z;44.625;44.655;217;383
2026-06-08T14:42:34.0000000Z;44.625;44.655;217;383
2026-06-08T14:42:35.0000000Z;44.625;44.66;217;502
2026-06-08T14:42:36.0000000Z;44.615;44.655;940;177
2026-06-08T14:42:37.0000000Z;44.615;44.655;940;177
2026-06-08T14:42:40.0000000Z;44.615;44.655;940;177
2026-06-08T14:42:42.0000000Z;44.615;44.655;940;177
2026-06-08T14:42:43.0000000Z;44.615;44.655;940;177
2026-06-08T14:42:44.0000000Z;44.615;44.655;940;177
2026-06-08T14:42:47.0000000Z;44.61;44.65;940;652
2026-06-08T14:42:50.0000000Z;44.6;44.645;940;177
2026-06-08T14:42:52.0000000Z;44.6;44.645;940;177
2026-06-08T14:42:55.0000000Z;44.605;44.645;230;177
2026-06-08T14:42:58.0000000Z;44.605;44.645;230;177
2026-06-08T14:42:59.0000000Z;44.605;44.64;266;515
2026-06-08T14:43:00.0000000Z;44.61;44.64;940;855
2026-06-08T14:43:02.0000000Z;44.615;44.645;218;467
2026-06-08T14:43:03.0000000Z;44.62;44.645;940;97
2026-06-08T14:43:04.0000000Z;44.62;44.645;940;97
2026-06-08T14:43:06.0000000Z;44.62;44.645;940;97
2026-06-08T14:43:10.0000000Z;44.62;44.655;940;460
2026-06-08T14:43:11.0000000Z;44.62;44.66;940;177
2026-06-08T14:43:12.0000000Z;44.62;44.66;940;177
2026-06-08T14:43:14.0000000Z;44.625;44.655;232;410
2026-06-08T14:43:15.0000000Z;44.625;44.655;232;410
2026-06-08T14:43:17.0000000Z;44.615;44.655;940;502
2026-06-08T14:43:18.0000000Z;44.615;44.655;940;442
2026-06-08T14:43:21.0000000Z;44.62;44.655;230;265
2026-06-08T14:43:22.0000000Z;44.62;44.655;230;442
2026-06-08T14:43:23.0000000Z;44.62;44.655;230;442
2026-06-08T14:43:25.0000000Z;44.62;44.655;230;265
2026-06-08T14:43:27.0000000Z;44.62;44.655;230;265
2026-06-08T14:43:28.0000000Z;44.555;44.65;400;177
2026-06-08T14:43:29.0000000Z;44.555;44.65;400;177
2026-06-08T14:43:30.0000000Z;44.555;44.65;796;177
2026-06-08T14:43:33.0000000Z;44.555;44.65;796;855
2026-06-08T14:43:34.0000000Z;44.615;44.65;940;855
2026-06-08T14:43:35.0000000Z;44.62;44.665;1340;177
2026-06-08T14:43:36.0000000Z;44.62;44.66;1340;413
2026-06-08T14:43:37.0000000Z;44.625;44.66;138;447
2026-06-08T14:43:39.0000000Z;44.625;44.66;138;447
2026-06-08T14:43:41.0000000Z;44.63;44.66;232;447
2026-06-08T14:43:44.0000000Z;44.615;44.66;940;691
2026-06-08T14:43:49.0000000Z;44.615;44.66;940;691
2026-06-08T14:43:53.0000000Z;44.615;44.655;940;177
2026-06-08T14:43:54.0000000Z;44.615;44.655;940;177
2026-06-08T14:43:59.0000000Z;44.615;44.655;940;443
2026-06-08T14:43:59.0000000Z;44.615;44.655;940;443
2026-06-08T14:44:00.0000000Z;44.615;44.65;940;428
2026-06-08T14:44:01.0000000Z;44.615;44.65;940;428
2026-06-08T14:44:02.0000000Z;44.615;44.66;940;502
2026-06-08T14:44:03.0000000Z;44.615;44.655;940;443
2026-06-08T14:44:04.0000000Z;44.615;44.655;940;443
2026-06-08T14:44:05.0000000Z;44.615;44.655;940;484
2026-06-08T14:44:07.0000000Z;44.615;44.655;940;484
2026-06-08T14:44:08.0000000Z;44.615;44.66;940;325
2026-06-08T14:44:10.0000000Z;44.615;44.66;940;325
2026-06-08T14:44:11.0000000Z;44.615;44.66;940;325
2026-06-08T14:44:12.0000000Z;44.615;44.66;940;502
2026-06-08T14:44:13.0000000Z;44.615;44.66;940;325
2026-06-08T14:44:15.0000000Z;44.615;44.66;940;325
2026-06-08T14:44:16.0000000Z;44.635;44.67;940;177
2026-06-08T14:44:18.0000000Z;44.635;44.67;940;177
2026-06-08T14:44:21.0000000Z;44.635;44.67;940;177
2026-06-08T14:44:26.0000000Z;44.63;44.665;1121;389
2026-06-08T14:44:28.0000000Z;44.63;44.665;1121;644
2026-06-08T14:44:29.0000000Z;44.625;44.665;940;644
2026-06-08T14:44:31.0000000Z;44.625;44.665;940;644
2026-06-08T14:44:33.0000000Z;44.625;44.665;940;644
2026-06-08T14:44:37.0000000Z;44.625;44.67;940;642
2026-06-08T14:44:38.0000000Z;44.63;44.67;148;642
2026-06-08T14:44:39.0000000Z;44.63;44.675;940;325
2026-06-08T14:44:41.0000000Z;44.63;44.675;940;325
2026-06-08T14:44:43.0000000Z;44.63;44.675;940;325
2026-06-08T14:44:49.0000000Z;44.63;44.675;940;325
2026-06-08T14:44:50.0000000Z;44.63;44.675;940;325
2026-06-08T14:44:55.0000000Z;44.65;44.685;940;177
2026-06-08T14:44:56.0000000Z;44.65;44.685;940;177
2026-06-08T14:44:57.0000000Z;44.65;44.685;940;177
2026-06-08T14:45:01.0000000Z;44.655;44.69;215;502
2026-06-08T14:45:02.0000000Z;44.655;44.69;215;502
2026-06-08T14:45:03.0000000Z;44.655;44.685;215;480
2026-06-08T14:45:04.0000000Z;44.645;44.68;1120;389
2026-06-08T14:45:05.0000000Z;44.64;44.68;940;389
2026-06-08T14:45:06.0000000Z;44.64;44.68;940;541
2026-06-08T14:45:07.0000000Z;44.64;44.68;940;541
2026-06-08T14:45:12.0000000Z;44.675;44.71;396;177
2026-06-08T14:45:13.0000000Z;44.68;44.725;353;177
2026-06-08T14:45:15.0000000Z;44.68;44.72;353;632
2026-06-08T14:45:17.0000000Z;44.68;44.71;225;465
2026-06-08T14:45:18.0000000Z;44.67;44.71;940;994
2026-06-08T14:45:19.0000000Z;44.675;44.705;177;484
2026-06-08T14:45:20.0000000Z;44.675;44.71;177;994
2026-06-08T14:45:23.0000000Z;44.66;44.7;940;479
2026-06-08T14:45:24.0000000Z;44.66;44.705;940;646
2026-06-08T14:45:25.0000000Z;44.66;44.705;940;646
2026-06-08T14:45:26.0000000Z;44.66;44.705;940;646
2026-06-08T14:45:28.0000000Z;44.67;44.705;940;646
2026-06-08T14:45:29.0000000Z;44.67;44.71;940;325
2026-06-08T14:45:30.0000000Z;44.67;44.71;940;325
2026-06-08T14:45:31.0000000Z;44.67;44.71;940;325
2026-06-08T14:45:33.0000000Z;44.67;44.71;940;325
2026-06-08T14:45:39.0000000Z;44.67;44.71;940;325
2026-06-08T14:45:40.0000000Z;44.67;44.71;940;325
2026-06-08T14:45:41.0000000Z;44.66;44.705;940;177
2026-06-08T14:45:42.0000000Z;44.66;44.705;940;177
2026-06-08T14:45:44.0000000Z;44.66;44.705;940;647
2026-06-08T14:45:45.0000000Z;44.66;44.705;940;647
2026-06-08T14:45:46.0000000Z;44.66;44.705;940;647
2026-06-08T14:45:48.0000000Z;44.665;44.705;144;647
2026-06-08T14:45:52.0000000Z;44.67;44.705;940;177
2026-06-08T14:45:53.0000000Z;44.675;44.71;217;502
2026-06-08T14:45:54.0000000Z;44.675;44.71;217;502
2026-06-08T14:45:55.0000000Z;44.675;44.71;217;502
2026-06-08T14:45:56.0000000Z;44.675;44.71;217;502
2026-06-08T14:45:58.0000000Z;44.675;44.71;217;502
2026-06-08T14:46:01.0000000Z;44.675;44.71;217;325
2026-06-08T14:46:06.0000000Z;44.675;44.71;217;325
2026-06-08T14:46:07.0000000Z;44.675;44.71;217;325
2026-06-08T14:46:08.0000000Z;44.675;44.71;217;325
2026-06-08T14:46:17.0000000Z;44.665;44.71;940;502
2026-06-08T14:46:18.0000000Z;44.665;44.705;940;529
2026-06-08T14:46:20.0000000Z;44.67;44.71;275;325
2026-06-08T14:46:23.0000000Z;44.67;44.71;275;325
2026-06-08T14:46:24.0000000Z;44.67;44.71;275;325
2026-06-08T14:46:27.0000000Z;44.67;44.71;275;325
2026-06-08T14:46:28.0000000Z;44.67;44.71;275;325
2026-06-08T14:46:30.0000000Z;44.685;44.72;940;177
2026-06-08T14:46:31.0000000Z;44.685;44.72;940;177
2026-06-08T14:46:32.0000000Z;44.685;44.72;940;177
2026-06-08T14:46:33.0000000Z;44.685;44.72;940;177
2026-06-08T14:46:34.0000000Z;44.685;44.72;940;177
2026-06-08T14:46:38.0000000Z;44.685;44.715;940;335
2026-06-08T14:46:43.0000000Z;44.69;44.72;217;417
2026-06-08T14:46:45.0000000Z;44.675;44.745;396;177
2026-06-08T14:46:46.0000000Z;44.685;44.725;320;1118
2026-06-08T14:46:47.0000000Z;44.62;44.84;396;177
2026-06-08T14:46:48.0000000Z;44.54;44.82;396;177
2026-06-08T14:46:49.0000000Z;44.5;44.805;396;491
2026-06-08T14:46:50.0000000Z;44.51;44.76;758;855
2026-06-08T14:46:51.0000000Z;44.605;44.735;758;668
2026-06-08T14:46:52.0000000Z;44.65;44.735;396;668
2026-06-08T14:46:55.0000000Z;44.63;44.725;758;855
2026-06-08T14:46:56.0000000Z;44.69;44.735;940;177
2026-06-08T14:46:57.0000000Z;44.695;44.735;254;177
2026-06-08T14:46:58.0000000Z;44.695;44.735;299;647
2026-06-08T14:46:59.0000000Z;44.695;44.735;299;647
2026-06-08T14:46:59.0000000Z;44.695;44.735;299;647
2026-06-08T14:47:00.0000000Z;44.695;44.74;299;325
2026-06-08T14:47:01.0000000Z;44.695;44.74;299;325
2026-06-08T14:47:02.0000000Z;44.695;44.74;299;502
2026-06-08T14:47:03.0000000Z;44.695;44.74;299;502
2026-06-08T14:47:05.0000000Z;44.705;44.74;214;502
2026-06-08T14:47:06.0000000Z;44.7;44.74;940;325
2026-06-08T14:47:07.0000000Z;44.7;44.74;940;502
2026-06-08T14:47:09.0000000Z;44.705;44.75;396;177
2026-06-08T14:47:10.0000000Z;44.705;44.75;396;177
2026-06-08T14:47:11.0000000Z;44.71;44.84;758;490
2026-06-08T14:47:12.0000000Z;44.71;44.76;758;177
2026-06-08T14:47:14.0000000Z;44.71;44.75;268;668
2026-06-08T14:47:15.0000000Z;44.7;44.745;940;502
2026-06-08T14:47:16.0000000Z;44.705;44.745;278;502
2026-06-08T14:47:17.0000000Z;44.705;44.745;278;502
2026-06-08T14:47:18.0000000Z;44.615;44.74;940;491
2026-06-08T14:47:19.0000000Z;44.705;44.74;940;384
2026-06-08T14:47:20.0000000Z;44.705;44.74;940;384
2026-06-08T14:47:21.0000000Z;44.705;44.74;940;384
2026-06-08T14:47:22.0000000Z;44.705;44.74;940;384
2026-06-08T14:47:23.0000000Z;44.705;44.74;940;384
2026-06-08T14:47:24.0000000Z;44.705;44.74;940;384
2026-06-08T14:47:28.0000000Z;44.7;44.74;1119;384
2026-06-08T14:47:29.0000000Z;44.7;44.74;940;694
2026-06-08T14:47:31.0000000Z;44.7;44.74;940;694
2026-06-08T14:47:32.0000000Z;44.7;44.74;940;694
2026-06-08T14:47:34.0000000Z;44.7;44.74;940;694
2026-06-08T14:47:36.0000000Z;44.7;44.74;940;694
2026-06-08T14:47:38.0000000Z;44.7;44.74;940;694
2026-06-08T14:47:43.0000000Z;44.535;44.735;396;491
2026-06-08T14:47:44.0000000Z;44.605;44.73;780;855
2026-06-08T14:47:45.0000000Z;44.635;44.73;396;855
2026-06-08T14:47:47.0000000Z;44.625;44.75;396;135
2026-06-08T14:47:48.0000000Z;44.615;44.745;396;466
2026-06-08T14:47:49.0000000Z;44.61;44.87;396;177
2026-06-08T14:47:50.0000000Z;44.7;44.86;308;177
2026-06-08T14:47:51.0000000Z;44.645;44.835;396;490
2026-06-08T14:47:52.0000000Z;44.65;44.805;396;384
2026-06-08T14:47:53.0000000Z;44.65;44.785;396;384
2026-06-08T14:47:54.0000000Z;44.645;44.82;758;177
2026-06-08T14:47:55.0000000Z;44.645;44.8;758;491
2026-06-08T14:47:56.0000000Z;44.645;44.785;396;177
2026-06-08T14:47:57.0000000Z;44.635;44.765;396;177
2026-06-08T14:47:58.0000000Z;44.635;44.765;396;855
2026-06-08T14:47:59.0000000Z;44.635;44.765;396;177
2026-06-08T14:48:00.0000000Z;44.635;44.74;396;325
2026-06-08T14:48:01.0000000Z;44.635;44.74;396;325
2026-06-08T14:48:02.0000000Z;44.645;44.73;396;325
2026-06-08T14:48:03.0000000Z;44.65;44.725;682;855
2026-06-08T14:48:06.0000000Z;44.65;44.73;682;502
2026-06-08T14:48:07.0000000Z;44.65;44.73;682;502
2026-06-08T14:48:10.0000000Z;44.65;44.72;682;325
2026-06-08T14:48:16.0000000Z;44.68;44.72;940;325
2026-06-08T14:48:17.0000000Z;44.685;44.715;225;466
2026-06-08T14:48:18.0000000Z;44.685;44.715;225;466
2026-06-08T14:48:21.0000000Z;44.685;44.715;225;466
2026-06-08T14:48:26.0000000Z;44.68;44.715;940;850
2026-06-08T14:48:27.0000000Z;44.68;44.715;940;850
2026-06-08T14:48:30.0000000Z;44.68;44.715;940;850
2026-06-08T14:48:31.0000000Z;44.68;44.715;940;850
2026-06-08T14:48:35.0000000Z;44.68;44.72;940;502
2026-06-08T14:48:36.0000000Z;44.67;44.72;940;502
2026-06-08T14:48:37.0000000Z;44.67;44.72;940;502
2026-06-08T14:48:38.0000000Z;44.67;44.72;940;502
2026-06-08T14:48:39.0000000Z;44.67;44.72;940;502
2026-06-08T14:48:41.0000000Z;44.67;44.72;940;502
2026-06-08T14:48:43.0000000Z;44.675;44.71;1120;325
2026-06-08T14:48:44.0000000Z;44.675;44.705;1120;408
2026-06-08T14:48:46.0000000Z;44.675;44.705;221;408
2026-06-08T14:48:47.0000000Z;44.67;44.705;120;834
2026-06-08T14:48:48.0000000Z;44.67;44.705;940;834
2026-06-08T14:48:52.0000000Z;44.67;44.705;940;834
2026-06-08T14:48:55.0000000Z;44.67;44.705;940;834
2026-06-08T14:48:56.0000000Z;44.675;44.705;221;834
2026-06-08T14:49:06.0000000Z;44.67;44.71;940;325
2026-06-08T14:49:08.0000000Z;44.67;44.71;940;325
2026-06-08T14:49:09.0000000Z;44.665;44.71;940;325
2026-06-08T14:49:10.0000000Z;44.665;44.71;940;502
2026-06-08T14:49:14.0000000Z;44.67;44.705;277;383
2026-06-08T14:49:16.0000000Z;44.66;44.705;940;642
2026-06-08T14:49:18.0000000Z;44.66;44.705;1120;642
2026-06-08T14:49:21.0000000Z;44.665;44.71;396;325
2026-06-08T14:49:25.0000000Z;44.665;44.71;396;325
2026-06-08T14:49:26.0000000Z;44.665;44.71;940;502
2026-06-08T14:49:28.0000000Z;44.665;44.71;940;502
2026-06-08T14:49:29.0000000Z;44.665;44.71;940;502
2026-06-08T14:49:30.0000000Z;44.665;44.71;940;325
2026-06-08T14:49:31.0000000Z;44.665;44.71;940;502
2026-06-08T14:49:38.0000000Z;44.66;44.71;940;502
2026-06-08T14:49:40.0000000Z;44.66;44.71;940;502
2026-06-08T14:49:41.0000000Z;44.665;44.71;940;502
2026-06-08T14:49:42.0000000Z;44.66;44.705;1336;844
2026-06-08T14:49:43.0000000Z;44.66;44.705;1336;844
2026-06-08T14:49:46.0000000Z;44.66;44.705;1336;844
2026-06-08T14:49:49.0000000Z;44.665;44.71;940;502
2026-06-08T14:49:51.0000000Z;44.665;44.71;940;502
2026-06-08T14:49:56.0000000Z;44.665;44.705;940;177
2026-06-08T14:49:57.0000000Z;44.665;44.705;940;177
2026-06-08T14:50:00.0000000Z;44.665;44.7;396;855
2026-06-08T14:50:01.0000000Z;44.665;44.7;396;855
2026-06-08T14:50:02.0000000Z;44.665;44.705;396;177
2026-06-08T14:50:03.0000000Z;44.665;44.7;1336;457
2026-06-08T14:50:04.0000000Z;44.665;44.7;940;457
2026-06-08T14:50:06.0000000Z;44.665;44.7;940;457
2026-06-08T14:50:09.0000000Z;44.67;44.705;285;177
2026-06-08T14:50:10.0000000Z;44.67;44.705;285;177
2026-06-08T14:50:11.0000000Z;44.67;44.705;285;177
2026-06-08T14:50:12.0000000Z;44.67;44.705;285;177
2026-06-08T14:50:15.0000000Z;44.665;44.7;940;648
2026-06-08T14:50:16.0000000Z;44.67;44.705;285;177
2026-06-08T14:50:17.0000000Z;44.67;44.7;940;502
2026-06-08T14:50:18.0000000Z;44.67;44.7;799;502
2026-06-08T14:50:19.0000000Z;44.67;44.7;799;325
2026-06-08T14:50:20.0000000Z;44.67;44.7;799;502
2026-06-08T14:50:21.0000000Z;44.66;44.695;940;497
2026-06-08T14:50:22.0000000Z;44.66;44.7;940;502
2026-06-08T14:50:24.0000000Z;44.66;44.7;940;502
2026-06-08T14:50:25.0000000Z;44.66;44.7;940;502
2026-06-08T14:50:27.0000000Z;44.66;44.7;940;325
2026-06-08T14:50:28.0000000Z;44.66;44.7;940;325
2026-06-08T14:50:29.0000000Z;44.66;44.7;940;325
2026-06-08T14:50:32.0000000Z;44.66;44.695;940;855
2026-06-08T14:50:33.0000000Z;44.66;44.695;940;855
2026-06-08T14:50:34.0000000Z;44.665;44.695;221;855
2026-06-08T14:50:36.0000000Z;44.665;44.695;221;855
2026-06-08T14:50:43.0000000Z;44.665;44.7;940;502
2026-06-08T14:50:44.0000000Z;44.665;44.7;940;502
2026-06-08T14:50:46.0000000Z;44.665;44.7;940;502
2026-06-08T14:50:47.0000000Z;44.665;44.7;940;502
2026-06-08T14:50:51.0000000Z;44.66;44.7;1120;502
2026-06-08T14:50:53.0000000Z;44.655;44.7;940;502
2026-06-08T14:50:54.0000000Z;44.655;44.7;940;502
2026-06-08T14:50:55.0000000Z;44.655;44.7;940;502
2026-06-08T14:50:56.0000000Z;44.655;44.7;940;325
2026-06-08T14:50:59.0000000Z;44.665;44.71;940;177
2026-06-08T14:51:00.0000000Z;44.665;44.715;940;502
2026-06-08T14:51:01.0000000Z;44.665;44.71;940;177
2026-06-08T14:51:02.0000000Z;44.665;44.71;940;177
2026-06-08T14:51:04.0000000Z;44.665;44.71;940;177
2026-06-08T14:51:05.0000000Z;44.675;44.705;940;502
2026-06-08T14:51:06.0000000Z;44.675;44.705;940;325
2026-06-08T14:51:07.0000000Z;44.675;44.7;940;177
2026-06-08T14:51:10.0000000Z;44.675;44.705;940;502
2026-06-08T14:51:12.0000000Z;44.67;44.705;1120;502
2026-06-08T14:51:14.0000000Z;44.67;44.705;1120;502
2026-06-08T14:51:15.0000000Z;44.67;44.7;940;441
2026-06-08T14:51:16.0000000Z;44.67;44.7;940;405
2026-06-08T14:51:18.0000000Z;44.67;44.705;940;502
2026-06-08T14:51:22.0000000Z;44.67;44.705;940;325
2026-06-08T14:51:23.0000000Z;44.665;44.705;1120;325
2026-06-08T14:51:26.0000000Z;44.66;44.7;940;676
2026-06-08T14:51:29.0000000Z;44.66;44.7;940;676
2026-06-08T14:51:30.0000000Z;44.66;44.705;940;325
2026-06-08T14:51:31.0000000Z;44.66;44.705;940;325
2026-06-08T14:51:32.0000000Z;44.67;44.71;940;177
2026-06-08T14:51:33.0000000Z;44.67;44.715;940;177
2026-06-08T14:51:34.0000000Z;44.675;44.71;342;479
2026-06-08T14:51:37.0000000Z;44.675;44.71;342;479
2026-06-08T14:51:43.0000000Z;44.675;44.715;342;645
2026-06-08T14:51:44.0000000Z;44.675;44.715;342;645
2026-06-08T14:51:49.0000000Z;44.68;44.72;940;325
2026-06-08T14:51:50.0000000Z;44.69;44.73;940;177
2026-06-08T14:51:51.0000000Z;44.7;44.735;940;177
2026-06-08T14:51:52.0000000Z;44.7;44.725;940;1215
2026-06-08T14:51:57.0000000Z;44.7;44.72;940;97
2026-06-08T14:51:58.0000000Z;44.7;44.73;940;388
2026-06-08T14:52:01.0000000Z;44.7;44.73;940;628
2026-06-08T14:52:03.0000000Z;44.7;44.73;940;628
2026-06-08T14:52:04.0000000Z;44.7;44.73;940;628
2026-06-08T14:52:06.0000000Z;44.7;44.73;940;628
2026-06-08T14:52:09.0000000Z;44.7;44.73;940;628
2026-06-08T14:52:10.0000000Z;44.705;44.74;215;886
2026-06-08T14:52:12.0000000Z;44.69;44.735;940;649
2026-06-08T14:52:13.0000000Z;44.695;44.735;1119;491
2026-06-08T14:52:15.0000000Z;44.7;44.74;213;502
2026-06-08T14:52:17.0000000Z;44.7;44.735;213;646
2026-06-08T14:52:18.0000000Z;44.695;44.735;341;646
2026-06-08T14:52:19.0000000Z;44.7;44.74;940;668
2026-06-08T14:52:20.0000000Z;44.7;44.74;940;668
2026-06-08T14:52:24.0000000Z;44.7;44.745;940;177
2026-06-08T14:52:27.0000000Z;44.7;44.745;940;177
2026-06-08T14:52:29.0000000Z;44.71;44.75;940;177
2026-06-08T14:52:32.0000000Z;44.71;44.75;940;177
2026-06-08T14:52:34.0000000Z;44.71;44.75;940;177
2026-06-08T14:52:37.0000000Z;44.71;44.75;940;177
2026-06-08T14:52:38.0000000Z;44.71;44.75;940;177
2026-06-08T14:52:39.0000000Z;44.71;44.745;940;621
2026-06-08T14:52:43.0000000Z;44.71;44.745;940;621
2026-06-08T14:52:44.0000000Z;44.71;44.745;940;621
2026-06-08T14:52:49.0000000Z;44.71;44.745;940;177
2026-06-08T14:52:50.0000000Z;44.71;44.745;940;312
2026-06-08T14:52:52.0000000Z;44.705;44.745;1119;561
2026-06-08T14:52:54.0000000Z;44.705;44.745;1119;561
2026-06-08T14:52:55.0000000Z;44.705;44.745;1119;384
2026-06-08T14:52:56.0000000Z;44.705;44.745;1119;384
2026-06-08T14:53:00.0000000Z;44.72;44.75;940;561
2026-06-08T14:53:01.0000000Z;44.72;44.75;940;177
2026-06-08T14:53:02.0000000Z;44.72;44.75;940;177
2026-06-08T14:53:03.0000000Z;44.705;44.75;1119;177
2026-06-08T14:53:05.0000000Z;44.715;44.75;1119;177
2026-06-08T14:53:08.0000000Z;44.725;44.76;227;177
2026-06-08T14:53:09.0000000Z;44.715;44.75;1119;177
2026-06-08T14:53:11.0000000Z;44.71;44.745;940;608
2026-06-08T14:53:13.0000000Z;44.73;44.75;940;177
2026-06-08T14:53:15.0000000Z;44.705;44.745;940;855
2026-06-08T14:53:16.0000000Z;44.705;44.745;940;543
2026-06-08T14:53:18.0000000Z;44.715;44.75;344;544
2026-06-08T14:53:19.0000000Z;44.71;44.75;396;177
2026-06-08T14:53:20.0000000Z;44.705;44.745;396;626
2026-06-08T14:53:23.0000000Z;44.7;44.75;396;177
2026-06-08T14:53:24.0000000Z;44.7;44.75;396;177
2026-06-08T14:53:26.0000000Z;44.7;44.75;396;177
2026-06-08T14:53:30.0000000Z;44.7;44.75;1336;177
2026-06-08T14:53:33.0000000Z;44.7;44.755;1336;177
2026-06-08T14:53:34.0000000Z;44.7;44.755;1336;177
2026-06-08T14:53:36.0000000Z;44.7;44.75;1336;606
2026-06-08T14:53:40.0000000Z;44.7;44.75;1336;606
2026-06-08T14:53:45.0000000Z;44.71;44.75;396;606
2026-06-08T14:53:51.0000000Z;44.715;44.76;404;177
2026-06-08T14:53:54.0000000Z;44.71;44.76;1336;177
2026-06-08T14:54:00.0000000Z;44.71;44.755;1336;177
2026-06-08T14:54:01.0000000Z;44.71;44.755;940;561
2026-06-08T14:54:02.0000000Z;44.65;44.75;396;177
2026-06-08T14:54:03.0000000Z;44.715;44.755;1880;561
2026-06-08T14:54:04.0000000Z;44.715;44.755;1880;561
2026-06-08T14:54:05.0000000Z;44.715;44.755;1880;384
2026-06-08T14:54:07.0000000Z;44.715;44.755;1880;384
2026-06-08T14:54:09.0000000Z;44.72;44.76;396;177
2026-06-08T14:54:10.0000000Z;44.725;44.76;940;1118
2026-06-08T14:54:13.0000000Z;44.71;44.76;1119;177
2026-06-08T14:54:15.0000000Z;44.725;44.76;940;177
2026-06-08T14:54:18.0000000Z;44.72;44.755;940;418
2026-06-08T14:54:19.0000000Z;44.72;44.76;940;177
2026-06-08T14:54:20.0000000Z;44.72;44.755;940;326
2026-06-08T14:54:25.0000000Z;44.72;44.755;940;326
2026-06-08T14:54:27.0000000Z;44.72;44.755;940;326
2026-06-08T14:54:33.0000000Z;44.72;44.755;940;409
2026-06-08T14:54:34.0000000Z;44.72;44.755;940;409
2026-06-08T14:54:35.0000000Z;44.72;44.755;940;409
2026-06-08T14:54:36.0000000Z;44.72;44.755;940;409
2026-06-08T14:54:38.0000000Z;44.72;44.755;940;409
2026-06-08T14:54:41.0000000Z;44.72;44.755;940;409
2026-06-08T14:54:42.0000000Z;44.72;44.76;940;177
2026-06-08T14:54:43.0000000Z;44.73;44.765;358;1214
2026-06-08T14:54:44.0000000Z;44.73;44.765;940;177
2026-06-08T14:54:45.0000000Z;44.73;44.765;940;177
2026-06-08T14:54:46.0000000Z;44.735;44.775;291;177
2026-06-08T14:54:47.0000000Z;44.715;44.765;1119;177
2026-06-08T14:54:49.0000000Z;44.735;44.76;288;97
2026-06-08T14:54:50.0000000Z;44.725;44.765;940;177
2026-06-08T14:54:53.0000000Z;44.73;44.775;396;177
2026-06-08T14:54:55.0000000Z;44.73;44.765;396;238
2026-06-08T14:54:59.0000000Z;44.73;44.77;396;282
2026-06-08T14:55:00.0000000Z;44.73;44.77;396;328
2026-06-08T14:55:01.0000000Z;44.725;44.77;1336;376
2026-06-08T14:55:02.0000000Z;44.725;44.77;1336;376
2026-06-08T14:55:05.0000000Z;44.725;44.77;1336;376
2026-06-08T14:55:07.0000000Z;44.725;44.765;396;177
2026-06-08T14:55:08.0000000Z;44.725;44.76;396;351
2026-06-08T14:55:09.0000000Z;44.72;44.76;1336;281
2026-06-08T14:55:10.0000000Z;44.72;44.76;1336;281
2026-06-08T14:55:14.0000000Z;44.72;44.76;1336;281
2026-06-08T14:55:18.0000000Z;44.72;44.76;1336;273
2026-06-08T14:55:19.0000000Z;44.73;44.76;396;339
2026-06-08T14:55:28.0000000Z;44.73;44.76;396;339
2026-06-08T14:55:45.0000000Z;44.72;44.77;1336;177
2026-06-08T14:55:46.0000000Z;44.725;44.765;396;393
2026-06-08T14:55:47.0000000Z;44.73;44.765;396;393
2026-06-08T14:55:51.0000000Z;44.725;44.765;396;468
2026-06-08T14:55:52.0000000Z;44.725;44.765;396;468
2026-06-08T14:55:55.0000000Z;44.725;44.765;396;617
2026-06-08T14:56:01.0000000Z;44.72;44.765;1336;617
2026-06-08T14:56:07.0000000Z;44.72;44.765;1336;617
2026-06-08T14:56:10.0000000Z;44.725;44.76;396;177
2026-06-08T14:56:11.0000000Z;44.715;44.755;1336;301
2026-06-08T14:56:13.0000000Z;44.72;44.755;396;463
2026-06-08T14:56:14.0000000Z;44.72;44.755;396;463
2026-06-08T14:56:15.0000000Z;44.725;44.755;396;603
2026-06-08T14:56:16.0000000Z;44.725;44.755;396;603
2026-06-08T14:56:17.0000000Z;44.725;44.755;288;361
2026-06-08T14:56:18.0000000Z;44.725;44.755;396;439
2026-06-08T14:56:19.0000000Z;44.725;44.755;396;439
2026-06-08T14:56:23.0000000Z;44.715;44.755;1336;439
2026-06-08T14:56:25.0000000Z;44.715;44.755;1336;439
2026-06-08T14:56:26.0000000Z;44.72;44.75;1119;177
2026-06-08T14:56:27.0000000Z;44.725;44.745;396;97
2026-06-08T14:56:28.0000000Z;44.725;44.75;396;177
2026-06-08T14:56:30.0000000Z;44.725;44.75;396;177
2026-06-08T14:56:32.0000000Z;44.725;44.75;396;177
2026-06-08T14:56:34.0000000Z;44.705;44.75;1336;177
2026-06-08T14:56:37.0000000Z;44.71;44.745;396;462
2026-06-08T14:56:39.0000000Z;44.71;44.745;396;462
2026-06-08T14:56:40.0000000Z;44.7;44.745;396;462
2026-06-08T14:56:41.0000000Z;44.7;44.745;396;462
2026-06-08T14:56:42.0000000Z;44.705;44.745;356;462
2026-06-08T14:56:44.0000000Z;44.7;44.745;1336;462
2026-06-08T14:56:53.0000000Z;44.7;44.745;1336;462
2026-06-08T14:57:00.0000000Z;44.7;44.745;1336;462
2026-06-08T14:57:02.0000000Z;44.71;44.745;396;462
2026-06-08T14:57:03.0000000Z;44.71;44.745;396;462
2026-06-08T14:57:05.0000000Z;44.7;44.745;1336;462
2026-06-08T14:57:07.0000000Z;44.7;44.745;1336;462
2026-06-08T14:57:08.0000000Z;44.7;44.75;1336;177
2026-06-08T14:57:10.0000000Z;44.7;44.75;1336;177
2026-06-08T14:57:17.0000000Z;44.705;44.745;176;317
2026-06-08T14:57:20.0000000Z;44.705;44.765;189;177
2026-06-08T14:57:23.0000000Z;44.705;44.765;189;177
2026-06-08T14:57:29.0000000Z;44.705;44.76;189;439
2026-06-08T14:57:33.0000000Z;44.705;44.76;189;479
2026-06-08T14:57:38.0000000Z;44.705;44.76;189;479
2026-06-08T14:57:40.0000000Z;44.705;44.76;189;479
2026-06-08T14:57:46.0000000Z;44.705;44.76;189;479
2026-06-08T14:57:50.0000000Z;44.705;44.76;189;479
2026-06-08T14:57:52.0000000Z;44.705;44.76;189;479
2026-06-08T14:57:53.0000000Z;44.705;44.76;189;479
2026-06-08T14:57:55.0000000Z;44.705;44.76;189;479
2026-06-08T14:58:01.0000000Z;44.705;44.76;189;479
2026-06-08T14:58:03.0000000Z;44.705;44.76;189;479
2026-06-08T14:58:08.0000000Z;44.705;44.76;189;479
2026-06-08T14:58:09.0000000Z;44.705;44.76;189;479
2026-06-08T14:58:15.0000000Z;44.705;44.76;155;454
2026-06-08T14:58:18.0000000Z;44.705;44.76;155;467
2026-06-08T14:58:21.0000000Z;44.705;44.76;155;467
2026-06-08T14:58:25.0000000Z;44.705;44.76;155;486
2026-06-08T14:58:29.0000000Z;44.705;44.76;155;486
2026-06-08T14:58:34.0000000Z;44.705;44.76;155;486
2026-06-08T14:58:42.0000000Z;44.705;44.76;155;486
2026-06-08T14:58:52.0000000Z;44.705;44.76;155;486
2026-06-08T14:58:55.0000000Z;44.705;44.76;155;486
2026-06-08T14:59:01.0000000Z;44.705;44.765;155;177
2026-06-08T14:59:02.0000000Z;44.705;44.76;155;495
2026-06-08T14:59:12.0000000Z;44.705;44.76;155;495
2026-06-08T14:59:15.0000000Z;44.705;44.76;153;464
2026-06-08T14:59:16.0000000Z;44.705;44.76;153;464
2026-06-08T14:59:17.0000000Z;44.705;44.765;153;177
2026-06-08T14:59:19.0000000Z;44.705;44.77;169;177
2026-06-08T14:59:21.0000000Z;44.685;44.765;396;855
2026-06-08T14:59:22.0000000Z;44.675;44.765;780;177
2026-06-08T14:59:23.0000000Z;44.655;44.76;396;491
2026-06-08T14:59:24.0000000Z;44.655;44.76;396;491
2026-06-08T14:59:25.0000000Z;44.675;44.77;396;177
2026-06-08T14:59:27.0000000Z;44.68;44.77;755;177
2026-06-08T14:59:33.0000000Z;44.675;44.765;396;325
2026-06-08T14:59:40.0000000Z;44.675;44.765;396;502
2026-06-08T14:59:41.0000000Z;44.675;44.765;396;502
2026-06-08T14:59:56.0000000Z;44.675;44.765;396;177
