2026-06-08T08:01:44.0000000Z;7.212;7.223;34000;4450
2026-06-08T08:01:45.0000000Z;7.212;7.223;34000;4450
2026-06-08T08:01:46.0000000Z;7.212;7.223;34000;4450
2026-06-08T08:01:48.0000000Z;7.212;7.223;34000;4450
2026-06-08T08:01:49.0000000Z;7.212;7.223;34000;4450
2026-06-08T08:01:50.0000000Z;7.212;7.223;34000;4450
2026-06-08T08:01:51.0000000Z;7.212;7.223;34000;4450
2026-06-08T08:01:52.0000000Z;7.212;7.223;34000;4450
2026-06-08T08:01:53.0000000Z;7.212;7.223;34000;4450
2026-06-08T08:01:56.0000000Z;7.212;7.223;34000;4450
2026-06-08T08:01:58.0000000Z;7.212;7.223;34000;4450
2026-06-08T08:02:00.0000000Z;7.212;7.223;34000;4450
2026-06-08T08:02:02.0000000Z;7.212;7.223;34000;4450
2026-06-08T08:02:04.0000000Z;7.212;7.223;34000;4450
2026-06-08T08:02:06.0000000Z;7.212;7.223;34000;4450
2026-06-08T08:02:07.0000000Z;7.212;7.223;34000;4450
2026-06-08T08:02:08.0000000Z;7.212;7.223;34000;4450
2026-06-08T08:02:09.0000000Z;7.212;7.223;34000;4450
2026-06-08T08:02:10.0000000Z;7.212;7.223;34000;4450
2026-06-08T08:02:11.0000000Z;7.212;7.223;34000;4450
2026-06-08T08:02:16.0000000Z;7.211;7.223;1108;4450
2026-06-08T08:02:17.0000000Z;7.211;7.223;2770;4450
2026-06-08T08:02:18.0000000Z;7.211;7.223;2770;4450
2026-06-08T08:02:19.0000000Z;7.211;7.223;37467;4450
2026-06-08T08:02:20.0000000Z;7.211;7.223;37467;4450
2026-06-08T08:02:22.0000000Z;7.211;7.223;37467;4450
2026-06-08T08:02:26.0000000Z;7.211;7.223;34000;4450
2026-06-08T08:02:28.0000000Z;7.211;7.223;34000;4450
2026-06-08T08:02:29.0000000Z;7.211;7.223;34000;4450
2026-06-08T08:02:33.0000000Z;7.211;7.223;34000;4450
2026-06-08T08:02:36.0000000Z;7.211;7.223;1841;4450
2026-06-08T08:02:37.0000000Z;7.211;7.223;1108;4450
2026-06-08T08:02:38.0000000Z;7.211;7.223;1108;4450
2026-06-08T08:02:40.0000000Z;7.211;7.223;2599;4450
2026-06-08T08:02:46.0000000Z;7.211;7.223;1108;4450
2026-06-08T08:02:47.0000000Z;7.212;7.223;34000;4450
2026-06-08T08:02:48.0000000Z;7.212;7.223;34000;4450
2026-06-08T08:02:49.0000000Z;7.212;7.223;34000;4450
2026-06-08T08:02:50.0000000Z;7.212;7.223;34000;4450
2026-06-08T08:02:57.0000000Z;7.212;7.223;34000;4450
2026-06-08T08:03:02.0000000Z;7.212;7.223;34000;4450
2026-06-08T08:03:04.0000000Z;7.212;7.223;34000;4450
2026-06-08T08:03:05.0000000Z;7.212;7.223;34000;4450
2026-06-08T08:03:06.0000000Z;7.212;7.223;34000;4450
2026-06-08T08:03:07.0000000Z;7.212;7.223;34000;7293
2026-06-08T08:03:08.0000000Z;7.212;7.223;34000;4450
2026-06-08T08:03:15.0000000Z;7.212;7.223;34000;4450
2026-06-08T08:03:19.0000000Z;7.212;7.221;34000;4450
2026-06-08T08:03:20.0000000Z;7.212;7.221;34000;4450
2026-06-08T08:03:22.0000000Z;7.212;7.221;34000;4450
2026-06-08T08:03:24.0000000Z;7.212;7.221;34000;4450
2026-06-08T08:03:25.0000000Z;7.212;7.221;34000;4450
2026-06-08T08:03:26.0000000Z;7.212;7.221;34000;4450
2026-06-08T08:03:27.0000000Z;7.212;7.221;34000;4450
2026-06-08T08:03:29.0000000Z;7.212;7.221;34000;4450
2026-06-08T08:03:36.0000000Z;7.212;7.221;34000;4450
2026-06-08T08:03:39.0000000Z;7.212;7.221;34000;6845
2026-06-08T08:03:44.0000000Z;7.212;7.221;1662;4450
2026-06-08T08:03:49.0000000Z;7.212;7.221;1662;4450
2026-06-08T08:03:54.0000000Z;7.212;7.221;1662;4450
2026-06-08T08:03:55.0000000Z;7.212;7.221;1662;4450
2026-06-08T08:03:56.0000000Z;7.214;7.221;1662;4450
2026-06-08T08:03:57.0000000Z;7.214;7.221;34000;4450
2026-06-08T08:03:59.0000000Z;7.214;7.221;1662;4450
2026-06-08T08:04:00.0000000Z;7.214;7.221;1662;4450
2026-06-08T08:04:02.0000000Z;7.214;7.221;1662;4450
2026-06-08T08:04:03.0000000Z;7.212;7.221;1662;4450
2026-06-08T08:04:04.0000000Z;7.212;7.221;1662;6845
2026-06-08T08:04:05.0000000Z;7.212;7.221;34000;6845
2026-06-08T08:04:06.0000000Z;7.212;7.221;34000;6845
2026-06-08T08:04:08.0000000Z;7.212;7.221;34000;6845
2026-06-08T08:04:10.0000000Z;7.212;7.221;34000;6845
2026-06-08T08:04:12.0000000Z;7.212;7.221;34000;6845
2026-06-08T08:04:13.0000000Z;7.212;7.221;34000;6845
2026-06-08T08:04:14.0000000Z;7.212;7.219;34000;4450
2026-06-08T08:04:15.0000000Z;7.212;7.219;34000;4450
2026-06-08T08:04:16.0000000Z;7.212;7.219;34000;4450
2026-06-08T08:04:17.0000000Z;7.212;7.219;34000;4450
2026-06-08T08:04:18.0000000Z;7.212;7.219;34000;4450
2026-06-08T08:04:19.0000000Z;7.212;7.219;34000;4450
2026-06-08T08:04:20.0000000Z;7.212;7.219;34000;4450
2026-06-08T08:04:22.0000000Z;7.212;7.219;34000;4450
2026-06-08T08:04:24.0000000Z;7.212;7.219;34000;4450
2026-06-08T08:04:26.0000000Z;7.212;7.219;34000;4450
2026-06-08T08:04:27.0000000Z;7.212;7.219;34000;4450
2026-06-08T08:04:30.0000000Z;7.212;7.219;34000;4450
2026-06-08T08:04:33.0000000Z;7.212;7.219;34000;4450
2026-06-08T08:04:37.0000000Z;7.212;7.219;34000;4450
2026-06-08T08:04:40.0000000Z;7.212;7.219;34000;4450
2026-06-08T08:04:44.0000000Z;7.212;7.219;34000;4450
2026-06-08T08:04:45.0000000Z;7.212;7.219;1662;4450
2026-06-08T08:04:48.0000000Z;7.212;7.219;1662;4450
2026-06-08T08:04:52.0000000Z;7.212;7.219;2770;4450
2026-06-08T08:04:55.0000000Z;7.212;7.219;2770;4450
2026-06-08T08:04:56.0000000Z;7.213;7.219;1662;4450
2026-06-08T08:04:59.0000000Z;7.213;7.219;1662;4450
2026-06-08T08:05:00.0000000Z;7.213;7.219;1662;4450
2026-06-08T08:05:01.0000000Z;7.21;7.219;2770;4450
2026-06-08T08:05:03.0000000Z;7.211;7.219;3467;4450
2026-06-08T08:05:04.0000000Z;7.211;7.219;3467;4450
2026-06-08T08:05:05.0000000Z;7.214;7.219;34000;4450
2026-06-08T08:05:06.0000000Z;7.214;7.219;34000;4450
2026-06-08T08:05:07.0000000Z;7.214;7.219;34000;4450
2026-06-08T08:05:08.0000000Z;7.214;7.219;34000;4450
2026-06-08T08:05:09.0000000Z;7.214;7.219;34000;4450
2026-06-08T08:05:10.0000000Z;7.214;7.219;34000;4450
2026-06-08T08:05:11.0000000Z;7.214;7.219;34000;4450
2026-06-08T08:05:12.0000000Z;7.214;7.219;34000;4450
2026-06-08T08:05:13.0000000Z;7.214;7.219;34000;4450
2026-06-08T08:05:16.0000000Z;7.214;7.219;34000;4450
2026-06-08T08:05:17.0000000Z;7.214;7.219;34000;4450
2026-06-08T08:05:20.0000000Z;7.214;7.22;1662;4450
2026-06-08T08:05:21.0000000Z;7.214;7.22;1662;4450
2026-06-08T08:05:22.0000000Z;7.214;7.22;1662;4450
2026-06-08T08:05:23.0000000Z;7.216;7.219;1662;20452
2026-06-08T08:05:24.0000000Z;7.216;7.219;34000;20452
2026-06-08T08:05:25.0000000Z;7.214;7.219;1662;20452
2026-06-08T08:05:31.0000000Z;7.214;7.219;34000;20452
2026-06-08T08:05:33.0000000Z;7.214;7.219;34000;20452
2026-06-08T08:05:34.0000000Z;7.214;7.219;2770;20452
2026-06-08T08:05:35.0000000Z;7.214;7.219;2770;20452
2026-06-08T08:05:38.0000000Z;7.215;7.219;2770;20452
2026-06-08T08:05:39.0000000Z;7.215;7.219;34000;20452
2026-06-08T08:05:41.0000000Z;7.215;7.219;2770;20452
2026-06-08T08:05:42.0000000Z;7.215;7.219;2770;20452
2026-06-08T08:05:43.0000000Z;7.215;7.219;2770;20452
2026-06-08T08:05:45.0000000Z;7.209;7.219;1108;20452
2026-06-08T08:05:47.0000000Z;7.204;7.219;1108;20452
2026-06-08T08:05:48.0000000Z;7.209;7.219;34000;20452
2026-06-08T08:05:49.0000000Z;7.209;7.219;34000;20452
2026-06-08T08:05:50.0000000Z;7.208;7.219;3469;20452
2026-06-08T08:05:51.0000000Z;7.208;7.219;3469;20452
2026-06-08T08:05:52.0000000Z;7.208;7.219;3469;20452
2026-06-08T08:05:53.0000000Z;7.208;7.219;3469;20452
2026-06-08T08:05:54.0000000Z;7.208;7.219;3469;20452
2026-06-08T08:05:55.0000000Z;7.208;7.219;3469;20452
2026-06-08T08:05:56.0000000Z;7.208;7.219;3469;20452
2026-06-08T08:05:57.0000000Z;7.205;7.219;20452;20452
2026-06-08T08:05:58.0000000Z;7.205;7.219;20452;20452
2026-06-08T08:06:00.0000000Z;7.206;7.219;1108;20452
2026-06-08T08:06:01.0000000Z;7.206;7.219;1108;20452
2026-06-08T08:06:04.0000000Z;7.206;7.224;7048;4450
2026-06-08T08:06:05.0000000Z;7.206;7.224;7048;4450
2026-06-08T08:06:06.0000000Z;7.207;7.221;1108;3463
2026-06-08T08:06:07.0000000Z;7.207;7.221;54452;3463
2026-06-08T08:06:08.0000000Z;7.207;7.221;54452;3463
2026-06-08T08:06:09.0000000Z;7.207;7.223;54452;20452
2026-06-08T08:06:12.0000000Z;7.209;7.223;1108;20452
2026-06-08T08:06:13.0000000Z;7.209;7.223;1108;20452
2026-06-08T08:06:14.0000000Z;7.214;7.223;1504;20452
2026-06-08T08:06:16.0000000Z;7.214;7.223;1504;20452
2026-06-08T08:06:17.0000000Z;7.214;7.223;1504;20452
2026-06-08T08:06:18.0000000Z;7.214;7.223;1504;20452
2026-06-08T08:06:19.0000000Z;7.214;7.223;1504;20452
2026-06-08T08:06:20.0000000Z;7.214;7.223;1504;20452
2026-06-08T08:06:25.0000000Z;7.215;7.223;1662;20452
2026-06-08T08:06:26.0000000Z;7.215;7.223;34000;20452
2026-06-08T08:06:28.0000000Z;7.215;7.223;1662;20452
2026-06-08T08:06:31.0000000Z;7.215;7.223;1662;20452
2026-06-08T08:06:33.0000000Z;7.215;7.223;1662;20452
2026-06-08T08:06:36.0000000Z;7.215;7.223;1662;20452
2026-06-08T08:06:42.0000000Z;7.215;7.223;1662;20452
2026-06-08T08:06:43.0000000Z;7.215;7.223;1662;20452
2026-06-08T08:06:44.0000000Z;7.215;7.223;1662;20452
2026-06-08T08:06:45.0000000Z;7.215;7.223;1662;20452
2026-06-08T08:06:50.0000000Z;7.215;7.223;1662;20452
2026-06-08T08:06:52.0000000Z;7.215;7.223;1662;20452
2026-06-08T08:06:54.0000000Z;7.215;7.223;1662;20452
2026-06-08T08:06:56.0000000Z;7.215;7.223;1662;20452
2026-06-08T08:06:58.0000000Z;7.215;7.223;1662;20452
2026-06-08T08:06:59.0000000Z;7.215;7.223;1662;20452
2026-06-08T08:07:00.0000000Z;7.217;7.223;1035;20452
2026-06-08T08:07:01.0000000Z;7.217;7.223;34000;20452
2026-06-08T08:07:03.0000000Z;7.215;7.223;1662;20452
2026-06-08T08:07:05.0000000Z;7.215;7.223;34000;20452
2026-06-08T08:07:07.0000000Z;7.215;7.223;34000;20452
2026-06-08T08:07:08.0000000Z;7.215;7.223;34000;20452
2026-06-08T08:07:09.0000000Z;7.215;7.223;34000;20452
2026-06-08T08:07:10.0000000Z;7.215;7.223;34000;20452
2026-06-08T08:07:11.0000000Z;7.215;7.223;34000;20452
2026-06-08T08:07:13.0000000Z;7.215;7.223;34000;20452
2026-06-08T08:07:15.0000000Z;7.215;7.223;34000;20452
2026-06-08T08:07:16.0000000Z;7.215;7.223;34000;20452
2026-06-08T08:07:18.0000000Z;7.215;7.223;34000;20452
2026-06-08T08:07:20.0000000Z;7.215;7.223;34000;20452
2026-06-08T08:07:22.0000000Z;7.215;7.223;2770;20452
2026-06-08T08:07:24.0000000Z;7.215;7.223;2770;20452
2026-06-08T08:07:26.0000000Z;7.215;7.223;2770;20452
2026-06-08T08:07:27.0000000Z;7.217;7.223;1638;20452
2026-06-08T08:07:28.0000000Z;7.217;7.223;34000;20452
2026-06-08T08:07:30.0000000Z;7.217;7.223;34000;20452
2026-06-08T08:07:31.0000000Z;7.217;7.223;34000;20452
2026-06-08T08:07:32.0000000Z;7.217;7.223;1638;20452
2026-06-08T08:07:36.0000000Z;7.217;7.223;1638;20452
2026-06-08T08:07:37.0000000Z;7.218;7.223;1662;20452
2026-06-08T08:07:38.0000000Z;7.218;7.224;1662;34000
2026-06-08T08:07:39.0000000Z;7.218;7.226;1662;4450
2026-06-08T08:07:40.0000000Z;7.216;7.226;2770;4450
2026-06-08T08:07:41.0000000Z;7.216;7.225;2770;23913
2026-06-08T08:07:42.0000000Z;7.217;7.225;1662;23913
2026-06-08T08:07:43.0000000Z;7.217;7.225;34000;20452
2026-06-08T08:07:45.0000000Z;7.217;7.225;34000;20452
2026-06-08T08:07:47.0000000Z;7.216;7.225;2770;20452
2026-06-08T08:07:49.0000000Z;7.216;7.225;37465;20452
2026-06-08T08:07:52.0000000Z;7.216;7.225;37465;20452
2026-06-08T08:07:53.0000000Z;7.216;7.225;37465;20452
2026-06-08T08:07:55.0000000Z;7.216;7.225;37465;20452
2026-06-08T08:07:56.0000000Z;7.216;7.225;34000;20452
2026-06-08T08:07:57.0000000Z;7.216;7.225;34000;20452
2026-06-08T08:07:58.0000000Z;7.216;7.225;34000;20452
2026-06-08T08:08:02.0000000Z;7.216;7.225;34000;20452
2026-06-08T08:08:03.0000000Z;7.216;7.225;34000;20452
2026-06-08T08:08:04.0000000Z;7.216;7.225;34000;20452
2026-06-08T08:08:05.0000000Z;7.216;7.225;34000;20452
2026-06-08T08:08:06.0000000Z;7.216;7.225;34000;20452
2026-06-08T08:08:07.0000000Z;7.216;7.225;34000;20452
2026-06-08T08:08:12.0000000Z;7.216;7.225;34000;20452
2026-06-08T08:08:13.0000000Z;7.216;7.225;34000;20452
2026-06-08T08:08:14.0000000Z;7.216;7.225;34000;20452
2026-06-08T08:08:20.0000000Z;7.216;7.225;34000;20452
2026-06-08T08:08:21.0000000Z;7.216;7.225;34000;20452
2026-06-08T08:08:22.0000000Z;7.216;7.225;34000;20452
2026-06-08T08:08:25.0000000Z;7.216;7.225;34000;20452
2026-06-08T08:08:27.0000000Z;7.216;7.225;34000;20452
2026-06-08T08:08:29.0000000Z;7.216;7.225;34000;20452
2026-06-08T08:08:31.0000000Z;7.216;7.225;34000;20452
2026-06-08T08:08:33.0000000Z;7.216;7.225;34000;20452
2026-06-08T08:08:35.0000000Z;7.216;7.225;34000;20452
2026-06-08T08:08:36.0000000Z;7.216;7.225;34000;20452
2026-06-08T08:08:37.0000000Z;7.216;7.225;34000;20452
2026-06-08T08:08:38.0000000Z;7.216;7.225;34000;20452
2026-06-08T08:08:39.0000000Z;7.216;7.225;34000;20452
2026-06-08T08:08:40.0000000Z;7.211;7.225;1108;20452
2026-06-08T08:08:41.0000000Z;7.209;7.225;1108;20452
2026-06-08T08:08:42.0000000Z;7.209;7.225;7048;20452
2026-06-08T08:08:43.0000000Z;7.215;7.225;3466;20452
2026-06-08T08:08:45.0000000Z;7.215;7.225;3466;20452
2026-06-08T08:08:47.0000000Z;7.215;7.225;3466;20452
2026-06-08T08:08:50.0000000Z;7.206;7.225;1108;20452
2026-06-08T08:08:51.0000000Z;7.209;7.225;34000;20452
2026-06-08T08:08:52.0000000Z;7.205;7.225;1108;20452
2026-06-08T08:08:53.0000000Z;7.208;7.225;3469;20452
2026-06-08T08:08:55.0000000Z;7.208;7.225;3469;20452
2026-06-08T08:08:56.0000000Z;7.207;7.225;3503;20452
2026-06-08T08:08:57.0000000Z;7.207;7.225;3503;20452
2026-06-08T08:09:01.0000000Z;7.207;7.225;9443;20452
2026-06-08T08:09:02.0000000Z;7.208;7.225;20452;20452
2026-06-08T08:09:03.0000000Z;7.207;7.225;1108;20452
2026-06-08T08:09:04.0000000Z;7.207;7.225;1108;20452
2026-06-08T08:09:05.0000000Z;7.207;7.225;1108;20452
2026-06-08T08:09:06.0000000Z;7.207;7.225;1108;20452
2026-06-08T08:09:07.0000000Z;7.207;7.225;1108;20452
2026-06-08T08:09:08.0000000Z;7.207;7.225;1108;20452
2026-06-08T08:09:09.0000000Z;7.207;7.225;7048;20452
2026-06-08T08:09:10.0000000Z;7.207;7.225;1108;20452
2026-06-08T08:09:11.0000000Z;7.208;7.225;20452;20452
2026-06-08T08:09:12.0000000Z;7.207;7.225;34000;20452
2026-06-08T08:09:13.0000000Z;7.207;7.225;34000;20452
2026-06-08T08:09:14.0000000Z;7.207;7.225;34000;20452
2026-06-08T08:09:15.0000000Z;7.207;7.225;34000;20452
2026-06-08T08:09:16.0000000Z;7.207;7.225;34000;20452
2026-06-08T08:09:17.0000000Z;7.207;7.225;34000;20452
2026-06-08T08:09:18.0000000Z;7.208;7.225;20452;20452
2026-06-08T08:09:19.0000000Z;7.208;7.225;20452;20452
2026-06-08T08:09:20.0000000Z;7.208;7.225;20452;20452
2026-06-08T08:09:21.0000000Z;7.208;7.225;20452;20452
2026-06-08T08:09:22.0000000Z;7.208;7.225;20452;20452
2026-06-08T08:09:23.0000000Z;7.208;7.225;20452;20452
2026-06-08T08:09:24.0000000Z;7.208;7.225;20452;20452
2026-06-08T08:09:25.0000000Z;7.208;7.225;20452;20452
2026-06-08T08:09:26.0000000Z;7.208;7.225;20452;20452
2026-06-08T08:09:27.0000000Z;7.208;7.225;20452;20452
2026-06-08T08:09:28.0000000Z;7.208;7.225;20452;20452
2026-06-08T08:09:29.0000000Z;7.208;7.225;20452;20452
2026-06-08T08:09:30.0000000Z;7.208;7.225;20452;20452
2026-06-08T08:09:31.0000000Z;7.208;7.225;20452;20452
2026-06-08T08:09:32.0000000Z;7.207;7.225;7048;20452
2026-06-08T08:09:33.0000000Z;7.207;7.225;7048;20452
2026-06-08T08:09:34.0000000Z;7.207;7.225;7048;20452
2026-06-08T08:09:36.0000000Z;7.207;7.225;7048;20452
2026-06-08T08:09:37.0000000Z;7.207;7.225;7048;20452
2026-06-08T08:09:38.0000000Z;7.207;7.225;7048;20452
2026-06-08T08:09:49.0000000Z;7.207;7.225;34000;20452
2026-06-08T08:09:50.0000000Z;7.209;7.225;1108;20452
2026-06-08T08:09:58.0000000Z;7.21;7.23;20452;12400
2026-06-08T08:09:59.0000000Z;7.209;7.23;34000;12400
2026-06-08T08:10:00.0000000Z;7.208;7.23;1108;12400
2026-06-08T08:10:01.0000000Z;7.21;7.227;1108;3460
2026-06-08T08:10:02.0000000Z;7.21;7.227;1108;3460
2026-06-08T08:10:03.0000000Z;7.208;7.229;1108;4450
2026-06-08T08:10:04.0000000Z;7.208;7.229;1108;4450
2026-06-08T08:10:05.0000000Z;7.209;7.229;20452;4450
2026-06-08T08:10:06.0000000Z;7.209;7.229;20452;4450
2026-06-08T08:10:08.0000000Z;7.207;7.229;9443;4450
2026-06-08T08:10:10.0000000Z;7.209;7.229;36395;54452
2026-06-08T08:10:11.0000000Z;7.209;7.229;34000;54452
2026-06-08T08:10:12.0000000Z;7.211;7.229;34000;54452
2026-06-08T08:10:13.0000000Z;7.209;7.229;1108;54452
2026-06-08T08:10:16.0000000Z;7.21;7.229;20452;54452
2026-06-08T08:10:20.0000000Z;7.21;7.229;1108;54452
2026-06-08T08:10:21.0000000Z;7.21;7.229;34000;54452
2026-06-08T08:10:22.0000000Z;7.212;7.229;1108;54452
2026-06-08T08:10:23.0000000Z;7.212;7.229;34000;54452
2026-06-08T08:10:24.0000000Z;7.212;7.229;34000;54452
2026-06-08T08:10:25.0000000Z;7.21;7.229;3503;54452
2026-06-08T08:10:26.0000000Z;7.214;7.229;34000;54452
2026-06-08T08:10:27.0000000Z;7.216;7.229;2735;54452
2026-06-08T08:10:28.0000000Z;7.214;7.227;1108;20421
2026-06-08T08:10:29.0000000Z;7.216;7.227;2643;20421
2026-06-08T08:10:30.0000000Z;7.216;7.227;34000;20421
2026-06-08T08:10:31.0000000Z;7.216;7.227;34000;20421
2026-06-08T08:10:32.0000000Z;7.216;7.227;34000;20421
2026-06-08T08:10:33.0000000Z;7.216;7.227;34000;20421
2026-06-08T08:10:34.0000000Z;7.216;7.227;34000;20421
2026-06-08T08:10:35.0000000Z;7.216;7.227;34000;20421
2026-06-08T08:10:37.0000000Z;7.216;7.227;34000;20421
2026-06-08T08:10:38.0000000Z;7.216;7.227;34000;20421
2026-06-08T08:10:45.0000000Z;7.216;7.227;34000;20421
2026-06-08T08:10:46.0000000Z;7.215;7.227;2770;20421
2026-06-08T08:10:47.0000000Z;7.216;7.227;2770;20421
2026-06-08T08:10:50.0000000Z;7.216;7.227;2770;20421
2026-06-08T08:10:56.0000000Z;7.216;7.227;2770;20421
2026-06-08T08:10:59.0000000Z;7.216;7.227;1770;20421
2026-06-08T08:11:00.0000000Z;7.216;7.227;1108;20421
2026-06-08T08:11:01.0000000Z;7.216;7.227;1108;20421
2026-06-08T08:11:02.0000000Z;7.216;7.227;1920;20421
2026-06-08T08:11:03.0000000Z;7.215;7.227;2770;20421
2026-06-08T08:11:04.0000000Z;7.215;7.227;3466;20421
2026-06-08T08:11:05.0000000Z;7.209;7.227;1108;20421
2026-06-08T08:11:06.0000000Z;7.209;7.227;1108;20421
2026-06-08T08:11:07.0000000Z;7.209;7.227;1108;20421
2026-06-08T08:11:08.0000000Z;7.208;7.227;1108;20421
2026-06-08T08:11:09.0000000Z;7.208;7.227;1108;20421
2026-06-08T08:11:10.0000000Z;7.206;7.227;3503;20421
2026-06-08T08:11:12.0000000Z;7.207;7.227;20421;20421
2026-06-08T08:11:13.0000000Z;7.207;7.227;20421;20421
2026-06-08T08:11:16.0000000Z;7.207;7.227;20421;20421
2026-06-08T08:11:17.0000000Z;7.207;7.228;20421;7071
2026-06-08T08:11:18.0000000Z;7.207;7.228;20421;7071
2026-06-08T08:11:19.0000000Z;7.207;7.228;20421;7071
2026-06-08T08:11:20.0000000Z;7.207;7.228;20421;4450
2026-06-08T08:11:21.0000000Z;7.207;7.228;20421;7071
2026-06-08T08:11:22.0000000Z;7.205;7.228;1108;7071
2026-06-08T08:11:24.0000000Z;7.206;7.228;20421;34000
2026-06-08T08:11:25.0000000Z;7.206;7.226;20421;4450
2026-06-08T08:11:28.0000000Z;7.206;7.226;20421;4450
2026-06-08T08:11:30.0000000Z;7.206;7.226;20421;7071
2026-06-08T08:11:31.0000000Z;7.206;7.226;20421;7071
2026-06-08T08:11:33.0000000Z;7.206;7.226;20421;7071
2026-06-08T08:11:34.0000000Z;7.206;7.226;20421;4450
2026-06-08T08:11:35.0000000Z;7.206;7.226;20421;7071
2026-06-08T08:11:37.0000000Z;7.206;7.226;20421;7071
2026-06-08T08:11:39.0000000Z;7.206;7.226;20421;4450
2026-06-08T08:11:40.0000000Z;7.205;7.226;7048;4450
2026-06-08T08:11:41.0000000Z;7.205;7.226;7048;4450
2026-06-08T08:11:42.0000000Z;7.205;7.226;7048;4450
2026-06-08T08:11:43.0000000Z;7.205;7.226;7048;4450
2026-06-08T08:11:44.0000000Z;7.205;7.226;7048;4450
2026-06-08T08:11:45.0000000Z;7.205;7.23;34000;12400
2026-06-08T08:11:46.0000000Z;7.207;7.23;1108;15021
2026-06-08T08:11:47.0000000Z;7.207;7.23;1108;12400
2026-06-08T08:11:48.0000000Z;7.207;7.227;1108;3460
2026-06-08T08:11:49.0000000Z;7.207;7.227;1108;3460
2026-06-08T08:11:50.0000000Z;7.207;7.227;1108;3460
2026-06-08T08:11:51.0000000Z;7.207;7.229;1108;4450
2026-06-08T08:11:52.0000000Z;7.207;7.229;1108;4450
2026-06-08T08:11:53.0000000Z;7.207;7.229;1108;4450
2026-06-08T08:11:54.0000000Z;7.207;7.229;1108;4450
2026-06-08T08:11:55.0000000Z;7.207;7.229;1108;4450
2026-06-08T08:11:56.0000000Z;7.207;7.229;7048;54421
2026-06-08T08:11:57.0000000Z;7.209;7.229;1108;54421
2026-06-08T08:11:58.0000000Z;7.209;7.229;1108;54421
2026-06-08T08:11:59.0000000Z;7.208;7.229;1108;54421
2026-06-08T08:12:00.0000000Z;7.209;7.229;54421;54421
2026-06-08T08:12:02.0000000Z;7.208;7.229;54421;54421
2026-06-08T08:12:03.0000000Z;7.207;7.229;1108;54421
2026-06-08T08:12:05.0000000Z;7.207;7.229;1108;54421
2026-06-08T08:12:06.0000000Z;7.208;7.229;20421;54421
2026-06-08T08:12:07.0000000Z;7.208;7.229;1108;54421
2026-06-08T08:12:08.0000000Z;7.209;7.229;34000;54421
2026-06-08T08:12:09.0000000Z;7.209;7.229;34000;54421
2026-06-08T08:12:10.0000000Z;7.208;7.229;7048;54421
2026-06-08T08:12:13.0000000Z;7.207;7.229;7048;54421
2026-06-08T08:12:14.0000000Z;7.208;7.229;20421;54421
2026-06-08T08:12:19.0000000Z;7.208;7.229;20421;54421
2026-06-08T08:12:23.0000000Z;7.208;7.229;20421;54421
2026-06-08T08:12:33.0000000Z;7.208;7.229;20421;54421
2026-06-08T08:12:35.0000000Z;7.207;7.229;9443;54421
2026-06-08T08:12:38.0000000Z;7.207;7.229;9443;54421
2026-06-08T08:12:42.0000000Z;7.207;7.229;9443;54421
2026-06-08T08:12:44.0000000Z;7.207;7.229;9443;54421
2026-06-08T08:12:45.0000000Z;7.207;7.229;9443;54421
2026-06-08T08:12:47.0000000Z;7.207;7.229;9443;54421
2026-06-08T08:12:48.0000000Z;7.207;7.229;3503;54421
2026-06-08T08:12:49.0000000Z;7.207;7.228;34000;4450
2026-06-08T08:12:50.0000000Z;7.207;7.228;34000;4450
2026-06-08T08:12:53.0000000Z;7.207;7.228;34000;4450
2026-06-08T08:12:54.0000000Z;7.207;7.228;1108;4450
2026-06-08T08:12:55.0000000Z;7.206;7.228;1108;4450
2026-06-08T08:12:56.0000000Z;7.206;7.228;1108;4450
2026-06-08T08:12:57.0000000Z;7.206;7.228;37470;6845
2026-06-08T08:12:58.0000000Z;7.206;7.228;34000;6845
2026-06-08T08:12:59.0000000Z;7.206;7.228;34000;6845
2026-06-08T08:13:00.0000000Z;7.206;7.228;7048;6845
2026-06-08T08:13:01.0000000Z;7.206;7.228;7048;6845
2026-06-08T08:13:02.0000000Z;7.206;7.228;7048;6845
2026-06-08T08:13:03.0000000Z;7.206;7.228;7048;6845
2026-06-08T08:13:08.0000000Z;7.206;7.228;7048;6845
2026-06-08T08:13:09.0000000Z;7.206;7.228;7048;6845
2026-06-08T08:13:10.0000000Z;7.206;7.228;7048;6845
2026-06-08T08:13:11.0000000Z;7.208;7.228;1108;6845
2026-06-08T08:13:12.0000000Z;7.208;7.228;34000;6845
2026-06-08T08:13:13.0000000Z;7.208;7.228;7048;6845
2026-06-08T08:13:21.0000000Z;7.208;7.228;7048;6845
2026-06-08T08:13:22.0000000Z;7.208;7.228;7048;6845
2026-06-08T08:13:32.0000000Z;7.208;7.228;1108;6845
2026-06-08T08:13:34.0000000Z;7.209;7.228;20435;6845
2026-06-08T08:13:35.0000000Z;7.209;7.228;20435;6845
2026-06-08T08:13:36.0000000Z;7.209;7.228;20435;6845
2026-06-08T08:13:37.0000000Z;7.208;7.228;7048;6845
2026-06-08T08:13:40.0000000Z;7.208;7.228;7048;6845
2026-06-08T08:13:41.0000000Z;7.208;7.228;7048;6845
2026-06-08T08:13:42.0000000Z;7.208;7.228;7048;6845
2026-06-08T08:13:45.0000000Z;7.208;7.228;7048;6845
2026-06-08T08:13:47.0000000Z;7.208;7.228;7048;6845
2026-06-08T08:13:48.0000000Z;7.208;7.228;7048;6845
2026-06-08T08:13:49.0000000Z;7.208;7.228;7048;6845
2026-06-08T08:13:50.0000000Z;7.208;7.228;7048;6845
2026-06-08T08:13:51.0000000Z;7.208;7.228;1108;6845
2026-06-08T08:13:53.0000000Z;7.208;7.228;1108;6845
2026-06-08T08:14:01.0000000Z;7.208;7.226;1108;6845
2026-06-08T08:14:03.0000000Z;7.208;7.226;1108;6845
2026-06-08T08:14:06.0000000Z;7.208;7.226;1108;6845
2026-06-08T08:14:07.0000000Z;7.208;7.226;1108;6845
2026-06-08T08:14:09.0000000Z;7.208;7.226;1108;6845
2026-06-08T08:14:12.0000000Z;7.207;7.226;1108;6845
2026-06-08T08:14:13.0000000Z;7.207;7.226;7048;6845
2026-06-08T08:14:15.0000000Z;7.207;7.226;57904;6845
2026-06-08T08:14:17.0000000Z;7.207;7.226;1108;6845
2026-06-08T08:14:18.0000000Z;7.207;7.226;1108;6845
2026-06-08T08:14:20.0000000Z;7.207;7.226;54435;6845
2026-06-08T08:14:23.0000000Z;7.207;7.226;54435;6845
2026-06-08T08:14:24.0000000Z;7.207;7.226;54435;6845
2026-06-08T08:14:26.0000000Z;7.207;7.226;54435;6845
2026-06-08T08:14:27.0000000Z;7.207;7.226;54435;6845
2026-06-08T08:14:28.0000000Z;7.207;7.226;54435;6845
2026-06-08T08:14:30.0000000Z;7.207;7.226;54435;6845
2026-06-08T08:14:31.0000000Z;7.207;7.226;54435;6845
2026-06-08T08:14:32.0000000Z;7.207;7.226;54435;6845
2026-06-08T08:14:33.0000000Z;7.207;7.226;7048;6845
2026-06-08T08:14:36.0000000Z;7.207;7.226;7048;6845
2026-06-08T08:14:38.0000000Z;7.207;7.226;7048;6845
2026-06-08T08:14:39.0000000Z;7.207;7.226;1108;6845
2026-06-08T08:14:41.0000000Z;7.207;7.226;1108;6845
2026-06-08T08:14:42.0000000Z;7.207;7.226;1108;6845
2026-06-08T08:14:43.0000000Z;7.207;7.226;1108;6845
2026-06-08T08:14:44.0000000Z;7.206;7.226;1108;6845
2026-06-08T08:14:45.0000000Z;7.206;7.226;37470;6845
2026-06-08T08:14:46.0000000Z;7.206;7.226;37470;6845
2026-06-08T08:14:47.0000000Z;7.206;7.226;37470;6845
2026-06-08T08:14:48.0000000Z;7.206;7.226;37470;6845
2026-06-08T08:14:49.0000000Z;7.207;7.226;20435;6845
2026-06-08T08:14:50.0000000Z;7.207;7.226;20435;6845
2026-06-08T08:14:51.0000000Z;7.207;7.226;20435;6845
2026-06-08T08:14:52.0000000Z;7.207;7.226;20435;6845
2026-06-08T08:14:53.0000000Z;7.207;7.226;20435;6845
2026-06-08T08:14:54.0000000Z;7.207;7.226;20435;6845
2026-06-08T08:14:55.0000000Z;7.207;7.226;20435;6845
2026-06-08T08:14:56.0000000Z;7.207;7.226;20435;6845
2026-06-08T08:14:57.0000000Z;7.207;7.226;20435;6845
2026-06-08T08:14:58.0000000Z;7.207;7.226;20435;6845
2026-06-08T08:14:59.0000000Z;7.207;7.226;20435;6845
2026-06-08T08:14:59.0000000Z;7.207;7.226;20435;6845
2026-06-08T08:15:00.0000000Z;7.207;7.226;20435;6845
2026-06-08T08:15:01.0000000Z;7.206;7.226;34000;6845
2026-06-08T08:15:02.0000000Z;7.206;7.226;54435;6845
2026-06-08T08:15:03.0000000Z;7.206;7.226;20435;6845
2026-06-08T08:15:04.0000000Z;7.206;7.226;20435;6845
2026-06-08T08:15:05.0000000Z;7.206;7.226;20435;6845
2026-06-08T08:15:07.0000000Z;7.206;7.226;20435;6845
2026-06-08T08:15:08.0000000Z;7.205;7.226;7048;6845
2026-06-08T08:15:10.0000000Z;7.205;7.226;7048;6845
2026-06-08T08:15:11.0000000Z;7.205;7.226;7048;6845
2026-06-08T08:15:12.0000000Z;7.205;7.226;7048;6845
2026-06-08T08:15:13.0000000Z;7.207;7.226;1108;6845
2026-06-08T08:15:14.0000000Z;7.207;7.226;34000;6845
2026-06-08T08:15:15.0000000Z;7.207;7.226;34000;6845
2026-06-08T08:15:17.0000000Z;7.207;7.226;34000;6845
2026-06-08T08:15:18.0000000Z;7.208;7.226;20435;6845
2026-06-08T08:15:20.0000000Z;7.208;7.226;20435;6845
2026-06-08T08:15:21.0000000Z;7.207;7.226;34000;6845
2026-06-08T08:15:22.0000000Z;7.207;7.226;34000;6845
2026-06-08T08:15:23.0000000Z;7.207;7.226;34000;6845
2026-06-08T08:15:24.0000000Z;7.207;7.226;34000;6845
2026-06-08T08:15:25.0000000Z;7.207;7.226;34000;6845
2026-06-08T08:15:26.0000000Z;7.207;7.226;34000;6845
2026-06-08T08:15:27.0000000Z;7.206;7.224;1108;4450
2026-06-08T08:15:28.0000000Z;7.206;7.224;1108;4450
2026-06-08T08:15:29.0000000Z;7.206;7.224;57905;4450
2026-06-08T08:15:30.0000000Z;7.206;7.224;57905;4450
2026-06-08T08:15:32.0000000Z;7.206;7.224;57905;4450
2026-06-08T08:15:33.0000000Z;7.206;7.224;57905;4450
2026-06-08T08:15:34.0000000Z;7.206;7.224;57905;4450
2026-06-08T08:15:35.0000000Z;7.206;7.224;54435;4450
2026-06-08T08:15:36.0000000Z;7.206;7.224;54435;4450
2026-06-08T08:15:37.0000000Z;7.206;7.224;54435;4450
2026-06-08T08:15:38.0000000Z;7.206;7.224;54435;4450
2026-06-08T08:15:39.0000000Z;7.206;7.224;54435;4450
2026-06-08T08:15:40.0000000Z;7.206;7.224;7048;4450
2026-06-08T08:15:41.0000000Z;7.206;7.224;7048;4450
2026-06-08T08:15:42.0000000Z;7.206;7.224;7048;4450
2026-06-08T08:15:43.0000000Z;7.206;7.224;1108;4450
2026-06-08T08:15:44.0000000Z;7.206;7.224;1108;4450
2026-06-08T08:15:45.0000000Z;7.206;7.224;1108;4450
2026-06-08T08:15:46.0000000Z;7.206;7.224;1108;4450
2026-06-08T08:15:47.0000000Z;7.206;7.224;1108;4450
2026-06-08T08:15:48.0000000Z;7.206;7.224;1108;4450
2026-06-08T08:15:49.0000000Z;7.206;7.224;1108;4450
2026-06-08T08:15:50.0000000Z;7.206;7.224;1108;4450
2026-06-08T08:15:51.0000000Z;7.206;7.224;1108;4450
2026-06-08T08:15:52.0000000Z;7.206;7.224;1108;4450
2026-06-08T08:15:53.0000000Z;7.206;7.224;1108;4450
2026-06-08T08:15:54.0000000Z;7.206;7.224;7048;4450
2026-06-08T08:15:55.0000000Z;7.206;7.224;7048;4450
2026-06-08T08:15:56.0000000Z;7.206;7.224;7048;4450
2026-06-08T08:15:57.0000000Z;7.206;7.224;1108;4450
2026-06-08T08:15:58.0000000Z;7.206;7.224;1108;4450
2026-06-08T08:15:59.0000000Z;7.206;7.224;1108;4450
2026-06-08T08:15:59.0000000Z;7.206;7.224;1108;4450
2026-06-08T08:16:00.0000000Z;7.206;7.224;1108;4450
2026-06-08T08:16:01.0000000Z;7.206;7.224;7048;4450
2026-06-08T08:16:03.0000000Z;7.206;7.224;7048;4450
2026-06-08T08:16:07.0000000Z;7.208;7.224;1108;4450
2026-06-08T08:16:14.0000000Z;7.208;7.224;1108;4450
2026-06-08T08:16:19.0000000Z;7.207;7.224;1108;4450
2026-06-08T08:16:21.0000000Z;7.207;7.224;57904;4450
2026-06-08T08:16:22.0000000Z;7.207;7.224;57904;4450
2026-06-08T08:16:23.0000000Z;7.207;7.224;57904;4450
2026-06-08T08:16:25.0000000Z;7.207;7.224;54435;4450
2026-06-08T08:16:26.0000000Z;7.207;7.224;7048;4450
2026-06-08T08:16:42.0000000Z;7.205;7.224;1108;4450
2026-06-08T08:16:43.0000000Z;7.205;7.224;3729;4450
2026-06-08T08:16:44.0000000Z;7.206;7.224;1108;4450
2026-06-08T08:16:45.0000000Z;7.206;7.224;1108;4450
2026-06-08T08:16:46.0000000Z;7.206;7.224;57905;4450
2026-06-08T08:16:47.0000000Z;7.206;7.224;57905;4450
2026-06-08T08:16:48.0000000Z;7.206;7.224;23905;4450
2026-06-08T08:16:49.0000000Z;7.205;7.224;6124;4450
2026-06-08T08:16:50.0000000Z;7.205;7.224;6124;4450
2026-06-08T08:16:51.0000000Z;7.205;7.224;6124;4450
2026-06-08T08:16:52.0000000Z;7.205;7.224;6124;4450
2026-06-08T08:16:53.0000000Z;7.208;7.224;20435;4450
2026-06-08T08:16:54.0000000Z;7.208;7.224;20435;4450
2026-06-08T08:16:55.0000000Z;7.204;7.224;1108;4450
2026-06-08T08:16:56.0000000Z;7.204;7.224;1108;4450
2026-06-08T08:16:57.0000000Z;7.204;7.224;3729;4450
2026-06-08T08:16:58.0000000Z;7.204;7.224;3729;4450
2026-06-08T08:16:59.0000000Z;7.204;7.224;3729;4450
2026-06-08T08:17:00.0000000Z;7.206;7.224;3470;4450
2026-06-08T08:17:02.0000000Z;7.206;7.224;3470;4450
2026-06-08T08:17:03.0000000Z;7.206;7.224;3470;4450
2026-06-08T08:17:08.0000000Z;7.206;7.224;3470;4450
2026-06-08T08:17:09.0000000Z;7.205;7.224;20435;4450
2026-06-08T08:17:10.0000000Z;7.205;7.224;20435;4450
2026-06-08T08:17:13.0000000Z;7.205;7.224;20435;4450
2026-06-08T08:17:15.0000000Z;7.205;7.224;20435;4450
2026-06-08T08:17:16.0000000Z;7.205;7.224;20435;4450
2026-06-08T08:17:17.0000000Z;7.206;7.224;7048;4450
2026-06-08T08:17:18.0000000Z;7.206;7.224;7048;4450
2026-06-08T08:17:19.0000000Z;7.206;7.224;7048;4450
2026-06-08T08:17:21.0000000Z;7.206;7.224;7048;4450
2026-06-08T08:17:24.0000000Z;7.208;7.224;1108;4450
2026-06-08T08:17:25.0000000Z;7.208;7.224;34000;4450
2026-06-08T08:17:26.0000000Z;7.209;7.224;20435;4450
2026-06-08T08:17:27.0000000Z;7.209;7.224;20435;4450
2026-06-08T08:17:31.0000000Z;7.207;7.224;1108;4450
2026-06-08T08:17:32.0000000Z;7.208;7.224;20435;4450
2026-06-08T08:17:35.0000000Z;7.207;7.224;7048;4450
2026-06-08T08:17:38.0000000Z;7.207;7.224;7048;4450
2026-06-08T08:17:48.0000000Z;7.207;7.224;7048;4450
2026-06-08T08:17:53.0000000Z;7.207;7.224;7048;4450
2026-06-08T08:17:55.0000000Z;7.207;7.224;7048;4450
2026-06-08T08:17:56.0000000Z;7.209;7.224;1108;4450
2026-06-08T08:17:57.0000000Z;7.209;7.224;1108;4450
2026-06-08T08:17:58.0000000Z;7.209;7.224;1108;4450
2026-06-08T08:17:59.0000000Z;7.209;7.224;1108;4450
2026-06-08T08:17:59.0000000Z;7.209;7.224;1108;4450
2026-06-08T08:18:01.0000000Z;7.211;7.224;1108;4450
2026-06-08T08:18:03.0000000Z;7.211;7.224;1108;4450
2026-06-08T08:18:04.0000000Z;7.211;7.224;1108;4450
2026-06-08T08:18:05.0000000Z;7.21;7.224;1108;4450
2026-06-08T08:18:06.0000000Z;7.21;7.224;1108;4450
2026-06-08T08:18:07.0000000Z;7.21;7.224;1108;4450
2026-06-08T08:18:08.0000000Z;7.21;7.224;57903;4450
2026-06-08T08:18:15.0000000Z;7.21;7.224;54435;4450
2026-06-08T08:18:16.0000000Z;7.21;7.224;54435;4450
2026-06-08T08:18:18.0000000Z;7.21;7.224;54435;4450
2026-06-08T08:18:20.0000000Z;7.21;7.224;54435;4450
2026-06-08T08:18:22.0000000Z;7.21;7.224;54435;4450
2026-06-08T08:18:23.0000000Z;7.209;7.224;1108;4450
2026-06-08T08:18:24.0000000Z;7.21;7.224;20435;4450
2026-06-08T08:18:25.0000000Z;7.21;7.224;20435;4450
2026-06-08T08:18:28.0000000Z;7.21;7.224;20435;4450
2026-06-08T08:18:30.0000000Z;7.21;7.224;20435;4450
2026-06-08T08:18:36.0000000Z;7.21;7.224;20435;4450
2026-06-08T08:18:41.0000000Z;7.21;7.224;20435;4450
2026-06-08T08:18:44.0000000Z;7.209;7.224;7048;4450
2026-06-08T08:18:45.0000000Z;7.209;7.224;7048;4450
2026-06-08T08:18:51.0000000Z;7.209;7.224;7048;4450
2026-06-08T08:18:52.0000000Z;7.211;7.229;1108;6845
2026-06-08T08:18:53.0000000Z;7.211;7.227;34000;4450
2026-06-08T08:18:54.0000000Z;7.211;7.225;34000;3461
2026-06-08T08:18:55.0000000Z;7.211;7.225;34000;3461
2026-06-08T08:18:56.0000000Z;7.211;7.225;34000;3461
2026-06-08T08:18:57.0000000Z;7.211;7.225;34000;3461
2026-06-08T08:18:58.0000000Z;7.211;7.225;34000;3461
2026-06-08T08:19:01.0000000Z;7.211;7.225;34000;3461
2026-06-08T08:19:02.0000000Z;7.211;7.225;1108;3461
2026-06-08T08:19:03.0000000Z;7.211;7.226;1108;20435
2026-06-08T08:19:06.0000000Z;7.211;7.226;1108;20435
2026-06-08T08:19:16.0000000Z;7.211;7.226;1108;20435
2026-06-08T08:19:22.0000000Z;7.209;7.226;7048;20435
2026-06-08T08:19:23.0000000Z;7.211;7.226;1108;20435
2026-06-08T08:19:34.0000000Z;7.21;7.226;1108;20435
2026-06-08T08:19:36.0000000Z;7.21;7.226;57903;20435
2026-06-08T08:19:37.0000000Z;7.21;7.226;57903;20435
2026-06-08T08:19:38.0000000Z;7.21;7.226;57903;20435
2026-06-08T08:19:39.0000000Z;7.21;7.226;57903;20435
2026-06-08T08:19:40.0000000Z;7.21;7.226;57903;20435
2026-06-08T08:19:41.0000000Z;7.21;7.226;7048;20435
2026-06-08T08:19:48.0000000Z;7.21;7.226;1108;20435
2026-06-08T08:19:50.0000000Z;7.21;7.226;1108;20435
2026-06-08T08:19:51.0000000Z;7.21;7.226;1108;20435
2026-06-08T08:19:52.0000000Z;7.21;7.226;20435;20435
2026-06-08T08:19:53.0000000Z;7.21;7.226;20435;20435
2026-06-08T08:19:54.0000000Z;7.21;7.226;20435;20435
2026-06-08T08:19:57.0000000Z;7.21;7.226;20435;20435
2026-06-08T08:19:59.0000000Z;7.21;7.226;20435;20435
2026-06-08T08:19:59.0000000Z;7.21;7.226;20435;20435
2026-06-08T08:20:03.0000000Z;7.21;7.226;20435;20435
2026-06-08T08:20:11.0000000Z;7.209;7.226;34000;20435
2026-06-08T08:20:13.0000000Z;7.21;7.226;20435;20435
2026-06-08T08:20:18.0000000Z;7.21;7.226;20435;20435
2026-06-08T08:20:25.0000000Z;7.21;7.226;20435;20435
2026-06-08T08:20:26.0000000Z;7.209;7.226;7048;20435
2026-06-08T08:20:27.0000000Z;7.209;7.226;1108;20435
2026-06-08T08:20:41.0000000Z;7.209;7.226;1108;20435
2026-06-08T08:20:43.0000000Z;7.209;7.226;1108;20435
2026-06-08T08:20:45.0000000Z;7.209;7.226;1108;20435
2026-06-08T08:20:49.0000000Z;7.209;7.226;1108;20435
2026-06-08T08:20:53.0000000Z;7.209;7.226;1108;20435
2026-06-08T08:21:01.0000000Z;7.209;7.226;7048;20435
2026-06-08T08:21:05.0000000Z;7.209;7.226;7048;20435
2026-06-08T08:21:07.0000000Z;7.209;7.226;1108;20435
2026-06-08T08:21:16.0000000Z;7.209;7.226;1108;20435
2026-06-08T08:21:17.0000000Z;7.209;7.226;1108;20435
2026-06-08T08:21:18.0000000Z;7.209;7.226;1108;20435
2026-06-08T08:21:21.0000000Z;7.209;7.226;34000;20435
2026-06-08T08:21:25.0000000Z;7.209;7.226;34000;20435
2026-06-08T08:21:26.0000000Z;7.21;7.226;20435;20435
2026-06-08T08:21:27.0000000Z;7.21;7.226;20435;20435
2026-06-08T08:21:28.0000000Z;7.21;7.226;20435;20435
2026-06-08T08:21:29.0000000Z;7.21;7.226;20435;20435
2026-06-08T08:21:36.0000000Z;7.21;7.226;20435;20435
2026-06-08T08:21:37.0000000Z;7.21;7.226;20435;20435
2026-06-08T08:21:38.0000000Z;7.21;7.226;20435;20435
2026-06-08T08:21:40.0000000Z;7.21;7.226;20435;20435
2026-06-08T08:21:48.0000000Z;7.209;7.226;7048;20435
2026-06-08T08:21:50.0000000Z;7.211;7.226;1108;20435
2026-06-08T08:21:51.0000000Z;7.211;7.226;34000;20435
2026-06-08T08:21:52.0000000Z;7.211;7.226;34000;20435
2026-06-08T08:21:58.0000000Z;7.211;7.226;34000;20435
2026-06-08T08:22:00.0000000Z;7.21;7.226;1108;20435
2026-06-08T08:22:02.0000000Z;7.21;7.226;1108;20435
2026-06-08T08:22:03.0000000Z;7.21;7.226;57903;20435
2026-06-08T08:22:07.0000000Z;7.21;7.226;57903;20435
2026-06-08T08:22:09.0000000Z;7.21;7.226;57903;20435
2026-06-08T08:22:10.0000000Z;7.21;7.226;54435;20435
2026-06-08T08:22:11.0000000Z;7.21;7.226;54435;20435
2026-06-08T08:22:13.0000000Z;7.21;7.226;54435;20435
2026-06-08T08:22:15.0000000Z;7.21;7.226;54435;20435
2026-06-08T08:22:18.0000000Z;7.21;7.226;54435;20435
2026-06-08T08:22:25.0000000Z;7.21;7.226;54435;20435
2026-06-08T08:22:26.0000000Z;7.21;7.226;54435;20435
2026-06-08T08:22:29.0000000Z;7.21;7.226;7048;20435
2026-06-08T08:22:31.0000000Z;7.21;7.226;7048;20435
2026-06-08T08:22:35.0000000Z;7.211;7.226;1108;20435
2026-06-08T08:22:36.0000000Z;7.211;7.226;1108;20435
2026-06-08T08:22:37.0000000Z;7.211;7.226;1108;20435
2026-06-08T08:22:41.0000000Z;7.211;7.226;1108;20435
2026-06-08T08:22:44.0000000Z;7.211;7.226;1108;20435
2026-06-08T08:22:48.0000000Z;7.211;7.226;1108;20435
2026-06-08T08:22:49.0000000Z;7.211;7.226;1108;20435
2026-06-08T08:22:50.0000000Z;7.209;7.226;7048;20435
2026-06-08T08:22:51.0000000Z;7.209;7.226;7048;20435
2026-06-08T08:22:52.0000000Z;7.209;7.226;7048;20435
2026-06-08T08:22:53.0000000Z;7.21;7.226;23903;20435
2026-06-08T08:22:54.0000000Z;7.21;7.226;23903;20435
2026-06-08T08:22:57.0000000Z;7.21;7.226;23903;20435
2026-06-08T08:22:58.0000000Z;7.21;7.226;23903;20435
2026-06-08T08:22:59.0000000Z;7.209;7.226;34000;20435
2026-06-08T08:23:00.0000000Z;7.209;7.226;34000;20435
2026-06-08T08:23:01.0000000Z;7.208;7.226;23904;20435
2026-06-08T08:23:02.0000000Z;7.207;7.226;1108;20435
2026-06-08T08:23:04.0000000Z;7.207;7.226;1108;20435
2026-06-08T08:23:05.0000000Z;7.207;7.226;3503;20435
2026-06-08T08:23:06.0000000Z;7.207;7.226;3503;20435
2026-06-08T08:23:07.0000000Z;7.207;7.226;3503;20435
2026-06-08T08:23:09.0000000Z;7.207;7.226;9443;20435
2026-06-08T08:23:10.0000000Z;7.208;7.226;20435;20435
2026-06-08T08:23:11.0000000Z;7.207;7.226;3503;20435
2026-06-08T08:23:12.0000000Z;7.207;7.227;3503;6845
2026-06-08T08:23:13.0000000Z;7.207;7.227;9443;6845
2026-06-08T08:23:14.0000000Z;7.207;7.227;3503;6845
2026-06-08T08:23:15.0000000Z;7.207;7.227;3503;6845
2026-06-08T08:23:16.0000000Z;7.207;7.227;3503;6845
2026-06-08T08:23:17.0000000Z;7.207;7.227;3503;6845
2026-06-08T08:23:18.0000000Z;7.207;7.227;3503;6845
2026-06-08T08:23:19.0000000Z;7.207;7.227;3503;6845
2026-06-08T08:23:20.0000000Z;7.207;7.227;9443;6845
2026-06-08T08:23:21.0000000Z;7.207;7.227;9443;6845
2026-06-08T08:23:22.0000000Z;7.207;7.227;9443;6845
2026-06-08T08:23:23.0000000Z;7.207;7.227;9443;6845
2026-06-08T08:23:24.0000000Z;7.207;7.227;9443;6845
2026-06-08T08:23:25.0000000Z;7.207;7.227;9443;6845
2026-06-08T08:23:26.0000000Z;7.207;7.227;9443;6845
2026-06-08T08:23:27.0000000Z;7.207;7.227;9443;6845
2026-06-08T08:23:28.0000000Z;7.207;7.227;9443;6845
2026-06-08T08:23:29.0000000Z;7.207;7.227;9443;6845
2026-06-08T08:23:30.0000000Z;7.207;7.227;9443;6845
2026-06-08T08:23:31.0000000Z;7.207;7.227;9443;6845
2026-06-08T08:23:32.0000000Z;7.207;7.227;9443;6845
2026-06-08T08:23:33.0000000Z;7.207;7.227;9443;6845
2026-06-08T08:23:34.0000000Z;7.207;7.227;9443;6845
2026-06-08T08:23:35.0000000Z;7.209;7.227;34000;6845
2026-06-08T08:23:36.0000000Z;7.209;7.227;34000;6845
2026-06-08T08:23:37.0000000Z;7.21;7.227;20435;6845
2026-06-08T08:23:38.0000000Z;7.21;7.227;20435;6845
2026-06-08T08:23:39.0000000Z;7.21;7.227;20435;6845
2026-06-08T08:23:40.0000000Z;7.21;7.227;20435;4450
2026-06-08T08:23:41.0000000Z;7.21;7.227;20435;4450
2026-06-08T08:23:42.0000000Z;7.21;7.227;20435;4450
2026-06-08T08:23:43.0000000Z;7.21;7.227;20435;4450
2026-06-08T08:23:44.0000000Z;7.209;7.227;7048;4450
2026-06-08T08:23:45.0000000Z;7.209;7.227;7048;4450
2026-06-08T08:23:46.0000000Z;7.209;7.227;7048;4450
2026-06-08T08:23:47.0000000Z;7.209;7.227;7048;4450
2026-06-08T08:23:48.0000000Z;7.211;7.227;1108;4450
2026-06-08T08:23:49.0000000Z;7.211;7.227;34000;4450
2026-06-08T08:23:58.0000000Z;7.211;7.227;34000;4450
2026-06-08T08:24:04.0000000Z;7.212;7.227;20435;4450
2026-06-08T08:24:06.0000000Z;7.212;7.227;20435;4450
2026-06-08T08:24:07.0000000Z;7.212;7.227;20435;4450
2026-06-08T08:24:12.0000000Z;7.211;7.227;34000;4450
2026-06-08T08:24:32.0000000Z;7.211;7.227;34000;4450
2026-06-08T08:24:33.0000000Z;7.21;7.227;1108;4450
2026-06-08T08:24:34.0000000Z;7.21;7.227;1108;4450
2026-06-08T08:24:35.0000000Z;7.21;7.227;1108;4450
2026-06-08T08:24:36.0000000Z;7.21;7.227;57903;4450
2026-06-08T08:24:38.0000000Z;7.21;7.227;57903;4450
2026-06-08T08:24:39.0000000Z;7.21;7.227;57903;4450
2026-06-08T08:24:40.0000000Z;7.21;7.227;54435;4450
2026-06-08T08:24:41.0000000Z;7.21;7.227;54435;4450
2026-06-08T08:24:42.0000000Z;7.21;7.227;54435;4450
2026-06-08T08:24:43.0000000Z;7.21;7.227;54435;4450
2026-06-08T08:24:46.0000000Z;7.21;7.227;54435;4450
2026-06-08T08:24:49.0000000Z;7.21;7.227;54435;4450
2026-06-08T08:24:52.0000000Z;7.21;7.227;54435;4450
2026-06-08T08:24:53.0000000Z;7.209;7.227;7048;4450
2026-06-08T08:24:54.0000000Z;7.209;7.227;7048;4450
2026-06-08T08:24:56.0000000Z;7.21;7.227;20435;4450
2026-06-08T08:24:58.0000000Z;7.21;7.227;20435;4450
2026-06-08T08:25:00.0000000Z;7.209;7.227;1108;4450
2026-06-08T08:25:01.0000000Z;7.209;7.227;1108;4450
2026-06-08T08:25:02.0000000Z;7.207;7.227;6124;4450
2026-06-08T08:25:03.0000000Z;7.207;7.227;6124;4450
2026-06-08T08:25:04.0000000Z;7.207;7.227;6124;4450
2026-06-08T08:25:05.0000000Z;7.207;7.227;6124;4450
2026-06-08T08:25:06.0000000Z;7.207;7.227;6124;4450
2026-06-08T08:25:08.0000000Z;7.207;7.227;6124;4450
2026-06-08T08:25:09.0000000Z;7.208;7.227;20435;4450
2026-06-08T08:25:10.0000000Z;7.207;7.227;6124;4450
2026-06-08T08:25:12.0000000Z;7.207;7.227;6124;4450
2026-06-08T08:25:14.0000000Z;7.207;7.227;3503;4450
2026-06-08T08:25:15.0000000Z;7.207;7.227;6124;4450
2026-06-08T08:25:16.0000000Z;7.207;7.227;6124;4450
2026-06-08T08:25:17.0000000Z;7.207;7.227;6124;4450
2026-06-08T08:25:18.0000000Z;7.207;7.227;6124;4450
2026-06-08T08:25:20.0000000Z;7.209;7.227;1108;4450
2026-06-08T08:25:21.0000000Z;7.209;7.227;1108;4450
2026-06-08T08:25:22.0000000Z;7.209;7.227;1108;4450
2026-06-08T08:25:23.0000000Z;7.209;7.227;1108;4450
2026-06-08T08:25:24.0000000Z;7.207;7.227;6124;4450
2026-06-08T08:25:25.0000000Z;7.207;7.227;6124;4450
2026-06-08T08:25:26.0000000Z;7.207;7.227;6124;4450
2026-06-08T08:25:27.0000000Z;7.207;7.227;6124;4450
2026-06-08T08:25:28.0000000Z;7.207;7.227;6124;4450
2026-06-08T08:25:30.0000000Z;7.207;7.227;6124;4450
2026-06-08T08:25:32.0000000Z;7.209;7.227;1108;4450
2026-06-08T08:25:33.0000000Z;7.209;7.227;1108;4450
2026-06-08T08:25:34.0000000Z;7.21;7.227;20435;4450
2026-06-08T08:25:35.0000000Z;7.209;7.227;1108;4450
2026-06-08T08:25:36.0000000Z;7.209;7.227;1108;4450
2026-06-08T08:25:37.0000000Z;7.209;7.227;1108;4450
2026-06-08T08:25:38.0000000Z;7.209;7.227;1108;4450
2026-06-08T08:25:39.0000000Z;7.209;7.227;1108;4450
2026-06-08T08:25:40.0000000Z;7.207;7.227;6124;4450
2026-06-08T08:25:41.0000000Z;7.207;7.227;6124;4450
2026-06-08T08:25:42.0000000Z;7.207;7.227;6124;4450
2026-06-08T08:25:43.0000000Z;7.207;7.227;6124;4450
2026-06-08T08:25:44.0000000Z;7.207;7.227;6124;4450
2026-06-08T08:25:45.0000000Z;7.208;7.227;20435;4450
2026-06-08T08:25:46.0000000Z;7.207;7.227;6124;4450
2026-06-08T08:25:47.0000000Z;7.207;7.227;6124;4450
2026-06-08T08:25:48.0000000Z;7.207;7.227;6124;4450
2026-06-08T08:25:49.0000000Z;7.207;7.227;6124;4450
2026-06-08T08:25:50.0000000Z;7.21;7.227;20435;4450
2026-06-08T08:25:51.0000000Z;7.21;7.227;20435;4450
2026-06-08T08:25:52.0000000Z;7.209;7.227;54435;4450
2026-06-08T08:25:56.0000000Z;7.209;7.227;20435;4450
2026-06-08T08:25:57.0000000Z;7.209;7.227;20435;4450
2026-06-08T08:26:06.0000000Z;7.209;7.227;20435;4450
2026-06-08T08:26:07.0000000Z;7.21;7.227;1108;4450
2026-06-08T08:26:08.0000000Z;7.21;7.227;1108;4450
2026-06-08T08:26:09.0000000Z;7.211;7.227;1108;4450
2026-06-08T08:26:10.0000000Z;7.211;7.227;54435;4450
2026-06-08T08:26:11.0000000Z;7.21;7.227;3729;4450
2026-06-08T08:26:12.0000000Z;7.211;7.227;54435;4450
2026-06-08T08:26:13.0000000Z;7.211;7.227;1108;4450
2026-06-08T08:26:15.0000000Z;7.21;7.227;1108;4450
2026-06-08T08:26:16.0000000Z;7.211;7.227;54435;4450
2026-06-08T08:26:17.0000000Z;7.21;7.227;1108;4450
2026-06-08T08:26:18.0000000Z;7.211;7.227;20435;4450
2026-06-08T08:26:19.0000000Z;7.211;7.227;20435;34000
2026-06-08T08:26:20.0000000Z;7.21;7.227;1108;34000
2026-06-08T08:26:22.0000000Z;7.21;7.228;34000;20435
2026-06-08T08:26:24.0000000Z;7.209;7.228;54435;20435
2026-06-08T08:26:26.0000000Z;7.209;7.228;54435;20435
2026-06-08T08:26:27.0000000Z;7.21;7.228;1108;20435
2026-06-08T08:26:28.0000000Z;7.21;7.228;1108;20435
2026-06-08T08:26:29.0000000Z;7.21;7.228;1108;20435
2026-06-08T08:26:31.0000000Z;7.21;7.228;1108;20435
2026-06-08T08:26:33.0000000Z;7.21;7.228;1108;20435
2026-06-08T08:26:35.0000000Z;7.209;7.228;1108;20435
2026-06-08T08:26:36.0000000Z;7.21;7.228;20435;20435
2026-06-08T08:26:37.0000000Z;7.208;7.228;6124;20435
2026-06-08T08:26:38.0000000Z;7.209;7.228;20435;20435
2026-06-08T08:26:39.0000000Z;7.21;7.228;1108;20435
2026-06-08T08:26:40.0000000Z;7.21;7.228;1108;20435
2026-06-08T08:26:42.0000000Z;7.208;7.228;6124;20435
2026-06-08T08:26:43.0000000Z;7.208;7.228;6124;20435
2026-06-08T08:26:44.0000000Z;7.21;7.228;1108;20435
2026-06-08T08:26:47.0000000Z;7.21;7.228;1108;20435
2026-06-08T08:26:49.0000000Z;7.21;7.23;1108;12400
2026-06-08T08:26:51.0000000Z;7.21;7.23;1108;12400
2026-06-08T08:26:52.0000000Z;7.21;7.229;1108;20435
2026-06-08T08:26:53.0000000Z;7.21;7.229;1108;20435
2026-06-08T08:26:55.0000000Z;7.21;7.229;1108;20435
2026-06-08T08:26:57.0000000Z;7.211;7.229;20435;20435
2026-06-08T08:26:58.0000000Z;7.211;7.229;20435;20435
2026-06-08T08:26:59.0000000Z;7.211;7.229;20435;20435
2026-06-08T08:27:00.0000000Z;7.211;7.229;20435;20435
2026-06-08T08:27:02.0000000Z;7.211;7.229;20435;20435
2026-06-08T08:27:04.0000000Z;7.21;7.229;1108;20435
2026-06-08T08:27:06.0000000Z;7.21;7.229;1108;20435
2026-06-08T08:27:08.0000000Z;7.21;7.229;1108;20435
2026-06-08T08:27:10.0000000Z;7.208;7.229;6124;20435
2026-06-08T08:27:12.0000000Z;7.21;7.229;1108;20435
2026-06-08T08:27:13.0000000Z;7.21;7.229;1108;20435
2026-06-08T08:27:14.0000000Z;7.21;7.229;1108;20435
2026-06-08T08:27:15.0000000Z;7.21;7.229;1108;20435
2026-06-08T08:27:16.0000000Z;7.21;7.229;1108;20435
2026-06-08T08:27:17.0000000Z;7.21;7.229;1108;20435
2026-06-08T08:27:18.0000000Z;7.208;7.229;6124;20435
2026-06-08T08:27:20.0000000Z;7.209;7.229;23903;20435
2026-06-08T08:27:21.0000000Z;7.21;7.229;1108;20435
2026-06-08T08:27:22.0000000Z;7.21;7.229;34000;20435
2026-06-08T08:27:23.0000000Z;7.21;7.229;34000;20435
2026-06-08T08:27:25.0000000Z;7.209;7.229;1108;20435
2026-06-08T08:27:26.0000000Z;7.21;7.229;20435;20435
2026-06-08T08:27:27.0000000Z;7.21;7.229;20435;20435
2026-06-08T08:27:28.0000000Z;7.209;7.229;3503;20435
2026-06-08T08:27:30.0000000Z;7.209;7.229;3503;20435
2026-06-08T08:27:31.0000000Z;7.209;7.229;3503;20435
2026-06-08T08:27:33.0000000Z;7.209;7.229;3503;20435
2026-06-08T08:27:34.0000000Z;7.209;7.229;3503;20435
2026-06-08T08:27:39.0000000Z;7.209;7.229;3503;20435
2026-06-08T08:27:40.0000000Z;7.209;7.229;3503;20435
2026-06-08T08:27:42.0000000Z;7.209;7.229;3503;20435
2026-06-08T08:27:44.0000000Z;7.209;7.229;3503;20435
2026-06-08T08:27:47.0000000Z;7.209;7.229;3503;20435
2026-06-08T08:27:49.0000000Z;7.209;7.229;3503;20435
2026-06-08T08:27:50.0000000Z;7.209;7.229;3503;20435
2026-06-08T08:27:51.0000000Z;7.209;7.229;3503;20435
2026-06-08T08:27:52.0000000Z;7.209;7.229;3503;20435
2026-06-08T08:27:53.0000000Z;7.209;7.229;3503;20435
2026-06-08T08:27:54.0000000Z;7.209;7.229;3503;20435
2026-06-08T08:27:55.0000000Z;7.209;7.229;3503;20435
2026-06-08T08:27:56.0000000Z;7.209;7.229;3503;20435
2026-06-08T08:27:58.0000000Z;7.209;7.229;3503;20435
2026-06-08T08:27:59.0000000Z;7.209;7.229;3503;20435
2026-06-08T08:28:00.0000000Z;7.209;7.229;3503;56830
2026-06-08T08:28:01.0000000Z;7.209;7.229;3503;56830
2026-06-08T08:28:02.0000000Z;7.209;7.229;3503;56830
2026-06-08T08:28:04.0000000Z;7.209;7.229;34000;56830
2026-06-08T08:28:05.0000000Z;7.209;7.229;34000;56830
2026-06-08T08:28:06.0000000Z;7.209;7.229;3503;56830
2026-06-08T08:28:11.0000000Z;7.209;7.229;3503;56830
2026-06-08T08:28:12.0000000Z;7.209;7.229;3503;56830
2026-06-08T08:28:17.0000000Z;7.209;7.229;34000;56830
2026-06-08T08:28:18.0000000Z;7.209;7.229;1108;56830
2026-06-08T08:28:19.0000000Z;7.209;7.229;3503;56830
2026-06-08T08:28:23.0000000Z;7.209;7.229;3503;56830
2026-06-08T08:28:30.0000000Z;7.209;7.229;3503;56830
2026-06-08T08:28:32.0000000Z;7.209;7.229;3503;56830
2026-06-08T08:28:35.0000000Z;7.209;7.229;3503;56830
2026-06-08T08:28:36.0000000Z;7.209;7.229;34000;56830
2026-06-08T08:28:37.0000000Z;7.209;7.229;3503;56830
2026-06-08T08:28:38.0000000Z;7.209;7.229;3503;56830
2026-06-08T08:28:41.0000000Z;7.209;7.229;3503;56830
2026-06-08T08:28:42.0000000Z;7.209;7.229;3503;54435
2026-06-08T08:28:45.0000000Z;7.209;7.229;3503;20435
2026-06-08T08:28:47.0000000Z;7.209;7.229;34000;20435
2026-06-08T08:28:48.0000000Z;7.208;7.229;6124;20435
2026-06-08T08:28:49.0000000Z;7.21;7.229;1108;20435
2026-06-08T08:28:50.0000000Z;7.21;7.229;1108;20435
2026-06-08T08:28:54.0000000Z;7.209;7.229;3503;20435
2026-06-08T08:28:56.0000000Z;7.209;7.229;3503;20435
2026-06-08T08:28:57.0000000Z;7.21;7.229;20435;20435
2026-06-08T08:28:58.0000000Z;7.21;7.229;20435;20435
2026-06-08T08:29:00.0000000Z;7.209;7.229;3503;20435
2026-06-08T08:29:02.0000000Z;7.209;7.229;3503;20435
2026-06-08T08:29:08.0000000Z;7.21;7.229;20435;20435
2026-06-08T08:29:10.0000000Z;7.21;7.229;20435;20435
2026-06-08T08:29:20.0000000Z;7.21;7.229;20435;20435
2026-06-08T08:29:23.0000000Z;7.21;7.229;20435;20435
2026-06-08T08:29:25.0000000Z;7.21;7.229;20435;20435
2026-06-08T08:29:26.0000000Z;7.21;7.229;20435;20435
2026-06-08T08:29:30.0000000Z;7.21;7.229;20435;20435
2026-06-08T08:29:38.0000000Z;7.21;7.229;20435;20435
2026-06-08T08:29:50.0000000Z;7.21;7.229;20435;20435
2026-06-08T08:29:52.0000000Z;7.21;7.229;20435;20435
2026-06-08T08:29:56.0000000Z;7.21;7.229;20435;20435
2026-06-08T08:29:58.0000000Z;7.21;7.229;20435;20435
2026-06-08T08:29:59.0000000Z;7.21;7.229;20435;20435
2026-06-08T08:30:00.0000000Z;7.21;7.229;20435;20435
2026-06-08T08:30:01.0000000Z;7.207;7.229;1108;20435
2026-06-08T08:30:02.0000000Z;7.209;7.229;34000;20435
2026-06-08T08:30:03.0000000Z;7.208;7.229;23904;20435
2026-06-08T08:30:04.0000000Z;7.207;7.229;3729;20435
2026-06-08T08:30:05.0000000Z;7.207;7.229;1108;20435
2026-06-08T08:30:06.0000000Z;7.208;7.229;23904;20435
2026-06-08T08:30:07.0000000Z;7.207;7.229;1108;20435
2026-06-08T08:30:08.0000000Z;7.208;7.229;23904;20435
2026-06-08T08:30:09.0000000Z;7.207;7.229;1108;20435
2026-06-08T08:30:10.0000000Z;7.201;7.24;1108;2395
2026-06-08T08:30:11.0000000Z;7.207;7.24;34000;2395
2026-06-08T08:30:13.0000000Z;7.205;7.239;34000;20435
2026-06-08T08:30:14.0000000Z;7.206;7.239;20435;20435
2026-06-08T08:30:15.0000000Z;7.206;7.24;20435;34000
2026-06-08T08:30:16.0000000Z;7.206;7.231;20435;14795
2026-06-08T08:30:21.0000000Z;7.206;7.231;20435;14795
2026-06-08T08:30:23.0000000Z;7.206;7.231;20435;14795
2026-06-08T08:30:28.0000000Z;7.206;7.231;20435;14795
2026-06-08T08:30:30.0000000Z;7.206;7.231;20435;14795
2026-06-08T08:30:33.0000000Z;7.206;7.23;20435;54435
2026-06-08T08:30:39.0000000Z;7.206;7.23;20435;54435
2026-06-08T08:30:52.0000000Z;7.206;7.23;20435;54435
2026-06-08T08:30:57.0000000Z;7.206;7.23;20435;54435
2026-06-08T08:31:00.0000000Z;7.206;7.23;20435;54435
2026-06-08T08:31:03.0000000Z;7.206;7.23;20435;54435
2026-06-08T08:31:08.0000000Z;7.206;7.23;20435;54435
2026-06-08T08:31:10.0000000Z;7.206;7.23;20435;54435
2026-06-08T08:31:15.0000000Z;7.206;7.23;20435;54435
2026-06-08T08:31:20.0000000Z;7.206;7.23;20435;54435
2026-06-08T08:31:22.0000000Z;7.206;7.23;20435;54435
2026-06-08T08:31:25.0000000Z;7.206;7.23;20435;54435
2026-06-08T08:31:33.0000000Z;7.206;7.23;20435;54435
2026-06-08T08:31:34.0000000Z;7.206;7.23;20435;54435
2026-06-08T08:31:36.0000000Z;7.206;7.23;20435;54435
2026-06-08T08:31:42.0000000Z;7.206;7.23;20435;54435
2026-06-08T08:31:45.0000000Z;7.206;7.23;20435;54435
2026-06-08T08:31:53.0000000Z;7.206;7.23;20435;54435
2026-06-08T08:31:56.0000000Z;7.206;7.23;20435;54435
2026-06-08T08:32:01.0000000Z;7.206;7.23;20435;54435
2026-06-08T08:32:03.0000000Z;7.206;7.23;20435;54435
2026-06-08T08:32:15.0000000Z;7.207;7.23;1108;54435
2026-06-08T08:32:17.0000000Z;7.207;7.23;1108;54435
2026-06-08T08:32:20.0000000Z;7.207;7.23;1108;54435
2026-06-08T08:32:25.0000000Z;7.207;7.23;1108;54435
2026-06-08T08:32:26.0000000Z;7.207;7.23;1108;54435
2026-06-08T08:32:28.0000000Z;7.207;7.231;1108;14795
2026-06-08T08:32:29.0000000Z;7.207;7.231;3503;14795
2026-06-08T08:32:30.0000000Z;7.207;7.23;3503;20435
2026-06-08T08:32:32.0000000Z;7.207;7.23;3503;20435
2026-06-08T08:32:33.0000000Z;7.208;7.23;20420;20420
2026-06-08T08:32:35.0000000Z;7.208;7.231;20420;12400
2026-06-08T08:32:37.0000000Z;7.208;7.231;20420;12400
2026-06-08T08:32:58.0000000Z;7.208;7.231;20420;12400
2026-06-08T08:32:59.0000000Z;7.207;7.231;3503;12400
2026-06-08T08:33:00.0000000Z;7.207;7.231;3503;12400
2026-06-08T08:33:03.0000000Z;7.207;7.231;1108;12400
2026-06-08T08:33:06.0000000Z;7.207;7.231;1108;12400
2026-06-08T08:33:08.0000000Z;7.208;7.231;20420;12400
2026-06-08T08:33:13.0000000Z;7.207;7.231;1108;12400
2026-06-08T08:33:17.0000000Z;7.207;7.231;1108;12400
2026-06-08T08:33:18.0000000Z;7.207;7.231;1108;12400
2026-06-08T08:33:19.0000000Z;7.208;7.231;20420;12400
2026-06-08T08:33:21.0000000Z;7.209;7.231;1108;12400
2026-06-08T08:33:26.0000000Z;7.209;7.231;1108;12400
2026-06-08T08:33:31.0000000Z;7.209;7.231;1108;12400
2026-06-08T08:33:32.0000000Z;7.21;7.231;20420;12400
2026-06-08T08:33:36.0000000Z;7.209;7.231;34000;12400
2026-06-08T08:33:37.0000000Z;7.209;7.231;1108;12400
2026-06-08T08:33:42.0000000Z;7.209;7.231;1108;12400
2026-06-08T08:33:47.0000000Z;7.21;7.231;20420;12400
2026-06-08T08:33:52.0000000Z;7.209;7.231;1108;12400
2026-06-08T08:33:55.0000000Z;7.209;7.231;1108;12400
2026-06-08T08:33:57.0000000Z;7.209;7.231;1108;12400
2026-06-08T08:34:02.0000000Z;7.209;7.231;34000;12400
2026-06-08T08:34:03.0000000Z;7.211;7.231;1108;12400
2026-06-08T08:34:05.0000000Z;7.211;7.231;1108;12400
2026-06-08T08:34:07.0000000Z;7.211;7.231;1908;12400
2026-06-08T08:34:08.0000000Z;7.211;7.231;1108;12400
2026-06-08T08:34:14.0000000Z;7.211;7.231;1108;12400
2026-06-08T08:34:18.0000000Z;7.209;7.231;2770;12400
2026-06-08T08:34:21.0000000Z;7.21;7.231;23888;12400
2026-06-08T08:34:24.0000000Z;7.21;7.231;20420;12400
2026-06-08T08:34:38.0000000Z;7.209;7.231;1108;12400
2026-06-08T08:34:43.0000000Z;7.209;7.231;34000;12400
2026-06-08T08:34:44.0000000Z;7.209;7.231;1108;12400
2026-06-08T08:34:49.0000000Z;7.21;7.231;20420;12400
2026-06-08T08:34:52.0000000Z;7.21;7.231;20420;12400
2026-06-08T08:34:54.0000000Z;7.21;7.231;20420;12400
2026-06-08T08:34:59.0000000Z;7.209;7.231;1108;12400
2026-06-08T08:35:00.0000000Z;7.209;7.231;1108;12400
2026-06-08T08:35:03.0000000Z;7.209;7.231;1108;12400
2026-06-08T08:35:04.0000000Z;7.209;7.231;1108;12400
2026-06-08T08:35:05.0000000Z;7.21;7.231;20420;12400
2026-06-08T08:35:08.0000000Z;7.209;7.231;1108;12400
2026-06-08T08:35:09.0000000Z;7.209;7.231;34000;12400
2026-06-08T08:35:10.0000000Z;7.209;7.231;1108;12400
2026-06-08T08:35:15.0000000Z;7.21;7.231;20420;12400
2026-06-08T08:35:20.0000000Z;7.21;7.231;20420;12400
2026-06-08T08:35:23.0000000Z;7.21;7.231;20420;12400
2026-06-08T08:35:25.0000000Z;7.209;7.231;1108;12400
2026-06-08T08:35:26.0000000Z;7.21;7.231;20420;12400
2026-06-08T08:35:30.0000000Z;7.209;7.231;1108;12400
2026-06-08T08:35:35.0000000Z;7.209;7.231;34000;12400
2026-06-08T08:35:36.0000000Z;7.21;7.231;20420;12400
2026-06-08T08:35:38.0000000Z;7.21;7.231;20420;12400
2026-06-08T08:35:41.0000000Z;7.209;7.231;1108;12400
2026-06-08T08:35:46.0000000Z;7.209;7.231;1108;12400
2026-06-08T08:35:51.0000000Z;7.209;7.231;1108;12400
2026-06-08T08:35:52.0000000Z;7.21;7.231;20420;12400
2026-06-08T08:35:56.0000000Z;7.209;7.231;1108;12400
2026-06-08T08:35:57.0000000Z;7.21;7.231;20420;12400
2026-06-08T08:36:01.0000000Z;7.209;7.231;34000;12400
2026-06-08T08:36:02.0000000Z;7.209;7.231;1108;12400
2026-06-08T08:36:07.0000000Z;7.21;7.231;20420;12400
2026-06-08T08:36:12.0000000Z;7.207;7.231;3503;12400
2026-06-08T08:36:13.0000000Z;7.208;7.231;23889;12400
2026-06-08T08:36:14.0000000Z;7.208;7.231;20420;12400
2026-06-08T08:36:15.0000000Z;7.209;7.231;1108;12400
2026-06-08T08:36:17.0000000Z;7.209;7.231;1108;12400
2026-06-08T08:36:20.0000000Z;7.21;7.231;20420;12400
2026-06-08T08:36:22.0000000Z;7.209;7.231;2649;14322
2026-06-08T08:36:23.0000000Z;7.209;7.231;1108;14322
2026-06-08T08:36:24.0000000Z;7.209;7.231;1108;12400
2026-06-08T08:36:25.0000000Z;7.209;7.231;1108;12400
2026-06-08T08:36:30.0000000Z;7.207;7.231;3503;12400
2026-06-08T08:36:31.0000000Z;7.208;7.231;3469;12400
2026-06-08T08:36:33.0000000Z;7.207;7.231;54420;12400
2026-06-08T08:36:34.0000000Z;7.207;7.231;56815;12400
2026-06-08T08:36:42.0000000Z;7.207;7.231;56815;12400
2026-06-08T08:36:45.0000000Z;7.207;7.231;56815;12400
2026-06-08T08:36:50.0000000Z;7.209;7.231;1108;12400
2026-06-08T08:36:55.0000000Z;7.21;7.231;20420;12400
2026-06-08T08:36:58.0000000Z;7.21;7.231;20420;12400
2026-06-08T08:37:00.0000000Z;7.209;7.231;1108;12400
2026-06-08T08:37:05.0000000Z;7.209;7.231;1108;12400
2026-06-08T08:37:10.0000000Z;7.209;7.231;34000;12400
2026-06-08T08:37:11.0000000Z;7.21;7.231;20420;12400
2026-06-08T08:37:13.0000000Z;7.21;7.231;20420;12400
2026-06-08T08:37:16.0000000Z;7.21;7.231;20420;12400
2026-06-08T08:37:21.0000000Z;7.209;7.231;1108;12400
2026-06-08T08:37:26.0000000Z;7.209;7.231;1108;12400
2026-06-08T08:37:31.0000000Z;7.209;7.231;1108;12400
2026-06-08T08:37:35.0000000Z;7.209;7.231;1108;12400
2026-06-08T08:37:36.0000000Z;7.209;7.231;34000;12400
2026-06-08T08:37:37.0000000Z;7.209;7.231;1108;12400
2026-06-08T08:37:42.0000000Z;7.209;7.231;1108;12400
2026-06-08T08:37:47.0000000Z;7.209;7.231;1108;12400
2026-06-08T08:37:48.0000000Z;7.209;7.231;1108;12400
2026-06-08T08:37:53.0000000Z;7.209;7.231;1108;12400
2026-06-08T08:37:58.0000000Z;7.209;7.231;1108;12400
2026-06-08T08:38:03.0000000Z;7.209;7.231;34000;12400
2026-06-08T08:38:04.0000000Z;7.209;7.231;1108;12400
2026-06-08T08:38:09.0000000Z;7.207;7.231;3503;12400
2026-06-08T08:38:10.0000000Z;7.208;7.231;23889;12400
2026-06-08T08:38:11.0000000Z;7.209;7.231;1108;12400
2026-06-08T08:38:14.0000000Z;7.209;7.231;1108;12400
2026-06-08T08:38:16.0000000Z;7.209;7.231;1108;12400
2026-06-08T08:38:17.0000000Z;7.21;7.231;20420;12400
2026-06-08T08:38:21.0000000Z;7.209;7.231;34000;12400
2026-06-08T08:38:22.0000000Z;7.209;7.231;1108;12400
2026-06-08T08:38:27.0000000Z;7.209;7.231;1108;12400
2026-06-08T08:38:32.0000000Z;7.209;7.231;1108;12400
2026-06-08T08:38:37.0000000Z;7.209;7.231;1108;12400
2026-06-08T08:38:38.0000000Z;7.21;7.231;20420;12400
2026-06-08T08:38:39.0000000Z;7.21;7.23;20420;3654
2026-06-08T08:38:42.0000000Z;7.209;7.23;1108;3654
2026-06-08T08:38:46.0000000Z;7.207;7.23;1108;3654
2026-06-08T08:38:47.0000000Z;7.209;7.23;34000;3654
2026-06-08T08:38:48.0000000Z;7.208;7.23;20420;3654
2026-06-08T08:38:52.0000000Z;7.208;7.23;20420;6049
2026-06-08T08:39:00.0000000Z;7.208;7.23;20420;3654
2026-06-08T08:39:06.0000000Z;7.207;7.23;1108;3654
2026-06-08T08:39:08.0000000Z;7.207;7.23;1616;3654
2026-06-08T08:39:09.0000000Z;7.207;7.23;1108;3654
2026-06-08T08:39:10.0000000Z;7.207;7.23;2226;3654
2026-06-08T08:39:12.0000000Z;7.207;7.23;2226;6049
2026-06-08T08:39:18.0000000Z;7.207;7.23;2226;3654
2026-06-08T08:39:26.0000000Z;7.207;7.23;4621;3654
2026-06-08T08:39:31.0000000Z;7.207;7.23;4621;3654
2026-06-08T08:39:34.0000000Z;7.207;7.23;3961;3654
2026-06-08T08:39:35.0000000Z;7.207;7.23;3503;3654
2026-06-08T08:39:36.0000000Z;7.207;7.23;3885;3654
2026-06-08T08:39:50.0000000Z;7.207;7.23;4875;8377
2026-06-08T08:39:51.0000000Z;7.207;7.23;4875;3654
2026-06-08T08:39:53.0000000Z;7.207;7.23;3503;12518
2026-06-08T08:40:02.0000000Z;7.207;7.23;3503;17241
2026-06-08T08:40:03.0000000Z;7.207;7.23;3503;3654
2026-06-08T08:40:14.0000000Z;7.207;7.23;3503;12518
2026-06-08T08:40:15.0000000Z;7.207;7.23;4161;3654
2026-06-08T08:40:16.0000000Z;7.207;7.23;3503;3654
2026-06-08T08:40:18.0000000Z;7.207;7.23;3503;12518
2026-06-08T08:40:19.0000000Z;7.207;7.23;3503;3654
2026-06-08T08:40:20.0000000Z;7.207;7.23;3503;12518
2026-06-08T08:40:30.0000000Z;7.209;7.23;1108;3654
2026-06-08T08:40:31.0000000Z;7.209;7.23;1108;12518
2026-06-08T08:40:32.0000000Z;7.209;7.23;1108;17241
2026-06-08T08:40:35.0000000Z;7.207;7.23;3503;17241
2026-06-08T08:40:37.0000000Z;7.208;7.23;20420;17241
2026-06-08T08:40:39.0000000Z;7.208;7.23;20420;17241
2026-06-08T08:40:41.0000000Z;7.208;7.23;20420;17241
2026-06-08T08:40:58.0000000Z;7.208;7.23;20420;13587
2026-06-08T08:41:00.0000000Z;7.208;7.23;20420;4723
2026-06-08T08:41:01.0000000Z;7.208;7.231;20420;12400
2026-06-08T08:41:02.0000000Z;7.208;7.231;20420;12400
2026-06-08T08:41:03.0000000Z;7.208;7.231;20420;12400
2026-06-08T08:41:04.0000000Z;7.208;7.231;20420;12400
2026-06-08T08:41:05.0000000Z;7.208;7.23;20420;20420
2026-06-08T08:41:07.0000000Z;7.208;7.23;20420;20420
2026-06-08T08:41:09.0000000Z;7.208;7.23;20420;20420
2026-06-08T08:41:11.0000000Z;7.208;7.23;20420;20420
2026-06-08T08:41:13.0000000Z;7.208;7.23;20420;20420
2026-06-08T08:41:15.0000000Z;7.208;7.23;20420;20420
2026-06-08T08:41:16.0000000Z;7.208;7.23;20420;20420
2026-06-08T08:41:17.0000000Z;7.208;7.23;20420;20420
2026-06-08T08:41:19.0000000Z;7.208;7.23;20420;20420
2026-06-08T08:41:21.0000000Z;7.208;7.23;20420;20420
2026-06-08T08:41:22.0000000Z;7.208;7.23;20420;20420
2026-06-08T08:41:25.0000000Z;7.207;7.23;34000;20420
2026-06-08T08:41:26.0000000Z;7.207;7.23;3503;20420
2026-06-08T08:41:27.0000000Z;7.207;7.23;3503;20420
2026-06-08T08:41:28.0000000Z;7.207;7.23;3503;20420
2026-06-08T08:41:29.0000000Z;7.207;7.23;3503;20420
2026-06-08T08:41:31.0000000Z;7.207;7.23;3503;20420
2026-06-08T08:41:32.0000000Z;7.207;7.23;3503;20420
2026-06-08T08:41:33.0000000Z;7.207;7.23;3503;20420
2026-06-08T08:41:38.0000000Z;7.207;7.23;3503;20420
2026-06-08T08:41:40.0000000Z;7.207;7.23;3503;20420
2026-06-08T08:41:42.0000000Z;7.207;7.23;3503;20420
2026-06-08T08:41:44.0000000Z;7.207;7.23;3503;20420
2026-06-08T08:41:46.0000000Z;7.207;7.23;3503;20420
2026-06-08T08:41:47.0000000Z;7.207;7.23;3503;20420
2026-06-08T08:41:48.0000000Z;7.207;7.23;3503;20420
2026-06-08T08:41:50.0000000Z;7.207;7.23;3503;20420
2026-06-08T08:41:52.0000000Z;7.207;7.23;1108;20420
2026-06-08T08:41:53.0000000Z;7.207;7.23;3503;20420
2026-06-08T08:41:57.0000000Z;7.207;7.23;3503;20420
2026-06-08T08:41:58.0000000Z;7.207;7.23;1108;20420
2026-06-08T08:41:59.0000000Z;7.207;7.23;3503;20420
2026-06-08T08:42:00.0000000Z;7.207;7.23;3503;20420
2026-06-08T08:42:03.0000000Z;7.207;7.23;3503;20420
2026-06-08T08:42:05.0000000Z;7.207;7.23;34000;20420
2026-06-08T08:42:06.0000000Z;7.207;7.23;3503;20420
2026-06-08T08:42:10.0000000Z;7.207;7.23;3503;20420
2026-06-08T08:42:11.0000000Z;7.207;7.23;1108;20420
2026-06-08T08:42:16.0000000Z;7.207;7.23;1108;20420
2026-06-08T08:42:20.0000000Z;7.207;7.23;3503;20420
2026-06-08T08:42:21.0000000Z;7.207;7.23;3503;20420
2026-06-08T08:42:25.0000000Z;7.207;7.23;1108;20420
2026-06-08T08:42:26.0000000Z;7.208;7.23;20420;20420
2026-06-08T08:42:30.0000000Z;7.207;7.23;34000;20420
2026-06-08T08:42:31.0000000Z;7.207;7.23;1108;20420
2026-06-08T08:42:32.0000000Z;7.207;7.229;1108;2395
2026-06-08T08:42:33.0000000Z;7.207;7.228;1108;20420
2026-06-08T08:42:35.0000000Z;7.207;7.228;1108;54420
2026-06-08T08:42:36.0000000Z;7.207;7.228;1108;54420
2026-06-08T08:42:37.0000000Z;7.207;7.228;1108;54420
2026-06-08T08:42:39.0000000Z;7.207;7.228;1108;54420
2026-06-08T08:42:41.0000000Z;7.207;7.228;1108;3592
2026-06-08T08:42:45.0000000Z;7.207;7.228;1108;3592
2026-06-08T08:42:48.0000000Z;7.207;7.228;1108;3592
2026-06-08T08:42:50.0000000Z;7.207;7.228;1108;7184
2026-06-08T08:42:51.0000000Z;7.207;7.228;1108;3592
2026-06-08T08:42:52.0000000Z;7.207;7.228;1108;7184
2026-06-08T08:42:56.0000000Z;7.206;7.228;1108;7184
2026-06-08T08:42:57.0000000Z;7.207;7.228;20420;3592
2026-06-08T08:42:59.0000000Z;7.206;7.228;1108;3592
2026-06-08T08:43:00.0000000Z;7.206;7.228;1546;3592
2026-06-08T08:43:01.0000000Z;7.206;7.228;3941;3592
2026-06-08T08:43:03.0000000Z;7.206;7.228;3941;3592
2026-06-08T08:43:06.0000000Z;7.206;7.23;3941;14689
2026-06-08T08:43:08.0000000Z;7.206;7.229;3941;23879
2026-06-08T08:43:09.0000000Z;7.206;7.229;3941;23879
2026-06-08T08:43:10.0000000Z;7.206;7.229;3941;23879
2026-06-08T08:43:12.0000000Z;7.206;7.227;3941;20420
2026-06-08T08:43:13.0000000Z;7.206;7.228;3941;3592
2026-06-08T08:43:15.0000000Z;7.206;7.228;3503;54420
2026-06-08T08:43:16.0000000Z;7.206;7.231;3503;12400
2026-06-08T08:43:17.0000000Z;7.206;7.228;3503;34000
2026-06-08T08:43:18.0000000Z;7.206;7.229;3503;3459
2026-06-08T08:43:22.0000000Z;7.207;7.229;20424;3459
2026-06-08T08:43:23.0000000Z;7.207;7.23;20424;20424
2026-06-08T08:43:25.0000000Z;7.205;7.23;1108;20424
2026-06-08T08:43:28.0000000Z;7.206;7.23;20424;20424
2026-06-08T08:43:30.0000000Z;7.206;7.23;22819;20424
2026-06-08T08:43:32.0000000Z;7.209;7.23;1108;20424
2026-06-08T08:43:33.0000000Z;7.21;7.23;20424;20424
2026-06-08T08:43:37.0000000Z;7.209;7.23;34000;20424
2026-06-08T08:43:38.0000000Z;7.21;7.23;20424;20424
2026-06-08T08:43:43.0000000Z;7.209;7.23;1108;20424
2026-06-08T08:43:48.0000000Z;7.209;7.23;1108;20424
2026-06-08T08:43:53.0000000Z;7.209;7.23;1108;20424
2026-06-08T08:43:58.0000000Z;7.209;7.23;1108;20424
2026-06-08T08:43:59.0000000Z;7.21;7.23;20424;20424
2026-06-08T08:44:03.0000000Z;7.209;7.23;34000;20424
2026-06-08T08:44:04.0000000Z;7.209;7.247;34000;26353
2026-06-08T08:44:05.0000000Z;7.205;7.247;3503;26353
2026-06-08T08:44:06.0000000Z;7.208;7.232;3469;3457
2026-06-08T08:44:11.0000000Z;7.206;7.246;20424;20424
2026-06-08T08:44:15.0000000Z;7.206;7.246;20424;20424
2026-06-08T08:44:17.0000000Z;7.206;7.246;20424;20424
2026-06-08T08:44:18.0000000Z;7.207;7.246;1108;20424
2026-06-08T08:44:19.0000000Z;7.208;7.246;20424;20424
2026-06-08T08:44:23.0000000Z;7.207;7.246;34000;20424
2026-06-08T08:44:24.0000000Z;7.208;7.246;20424;20424
2026-06-08T08:44:28.0000000Z;7.207;7.246;34000;20424
2026-06-08T08:44:29.0000000Z;7.207;7.246;34000;20424
2026-06-08T08:44:30.0000000Z;7.209;7.246;1108;20424
2026-06-08T08:44:31.0000000Z;7.209;7.246;54424;20424
2026-06-08T08:44:34.0000000Z;7.209;7.246;54424;20424
2026-06-08T08:44:35.0000000Z;7.209;7.246;34000;20424
2026-06-08T08:44:36.0000000Z;7.209;7.246;1108;20424
2026-06-08T08:44:41.0000000Z;7.207;7.246;1108;20424
2026-06-08T08:44:42.0000000Z;7.209;7.246;1108;20424
2026-06-08T08:44:44.0000000Z;7.209;7.246;1108;20424
2026-06-08T08:44:47.0000000Z;7.209;7.246;1108;20424
2026-06-08T08:44:52.0000000Z;7.207;7.245;1108;3196
2026-06-08T08:44:53.0000000Z;7.21;7.241;20424;2395
2026-06-08T08:44:54.0000000Z;7.21;7.234;20424;20424
2026-06-08T08:44:55.0000000Z;7.21;7.234;20424;20424
2026-06-08T08:44:58.0000000Z;7.209;7.234;1108;20424
2026-06-08T08:45:00.0000000Z;7.209;7.234;1108;20424
2026-06-08T08:45:02.0000000Z;7.209;7.247;1108;2395
2026-06-08T08:45:03.0000000Z;7.207;7.247;1108;2395
2026-06-08T08:45:04.0000000Z;7.209;7.247;1108;2395
2026-06-08T08:45:05.0000000Z;7.209;7.246;1108;20424
2026-06-08T08:45:09.0000000Z;7.209;7.246;1108;20424
2026-06-08T08:45:14.0000000Z;7.207;7.246;1108;20424
2026-06-08T08:45:15.0000000Z;7.209;7.246;1108;20424
2026-06-08T08:45:16.0000000Z;7.209;7.246;1108;20424
2026-06-08T08:45:17.0000000Z;7.208;7.246;3503;20424
2026-06-08T08:45:19.0000000Z;7.209;7.246;20424;20424
2026-06-08T08:45:20.0000000Z;7.207;7.246;3503;20424
2026-06-08T08:45:21.0000000Z;7.209;7.246;1108;20424
2026-06-08T08:45:22.0000000Z;7.21;7.246;20424;20424
2026-06-08T08:45:25.0000000Z;7.21;7.246;20424;20424
2026-06-08T08:45:26.0000000Z;7.209;7.246;34000;20424
2026-06-08T08:45:27.0000000Z;7.209;7.246;1108;20424
2026-06-08T08:45:28.0000000Z;7.209;7.246;1108;20424
2026-06-08T08:45:32.0000000Z;7.207;7.246;3503;20424
2026-06-08T08:45:33.0000000Z;7.208;7.246;23893;20424
2026-06-08T08:45:34.0000000Z;7.208;7.246;20424;20424
2026-06-08T08:45:39.0000000Z;7.208;7.246;20424;20424
2026-06-08T08:45:41.0000000Z;7.208;7.246;2395;20424
2026-06-08T08:45:42.0000000Z;7.209;7.246;1108;20424
2026-06-08T08:45:43.0000000Z;7.209;7.246;1108;20424
2026-06-08T08:45:46.0000000Z;7.209;7.246;34000;20424
2026-06-08T08:45:47.0000000Z;7.207;7.246;3503;20424
2026-06-08T08:45:49.0000000Z;7.209;7.246;1108;20424
2026-06-08T08:45:50.0000000Z;7.209;7.246;1108;20424
2026-06-08T08:45:52.0000000Z;7.209;7.246;1108;20424
2026-06-08T08:45:54.0000000Z;7.209;7.246;34000;20424
2026-06-08T08:45:55.0000000Z;7.203;7.246;3503;20424
2026-06-08T08:45:56.0000000Z;7.203;7.246;1108;20424
2026-06-08T08:45:57.0000000Z;7.205;7.246;1108;20424
2026-06-08T08:45:58.0000000Z;7.203;7.246;1108;20424
2026-06-08T08:45:59.0000000Z;7.203;7.246;1108;20424
2026-06-08T08:46:00.0000000Z;7.203;7.246;1108;20424
2026-06-08T08:46:01.0000000Z;7.203;7.246;1108;20424
2026-06-08T08:46:02.0000000Z;7.204;7.246;20424;20424
2026-06-08T08:46:03.0000000Z;7.201;7.246;3503;20424
2026-06-08T08:46:05.0000000Z;7.203;7.246;3503;20424
2026-06-08T08:46:06.0000000Z;7.203;7.246;34000;20424
2026-06-08T08:46:07.0000000Z;7.206;7.246;20424;20424
2026-06-08T08:46:08.0000000Z;7.205;7.246;34000;20424
2026-06-08T08:46:09.0000000Z;7.208;7.246;20424;20424
2026-06-08T08:46:10.0000000Z;7.205;7.246;1108;20424
2026-06-08T08:46:11.0000000Z;7.207;7.246;34000;20424
2026-06-08T08:46:13.0000000Z;7.206;7.246;23894;20424
2026-06-08T08:46:15.0000000Z;7.206;7.246;20424;20424
2026-06-08T08:46:16.0000000Z;7.206;7.246;20424;20424
2026-06-08T08:46:20.0000000Z;7.205;7.246;1108;20424
2026-06-08T08:46:21.0000000Z;7.206;7.246;20424;20424
2026-06-08T08:46:22.0000000Z;7.206;7.246;20424;20424
2026-06-08T08:46:25.0000000Z;7.205;7.246;34000;20424
2026-06-08T08:46:26.0000000Z;7.206;7.246;20424;20424
2026-06-08T08:46:27.0000000Z;7.206;7.246;20424;20424
2026-06-08T08:46:28.0000000Z;7.206;7.246;20424;20424
2026-06-08T08:46:30.0000000Z;7.206;7.246;20424;20424
2026-06-08T08:46:31.0000000Z;7.205;7.246;1108;20424
2026-06-08T08:46:32.0000000Z;7.205;7.246;34000;20424
2026-06-08T08:46:33.0000000Z;7.205;7.246;3503;20424
2026-06-08T08:46:34.0000000Z;7.203;7.246;1108;20423
2026-06-08T08:46:35.0000000Z;7.203;7.246;1108;20423
2026-06-08T08:46:36.0000000Z;7.201;7.245;3503;2395
2026-06-08T08:46:37.0000000Z;7.203;7.243;34000;2395
2026-06-08T08:46:38.0000000Z;7.203;7.242;34000;20423
2026-06-08T08:46:39.0000000Z;7.202;7.242;23895;20423
2026-06-08T08:46:41.0000000Z;7.202;7.242;20423;20423
2026-06-08T08:46:43.0000000Z;7.202;7.242;20423;20423
2026-06-08T08:46:44.0000000Z;7.202;7.242;20423;20423
2026-06-08T08:46:45.0000000Z;7.202;7.242;20423;20423
2026-06-08T08:46:46.0000000Z;7.202;7.242;20423;20423
2026-06-08T08:46:47.0000000Z;7.203;7.242;1108;20423
2026-06-08T08:46:48.0000000Z;7.203;7.242;1108;20423
2026-06-08T08:46:50.0000000Z;7.203;7.242;1108;20423
2026-06-08T08:46:52.0000000Z;7.203;7.243;1108;2395
2026-06-08T08:46:53.0000000Z;7.203;7.243;1108;2395
2026-06-08T08:46:54.0000000Z;7.203;7.243;1108;2395
2026-06-08T08:46:57.0000000Z;7.204;7.244;1108;2395
2026-06-08T08:46:58.0000000Z;7.204;7.243;1108;54423
2026-06-08T08:46:59.0000000Z;7.204;7.243;1108;20423
2026-06-08T08:46:59.0000000Z;7.204;7.243;1108;20423
2026-06-08T08:47:02.0000000Z;7.204;7.243;34000;20423
2026-06-08T08:47:03.0000000Z;7.205;7.243;20423;20423
2026-06-08T08:47:05.0000000Z;7.204;7.243;3503;20423
2026-06-08T08:47:06.0000000Z;7.204;7.242;34000;2395
2026-06-08T08:47:07.0000000Z;7.206;7.242;1108;2395
2026-06-08T08:47:08.0000000Z;7.204;7.242;1108;2395
2026-06-08T08:47:09.0000000Z;7.206;7.242;34000;2395
2026-06-08T08:47:10.0000000Z;7.206;7.242;34000;2395
2026-06-08T08:47:11.0000000Z;7.205;7.242;20423;2395
2026-06-08T08:47:13.0000000Z;7.204;7.242;1108;2395
2026-06-08T08:47:14.0000000Z;7.205;7.242;20423;2395
2026-06-08T08:47:15.0000000Z;7.206;7.24;1108;2395
2026-06-08T08:47:16.0000000Z;7.206;7.238;1108;2395
2026-06-08T08:47:17.0000000Z;7.206;7.234;1486;2395
2026-06-08T08:47:18.0000000Z;7.205;7.23;2770;2395
2026-06-08T08:47:19.0000000Z;7.206;7.23;20423;56818
2026-06-08T08:47:20.0000000Z;7.205;7.23;2770;56818
2026-06-08T08:47:22.0000000Z;7.205;7.23;2770;56818
2026-06-08T08:47:23.0000000Z;7.205;7.23;2770;34000
2026-06-08T08:47:24.0000000Z;7.205;7.232;2770;4365
2026-06-08T08:47:25.0000000Z;7.205;7.231;2770;20423
2026-06-08T08:47:27.0000000Z;7.205;7.231;2770;22818
2026-06-08T08:48:24.0000000Z;7.205;7.231;2770;22818
2026-06-08T08:48:33.0000000Z;7.205;7.231;5165;22818
2026-06-08T08:48:45.0000000Z;7.205;7.234;5165;2395
2026-06-08T08:48:46.0000000Z;7.205;7.232;5165;3163
2026-06-08T08:48:47.0000000Z;7.205;7.232;5165;2395
2026-06-08T08:48:49.0000000Z;7.205;7.232;5165;2395
2026-06-08T08:48:51.0000000Z;7.205;7.231;5165;20423
2026-06-08T08:48:53.0000000Z;7.205;7.231;5165;20423
2026-06-08T08:48:54.0000000Z;7.205;7.24;5165;3592
2026-06-08T08:48:55.0000000Z;7.205;7.232;5165;54423
2026-06-08T08:48:57.0000000Z;7.205;7.232;5165;54423
2026-06-08T08:48:58.0000000Z;7.205;7.232;5165;20423
2026-06-08T08:48:59.0000000Z;7.205;7.232;5165;20423
2026-06-08T08:49:01.0000000Z;7.205;7.232;5165;20423
2026-06-08T08:49:02.0000000Z;7.207;7.235;3439;4419
2026-06-08T08:49:03.0000000Z;7.212;7.235;1108;4419
2026-06-08T08:49:04.0000000Z;7.212;7.233;34000;37457
2026-06-08T08:49:05.0000000Z;7.212;7.233;34000;34000
2026-06-08T08:49:06.0000000Z;7.212;7.235;1512;2395
2026-06-08T08:49:07.0000000Z;7.212;7.235;1512;2395
2026-06-08T08:49:08.0000000Z;7.212;7.235;1512;2395
2026-06-08T08:49:09.0000000Z;7.212;7.235;1512;2395
2026-06-08T08:49:12.0000000Z;7.212;7.235;1512;2395
2026-06-08T08:49:18.0000000Z;7.212;7.235;1512;2395
2026-06-08T08:49:26.0000000Z;7.212;7.234;1512;20435
2026-06-08T08:49:27.0000000Z;7.212;7.235;1512;34000
2026-06-08T08:49:28.0000000Z;7.212;7.235;1512;56830
2026-06-08T08:49:30.0000000Z;7.212;7.235;1512;22830
2026-06-08T08:49:34.0000000Z;7.212;7.235;1512;22830
2026-06-08T08:49:43.0000000Z;7.212;7.236;1512;3308
2026-06-08T08:50:04.0000000Z;7.212;7.234;1512;2395
2026-06-08T08:50:05.0000000Z;7.212;7.234;1512;2395
2026-06-08T08:50:10.0000000Z;7.212;7.234;1512;2395
2026-06-08T08:50:39.0000000Z;7.212;7.234;1512;2395
2026-06-08T08:50:41.0000000Z;7.212;7.234;1512;2395
2026-06-08T08:50:46.0000000Z;7.212;7.234;1512;2395
2026-06-08T08:50:57.0000000Z;7.212;7.234;1512;2395
2026-06-08T08:50:58.0000000Z;7.212;7.23;1512;2395
2026-06-08T08:50:59.0000000Z;7.212;7.23;1512;54435
2026-06-08T08:51:00.0000000Z;7.212;7.23;1512;5987
2026-06-08T08:51:01.0000000Z;7.212;7.228;1512;14795
2026-06-08T08:51:02.0000000Z;7.212;7.228;1512;14795
2026-06-08T08:51:03.0000000Z;7.212;7.228;1512;12400
2026-06-08T08:51:04.0000000Z;7.212;7.233;1512;10247
2026-06-08T08:51:05.0000000Z;7.212;7.233;1512;10247
2026-06-08T08:51:06.0000000Z;7.212;7.231;1512;3592
2026-06-08T08:51:07.0000000Z;7.212;7.231;1512;3592
2026-06-08T08:51:10.0000000Z;7.212;7.231;1512;5987
2026-06-08T08:51:11.0000000Z;7.212;7.231;1512;5987
2026-06-08T08:51:28.0000000Z;7.212;7.229;1512;5987
2026-06-08T08:51:29.0000000Z;7.212;7.229;1512;2395
2026-06-08T08:51:33.0000000Z;7.212;7.229;1512;2395
2026-06-08T08:51:34.0000000Z;7.212;7.229;1512;2395
2026-06-08T08:51:38.0000000Z;7.212;7.23;1512;5987
2026-06-08T08:51:39.0000000Z;7.212;7.23;1512;2395
2026-06-08T08:51:40.0000000Z;7.212;7.229;1512;2395
2026-06-08T08:51:44.0000000Z;7.212;7.229;1512;2395
2026-06-08T08:51:51.0000000Z;7.212;7.229;1512;20435
2026-06-08T08:51:52.0000000Z;7.212;7.229;1512;4011
2026-06-08T08:51:53.0000000Z;7.212;7.227;1512;20435
2026-06-08T08:51:54.0000000Z;7.212;7.227;1512;20435
2026-06-08T08:51:56.0000000Z;7.212;7.227;1512;20435
2026-06-08T08:51:57.0000000Z;7.212;7.227;1512;20435
2026-06-08T08:51:58.0000000Z;7.212;7.229;1512;5987
2026-06-08T08:51:59.0000000Z;7.212;7.229;1512;5987
2026-06-08T08:52:00.0000000Z;7.212;7.228;1512;20435
2026-06-08T08:52:05.0000000Z;7.212;7.228;1512;20435
2026-06-08T08:52:24.0000000Z;7.212;7.228;1512;20435
2026-06-08T08:52:32.0000000Z;7.212;7.23;1512;5987
2026-06-08T08:52:34.0000000Z;7.212;7.229;1512;20435
2026-06-08T08:52:38.0000000Z;7.212;7.229;1512;20435
2026-06-08T08:52:50.0000000Z;7.212;7.23;1512;3718
2026-06-08T08:52:54.0000000Z;7.212;7.23;1512;2395
2026-06-08T08:52:55.0000000Z;7.212;7.23;1512;3634
2026-06-08T08:52:56.0000000Z;7.212;7.23;1512;5184
2026-06-08T08:53:00.0000000Z;7.212;7.23;1512;5184
2026-06-08T08:53:03.0000000Z;7.212;7.23;1512;5381
2026-06-08T08:53:10.0000000Z;7.212;7.23;1512;2395
2026-06-08T08:53:20.0000000Z;7.212;7.231;1512;5987
2026-06-08T08:53:21.0000000Z;7.212;7.23;1512;20435
2026-06-08T08:53:22.0000000Z;7.212;7.23;1512;20435
2026-06-08T08:53:24.0000000Z;7.212;7.23;1512;20435
2026-06-08T08:53:26.0000000Z;7.212;7.23;1512;20435
2026-06-08T08:53:37.0000000Z;7.212;7.231;1512;34000
2026-06-08T08:53:38.0000000Z;7.22;7.23;1662;2395
2026-06-08T08:53:39.0000000Z;7.216;7.23;1108;2395
2026-06-08T08:53:40.0000000Z;7.219;7.23;2770;5827
2026-06-08T08:53:43.0000000Z;7.219;7.23;34000;5827
2026-06-08T08:53:44.0000000Z;7.219;7.229;34000;2395
2026-06-08T08:53:45.0000000Z;7.219;7.229;2770;2395
2026-06-08T08:53:50.0000000Z;7.218;7.23;2770;5987
2026-06-08T08:53:53.0000000Z;7.218;7.23;37464;5987
2026-06-08T08:53:58.0000000Z;7.218;7.23;34000;5987
2026-06-08T08:54:05.0000000Z;7.218;7.229;34000;2395
2026-06-08T08:54:06.0000000Z;7.218;7.229;34000;2395
2026-06-08T08:54:12.0000000Z;7.218;7.229;34000;2395
2026-06-08T08:54:28.0000000Z;7.218;7.229;34000;2395
2026-06-08T08:54:55.0000000Z;7.218;7.229;34000;2395
2026-06-08T08:54:56.0000000Z;7.218;7.229;34000;2395
2026-06-08T08:54:57.0000000Z;7.218;7.229;34000;2395
2026-06-08T08:54:58.0000000Z;7.218;7.229;34000;2395
2026-06-08T08:54:59.0000000Z;7.218;7.229;34000;2395
2026-06-08T08:54:59.0000000Z;7.218;7.229;34000;2395
2026-06-08T08:55:02.0000000Z;7.218;7.233;34000;6031
2026-06-08T08:55:05.0000000Z;7.218;7.23;34000;3458
2026-06-08T08:55:12.0000000Z;7.218;7.232;34000;20435
2026-06-08T08:55:13.0000000Z;7.218;7.233;34000;4368
2026-06-08T08:55:16.0000000Z;7.218;7.233;34000;4368
2026-06-08T08:55:18.0000000Z;7.218;7.233;34000;6763
2026-06-08T08:55:22.0000000Z;7.218;7.233;34000;6763
2026-06-08T08:55:23.0000000Z;7.218;7.233;34000;6763
2026-06-08T08:55:24.0000000Z;7.218;7.233;34000;6763
2026-06-08T08:55:25.0000000Z;7.218;7.233;34000;6763
2026-06-08T08:55:26.0000000Z;7.218;7.233;34000;6763
2026-06-08T08:55:27.0000000Z;7.218;7.233;34000;6763
2026-06-08T08:55:28.0000000Z;7.218;7.233;34000;6763
2026-06-08T08:55:30.0000000Z;7.218;7.233;34000;6763
2026-06-08T08:55:31.0000000Z;7.218;7.233;34000;6763
2026-06-08T08:55:33.0000000Z;7.218;7.232;34000;20440
2026-06-08T08:55:34.0000000Z;7.218;7.231;34000;1450
2026-06-08T08:55:35.0000000Z;7.218;7.23;34000;20440
2026-06-08T08:55:38.0000000Z;7.218;7.232;34000;5987
2026-06-08T08:55:39.0000000Z;7.218;7.231;34000;20440
2026-06-08T08:55:43.0000000Z;7.218;7.231;34000;20440
2026-06-08T08:55:47.0000000Z;7.218;7.231;34000;20440
2026-06-08T08:55:48.0000000Z;7.218;7.231;34000;20440
2026-06-08T08:55:49.0000000Z;7.218;7.231;34000;20440
2026-06-08T08:55:50.0000000Z;7.218;7.231;34000;20440
2026-06-08T08:55:52.0000000Z;7.218;7.231;34000;20440
2026-06-08T08:55:54.0000000Z;7.218;7.231;34000;20440
2026-06-08T08:55:56.0000000Z;7.218;7.231;34000;20440
2026-06-08T08:55:58.0000000Z;7.218;7.231;34000;20440
2026-06-08T08:55:59.0000000Z;7.218;7.231;34000;20440
2026-06-08T08:56:00.0000000Z;7.218;7.231;34000;20440
2026-06-08T08:56:04.0000000Z;7.218;7.231;34000;20440
2026-06-08T08:56:05.0000000Z;7.218;7.231;34000;20440
2026-06-08T08:56:07.0000000Z;7.218;7.231;34000;20440
2026-06-08T08:56:09.0000000Z;7.218;7.232;34000;5987
2026-06-08T08:56:12.0000000Z;7.218;7.232;34000;5987
2026-06-08T08:56:13.0000000Z;7.218;7.232;34000;5987
2026-06-08T08:56:14.0000000Z;7.218;7.232;34000;5987
2026-06-08T08:56:22.0000000Z;7.218;7.232;34000;5987
2026-06-08T08:56:23.0000000Z;7.218;7.232;34000;5987
2026-06-08T08:56:26.0000000Z;7.218;7.232;34000;5987
2026-06-08T08:56:33.0000000Z;7.218;7.232;34000;5987
2026-06-08T08:56:48.0000000Z;7.218;7.232;34000;5987
2026-06-08T08:56:52.0000000Z;7.218;7.232;34000;5987
2026-06-08T08:56:53.0000000Z;7.218;7.232;34000;5987
2026-06-08T08:56:55.0000000Z;7.218;7.232;34000;56835
2026-06-08T08:56:58.0000000Z;7.218;7.231;34000;2395
2026-06-08T08:57:02.0000000Z;7.218;7.231;34000;2395
2026-06-08T08:57:05.0000000Z;7.218;7.231;34000;2395
2026-06-08T08:57:07.0000000Z;7.218;7.231;34000;2395
2026-06-08T08:57:14.0000000Z;7.218;7.232;34000;5987
2026-06-08T08:57:15.0000000Z;7.218;7.231;34000;2395
2026-06-08T08:57:16.0000000Z;7.218;7.232;34000;3108
2026-06-08T08:57:17.0000000Z;7.218;7.232;34000;2395
2026-06-08T08:57:20.0000000Z;7.218;7.232;34000;56835
2026-06-08T08:57:23.0000000Z;7.218;7.232;34000;5762
2026-06-08T08:57:26.0000000Z;7.218;7.232;34000;2395
2026-06-08T08:57:41.0000000Z;7.218;7.231;34000;20432
2026-06-08T08:57:42.0000000Z;7.218;7.231;34000;20432
2026-06-08T08:57:43.0000000Z;7.218;7.234;34000;17054
2026-06-08T08:57:44.0000000Z;7.218;7.234;34000;17054
2026-06-08T08:57:46.0000000Z;7.218;7.233;34000;23889
2026-06-08T08:57:51.0000000Z;7.218;7.233;34000;20432
2026-06-08T08:58:00.0000000Z;7.218;7.234;34000;34000
2026-06-08T08:58:01.0000000Z;7.218;7.233;34000;20432
2026-06-08T08:58:02.0000000Z;7.218;7.233;36395;20432
2026-06-08T08:58:03.0000000Z;7.225;7.233;34000;20432
2026-06-08T08:58:05.0000000Z;7.225;7.233;34000;20432
2026-06-08T08:58:07.0000000Z;7.225;7.233;2767;20432
2026-06-08T08:58:08.0000000Z;7.225;7.233;2767;20432
2026-06-08T08:58:23.0000000Z;7.219;7.24;1108;2395
2026-06-08T08:58:25.0000000Z;7.214;7.24;1108;2395
2026-06-08T08:58:26.0000000Z;7.224;7.235;3461;3456
2026-06-08T08:58:28.0000000Z;7.224;7.235;3461;3456
2026-06-08T08:58:30.0000000Z;7.214;7.239;34000;20432
2026-06-08T08:58:31.0000000Z;7.214;7.239;34000;20432
2026-06-08T08:59:04.0000000Z;7.216;7.238;1108;2395
2026-06-08T08:59:05.0000000Z;7.216;7.234;34000;12400
2026-06-08T08:59:06.0000000Z;7.216;7.234;34000;12400
2026-06-08T08:59:08.0000000Z;7.222;7.234;2294;12400
2026-06-08T08:59:09.0000000Z;7.221;7.234;2767;12400
2026-06-08T08:59:10.0000000Z;7.222;7.234;34000;12400
2026-06-08T08:59:12.0000000Z;7.221;7.234;34000;12400
2026-06-08T08:59:14.0000000Z;7.221;7.234;34000;12400
2026-06-08T08:59:17.0000000Z;7.221;7.234;34000;12400
2026-06-08T08:59:20.0000000Z;7.221;7.234;34000;12400
2026-06-08T08:59:22.0000000Z;7.221;7.234;34000;12400
2026-06-08T08:59:24.0000000Z;7.221;7.234;34000;12400
2026-06-08T08:59:25.0000000Z;7.221;7.234;34000;12400
2026-06-08T08:59:27.0000000Z;7.221;7.234;34000;12400
2026-06-08T08:59:43.0000000Z;7.221;7.234;34000;12400
2026-06-08T09:00:05.0000000Z;7.221;7.234;34000;12400
2026-06-08T09:00:13.0000000Z;7.221;7.234;34000;12400
2026-06-08T09:00:16.0000000Z;7.221;7.233;34000;20424
2026-06-08T09:00:41.0000000Z;7.215;7.233;1108;20424
2026-06-08T09:00:42.0000000Z;7.221;7.233;1107;20424
2026-06-08T09:00:43.0000000Z;7.222;7.233;34000;20424
2026-06-08T09:00:46.0000000Z;7.222;7.233;34000;20424
2026-06-08T09:00:47.0000000Z;7.222;7.233;34000;20424
2026-06-08T09:00:48.0000000Z;7.222;7.233;2767;20424
2026-06-08T09:00:50.0000000Z;7.226;7.235;34000;3592
2026-06-08T09:00:53.0000000Z;7.226;7.234;34000;20424
2026-06-08T09:00:57.0000000Z;7.224;7.234;1660;20424
2026-06-08T09:00:58.0000000Z;7.224;7.234;2767;20424
2026-06-08T09:00:59.0000000Z;7.225;7.234;3461;20424
2026-06-08T09:01:05.0000000Z;7.224;7.234;34000;20424
2026-06-08T09:01:13.0000000Z;7.224;7.234;34000;20424
2026-06-08T09:01:20.0000000Z;7.224;7.235;2767;3592
2026-06-08T09:01:21.0000000Z;7.224;7.235;2767;3592
2026-06-08T09:01:25.0000000Z;7.224;7.234;2767;22819
2026-06-08T09:01:27.0000000Z;7.224;7.234;2767;56819
2026-06-08T09:01:35.0000000Z;7.224;7.234;2767;56819
2026-06-08T09:01:37.0000000Z;7.224;7.234;2767;2395
2026-06-08T09:01:42.0000000Z;7.224;7.236;2767;3592
2026-06-08T09:01:45.0000000Z;7.224;7.235;2767;23880
2026-06-08T09:01:46.0000000Z;7.224;7.235;2767;26275
2026-06-08T09:01:48.0000000Z;7.224;7.235;2767;60275
2026-06-08T09:01:50.0000000Z;7.224;7.234;2767;2395
2026-06-08T09:01:51.0000000Z;7.224;7.235;2767;3917
2026-06-08T09:01:53.0000000Z;7.224;7.235;2767;3917
2026-06-08T09:01:55.0000000Z;7.224;7.238;2767;2395
2026-06-08T09:01:57.0000000Z;7.224;7.236;2767;3455
2026-06-08T09:01:58.0000000Z;7.224;7.236;2767;5987
2026-06-08T09:01:59.0000000Z;7.224;7.235;2767;2395
2026-06-08T09:02:03.0000000Z;7.224;7.235;2767;2395
2026-06-08T09:02:33.0000000Z;7.224;7.235;2767;2395
2026-06-08T09:02:37.0000000Z;7.224;7.235;2767;2395
2026-06-08T09:02:39.0000000Z;7.224;7.237;2767;5987
2026-06-08T09:02:41.0000000Z;7.224;7.236;2767;20424
2026-06-08T09:02:44.0000000Z;7.224;7.236;2767;20424
2026-06-08T09:02:53.0000000Z;7.224;7.235;2767;3592
2026-06-08T09:02:55.0000000Z;7.224;7.235;2767;3592
2026-06-08T09:02:58.0000000Z;7.224;7.235;2767;3489
2026-06-08T09:03:00.0000000Z;7.224;7.24;2767;8530
2026-06-08T09:03:03.0000000Z;7.224;7.236;2767;3455
2026-06-08T09:03:04.0000000Z;7.224;7.236;2767;3455
2026-06-08T09:03:06.0000000Z;7.224;7.236;2767;5987
2026-06-08T09:03:10.0000000Z;7.224;7.236;2767;5987
2026-06-08T09:03:19.0000000Z;7.217;7.24;1108;2395
2026-06-08T09:03:20.0000000Z;7.215;7.24;1108;2395
2026-06-08T09:03:21.0000000Z;7.223;7.237;3462;3455
2026-06-08T09:03:23.0000000Z;7.223;7.237;3462;3455
2026-06-08T09:03:26.0000000Z;7.216;7.24;20424;54424
2026-06-08T09:03:27.0000000Z;7.217;7.238;1108;2395
2026-06-08T09:03:28.0000000Z;7.226;7.236;1660;2395
2026-06-08T09:03:29.0000000Z;7.226;7.235;34000;1400
2026-06-08T09:03:30.0000000Z;7.226;7.235;34000;1400
2026-06-08T09:03:33.0000000Z;7.226;7.235;34000;1400
2026-06-08T09:03:35.0000000Z;7.226;7.235;34000;1400
2026-06-08T09:03:38.0000000Z;7.225;7.235;1660;1400
2026-06-08T09:03:39.0000000Z;7.225;7.235;37461;1400
2026-06-08T09:03:42.0000000Z;7.225;7.235;37461;1400
2026-06-08T09:03:43.0000000Z;7.224;7.235;2767;1400
2026-06-08T09:03:44.0000000Z;7.225;7.235;34000;1400
2026-06-08T09:03:45.0000000Z;7.224;7.235;34000;1400
2026-06-08T09:04:06.0000000Z;7.226;7.235;1660;731
2026-06-08T09:04:07.0000000Z;7.226;7.235;34000;731
2026-06-08T09:04:12.0000000Z;7.227;7.235;2490;731
2026-06-08T09:04:13.0000000Z;7.227;7.235;2490;731
2026-06-08T09:04:14.0000000Z;7.227;7.235;2490;731
2026-06-08T09:04:17.0000000Z;7.227;7.235;2490;731
2026-06-08T09:04:22.0000000Z;7.225;7.235;1660;731
2026-06-08T09:04:24.0000000Z;7.225;7.236;1660;5987
2026-06-08T09:04:25.0000000Z;7.225;7.236;1660;5987
2026-06-08T09:04:26.0000000Z;7.225;7.235;34000;20424
2026-06-08T09:04:31.0000000Z;7.225;7.235;34000;20424
2026-06-08T09:04:41.0000000Z;7.225;7.235;34000;20424
2026-06-08T09:04:42.0000000Z;7.225;7.235;34000;20424
2026-06-08T09:04:45.0000000Z;7.225;7.235;34000;20424
2026-06-08T09:04:50.0000000Z;7.225;7.235;34000;20424
2026-06-08T09:05:07.0000000Z;7.225;7.235;34000;20424
2026-06-08T09:05:14.0000000Z;7.225;7.235;1660;20424
2026-06-08T09:05:24.0000000Z;7.225;7.235;1660;20424
2026-06-08T09:05:33.0000000Z;7.225;7.235;1660;20431
2026-06-08T09:05:35.0000000Z;7.226;7.233;34000;20431
2026-06-08T09:05:36.0000000Z;7.226;7.233;34000;20431
2026-06-08T09:05:37.0000000Z;7.226;7.234;34000;3829
2026-06-08T09:05:40.0000000Z;7.226;7.234;34000;5987
2026-06-08T09:05:42.0000000Z;7.226;7.234;34000;5987
2026-06-08T09:05:50.0000000Z;7.226;7.234;34000;5987
2026-06-08T09:05:54.0000000Z;7.226;7.234;34000;5987
2026-06-08T09:06:07.0000000Z;7.226;7.234;34000;2395
2026-06-08T09:06:10.0000000Z;7.226;7.234;34000;3170
2026-06-08T09:06:14.0000000Z;7.225;7.234;1660;4106
2026-06-08T09:06:16.0000000Z;7.225;7.234;37461;4106
2026-06-08T09:06:17.0000000Z;7.225;7.234;2767;4106
2026-06-08T09:06:19.0000000Z;7.225;7.234;34000;4106
2026-06-08T09:06:20.0000000Z;7.225;7.234;34000;4106
2026-06-08T09:06:25.0000000Z;7.225;7.234;34000;4106
2026-06-08T09:06:26.0000000Z;7.225;7.234;34000;4106
2026-06-08T09:06:31.0000000Z;7.225;7.234;34000;34000
2026-06-08T09:06:32.0000000Z;7.225;7.233;1660;3592
2026-06-08T09:06:33.0000000Z;7.224;7.233;2767;5987
2026-06-08T09:06:34.0000000Z;7.222;7.233;1107;54431
2026-06-08T09:06:37.0000000Z;7.224;7.233;2767;5987
2026-06-08T09:06:38.0000000Z;7.224;7.233;37461;5987
2026-06-08T09:06:40.0000000Z;7.224;7.233;34000;5987
2026-06-08T09:06:42.0000000Z;7.224;7.233;34000;5987
2026-06-08T09:06:55.0000000Z;7.224;7.233;34000;56826
2026-06-08T09:07:00.0000000Z;7.224;7.233;34000;54431
2026-06-08T09:07:03.0000000Z;7.224;7.233;34000;56826
2026-06-08T09:07:06.0000000Z;7.224;7.233;1107;56826
2026-06-08T09:07:07.0000000Z;7.217;7.233;3503;56826
2026-06-08T09:07:08.0000000Z;7.223;7.233;3462;56826
2026-06-08T09:07:09.0000000Z;7.219;7.233;1108;56826
2026-06-08T09:07:10.0000000Z;7.221;7.233;1107;56826
2026-06-08T09:07:11.0000000Z;7.223;7.233;1107;56826
2026-06-08T09:07:12.0000000Z;7.223;7.233;2767;56826
2026-06-08T09:07:14.0000000Z;7.223;7.233;34000;54431
2026-06-08T09:07:24.0000000Z;7.223;7.233;34000;54431
2026-06-08T09:07:27.0000000Z;7.223;7.233;34000;2395
2026-06-08T09:07:28.0000000Z;7.223;7.231;34000;5987
2026-06-08T09:07:29.0000000Z;7.223;7.23;34000;20431
2026-06-08T09:07:32.0000000Z;7.223;7.23;34000;20431
2026-06-08T09:07:33.0000000Z;7.223;7.23;34000;20431
2026-06-08T09:07:34.0000000Z;7.223;7.23;34000;20431
2026-06-08T09:07:35.0000000Z;7.223;7.23;34000;20431
2026-06-08T09:07:43.0000000Z;7.223;7.231;34000;4735
2026-06-08T09:07:50.0000000Z;7.223;7.23;34000;20433
2026-06-08T09:07:52.0000000Z;7.223;7.237;34000;2395
2026-06-08T09:07:53.0000000Z;7.223;7.232;34000;5987
2026-06-08T09:07:54.0000000Z;7.223;7.232;34000;57890
2026-06-08T09:07:58.0000000Z;7.223;7.232;34000;54433
2026-06-08T09:07:59.0000000Z;7.223;7.232;34000;54433
2026-06-08T09:08:01.0000000Z;7.223;7.232;34000;54433
2026-06-08T09:08:04.0000000Z;7.223;7.232;34000;56828
2026-06-08T09:08:09.0000000Z;7.223;7.232;34000;54433
2026-06-08T09:08:12.0000000Z;7.223;7.232;34000;56828
2026-06-08T09:08:23.0000000Z;7.223;7.232;34000;56828
2026-06-08T09:08:24.0000000Z;7.223;7.232;34000;3653
2026-06-08T09:08:25.0000000Z;7.223;7.232;34000;34000
2026-06-08T09:08:26.0000000Z;7.223;7.235;34000;2395
2026-06-08T09:08:27.0000000Z;7.223;7.232;34000;5745
2026-06-08T09:08:48.0000000Z;7.221;7.232;1662;5745
2026-06-08T09:08:49.0000000Z;7.221;7.232;1662;5745
2026-06-08T09:08:51.0000000Z;7.222;7.232;3462;5745
2026-06-08T09:08:52.0000000Z;7.221;7.232;34000;5745
2026-06-08T09:08:53.0000000Z;7.22;7.232;1662;5745
2026-06-08T09:08:54.0000000Z;7.22;7.232;1662;5745
2026-06-08T09:08:55.0000000Z;7.22;7.232;37463;5745
2026-06-08T09:08:57.0000000Z;7.22;7.232;34000;5745
2026-06-08T09:08:58.0000000Z;7.22;7.232;34000;5745
2026-06-08T09:09:02.0000000Z;7.22;7.232;34000;5745
2026-06-08T09:09:04.0000000Z;7.22;7.232;34000;5745
2026-06-08T09:09:15.0000000Z;7.22;7.231;34000;5987
2026-06-08T09:09:16.0000000Z;7.22;7.231;34000;5987
2026-06-08T09:09:22.0000000Z;7.22;7.231;34000;5987
2026-06-08T09:09:26.0000000Z;7.22;7.231;34000;3592
2026-06-08T09:09:28.0000000Z;7.22;7.231;34000;5987
2026-06-08T09:10:11.0000000Z;7.221;7.231;34000;5987
2026-06-08T09:10:12.0000000Z;7.221;7.231;34000;5987
2026-06-08T09:10:16.0000000Z;7.22;7.231;1662;5987
2026-06-08T09:10:18.0000000Z;7.22;7.231;34000;5987
2026-06-08T09:10:21.0000000Z;7.22;7.231;1662;5987
2026-06-08T09:10:22.0000000Z;7.22;7.231;1662;5987
2026-06-08T09:10:26.0000000Z;7.22;7.231;1662;5987
2026-06-08T09:10:34.0000000Z;7.22;7.231;1662;4694
2026-06-08T09:10:36.0000000Z;7.22;7.232;1662;5987
2026-06-08T09:10:37.0000000Z;7.22;7.232;1662;5987
2026-06-08T09:10:38.0000000Z;7.22;7.231;1662;20433
2026-06-08T09:10:45.0000000Z;7.22;7.231;1662;20433
2026-06-08T09:10:49.0000000Z;7.222;7.232;1660;2395
2026-06-08T09:10:54.0000000Z;7.222;7.232;1660;2395
2026-06-08T09:10:55.0000000Z;7.222;7.232;1660;2395
2026-06-08T09:10:58.0000000Z;7.222;7.232;1660;2395
2026-06-08T09:10:59.0000000Z;7.222;7.232;1660;2395
2026-06-08T09:10:59.0000000Z;7.222;7.232;1660;2395
2026-06-08T09:11:06.0000000Z;7.224;7.233;1660;5987
2026-06-08T09:11:07.0000000Z;7.224;7.233;34000;5987
2026-06-08T09:11:08.0000000Z;7.224;7.232;34000;2395
2026-06-08T09:11:12.0000000Z;7.222;7.232;1660;2395
2026-06-08T09:11:13.0000000Z;7.222;7.232;1660;2395
2026-06-08T09:11:14.0000000Z;7.222;7.232;34000;2395
2026-06-08T09:11:15.0000000Z;7.222;7.232;34000;2395
2026-06-08T09:11:17.0000000Z;7.222;7.232;34000;2395
2026-06-08T09:11:22.0000000Z;7.222;7.232;34000;22832
2026-06-08T09:11:23.0000000Z;7.222;7.233;34000;4901
2026-06-08T09:11:24.0000000Z;7.222;7.232;34000;20437
2026-06-08T09:11:28.0000000Z;7.224;7.234;1660;7295
2026-06-08T09:11:30.0000000Z;7.224;7.233;1660;20437
2026-06-08T09:11:33.0000000Z;7.224;7.233;1660;20437
2026-06-08T09:11:34.0000000Z;7.224;7.233;1660;20437
2026-06-08T09:11:35.0000000Z;7.224;7.233;1660;20437
2026-06-08T09:11:38.0000000Z;7.224;7.233;1660;20437
2026-06-08T09:11:39.0000000Z;7.218;7.233;5719;20437
2026-06-08T09:11:40.0000000Z;7.224;7.233;1660;20437
2026-06-08T09:11:44.0000000Z;7.224;7.233;1660;20437
2026-06-08T09:11:50.0000000Z;7.224;7.233;1660;20437
2026-06-08T09:11:51.0000000Z;7.224;7.233;1660;20437
2026-06-08T09:11:55.0000000Z;7.224;7.233;1660;20437
2026-06-08T09:11:58.0000000Z;7.224;7.233;1660;20437
2026-06-08T09:12:00.0000000Z;7.224;7.233;1660;20437
2026-06-08T09:12:01.0000000Z;7.224;7.233;1660;20437
2026-06-08T09:12:06.0000000Z;7.224;7.233;1660;20437
2026-06-08T09:12:07.0000000Z;7.224;7.233;1660;20437
2026-06-08T09:12:12.0000000Z;7.224;7.233;1660;20437
2026-06-08T09:12:13.0000000Z;7.223;7.233;1107;20437
2026-06-08T09:12:15.0000000Z;7.224;7.233;1660;3742
2026-06-08T09:12:16.0000000Z;7.224;7.233;1660;2395
2026-06-08T09:12:17.0000000Z;7.224;7.233;1660;3295
2026-06-08T09:12:18.0000000Z;7.224;7.233;1660;3295
2026-06-08T09:12:19.0000000Z;7.224;7.233;1660;3295
2026-06-08T09:12:20.0000000Z;7.224;7.233;1660;3295
2026-06-08T09:12:21.0000000Z;7.224;7.233;1660;4781
2026-06-08T09:12:25.0000000Z;7.222;7.233;1660;4781
2026-06-08T09:12:26.0000000Z;7.223;7.233;3462;4781
2026-06-08T09:12:27.0000000Z;7.224;7.233;1660;5987
2026-06-08T09:12:28.0000000Z;7.224;7.233;34000;2395
2026-06-08T09:12:30.0000000Z;7.224;7.233;1660;5987
2026-06-08T09:12:32.0000000Z;7.224;7.233;1660;3592
2026-06-08T09:12:33.0000000Z;7.222;7.233;1660;3592
2026-06-08T09:12:34.0000000Z;7.223;7.233;3462;3592
2026-06-08T09:12:37.0000000Z;7.222;7.233;34000;3592
2026-06-08T09:12:38.0000000Z;7.222;7.233;34000;3592
2026-06-08T09:12:42.0000000Z;7.222;7.233;34000;2287
2026-06-08T09:12:44.0000000Z;7.224;7.234;1660;5987
2026-06-08T09:12:45.0000000Z;7.224;7.234;34000;7432
2026-06-08T09:12:46.0000000Z;7.224;7.233;1660;20437
2026-06-08T09:12:49.0000000Z;7.222;7.233;1660;20437
2026-06-08T09:12:50.0000000Z;7.224;7.233;1660;20437
2026-06-08T09:12:52.0000000Z;7.224;7.234;1660;2395
2026-06-08T09:12:53.0000000Z;7.224;7.234;1660;5780
2026-06-08T09:12:54.0000000Z;7.224;7.234;1660;2395
2026-06-08T09:12:55.0000000Z;7.224;7.234;1660;5987
2026-06-08T09:13:06.0000000Z;7.224;7.234;1660;4913
2026-06-08T09:13:24.0000000Z;7.224;7.234;1660;2395
2026-06-08T09:13:50.0000000Z;7.223;7.234;2767;54437
2026-06-08T09:13:52.0000000Z;7.223;7.234;37462;20437
2026-06-08T09:13:55.0000000Z;7.223;7.234;37462;20437
2026-06-08T09:13:57.0000000Z;7.223;7.234;34000;20437
2026-06-08T09:14:00.0000000Z;7.221;7.234;1107;20437
2026-06-08T09:14:01.0000000Z;7.221;7.234;2303;20437
2026-06-08T09:14:02.0000000Z;7.222;7.234;3462;20437
2026-06-08T09:14:03.0000000Z;7.221;7.234;1107;20437
2026-06-08T09:14:04.0000000Z;7.221;7.234;1561;20437
2026-06-08T09:14:05.0000000Z;7.221;7.234;34000;20437
2026-06-08T09:14:07.0000000Z;7.221;7.234;34000;20437
2026-06-08T09:14:10.0000000Z;7.221;7.234;1107;20437
2026-06-08T09:14:15.0000000Z;7.221;7.234;1107;20437
2026-06-08T09:14:20.0000000Z;7.22;7.234;2583;20437
2026-06-08T09:14:22.0000000Z;7.22;7.234;37463;20437
2026-06-08T09:14:23.0000000Z;7.22;7.234;34000;20437
2026-06-08T09:14:25.0000000Z;7.221;7.234;1404;20437
2026-06-08T09:14:28.0000000Z;7.221;7.234;1107;20437
2026-06-08T09:14:29.0000000Z;7.22;7.234;2770;20437
2026-06-08T09:14:30.0000000Z;7.22;7.235;37463;14795
2026-06-08T09:14:33.0000000Z;7.22;7.235;34000;14795
2026-06-08T09:14:44.0000000Z;7.22;7.235;34000;34000
2026-06-08T09:14:45.0000000Z;7.22;7.243;2770;3787
2026-06-08T09:14:47.0000000Z;7.22;7.236;2770;3455
2026-06-08T09:14:49.0000000Z;7.22;7.242;2770;22832
2026-06-08T09:14:55.0000000Z;7.222;7.243;1107;2928
2026-06-08T09:14:56.0000000Z;7.222;7.242;1107;20437
2026-06-08T09:15:00.0000000Z;7.221;7.242;1408;20437
2026-06-08T09:15:01.0000000Z;7.218;7.243;2699;34000
2026-06-08T09:15:02.0000000Z;7.208;7.238;2395;20437
2026-06-08T09:15:03.0000000Z;7.208;7.239;1108;2961
2026-06-08T09:15:06.0000000Z;7.209;7.239;20437;2961
2026-06-08T09:15:07.0000000Z;7.209;7.238;20437;22832
2026-06-08T09:15:13.0000000Z;7.209;7.242;20437;2395
2026-06-08T09:15:14.0000000Z;7.198;7.237;1108;20437
2026-06-08T09:15:15.0000000Z;7.211;7.237;20437;20437
2026-06-08T09:15:16.0000000Z;7.216;7.237;1108;20437
2026-06-08T09:15:17.0000000Z;7.216;7.247;1741;976
2026-06-08T09:15:18.0000000Z;7.216;7.242;1741;3562
2026-06-08T09:15:19.0000000Z;7.216;7.242;1741;2395
2026-06-08T09:15:20.0000000Z;7.216;7.242;1741;2395
2026-06-08T09:15:23.0000000Z;7.216;7.242;1741;2716
2026-06-08T09:15:24.0000000Z;7.216;7.242;1741;321
2026-06-08T09:15:25.0000000Z;7.216;7.245;1741;4976
2026-06-08T09:15:27.0000000Z;7.218;7.243;1108;3452
2026-06-08T09:15:28.0000000Z;7.218;7.243;2459;3452
2026-06-08T09:15:29.0000000Z;7.218;7.243;2459;4210
2026-06-08T09:15:30.0000000Z;7.218;7.243;2459;2395
2026-06-08T09:15:31.0000000Z;7.218;7.244;2459;2395
2026-06-08T09:15:32.0000000Z;7.218;7.244;2459;2395
2026-06-08T09:15:33.0000000Z;7.218;7.244;2459;3359
2026-06-08T09:15:35.0000000Z;7.218;7.244;2459;3359
2026-06-08T09:15:36.0000000Z;7.218;7.244;2459;964
2026-06-08T09:15:39.0000000Z;7.217;7.247;3503;2395
2026-06-08T09:15:40.0000000Z;7.217;7.247;9443;2395
2026-06-08T09:15:41.0000000Z;7.219;7.246;34000;20437
2026-06-08T09:15:42.0000000Z;7.219;7.246;34000;20437
2026-06-08T09:15:44.0000000Z;7.219;7.246;34000;20437
2026-06-08T09:15:47.0000000Z;7.219;7.246;7048;20437
2026-06-08T09:15:48.0000000Z;7.219;7.246;7048;20437
2026-06-08T09:15:57.0000000Z;7.219;7.246;36395;20437
2026-06-08T09:15:59.0000000Z;7.219;7.246;34000;20437
2026-06-08T09:16:00.0000000Z;7.22;7.246;7048;20437
2026-06-08T09:16:01.0000000Z;7.22;7.246;34000;20437
2026-06-08T09:16:04.0000000Z;7.22;7.246;1108;20437
2026-06-08T09:16:05.0000000Z;7.22;7.246;7048;20437
2026-06-08T09:16:06.0000000Z;7.22;7.246;7048;20437
2026-06-08T09:16:09.0000000Z;7.221;7.246;1107;20437
2026-06-08T09:16:10.0000000Z;7.221;7.246;34000;20437
2026-06-08T09:16:15.0000000Z;7.221;7.247;1107;2395
2026-06-08T09:16:16.0000000Z;7.221;7.247;1107;2395
2026-06-08T09:16:17.0000000Z;7.223;7.247;3502;2395
2026-06-08T09:16:18.0000000Z;7.225;7.245;34000;56832
2026-06-08T09:16:19.0000000Z;7.227;7.243;1106;2395
2026-06-08T09:16:20.0000000Z;7.228;7.242;2765;5987
2026-06-08T09:16:22.0000000Z;7.228;7.242;2765;5987
2026-06-08T09:16:24.0000000Z;7.228;7.24;2765;3592
2026-06-08T09:16:25.0000000Z;7.228;7.24;2765;20437
2026-06-08T09:16:26.0000000Z;7.228;7.241;1659;5987
2026-06-08T09:16:27.0000000Z;7.228;7.24;1659;20437
2026-06-08T09:16:28.0000000Z;7.228;7.24;1659;20437
2026-06-08T09:16:29.0000000Z;7.226;7.241;2767;3592
2026-06-08T09:16:30.0000000Z;7.226;7.241;2767;5987
2026-06-08T09:16:31.0000000Z;7.227;7.241;3460;5987
2026-06-08T09:16:32.0000000Z;7.226;7.241;34000;5987
2026-06-08T09:16:33.0000000Z;7.228;7.241;1659;5987
2026-06-08T09:16:35.0000000Z;7.228;7.241;1659;3592
2026-06-08T09:16:36.0000000Z;7.229;7.241;34000;3592
2026-06-08T09:16:38.0000000Z;7.229;7.241;34000;3592
2026-06-08T09:16:40.0000000Z;7.229;7.241;34000;5987
2026-06-08T09:16:41.0000000Z;7.229;7.241;34000;5987
2026-06-08T09:16:42.0000000Z;7.229;7.239;34000;3592
2026-06-08T09:16:43.0000000Z;7.229;7.238;34000;20444
2026-06-08T09:16:44.0000000Z;7.229;7.239;34000;3592
2026-06-08T09:16:45.0000000Z;7.229;7.238;34000;2395
2026-06-08T09:16:47.0000000Z;7.229;7.238;34000;2395
2026-06-08T09:16:49.0000000Z;7.229;7.238;34000;34000
2026-06-08T09:16:50.0000000Z;7.229;7.24;34000;5987
2026-06-08T09:16:51.0000000Z;7.229;7.239;34000;26293
2026-06-08T09:16:56.0000000Z;7.229;7.239;34000;22839
2026-06-08T09:17:00.0000000Z;7.229;7.24;34000;5526
2026-06-08T09:17:01.0000000Z;7.229;7.24;34000;3136
2026-06-08T09:17:02.0000000Z;7.229;7.24;1106;3136
2026-06-08T09:17:03.0000000Z;7.23;7.24;1659;3136
2026-06-08T09:17:04.0000000Z;7.23;7.24;1659;3136
2026-06-08T09:17:05.0000000Z;7.23;7.24;1659;3136
2026-06-08T09:17:07.0000000Z;7.23;7.24;1659;3136
2026-06-08T09:17:12.0000000Z;7.23;7.24;1659;3136
2026-06-08T09:17:15.0000000Z;7.23;7.24;1659;3136
2026-06-08T09:17:24.0000000Z;7.23;7.24;1659;3136
2026-06-08T09:17:25.0000000Z;7.23;7.24;1659;3136
2026-06-08T09:17:29.0000000Z;7.23;7.24;1659;34000
2026-06-08T09:17:30.0000000Z;7.23;7.239;1659;20444
2026-06-08T09:17:31.0000000Z;7.23;7.239;2765;20444
2026-06-08T09:17:32.0000000Z;7.231;7.24;1659;5987
2026-06-08T09:17:33.0000000Z;7.231;7.237;34000;20444
2026-06-08T09:17:34.0000000Z;7.23;7.237;34000;20444
2026-06-08T09:17:35.0000000Z;7.23;7.237;34000;20444
2026-06-08T09:17:36.0000000Z;7.23;7.237;34000;20444
2026-06-08T09:17:37.0000000Z;7.23;7.237;34000;20444
2026-06-08T09:17:38.0000000Z;7.23;7.24;2765;5987
2026-06-08T09:17:39.0000000Z;7.23;7.239;2765;22839
2026-06-08T09:17:40.0000000Z;7.23;7.239;1659;22839
2026-06-08T09:17:41.0000000Z;7.23;7.239;2765;22839
2026-06-08T09:17:43.0000000Z;7.23;7.239;2765;22839
2026-06-08T09:17:51.0000000Z;7.23;7.239;2153;22839
2026-06-08T09:17:59.0000000Z;7.229;7.24;1659;34000
2026-06-08T09:17:59.0000000Z;7.229;7.237;1659;2395
2026-06-08T09:18:00.0000000Z;7.229;7.236;1659;20444
2026-06-08T09:18:01.0000000Z;7.229;7.236;37459;20444
2026-06-08T09:18:02.0000000Z;7.229;7.236;37459;20444
2026-06-08T09:18:03.0000000Z;7.229;7.236;2765;20444
2026-06-08T09:18:04.0000000Z;7.229;7.237;2765;2395
2026-06-08T09:18:06.0000000Z;7.229;7.237;34000;2395
2026-06-08T09:18:07.0000000Z;7.229;7.237;34000;2395
2026-06-08T09:18:09.0000000Z;7.229;7.237;34000;34000
2026-06-08T09:18:10.0000000Z;7.229;7.239;34000;5987
2026-06-08T09:18:11.0000000Z;7.229;7.238;34000;5849
2026-06-08T09:18:15.0000000Z;7.229;7.238;34000;2395
2026-06-08T09:18:17.0000000Z;7.229;7.238;34000;2395
2026-06-08T09:18:18.0000000Z;7.229;7.239;34000;5987
2026-06-08T09:18:20.0000000Z;7.229;7.239;34000;34000
2026-06-08T09:18:21.0000000Z;7.229;7.238;34000;4450
2026-06-08T09:18:23.0000000Z;7.229;7.238;34000;4450
2026-06-08T09:18:25.0000000Z;7.229;7.238;34000;4450
2026-06-08T09:18:27.0000000Z;7.229;7.238;34000;4450
2026-06-08T09:18:28.0000000Z;7.229;7.238;34000;4450
2026-06-08T09:18:30.0000000Z;7.229;7.238;34000;4450
2026-06-08T09:18:32.0000000Z;7.229;7.238;34000;5590
2026-06-08T09:18:33.0000000Z;7.229;7.238;34000;5784
2026-06-08T09:18:35.0000000Z;7.228;7.238;1659;5784
2026-06-08T09:18:36.0000000Z;7.228;7.238;37459;5784
2026-06-08T09:18:37.0000000Z;7.229;7.238;1659;5784
2026-06-08T09:18:38.0000000Z;7.223;7.238;1660;5784
2026-06-08T09:18:39.0000000Z;7.223;7.238;3592;5784
2026-06-08T09:18:40.0000000Z;7.228;7.238;3459;4450
2026-06-08T09:18:41.0000000Z;7.228;7.238;3459;4450
2026-06-08T09:18:42.0000000Z;7.223;7.238;34000;4450
2026-06-08T09:18:44.0000000Z;7.223;7.238;34000;4450
2026-06-08T09:18:45.0000000Z;7.223;7.238;3592;4450
2026-06-08T09:18:47.0000000Z;7.225;7.238;1660;4450
2026-06-08T09:18:48.0000000Z;7.225;7.238;34000;4450
2026-06-08T09:18:50.0000000Z;7.225;7.238;1660;4450
2026-06-08T09:18:52.0000000Z;7.221;7.238;16094;8550
2026-06-08T09:18:53.0000000Z;7.221;7.238;23212;8550
2026-06-08T09:18:54.0000000Z;7.224;7.238;3461;8550
2026-06-08T09:18:56.0000000Z;7.221;7.238;36395;8614
2026-06-08T09:18:57.0000000Z;7.223;7.238;3592;8614
2026-06-08T09:18:58.0000000Z;7.223;7.238;34000;8614
2026-06-08T09:19:01.0000000Z;7.223;7.238;3592;8614
2026-06-08T09:19:03.0000000Z;7.223;7.238;3592;8614
2026-06-08T09:19:04.0000000Z;7.222;7.238;7084;8614
2026-06-08T09:19:06.0000000Z;7.222;7.236;37462;4450
2026-06-08T09:19:07.0000000Z;7.222;7.236;34000;4450
2026-06-08T09:19:09.0000000Z;7.221;7.236;7184;4450
2026-06-08T09:19:10.0000000Z;7.221;7.236;37463;4450
2026-06-08T09:19:11.0000000Z;7.221;7.236;37463;4450
2026-06-08T09:19:12.0000000Z;7.221;7.236;37463;4450
2026-06-08T09:19:13.0000000Z;7.221;7.236;34000;4450
2026-06-08T09:19:14.0000000Z;7.22;7.236;18489;4450
2026-06-08T09:19:16.0000000Z;7.22;7.236;60269;4450
2026-06-08T09:19:17.0000000Z;7.22;7.236;56806;4450
2026-06-08T09:19:19.0000000Z;7.22;7.236;56806;4450
2026-06-08T09:19:21.0000000Z;7.221;7.236;5388;4450
2026-06-08T09:19:24.0000000Z;7.221;7.236;5388;4450
2026-06-08T09:19:26.0000000Z;7.219;7.236;16028;4450
2026-06-08T09:19:28.0000000Z;7.22;7.236;20411;4450
2026-06-08T09:19:30.0000000Z;7.219;7.236;21968;4450
2026-06-08T09:19:32.0000000Z;7.219;7.236;16028;4450
2026-06-08T09:19:37.0000000Z;7.22;7.236;20817;4450
2026-06-08T09:19:38.0000000Z;7.22;7.236;20817;4450
2026-06-08T09:19:41.0000000Z;7.22;7.236;20817;4450
2026-06-08T09:19:42.0000000Z;7.22;7.236;4723;4450
2026-06-08T09:19:48.0000000Z;7.22;7.236;4723;4450
2026-06-08T09:19:50.0000000Z;7.22;7.236;4723;4450
2026-06-08T09:19:52.0000000Z;7.22;7.236;13633;4450
2026-06-08T09:19:56.0000000Z;7.22;7.236;22543;4450
2026-06-08T09:19:57.0000000Z;7.22;7.236;13633;4450
2026-06-08T09:19:58.0000000Z;7.22;7.236;13633;4450
2026-06-08T09:20:00.0000000Z;7.22;7.236;13633;4450
2026-06-08T09:20:01.0000000Z;7.22;7.236;13633;4450
2026-06-08T09:20:04.0000000Z;7.23;7.236;1659;4450
2026-06-08T09:20:05.0000000Z;7.23;7.236;34000;4450
2026-06-08T09:20:09.0000000Z;7.23;7.236;34000;4450
2026-06-08T09:20:10.0000000Z;7.23;7.236;34000;4450
2026-06-08T09:20:11.0000000Z;7.23;7.236;34000;4450
2026-06-08T09:20:12.0000000Z;7.23;7.236;34000;4450
2026-06-08T09:20:15.0000000Z;7.23;7.236;34000;4450
2026-06-08T09:20:16.0000000Z;7.229;7.236;1659;4450
2026-06-08T09:20:17.0000000Z;7.231;7.236;1659;4450
2026-06-08T09:20:18.0000000Z;7.231;7.236;34000;4450
2026-06-08T09:20:20.0000000Z;7.23;7.236;1106;4450
2026-06-08T09:20:21.0000000Z;7.23;7.236;2765;4450
2026-06-08T09:20:22.0000000Z;7.23;7.236;34000;4450
2026-06-08T09:20:36.0000000Z;7.23;7.236;2028;4450
2026-06-08T09:20:37.0000000Z;7.23;7.236;1106;4450
2026-06-08T09:20:38.0000000Z;7.23;7.236;2765;4450
2026-06-08T09:20:41.0000000Z;7.23;7.236;2765;4450
2026-06-08T09:20:45.0000000Z;7.23;7.242;2765;7679
2026-06-08T09:20:47.0000000Z;7.23;7.242;2765;7679
2026-06-08T09:20:48.0000000Z;7.23;7.237;2765;3455
2026-06-08T09:20:49.0000000Z;7.23;7.237;2765;3455
2026-06-08T09:20:50.0000000Z;7.231;7.243;1659;7410
2026-06-08T09:20:51.0000000Z;7.231;7.24;34000;5430
2026-06-08T09:20:52.0000000Z;7.231;7.24;34000;4450
2026-06-08T09:20:53.0000000Z;7.231;7.24;34000;6883
2026-06-08T09:20:55.0000000Z;7.231;7.24;34000;4450
2026-06-08T09:20:57.0000000Z;7.231;7.24;34000;5775
2026-06-08T09:20:58.0000000Z;7.231;7.24;34000;4450
2026-06-08T09:21:00.0000000Z;7.231;7.24;34000;5349
2026-06-08T09:21:01.0000000Z;7.231;7.24;34000;4450
2026-06-08T09:21:02.0000000Z;7.231;7.24;34000;5362
2026-06-08T09:21:03.0000000Z;7.231;7.24;34000;4450
2026-06-08T09:21:04.0000000Z;7.231;7.24;34000;5710
2026-06-08T09:21:05.0000000Z;7.231;7.24;34000;7954
2026-06-08T09:21:06.0000000Z;7.231;7.24;34000;7954
2026-06-08T09:21:11.0000000Z;7.231;7.24;1659;7954
2026-06-08T09:21:12.0000000Z;7.231;7.24;1659;7954
2026-06-08T09:21:13.0000000Z;7.231;7.24;1659;7954
2026-06-08T09:21:21.0000000Z;7.231;7.24;1659;7954
2026-06-08T09:21:31.0000000Z;7.23;7.24;1659;7954
2026-06-08T09:21:32.0000000Z;7.23;7.24;37458;7954
2026-06-08T09:21:34.0000000Z;7.23;7.24;37458;8021
2026-06-08T09:21:35.0000000Z;7.23;7.24;34000;8021
2026-06-08T09:21:41.0000000Z;7.23;7.24;34000;8021
2026-06-08T09:21:48.0000000Z;7.23;7.24;34000;8021
2026-06-08T09:21:49.0000000Z;7.23;7.24;34000;8021
2026-06-08T09:21:54.0000000Z;7.23;7.24;34000;8021
2026-06-08T09:21:59.0000000Z;7.23;7.239;34000;34000
2026-06-08T09:22:00.0000000Z;7.23;7.239;2765;4450
2026-06-08T09:22:04.0000000Z;7.23;7.239;2765;4450
2026-06-08T09:22:09.0000000Z;7.228;7.239;1106;7816
2026-06-08T09:22:10.0000000Z;7.23;7.239;2765;6120
2026-06-08T09:22:12.0000000Z;7.23;7.239;2765;4450
2026-06-08T09:22:14.0000000Z;7.23;7.239;2765;8670
2026-06-08T09:22:15.0000000Z;7.23;7.239;1106;8670
2026-06-08T09:22:16.0000000Z;7.229;7.239;1659;8670
2026-06-08T09:22:18.0000000Z;7.229;7.239;1659;4450
2026-06-08T09:22:19.0000000Z;7.231;7.239;34000;4450
2026-06-08T09:22:21.0000000Z;7.231;7.239;1659;4450
2026-06-08T09:22:22.0000000Z;7.231;7.239;1659;5762
2026-06-08T09:22:23.0000000Z;7.231;7.239;1659;5762
2026-06-08T09:22:24.0000000Z;7.23;7.239;2765;5762
2026-06-08T09:22:25.0000000Z;7.228;7.239;2765;5762
2026-06-08T09:22:27.0000000Z;7.23;7.239;37458;5762
2026-06-08T09:22:28.0000000Z;7.23;7.239;37458;5762
2026-06-08T09:22:29.0000000Z;7.23;7.239;3458;5762
2026-06-08T09:22:31.0000000Z;7.23;7.239;3458;5762
2026-06-08T09:22:32.0000000Z;7.228;7.239;34000;5762
2026-06-08T09:22:43.0000000Z;7.228;7.239;34000;5762
2026-06-08T09:22:46.0000000Z;7.228;7.239;34000;5762
2026-06-08T09:22:51.0000000Z;7.228;7.239;34000;5762
2026-06-08T09:22:55.0000000Z;7.228;7.239;34000;5762
2026-06-08T09:22:56.0000000Z;7.23;7.239;1106;5762
2026-06-08T09:22:58.0000000Z;7.228;7.239;2765;5762
2026-06-08T09:22:59.0000000Z;7.23;7.239;34000;5762
2026-06-08T09:23:01.0000000Z;7.228;7.239;34000;5762
2026-06-08T09:23:02.0000000Z;7.228;7.239;34000;5762
2026-06-08T09:23:04.0000000Z;7.228;7.239;1106;5762
2026-06-08T09:23:06.0000000Z;7.228;7.239;2765;5762
2026-06-08T09:23:07.0000000Z;7.228;7.239;2765;5762
2026-06-08T09:23:12.0000000Z;7.228;7.239;1106;5762
2026-06-08T09:23:13.0000000Z;7.228;7.239;1106;5762
2026-06-08T09:23:16.0000000Z;7.228;7.239;2765;5762
2026-06-08T09:23:17.0000000Z;7.228;7.239;1106;5762
2026-06-08T09:23:19.0000000Z;7.228;7.239;2765;5762
2026-06-08T09:23:30.0000000Z;7.228;7.239;1106;5762
2026-06-08T09:23:31.0000000Z;7.228;7.239;2765;5762
2026-06-08T09:23:32.0000000Z;7.228;7.239;2765;5762
2026-06-08T09:23:33.0000000Z;7.228;7.239;2765;5762
2026-06-08T09:23:45.0000000Z;7.228;7.239;2765;5762
2026-06-08T09:23:56.0000000Z;7.228;7.237;2765;4450
2026-06-08T09:23:57.0000000Z;7.228;7.237;2765;4450
2026-06-08T09:23:59.0000000Z;7.228;7.237;2765;4450
2026-06-08T09:24:00.0000000Z;7.228;7.237;2765;5409
2026-06-08T09:24:01.0000000Z;7.228;7.237;2765;5409
2026-06-08T09:24:02.0000000Z;7.228;7.237;2765;5409
2026-06-08T09:24:03.0000000Z;7.228;7.237;2765;5409
2026-06-08T09:24:04.0000000Z;7.228;7.237;2765;5409
2026-06-08T09:24:05.0000000Z;7.228;7.237;2765;5409
2026-06-08T09:24:08.0000000Z;7.228;7.237;2765;5409
2026-06-08T09:24:13.0000000Z;7.228;7.237;2765;5409
2026-06-08T09:24:14.0000000Z;7.228;7.237;2765;4450
2026-06-08T09:24:16.0000000Z;7.228;7.237;2765;4450
2026-06-08T09:24:20.0000000Z;7.228;7.237;2765;8347
2026-06-08T09:24:22.0000000Z;7.228;7.237;2765;4450
2026-06-08T09:24:23.0000000Z;7.228;7.237;2765;5232
2026-06-08T09:24:25.0000000Z;7.228;7.237;2765;7714
2026-06-08T09:24:26.0000000Z;7.228;7.237;2765;7714
2026-06-08T09:24:30.0000000Z;7.228;7.237;2765;7714
2026-06-08T09:24:45.0000000Z;7.228;7.237;1975;7714
2026-06-08T09:25:12.0000000Z;7.228;7.237;1106;7714
2026-06-08T09:25:13.0000000Z;7.227;7.237;1106;7714
2026-06-08T09:25:14.0000000Z;7.227;7.237;2765;7714
2026-06-08T09:25:15.0000000Z;7.227;7.237;37460;7714
2026-06-08T09:25:18.0000000Z;7.227;7.237;34000;7714
2026-06-08T09:25:20.0000000Z;7.227;7.237;1106;7714
2026-06-08T09:25:21.0000000Z;7.227;7.237;1106;7714
2026-06-08T09:25:22.0000000Z;7.227;7.237;1106;7714
2026-06-08T09:25:23.0000000Z;7.225;7.237;2767;7714
2026-06-08T09:25:24.0000000Z;7.225;7.237;2767;7714
2026-06-08T09:25:25.0000000Z;7.225;7.237;34000;7714
2026-06-08T09:25:28.0000000Z;7.225;7.234;34000;8107
2026-06-08T09:25:29.0000000Z;7.225;7.234;34000;54424
2026-06-08T09:25:30.0000000Z;7.225;7.234;34000;54424
2026-06-08T09:25:31.0000000Z;7.225;7.234;34000;54424
2026-06-08T09:25:32.0000000Z;7.225;7.234;34000;54424
2026-06-08T09:25:33.0000000Z;7.225;7.234;34000;54424
2026-06-08T09:25:35.0000000Z;7.225;7.234;34000;54424
2026-06-08T09:25:37.0000000Z;7.225;7.234;34000;54424
2026-06-08T09:25:48.0000000Z;7.225;7.234;34000;4450
2026-06-08T09:25:55.0000000Z;7.225;7.234;34000;4450
2026-06-08T09:25:58.0000000Z;7.225;7.234;34000;7265
2026-06-08T09:25:59.0000000Z;7.225;7.234;34000;4450
2026-06-08T09:26:02.0000000Z;7.225;7.234;34000;4450
2026-06-08T09:26:10.0000000Z;7.225;7.234;34000;7006
2026-06-08T09:26:11.0000000Z;7.225;7.234;2767;7006
2026-06-08T09:26:12.0000000Z;7.225;7.234;2767;7006
2026-06-08T09:26:15.0000000Z;7.225;7.234;2767;8623
2026-06-08T09:26:21.0000000Z;7.225;7.234;2767;4450
2026-06-08T09:26:22.0000000Z;7.225;7.234;2767;8812
2026-06-08T09:26:23.0000000Z;7.225;7.234;2767;4450
2026-06-08T09:26:24.0000000Z;7.225;7.234;2767;8505
2026-06-08T09:26:27.0000000Z;7.225;7.234;2767;4450
2026-06-08T09:26:30.0000000Z;7.225;7.234;2767;4450
2026-06-08T09:26:44.0000000Z;7.225;7.234;2767;4450
2026-06-08T09:26:46.0000000Z;7.225;7.234;2767;8096
2026-06-08T09:26:47.0000000Z;7.225;7.234;2767;4450
2026-06-08T09:26:51.0000000Z;7.225;7.234;2767;8377
2026-06-08T09:26:52.0000000Z;7.225;7.234;2767;4450
2026-06-08T09:26:54.0000000Z;7.225;7.234;2767;4450
2026-06-08T09:26:57.0000000Z;7.225;7.234;2767;4450
2026-06-08T09:27:01.0000000Z;7.225;7.234;2767;4450
2026-06-08T09:27:03.0000000Z;7.225;7.234;2767;4450
2026-06-08T09:27:04.0000000Z;7.225;7.234;2767;4450
2026-06-08T09:27:05.0000000Z;7.225;7.234;2767;4450
2026-06-08T09:27:06.0000000Z;7.225;7.234;2767;4450
2026-06-08T09:27:10.0000000Z;7.225;7.234;2767;4450
2026-06-08T09:27:11.0000000Z;7.225;7.234;2767;4450
2026-06-08T09:27:12.0000000Z;7.225;7.234;2767;4450
2026-06-08T09:27:13.0000000Z;7.225;7.234;2767;4450
2026-06-08T09:27:14.0000000Z;7.225;7.234;2767;4450
2026-06-08T09:27:15.0000000Z;7.225;7.234;2767;4450
2026-06-08T09:27:16.0000000Z;7.225;7.234;2767;4450
2026-06-08T09:27:17.0000000Z;7.225;7.234;2767;4450
2026-06-08T09:27:18.0000000Z;7.225;7.234;2767;4450
2026-06-08T09:27:20.0000000Z;7.225;7.234;2767;4450
2026-06-08T09:27:21.0000000Z;7.225;7.234;2767;4450
2026-06-08T09:27:22.0000000Z;7.225;7.234;2767;4450
2026-06-08T09:27:24.0000000Z;7.225;7.234;2767;4450
2026-06-08T09:27:25.0000000Z;7.225;7.234;2767;4450
2026-06-08T09:27:27.0000000Z;7.225;7.234;2767;4450
2026-06-08T09:27:29.0000000Z;7.225;7.234;2767;4450
2026-06-08T09:27:30.0000000Z;7.225;7.234;2767;4450
2026-06-08T09:27:31.0000000Z;7.225;7.234;2767;4450
2026-06-08T09:27:32.0000000Z;7.225;7.234;2767;4450
2026-06-08T09:27:35.0000000Z;7.225;7.234;2767;4450
2026-06-08T09:27:37.0000000Z;7.225;7.234;2767;4450
2026-06-08T09:27:42.0000000Z;7.225;7.234;2767;4450
2026-06-08T09:27:43.0000000Z;7.225;7.234;2767;4450
2026-06-08T09:27:46.0000000Z;7.225;7.234;2767;4450
2026-06-08T09:27:48.0000000Z;7.225;7.234;2767;4450
2026-06-08T09:27:49.0000000Z;7.225;7.234;2767;4450
2026-06-08T09:27:50.0000000Z;7.225;7.234;2767;4450
2026-06-08T09:27:52.0000000Z;7.225;7.234;2767;4450
2026-06-08T09:27:54.0000000Z;7.225;7.234;2767;4450
2026-06-08T09:27:57.0000000Z;7.225;7.234;2767;4450
2026-06-08T09:27:59.0000000Z;7.225;7.234;2767;4450
2026-06-08T09:28:00.0000000Z;7.225;7.234;2767;4450
2026-06-08T09:28:01.0000000Z;7.225;7.234;2767;4450
2026-06-08T09:28:02.0000000Z;7.225;7.234;2767;4450
2026-06-08T09:28:03.0000000Z;7.225;7.234;2767;4450
2026-06-08T09:28:05.0000000Z;7.225;7.234;2767;4450
2026-06-08T09:28:06.0000000Z;7.225;7.234;2767;4450
2026-06-08T09:28:08.0000000Z;7.225;7.234;2767;4450
2026-06-08T09:28:12.0000000Z;7.225;7.234;2767;4450
2026-06-08T09:28:13.0000000Z;7.225;7.234;2767;4450
2026-06-08T09:28:14.0000000Z;7.225;7.234;2767;4450
2026-06-08T09:28:19.0000000Z;7.225;7.234;2767;4450
2026-06-08T09:28:27.0000000Z;7.225;7.234;2767;4450
2026-06-08T09:28:28.0000000Z;7.225;7.234;2767;4450
2026-06-08T09:28:29.0000000Z;7.225;7.234;2767;4450
2026-06-08T09:28:30.0000000Z;7.225;7.234;2767;4450
2026-06-08T09:28:31.0000000Z;7.225;7.234;2767;4450
2026-06-08T09:28:32.0000000Z;7.225;7.234;2767;4450
2026-06-08T09:28:33.0000000Z;7.225;7.234;2767;4450
2026-06-08T09:28:35.0000000Z;7.225;7.234;2767;4450
2026-06-08T09:28:36.0000000Z;7.225;7.234;2767;4450
2026-06-08T09:28:37.0000000Z;7.225;7.234;2767;4450
2026-06-08T09:28:39.0000000Z;7.225;7.234;2767;4450
2026-06-08T09:28:41.0000000Z;7.225;7.234;2767;4450
2026-06-08T09:28:43.0000000Z;7.225;7.234;2767;4450
2026-06-08T09:28:45.0000000Z;7.225;7.234;2767;4450
2026-06-08T09:28:46.0000000Z;7.225;7.234;2767;4450
2026-06-08T09:28:47.0000000Z;7.225;7.234;2767;4450
2026-06-08T09:29:03.0000000Z;7.225;7.234;2767;4450
2026-06-08T09:29:19.0000000Z;7.225;7.234;2767;4450
2026-06-08T09:29:24.0000000Z;7.225;7.234;2767;4450
2026-06-08T09:29:33.0000000Z;7.225;7.234;2767;4450
2026-06-08T09:29:37.0000000Z;7.225;7.234;2767;4450
2026-06-08T09:29:38.0000000Z;7.225;7.234;2767;4450
2026-06-08T09:29:39.0000000Z;7.225;7.234;2767;4450
2026-06-08T09:29:48.0000000Z;7.225;7.234;2767;4450
2026-06-08T09:29:49.0000000Z;7.225;7.234;2767;4450
2026-06-08T09:29:52.0000000Z;7.225;7.234;2767;4450
2026-06-08T09:29:53.0000000Z;7.225;7.234;2767;4450
2026-06-08T09:29:54.0000000Z;7.225;7.234;2767;4450
2026-06-08T09:29:55.0000000Z;7.225;7.234;2767;4450
2026-06-08T09:29:56.0000000Z;7.225;7.234;2767;4450
2026-06-08T09:29:58.0000000Z;7.225;7.234;2767;4450
2026-06-08T09:29:59.0000000Z;7.225;7.234;2767;4450
2026-06-08T09:30:00.0000000Z;7.225;7.234;2767;4450
2026-06-08T09:30:02.0000000Z;7.225;7.234;2767;4450
2026-06-08T09:30:03.0000000Z;7.225;7.234;2767;7789
2026-06-08T09:30:05.0000000Z;7.225;7.234;2767;7789
2026-06-08T09:30:07.0000000Z;7.225;7.234;2767;7789
2026-06-08T09:30:11.0000000Z;7.225;7.234;2767;7789
2026-06-08T09:30:12.0000000Z;7.225;7.234;2767;7789
2026-06-08T09:30:14.0000000Z;7.225;7.234;2767;7789
2026-06-08T09:30:15.0000000Z;7.225;7.234;2767;7789
2026-06-08T09:30:16.0000000Z;7.225;7.234;2767;7789
2026-06-08T09:30:19.0000000Z;7.225;7.234;2767;7789
2026-06-08T09:30:21.0000000Z;7.225;7.234;2767;7789
2026-06-08T09:30:22.0000000Z;7.225;7.234;2767;7789
2026-06-08T09:30:24.0000000Z;7.225;7.234;2767;7789
2026-06-08T09:30:27.0000000Z;7.225;7.234;2767;10184
2026-06-08T09:30:29.0000000Z;7.225;7.234;2767;10184
2026-06-08T09:30:30.0000000Z;7.225;7.234;1107;10184
2026-06-08T09:30:31.0000000Z;7.225;7.234;1107;10184
2026-06-08T09:30:32.0000000Z;7.223;7.234;1107;6845
2026-06-08T09:30:33.0000000Z;7.223;7.234;1107;6845
2026-06-08T09:30:34.0000000Z;7.226;7.234;34000;6845
2026-06-08T09:30:35.0000000Z;7.226;7.234;34000;6845
2026-06-08T09:30:37.0000000Z;7.226;7.232;34000;4450
2026-06-08T09:30:38.0000000Z;7.226;7.232;1660;4450
2026-06-08T09:30:39.0000000Z;7.226;7.232;1660;4450
2026-06-08T09:30:41.0000000Z;7.225;7.232;2767;4450
2026-06-08T09:30:42.0000000Z;7.225;7.232;2767;4450
2026-06-08T09:30:43.0000000Z;7.225;7.232;37461;4450
2026-06-08T09:30:45.0000000Z;7.225;7.232;2561;4450
2026-06-08T09:30:47.0000000Z;7.225;7.232;34000;4450
2026-06-08T09:30:54.0000000Z;7.225;7.232;34000;4450
2026-06-08T09:30:56.0000000Z;7.225;7.232;34000;4450
2026-06-08T09:30:58.0000000Z;7.225;7.231;34000;4450
2026-06-08T09:30:59.0000000Z;7.225;7.231;1107;4450
2026-06-08T09:31:00.0000000Z;7.225;7.231;1107;4450
2026-06-08T09:31:01.0000000Z;7.225;7.231;1107;4450
2026-06-08T09:31:02.0000000Z;7.225;7.231;2729;4450
2026-06-08T09:31:03.0000000Z;7.225;7.231;1107;4450
2026-06-08T09:31:04.0000000Z;7.225;7.231;1107;4450
2026-06-08T09:31:05.0000000Z;7.225;7.231;1107;4450
2026-06-08T09:31:07.0000000Z;7.225;7.231;1107;4450
2026-06-08T09:31:09.0000000Z;7.225;7.231;1107;4450
2026-06-08T09:31:11.0000000Z;7.225;7.231;1107;4450
2026-06-08T09:31:13.0000000Z;7.225;7.231;1107;4450
2026-06-08T09:31:15.0000000Z;7.225;7.231;1107;4450
2026-06-08T09:31:17.0000000Z;7.225;7.231;1107;4450
2026-06-08T09:31:21.0000000Z;7.225;7.231;2767;4450
2026-06-08T09:31:23.0000000Z;7.225;7.231;1107;4450
2026-06-08T09:31:24.0000000Z;7.225;7.231;2767;4450
2026-06-08T09:31:25.0000000Z;7.225;7.231;2767;4450
2026-06-08T09:31:26.0000000Z;7.225;7.231;2767;4450
2026-06-08T09:31:33.0000000Z;7.225;7.231;2767;4450
2026-06-08T09:31:36.0000000Z;7.225;7.231;2767;4450
2026-06-08T09:31:38.0000000Z;7.225;7.231;2767;4450
2026-06-08T09:31:39.0000000Z;7.225;7.231;2767;4450
2026-06-08T09:31:42.0000000Z;7.225;7.231;2767;4450
2026-06-08T09:31:43.0000000Z;7.225;7.231;2767;4450
2026-06-08T09:31:50.0000000Z;7.225;7.231;2767;4450
2026-06-08T09:31:51.0000000Z;7.225;7.231;2767;4450
2026-06-08T09:31:53.0000000Z;7.225;7.231;2767;4450
2026-06-08T09:31:54.0000000Z;7.225;7.231;2767;4450
2026-06-08T09:31:55.0000000Z;7.225;7.231;2767;4450
2026-06-08T09:31:57.0000000Z;7.225;7.231;2767;4450
2026-06-08T09:31:59.0000000Z;7.225;7.231;2767;4450
2026-06-08T09:32:00.0000000Z;7.225;7.231;2767;4450
2026-06-08T09:32:01.0000000Z;7.225;7.231;2767;4450
2026-06-08T09:32:02.0000000Z;7.225;7.231;1107;4450
2026-06-08T09:32:03.0000000Z;7.225;7.231;1107;4450
2026-06-08T09:32:04.0000000Z;7.225;7.231;2767;4450
2026-06-08T09:32:05.0000000Z;7.225;7.231;1107;4450
2026-06-08T09:32:07.0000000Z;7.225;7.231;1107;4450
2026-06-08T09:32:09.0000000Z;7.225;7.231;1107;4450
2026-06-08T09:32:10.0000000Z;7.225;7.231;2767;4450
2026-06-08T09:32:11.0000000Z;7.225;7.231;1107;4450
2026-06-08T09:32:12.0000000Z;7.225;7.231;2767;4450
2026-06-08T09:32:13.0000000Z;7.221;7.231;1107;4450
2026-06-08T09:32:14.0000000Z;7.225;7.231;2767;4450
2026-06-08T09:32:15.0000000Z;7.225;7.231;2767;4450
2026-06-08T09:32:17.0000000Z;7.225;7.231;2767;4450
2026-06-08T09:32:19.0000000Z;7.225;7.231;2767;4450
2026-06-08T09:32:20.0000000Z;7.225;7.231;1107;4450
2026-06-08T09:32:21.0000000Z;7.225;7.231;1107;4450
2026-06-08T09:32:22.0000000Z;7.225;7.231;1107;4450
2026-06-08T09:32:24.0000000Z;7.225;7.231;1107;4450
2026-06-08T09:32:25.0000000Z;7.224;7.231;2372;4450
2026-06-08T09:32:26.0000000Z;7.223;7.231;2767;4450
2026-06-08T09:32:27.0000000Z;7.224;7.231;3461;4450
2026-06-08T09:32:28.0000000Z;7.224;7.231;3461;4450
2026-06-08T09:32:30.0000000Z;7.224;7.231;3461;4450
2026-06-08T09:32:31.0000000Z;7.224;7.231;3461;4450
2026-06-08T09:32:32.0000000Z;7.224;7.231;3461;4450
2026-06-08T09:32:33.0000000Z;7.223;7.231;34000;4450
2026-06-08T09:32:35.0000000Z;7.223;7.231;34000;4450
2026-06-08T09:32:38.0000000Z;7.223;7.231;34000;4450
2026-06-08T09:32:50.0000000Z;7.223;7.231;34000;4450
2026-06-08T09:32:52.0000000Z;7.223;7.231;34000;4450
2026-06-08T09:32:53.0000000Z;7.223;7.231;34000;4450
2026-06-08T09:32:54.0000000Z;7.223;7.231;34000;4450
2026-06-08T09:33:08.0000000Z;7.223;7.231;34000;4450
2026-06-08T09:33:12.0000000Z;7.223;7.231;34000;4450
2026-06-08T09:33:14.0000000Z;7.224;7.231;34000;4450
2026-06-08T09:33:15.0000000Z;7.224;7.231;34000;4450
2026-06-08T09:33:16.0000000Z;7.224;7.231;34000;4450
2026-06-08T09:33:19.0000000Z;7.224;7.231;34000;4450
2026-06-08T09:33:24.0000000Z;7.224;7.231;34000;4450
2026-06-08T09:33:28.0000000Z;7.224;7.231;34000;4450
2026-06-08T09:33:30.0000000Z;7.224;7.231;34000;4450
2026-06-08T09:33:31.0000000Z;7.224;7.231;34000;4450
2026-06-08T09:33:32.0000000Z;7.224;7.231;34000;4450
2026-06-08T09:33:35.0000000Z;7.224;7.231;34000;4450
2026-06-08T09:33:36.0000000Z;7.224;7.231;34000;4450
2026-06-08T09:33:38.0000000Z;7.224;7.231;34000;4450
2026-06-08T09:33:41.0000000Z;7.224;7.231;34000;4450
2026-06-08T09:33:42.0000000Z;7.224;7.231;34000;4450
2026-06-08T09:33:43.0000000Z;7.225;7.23;34000;4450
2026-06-08T09:33:44.0000000Z;7.225;7.23;34000;4450
2026-06-08T09:33:45.0000000Z;7.223;7.23;2767;4450
2026-06-08T09:33:46.0000000Z;7.223;7.23;37462;4450
2026-06-08T09:33:47.0000000Z;7.223;7.23;1660;4450
2026-06-08T09:33:48.0000000Z;7.223;7.23;34000;4450
2026-06-08T09:33:49.0000000Z;7.223;7.23;34000;4450
2026-06-08T09:33:50.0000000Z;7.223;7.23;34000;4450
2026-06-08T09:33:51.0000000Z;7.223;7.23;34000;4450
2026-06-08T09:33:54.0000000Z;7.223;7.23;34000;4450
2026-06-08T09:33:55.0000000Z;7.223;7.23;34000;4450
2026-06-08T09:33:56.0000000Z;7.223;7.23;34000;4450
2026-06-08T09:33:57.0000000Z;7.223;7.23;34000;4450
2026-06-08T09:33:59.0000000Z;7.223;7.23;34000;4450
2026-06-08T09:33:59.0000000Z;7.223;7.23;34000;4450
2026-06-08T09:34:01.0000000Z;7.223;7.23;34000;4450
2026-06-08T09:34:03.0000000Z;7.223;7.23;34000;4450
2026-06-08T09:34:04.0000000Z;7.223;7.23;34000;4450
2026-06-08T09:34:05.0000000Z;7.223;7.23;1660;4450
2026-06-08T09:34:06.0000000Z;7.223;7.23;1660;4450
2026-06-08T09:34:07.0000000Z;7.222;7.23;2767;4450
2026-06-08T09:34:08.0000000Z;7.222;7.23;37462;4450
2026-06-08T09:34:09.0000000Z;7.222;7.23;37462;4450
2026-06-08T09:34:10.0000000Z;7.222;7.23;37462;4450
2026-06-08T09:34:12.0000000Z;7.222;7.23;37462;4450
2026-06-08T09:34:14.0000000Z;7.222;7.23;37462;4450
2026-06-08T09:34:17.0000000Z;7.222;7.23;34000;4450
2026-06-08T09:34:21.0000000Z;7.222;7.23;34000;4450
2026-06-08T09:34:24.0000000Z;7.222;7.23;34000;4450
2026-06-08T09:34:29.0000000Z;7.222;7.233;34000;5987
2026-06-08T09:34:30.0000000Z;7.222;7.233;34000;5987
2026-06-08T09:34:32.0000000Z;7.222;7.231;34000;3458
2026-06-08T09:34:33.0000000Z;7.222;7.231;34000;3458
2026-06-08T09:34:34.0000000Z;7.222;7.232;34000;20448
2026-06-08T09:34:35.0000000Z;7.222;7.232;34000;20448
2026-06-08T09:34:36.0000000Z;7.222;7.232;34000;20448
2026-06-08T09:34:37.0000000Z;7.222;7.232;34000;20448
2026-06-08T09:34:38.0000000Z;7.222;7.232;34000;20448
2026-06-08T09:34:39.0000000Z;7.222;7.232;34000;20448
2026-06-08T09:34:43.0000000Z;7.222;7.232;34000;20448
2026-06-08T09:34:44.0000000Z;7.222;7.232;34000;20448
2026-06-08T09:34:45.0000000Z;7.222;7.232;34000;20448
2026-06-08T09:34:46.0000000Z;7.222;7.233;34000;8608
2026-06-08T09:34:47.0000000Z;7.222;7.233;34000;8608
2026-06-08T09:34:54.0000000Z;7.222;7.233;34000;8608
2026-06-08T09:34:57.0000000Z;7.222;7.233;34000;8608
2026-06-08T09:34:58.0000000Z;7.222;7.233;34000;8608
2026-06-08T09:34:59.0000000Z;7.222;7.233;34000;6213
2026-06-08T09:35:01.0000000Z;7.222;7.233;34000;6213
2026-06-08T09:35:02.0000000Z;7.222;7.231;34000;3592
2026-06-08T09:35:03.0000000Z;7.222;7.23;34000;20448
2026-06-08T09:35:04.0000000Z;7.222;7.23;34000;20448
2026-06-08T09:35:08.0000000Z;7.222;7.23;34000;20448
2026-06-08T09:35:09.0000000Z;7.222;7.232;34000;5987
2026-06-08T09:35:10.0000000Z;7.222;7.231;34000;20448
2026-06-08T09:35:11.0000000Z;7.222;7.231;34000;20448
2026-06-08T09:35:12.0000000Z;7.222;7.231;34000;20448
2026-06-08T09:35:13.0000000Z;7.222;7.231;34000;20448
2026-06-08T09:35:14.0000000Z;7.222;7.231;34000;20448
2026-06-08T09:35:16.0000000Z;7.222;7.231;34000;20448
2026-06-08T09:35:17.0000000Z;7.222;7.231;34000;20448
2026-06-08T09:35:18.0000000Z;7.222;7.231;34000;20448
2026-06-08T09:35:20.0000000Z;7.222;7.231;34000;20448
2026-06-08T09:35:23.0000000Z;7.222;7.231;34000;20448
2026-06-08T09:35:26.0000000Z;7.222;7.231;34000;20448
2026-06-08T09:35:27.0000000Z;7.222;7.231;34000;20448
2026-06-08T09:35:28.0000000Z;7.222;7.231;34000;20448
2026-06-08T09:35:29.0000000Z;7.222;7.231;34000;20448
2026-06-08T09:35:30.0000000Z;7.222;7.231;34000;20448
2026-06-08T09:35:31.0000000Z;7.222;7.231;34000;20448
2026-06-08T09:35:33.0000000Z;7.222;7.231;34000;20448
2026-06-08T09:35:34.0000000Z;7.222;7.231;34000;20448
2026-06-08T09:35:35.0000000Z;7.222;7.231;34000;20448
2026-06-08T09:35:37.0000000Z;7.222;7.231;34000;20448
2026-06-08T09:35:38.0000000Z;7.222;7.231;34000;20448
2026-06-08T09:35:39.0000000Z;7.222;7.231;34000;20448
2026-06-08T09:35:40.0000000Z;7.222;7.231;34000;20448
2026-06-08T09:35:41.0000000Z;7.222;7.231;34000;20448
2026-06-08T09:35:42.0000000Z;7.222;7.231;34000;20448
2026-06-08T09:35:43.0000000Z;7.222;7.231;34000;20448
2026-06-08T09:35:45.0000000Z;7.222;7.231;34000;20448
2026-06-08T09:35:47.0000000Z;7.222;7.231;34000;20448
2026-06-08T09:35:49.0000000Z;7.222;7.231;34000;20448
2026-06-08T09:35:51.0000000Z;7.222;7.231;34000;20448
2026-06-08T09:35:53.0000000Z;7.222;7.231;34000;20448
2026-06-08T09:35:54.0000000Z;7.222;7.231;34000;20448
2026-06-08T09:35:55.0000000Z;7.222;7.231;34000;20448
2026-06-08T09:35:56.0000000Z;7.222;7.231;34000;20448
2026-06-08T09:35:57.0000000Z;7.222;7.231;34000;20448
2026-06-08T09:36:01.0000000Z;7.222;7.231;34000;20448
2026-06-08T09:36:02.0000000Z;7.222;7.231;34000;20448
2026-06-08T09:36:03.0000000Z;7.222;7.231;34000;20448
2026-06-08T09:36:10.0000000Z;7.222;7.231;34000;20448
2026-06-08T09:36:20.0000000Z;7.222;7.231;34000;20448
2026-06-08T09:36:21.0000000Z;7.222;7.231;34000;20448
2026-06-08T09:36:22.0000000Z;7.222;7.231;34000;20448
2026-06-08T09:36:23.0000000Z;7.222;7.231;34000;20448
2026-06-08T09:36:24.0000000Z;7.222;7.231;34000;20448
2026-06-08T09:36:27.0000000Z;7.222;7.233;34000;5987
2026-06-08T09:36:29.0000000Z;7.222;7.232;34000;2395
2026-06-08T09:36:32.0000000Z;7.222;7.232;34000;2395
2026-06-08T09:36:33.0000000Z;7.222;7.233;34000;56843
2026-06-08T09:36:35.0000000Z;7.222;7.233;34000;54448
2026-06-08T09:36:36.0000000Z;7.222;7.233;34000;54448
2026-06-08T09:36:37.0000000Z;7.222;7.235;34000;6326
2026-06-08T09:36:39.0000000Z;7.222;7.238;34000;12400
2026-06-08T09:36:40.0000000Z;7.222;7.245;34000;12400
2026-06-08T09:36:41.0000000Z;7.222;7.245;1660;12400
2026-06-08T09:36:42.0000000Z;7.222;7.251;34000;12400
2026-06-08T09:36:43.0000000Z;7.222;7.251;34000;12400
2026-06-08T09:36:44.0000000Z;7.225;7.25;27959;10819
2026-06-08T09:36:45.0000000Z;7.225;7.243;16750;12400
2026-06-08T09:36:46.0000000Z;7.225;7.243;16750;12400
2026-06-08T09:36:47.0000000Z;7.216;7.238;12400;34000
2026-06-08T09:36:48.0000000Z;7.218;7.242;7184;397
2026-06-08T09:36:49.0000000Z;7.218;7.242;25784;1834
2026-06-08T09:36:50.0000000Z;7.218;7.243;3592;13190
2026-06-08T09:36:51.0000000Z;7.218;7.243;30507;13190
2026-06-08T09:36:52.0000000Z;7.218;7.243;5987;13190
2026-06-08T09:36:54.0000000Z;7.218;7.243;3592;13190
2026-06-08T09:36:55.0000000Z;7.218;7.243;3592;14212
2026-06-08T09:36:56.0000000Z;7.218;7.243;3592;14212
2026-06-08T09:36:57.0000000Z;7.218;7.243;3592;14032
2026-06-08T09:36:58.0000000Z;7.218;7.243;3592;14032
2026-06-08T09:37:00.0000000Z;7.217;7.242;23125;1964
2026-06-08T09:37:01.0000000Z;7.226;7.242;1107;1964
2026-06-08T09:37:02.0000000Z;7.226;7.242;34000;1964
2026-06-08T09:37:03.0000000Z;7.226;7.242;34000;1964
2026-06-08T09:37:04.0000000Z;7.224;7.242;1660;54448
2026-06-08T09:37:05.0000000Z;7.224;7.242;1660;54448
2026-06-08T09:37:06.0000000Z;7.225;7.242;1107;54448
2026-06-08T09:37:07.0000000Z;7.22;7.242;1662;54448
2026-06-08T09:37:08.0000000Z;7.22;7.242;1662;54448
2026-06-08T09:37:09.0000000Z;7.223;7.242;2638;54448
2026-06-08T09:37:10.0000000Z;7.223;7.243;2638;14795
2026-06-08T09:37:11.0000000Z;7.219;7.243;1108;14795
2026-06-08T09:37:12.0000000Z;7.223;7.242;1107;3292
2026-06-08T09:37:13.0000000Z;7.223;7.242;2307;3292
2026-06-08T09:37:14.0000000Z;7.223;7.241;2307;20451
2026-06-08T09:37:15.0000000Z;7.223;7.241;2307;20451
2026-06-08T09:37:16.0000000Z;7.223;7.243;2307;12400
2026-06-08T09:37:17.0000000Z;7.223;7.243;2307;12400
2026-06-08T09:37:18.0000000Z;7.223;7.243;2307;12400
2026-06-08T09:37:19.0000000Z;7.223;7.243;2307;14181
2026-06-08T09:37:20.0000000Z;7.223;7.242;2307;1564
2026-06-08T09:37:21.0000000Z;7.223;7.243;2307;12400
2026-06-08T09:37:22.0000000Z;7.223;7.243;34000;14263
2026-06-08T09:37:24.0000000Z;7.223;7.243;34000;14157
2026-06-08T09:37:25.0000000Z;7.223;7.243;34000;14157
2026-06-08T09:37:26.0000000Z;7.223;7.242;34000;3607
2026-06-08T09:37:28.0000000Z;7.223;7.242;34000;3607
2026-06-08T09:37:29.0000000Z;7.223;7.242;34000;3607
2026-06-08T09:37:30.0000000Z;7.223;7.242;34000;3607
2026-06-08T09:37:31.0000000Z;7.223;7.242;34000;56846
2026-06-08T09:37:32.0000000Z;7.223;7.242;34000;54451
2026-06-08T09:37:33.0000000Z;7.223;7.242;34000;54451
2026-06-08T09:37:34.0000000Z;7.223;7.242;34000;4245
2026-06-08T09:37:35.0000000Z;7.223;7.242;34000;3903
2026-06-08T09:37:36.0000000Z;7.223;7.242;34000;3903
2026-06-08T09:37:37.0000000Z;7.223;7.242;34000;3903
2026-06-08T09:37:39.0000000Z;7.223;7.242;34000;3903
2026-06-08T09:37:40.0000000Z;7.223;7.242;34000;6524
2026-06-08T09:37:41.0000000Z;7.223;7.242;34000;3903
2026-06-08T09:37:42.0000000Z;7.223;7.242;34000;3903
2026-06-08T09:37:43.0000000Z;7.223;7.24;1107;2597
2026-06-08T09:37:44.0000000Z;7.223;7.24;1107;2597
2026-06-08T09:37:45.0000000Z;7.224;7.24;1107;2597
2026-06-08T09:37:46.0000000Z;7.223;7.24;2054;2597
2026-06-08T09:37:47.0000000Z;7.223;7.24;2054;2597
2026-06-08T09:37:48.0000000Z;7.221;7.24;2767;2597
2026-06-08T09:37:49.0000000Z;7.221;7.24;2767;2597
2026-06-08T09:37:50.0000000Z;7.221;7.24;2767;2597
2026-06-08T09:37:51.0000000Z;7.222;7.24;3462;2597
2026-06-08T09:37:52.0000000Z;7.222;7.241;3462;1568
2026-06-08T09:37:54.0000000Z;7.222;7.241;3462;1568
2026-06-08T09:37:55.0000000Z;7.222;7.24;3462;20451
2026-06-08T09:37:56.0000000Z;7.222;7.24;3462;20451
2026-06-08T09:37:57.0000000Z;7.222;7.24;3462;20451
2026-06-08T09:37:58.0000000Z;7.222;7.24;3462;20451
2026-06-08T09:37:59.0000000Z;7.221;7.24;34000;20451
2026-06-08T09:37:59.0000000Z;7.221;7.24;34000;20451
2026-06-08T09:38:00.0000000Z;7.221;7.24;34000;20451
2026-06-08T09:38:01.0000000Z;7.221;7.242;34000;2878
2026-06-08T09:38:02.0000000Z;7.221;7.242;34000;2878
2026-06-08T09:38:03.0000000Z;7.221;7.24;34000;2855
2026-06-08T09:38:04.0000000Z;7.221;7.24;34000;2855
2026-06-08T09:38:07.0000000Z;7.221;7.24;34000;2855
2026-06-08T09:38:08.0000000Z;7.221;7.24;34000;2855
2026-06-08T09:38:09.0000000Z;7.221;7.24;34000;2855
2026-06-08T09:38:10.0000000Z;7.221;7.24;34000;2855
2026-06-08T09:38:11.0000000Z;7.221;7.24;34000;5250
2026-06-08T09:38:12.0000000Z;7.221;7.24;34000;5250
2026-06-08T09:38:13.0000000Z;7.221;7.237;34000;20451
2026-06-08T09:38:14.0000000Z;7.221;7.237;2690;20451
2026-06-08T09:38:17.0000000Z;7.221;7.237;1107;20451
2026-06-08T09:38:19.0000000Z;7.221;7.237;2767;20451
2026-06-08T09:38:21.0000000Z;7.221;7.237;2767;20451
2026-06-08T09:38:22.0000000Z;7.221;7.237;2743;20451
2026-06-08T09:38:25.0000000Z;7.221;7.237;2743;20451
2026-06-08T09:38:29.0000000Z;7.221;7.237;2743;20451
2026-06-08T09:38:32.0000000Z;7.221;7.237;2743;20451
2026-06-08T09:38:34.0000000Z;7.221;7.237;2743;20451
2026-06-08T09:38:35.0000000Z;7.221;7.237;2743;20451
2026-06-08T09:38:36.0000000Z;7.221;7.237;2743;20451
2026-06-08T09:38:39.0000000Z;7.221;7.237;2743;20451
2026-06-08T09:38:40.0000000Z;7.221;7.237;2743;20451
2026-06-08T09:38:41.0000000Z;7.221;7.237;2743;20451
2026-06-08T09:38:42.0000000Z;7.221;7.237;2743;20451
2026-06-08T09:38:43.0000000Z;7.221;7.238;2743;1408
2026-06-08T09:38:45.0000000Z;7.221;7.238;2743;1408
2026-06-08T09:38:46.0000000Z;7.221;7.238;2743;1408
2026-06-08T09:38:47.0000000Z;7.221;7.238;2743;1408
2026-06-08T09:38:48.0000000Z;7.221;7.238;2743;1408
2026-06-08T09:38:49.0000000Z;7.221;7.238;2743;1408
2026-06-08T09:38:50.0000000Z;7.221;7.238;2743;1408
2026-06-08T09:38:51.0000000Z;7.221;7.238;2743;1408
2026-06-08T09:38:52.0000000Z;7.22;7.238;2770;1408
2026-06-08T09:38:53.0000000Z;7.22;7.238;2770;1408
2026-06-08T09:38:55.0000000Z;7.22;7.238;37463;1408
2026-06-08T09:38:57.0000000Z;7.22;7.237;37463;4264
2026-06-08T09:38:58.0000000Z;7.22;7.237;37463;4264
2026-06-08T09:38:59.0000000Z;7.22;7.236;37463;54451
2026-06-08T09:39:00.0000000Z;7.22;7.236;37463;2395
2026-06-08T09:39:01.0000000Z;7.22;7.236;37463;3961
2026-06-08T09:39:02.0000000Z;7.22;7.236;37463;3961
2026-06-08T09:39:03.0000000Z;7.22;7.236;34000;3961
2026-06-08T09:39:04.0000000Z;7.22;7.236;34000;3961
2026-06-08T09:39:05.0000000Z;7.22;7.236;1108;3961
2026-06-08T09:39:06.0000000Z;7.22;7.236;1108;3961
2026-06-08T09:39:07.0000000Z;7.22;7.236;2007;3961
2026-06-08T09:39:08.0000000Z;7.217;7.238;1108;2395
2026-06-08T09:39:09.0000000Z;7.219;7.239;3464;2621
2026-06-08T09:39:10.0000000Z;7.219;7.242;3464;11036
2026-06-08T09:39:11.0000000Z;7.219;7.242;3464;11036
2026-06-08T09:39:12.0000000Z;7.219;7.242;3464;11036
2026-06-08T09:39:13.0000000Z;7.219;7.242;3464;2621
2026-06-08T09:39:14.0000000Z;7.219;7.242;3464;2621
2026-06-08T09:39:15.0000000Z;7.219;7.241;1108;3286
2026-06-08T09:39:16.0000000Z;7.219;7.241;1108;3286
2026-06-08T09:39:17.0000000Z;7.22;7.241;1662;3286
2026-06-08T09:39:18.0000000Z;7.221;7.241;2767;3286
2026-06-08T09:39:20.0000000Z;7.221;7.241;2767;5681
2026-06-08T09:39:21.0000000Z;7.221;7.24;2767;20451
2026-06-08T09:39:22.0000000Z;7.221;7.239;2767;2632
2026-06-08T09:39:25.0000000Z;7.221;7.239;2767;2632
2026-06-08T09:39:26.0000000Z;7.218;7.239;1108;2632
2026-06-08T09:39:28.0000000Z;7.22;7.239;2770;2632
2026-06-08T09:39:29.0000000Z;7.22;7.239;2770;2632
2026-06-08T09:39:30.0000000Z;7.22;7.239;2770;2632
2026-06-08T09:39:31.0000000Z;7.22;7.239;2770;2632
2026-06-08T09:39:32.0000000Z;7.22;7.239;2770;2632
2026-06-08T09:39:33.0000000Z;7.22;7.239;37463;2632
2026-06-08T09:39:34.0000000Z;7.22;7.239;37463;2632
2026-06-08T09:39:36.0000000Z;7.22;7.237;2743;2455
2026-06-08T09:39:37.0000000Z;7.22;7.237;2743;2455
2026-06-08T09:39:39.0000000Z;7.22;7.237;2743;2455
2026-06-08T09:39:40.0000000Z;7.22;7.237;2743;2455
2026-06-08T09:39:46.0000000Z;7.22;7.237;2743;2455
2026-06-08T09:39:48.0000000Z;7.22;7.237;2743;54451
2026-06-08T09:39:50.0000000Z;7.22;7.237;1108;54451
2026-06-08T09:39:51.0000000Z;7.22;7.237;1108;54451
2026-06-08T09:39:52.0000000Z;7.22;7.237;1108;20451
2026-06-08T09:39:53.0000000Z;7.22;7.237;2615;20451
2026-06-08T09:39:56.0000000Z;7.22;7.237;2770;20451
2026-06-08T09:39:58.0000000Z;7.22;7.237;2770;20451
2026-06-08T09:39:59.0000000Z;7.22;7.237;2770;20451
2026-06-08T09:40:00.0000000Z;7.22;7.237;2770;20451
2026-06-08T09:40:07.0000000Z;7.22;7.238;1108;34000
2026-06-08T09:40:08.0000000Z;7.217;7.24;1108;11036
2026-06-08T09:40:09.0000000Z;7.217;7.24;1108;2621
2026-06-08T09:40:10.0000000Z;7.219;7.24;3464;11036
2026-06-08T09:40:11.0000000Z;7.219;7.24;3464;11036
2026-06-08T09:40:12.0000000Z;7.219;7.24;3464;11036
2026-06-08T09:40:14.0000000Z;7.219;7.24;3464;11036
2026-06-08T09:40:15.0000000Z;7.219;7.24;3464;11036
2026-06-08T09:40:17.0000000Z;7.217;7.239;34000;20429
2026-06-08T09:40:19.0000000Z;7.217;7.242;34000;13431
2026-06-08T09:40:22.0000000Z;7.217;7.241;34000;23882
2026-06-08T09:40:29.0000000Z;7.217;7.241;34000;23882
2026-06-08T09:40:30.0000000Z;7.217;7.239;34000;2395
2026-06-08T09:40:31.0000000Z;7.217;7.239;34000;54429
2026-06-08T09:40:39.0000000Z;7.217;7.239;34000;54429
2026-06-08T09:40:40.0000000Z;7.217;7.239;34000;54429
2026-06-08T09:40:42.0000000Z;7.217;7.239;34000;54429
2026-06-08T09:40:44.0000000Z;7.217;7.239;3503;54429
2026-06-08T09:40:45.0000000Z;7.217;7.239;3503;54429
2026-06-08T09:40:47.0000000Z;7.219;7.238;1108;2753
2026-06-08T09:40:48.0000000Z;7.219;7.237;34000;20429
2026-06-08T09:40:49.0000000Z;7.219;7.238;1108;2753
2026-06-08T09:40:50.0000000Z;7.221;7.238;1107;2753
2026-06-08T09:40:51.0000000Z;7.221;7.238;34000;2753
2026-06-08T09:40:55.0000000Z;7.221;7.238;1481;2753
2026-06-08T09:40:56.0000000Z;7.222;7.238;1107;2753
2026-06-08T09:40:57.0000000Z;7.221;7.238;34000;2753
2026-06-08T09:40:58.0000000Z;7.222;7.238;34000;2395
2026-06-08T09:41:00.0000000Z;7.22;7.238;37463;2395
2026-06-08T09:41:02.0000000Z;7.22;7.237;37463;3592
2026-06-08T09:41:05.0000000Z;7.22;7.237;34000;3592
2026-06-08T09:41:08.0000000Z;7.22;7.237;34000;3592
2026-06-08T09:41:10.0000000Z;7.22;7.237;34000;3592
2026-06-08T09:41:11.0000000Z;7.22;7.237;34000;3592
2026-06-08T09:41:12.0000000Z;7.22;7.237;34000;3592
2026-06-08T09:41:15.0000000Z;7.22;7.237;34000;34000
2026-06-08T09:41:16.0000000Z;7.22;7.235;34000;54429
2026-06-08T09:41:19.0000000Z;7.22;7.235;34000;54429
2026-06-08T09:41:21.0000000Z;7.22;7.235;34000;54429
2026-06-08T09:41:25.0000000Z;7.22;7.235;34000;54429
2026-06-08T09:41:26.0000000Z;7.22;7.235;34000;3592
2026-06-08T09:41:31.0000000Z;7.22;7.235;34000;3592
2026-06-08T09:41:36.0000000Z;7.22;7.235;34000;3592
2026-06-08T09:41:41.0000000Z;7.226;7.235;34000;3592
2026-06-08T09:41:42.0000000Z;7.226;7.235;1660;3592
2026-06-08T09:41:45.0000000Z;7.225;7.235;2767;3592
2026-06-08T09:41:46.0000000Z;7.225;7.235;34000;5987
2026-06-08T09:41:47.0000000Z;7.225;7.235;34000;5987
2026-06-08T09:41:50.0000000Z;7.224;7.235;2767;5987
2026-06-08T09:41:51.0000000Z;7.224;7.235;2767;5987
2026-06-08T09:41:52.0000000Z;7.224;7.235;37461;5987
2026-06-08T09:41:53.0000000Z;7.224;7.235;37461;5987
2026-06-08T09:41:54.0000000Z;7.224;7.235;37461;5987
2026-06-08T09:41:55.0000000Z;7.224;7.235;37461;5987
2026-06-08T09:41:57.0000000Z;7.224;7.235;34000;5987
2026-06-08T09:42:11.0000000Z;7.224;7.235;34000;5987
2026-06-08T09:42:12.0000000Z;7.224;7.235;34000;5987
2026-06-08T09:42:23.0000000Z;7.224;7.235;34000;5987
2026-06-08T09:42:24.0000000Z;7.224;7.235;34000;5987
2026-06-08T09:42:25.0000000Z;7.224;7.235;34000;5987
2026-06-08T09:42:30.0000000Z;7.224;7.235;34000;5987
2026-06-08T09:42:31.0000000Z;7.224;7.235;34000;5987
2026-06-08T09:42:32.0000000Z;7.224;7.235;34000;5987
2026-06-08T09:42:34.0000000Z;7.224;7.235;34000;5987
2026-06-08T09:42:35.0000000Z;7.224;7.235;34000;5987
2026-06-08T09:42:36.0000000Z;7.224;7.235;34000;5987
2026-06-08T09:42:37.0000000Z;7.224;7.235;34000;5987
2026-06-08T09:42:38.0000000Z;7.224;7.235;34000;34000
2026-06-08T09:42:39.0000000Z;7.224;7.236;34000;5987
2026-06-08T09:42:40.0000000Z;7.224;7.236;34000;5987
2026-06-08T09:42:41.0000000Z;7.224;7.235;34000;20429
2026-06-08T09:42:43.0000000Z;7.224;7.235;34000;20429
2026-06-08T09:42:44.0000000Z;7.224;7.235;34000;20429
2026-06-08T09:42:46.0000000Z;7.224;7.235;34000;20429
2026-06-08T09:42:47.0000000Z;7.224;7.235;34000;20429
2026-06-08T09:42:48.0000000Z;7.224;7.235;34000;20429
2026-06-08T09:42:49.0000000Z;7.224;7.235;34000;20429
2026-06-08T09:42:50.0000000Z;7.224;7.235;34000;20429
2026-06-08T09:42:51.0000000Z;7.224;7.235;34000;20429
2026-06-08T09:42:52.0000000Z;7.224;7.235;34000;20429
2026-06-08T09:42:53.0000000Z;7.224;7.237;34000;2395
2026-06-08T09:42:54.0000000Z;7.224;7.237;34000;2395
2026-06-08T09:42:55.0000000Z;7.224;7.236;34000;20436
2026-06-08T09:42:56.0000000Z;7.224;7.237;34000;57891
2026-06-08T09:42:59.0000000Z;7.224;7.238;34000;1423
2026-06-08T09:43:01.0000000Z;7.224;7.238;34000;1423
2026-06-08T09:43:02.0000000Z;7.224;7.238;34000;1423
2026-06-08T09:43:03.0000000Z;7.224;7.238;34000;1423
2026-06-08T09:43:04.0000000Z;7.224;7.237;34000;20436
2026-06-08T09:43:05.0000000Z;7.224;7.237;34000;20436
2026-06-08T09:43:06.0000000Z;7.224;7.237;34000;20436
2026-06-08T09:43:07.0000000Z;7.224;7.237;34000;20436
2026-06-08T09:43:09.0000000Z;7.224;7.237;34000;20436
2026-06-08T09:43:10.0000000Z;7.224;7.237;34000;20436
2026-06-08T09:43:15.0000000Z;7.224;7.237;34000;20436
2026-06-08T09:43:16.0000000Z;7.224;7.237;34000;20436
2026-06-08T09:43:19.0000000Z;7.224;7.237;34000;20436
2026-06-08T09:43:20.0000000Z;7.224;7.237;34000;20436
2026-06-08T09:43:22.0000000Z;7.224;7.237;34000;20436
2026-06-08T09:43:23.0000000Z;7.224;7.237;34000;20436
2026-06-08T09:43:26.0000000Z;7.224;7.237;34000;20436
2026-06-08T09:43:27.0000000Z;7.224;7.237;34000;20436
2026-06-08T09:43:29.0000000Z;7.224;7.237;34000;20436
2026-06-08T09:43:30.0000000Z;7.224;7.237;34000;20436
2026-06-08T09:43:31.0000000Z;7.224;7.237;34000;2740
2026-06-08T09:43:32.0000000Z;7.224;7.238;34000;5987
2026-06-08T09:43:33.0000000Z;7.224;7.237;34000;20436
2026-06-08T09:43:34.0000000Z;7.224;7.237;34000;20436
2026-06-08T09:43:35.0000000Z;7.224;7.237;34000;20436
2026-06-08T09:43:37.0000000Z;7.224;7.237;34000;20436
2026-06-08T09:43:38.0000000Z;7.224;7.237;34000;20436
2026-06-08T09:43:39.0000000Z;7.224;7.237;34000;20436
2026-06-08T09:43:40.0000000Z;7.224;7.238;34000;5734
2026-06-08T09:43:41.0000000Z;7.224;7.238;34000;2395
2026-06-08T09:43:42.0000000Z;7.224;7.238;34000;2395
2026-06-08T09:43:43.0000000Z;7.224;7.238;34000;2395
2026-06-08T09:43:44.0000000Z;7.224;7.238;34000;2395
2026-06-08T09:43:47.0000000Z;7.224;7.238;34000;2395
2026-06-08T09:43:48.0000000Z;7.224;7.24;34000;5987
2026-06-08T09:43:49.0000000Z;7.224;7.24;34000;5987
2026-06-08T09:43:50.0000000Z;7.224;7.24;34000;5987
2026-06-08T09:43:51.0000000Z;7.224;7.239;34000;5849
2026-06-08T09:43:52.0000000Z;7.224;7.239;34000;5849
2026-06-08T09:43:53.0000000Z;7.224;7.239;34000;5849
2026-06-08T09:43:54.0000000Z;7.224;7.239;34000;5849
2026-06-08T09:43:56.0000000Z;7.224;7.241;34000;5987
2026-06-08T09:43:58.0000000Z;7.224;7.241;34000;5987
2026-06-08T09:43:59.0000000Z;7.224;7.24;34000;22831
2026-06-08T09:44:00.0000000Z;7.224;7.24;34000;20436
2026-06-08T09:44:01.0000000Z;7.229;7.24;1659;54436
2026-06-08T09:44:02.0000000Z;7.229;7.24;34000;54436
2026-06-08T09:44:03.0000000Z;7.229;7.24;34000;4100
2026-06-08T09:44:04.0000000Z;7.229;7.24;34000;5740
2026-06-08T09:44:05.0000000Z;7.229;7.24;34000;5740
2026-06-08T09:44:08.0000000Z;7.231;7.241;1659;5987
2026-06-08T09:44:09.0000000Z;7.231;7.241;1659;5987
2026-06-08T09:44:10.0000000Z;7.231;7.241;1659;5987
2026-06-08T09:44:11.0000000Z;7.231;7.241;1659;56831
2026-06-08T09:44:18.0000000Z;7.229;7.241;1659;56831
2026-06-08T09:44:21.0000000Z;7.231;7.241;1659;56831
2026-06-08T09:44:23.0000000Z;7.231;7.241;1659;56831
2026-06-08T09:44:25.0000000Z;7.231;7.241;1659;56831
2026-06-08T09:44:26.0000000Z;7.231;7.241;1659;56831
2026-06-08T09:44:28.0000000Z;7.231;7.241;1659;56831
2026-06-08T09:44:34.0000000Z;7.23;7.241;1106;56831
2026-06-08T09:44:35.0000000Z;7.231;7.241;1659;56831
2026-06-08T09:44:36.0000000Z;7.231;7.241;1659;56831
2026-06-08T09:44:42.0000000Z;7.231;7.241;1659;56831
2026-06-08T09:44:45.0000000Z;7.228;7.241;2765;56831
2026-06-08T09:44:46.0000000Z;7.228;7.241;2765;56831
2026-06-08T09:44:47.0000000Z;7.23;7.241;37458;56831
2026-06-08T09:44:48.0000000Z;7.23;7.241;1659;56831
2026-06-08T09:44:53.0000000Z;7.23;7.241;34000;56831
2026-06-08T09:44:57.0000000Z;7.229;7.241;1659;56831
2026-06-08T09:44:58.0000000Z;7.229;7.241;1659;56831
2026-06-08T09:44:59.0000000Z;7.229;7.241;37459;56831
2026-06-08T09:44:59.0000000Z;7.229;7.241;37459;56831
2026-06-08T09:45:00.0000000Z;7.229;7.241;37459;56831
2026-06-08T09:45:02.0000000Z;7.229;7.241;2765;2395
2026-06-08T09:45:03.0000000Z;7.229;7.241;34000;34000
2026-06-08T09:45:04.0000000Z;7.229;7.238;1659;2395
2026-06-08T09:45:05.0000000Z;7.229;7.238;1659;2395
2026-06-08T09:45:06.0000000Z;7.23;7.238;1659;2395
2026-06-08T09:45:07.0000000Z;7.23;7.238;34000;2395
2026-06-08T09:45:08.0000000Z;7.23;7.238;34000;2395
2026-06-08T09:45:09.0000000Z;7.23;7.239;34000;5987
2026-06-08T09:45:10.0000000Z;7.229;7.239;1659;5987
2026-06-08T09:45:11.0000000Z;7.228;7.239;1659;2395
2026-06-08T09:45:12.0000000Z;7.229;7.239;34000;3106
2026-06-08T09:45:13.0000000Z;7.229;7.239;34000;3106
2026-06-08T09:45:14.0000000Z;7.228;7.239;34000;3106
2026-06-08T09:45:15.0000000Z;7.228;7.239;1659;3106
2026-06-08T09:45:16.0000000Z;7.228;7.239;1659;3106
2026-06-08T09:45:17.0000000Z;7.228;7.239;1659;3106
2026-06-08T09:45:18.0000000Z;7.228;7.239;1659;3106
2026-06-08T09:45:19.0000000Z;7.228;7.239;2765;3106
2026-06-08T09:45:20.0000000Z;7.228;7.239;2765;3106
2026-06-08T09:45:21.0000000Z;7.228;7.239;2765;3106
2026-06-08T09:45:22.0000000Z;7.228;7.239;2765;3106
2026-06-08T09:45:23.0000000Z;7.23;7.238;1659;2395
2026-06-08T09:45:24.0000000Z;7.23;7.238;2765;2395
2026-06-08T09:45:25.0000000Z;7.23;7.238;2765;2395
2026-06-08T09:45:28.0000000Z;7.23;7.238;2765;2395
2026-06-08T09:45:29.0000000Z;7.23;7.239;2765;54436
2026-06-08T09:45:30.0000000Z;7.231;7.24;34000;5987
2026-06-08T09:45:31.0000000Z;7.231;7.24;34000;5987
2026-06-08T09:45:32.0000000Z;7.231;7.239;1659;20436
2026-06-08T09:45:34.0000000Z;7.231;7.239;1659;20436
2026-06-08T09:45:36.0000000Z;7.231;7.241;1659;5987
2026-06-08T09:45:37.0000000Z;7.231;7.241;1659;2395
2026-06-08T09:45:38.0000000Z;7.231;7.24;1659;20436
2026-06-08T09:45:39.0000000Z;7.231;7.24;2765;20436
2026-06-08T09:45:41.0000000Z;7.231;7.241;1659;5414
2026-06-08T09:45:43.0000000Z;7.231;7.241;1659;5414
2026-06-08T09:45:44.0000000Z;7.231;7.241;1659;2395
2026-06-08T09:45:45.0000000Z;7.231;7.241;1659;2395
2026-06-08T09:45:46.0000000Z;7.231;7.242;2765;3781
2026-06-08T09:45:47.0000000Z;7.231;7.242;2765;3173
2026-06-08T09:45:48.0000000Z;7.231;7.241;2765;2395
2026-06-08T09:45:55.0000000Z;7.231;7.241;2765;2395
2026-06-08T09:45:56.0000000Z;7.231;7.242;2765;56831
2026-06-08T09:45:57.0000000Z;7.233;7.242;1659;56831
2026-06-08T09:45:58.0000000Z;7.233;7.242;34000;56831
2026-06-08T09:45:59.0000000Z;7.233;7.242;34000;2395
2026-06-08T09:46:00.0000000Z;7.233;7.243;34000;19176
2026-06-08T09:46:01.0000000Z;7.233;7.243;2765;19176
2026-06-08T09:46:02.0000000Z;7.233;7.242;1659;20421
2026-06-08T09:46:04.0000000Z;7.233;7.242;1659;20421
2026-06-08T09:46:05.0000000Z;7.233;7.242;1659;20421
2026-06-08T09:46:06.0000000Z;7.233;7.242;1659;20421
2026-06-08T09:46:07.0000000Z;7.233;7.243;2765;15535
2026-06-08T09:46:08.0000000Z;7.233;7.243;2765;15535
2026-06-08T09:46:09.0000000Z;7.233;7.243;2765;14795
2026-06-08T09:46:10.0000000Z;7.233;7.243;2765;18146
2026-06-08T09:46:13.0000000Z;7.233;7.243;2765;18190
2026-06-08T09:46:14.0000000Z;7.233;7.243;2765;18190
2026-06-08T09:46:15.0000000Z;7.233;7.243;2765;18190
2026-06-08T09:46:16.0000000Z;7.233;7.243;2765;18190
2026-06-08T09:46:19.0000000Z;7.233;7.243;2765;18190
2026-06-08T09:46:20.0000000Z;7.233;7.243;2765;18190
2026-06-08T09:46:21.0000000Z;7.233;7.243;2765;18190
2026-06-08T09:46:22.0000000Z;7.233;7.243;2765;18190
2026-06-08T09:46:25.0000000Z;7.233;7.242;2765;2395
2026-06-08T09:46:26.0000000Z;7.234;7.242;2762;3360
2026-06-08T09:46:30.0000000Z;7.234;7.242;2762;3583
2026-06-08T09:46:31.0000000Z;7.234;7.242;2762;3583
2026-06-08T09:46:37.0000000Z;7.234;7.242;2762;3583
2026-06-08T09:46:38.0000000Z;7.234;7.242;2762;3583
2026-06-08T09:46:39.0000000Z;7.234;7.242;2762;54421
2026-06-08T09:46:41.0000000Z;7.234;7.242;2762;54421
2026-06-08T09:46:42.0000000Z;7.234;7.242;2762;20421
2026-06-08T09:46:44.0000000Z;7.234;7.242;2762;20415
2026-06-08T09:46:45.0000000Z;7.234;7.242;2147;20415
2026-06-08T09:46:46.0000000Z;7.234;7.243;2147;5987
2026-06-08T09:46:48.0000000Z;7.234;7.243;2147;5987
2026-06-08T09:46:49.0000000Z;7.234;7.243;2147;2395
2026-06-08T09:46:50.0000000Z;7.234;7.249;2147;2395
2026-06-08T09:46:51.0000000Z;7.234;7.243;2147;54415
2026-06-08T09:46:52.0000000Z;7.234;7.243;2147;3139
2026-06-08T09:46:53.0000000Z;7.234;7.243;2147;3139
2026-06-08T09:46:54.0000000Z;7.234;7.243;2147;3381
2026-06-08T09:46:55.0000000Z;7.234;7.243;2147;3381
2026-06-08T09:46:56.0000000Z;7.234;7.243;2147;2395
2026-06-08T09:46:57.0000000Z;7.234;7.243;2147;3115
2026-06-08T09:46:58.0000000Z;7.234;7.243;2147;3115
2026-06-08T09:47:00.0000000Z;7.234;7.243;2147;3115
2026-06-08T09:47:01.0000000Z;7.234;7.243;2147;2395
2026-06-08T09:47:03.0000000Z;7.234;7.243;1042;2395
2026-06-08T09:47:04.0000000Z;7.234;7.243;1659;5031
2026-06-08T09:47:12.0000000Z;7.235;7.243;2762;2395
2026-06-08T09:47:13.0000000Z;7.235;7.243;34000;2395
2026-06-08T09:47:19.0000000Z;7.235;7.243;34000;2395
2026-06-08T09:47:21.0000000Z;7.235;7.243;34000;2395
2026-06-08T09:47:22.0000000Z;7.235;7.243;1105;2395
2026-06-08T09:47:23.0000000Z;7.235;7.243;1105;2395
2026-06-08T09:47:24.0000000Z;7.235;7.243;1105;5804
2026-06-08T09:47:26.0000000Z;7.235;7.243;1105;5804
2026-06-08T09:47:27.0000000Z;7.235;7.243;1105;5804
2026-06-08T09:47:28.0000000Z;7.235;7.243;1105;5987
2026-06-08T09:47:29.0000000Z;7.235;7.243;1105;5987
2026-06-08T09:47:31.0000000Z;7.234;7.243;1659;5987
2026-06-08T09:47:32.0000000Z;7.234;7.243;37456;5987
2026-06-08T09:47:34.0000000Z;7.234;7.243;34000;5987
2026-06-08T09:47:36.0000000Z;7.235;7.243;1105;5987
2026-06-08T09:47:37.0000000Z;7.235;7.243;34000;5987
2026-06-08T09:47:38.0000000Z;7.235;7.243;1105;5987
2026-06-08T09:47:40.0000000Z;7.235;7.243;1105;5987
2026-06-08T09:47:41.0000000Z;7.235;7.243;2279;5987
2026-06-08T09:47:42.0000000Z;7.228;7.249;1106;2395
2026-06-08T09:47:43.0000000Z;7.226;7.249;1107;2395
2026-06-08T09:47:44.0000000Z;7.234;7.244;3456;3452
2026-06-08T09:47:46.0000000Z;7.234;7.244;3456;3452
2026-06-08T09:47:47.0000000Z;7.226;7.248;34000;20415
2026-06-08T09:47:50.0000000Z;7.226;7.248;7047;20415
2026-06-08T09:47:53.0000000Z;7.228;7.248;1106;20415
2026-06-08T09:47:54.0000000Z;7.228;7.248;1106;20415
2026-06-08T09:47:55.0000000Z;7.228;7.248;1106;20415
2026-06-08T09:47:56.0000000Z;7.228;7.248;1106;20415
2026-06-08T09:47:57.0000000Z;7.232;7.248;1106;5987
2026-06-08T09:47:58.0000000Z;7.234;7.248;1105;5987
2026-06-08T09:47:59.0000000Z;7.235;7.248;1657;5987
2026-06-08T09:48:00.0000000Z;7.235;7.248;34000;5987
2026-06-08T09:48:02.0000000Z;7.235;7.248;2762;5987
2026-06-08T09:48:03.0000000Z;7.235;7.248;2762;5987
2026-06-08T09:48:04.0000000Z;7.235;7.248;2762;5987
2026-06-08T09:48:05.0000000Z;7.235;7.246;2762;5987
2026-06-08T09:48:06.0000000Z;7.235;7.246;2762;5987
2026-06-08T09:48:07.0000000Z;7.235;7.246;2762;5987
2026-06-08T09:48:09.0000000Z;7.235;7.246;2762;5987
2026-06-08T09:48:10.0000000Z;7.235;7.246;2762;5987
2026-06-08T09:48:13.0000000Z;7.235;7.246;2762;5987
2026-06-08T09:48:17.0000000Z;7.235;7.246;2762;5987
2026-06-08T09:48:18.0000000Z;7.235;7.246;1105;5987
2026-06-08T09:48:19.0000000Z;7.235;7.246;2762;5987
2026-06-08T09:48:26.0000000Z;7.235;7.246;1105;5987
2026-06-08T09:48:28.0000000Z;7.235;7.246;2401;5987
2026-06-08T09:48:31.0000000Z;7.235;7.246;1105;5987
2026-06-08T09:48:35.0000000Z;7.235;7.246;2762;5987
2026-06-08T09:48:40.0000000Z;7.235;7.246;1105;5987
2026-06-08T09:48:43.0000000Z;7.235;7.246;2762;5987
2026-06-08T09:48:47.0000000Z;7.235;7.246;2762;5987
2026-06-08T09:48:48.0000000Z;7.235;7.246;2762;5987
2026-06-08T09:48:49.0000000Z;7.235;7.246;2762;5987
2026-06-08T09:48:52.0000000Z;7.235;7.246;2762;5987
2026-06-08T09:48:53.0000000Z;7.235;7.246;2762;5987
2026-06-08T09:48:54.0000000Z;7.229;7.246;1106;5987
2026-06-08T09:48:55.0000000Z;7.231;7.246;1106;5987
2026-06-08T09:48:56.0000000Z;7.234;7.246;3456;5987
2026-06-08T09:48:57.0000000Z;7.234;7.246;37456;5987
2026-06-08T09:48:59.0000000Z;7.234;7.246;37456;5987
2026-06-08T09:49:00.0000000Z;7.234;7.246;37456;5987
2026-06-08T09:49:01.0000000Z;7.235;7.246;1657;5987
2026-06-08T09:49:02.0000000Z;7.235;7.246;34000;5987
2026-06-08T09:49:03.0000000Z;7.235;7.244;34000;2346
2026-06-08T09:49:04.0000000Z;7.235;7.244;34000;2346
2026-06-08T09:49:06.0000000Z;7.235;7.244;2762;3341
2026-06-08T09:49:09.0000000Z;7.235;7.244;1657;3341
2026-06-08T09:49:10.0000000Z;7.235;7.244;1657;3341
2026-06-08T09:49:12.0000000Z;7.235;7.244;1657;3341
2026-06-08T09:49:14.0000000Z;7.235;7.244;1657;3341
2026-06-08T09:49:17.0000000Z;7.235;7.244;1657;3341
2026-06-08T09:49:18.0000000Z;7.235;7.244;1657;3341
2026-06-08T09:49:19.0000000Z;7.236;7.244;1105;3500
2026-06-08T09:49:20.0000000Z;7.236;7.244;1105;3500
2026-06-08T09:49:21.0000000Z;7.235;7.244;1657;3500
2026-06-08T09:49:22.0000000Z;7.235;7.244;1657;3500
2026-06-08T09:49:23.0000000Z;7.235;7.244;34000;3500
2026-06-08T09:49:25.0000000Z;7.235;7.244;34000;3500
2026-06-08T09:49:30.0000000Z;7.234;7.244;2762;3500
2026-06-08T09:49:32.0000000Z;7.234;7.244;2762;3500
2026-06-08T09:49:33.0000000Z;7.234;7.244;37456;3500
2026-06-08T09:49:36.0000000Z;7.234;7.244;37456;3500
2026-06-08T09:49:38.0000000Z;7.234;7.244;34000;3500
2026-06-08T09:49:40.0000000Z;7.234;7.244;34000;3500
2026-06-08T09:49:41.0000000Z;7.234;7.244;34000;3500
2026-06-08T09:49:42.0000000Z;7.234;7.244;34000;3500
2026-06-08T09:49:43.0000000Z;7.234;7.244;34000;3500
2026-06-08T09:49:55.0000000Z;7.234;7.244;34000;3500
2026-06-08T09:50:05.0000000Z;7.233;7.244;2765;3500
2026-06-08T09:50:06.0000000Z;7.233;7.244;1106;3500
2026-06-08T09:50:07.0000000Z;7.233;7.244;37457;3500
2026-06-08T09:50:09.0000000Z;7.233;7.244;37457;3500
2026-06-08T09:50:10.0000000Z;7.232;7.244;2765;3500
2026-06-08T09:50:11.0000000Z;7.232;7.244;34000;3500
2026-06-08T09:50:16.0000000Z;7.232;7.244;34000;3500
2026-06-08T09:50:17.0000000Z;7.232;7.244;1106;3500
2026-06-08T09:50:18.0000000Z;7.232;7.244;2765;3500
2026-06-08T09:50:21.0000000Z;7.232;7.244;2765;3500
2026-06-08T09:50:22.0000000Z;7.232;7.244;2765;3500
2026-06-08T09:50:23.0000000Z;7.232;7.244;2765;3500
2026-06-08T09:50:24.0000000Z;7.232;7.244;2765;3500
2026-06-08T09:50:25.0000000Z;7.232;7.244;2765;3500
2026-06-08T09:50:26.0000000Z;7.232;7.244;2765;34000
2026-06-08T09:50:27.0000000Z;7.232;7.243;2765;20394
2026-06-08T09:50:28.0000000Z;7.232;7.246;2765;5987
2026-06-08T09:50:29.0000000Z;7.232;7.245;2765;23845
2026-06-08T09:50:30.0000000Z;7.232;7.245;2765;23845
2026-06-08T09:50:31.0000000Z;7.232;7.245;2765;23845
2026-06-08T09:50:35.0000000Z;7.232;7.245;2765;20394
2026-06-08T09:50:36.0000000Z;7.232;7.245;2765;20394
2026-06-08T09:50:37.0000000Z;7.232;7.246;2765;3592
2026-06-08T09:50:38.0000000Z;7.232;7.246;2765;3592
2026-06-08T09:50:43.0000000Z;7.232;7.246;2765;5987
2026-06-08T09:50:47.0000000Z;7.232;7.246;2765;5987
2026-06-08T09:50:54.0000000Z;7.232;7.246;2765;5987
2026-06-08T09:50:55.0000000Z;7.232;7.246;2765;5987
2026-06-08T09:50:56.0000000Z;7.232;7.246;2765;5987
2026-06-08T09:51:03.0000000Z;7.232;7.246;2765;5987
2026-06-08T09:51:04.0000000Z;7.232;7.246;2765;5987
2026-06-08T09:51:05.0000000Z;7.232;7.246;2765;5987
2026-06-08T09:51:06.0000000Z;7.232;7.246;2765;5987
2026-06-08T09:51:07.0000000Z;7.232;7.245;2765;3592
2026-06-08T09:51:09.0000000Z;7.232;7.245;2765;3592
2026-06-08T09:51:10.0000000Z;7.232;7.245;2765;3592
2026-06-08T09:51:12.0000000Z;7.232;7.245;2765;3592
2026-06-08T09:51:13.0000000Z;7.232;7.245;2765;3592
2026-06-08T09:51:20.0000000Z;7.232;7.245;2765;3592
2026-06-08T09:51:21.0000000Z;7.232;7.245;2765;3592
2026-06-08T09:51:25.0000000Z;7.232;7.245;2765;3592
2026-06-08T09:51:36.0000000Z;7.232;7.245;2765;3592
2026-06-08T09:51:38.0000000Z;7.232;7.245;2765;3592
2026-06-08T09:51:39.0000000Z;7.232;7.245;1106;3592
2026-06-08T09:51:40.0000000Z;7.23;7.246;1106;2395
2026-06-08T09:51:41.0000000Z;7.232;7.245;1106;5987
2026-06-08T09:51:42.0000000Z;7.228;7.243;1106;3592
2026-06-08T09:51:43.0000000Z;7.232;7.242;1106;20394
2026-06-08T09:51:44.0000000Z;7.232;7.242;1106;20394
2026-06-08T09:51:45.0000000Z;7.232;7.242;1106;20394
2026-06-08T09:51:46.0000000Z;7.232;7.242;2558;20394
2026-06-08T09:51:47.0000000Z;7.232;7.242;2558;20394
2026-06-08T09:51:48.0000000Z;7.232;7.242;1106;20394
2026-06-08T09:51:49.0000000Z;7.232;7.242;2765;20394
2026-06-08T09:51:50.0000000Z;7.233;7.242;1106;20394
2026-06-08T09:51:51.0000000Z;7.233;7.242;34000;20394
2026-06-08T09:51:52.0000000Z;7.233;7.243;34000;3592
2026-06-08T09:51:53.0000000Z;7.233;7.242;34000;20394
2026-06-08T09:51:55.0000000Z;7.23;7.242;1659;20394
2026-06-08T09:51:56.0000000Z;7.233;7.242;1106;20394
2026-06-08T09:52:01.0000000Z;7.233;7.242;1106;20394
2026-06-08T09:52:02.0000000Z;7.233;7.242;2765;20394
2026-06-08T09:52:03.0000000Z;7.233;7.242;2765;20394
2026-06-08T09:52:05.0000000Z;7.233;7.245;2765;3592
2026-06-08T09:52:07.0000000Z;7.233;7.244;2765;23846
2026-06-08T09:52:08.0000000Z;7.233;7.244;2765;20394
2026-06-08T09:52:14.0000000Z;7.233;7.244;2765;20394
2026-06-08T09:52:15.0000000Z;7.233;7.244;2765;20394
2026-06-08T09:52:16.0000000Z;7.233;7.245;2765;34000
2026-06-08T09:52:17.0000000Z;7.233;7.245;2765;3592
2026-06-08T09:52:18.0000000Z;7.233;7.245;2765;3592
2026-06-08T09:52:22.0000000Z;7.233;7.245;2765;3592
2026-06-08T09:52:23.0000000Z;7.233;7.245;2765;3592
2026-06-08T09:52:25.0000000Z;7.233;7.245;2765;3592
2026-06-08T09:52:28.0000000Z;7.233;7.245;2765;3592
2026-06-08T09:52:29.0000000Z;7.233;7.245;2765;3592
2026-06-08T09:52:30.0000000Z;7.233;7.247;2765;5987
2026-06-08T09:52:31.0000000Z;7.233;7.247;2765;5987
2026-06-08T09:52:33.0000000Z;7.233;7.247;2765;5987
2026-06-08T09:52:34.0000000Z;7.234;7.246;34000;23845
2026-06-08T09:52:35.0000000Z;7.234;7.246;34000;23845
2026-06-08T09:52:37.0000000Z;7.234;7.246;34000;23845
2026-06-08T09:52:38.0000000Z;7.234;7.245;34000;3592
2026-06-08T09:52:39.0000000Z;7.234;7.245;1105;3592
2026-06-08T09:52:40.0000000Z;7.234;7.245;1105;3592
2026-06-08T09:52:41.0000000Z;7.234;7.245;1105;3592
2026-06-08T09:52:42.0000000Z;7.234;7.245;1105;3592
2026-06-08T09:52:43.0000000Z;7.234;7.245;1105;3592
2026-06-08T09:52:44.0000000Z;7.234;7.245;1105;3592
2026-06-08T09:52:45.0000000Z;7.234;7.245;1105;3592
2026-06-08T09:52:46.0000000Z;7.232;7.245;2765;3592
2026-06-08T09:52:47.0000000Z;7.232;7.245;2765;3592
2026-06-08T09:52:48.0000000Z;7.233;7.246;3457;5987
2026-06-08T09:52:49.0000000Z;7.233;7.246;3457;5987
2026-06-08T09:52:50.0000000Z;7.233;7.245;3457;20394
2026-06-08T09:52:52.0000000Z;7.232;7.245;34000;20394
2026-06-08T09:52:53.0000000Z;7.232;7.245;34000;20394
2026-06-08T09:52:56.0000000Z;7.232;7.245;34000;20394
2026-06-08T09:52:57.0000000Z;7.232;7.245;34000;20394
2026-06-08T09:52:58.0000000Z;7.232;7.245;34000;20400
2026-06-08T09:52:59.0000000Z;7.232;7.245;34000;54400
2026-06-08T09:52:59.0000000Z;7.232;7.245;34000;54400
2026-06-08T09:53:02.0000000Z;7.232;7.245;34000;54400
2026-06-08T09:53:04.0000000Z;7.232;7.245;34000;54400
2026-06-08T09:53:05.0000000Z;7.232;7.245;34000;54400
2026-06-08T09:53:06.0000000Z;7.23;7.245;1106;54400
2026-06-08T09:53:07.0000000Z;7.232;7.245;1106;54400
2026-06-08T09:53:08.0000000Z;7.232;7.245;1106;5987
2026-06-08T09:53:11.0000000Z;7.232;7.245;1106;5987
2026-06-08T09:53:12.0000000Z;7.232;7.245;1106;5987
2026-06-08T09:53:13.0000000Z;7.232;7.245;1106;3592
2026-06-08T09:53:15.0000000Z;7.232;7.245;1106;3592
2026-06-08T09:53:16.0000000Z;7.232;7.245;1106;3592
2026-06-08T09:53:17.0000000Z;7.232;7.245;1106;3592
2026-06-08T09:53:18.0000000Z;7.232;7.245;2765;3592
2026-06-08T09:53:19.0000000Z;7.232;7.245;2765;3592
2026-06-08T09:53:22.0000000Z;7.232;7.245;2765;3592
2026-06-08T09:53:23.0000000Z;7.232;7.245;2765;3592
2026-06-08T09:53:24.0000000Z;7.232;7.245;2765;56795
2026-06-08T09:53:25.0000000Z;7.232;7.245;2765;54400
2026-06-08T09:53:26.0000000Z;7.232;7.245;2765;54400
2026-06-08T09:53:28.0000000Z;7.232;7.245;2765;54400
2026-06-08T09:53:36.0000000Z;7.232;7.245;2765;54400
2026-06-08T09:53:37.0000000Z;7.232;7.245;2765;54400
2026-06-08T09:53:40.0000000Z;7.232;7.245;2765;54400
2026-06-08T09:53:41.0000000Z;7.232;7.245;2765;54400
2026-06-08T09:53:42.0000000Z;7.232;7.245;2765;54400
2026-06-08T09:53:44.0000000Z;7.232;7.242;2765;20400
2026-06-08T09:53:48.0000000Z;7.232;7.242;1106;20400
2026-06-08T09:53:49.0000000Z;7.232;7.242;2765;20400
2026-06-08T09:53:50.0000000Z;7.232;7.242;2765;20400
2026-06-08T09:53:52.0000000Z;7.232;7.242;2765;20400
2026-06-08T09:53:54.0000000Z;7.232;7.246;2765;2395
2026-06-08T09:53:55.0000000Z;7.232;7.245;2765;5987
2026-06-08T09:53:56.0000000Z;7.231;7.243;2765;5987
2026-06-08T09:53:58.0000000Z;7.231;7.243;37458;5987
2026-06-08T09:53:59.0000000Z;7.231;7.243;34000;5987
2026-06-08T09:54:00.0000000Z;7.231;7.243;34000;5987
2026-06-08T09:54:01.0000000Z;7.231;7.243;34000;3592
2026-06-08T09:54:02.0000000Z;7.231;7.243;34000;3592
2026-06-08T09:54:03.0000000Z;7.231;7.243;34000;3592
2026-06-08T09:54:04.0000000Z;7.231;7.243;34000;3592
2026-06-08T09:54:05.0000000Z;7.231;7.243;34000;3592
2026-06-08T09:54:06.0000000Z;7.231;7.243;34000;54400
2026-06-08T09:54:08.0000000Z;7.231;7.243;34000;54400
2026-06-08T09:54:12.0000000Z;7.231;7.243;34000;54400
2026-06-08T09:54:13.0000000Z;7.231;7.243;34000;54400
2026-06-08T09:54:14.0000000Z;7.231;7.243;34000;54400
2026-06-08T09:54:16.0000000Z;7.231;7.243;34000;54400
2026-06-08T09:54:17.0000000Z;7.231;7.243;34000;54400
2026-06-08T09:54:18.0000000Z;7.231;7.246;34000;5987
2026-06-08T09:54:19.0000000Z;7.231;7.246;34000;5987
2026-06-08T09:54:20.0000000Z;7.231;7.244;34000;3452
2026-06-08T09:54:21.0000000Z;7.231;7.244;34000;3452
2026-06-08T09:54:22.0000000Z;7.231;7.244;34000;3452
2026-06-08T09:54:23.0000000Z;7.231;7.244;34000;3452
2026-06-08T09:54:25.0000000Z;7.231;7.244;34000;3452
2026-06-08T09:54:26.0000000Z;7.231;7.245;34000;20400
2026-06-08T09:54:28.0000000Z;7.231;7.245;34000;20400
2026-06-08T09:54:30.0000000Z;7.231;7.245;34000;20400
2026-06-08T09:54:36.0000000Z;7.231;7.245;34000;20400
2026-06-08T09:54:40.0000000Z;7.231;7.245;34000;20400
2026-06-08T09:54:41.0000000Z;7.231;7.245;34000;20400
2026-06-08T09:54:42.0000000Z;7.231;7.245;34000;20400
2026-06-08T09:54:44.0000000Z;7.231;7.245;34000;20400
2026-06-08T09:54:49.0000000Z;7.231;7.245;34000;20400
2026-06-08T09:54:56.0000000Z;7.231;7.245;34000;20400
2026-06-08T09:54:57.0000000Z;7.231;7.246;34000;36395
2026-06-08T09:54:58.0000000Z;7.231;7.244;34000;3592
2026-06-08T09:54:59.0000000Z;7.231;7.244;34000;3592
2026-06-08T09:55:00.0000000Z;7.231;7.244;34000;3592
2026-06-08T09:55:02.0000000Z;7.231;7.244;34000;3592
2026-06-08T09:55:05.0000000Z;7.231;7.244;34000;3592
2026-06-08T09:55:06.0000000Z;7.231;7.244;34000;3592
2026-06-08T09:55:07.0000000Z;7.231;7.245;34000;3592
2026-06-08T09:55:10.0000000Z;7.231;7.244;34000;20400
2026-06-08T09:55:11.0000000Z;7.231;7.244;34000;20400
2026-06-08T09:55:12.0000000Z;7.231;7.244;34000;20400
2026-06-08T09:55:13.0000000Z;7.231;7.244;34000;20400
2026-06-08T09:55:14.0000000Z;7.231;7.243;34000;3592
2026-06-08T09:55:17.0000000Z;7.231;7.243;34000;3592
2026-06-08T09:55:19.0000000Z;7.231;7.243;34000;3592
2026-06-08T09:55:21.0000000Z;7.231;7.243;34000;3592
2026-06-08T09:55:28.0000000Z;7.231;7.243;34000;3592
2026-06-08T09:55:29.0000000Z;7.231;7.243;34000;3592
2026-06-08T09:55:30.0000000Z;7.231;7.243;34000;3592
2026-06-08T09:55:34.0000000Z;7.231;7.243;34000;5987
2026-06-08T09:55:35.0000000Z;7.231;7.243;34000;5987
2026-06-08T09:55:36.0000000Z;7.232;7.243;1106;5987
2026-06-08T09:55:37.0000000Z;7.232;7.243;34000;5987
2026-06-08T09:55:41.0000000Z;7.232;7.243;1106;5987
2026-06-08T09:55:42.0000000Z;7.232;7.243;1106;5987
2026-06-08T09:55:44.0000000Z;7.232;7.243;2765;5987
2026-06-08T09:55:45.0000000Z;7.232;7.243;1106;5987
2026-06-08T09:55:50.0000000Z;7.232;7.243;1106;5987
2026-06-08T09:55:51.0000000Z;7.232;7.243;2708;5987
2026-06-08T09:55:52.0000000Z;7.232;7.243;2765;5987
2026-06-08T09:55:53.0000000Z;7.232;7.243;1106;5987
2026-06-08T09:55:54.0000000Z;7.232;7.243;1106;5987
2026-06-08T09:55:58.0000000Z;7.232;7.243;2765;5987
2026-06-08T09:55:59.0000000Z;7.232;7.243;2765;5987
2026-06-08T09:55:59.0000000Z;7.232;7.243;1106;5987
2026-06-08T09:56:00.0000000Z;7.232;7.243;1106;5987
2026-06-08T09:56:04.0000000Z;7.232;7.243;1106;5987
2026-06-08T09:56:07.0000000Z;7.232;7.241;1106;3592
2026-06-08T09:56:10.0000000Z;7.232;7.241;1883;3592
2026-06-08T09:56:11.0000000Z;7.232;7.241;1883;3592
2026-06-08T09:56:12.0000000Z;7.232;7.241;1883;3592
2026-06-08T09:56:13.0000000Z;7.232;7.241;1883;3592
2026-06-08T09:56:14.0000000Z;7.232;7.241;1883;3592
2026-06-08T09:56:16.0000000Z;7.232;7.241;1883;3592
2026-06-08T09:56:18.0000000Z;7.232;7.241;1883;3592
2026-06-08T09:56:19.0000000Z;7.232;7.241;1883;34000
2026-06-08T09:56:20.0000000Z;7.232;7.24;1106;20397
2026-06-08T09:56:21.0000000Z;7.232;7.242;2765;3592
2026-06-08T09:56:22.0000000Z;7.232;7.241;2765;20397
2026-06-08T09:56:23.0000000Z;7.232;7.241;1106;20397
2026-06-08T09:56:24.0000000Z;7.23;7.241;2765;20397
2026-06-08T09:56:25.0000000Z;7.23;7.241;2765;20397
2026-06-08T09:56:26.0000000Z;7.23;7.241;34000;20397
2026-06-08T09:56:27.0000000Z;7.23;7.241;34000;20397
2026-06-08T09:56:29.0000000Z;7.23;7.241;34000;20397
2026-06-08T09:56:31.0000000Z;7.23;7.242;34000;5987
2026-06-08T09:56:34.0000000Z;7.23;7.242;34000;5987
2026-06-08T09:56:36.0000000Z;7.23;7.242;34000;3592
2026-06-08T09:56:37.0000000Z;7.23;7.242;34000;5987
2026-06-08T09:56:42.0000000Z;7.228;7.24;1106;20397
2026-06-08T09:56:43.0000000Z;7.23;7.24;1872;20397
2026-06-08T09:56:44.0000000Z;7.23;7.24;1872;20397
2026-06-08T09:56:45.0000000Z;7.23;7.24;1872;20397
2026-06-08T09:56:46.0000000Z;7.23;7.24;1872;20397
2026-06-08T09:56:48.0000000Z;7.23;7.24;1872;20397
2026-06-08T09:56:53.0000000Z;7.23;7.24;1872;20397
2026-06-08T09:57:00.0000000Z;7.23;7.24;1872;20397
2026-06-08T09:57:01.0000000Z;7.229;7.24;1659;20397
2026-06-08T09:57:02.0000000Z;7.23;7.24;1106;20397
2026-06-08T09:57:03.0000000Z;7.23;7.24;34000;20397
2026-06-08T09:57:04.0000000Z;7.23;7.24;2765;20397
2026-06-08T09:57:06.0000000Z;7.23;7.24;2765;20397
2026-06-08T09:57:07.0000000Z;7.23;7.242;2765;2395
2026-06-08T09:57:08.0000000Z;7.23;7.242;2765;2395
2026-06-08T09:57:09.0000000Z;7.223;7.245;1107;2395
2026-06-08T09:57:10.0000000Z;7.223;7.245;1107;2395
2026-06-08T09:57:11.0000000Z;7.229;7.243;3459;3452
2026-06-08T09:57:15.0000000Z;7.223;7.245;34000;56792
2026-06-08T09:57:25.0000000Z;7.221;7.243;1107;14795
2026-06-08T09:57:26.0000000Z;7.221;7.243;1107;14795
2026-06-08T09:57:27.0000000Z;7.222;7.243;23859;14795
2026-06-08T09:57:28.0000000Z;7.222;7.243;20397;14795
2026-06-08T09:57:30.0000000Z;7.222;7.243;20397;14795
2026-06-08T09:57:36.0000000Z;7.221;7.243;3502;14795
2026-06-08T09:57:38.0000000Z;7.228;7.242;34000;7734
2026-06-08T09:57:40.0000000Z;7.228;7.242;34000;7734
2026-06-08T09:57:41.0000000Z;7.23;7.242;34000;7734
2026-06-08T09:57:42.0000000Z;7.231;7.242;34000;7734
2026-06-08T09:57:43.0000000Z;7.231;7.242;34000;7734
2026-06-08T09:57:44.0000000Z;7.23;7.242;2765;7734
2026-06-08T09:57:45.0000000Z;7.231;7.242;34000;7734
2026-06-08T09:57:46.0000000Z;7.231;7.242;34000;7734
2026-06-08T09:57:47.0000000Z;7.23;7.242;37458;7734
2026-06-08T09:57:48.0000000Z;7.23;7.242;37458;7734
2026-06-08T09:57:49.0000000Z;7.23;7.242;34000;7734
2026-06-08T09:57:57.0000000Z;7.23;7.242;34000;7734
2026-06-08T09:57:59.0000000Z;7.23;7.242;1106;7734
2026-06-08T09:57:59.0000000Z;7.229;7.242;2765;7734
2026-06-08T09:58:02.0000000Z;7.23;7.242;2765;7734
2026-06-08T09:58:04.0000000Z;7.23;7.242;1106;7734
2026-06-08T09:58:06.0000000Z;7.23;7.242;1106;56792
2026-06-08T09:58:07.0000000Z;7.23;7.242;1106;56792
2026-06-08T09:58:08.0000000Z;7.229;7.242;1659;56792
2026-06-08T09:58:09.0000000Z;7.229;7.242;2765;56792
2026-06-08T09:58:11.0000000Z;7.229;7.242;37459;56792
2026-06-08T09:58:13.0000000Z;7.229;7.242;37459;56792
2026-06-08T09:58:14.0000000Z;7.229;7.242;34000;54397
2026-06-08T09:58:15.0000000Z;7.229;7.242;34000;54397
2026-06-08T09:58:17.0000000Z;7.229;7.242;34000;54397
2026-06-08T09:58:18.0000000Z;7.229;7.242;34000;54397
2026-06-08T09:58:21.0000000Z;7.229;7.242;34000;7734
2026-06-08T09:58:29.0000000Z;7.223;7.243;3502;14795
2026-06-08T09:58:30.0000000Z;7.221;7.243;1107;14795
2026-06-08T09:58:31.0000000Z;7.228;7.242;3459;20397
2026-06-08T09:58:33.0000000Z;7.228;7.242;3459;20397
2026-06-08T09:58:36.0000000Z;7.223;7.242;3502;20397
2026-06-08T09:58:37.0000000Z;7.223;7.242;36395;20397
2026-06-08T09:58:39.0000000Z;7.225;7.242;1107;54397
2026-06-08T09:58:40.0000000Z;7.23;7.242;1659;54397
2026-06-08T09:58:41.0000000Z;7.23;7.242;2765;54397
2026-06-08T09:58:42.0000000Z;7.231;7.242;1981;54397
2026-06-08T09:58:43.0000000Z;7.231;7.242;1106;54397
2026-06-08T09:58:44.0000000Z;7.231;7.242;1106;54397
2026-06-08T09:58:46.0000000Z;7.231;7.242;1106;54397
2026-06-08T09:58:49.0000000Z;7.231;7.242;1106;54397
2026-06-08T09:58:52.0000000Z;7.231;7.242;1106;54397
2026-06-08T09:58:54.0000000Z;7.231;7.242;1106;54397
2026-06-08T09:58:59.0000000Z;7.231;7.242;1106;54397
2026-06-08T09:59:00.0000000Z;7.231;7.242;2765;54397
2026-06-08T09:59:03.0000000Z;7.231;7.242;2765;54397
2026-06-08T09:59:10.0000000Z;7.231;7.242;2765;54397
2026-06-08T09:59:15.0000000Z;7.231;7.242;2765;54397
2026-06-08T09:59:17.0000000Z;7.231;7.242;4456;54397
2026-06-08T09:59:18.0000000Z;7.231;7.242;4456;54397
2026-06-08T09:59:23.0000000Z;7.231;7.241;4456;20402
2026-06-08T09:59:24.0000000Z;7.231;7.242;4456;9713
2026-06-08T09:59:25.0000000Z;7.231;7.242;4456;9713
2026-06-08T09:59:36.0000000Z;7.231;7.242;4456;9713
2026-06-08T09:59:49.0000000Z;7.231;7.242;4456;9713
2026-06-08T09:59:53.0000000Z;7.229;7.242;1106;9713
2026-06-08T09:59:54.0000000Z;7.232;7.242;34000;9713
2026-06-08T09:59:55.0000000Z;7.232;7.242;34000;9713
2026-06-08T09:59:58.0000000Z;7.232;7.242;34000;9713
2026-06-08T10:00:00.0000000Z;7.232;7.242;34000;9713
2026-06-08T10:00:02.0000000Z;7.232;7.242;34000;9713
2026-06-08T10:00:04.0000000Z;7.232;7.242;34000;9713
2026-06-08T10:00:09.0000000Z;7.231;7.242;2765;9713
2026-06-08T10:00:11.0000000Z;7.231;7.242;37458;9713
2026-06-08T10:00:13.0000000Z;7.231;7.242;2765;9713
2026-06-08T10:00:15.0000000Z;7.231;7.242;1659;9713
2026-06-08T10:00:16.0000000Z;7.231;7.242;2765;9713
2026-06-08T10:00:17.0000000Z;7.231;7.242;1659;9713
2026-06-08T10:00:18.0000000Z;7.231;7.242;1659;9713
2026-06-08T10:00:19.0000000Z;7.229;7.242;2765;9713
2026-06-08T10:00:21.0000000Z;7.23;7.242;3458;9713
2026-06-08T10:00:23.0000000Z;7.231;7.242;1659;9713
2026-06-08T10:00:24.0000000Z;7.231;7.242;1659;9713
2026-06-08T10:00:25.0000000Z;7.231;7.242;1659;9713
2026-06-08T10:00:27.0000000Z;7.231;7.242;1659;9713
2026-06-08T10:00:29.0000000Z;7.231;7.242;1659;9713
2026-06-08T10:00:31.0000000Z;7.231;7.242;1659;9713
2026-06-08T10:00:34.0000000Z;7.231;7.242;1659;9713
2026-06-08T10:00:35.0000000Z;7.23;7.242;1106;9713
2026-06-08T10:00:36.0000000Z;7.231;7.242;1659;9713
2026-06-08T10:00:38.0000000Z;7.231;7.242;1659;9713
2026-06-08T10:00:39.0000000Z;7.231;7.242;1659;9713
2026-06-08T10:00:41.0000000Z;7.231;7.242;2765;9713
2026-06-08T10:00:42.0000000Z;7.231;7.242;2765;9713
2026-06-08T10:00:43.0000000Z;7.231;7.242;1659;9713
2026-06-08T10:00:46.0000000Z;7.23;7.242;1659;9713
2026-06-08T10:00:47.0000000Z;7.229;7.242;2765;9713
2026-06-08T10:00:48.0000000Z;7.231;7.242;1659;9713
2026-06-08T10:00:49.0000000Z;7.231;7.242;1659;9713
2026-06-08T10:00:54.0000000Z;7.231;7.242;1659;9713
2026-06-08T10:00:55.0000000Z;7.23;7.242;1659;9713
2026-06-08T10:00:56.0000000Z;7.23;7.242;1659;7318
2026-06-08T10:00:58.0000000Z;7.23;7.242;37458;7318
2026-06-08T10:00:59.0000000Z;7.23;7.239;37458;20402
2026-06-08T10:00:59.0000000Z;7.23;7.24;37458;3592
2026-06-08T10:01:00.0000000Z;7.23;7.24;37458;3592
2026-06-08T10:01:01.0000000Z;7.23;7.24;1659;3592
2026-06-08T10:01:02.0000000Z;7.23;7.24;1659;3592
2026-06-08T10:01:03.0000000Z;7.23;7.24;1659;3592
2026-06-08T10:01:05.0000000Z;7.229;7.24;2765;3592
2026-06-08T10:01:08.0000000Z;7.229;7.24;37459;3592
2026-06-08T10:01:12.0000000Z;7.229;7.24;34000;3592
2026-06-08T10:01:15.0000000Z;7.229;7.24;34000;3592
2026-06-08T10:01:16.0000000Z;7.229;7.24;34000;3592
2026-06-08T10:01:17.0000000Z;7.229;7.24;2765;5987
2026-06-08T10:01:19.0000000Z;7.229;7.24;2765;5987
2026-06-08T10:01:21.0000000Z;7.229;7.24;2765;5987
2026-06-08T10:01:23.0000000Z;7.229;7.24;2765;5987
2026-06-08T10:01:28.0000000Z;7.229;7.24;2765;3592
2026-06-08T10:01:31.0000000Z;7.229;7.24;2765;3592
2026-06-08T10:01:33.0000000Z;7.229;7.239;2765;20401
2026-06-08T10:01:35.0000000Z;7.229;7.24;2765;3592
2026-06-08T10:01:37.0000000Z;7.229;7.24;2765;3592
2026-06-08T10:01:39.0000000Z;7.229;7.24;2765;3592
2026-06-08T10:01:40.0000000Z;7.229;7.24;2765;3592
2026-06-08T10:01:44.0000000Z;7.229;7.24;2765;3592
2026-06-08T10:01:46.0000000Z;7.229;7.24;2765;3592
2026-06-08T10:01:47.0000000Z;7.228;7.24;2765;3592
2026-06-08T10:01:48.0000000Z;7.229;7.24;2765;3592
2026-06-08T10:01:50.0000000Z;7.229;7.24;2765;3592
2026-06-08T10:01:53.0000000Z;7.229;7.24;2765;3592
2026-06-08T10:01:54.0000000Z;7.228;7.24;2765;3592
2026-06-08T10:01:55.0000000Z;7.228;7.24;2765;3592
2026-06-08T10:01:56.0000000Z;7.228;7.24;2765;3592
2026-06-08T10:01:57.0000000Z;7.228;7.24;34000;3592
2026-06-08T10:01:58.0000000Z;7.228;7.24;2765;3592
2026-06-08T10:01:59.0000000Z;7.225;7.24;1107;3592
2026-06-08T10:02:00.0000000Z;7.225;7.24;1107;3592
2026-06-08T10:02:01.0000000Z;7.224;7.24;1107;3592
2026-06-08T10:02:02.0000000Z;7.226;7.24;1107;3592
2026-06-08T10:02:03.0000000Z;7.224;7.24;2767;3592
2026-06-08T10:02:04.0000000Z;7.224;7.24;1107;3592
2026-06-08T10:02:05.0000000Z;7.218;7.24;1108;3592
2026-06-08T10:02:06.0000000Z;7.219;7.24;1108;54401
2026-06-08T10:02:09.0000000Z;7.218;7.239;1108;2621
2026-06-08T10:02:10.0000000Z;7.22;7.238;1108;7862
2026-06-08T10:02:11.0000000Z;7.22;7.238;1108;3931
2026-06-08T10:02:12.0000000Z;7.222;7.238;1107;3931
2026-06-08T10:02:13.0000000Z;7.224;7.238;1107;3931
2026-06-08T10:02:14.0000000Z;7.224;7.238;2767;3931
2026-06-08T10:02:15.0000000Z;7.224;7.238;1107;3931
2026-06-08T10:02:16.0000000Z;7.224;7.238;2767;3931
2026-06-08T10:02:17.0000000Z;7.224;7.238;34000;3931
2026-06-08T10:02:18.0000000Z;7.224;7.238;2767;34000
2026-06-08T10:02:19.0000000Z;7.219;7.237;1662;2395
2026-06-08T10:02:20.0000000Z;7.223;7.237;3462;2395
2026-06-08T10:02:21.0000000Z;7.223;7.236;1660;3592
2026-06-08T10:02:22.0000000Z;7.224;7.236;2767;3592
2026-06-08T10:02:23.0000000Z;7.224;7.236;34000;3592
2026-06-08T10:02:24.0000000Z;7.224;7.236;1107;3592
2026-06-08T10:02:25.0000000Z;7.224;7.236;2767;3592
2026-06-08T10:02:26.0000000Z;7.224;7.236;2767;3592
2026-06-08T10:02:27.0000000Z;7.224;7.236;2767;34000
2026-06-08T10:02:28.0000000Z;7.224;7.236;2767;3592
2026-06-08T10:02:30.0000000Z;7.224;7.236;2767;3592
2026-06-08T10:02:31.0000000Z;7.224;7.236;2767;3592
2026-06-08T10:02:32.0000000Z;7.224;7.236;2767;3592
2026-06-08T10:02:33.0000000Z;7.224;7.236;2767;3592
2026-06-08T10:02:34.0000000Z;7.224;7.236;2767;3592
2026-06-08T10:02:38.0000000Z;7.224;7.235;2767;20401
2026-06-08T10:02:39.0000000Z;7.224;7.236;2767;3592
2026-06-08T10:02:40.0000000Z;7.224;7.236;2767;3592
2026-06-08T10:02:41.0000000Z;7.224;7.236;2767;3592
2026-06-08T10:02:43.0000000Z;7.224;7.236;2767;3592
2026-06-08T10:02:44.0000000Z;7.224;7.236;2767;3592
2026-06-08T10:02:45.0000000Z;7.224;7.236;2767;3592
2026-06-08T10:02:46.0000000Z;7.224;7.236;2767;3592
2026-06-08T10:02:47.0000000Z;7.224;7.236;2767;3592
2026-06-08T10:02:54.0000000Z;7.224;7.236;2767;3592
2026-06-08T10:02:56.0000000Z;7.224;7.236;2767;3592
2026-06-08T10:02:57.0000000Z;7.224;7.236;2767;3592
2026-06-08T10:02:58.0000000Z;7.224;7.239;2767;589
2026-06-08T10:02:59.0000000Z;7.224;7.243;2767;23436
2026-06-08T10:02:59.0000000Z;7.224;7.243;2767;23436
2026-06-08T10:03:00.0000000Z;7.224;7.237;2767;3455
2026-06-08T10:03:01.0000000Z;7.224;7.242;2767;17344
2026-06-08T10:03:03.0000000Z;7.224;7.242;2767;39875
2026-06-08T10:03:04.0000000Z;7.224;7.242;2767;44598
2026-06-08T10:03:05.0000000Z;7.224;7.237;2767;23856
2026-06-08T10:03:06.0000000Z;7.224;7.238;2767;3592
2026-06-08T10:03:10.0000000Z;7.224;7.237;2767;20401
2026-06-08T10:03:14.0000000Z;7.224;7.237;2767;20401
2026-06-08T10:03:16.0000000Z;7.224;7.237;2767;20401
2026-06-08T10:03:17.0000000Z;7.224;7.237;2767;20401
2026-06-08T10:03:22.0000000Z;7.224;7.237;2767;20401
2026-06-08T10:03:23.0000000Z;7.224;7.237;2767;20401
2026-06-08T10:03:25.0000000Z;7.224;7.237;2767;20401
2026-06-08T10:03:26.0000000Z;7.224;7.236;2767;3592
2026-06-08T10:03:27.0000000Z;7.224;7.236;2767;3592
2026-06-08T10:03:33.0000000Z;7.224;7.236;2767;3592
2026-06-08T10:03:37.0000000Z;7.224;7.236;2767;3592
2026-06-08T10:03:40.0000000Z;7.224;7.237;2767;5987
2026-06-08T10:03:41.0000000Z;7.224;7.237;2767;5987
2026-06-08T10:03:42.0000000Z;7.224;7.236;2767;20401
2026-06-08T10:03:43.0000000Z;7.224;7.236;2767;20401
2026-06-08T10:03:45.0000000Z;7.224;7.236;2767;20401
2026-06-08T10:03:47.0000000Z;7.224;7.236;2767;20401
2026-06-08T10:03:48.0000000Z;7.224;7.236;2767;20401
2026-06-08T10:03:49.0000000Z;7.224;7.236;2767;20401
2026-06-08T10:03:51.0000000Z;7.224;7.236;2767;20401
2026-06-08T10:03:54.0000000Z;7.224;7.236;2767;20401
2026-06-08T10:03:58.0000000Z;7.224;7.236;2767;20401
2026-06-08T10:03:59.0000000Z;7.224;7.236;2767;20401
2026-06-08T10:04:00.0000000Z;7.224;7.236;2767;20401
2026-06-08T10:04:03.0000000Z;7.224;7.236;2767;20401
2026-06-08T10:04:06.0000000Z;7.224;7.236;2767;20401
2026-06-08T10:04:08.0000000Z;7.224;7.236;2767;20401
2026-06-08T10:04:11.0000000Z;7.224;7.236;2767;20401
2026-06-08T10:04:13.0000000Z;7.224;7.237;2767;2395
2026-06-08T10:04:14.0000000Z;7.224;7.234;2767;34000
2026-06-08T10:04:15.0000000Z;7.224;7.233;2767;20421
2026-06-08T10:04:18.0000000Z;7.224;7.234;2767;34000
2026-06-08T10:04:19.0000000Z;7.224;7.236;2767;3592
2026-06-08T10:04:20.0000000Z;7.224;7.235;2767;20421
2026-06-08T10:04:21.0000000Z;7.224;7.235;2767;20421
2026-06-08T10:04:23.0000000Z;7.224;7.235;2767;20421
2026-06-08T10:04:24.0000000Z;7.224;7.235;2767;20421
2026-06-08T10:04:25.0000000Z;7.224;7.235;2767;20421
2026-06-08T10:04:26.0000000Z;7.224;7.235;2767;20421
2026-06-08T10:04:27.0000000Z;7.224;7.235;2767;20421
2026-06-08T10:04:29.0000000Z;7.224;7.236;2767;3592
2026-06-08T10:04:34.0000000Z;7.224;7.236;2767;3592
2026-06-08T10:04:35.0000000Z;7.224;7.236;2767;3592
2026-06-08T10:04:39.0000000Z;7.224;7.236;2767;3592
2026-06-08T10:04:42.0000000Z;7.224;7.236;2767;3592
2026-06-08T10:04:43.0000000Z;7.224;7.236;2767;3592
2026-06-08T10:04:44.0000000Z;7.224;7.236;2767;3592
2026-06-08T10:04:46.0000000Z;7.224;7.236;2767;3592
2026-06-08T10:04:49.0000000Z;7.224;7.236;2767;3592
2026-06-08T10:04:54.0000000Z;7.224;7.236;2767;3592
2026-06-08T10:04:55.0000000Z;7.224;7.236;2767;3592
2026-06-08T10:04:57.0000000Z;7.224;7.236;2767;3592
2026-06-08T10:04:59.0000000Z;7.224;7.238;2767;5987
2026-06-08T10:04:59.0000000Z;7.224;7.238;2767;5987
2026-06-08T10:05:01.0000000Z;7.224;7.237;2767;3455
2026-06-08T10:05:04.0000000Z;7.224;7.237;2767;3455
2026-06-08T10:05:05.0000000Z;7.224;7.238;2767;54421
2026-06-08T10:05:16.0000000Z;7.224;7.238;2767;54421
2026-06-08T10:05:17.0000000Z;7.224;7.238;2767;56816
2026-06-08T10:05:19.0000000Z;7.224;7.238;2767;56816
2026-06-08T10:05:20.0000000Z;7.224;7.238;2767;56816
2026-06-08T10:05:22.0000000Z;7.22;7.242;1108;2395
2026-06-08T10:05:24.0000000Z;7.224;7.24;1107;2395
2026-06-08T10:05:25.0000000Z;7.224;7.239;1107;3454
2026-06-08T10:05:26.0000000Z;7.227;7.237;1660;3592
2026-06-08T10:05:27.0000000Z;7.227;7.236;34000;20421
2026-06-08T10:05:31.0000000Z;7.227;7.236;2766;20421
2026-06-08T10:05:32.0000000Z;7.227;7.236;2766;20421
2026-06-08T10:05:36.0000000Z;7.227;7.237;2766;34000
2026-06-08T10:05:37.0000000Z;7.227;7.237;2766;54421
2026-06-08T10:05:39.0000000Z;7.227;7.237;2766;20421
2026-06-08T10:05:42.0000000Z;7.227;7.237;2766;20421
2026-06-08T10:05:43.0000000Z;7.226;7.236;2767;3592
2026-06-08T10:05:44.0000000Z;7.226;7.236;1107;3592
2026-06-08T10:05:45.0000000Z;7.226;7.236;37460;3592
2026-06-08T10:05:47.0000000Z;7.226;7.236;34000;3592
2026-06-08T10:05:48.0000000Z;7.226;7.236;34000;3592
2026-06-08T10:05:51.0000000Z;7.226;7.236;1943;3592
2026-06-08T10:05:53.0000000Z;7.226;7.236;1943;3592
2026-06-08T10:05:55.0000000Z;7.226;7.236;1943;3592
2026-06-08T10:05:56.0000000Z;7.226;7.236;2767;3592
2026-06-08T10:05:57.0000000Z;7.226;7.236;2767;3592
2026-06-08T10:05:58.0000000Z;7.226;7.236;2767;3592
2026-06-08T10:06:03.0000000Z;7.226;7.238;1107;3592
2026-06-08T10:06:04.0000000Z;7.226;7.236;1107;3592
2026-06-08T10:06:07.0000000Z;7.226;7.236;2767;3592
2026-06-08T10:06:09.0000000Z;7.226;7.236;2767;3592
2026-06-08T10:06:13.0000000Z;7.226;7.236;1107;3592
2026-06-08T10:06:14.0000000Z;7.226;7.236;1107;3592
2026-06-08T10:06:15.0000000Z;7.226;7.236;2767;3592
2026-06-08T10:06:17.0000000Z;7.226;7.236;2767;3592
2026-06-08T10:06:19.0000000Z;7.226;7.236;1107;3592
2026-06-08T10:06:20.0000000Z;7.226;7.236;1107;3592
2026-06-08T10:06:22.0000000Z;7.226;7.236;1107;3592
2026-06-08T10:06:23.0000000Z;7.226;7.236;1107;3592
2026-06-08T10:06:25.0000000Z;7.226;7.236;1107;54421
2026-06-08T10:06:26.0000000Z;7.226;7.236;1107;3592
2026-06-08T10:06:27.0000000Z;7.226;7.236;1107;3592
2026-06-08T10:06:29.0000000Z;7.226;7.236;1107;3592
2026-06-08T10:06:30.0000000Z;7.226;7.236;1107;3592
2026-06-08T10:06:31.0000000Z;7.224;7.236;2767;3592
2026-06-08T10:06:32.0000000Z;7.224;7.236;2767;3592
2026-06-08T10:06:33.0000000Z;7.224;7.236;34000;3592
2026-06-08T10:06:35.0000000Z;7.224;7.236;34000;3592
2026-06-08T10:06:36.0000000Z;7.224;7.235;34000;20421
2026-06-08T10:06:40.0000000Z;7.224;7.235;34000;20421
2026-06-08T10:06:43.0000000Z;7.224;7.235;34000;20421
2026-06-08T10:06:44.0000000Z;7.224;7.235;34000;20421
2026-06-08T10:06:53.0000000Z;7.224;7.237;34000;2395
2026-06-08T10:06:54.0000000Z;7.224;7.235;34000;20422
2026-06-08T10:06:55.0000000Z;7.224;7.235;34000;20422
2026-06-08T10:06:58.0000000Z;7.224;7.235;34000;20422
2026-06-08T10:06:59.0000000Z;7.224;7.235;34000;20422
2026-06-08T10:07:02.0000000Z;7.224;7.235;34000;20422
2026-06-08T10:07:04.0000000Z;7.224;7.239;34000;3592
2026-06-08T10:07:05.0000000Z;7.224;7.238;34000;20422
2026-06-08T10:07:06.0000000Z;7.224;7.238;34000;20422
2026-06-08T10:07:07.0000000Z;7.224;7.238;34000;20422
2026-06-08T10:07:08.0000000Z;7.224;7.238;34000;20422
2026-06-08T10:07:11.0000000Z;7.224;7.238;34000;20422
2026-06-08T10:07:12.0000000Z;7.224;7.239;34000;5987
2026-06-08T10:07:15.0000000Z;7.224;7.239;34000;54422
2026-06-08T10:07:16.0000000Z;7.224;7.238;34000;5987
2026-06-08T10:07:17.0000000Z;7.224;7.238;34000;5987
2026-06-08T10:07:19.0000000Z;7.224;7.238;34000;5987
2026-06-08T10:07:20.0000000Z;7.224;7.238;34000;5987
2026-06-08T10:07:22.0000000Z;7.224;7.238;34000;5987
2026-06-08T10:07:25.0000000Z;7.224;7.238;34000;5987
2026-06-08T10:07:26.0000000Z;7.224;7.238;34000;5987
2026-06-08T10:07:28.0000000Z;7.224;7.238;34000;5987
2026-06-08T10:07:29.0000000Z;7.224;7.238;34000;5987
2026-06-08T10:07:30.0000000Z;7.224;7.238;34000;5987
2026-06-08T10:07:32.0000000Z;7.224;7.238;34000;5987
2026-06-08T10:07:33.0000000Z;7.224;7.238;34000;5987
2026-06-08T10:07:34.0000000Z;7.224;7.238;34000;5987
2026-06-08T10:07:35.0000000Z;7.224;7.238;34000;5987
2026-06-08T10:07:37.0000000Z;7.224;7.238;34000;5987
2026-06-08T10:07:38.0000000Z;7.224;7.238;34000;5987
2026-06-08T10:07:40.0000000Z;7.224;7.238;34000;5987
2026-06-08T10:07:42.0000000Z;7.224;7.238;34000;5987
2026-06-08T10:07:44.0000000Z;7.224;7.238;34000;5987
2026-06-08T10:07:47.0000000Z;7.224;7.238;34000;5987
2026-06-08T10:07:48.0000000Z;7.224;7.238;34000;5987
2026-06-08T10:07:59.0000000Z;7.224;7.238;34000;5987
2026-06-08T10:08:00.0000000Z;7.224;7.238;34000;5987
2026-06-08T10:08:01.0000000Z;7.224;7.238;34000;5987
2026-06-08T10:08:02.0000000Z;7.224;7.238;34000;5987
2026-06-08T10:08:03.0000000Z;7.224;7.238;34000;5987
2026-06-08T10:08:04.0000000Z;7.224;7.238;34000;5987
2026-06-08T10:08:07.0000000Z;7.224;7.238;34000;5987
2026-06-08T10:08:08.0000000Z;7.224;7.238;34000;5987
2026-06-08T10:08:10.0000000Z;7.224;7.238;34000;5987
2026-06-08T10:08:18.0000000Z;7.224;7.238;34000;5987
2026-06-08T10:08:24.0000000Z;7.224;7.236;34000;3592
2026-06-08T10:08:29.0000000Z;7.224;7.237;34000;5987
2026-06-08T10:08:31.0000000Z;7.224;7.237;34000;5987
2026-06-08T10:08:32.0000000Z;7.224;7.236;34000;20422
2026-06-08T10:08:39.0000000Z;7.224;7.237;34000;34000
2026-06-08T10:08:40.0000000Z;7.224;7.237;34000;54422
2026-06-08T10:08:42.0000000Z;7.224;7.237;34000;20422
2026-06-08T10:08:44.0000000Z;7.224;7.237;34000;20422
2026-06-08T10:08:49.0000000Z;7.224;7.237;34000;20422
2026-06-08T10:08:50.0000000Z;7.224;7.237;34000;20422
2026-06-08T10:08:51.0000000Z;7.224;7.237;34000;20422
2026-06-08T10:08:53.0000000Z;7.224;7.237;34000;20422
2026-06-08T10:08:58.0000000Z;7.224;7.237;34000;20422
2026-06-08T10:09:08.0000000Z;7.224;7.237;34000;20422
2026-06-08T10:09:09.0000000Z;7.224;7.237;34000;5987
2026-06-08T10:09:10.0000000Z;7.224;7.237;34000;54422
2026-06-08T10:09:16.0000000Z;7.224;7.237;34000;5987
2026-06-08T10:09:18.0000000Z;7.224;7.237;34000;5987
2026-06-08T10:09:35.0000000Z;7.224;7.237;34000;56817
2026-06-08T10:09:42.0000000Z;7.224;7.237;34000;56817
2026-06-08T10:09:43.0000000Z;7.224;7.237;34000;56817
2026-06-08T10:09:47.0000000Z;7.224;7.237;34000;56817
2026-06-08T10:09:51.0000000Z;7.224;7.237;34000;56817
2026-06-08T10:09:52.0000000Z;7.224;7.237;34000;56817
2026-06-08T10:09:53.0000000Z;7.224;7.237;34000;56817
2026-06-08T10:09:54.0000000Z;7.224;7.237;34000;56817
2026-06-08T10:09:57.0000000Z;7.224;7.237;34000;56817
2026-06-08T10:10:00.0000000Z;7.224;7.237;34000;56817
2026-06-08T10:10:01.0000000Z;7.224;7.237;34000;56817
2026-06-08T10:10:04.0000000Z;7.224;7.237;34000;56817
2026-06-08T10:10:06.0000000Z;7.224;7.237;34000;56817
2026-06-08T10:10:07.0000000Z;7.224;7.237;2767;56817
2026-06-08T10:10:09.0000000Z;7.224;7.237;1107;56817
2026-06-08T10:10:11.0000000Z;7.224;7.237;1107;56817
2026-06-08T10:10:12.0000000Z;7.224;7.237;1107;56817
2026-06-08T10:10:13.0000000Z;7.224;7.234;1107;3592
2026-06-08T10:10:14.0000000Z;7.224;7.234;1107;3592
2026-06-08T10:10:15.0000000Z;7.224;7.234;2359;3592
2026-06-08T10:10:16.0000000Z;7.224;7.234;2359;3592
2026-06-08T10:10:19.0000000Z;7.224;7.234;2359;3592
2026-06-08T10:10:23.0000000Z;7.224;7.236;2359;3592
2026-06-08T10:10:26.0000000Z;7.224;7.235;2359;3456
2026-06-08T10:10:30.0000000Z;7.224;7.236;2359;54422
2026-06-08T10:10:37.0000000Z;7.224;7.236;2359;54422
2026-06-08T10:10:39.0000000Z;7.224;7.236;2359;54422
2026-06-08T10:10:41.0000000Z;7.224;7.236;2359;54422
2026-06-08T10:10:53.0000000Z;7.224;7.236;2359;54422
2026-06-08T10:10:55.0000000Z;7.224;7.236;2359;54422
2026-06-08T10:11:03.0000000Z;7.224;7.236;2359;54422
2026-06-08T10:11:07.0000000Z;7.224;7.236;2359;54422
2026-06-08T10:11:09.0000000Z;7.224;7.236;2359;54422
2026-06-08T10:11:20.0000000Z;7.224;7.236;2359;54422
2026-06-08T10:11:21.0000000Z;7.224;7.236;2359;3592
2026-06-08T10:11:22.0000000Z;7.224;7.236;2359;3592
2026-06-08T10:11:27.0000000Z;7.224;7.236;2359;3592
2026-06-08T10:11:28.0000000Z;7.224;7.236;2359;3592
2026-06-08T10:11:30.0000000Z;7.224;7.236;2359;3592
2026-06-08T10:11:32.0000000Z;7.224;7.236;2359;3592
2026-06-08T10:11:35.0000000Z;7.224;7.236;2359;3592
2026-06-08T10:11:38.0000000Z;7.224;7.236;2359;3592
2026-06-08T10:11:47.0000000Z;7.224;7.236;2359;3592
2026-06-08T10:11:48.0000000Z;7.224;7.236;2359;3592
2026-06-08T10:12:01.0000000Z;7.224;7.236;2359;3592
2026-06-08T10:12:03.0000000Z;7.224;7.236;2359;3592
2026-06-08T10:12:10.0000000Z;7.224;7.236;2359;3592
2026-06-08T10:12:11.0000000Z;7.224;7.238;2359;5987
2026-06-08T10:12:12.0000000Z;7.224;7.238;2359;5987
2026-06-08T10:12:13.0000000Z;7.224;7.237;2359;23877
2026-06-08T10:12:19.0000000Z;7.224;7.237;2359;20422
2026-06-08T10:12:20.0000000Z;7.224;7.237;2359;20422
2026-06-08T10:12:26.0000000Z;7.224;7.237;2359;20422
2026-06-08T10:12:28.0000000Z;7.224;7.237;2359;20422
2026-06-08T10:12:39.0000000Z;7.224;7.237;2359;20422
2026-06-08T10:12:42.0000000Z;7.224;7.237;2359;20422
2026-06-08T10:12:44.0000000Z;7.224;7.237;2359;20422
2026-06-08T10:12:46.0000000Z;7.224;7.237;2359;20418
2026-06-08T10:12:47.0000000Z;7.224;7.238;2359;34000
2026-06-08T10:12:48.0000000Z;7.224;7.238;2359;5987
2026-06-08T10:12:49.0000000Z;7.224;7.238;2359;5987
2026-06-08T10:12:51.0000000Z;7.224;7.238;2359;5987
2026-06-08T10:12:58.0000000Z;7.224;7.238;2359;5987
2026-06-08T10:13:00.0000000Z;7.224;7.238;2359;5987
2026-06-08T10:13:01.0000000Z;7.224;7.238;2359;5987
2026-06-08T10:13:17.0000000Z;7.224;7.238;2359;5987
2026-06-08T10:13:20.0000000Z;7.224;7.238;2359;5987
2026-06-08T10:13:22.0000000Z;7.224;7.235;2359;5987
2026-06-08T10:13:23.0000000Z;7.224;7.235;2359;54418
2026-06-08T10:13:28.0000000Z;7.224;7.235;2359;54418
2026-06-08T10:13:31.0000000Z;7.224;7.235;2359;54418
2026-06-08T10:13:36.0000000Z;7.224;7.235;2359;4107
2026-06-08T10:13:41.0000000Z;7.224;7.235;2359;4107
2026-06-08T10:13:45.0000000Z;7.224;7.235;2359;4107
2026-06-08T10:13:47.0000000Z;7.224;7.235;2359;4107
2026-06-08T10:13:56.0000000Z;7.224;7.235;2359;4107
2026-06-08T10:14:01.0000000Z;7.224;7.235;2359;4107
2026-06-08T10:14:03.0000000Z;7.224;7.235;2359;4107
2026-06-08T10:14:10.0000000Z;7.224;7.235;2359;4107
2026-06-08T10:14:12.0000000Z;7.224;7.235;2359;4107
2026-06-08T10:14:13.0000000Z;7.224;7.235;2359;56813
2026-06-08T10:14:14.0000000Z;7.224;7.235;2359;56813
2026-06-08T10:14:39.0000000Z;7.224;7.235;2359;56813
2026-06-08T10:14:40.0000000Z;7.224;7.235;2359;56813
2026-06-08T10:14:45.0000000Z;7.224;7.235;2359;54418
2026-06-08T10:14:54.0000000Z;7.224;7.235;34000;54418
2026-06-08T10:14:55.0000000Z;7.224;7.235;34000;54418
2026-06-08T10:14:57.0000000Z;7.224;7.235;34000;54418
2026-06-08T10:15:02.0000000Z;7.224;7.235;34000;54418
2026-06-08T10:15:04.0000000Z;7.224;7.235;34000;54418
2026-06-08T10:15:07.0000000Z;7.224;7.235;34000;54418
2026-06-08T10:15:17.0000000Z;7.224;7.235;34000;54418
2026-06-08T10:15:19.0000000Z;7.224;7.235;34000;54418
2026-06-08T10:15:21.0000000Z;7.224;7.235;34000;54418
2026-06-08T10:15:22.0000000Z;7.224;7.235;34000;54418
2026-06-08T10:15:23.0000000Z;7.224;7.235;34000;54418
2026-06-08T10:15:26.0000000Z;7.224;7.235;34000;54418
2026-06-08T10:15:29.0000000Z;7.224;7.235;34000;54418
2026-06-08T10:15:30.0000000Z;7.224;7.235;34000;54418
2026-06-08T10:15:31.0000000Z;7.224;7.235;34000;54418
2026-06-08T10:15:33.0000000Z;7.224;7.235;34000;54418
2026-06-08T10:15:34.0000000Z;7.224;7.235;34000;54418
2026-06-08T10:15:36.0000000Z;7.224;7.235;34000;56813
2026-06-08T10:15:38.0000000Z;7.224;7.235;34000;56813
2026-06-08T10:15:40.0000000Z;7.224;7.235;34000;56813
2026-06-08T10:15:41.0000000Z;7.224;7.235;34000;56813
2026-06-08T10:15:42.0000000Z;7.224;7.235;34000;56813
2026-06-08T10:15:44.0000000Z;7.224;7.235;34000;56813
2026-06-08T10:15:45.0000000Z;7.224;7.235;34000;56813
2026-06-08T10:15:46.0000000Z;7.224;7.235;34000;56813
2026-06-08T10:15:47.0000000Z;7.224;7.235;34000;56813
2026-06-08T10:15:48.0000000Z;7.224;7.235;34000;56813
2026-06-08T10:15:50.0000000Z;7.224;7.235;34000;56813
2026-06-08T10:15:52.0000000Z;7.224;7.235;34000;56813
2026-06-08T10:15:53.0000000Z;7.224;7.235;34000;56813
2026-06-08T10:15:54.0000000Z;7.224;7.235;34000;56813
2026-06-08T10:15:56.0000000Z;7.224;7.235;34000;56813
2026-06-08T10:15:58.0000000Z;7.224;7.235;34000;56813
2026-06-08T10:16:00.0000000Z;7.224;7.235;34000;56813
2026-06-08T10:16:02.0000000Z;7.224;7.235;34000;56813
2026-06-08T10:16:03.0000000Z;7.224;7.235;34000;56813
2026-06-08T10:16:04.0000000Z;7.224;7.235;34000;56813
2026-06-08T10:16:06.0000000Z;7.224;7.235;34000;56813
2026-06-08T10:16:08.0000000Z;7.224;7.235;34000;56813
2026-06-08T10:16:10.0000000Z;7.224;7.235;34000;56813
2026-06-08T10:16:16.0000000Z;7.224;7.234;34000;20416
2026-06-08T10:16:18.0000000Z;7.224;7.233;34000;20416
2026-06-08T10:16:19.0000000Z;7.224;7.233;34000;20416
2026-06-08T10:16:20.0000000Z;7.224;7.233;34000;20416
2026-06-08T10:16:21.0000000Z;7.224;7.233;34000;20416
2026-06-08T10:16:22.0000000Z;7.224;7.233;34000;20416
2026-06-08T10:16:23.0000000Z;7.224;7.233;34000;20416
2026-06-08T10:16:24.0000000Z;7.224;7.233;34000;20416
2026-06-08T10:16:25.0000000Z;7.224;7.233;34000;20416
2026-06-08T10:16:26.0000000Z;7.224;7.233;34000;20416
2026-06-08T10:16:30.0000000Z;7.224;7.233;1107;20416
2026-06-08T10:16:31.0000000Z;7.224;7.232;1107;5987
2026-06-08T10:16:33.0000000Z;7.224;7.232;1107;5987
2026-06-08T10:16:34.0000000Z;7.224;7.232;1107;5987
2026-06-08T10:16:35.0000000Z;7.224;7.232;1107;5987
2026-06-08T10:16:36.0000000Z;7.224;7.232;1107;5987
2026-06-08T10:16:37.0000000Z;7.224;7.232;1107;5987
2026-06-08T10:16:38.0000000Z;7.222;7.232;2767;5987
2026-06-08T10:16:39.0000000Z;7.222;7.231;2767;2395
2026-06-08T10:16:40.0000000Z;7.223;7.231;3462;54416
2026-06-08T10:16:41.0000000Z;7.222;7.23;1107;2642
2026-06-08T10:16:42.0000000Z;7.222;7.23;1107;2642
2026-06-08T10:16:44.0000000Z;7.222;7.23;1107;2642
2026-06-08T10:16:45.0000000Z;7.222;7.23;34000;2642
2026-06-08T10:16:46.0000000Z;7.222;7.23;1107;2642
2026-06-08T10:16:47.0000000Z;7.221;7.23;1662;2642
2026-06-08T10:16:48.0000000Z;7.221;7.23;1662;2642
2026-06-08T10:16:50.0000000Z;7.221;7.23;37463;2642
2026-06-08T10:16:51.0000000Z;7.221;7.231;1662;6607
2026-06-08T10:16:52.0000000Z;7.221;7.23;1662;20416
2026-06-08T10:16:55.0000000Z;7.22;7.23;2770;20416
2026-06-08T10:16:57.0000000Z;7.22;7.23;2770;20416
2026-06-08T10:16:58.0000000Z;7.22;7.23;34000;20416
2026-06-08T10:17:01.0000000Z;7.22;7.231;34000;9002
2026-06-08T10:17:04.0000000Z;7.22;7.231;34000;9002
2026-06-08T10:17:05.0000000Z;7.22;7.231;34000;9002
2026-06-08T10:17:07.0000000Z;7.22;7.231;34000;9002
2026-06-08T10:17:08.0000000Z;7.22;7.231;34000;9002
2026-06-08T10:17:09.0000000Z;7.22;7.231;34000;9002
2026-06-08T10:17:11.0000000Z;7.22;7.231;34000;9002
2026-06-08T10:17:12.0000000Z;7.22;7.231;34000;9002
2026-06-08T10:17:13.0000000Z;7.22;7.231;34000;9002
2026-06-08T10:17:14.0000000Z;7.22;7.231;34000;9002
2026-06-08T10:17:15.0000000Z;7.22;7.231;34000;9002
2026-06-08T10:17:16.0000000Z;7.22;7.231;34000;9002
2026-06-08T10:17:18.0000000Z;7.22;7.231;34000;9002
2026-06-08T10:17:25.0000000Z;7.22;7.231;34000;9002
2026-06-08T10:17:26.0000000Z;7.22;7.231;34000;9002
2026-06-08T10:17:27.0000000Z;7.22;7.231;34000;9002
2026-06-08T10:17:30.0000000Z;7.22;7.231;34000;9002
2026-06-08T10:17:32.0000000Z;7.22;7.231;34000;9002
2026-06-08T10:17:34.0000000Z;7.22;7.231;34000;9002
2026-06-08T10:17:36.0000000Z;7.22;7.231;34000;4533
2026-06-08T10:17:39.0000000Z;7.22;7.231;34000;4533
2026-06-08T10:17:40.0000000Z;7.22;7.231;34000;4533
2026-06-08T10:17:43.0000000Z;7.22;7.231;34000;4533
2026-06-08T10:17:45.0000000Z;7.22;7.231;34000;4533
2026-06-08T10:17:50.0000000Z;7.22;7.231;34000;4533
2026-06-08T10:17:53.0000000Z;7.22;7.231;34000;4533
2026-06-08T10:17:55.0000000Z;7.22;7.231;34000;4533
2026-06-08T10:17:56.0000000Z;7.22;7.231;34000;4533
2026-06-08T10:17:58.0000000Z;7.22;7.231;34000;4533
2026-06-08T10:18:01.0000000Z;7.22;7.231;34000;4533
2026-06-08T10:18:02.0000000Z;7.22;7.231;34000;4533
2026-06-08T10:18:07.0000000Z;7.22;7.231;34000;4533
2026-06-08T10:18:08.0000000Z;7.22;7.231;34000;4533
2026-06-08T10:18:09.0000000Z;7.22;7.231;34000;4533
2026-06-08T10:18:12.0000000Z;7.22;7.231;34000;4533
2026-06-08T10:18:13.0000000Z;7.22;7.231;34000;4533
2026-06-08T10:18:14.0000000Z;7.22;7.231;34000;4533
2026-06-08T10:18:26.0000000Z;7.22;7.231;34000;4533
2026-06-08T10:18:33.0000000Z;7.22;7.231;34000;4533
2026-06-08T10:18:52.0000000Z;7.213;7.233;1108;2395
2026-06-08T10:18:54.0000000Z;7.219;7.232;3464;3457
2026-06-08T10:18:55.0000000Z;7.211;7.232;3503;3457
2026-06-08T10:18:56.0000000Z;7.211;7.233;34000;56811
2026-06-08T10:19:00.0000000Z;7.211;7.233;34000;56811
2026-06-08T10:19:01.0000000Z;7.211;7.233;9443;56811
2026-06-08T10:19:02.0000000Z;7.211;7.233;9443;56811
2026-06-08T10:19:07.0000000Z;7.211;7.233;3503;56811
2026-06-08T10:19:08.0000000Z;7.211;7.233;3503;56811
2026-06-08T10:19:11.0000000Z;7.211;7.233;3503;56811
2026-06-08T10:19:18.0000000Z;7.211;7.233;3503;56811
2026-06-08T10:19:20.0000000Z;7.211;7.233;3503;56811
2026-06-08T10:19:23.0000000Z;7.211;7.232;54429;20429
2026-06-08T10:19:24.0000000Z;7.212;7.233;34000;54429
2026-06-08T10:19:25.0000000Z;7.212;7.233;34000;2395
2026-06-08T10:19:27.0000000Z;7.212;7.233;34000;2395
2026-06-08T10:19:28.0000000Z;7.212;7.233;34000;2395
2026-06-08T10:19:29.0000000Z;7.211;7.233;3503;56824
2026-06-08T10:19:31.0000000Z;7.211;7.233;37467;56824
2026-06-08T10:19:32.0000000Z;7.213;7.233;1108;56824
2026-06-08T10:19:33.0000000Z;7.215;7.233;1108;56824
2026-06-08T10:19:34.0000000Z;7.215;7.233;34000;56824
2026-06-08T10:19:35.0000000Z;7.221;7.232;1107;5987
2026-06-08T10:19:36.0000000Z;7.221;7.232;34000;5987
2026-06-08T10:19:38.0000000Z;7.221;7.232;2563;5987
2026-06-08T10:19:39.0000000Z;7.221;7.232;2563;5987
2026-06-08T10:19:40.0000000Z;7.221;7.232;2563;5987
2026-06-08T10:19:43.0000000Z;7.221;7.232;2563;5987
2026-06-08T10:19:44.0000000Z;7.221;7.232;2563;5987
2026-06-08T10:19:48.0000000Z;7.221;7.232;2563;5987
2026-06-08T10:19:49.0000000Z;7.221;7.232;2563;5987
2026-06-08T10:19:51.0000000Z;7.221;7.232;1107;5987
2026-06-08T10:19:52.0000000Z;7.215;7.232;1108;8608
2026-06-08T10:19:53.0000000Z;7.221;7.232;1107;8608
2026-06-08T10:19:55.0000000Z;7.219;7.232;2770;8608
2026-06-08T10:19:56.0000000Z;7.219;7.231;2770;2395
2026-06-08T10:19:57.0000000Z;7.22;7.23;3463;5987
2026-06-08T10:19:58.0000000Z;7.22;7.23;3463;5987
2026-06-08T10:19:59.0000000Z;7.219;7.23;34000;5987
2026-06-08T10:20:00.0000000Z;7.219;7.23;34000;5987
2026-06-08T10:20:06.0000000Z;7.219;7.23;34000;5987
2026-06-08T10:20:07.0000000Z;7.219;7.23;34000;5987
2026-06-08T10:20:08.0000000Z;7.219;7.23;34000;5987
2026-06-08T10:20:10.0000000Z;7.219;7.23;34000;5987
2026-06-08T10:20:18.0000000Z;7.219;7.23;34000;5987
2026-06-08T10:20:20.0000000Z;7.219;7.23;34000;5987
2026-06-08T10:20:22.0000000Z;7.219;7.23;34000;5987
2026-06-08T10:20:24.0000000Z;7.219;7.23;34000;5987
2026-06-08T10:20:26.0000000Z;7.219;7.23;34000;5987
2026-06-08T10:20:28.0000000Z;7.219;7.23;34000;5987
2026-06-08T10:20:30.0000000Z;7.219;7.23;34000;5987
2026-06-08T10:20:31.0000000Z;7.218;7.23;2770;5987
2026-06-08T10:20:32.0000000Z;7.218;7.23;2770;5987
2026-06-08T10:20:33.0000000Z;7.218;7.23;37464;5987
2026-06-08T10:20:34.0000000Z;7.218;7.23;34000;5987
2026-06-08T10:20:36.0000000Z;7.218;7.228;34000;3592
2026-06-08T10:20:37.0000000Z;7.218;7.228;34000;3592
2026-06-08T10:20:40.0000000Z;7.218;7.228;34000;3592
2026-06-08T10:20:41.0000000Z;7.218;7.228;34000;3592
2026-06-08T10:20:45.0000000Z;7.218;7.228;34000;3592
2026-06-08T10:20:55.0000000Z;7.218;7.228;34000;3592
2026-06-08T10:20:56.0000000Z;7.218;7.229;34000;3592
2026-06-08T10:20:57.0000000Z;7.218;7.228;34000;54429
2026-06-08T10:20:58.0000000Z;7.218;7.229;34000;3592
2026-06-08T10:20:59.0000000Z;7.218;7.228;34000;20429
2026-06-08T10:21:00.0000000Z;7.218;7.228;34000;20429
2026-06-08T10:21:02.0000000Z;7.218;7.229;34000;5987
2026-06-08T10:21:03.0000000Z;7.218;7.229;34000;5987
2026-06-08T10:21:11.0000000Z;7.218;7.229;34000;5987
2026-06-08T10:21:15.0000000Z;7.218;7.229;34000;5987
2026-06-08T10:21:17.0000000Z;7.218;7.229;34000;5987
2026-06-08T10:21:18.0000000Z;7.218;7.229;34000;5987
2026-06-08T10:21:19.0000000Z;7.218;7.229;34000;5987
2026-06-08T10:21:20.0000000Z;7.218;7.229;34000;5987
2026-06-08T10:21:21.0000000Z;7.218;7.229;34000;5987
2026-06-08T10:21:26.0000000Z;7.218;7.229;34000;5987
2026-06-08T10:21:28.0000000Z;7.218;7.229;34000;5987
2026-06-08T10:21:30.0000000Z;7.218;7.229;34000;5987
2026-06-08T10:21:31.0000000Z;7.218;7.229;34000;4617
2026-06-08T10:21:38.0000000Z;7.218;7.229;34000;4617
2026-06-08T10:21:40.0000000Z;7.218;7.229;34000;4617
2026-06-08T10:21:43.0000000Z;7.218;7.228;34000;20422
2026-06-08T10:21:44.0000000Z;7.218;7.229;34000;34000
2026-06-08T10:21:45.0000000Z;7.218;7.23;34000;5987
2026-06-08T10:21:47.0000000Z;7.218;7.229;34000;20422
2026-06-08T10:21:49.0000000Z;7.218;7.229;34000;20422
2026-06-08T10:22:00.0000000Z;7.218;7.229;34000;20422
2026-06-08T10:22:07.0000000Z;7.218;7.229;34000;20422
2026-06-08T10:22:13.0000000Z;7.218;7.229;34000;20422
2026-06-08T10:22:15.0000000Z;7.218;7.229;34000;20422
2026-06-08T10:22:18.0000000Z;7.218;7.229;34000;20422
2026-06-08T10:22:20.0000000Z;7.218;7.229;34000;20422
2026-06-08T10:22:22.0000000Z;7.218;7.229;34000;20422
2026-06-08T10:22:23.0000000Z;7.218;7.229;34000;20422
2026-06-08T10:22:24.0000000Z;7.218;7.229;34000;20422
2026-06-08T10:22:25.0000000Z;7.218;7.229;34000;20422
2026-06-08T10:22:35.0000000Z;7.218;7.229;34000;20422
2026-06-08T10:22:45.0000000Z;7.218;7.229;34000;20422
2026-06-08T10:22:46.0000000Z;7.219;7.23;1108;8608
2026-06-08T10:22:47.0000000Z;7.217;7.23;1108;8608
2026-06-08T10:22:48.0000000Z;7.217;7.227;2770;20425
2026-06-08T10:22:49.0000000Z;7.217;7.228;37465;6213
2026-06-08T10:22:50.0000000Z;7.216;7.228;1108;6213
2026-06-08T10:22:51.0000000Z;7.215;7.228;1108;6213
2026-06-08T10:22:52.0000000Z;7.217;7.228;1108;6213
2026-06-08T10:22:53.0000000Z;7.217;7.228;1108;6213
2026-06-08T10:22:55.0000000Z;7.217;7.228;1108;6213
2026-06-08T10:22:56.0000000Z;7.217;7.228;34000;6213
2026-06-08T10:22:58.0000000Z;7.217;7.228;1108;3592
2026-06-08T10:22:59.0000000Z;7.217;7.228;2548;3592
2026-06-08T10:23:00.0000000Z;7.217;7.228;2770;3592
2026-06-08T10:23:01.0000000Z;7.217;7.23;2770;8608
2026-06-08T10:23:02.0000000Z;7.217;7.228;2770;3931
2026-06-08T10:23:06.0000000Z;7.217;7.228;2770;3931
2026-06-08T10:23:08.0000000Z;7.217;7.228;2770;3931
2026-06-08T10:23:09.0000000Z;7.217;7.228;2770;3931
2026-06-08T10:23:10.0000000Z;7.217;7.228;2770;3931
2026-06-08T10:23:11.0000000Z;7.217;7.228;2770;3931
2026-06-08T10:23:12.0000000Z;7.217;7.228;2770;3931
2026-06-08T10:23:14.0000000Z;7.217;7.228;2770;3931
2026-06-08T10:23:15.0000000Z;7.217;7.228;2770;3931
2026-06-08T10:23:16.0000000Z;7.217;7.228;2770;3931
2026-06-08T10:23:17.0000000Z;7.217;7.228;2770;3931
2026-06-08T10:23:23.0000000Z;7.217;7.228;2770;3931
2026-06-08T10:23:30.0000000Z;7.217;7.228;2770;3931
2026-06-08T10:23:35.0000000Z;7.217;7.228;2770;3931
2026-06-08T10:23:50.0000000Z;7.217;7.228;2770;3931
2026-06-08T10:24:13.0000000Z;7.217;7.228;2770;3931
2026-06-08T10:24:14.0000000Z;7.217;7.228;2770;3592
2026-06-08T10:24:16.0000000Z;7.217;7.228;2770;3592
2026-06-08T10:24:25.0000000Z;7.217;7.228;2770;3592
2026-06-08T10:24:39.0000000Z;7.217;7.228;2770;3592
2026-06-08T10:24:41.0000000Z;7.217;7.228;2770;3592
2026-06-08T10:24:42.0000000Z;7.217;7.228;2770;3592
2026-06-08T10:24:43.0000000Z;7.217;7.228;2770;3592
2026-06-08T10:24:44.0000000Z;7.211;7.228;1108;3592
2026-06-08T10:24:45.0000000Z;7.217;7.228;1108;6213
2026-06-08T10:24:47.0000000Z;7.217;7.228;1108;6213
2026-06-08T10:24:48.0000000Z;7.217;7.228;1820;6213
2026-06-08T10:24:49.0000000Z;7.217;7.228;1108;6213
2026-06-08T10:24:50.0000000Z;7.217;7.228;1108;6213
2026-06-08T10:24:52.0000000Z;7.217;7.228;1936;6213
2026-06-08T10:24:54.0000000Z;7.217;7.228;1936;6213
2026-06-08T10:25:07.0000000Z;7.217;7.228;1936;6213
2026-06-08T10:25:10.0000000Z;7.217;7.228;1936;6213
2026-06-08T10:25:12.0000000Z;7.217;7.228;1936;3592
2026-06-08T10:25:15.0000000Z;7.217;7.228;1936;3592
2026-06-08T10:25:16.0000000Z;7.217;7.228;1936;3592
2026-06-08T10:25:17.0000000Z;7.217;7.228;1936;3592
2026-06-08T10:25:18.0000000Z;7.217;7.228;1936;3592
2026-06-08T10:25:19.0000000Z;7.217;7.228;1936;3592
2026-06-08T10:25:20.0000000Z;7.217;7.228;1936;3592
2026-06-08T10:25:21.0000000Z;7.217;7.228;1936;3592
2026-06-08T10:25:22.0000000Z;7.217;7.228;1936;3592
2026-06-08T10:25:24.0000000Z;7.217;7.229;1936;2395
2026-06-08T10:25:25.0000000Z;7.217;7.228;1936;3592
2026-06-08T10:25:30.0000000Z;7.211;7.228;1108;3592
2026-06-08T10:25:31.0000000Z;7.215;7.228;2770;6213
2026-06-08T10:25:32.0000000Z;7.215;7.228;34000;6213
2026-06-08T10:25:37.0000000Z;7.215;7.226;34000;3592
2026-06-08T10:25:38.0000000Z;7.215;7.225;34000;20425
2026-06-08T10:25:40.0000000Z;7.215;7.226;34000;3592
2026-06-08T10:25:41.0000000Z;7.215;7.226;34000;3592
2026-06-08T10:25:42.0000000Z;7.215;7.226;34000;3592
2026-06-08T10:25:46.0000000Z;7.215;7.226;34000;5987
2026-06-08T10:25:47.0000000Z;7.215;7.226;34000;3592
2026-06-08T10:25:53.0000000Z;7.215;7.226;34000;3592
2026-06-08T10:25:54.0000000Z;7.215;7.226;34000;3592
2026-06-08T10:25:57.0000000Z;7.215;7.226;34000;5987
2026-06-08T10:26:00.0000000Z;7.215;7.226;34000;5987
2026-06-08T10:26:01.0000000Z;7.214;7.226;2770;5987
2026-06-08T10:26:02.0000000Z;7.214;7.226;37466;5987
2026-06-08T10:26:03.0000000Z;7.214;7.226;37466;5987
2026-06-08T10:26:04.0000000Z;7.214;7.226;1662;5987
2026-06-08T10:26:05.0000000Z;7.214;7.226;2770;5987
2026-06-08T10:26:06.0000000Z;7.214;7.226;2770;5987
2026-06-08T10:26:09.0000000Z;7.214;7.226;34000;5987
2026-06-08T10:26:11.0000000Z;7.214;7.226;34000;5987
2026-06-08T10:26:12.0000000Z;7.215;7.226;2770;5987
2026-06-08T10:26:13.0000000Z;7.215;7.226;34000;5987
2026-06-08T10:26:14.0000000Z;7.215;7.226;1108;5987
2026-06-08T10:26:15.0000000Z;7.215;7.226;2770;5987
2026-06-08T10:26:16.0000000Z;7.215;7.226;2770;5987
2026-06-08T10:26:17.0000000Z;7.215;7.226;2770;5987
2026-06-08T10:26:18.0000000Z;7.215;7.226;2770;5987
2026-06-08T10:26:23.0000000Z;7.215;7.226;2770;5987
2026-06-08T10:26:24.0000000Z;7.215;7.226;2770;5987
2026-06-08T10:26:30.0000000Z;7.215;7.226;2770;5987
2026-06-08T10:26:33.0000000Z;7.215;7.226;2770;5987
2026-06-08T10:26:34.0000000Z;7.215;7.225;2770;20431
2026-06-08T10:26:35.0000000Z;7.215;7.226;2770;3592
2026-06-08T10:26:37.0000000Z;7.215;7.226;2770;3592
2026-06-08T10:26:38.0000000Z;7.215;7.226;2770;3592
2026-06-08T10:26:39.0000000Z;7.215;7.226;2770;3592
2026-06-08T10:26:40.0000000Z;7.215;7.226;2770;3592
2026-06-08T10:26:41.0000000Z;7.215;7.226;2770;3592
2026-06-08T10:26:42.0000000Z;7.215;7.226;2770;3592
2026-06-08T10:26:43.0000000Z;7.215;7.226;2770;3592
2026-06-08T10:26:45.0000000Z;7.215;7.226;2770;3592
2026-06-08T10:26:49.0000000Z;7.214;7.226;2770;3592
2026-06-08T10:26:50.0000000Z;7.214;7.226;37466;3592
2026-06-08T10:26:51.0000000Z;7.215;7.226;2770;3592
2026-06-08T10:26:52.0000000Z;7.215;7.226;2770;3592
2026-06-08T10:26:53.0000000Z;7.215;7.226;2770;3592
2026-06-08T10:26:54.0000000Z;7.215;7.226;2770;3592
2026-06-08T10:26:56.0000000Z;7.215;7.226;2770;3592
2026-06-08T10:26:59.0000000Z;7.215;7.226;2770;3592
2026-06-08T10:27:00.0000000Z;7.215;7.226;2770;3592
2026-06-08T10:27:01.0000000Z;7.215;7.226;2770;3592
2026-06-08T10:27:02.0000000Z;7.215;7.225;2770;20431
2026-06-08T10:27:03.0000000Z;7.215;7.225;2770;20431
2026-06-08T10:27:06.0000000Z;7.215;7.225;2770;20431
2026-06-08T10:27:08.0000000Z;7.215;7.225;2770;20431
2026-06-08T10:27:12.0000000Z;7.215;7.225;2770;20431
2026-06-08T10:27:14.0000000Z;7.215;7.225;2770;20431
2026-06-08T10:27:26.0000000Z;7.215;7.225;2770;20431
2026-06-08T10:27:31.0000000Z;7.215;7.225;2770;20431
2026-06-08T10:27:32.0000000Z;7.215;7.225;2770;20431
2026-06-08T10:27:36.0000000Z;7.215;7.225;2770;20431
2026-06-08T10:27:38.0000000Z;7.215;7.225;2770;20431
2026-06-08T10:27:39.0000000Z;7.215;7.225;2770;20431
2026-06-08T10:27:42.0000000Z;7.215;7.225;2770;20431
2026-06-08T10:27:44.0000000Z;7.215;7.225;2770;20431
2026-06-08T10:27:52.0000000Z;7.215;7.225;2770;20431
2026-06-08T10:28:05.0000000Z;7.215;7.225;2770;20431
2026-06-08T10:28:06.0000000Z;7.215;7.225;2770;20431
2026-06-08T10:28:09.0000000Z;7.215;7.225;2770;20431
2026-06-08T10:28:14.0000000Z;7.215;7.225;2770;20431
2026-06-08T10:28:15.0000000Z;7.215;7.225;2770;20431
2026-06-08T10:28:20.0000000Z;7.215;7.225;2770;20431
2026-06-08T10:28:21.0000000Z;7.215;7.225;2770;20431
2026-06-08T10:28:23.0000000Z;7.215;7.225;2770;20431
2026-06-08T10:28:38.0000000Z;7.215;7.225;2770;20431
2026-06-08T10:28:42.0000000Z;7.215;7.225;2770;20431
2026-06-08T10:28:43.0000000Z;7.215;7.225;2770;20431
2026-06-08T10:28:48.0000000Z;7.215;7.225;2770;20431
2026-06-08T10:29:03.0000000Z;7.215;7.225;2770;20431
2026-06-08T10:29:05.0000000Z;7.215;7.226;2770;34000
2026-06-08T10:29:06.0000000Z;7.215;7.228;2770;9121
2026-06-08T10:29:09.0000000Z;7.215;7.228;2770;6726
2026-06-08T10:29:10.0000000Z;7.215;7.227;2770;20431
2026-06-08T10:29:11.0000000Z;7.215;7.227;2770;20431
2026-06-08T10:29:16.0000000Z;7.215;7.229;2770;6694
2026-06-08T10:29:18.0000000Z;7.215;7.229;2770;6694
2026-06-08T10:29:19.0000000Z;7.215;7.228;2770;20431
2026-06-08T10:29:22.0000000Z;7.215;7.228;2770;20432
2026-06-08T10:29:23.0000000Z;7.215;7.228;2770;20432
2026-06-08T10:29:25.0000000Z;7.215;7.228;2770;20432
2026-06-08T10:29:26.0000000Z;7.215;7.228;2770;20432
2026-06-08T10:29:30.0000000Z;7.215;7.228;2770;20432
2026-06-08T10:29:31.0000000Z;7.215;7.228;2770;20432
2026-06-08T10:29:32.0000000Z;7.215;7.228;2770;20432
2026-06-08T10:29:40.0000000Z;7.215;7.228;2770;20432
2026-06-08T10:29:41.0000000Z;7.215;7.228;2770;20432
2026-06-08T10:29:44.0000000Z;7.215;7.228;2770;20432
2026-06-08T10:29:45.0000000Z;7.215;7.228;2770;20432
2026-06-08T10:29:46.0000000Z;7.215;7.228;2770;20432
2026-06-08T10:29:51.0000000Z;7.215;7.228;2770;20432
2026-06-08T10:29:56.0000000Z;7.215;7.228;2770;20432
2026-06-08T10:29:58.0000000Z;7.215;7.228;2770;20432
2026-06-08T10:30:16.0000000Z;7.215;7.228;2770;20432
2026-06-08T10:30:23.0000000Z;7.215;7.228;2770;20432
2026-06-08T10:30:24.0000000Z;7.215;7.229;2770;9315
2026-06-08T10:30:25.0000000Z;7.215;7.229;2770;9315
2026-06-08T10:30:28.0000000Z;7.215;7.229;2770;9315
2026-06-08T10:30:35.0000000Z;7.215;7.229;2770;6694
2026-06-08T10:30:36.0000000Z;7.215;7.229;2770;6694
2026-06-08T10:30:37.0000000Z;7.215;7.229;2770;6694
2026-06-08T10:30:48.0000000Z;7.215;7.229;2770;6694
2026-06-08T10:30:49.0000000Z;7.215;7.229;2770;6694
2026-06-08T10:30:57.0000000Z;7.215;7.229;2770;6694
2026-06-08T10:30:58.0000000Z;7.215;7.229;2770;6694
2026-06-08T10:31:07.0000000Z;7.215;7.229;2770;6694
2026-06-08T10:31:12.0000000Z;7.215;7.229;2770;6694
2026-06-08T10:31:13.0000000Z;7.215;7.229;2770;6694
2026-06-08T10:31:14.0000000Z;7.215;7.229;2770;6694
2026-06-08T10:31:24.0000000Z;7.215;7.229;2770;6694
2026-06-08T10:31:25.0000000Z;7.215;7.229;2770;6694
2026-06-08T10:31:27.0000000Z;7.215;7.229;2770;6694
2026-06-08T10:31:29.0000000Z;7.215;7.229;2770;6694
2026-06-08T10:31:32.0000000Z;7.215;7.229;2770;6694
2026-06-08T10:31:34.0000000Z;7.215;7.229;2770;9315
2026-06-08T10:31:35.0000000Z;7.215;7.229;2770;11710
2026-06-08T10:31:36.0000000Z;7.215;7.229;2770;11710
2026-06-08T10:31:37.0000000Z;7.215;7.229;2770;11710
2026-06-08T10:31:38.0000000Z;7.215;7.229;2770;11710
2026-06-08T10:31:39.0000000Z;7.215;7.229;2770;11710
2026-06-08T10:31:49.0000000Z;7.215;7.229;2770;36395
2026-06-08T10:31:50.0000000Z;7.215;7.228;2770;20429
2026-06-08T10:31:51.0000000Z;7.215;7.229;2770;9315
2026-06-08T10:31:52.0000000Z;7.215;7.229;2770;9315
2026-06-08T10:31:53.0000000Z;7.215;7.229;2770;9315
2026-06-08T10:31:54.0000000Z;7.215;7.229;2770;9315
2026-06-08T10:31:56.0000000Z;7.215;7.229;2770;9315
2026-06-08T10:32:03.0000000Z;7.215;7.229;2770;6694
2026-06-08T10:32:04.0000000Z;7.215;7.229;2770;6694
2026-06-08T10:32:05.0000000Z;7.215;7.229;2770;6694
2026-06-08T10:32:18.0000000Z;7.215;7.229;2770;6694
2026-06-08T10:32:19.0000000Z;7.215;7.229;2770;9315
2026-06-08T10:32:22.0000000Z;7.215;7.227;2770;3931
2026-06-08T10:32:23.0000000Z;7.215;7.227;2770;3931
2026-06-08T10:32:25.0000000Z;7.215;7.227;2770;3931
2026-06-08T10:32:29.0000000Z;7.215;7.227;2770;3931
2026-06-08T10:32:30.0000000Z;7.215;7.227;2770;3931
2026-06-08T10:32:31.0000000Z;7.215;7.227;2770;3931
2026-06-08T10:32:35.0000000Z;7.215;7.227;2770;6552
2026-06-08T10:32:36.0000000Z;7.215;7.227;2770;3931
2026-06-08T10:32:37.0000000Z;7.215;7.227;2770;3931
2026-06-08T10:32:40.0000000Z;7.215;7.227;2770;6552
2026-06-08T10:32:42.0000000Z;7.215;7.227;2770;6552
2026-06-08T10:32:54.0000000Z;7.215;7.227;2770;6552
2026-06-08T10:32:57.0000000Z;7.215;7.227;2770;6552
2026-06-08T10:32:58.0000000Z;7.215;7.227;2770;6552
2026-06-08T10:33:00.0000000Z;7.215;7.227;2770;6552
2026-06-08T10:33:02.0000000Z;7.215;7.227;2770;6552
2026-06-08T10:33:03.0000000Z;7.215;7.227;2770;3931
2026-06-08T10:33:09.0000000Z;7.215;7.227;2770;3931
2026-06-08T10:33:10.0000000Z;7.215;7.227;2770;3931
2026-06-08T10:33:11.0000000Z;7.215;7.227;2770;3931
2026-06-08T10:33:14.0000000Z;7.215;7.227;2770;3931
2026-06-08T10:33:15.0000000Z;7.215;7.229;2770;12890
2026-06-08T10:33:16.0000000Z;7.215;7.228;2770;23888
2026-06-08T10:33:17.0000000Z;7.215;7.229;2770;12890
2026-06-08T10:33:19.0000000Z;7.215;7.228;2770;20429
2026-06-08T10:33:24.0000000Z;7.215;7.229;2770;10269
2026-06-08T10:33:25.0000000Z;7.215;7.229;2770;10269
2026-06-08T10:33:30.0000000Z;7.215;7.229;2770;10269
2026-06-08T10:33:31.0000000Z;7.215;7.229;2770;2395
2026-06-08T10:33:32.0000000Z;7.215;7.228;2770;54429
2026-06-08T10:33:33.0000000Z;7.215;7.228;2770;54429
2026-06-08T10:33:34.0000000Z;7.215;7.228;2770;54429
2026-06-08T10:33:39.0000000Z;7.215;7.228;2770;54429
2026-06-08T10:33:42.0000000Z;7.215;7.228;2770;54429
2026-06-08T10:33:43.0000000Z;7.215;7.228;2770;54429
2026-06-08T10:33:44.0000000Z;7.215;7.228;2770;54429
2026-06-08T10:34:10.0000000Z;7.215;7.228;2770;54429
2026-06-08T10:34:11.0000000Z;7.215;7.228;2770;54429
2026-06-08T10:34:12.0000000Z;7.215;7.23;2770;12400
2026-06-08T10:34:13.0000000Z;7.215;7.23;1662;12400
2026-06-08T10:34:14.0000000Z;7.216;7.241;20429;3241
2026-06-08T10:34:15.0000000Z;7.216;7.24;2395;2395
2026-06-08T10:34:16.0000000Z;7.215;7.24;34000;2395
2026-06-08T10:34:17.0000000Z;7.217;7.238;3411;2395
2026-06-08T10:34:18.0000000Z;7.216;7.235;34000;12400
2026-06-08T10:34:19.0000000Z;7.216;7.235;34000;12400
2026-06-08T10:34:21.0000000Z;7.21;7.235;2395;12400
2026-06-08T10:34:22.0000000Z;7.217;7.235;34000;12400
2026-06-08T10:34:24.0000000Z;7.212;7.235;2395;12400
2026-06-08T10:34:25.0000000Z;7.212;7.235;2395;12400
2026-06-08T10:34:26.0000000Z;7.212;7.235;5016;12400
2026-06-08T10:34:27.0000000Z;7.212;7.235;5016;12400
2026-06-08T10:34:28.0000000Z;7.212;7.235;5016;12400
2026-06-08T10:34:29.0000000Z;7.212;7.235;2395;12400
2026-06-08T10:34:30.0000000Z;7.212;7.235;2395;12400
2026-06-08T10:34:31.0000000Z;7.212;7.252;5016;11036
2026-06-08T10:34:32.0000000Z;7.212;7.235;5016;34000
2026-06-08T10:34:33.0000000Z;7.214;7.248;2621;11036
2026-06-08T10:34:34.0000000Z;7.212;7.249;36395;11319
2026-06-08T10:34:35.0000000Z;7.216;7.249;9892;11319
2026-06-08T10:34:36.0000000Z;7.216;7.249;3952;11319
2026-06-08T10:34:37.0000000Z;7.216;7.244;3952;20429
2026-06-08T10:34:38.0000000Z;7.221;7.238;1107;2395
2026-06-08T10:34:39.0000000Z;7.221;7.238;2767;4181
2026-06-08T10:34:40.0000000Z;7.221;7.238;1107;4010
2026-06-08T10:34:41.0000000Z;7.221;7.238;2715;2395
2026-06-08T10:34:42.0000000Z;7.221;7.238;2715;2395
2026-06-08T10:34:43.0000000Z;7.221;7.238;2715;2395
2026-06-08T10:34:45.0000000Z;7.221;7.238;2715;2395
2026-06-08T10:34:46.0000000Z;7.221;7.238;2715;2395
2026-06-08T10:34:47.0000000Z;7.221;7.238;2715;2395
2026-06-08T10:34:48.0000000Z;7.221;7.247;2715;2395
2026-06-08T10:34:49.0000000Z;7.221;7.246;2715;3592
2026-06-08T10:34:50.0000000Z;7.221;7.238;2715;54429
2026-06-08T10:34:51.0000000Z;7.219;7.238;1108;20429
2026-06-08T10:34:52.0000000Z;7.219;7.238;1108;20429
2026-06-08T10:34:53.0000000Z;7.221;7.238;1107;20429
2026-06-08T10:34:54.0000000Z;7.221;7.239;34000;1817
2026-06-08T10:34:55.0000000Z;7.22;7.239;1662;1817
2026-06-08T10:34:56.0000000Z;7.22;7.245;1662;2395
2026-06-08T10:34:57.0000000Z;7.221;7.242;2208;5984
2026-06-08T10:34:58.0000000Z;7.221;7.241;1107;20429
2026-06-08T10:34:59.0000000Z;7.221;7.241;2756;20429
2026-06-08T10:35:00.0000000Z;7.221;7.241;1619;20429
2026-06-08T10:35:01.0000000Z;7.221;7.241;1619;20429
2026-06-08T10:35:02.0000000Z;7.221;7.241;1107;20429
2026-06-08T10:35:03.0000000Z;7.221;7.241;2166;20429
2026-06-08T10:35:04.0000000Z;7.221;7.241;1107;20429
2026-06-08T10:35:05.0000000Z;7.219;7.241;1108;20429
2026-06-08T10:35:06.0000000Z;7.219;7.241;1108;20429
2026-06-08T10:35:07.0000000Z;7.219;7.241;2770;20429
2026-06-08T10:35:08.0000000Z;7.219;7.24;2770;3497
2026-06-08T10:35:09.0000000Z;7.219;7.24;2770;3497
2026-06-08T10:35:10.0000000Z;7.22;7.24;3463;3497
2026-06-08T10:35:11.0000000Z;7.22;7.24;3463;3497
2026-06-08T10:35:12.0000000Z;7.22;7.239;3463;2621
2026-06-08T10:35:13.0000000Z;7.219;7.235;1108;4453
2026-06-08T10:35:14.0000000Z;7.219;7.235;1108;4453
2026-06-08T10:35:15.0000000Z;7.219;7.235;1108;1832
2026-06-08T10:35:16.0000000Z;7.219;7.235;1108;1832
2026-06-08T10:35:17.0000000Z;7.219;7.235;1108;1832
2026-06-08T10:35:18.0000000Z;7.219;7.235;1108;1832
2026-06-08T10:35:19.0000000Z;7.214;7.235;1108;1832
2026-06-08T10:35:20.0000000Z;7.218;7.237;2770;2697
2026-06-08T10:35:21.0000000Z;7.218;7.238;2770;4427
2026-06-08T10:35:22.0000000Z;7.218;7.238;34000;4427
2026-06-08T10:35:23.0000000Z;7.218;7.238;34000;4427
2026-06-08T10:35:24.0000000Z;7.218;7.237;2583;20429
2026-06-08T10:35:25.0000000Z;7.218;7.237;2770;20432
2026-06-08T10:35:26.0000000Z;7.218;7.237;2770;20432
2026-06-08T10:35:27.0000000Z;7.218;7.237;2770;20432
2026-06-08T10:35:28.0000000Z;7.218;7.237;2770;20432
2026-06-08T10:35:29.0000000Z;7.218;7.237;2770;20432
2026-06-08T10:35:32.0000000Z;7.218;7.237;2770;20432
2026-06-08T10:35:33.0000000Z;7.218;7.237;2770;20432
2026-06-08T10:35:34.0000000Z;7.218;7.237;2770;20432
2026-06-08T10:35:35.0000000Z;7.218;7.237;2770;20432
2026-06-08T10:35:36.0000000Z;7.218;7.237;2770;20432
2026-06-08T10:35:37.0000000Z;7.218;7.241;2770;3580
2026-06-08T10:35:38.0000000Z;7.218;7.239;2770;5757
2026-06-08T10:35:39.0000000Z;7.218;7.239;2770;5757
2026-06-08T10:35:40.0000000Z;7.218;7.238;2770;20432
2026-06-08T10:35:41.0000000Z;7.218;7.239;2770;5757
2026-06-08T10:35:42.0000000Z;7.218;7.239;2770;5757
2026-06-08T10:35:43.0000000Z;7.218;7.239;2770;8152
2026-06-08T10:35:44.0000000Z;7.22;7.239;1108;8152
2026-06-08T10:35:45.0000000Z;7.22;7.239;1108;8152
2026-06-08T10:35:46.0000000Z;7.22;7.239;1108;8152
2026-06-08T10:35:47.0000000Z;7.22;7.239;2675;8152
2026-06-08T10:35:48.0000000Z;7.219;7.239;1662;8152
2026-06-08T10:35:49.0000000Z;7.22;7.239;1108;8152
2026-06-08T10:35:50.0000000Z;7.22;7.239;2669;8152
2026-06-08T10:35:51.0000000Z;7.22;7.239;1108;8152
2026-06-08T10:35:52.0000000Z;7.22;7.239;2640;8152
2026-06-08T10:35:53.0000000Z;7.22;7.239;2640;8152
2026-06-08T10:35:54.0000000Z;7.22;7.239;2640;8152
2026-06-08T10:35:55.0000000Z;7.22;7.239;2685;8152
2026-06-08T10:35:56.0000000Z;7.22;7.239;2717;8152
2026-06-08T10:35:58.0000000Z;7.22;7.239;2717;8152
2026-06-08T10:35:59.0000000Z;7.22;7.239;1108;8152
2026-06-08T10:36:00.0000000Z;7.22;7.239;1108;8152
2026-06-08T10:36:01.0000000Z;7.22;7.239;2770;5531
2026-06-08T10:36:02.0000000Z;7.22;7.239;1108;5531
2026-06-08T10:36:03.0000000Z;7.22;7.239;1651;8152
2026-06-08T10:36:04.0000000Z;7.22;7.239;1721;8152
2026-06-08T10:36:06.0000000Z;7.22;7.239;1108;8152
2026-06-08T10:36:07.0000000Z;7.22;7.239;1108;8152
2026-06-08T10:36:08.0000000Z;7.22;7.239;1108;8152
2026-06-08T10:36:09.0000000Z;7.22;7.239;1108;8152
2026-06-08T10:36:10.0000000Z;7.22;7.239;1108;8152
2026-06-08T10:36:11.0000000Z;7.22;7.239;2668;8152
2026-06-08T10:36:12.0000000Z;7.22;7.239;2668;5531
2026-06-08T10:36:14.0000000Z;7.22;7.239;2668;5531
2026-06-08T10:36:15.0000000Z;7.22;7.241;1108;2395
2026-06-08T10:36:16.0000000Z;7.217;7.241;1108;2395
2026-06-08T10:36:17.0000000Z;7.217;7.241;7048;2395
2026-06-08T10:36:18.0000000Z;7.217;7.24;7048;3454
2026-06-08T10:36:19.0000000Z;7.217;7.24;1108;3454
2026-06-08T10:36:20.0000000Z;7.219;7.239;37464;2395
2026-06-08T10:36:21.0000000Z;7.221;7.238;2767;1713
2026-06-08T10:36:22.0000000Z;7.221;7.238;2767;1713
2026-06-08T10:36:23.0000000Z;7.218;7.238;1108;1713
2026-06-08T10:36:24.0000000Z;7.222;7.238;1107;1713
2026-06-08T10:36:25.0000000Z;7.222;7.238;34000;1713
2026-06-08T10:36:27.0000000Z;7.222;7.238;34000;1713
2026-06-08T10:36:28.0000000Z;7.222;7.238;34000;1713
2026-06-08T10:36:29.0000000Z;7.222;7.237;34000;2395
2026-06-08T10:36:30.0000000Z;7.222;7.237;2767;2395
2026-06-08T10:36:31.0000000Z;7.222;7.237;1107;2395
2026-06-08T10:36:32.0000000Z;7.222;7.237;2744;2395
2026-06-08T10:36:33.0000000Z;7.222;7.236;2606;5987
2026-06-08T10:36:34.0000000Z;7.222;7.236;2606;54432
2026-06-08T10:36:38.0000000Z;7.222;7.236;2606;54432
2026-06-08T10:36:39.0000000Z;7.222;7.236;2606;54432
2026-06-08T10:36:40.0000000Z;7.222;7.236;2606;54432
2026-06-08T10:36:41.0000000Z;7.222;7.236;2606;3592
2026-06-08T10:36:42.0000000Z;7.222;7.236;2606;3592
2026-06-08T10:36:43.0000000Z;7.222;7.238;2606;3592
2026-06-08T10:36:44.0000000Z;7.222;7.238;2606;3592
2026-06-08T10:36:45.0000000Z;7.222;7.238;2606;3592
2026-06-08T10:36:46.0000000Z;7.222;7.237;2606;23887
2026-06-08T10:36:47.0000000Z;7.222;7.237;2606;23887
2026-06-08T10:36:48.0000000Z;7.222;7.237;2606;23887
2026-06-08T10:36:52.0000000Z;7.222;7.238;2606;5987
2026-06-08T10:36:53.0000000Z;7.222;7.238;2606;5987
2026-06-08T10:36:56.0000000Z;7.222;7.237;2606;20432
2026-06-08T10:36:57.0000000Z;7.222;7.236;2606;3592
2026-06-08T10:37:01.0000000Z;7.222;7.236;2606;3592
2026-06-08T10:37:02.0000000Z;7.222;7.236;2606;3592
2026-06-08T10:37:05.0000000Z;7.222;7.236;2606;3592
2026-06-08T10:37:06.0000000Z;7.222;7.236;2606;3592
2026-06-08T10:37:07.0000000Z;7.222;7.236;2606;54432
2026-06-08T10:37:08.0000000Z;7.222;7.236;2606;54432
2026-06-08T10:37:10.0000000Z;7.222;7.236;2606;20432
2026-06-08T10:37:17.0000000Z;7.222;7.236;2606;20432
2026-06-08T10:37:25.0000000Z;7.222;7.236;2606;20432
2026-06-08T10:37:26.0000000Z;7.222;7.236;2606;20432
2026-06-08T10:37:27.0000000Z;7.222;7.236;2606;20432
2026-06-08T10:37:28.0000000Z;7.222;7.236;2606;20432
2026-06-08T10:37:29.0000000Z;7.222;7.236;2606;20432
2026-06-08T10:37:30.0000000Z;7.222;7.236;2606;20432
2026-06-08T10:37:31.0000000Z;7.222;7.236;2606;20432
2026-06-08T10:37:33.0000000Z;7.222;7.236;2606;20432
2026-06-08T10:37:34.0000000Z;7.222;7.236;2606;22827
2026-06-08T10:37:35.0000000Z;7.222;7.236;2606;22827
2026-06-08T10:37:36.0000000Z;7.222;7.235;2606;5987
2026-06-08T10:37:39.0000000Z;7.222;7.235;2606;5987
2026-06-08T10:37:40.0000000Z;7.222;7.235;2606;5987
2026-06-08T10:37:43.0000000Z;7.222;7.235;2606;5987
2026-06-08T10:37:44.0000000Z;7.222;7.235;2606;5987
2026-06-08T10:37:45.0000000Z;7.222;7.235;2606;5987
2026-06-08T10:37:46.0000000Z;7.222;7.235;2606;5987
2026-06-08T10:37:47.0000000Z;7.222;7.234;2606;20401
2026-06-08T10:37:49.0000000Z;7.222;7.236;2606;5987
2026-06-08T10:37:51.0000000Z;7.222;7.236;2606;54401
2026-06-08T10:37:53.0000000Z;7.222;7.236;2606;54401
2026-06-08T10:37:54.0000000Z;7.222;7.236;2606;54401
2026-06-08T10:37:55.0000000Z;7.222;7.236;2606;54401
2026-06-08T10:37:57.0000000Z;7.222;7.236;2606;54401
2026-06-08T10:37:58.0000000Z;7.222;7.236;2606;54401
2026-06-08T10:38:00.0000000Z;7.222;7.235;2606;3592
2026-06-08T10:38:01.0000000Z;7.222;7.234;2606;20401
2026-06-08T10:38:08.0000000Z;7.222;7.234;2606;20401
2026-06-08T10:38:09.0000000Z;7.222;7.234;2606;20401
2026-06-08T10:38:13.0000000Z;7.222;7.234;2606;20401
2026-06-08T10:38:15.0000000Z;7.222;7.235;2606;54401
2026-06-08T10:38:16.0000000Z;7.222;7.235;2606;3592
2026-06-08T10:38:19.0000000Z;7.222;7.235;2606;3592
2026-06-08T10:38:20.0000000Z;7.222;7.235;2606;3592
2026-06-08T10:38:21.0000000Z;7.222;7.235;2606;3592
2026-06-08T10:38:31.0000000Z;7.222;7.235;2606;3592
2026-06-08T10:38:35.0000000Z;7.222;7.235;2606;3592
2026-06-08T10:38:36.0000000Z;7.222;7.235;2606;3592
2026-06-08T10:38:42.0000000Z;7.222;7.235;2606;3592
2026-06-08T10:38:53.0000000Z;7.222;7.235;2606;2016
2026-06-08T10:38:54.0000000Z;7.222;7.236;2606;5987
2026-06-08T10:38:57.0000000Z;7.222;7.235;2606;20401
2026-06-08T10:39:03.0000000Z;7.222;7.235;2606;20401
2026-06-08T10:39:05.0000000Z;7.222;7.235;2606;20401
2026-06-08T10:39:07.0000000Z;7.222;7.235;2606;20401
2026-06-08T10:39:15.0000000Z;7.222;7.235;2606;20401
2026-06-08T10:39:16.0000000Z;7.222;7.235;2606;20401
2026-06-08T10:39:21.0000000Z;7.222;7.235;2606;20401
2026-06-08T10:39:53.0000000Z;7.222;7.235;2606;20401
2026-06-08T10:40:04.0000000Z;7.222;7.235;2606;20390
2026-06-08T10:40:05.0000000Z;7.222;7.235;2606;20390
2026-06-08T10:40:06.0000000Z;7.222;7.234;2606;20390
2026-06-08T10:40:07.0000000Z;7.222;7.234;2606;20390
2026-06-08T10:40:10.0000000Z;7.222;7.234;2606;20390
2026-06-08T10:40:11.0000000Z;7.222;7.234;2606;20390
2026-06-08T10:40:12.0000000Z;7.222;7.234;2606;20390
2026-06-08T10:40:13.0000000Z;7.222;7.234;2606;20390
2026-06-08T10:40:15.0000000Z;7.222;7.234;2606;20390
2026-06-08T10:40:16.0000000Z;7.222;7.234;2606;20390
2026-06-08T10:40:19.0000000Z;7.222;7.234;2606;20390
2026-06-08T10:40:21.0000000Z;7.222;7.234;2606;20390
2026-06-08T10:40:41.0000000Z;7.222;7.234;2606;20390
2026-06-08T10:40:55.0000000Z;7.222;7.234;2606;20396
2026-06-08T10:40:57.0000000Z;7.222;7.236;2606;3592
2026-06-08T10:40:59.0000000Z;7.222;7.235;2606;20396
2026-06-08T10:41:00.0000000Z;7.222;7.235;2606;20396
2026-06-08T10:41:01.0000000Z;7.222;7.235;2606;20396
2026-06-08T10:41:02.0000000Z;7.222;7.235;2606;20396
2026-06-08T10:41:03.0000000Z;7.222;7.235;2606;20396
2026-06-08T10:41:04.0000000Z;7.222;7.235;2606;20396
2026-06-08T10:41:08.0000000Z;7.222;7.235;2606;20396
2026-06-08T10:41:09.0000000Z;7.222;7.235;2606;20396
2026-06-08T10:41:20.0000000Z;7.222;7.235;2606;20396
2026-06-08T10:41:21.0000000Z;7.222;7.235;2606;20396
2026-06-08T10:41:31.0000000Z;7.222;7.235;2606;20396
2026-06-08T10:41:33.0000000Z;7.222;7.235;2606;20396
2026-06-08T10:41:39.0000000Z;7.222;7.235;2606;20396
2026-06-08T10:41:49.0000000Z;7.222;7.235;2606;20396
2026-06-08T10:41:50.0000000Z;7.222;7.235;2606;20396
2026-06-08T10:41:51.0000000Z;7.222;7.235;2606;20396
2026-06-08T10:41:54.0000000Z;7.222;7.235;2606;20396
2026-06-08T10:42:09.0000000Z;7.222;7.235;2606;20396
2026-06-08T10:42:16.0000000Z;7.222;7.235;2606;20396
2026-06-08T10:42:20.0000000Z;7.222;7.235;2606;20396
2026-06-08T10:42:22.0000000Z;7.222;7.235;2606;20396
2026-06-08T10:42:26.0000000Z;7.222;7.235;2606;20396
2026-06-08T10:42:28.0000000Z;7.222;7.235;2606;20396
2026-06-08T10:42:30.0000000Z;7.222;7.235;2606;20396
2026-06-08T10:42:39.0000000Z;7.222;7.235;2606;20396
2026-06-08T10:42:40.0000000Z;7.222;7.235;2606;20396
2026-06-08T10:42:57.0000000Z;7.222;7.235;2606;20396
2026-06-08T10:43:04.0000000Z;7.222;7.235;2606;20396
2026-06-08T10:43:05.0000000Z;7.222;7.235;2606;20396
2026-06-08T10:43:06.0000000Z;7.222;7.235;2606;20396
2026-06-08T10:43:11.0000000Z;7.222;7.235;2606;20396
2026-06-08T10:43:14.0000000Z;7.222;7.235;2606;20396
2026-06-08T10:43:32.0000000Z;7.222;7.235;2606;20396
2026-06-08T10:43:35.0000000Z;7.222;7.235;2606;20396
2026-06-08T10:43:39.0000000Z;7.222;7.235;2606;20396
2026-06-08T10:43:43.0000000Z;7.222;7.235;2606;20396
2026-06-08T10:43:51.0000000Z;7.222;7.235;2606;20398
2026-06-08T10:43:52.0000000Z;7.222;7.236;2606;34000
2026-06-08T10:43:53.0000000Z;7.222;7.236;2606;54398
2026-06-08T10:43:55.0000000Z;7.222;7.236;2606;20398
2026-06-08T10:43:57.0000000Z;7.222;7.236;2606;20398
2026-06-08T10:43:58.0000000Z;7.222;7.237;2606;5987
2026-06-08T10:44:03.0000000Z;7.222;7.237;2606;34000
2026-06-08T10:44:04.0000000Z;7.222;7.236;2606;20398
2026-06-08T10:44:05.0000000Z;7.222;7.237;2606;5987
2026-06-08T10:44:08.0000000Z;7.222;7.237;2606;5987
2026-06-08T10:44:10.0000000Z;7.222;7.237;2606;5987
2026-06-08T10:44:14.0000000Z;7.222;7.237;2606;5987
2026-06-08T10:44:28.0000000Z;7.222;7.237;2606;3592
2026-06-08T10:44:54.0000000Z;7.222;7.237;2606;3592
2026-06-08T10:44:57.0000000Z;7.222;7.237;2606;3592
2026-06-08T10:45:28.0000000Z;7.222;7.237;2606;5987
2026-06-08T10:45:32.0000000Z;7.222;7.237;2606;5987
2026-06-08T10:45:38.0000000Z;7.222;7.237;2606;5987
2026-06-08T10:45:39.0000000Z;7.222;7.237;2606;5987
2026-06-08T10:45:40.0000000Z;7.222;7.237;2606;5987
2026-06-08T10:45:44.0000000Z;7.222;7.237;2606;5987
2026-06-08T10:45:46.0000000Z;7.222;7.237;2606;5987
2026-06-08T10:45:47.0000000Z;7.222;7.237;2606;5987
2026-06-08T10:45:53.0000000Z;7.222;7.237;2606;5987
2026-06-08T10:45:54.0000000Z;7.222;7.237;2606;5987
2026-06-08T10:46:25.0000000Z;7.222;7.237;2606;5987
2026-06-08T10:46:26.0000000Z;7.222;7.237;2606;5987
2026-06-08T10:46:29.0000000Z;7.222;7.237;2606;5987
2026-06-08T10:46:30.0000000Z;7.222;7.237;2606;5987
2026-06-08T10:46:37.0000000Z;7.222;7.237;2606;5987
2026-06-08T10:46:38.0000000Z;7.222;7.234;2606;20398
2026-06-08T10:46:39.0000000Z;7.222;7.235;2606;5987
2026-06-08T10:46:40.0000000Z;7.222;7.235;2606;5987
2026-06-08T10:46:44.0000000Z;7.222;7.235;2606;5987
2026-06-08T10:46:46.0000000Z;7.222;7.235;2606;5987
2026-06-08T10:46:47.0000000Z;7.222;7.235;2606;5987
2026-06-08T10:46:49.0000000Z;7.222;7.236;2606;5987
2026-06-08T10:46:51.0000000Z;7.222;7.236;2606;5987
2026-06-08T10:46:52.0000000Z;7.222;7.235;2606;20391
2026-06-08T10:46:53.0000000Z;7.222;7.236;2606;3592
2026-06-08T10:46:54.0000000Z;7.222;7.236;2606;3592
2026-06-08T10:46:55.0000000Z;7.222;7.236;2606;3592
2026-06-08T10:46:56.0000000Z;7.222;7.236;2606;5987
2026-06-08T10:46:57.0000000Z;7.222;7.236;2606;5987
2026-06-08T10:46:58.0000000Z;7.222;7.236;2606;5987
2026-06-08T10:47:00.0000000Z;7.222;7.236;2606;5987
2026-06-08T10:47:02.0000000Z;7.222;7.236;2606;5987
2026-06-08T10:47:07.0000000Z;7.222;7.236;2606;5987
2026-06-08T10:47:08.0000000Z;7.222;7.236;2606;5987
2026-06-08T10:47:09.0000000Z;7.222;7.236;2606;5987
2026-06-08T10:47:11.0000000Z;7.222;7.234;2606;3592
2026-06-08T10:47:12.0000000Z;7.222;7.234;2606;3592
2026-06-08T10:47:16.0000000Z;7.221;7.234;2767;3592
2026-06-08T10:47:17.0000000Z;7.221;7.234;2767;3592
2026-06-08T10:47:18.0000000Z;7.221;7.234;37463;3592
2026-06-08T10:47:19.0000000Z;7.221;7.234;37463;3592
2026-06-08T10:47:20.0000000Z;7.221;7.234;34000;3592
2026-06-08T10:47:21.0000000Z;7.221;7.234;34000;3592
2026-06-08T10:47:22.0000000Z;7.221;7.234;34000;3592
2026-06-08T10:47:23.0000000Z;7.221;7.234;34000;3592
2026-06-08T10:47:25.0000000Z;7.221;7.234;34000;3592
2026-06-08T10:47:27.0000000Z;7.221;7.234;34000;3592
2026-06-08T10:47:29.0000000Z;7.221;7.234;34000;3592
2026-06-08T10:47:30.0000000Z;7.221;7.234;34000;3592
2026-06-08T10:47:31.0000000Z;7.221;7.234;34000;3592
2026-06-08T10:47:32.0000000Z;7.221;7.234;34000;3592
2026-06-08T10:47:33.0000000Z;7.221;7.234;34000;3592
2026-06-08T10:47:34.0000000Z;7.221;7.234;34000;3592
2026-06-08T10:47:36.0000000Z;7.221;7.234;34000;3592
2026-06-08T10:47:38.0000000Z;7.221;7.234;34000;3592
2026-06-08T10:47:39.0000000Z;7.221;7.234;34000;3592
2026-06-08T10:47:40.0000000Z;7.221;7.234;34000;3592
2026-06-08T10:47:41.0000000Z;7.221;7.234;34000;3592
2026-06-08T10:47:42.0000000Z;7.221;7.234;34000;3592
2026-06-08T10:47:44.0000000Z;7.221;7.234;34000;3592
2026-06-08T10:47:46.0000000Z;7.221;7.234;34000;3592
2026-06-08T10:47:56.0000000Z;7.221;7.234;34000;34000
2026-06-08T10:47:57.0000000Z;7.221;7.235;34000;5987
2026-06-08T10:47:58.0000000Z;7.221;7.234;34000;20391
2026-06-08T10:48:00.0000000Z;7.221;7.234;34000;20391
2026-06-08T10:48:02.0000000Z;7.221;7.234;34000;20391
2026-06-08T10:48:08.0000000Z;7.221;7.234;34000;20391
2026-06-08T10:48:09.0000000Z;7.221;7.234;34000;20391
2026-06-08T10:48:18.0000000Z;7.221;7.234;34000;20391
2026-06-08T10:48:23.0000000Z;7.221;7.234;34000;20391
2026-06-08T10:48:25.0000000Z;7.221;7.235;34000;3592
2026-06-08T10:48:27.0000000Z;7.221;7.235;34000;3592
2026-06-08T10:48:31.0000000Z;7.221;7.236;34000;3592
2026-06-08T10:48:34.0000000Z;7.221;7.236;34000;54391
2026-06-08T10:48:36.0000000Z;7.221;7.236;34000;54391
2026-06-08T10:48:38.0000000Z;7.221;7.236;34000;54391
2026-06-08T10:48:41.0000000Z;7.221;7.236;34000;56786
2026-06-08T10:48:51.0000000Z;7.221;7.236;34000;54391
2026-06-08T10:49:04.0000000Z;7.221;7.236;34000;54391
2026-06-08T10:49:06.0000000Z;7.221;7.236;34000;54391
2026-06-08T10:49:29.0000000Z;7.221;7.234;34000;3592
2026-06-08T10:49:30.0000000Z;7.221;7.234;34000;3592
2026-06-08T10:49:35.0000000Z;7.221;7.234;34000;3592
2026-06-08T10:49:38.0000000Z;7.221;7.234;34000;3592
2026-06-08T10:49:39.0000000Z;7.221;7.235;34000;3592
2026-06-08T10:49:40.0000000Z;7.221;7.234;34000;20391
2026-06-08T10:49:43.0000000Z;7.221;7.234;34000;20391
2026-06-08T10:49:44.0000000Z;7.221;7.234;34000;20391
2026-06-08T10:49:49.0000000Z;7.221;7.234;34000;20391
2026-06-08T10:49:57.0000000Z;7.221;7.234;34000;20391
2026-06-08T10:50:00.0000000Z;7.221;7.236;34000;5987
2026-06-08T10:50:01.0000000Z;7.221;7.236;34000;5987
2026-06-08T10:50:02.0000000Z;7.221;7.235;34000;20391
2026-06-08T10:50:05.0000000Z;7.221;7.235;34000;20391
2026-06-08T10:50:06.0000000Z;7.221;7.235;34000;20391
2026-06-08T10:50:07.0000000Z;7.221;7.235;34000;20391
2026-06-08T10:50:08.0000000Z;7.221;7.235;34000;20391
2026-06-08T10:50:09.0000000Z;7.221;7.235;34000;20391
2026-06-08T10:50:10.0000000Z;7.221;7.233;34000;20391
2026-06-08T10:50:11.0000000Z;7.221;7.234;34000;3592
2026-06-08T10:50:13.0000000Z;7.221;7.234;34000;3592
2026-06-08T10:50:14.0000000Z;7.221;7.234;34000;3592
2026-06-08T10:50:17.0000000Z;7.221;7.234;34000;5987
2026-06-08T10:50:18.0000000Z;7.221;7.233;34000;20402
2026-06-08T10:50:20.0000000Z;7.221;7.234;34000;5987
2026-06-08T10:50:21.0000000Z;7.221;7.233;34000;20402
2026-06-08T10:50:24.0000000Z;7.221;7.233;34000;20402
2026-06-08T10:50:25.0000000Z;7.221;7.234;34000;3592
2026-06-08T10:50:26.0000000Z;7.221;7.234;34000;3592
2026-06-08T10:50:28.0000000Z;7.221;7.234;34000;3592
2026-06-08T10:50:30.0000000Z;7.221;7.234;34000;3592
2026-06-08T10:50:31.0000000Z;7.221;7.234;34000;3592
2026-06-08T10:50:32.0000000Z;7.221;7.234;34000;3592
2026-06-08T10:50:33.0000000Z;7.221;7.234;34000;3592
2026-06-08T10:50:36.0000000Z;7.221;7.234;34000;3592
2026-06-08T10:50:38.0000000Z;7.221;7.234;34000;3592
2026-06-08T10:50:39.0000000Z;7.221;7.234;34000;3592
2026-06-08T10:50:40.0000000Z;7.221;7.234;34000;3592
2026-06-08T10:50:45.0000000Z;7.221;7.234;34000;3592
2026-06-08T10:50:46.0000000Z;7.221;7.234;34000;3592
2026-06-08T10:50:47.0000000Z;7.221;7.234;34000;3592
2026-06-08T10:50:53.0000000Z;7.221;7.234;34000;3592
2026-06-08T10:50:55.0000000Z;7.221;7.234;34000;3592
2026-06-08T10:50:57.0000000Z;7.221;7.234;34000;5987
2026-06-08T10:50:58.0000000Z;7.221;7.234;34000;5987
2026-06-08T10:50:59.0000000Z;7.221;7.234;34000;5987
2026-06-08T10:51:00.0000000Z;7.217;7.234;1108;3592
2026-06-08T10:51:01.0000000Z;7.217;7.234;1108;3592
2026-06-08T10:51:02.0000000Z;7.219;7.234;2770;3592
2026-06-08T10:51:03.0000000Z;7.219;7.234;2770;3592
2026-06-08T10:51:05.0000000Z;7.22;7.233;3463;22797
2026-06-08T10:51:06.0000000Z;7.219;7.232;1108;5987
2026-06-08T10:51:07.0000000Z;7.219;7.232;2770;5987
2026-06-08T10:51:09.0000000Z;7.219;7.232;2770;5987
2026-06-08T10:51:10.0000000Z;7.219;7.232;2770;5987
2026-06-08T10:51:11.0000000Z;7.219;7.232;2770;3592
2026-06-08T10:51:12.0000000Z;7.219;7.232;2770;5987
2026-06-08T10:51:13.0000000Z;7.219;7.232;2770;5987
2026-06-08T10:51:14.0000000Z;7.219;7.232;34000;5987
2026-06-08T10:51:18.0000000Z;7.219;7.232;34000;5987
2026-06-08T10:51:20.0000000Z;7.219;7.232;34000;5987
2026-06-08T10:51:23.0000000Z;7.219;7.232;34000;5987
2026-06-08T10:51:30.0000000Z;7.219;7.232;34000;5987
2026-06-08T10:51:32.0000000Z;7.219;7.232;34000;5987
2026-06-08T10:51:34.0000000Z;7.219;7.232;34000;5987
2026-06-08T10:51:36.0000000Z;7.219;7.232;34000;5987
2026-06-08T10:51:37.0000000Z;7.219;7.232;34000;3592
2026-06-08T10:51:38.0000000Z;7.219;7.232;34000;5987
2026-06-08T10:51:39.0000000Z;7.219;7.232;34000;5987
2026-06-08T10:51:40.0000000Z;7.219;7.232;34000;5987
2026-06-08T10:51:41.0000000Z;7.219;7.232;34000;5987
2026-06-08T10:51:43.0000000Z;7.219;7.232;34000;5987
2026-06-08T10:51:46.0000000Z;7.219;7.232;34000;5987
2026-06-08T10:51:47.0000000Z;7.219;7.232;34000;5987
2026-06-08T10:51:48.0000000Z;7.219;7.232;34000;5987
2026-06-08T10:51:51.0000000Z;7.219;7.232;34000;3592
2026-06-08T10:51:56.0000000Z;7.219;7.232;34000;3592
2026-06-08T10:51:57.0000000Z;7.219;7.232;34000;3592
2026-06-08T10:51:58.0000000Z;7.219;7.232;34000;3592
2026-06-08T10:52:03.0000000Z;7.219;7.232;34000;3592
2026-06-08T10:52:04.0000000Z;7.219;7.232;34000;992
2026-06-08T10:52:10.0000000Z;7.219;7.232;34000;992
2026-06-08T10:52:22.0000000Z;7.219;7.232;34000;992
2026-06-08T10:52:30.0000000Z;7.219;7.232;34000;992
2026-06-08T10:52:31.0000000Z;7.219;7.232;34000;992
2026-06-08T10:52:33.0000000Z;7.219;7.232;34000;992
2026-06-08T10:52:35.0000000Z;7.219;7.232;34000;992
2026-06-08T10:52:37.0000000Z;7.219;7.232;34000;992
2026-06-08T10:52:42.0000000Z;7.219;7.232;34000;34000
2026-06-08T10:52:43.0000000Z;7.219;7.231;34000;20407
2026-06-08T10:52:44.0000000Z;7.219;7.234;34000;5987
2026-06-08T10:52:45.0000000Z;7.219;7.233;34000;23864
2026-06-08T10:52:46.0000000Z;7.219;7.233;34000;23864
2026-06-08T10:52:48.0000000Z;7.219;7.233;34000;23864
2026-06-08T10:52:49.0000000Z;7.219;7.233;34000;20407
2026-06-08T10:52:50.0000000Z;7.219;7.233;34000;20407
2026-06-08T10:52:51.0000000Z;7.219;7.233;34000;20407
2026-06-08T10:52:52.0000000Z;7.219;7.233;34000;20407
2026-06-08T10:52:53.0000000Z;7.219;7.233;34000;20407
2026-06-08T10:52:54.0000000Z;7.219;7.233;34000;20407
2026-06-08T10:53:00.0000000Z;7.219;7.233;34000;20407
2026-06-08T10:53:01.0000000Z;7.219;7.233;34000;20407
2026-06-08T10:53:10.0000000Z;7.219;7.233;34000;20407
2026-06-08T10:53:14.0000000Z;7.219;7.233;34000;20407
2026-06-08T10:53:18.0000000Z;7.219;7.233;34000;20407
2026-06-08T10:53:19.0000000Z;7.219;7.233;34000;20407
2026-06-08T10:53:21.0000000Z;7.219;7.233;34000;20407
2026-06-08T10:53:23.0000000Z;7.219;7.233;34000;20407
2026-06-08T10:53:28.0000000Z;7.219;7.233;34000;20407
2026-06-08T10:53:29.0000000Z;7.219;7.233;34000;20407
2026-06-08T10:53:31.0000000Z;7.219;7.233;34000;20407
2026-06-08T10:53:33.0000000Z;7.219;7.233;34000;20407
2026-06-08T10:53:36.0000000Z;7.219;7.233;34000;20407
2026-06-08T10:53:41.0000000Z;7.219;7.233;34000;20407
2026-06-08T10:53:44.0000000Z;7.219;7.233;34000;20407
2026-06-08T10:53:46.0000000Z;7.219;7.233;34000;20407
2026-06-08T10:53:51.0000000Z;7.219;7.233;34000;20407
2026-06-08T10:53:54.0000000Z;7.219;7.233;34000;20407
2026-06-08T10:53:57.0000000Z;7.219;7.233;34000;20407
2026-06-08T10:53:58.0000000Z;7.219;7.233;34000;20407
2026-06-08T10:54:08.0000000Z;7.219;7.233;34000;20407
2026-06-08T10:54:10.0000000Z;7.219;7.233;34000;20407
2026-06-08T10:54:12.0000000Z;7.219;7.233;34000;20407
2026-06-08T10:54:20.0000000Z;7.219;7.233;34000;20407
2026-06-08T10:54:24.0000000Z;7.219;7.234;34000;8608
2026-06-08T10:54:25.0000000Z;7.219;7.229;34000;20407
2026-06-08T10:54:26.0000000Z;7.219;7.229;34000;20407
2026-06-08T10:54:27.0000000Z;7.219;7.229;34000;20407
2026-06-08T10:54:32.0000000Z;7.219;7.229;34000;20407
2026-06-08T10:54:33.0000000Z;7.219;7.229;34000;20407
2026-06-08T10:54:35.0000000Z;7.219;7.231;34000;3592
2026-06-08T10:54:37.0000000Z;7.219;7.23;34000;20407
2026-06-08T10:54:39.0000000Z;7.219;7.23;34000;20407
2026-06-08T10:54:42.0000000Z;7.219;7.23;34000;20407
2026-06-08T10:54:55.0000000Z;7.219;7.23;34000;20407
2026-06-08T10:55:01.0000000Z;7.219;7.23;34000;20407
2026-06-08T10:55:02.0000000Z;7.219;7.23;34000;20407
2026-06-08T10:55:06.0000000Z;7.219;7.23;34000;20407
2026-06-08T10:55:08.0000000Z;7.219;7.231;34000;5987
2026-06-08T10:55:31.0000000Z;7.219;7.231;34000;5987
2026-06-08T10:55:32.0000000Z;7.218;7.231;2770;5987
2026-06-08T10:55:34.0000000Z;7.218;7.231;2770;5987
2026-06-08T10:55:35.0000000Z;7.218;7.231;2770;5987
2026-06-08T10:55:36.0000000Z;7.218;7.231;37464;5987
2026-06-08T10:55:37.0000000Z;7.218;7.231;1108;5987
2026-06-08T10:55:38.0000000Z;7.219;7.231;2770;5987
2026-06-08T10:55:39.0000000Z;7.219;7.231;1108;5987
2026-06-08T10:55:40.0000000Z;7.219;7.231;1108;5987
2026-06-08T10:55:42.0000000Z;7.219;7.231;1858;5987
2026-06-08T10:55:44.0000000Z;7.219;7.231;2770;5987
2026-06-08T10:55:45.0000000Z;7.219;7.231;1108;5987
2026-06-08T10:55:46.0000000Z;7.219;7.231;2770;5987
2026-06-08T10:55:51.0000000Z;7.219;7.231;1108;5987
2026-06-08T10:55:52.0000000Z;7.219;7.231;1844;5987
2026-06-08T10:55:53.0000000Z;7.219;7.231;1108;5987
2026-06-08T10:55:54.0000000Z;7.219;7.231;34000;5987
2026-06-08T10:55:56.0000000Z;7.219;7.231;1108;5987
2026-06-08T10:55:57.0000000Z;7.219;7.231;1108;5987
2026-06-08T10:55:58.0000000Z;7.219;7.231;1108;5987
2026-06-08T10:56:01.0000000Z;7.219;7.231;1108;5987
2026-06-08T10:56:03.0000000Z;7.219;7.231;1108;5987
2026-06-08T10:56:04.0000000Z;7.219;7.231;1108;5987
2026-06-08T10:56:08.0000000Z;7.219;7.231;1108;5987
2026-06-08T10:56:09.0000000Z;7.219;7.231;1108;5687
2026-06-08T10:56:10.0000000Z;7.219;7.231;1108;5687
2026-06-08T10:56:11.0000000Z;7.219;7.231;1108;5687
2026-06-08T10:56:12.0000000Z;7.219;7.231;1108;5687
2026-06-08T10:56:13.0000000Z;7.219;7.231;1108;5687
2026-06-08T10:56:14.0000000Z;7.219;7.231;1108;5687
2026-06-08T10:56:16.0000000Z;7.215;7.231;1108;5687
2026-06-08T10:56:17.0000000Z;7.217;7.231;2770;5687
2026-06-08T10:56:18.0000000Z;7.218;7.231;3464;8308
2026-06-08T10:56:19.0000000Z;7.218;7.231;3464;8308
2026-06-08T10:56:20.0000000Z;7.218;7.229;3464;3592
2026-06-08T10:56:21.0000000Z;7.218;7.229;3464;3592
2026-06-08T10:56:22.0000000Z;7.217;7.229;34000;3592
2026-06-08T10:56:24.0000000Z;7.217;7.229;34000;3592
2026-06-08T10:56:26.0000000Z;7.217;7.229;34000;3592
2026-06-08T10:56:28.0000000Z;7.217;7.229;34000;3592
2026-06-08T10:56:29.0000000Z;7.217;7.228;34000;20408
2026-06-08T10:56:30.0000000Z;7.217;7.229;34000;54408
2026-06-08T10:56:31.0000000Z;7.217;7.23;34000;9919
2026-06-08T10:56:32.0000000Z;7.217;7.23;34000;12540
2026-06-08T10:56:34.0000000Z;7.217;7.23;34000;9919
2026-06-08T10:56:35.0000000Z;7.217;7.23;34000;9919
2026-06-08T10:56:38.0000000Z;7.217;7.23;34000;9919
2026-06-08T10:56:40.0000000Z;7.217;7.23;1108;9919
2026-06-08T10:56:41.0000000Z;7.217;7.23;2770;9919
2026-06-08T10:56:42.0000000Z;7.217;7.23;2770;9919
2026-06-08T10:56:43.0000000Z;7.217;7.228;2770;3592
2026-06-08T10:56:44.0000000Z;7.217;7.228;1902;3592
2026-06-08T10:56:45.0000000Z;7.217;7.228;1902;3592
2026-06-08T10:56:46.0000000Z;7.217;7.228;1108;3592
2026-06-08T10:56:47.0000000Z;7.217;7.228;1108;3592
2026-06-08T10:56:48.0000000Z;7.217;7.228;2770;3592
2026-06-08T10:56:49.0000000Z;7.217;7.228;2770;3592
2026-06-08T10:56:50.0000000Z;7.217;7.228;2770;3592
2026-06-08T10:56:51.0000000Z;7.217;7.228;2770;3592
2026-06-08T10:56:52.0000000Z;7.217;7.228;2770;3592
2026-06-08T10:56:57.0000000Z;7.217;7.228;2770;3592
2026-06-08T10:56:59.0000000Z;7.217;7.228;2770;3592
2026-06-08T10:57:00.0000000Z;7.217;7.228;2770;3592
2026-06-08T10:57:01.0000000Z;7.217;7.228;1108;3592
2026-06-08T10:57:02.0000000Z;7.217;7.228;2770;3592
2026-06-08T10:57:03.0000000Z;7.217;7.229;2770;7524
2026-06-08T10:57:04.0000000Z;7.218;7.228;1108;20408
2026-06-08T10:57:05.0000000Z;7.217;7.228;1108;20408
2026-06-08T10:57:06.0000000Z;7.217;7.228;1108;20408
2026-06-08T10:57:07.0000000Z;7.217;7.228;2770;20408
2026-06-08T10:57:08.0000000Z;7.217;7.228;34000;20408
2026-06-08T10:57:09.0000000Z;7.217;7.228;34000;20408
2026-06-08T10:57:16.0000000Z;7.217;7.228;34000;20408
2026-06-08T10:57:25.0000000Z;7.217;7.228;34000;20408
2026-06-08T10:57:37.0000000Z;7.217;7.229;34000;34000
2026-06-08T10:57:38.0000000Z;7.217;7.228;34000;20408
2026-06-08T10:57:40.0000000Z;7.217;7.228;34000;20408
2026-06-08T10:57:41.0000000Z;7.217;7.229;34000;5987
2026-06-08T10:57:42.0000000Z;7.217;7.229;34000;5987
2026-06-08T10:57:44.0000000Z;7.217;7.229;34000;5987
2026-06-08T10:57:51.0000000Z;7.217;7.229;34000;3592
2026-06-08T10:57:52.0000000Z;7.217;7.229;34000;3592
2026-06-08T10:57:54.0000000Z;7.217;7.229;34000;3592
2026-06-08T10:58:01.0000000Z;7.217;7.229;34000;3592
2026-06-08T10:58:07.0000000Z;7.217;7.229;34000;3592
2026-06-08T10:58:14.0000000Z;7.217;7.229;34000;3592
2026-06-08T10:58:18.0000000Z;7.217;7.229;34000;3592
2026-06-08T10:58:20.0000000Z;7.217;7.229;34000;3592
2026-06-08T10:58:22.0000000Z;7.217;7.229;34000;3592
2026-06-08T10:58:23.0000000Z;7.217;7.229;34000;3592
2026-06-08T10:58:53.0000000Z;7.217;7.229;34000;3592
2026-06-08T10:59:12.0000000Z;7.217;7.229;34000;3592
2026-06-08T10:59:13.0000000Z;7.217;7.229;34000;3592
2026-06-08T10:59:16.0000000Z;7.217;7.229;34000;3592
2026-06-08T10:59:20.0000000Z;7.217;7.229;34000;3592
2026-06-08T10:59:21.0000000Z;7.217;7.229;34000;3592
2026-06-08T10:59:26.0000000Z;7.217;7.229;34000;3592
2026-06-08T10:59:29.0000000Z;7.217;7.229;34000;3592
2026-06-08T10:59:33.0000000Z;7.217;7.229;34000;34000
2026-06-08T10:59:34.0000000Z;7.217;7.23;34000;5987
2026-06-08T10:59:36.0000000Z;7.217;7.23;34000;5987
2026-06-08T10:59:37.0000000Z;7.217;7.229;34000;20408
2026-06-08T10:59:39.0000000Z;7.217;7.229;34000;20408
2026-06-08T10:59:45.0000000Z;7.217;7.229;34000;20417
2026-06-08T10:59:47.0000000Z;7.217;7.234;34000;8608
2026-06-08T10:59:48.0000000Z;7.217;7.232;34000;3592
2026-06-08T10:59:49.0000000Z;7.217;7.231;34000;23875
2026-06-08T10:59:50.0000000Z;7.217;7.231;34000;23875
2026-06-08T10:59:52.0000000Z;7.217;7.231;34000;23875
2026-06-08T10:59:54.0000000Z;7.217;7.231;34000;20417
2026-06-08T10:59:56.0000000Z;7.217;7.231;34000;20417
2026-06-08T10:59:58.0000000Z;7.217;7.231;34000;20417
2026-06-08T11:00:00.0000000Z;7.217;7.231;34000;20417
2026-06-08T11:00:03.0000000Z;7.217;7.231;34000;20417
2026-06-08T11:00:04.0000000Z;7.217;7.232;34000;8608
2026-06-08T11:00:06.0000000Z;7.217;7.232;34000;6213
2026-06-08T11:00:07.0000000Z;7.217;7.23;34000;5987
2026-06-08T11:00:08.0000000Z;7.217;7.23;34000;5987
2026-06-08T11:00:18.0000000Z;7.217;7.23;34000;5987
2026-06-08T11:00:21.0000000Z;7.217;7.23;34000;5987
2026-06-08T11:00:23.0000000Z;7.217;7.23;34000;8608
2026-06-08T11:00:28.0000000Z;7.217;7.23;34000;8608
2026-06-08T11:00:33.0000000Z;7.217;7.23;34000;8608
2026-06-08T11:00:39.0000000Z;7.217;7.23;1108;8608
2026-06-08T11:00:41.0000000Z;7.217;7.23;1825;8608
2026-06-08T11:00:42.0000000Z;7.217;7.23;1108;8608
2026-06-08T11:00:43.0000000Z;7.217;7.23;2770;8608
2026-06-08T11:00:44.0000000Z;7.217;7.23;1108;8608
2026-06-08T11:00:46.0000000Z;7.217;7.23;1108;8608
2026-06-08T11:00:48.0000000Z;7.217;7.228;1108;3931
2026-06-08T11:00:49.0000000Z;7.215;7.228;5165;3931
2026-06-08T11:00:50.0000000Z;7.215;7.228;5165;3931
2026-06-08T11:00:51.0000000Z;7.215;7.228;3503;6552
2026-06-08T11:00:52.0000000Z;7.215;7.227;6810;2395
2026-06-08T11:00:53.0000000Z;7.215;7.226;6810;3592
2026-06-08T11:00:54.0000000Z;7.215;7.226;4415;3592
2026-06-08T11:00:55.0000000Z;7.215;7.226;6810;3592
2026-06-08T11:00:57.0000000Z;7.215;7.226;34000;3592
2026-06-08T11:00:58.0000000Z;7.215;7.226;34000;3592
2026-06-08T11:01:00.0000000Z;7.215;7.226;1108;3592
2026-06-08T11:01:01.0000000Z;7.215;7.226;3503;3592
2026-06-08T11:01:02.0000000Z;7.215;7.226;4237;3592
2026-06-08T11:01:03.0000000Z;7.215;7.226;4299;3592
2026-06-08T11:01:04.0000000Z;7.215;7.226;4299;3592
2026-06-08T11:01:05.0000000Z;7.215;7.226;4299;3592
2026-06-08T11:01:06.0000000Z;7.215;7.226;4531;3592
2026-06-08T11:01:07.0000000Z;7.215;7.226;4367;3592
2026-06-08T11:01:08.0000000Z;7.215;7.226;4367;3592
2026-06-08T11:01:11.0000000Z;7.215;7.226;4367;3592
2026-06-08T11:01:12.0000000Z;7.215;7.226;3503;3592
2026-06-08T11:01:14.0000000Z;7.215;7.226;3503;3592
2026-06-08T11:01:17.0000000Z;7.215;7.226;1108;3592
2026-06-08T11:01:18.0000000Z;7.215;7.226;3503;3592
2026-06-08T11:01:22.0000000Z;7.215;7.226;3503;3592
2026-06-08T11:01:23.0000000Z;7.215;7.226;1108;3592
2026-06-08T11:01:27.0000000Z;7.215;7.226;1108;3592
2026-06-08T11:01:32.0000000Z;7.215;7.226;1108;3592
2026-06-08T11:01:33.0000000Z;7.215;7.226;1108;3592
2026-06-08T11:01:34.0000000Z;7.215;7.226;1108;3592
2026-06-08T11:01:35.0000000Z;7.215;7.226;1108;3592
2026-06-08T11:01:36.0000000Z;7.215;7.226;1108;3592
2026-06-08T11:01:40.0000000Z;7.215;7.226;1108;3592
2026-06-08T11:01:41.0000000Z;7.215;7.226;1108;3592
2026-06-08T11:01:45.0000000Z;7.215;7.226;1108;3592
2026-06-08T11:01:49.0000000Z;7.215;7.226;1108;3592
2026-06-08T11:01:51.0000000Z;7.215;7.226;1108;3592
2026-06-08T11:01:52.0000000Z;7.215;7.226;1108;6213
2026-06-08T11:01:53.0000000Z;7.215;7.226;1108;6213
2026-06-08T11:01:54.0000000Z;7.214;7.221;1108;4450
2026-06-08T11:01:55.0000000Z;7.214;7.221;1108;54417
2026-06-08T11:01:56.0000000Z;7.214;7.221;1108;6596
2026-06-08T11:01:57.0000000Z;7.214;7.221;37466;4450
2026-06-08T11:01:58.0000000Z;7.214;7.221;1108;4450
2026-06-08T11:02:01.0000000Z;7.214;7.221;34000;4450
2026-06-08T11:02:02.0000000Z;7.212;7.221;2770;8351
2026-06-08T11:02:03.0000000Z;7.213;7.221;3466;8351
2026-06-08T11:02:04.0000000Z;7.213;7.221;3466;8351
2026-06-08T11:02:08.0000000Z;7.212;7.221;34000;8351
2026-06-08T11:02:09.0000000Z;7.212;7.221;34000;8351
2026-06-08T11:02:12.0000000Z;7.212;7.221;34000;8351
2026-06-08T11:02:14.0000000Z;7.212;7.221;34000;8351
2026-06-08T11:02:15.0000000Z;7.212;7.221;34000;8351
2026-06-08T11:02:17.0000000Z;7.212;7.221;34000;4450
2026-06-08T11:02:18.0000000Z;7.212;7.221;34000;7900
2026-06-08T11:02:19.0000000Z;7.212;7.221;34000;7900
2026-06-08T11:02:20.0000000Z;7.212;7.221;34000;7900
2026-06-08T11:02:22.0000000Z;7.212;7.221;34000;4450
2026-06-08T11:02:23.0000000Z;7.212;7.221;34000;4450
2026-06-08T11:02:30.0000000Z;7.212;7.221;34000;4450
2026-06-08T11:02:31.0000000Z;7.212;7.221;34000;6942
2026-06-08T11:02:32.0000000Z;7.212;7.221;34000;4450
2026-06-08T11:02:33.0000000Z;7.212;7.221;34000;4450
2026-06-08T11:02:36.0000000Z;7.212;7.221;34000;5276
2026-06-08T11:02:40.0000000Z;7.212;7.221;34000;8264
2026-06-08T11:02:44.0000000Z;7.212;7.221;34000;8264
2026-06-08T11:02:51.0000000Z;7.212;7.221;34000;5231
2026-06-08T11:03:01.0000000Z;7.212;7.221;34000;4450
2026-06-08T11:03:03.0000000Z;7.212;7.221;34000;4450
2026-06-08T11:03:07.0000000Z;7.212;7.221;34000;4450
2026-06-08T11:03:12.0000000Z;7.212;7.221;34000;4450
2026-06-08T11:03:13.0000000Z;7.212;7.221;34000;4450
2026-06-08T11:03:14.0000000Z;7.212;7.221;34000;4450
2026-06-08T11:03:27.0000000Z;7.212;7.221;34000;4450
2026-06-08T11:03:28.0000000Z;7.212;7.221;34000;4450
2026-06-08T11:03:29.0000000Z;7.212;7.221;34000;54417
2026-06-08T11:03:31.0000000Z;7.212;7.221;34000;54417
2026-06-08T11:03:32.0000000Z;7.212;7.221;34000;54417
2026-06-08T11:03:33.0000000Z;7.212;7.221;34000;54417
2026-06-08T11:03:34.0000000Z;7.212;7.221;34000;54417
2026-06-08T11:03:35.0000000Z;7.212;7.221;34000;54417
2026-06-08T11:03:38.0000000Z;7.212;7.221;34000;54417
2026-06-08T11:03:42.0000000Z;7.212;7.221;34000;54417
2026-06-08T11:03:43.0000000Z;7.212;7.221;34000;54417
2026-06-08T11:03:44.0000000Z;7.212;7.221;34000;54417
2026-06-08T11:03:49.0000000Z;7.212;7.221;34000;54417
2026-06-08T11:03:50.0000000Z;7.212;7.221;34000;54417
2026-06-08T11:03:52.0000000Z;7.212;7.221;34000;54417
2026-06-08T11:03:53.0000000Z;7.212;7.221;34000;54417
2026-06-08T11:03:54.0000000Z;7.212;7.221;34000;54417
2026-06-08T11:03:55.0000000Z;7.212;7.221;34000;54417
2026-06-08T11:03:57.0000000Z;7.212;7.221;34000;54417
2026-06-08T11:03:59.0000000Z;7.212;7.221;34000;54417
2026-06-08T11:04:04.0000000Z;7.212;7.221;34000;54417
2026-06-08T11:04:09.0000000Z;7.212;7.221;34000;54417
2026-06-08T11:04:11.0000000Z;7.212;7.221;34000;54417
2026-06-08T11:04:14.0000000Z;7.212;7.221;34000;54417
2026-06-08T11:04:16.0000000Z;7.212;7.221;34000;54417
2026-06-08T11:04:18.0000000Z;7.212;7.221;34000;54417
2026-06-08T11:04:19.0000000Z;7.212;7.221;34000;54417
2026-06-08T11:04:20.0000000Z;7.212;7.221;34000;54417
2026-06-08T11:04:21.0000000Z;7.212;7.221;34000;54417
2026-06-08T11:04:22.0000000Z;7.212;7.223;34000;4450
2026-06-08T11:04:23.0000000Z;7.212;7.223;34000;4450
2026-06-08T11:04:24.0000000Z;7.212;7.222;34000;23897
2026-06-08T11:04:26.0000000Z;7.212;7.222;34000;23897
2026-06-08T11:04:29.0000000Z;7.212;7.222;34000;20435
2026-06-08T11:04:30.0000000Z;7.212;7.222;34000;20435
2026-06-08T11:04:48.0000000Z;7.212;7.222;34000;20435
2026-06-08T11:04:50.0000000Z;7.212;7.222;34000;20435
2026-06-08T11:04:59.0000000Z;7.212;7.222;34000;20435
2026-06-08T11:05:04.0000000Z;7.212;7.222;34000;20435
2026-06-08T11:05:07.0000000Z;7.212;7.222;34000;20435
2026-06-08T11:05:08.0000000Z;7.212;7.226;34000;4450
2026-06-08T11:05:10.0000000Z;7.212;7.224;34000;3461
2026-06-08T11:05:13.0000000Z;7.212;7.224;34000;3461
2026-06-08T11:05:14.0000000Z;7.212;7.225;34000;20435
2026-06-08T11:05:17.0000000Z;7.212;7.226;34000;7569
2026-06-08T11:05:18.0000000Z;7.212;7.226;34000;7114
2026-06-08T11:05:19.0000000Z;7.212;7.226;34000;4450
2026-06-08T11:05:20.0000000Z;7.212;7.23;34000;12400
2026-06-08T11:05:21.0000000Z;7.212;7.229;34000;5922
2026-06-08T11:05:22.0000000Z;7.212;7.229;34000;5922
2026-06-08T11:05:24.0000000Z;7.212;7.227;34000;3460
2026-06-08T11:05:26.0000000Z;7.212;7.226;34000;7920
2026-06-08T11:05:27.0000000Z;7.212;7.226;34000;7920
2026-06-08T11:05:28.0000000Z;7.212;7.226;34000;7920
2026-06-08T11:05:29.0000000Z;7.212;7.226;34000;4450
2026-06-08T11:05:30.0000000Z;7.212;7.226;34000;4450
2026-06-08T11:05:40.0000000Z;7.212;7.226;34000;8288
2026-06-08T11:05:41.0000000Z;7.212;7.226;34000;7988
2026-06-08T11:05:42.0000000Z;7.212;7.226;34000;7988
2026-06-08T11:05:44.0000000Z;7.212;7.226;34000;7988
2026-06-08T11:05:46.0000000Z;7.212;7.226;34000;7988
2026-06-08T11:05:48.0000000Z;7.212;7.226;34000;7988
2026-06-08T11:05:49.0000000Z;7.212;7.226;34000;7988
2026-06-08T11:05:50.0000000Z;7.212;7.226;34000;7988
2026-06-08T11:05:51.0000000Z;7.212;7.226;34000;7988
2026-06-08T11:05:53.0000000Z;7.212;7.226;34000;7988
2026-06-08T11:05:54.0000000Z;7.212;7.226;34000;8675
2026-06-08T11:05:55.0000000Z;7.212;7.226;34000;8675
2026-06-08T11:05:57.0000000Z;7.212;7.226;34000;8675
2026-06-08T11:05:59.0000000Z;7.212;7.226;34000;8675
2026-06-08T11:05:59.0000000Z;7.212;7.226;34000;8675
2026-06-08T11:06:00.0000000Z;7.212;7.226;34000;4150
2026-06-08T11:06:01.0000000Z;7.212;7.226;34000;4150
2026-06-08T11:06:02.0000000Z;7.212;7.226;34000;4150
2026-06-08T11:06:03.0000000Z;7.212;7.226;34000;4150
2026-06-08T11:06:08.0000000Z;7.212;7.226;34000;4150
2026-06-08T11:06:10.0000000Z;7.212;7.226;34000;4150
2026-06-08T11:06:11.0000000Z;7.212;7.226;34000;8034
2026-06-08T11:06:12.0000000Z;7.212;7.226;34000;8034
2026-06-08T11:06:13.0000000Z;7.212;7.226;34000;8034
2026-06-08T11:06:14.0000000Z;7.212;7.226;34000;8034
2026-06-08T11:06:15.0000000Z;7.212;7.226;34000;8034
2026-06-08T11:06:16.0000000Z;7.212;7.226;34000;8034
2026-06-08T11:06:24.0000000Z;7.212;7.226;34000;8034
2026-06-08T11:06:26.0000000Z;7.212;7.226;34000;8034
2026-06-08T11:06:27.0000000Z;7.212;7.226;34000;8034
2026-06-08T11:06:28.0000000Z;7.212;7.226;34000;8034
2026-06-08T11:06:32.0000000Z;7.212;7.226;34000;8034
2026-06-08T11:06:33.0000000Z;7.212;7.226;34000;8034
2026-06-08T11:06:37.0000000Z;7.212;7.226;34000;8034
2026-06-08T11:06:40.0000000Z;7.212;7.226;34000;8034
2026-06-08T11:06:41.0000000Z;7.212;7.226;34000;8034
2026-06-08T11:06:42.0000000Z;7.212;7.226;34000;5600
2026-06-08T11:06:43.0000000Z;7.212;7.226;34000;4150
2026-06-08T11:06:44.0000000Z;7.212;7.226;34000;6292
2026-06-08T11:06:45.0000000Z;7.212;7.226;34000;6292
2026-06-08T11:06:46.0000000Z;7.212;7.226;34000;6356
2026-06-08T11:06:49.0000000Z;7.212;7.225;34000;4450
2026-06-08T11:06:51.0000000Z;7.212;7.225;34000;4450
2026-06-08T11:06:55.0000000Z;7.212;7.225;34000;4450
2026-06-08T11:07:02.0000000Z;7.212;7.225;34000;4450
2026-06-08T11:07:09.0000000Z;7.212;7.225;34000;4450
2026-06-08T11:07:13.0000000Z;7.212;7.225;34000;4450
2026-06-08T11:07:14.0000000Z;7.212;7.225;34000;4450
2026-06-08T11:07:15.0000000Z;7.212;7.225;34000;4450
2026-06-08T11:07:16.0000000Z;7.212;7.225;34000;4450
2026-06-08T11:07:21.0000000Z;7.212;7.225;34000;4450
2026-06-08T11:07:28.0000000Z;7.217;7.225;1662;4450
2026-06-08T11:07:29.0000000Z;7.217;7.225;1662;4450
2026-06-08T11:07:33.0000000Z;7.217;7.225;1662;4450
2026-06-08T11:07:37.0000000Z;7.217;7.225;1662;4450
2026-06-08T11:07:44.0000000Z;7.217;7.225;1662;4450
2026-06-08T11:07:48.0000000Z;7.217;7.225;1662;4450
2026-06-08T11:07:57.0000000Z;7.217;7.228;1662;4450
2026-06-08T11:07:59.0000000Z;7.219;7.226;34000;3460
2026-06-08T11:08:01.0000000Z;7.219;7.226;34000;3460
2026-06-08T11:08:02.0000000Z;7.219;7.227;34000;20419
2026-06-08T11:08:03.0000000Z;7.219;7.227;34000;20419
2026-06-08T11:08:04.0000000Z;7.216;7.227;2770;20419
2026-06-08T11:08:05.0000000Z;7.216;7.227;2770;20419
2026-06-08T11:08:07.0000000Z;7.218;7.227;3464;20419
2026-06-08T11:08:09.0000000Z;7.218;7.227;3464;20419
2026-06-08T11:08:10.0000000Z;7.218;7.227;3464;20419
2026-06-08T11:08:11.0000000Z;7.216;7.227;34000;20419
2026-06-08T11:08:17.0000000Z;7.216;7.227;34000;20419
2026-06-08T11:08:18.0000000Z;7.216;7.227;34000;20419
2026-06-08T11:08:19.0000000Z;7.216;7.227;34000;20419
2026-06-08T11:08:25.0000000Z;7.216;7.227;34000;20419
2026-06-08T11:08:26.0000000Z;7.216;7.227;34000;20419
2026-06-08T11:08:30.0000000Z;7.218;7.227;1662;20419
2026-06-08T11:08:31.0000000Z;7.218;7.227;1662;20419
2026-06-08T11:08:32.0000000Z;7.219;7.227;1108;20419
2026-06-08T11:08:33.0000000Z;7.22;7.227;1662;20419
2026-06-08T11:08:34.0000000Z;7.22;7.227;34000;20419
2026-06-08T11:08:36.0000000Z;7.22;7.227;34000;20419
2026-06-08T11:08:39.0000000Z;7.22;7.227;34000;20419
2026-06-08T11:08:40.0000000Z;7.22;7.227;34000;20419
2026-06-08T11:08:41.0000000Z;7.221;7.227;1660;20419
2026-06-08T11:08:42.0000000Z;7.221;7.227;1660;20419
2026-06-08T11:08:43.0000000Z;7.221;7.227;1660;20419
2026-06-08T11:08:44.0000000Z;7.221;7.227;1660;20419
2026-06-08T11:08:46.0000000Z;7.221;7.227;1660;20419
2026-06-08T11:08:51.0000000Z;7.22;7.227;1662;20419
2026-06-08T11:08:52.0000000Z;7.22;7.227;2770;20419
2026-06-08T11:08:53.0000000Z;7.22;7.227;37463;20419
2026-06-08T11:08:55.0000000Z;7.22;7.227;34000;20419
2026-06-08T11:08:56.0000000Z;7.22;7.227;34000;20419
2026-06-08T11:09:04.0000000Z;7.22;7.227;34000;20419
2026-06-08T11:09:05.0000000Z;7.22;7.227;2770;20419
2026-06-08T11:09:09.0000000Z;7.222;7.227;1441;20419
2026-06-08T11:09:10.0000000Z;7.222;7.227;34000;20419
2026-06-08T11:09:11.0000000Z;7.22;7.227;2770;20419
2026-06-08T11:09:12.0000000Z;7.22;7.227;2770;20419
2026-06-08T11:09:13.0000000Z;7.22;7.227;34000;20419
2026-06-08T11:09:14.0000000Z;7.22;7.227;1662;20419
2026-06-08T11:09:21.0000000Z;7.22;7.227;2770;20419
2026-06-08T11:09:22.0000000Z;7.22;7.227;1662;20419
2026-06-08T11:09:23.0000000Z;7.22;7.227;1662;20419
2026-06-08T11:09:26.0000000Z;7.22;7.227;1662;20419
2026-06-08T11:09:27.0000000Z;7.22;7.227;1662;20419
2026-06-08T11:09:28.0000000Z;7.22;7.227;1662;20419
2026-06-08T11:09:31.0000000Z;7.22;7.227;1662;20419
2026-06-08T11:09:37.0000000Z;7.22;7.227;1662;20419
2026-06-08T11:09:38.0000000Z;7.22;7.227;1662;20419
2026-06-08T11:09:39.0000000Z;7.22;7.227;1662;20419
2026-06-08T11:09:40.0000000Z;7.22;7.227;1662;20419
2026-06-08T11:09:41.0000000Z;7.22;7.227;1662;20419
2026-06-08T11:09:43.0000000Z;7.22;7.227;2770;20419
2026-06-08T11:09:45.0000000Z;7.22;7.227;2770;20419
2026-06-08T11:09:57.0000000Z;7.22;7.227;2770;20419
2026-06-08T11:09:58.0000000Z;7.221;7.227;1107;20419
2026-06-08T11:09:59.0000000Z;7.222;7.227;1660;20419
2026-06-08T11:10:01.0000000Z;7.222;7.227;1660;20419
2026-06-08T11:10:02.0000000Z;7.222;7.227;1660;20419
2026-06-08T11:10:03.0000000Z;7.222;7.227;34000;20419
2026-06-08T11:10:04.0000000Z;7.222;7.227;34000;20419
2026-06-08T11:10:05.0000000Z;7.222;7.227;34000;20419
2026-06-08T11:10:08.0000000Z;7.222;7.227;34000;20419
2026-06-08T11:10:09.0000000Z;7.221;7.227;1662;20419
2026-06-08T11:10:10.0000000Z;7.221;7.227;1662;20419
2026-06-08T11:10:11.0000000Z;7.221;7.227;1662;20419
2026-06-08T11:10:12.0000000Z;7.221;7.227;37463;20419
2026-06-08T11:10:17.0000000Z;7.221;7.227;37463;20419
2026-06-08T11:10:18.0000000Z;7.221;7.227;37463;20419
2026-06-08T11:10:19.0000000Z;7.221;7.227;34000;20419
2026-06-08T11:10:23.0000000Z;7.221;7.227;34000;20419
2026-06-08T11:10:24.0000000Z;7.221;7.227;34000;20419
2026-06-08T11:10:26.0000000Z;7.221;7.227;34000;20419
2026-06-08T11:10:27.0000000Z;7.221;7.227;34000;20419
2026-06-08T11:10:28.0000000Z;7.221;7.227;34000;20419
2026-06-08T11:10:29.0000000Z;7.22;7.227;2770;20419
2026-06-08T11:10:31.0000000Z;7.22;7.227;2770;20419
2026-06-08T11:10:32.0000000Z;7.224;7.232;34000;4450
2026-06-08T11:10:33.0000000Z;7.224;7.232;34000;4450
2026-06-08T11:10:34.0000000Z;7.224;7.232;34000;54419
2026-06-08T11:10:35.0000000Z;7.224;7.232;34000;54419
2026-06-08T11:10:36.0000000Z;7.224;7.232;34000;54419
2026-06-08T11:10:37.0000000Z;7.224;7.232;34000;54419
2026-06-08T11:10:38.0000000Z;7.224;7.232;34000;54419
2026-06-08T11:10:40.0000000Z;7.225;7.232;2490;54419
2026-06-08T11:10:41.0000000Z;7.225;7.232;2490;54419
2026-06-08T11:10:42.0000000Z;7.225;7.232;34000;54419
2026-06-08T11:10:43.0000000Z;7.225;7.232;34000;54419
2026-06-08T11:10:45.0000000Z;7.222;7.237;1660;12400
2026-06-08T11:10:48.0000000Z;7.21;7.237;36358;12400
2026-06-08T11:10:51.0000000Z;7.219;7.237;2395;14795
2026-06-08T11:10:54.0000000Z;7.219;7.237;2395;12400
2026-06-08T11:10:55.0000000Z;7.217;7.244;12400;36358
2026-06-08T11:10:56.0000000Z;7.217;7.244;12400;12400
2026-06-08T11:10:57.0000000Z;7.217;7.244;12400;12400
2026-06-08T11:10:58.0000000Z;7.217;7.244;12400;12400
2026-06-08T11:10:59.0000000Z;7.217;7.244;12400;12400
2026-06-08T11:11:00.0000000Z;7.223;7.251;12400;12400
2026-06-08T11:11:03.0000000Z;7.223;7.251;12400;12400
2026-06-08T11:11:05.0000000Z;7.217;7.244;12400;12400
2026-06-08T11:11:06.0000000Z;7.217;7.244;12400;12400
2026-06-08T11:11:07.0000000Z;7.217;7.244;12400;12400
2026-06-08T11:11:08.0000000Z;7.224;7.244;2395;12400
2026-06-08T11:11:12.0000000Z;7.222;7.244;2395;12400
2026-06-08T11:11:13.0000000Z;7.222;7.244;2395;12400
2026-06-08T11:11:17.0000000Z;7.224;7.244;2395;12400
2026-06-08T11:11:26.0000000Z;7.224;7.248;14795;2395
2026-06-08T11:11:37.0000000Z;7.224;7.251;14795;12400
2026-06-08T11:11:43.0000000Z;7.224;7.25;14795;2395
2026-06-08T11:11:44.0000000Z;7.226;7.25;2395;2395
2026-06-08T11:11:46.0000000Z;7.226;7.249;2395;2395
2026-06-08T11:11:48.0000000Z;7.226;7.249;2395;2395
2026-06-08T11:11:51.0000000Z;7.225;7.248;2395;2395
2026-06-08T11:11:53.0000000Z;7.225;7.248;2395;2395
2026-06-08T11:12:01.0000000Z;7.224;7.248;14795;2395
2026-06-08T11:12:07.0000000Z;7.224;7.248;14795;2395
2026-06-08T11:12:11.0000000Z;7.224;7.248;14795;2395
2026-06-08T11:12:12.0000000Z;7.224;7.247;12400;2395
2026-06-08T11:12:13.0000000Z;7.224;7.247;12400;2395
2026-06-08T11:12:17.0000000Z;7.224;7.251;12400;12400
2026-06-08T11:12:20.0000000Z;7.224;7.251;12400;12400
2026-06-08T11:12:23.0000000Z;7.224;7.249;12400;2395
2026-06-08T11:12:24.0000000Z;7.225;7.249;2395;2395
2026-06-08T11:12:30.0000000Z;7.7;7.242;300;484
2026-06-08T11:12:31.0000000Z;7.7;7.242;300;484
2026-06-08T11:12:33.0000000Z;7.7;7.243;300;484
2026-06-08T11:12:34.0000000Z;7.7;7.242;300;484
2026-06-08T11:12:35.0000000Z;7.7;7.244;300;484
2026-06-08T11:12:36.0000000Z;7.7;7.243;300;484
2026-06-08T11:12:38.0000000Z;7.7;7.242;300;484
2026-06-08T11:12:39.0000000Z;7.7;7.244;300;484
2026-06-08T11:12:41.0000000Z;7.7;7.243;300;484
2026-06-08T11:12:43.0000000Z;7.7;7.245;300;484
2026-06-08T11:12:46.0000000Z;7.7;7.244;300;484
2026-06-08T11:12:47.0000000Z;7.7;7.244;300;484
2026-06-08T11:12:54.0000000Z;7.7;7.243;300;484
2026-06-08T11:12:55.0000000Z;7.7;7.243;300;484
2026-06-08T11:13:00.0000000Z;7.231;7.242;1106;4450
2026-06-08T11:13:01.0000000Z;7.231;7.242;1106;4450
2026-06-08T11:13:03.0000000Z;7.231;7.242;1106;4450
2026-06-08T11:13:04.0000000Z;7.23;7.242;3458;4450
2026-06-08T11:13:06.0000000Z;7.231;7.242;1106;4450
2026-06-08T11:13:08.0000000Z;7.231;7.243;1106;3452
2026-06-08T11:13:09.0000000Z;7.231;7.249;1106;3102
2026-06-08T11:13:10.0000000Z;7.233;7.25;1106;3931
2026-06-08T11:13:11.0000000Z;7.235;7.25;1105;3931
2026-06-08T11:13:13.0000000Z;7.235;7.25;2762;3931
2026-06-08T11:13:14.0000000Z;7.235;7.249;2762;4450
2026-06-08T11:13:15.0000000Z;7.235;7.247;2762;4450
2026-06-08T11:13:16.0000000Z;7.225;7.245;1107;4450
2026-06-08T11:13:17.0000000Z;7.228;7.244;3459;20402
2026-06-08T11:13:18.0000000Z;7.234;7.243;2764;8936
2026-06-08T11:13:19.0000000Z;7.234;7.243;2764;8936
2026-06-08T11:13:20.0000000Z;7.234;7.243;2764;8936
2026-06-08T11:13:22.0000000Z;7.234;7.243;2764;8936
2026-06-08T11:13:23.0000000Z;7.234;7.243;1105;8936
2026-06-08T11:13:26.0000000Z;7.23;7.243;1106;8936
2026-06-08T11:13:27.0000000Z;7.233;7.243;2765;8936
2026-06-08T11:13:28.0000000Z;7.233;7.243;2765;8936
2026-06-08T11:13:30.0000000Z;7.23;7.243;1106;8936
2026-06-08T11:13:31.0000000Z;7.232;7.243;2765;8936
2026-06-08T11:13:32.0000000Z;7.229;7.243;3459;8936
2026-06-08T11:13:33.0000000Z;7.229;7.243;3459;8936
2026-06-08T11:13:35.0000000Z;7.229;7.243;3459;8936
2026-06-08T11:13:37.0000000Z;7.229;7.243;3459;8936
2026-06-08T11:13:39.0000000Z;7.229;7.243;3459;8936
2026-06-08T11:13:40.0000000Z;7.229;7.243;3459;8936
2026-06-08T11:13:41.0000000Z;7.229;7.243;3459;8936
2026-06-08T11:13:43.0000000Z;7.229;7.243;3459;8936
2026-06-08T11:13:45.0000000Z;7.231;7.243;3458;8936
2026-06-08T11:13:47.0000000Z;7.231;7.243;3458;8936
2026-06-08T11:13:49.0000000Z;7.231;7.243;3458;8936
2026-06-08T11:13:51.0000000Z;7.231;7.243;3458;8936
2026-06-08T11:13:53.0000000Z;7.231;7.243;3458;8936
2026-06-08T11:13:55.0000000Z;7.231;7.243;3458;8936
2026-06-08T11:13:57.0000000Z;7.231;7.243;3458;8936
2026-06-08T11:13:59.0000000Z;7.231;7.243;3458;8936
2026-06-08T11:14:01.0000000Z;7.231;7.243;3458;8936
2026-06-08T11:14:03.0000000Z;7.231;7.243;3458;8936
2026-06-08T11:14:04.0000000Z;7.231;7.243;3458;4450
2026-06-08T11:14:05.0000000Z;7.231;7.243;3458;8566
2026-06-08T11:14:06.0000000Z;7.231;7.243;3458;4450
2026-06-08T11:14:07.0000000Z;7.231;7.243;3458;4450
2026-06-08T11:14:09.0000000Z;7.231;7.243;3458;4450
2026-06-08T11:14:10.0000000Z;7.231;7.242;3458;4450
2026-06-08T11:14:11.0000000Z;7.231;7.242;3458;4450
2026-06-08T11:14:12.0000000Z;7.231;7.242;3458;4450
2026-06-08T11:14:13.0000000Z;7.231;7.242;3458;4450
2026-06-08T11:14:14.0000000Z;7.231;7.242;3458;4450
2026-06-08T11:14:15.0000000Z;7.231;7.242;3458;4450
2026-06-08T11:14:17.0000000Z;7.231;7.242;3458;4450
2026-06-08T11:14:19.0000000Z;7.231;7.242;3458;4450
2026-06-08T11:14:21.0000000Z;7.231;7.242;3458;4450
2026-06-08T11:14:22.0000000Z;7.231;7.242;3458;4450
2026-06-08T11:14:23.0000000Z;7.231;7.242;3458;4450
2026-06-08T11:14:25.0000000Z;7.231;7.242;3458;4450
2026-06-08T11:14:27.0000000Z;7.231;7.242;3458;4450
2026-06-08T11:14:29.0000000Z;7.231;7.242;3458;4450
2026-06-08T11:14:30.0000000Z;7.231;7.242;3458;4450
2026-06-08T11:14:31.0000000Z;7.231;7.242;3458;4450
2026-06-08T11:14:32.0000000Z;7.231;7.242;3458;4450
2026-06-08T11:14:33.0000000Z;7.23;7.242;12400;4450
2026-06-08T11:14:34.0000000Z;7.23;7.242;12400;4450
2026-06-08T11:14:35.0000000Z;7.23;7.242;12400;4450
2026-06-08T11:14:40.0000000Z;7.224;7.242;12400;4450
2026-06-08T11:14:41.0000000Z;7.228;7.242;3501;4450
2026-06-08T11:14:42.0000000Z;7.228;7.242;3501;4450
2026-06-08T11:14:43.0000000Z;7.228;7.242;3501;4450
2026-06-08T11:14:44.0000000Z;7.228;7.242;3501;4450
2026-06-08T11:14:45.0000000Z;7.227;7.242;5855;4450
2026-06-08T11:14:46.0000000Z;7.227;7.242;5855;4450
2026-06-08T11:14:47.0000000Z;7.228;7.242;2395;4450
2026-06-08T11:14:49.0000000Z;7.228;7.248;2395;6845
2026-06-08T11:14:50.0000000Z;7.227;7.246;1106;4450
2026-06-08T11:14:51.0000000Z;7.229;7.246;1106;4450
2026-06-08T11:14:52.0000000Z;7.227;7.246;3460;4450
2026-06-08T11:14:53.0000000Z;7.227;7.246;3460;4450
2026-06-08T11:14:54.0000000Z;7.227;7.246;3460;4450
2026-06-08T11:14:55.0000000Z;7.227;7.246;3501;4450
2026-06-08T11:14:56.0000000Z;7.229;7.246;1106;4450
2026-06-08T11:14:57.0000000Z;7.229;7.246;1106;4450
2026-06-08T11:14:58.0000000Z;7.229;7.246;1106;4450
2026-06-08T11:14:59.0000000Z;7.23;7.251;20402;12400
2026-06-08T11:14:59.0000000Z;7.229;7.251;3727;12400
2026-06-08T11:15:00.0000000Z;7.229;7.251;1106;12400
2026-06-08T11:15:01.0000000Z;7.23;7.247;2621;3450
2026-06-08T11:15:02.0000000Z;7.234;7.247;20402;3450
2026-06-08T11:15:03.0000000Z;7.233;7.247;1106;3450
2026-06-08T11:15:04.0000000Z;7.234;7.25;20402;4450
2026-06-08T11:15:05.0000000Z;7.233;7.25;1106;4450
2026-06-08T11:15:06.0000000Z;7.237;7.25;1105;4450
2026-06-08T11:15:07.0000000Z;7.237;7.25;1105;4450
2026-06-08T11:15:08.0000000Z;7.227;7.25;5016;4450
2026-06-08T11:15:09.0000000Z;7.233;7.25;1106;4450
2026-06-08T11:15:10.0000000Z;7.234;7.25;1659;4450
2026-06-08T11:15:11.0000000Z;7.233;7.25;1106;4450
2026-06-08T11:15:12.0000000Z;7.232;7.25;1106;5789
2026-06-08T11:15:13.0000000Z;7.234;7.25;1105;4450
2026-06-08T11:15:14.0000000Z;7.234;7.25;1105;4840
2026-06-08T11:15:15.0000000Z;7.23;7.25;1659;4840
2026-06-08T11:15:16.0000000Z;7.231;7.25;1106;4840
2026-06-08T11:15:17.0000000Z;7.231;7.25;1106;4840
2026-06-08T11:15:18.0000000Z;7.232;7.25;1659;6226
2026-06-08T11:15:19.0000000Z;7.235;7.25;1105;5000
2026-06-08T11:15:20.0000000Z;7.235;7.25;1105;4450
2026-06-08T11:15:21.0000000Z;7.233;7.25;1106;4450
2026-06-08T11:15:22.0000000Z;7.234;7.25;3456;20402
2026-06-08T11:15:23.0000000Z;7.234;7.25;3456;4796
2026-06-08T11:15:24.0000000Z;7.234;7.25;3456;6144
2026-06-08T11:15:25.0000000Z;7.234;7.25;3456;4450
2026-06-08T11:15:26.0000000Z;7.235;7.25;1105;4450
2026-06-08T11:15:27.0000000Z;7.235;7.25;1105;6153
2026-06-08T11:15:28.0000000Z;7.235;7.249;1578;4450
2026-06-08T11:15:29.0000000Z;7.235;7.249;1105;4450
2026-06-08T11:15:31.0000000Z;7.235;7.249;1105;4450
2026-06-08T11:15:32.0000000Z;7.235;7.249;1105;4450
2026-06-08T11:15:33.0000000Z;7.235;7.257;1105;3931
2026-06-08T11:15:34.0000000Z;7.235;7.255;2255;3556
2026-06-08T11:15:35.0000000Z;7.235;7.255;1699;3556
2026-06-08T11:15:36.0000000Z;7.235;7.255;1699;3556
2026-06-08T11:15:37.0000000Z;7.235;7.255;1105;3556
2026-06-08T11:15:38.0000000Z;7.235;7.254;1105;22762
2026-06-08T11:15:39.0000000Z;7.233;7.25;1106;4450
2026-06-08T11:15:40.0000000Z;7.235;7.25;1105;4450
2026-06-08T11:15:41.0000000Z;7.235;7.257;2762;3592
2026-06-08T11:15:42.0000000Z;7.235;7.256;2762;2395
2026-06-08T11:15:43.0000000Z;7.235;7.254;2762;2395
2026-06-08T11:15:44.0000000Z;7.233;7.254;1106;20367
2026-06-08T11:15:45.0000000Z;7.232;7.254;7046;20367
2026-06-08T11:15:46.0000000Z;7.231;7.254;5940;20367
2026-06-08T11:15:47.0000000Z;7.232;7.253;7046;6845
2026-06-08T11:15:48.0000000Z;7.232;7.253;7046;6845
2026-06-08T11:15:50.0000000Z;7.232;7.253;1106;6845
2026-06-08T11:15:51.0000000Z;7.231;7.253;1106;6845
2026-06-08T11:15:52.0000000Z;7.231;7.253;7046;6845
2026-06-08T11:15:53.0000000Z;7.231;7.253;7046;6845
2026-06-08T11:15:54.0000000Z;7.23;7.253;3458;6845
2026-06-08T11:15:57.0000000Z;7.222;7.253;1107;6845
2026-06-08T11:15:58.0000000Z;7.225;7.253;3728;6845
2026-06-08T11:15:59.0000000Z;7.225;7.253;3728;6845
2026-06-08T11:16:00.0000000Z;7.225;7.253;3728;6845
2026-06-08T11:16:01.0000000Z;7.229;7.253;1106;6845
2026-06-08T11:16:02.0000000Z;7.225;7.253;1107;6845
2026-06-08T11:16:03.0000000Z;7.223;7.253;3728;6845
2026-06-08T11:16:04.0000000Z;7.227;7.253;1106;6845
2026-06-08T11:16:05.0000000Z;7.226;7.253;1107;6845
2026-06-08T11:16:06.0000000Z;7.226;7.253;1107;6845
2026-06-08T11:16:07.0000000Z;7.226;7.253;1107;6845
2026-06-08T11:16:08.0000000Z;7.228;7.253;5940;6845
2026-06-08T11:16:09.0000000Z;7.228;7.253;5940;6845
2026-06-08T11:16:10.0000000Z;7.229;7.251;1106;4450
2026-06-08T11:16:11.0000000Z;7.228;7.25;1106;20367
2026-06-08T11:16:12.0000000Z;7.228;7.25;3459;20367
2026-06-08T11:16:16.0000000Z;7.228;7.25;3459;20367
2026-06-08T11:16:19.0000000Z;7.228;7.25;3459;20367
2026-06-08T11:16:20.0000000Z;7.23;7.249;1106;4450
2026-06-08T11:16:22.0000000Z;7.23;7.249;1106;4450
2026-06-08T11:16:23.0000000Z;7.23;7.247;2765;4450
2026-06-08T11:16:24.0000000Z;7.23;7.247;2765;6288
2026-06-08T11:16:26.0000000Z;7.229;7.247;3459;6288
2026-06-08T11:16:27.0000000Z;7.229;7.247;3459;6288
2026-06-08T11:16:29.0000000Z;7.229;7.247;3459;6288
2026-06-08T11:16:30.0000000Z;7.229;7.247;3459;6288
2026-06-08T11:16:31.0000000Z;7.229;7.247;3459;6288
2026-06-08T11:16:32.0000000Z;7.228;7.247;2765;6288
2026-06-08T11:16:34.0000000Z;7.228;7.247;2765;6288
2026-06-08T11:16:37.0000000Z;7.228;7.247;2765;6288
2026-06-08T11:16:38.0000000Z;7.228;7.247;2765;6288
2026-06-08T11:16:39.0000000Z;7.228;7.247;2765;6288
2026-06-08T11:16:42.0000000Z;7.228;7.247;2765;6288
2026-06-08T11:16:44.0000000Z;7.227;7.247;3460;6288
2026-06-08T11:16:45.0000000Z;7.227;7.247;3460;6288
2026-06-08T11:16:48.0000000Z;7.228;7.247;8705;5152
2026-06-08T11:16:51.0000000Z;7.228;7.247;8705;4450
2026-06-08T11:16:52.0000000Z;7.228;7.247;8705;4808
2026-06-08T11:16:53.0000000Z;7.228;7.247;8705;4808
2026-06-08T11:16:54.0000000Z;7.228;7.247;8705;4450
2026-06-08T11:16:55.0000000Z;7.228;7.247;8705;4450
2026-06-08T11:16:56.0000000Z;7.228;7.247;8705;6056
2026-06-08T11:16:57.0000000Z;7.228;7.247;8705;6056
2026-06-08T11:16:58.0000000Z;7.228;7.247;2765;6056
2026-06-08T11:16:59.0000000Z;7.228;7.247;2765;6056
2026-06-08T11:16:59.0000000Z;7.228;7.247;2765;6056
2026-06-08T11:17:00.0000000Z;7.228;7.247;34000;6056
2026-06-08T11:17:02.0000000Z;7.228;7.247;34000;6056
2026-06-08T11:17:07.0000000Z;7.228;7.247;34000;6056
2026-06-08T11:17:08.0000000Z;7.228;7.247;34000;6056
2026-06-08T11:17:11.0000000Z;7.228;7.247;34000;6056
2026-06-08T11:17:14.0000000Z;7.228;7.247;34000;6056
2026-06-08T11:17:15.0000000Z;7.228;7.247;34000;6371
2026-06-08T11:17:16.0000000Z;7.228;7.247;34000;6371
2026-06-08T11:17:17.0000000Z;7.228;7.247;34000;6371
2026-06-08T11:17:18.0000000Z;7.228;7.247;34000;6371
2026-06-08T11:17:19.0000000Z;7.228;7.247;34000;6371
2026-06-08T11:17:20.0000000Z;7.228;7.247;34000;34000
2026-06-08T11:17:21.0000000Z;7.228;7.251;34000;3563
2026-06-08T11:17:22.0000000Z;7.228;7.252;34000;3627
2026-06-08T11:17:23.0000000Z;7.228;7.252;34000;3627
2026-06-08T11:17:24.0000000Z;7.228;7.252;34000;3627
2026-06-08T11:17:25.0000000Z;7.228;7.252;34000;3627
2026-06-08T11:17:26.0000000Z;7.228;7.246;34000;20367
2026-06-08T11:17:27.0000000Z;7.228;7.247;34000;6147
2026-06-08T11:17:29.0000000Z;7.228;7.247;34000;4450
2026-06-08T11:17:30.0000000Z;7.228;7.247;34000;5367
2026-06-08T11:17:31.0000000Z;7.228;7.247;8705;5367
2026-06-08T11:17:32.0000000Z;7.228;7.247;8705;5367
2026-06-08T11:17:33.0000000Z;7.228;7.247;8705;5367
2026-06-08T11:17:34.0000000Z;7.228;7.247;8705;5367
2026-06-08T11:17:35.0000000Z;7.228;7.247;8705;6297
2026-06-08T11:17:40.0000000Z;7.228;7.247;8705;6297
2026-06-08T11:17:41.0000000Z;7.228;7.247;8705;6297
2026-06-08T11:17:42.0000000Z;7.228;7.247;2765;4450
2026-06-08T11:17:43.0000000Z;7.228;7.245;8705;20349
2026-06-08T11:17:44.0000000Z;7.228;7.245;2765;20349
2026-06-08T11:17:45.0000000Z;7.228;7.245;2765;20349
2026-06-08T11:17:46.0000000Z;7.228;7.246;2765;5118
2026-06-08T11:17:47.0000000Z;7.228;7.246;2765;5118
2026-06-08T11:17:48.0000000Z;7.228;7.246;2765;5118
2026-06-08T11:17:49.0000000Z;7.228;7.246;2765;5118
2026-06-08T11:17:54.0000000Z;7.228;7.246;2765;5118
2026-06-08T11:17:56.0000000Z;7.228;7.246;2765;5118
2026-06-08T11:17:59.0000000Z;7.228;7.246;2765;5118
2026-06-08T11:18:00.0000000Z;7.228;7.246;2765;5118
2026-06-08T11:18:01.0000000Z;7.228;7.246;2765;5118
2026-06-08T11:18:04.0000000Z;7.228;7.246;2765;5118
2026-06-08T11:18:05.0000000Z;7.228;7.246;2765;5118
2026-06-08T11:18:06.0000000Z;7.228;7.246;2765;5118
2026-06-08T11:18:08.0000000Z;7.228;7.246;2765;5118
2026-06-08T11:18:09.0000000Z;7.228;7.246;2765;5118
2026-06-08T11:18:10.0000000Z;7.228;7.246;2765;5118
2026-06-08T11:18:11.0000000Z;7.228;7.246;1106;5118
2026-06-08T11:18:12.0000000Z;7.228;7.246;2406;5118
2026-06-08T11:18:14.0000000Z;7.228;7.246;2765;5118
2026-06-08T11:18:16.0000000Z;7.228;7.246;2765;5118
2026-06-08T11:18:17.0000000Z;7.228;7.246;2765;5118
2026-06-08T11:18:18.0000000Z;7.228;7.246;2765;5931
2026-06-08T11:18:19.0000000Z;7.228;7.246;2765;5931
2026-06-08T11:18:20.0000000Z;7.228;7.246;2765;5523
2026-06-08T11:18:21.0000000Z;7.228;7.246;2765;5523
2026-06-08T11:18:25.0000000Z;7.228;7.246;2765;5523
2026-06-08T11:18:26.0000000Z;7.228;7.246;2765;5523
2026-06-08T11:18:27.0000000Z;7.228;7.246;2765;5523
2026-06-08T11:18:29.0000000Z;7.228;7.246;2765;5523
2026-06-08T11:18:31.0000000Z;7.228;7.246;2765;5523
2026-06-08T11:18:33.0000000Z;7.228;7.246;2765;5523
2026-06-08T11:18:34.0000000Z;7.228;7.246;2765;5523
2026-06-08T11:18:35.0000000Z;7.228;7.246;2765;5523
2026-06-08T11:18:36.0000000Z;7.228;7.246;2765;5523
2026-06-08T11:18:40.0000000Z;7.228;7.246;2765;7918
2026-06-08T11:18:41.0000000Z;7.228;7.246;2765;7918
2026-06-08T11:18:43.0000000Z;7.228;7.246;2765;7918
2026-06-08T11:18:44.0000000Z;7.228;7.246;2765;7918
2026-06-08T11:18:45.0000000Z;7.228;7.246;2765;7918
2026-06-08T11:18:47.0000000Z;7.228;7.246;2765;7918
2026-06-08T11:18:48.0000000Z;7.228;7.246;2765;7918
2026-06-08T11:18:49.0000000Z;7.228;7.246;2765;7918
2026-06-08T11:18:57.0000000Z;7.228;7.246;2765;7225
2026-06-08T11:18:58.0000000Z;7.228;7.246;2765;7225
2026-06-08T11:19:00.0000000Z;7.228;7.246;2765;7225
2026-06-08T11:19:01.0000000Z;7.228;7.246;2765;6845
2026-06-08T11:19:02.0000000Z;7.228;7.246;2765;8455
2026-06-08T11:19:03.0000000Z;7.228;7.246;2765;6845
2026-06-08T11:19:04.0000000Z;7.228;7.246;2765;6845
2026-06-08T11:19:05.0000000Z;7.228;7.246;2765;7743
2026-06-08T11:19:06.0000000Z;7.228;7.246;2765;6845
2026-06-08T11:19:07.0000000Z;7.228;7.246;2765;6845
2026-06-08T11:19:08.0000000Z;7.228;7.246;2765;6845
2026-06-08T11:19:09.0000000Z;7.228;7.246;2765;6845
2026-06-08T11:19:10.0000000Z;7.228;7.246;2765;8456
2026-06-08T11:19:11.0000000Z;7.228;7.246;2765;8514
2026-06-08T11:19:12.0000000Z;7.228;7.246;2765;6845
2026-06-08T11:19:13.0000000Z;7.228;7.246;2765;6845
2026-06-08T11:19:14.0000000Z;7.228;7.246;2765;8569
2026-06-08T11:19:15.0000000Z;7.228;7.246;2765;8569
2026-06-08T11:19:16.0000000Z;7.228;7.246;2765;6845
2026-06-08T11:19:17.0000000Z;7.228;7.246;2765;4450
2026-06-08T11:19:18.0000000Z;7.228;7.243;2765;20349
2026-06-08T11:19:19.0000000Z;7.228;7.243;2765;20349
2026-06-08T11:19:21.0000000Z;7.228;7.243;2765;20349
2026-06-08T11:19:22.0000000Z;7.228;7.243;2765;20349
2026-06-08T11:19:24.0000000Z;7.228;7.243;2765;20349
2026-06-08T11:19:25.0000000Z;7.228;7.244;2765;6845
2026-06-08T11:19:27.0000000Z;7.228;7.244;2765;6845
2026-06-08T11:19:28.0000000Z;7.228;7.244;2765;6845
2026-06-08T11:19:30.0000000Z;7.228;7.244;2765;6845
2026-06-08T11:19:33.0000000Z;7.228;7.244;2765;6845
2026-06-08T11:19:34.0000000Z;7.228;7.244;2765;6845
2026-06-08T11:19:35.0000000Z;7.228;7.244;2765;6845
2026-06-08T11:19:36.0000000Z;7.228;7.244;2765;6845
2026-06-08T11:19:37.0000000Z;7.228;7.244;2765;6845
2026-06-08T11:19:38.0000000Z;7.228;7.244;2765;6845
2026-06-08T11:19:39.0000000Z;7.228;7.244;2765;6845
2026-06-08T11:19:41.0000000Z;7.228;7.244;2765;4450
2026-06-08T11:19:42.0000000Z;7.228;7.244;2765;4450
2026-06-08T11:19:43.0000000Z;7.228;7.244;2765;4450
2026-06-08T11:19:44.0000000Z;7.228;7.244;8705;9311
2026-06-08T11:19:45.0000000Z;7.228;7.244;8705;9311
2026-06-08T11:19:49.0000000Z;7.228;7.244;8705;8216
2026-06-08T11:19:50.0000000Z;7.228;7.244;8705;8216
2026-06-08T11:19:51.0000000Z;7.237;7.244;1105;4450
2026-06-08T11:19:52.0000000Z;7.236;7.244;2762;4450
2026-06-08T11:19:53.0000000Z;7.236;7.244;2762;4450
2026-06-08T11:19:54.0000000Z;7.236;7.244;34000;4450
2026-06-08T11:19:55.0000000Z;7.236;7.244;34000;4450
2026-06-08T11:19:56.0000000Z;7.236;7.244;34000;4450
2026-06-08T11:19:57.0000000Z;7.236;7.244;34000;4450
2026-06-08T11:19:58.0000000Z;7.236;7.244;34000;4450
2026-06-08T11:19:59.0000000Z;7.236;7.244;34000;4450
2026-06-08T11:19:59.0000000Z;7.236;7.244;34000;4450
2026-06-08T11:20:00.0000000Z;7.236;7.244;34000;4450
2026-06-08T11:20:01.0000000Z;7.236;7.244;34000;4450
2026-06-08T11:20:02.0000000Z;7.236;7.244;34000;6193
2026-06-08T11:20:03.0000000Z;7.232;7.244;1106;6165
2026-06-08T11:20:04.0000000Z;7.236;7.244;1105;9134
2026-06-08T11:20:07.0000000Z;7.236;7.244;1105;9134
2026-06-08T11:20:08.0000000Z;7.236;7.244;1105;9134
2026-06-08T11:20:09.0000000Z;7.236;7.244;1105;9134
2026-06-08T11:20:10.0000000Z;7.236;7.244;1105;9134
2026-06-08T11:20:11.0000000Z;7.234;7.244;1105;4450
2026-06-08T11:20:12.0000000Z;7.234;7.244;1105;8027
2026-06-08T11:20:13.0000000Z;7.236;7.244;2762;4450
2026-06-08T11:20:14.0000000Z;7.236;7.244;1105;5415
2026-06-08T11:20:15.0000000Z;7.236;7.244;1105;5415
2026-06-08T11:20:16.0000000Z;7.234;7.244;2762;5415
2026-06-08T11:20:17.0000000Z;7.235;7.243;3456;8520
2026-06-08T11:20:18.0000000Z;7.235;7.243;3456;8417
2026-06-08T11:20:19.0000000Z;7.235;7.243;3456;8417
2026-06-08T11:20:20.0000000Z;7.235;7.243;3456;8417
2026-06-08T11:20:21.0000000Z;7.235;7.243;3456;4450
2026-06-08T11:20:22.0000000Z;7.235;7.243;3456;8818
2026-06-08T11:20:23.0000000Z;7.234;7.243;34000;8818
2026-06-08T11:20:25.0000000Z;7.234;7.243;1105;8818
2026-06-08T11:20:26.0000000Z;7.232;7.243;1106;4450
2026-06-08T11:20:27.0000000Z;7.234;7.24;1105;20357
2026-06-08T11:20:28.0000000Z;7.232;7.241;2765;4450
2026-06-08T11:20:29.0000000Z;7.233;7.241;3457;4450
2026-06-08T11:20:30.0000000Z;7.233;7.241;3457;4450
2026-06-08T11:20:32.0000000Z;7.233;7.241;3457;4450
2026-06-08T11:20:34.0000000Z;7.233;7.241;3457;7445
2026-06-08T11:20:35.0000000Z;7.233;7.241;3457;5616
2026-06-08T11:20:36.0000000Z;7.233;7.241;3457;4450
2026-06-08T11:20:37.0000000Z;7.233;7.241;3457;4450
2026-06-08T11:20:38.0000000Z;7.233;7.241;3457;4450
2026-06-08T11:20:39.0000000Z;7.231;7.241;1106;4450
2026-06-08T11:20:40.0000000Z;7.231;7.241;2765;4450
2026-06-08T11:20:41.0000000Z;7.231;7.241;37458;7853
2026-06-08T11:20:42.0000000Z;7.231;7.241;37458;7853
2026-06-08T11:20:44.0000000Z;7.231;7.241;37458;4450
2026-06-08T11:20:45.0000000Z;7.231;7.241;37458;7861
2026-06-08T11:20:46.0000000Z;7.231;7.241;1106;7861
2026-06-08T11:20:47.0000000Z;7.233;7.241;1106;6112
2026-06-08T11:20:48.0000000Z;7.233;7.241;1106;6112
2026-06-08T11:20:49.0000000Z;7.233;7.241;1106;4450
2026-06-08T11:20:50.0000000Z;7.233;7.241;2765;4450
2026-06-08T11:20:51.0000000Z;7.233;7.241;1106;4450
2026-06-08T11:20:52.0000000Z;7.233;7.241;1848;4450
2026-06-08T11:20:53.0000000Z;7.233;7.241;1848;4450
2026-06-08T11:20:54.0000000Z;7.233;7.241;1848;4450
2026-06-08T11:20:56.0000000Z;7.233;7.241;1848;4450
2026-06-08T11:20:58.0000000Z;7.233;7.241;1848;4450
2026-06-08T11:21:00.0000000Z;7.233;7.241;1848;4450
2026-06-08T11:21:01.0000000Z;7.233;7.241;1848;4450
2026-06-08T11:21:03.0000000Z;7.233;7.241;1848;4450
2026-06-08T11:21:04.0000000Z;7.233;7.241;1848;4450
2026-06-08T11:21:06.0000000Z;7.233;7.241;1848;4450
2026-06-08T11:21:07.0000000Z;7.233;7.241;1848;4450
2026-06-08T11:21:08.0000000Z;7.233;7.241;1848;4450
2026-06-08T11:21:09.0000000Z;7.233;7.241;1848;4450
2026-06-08T11:21:10.0000000Z;7.233;7.241;1848;4450
2026-06-08T11:21:11.0000000Z;7.233;7.241;1848;4450
2026-06-08T11:21:12.0000000Z;7.233;7.241;1848;4450
2026-06-08T11:21:13.0000000Z;7.233;7.245;1848;4450
2026-06-08T11:21:14.0000000Z;7.233;7.243;1848;4450
2026-06-08T11:21:15.0000000Z;7.233;7.242;1848;23810
2026-06-08T11:21:18.0000000Z;7.233;7.242;1848;23810
2026-06-08T11:21:19.0000000Z;7.233;7.243;1848;6538
2026-06-08T11:21:20.0000000Z;7.233;7.243;1848;4450
2026-06-08T11:21:22.0000000Z;7.233;7.243;1848;4450
2026-06-08T11:21:23.0000000Z;7.233;7.243;1848;5749
2026-06-08T11:21:24.0000000Z;7.233;7.242;1848;20357
2026-06-08T11:21:26.0000000Z;7.233;7.243;1848;4450
2026-06-08T11:21:31.0000000Z;7.233;7.243;1848;4450
2026-06-08T11:21:32.0000000Z;7.233;7.243;1848;6081
2026-06-08T11:21:34.0000000Z;7.233;7.243;1848;4450
2026-06-08T11:21:37.0000000Z;7.233;7.243;1848;4450
2026-06-08T11:21:38.0000000Z;7.233;7.243;1848;4450
2026-06-08T11:21:39.0000000Z;7.233;7.243;1848;4450
2026-06-08T11:21:40.0000000Z;7.233;7.243;1848;4450
2026-06-08T11:21:41.0000000Z;7.233;7.243;1848;4450
2026-06-08T11:21:42.0000000Z;7.233;7.243;1848;4450
2026-06-08T11:21:44.0000000Z;7.233;7.243;1848;4450
2026-06-08T11:21:45.0000000Z;7.233;7.243;1848;4450
2026-06-08T11:21:47.0000000Z;7.233;7.243;1848;4450
2026-06-08T11:21:48.0000000Z;7.233;7.243;1848;4450
2026-06-08T11:21:49.0000000Z;7.233;7.243;1848;4450
2026-06-08T11:21:51.0000000Z;7.233;7.243;1848;4450
2026-06-08T11:21:57.0000000Z;7.233;7.243;1848;4450
2026-06-08T11:21:58.0000000Z;7.233;7.245;1848;1762
2026-06-08T11:21:59.0000000Z;7.233;7.25;1848;5987
2026-06-08T11:22:00.0000000Z;7.233;7.25;1848;5987
2026-06-08T11:22:01.0000000Z;7.233;7.25;1848;5987
2026-06-08T11:22:02.0000000Z;7.233;7.244;1848;3452
2026-06-08T11:22:03.0000000Z;7.233;7.244;1848;3452
2026-06-08T11:22:04.0000000Z;7.233;7.244;1848;3452
2026-06-08T11:22:07.0000000Z;7.233;7.244;1848;3452
2026-06-08T11:22:08.0000000Z;7.233;7.247;1848;4450
2026-06-08T11:22:09.0000000Z;7.233;7.243;1848;20357
2026-06-08T11:22:10.0000000Z;7.233;7.243;1848;4450
2026-06-08T11:22:11.0000000Z;7.233;7.243;1848;4450
2026-06-08T11:22:13.0000000Z;7.233;7.243;1848;4450
2026-06-08T11:22:14.0000000Z;7.233;7.243;1848;4450
2026-06-08T11:22:15.0000000Z;7.233;7.243;1848;5761
2026-06-08T11:22:16.0000000Z;7.233;7.243;1848;5761
2026-06-08T11:22:17.0000000Z;7.233;7.243;1848;5761
2026-06-08T11:22:18.0000000Z;7.233;7.243;1848;5761
2026-06-08T11:22:19.0000000Z;7.233;7.243;1848;5761
2026-06-08T11:22:20.0000000Z;7.233;7.243;1848;7219
2026-06-08T11:22:21.0000000Z;7.233;7.243;1848;7219
2026-06-08T11:22:22.0000000Z;7.233;7.243;1848;7219
2026-06-08T11:22:23.0000000Z;7.233;7.243;1848;7219
2026-06-08T11:22:24.0000000Z;7.233;7.243;1848;8518
2026-06-08T11:22:25.0000000Z;7.233;7.243;1848;8518
2026-06-08T11:22:26.0000000Z;7.233;7.243;1848;8518
2026-06-08T11:22:34.0000000Z;7.233;7.243;1848;8518
2026-06-08T11:22:36.0000000Z;7.233;7.243;1848;8518
2026-06-08T11:22:37.0000000Z;7.233;7.243;1848;8518
2026-06-08T11:22:38.0000000Z;7.233;7.243;1848;8518
2026-06-08T11:22:39.0000000Z;7.233;7.243;1848;8518
2026-06-08T11:22:40.0000000Z;7.233;7.243;1848;8518
2026-06-08T11:22:41.0000000Z;7.233;7.243;1848;8518
2026-06-08T11:22:42.0000000Z;7.233;7.243;1106;8518
2026-06-08T11:22:43.0000000Z;7.233;7.243;1106;8518
2026-06-08T11:22:44.0000000Z;7.233;7.243;1822;8518
2026-06-08T11:22:45.0000000Z;7.233;7.243;2765;8518
2026-06-08T11:22:46.0000000Z;7.233;7.243;1106;8518
2026-06-08T11:22:47.0000000Z;7.233;7.243;1106;8518
2026-06-08T11:22:48.0000000Z;7.233;7.243;1106;8518
2026-06-08T11:22:51.0000000Z;7.233;7.243;1106;8518
2026-06-08T11:22:52.0000000Z;7.231;7.243;2765;8518
2026-06-08T11:22:53.0000000Z;7.231;7.243;1106;8518
2026-06-08T11:22:54.0000000Z;7.232;7.243;3457;8518
2026-06-08T11:22:55.0000000Z;7.232;7.243;3457;8518
2026-06-08T11:22:57.0000000Z;7.232;7.243;3457;8518
2026-06-08T11:22:58.0000000Z;7.232;7.24;3457;8060
2026-06-08T11:22:59.0000000Z;7.232;7.24;3457;34000
2026-06-08T11:23:00.0000000Z;7.232;7.245;3457;5987
2026-06-08T11:23:01.0000000Z;7.232;7.245;3457;5987
2026-06-08T11:23:02.0000000Z;7.231;7.244;34000;20338
2026-06-08T11:23:03.0000000Z;7.231;7.244;34000;20338
2026-06-08T11:23:04.0000000Z;7.231;7.244;34000;20338
2026-06-08T11:23:05.0000000Z;7.231;7.244;34000;20338
2026-06-08T11:23:06.0000000Z;7.231;7.244;34000;20338
2026-06-08T11:23:07.0000000Z;7.231;7.244;34000;20338
2026-06-08T11:23:08.0000000Z;7.231;7.244;1106;20338
2026-06-08T11:23:09.0000000Z;7.231;7.244;1106;20338
2026-06-08T11:23:10.0000000Z;7.231;7.244;1106;20338
2026-06-08T11:23:13.0000000Z;7.231;7.244;1106;20338
2026-06-08T11:23:14.0000000Z;7.231;7.244;2765;20338
2026-06-08T11:23:15.0000000Z;7.231;7.244;1106;20338
2026-06-08T11:23:16.0000000Z;7.231;7.244;2765;20338
2026-06-08T11:23:17.0000000Z;7.231;7.244;2765;20338
2026-06-08T11:23:18.0000000Z;7.231;7.244;2765;20338
2026-06-08T11:23:19.0000000Z;7.231;7.244;2765;20338
2026-06-08T11:23:21.0000000Z;7.231;7.244;2765;20338
2026-06-08T11:23:23.0000000Z;7.231;7.244;2765;20338
2026-06-08T11:23:24.0000000Z;7.231;7.244;2765;20338
2026-06-08T11:23:28.0000000Z;7.231;7.244;1953;20338
2026-06-08T11:23:30.0000000Z;7.231;7.244;2765;20338
2026-06-08T11:23:33.0000000Z;7.231;7.244;2765;20338
2026-06-08T11:23:38.0000000Z;7.231;7.244;1106;20338
2026-06-08T11:23:41.0000000Z;7.231;7.244;1106;20338
2026-06-08T11:23:44.0000000Z;7.231;7.244;2765;20338
2026-06-08T11:23:45.0000000Z;7.231;7.243;2765;3592
2026-06-08T11:23:46.0000000Z;7.228;7.243;1106;3592
2026-06-08T11:23:47.0000000Z;7.23;7.243;2765;3592
2026-06-08T11:23:50.0000000Z;7.23;7.243;37458;3592
2026-06-08T11:23:51.0000000Z;7.23;7.243;37458;3592
2026-06-08T11:23:52.0000000Z;7.23;7.243;34000;3592
2026-06-08T11:23:53.0000000Z;7.23;7.243;5160;3592
2026-06-08T11:23:54.0000000Z;7.23;7.243;5160;3592
2026-06-08T11:23:56.0000000Z;7.23;7.243;5160;3592
2026-06-08T11:23:57.0000000Z;7.23;7.243;36395;3592
2026-06-08T11:23:58.0000000Z;7.23;7.25;36395;2621
2026-06-08T11:23:59.0000000Z;7.23;7.243;36395;54338
2026-06-08T11:24:00.0000000Z;7.23;7.243;36395;20338
2026-06-08T11:24:01.0000000Z;7.23;7.243;36395;20338
2026-06-08T11:24:02.0000000Z;7.23;7.243;36395;20338
2026-06-08T11:24:03.0000000Z;7.23;7.244;36395;3592
2026-06-08T11:24:04.0000000Z;7.23;7.244;36395;3592
2026-06-08T11:24:05.0000000Z;7.23;7.244;36395;3592
2026-06-08T11:24:06.0000000Z;7.23;7.244;36395;3592
2026-06-08T11:24:07.0000000Z;7.23;7.244;36395;3592
2026-06-08T11:24:08.0000000Z;7.23;7.244;36395;3592
2026-06-08T11:24:17.0000000Z;7.23;7.244;36395;3592
2026-06-08T11:24:21.0000000Z;7.23;7.244;36395;3592
2026-06-08T11:24:22.0000000Z;7.23;7.244;36395;3592
2026-06-08T11:24:23.0000000Z;7.23;7.244;36395;3592
2026-06-08T11:24:24.0000000Z;7.23;7.244;36395;3592
2026-06-08T11:24:25.0000000Z;7.23;7.244;36395;3592
2026-06-08T11:24:28.0000000Z;7.23;7.244;36395;3592
2026-06-08T11:24:29.0000000Z;7.23;7.244;36395;3592
2026-06-08T11:24:30.0000000Z;7.23;7.244;36395;3592
2026-06-08T11:24:31.0000000Z;7.23;7.244;36395;3592
2026-06-08T11:24:32.0000000Z;7.23;7.244;36395;3592
2026-06-08T11:24:40.0000000Z;7.23;7.244;36395;3592
2026-06-08T11:24:41.0000000Z;7.23;7.244;36395;3592
2026-06-08T11:24:42.0000000Z;7.23;7.244;36395;3592
2026-06-08T11:24:46.0000000Z;7.23;7.244;36395;3592
2026-06-08T11:24:47.0000000Z;7.23;7.244;36395;3592
2026-06-08T11:24:58.0000000Z;7.23;7.244;34000;3592
2026-06-08T11:25:03.0000000Z;7.23;7.244;34000;3592
2026-06-08T11:25:05.0000000Z;7.23;7.244;34000;3592
2026-06-08T11:25:07.0000000Z;7.23;7.244;34000;3592
2026-06-08T11:25:12.0000000Z;7.23;7.244;34000;3592
2026-06-08T11:25:15.0000000Z;7.23;7.244;34000;3592
2026-06-08T11:25:19.0000000Z;7.23;7.244;34000;3592
2026-06-08T11:25:21.0000000Z;7.23;7.244;34000;5987
2026-06-08T11:25:22.0000000Z;7.23;7.244;34000;5987
2026-06-08T11:25:23.0000000Z;7.23;7.242;34000;3592
2026-06-08T11:25:24.0000000Z;7.23;7.242;3501;3592
2026-06-08T11:25:25.0000000Z;7.229;7.242;5160;3592
2026-06-08T11:25:26.0000000Z;7.229;7.242;5160;2942
2026-06-08T11:25:27.0000000Z;7.229;7.242;4834;2942
2026-06-08T11:25:28.0000000Z;7.229;7.242;4834;2942
2026-06-08T11:25:29.0000000Z;7.229;7.242;4834;2942
2026-06-08T11:25:30.0000000Z;7.229;7.243;4834;5987
2026-06-08T11:25:32.0000000Z;7.229;7.243;36395;5987
2026-06-08T11:25:33.0000000Z;7.229;7.242;36395;20338
2026-06-08T11:25:34.0000000Z;7.229;7.242;36395;20338
2026-06-08T11:25:35.0000000Z;7.229;7.242;36395;20338
2026-06-08T11:25:42.0000000Z;7.229;7.242;36395;20338
2026-06-08T11:25:43.0000000Z;7.229;7.242;36395;20338
2026-06-08T11:25:47.0000000Z;7.229;7.242;36395;20338
2026-06-08T11:25:48.0000000Z;7.229;7.242;36395;20338
2026-06-08T11:25:49.0000000Z;7.229;7.242;36395;20338
2026-06-08T11:25:50.0000000Z;7.229;7.242;36395;20338
2026-06-08T11:25:52.0000000Z;7.229;7.243;36395;5987
2026-06-08T11:25:53.0000000Z;7.229;7.243;36395;3592
2026-06-08T11:25:55.0000000Z;7.229;7.243;36395;3592
2026-06-08T11:26:00.0000000Z;7.229;7.243;36395;3592
2026-06-08T11:26:01.0000000Z;7.229;7.243;36395;3592
2026-06-08T11:26:02.0000000Z;7.229;7.243;36395;3592
2026-06-08T11:26:03.0000000Z;7.229;7.243;36395;3592
2026-06-08T11:26:05.0000000Z;7.229;7.243;36395;3592
2026-06-08T11:26:07.0000000Z;7.229;7.243;36395;3592
2026-06-08T11:26:08.0000000Z;7.229;7.243;36395;3592
2026-06-08T11:26:09.0000000Z;7.229;7.243;36395;3592
2026-06-08T11:26:10.0000000Z;7.229;7.243;36395;3592
2026-06-08T11:26:11.0000000Z;7.229;7.243;36395;3592
2026-06-08T11:26:12.0000000Z;7.229;7.243;36395;3592
2026-06-08T11:26:13.0000000Z;7.229;7.243;36395;3592
2026-06-08T11:26:15.0000000Z;7.229;7.242;36395;20355
2026-06-08T11:26:16.0000000Z;7.229;7.243;36395;34000
2026-06-08T11:26:17.0000000Z;7.229;7.245;36395;2395
2026-06-08T11:26:18.0000000Z;7.229;7.244;36395;5987
2026-06-08T11:26:19.0000000Z;7.229;7.243;36395;20355
2026-06-08T11:26:20.0000000Z;7.229;7.243;36395;20355
2026-06-08T11:26:21.0000000Z;7.229;7.243;36395;20355
2026-06-08T11:26:23.0000000Z;7.229;7.243;36395;20355
2026-06-08T11:26:25.0000000Z;7.229;7.244;36395;3592
2026-06-08T11:26:26.0000000Z;7.229;7.244;36395;3592
2026-06-08T11:26:28.0000000Z;7.229;7.244;36395;3592
2026-06-08T11:26:29.0000000Z;7.229;7.244;36395;3592
2026-06-08T11:26:45.0000000Z;7.229;7.244;36395;3592
2026-06-08T11:26:46.0000000Z;7.229;7.244;36395;3592
2026-06-08T11:26:47.0000000Z;7.229;7.244;36395;3592
2026-06-08T11:26:49.0000000Z;7.229;7.244;34000;3592
2026-06-08T11:26:50.0000000Z;7.232;7.244;2765;3592
2026-06-08T11:26:51.0000000Z;7.232;7.244;34000;3592
2026-06-08T11:26:52.0000000Z;7.232;7.244;34000;3592
2026-06-08T11:26:54.0000000Z;7.232;7.244;34000;3592
2026-06-08T11:26:59.0000000Z;7.232;7.244;1106;3592
2026-06-08T11:26:59.0000000Z;7.232;7.244;1106;3592
2026-06-08T11:27:00.0000000Z;7.232;7.244;3129;3592
2026-06-08T11:27:01.0000000Z;7.232;7.244;1106;3592
2026-06-08T11:27:02.0000000Z;7.232;7.244;2124;3592
2026-06-08T11:27:03.0000000Z;7.232;7.244;2124;34000
2026-06-08T11:27:04.0000000Z;7.232;7.242;2124;20355
2026-06-08T11:27:06.0000000Z;7.232;7.242;2124;20355
2026-06-08T11:27:08.0000000Z;7.232;7.242;2124;20355
2026-06-08T11:27:14.0000000Z;7.232;7.245;2124;3592
2026-06-08T11:27:17.0000000Z;7.232;7.244;2124;23807
2026-06-08T11:27:18.0000000Z;7.232;7.244;2124;23807
2026-06-08T11:27:21.0000000Z;7.232;7.244;2124;23807
2026-06-08T11:27:22.0000000Z;7.232;7.244;2124;20355
2026-06-08T11:27:27.0000000Z;7.232;7.243;2124;3592
2026-06-08T11:27:28.0000000Z;7.232;7.243;2124;3592
2026-06-08T11:27:34.0000000Z;7.232;7.243;2124;3592
2026-06-08T11:27:36.0000000Z;7.232;7.243;2124;3592
2026-06-08T11:27:37.0000000Z;7.232;7.245;2124;5987
2026-06-08T11:27:39.0000000Z;7.232;7.244;2124;23807
2026-06-08T11:27:40.0000000Z;7.232;7.244;2124;23807
2026-06-08T11:27:41.0000000Z;7.232;7.244;2124;23807
2026-06-08T11:27:43.0000000Z;7.232;7.244;2124;20355
2026-06-08T11:27:44.0000000Z;7.232;7.244;2124;20355
2026-06-08T11:27:50.0000000Z;7.232;7.244;2124;20355
2026-06-08T11:27:51.0000000Z;7.232;7.244;2124;20355
2026-06-08T11:27:52.0000000Z;7.232;7.244;2124;20355
2026-06-08T11:27:55.0000000Z;7.232;7.244;2124;20355
2026-06-08T11:28:00.0000000Z;7.232;7.244;2124;20355
2026-06-08T11:28:01.0000000Z;7.232;7.244;2124;20355
2026-06-08T11:28:08.0000000Z;7.232;7.243;2124;3592
2026-06-08T11:28:09.0000000Z;7.232;7.243;1106;3592
2026-06-08T11:28:12.0000000Z;7.232;7.243;1106;3592
2026-06-08T11:28:13.0000000Z;7.232;7.243;1106;3592
2026-06-08T11:28:14.0000000Z;7.229;7.242;4054;20355
2026-06-08T11:28:15.0000000Z;7.232;7.242;2765;20355
2026-06-08T11:28:16.0000000Z;7.231;7.242;34000;20355
2026-06-08T11:28:18.0000000Z;7.231;7.242;34000;20355
2026-06-08T11:28:20.0000000Z;7.231;7.242;34000;20355
2026-06-08T11:28:22.0000000Z;7.231;7.242;34000;20355
2026-06-08T11:28:23.0000000Z;7.231;7.246;34000;5987
2026-06-08T11:28:25.0000000Z;7.231;7.244;34000;3452
2026-06-08T11:28:27.0000000Z;7.231;7.244;34000;3452
2026-06-08T11:28:30.0000000Z;7.231;7.245;34000;20355
2026-06-08T11:28:31.0000000Z;7.231;7.244;1106;5987
2026-06-08T11:28:32.0000000Z;7.231;7.244;2765;5987
2026-06-08T11:28:37.0000000Z;7.231;7.246;1106;5987
2026-06-08T11:28:38.0000000Z;7.23;7.242;2765;3592
2026-06-08T11:28:39.0000000Z;7.23;7.241;37458;20355
2026-06-08T11:28:40.0000000Z;7.23;7.241;34000;20355
2026-06-08T11:28:41.0000000Z;7.23;7.241;34000;20355
2026-06-08T11:28:43.0000000Z;7.23;7.242;34000;34000
2026-06-08T11:28:44.0000000Z;7.23;7.242;34000;3592
2026-06-08T11:28:45.0000000Z;7.23;7.242;34000;3592
2026-06-08T11:28:46.0000000Z;7.23;7.242;34000;3592
2026-06-08T11:28:49.0000000Z;7.23;7.242;5160;3592
2026-06-08T11:28:51.0000000Z;7.23;7.242;5160;3592
2026-06-08T11:29:07.0000000Z;7.23;7.242;5160;2209
2026-06-08T11:29:08.0000000Z;7.23;7.242;5160;2209
2026-06-08T11:29:14.0000000Z;7.23;7.243;5160;3592
2026-06-08T11:29:15.0000000Z;7.23;7.242;5160;54355
2026-06-08T11:29:16.0000000Z;7.23;7.242;5160;20355
2026-06-08T11:29:17.0000000Z;7.23;7.242;5160;20355
2026-06-08T11:29:19.0000000Z;7.23;7.242;5160;20355
2026-06-08T11:29:20.0000000Z;7.23;7.245;5160;3592
2026-06-08T11:29:22.0000000Z;7.23;7.243;5160;3452
2026-06-08T11:29:23.0000000Z;7.23;7.244;5160;20355
2026-06-08T11:29:28.0000000Z;7.23;7.245;5160;5987
2026-06-08T11:29:30.0000000Z;7.23;7.245;5160;5987
2026-06-08T11:29:33.0000000Z;7.23;7.245;5160;5987
2026-06-08T11:29:34.0000000Z;7.23;7.245;5160;5987
2026-06-08T11:29:38.0000000Z;7.23;7.245;5160;3592
2026-06-08T11:29:39.0000000Z;7.23;7.245;5160;5987
2026-06-08T11:29:44.0000000Z;7.23;7.245;5160;5987
2026-06-08T11:29:45.0000000Z;7.23;7.245;5160;5987
2026-06-08T11:29:46.0000000Z;7.23;7.245;5160;5987
2026-06-08T11:29:54.0000000Z;7.23;7.243;5160;3592
2026-06-08T11:29:55.0000000Z;7.23;7.243;5160;3592
2026-06-08T11:29:56.0000000Z;7.23;7.243;5160;3592
2026-06-08T11:29:58.0000000Z;7.23;7.243;5160;3592
2026-06-08T11:29:59.0000000Z;7.23;7.243;5160;3592
2026-06-08T11:30:01.0000000Z;7.23;7.243;5160;3592
2026-06-08T11:30:02.0000000Z;7.23;7.243;5160;3592
2026-06-08T11:30:04.0000000Z;7.23;7.244;5160;3592
2026-06-08T11:30:06.0000000Z;7.23;7.244;5160;3592
2026-06-08T11:30:07.0000000Z;7.23;7.244;5160;5987
2026-06-08T11:30:09.0000000Z;7.23;7.244;5160;5987
2026-06-08T11:30:10.0000000Z;7.23;7.242;5160;3592
2026-06-08T11:30:12.0000000Z;7.23;7.242;5160;3592
2026-06-08T11:30:15.0000000Z;7.23;7.244;5160;5987
2026-06-08T11:30:16.0000000Z;7.23;7.244;5160;5987
2026-06-08T11:30:17.0000000Z;7.23;7.244;5160;5987
2026-06-08T11:30:18.0000000Z;7.23;7.242;5160;3592
2026-06-08T11:30:19.0000000Z;7.23;7.242;5160;3592
2026-06-08T11:30:20.0000000Z;7.23;7.242;5160;3592
2026-06-08T11:30:21.0000000Z;7.23;7.242;5160;3592
2026-06-08T11:30:22.0000000Z;7.23;7.242;5160;3592
2026-06-08T11:30:29.0000000Z;7.23;7.242;5160;3592
2026-06-08T11:30:34.0000000Z;7.23;7.242;5160;3592
2026-06-08T11:30:36.0000000Z;7.23;7.242;5160;3592
2026-06-08T11:30:50.0000000Z;7.23;7.242;5160;3592
2026-06-08T11:30:51.0000000Z;7.23;7.242;5160;3592
2026-06-08T11:30:52.0000000Z;7.23;7.242;5160;3592
2026-06-08T11:30:53.0000000Z;7.23;7.242;5160;3592
2026-06-08T11:30:54.0000000Z;7.23;7.242;5160;3592
2026-06-08T11:31:00.0000000Z;7.23;7.242;5160;54355
2026-06-08T11:31:04.0000000Z;7.23;7.242;5160;20355
2026-06-08T11:31:05.0000000Z;7.23;7.242;5160;20355
2026-06-08T11:31:09.0000000Z;7.23;7.243;5160;752
2026-06-08T11:31:10.0000000Z;7.23;7.243;5160;752
2026-06-08T11:31:11.0000000Z;7.23;7.243;5160;752
2026-06-08T11:31:14.0000000Z;7.23;7.246;5160;2395
2026-06-08T11:31:15.0000000Z;7.23;7.245;5160;3592
2026-06-08T11:31:16.0000000Z;7.23;7.244;5160;23807
2026-06-08T11:31:18.0000000Z;7.23;7.244;5160;23807
2026-06-08T11:31:23.0000000Z;7.23;7.244;5160;20355
2026-06-08T11:31:27.0000000Z;7.23;7.244;36395;20355
2026-06-08T11:31:28.0000000Z;7.23;7.244;36395;20355
2026-06-08T11:31:29.0000000Z;7.23;7.244;36395;20355
2026-06-08T11:31:33.0000000Z;7.23;7.244;36395;20355
2026-06-08T11:31:34.0000000Z;7.23;7.244;36395;20355
2026-06-08T11:31:35.0000000Z;7.23;7.244;36395;20355
2026-06-08T11:31:36.0000000Z;7.23;7.244;36395;20355
2026-06-08T11:31:38.0000000Z;7.23;7.244;36395;20355
2026-06-08T11:31:40.0000000Z;7.23;7.244;36395;20355
2026-06-08T11:31:45.0000000Z;7.23;7.244;36395;20355
2026-06-08T11:31:46.0000000Z;7.23;7.244;36395;20347
2026-06-08T11:31:47.0000000Z;7.23;7.244;36395;20355
2026-06-08T11:31:49.0000000Z;7.23;7.244;36395;20355
2026-06-08T11:31:57.0000000Z;7.23;7.244;36395;20355
2026-06-08T11:31:59.0000000Z;7.23;7.244;36395;20355
2026-06-08T11:32:00.0000000Z;7.23;7.244;36395;20355
2026-06-08T11:32:03.0000000Z;7.23;7.244;36395;20355
2026-06-08T11:32:04.0000000Z;7.23;7.244;36395;20355
2026-06-08T11:32:05.0000000Z;7.23;7.247;36395;5987
2026-06-08T11:32:06.0000000Z;7.23;7.247;36395;5987
2026-06-08T11:32:07.0000000Z;7.23;7.247;36395;5987
2026-06-08T11:32:08.0000000Z;7.23;7.246;36395;23798
2026-06-08T11:32:09.0000000Z;7.23;7.246;36395;23798
2026-06-08T11:32:10.0000000Z;7.23;7.245;36395;3592
2026-06-08T11:32:11.0000000Z;7.23;7.245;36395;3592
2026-06-08T11:32:12.0000000Z;7.23;7.245;36395;3592
2026-06-08T11:32:13.0000000Z;7.23;7.245;36395;3592
2026-06-08T11:32:14.0000000Z;7.23;7.245;36395;3592
2026-06-08T11:32:17.0000000Z;7.23;7.245;34000;3592
2026-06-08T11:32:21.0000000Z;7.23;7.246;34000;5987
2026-06-08T11:32:22.0000000Z;7.23;7.245;34000;20347
2026-06-08T11:32:27.0000000Z;7.23;7.249;3501;2395
2026-06-08T11:32:30.0000000Z;7.23;7.246;3501;3451
2026-06-08T11:32:32.0000000Z;7.23;7.249;3501;34000
2026-06-08T11:32:33.0000000Z;7.23;7.249;3501;2395
2026-06-08T11:32:34.0000000Z;7.23;7.249;3501;2395
2026-06-08T11:32:35.0000000Z;7.23;7.249;3501;2395
2026-06-08T11:32:37.0000000Z;7.23;7.249;3501;2395
2026-06-08T11:32:38.0000000Z;7.23;7.249;3501;2395
2026-06-08T11:32:42.0000000Z;7.23;7.252;3501;2621
2026-06-08T11:32:43.0000000Z;7.23;7.252;3501;2621
2026-06-08T11:32:44.0000000Z;7.23;7.251;3501;20347
2026-06-08T11:32:46.0000000Z;7.23;7.251;3501;20347
2026-06-08T11:32:47.0000000Z;7.23;7.252;3501;34000
2026-06-08T11:32:48.0000000Z;7.23;7.252;3501;2621
2026-06-08T11:32:49.0000000Z;7.23;7.252;3501;2621
2026-06-08T11:32:50.0000000Z;7.23;7.252;3501;2621
2026-06-08T11:32:51.0000000Z;7.23;7.252;3501;2621
2026-06-08T11:32:52.0000000Z;7.23;7.252;3501;2621
2026-06-08T11:32:53.0000000Z;7.23;7.254;3501;2621
2026-06-08T11:32:54.0000000Z;7.23;7.252;3501;2621
2026-06-08T11:32:55.0000000Z;7.23;7.254;3501;2621
2026-06-08T11:32:56.0000000Z;7.23;7.254;3501;5016
2026-06-08T11:32:57.0000000Z;7.23;7.252;3501;2621
2026-06-08T11:33:00.0000000Z;7.23;7.252;3501;2621
2026-06-08T11:33:02.0000000Z;7.23;7.252;3501;54347
2026-06-08T11:33:04.0000000Z;7.23;7.252;3501;20347
2026-06-08T11:33:05.0000000Z;7.23;7.252;3501;20347
2026-06-08T11:33:10.0000000Z;7.23;7.252;3501;20347
2026-06-08T11:33:13.0000000Z;7.23;7.252;3501;20347
2026-06-08T11:33:15.0000000Z;7.23;7.253;3501;54347
2026-06-08T11:33:16.0000000Z;7.23;7.252;3501;2621
2026-06-08T11:33:17.0000000Z;7.23;7.252;3501;2621
2026-06-08T11:33:19.0000000Z;7.23;7.252;3501;2621
2026-06-08T11:33:20.0000000Z;7.23;7.252;3501;34000
2026-06-08T11:33:21.0000000Z;7.23;7.253;3501;5016
2026-06-08T11:33:22.0000000Z;7.23;7.253;3501;5016
2026-06-08T11:33:23.0000000Z;7.23;7.252;3501;20347
2026-06-08T11:33:28.0000000Z;7.23;7.252;3501;20347
2026-06-08T11:33:30.0000000Z;7.23;7.252;3501;20347
2026-06-08T11:33:31.0000000Z;7.23;7.252;3501;2621
2026-06-08T11:33:32.0000000Z;7.23;7.252;3501;54347
2026-06-08T11:33:33.0000000Z;7.23;7.252;3501;20347
2026-06-08T11:33:37.0000000Z;7.23;7.252;3501;20347
2026-06-08T11:33:39.0000000Z;7.23;7.252;3501;20347
2026-06-08T11:33:40.0000000Z;7.23;7.254;3501;2621
2026-06-08T11:33:41.0000000Z;7.23;7.251;3501;2395
2026-06-08T11:33:42.0000000Z;7.23;7.25;3501;2621
2026-06-08T11:33:43.0000000Z;7.23;7.25;3501;54347
2026-06-08T11:33:46.0000000Z;7.23;7.254;3501;2621
2026-06-08T11:33:47.0000000Z;7.23;7.251;3501;2395
2026-06-08T11:33:48.0000000Z;7.23;7.251;3501;2395
2026-06-08T11:33:49.0000000Z;7.23;7.25;3501;20347
2026-06-08T11:33:51.0000000Z;7.23;7.251;3501;5016
2026-06-08T11:33:52.0000000Z;7.23;7.25;3501;54347
2026-06-08T11:33:53.0000000Z;7.23;7.249;3501;3931
2026-06-08T11:33:54.0000000Z;7.23;7.248;3501;2395
2026-06-08T11:33:55.0000000Z;7.23;7.248;3501;54347
2026-06-08T11:33:57.0000000Z;7.23;7.247;3501;5987
2026-06-08T11:33:58.0000000Z;7.23;7.247;3501;5987
2026-06-08T11:33:59.0000000Z;7.23;7.247;3501;5987
2026-06-08T11:34:04.0000000Z;7.23;7.247;3501;5987
2026-06-08T11:34:06.0000000Z;7.23;7.247;3501;5987
2026-06-08T11:34:08.0000000Z;7.23;7.247;3501;5987
2026-06-08T11:34:09.0000000Z;7.23;7.247;3501;5987
2026-06-08T11:34:14.0000000Z;7.23;7.247;3501;5987
2026-06-08T11:34:15.0000000Z;7.23;7.247;3501;5987
2026-06-08T11:34:16.0000000Z;7.23;7.247;3501;5987
2026-06-08T11:34:17.0000000Z;7.23;7.247;3501;5987
2026-06-08T11:34:20.0000000Z;7.23;7.245;3501;3208
2026-06-08T11:34:21.0000000Z;7.23;7.245;3501;3208
2026-06-08T11:34:23.0000000Z;7.23;7.245;3501;3208
2026-06-08T11:34:25.0000000Z;7.23;7.245;3501;3208
2026-06-08T11:34:26.0000000Z;7.23;7.245;3501;3208
2026-06-08T11:34:27.0000000Z;7.23;7.248;3501;2621
2026-06-08T11:34:28.0000000Z;7.23;7.245;3501;3371
2026-06-08T11:34:29.0000000Z;7.23;7.245;3501;3371
2026-06-08T11:34:30.0000000Z;7.23;7.245;3501;3371
2026-06-08T11:34:32.0000000Z;7.23;7.245;3501;3371
2026-06-08T11:34:36.0000000Z;7.23;7.245;3501;3371
2026-06-08T11:34:42.0000000Z;7.23;7.245;3501;3371
2026-06-08T11:34:44.0000000Z;7.23;7.245;3501;3371
2026-06-08T11:34:47.0000000Z;7.226;7.245;1107;3371
2026-06-08T11:34:49.0000000Z;7.229;7.245;3459;3371
2026-06-08T11:34:53.0000000Z;7.226;7.245;1107;3371
2026-06-08T11:34:54.0000000Z;7.226;7.245;34000;3371
2026-06-08T11:34:56.0000000Z;7.226;7.245;34000;3371
2026-06-08T11:34:59.0000000Z;7.226;7.245;34000;3371
2026-06-08T11:34:59.0000000Z;7.226;7.245;1107;3371
2026-06-08T11:35:01.0000000Z;7.226;7.245;1107;3371
2026-06-08T11:35:03.0000000Z;7.226;7.245;1107;3371
2026-06-08T11:35:05.0000000Z;7.226;7.245;1107;3371
2026-06-08T11:35:07.0000000Z;7.226;7.245;1107;3371
2026-06-08T11:35:09.0000000Z;7.226;7.245;1107;3371
2026-06-08T11:35:11.0000000Z;7.226;7.245;1107;3371
2026-06-08T11:35:13.0000000Z;7.228;7.247;1106;2395
2026-06-08T11:35:14.0000000Z;7.23;7.245;1106;2395
2026-06-08T11:35:15.0000000Z;7.23;7.243;1106;20347
2026-06-08T11:35:18.0000000Z;7.23;7.243;1106;20342
2026-06-08T11:35:19.0000000Z;7.23;7.243;1106;20342
2026-06-08T11:35:20.0000000Z;7.23;7.246;1106;7184
2026-06-08T11:35:21.0000000Z;7.23;7.244;1106;5987
2026-06-08T11:35:23.0000000Z;7.23;7.244;1106;5987
2026-06-08T11:35:24.0000000Z;7.23;7.244;1928;5987
2026-06-08T11:35:25.0000000Z;7.23;7.244;1928;5987
2026-06-08T11:35:26.0000000Z;7.23;7.244;1928;3592
2026-06-08T11:35:27.0000000Z;7.229;7.244;2765;3592
2026-06-08T11:35:28.0000000Z;7.229;7.244;2765;3592
2026-06-08T11:35:29.0000000Z;7.229;7.244;34000;5987
2026-06-08T11:35:30.0000000Z;7.229;7.244;34000;5987
2026-06-08T11:35:31.0000000Z;7.229;7.244;34000;5987
2026-06-08T11:35:35.0000000Z;7.229;7.244;34000;5987
2026-06-08T11:35:43.0000000Z;7.229;7.244;34000;5987
2026-06-08T11:35:46.0000000Z;7.229;7.244;34000;5987
2026-06-08T11:35:48.0000000Z;7.229;7.244;34000;5987
2026-06-08T11:35:50.0000000Z;7.229;7.244;34000;5987
2026-06-08T11:35:51.0000000Z;7.229;7.244;34000;5987
2026-06-08T11:35:52.0000000Z;7.229;7.244;34000;5987
2026-06-08T11:35:55.0000000Z;7.229;7.244;34000;5987
2026-06-08T11:35:56.0000000Z;7.229;7.244;34000;5987
2026-06-08T11:35:57.0000000Z;7.229;7.244;34000;5987
2026-06-08T11:36:00.0000000Z;7.229;7.244;34000;5987
2026-06-08T11:36:02.0000000Z;7.229;7.244;34000;5987
2026-06-08T11:36:03.0000000Z;7.229;7.244;34000;5987
2026-06-08T11:36:04.0000000Z;7.229;7.244;34000;5987
2026-06-08T11:36:05.0000000Z;7.229;7.244;34000;34000
2026-06-08T11:36:06.0000000Z;7.229;7.242;34000;20342
2026-06-08T11:36:07.0000000Z;7.229;7.242;34000;20342
2026-06-08T11:36:10.0000000Z;7.229;7.242;34000;20342
2026-06-08T11:36:11.0000000Z;7.229;7.242;34000;20342
2026-06-08T11:36:12.0000000Z;7.229;7.242;34000;20342
2026-06-08T11:36:14.0000000Z;7.229;7.242;34000;20342
2026-06-08T11:36:15.0000000Z;7.229;7.242;34000;20342
2026-06-08T11:36:17.0000000Z;7.229;7.242;34000;20342
2026-06-08T11:36:18.0000000Z;7.229;7.242;34000;20342
2026-06-08T11:36:27.0000000Z;7.229;7.242;34000;20342
2026-06-08T11:36:30.0000000Z;7.229;7.242;34000;20342
2026-06-08T11:36:33.0000000Z;7.229;7.242;1106;20342
2026-06-08T11:36:34.0000000Z;7.229;7.242;1106;20342
2026-06-08T11:36:35.0000000Z;7.229;7.242;2765;20342
2026-06-08T11:36:40.0000000Z;7.229;7.242;2765;20342
2026-06-08T11:36:45.0000000Z;7.229;7.243;2765;5987
2026-06-08T11:36:48.0000000Z;7.229;7.243;2765;5987
2026-06-08T11:36:49.0000000Z;7.229;7.243;2765;5987
2026-06-08T11:36:50.0000000Z;7.229;7.243;2765;5987
2026-06-08T11:36:57.0000000Z;7.229;7.243;2765;5987
2026-06-08T11:36:58.0000000Z;7.229;7.243;2765;5987
2026-06-08T11:37:00.0000000Z;7.229;7.243;2765;5987
2026-06-08T11:37:03.0000000Z;7.229;7.243;2765;5987
2026-06-08T11:37:04.0000000Z;7.229;7.243;2765;5987
2026-06-08T11:37:08.0000000Z;7.229;7.243;2765;5987
2026-06-08T11:37:09.0000000Z;7.229;7.243;2765;5987
2026-06-08T11:37:13.0000000Z;7.229;7.243;2765;5987
2026-06-08T11:37:16.0000000Z;7.229;7.243;2765;5987
2026-06-08T11:37:17.0000000Z;7.229;7.243;2765;5987
2026-06-08T11:37:19.0000000Z;7.229;7.243;2765;5987
2026-06-08T11:37:20.0000000Z;7.229;7.243;2765;5987
2026-06-08T11:37:22.0000000Z;7.229;7.243;2765;5987
2026-06-08T11:37:23.0000000Z;7.229;7.243;2765;3592
2026-06-08T11:37:25.0000000Z;7.229;7.243;2765;3592
2026-06-08T11:37:31.0000000Z;7.229;7.243;2765;34000
2026-06-08T11:37:32.0000000Z;7.229;7.244;2765;3592
2026-06-08T11:37:33.0000000Z;7.229;7.244;2765;3592
2026-06-08T11:37:34.0000000Z;7.229;7.243;2765;20342
2026-06-08T11:37:35.0000000Z;7.229;7.243;2765;20342
2026-06-08T11:37:36.0000000Z;7.229;7.243;2765;20342
2026-06-08T11:37:40.0000000Z;7.229;7.243;2765;20342
2026-06-08T11:37:41.0000000Z;7.229;7.243;2765;20342
2026-06-08T11:37:42.0000000Z;7.229;7.243;2765;20342
2026-06-08T11:37:43.0000000Z;7.229;7.243;2765;20342
2026-06-08T11:37:45.0000000Z;7.229;7.243;2765;20342
2026-06-08T11:37:49.0000000Z;7.229;7.243;2765;20342
2026-06-08T11:37:50.0000000Z;7.229;7.243;2765;20342
2026-06-08T11:37:54.0000000Z;7.229;7.243;2765;20342
2026-06-08T11:37:56.0000000Z;7.229;7.243;2765;20342
2026-06-08T11:38:00.0000000Z;7.229;7.244;2765;5987
2026-06-08T11:38:01.0000000Z;7.229;7.244;2765;3592
2026-06-08T11:38:02.0000000Z;7.229;7.244;2765;3592
2026-06-08T11:38:03.0000000Z;7.229;7.244;2765;3592
2026-06-08T11:38:05.0000000Z;7.229;7.244;2765;3592
2026-06-08T11:38:06.0000000Z;7.229;7.244;2765;5987
2026-06-08T11:38:07.0000000Z;7.229;7.244;2765;5987
2026-06-08T11:38:09.0000000Z;7.229;7.244;2765;3592
2026-06-08T11:38:10.0000000Z;7.229;7.244;2765;5987
2026-06-08T11:38:13.0000000Z;7.229;7.244;2765;3592
2026-06-08T11:38:15.0000000Z;7.229;7.244;2765;5987
2026-06-08T11:38:17.0000000Z;7.229;7.244;2765;5987
2026-06-08T11:38:21.0000000Z;7.229;7.244;2765;5987
2026-06-08T11:38:22.0000000Z;7.229;7.244;2765;3592
2026-06-08T11:38:23.0000000Z;7.229;7.244;2765;3592
2026-06-08T11:38:25.0000000Z;7.229;7.244;2765;3592
2026-06-08T11:38:27.0000000Z;7.229;7.244;2765;3592
2026-06-08T11:38:33.0000000Z;7.229;7.244;2765;3592
2026-06-08T11:38:34.0000000Z;7.229;7.244;2765;3592
2026-06-08T11:38:39.0000000Z;7.229;7.244;2765;3592
2026-06-08T11:38:40.0000000Z;7.229;7.244;2765;3592
2026-06-08T11:38:42.0000000Z;7.229;7.244;2765;3592
2026-06-08T11:38:44.0000000Z;7.229;7.244;2765;3592
2026-06-08T11:38:46.0000000Z;7.229;7.244;2765;3592
2026-06-08T11:38:48.0000000Z;7.229;7.244;2765;3592
2026-06-08T11:38:50.0000000Z;7.229;7.244;2765;3592
2026-06-08T11:38:52.0000000Z;7.229;7.244;2765;3592
2026-06-08T11:38:54.0000000Z;7.229;7.244;2765;3592
2026-06-08T11:38:56.0000000Z;7.229;7.244;2765;3592
2026-06-08T11:38:58.0000000Z;7.229;7.244;2765;3592
2026-06-08T11:39:00.0000000Z;7.229;7.244;2765;3592
2026-06-08T11:39:02.0000000Z;7.229;7.244;2765;3592
2026-06-08T11:39:10.0000000Z;7.229;7.244;2765;3592
2026-06-08T11:39:11.0000000Z;7.229;7.244;2765;3592
2026-06-08T11:39:12.0000000Z;7.229;7.244;2765;3592
2026-06-08T11:39:14.0000000Z;7.229;7.244;2765;3592
2026-06-08T11:39:16.0000000Z;7.229;7.244;2765;3592
2026-06-08T11:39:17.0000000Z;7.229;7.248;2765;2395
2026-06-08T11:39:18.0000000Z;7.229;7.247;5160;5987
2026-06-08T11:39:19.0000000Z;7.229;7.247;5160;5987
2026-06-08T11:39:20.0000000Z;7.229;7.245;5160;3451
2026-06-08T11:39:21.0000000Z;7.229;7.245;5160;3592
2026-06-08T11:39:22.0000000Z;7.229;7.245;2765;3592
2026-06-08T11:39:25.0000000Z;7.229;7.245;2765;3592
2026-06-08T11:39:26.0000000Z;7.229;7.245;2765;3592
2026-06-08T11:39:28.0000000Z;7.229;7.245;2765;3592
2026-06-08T11:39:34.0000000Z;7.229;7.245;2765;3592
2026-06-08T11:39:35.0000000Z;7.229;7.245;36395;3592
2026-06-08T11:39:36.0000000Z;7.229;7.245;36395;3592
2026-06-08T11:39:37.0000000Z;7.229;7.245;36395;3592
2026-06-08T11:39:39.0000000Z;7.229;7.245;36395;3592
2026-06-08T11:39:40.0000000Z;7.229;7.245;2765;3592
2026-06-08T11:39:41.0000000Z;7.229;7.245;2765;3592
2026-06-08T11:39:42.0000000Z;7.229;7.246;2765;3592
2026-06-08T11:39:43.0000000Z;7.229;7.246;5160;5987
2026-06-08T11:39:44.0000000Z;7.229;7.246;5160;3592
2026-06-08T11:39:45.0000000Z;7.229;7.245;5160;20342
2026-06-08T11:39:46.0000000Z;7.229;7.246;5160;5987
2026-06-08T11:39:47.0000000Z;7.229;7.246;5160;5987
2026-06-08T11:39:50.0000000Z;7.229;7.246;5160;5987
2026-06-08T11:39:52.0000000Z;7.229;7.246;2765;5987
2026-06-08T11:39:53.0000000Z;7.229;7.247;5160;3592
2026-06-08T11:39:54.0000000Z;7.229;7.247;5160;3592
2026-06-08T11:39:55.0000000Z;7.229;7.247;5160;5987
2026-06-08T11:39:56.0000000Z;7.229;7.247;5160;5987
2026-06-08T11:39:58.0000000Z;7.229;7.245;5160;3592
2026-06-08T11:39:59.0000000Z;7.229;7.244;5160;20342
2026-06-08T11:40:00.0000000Z;7.229;7.245;5160;3592
2026-06-08T11:40:03.0000000Z;7.229;7.245;5160;3592
2026-06-08T11:40:08.0000000Z;7.229;7.246;5160;5987
2026-06-08T11:40:10.0000000Z;7.229;7.246;5160;5987
2026-06-08T11:40:11.0000000Z;7.229;7.245;5160;20342
2026-06-08T11:40:13.0000000Z;7.229;7.245;5160;20342
2026-06-08T11:40:14.0000000Z;7.229;7.247;5160;5987
2026-06-08T11:40:15.0000000Z;7.229;7.247;5160;5987
2026-06-08T11:40:16.0000000Z;7.229;7.245;5160;3592
2026-06-08T11:40:17.0000000Z;7.229;7.245;5160;3592
2026-06-08T11:40:18.0000000Z;7.229;7.245;5160;3592
2026-06-08T11:40:19.0000000Z;7.229;7.245;5160;3592
2026-06-08T11:40:20.0000000Z;7.229;7.244;5160;20348
2026-06-08T11:40:22.0000000Z;7.229;7.245;5160;34000
2026-06-08T11:40:23.0000000Z;7.229;7.245;5160;54348
2026-06-08T11:40:25.0000000Z;7.229;7.245;5160;20348
2026-06-08T11:40:29.0000000Z;7.229;7.246;5160;5987
2026-06-08T11:40:30.0000000Z;7.229;7.246;5160;3592
2026-06-08T11:40:31.0000000Z;7.229;7.246;5160;5987
2026-06-08T11:40:32.0000000Z;7.229;7.246;5160;5987
2026-06-08T11:40:33.0000000Z;7.229;7.246;5160;5987
2026-06-08T11:40:34.0000000Z;7.229;7.246;5160;5987
2026-06-08T11:40:35.0000000Z;7.229;7.246;5160;5987
2026-06-08T11:40:36.0000000Z;7.229;7.246;5160;5987
2026-06-08T11:40:37.0000000Z;7.229;7.246;5160;5987
2026-06-08T11:40:39.0000000Z;7.229;7.246;5160;3592
2026-06-08T11:40:41.0000000Z;7.229;7.246;5160;3592
2026-06-08T11:40:48.0000000Z;7.229;7.246;5160;5987
2026-06-08T11:40:50.0000000Z;7.229;7.246;5160;3592
2026-06-08T11:41:03.0000000Z;7.229;7.246;5160;3592
2026-06-08T11:41:04.0000000Z;7.229;7.246;5160;3592
2026-06-08T11:41:06.0000000Z;7.229;7.246;5160;5987
2026-06-08T11:41:08.0000000Z;7.229;7.246;5160;34000
2026-06-08T11:41:09.0000000Z;7.229;7.244;5160;20348
2026-06-08T11:41:13.0000000Z;7.229;7.244;5160;20348
2026-06-08T11:41:15.0000000Z;7.229;7.244;5160;20348
2026-06-08T11:41:16.0000000Z;7.229;7.245;5160;54348
2026-06-08T11:41:17.0000000Z;7.229;7.246;5160;5987
2026-06-08T11:41:19.0000000Z;7.229;7.246;5160;5987
2026-06-08T11:41:20.0000000Z;7.229;7.246;5160;5987
2026-06-08T11:41:21.0000000Z;7.229;7.246;5160;5987
2026-06-08T11:41:22.0000000Z;7.229;7.246;5160;3592
2026-06-08T11:41:25.0000000Z;7.229;7.246;5160;3592
2026-06-08T11:41:26.0000000Z;7.229;7.246;5160;3592
2026-06-08T11:41:27.0000000Z;7.229;7.246;5160;3592
2026-06-08T11:41:30.0000000Z;7.229;7.246;5160;3592
2026-06-08T11:41:31.0000000Z;7.229;7.246;5160;3592
2026-06-08T11:41:35.0000000Z;7.229;7.246;5160;5987
2026-06-08T11:41:37.0000000Z;7.229;7.246;5160;5987
2026-06-08T11:41:40.0000000Z;7.229;7.246;2765;5987
2026-06-08T11:41:42.0000000Z;7.229;7.246;2765;3592
2026-06-08T11:41:43.0000000Z;7.229;7.246;5160;5987
2026-06-08T11:41:44.0000000Z;7.229;7.246;5160;5987
2026-06-08T11:41:46.0000000Z;7.229;7.246;5160;5987
2026-06-08T11:41:48.0000000Z;7.229;7.246;5160;5987
2026-06-08T11:41:49.0000000Z;7.229;7.246;5160;5987
2026-06-08T11:41:50.0000000Z;7.229;7.246;5160;5987
2026-06-08T11:41:52.0000000Z;7.229;7.246;5160;5987
2026-06-08T11:41:53.0000000Z;7.229;7.246;2765;5987
2026-06-08T11:41:54.0000000Z;7.229;7.246;2765;5987
2026-06-08T11:41:55.0000000Z;7.229;7.246;2765;5987
2026-06-08T11:41:58.0000000Z;7.229;7.246;2765;5987
2026-06-08T11:42:00.0000000Z;7.229;7.246;2765;5987
2026-06-08T11:42:01.0000000Z;7.229;7.246;2765;5987
2026-06-08T11:42:02.0000000Z;7.229;7.246;5160;5987
2026-06-08T11:42:06.0000000Z;7.229;7.246;5160;5987
2026-06-08T11:42:07.0000000Z;7.229;7.246;5160;5987
2026-06-08T11:42:08.0000000Z;7.229;7.246;5160;5987
2026-06-08T11:42:09.0000000Z;7.229;7.248;5160;5987
2026-06-08T11:42:10.0000000Z;7.229;7.247;5160;3450
2026-06-08T11:42:11.0000000Z;7.229;7.247;5160;3450
2026-06-08T11:42:13.0000000Z;7.229;7.247;5160;3450
2026-06-08T11:42:15.0000000Z;7.229;7.247;5160;3450
2026-06-08T11:42:16.0000000Z;7.229;7.248;5160;56743
2026-06-08T11:42:17.0000000Z;7.229;7.248;5160;56743
2026-06-08T11:42:18.0000000Z;7.229;7.247;5160;2395
2026-06-08T11:42:19.0000000Z;7.229;7.246;5160;3592
2026-06-08T11:42:20.0000000Z;7.229;7.246;5160;54348
2026-06-08T11:42:21.0000000Z;7.229;7.246;5160;5987
2026-06-08T11:42:22.0000000Z;7.229;7.246;5160;5987
2026-06-08T11:42:23.0000000Z;7.229;7.246;5160;5987
2026-06-08T11:42:25.0000000Z;7.229;7.246;5160;5987
2026-06-08T11:42:27.0000000Z;7.229;7.246;5160;5987
2026-06-08T11:42:29.0000000Z;7.229;7.246;5160;5987
2026-06-08T11:42:31.0000000Z;7.229;7.246;5160;5987
2026-06-08T11:42:33.0000000Z;7.229;7.246;5160;5987
2026-06-08T11:42:34.0000000Z;7.229;7.246;5160;5987
2026-06-08T11:42:35.0000000Z;7.229;7.246;36395;5987
2026-06-08T11:42:36.0000000Z;7.229;7.246;36395;5987
2026-06-08T11:42:37.0000000Z;7.229;7.246;36395;5987
2026-06-08T11:42:39.0000000Z;7.229;7.246;36395;5987
2026-06-08T11:42:42.0000000Z;7.229;7.245;36395;20348
2026-06-08T11:42:43.0000000Z;7.229;7.245;36395;20348
2026-06-08T11:42:47.0000000Z;7.229;7.245;36395;20348
2026-06-08T11:42:49.0000000Z;7.229;7.245;34000;20348
2026-06-08T11:42:51.0000000Z;7.229;7.245;34000;11968
2026-06-08T11:42:52.0000000Z;7.229;7.248;34000;3592
2026-06-08T11:42:53.0000000Z;7.229;7.246;34000;3592
2026-06-08T11:43:07.0000000Z;7.229;7.246;2765;3592
2026-06-08T11:43:14.0000000Z;7.229;7.246;2765;3592
2026-06-08T11:43:15.0000000Z;7.229;7.246;2765;3592
2026-06-08T11:43:16.0000000Z;7.229;7.246;2765;3592
2026-06-08T11:43:18.0000000Z;7.234;7.246;1105;3592
2026-06-08T11:43:19.0000000Z;7.234;7.251;34000;19966
2026-06-08T11:43:20.0000000Z;7.234;7.246;34000;11968
2026-06-08T11:43:22.0000000Z;7.234;7.246;34000;11968
2026-06-08T11:43:23.0000000Z;7.233;7.246;2765;11968
2026-06-08T11:43:25.0000000Z;7.233;7.247;34000;5987
2026-06-08T11:43:26.0000000Z;7.233;7.247;1106;5987
2026-06-08T11:43:27.0000000Z;7.233;7.247;1106;5987
2026-06-08T11:43:28.0000000Z;7.233;7.247;1106;5987
2026-06-08T11:43:30.0000000Z;7.233;7.246;1106;11968
2026-06-08T11:43:31.0000000Z;7.231;7.247;2765;3592
2026-06-08T11:43:32.0000000Z;7.231;7.245;2765;3592
2026-06-08T11:43:33.0000000Z;7.232;7.245;3457;3592
2026-06-08T11:43:34.0000000Z;7.232;7.245;3457;3592
2026-06-08T11:43:35.0000000Z;7.232;7.245;3457;3592
2026-06-08T11:43:36.0000000Z;7.232;7.245;3457;3592
2026-06-08T11:43:38.0000000Z;7.232;7.245;3457;3592
2026-06-08T11:43:39.0000000Z;7.231;7.245;34000;3592
2026-06-08T11:43:40.0000000Z;7.231;7.245;34000;3592
2026-06-08T11:43:42.0000000Z;7.231;7.246;34000;5987
2026-06-08T11:43:43.0000000Z;7.231;7.246;34000;49419
2026-06-08T11:43:44.0000000Z;7.231;7.246;34000;49419
2026-06-08T11:43:45.0000000Z;7.231;7.246;34000;49419
2026-06-08T11:43:46.0000000Z;7.231;7.246;34000;49419
2026-06-08T11:43:47.0000000Z;7.231;7.246;34000;49419
2026-06-08T11:43:48.0000000Z;7.231;7.246;34000;3592
2026-06-08T11:43:49.0000000Z;7.231;7.246;2765;5987
2026-06-08T11:43:50.0000000Z;7.231;7.246;2765;5987
2026-06-08T11:43:52.0000000Z;7.231;7.246;2765;5987
2026-06-08T11:43:53.0000000Z;7.231;7.246;2765;5987
2026-06-08T11:43:56.0000000Z;7.231;7.246;2765;3592
2026-06-08T11:43:57.0000000Z;7.231;7.246;2765;5987
2026-06-08T11:44:03.0000000Z;7.231;7.246;2765;3592
2026-06-08T11:44:05.0000000Z;7.231;7.246;2765;5987
2026-06-08T11:44:06.0000000Z;7.231;7.246;2765;5987
2026-06-08T11:44:07.0000000Z;7.231;7.246;2765;5987
2026-06-08T11:44:08.0000000Z;7.231;7.246;2765;5987
2026-06-08T11:44:09.0000000Z;7.231;7.246;2765;5987
2026-06-08T11:44:10.0000000Z;7.231;7.246;2765;3592
2026-06-08T11:44:11.0000000Z;7.231;7.246;2765;3592
2026-06-08T11:44:12.0000000Z;7.231;7.246;2765;3592
2026-06-08T11:44:13.0000000Z;7.231;7.246;2765;3592
2026-06-08T11:44:14.0000000Z;7.231;7.246;2765;3592
2026-06-08T11:44:15.0000000Z;7.231;7.246;2765;3592
2026-06-08T11:44:16.0000000Z;7.231;7.246;2765;5987
2026-06-08T11:44:17.0000000Z;7.231;7.246;2765;5987
2026-06-08T11:44:18.0000000Z;7.231;7.244;2765;3592
2026-06-08T11:44:19.0000000Z;7.231;7.244;2765;3592
2026-06-08T11:44:20.0000000Z;7.231;7.244;2765;3592
2026-06-08T11:44:21.0000000Z;7.231;7.244;2765;3592
2026-06-08T11:44:22.0000000Z;7.231;7.244;2765;3592
2026-06-08T11:44:23.0000000Z;7.231;7.244;2765;3592
2026-06-08T11:44:25.0000000Z;7.231;7.244;2765;3592
2026-06-08T11:44:26.0000000Z;7.231;7.244;2765;3592
2026-06-08T11:44:27.0000000Z;7.231;7.244;2765;3592
2026-06-08T11:44:28.0000000Z;7.231;7.246;2765;5987
2026-06-08T11:44:29.0000000Z;7.231;7.246;2765;5987
2026-06-08T11:44:30.0000000Z;7.231;7.246;2765;5987
2026-06-08T11:44:31.0000000Z;7.231;7.245;2765;15419
2026-06-08T11:44:34.0000000Z;7.231;7.245;2765;11968
2026-06-08T11:44:35.0000000Z;7.231;7.245;2765;11968
2026-06-08T11:44:36.0000000Z;7.231;7.245;2765;11968
2026-06-08T11:44:37.0000000Z;7.231;7.245;2765;11968
2026-06-08T11:44:38.0000000Z;7.231;7.245;2765;11968
2026-06-08T11:44:39.0000000Z;7.231;7.245;2765;11968
2026-06-08T11:44:40.0000000Z;7.231;7.245;1106;11968
2026-06-08T11:44:41.0000000Z;7.231;7.246;1106;37941
2026-06-08T11:44:43.0000000Z;7.231;7.246;2408;5987
2026-06-08T11:44:45.0000000Z;7.231;7.246;2765;5987
2026-06-08T11:44:47.0000000Z;7.231;7.246;2765;5987
2026-06-08T11:44:48.0000000Z;7.231;7.246;1106;5987
2026-06-08T11:44:50.0000000Z;7.231;7.246;2765;5987
2026-06-08T11:44:51.0000000Z;7.231;7.246;2765;5987
2026-06-08T11:44:56.0000000Z;7.231;7.246;2765;5987
2026-06-08T11:44:58.0000000Z;7.231;7.246;2765;5987
2026-06-08T11:45:01.0000000Z;7.231;7.246;2765;5987
2026-06-08T11:45:07.0000000Z;7.231;7.246;2765;5987
2026-06-08T11:45:08.0000000Z;7.231;7.246;2765;5987
2026-06-08T11:45:11.0000000Z;7.23;7.246;2765;5987
2026-06-08T11:45:12.0000000Z;7.23;7.244;2765;3592
2026-06-08T11:45:14.0000000Z;7.23;7.244;37458;3592
2026-06-08T11:45:16.0000000Z;7.23;7.244;37458;3592
2026-06-08T11:45:17.0000000Z;7.23;7.244;34000;3592
2026-06-08T11:45:23.0000000Z;7.23;7.244;34000;3592
2026-06-08T11:45:29.0000000Z;7.23;7.244;34000;3592
2026-06-08T11:45:32.0000000Z;7.23;7.244;34000;3592
2026-06-08T11:45:33.0000000Z;7.23;7.244;34000;45968
2026-06-08T11:45:34.0000000Z;7.23;7.244;34000;11968
2026-06-08T11:45:36.0000000Z;7.23;7.244;34000;11968
2026-06-08T11:45:37.0000000Z;7.23;7.244;34000;11968
2026-06-08T11:45:39.0000000Z;7.23;7.244;34000;11968
2026-06-08T11:45:40.0000000Z;7.23;7.245;34000;5987
2026-06-08T11:45:41.0000000Z;7.23;7.245;34000;5987
2026-06-08T11:45:42.0000000Z;7.23;7.245;34000;5987
2026-06-08T11:45:48.0000000Z;7.23;7.243;34000;3592
2026-06-08T11:45:49.0000000Z;7.23;7.242;34000;11968
2026-06-08T11:45:52.0000000Z;7.23;7.243;34000;3592
2026-06-08T11:45:53.0000000Z;7.23;7.243;34000;3592
2026-06-08T11:45:54.0000000Z;7.23;7.243;34000;3592
2026-06-08T11:45:56.0000000Z;7.23;7.243;34000;3592
2026-06-08T11:45:58.0000000Z;7.23;7.243;34000;34000
2026-06-08T11:45:59.0000000Z;7.23;7.245;34000;5987
2026-06-08T11:46:00.0000000Z;7.23;7.245;34000;5987
2026-06-08T11:46:01.0000000Z;7.23;7.244;34000;15420
2026-06-08T11:46:03.0000000Z;7.23;7.244;34000;15420
2026-06-08T11:46:05.0000000Z;7.23;7.244;34000;11968
2026-06-08T11:46:06.0000000Z;7.23;7.244;34000;11968
2026-06-08T11:46:07.0000000Z;7.23;7.244;34000;11968
2026-06-08T11:46:09.0000000Z;7.23;7.244;34000;11968
2026-06-08T11:46:10.0000000Z;7.23;7.244;34000;11968
2026-06-08T11:46:11.0000000Z;7.23;7.244;34000;11968
2026-06-08T11:46:15.0000000Z;7.23;7.244;34000;11968
2026-06-08T11:46:18.0000000Z;7.23;7.244;34000;11968
2026-06-08T11:46:19.0000000Z;7.23;7.244;34000;11973
2026-06-08T11:46:21.0000000Z;7.23;7.244;34000;11973
2026-06-08T11:46:23.0000000Z;7.23;7.244;34000;11973
2026-06-08T11:46:24.0000000Z;7.23;7.244;34000;11973
2026-06-08T11:46:33.0000000Z;7.23;7.244;34000;11973
2026-06-08T11:46:35.0000000Z;7.23;7.244;34000;11973
2026-06-08T11:46:37.0000000Z;7.23;7.244;34000;11973
2026-06-08T11:46:38.0000000Z;7.23;7.244;34000;11973
2026-06-08T11:46:40.0000000Z;7.23;7.244;34000;11973
2026-06-08T11:46:44.0000000Z;7.23;7.244;34000;11973
2026-06-08T11:46:47.0000000Z;7.23;7.244;34000;11973
2026-06-08T11:46:49.0000000Z;7.23;7.244;34000;11973
2026-06-08T11:46:50.0000000Z;7.23;7.244;34000;11973
2026-06-08T11:46:51.0000000Z;7.23;7.244;34000;11973
2026-06-08T11:46:54.0000000Z;7.23;7.244;34000;11973
2026-06-08T11:46:55.0000000Z;7.229;7.244;8126;11973
2026-06-08T11:46:56.0000000Z;7.229;7.244;8126;11973
2026-06-08T11:46:57.0000000Z;7.229;7.244;37459;11973
2026-06-08T11:46:58.0000000Z;7.229;7.244;37459;11973
2026-06-08T11:47:01.0000000Z;7.229;7.244;37459;11973
2026-06-08T11:47:02.0000000Z;7.229;7.244;37459;11973
2026-06-08T11:47:05.0000000Z;7.229;7.245;34000;45973
2026-06-08T11:47:06.0000000Z;7.229;7.246;34000;10257
2026-06-08T11:47:07.0000000Z;7.229;7.244;34000;5987
2026-06-08T11:47:08.0000000Z;7.229;7.244;7177;5987
2026-06-08T11:47:09.0000000Z;7.229;7.244;7177;5987
2026-06-08T11:47:11.0000000Z;7.229;7.244;7177;5987
2026-06-08T11:47:15.0000000Z;7.229;7.244;7524;5987
2026-06-08T11:47:17.0000000Z;7.229;7.244;7524;5987
2026-06-08T11:47:19.0000000Z;7.229;7.244;7524;5987
2026-06-08T11:47:20.0000000Z;7.229;7.244;3501;5987
2026-06-08T11:47:21.0000000Z;7.229;7.244;1106;5987
2026-06-08T11:47:22.0000000Z;7.229;7.244;1106;5987
2026-06-08T11:47:23.0000000Z;7.229;7.244;34000;5987
2026-06-08T11:47:24.0000000Z;7.229;7.244;34000;5987
2026-06-08T11:47:26.0000000Z;7.229;7.244;34000;5987
2026-06-08T11:47:27.0000000Z;7.229;7.244;1106;5987
2026-06-08T11:47:28.0000000Z;7.229;7.244;1106;5987
2026-06-08T11:47:29.0000000Z;7.229;7.244;1106;5987
2026-06-08T11:47:30.0000000Z;7.229;7.244;1106;5987
2026-06-08T11:47:31.0000000Z;7.229;7.244;2018;5987
2026-06-08T11:47:32.0000000Z;7.229;7.244;2018;5987
2026-06-08T11:47:34.0000000Z;7.229;7.244;2765;5987
2026-06-08T11:47:35.0000000Z;7.229;7.244;2765;5987
2026-06-08T11:47:36.0000000Z;7.229;7.242;2765;3592
2026-06-08T11:47:37.0000000Z;7.229;7.242;1106;3592
2026-06-08T11:47:38.0000000Z;7.229;7.242;1832;3592
2026-06-08T11:47:39.0000000Z;7.23;7.242;34000;3592
2026-06-08T11:47:40.0000000Z;7.23;7.242;34000;3592
2026-06-08T11:47:41.0000000Z;7.229;7.242;1106;3592
2026-06-08T11:47:42.0000000Z;7.229;7.242;1106;3592
2026-06-08T11:47:43.0000000Z;7.229;7.242;34000;3592
2026-06-08T11:47:45.0000000Z;7.229;7.242;34000;3592
2026-06-08T11:47:46.0000000Z;7.229;7.242;2765;3592
2026-06-08T11:47:47.0000000Z;7.229;7.242;2765;3592
2026-06-08T11:47:48.0000000Z;7.229;7.242;1106;3592
2026-06-08T11:47:50.0000000Z;7.229;7.242;2552;3592
2026-06-08T11:47:52.0000000Z;7.229;7.242;2454;3592
2026-06-08T11:47:54.0000000Z;7.229;7.242;2454;3592
2026-06-08T11:47:56.0000000Z;7.229;7.242;2454;3592
2026-06-08T11:47:59.0000000Z;7.229;7.242;2454;3592
2026-06-08T11:48:00.0000000Z;7.229;7.242;2454;3592
2026-06-08T11:48:01.0000000Z;7.229;7.242;1106;3592
2026-06-08T11:48:02.0000000Z;7.229;7.242;1106;3592
2026-06-08T11:48:04.0000000Z;7.229;7.242;3501;3592
2026-06-08T11:48:05.0000000Z;7.229;7.243;3501;5987
2026-06-08T11:48:06.0000000Z;7.229;7.241;3501;3592
2026-06-08T11:48:10.0000000Z;7.229;7.241;3501;3592
2026-06-08T11:48:11.0000000Z;7.229;7.241;3501;3592
2026-06-08T11:48:12.0000000Z;7.229;7.241;3501;3592
2026-06-08T11:48:14.0000000Z;7.229;7.241;3501;3592
2026-06-08T11:48:16.0000000Z;7.229;7.242;3501;5987
2026-06-08T11:48:17.0000000Z;7.229;7.242;3501;5987
2026-06-08T11:48:18.0000000Z;7.229;7.242;3501;5987
2026-06-08T11:48:19.0000000Z;7.229;7.241;3501;11973
2026-06-08T11:48:20.0000000Z;7.229;7.241;3501;11973
2026-06-08T11:48:21.0000000Z;7.229;7.241;3501;11973
2026-06-08T11:48:22.0000000Z;7.229;7.241;3501;11973
2026-06-08T11:48:23.0000000Z;7.229;7.241;3501;11973
2026-06-08T11:48:24.0000000Z;7.229;7.241;3501;11973
2026-06-08T11:48:39.0000000Z;7.229;7.24;3501;3592
2026-06-08T11:48:43.0000000Z;7.228;7.24;5160;3592
2026-06-08T11:48:44.0000000Z;7.229;7.24;1106;3592
2026-06-08T11:48:45.0000000Z;7.228;7.24;36395;3592
2026-06-08T11:48:46.0000000Z;7.228;7.24;3501;3592
2026-06-08T11:48:47.0000000Z;7.228;7.24;4507;3592
2026-06-08T11:48:48.0000000Z;7.228;7.24;3501;3592
2026-06-08T11:48:50.0000000Z;7.228;7.244;6261;7862
2026-06-08T11:48:51.0000000Z;7.228;7.24;6843;3592
2026-06-08T11:48:52.0000000Z;7.228;7.24;3501;3592
2026-06-08T11:48:55.0000000Z;7.228;7.24;3501;3592
2026-06-08T11:48:56.0000000Z;7.228;7.24;3501;3592
2026-06-08T11:48:57.0000000Z;7.228;7.24;3501;3592
2026-06-08T11:48:58.0000000Z;7.228;7.24;3501;3592
2026-06-08T11:49:00.0000000Z;7.228;7.24;3501;3592
2026-06-08T11:49:09.0000000Z;7.228;7.24;3501;3592
2026-06-08T11:49:13.0000000Z;7.228;7.24;3501;3592
2026-06-08T11:49:14.0000000Z;7.228;7.24;6994;3592
2026-06-08T11:49:15.0000000Z;7.23;7.242;1106;5987
2026-06-08T11:49:16.0000000Z;7.23;7.242;34000;5987
2026-06-08T11:49:17.0000000Z;7.23;7.241;34000;15429
2026-06-08T11:49:18.0000000Z;7.23;7.242;34000;3592
2026-06-08T11:49:19.0000000Z;7.23;7.242;34000;3592
2026-06-08T11:49:20.0000000Z;7.23;7.242;34000;3592
2026-06-08T11:49:22.0000000Z;7.23;7.24;34000;3592
2026-06-08T11:49:23.0000000Z;7.23;7.24;34000;3592
2026-06-08T11:49:27.0000000Z;7.23;7.24;34000;3592
2026-06-08T11:49:28.0000000Z;7.23;7.24;34000;3592
2026-06-08T11:49:31.0000000Z;7.228;7.24;1106;5987
2026-06-08T11:49:32.0000000Z;7.228;7.241;1106;3592
2026-06-08T11:49:33.0000000Z;7.229;7.24;3459;11976
2026-06-08T11:49:36.0000000Z;7.228;7.24;1106;11976
2026-06-08T11:49:37.0000000Z;7.228;7.24;2765;11976
2026-06-08T11:49:38.0000000Z;7.228;7.24;34000;11976
2026-06-08T11:49:40.0000000Z;7.228;7.24;34000;11976
2026-06-08T11:49:41.0000000Z;7.228;7.24;1106;11976
2026-06-08T11:49:42.0000000Z;7.227;7.241;2765;5987
2026-06-08T11:49:43.0000000Z;7.227;7.241;37460;5987
2026-06-08T11:49:46.0000000Z;7.227;7.241;37460;5987
2026-06-08T11:49:47.0000000Z;7.227;7.241;37460;5987
2026-06-08T11:49:48.0000000Z;7.227;7.241;37460;5987
2026-06-08T11:49:49.0000000Z;7.227;7.241;34000;5987
2026-06-08T11:49:52.0000000Z;7.227;7.241;34000;5987
2026-06-08T11:49:53.0000000Z;7.227;7.241;1106;5987
2026-06-08T11:49:55.0000000Z;7.227;7.241;2211;5987
2026-06-08T11:49:56.0000000Z;7.229;7.241;1106;5987
2026-06-08T11:49:57.0000000Z;7.228;7.241;2765;5987
2026-06-08T11:49:58.0000000Z;7.228;7.241;34000;5987
2026-06-08T11:49:59.0000000Z;7.228;7.241;34000;5987
2026-06-08T11:50:00.0000000Z;7.228;7.241;34000;34000
2026-06-08T11:50:02.0000000Z;7.228;7.241;34000;3592
2026-06-08T11:50:03.0000000Z;7.226;7.244;1107;2395
2026-06-08T11:50:04.0000000Z;7.228;7.244;2765;7184
2026-06-08T11:50:05.0000000Z;7.228;7.244;34000;7184
2026-06-08T11:50:06.0000000Z;7.23;7.244;1106;5987
2026-06-08T11:50:07.0000000Z;7.23;7.244;34000;36395
2026-06-08T11:50:08.0000000Z;7.23;7.244;34000;36395
2026-06-08T11:50:09.0000000Z;7.23;7.244;34000;36395
2026-06-08T11:50:12.0000000Z;7.23;7.244;34000;36395
2026-06-08T11:50:13.0000000Z;7.23;7.242;34000;3592
2026-06-08T11:50:14.0000000Z;7.23;7.242;34000;34000
2026-06-08T11:50:15.0000000Z;7.229;7.242;1106;34000
2026-06-08T11:50:16.0000000Z;7.229;7.242;2002;34000
2026-06-08T11:50:17.0000000Z;7.229;7.242;1106;34000
2026-06-08T11:50:18.0000000Z;7.229;7.242;2765;34000
2026-06-08T11:50:22.0000000Z;7.229;7.242;2765;34000
2026-06-08T11:50:23.0000000Z;7.229;7.243;2765;3592
2026-06-08T11:50:24.0000000Z;7.229;7.243;34000;3592
2026-06-08T11:50:25.0000000Z;7.229;7.243;34000;3592
2026-06-08T11:50:26.0000000Z;7.229;7.243;34000;34000
2026-06-08T11:50:28.0000000Z;7.229;7.243;34000;5987
2026-06-08T11:50:30.0000000Z;7.229;7.243;34000;5987
2026-06-08T11:50:31.0000000Z;7.229;7.243;34000;5987
2026-06-08T11:50:32.0000000Z;7.229;7.243;34000;5987
2026-06-08T11:50:33.0000000Z;7.229;7.243;34000;3592
2026-06-08T11:50:36.0000000Z;7.228;7.243;2765;3592
2026-06-08T11:50:38.0000000Z;7.228;7.243;37459;3592
2026-06-08T11:50:39.0000000Z;7.228;7.243;37459;3592
2026-06-08T11:50:41.0000000Z;7.228;7.243;37459;3592
2026-06-08T11:50:42.0000000Z;7.228;7.243;37459;3592
2026-06-08T11:50:43.0000000Z;7.228;7.243;34000;3592
2026-06-08T11:50:50.0000000Z;7.228;7.243;1106;3592
2026-06-08T11:50:51.0000000Z;7.228;7.243;1106;3592
2026-06-08T11:50:52.0000000Z;7.228;7.243;1106;3592
2026-06-08T11:50:53.0000000Z;7.228;7.243;2765;3592
2026-06-08T11:50:54.0000000Z;7.228;7.243;2765;3592
2026-06-08T11:50:55.0000000Z;7.228;7.243;2765;3592
2026-06-08T11:50:56.0000000Z;7.228;7.243;2765;3592
2026-06-08T11:51:01.0000000Z;7.228;7.243;2765;3592
2026-06-08T11:51:15.0000000Z;7.228;7.243;2765;3592
2026-06-08T11:51:16.0000000Z;7.228;7.243;2765;3592
2026-06-08T11:51:18.0000000Z;7.228;7.243;2765;3592
2026-06-08T11:51:19.0000000Z;7.228;7.243;2765;7184
2026-06-08T11:51:21.0000000Z;7.228;7.243;2765;3592
2026-06-08T11:51:24.0000000Z;7.228;7.243;2765;3592
2026-06-08T11:51:25.0000000Z;7.228;7.243;2765;3592
2026-06-08T11:51:29.0000000Z;7.228;7.243;2765;3592
2026-06-08T11:51:30.0000000Z;7.228;7.243;2765;3592
2026-06-08T11:51:34.0000000Z;7.228;7.243;1106;3592
2026-06-08T11:51:35.0000000Z;7.228;7.244;1106;7862
2026-06-08T11:51:36.0000000Z;7.228;7.24;1106;3592
2026-06-08T11:51:37.0000000Z;7.228;7.24;1106;34000
2026-06-08T11:51:38.0000000Z;7.226;7.24;2767;34000
2026-06-08T11:51:40.0000000Z;7.227;7.24;3460;34000
2026-06-08T11:51:43.0000000Z;7.226;7.24;34000;34000
2026-06-08T11:51:48.0000000Z;7.226;7.24;34000;34000
2026-06-08T11:51:49.0000000Z;7.226;7.24;34000;34000
2026-06-08T11:51:52.0000000Z;7.226;7.24;34000;34000
2026-06-08T11:51:55.0000000Z;7.226;7.24;34000;34000
2026-06-08T11:51:56.0000000Z;7.226;7.24;34000;3592
2026-06-08T11:51:58.0000000Z;7.226;7.24;34000;3592
2026-06-08T11:51:59.0000000Z;7.226;7.24;34000;3592
2026-06-08T11:52:02.0000000Z;7.226;7.24;34000;3592
2026-06-08T11:52:03.0000000Z;7.226;7.24;34000;3592
2026-06-08T11:52:05.0000000Z;7.226;7.24;34000;3592
2026-06-08T11:52:07.0000000Z;7.226;7.24;34000;3592
2026-06-08T11:52:12.0000000Z;7.226;7.24;34000;3592
2026-06-08T11:52:15.0000000Z;7.226;7.24;34000;3592
2026-06-08T11:52:24.0000000Z;7.226;7.24;34000;3592
2026-06-08T11:52:36.0000000Z;7.226;7.24;34000;3592
2026-06-08T11:52:37.0000000Z;7.226;7.24;34000;3592
2026-06-08T11:52:41.0000000Z;7.226;7.24;34000;3592
2026-06-08T11:52:42.0000000Z;7.226;7.24;34000;3592
2026-06-08T11:52:46.0000000Z;7.227;7.24;1106;3592
2026-06-08T11:52:47.0000000Z;7.227;7.24;34000;3592
2026-06-08T11:52:48.0000000Z;7.227;7.24;1106;3592
2026-06-08T11:52:49.0000000Z;7.227;7.24;1106;3592
2026-06-08T11:52:50.0000000Z;7.227;7.24;1106;3592
2026-06-08T11:52:51.0000000Z;7.226;7.24;2767;3592
2026-06-08T11:52:52.0000000Z;7.226;7.24;37460;3592
2026-06-08T11:52:57.0000000Z;7.226;7.24;34000;3592
2026-06-08T11:52:59.0000000Z;7.226;7.24;34000;3592
2026-06-08T11:53:16.0000000Z;7.226;7.24;34000;3592
2026-06-08T11:53:17.0000000Z;7.226;7.24;34000;3592
2026-06-08T11:53:18.0000000Z;7.226;7.24;34000;3592
2026-06-08T11:53:25.0000000Z;7.226;7.24;34000;3592
2026-06-08T11:53:28.0000000Z;7.226;7.24;34000;3592
2026-06-08T11:53:29.0000000Z;7.226;7.24;34000;3592
2026-06-08T11:53:34.0000000Z;7.226;7.24;34000;3592
2026-06-08T11:53:36.0000000Z;7.226;7.24;34000;3592
2026-06-08T11:53:37.0000000Z;7.226;7.24;34000;3592
2026-06-08T11:53:39.0000000Z;7.226;7.24;34000;3592
2026-06-08T11:53:40.0000000Z;7.226;7.24;34000;3592
2026-06-08T11:53:43.0000000Z;7.226;7.24;34000;3592
2026-06-08T11:53:45.0000000Z;7.226;7.24;34000;3592
2026-06-08T11:53:47.0000000Z;7.226;7.24;34000;3592
2026-06-08T11:53:53.0000000Z;7.226;7.24;34000;3592
2026-06-08T11:53:55.0000000Z;7.226;7.24;34000;3592
2026-06-08T11:53:56.0000000Z;7.226;7.24;34000;3592
2026-06-08T11:53:57.0000000Z;7.226;7.24;34000;3592
2026-06-08T11:54:00.0000000Z;7.226;7.24;34000;3592
2026-06-08T11:54:04.0000000Z;7.226;7.24;34000;3592
2026-06-08T11:54:05.0000000Z;7.226;7.24;34000;3592
2026-06-08T11:54:07.0000000Z;7.226;7.24;34000;3592
2026-06-08T11:54:10.0000000Z;7.226;7.24;34000;3592
2026-06-08T11:54:12.0000000Z;7.226;7.24;34000;3592
2026-06-08T11:54:15.0000000Z;7.226;7.24;34000;3592
2026-06-08T11:54:17.0000000Z;7.226;7.24;34000;3592
2026-06-08T11:54:18.0000000Z;7.226;7.24;34000;3592
2026-06-08T11:54:24.0000000Z;7.226;7.24;34000;3592
2026-06-08T11:54:25.0000000Z;7.226;7.24;34000;3592
2026-06-08T11:54:30.0000000Z;7.226;7.24;34000;3592
2026-06-08T11:54:31.0000000Z;7.226;7.24;34000;3592
2026-06-08T11:54:33.0000000Z;7.226;7.24;34000;3592
2026-06-08T11:54:38.0000000Z;7.226;7.24;34000;3592
2026-06-08T11:54:39.0000000Z;7.226;7.24;34000;3592
2026-06-08T11:54:40.0000000Z;7.226;7.24;34000;3592
2026-06-08T11:54:42.0000000Z;7.226;7.24;34000;3592
2026-06-08T11:54:43.0000000Z;7.226;7.24;34000;3592
2026-06-08T11:54:44.0000000Z;7.225;7.24;2767;3592
2026-06-08T11:54:47.0000000Z;7.225;7.24;37461;3592
2026-06-08T11:54:48.0000000Z;7.225;7.24;37461;3592
2026-06-08T11:54:51.0000000Z;7.225;7.24;34000;3592
2026-06-08T11:54:54.0000000Z;7.225;7.24;34000;3592
2026-06-08T11:55:05.0000000Z;7.225;7.24;34000;3592
2026-06-08T11:55:09.0000000Z;7.225;7.242;34000;5987
2026-06-08T11:55:11.0000000Z;7.225;7.241;34000;3453
2026-06-08T11:55:13.0000000Z;7.225;7.242;34000;34000
2026-06-08T11:55:16.0000000Z;7.225;7.242;34000;34000
2026-06-08T11:55:18.0000000Z;7.225;7.242;34000;34000
2026-06-08T11:55:25.0000000Z;7.225;7.242;34000;36395
2026-06-08T11:55:30.0000000Z;7.225;7.242;34000;36395
2026-06-08T11:55:33.0000000Z;7.225;7.242;34000;36395
2026-06-08T11:55:35.0000000Z;7.225;7.242;34000;36395
2026-06-08T11:55:37.0000000Z;7.225;7.242;34000;36395
2026-06-08T11:55:42.0000000Z;7.225;7.242;34000;36395
2026-06-08T11:55:43.0000000Z;7.225;7.242;34000;36395
2026-06-08T11:55:44.0000000Z;7.225;7.242;34000;36395
2026-06-08T11:55:45.0000000Z;7.225;7.242;34000;36395
2026-06-08T11:55:46.0000000Z;7.225;7.242;34000;36395
2026-06-08T11:55:47.0000000Z;7.225;7.242;34000;36395
2026-06-08T11:55:48.0000000Z;7.225;7.242;34000;36395
2026-06-08T11:55:51.0000000Z;7.225;7.242;34000;36395
2026-06-08T11:55:54.0000000Z;7.225;7.242;34000;36395
2026-06-08T11:55:56.0000000Z;7.225;7.242;34000;36395
2026-06-08T11:55:57.0000000Z;7.225;7.242;34000;36395
2026-06-08T11:55:58.0000000Z;7.225;7.242;34000;36395
2026-06-08T11:55:59.0000000Z;7.225;7.242;34000;36395
2026-06-08T11:56:00.0000000Z;7.225;7.242;34000;36395
2026-06-08T11:56:03.0000000Z;7.225;7.242;34000;36395
2026-06-08T11:56:04.0000000Z;7.225;7.242;34000;36395
2026-06-08T11:56:14.0000000Z;7.225;7.242;34000;36395
2026-06-08T11:56:15.0000000Z;7.225;7.242;34000;36395
2026-06-08T11:56:16.0000000Z;7.225;7.242;34000;5987
2026-06-08T11:56:18.0000000Z;7.225;7.242;34000;5987
2026-06-08T11:56:19.0000000Z;7.225;7.242;34000;5987
2026-06-08T11:56:20.0000000Z;7.225;7.242;34000;3592
2026-06-08T11:56:21.0000000Z;7.225;7.243;34000;37452
2026-06-08T11:56:23.0000000Z;7.225;7.243;34000;39847
2026-06-08T11:56:25.0000000Z;7.225;7.243;34000;39847
2026-06-08T11:56:26.0000000Z;7.225;7.243;34000;39847
2026-06-08T11:56:27.0000000Z;7.225;7.241;34000;34000
2026-06-08T11:56:28.0000000Z;7.225;7.241;34000;34000
2026-06-08T11:56:29.0000000Z;7.225;7.241;34000;34000
2026-06-08T11:56:31.0000000Z;7.225;7.241;34000;34000
2026-06-08T11:56:32.0000000Z;7.225;7.242;34000;5987
2026-06-08T11:56:33.0000000Z;7.225;7.242;34000;39848
2026-06-08T11:56:34.0000000Z;7.225;7.242;34000;39848
2026-06-08T11:56:35.0000000Z;7.225;7.242;34000;39848
2026-06-08T11:56:37.0000000Z;7.225;7.242;34000;39848
2026-06-08T11:56:38.0000000Z;7.225;7.242;34000;36395
2026-06-08T11:56:40.0000000Z;7.225;7.242;34000;36395
2026-06-08T11:56:42.0000000Z;7.225;7.24;34000;3592
2026-06-08T11:56:44.0000000Z;7.225;7.24;34000;3592
2026-06-08T11:56:45.0000000Z;7.225;7.24;34000;3592
2026-06-08T11:56:46.0000000Z;7.225;7.24;34000;3592
2026-06-08T11:56:47.0000000Z;7.225;7.241;34000;3592
2026-06-08T11:56:49.0000000Z;7.225;7.241;34000;3592
2026-06-08T11:56:50.0000000Z;7.225;7.241;34000;34000
2026-06-08T11:56:52.0000000Z;7.225;7.241;34000;34000
2026-06-08T11:56:53.0000000Z;7.225;7.241;34000;34000
2026-06-08T11:56:54.0000000Z;7.225;7.241;34000;34000
2026-06-08T11:56:55.0000000Z;7.225;7.241;34000;34000
2026-06-08T11:56:56.0000000Z;7.225;7.241;34000;34000
2026-06-08T11:56:57.0000000Z;7.225;7.243;34000;5987
2026-06-08T11:56:58.0000000Z;7.225;7.241;34000;3592
2026-06-08T11:56:59.0000000Z;7.225;7.241;34000;3592
2026-06-08T11:57:00.0000000Z;7.225;7.241;34000;3592
2026-06-08T11:57:02.0000000Z;7.225;7.241;34000;3592
2026-06-08T11:57:05.0000000Z;7.225;7.241;34000;3592
2026-06-08T11:57:06.0000000Z;7.225;7.241;34000;3592
2026-06-08T11:57:09.0000000Z;7.225;7.241;34000;3592
2026-06-08T11:57:10.0000000Z;7.225;7.241;34000;3592
2026-06-08T11:57:11.0000000Z;7.225;7.242;34000;3592
2026-06-08T11:57:14.0000000Z;7.225;7.242;34000;37453
2026-06-08T11:57:15.0000000Z;7.225;7.242;34000;5987
2026-06-08T11:57:16.0000000Z;7.225;7.242;34000;5987
2026-06-08T11:57:17.0000000Z;7.225;7.242;34000;34000
2026-06-08T11:57:18.0000000Z;7.225;7.242;34000;34000
2026-06-08T11:57:23.0000000Z;7.225;7.242;34000;34000
2026-06-08T11:57:25.0000000Z;7.225;7.242;34000;3592
2026-06-08T11:57:30.0000000Z;7.225;7.242;34000;5987
2026-06-08T11:57:31.0000000Z;7.225;7.242;34000;5987
2026-06-08T11:57:32.0000000Z;7.225;7.242;34000;5987
2026-06-08T11:57:35.0000000Z;7.225;7.242;34000;5987
2026-06-08T11:57:36.0000000Z;7.225;7.242;34000;5987
2026-06-08T11:57:37.0000000Z;7.225;7.242;34000;5987
2026-06-08T11:57:39.0000000Z;7.225;7.242;34000;5987
2026-06-08T11:57:40.0000000Z;7.225;7.242;34000;5987
2026-06-08T11:57:41.0000000Z;7.225;7.24;34000;34000
2026-06-08T11:57:43.0000000Z;7.225;7.24;34000;34000
2026-06-08T11:57:44.0000000Z;7.225;7.24;34000;34000
2026-06-08T11:57:45.0000000Z;7.225;7.24;34000;34000
2026-06-08T11:57:46.0000000Z;7.225;7.24;34000;34000
2026-06-08T11:57:48.0000000Z;7.225;7.24;34000;34000
2026-06-08T11:57:52.0000000Z;7.225;7.24;34000;34000
2026-06-08T11:57:53.0000000Z;7.225;7.24;34000;3592
2026-06-08T11:57:57.0000000Z;7.225;7.242;34000;5987
2026-06-08T11:57:59.0000000Z;7.225;7.24;34000;3592
2026-06-08T11:58:00.0000000Z;7.225;7.24;34000;3592
2026-06-08T11:58:02.0000000Z;7.225;7.24;34000;3592
2026-06-08T11:58:04.0000000Z;7.225;7.24;34000;3592
2026-06-08T11:58:05.0000000Z;7.225;7.24;34000;3592
2026-06-08T11:58:06.0000000Z;7.225;7.24;34000;3592
2026-06-08T11:58:07.0000000Z;7.225;7.24;34000;3592
2026-06-08T11:58:15.0000000Z;7.225;7.24;34000;3592
2026-06-08T11:58:16.0000000Z;7.225;7.24;34000;3592
2026-06-08T11:58:17.0000000Z;7.225;7.24;34000;3592
2026-06-08T11:58:18.0000000Z;7.225;7.24;34000;3592
2026-06-08T11:58:26.0000000Z;7.225;7.24;34000;3592
2026-06-08T11:58:29.0000000Z;7.225;7.24;34000;3592
2026-06-08T11:58:31.0000000Z;7.225;7.24;34000;3592
2026-06-08T11:58:33.0000000Z;7.225;7.24;34000;3592
2026-06-08T11:58:34.0000000Z;7.225;7.241;34000;3592
2026-06-08T11:58:36.0000000Z;7.225;7.241;34000;37453
2026-06-08T11:58:39.0000000Z;7.225;7.241;34000;3592
2026-06-08T11:58:40.0000000Z;7.225;7.241;34000;34000
2026-06-08T11:58:41.0000000Z;7.225;7.241;34000;34000
2026-06-08T11:58:42.0000000Z;7.225;7.241;34000;34000
2026-06-08T11:58:45.0000000Z;7.225;7.241;34000;5987
2026-06-08T11:58:46.0000000Z;7.225;7.241;34000;5987
2026-06-08T11:58:50.0000000Z;7.225;7.241;34000;5987
2026-06-08T11:58:51.0000000Z;7.225;7.241;34000;36395
2026-06-08T11:58:55.0000000Z;7.225;7.241;34000;36395
2026-06-08T11:58:56.0000000Z;7.225;7.241;34000;36395
2026-06-08T11:58:57.0000000Z;7.225;7.241;34000;34000
2026-06-08T11:58:58.0000000Z;7.225;7.241;34000;34000
2026-06-08T11:59:02.0000000Z;7.225;7.241;34000;34000
2026-06-08T11:59:03.0000000Z;7.225;7.241;34000;34000
2026-06-08T11:59:07.0000000Z;7.225;7.241;34000;36395
2026-06-08T11:59:08.0000000Z;7.225;7.241;34000;34000
2026-06-08T11:59:09.0000000Z;7.225;7.241;34000;34000
2026-06-08T11:59:10.0000000Z;7.225;7.241;34000;34000
2026-06-08T11:59:12.0000000Z;7.225;7.241;34000;36395
2026-06-08T11:59:18.0000000Z;7.225;7.241;34000;34000
2026-06-08T11:59:19.0000000Z;7.225;7.242;34000;5987
2026-06-08T11:59:20.0000000Z;7.225;7.242;34000;39848
2026-06-08T11:59:21.0000000Z;7.225;7.242;34000;39848
2026-06-08T11:59:23.0000000Z;7.225;7.242;34000;39848
2026-06-08T11:59:24.0000000Z;7.225;7.24;34000;3592
2026-06-08T11:59:27.0000000Z;7.225;7.24;34000;3592
2026-06-08T11:59:29.0000000Z;7.225;7.241;34000;3592
2026-06-08T11:59:32.0000000Z;7.225;7.241;34000;37453
2026-06-08T11:59:33.0000000Z;7.225;7.241;34000;5987
2026-06-08T11:59:34.0000000Z;7.225;7.241;34000;5987
2026-06-08T11:59:36.0000000Z;7.225;7.241;34000;34000
2026-06-08T11:59:38.0000000Z;7.225;7.241;34000;34000
2026-06-08T11:59:50.0000000Z;7.225;7.241;34000;34000
2026-06-08T11:59:51.0000000Z;7.225;7.241;34000;5987
2026-06-08T11:59:54.0000000Z;7.225;7.241;34000;5987
2026-06-08T11:59:55.0000000Z;7.225;7.241;34000;36395
2026-06-08T11:59:56.0000000Z;7.225;7.241;34000;36395
2026-06-08T11:59:59.0000000Z;7.225;7.241;34000;36395
2026-06-08T12:00:00.0000000Z;7.225;7.241;34000;36395
2026-06-08T12:00:01.0000000Z;7.225;7.241;34000;36395
2026-06-08T12:00:02.0000000Z;7.225;7.241;34000;36395
2026-06-08T12:00:03.0000000Z;7.225;7.241;34000;34000
2026-06-08T12:00:04.0000000Z;7.225;7.241;34000;34000
2026-06-08T12:00:05.0000000Z;7.225;7.241;34000;34000
2026-06-08T12:00:06.0000000Z;7.225;7.241;34000;34000
2026-06-08T12:00:07.0000000Z;7.225;7.241;34000;36395
2026-06-08T12:00:12.0000000Z;7.225;7.241;34000;36395
2026-06-08T12:00:13.0000000Z;7.225;7.241;34000;36395
2026-06-08T12:00:14.0000000Z;7.225;7.241;34000;36395
2026-06-08T12:00:15.0000000Z;7.225;7.241;34000;36395
2026-06-08T12:00:17.0000000Z;7.225;7.241;34000;36395
2026-06-08T12:00:18.0000000Z;7.225;7.239;34000;34000
2026-06-08T12:00:21.0000000Z;7.225;7.239;34000;34000
2026-06-08T12:00:23.0000000Z;7.225;7.24;34000;3592
2026-06-08T12:00:24.0000000Z;7.225;7.24;34000;34000
2026-06-08T12:00:25.0000000Z;7.225;7.24;34000;34000
2026-06-08T12:00:26.0000000Z;7.225;7.24;34000;34000
2026-06-08T12:00:27.0000000Z;7.225;7.24;34000;34000
2026-06-08T12:00:28.0000000Z;7.225;7.24;34000;34000
2026-06-08T12:00:29.0000000Z;7.225;7.24;34000;34000
2026-06-08T12:00:31.0000000Z;7.225;7.24;34000;34000
2026-06-08T12:00:32.0000000Z;7.225;7.24;34000;34000
2026-06-08T12:00:33.0000000Z;7.225;7.24;34000;34000
2026-06-08T12:00:38.0000000Z;7.225;7.24;34000;34000
2026-06-08T12:00:39.0000000Z;7.225;7.24;34000;34000
2026-06-08T12:00:43.0000000Z;7.225;7.242;34000;5987
2026-06-08T12:00:44.0000000Z;7.225;7.242;34000;3592
2026-06-08T12:00:45.0000000Z;7.225;7.242;5162;5987
2026-06-08T12:00:46.0000000Z;7.225;7.241;5162;3453
2026-06-08T12:00:47.0000000Z;7.225;7.241;5162;3453
2026-06-08T12:00:48.0000000Z;7.225;7.241;5162;3453
2026-06-08T12:00:49.0000000Z;7.225;7.241;5162;3453
2026-06-08T12:00:52.0000000Z;7.225;7.241;2767;3453
2026-06-08T12:00:53.0000000Z;7.23;7.241;1106;3453
2026-06-08T12:00:54.0000000Z;7.23;7.242;1106;34000
2026-06-08T12:00:55.0000000Z;7.23;7.242;34000;34000
2026-06-08T12:00:57.0000000Z;7.23;7.242;34000;34000
2026-06-08T12:00:58.0000000Z;7.23;7.242;1106;34000
2026-06-08T12:01:00.0000000Z;7.23;7.242;2765;34000
2026-06-08T12:01:01.0000000Z;7.228;7.247;1106;2395
2026-06-08T12:01:02.0000000Z;7.23;7.242;1106;3592
2026-06-08T12:01:03.0000000Z;7.23;7.242;1106;3592
2026-06-08T12:01:04.0000000Z;7.23;7.242;2765;3592
2026-06-08T12:01:05.0000000Z;7.23;7.242;2765;3592
2026-06-08T12:01:06.0000000Z;7.23;7.242;2765;3592
2026-06-08T12:01:07.0000000Z;7.23;7.242;2765;3592
2026-06-08T12:01:08.0000000Z;7.23;7.242;2765;3592
2026-06-08T12:01:09.0000000Z;7.23;7.242;2765;5987
2026-06-08T12:01:10.0000000Z;7.23;7.242;1106;3592
2026-06-08T12:01:11.0000000Z;7.23;7.242;1106;3592
2026-06-08T12:01:12.0000000Z;7.23;7.242;1106;3592
2026-06-08T12:01:13.0000000Z;7.23;7.242;2765;3592
2026-06-08T12:01:14.0000000Z;7.23;7.246;2765;9579
2026-06-08T12:01:15.0000000Z;7.231;7.244;1106;3592
2026-06-08T12:01:16.0000000Z;7.231;7.244;1106;3592
2026-06-08T12:01:17.0000000Z;7.226;7.249;1107;5016
2026-06-08T12:01:19.0000000Z;7.229;7.249;3459;5016
2026-06-08T12:01:20.0000000Z;7.225;7.249;1107;5016
2026-06-08T12:01:21.0000000Z;7.225;7.249;1107;5016
2026-06-08T12:01:22.0000000Z;7.226;7.248;34000;2395
2026-06-08T12:01:23.0000000Z;7.225;7.249;34000;5016
2026-06-08T12:01:24.0000000Z;7.225;7.249;34000;5016
2026-06-08T12:01:25.0000000Z;7.225;7.249;34000;5016
2026-06-08T12:01:27.0000000Z;7.225;7.249;34000;5016
2026-06-08T12:01:28.0000000Z;7.225;7.249;34000;5016
2026-06-08T12:01:29.0000000Z;7.225;7.249;34000;5016
2026-06-08T12:01:31.0000000Z;7.225;7.249;34000;5016
2026-06-08T12:01:32.0000000Z;7.225;7.249;1107;5016
2026-06-08T12:01:33.0000000Z;7.225;7.249;1107;5016
2026-06-08T12:01:35.0000000Z;7.225;7.248;1107;2395
2026-06-08T12:01:36.0000000Z;7.225;7.248;1107;2395
2026-06-08T12:01:37.0000000Z;7.225;7.25;1107;13431
2026-06-08T12:01:38.0000000Z;7.222;7.25;2395;13431
2026-06-08T12:01:39.0000000Z;7.223;7.25;1107;13431
2026-06-08T12:01:40.0000000Z;7.223;7.25;1107;13431
2026-06-08T12:01:41.0000000Z;7.219;7.25;2621;37449
2026-06-08T12:01:42.0000000Z;7.22;7.25;1108;37449
2026-06-08T12:01:43.0000000Z;7.222;7.25;1107;37449
2026-06-08T12:01:44.0000000Z;7.22;7.25;3729;37449
2026-06-08T12:01:45.0000000Z;7.22;7.25;3729;37449
2026-06-08T12:01:47.0000000Z;7.222;7.25;1107;37449
2026-06-08T12:01:48.0000000Z;7.222;7.25;1107;13431
2026-06-08T12:01:49.0000000Z;7.221;7.25;3728;13431
2026-06-08T12:01:51.0000000Z;7.221;7.25;3728;34000
2026-06-08T12:01:53.0000000Z;7.221;7.25;1107;34000
2026-06-08T12:01:55.0000000Z;7.216;7.25;1108;13431
2026-06-08T12:01:56.0000000Z;7.22;7.25;3729;13431
2026-06-08T12:01:57.0000000Z;7.221;7.25;1107;34000
2026-06-08T12:01:59.0000000Z;7.221;7.25;1107;34000
2026-06-08T12:01:59.0000000Z;7.221;7.25;3728;34000
2026-06-08T12:02:01.0000000Z;7.221;7.25;1107;34000
2026-06-08T12:02:03.0000000Z;7.219;7.25;1108;34000
2026-06-08T12:02:04.0000000Z;7.222;7.25;34000;34000
2026-06-08T12:02:06.0000000Z;7.223;7.25;1107;34000
2026-06-08T12:02:07.0000000Z;7.223;7.25;34000;34000
2026-06-08T12:02:08.0000000Z;7.225;7.25;34000;34000
2026-06-08T12:02:11.0000000Z;7.225;7.25;34000;34000
2026-06-08T12:02:12.0000000Z;7.225;7.25;34000;34000
2026-06-08T12:02:15.0000000Z;7.225;7.25;34000;34000
2026-06-08T12:02:16.0000000Z;7.225;7.25;34000;34000
2026-06-08T12:02:17.0000000Z;7.225;7.25;34000;34000
2026-06-08T12:02:19.0000000Z;7.225;7.25;34000;34000
2026-06-08T12:02:20.0000000Z;7.225;7.25;34000;34000
2026-06-08T12:02:21.0000000Z;7.225;7.25;34000;34000
2026-06-08T12:02:22.0000000Z;7.225;7.25;34000;34000
2026-06-08T12:02:23.0000000Z;7.225;7.25;34000;34000
2026-06-08T12:02:24.0000000Z;7.225;7.25;34000;34000
2026-06-08T12:02:27.0000000Z;7.225;7.25;34000;34000
2026-06-08T12:02:28.0000000Z;7.225;7.25;34000;34000
2026-06-08T12:02:29.0000000Z;7.225;7.25;34000;34000
2026-06-08T12:02:32.0000000Z;7.225;7.25;1107;34000
2026-06-08T12:02:33.0000000Z;7.225;7.25;1107;11036
2026-06-08T12:02:34.0000000Z;7.225;7.25;1107;13431
2026-06-08T12:02:35.0000000Z;7.225;7.25;1107;13431
2026-06-08T12:02:36.0000000Z;7.225;7.25;1107;13431
2026-06-08T12:02:37.0000000Z;7.224;7.25;7047;13431
2026-06-08T12:02:38.0000000Z;7.224;7.25;1107;13431
2026-06-08T12:02:39.0000000Z;7.224;7.25;37461;13431
2026-06-08T12:02:40.0000000Z;7.224;7.25;37461;13431
2026-06-08T12:02:41.0000000Z;7.224;7.25;37461;13431
2026-06-08T12:02:42.0000000Z;7.224;7.25;7047;13431
2026-06-08T12:02:46.0000000Z;7.224;7.25;34000;13431
2026-06-08T12:02:47.0000000Z;7.224;7.25;34000;13431
2026-06-08T12:02:48.0000000Z;7.224;7.25;34000;13431
2026-06-08T12:02:49.0000000Z;7.224;7.25;1107;13431
2026-06-08T12:02:50.0000000Z;7.224;7.25;7047;13431
2026-06-08T12:02:51.0000000Z;7.224;7.25;1107;13431
2026-06-08T12:02:53.0000000Z;7.224;7.25;1107;13431
2026-06-08T12:02:54.0000000Z;7.224;7.25;1107;13431
2026-06-08T12:03:04.0000000Z;7.224;7.25;1107;13431
2026-06-08T12:03:07.0000000Z;7.224;7.25;1107;13431
2026-06-08T12:03:09.0000000Z;7.224;7.25;1107;13431
2026-06-08T12:03:11.0000000Z;7.224;7.25;7047;13431
2026-06-08T12:03:14.0000000Z;7.224;7.25;7047;13431
2026-06-08T12:03:17.0000000Z;7.224;7.25;7047;13431
2026-06-08T12:03:18.0000000Z;7.224;7.25;7047;11036
2026-06-08T12:03:22.0000000Z;7.224;7.25;7047;11036
2026-06-08T12:03:24.0000000Z;7.224;7.25;7047;11036
2026-06-08T12:03:29.0000000Z;7.224;7.25;7047;11036
2026-06-08T12:03:31.0000000Z;7.224;7.25;1107;11036
2026-06-08T12:03:32.0000000Z;7.224;7.25;7047;11036
2026-06-08T12:03:33.0000000Z;7.224;7.25;7047;11036
2026-06-08T12:03:34.0000000Z;7.224;7.25;7047;11036
2026-06-08T12:03:35.0000000Z;7.223;7.25;5940;11036
2026-06-08T12:03:36.0000000Z;7.224;7.25;1107;11036
2026-06-08T12:03:37.0000000Z;7.224;7.25;1107;11036
2026-06-08T12:03:40.0000000Z;7.224;7.25;1107;11036
2026-06-08T12:03:43.0000000Z;7.224;7.25;1107;11036
2026-06-08T12:03:44.0000000Z;7.224;7.25;7047;11036
2026-06-08T12:03:45.0000000Z;7.224;7.25;7047;11036
2026-06-08T12:03:46.0000000Z;7.224;7.25;7047;11036
2026-06-08T12:03:47.0000000Z;7.226;7.25;1107;11036
2026-06-08T12:03:48.0000000Z;7.225;7.25;34000;11036
2026-06-08T12:03:49.0000000Z;7.223;7.25;3728;11036
2026-06-08T12:03:50.0000000Z;7.223;7.25;1107;11036
2026-06-08T12:03:51.0000000Z;7.223;7.25;37462;11036
2026-06-08T12:03:52.0000000Z;7.222;7.25;1107;11036
2026-06-08T12:03:53.0000000Z;7.222;7.25;3728;11036
2026-06-08T12:03:54.0000000Z;7.223;7.25;1107;11036
2026-06-08T12:03:55.0000000Z;7.222;7.25;3728;11036
2026-06-08T12:03:56.0000000Z;7.222;7.25;3728;11036
2026-06-08T12:03:57.0000000Z;7.222;7.25;1107;2621
2026-06-08T12:03:58.0000000Z;7.222;7.25;3728;2621
2026-06-08T12:03:59.0000000Z;7.224;7.25;7047;2621
2026-06-08T12:03:59.0000000Z;7.226;7.25;1107;2621
2026-06-08T12:04:00.0000000Z;7.225;7.25;1107;11036
2026-06-08T12:04:02.0000000Z;7.225;7.25;34000;11036
2026-06-08T12:04:03.0000000Z;7.224;7.25;1107;11036
2026-06-08T12:04:04.0000000Z;7.224;7.25;7047;11036
2026-06-08T12:04:05.0000000Z;7.224;7.25;7047;13431
2026-06-08T12:04:06.0000000Z;7.223;7.25;7047;13431
2026-06-08T12:04:07.0000000Z;7.225;7.25;1107;13431
2026-06-08T12:04:10.0000000Z;7.225;7.25;1107;36395
2026-06-08T12:04:11.0000000Z;7.224;7.25;1107;36395
2026-06-08T12:04:12.0000000Z;7.216;7.25;1108;36395
2026-06-08T12:04:13.0000000Z;7.224;7.25;34000;36395
2026-06-08T12:04:14.0000000Z;7.222;7.25;1107;36395
2026-06-08T12:04:15.0000000Z;7.222;7.25;1107;36395
2026-06-08T12:04:16.0000000Z;7.222;7.25;1107;36395
2026-06-08T12:04:17.0000000Z;7.222;7.25;3728;11036
2026-06-08T12:04:18.0000000Z;7.222;7.25;1107;36395
2026-06-08T12:04:19.0000000Z;7.223;7.25;37462;13431
2026-06-08T12:04:21.0000000Z;7.223;7.25;37462;13431
2026-06-08T12:04:22.0000000Z;7.223;7.25;9442;13431
2026-06-08T12:04:23.0000000Z;7.223;7.25;34000;13431
2026-06-08T12:04:24.0000000Z;7.223;7.25;34000;13431
2026-06-08T12:04:25.0000000Z;7.225;7.248;34000;34000
2026-06-08T12:04:26.0000000Z;7.225;7.247;34000;2395
2026-06-08T12:04:27.0000000Z;7.225;7.246;34000;2395
2026-06-08T12:04:28.0000000Z;7.225;7.246;34000;36395
2026-06-08T12:04:29.0000000Z;7.225;7.246;1491;36395
2026-06-08T12:04:30.0000000Z;7.225;7.246;1491;36395
2026-06-08T12:04:31.0000000Z;7.225;7.246;1491;36395
2026-06-08T12:04:32.0000000Z;7.225;7.246;1491;36395
2026-06-08T12:04:33.0000000Z;7.225;7.246;1491;36395
2026-06-08T12:04:34.0000000Z;7.225;7.246;1491;36395
2026-06-08T12:04:35.0000000Z;7.225;7.246;1491;36395
2026-06-08T12:04:37.0000000Z;7.225;7.246;1491;36395
2026-06-08T12:04:39.0000000Z;7.225;7.246;2484;36395
2026-06-08T12:04:41.0000000Z;7.224;7.246;1107;36395
2026-06-08T12:04:42.0000000Z;7.224;7.246;2767;36395
2026-06-08T12:04:43.0000000Z;7.224;7.246;37461;36395
2026-06-08T12:04:44.0000000Z;7.224;7.246;37461;36395
2026-06-08T12:04:45.0000000Z;7.224;7.244;37461;3439
2026-06-08T12:04:46.0000000Z;7.224;7.244;37461;3439
2026-06-08T12:04:48.0000000Z;7.224;7.244;37461;3439
2026-06-08T12:04:50.0000000Z;7.224;7.244;34000;3439
2026-06-08T12:04:52.0000000Z;7.224;7.244;34000;3439
2026-06-08T12:04:53.0000000Z;7.224;7.244;34000;3439
2026-06-08T12:04:54.0000000Z;7.224;7.244;1107;3439
2026-06-08T12:04:55.0000000Z;7.224;7.244;1107;3439
2026-06-08T12:04:56.0000000Z;7.224;7.244;2767;3439
2026-06-08T12:04:57.0000000Z;7.224;7.245;2767;5987
2026-06-08T12:04:58.0000000Z;7.224;7.245;2767;5987
2026-06-08T12:04:59.0000000Z;7.224;7.245;2767;37451
2026-06-08T12:05:01.0000000Z;7.224;7.245;2767;37451
2026-06-08T12:05:03.0000000Z;7.224;7.245;2767;37451
2026-06-08T12:05:04.0000000Z;7.224;7.245;8707;37451
2026-06-08T12:05:06.0000000Z;7.224;7.245;8707;37451
2026-06-08T12:05:08.0000000Z;7.224;7.245;8707;37451
2026-06-08T12:05:09.0000000Z;7.224;7.245;8707;34000
2026-06-08T12:05:10.0000000Z;7.224;7.245;8707;34000
2026-06-08T12:05:11.0000000Z;7.224;7.245;8707;34000
2026-06-08T12:05:12.0000000Z;7.224;7.245;8707;34000
2026-06-08T12:05:13.0000000Z;7.224;7.245;8707;34000
2026-06-08T12:05:14.0000000Z;7.224;7.245;8707;34000
2026-06-08T12:05:24.0000000Z;7.224;7.245;8707;36395
2026-06-08T12:05:29.0000000Z;7.224;7.245;2767;36395
2026-06-08T12:05:32.0000000Z;7.224;7.245;1107;36395
2026-06-08T12:05:33.0000000Z;7.224;7.245;2767;36395
2026-06-08T12:05:39.0000000Z;7.224;7.248;1107;2621
2026-06-08T12:05:40.0000000Z;7.224;7.248;1107;2621
2026-06-08T12:05:41.0000000Z;7.224;7.246;1107;3451
2026-06-08T12:05:46.0000000Z;7.224;7.246;1107;3451
2026-06-08T12:05:47.0000000Z;7.224;7.244;1107;12400
2026-06-08T12:05:48.0000000Z;7.219;7.248;1108;34000
2026-06-08T12:05:49.0000000Z;7.221;7.248;6123;34000
2026-06-08T12:05:50.0000000Z;7.221;7.244;6123;34000
2026-06-08T12:05:51.0000000Z;7.223;7.244;3462;34000
2026-06-08T12:05:52.0000000Z;7.221;7.244;6123;34000
2026-06-08T12:05:53.0000000Z;7.221;7.244;6123;34000
2026-06-08T12:05:54.0000000Z;7.221;7.244;3502;34000
2026-06-08T12:05:56.0000000Z;7.22;7.244;3503;34000
2026-06-08T12:05:57.0000000Z;7.22;7.244;3503;12400
2026-06-08T12:05:58.0000000Z;7.222;7.244;1107;12400
2026-06-08T12:05:59.0000000Z;7.222;7.244;1107;12400
2026-06-08T12:06:01.0000000Z;7.222;7.244;1107;12400
2026-06-08T12:06:02.0000000Z;7.222;7.244;34000;12400
2026-06-08T12:06:03.0000000Z;7.222;7.244;34000;12400
2026-06-08T12:06:05.0000000Z;7.222;7.244;34000;12400
2026-06-08T12:06:06.0000000Z;7.218;7.244;1108;12400
2026-06-08T12:06:07.0000000Z;7.22;7.244;1108;12400
2026-06-08T12:06:08.0000000Z;7.22;7.244;3729;12400
2026-06-08T12:06:09.0000000Z;7.221;7.244;37463;12400
2026-06-08T12:06:11.0000000Z;7.221;7.244;1107;12400
2026-06-08T12:06:12.0000000Z;7.221;7.244;3502;12400
2026-06-08T12:06:13.0000000Z;7.221;7.244;3502;12400
2026-06-08T12:06:20.0000000Z;7.221;7.244;34000;12400
2026-06-08T12:06:21.0000000Z;7.221;7.244;3502;12400
2026-06-08T12:06:23.0000000Z;7.221;7.244;6123;12400
2026-06-08T12:06:25.0000000Z;7.221;7.244;6123;12400
2026-06-08T12:06:27.0000000Z;7.223;7.244;1107;12400
2026-06-08T12:06:33.0000000Z;7.223;7.244;1107;12400
2026-06-08T12:06:34.0000000Z;7.223;7.244;7047;12400
2026-06-08T12:06:35.0000000Z;7.223;7.244;7047;12400
2026-06-08T12:06:36.0000000Z;7.223;7.244;7047;12400
2026-06-08T12:06:45.0000000Z;7.223;7.244;1107;12400
2026-06-08T12:06:46.0000000Z;7.223;7.244;1107;12400
2026-06-08T12:06:56.0000000Z;7.223;7.244;7047;12400
2026-06-08T12:07:00.0000000Z;7.223;7.244;1107;12400
2026-06-08T12:07:03.0000000Z;7.223;7.244;1107;12400
2026-06-08T12:07:04.0000000Z;7.223;7.244;1107;12400
2026-06-08T12:07:05.0000000Z;7.223;7.244;7047;12400
2026-06-08T12:07:08.0000000Z;7.223;7.244;9442;12400
2026-06-08T12:07:11.0000000Z;7.223;7.244;3502;12400
2026-06-08T12:07:12.0000000Z;7.223;7.244;3502;12400
2026-06-08T12:07:13.0000000Z;7.224;7.244;1107;12400
2026-06-08T12:07:14.0000000Z;7.224;7.244;34000;12400
2026-06-08T12:07:18.0000000Z;7.223;7.244;3502;12400
2026-06-08T12:07:20.0000000Z;7.223;7.244;34000;12400
2026-06-08T12:07:26.0000000Z;7.223;7.244;3502;12400
2026-06-08T12:07:29.0000000Z;7.223;7.244;9442;12400
2026-06-08T12:07:30.0000000Z;7.223;7.244;3502;12400
2026-06-08T12:07:31.0000000Z;7.223;7.244;9442;12400
2026-06-08T12:07:32.0000000Z;7.223;7.244;9442;12400
2026-06-08T12:07:34.0000000Z;7.223;7.244;9442;12400
2026-06-08T12:07:37.0000000Z;7.223;7.244;9442;12400
2026-06-08T12:07:39.0000000Z;7.223;7.244;9442;12400
2026-06-08T12:07:41.0000000Z;7.223;7.244;9442;12400
2026-06-08T12:07:42.0000000Z;7.223;7.244;9442;12400
2026-06-08T12:07:44.0000000Z;7.223;7.244;9442;12400
2026-06-08T12:07:51.0000000Z;7.223;7.244;7047;12400
2026-06-08T12:08:02.0000000Z;7.225;7.244;34000;12400
2026-06-08T12:08:04.0000000Z;7.225;7.244;34000;12400
2026-06-08T12:08:05.0000000Z;7.225;7.244;34000;12400
2026-06-08T12:08:06.0000000Z;7.225;7.244;34000;12400
2026-06-08T12:08:07.0000000Z;7.225;7.244;34000;12400
2026-06-08T12:08:08.0000000Z;7.225;7.244;34000;12400
2026-06-08T12:08:09.0000000Z;7.225;7.244;34000;12400
2026-06-08T12:08:10.0000000Z;7.225;7.244;7047;12400
2026-06-08T12:08:11.0000000Z;7.225;7.244;7047;12400
2026-06-08T12:08:13.0000000Z;7.225;7.244;7047;12400
2026-06-08T12:08:14.0000000Z;7.225;7.244;7047;12400
2026-06-08T12:08:25.0000000Z;7.225;7.244;7047;12400
2026-06-08T12:08:29.0000000Z;7.225;7.244;7047;12400
2026-06-08T12:08:30.0000000Z;7.225;7.244;7047;12400
2026-06-08T12:08:34.0000000Z;7.227;7.244;1106;12400
2026-06-08T12:08:35.0000000Z;7.227;7.244;34000;12400
2026-06-08T12:08:39.0000000Z;7.227;7.244;34000;12400
2026-06-08T12:08:42.0000000Z;7.227;7.244;34000;12400
2026-06-08T12:08:43.0000000Z;7.227;7.244;34000;12400
2026-06-08T12:08:44.0000000Z;7.227;7.244;34000;12400
2026-06-08T12:08:45.0000000Z;7.227;7.244;34000;12400
2026-06-08T12:08:46.0000000Z;7.227;7.244;7046;12400
2026-06-08T12:08:47.0000000Z;7.227;7.244;7046;12400
2026-06-08T12:08:48.0000000Z;7.227;7.244;7046;12400
2026-06-08T12:08:49.0000000Z;7.227;7.244;7046;12400
2026-06-08T12:08:50.0000000Z;7.227;7.244;7046;12400
2026-06-08T12:08:52.0000000Z;7.227;7.244;7046;12400
2026-06-08T12:08:55.0000000Z;7.227;7.244;7046;12400
2026-06-08T12:08:57.0000000Z;7.227;7.244;1106;12400
2026-06-08T12:09:03.0000000Z;7.227;7.244;7046;12400
2026-06-08T12:09:05.0000000Z;7.227;7.244;7046;12400
2026-06-08T12:09:07.0000000Z;7.227;7.244;7046;12400
2026-06-08T12:09:08.0000000Z;7.227;7.244;7046;12400
2026-06-08T12:09:09.0000000Z;7.227;7.244;7046;12400
2026-06-08T12:09:10.0000000Z;7.227;7.244;1106;12400
2026-06-08T12:09:11.0000000Z;7.227;7.244;7046;12400
2026-06-08T12:09:12.0000000Z;7.227;7.244;7046;12400
2026-06-08T12:09:13.0000000Z;7.227;7.244;7046;12400
2026-06-08T12:09:16.0000000Z;7.229;7.244;1106;12400
2026-06-08T12:09:19.0000000Z;7.229;7.244;2648;12400
2026-06-08T12:09:20.0000000Z;7.229;7.244;2648;12400
2026-06-08T12:09:21.0000000Z;7.229;7.244;2648;12400
2026-06-08T12:09:22.0000000Z;7.229;7.244;2648;12400
2026-06-08T12:09:24.0000000Z;7.229;7.244;2648;12400
2026-06-08T12:09:25.0000000Z;7.229;7.244;2648;12400
2026-06-08T12:09:27.0000000Z;7.229;7.244;2648;12400
2026-06-08T12:09:28.0000000Z;7.229;7.244;2648;12400
2026-06-08T12:09:29.0000000Z;7.229;7.244;2648;12400
2026-06-08T12:09:30.0000000Z;7.229;7.244;2648;12400
2026-06-08T12:09:31.0000000Z;7.229;7.244;2648;12400
2026-06-08T12:09:32.0000000Z;7.229;7.244;2648;12400
2026-06-08T12:09:34.0000000Z;7.229;7.244;2648;12400
2026-06-08T12:09:36.0000000Z;7.229;7.244;2648;12400
2026-06-08T12:09:38.0000000Z;7.229;7.244;2648;12400
2026-06-08T12:09:40.0000000Z;7.229;7.244;2648;12400
2026-06-08T12:09:42.0000000Z;7.229;7.244;2648;12400
2026-06-08T12:09:44.0000000Z;7.229;7.244;2648;12400
2026-06-08T12:09:45.0000000Z;7.229;7.244;2648;12400
2026-06-08T12:09:53.0000000Z;7.229;7.244;2648;12400
2026-06-08T12:09:54.0000000Z;7.229;7.244;2648;12400
2026-06-08T12:09:55.0000000Z;7.229;7.244;2648;12400
2026-06-08T12:09:56.0000000Z;7.229;7.244;2648;12400
2026-06-08T12:09:57.0000000Z;7.229;7.244;2648;12400
2026-06-08T12:09:58.0000000Z;7.235;7.244;34000;12400
2026-06-08T12:10:00.0000000Z;7.234;7.244;2762;12400
2026-06-08T12:10:01.0000000Z;7.234;7.244;2762;12400
2026-06-08T12:10:02.0000000Z;7.234;7.244;34000;12400
2026-06-08T12:10:03.0000000Z;7.234;7.247;2762;5987
2026-06-08T12:10:04.0000000Z;7.234;7.245;2762;3451
2026-06-08T12:10:05.0000000Z;7.234;7.247;2762;34000
2026-06-08T12:10:09.0000000Z;7.234;7.245;2762;34000
2026-06-08T12:10:10.0000000Z;7.234;7.245;1105;34000
2026-06-08T12:10:14.0000000Z;7.234;7.245;1105;34000
2026-06-08T12:10:15.0000000Z;7.234;7.245;2762;34000
2026-06-08T12:10:16.0000000Z;7.234;7.245;2762;34000
2026-06-08T12:10:17.0000000Z;7.234;7.245;2762;34000
2026-06-08T12:10:19.0000000Z;7.234;7.247;2762;3592
2026-06-08T12:10:20.0000000Z;7.234;7.246;2762;3451
2026-06-08T12:10:21.0000000Z;7.234;7.246;2762;3451
2026-06-08T12:10:22.0000000Z;7.234;7.246;2762;3451
2026-06-08T12:10:23.0000000Z;7.234;7.246;2762;3451
2026-06-08T12:10:24.0000000Z;7.234;7.246;2762;3451
2026-06-08T12:10:25.0000000Z;7.234;7.246;2762;3451
2026-06-08T12:10:26.0000000Z;7.234;7.247;2762;34000
2026-06-08T12:10:28.0000000Z;7.235;7.247;1105;5987
2026-06-08T12:10:29.0000000Z;7.235;7.247;34000;5987
2026-06-08T12:10:30.0000000Z;7.234;7.247;2762;5987
2026-06-08T12:10:32.0000000Z;7.234;7.247;34000;5987
2026-06-08T12:10:37.0000000Z;7.234;7.247;1105;5987
2026-06-08T12:10:38.0000000Z;7.232;7.247;2765;5987
2026-06-08T12:10:39.0000000Z;7.232;7.247;2765;5987
2026-06-08T12:10:40.0000000Z;7.233;7.247;3457;5987
2026-06-08T12:10:41.0000000Z;7.233;7.247;3457;5987
2026-06-08T12:10:42.0000000Z;7.233;7.247;3457;5987
2026-06-08T12:10:43.0000000Z;7.233;7.247;3457;5987
2026-06-08T12:10:44.0000000Z;7.233;7.247;3457;5987
2026-06-08T12:10:45.0000000Z;7.233;7.247;3457;5987
2026-06-08T12:10:47.0000000Z;7.232;7.247;34000;5987
2026-06-08T12:10:48.0000000Z;7.232;7.247;34000;5987
2026-06-08T12:10:51.0000000Z;7.232;7.247;34000;5987
2026-06-08T12:10:52.0000000Z;7.232;7.247;34000;5987
2026-06-08T12:10:53.0000000Z;7.232;7.247;34000;5987
2026-06-08T12:10:55.0000000Z;7.232;7.247;34000;5987
2026-06-08T12:10:56.0000000Z;7.232;7.247;34000;5987
2026-06-08T12:10:57.0000000Z;7.232;7.247;34000;5987
2026-06-08T12:10:58.0000000Z;7.232;7.247;34000;5987
2026-06-08T12:11:00.0000000Z;7.232;7.247;34000;5987
2026-06-08T12:11:01.0000000Z;7.232;7.247;34000;5987
2026-06-08T12:11:02.0000000Z;7.232;7.247;34000;5987
2026-06-08T12:11:05.0000000Z;7.232;7.247;34000;5987
2026-06-08T12:11:07.0000000Z;7.232;7.247;34000;5987
2026-06-08T12:11:09.0000000Z;7.232;7.247;34000;5987
2026-06-08T12:11:10.0000000Z;7.232;7.247;34000;5987
2026-06-08T12:11:14.0000000Z;7.23;7.247;1106;5987
2026-06-08T12:11:15.0000000Z;7.232;7.247;1106;5987
2026-06-08T12:11:16.0000000Z;7.232;7.247;1106;5987
2026-06-08T12:11:17.0000000Z;7.232;7.247;1106;5987
2026-06-08T12:11:18.0000000Z;7.232;7.247;1106;5987
2026-06-08T12:11:19.0000000Z;7.232;7.247;1106;7523
2026-06-08T12:11:20.0000000Z;7.232;7.247;1106;10257
2026-06-08T12:11:21.0000000Z;7.23;7.247;2765;10257
2026-06-08T12:11:22.0000000Z;7.23;7.247;2765;36395
2026-06-08T12:11:23.0000000Z;7.23;7.247;2765;36395
2026-06-08T12:11:24.0000000Z;7.23;7.247;2765;36395
2026-06-08T12:11:26.0000000Z;7.232;7.247;1106;6326
2026-06-08T12:11:27.0000000Z;7.232;7.247;1106;6326
2026-06-08T12:11:28.0000000Z;7.231;7.247;3458;6326
2026-06-08T12:11:29.0000000Z;7.232;7.247;34000;6326
2026-06-08T12:11:30.0000000Z;7.232;7.247;34000;6326
2026-06-08T12:11:31.0000000Z;7.23;7.247;34000;6326
2026-06-08T12:11:32.0000000Z;7.23;7.247;34000;6326
2026-06-08T12:11:33.0000000Z;7.23;7.247;34000;6326
2026-06-08T12:11:34.0000000Z;7.23;7.247;34000;6326
2026-06-08T12:11:41.0000000Z;7.23;7.247;34000;34000
2026-06-08T12:11:42.0000000Z;7.23;7.247;34000;36395
2026-06-08T12:11:43.0000000Z;7.23;7.247;34000;36395
2026-06-08T12:11:46.0000000Z;7.23;7.245;34000;34000
2026-06-08T12:11:47.0000000Z;7.23;7.245;34000;34000
2026-06-08T12:11:51.0000000Z;7.23;7.245;34000;34000
2026-06-08T12:11:52.0000000Z;7.23;7.245;34000;34000
2026-06-08T12:11:53.0000000Z;7.23;7.248;34000;2395
2026-06-08T12:11:54.0000000Z;7.23;7.247;34000;3592
2026-06-08T12:11:55.0000000Z;7.23;7.247;34000;3592
2026-06-08T12:11:56.0000000Z;7.23;7.247;34000;3592
2026-06-08T12:11:57.0000000Z;7.23;7.246;34000;3451
2026-06-08T12:11:58.0000000Z;7.23;7.246;34000;3451
2026-06-08T12:12:00.0000000Z;7.23;7.246;34000;3451
2026-06-08T12:12:01.0000000Z;7.23;7.246;34000;3451
2026-06-08T12:12:02.0000000Z;7.23;7.246;34000;3451
2026-06-08T12:12:04.0000000Z;7.23;7.249;34000;5987
2026-06-08T12:12:05.0000000Z;7.23;7.247;34000;34000
2026-06-08T12:12:07.0000000Z;7.23;7.248;34000;3450
2026-06-08T12:12:09.0000000Z;7.23;7.248;34000;3450
2026-06-08T12:12:11.0000000Z;7.23;7.248;34000;3450
2026-06-08T12:12:13.0000000Z;7.23;7.248;34000;3450
2026-06-08T12:12:14.0000000Z;7.23;7.249;34000;34000
2026-06-08T12:12:15.0000000Z;7.23;7.248;34000;3450
2026-06-08T12:12:16.0000000Z;7.23;7.248;34000;3450
2026-06-08T12:12:17.0000000Z;7.23;7.248;34000;3450
2026-06-08T12:12:18.0000000Z;7.23;7.248;34000;3450
2026-06-08T12:12:19.0000000Z;7.23;7.248;34000;3450
2026-06-08T12:12:20.0000000Z;7.23;7.248;34000;3450
2026-06-08T12:12:21.0000000Z;7.23;7.248;34000;3450
2026-06-08T12:12:22.0000000Z;7.23;7.248;34000;3450
2026-06-08T12:12:23.0000000Z;7.23;7.248;34000;3450
2026-06-08T12:12:24.0000000Z;7.23;7.248;34000;3450
2026-06-08T12:12:25.0000000Z;7.23;7.248;34000;3450
2026-06-08T12:12:27.0000000Z;7.23;7.248;34000;3450
2026-06-08T12:12:29.0000000Z;7.23;7.248;34000;3450
2026-06-08T12:12:31.0000000Z;7.23;7.248;34000;3592
2026-06-08T12:12:33.0000000Z;7.23;7.248;34000;3592
2026-06-08T12:12:37.0000000Z;7.23;7.248;34000;3592
2026-06-08T12:12:43.0000000Z;7.23;7.246;34000;3592
2026-06-08T12:12:44.0000000Z;7.23;7.246;34000;3592
2026-06-08T12:12:47.0000000Z;7.23;7.246;34000;3592
2026-06-08T12:12:48.0000000Z;7.23;7.246;34000;3592
2026-06-08T12:12:49.0000000Z;7.23;7.246;34000;3592
2026-06-08T12:12:52.0000000Z;7.23;7.246;34000;3592
2026-06-08T12:12:55.0000000Z;7.23;7.246;34000;3592
2026-06-08T12:12:56.0000000Z;7.229;7.247;3459;3450
2026-06-08T12:12:57.0000000Z;7.23;7.246;34000;34000
2026-06-08T12:13:00.0000000Z;7.23;7.246;34000;34000
2026-06-08T12:13:02.0000000Z;7.23;7.246;34000;34000
2026-06-08T12:13:05.0000000Z;7.23;7.246;34000;34000
2026-06-08T12:13:06.0000000Z;7.23;7.246;34000;34000
2026-06-08T12:13:08.0000000Z;7.23;7.246;34000;34000
2026-06-08T12:13:09.0000000Z;7.23;7.246;34000;34000
2026-06-08T12:13:10.0000000Z;7.23;7.246;34000;34000
2026-06-08T12:13:12.0000000Z;7.23;7.246;34000;5987
2026-06-08T12:13:17.0000000Z;7.23;7.246;34000;5987
2026-06-08T12:13:18.0000000Z;7.23;7.246;34000;36395
2026-06-08T12:13:24.0000000Z;7.23;7.246;34000;36395
2026-06-08T12:13:28.0000000Z;7.23;7.246;34000;36395
2026-06-08T12:13:29.0000000Z;7.23;7.246;34000;34000
2026-06-08T12:13:30.0000000Z;7.23;7.244;34000;2395
2026-06-08T12:13:31.0000000Z;7.232;7.244;34000;34000
2026-06-08T12:13:34.0000000Z;7.232;7.244;34000;34000
2026-06-08T12:13:35.0000000Z;7.232;7.244;34000;34000
2026-06-08T12:13:36.0000000Z;7.232;7.244;1106;3592
2026-06-08T12:13:38.0000000Z;7.232;7.244;1106;3592
2026-06-08T12:13:39.0000000Z;7.231;7.244;2765;3592
2026-06-08T12:13:40.0000000Z;7.231;7.244;2765;3592
2026-06-08T12:13:41.0000000Z;7.231;7.244;2765;3592
2026-06-08T12:13:43.0000000Z;7.231;7.244;37458;3592
2026-06-08T12:13:45.0000000Z;7.231;7.244;37458;3592
2026-06-08T12:13:46.0000000Z;7.231;7.244;37458;3592
2026-06-08T12:13:47.0000000Z;7.231;7.244;37458;3592
2026-06-08T12:13:49.0000000Z;7.231;7.244;34000;3592
2026-06-08T12:13:50.0000000Z;7.231;7.244;34000;3592
2026-06-08T12:13:52.0000000Z;7.231;7.244;34000;3592
2026-06-08T12:13:53.0000000Z;7.231;7.244;34000;3592
2026-06-08T12:13:54.0000000Z;7.231;7.244;34000;3592
2026-06-08T12:13:55.0000000Z;7.231;7.244;2765;3592
2026-06-08T12:13:56.0000000Z;7.231;7.244;2765;3592
2026-06-08T12:13:58.0000000Z;7.231;7.244;2765;3592
2026-06-08T12:13:59.0000000Z;7.231;7.244;2765;3592
2026-06-08T12:14:00.0000000Z;7.231;7.244;2765;5987
2026-06-08T12:14:01.0000000Z;7.231;7.244;2765;5987
2026-06-08T12:14:02.0000000Z;7.231;7.244;2765;5987
2026-06-08T12:14:04.0000000Z;7.231;7.244;2765;5987
2026-06-08T12:14:06.0000000Z;7.231;7.244;2765;5987
2026-06-08T12:14:07.0000000Z;7.231;7.244;2765;5987
2026-06-08T12:14:08.0000000Z;7.231;7.244;2765;5987
2026-06-08T12:14:09.0000000Z;7.231;7.244;2765;5987
2026-06-08T12:14:10.0000000Z;7.231;7.244;2765;5987
2026-06-08T12:14:11.0000000Z;7.231;7.244;2765;5987
2026-06-08T12:14:14.0000000Z;7.231;7.244;2765;5987
2026-06-08T12:14:15.0000000Z;7.231;7.244;2765;5987
2026-06-08T12:14:17.0000000Z;7.231;7.244;2765;5987
2026-06-08T12:14:18.0000000Z;7.231;7.244;2765;5987
2026-06-08T12:14:19.0000000Z;7.231;7.244;2765;5987
2026-06-08T12:14:20.0000000Z;7.231;7.244;2765;5987
2026-06-08T12:14:21.0000000Z;7.231;7.244;2765;5987
2026-06-08T12:14:28.0000000Z;7.231;7.244;2765;5987
2026-06-08T12:14:29.0000000Z;7.231;7.244;2765;5987
2026-06-08T12:14:30.0000000Z;7.231;7.244;2765;5987
2026-06-08T12:14:31.0000000Z;7.231;7.244;2765;5987
2026-06-08T12:14:33.0000000Z;7.231;7.244;2765;5987
2026-06-08T12:14:37.0000000Z;7.231;7.244;2765;5987
2026-06-08T12:14:41.0000000Z;7.231;7.244;2765;5987
2026-06-08T12:14:42.0000000Z;7.231;7.244;2765;5987
2026-06-08T12:14:43.0000000Z;7.231;7.244;2765;5987
2026-06-08T12:14:44.0000000Z;7.231;7.244;2765;5987
2026-06-08T12:14:45.0000000Z;7.231;7.244;2765;5987
2026-06-08T12:14:47.0000000Z;7.231;7.244;2765;5987
2026-06-08T12:14:48.0000000Z;7.231;7.244;2765;5987
2026-06-08T12:14:51.0000000Z;7.231;7.244;2765;5987
2026-06-08T12:14:52.0000000Z;7.231;7.244;2765;5987
2026-06-08T12:14:54.0000000Z;7.231;7.244;2765;5987
2026-06-08T12:14:55.0000000Z;7.231;7.244;2765;5987
2026-06-08T12:14:57.0000000Z;7.231;7.244;2765;5987
2026-06-08T12:15:00.0000000Z;7.231;7.244;2765;5987
2026-06-08T12:15:02.0000000Z;7.231;7.244;2765;5987
2026-06-08T12:15:04.0000000Z;7.231;7.244;2765;36395
2026-06-08T12:15:05.0000000Z;7.231;7.244;2765;36395
2026-06-08T12:15:10.0000000Z;7.231;7.242;2765;3592
2026-06-08T12:15:11.0000000Z;7.231;7.242;2765;34000
2026-06-08T12:15:12.0000000Z;7.231;7.242;2765;34000
2026-06-08T12:15:14.0000000Z;7.231;7.242;2765;34000
2026-06-08T12:15:16.0000000Z;7.231;7.242;2765;34000
2026-06-08T12:15:17.0000000Z;7.231;7.242;2765;34000
2026-06-08T12:15:18.0000000Z;7.231;7.242;2765;34000
2026-06-08T12:15:19.0000000Z;7.231;7.242;1106;34000
2026-06-08T12:15:20.0000000Z;7.231;7.244;1106;5987
2026-06-08T12:15:21.0000000Z;7.231;7.244;1106;5987
2026-06-08T12:15:22.0000000Z;7.231;7.242;1106;34000
2026-06-08T12:15:23.0000000Z;7.231;7.242;1106;34000
2026-06-08T12:15:24.0000000Z;7.231;7.242;1106;34000
2026-06-08T12:15:25.0000000Z;7.231;7.242;1106;34000
2026-06-08T12:15:26.0000000Z;7.231;7.242;1106;34000
2026-06-08T12:15:27.0000000Z;7.231;7.242;1106;34000
2026-06-08T12:15:28.0000000Z;7.231;7.242;1106;34000
2026-06-08T12:15:29.0000000Z;7.231;7.242;1106;34000
2026-06-08T12:15:32.0000000Z;7.231;7.243;1106;3592
2026-06-08T12:15:34.0000000Z;7.231;7.243;1106;37452
2026-06-08T12:15:36.0000000Z;7.231;7.243;2765;37452
2026-06-08T12:15:37.0000000Z;7.231;7.243;2765;34000
2026-06-08T12:15:38.0000000Z;7.231;7.243;1106;34000
2026-06-08T12:15:39.0000000Z;7.231;7.243;2765;34000
2026-06-08T12:15:40.0000000Z;7.231;7.243;2765;3592
2026-06-08T12:15:43.0000000Z;7.231;7.243;2765;3592
2026-06-08T12:15:45.0000000Z;7.231;7.243;2765;3592
2026-06-08T12:15:46.0000000Z;7.231;7.243;2765;5987
2026-06-08T12:15:48.0000000Z;7.231;7.243;2765;5987
2026-06-08T12:15:49.0000000Z;7.231;7.243;2765;5987
2026-06-08T12:15:50.0000000Z;7.229;7.243;2765;5987
2026-06-08T12:15:51.0000000Z;7.229;7.243;1106;5987
2026-06-08T12:15:52.0000000Z;7.229;7.241;1106;3592
2026-06-08T12:15:53.0000000Z;7.229;7.241;2765;34000
2026-06-08T12:15:55.0000000Z;7.229;7.241;2765;34000
2026-06-08T12:15:56.0000000Z;7.229;7.241;34000;34000
2026-06-08T12:15:58.0000000Z;7.229;7.241;34000;34000
2026-06-08T12:15:59.0000000Z;7.229;7.241;1106;34000
2026-06-08T12:16:00.0000000Z;7.229;7.241;1106;34000
2026-06-08T12:16:01.0000000Z;7.229;7.241;1106;34000
2026-06-08T12:16:02.0000000Z;7.229;7.242;1106;5987
2026-06-08T12:16:03.0000000Z;7.229;7.242;2750;5987
2026-06-08T12:16:04.0000000Z;7.229;7.242;2765;37453
2026-06-08T12:16:06.0000000Z;7.229;7.242;2765;3592
2026-06-08T12:16:07.0000000Z;7.229;7.242;2765;3592
2026-06-08T12:16:09.0000000Z;7.229;7.242;2765;3592
2026-06-08T12:16:10.0000000Z;7.229;7.242;2765;5987
2026-06-08T12:16:11.0000000Z;7.229;7.242;2765;34000
2026-06-08T12:16:12.0000000Z;7.229;7.242;2765;3592
2026-06-08T12:16:13.0000000Z;7.229;7.242;2765;3592
2026-06-08T12:16:14.0000000Z;7.229;7.242;2765;3592
2026-06-08T12:16:15.0000000Z;7.229;7.242;2765;5987
2026-06-08T12:16:17.0000000Z;7.229;7.242;2765;3592
2026-06-08T12:16:20.0000000Z;7.229;7.242;2765;3592
2026-06-08T12:16:21.0000000Z;7.229;7.242;2765;3592
2026-06-08T12:16:22.0000000Z;7.228;7.24;2765;3592
2026-06-08T12:16:23.0000000Z;7.228;7.24;2765;3592
2026-06-08T12:16:24.0000000Z;7.228;7.24;37459;34000
2026-06-08T12:16:25.0000000Z;7.228;7.24;34000;34000
2026-06-08T12:16:26.0000000Z;7.228;7.24;34000;34000
2026-06-08T12:16:27.0000000Z;7.228;7.24;34000;34000
2026-06-08T12:16:28.0000000Z;7.228;7.24;34000;34000
2026-06-08T12:16:29.0000000Z;7.228;7.24;34000;34000
2026-06-08T12:16:32.0000000Z;7.228;7.241;34000;3592
2026-06-08T12:16:34.0000000Z;7.228;7.241;34000;37453
2026-06-08T12:16:40.0000000Z;7.228;7.241;34000;34000
2026-06-08T12:17:00.0000000Z;7.228;7.241;34000;34000
2026-06-08T12:17:04.0000000Z;7.228;7.241;34000;34000
2026-06-08T12:17:06.0000000Z;7.228;7.241;34000;34000
2026-06-08T12:17:07.0000000Z;7.228;7.241;34000;34000
2026-06-08T12:17:08.0000000Z;7.228;7.241;34000;34000
2026-06-08T12:17:14.0000000Z;7.228;7.245;34000;5416
2026-06-08T12:17:15.0000000Z;7.228;7.245;34000;7811
2026-06-08T12:17:16.0000000Z;7.228;7.242;34000;3453
2026-06-08T12:17:17.0000000Z;7.228;7.242;34000;3453
2026-06-08T12:17:18.0000000Z;7.228;7.242;34000;3453
2026-06-08T12:17:21.0000000Z;7.228;7.242;34000;3453
2026-06-08T12:17:22.0000000Z;7.228;7.245;34000;36395
2026-06-08T12:17:24.0000000Z;7.228;7.245;34000;36395
2026-06-08T12:17:26.0000000Z;7.228;7.245;34000;36395
2026-06-08T12:17:27.0000000Z;7.228;7.245;34000;36395
2026-06-08T12:17:31.0000000Z;7.228;7.245;34000;36395
2026-06-08T12:17:33.0000000Z;7.228;7.245;34000;36395
2026-06-08T12:17:35.0000000Z;7.228;7.245;34000;36395
2026-06-08T12:17:37.0000000Z;7.228;7.245;34000;36395
2026-06-08T12:17:38.0000000Z;7.228;7.244;34000;9698
2026-06-08T12:17:39.0000000Z;7.228;7.244;34000;34000
2026-06-08T12:17:45.0000000Z;7.228;7.244;34000;34000
2026-06-08T12:17:48.0000000Z;7.228;7.244;34000;36395
2026-06-08T12:17:49.0000000Z;7.228;7.244;34000;36395
2026-06-08T12:17:50.0000000Z;7.228;7.244;34000;36395
2026-06-08T12:17:51.0000000Z;7.228;7.244;34000;36395
2026-06-08T12:17:55.0000000Z;7.228;7.242;34000;3592
2026-06-08T12:17:57.0000000Z;7.228;7.242;34000;34000
2026-06-08T12:18:00.0000000Z;7.228;7.242;34000;34000
2026-06-08T12:18:01.0000000Z;7.228;7.242;34000;34000
2026-06-08T12:18:02.0000000Z;7.228;7.242;34000;34000
2026-06-08T12:18:03.0000000Z;7.228;7.242;34000;34000
2026-06-08T12:18:05.0000000Z;7.228;7.244;34000;6326
2026-06-08T12:18:07.0000000Z;7.228;7.243;34000;3452
2026-06-08T12:18:08.0000000Z;7.228;7.243;34000;3452
2026-06-08T12:18:09.0000000Z;7.228;7.243;34000;3452
2026-06-08T12:18:12.0000000Z;7.228;7.242;34000;3592
2026-06-08T12:18:13.0000000Z;7.228;7.242;34000;34000
2026-06-08T12:18:14.0000000Z;7.228;7.242;34000;3592
2026-06-08T12:18:17.0000000Z;7.228;7.242;34000;3592
2026-06-08T12:18:18.0000000Z;7.228;7.242;34000;3592
2026-06-08T12:18:20.0000000Z;7.228;7.242;34000;3592
2026-06-08T12:18:27.0000000Z;7.228;7.242;34000;3592
2026-06-08T12:18:28.0000000Z;7.228;7.242;34000;3592
2026-06-08T12:18:34.0000000Z;7.228;7.243;34000;3592
2026-06-08T12:18:37.0000000Z;7.228;7.243;34000;37452
2026-06-08T12:18:39.0000000Z;7.228;7.243;34000;37452
2026-06-08T12:18:40.0000000Z;7.228;7.243;34000;34000
2026-06-08T12:18:41.0000000Z;7.228;7.243;34000;36395
2026-06-08T12:18:42.0000000Z;7.228;7.243;34000;36395
2026-06-08T12:18:46.0000000Z;7.228;7.243;34000;36395
2026-06-08T12:18:47.0000000Z;7.228;7.243;34000;36395
2026-06-08T12:19:12.0000000Z;7.228;7.243;34000;34000
2026-06-08T12:19:14.0000000Z;7.228;7.243;34000;34000
2026-06-08T12:19:15.0000000Z;7.228;7.243;34000;34000
2026-06-08T12:19:16.0000000Z;7.228;7.243;34000;34000
2026-06-08T12:19:18.0000000Z;7.228;7.243;34000;34000
2026-06-08T12:19:29.0000000Z;7.228;7.243;34000;34000
2026-06-08T12:19:44.0000000Z;7.228;7.243;34000;34000
2026-06-08T12:19:48.0000000Z;7.228;7.243;34000;34000
2026-06-08T12:19:51.0000000Z;7.228;7.243;34000;34000
2026-06-08T12:19:52.0000000Z;7.228;7.243;34000;34000
2026-06-08T12:19:57.0000000Z;7.228;7.243;34000;34000
2026-06-08T12:20:00.0000000Z;7.228;7.243;34000;34000
2026-06-08T12:20:02.0000000Z;7.228;7.243;34000;34000
2026-06-08T12:20:03.0000000Z;7.228;7.243;34000;34000
2026-06-08T12:20:04.0000000Z;7.228;7.244;34000;5987
2026-06-08T12:20:05.0000000Z;7.228;7.244;34000;5987
2026-06-08T12:20:07.0000000Z;7.228;7.244;34000;37452
2026-06-08T12:20:08.0000000Z;7.228;7.244;34000;39847
2026-06-08T12:20:09.0000000Z;7.228;7.242;34000;3592
2026-06-08T12:20:11.0000000Z;7.228;7.242;34000;34000
2026-06-08T12:20:14.0000000Z;7.228;7.242;34000;34000
2026-06-08T12:20:21.0000000Z;7.228;7.242;34000;34000
2026-06-08T12:20:23.0000000Z;7.228;7.245;34000;589
2026-06-08T12:20:24.0000000Z;7.228;7.243;34000;3592
2026-06-08T12:20:25.0000000Z;7.228;7.243;34000;3592
2026-06-08T12:20:26.0000000Z;7.228;7.243;34000;37452
2026-06-08T12:20:28.0000000Z;7.228;7.243;34000;37452
2026-06-08T12:20:29.0000000Z;7.228;7.243;34000;37452
2026-06-08T12:20:30.0000000Z;7.228;7.243;34000;34000
2026-06-08T12:20:34.0000000Z;7.228;7.244;34000;3592
2026-06-08T12:20:35.0000000Z;7.228;7.244;34000;3592
2026-06-08T12:20:37.0000000Z;7.228;7.244;34000;37452
2026-06-08T12:20:39.0000000Z;7.228;7.244;34000;37452
2026-06-08T12:20:40.0000000Z;7.228;7.244;34000;37452
2026-06-08T12:20:42.0000000Z;7.228;7.244;34000;34000
2026-06-08T12:20:44.0000000Z;7.228;7.244;34000;34000
2026-06-08T12:20:47.0000000Z;7.228;7.244;34000;34000
2026-06-08T12:20:48.0000000Z;7.228;7.244;34000;34000
2026-06-08T12:20:49.0000000Z;7.228;7.244;34000;34000
2026-06-08T12:20:54.0000000Z;7.228;7.244;34000;34000
2026-06-08T12:20:57.0000000Z;7.228;7.244;34000;34000
2026-06-08T12:21:00.0000000Z;7.228;7.244;34000;34000
2026-06-08T12:21:01.0000000Z;7.228;7.244;34000;34000
2026-06-08T12:21:03.0000000Z;7.228;7.244;34000;34000
2026-06-08T12:21:04.0000000Z;7.228;7.244;34000;34000
2026-06-08T12:21:05.0000000Z;7.228;7.244;34000;34000
2026-06-08T12:21:06.0000000Z;7.228;7.244;34000;34000
2026-06-08T12:21:07.0000000Z;7.228;7.244;34000;34000
2026-06-08T12:21:08.0000000Z;7.228;7.244;34000;34000
2026-06-08T12:21:09.0000000Z;7.228;7.244;34000;34000
2026-06-08T12:21:10.0000000Z;7.228;7.244;34000;34000
2026-06-08T12:21:11.0000000Z;7.228;7.244;34000;34000
2026-06-08T12:21:12.0000000Z;7.228;7.244;34000;34000
2026-06-08T12:21:15.0000000Z;7.228;7.244;34000;34000
2026-06-08T12:21:28.0000000Z;7.228;7.244;34000;34000
2026-06-08T12:21:30.0000000Z;7.228;7.244;34000;34000
2026-06-08T12:21:31.0000000Z;7.228;7.244;34000;34000
2026-06-08T12:21:32.0000000Z;7.228;7.244;34000;34000
2026-06-08T12:21:34.0000000Z;7.228;7.244;34000;34000
2026-06-08T12:21:37.0000000Z;7.228;7.244;34000;34000
2026-06-08T12:21:38.0000000Z;7.228;7.244;34000;34000
2026-06-08T12:21:39.0000000Z;7.228;7.244;34000;5987
2026-06-08T12:21:40.0000000Z;7.228;7.244;34000;5987
2026-06-08T12:21:41.0000000Z;7.228;7.244;34000;3592
2026-06-08T12:21:43.0000000Z;7.228;7.244;34000;3592
2026-06-08T12:21:44.0000000Z;7.228;7.244;34000;3592
2026-06-08T12:21:45.0000000Z;7.228;7.244;34000;3592
2026-06-08T12:21:48.0000000Z;7.228;7.244;34000;3592
2026-06-08T12:21:50.0000000Z;7.228;7.244;34000;3592
2026-06-08T12:21:51.0000000Z;7.228;7.245;34000;8533
2026-06-08T12:21:52.0000000Z;7.228;7.245;34000;5987
2026-06-08T12:21:54.0000000Z;7.228;7.245;34000;37451
2026-06-08T12:21:55.0000000Z;7.228;7.245;34000;37451
2026-06-08T12:21:57.0000000Z;7.228;7.245;34000;3592
2026-06-08T12:21:58.0000000Z;7.228;7.245;34000;5987
2026-06-08T12:22:00.0000000Z;7.228;7.245;34000;34000
2026-06-08T12:22:02.0000000Z;7.228;7.245;34000;34000
2026-06-08T12:22:03.0000000Z;7.228;7.245;34000;3592
2026-06-08T12:22:04.0000000Z;7.228;7.245;34000;3592
2026-06-08T12:22:05.0000000Z;7.228;7.245;34000;5987
2026-06-08T12:22:07.0000000Z;7.228;7.245;34000;5987
2026-06-08T12:22:08.0000000Z;7.228;7.245;34000;5987
2026-06-08T12:22:10.0000000Z;7.228;7.245;34000;5987
2026-06-08T12:22:11.0000000Z;7.228;7.245;34000;5987
2026-06-08T12:22:12.0000000Z;7.228;7.245;34000;5987
2026-06-08T12:22:13.0000000Z;7.228;7.245;34000;5987
2026-06-08T12:22:14.0000000Z;7.228;7.245;34000;5987
2026-06-08T12:22:15.0000000Z;7.228;7.245;34000;5987
2026-06-08T12:22:18.0000000Z;7.228;7.245;34000;3592
2026-06-08T12:22:20.0000000Z;7.228;7.245;34000;3592
2026-06-08T12:22:22.0000000Z;7.228;7.245;34000;5987
2026-06-08T12:22:23.0000000Z;7.228;7.243;34000;3592
2026-06-08T12:22:24.0000000Z;7.228;7.243;34000;34000
2026-06-08T12:22:25.0000000Z;7.228;7.243;34000;34000
2026-06-08T12:22:26.0000000Z;7.228;7.243;34000;34000
2026-06-08T12:22:27.0000000Z;7.228;7.243;34000;34000
2026-06-08T12:22:28.0000000Z;7.228;7.243;34000;34000
2026-06-08T12:22:29.0000000Z;7.228;7.243;34000;34000
2026-06-08T12:22:30.0000000Z;7.228;7.243;34000;34000
2026-06-08T12:22:31.0000000Z;7.228;7.243;34000;34000
2026-06-08T12:22:33.0000000Z;7.228;7.244;34000;4941
2026-06-08T12:22:34.0000000Z;7.228;7.243;34000;3592
2026-06-08T12:22:36.0000000Z;7.228;7.243;34000;3592
2026-06-08T12:22:38.0000000Z;7.228;7.243;34000;3592
2026-06-08T12:22:40.0000000Z;7.228;7.243;34000;3592
2026-06-08T12:22:46.0000000Z;7.228;7.243;34000;3592
2026-06-08T12:22:47.0000000Z;7.228;7.243;34000;3592
2026-06-08T12:22:49.0000000Z;7.228;7.243;34000;3592
2026-06-08T12:22:50.0000000Z;7.228;7.243;34000;3592
2026-06-08T12:22:51.0000000Z;7.228;7.243;34000;3592
2026-06-08T12:22:53.0000000Z;7.228;7.243;34000;3592
2026-06-08T12:22:55.0000000Z;7.228;7.243;34000;3592
2026-06-08T12:22:56.0000000Z;7.228;7.243;34000;3592
2026-06-08T12:22:58.0000000Z;7.228;7.243;34000;3592
2026-06-08T12:23:00.0000000Z;7.228;7.243;34000;3592
2026-06-08T12:23:01.0000000Z;7.228;7.243;34000;3592
2026-06-08T12:23:02.0000000Z;7.228;7.243;34000;3592
2026-06-08T12:23:03.0000000Z;7.228;7.243;34000;3592
2026-06-08T12:23:04.0000000Z;7.228;7.243;34000;3592
2026-06-08T12:23:05.0000000Z;7.228;7.243;34000;3592
2026-06-08T12:23:07.0000000Z;7.228;7.243;34000;3592
2026-06-08T12:23:10.0000000Z;7.228;7.243;34000;3592
2026-06-08T12:23:12.0000000Z;7.228;7.243;34000;3592
2026-06-08T12:23:13.0000000Z;7.228;7.243;34000;3592
2026-06-08T12:23:14.0000000Z;7.228;7.243;34000;3592
2026-06-08T12:23:15.0000000Z;7.228;7.243;34000;3592
2026-06-08T12:23:17.0000000Z;7.228;7.243;34000;3592
2026-06-08T12:23:19.0000000Z;7.228;7.243;34000;3592
2026-06-08T12:23:20.0000000Z;7.228;7.243;34000;3592
2026-06-08T12:23:22.0000000Z;7.228;7.243;34000;3592
2026-06-08T12:23:23.0000000Z;7.228;7.243;34000;3592
2026-06-08T12:23:24.0000000Z;7.228;7.243;34000;3592
2026-06-08T12:23:25.0000000Z;7.228;7.243;34000;3592
2026-06-08T12:23:26.0000000Z;7.228;7.243;34000;3592
2026-06-08T12:23:27.0000000Z;7.228;7.243;34000;3592
2026-06-08T12:23:29.0000000Z;7.228;7.243;34000;5987
2026-06-08T12:23:30.0000000Z;7.228;7.243;34000;34000
2026-06-08T12:23:31.0000000Z;7.228;7.243;34000;36395
2026-06-08T12:23:32.0000000Z;7.228;7.243;34000;34000
2026-06-08T12:23:33.0000000Z;7.228;7.243;34000;3592
2026-06-08T12:23:34.0000000Z;7.228;7.243;34000;3592
2026-06-08T12:23:35.0000000Z;7.228;7.245;34000;3931
2026-06-08T12:23:36.0000000Z;7.228;7.243;34000;3592
2026-06-08T12:23:38.0000000Z;7.228;7.243;34000;5987
2026-06-08T12:23:39.0000000Z;7.228;7.243;34000;5987
2026-06-08T12:23:40.0000000Z;7.228;7.243;34000;5987
2026-06-08T12:23:41.0000000Z;7.228;7.243;34000;5987
2026-06-08T12:23:42.0000000Z;7.228;7.243;34000;5987
2026-06-08T12:23:43.0000000Z;7.228;7.243;34000;5987
2026-06-08T12:23:44.0000000Z;7.228;7.241;34000;3592
2026-06-08T12:23:45.0000000Z;7.228;7.241;34000;3592
2026-06-08T12:23:46.0000000Z;7.228;7.241;34000;3592
2026-06-08T12:23:47.0000000Z;7.228;7.241;34000;3592
2026-06-08T12:23:48.0000000Z;7.228;7.241;34000;3592
2026-06-08T12:23:49.0000000Z;7.228;7.241;34000;3592
2026-06-08T12:23:50.0000000Z;7.228;7.241;34000;3592
2026-06-08T12:23:51.0000000Z;7.228;7.241;34000;3592
2026-06-08T12:23:52.0000000Z;7.228;7.241;34000;3592
2026-06-08T12:23:53.0000000Z;7.228;7.241;34000;3592
2026-06-08T12:23:54.0000000Z;7.228;7.243;34000;5987
2026-06-08T12:23:55.0000000Z;7.228;7.243;34000;5987
2026-06-08T12:23:56.0000000Z;7.228;7.242;34000;3453
2026-06-08T12:23:57.0000000Z;7.228;7.242;34000;3453
2026-06-08T12:23:58.0000000Z;7.228;7.242;34000;3453
2026-06-08T12:23:59.0000000Z;7.228;7.243;34000;36395
2026-06-08T12:24:00.0000000Z;7.228;7.242;34000;3453
2026-06-08T12:24:01.0000000Z;7.228;7.242;34000;3453
2026-06-08T12:24:05.0000000Z;7.228;7.242;34000;3453
2026-06-08T12:24:06.0000000Z;7.228;7.242;34000;3453
2026-06-08T12:24:07.0000000Z;7.228;7.243;34000;34000
2026-06-08T12:24:09.0000000Z;7.228;7.243;34000;34000
2026-06-08T12:24:11.0000000Z;7.228;7.243;34000;34000
2026-06-08T12:24:12.0000000Z;7.228;7.242;34000;3592
2026-06-08T12:24:13.0000000Z;7.228;7.242;34000;34000
2026-06-08T12:24:14.0000000Z;7.228;7.242;34000;34000
2026-06-08T12:24:17.0000000Z;7.228;7.242;34000;34000
2026-06-08T12:24:19.0000000Z;7.228;7.242;34000;34000
2026-06-08T12:24:21.0000000Z;7.228;7.242;34000;34000
2026-06-08T12:24:22.0000000Z;7.228;7.244;34000;11116
2026-06-08T12:24:23.0000000Z;7.228;7.242;34000;3592
2026-06-08T12:24:28.0000000Z;7.228;7.242;34000;3592
2026-06-08T12:24:30.0000000Z;7.228;7.242;34000;3592
2026-06-08T12:24:31.0000000Z;7.228;7.242;34000;3592
2026-06-08T12:24:33.0000000Z;7.228;7.242;34000;3592
2026-06-08T12:24:38.0000000Z;7.228;7.242;34000;3592
2026-06-08T12:24:39.0000000Z;7.228;7.242;34000;3592
2026-06-08T12:24:40.0000000Z;7.228;7.242;34000;3592
2026-06-08T12:24:41.0000000Z;7.228;7.242;34000;3592
2026-06-08T12:24:43.0000000Z;7.228;7.244;34000;5987
2026-06-08T12:24:45.0000000Z;7.228;7.243;34000;3452
2026-06-08T12:24:49.0000000Z;7.228;7.244;34000;36395
2026-06-08T12:24:54.0000000Z;7.228;7.244;34000;36395
2026-06-08T12:24:58.0000000Z;7.228;7.244;34000;36395
2026-06-08T12:25:01.0000000Z;7.228;7.244;34000;36395
2026-06-08T12:25:07.0000000Z;7.228;7.244;34000;36395
2026-06-08T12:25:08.0000000Z;7.228;7.244;34000;36395
2026-06-08T12:25:11.0000000Z;7.228;7.244;34000;36395
2026-06-08T12:25:15.0000000Z;7.228;7.244;34000;36395
2026-06-08T12:25:16.0000000Z;7.228;7.244;34000;36395
2026-06-08T12:25:22.0000000Z;7.228;7.244;34000;36395
2026-06-08T12:25:26.0000000Z;7.228;7.244;34000;36395
2026-06-08T12:25:27.0000000Z;7.228;7.244;34000;36395
2026-06-08T12:25:28.0000000Z;7.228;7.244;34000;36395
2026-06-08T12:25:29.0000000Z;7.228;7.244;34000;36395
2026-06-08T12:25:35.0000000Z;7.228;7.244;34000;36395
2026-06-08T12:25:37.0000000Z;7.228;7.244;34000;36395
2026-06-08T12:25:38.0000000Z;7.228;7.244;34000;36395
2026-06-08T12:25:40.0000000Z;7.228;7.244;34000;36395
2026-06-08T12:25:42.0000000Z;7.228;7.242;34000;3592
2026-06-08T12:25:47.0000000Z;7.228;7.242;34000;3592
2026-06-08T12:25:49.0000000Z;7.228;7.242;34000;3592
2026-06-08T12:25:50.0000000Z;7.228;7.242;34000;3592
2026-06-08T12:25:52.0000000Z;7.228;7.245;34000;6326
2026-06-08T12:25:53.0000000Z;7.228;7.243;34000;3452
2026-06-08T12:25:54.0000000Z;7.228;7.243;34000;3452
2026-06-08T12:25:57.0000000Z;7.228;7.245;34000;36395
2026-06-08T12:26:06.0000000Z;7.228;7.245;34000;36395
2026-06-08T12:26:13.0000000Z;7.228;7.243;34000;3592
2026-06-08T12:26:15.0000000Z;7.228;7.243;34000;3592
2026-06-08T12:26:18.0000000Z;7.228;7.243;34000;3592
2026-06-08T12:26:19.0000000Z;7.228;7.243;34000;3592
2026-06-08T12:26:27.0000000Z;7.228;7.243;34000;3592
2026-06-08T12:26:29.0000000Z;7.228;7.243;34000;3592
2026-06-08T12:26:30.0000000Z;7.228;7.243;34000;3592
2026-06-08T12:26:31.0000000Z;7.228;7.243;34000;3592
2026-06-08T12:26:35.0000000Z;7.228;7.243;34000;3592
2026-06-08T12:26:36.0000000Z;7.228;7.243;34000;3592
2026-06-08T12:26:37.0000000Z;7.228;7.243;34000;3592
2026-06-08T12:26:38.0000000Z;7.228;7.243;34000;3592
2026-06-08T12:26:42.0000000Z;7.228;7.243;34000;3592
2026-06-08T12:26:44.0000000Z;7.228;7.243;34000;3592
2026-06-08T12:26:46.0000000Z;7.228;7.243;34000;3592
2026-06-08T12:26:47.0000000Z;7.228;7.243;34000;3592
2026-06-08T12:26:48.0000000Z;7.228;7.243;34000;3592
2026-06-08T12:26:50.0000000Z;7.228;7.243;34000;3592
2026-06-08T12:26:51.0000000Z;7.228;7.243;34000;3592
2026-06-08T12:26:52.0000000Z;7.228;7.243;34000;3592
2026-06-08T12:26:54.0000000Z;7.228;7.243;34000;3592
2026-06-08T12:26:56.0000000Z;7.228;7.243;34000;3592
2026-06-08T12:26:59.0000000Z;7.228;7.243;34000;3592
2026-06-08T12:27:00.0000000Z;7.228;7.243;34000;3592
2026-06-08T12:27:01.0000000Z;7.228;7.243;34000;3592
2026-06-08T12:27:08.0000000Z;7.228;7.243;34000;3592
2026-06-08T12:27:09.0000000Z;7.228;7.243;34000;3592
2026-06-08T12:27:10.0000000Z;7.228;7.243;34000;3592
2026-06-08T12:27:12.0000000Z;7.228;7.243;34000;3592
2026-06-08T12:27:13.0000000Z;7.228;7.243;34000;3592
2026-06-08T12:27:14.0000000Z;7.228;7.243;34000;3592
2026-06-08T12:27:15.0000000Z;7.228;7.243;34000;3592
2026-06-08T12:27:17.0000000Z;7.228;7.243;34000;3592
2026-06-08T12:27:18.0000000Z;7.228;7.243;34000;3592
2026-06-08T12:27:19.0000000Z;7.228;7.243;34000;3592
2026-06-08T12:27:20.0000000Z;7.228;7.243;34000;5987
2026-06-08T12:27:21.0000000Z;7.228;7.243;34000;3592
2026-06-08T12:27:22.0000000Z;7.228;7.243;34000;3592
2026-06-08T12:27:24.0000000Z;7.228;7.243;34000;3592
2026-06-08T12:27:26.0000000Z;7.228;7.243;34000;3592
2026-06-08T12:27:28.0000000Z;7.228;7.243;34000;3592
2026-06-08T12:27:30.0000000Z;7.228;7.243;34000;3592
2026-06-08T12:27:33.0000000Z;7.228;7.243;34000;3592
2026-06-08T12:27:38.0000000Z;7.228;7.243;34000;3592
2026-06-08T12:27:39.0000000Z;7.228;7.243;34000;3592
2026-06-08T12:27:40.0000000Z;7.228;7.243;34000;3592
2026-06-08T12:27:41.0000000Z;7.228;7.243;34000;3592
2026-06-08T12:27:42.0000000Z;7.228;7.243;34000;3592
2026-06-08T12:27:43.0000000Z;7.228;7.245;34000;3931
2026-06-08T12:27:44.0000000Z;7.228;7.243;34000;3592
2026-06-08T12:27:45.0000000Z;7.228;7.243;34000;3592
2026-06-08T12:27:46.0000000Z;7.228;7.243;34000;3592
2026-06-08T12:27:47.0000000Z;7.228;7.243;34000;3592
2026-06-08T12:28:09.0000000Z;7.228;7.243;34000;3592
2026-06-08T12:28:11.0000000Z;7.228;7.243;34000;3592
2026-06-08T12:28:12.0000000Z;7.228;7.243;34000;3592
2026-06-08T12:28:13.0000000Z;7.228;7.243;34000;3592
2026-06-08T12:28:14.0000000Z;7.228;7.243;34000;3592
2026-06-08T12:28:15.0000000Z;7.228;7.243;34000;3592
2026-06-08T12:28:17.0000000Z;7.228;7.243;34000;3592
2026-06-08T12:28:18.0000000Z;7.228;7.243;34000;3592
2026-06-08T12:28:33.0000000Z;7.228;7.243;34000;3592
2026-06-08T12:28:42.0000000Z;7.228;7.243;34000;3592
2026-06-08T12:28:43.0000000Z;7.228;7.243;34000;3592
2026-06-08T12:28:45.0000000Z;7.228;7.243;34000;3592
2026-06-08T12:28:48.0000000Z;7.228;7.243;34000;3592
2026-06-08T12:28:50.0000000Z;7.228;7.243;34000;3592
2026-06-08T12:29:09.0000000Z;7.228;7.244;34000;3592
2026-06-08T12:29:10.0000000Z;7.228;7.244;34000;5987
2026-06-08T12:29:11.0000000Z;7.228;7.244;34000;37452
2026-06-08T12:29:14.0000000Z;7.228;7.244;34000;34000
2026-06-08T12:29:19.0000000Z;7.228;7.244;34000;34000
2026-06-08T12:29:20.0000000Z;7.228;7.244;34000;34000
2026-06-08T12:29:23.0000000Z;7.228;7.244;34000;34000
2026-06-08T12:29:34.0000000Z;7.228;7.244;34000;34000
2026-06-08T12:29:37.0000000Z;7.228;7.244;34000;34000
2026-06-08T12:29:39.0000000Z;7.228;7.244;34000;34000
2026-06-08T12:29:40.0000000Z;7.228;7.244;34000;34000
2026-06-08T12:29:46.0000000Z;7.228;7.244;34000;34000
2026-06-08T12:29:47.0000000Z;7.228;7.244;34000;34000
2026-06-08T12:29:54.0000000Z;7.228;7.244;34000;34000
2026-06-08T12:29:58.0000000Z;7.228;7.246;34000;6326
2026-06-08T12:29:59.0000000Z;7.228;7.245;34000;3451
2026-06-08T12:30:00.0000000Z;7.228;7.245;34000;3451
2026-06-08T12:30:04.0000000Z;7.228;7.246;34000;34000
2026-06-08T12:30:08.0000000Z;7.228;7.246;34000;34000
2026-06-08T12:30:09.0000000Z;7.228;7.246;34000;34000
2026-06-08T12:30:10.0000000Z;7.228;7.246;34000;34000
2026-06-08T12:30:11.0000000Z;7.228;7.246;34000;34000
2026-06-08T12:30:13.0000000Z;7.228;7.246;34000;34000
2026-06-08T12:30:15.0000000Z;7.228;7.244;34000;5987
2026-06-08T12:30:16.0000000Z;7.228;7.244;34000;34000
2026-06-08T12:30:17.0000000Z;7.228;7.244;34000;34000
2026-06-08T12:30:18.0000000Z;7.228;7.244;34000;34000
2026-06-08T12:30:19.0000000Z;7.228;7.244;34000;34000
2026-06-08T12:30:20.0000000Z;7.228;7.244;34000;34000
2026-06-08T12:30:21.0000000Z;7.228;7.244;34000;34000
2026-06-08T12:30:23.0000000Z;7.228;7.244;34000;34000
2026-06-08T12:30:25.0000000Z;7.228;7.244;34000;34000
2026-06-08T12:30:26.0000000Z;7.228;7.244;34000;34000
2026-06-08T12:30:27.0000000Z;7.228;7.244;34000;34000
2026-06-08T12:30:29.0000000Z;7.228;7.244;34000;34000
2026-06-08T12:30:31.0000000Z;7.228;7.244;34000;34000
2026-06-08T12:30:32.0000000Z;7.228;7.244;34000;34000
2026-06-08T12:30:33.0000000Z;7.228;7.244;5160;34000
2026-06-08T12:30:34.0000000Z;7.228;7.244;5160;34000
2026-06-08T12:30:36.0000000Z;7.228;7.244;5160;34000
2026-06-08T12:30:37.0000000Z;7.228;7.244;5160;34000
2026-06-08T12:30:39.0000000Z;7.228;7.244;5160;34000
2026-06-08T12:30:41.0000000Z;7.228;7.244;5160;34000
2026-06-08T12:30:43.0000000Z;7.228;7.244;5160;34000
2026-06-08T12:30:45.0000000Z;7.228;7.244;5160;34000
2026-06-08T12:30:46.0000000Z;7.228;7.244;5160;34000
2026-06-08T12:30:47.0000000Z;7.228;7.244;5160;3592
2026-06-08T12:30:48.0000000Z;7.228;7.244;5160;5987
2026-06-08T12:30:51.0000000Z;7.228;7.244;5160;5987
2026-06-08T12:30:52.0000000Z;7.228;7.244;5160;5987
2026-06-08T12:30:53.0000000Z;7.228;7.244;2765;5987
2026-06-08T12:30:55.0000000Z;7.228;7.244;2765;5987
2026-06-08T12:31:01.0000000Z;7.228;7.244;2765;3592
2026-06-08T12:31:03.0000000Z;7.228;7.244;2765;5987
2026-06-08T12:31:06.0000000Z;7.228;7.244;2765;5987
2026-06-08T12:31:07.0000000Z;7.228;7.244;2765;5987
2026-06-08T12:31:12.0000000Z;7.228;7.244;2765;5987
2026-06-08T12:31:20.0000000Z;7.228;7.244;2765;5987
2026-06-08T12:31:23.0000000Z;7.228;7.244;2765;5987
2026-06-08T12:31:25.0000000Z;7.228;7.246;2765;3592
2026-06-08T12:31:26.0000000Z;7.228;7.244;2765;5987
2026-06-08T12:31:31.0000000Z;7.228;7.244;2765;3592
2026-06-08T12:31:32.0000000Z;7.228;7.244;5160;5987
2026-06-08T12:31:34.0000000Z;7.228;7.244;5160;5987
2026-06-08T12:31:39.0000000Z;7.228;7.244;5160;5987
2026-06-08T12:31:50.0000000Z;7.228;7.244;2765;5987
2026-06-08T12:31:57.0000000Z;7.228;7.247;2765;3931
2026-06-08T12:31:58.0000000Z;7.228;7.247;2765;6326
2026-06-08T12:31:59.0000000Z;7.228;7.245;2765;37451
2026-06-08T12:31:59.0000000Z;7.228;7.245;2765;37451
2026-06-08T12:32:00.0000000Z;7.228;7.245;2765;37451
2026-06-08T12:32:01.0000000Z;7.228;7.245;2765;37451
2026-06-08T12:32:02.0000000Z;7.228;7.245;2765;37451
2026-06-08T12:32:03.0000000Z;7.228;7.245;2765;34000
2026-06-08T12:32:04.0000000Z;7.228;7.245;2765;34000
2026-06-08T12:32:07.0000000Z;7.228;7.245;2765;34000
2026-06-08T12:32:08.0000000Z;7.228;7.245;2765;34000
2026-06-08T12:32:10.0000000Z;7.228;7.245;2765;34000
2026-06-08T12:32:14.0000000Z;7.228;7.245;2765;34000
2026-06-08T12:32:15.0000000Z;7.228;7.246;2765;5987
2026-06-08T12:32:18.0000000Z;7.228;7.246;2765;37451
2026-06-08T12:32:19.0000000Z;7.228;7.246;2765;37451
2026-06-08T12:32:22.0000000Z;7.228;7.246;2765;37451
2026-06-08T12:32:23.0000000Z;7.228;7.246;2765;34000
2026-06-08T12:32:24.0000000Z;7.228;7.246;2765;34000
2026-06-08T12:32:27.0000000Z;7.228;7.246;2765;34000
2026-06-08T12:32:28.0000000Z;7.228;7.246;2765;34000
2026-06-08T12:32:29.0000000Z;7.228;7.246;2765;34000
2026-06-08T12:32:30.0000000Z;7.228;7.246;2765;34000
2026-06-08T12:32:31.0000000Z;7.228;7.246;2765;34000
2026-06-08T12:32:32.0000000Z;7.228;7.246;2765;34000
2026-06-08T12:32:33.0000000Z;7.228;7.246;2765;34000
2026-06-08T12:32:34.0000000Z;7.228;7.246;2765;34000
2026-06-08T12:32:37.0000000Z;7.228;7.246;2765;34000
2026-06-08T12:32:39.0000000Z;7.228;7.246;2765;34000
2026-06-08T12:32:40.0000000Z;7.235;7.246;34000;34000
2026-06-08T12:32:44.0000000Z;7.235;7.246;34000;34000
2026-06-08T12:32:45.0000000Z;7.235;7.246;34000;34000
2026-06-08T12:32:48.0000000Z;7.235;7.246;34000;34000
2026-06-08T12:32:51.0000000Z;7.235;7.246;34000;34000
2026-06-08T12:32:52.0000000Z;7.235;7.246;34000;34000
2026-06-08T12:32:53.0000000Z;7.235;7.246;34000;34000
2026-06-08T12:32:54.0000000Z;7.235;7.246;1105;34000
2026-06-08T12:32:55.0000000Z;7.235;7.246;1105;34000
2026-06-08T12:32:56.0000000Z;7.235;7.246;1105;34000
2026-06-08T12:32:57.0000000Z;7.235;7.246;1105;34000
2026-06-08T12:32:59.0000000Z;7.235;7.246;1105;34000
2026-06-08T12:33:02.0000000Z;7.235;7.246;1105;34000
2026-06-08T12:33:03.0000000Z;7.235;7.246;2234;34000
2026-06-08T12:33:04.0000000Z;7.235;7.246;2234;34000
2026-06-08T12:33:05.0000000Z;7.235;7.246;2192;34000
2026-06-08T12:33:06.0000000Z;7.235;7.246;2192;36395
2026-06-08T12:33:07.0000000Z;7.235;7.246;1105;36395
2026-06-08T12:33:10.0000000Z;7.236;7.246;1105;36395
2026-06-08T12:33:11.0000000Z;7.236;7.246;34000;36395
2026-06-08T12:33:12.0000000Z;7.228;7.248;1106;2395
2026-06-08T12:33:14.0000000Z;7.226;7.247;1107;3450
2026-06-08T12:33:15.0000000Z;7.228;7.248;34000;34000
2026-06-08T12:33:16.0000000Z;7.226;7.248;34000;34000
2026-06-08T12:33:17.0000000Z;7.226;7.249;34000;2395
2026-06-08T12:33:18.0000000Z;7.226;7.249;34000;2395
2026-06-08T12:33:19.0000000Z;7.226;7.249;34000;2395
2026-06-08T12:33:20.0000000Z;7.226;7.249;34000;39844
2026-06-08T12:33:23.0000000Z;7.226;7.248;34000;2395
2026-06-08T12:33:25.0000000Z;7.226;7.248;34000;2395
2026-06-08T12:33:27.0000000Z;7.226;7.248;34000;2395
2026-06-08T12:33:28.0000000Z;7.225;7.249;3502;5016
2026-06-08T12:33:30.0000000Z;7.225;7.247;37461;34000
2026-06-08T12:33:32.0000000Z;7.225;7.247;39856;36395
2026-06-08T12:33:33.0000000Z;7.225;7.247;39856;36395
2026-06-08T12:33:34.0000000Z;7.225;7.247;36395;36395
2026-06-08T12:33:35.0000000Z;7.225;7.247;34000;36395
2026-06-08T12:33:38.0000000Z;7.225;7.247;34000;36395
2026-06-08T12:33:39.0000000Z;7.225;7.247;34000;36395
2026-06-08T12:33:40.0000000Z;7.225;7.247;34000;36395
2026-06-08T12:33:42.0000000Z;7.225;7.247;34000;36395
2026-06-08T12:33:43.0000000Z;7.225;7.247;34000;36395
2026-06-08T12:33:44.0000000Z;7.225;7.247;34000;36395
2026-06-08T12:33:46.0000000Z;7.225;7.247;34000;36395
2026-06-08T12:33:48.0000000Z;7.225;7.247;34000;36395
2026-06-08T12:33:52.0000000Z;7.225;7.247;34000;36395
2026-06-08T12:33:53.0000000Z;7.225;7.247;34000;36395
2026-06-08T12:34:03.0000000Z;7.225;7.247;34000;36395
2026-06-08T12:34:04.0000000Z;7.225;7.247;34000;36395
2026-06-08T12:34:06.0000000Z;7.225;7.247;34000;36395
2026-06-08T12:34:08.0000000Z;7.225;7.247;34000;36395
2026-06-08T12:34:11.0000000Z;7.224;7.247;3502;2395
2026-06-08T12:34:13.0000000Z;7.224;7.247;9442;2395
2026-06-08T12:34:14.0000000Z;7.224;7.247;37461;2395
2026-06-08T12:34:15.0000000Z;7.224;7.247;37461;2395
2026-06-08T12:34:17.0000000Z;7.224;7.247;34000;2395
2026-06-08T12:34:18.0000000Z;7.224;7.247;34000;2395
2026-06-08T12:34:20.0000000Z;7.224;7.247;3502;2621
2026-06-08T12:34:21.0000000Z;7.224;7.246;3502;2395
2026-06-08T12:34:22.0000000Z;7.224;7.246;3502;34000
2026-06-08T12:34:24.0000000Z;7.224;7.246;3502;34000
2026-06-08T12:34:25.0000000Z;7.224;7.246;3502;34000
2026-06-08T12:34:26.0000000Z;7.224;7.248;3502;5016
2026-06-08T12:34:27.0000000Z;7.224;7.248;3502;5016
2026-06-08T12:34:28.0000000Z;7.224;7.248;9442;5016
2026-06-08T12:34:29.0000000Z;7.224;7.248;9442;5016
2026-06-08T12:34:30.0000000Z;7.224;7.248;3502;5016
2026-06-08T12:34:31.0000000Z;7.224;7.248;3502;5016
2026-06-08T12:34:32.0000000Z;7.224;7.248;3502;5016
2026-06-08T12:34:34.0000000Z;7.224;7.248;9442;5016
2026-06-08T12:34:36.0000000Z;7.224;7.248;9442;5016
2026-06-08T12:34:38.0000000Z;7.226;7.245;1107;3360
2026-06-08T12:34:40.0000000Z;7.228;7.245;1106;9347
2026-06-08T12:34:41.0000000Z;7.228;7.245;34000;9347
2026-06-08T12:34:42.0000000Z;7.228;7.245;34000;9347
2026-06-08T12:34:44.0000000Z;7.23;7.245;1106;9347
2026-06-08T12:34:45.0000000Z;7.228;7.245;2765;36395
2026-06-08T12:34:46.0000000Z;7.228;7.245;2765;36395
2026-06-08T12:34:47.0000000Z;7.228;7.245;2765;36395
2026-06-08T12:34:49.0000000Z;7.228;7.245;2765;36395
2026-06-08T12:34:50.0000000Z;7.228;7.245;2765;36395
2026-06-08T12:34:51.0000000Z;7.228;7.245;34000;36395
2026-06-08T12:34:52.0000000Z;7.228;7.244;34000;3592
2026-06-08T12:34:53.0000000Z;7.228;7.244;34000;10777
2026-06-08T12:34:54.0000000Z;7.228;7.244;34000;3592
2026-06-08T12:34:57.0000000Z;7.228;7.244;34000;3592
2026-06-08T12:35:00.0000000Z;7.228;7.244;34000;3592
2026-06-08T12:35:01.0000000Z;7.228;7.244;34000;3592
2026-06-08T12:35:02.0000000Z;7.228;7.244;34000;3592
2026-06-08T12:35:04.0000000Z;7.228;7.244;34000;10777
2026-06-08T12:35:05.0000000Z;7.228;7.244;34000;3592
2026-06-08T12:35:11.0000000Z;7.228;7.244;34000;10777
2026-06-08T12:35:12.0000000Z;7.228;7.244;34000;3592
2026-06-08T12:35:13.0000000Z;7.228;7.244;34000;3592
2026-06-08T12:35:14.0000000Z;7.228;7.245;34000;5987
2026-06-08T12:35:15.0000000Z;7.228;7.245;34000;5987
2026-06-08T12:35:16.0000000Z;7.228;7.245;34000;39846
2026-06-08T12:35:18.0000000Z;7.228;7.245;34000;39846
2026-06-08T12:35:19.0000000Z;7.228;7.245;34000;39846
2026-06-08T12:35:20.0000000Z;7.228;7.245;34000;36395
2026-06-08T12:35:26.0000000Z;7.228;7.245;34000;36395
2026-06-08T12:35:29.0000000Z;7.228;7.245;34000;36395
2026-06-08T12:35:30.0000000Z;7.228;7.245;34000;36395
2026-06-08T12:35:33.0000000Z;7.228;7.245;34000;36395
2026-06-08T12:35:40.0000000Z;7.228;7.245;34000;36395
2026-06-08T12:35:42.0000000Z;7.228;7.245;34000;36395
2026-06-08T12:35:44.0000000Z;7.228;7.245;34000;36395
2026-06-08T12:35:48.0000000Z;7.228;7.245;34000;36395
2026-06-08T12:35:49.0000000Z;7.228;7.245;34000;36395
2026-06-08T12:35:53.0000000Z;7.228;7.245;34000;36395
2026-06-08T12:35:55.0000000Z;7.228;7.245;34000;5987
2026-06-08T12:35:57.0000000Z;7.228;7.245;34000;5987
2026-06-08T12:36:00.0000000Z;7.228;7.245;34000;5987
2026-06-08T12:36:04.0000000Z;7.228;7.245;34000;5987
2026-06-08T12:36:05.0000000Z;7.228;7.245;34000;5987
2026-06-08T12:36:07.0000000Z;7.228;7.245;34000;5987
2026-06-08T12:36:09.0000000Z;7.228;7.245;34000;5987
2026-06-08T12:36:10.0000000Z;7.228;7.245;34000;5987
2026-06-08T12:36:11.0000000Z;7.228;7.243;34000;3592
2026-06-08T12:36:12.0000000Z;7.228;7.243;34000;34000
2026-06-08T12:36:13.0000000Z;7.228;7.243;34000;3592
2026-06-08T12:36:19.0000000Z;7.228;7.243;34000;3592
2026-06-08T12:36:20.0000000Z;7.228;7.243;34000;3592
2026-06-08T12:36:23.0000000Z;7.228;7.243;34000;3592
2026-06-08T12:36:26.0000000Z;7.228;7.243;34000;3592
2026-06-08T12:36:31.0000000Z;7.228;7.243;34000;3592
2026-06-08T12:36:32.0000000Z;7.228;7.244;34000;5987
2026-06-08T12:36:34.0000000Z;7.228;7.244;34000;5987
2026-06-08T12:36:35.0000000Z;7.228;7.244;34000;37452
2026-06-08T12:36:37.0000000Z;7.228;7.244;34000;34000
2026-06-08T12:36:38.0000000Z;7.228;7.244;34000;34000
2026-06-08T12:36:39.0000000Z;7.228;7.244;34000;34000
2026-06-08T12:36:41.0000000Z;7.228;7.244;34000;34000
2026-06-08T12:36:50.0000000Z;7.228;7.243;34000;34000
2026-06-08T12:36:54.0000000Z;7.228;7.243;34000;3592
2026-06-08T12:36:55.0000000Z;7.228;7.243;34000;3592
2026-06-08T12:36:59.0000000Z;7.228;7.243;34000;3592
2026-06-08T12:37:00.0000000Z;7.228;7.243;34000;3592
2026-06-08T12:37:01.0000000Z;7.228;7.243;34000;3592
2026-06-08T12:37:02.0000000Z;7.228;7.243;34000;3592
2026-06-08T12:37:04.0000000Z;7.228;7.243;34000;3592
2026-06-08T12:37:07.0000000Z;7.228;7.243;2765;3592
2026-06-08T12:37:09.0000000Z;7.228;7.243;2765;3592
2026-06-08T12:37:10.0000000Z;7.228;7.243;5160;3592
2026-06-08T12:37:22.0000000Z;7.228;7.244;5160;3592
2026-06-08T12:37:23.0000000Z;7.228;7.244;5160;5987
2026-06-08T12:37:24.0000000Z;7.228;7.244;5160;5987
2026-06-08T12:37:25.0000000Z;7.228;7.244;5160;37452
2026-06-08T12:37:26.0000000Z;7.228;7.244;36395;37452
2026-06-08T12:37:27.0000000Z;7.228;7.244;2765;37452
2026-06-08T12:37:28.0000000Z;7.228;7.244;2765;3592
2026-06-08T12:37:29.0000000Z;7.228;7.244;2765;3592
2026-06-08T12:37:30.0000000Z;7.228;7.244;2765;34000
2026-06-08T12:37:31.0000000Z;7.228;7.244;2765;34000
2026-06-08T12:37:33.0000000Z;7.228;7.244;2765;34000
2026-06-08T12:37:34.0000000Z;7.228;7.244;2765;34000
2026-06-08T12:37:35.0000000Z;7.228;7.245;2765;5987
2026-06-08T12:37:36.0000000Z;7.228;7.245;2765;5987
2026-06-08T12:37:37.0000000Z;7.228;7.245;2765;39846
2026-06-08T12:37:40.0000000Z;7.228;7.245;2765;39846
2026-06-08T12:37:42.0000000Z;7.228;7.245;2765;34000
2026-06-08T12:37:45.0000000Z;7.228;7.246;5160;3592
2026-06-08T12:37:46.0000000Z;7.228;7.246;5160;5987
2026-06-08T12:37:47.0000000Z;7.228;7.246;5160;37451
2026-06-08T12:37:48.0000000Z;7.228;7.246;5160;37451
2026-06-08T12:37:50.0000000Z;7.228;7.246;5160;37451
2026-06-08T12:37:51.0000000Z;7.228;7.246;5160;34000
2026-06-08T12:37:53.0000000Z;7.228;7.246;5160;34000
2026-06-08T12:37:55.0000000Z;7.228;7.246;5160;34000
2026-06-08T12:37:58.0000000Z;7.228;7.246;5160;34000
2026-06-08T12:37:59.0000000Z;7.228;7.246;5160;3592
2026-06-08T12:38:00.0000000Z;7.231;7.246;2765;5987
2026-06-08T12:38:04.0000000Z;7.231;7.246;2765;5987
2026-06-08T12:38:05.0000000Z;7.231;7.246;2765;5987
2026-06-08T12:38:06.0000000Z;7.231;7.246;2765;5987
2026-06-08T12:38:09.0000000Z;7.23;7.246;2765;5987
2026-06-08T12:38:10.0000000Z;7.23;7.246;2765;5987
2026-06-08T12:38:11.0000000Z;7.23;7.246;37458;5987
2026-06-08T12:38:12.0000000Z;7.23;7.246;37458;5987
2026-06-08T12:38:13.0000000Z;7.23;7.246;37458;5987
2026-06-08T12:38:15.0000000Z;7.23;7.246;34000;5987
2026-06-08T12:38:18.0000000Z;7.23;7.246;34000;5987
2026-06-08T12:38:20.0000000Z;7.23;7.244;34000;3592
2026-06-08T12:38:21.0000000Z;7.23;7.244;34000;3592
2026-06-08T12:38:22.0000000Z;7.23;7.244;34000;3592
2026-06-08T12:38:24.0000000Z;7.23;7.244;34000;3592
2026-06-08T12:38:33.0000000Z;7.23;7.244;34000;3592
2026-06-08T12:38:35.0000000Z;7.23;7.244;34000;3592
2026-06-08T12:38:39.0000000Z;7.23;7.244;34000;3592
2026-06-08T12:38:43.0000000Z;7.23;7.244;34000;5987
2026-06-08T12:38:46.0000000Z;7.23;7.244;34000;5987
2026-06-08T12:38:48.0000000Z;7.23;7.244;34000;5987
2026-06-08T12:38:51.0000000Z;7.23;7.244;34000;5987
2026-06-08T12:39:02.0000000Z;7.23;7.244;34000;5987
2026-06-08T12:39:03.0000000Z;7.23;7.244;34000;5987
2026-06-08T12:39:04.0000000Z;7.23;7.244;34000;5987
2026-06-08T12:39:05.0000000Z;7.23;7.244;34000;5987
2026-06-08T12:39:06.0000000Z;7.23;7.244;34000;5987
2026-06-08T12:39:07.0000000Z;7.23;7.244;34000;3592
2026-06-08T12:39:08.0000000Z;7.23;7.245;34000;5987
2026-06-08T12:39:09.0000000Z;7.23;7.245;34000;39846
2026-06-08T12:39:10.0000000Z;7.23;7.243;34000;3592
2026-06-08T12:39:11.0000000Z;7.23;7.243;34000;3592
2026-06-08T12:39:12.0000000Z;7.23;7.243;34000;3592
2026-06-08T12:39:13.0000000Z;7.23;7.243;34000;3592
2026-06-08T12:39:14.0000000Z;7.23;7.243;34000;3592
2026-06-08T12:39:15.0000000Z;7.23;7.243;34000;3592
2026-06-08T12:39:18.0000000Z;7.23;7.245;34000;3592
2026-06-08T12:39:21.0000000Z;7.23;7.244;34000;3452
2026-06-08T12:39:22.0000000Z;7.23;7.244;34000;3452
2026-06-08T12:39:23.0000000Z;7.23;7.244;34000;3452
2026-06-08T12:39:24.0000000Z;7.23;7.245;34000;34000
2026-06-08T12:39:25.0000000Z;7.23;7.245;34000;34000
2026-06-08T12:39:26.0000000Z;7.23;7.245;34000;34000
2026-06-08T12:39:27.0000000Z;7.23;7.245;34000;34000
2026-06-08T12:39:28.0000000Z;7.23;7.245;34000;34000
2026-06-08T12:39:30.0000000Z;7.23;7.245;34000;34000
2026-06-08T12:39:31.0000000Z;7.23;7.245;34000;34000
2026-06-08T12:39:36.0000000Z;7.23;7.245;34000;34000
2026-06-08T12:39:46.0000000Z;7.23;7.245;34000;34000
2026-06-08T12:39:47.0000000Z;7.23;7.245;34000;34000
2026-06-08T12:39:48.0000000Z;7.23;7.245;34000;34000
2026-06-08T12:39:49.0000000Z;7.23;7.245;34000;34000
2026-06-08T12:39:50.0000000Z;7.23;7.245;34000;34000
2026-06-08T12:39:51.0000000Z;7.23;7.245;34000;34000
2026-06-08T12:39:52.0000000Z;7.23;7.245;34000;34000
2026-06-08T12:39:53.0000000Z;7.23;7.245;34000;34000
2026-06-08T12:39:54.0000000Z;7.23;7.245;34000;34000
2026-06-08T12:39:56.0000000Z;7.23;7.245;34000;34000
2026-06-08T12:39:59.0000000Z;7.225;7.245;1107;5987
2026-06-08T12:40:00.0000000Z;7.227;7.245;1106;5987
2026-06-08T12:40:01.0000000Z;7.229;7.245;1106;5987
2026-06-08T12:40:03.0000000Z;7.229;7.245;1106;5987
2026-06-08T12:40:04.0000000Z;7.225;7.245;1107;36395
2026-06-08T12:40:06.0000000Z;7.229;7.244;37459;34000
2026-06-08T12:40:07.0000000Z;7.229;7.243;3459;1940
2026-06-08T12:40:08.0000000Z;7.225;7.243;1473;1940
2026-06-08T12:40:09.0000000Z;7.225;7.243;1473;34000
2026-06-08T12:40:10.0000000Z;7.225;7.243;1473;34000
2026-06-08T12:40:11.0000000Z;7.225;7.242;1473;2395
2026-06-08T12:40:12.0000000Z;7.225;7.241;1473;34000
2026-06-08T12:40:13.0000000Z;7.225;7.241;1473;34000
2026-06-08T12:40:14.0000000Z;7.225;7.241;1473;34000
2026-06-08T12:40:16.0000000Z;7.225;7.241;1473;34000
2026-06-08T12:40:18.0000000Z;7.225;7.241;34000;34000
2026-06-08T12:40:20.0000000Z;7.225;7.241;34000;34000
2026-06-08T12:40:22.0000000Z;7.225;7.241;34000;34000
2026-06-08T12:40:24.0000000Z;7.225;7.241;34000;34000
2026-06-08T12:40:26.0000000Z;7.225;7.241;34000;34000
2026-06-08T12:40:28.0000000Z;7.225;7.241;34000;34000
2026-06-08T12:40:30.0000000Z;7.225;7.241;34000;34000
2026-06-08T12:40:32.0000000Z;7.225;7.241;34000;34000
2026-06-08T12:40:34.0000000Z;7.225;7.241;34000;34000
2026-06-08T12:40:36.0000000Z;7.225;7.241;34000;34000
2026-06-08T12:40:37.0000000Z;7.225;7.241;34000;3592
2026-06-08T12:40:38.0000000Z;7.225;7.241;34000;3592
2026-06-08T12:40:39.0000000Z;7.225;7.241;34000;3592
2026-06-08T12:40:40.0000000Z;7.225;7.241;34000;3592
2026-06-08T12:40:41.0000000Z;7.225;7.241;34000;3592
2026-06-08T12:40:42.0000000Z;7.225;7.241;34000;3592
2026-06-08T12:40:58.0000000Z;7.225;7.241;34000;3592
2026-06-08T12:40:59.0000000Z;7.225;7.241;34000;3592
2026-06-08T12:41:00.0000000Z;7.225;7.241;34000;3592
2026-06-08T12:41:03.0000000Z;7.225;7.241;34000;3592
2026-06-08T12:41:04.0000000Z;7.225;7.241;34000;3592
2026-06-08T12:41:05.0000000Z;7.225;7.241;34000;3592
2026-06-08T12:41:09.0000000Z;7.225;7.241;34000;3592
2026-06-08T12:41:21.0000000Z;7.225;7.241;34000;3592
2026-06-08T12:41:25.0000000Z;7.225;7.241;34000;3592
2026-06-08T12:41:27.0000000Z;7.225;7.241;34000;3592
2026-06-08T12:41:39.0000000Z;7.225;7.241;34000;3592
2026-06-08T12:41:40.0000000Z;7.225;7.241;34000;3592
2026-06-08T12:41:43.0000000Z;7.225;7.241;34000;3592
2026-06-08T12:41:52.0000000Z;7.225;7.241;34000;3592
2026-06-08T12:41:54.0000000Z;7.225;7.241;34000;3592
2026-06-08T12:42:08.0000000Z;7.225;7.241;34000;3592
2026-06-08T12:42:10.0000000Z;7.225;7.241;34000;3592
2026-06-08T12:42:12.0000000Z;7.225;7.241;34000;3592
2026-06-08T12:42:14.0000000Z;7.225;7.241;34000;3592
2026-06-08T12:42:16.0000000Z;7.225;7.241;34000;3592
2026-06-08T12:42:17.0000000Z;7.225;7.241;34000;3592
2026-06-08T12:42:19.0000000Z;7.225;7.241;34000;3592
2026-06-08T12:42:20.0000000Z;7.225;7.241;34000;3592
2026-06-08T12:42:21.0000000Z;7.225;7.241;34000;3592
2026-06-08T12:42:22.0000000Z;7.225;7.241;34000;3592
2026-06-08T12:42:25.0000000Z;7.225;7.241;34000;3592
2026-06-08T12:42:27.0000000Z;7.225;7.241;34000;3592
2026-06-08T12:42:29.0000000Z;7.225;7.241;34000;3592
2026-06-08T12:42:30.0000000Z;7.225;7.241;34000;3592
2026-06-08T12:42:31.0000000Z;7.225;7.241;34000;3592
2026-06-08T12:42:32.0000000Z;7.225;7.241;34000;3592
2026-06-08T12:42:33.0000000Z;7.225;7.244;34000;16331
2026-06-08T12:42:34.0000000Z;7.225;7.243;34000;5896
2026-06-08T12:42:35.0000000Z;7.225;7.243;1107;5896
2026-06-08T12:42:36.0000000Z;7.224;7.244;1107;12400
2026-06-08T12:42:37.0000000Z;7.222;7.244;1107;12400
2026-06-08T12:42:38.0000000Z;7.223;7.242;1660;3453
2026-06-08T12:42:39.0000000Z;7.224;7.242;1107;3453
2026-06-08T12:42:41.0000000Z;7.226;7.242;34000;3453
2026-06-08T12:42:43.0000000Z;7.227;7.242;1106;3453
2026-06-08T12:42:44.0000000Z;7.227;7.242;1478;3453
2026-06-08T12:42:45.0000000Z;7.227;7.242;1106;3453
2026-06-08T12:42:47.0000000Z;7.227;7.244;1106;34000
2026-06-08T12:42:48.0000000Z;7.227;7.244;1106;34000
2026-06-08T12:42:49.0000000Z;7.227;7.244;1468;34000
2026-06-08T12:42:50.0000000Z;7.227;7.244;1106;34000
2026-06-08T12:42:56.0000000Z;7.227;7.244;1106;34000
2026-06-08T12:42:57.0000000Z;7.227;7.244;2681;34000
2026-06-08T12:42:58.0000000Z;7.227;7.244;2678;34000
2026-06-08T12:43:00.0000000Z;7.227;7.244;1106;34000
2026-06-08T12:43:06.0000000Z;7.225;7.244;2767;34000
2026-06-08T12:43:07.0000000Z;7.225;7.244;2767;34000
2026-06-08T12:43:08.0000000Z;7.226;7.244;3460;34000
2026-06-08T12:43:17.0000000Z;7.226;7.244;3460;34000
2026-06-08T12:43:18.0000000Z;7.225;7.244;34000;34000
2026-06-08T12:43:19.0000000Z;7.225;7.244;34000;34000
2026-06-08T12:43:20.0000000Z;7.225;7.244;34000;34000
2026-06-08T12:43:23.0000000Z;7.225;7.244;34000;34000
2026-06-08T12:43:33.0000000Z;7.225;7.244;34000;34000
2026-06-08T12:43:37.0000000Z;7.225;7.244;34000;34000
2026-06-08T12:43:38.0000000Z;7.225;7.244;34000;34000
2026-06-08T12:43:39.0000000Z;7.225;7.244;34000;34000
2026-06-08T12:43:40.0000000Z;7.225;7.244;34000;34000
2026-06-08T12:43:41.0000000Z;7.225;7.244;34000;34000
2026-06-08T12:43:42.0000000Z;7.225;7.244;34000;34000
2026-06-08T12:43:43.0000000Z;7.225;7.244;34000;34000
2026-06-08T12:43:44.0000000Z;7.225;7.244;34000;34000
2026-06-08T12:43:45.0000000Z;7.225;7.244;34000;34000
2026-06-08T12:43:46.0000000Z;7.225;7.244;34000;34000
2026-06-08T12:43:47.0000000Z;7.225;7.244;34000;34000
2026-06-08T12:43:48.0000000Z;7.225;7.244;34000;34000
2026-06-08T12:43:49.0000000Z;7.225;7.244;34000;34000
2026-06-08T12:43:50.0000000Z;7.225;7.244;34000;34000
2026-06-08T12:43:51.0000000Z;7.225;7.244;34000;34000
2026-06-08T12:43:52.0000000Z;7.225;7.244;34000;34000
2026-06-08T12:43:53.0000000Z;7.225;7.244;34000;34000
2026-06-08T12:43:54.0000000Z;7.225;7.244;34000;34000
2026-06-08T12:43:55.0000000Z;7.225;7.244;34000;34000
2026-06-08T12:43:56.0000000Z;7.225;7.244;34000;34000
2026-06-08T12:43:57.0000000Z;7.225;7.244;34000;34000
2026-06-08T12:43:59.0000000Z;7.225;7.244;34000;34000
2026-06-08T12:44:00.0000000Z;7.225;7.244;34000;34000
2026-06-08T12:44:02.0000000Z;7.225;7.244;34000;34000
2026-06-08T12:44:03.0000000Z;7.225;7.244;2767;34000
2026-06-08T12:44:05.0000000Z;7.225;7.244;2767;34000
2026-06-08T12:44:12.0000000Z;7.225;7.244;2767;34000
2026-06-08T12:44:13.0000000Z;7.225;7.244;2767;34000
2026-06-08T12:44:14.0000000Z;7.225;7.244;2767;34000
2026-06-08T12:44:15.0000000Z;7.225;7.244;2767;34000
2026-06-08T12:44:16.0000000Z;7.225;7.244;2767;34000
2026-06-08T12:44:17.0000000Z;7.225;7.244;2767;34000
2026-06-08T12:44:18.0000000Z;7.225;7.244;2767;34000
2026-06-08T12:44:19.0000000Z;7.225;7.244;2767;34000
2026-06-08T12:44:21.0000000Z;7.225;7.244;2767;34000
2026-06-08T12:44:23.0000000Z;7.225;7.244;2767;34000
2026-06-08T12:44:25.0000000Z;7.225;7.244;2767;34000
2026-06-08T12:44:26.0000000Z;7.225;7.243;2767;2823
2026-06-08T12:44:27.0000000Z;7.225;7.243;2767;2823
2026-06-08T12:44:28.0000000Z;7.225;7.243;2767;2823
2026-06-08T12:44:32.0000000Z;7.225;7.243;2196;2823
2026-06-08T12:44:33.0000000Z;7.225;7.243;2196;2823
2026-06-08T12:44:35.0000000Z;7.225;7.243;2196;2823
2026-06-08T12:44:36.0000000Z;7.225;7.243;2196;2823
2026-06-08T12:44:38.0000000Z;7.225;7.243;2196;2823
2026-06-08T12:44:39.0000000Z;7.225;7.243;2196;2823
2026-06-08T12:44:40.0000000Z;7.225;7.243;2196;2036
2026-06-08T12:44:41.0000000Z;7.225;7.243;2196;2036
2026-06-08T12:44:43.0000000Z;7.225;7.243;2196;2036
2026-06-08T12:44:47.0000000Z;7.225;7.243;2196;2036
2026-06-08T12:44:48.0000000Z;7.225;7.243;2196;2036
2026-06-08T12:44:51.0000000Z;7.225;7.243;2196;2036
2026-06-08T12:44:53.0000000Z;7.225;7.243;2196;2036
2026-06-08T12:44:55.0000000Z;7.225;7.243;2196;2036
2026-06-08T12:44:56.0000000Z;7.225;7.243;2196;2036
2026-06-08T12:44:57.0000000Z;7.225;7.243;2196;2036
2026-06-08T12:44:59.0000000Z;7.225;7.243;2196;2036
2026-06-08T12:45:01.0000000Z;7.225;7.243;2196;2036
2026-06-08T12:45:02.0000000Z;7.225;7.243;2196;2036
2026-06-08T12:45:03.0000000Z;7.225;7.243;2196;2036
2026-06-08T12:45:14.0000000Z;7.225;7.244;2196;12400
2026-06-08T12:45:17.0000000Z;7.225;7.244;2196;37452
2026-06-08T12:45:20.0000000Z;7.225;7.244;2196;34000
2026-06-08T12:45:22.0000000Z;7.225;7.244;2196;34000
2026-06-08T12:45:24.0000000Z;7.225;7.244;2196;34000
2026-06-08T12:45:25.0000000Z;7.224;7.244;2767;34000
2026-06-08T12:45:26.0000000Z;7.224;7.244;2767;34000
2026-06-08T12:45:27.0000000Z;7.224;7.244;37461;34000
2026-06-08T12:45:28.0000000Z;7.224;7.244;37461;34000
2026-06-08T12:45:29.0000000Z;7.224;7.244;37461;34000
2026-06-08T12:45:30.0000000Z;7.224;7.244;37461;34000
2026-06-08T12:45:32.0000000Z;7.224;7.244;34000;34000
2026-06-08T12:45:33.0000000Z;7.223;7.244;2767;34000
2026-06-08T12:45:34.0000000Z;7.223;7.244;2767;34000
2026-06-08T12:45:35.0000000Z;7.223;7.244;37462;34000
2026-06-08T12:45:36.0000000Z;7.223;7.244;37462;15884
2026-06-08T12:45:38.0000000Z;7.223;7.244;34000;15884
2026-06-08T12:45:39.0000000Z;7.223;7.244;34000;15884
2026-06-08T12:45:41.0000000Z;7.223;7.244;34000;15884
2026-06-08T12:45:43.0000000Z;7.223;7.244;34000;15884
2026-06-08T12:45:45.0000000Z;7.223;7.244;34000;15884
2026-06-08T12:45:47.0000000Z;7.223;7.244;34000;15884
2026-06-08T12:45:49.0000000Z;7.223;7.244;34000;15884
2026-06-08T12:45:51.0000000Z;7.223;7.244;34000;18505
2026-06-08T12:45:53.0000000Z;7.223;7.244;34000;18505
2026-06-08T12:45:54.0000000Z;7.223;7.244;34000;18505
2026-06-08T12:45:55.0000000Z;7.223;7.244;34000;18505
2026-06-08T12:45:56.0000000Z;7.223;7.244;34000;18505
2026-06-08T12:45:57.0000000Z;7.223;7.244;34000;18505
2026-06-08T12:45:59.0000000Z;7.223;7.244;34000;18505
2026-06-08T12:46:01.0000000Z;7.223;7.244;34000;18279
2026-06-08T12:46:03.0000000Z;7.223;7.242;34000;34000
2026-06-08T12:46:05.0000000Z;7.223;7.242;34000;34000
2026-06-08T12:46:06.0000000Z;7.223;7.242;34000;34000
2026-06-08T12:46:07.0000000Z;7.223;7.242;34000;34000
2026-06-08T12:46:09.0000000Z;7.223;7.242;34000;34000
2026-06-08T12:46:10.0000000Z;7.223;7.242;34000;34000
2026-06-08T12:46:11.0000000Z;7.223;7.242;34000;34000
2026-06-08T12:46:13.0000000Z;7.223;7.242;34000;34000
2026-06-08T12:46:14.0000000Z;7.223;7.242;34000;34000
2026-06-08T12:46:15.0000000Z;7.223;7.242;34000;34000
2026-06-08T12:46:17.0000000Z;7.223;7.242;34000;34000
2026-06-08T12:46:19.0000000Z;7.223;7.242;34000;34000
2026-06-08T12:46:21.0000000Z;7.223;7.242;34000;34000
2026-06-08T12:46:23.0000000Z;7.223;7.242;34000;34000
2026-06-08T12:46:24.0000000Z;7.223;7.242;34000;34000
2026-06-08T12:46:26.0000000Z;7.223;7.242;34000;34000
2026-06-08T12:46:28.0000000Z;7.223;7.242;34000;34000
2026-06-08T12:46:30.0000000Z;7.223;7.242;34000;34000
2026-06-08T12:46:32.0000000Z;7.223;7.242;34000;34000
2026-06-08T12:46:33.0000000Z;7.223;7.242;34000;34000
2026-06-08T12:46:34.0000000Z;7.223;7.242;34000;34000
2026-06-08T12:46:36.0000000Z;7.223;7.242;34000;34000
2026-06-08T12:46:38.0000000Z;7.223;7.242;34000;34000
2026-06-08T12:46:40.0000000Z;7.223;7.242;34000;34000
2026-06-08T12:46:41.0000000Z;7.223;7.242;34000;34000
2026-06-08T12:46:46.0000000Z;7.223;7.242;34000;34000
2026-06-08T12:46:48.0000000Z;7.223;7.242;34000;34000
2026-06-08T12:46:49.0000000Z;7.223;7.243;34000;3259
2026-06-08T12:46:51.0000000Z;7.223;7.243;34000;37452
2026-06-08T12:46:53.0000000Z;7.223;7.243;34000;5654
2026-06-08T12:46:54.0000000Z;7.223;7.243;34000;5654
2026-06-08T12:46:56.0000000Z;7.223;7.243;34000;5654
2026-06-08T12:46:57.0000000Z;7.223;7.243;34000;34000
2026-06-08T12:46:58.0000000Z;7.223;7.243;34000;34000
2026-06-08T12:47:00.0000000Z;7.223;7.243;34000;34000
2026-06-08T12:47:02.0000000Z;7.223;7.243;34000;34000
2026-06-08T12:47:04.0000000Z;7.223;7.243;34000;34000
2026-06-08T12:47:05.0000000Z;7.223;7.243;34000;34000
2026-06-08T12:47:06.0000000Z;7.223;7.243;34000;34000
2026-06-08T12:47:08.0000000Z;7.223;7.243;34000;34000
2026-06-08T12:47:14.0000000Z;7.223;7.243;34000;34000
2026-06-08T12:47:20.0000000Z;7.223;7.243;34000;34000
2026-06-08T12:47:21.0000000Z;7.223;7.244;34000;12400
2026-06-08T12:47:22.0000000Z;7.223;7.244;34000;12400
2026-06-08T12:47:24.0000000Z;7.223;7.244;34000;12400
2026-06-08T12:47:25.0000000Z;7.223;7.244;34000;37452
2026-06-08T12:47:26.0000000Z;7.223;7.244;34000;37452
2026-06-08T12:47:27.0000000Z;7.223;7.244;34000;37452
2026-06-08T12:47:28.0000000Z;7.223;7.244;34000;34000
2026-06-08T12:47:32.0000000Z;7.223;7.242;34000;2972
2026-06-08T12:47:34.0000000Z;7.223;7.242;34000;2972
2026-06-08T12:47:36.0000000Z;7.223;7.242;34000;2972
2026-06-08T12:47:38.0000000Z;7.223;7.242;34000;2972
2026-06-08T12:47:40.0000000Z;7.223;7.242;34000;2972
2026-06-08T12:47:42.0000000Z;7.223;7.242;34000;2972
2026-06-08T12:47:45.0000000Z;7.223;7.242;34000;2972
2026-06-08T12:47:47.0000000Z;7.223;7.242;34000;2972
2026-06-08T12:47:49.0000000Z;7.223;7.242;34000;2972
2026-06-08T12:47:51.0000000Z;7.223;7.242;34000;2972
2026-06-08T12:47:53.0000000Z;7.223;7.242;34000;2972
2026-06-08T12:47:55.0000000Z;7.223;7.242;34000;2972
2026-06-08T12:47:57.0000000Z;7.223;7.242;34000;1885
2026-06-08T12:47:58.0000000Z;7.223;7.242;34000;1885
2026-06-08T12:47:59.0000000Z;7.223;7.242;34000;1885
2026-06-08T12:48:00.0000000Z;7.223;7.242;34000;1885
2026-06-08T12:48:06.0000000Z;7.223;7.242;34000;1885
2026-06-08T12:48:07.0000000Z;7.223;7.242;34000;1885
2026-06-08T12:48:08.0000000Z;7.223;7.242;34000;1885
2026-06-08T12:48:09.0000000Z;7.223;7.242;34000;1885
2026-06-08T12:48:10.0000000Z;7.223;7.242;34000;1885
2026-06-08T12:48:11.0000000Z;7.223;7.242;34000;1885
2026-06-08T12:48:13.0000000Z;7.223;7.242;34000;1885
2026-06-08T12:48:17.0000000Z;7.223;7.242;34000;1885
2026-06-08T12:48:19.0000000Z;7.223;7.242;34000;1885
2026-06-08T12:48:22.0000000Z;7.223;7.242;34000;1885
2026-06-08T12:48:24.0000000Z;7.223;7.242;34000;1885
2026-06-08T12:48:25.0000000Z;7.223;7.242;34000;1885
2026-06-08T12:48:26.0000000Z;7.223;7.242;34000;1885
2026-06-08T12:48:28.0000000Z;7.223;7.242;34000;1885
2026-06-08T12:48:30.0000000Z;7.223;7.242;34000;1885
2026-06-08T12:48:32.0000000Z;7.223;7.242;34000;1885
2026-06-08T12:48:33.0000000Z;7.223;7.242;34000;1885
2026-06-08T12:48:35.0000000Z;7.223;7.242;34000;1885
2026-06-08T12:48:36.0000000Z;7.223;7.242;34000;1885
2026-06-08T12:48:37.0000000Z;7.223;7.242;34000;1885
2026-06-08T12:48:38.0000000Z;7.223;7.242;34000;1885
2026-06-08T12:48:39.0000000Z;7.223;7.242;34000;1885
2026-06-08T12:48:40.0000000Z;7.223;7.242;34000;1885
2026-06-08T12:48:41.0000000Z;7.223;7.242;34000;1885
2026-06-08T12:48:42.0000000Z;7.223;7.242;34000;1885
2026-06-08T12:48:43.0000000Z;7.223;7.242;34000;1885
2026-06-08T12:48:44.0000000Z;7.223;7.242;34000;1885
2026-06-08T12:48:45.0000000Z;7.223;7.242;34000;1885
2026-06-08T12:48:46.0000000Z;7.223;7.242;34000;1885
2026-06-08T12:48:47.0000000Z;7.223;7.242;34000;1885
2026-06-08T12:48:48.0000000Z;7.223;7.242;34000;1885
2026-06-08T12:48:49.0000000Z;7.223;7.242;34000;1885
2026-06-08T12:48:50.0000000Z;7.223;7.242;34000;1885
2026-06-08T12:48:51.0000000Z;7.223;7.242;34000;1885
2026-06-08T12:48:52.0000000Z;7.223;7.242;34000;1885
2026-06-08T12:48:53.0000000Z;7.223;7.242;34000;1885
2026-06-08T12:48:54.0000000Z;7.223;7.242;34000;1885
2026-06-08T12:48:55.0000000Z;7.223;7.242;34000;1885
2026-06-08T12:48:56.0000000Z;7.223;7.242;34000;1885
2026-06-08T12:48:57.0000000Z;7.223;7.242;34000;1885
2026-06-08T12:48:58.0000000Z;7.223;7.242;34000;1885
2026-06-08T12:48:59.0000000Z;7.223;7.242;34000;1885
2026-06-08T12:48:59.0000000Z;7.223;7.242;34000;1885
2026-06-08T12:49:00.0000000Z;7.223;7.242;34000;1885
2026-06-08T12:49:01.0000000Z;7.223;7.242;34000;1885
2026-06-08T12:49:02.0000000Z;7.223;7.242;34000;1885
2026-06-08T12:49:03.0000000Z;7.223;7.242;34000;1885
2026-06-08T12:49:04.0000000Z;7.223;7.242;34000;1885
2026-06-08T12:49:05.0000000Z;7.223;7.242;34000;1885
2026-06-08T12:49:06.0000000Z;7.223;7.242;34000;1885
2026-06-08T12:49:07.0000000Z;7.223;7.242;34000;1885
2026-06-08T12:49:08.0000000Z;7.223;7.242;34000;1885
2026-06-08T12:49:10.0000000Z;7.223;7.242;34000;1885
2026-06-08T12:49:11.0000000Z;7.223;7.242;34000;1885
2026-06-08T12:49:12.0000000Z;7.223;7.242;34000;1885
2026-06-08T12:49:17.0000000Z;7.223;7.241;5162;34000
2026-06-08T12:49:18.0000000Z;7.223;7.24;5162;3592
2026-06-08T12:49:19.0000000Z;7.228;7.24;2765;34000
2026-06-08T12:49:22.0000000Z;7.227;7.24;2765;34000
2026-06-08T12:49:23.0000000Z;7.227;7.24;2765;34000
2026-06-08T12:49:24.0000000Z;7.227;7.24;2765;34000
2026-06-08T12:49:25.0000000Z;7.227;7.24;34000;34000
2026-06-08T12:49:27.0000000Z;7.227;7.24;34000;34000
2026-06-08T12:49:40.0000000Z;7.227;7.24;34000;34000
2026-06-08T12:49:41.0000000Z;7.227;7.24;34000;34000
2026-06-08T12:49:42.0000000Z;7.227;7.24;34000;34000
2026-06-08T12:49:45.0000000Z;7.227;7.24;34000;34000
2026-06-08T12:49:47.0000000Z;7.227;7.24;34000;3592
2026-06-08T12:49:51.0000000Z;7.227;7.24;34000;3592
2026-06-08T12:49:54.0000000Z;7.227;7.24;34000;3592
2026-06-08T12:50:01.0000000Z;7.227;7.24;34000;3592
2026-06-08T12:50:06.0000000Z;7.227;7.24;34000;3592
2026-06-08T12:50:12.0000000Z;7.227;7.24;34000;3592
2026-06-08T12:50:14.0000000Z;7.227;7.24;34000;3592
2026-06-08T12:50:16.0000000Z;7.227;7.24;34000;3592
2026-06-08T12:50:17.0000000Z;7.227;7.24;34000;3592
2026-06-08T12:50:20.0000000Z;7.227;7.24;34000;3592
2026-06-08T12:50:21.0000000Z;7.227;7.242;34000;5987
2026-06-08T12:50:22.0000000Z;7.227;7.242;34000;5987
2026-06-08T12:50:23.0000000Z;7.227;7.24;34000;3592
2026-06-08T12:50:24.0000000Z;7.227;7.24;34000;3592
2026-06-08T12:50:25.0000000Z;7.227;7.24;34000;3592
2026-06-08T12:50:26.0000000Z;7.227;7.24;34000;3592
2026-06-08T12:50:27.0000000Z;7.227;7.24;34000;3592
2026-06-08T12:50:28.0000000Z;7.227;7.24;34000;3592
2026-06-08T12:50:32.0000000Z;7.227;7.24;34000;3592
2026-06-08T12:50:33.0000000Z;7.227;7.24;34000;3592
2026-06-08T12:50:34.0000000Z;7.227;7.24;34000;3592
2026-06-08T12:50:35.0000000Z;7.227;7.24;34000;3592
2026-06-08T12:50:37.0000000Z;7.227;7.24;34000;3592
2026-06-08T12:50:38.0000000Z;7.227;7.24;1106;3592
2026-06-08T12:50:39.0000000Z;7.227;7.24;2765;3592
2026-06-08T12:50:41.0000000Z;7.227;7.24;1106;3592
2026-06-08T12:50:42.0000000Z;7.227;7.24;1106;3592
2026-06-08T12:50:43.0000000Z;7.227;7.24;1106;3592
2026-06-08T12:50:50.0000000Z;7.227;7.24;1106;3592
2026-06-08T12:50:51.0000000Z;7.227;7.24;1106;3592
2026-06-08T12:50:58.0000000Z;7.227;7.24;1106;3592
2026-06-08T12:50:59.0000000Z;7.227;7.24;1106;3592
2026-06-08T12:51:00.0000000Z;7.227;7.24;1106;3592
2026-06-08T12:51:02.0000000Z;7.227;7.24;1106;3592
2026-06-08T12:51:03.0000000Z;7.227;7.24;1106;3592
2026-06-08T12:51:04.0000000Z;7.227;7.24;1106;3592
2026-06-08T12:51:05.0000000Z;7.223;7.24;2767;3592
2026-06-08T12:51:06.0000000Z;7.223;7.24;2767;3592
2026-06-08T12:51:07.0000000Z;7.226;7.24;3460;3592
2026-06-08T12:51:11.0000000Z;7.226;7.24;3460;3592
2026-06-08T12:51:13.0000000Z;7.223;7.24;34000;3592
2026-06-08T12:51:14.0000000Z;7.223;7.24;34000;3592
2026-06-08T12:51:18.0000000Z;7.223;7.239;34000;34000
2026-06-08T12:51:19.0000000Z;7.223;7.239;34000;34000
2026-06-08T12:51:20.0000000Z;7.223;7.239;34000;34000
2026-06-08T12:51:21.0000000Z;7.223;7.239;34000;34000
2026-06-08T12:51:23.0000000Z;7.223;7.239;34000;34000
2026-06-08T12:51:25.0000000Z;7.223;7.239;34000;34000
2026-06-08T12:51:26.0000000Z;7.223;7.239;34000;34000
2026-06-08T12:51:27.0000000Z;7.223;7.239;34000;34000
2026-06-08T12:51:29.0000000Z;7.223;7.239;34000;34000
2026-06-08T12:51:32.0000000Z;7.223;7.239;34000;34000
2026-06-08T12:51:33.0000000Z;7.223;7.239;34000;34000
2026-06-08T12:51:34.0000000Z;7.223;7.239;34000;34000
2026-06-08T12:51:37.0000000Z;7.223;7.239;34000;34000
2026-06-08T12:51:38.0000000Z;7.223;7.239;34000;34000
2026-06-08T12:51:40.0000000Z;7.223;7.239;34000;34000
2026-06-08T12:51:41.0000000Z;7.223;7.239;34000;34000
2026-06-08T12:52:01.0000000Z;7.223;7.239;34000;34000
2026-06-08T12:52:02.0000000Z;7.223;7.239;34000;34000
2026-06-08T12:52:03.0000000Z;7.223;7.239;34000;3592
2026-06-08T12:52:04.0000000Z;7.223;7.239;34000;3592
2026-06-08T12:52:08.0000000Z;7.223;7.239;34000;3592
2026-06-08T12:52:11.0000000Z;7.223;7.239;34000;3592
2026-06-08T12:52:13.0000000Z;7.223;7.239;34000;3592
2026-06-08T12:52:21.0000000Z;7.223;7.239;34000;3592
2026-06-08T12:52:25.0000000Z;7.223;7.239;34000;3592
2026-06-08T12:52:26.0000000Z;7.223;7.239;34000;3592
2026-06-08T12:52:27.0000000Z;7.223;7.239;34000;3592
2026-06-08T12:52:28.0000000Z;7.223;7.239;34000;3592
2026-06-08T12:52:30.0000000Z;7.223;7.239;34000;3592
2026-06-08T12:52:37.0000000Z;7.223;7.239;34000;3592
2026-06-08T12:52:42.0000000Z;7.223;7.239;34000;3592
2026-06-08T12:52:43.0000000Z;7.223;7.239;34000;3592
2026-06-08T12:52:46.0000000Z;7.223;7.239;34000;3592
2026-06-08T12:52:49.0000000Z;7.223;7.239;34000;3592
2026-06-08T12:52:51.0000000Z;7.223;7.239;34000;3592
2026-06-08T12:52:52.0000000Z;7.223;7.239;34000;3592
2026-06-08T12:52:57.0000000Z;7.223;7.239;34000;3592
2026-06-08T12:52:59.0000000Z;7.223;7.239;34000;3592
2026-06-08T12:53:02.0000000Z;7.223;7.239;34000;3592
2026-06-08T12:53:04.0000000Z;7.223;7.239;34000;3592
2026-06-08T12:53:05.0000000Z;7.223;7.239;34000;3592
2026-06-08T12:53:08.0000000Z;7.223;7.239;34000;3592
2026-06-08T12:53:09.0000000Z;7.223;7.242;34000;7524
2026-06-08T12:53:11.0000000Z;7.223;7.242;34000;7524
2026-06-08T12:53:12.0000000Z;7.223;7.24;34000;3454
2026-06-08T12:53:16.0000000Z;7.223;7.24;34000;34000
2026-06-08T12:53:20.0000000Z;7.223;7.24;34000;34000
2026-06-08T12:53:22.0000000Z;7.223;7.24;34000;5987
2026-06-08T12:53:23.0000000Z;7.223;7.24;34000;5987
2026-06-08T12:53:24.0000000Z;7.223;7.24;34000;5987
2026-06-08T12:53:25.0000000Z;7.223;7.24;34000;5987
2026-06-08T12:53:26.0000000Z;7.223;7.24;34000;5987
2026-06-08T12:53:29.0000000Z;7.223;7.24;34000;5987
2026-06-08T12:53:31.0000000Z;7.223;7.24;34000;3592
2026-06-08T12:53:32.0000000Z;7.223;7.24;34000;3592
2026-06-08T12:53:33.0000000Z;7.223;7.24;34000;3592
2026-06-08T12:53:34.0000000Z;7.223;7.24;34000;3592
2026-06-08T12:53:36.0000000Z;7.223;7.24;34000;3592
2026-06-08T12:53:37.0000000Z;7.223;7.244;11328;23412
2026-06-08T12:53:38.0000000Z;7.223;7.244;11328;12400
2026-06-08T12:53:39.0000000Z;7.227;7.244;1106;12400
2026-06-08T12:53:40.0000000Z;7.227;7.241;1106;3453
2026-06-08T12:53:41.0000000Z;7.227;7.241;2010;3453
2026-06-08T12:53:42.0000000Z;7.227;7.241;2010;3453
2026-06-08T12:53:43.0000000Z;7.227;7.243;2010;3592
2026-06-08T12:53:44.0000000Z;7.227;7.243;2010;3592
2026-06-08T12:53:47.0000000Z;7.227;7.243;2010;34000
2026-06-08T12:53:48.0000000Z;7.227;7.244;2010;15992
2026-06-08T12:53:49.0000000Z;7.227;7.244;2010;18387
2026-06-08T12:53:50.0000000Z;7.227;7.244;4405;37452
2026-06-08T12:53:51.0000000Z;7.227;7.244;4405;37452
2026-06-08T12:53:52.0000000Z;7.227;7.244;36395;37452
2026-06-08T12:53:53.0000000Z;7.227;7.244;2010;39847
2026-06-08T12:53:57.0000000Z;7.227;7.244;2010;36395
2026-06-08T12:53:58.0000000Z;7.227;7.244;2010;34000
2026-06-08T12:53:59.0000000Z;7.227;7.244;2010;34000
2026-06-08T12:53:59.0000000Z;7.227;7.244;2010;34000
2026-06-08T12:54:00.0000000Z;7.227;7.244;2010;34000
2026-06-08T12:54:01.0000000Z;7.227;7.244;2010;34000
2026-06-08T12:54:03.0000000Z;7.227;7.244;2010;34000
2026-06-08T12:54:05.0000000Z;7.227;7.244;2010;36395
2026-06-08T12:54:08.0000000Z;7.227;7.244;2010;36395
2026-06-08T12:54:09.0000000Z;7.227;7.244;2010;36395
2026-06-08T12:54:10.0000000Z;7.227;7.244;2010;36395
2026-06-08T12:54:11.0000000Z;7.227;7.244;2010;36395
2026-06-08T12:54:12.0000000Z;7.227;7.244;2010;36395
2026-06-08T12:54:13.0000000Z;7.227;7.244;2010;36395
2026-06-08T12:54:22.0000000Z;7.227;7.244;2010;36395
2026-06-08T12:54:23.0000000Z;7.227;7.244;2010;36395
2026-06-08T12:54:24.0000000Z;7.227;7.244;2010;36395
2026-06-08T12:54:25.0000000Z;7.227;7.244;2010;36395
2026-06-08T12:54:26.0000000Z;7.227;7.244;2010;36395
2026-06-08T12:54:27.0000000Z;7.227;7.244;2010;36395
2026-06-08T12:54:28.0000000Z;7.227;7.244;2010;36395
2026-06-08T12:54:29.0000000Z;7.227;7.244;2010;36395
2026-06-08T12:54:34.0000000Z;7.227;7.244;2010;36395
2026-06-08T12:54:35.0000000Z;7.227;7.244;2010;36395
2026-06-08T12:54:36.0000000Z;7.227;7.244;2010;36395
2026-06-08T12:54:40.0000000Z;7.227;7.244;2010;36395
2026-06-08T12:54:44.0000000Z;7.227;7.244;2010;36395
2026-06-08T12:54:45.0000000Z;7.227;7.244;2010;36395
2026-06-08T12:54:56.0000000Z;7.227;7.244;2010;36395
2026-06-08T12:54:57.0000000Z;7.227;7.244;2010;36395
2026-06-08T12:54:58.0000000Z;7.227;7.244;4405;36395
2026-06-08T12:54:59.0000000Z;7.227;7.244;2010;36395
2026-06-08T12:55:00.0000000Z;7.227;7.244;2010;36395
2026-06-08T12:55:01.0000000Z;7.227;7.244;2010;36395
2026-06-08T12:55:02.0000000Z;7.227;7.244;2010;36395
2026-06-08T12:55:03.0000000Z;7.227;7.244;2010;36395
2026-06-08T12:55:04.0000000Z;7.227;7.244;2010;36395
2026-06-08T12:55:15.0000000Z;7.227;7.244;2010;36395
2026-06-08T12:55:16.0000000Z;7.227;7.242;2010;3592
2026-06-08T12:55:20.0000000Z;7.227;7.242;2010;3592
2026-06-08T12:55:21.0000000Z;7.227;7.242;2010;3592
2026-06-08T12:55:22.0000000Z;7.227;7.242;2010;3592
2026-06-08T12:55:24.0000000Z;7.227;7.242;2010;3592
2026-06-08T12:55:25.0000000Z;7.227;7.242;2010;3592
2026-06-08T12:55:27.0000000Z;7.227;7.242;2010;3592
2026-06-08T12:55:30.0000000Z;7.227;7.242;2010;3592
2026-06-08T12:55:32.0000000Z;7.227;7.242;2010;3592
2026-06-08T12:55:33.0000000Z;7.227;7.242;2010;3592
2026-06-08T12:55:34.0000000Z;7.227;7.242;2010;3592
2026-06-08T12:55:36.0000000Z;7.227;7.242;2010;3592
2026-06-08T12:55:42.0000000Z;7.227;7.242;2010;3592
2026-06-08T12:55:46.0000000Z;7.227;7.242;2010;3592
2026-06-08T12:55:49.0000000Z;7.227;7.242;2010;3592
2026-06-08T12:55:50.0000000Z;7.227;7.242;2010;3592
2026-06-08T12:55:51.0000000Z;7.227;7.244;2010;12400
2026-06-08T12:55:53.0000000Z;7.227;7.243;2010;3452
2026-06-08T12:55:54.0000000Z;7.229;7.243;4698;3452
2026-06-08T12:55:55.0000000Z;7.234;7.243;1105;3452
2026-06-08T12:55:56.0000000Z;7.234;7.243;1105;3452
2026-06-08T12:55:57.0000000Z;7.234;7.244;1105;34000
2026-06-08T12:55:59.0000000Z;7.234;7.244;1105;34000
2026-06-08T12:56:00.0000000Z;7.234;7.244;1105;34000
2026-06-08T12:56:03.0000000Z;7.234;7.246;1105;5987
2026-06-08T12:56:04.0000000Z;7.234;7.246;1105;5987
2026-06-08T12:56:05.0000000Z;7.234;7.246;1105;34000
2026-06-08T12:56:06.0000000Z;7.232;7.246;2765;36395
2026-06-08T12:56:07.0000000Z;7.233;7.246;3457;36395
2026-06-08T12:56:08.0000000Z;7.233;7.246;3457;36395
2026-06-08T12:56:11.0000000Z;7.232;7.246;34000;36395
2026-06-08T12:56:12.0000000Z;7.232;7.246;34000;36395
2026-06-08T12:56:13.0000000Z;7.232;7.246;34000;36395
2026-06-08T12:56:14.0000000Z;7.232;7.246;34000;36395
2026-06-08T12:56:16.0000000Z;7.232;7.246;34000;36395
2026-06-08T12:56:17.0000000Z;7.232;7.247;34000;5987
2026-06-08T12:56:18.0000000Z;7.231;7.247;2765;5987
2026-06-08T12:56:19.0000000Z;7.231;7.247;2765;37450
2026-06-08T12:56:21.0000000Z;7.231;7.247;37458;37450
2026-06-08T12:56:22.0000000Z;7.231;7.247;37458;37450
2026-06-08T12:56:23.0000000Z;7.231;7.247;34000;36395
2026-06-08T12:56:28.0000000Z;7.231;7.247;34000;36395
2026-06-08T12:56:32.0000000Z;7.231;7.247;34000;36395
2026-06-08T12:56:36.0000000Z;7.231;7.245;34000;3592
2026-06-08T12:56:40.0000000Z;7.231;7.245;34000;3592
2026-06-08T12:56:41.0000000Z;7.231;7.245;34000;3592
2026-06-08T12:56:43.0000000Z;7.231;7.245;34000;3592
2026-06-08T12:56:44.0000000Z;7.231;7.245;34000;3592
2026-06-08T12:56:45.0000000Z;7.231;7.245;34000;3592
2026-06-08T12:56:46.0000000Z;7.231;7.246;34000;7184
2026-06-08T12:56:47.0000000Z;7.231;7.246;1106;3592
2026-06-08T12:56:48.0000000Z;7.231;7.246;2765;3592
2026-06-08T12:56:49.0000000Z;7.231;7.246;2765;37451
2026-06-08T12:56:50.0000000Z;7.231;7.246;2765;37451
2026-06-08T12:56:51.0000000Z;7.231;7.246;2765;34000
2026-06-08T12:57:07.0000000Z;7.231;7.246;2765;34000
2026-06-08T12:57:08.0000000Z;7.231;7.246;1106;34000
2026-06-08T12:57:09.0000000Z;7.231;7.246;2765;34000
2026-06-08T12:57:10.0000000Z;7.231;7.246;2765;34000
2026-06-08T12:57:11.0000000Z;7.231;7.246;2765;5987
2026-06-08T12:57:15.0000000Z;7.231;7.246;2765;5987
2026-06-08T12:57:16.0000000Z;7.231;7.246;2765;5987
2026-06-08T12:57:20.0000000Z;7.231;7.246;2765;5987
2026-06-08T12:57:22.0000000Z;7.231;7.246;2765;5987
2026-06-08T12:57:23.0000000Z;7.231;7.246;2765;5987
2026-06-08T12:57:24.0000000Z;7.231;7.246;2765;5987
2026-06-08T12:57:28.0000000Z;7.231;7.246;2765;36395
2026-06-08T12:57:34.0000000Z;7.231;7.246;1106;36395
2026-06-08T12:57:36.0000000Z;7.231;7.246;2765;36395
2026-06-08T12:57:37.0000000Z;7.231;7.246;2765;36395
2026-06-08T12:57:38.0000000Z;7.231;7.246;2765;36395
2026-06-08T12:57:39.0000000Z;7.232;7.246;1106;36395
2026-06-08T12:57:40.0000000Z;7.232;7.246;34000;36395
2026-06-08T12:57:41.0000000Z;7.232;7.246;34000;36395
2026-06-08T12:57:42.0000000Z;7.232;7.246;34000;36395
2026-06-08T12:57:44.0000000Z;7.232;7.246;1106;36395
2026-06-08T12:57:45.0000000Z;7.232;7.246;1106;36395
2026-06-08T12:57:46.0000000Z;7.232;7.246;1106;36395
2026-06-08T12:57:47.0000000Z;7.232;7.246;1106;36395
2026-06-08T12:57:48.0000000Z;7.232;7.246;1106;36395
2026-06-08T12:57:51.0000000Z;7.232;7.246;2765;36395
2026-06-08T12:57:53.0000000Z;7.232;7.246;2765;36395
2026-06-08T12:57:55.0000000Z;7.232;7.246;2765;36395
2026-06-08T12:57:56.0000000Z;7.232;7.246;2765;36395
2026-06-08T12:57:57.0000000Z;7.232;7.246;2765;36395
2026-06-08T12:57:59.0000000Z;7.232;7.246;2765;36395
2026-06-08T12:58:00.0000000Z;7.232;7.246;2765;36395
2026-06-08T12:58:02.0000000Z;7.232;7.246;2765;36395
2026-06-08T12:58:03.0000000Z;7.232;7.246;2765;36395
2026-06-08T12:58:06.0000000Z;7.232;7.246;2765;36395
2026-06-08T12:58:11.0000000Z;7.232;7.246;2765;36395
2026-06-08T12:58:12.0000000Z;7.232;7.244;2765;3592
2026-06-08T12:58:13.0000000Z;7.232;7.244;2765;3592
2026-06-08T12:58:17.0000000Z;7.23;7.244;1106;3592
2026-06-08T12:58:18.0000000Z;7.232;7.244;1106;3592
2026-06-08T12:58:19.0000000Z;7.232;7.244;1106;3592
2026-06-08T12:58:20.0000000Z;7.232;7.244;1106;3592
2026-06-08T12:58:22.0000000Z;7.232;7.245;1106;7184
2026-06-08T12:58:23.0000000Z;7.232;7.245;2765;5987
2026-06-08T12:58:24.0000000Z;7.232;7.245;2765;5987
2026-06-08T12:58:25.0000000Z;7.232;7.245;2765;37451
2026-06-08T12:58:26.0000000Z;7.232;7.245;2765;37451
2026-06-08T12:58:27.0000000Z;7.23;7.245;1106;37451
2026-06-08T12:58:28.0000000Z;7.232;7.245;1106;37451
2026-06-08T12:58:29.0000000Z;7.232;7.245;1106;34000
2026-06-08T12:58:37.0000000Z;7.232;7.245;1106;34000
2026-06-08T12:58:38.0000000Z;7.232;7.245;1106;34000
2026-06-08T12:58:41.0000000Z;7.232;7.245;1106;34000
2026-06-08T12:58:45.0000000Z;7.232;7.245;2392;3592
2026-06-08T12:58:46.0000000Z;7.232;7.245;2392;3592
2026-06-08T12:58:47.0000000Z;7.232;7.245;2392;3592
2026-06-08T12:58:49.0000000Z;7.232;7.245;2765;3592
2026-06-08T12:58:52.0000000Z;7.232;7.245;2765;3592
2026-06-08T12:58:53.0000000Z;7.232;7.245;2765;3592
2026-06-08T12:58:56.0000000Z;7.232;7.245;1106;3592
2026-06-08T12:58:58.0000000Z;7.232;7.245;2030;3592
2026-06-08T12:58:59.0000000Z;7.232;7.245;2030;3592
2026-06-08T12:59:00.0000000Z;7.232;7.245;2030;3592
2026-06-08T12:59:01.0000000Z;7.232;7.245;2030;3592
2026-06-08T12:59:03.0000000Z;7.232;7.245;2030;3592
2026-06-08T12:59:04.0000000Z;7.232;7.248;2030;2395
2026-06-08T12:59:05.0000000Z;7.232;7.245;2030;3592
2026-06-08T12:59:08.0000000Z;7.232;7.245;2030;3592
2026-06-08T12:59:09.0000000Z;7.232;7.245;2030;3592
2026-06-08T12:59:11.0000000Z;7.232;7.245;2030;3592
2026-06-08T12:59:13.0000000Z;7.232;7.245;2030;3592
2026-06-08T12:59:15.0000000Z;7.232;7.245;2030;3592
2026-06-08T12:59:17.0000000Z;7.232;7.245;2030;3592
2026-06-08T12:59:21.0000000Z;7.232;7.245;2030;3592
2026-06-08T12:59:23.0000000Z;7.232;7.245;2030;3592
2026-06-08T12:59:24.0000000Z;7.232;7.245;2030;3592
2026-06-08T12:59:25.0000000Z;7.232;7.247;2030;3592
2026-06-08T12:59:26.0000000Z;7.232;7.247;2030;3592
2026-06-08T12:59:27.0000000Z;7.232;7.246;2030;3451
2026-06-08T12:59:32.0000000Z;7.232;7.247;2030;34000
2026-06-08T12:59:40.0000000Z;7.232;7.247;2030;34000
2026-06-08T12:59:41.0000000Z;7.232;7.247;2030;34000
2026-06-08T12:59:42.0000000Z;7.232;7.247;2030;34000
2026-06-08T12:59:44.0000000Z;7.232;7.247;2030;34000
2026-06-08T12:59:48.0000000Z;7.232;7.247;2030;34000
2026-06-08T12:59:49.0000000Z;7.232;7.247;2030;34000
2026-06-08T12:59:50.0000000Z;7.232;7.247;2030;34000
2026-06-08T12:59:51.0000000Z;7.232;7.247;2030;34000
2026-06-08T12:59:53.0000000Z;7.232;7.247;2030;34000
2026-06-08T12:59:54.0000000Z;7.232;7.247;2030;34000
2026-06-08T12:59:55.0000000Z;7.232;7.247;2030;34000
2026-06-08T12:59:56.0000000Z;7.232;7.247;2030;34000
2026-06-08T12:59:57.0000000Z;7.232;7.247;2030;34000
2026-06-08T12:59:59.0000000Z;7.232;7.247;2030;34000
2026-06-08T13:00:00.0000000Z;7.232;7.247;2030;34000
2026-06-08T13:00:01.0000000Z;7.232;7.247;2765;34000
2026-06-08T13:00:02.0000000Z;7.232;7.247;2765;34000
2026-06-08T13:00:04.0000000Z;7.232;7.247;2765;34000
2026-06-08T13:00:06.0000000Z;7.232;7.247;2765;34000
2026-06-08T13:00:08.0000000Z;7.232;7.247;2765;34000
2026-06-08T13:00:09.0000000Z;7.232;7.247;2765;5987
2026-06-08T13:00:11.0000000Z;7.232;7.247;2765;5987
2026-06-08T13:00:12.0000000Z;7.232;7.247;2765;5987
2026-06-08T13:00:13.0000000Z;7.232;7.247;2765;5987
2026-06-08T13:00:14.0000000Z;7.232;7.247;2765;5987
2026-06-08T13:00:15.0000000Z;7.231;7.247;2765;5987
2026-06-08T13:00:17.0000000Z;7.231;7.247;2765;5987
2026-06-08T13:00:18.0000000Z;7.231;7.247;37458;5987
2026-06-08T13:00:19.0000000Z;7.231;7.247;37458;5987
2026-06-08T13:00:20.0000000Z;7.231;7.247;37458;5987
2026-06-08T13:00:21.0000000Z;7.231;7.247;37458;3592
2026-06-08T13:00:22.0000000Z;7.231;7.247;37458;5987
2026-06-08T13:00:23.0000000Z;7.231;7.247;34000;2395
2026-06-08T13:00:24.0000000Z;7.229;7.247;2765;2395
2026-06-08T13:00:25.0000000Z;7.229;7.247;2765;2395
2026-06-08T13:00:27.0000000Z;7.229;7.247;2765;2395
2026-06-08T13:00:28.0000000Z;7.23;7.247;3458;2395
2026-06-08T13:00:29.0000000Z;7.23;7.251;3458;12400
2026-06-08T13:00:30.0000000Z;7.23;7.249;3458;1558
2026-06-08T13:00:31.0000000Z;7.23;7.25;3458;2945
2026-06-08T13:00:32.0000000Z;7.23;7.248;3458;3450
2026-06-08T13:00:33.0000000Z;7.23;7.248;3458;3450
2026-06-08T13:00:35.0000000Z;7.23;7.248;3458;3450
2026-06-08T13:00:37.0000000Z;7.229;7.248;2355;3450
2026-06-08T13:00:38.0000000Z;7.229;7.248;2355;3450
2026-06-08T13:00:39.0000000Z;7.229;7.25;2355;3158
2026-06-08T13:00:40.0000000Z;7.229;7.25;34000;34000
2026-06-08T13:00:41.0000000Z;7.229;7.25;34000;34000
2026-06-08T13:00:42.0000000Z;7.229;7.25;34000;34000
2026-06-08T13:00:43.0000000Z;7.229;7.25;34000;34000
2026-06-08T13:00:44.0000000Z;7.229;7.25;34000;34000
2026-06-08T13:00:45.0000000Z;7.229;7.25;34000;34000
2026-06-08T13:00:46.0000000Z;7.229;7.25;34000;34000
2026-06-08T13:00:47.0000000Z;7.229;7.25;34000;34000
2026-06-08T13:00:48.0000000Z;7.229;7.25;34000;34000
2026-06-08T13:00:49.0000000Z;7.229;7.25;34000;34000
2026-06-08T13:00:50.0000000Z;7.229;7.25;34000;34000
2026-06-08T13:00:51.0000000Z;7.229;7.25;34000;34000
2026-06-08T13:00:52.0000000Z;7.229;7.25;34000;34000
2026-06-08T13:00:56.0000000Z;7.229;7.25;34000;34000
2026-06-08T13:00:57.0000000Z;7.229;7.25;34000;5779
2026-06-08T13:00:59.0000000Z;7.229;7.25;34000;5779
2026-06-08T13:01:01.0000000Z;7.229;7.25;1106;5779
2026-06-08T13:01:02.0000000Z;7.229;7.25;2765;5779
2026-06-08T13:01:03.0000000Z;7.229;7.25;1106;5779
2026-06-08T13:01:04.0000000Z;7.229;7.25;2583;5779
2026-06-08T13:01:08.0000000Z;7.229;7.25;2583;36395
2026-06-08T13:01:09.0000000Z;7.227;7.249;3501;36395
2026-06-08T13:01:10.0000000Z;7.225;7.249;1107;36395
2026-06-08T13:01:13.0000000Z;7.225;7.249;1107;5016
2026-06-08T13:01:14.0000000Z;7.226;7.249;1107;5016
2026-06-08T13:01:15.0000000Z;7.226;7.249;1107;5016
2026-06-08T13:01:16.0000000Z;7.226;7.249;1107;5016
2026-06-08T13:01:17.0000000Z;7.226;7.249;7047;5016
2026-06-08T13:01:18.0000000Z;7.226;7.249;7047;5016
2026-06-08T13:01:19.0000000Z;7.226;7.249;34000;5016
2026-06-08T13:01:20.0000000Z;7.226;7.249;34000;5016
2026-06-08T13:01:22.0000000Z;7.226;7.249;34000;5016
2026-06-08T13:01:23.0000000Z;7.226;7.249;1107;5016
2026-06-08T13:01:33.0000000Z;7.226;7.249;1107;5016
2026-06-08T13:01:34.0000000Z;7.226;7.249;7047;5016
2026-06-08T13:01:35.0000000Z;7.226;7.249;1107;5016
2026-06-08T13:01:36.0000000Z;7.226;7.249;1107;5016
2026-06-08T13:01:37.0000000Z;7.226;7.249;1107;5016
2026-06-08T13:01:38.0000000Z;7.228;7.248;34000;34000
2026-06-08T13:01:39.0000000Z;7.228;7.248;1779;34000
2026-06-08T13:01:42.0000000Z;7.228;7.248;1779;34000
2026-06-08T13:01:43.0000000Z;7.228;7.248;1779;34000
2026-06-08T13:01:44.0000000Z;7.228;7.248;1779;8496
2026-06-08T13:01:45.0000000Z;7.227;7.246;2765;3145
2026-06-08T13:01:46.0000000Z;7.227;7.246;34000;34000
2026-06-08T13:01:47.0000000Z;7.227;7.246;34000;34000
2026-06-08T13:01:49.0000000Z;7.227;7.246;34000;34000
2026-06-08T13:01:51.0000000Z;7.227;7.246;34000;34000
2026-06-08T13:01:53.0000000Z;7.227;7.246;34000;34000
2026-06-08T13:01:55.0000000Z;7.227;7.246;34000;34000
2026-06-08T13:01:56.0000000Z;7.227;7.246;34000;34000
2026-06-08T13:01:58.0000000Z;7.227;7.246;34000;34000
2026-06-08T13:02:00.0000000Z;7.227;7.246;34000;34000
2026-06-08T13:02:02.0000000Z;7.227;7.246;34000;34000
2026-06-08T13:02:03.0000000Z;7.227;7.246;34000;2096
2026-06-08T13:02:04.0000000Z;7.227;7.246;34000;1647
2026-06-08T13:02:05.0000000Z;7.227;7.246;34000;1647
2026-06-08T13:02:06.0000000Z;7.227;7.246;2765;1647
2026-06-08T13:02:07.0000000Z;7.227;7.246;2765;1647
2026-06-08T13:02:10.0000000Z;7.227;7.247;2765;4558
2026-06-08T13:02:11.0000000Z;7.227;7.247;2765;4396
2026-06-08T13:02:12.0000000Z;7.227;7.247;2765;37450
2026-06-08T13:02:13.0000000Z;7.227;7.247;2765;37450
2026-06-08T13:02:15.0000000Z;7.227;7.247;2765;37450
2026-06-08T13:02:17.0000000Z;7.227;7.247;2765;34000
2026-06-08T13:02:18.0000000Z;7.227;7.247;2765;34000
2026-06-08T13:02:19.0000000Z;7.227;7.247;2765;34000
2026-06-08T13:02:20.0000000Z;7.227;7.247;2765;34000
2026-06-08T13:02:21.0000000Z;7.227;7.247;2765;34000
2026-06-08T13:02:22.0000000Z;7.227;7.247;2765;34000
2026-06-08T13:02:23.0000000Z;7.227;7.247;2765;34000
2026-06-08T13:02:25.0000000Z;7.227;7.247;2765;34000
2026-06-08T13:02:28.0000000Z;7.227;7.247;2765;34000
2026-06-08T13:02:29.0000000Z;7.227;7.247;2765;34000
2026-06-08T13:02:30.0000000Z;7.227;7.247;2765;34000
2026-06-08T13:02:32.0000000Z;7.227;7.247;2765;34000
2026-06-08T13:02:37.0000000Z;7.227;7.247;2765;34000
2026-06-08T13:02:38.0000000Z;7.227;7.247;2765;34000
2026-06-08T13:02:39.0000000Z;7.227;7.247;2765;34000
2026-06-08T13:02:40.0000000Z;7.227;7.247;2765;34000
2026-06-08T13:02:41.0000000Z;7.227;7.251;8705;17279
2026-06-08T13:02:42.0000000Z;7.227;7.249;11326;2261
2026-06-08T13:02:44.0000000Z;7.227;7.248;11326;3450
2026-06-08T13:02:47.0000000Z;7.227;7.248;11326;3450
2026-06-08T13:02:48.0000000Z;7.227;7.248;8705;3450
2026-06-08T13:02:49.0000000Z;7.227;7.248;8705;3450
2026-06-08T13:02:50.0000000Z;7.227;7.249;8705;34000
2026-06-08T13:02:52.0000000Z;7.232;7.249;1106;34000
2026-06-08T13:02:54.0000000Z;7.232;7.249;1106;34000
2026-06-08T13:02:56.0000000Z;7.232;7.249;1106;34000
2026-06-08T13:02:57.0000000Z;7.23;7.249;2765;34000
2026-06-08T13:02:58.0000000Z;7.23;7.249;2765;34000
2026-06-08T13:02:59.0000000Z;7.23;7.249;34000;34000
2026-06-08T13:03:00.0000000Z;7.23;7.249;34000;34000
2026-06-08T13:03:01.0000000Z;7.23;7.249;34000;34000
2026-06-08T13:03:03.0000000Z;7.23;7.249;34000;34000
2026-06-08T13:03:05.0000000Z;7.23;7.249;34000;34000
2026-06-08T13:03:07.0000000Z;7.23;7.249;34000;34000
2026-06-08T13:03:08.0000000Z;7.23;7.249;34000;34000
2026-06-08T13:03:09.0000000Z;7.23;7.249;34000;34000
2026-06-08T13:03:10.0000000Z;7.23;7.249;34000;34000
2026-06-08T13:03:11.0000000Z;7.23;7.249;34000;34000
2026-06-08T13:03:12.0000000Z;7.23;7.249;34000;34000
2026-06-08T13:03:13.0000000Z;7.23;7.249;34000;34000
2026-06-08T13:03:14.0000000Z;7.23;7.249;34000;34000
2026-06-08T13:03:16.0000000Z;7.23;7.249;34000;34000
2026-06-08T13:03:17.0000000Z;7.23;7.249;34000;4656
2026-06-08T13:03:18.0000000Z;7.23;7.249;34000;4656
2026-06-08T13:03:20.0000000Z;7.23;7.249;34000;4656
2026-06-08T13:03:21.0000000Z;7.23;7.249;34000;4656
2026-06-08T13:03:22.0000000Z;7.23;7.249;34000;4656
2026-06-08T13:03:26.0000000Z;7.23;7.249;34000;4656
2026-06-08T13:03:27.0000000Z;7.23;7.249;8705;4076
2026-06-08T13:03:28.0000000Z;7.23;7.249;2765;4076
2026-06-08T13:03:29.0000000Z;7.23;7.249;2765;2395
2026-06-08T13:03:30.0000000Z;7.23;7.249;2765;2719
2026-06-08T13:03:31.0000000Z;7.23;7.25;8705;1599
2026-06-08T13:03:33.0000000Z;7.23;7.25;8705;37449
2026-06-08T13:03:34.0000000Z;7.23;7.25;2765;37449
2026-06-08T13:03:35.0000000Z;7.23;7.25;8705;37449
2026-06-08T13:03:36.0000000Z;7.23;7.25;8705;37449
2026-06-08T13:03:37.0000000Z;7.23;7.25;8705;37449
2026-06-08T13:03:38.0000000Z;7.23;7.25;8705;37449
2026-06-08T13:03:39.0000000Z;7.233;7.25;1106;37449
2026-06-08T13:03:40.0000000Z;7.233;7.25;1106;34000
2026-06-08T13:03:46.0000000Z;7.231;7.25;2765;37449
2026-06-08T13:03:47.0000000Z;7.232;7.25;3457;37449
2026-06-08T13:03:48.0000000Z;7.232;7.25;3457;37449
2026-06-08T13:03:49.0000000Z;7.232;7.25;3457;2629
2026-06-08T13:03:50.0000000Z;7.232;7.25;3457;2629
2026-06-08T13:03:51.0000000Z;7.232;7.25;3457;2629
2026-06-08T13:03:53.0000000Z;7.232;7.25;3457;2629
2026-06-08T13:03:54.0000000Z;7.231;7.25;34000;2629
2026-06-08T13:03:55.0000000Z;7.231;7.25;34000;2629
2026-06-08T13:03:56.0000000Z;7.231;7.25;34000;2629
2026-06-08T13:03:57.0000000Z;7.231;7.25;34000;2629
2026-06-08T13:03:59.0000000Z;7.231;7.25;34000;2629
2026-06-08T13:04:01.0000000Z;7.231;7.25;34000;2629
2026-06-08T13:04:02.0000000Z;7.231;7.25;34000;3168
2026-06-08T13:04:04.0000000Z;7.231;7.25;34000;3168
2026-06-08T13:04:05.0000000Z;7.231;7.25;34000;3168
2026-06-08T13:04:06.0000000Z;7.231;7.25;1106;3168
2026-06-08T13:04:07.0000000Z;7.23;7.25;2765;3168
2026-06-08T13:04:08.0000000Z;7.23;7.25;1106;3168
2026-06-08T13:04:09.0000000Z;7.229;7.25;2765;5789
2026-06-08T13:04:10.0000000Z;7.229;7.25;34000;5789
2026-06-08T13:04:11.0000000Z;7.229;7.25;34000;5789
2026-06-08T13:04:12.0000000Z;7.229;7.25;34000;36395
2026-06-08T13:04:13.0000000Z;7.229;7.248;34000;3014
2026-06-08T13:04:14.0000000Z;7.229;7.248;34000;3014
2026-06-08T13:04:16.0000000Z;7.229;7.248;34000;3014
2026-06-08T13:04:17.0000000Z;7.229;7.248;34000;3014
2026-06-08T13:04:18.0000000Z;7.229;7.248;34000;3014
2026-06-08T13:04:20.0000000Z;7.229;7.248;34000;3014
2026-06-08T13:04:22.0000000Z;7.229;7.248;34000;3014
2026-06-08T13:04:25.0000000Z;7.229;7.248;2765;3014
2026-06-08T13:04:27.0000000Z;7.229;7.248;2765;3014
2026-06-08T13:04:28.0000000Z;7.229;7.248;2765;3014
2026-06-08T13:04:30.0000000Z;7.229;7.248;2765;3014
2026-06-08T13:04:33.0000000Z;7.227;7.249;1106;2395
2026-06-08T13:04:34.0000000Z;7.227;7.249;1106;2395
2026-06-08T13:04:35.0000000Z;7.227;7.249;1106;2395
2026-06-08T13:04:36.0000000Z;7.228;7.249;3459;39844
2026-06-08T13:04:37.0000000Z;7.227;7.249;1106;2395
2026-06-08T13:04:38.0000000Z;7.227;7.249;34000;36395
2026-06-08T13:04:39.0000000Z;7.227;7.249;34000;36395
2026-06-08T13:04:41.0000000Z;7.227;7.249;7046;36395
2026-06-08T13:04:42.0000000Z;7.227;7.249;1106;36395
2026-06-08T13:04:43.0000000Z;7.227;7.249;1106;36395
2026-06-08T13:04:45.0000000Z;7.227;7.249;1106;36395
2026-06-08T13:04:46.0000000Z;7.227;7.249;1106;36395
2026-06-08T13:04:49.0000000Z;7.227;7.249;1106;36395
2026-06-08T13:04:50.0000000Z;7.227;7.249;7046;36395
2026-06-08T13:04:52.0000000Z;7.227;7.249;7046;36395
2026-06-08T13:04:54.0000000Z;7.227;7.249;1106;36395
2026-06-08T13:04:57.0000000Z;7.227;7.25;7046;2395
2026-06-08T13:04:58.0000000Z;7.227;7.25;7046;39844
2026-06-08T13:04:59.0000000Z;7.227;7.25;7046;39844
2026-06-08T13:05:03.0000000Z;7.227;7.25;7046;36395
2026-06-08T13:05:04.0000000Z;7.227;7.25;1106;5016
2026-06-08T13:05:07.0000000Z;7.229;7.249;1106;8563
2026-06-08T13:05:09.0000000Z;7.229;7.249;1106;8563
2026-06-08T13:05:10.0000000Z;7.229;7.249;1106;8563
2026-06-08T13:05:11.0000000Z;7.229;7.249;1599;8563
2026-06-08T13:05:12.0000000Z;7.229;7.249;1599;8563
2026-06-08T13:05:13.0000000Z;7.228;7.249;2765;8563
2026-06-08T13:05:14.0000000Z;7.228;7.249;2765;8563
2026-06-08T13:05:15.0000000Z;7.228;7.249;2765;8563
2026-06-08T13:05:16.0000000Z;7.228;7.249;34000;5942
2026-06-08T13:05:18.0000000Z;7.228;7.249;34000;5942
2026-06-08T13:05:20.0000000Z;7.228;7.25;34000;3417
2026-06-08T13:05:22.0000000Z;7.228;7.25;34000;37449
2026-06-08T13:05:23.0000000Z;7.228;7.25;34000;37449
2026-06-08T13:05:26.0000000Z;7.228;7.25;34000;6038
2026-06-08T13:05:27.0000000Z;7.228;7.25;34000;34000
2026-06-08T13:05:28.0000000Z;7.228;7.25;34000;34000
2026-06-08T13:05:29.0000000Z;7.228;7.25;34000;36395
2026-06-08T13:05:30.0000000Z;7.228;7.25;34000;36395
2026-06-08T13:05:31.0000000Z;7.228;7.25;34000;36395
2026-06-08T13:05:32.0000000Z;7.228;7.25;34000;36395
2026-06-08T13:05:33.0000000Z;7.228;7.25;34000;36395
2026-06-08T13:05:34.0000000Z;7.228;7.25;34000;36395
2026-06-08T13:05:35.0000000Z;7.228;7.25;34000;36395
2026-06-08T13:05:36.0000000Z;7.228;7.25;34000;36395
2026-06-08T13:05:38.0000000Z;7.228;7.25;34000;36395
2026-06-08T13:05:39.0000000Z;7.228;7.25;34000;36395
2026-06-08T13:05:40.0000000Z;7.228;7.25;34000;36395
2026-06-08T13:05:41.0000000Z;7.228;7.25;34000;36395
2026-06-08T13:05:42.0000000Z;7.228;7.25;34000;6038
2026-06-08T13:05:43.0000000Z;7.228;7.25;34000;8433
2026-06-08T13:05:44.0000000Z;7.228;7.25;34000;8433
2026-06-08T13:05:45.0000000Z;7.228;7.25;34000;36395
2026-06-08T13:05:46.0000000Z;7.228;7.25;34000;36395
2026-06-08T13:05:48.0000000Z;7.228;7.25;34000;34000
2026-06-08T13:05:49.0000000Z;7.228;7.25;34000;34000
2026-06-08T13:05:51.0000000Z;7.228;7.25;34000;34000
2026-06-08T13:05:52.0000000Z;7.228;7.25;34000;34000
2026-06-08T13:05:53.0000000Z;7.228;7.25;34000;34000
2026-06-08T13:05:55.0000000Z;7.228;7.25;34000;5812
2026-06-08T13:05:56.0000000Z;7.228;7.25;34000;8433
2026-06-08T13:05:58.0000000Z;7.228;7.25;34000;8433
2026-06-08T13:06:00.0000000Z;7.228;7.25;34000;8433
2026-06-08T13:06:01.0000000Z;7.228;7.25;34000;8433
2026-06-08T13:06:02.0000000Z;7.228;7.25;34000;8433
2026-06-08T13:06:05.0000000Z;7.228;7.248;2765;3411
2026-06-08T13:06:08.0000000Z;7.228;7.248;2765;3411
2026-06-08T13:06:09.0000000Z;7.228;7.248;2765;3411
2026-06-08T13:06:10.0000000Z;7.228;7.248;2765;3411
2026-06-08T13:06:13.0000000Z;7.228;7.248;2765;3411
2026-06-08T13:06:14.0000000Z;7.228;7.248;2765;3411
2026-06-08T13:06:15.0000000Z;7.228;7.248;2765;3411
2026-06-08T13:06:16.0000000Z;7.228;7.248;2765;3411
2026-06-08T13:06:17.0000000Z;7.228;7.248;2765;3411
2026-06-08T13:06:18.0000000Z;7.228;7.248;2765;3411
2026-06-08T13:06:19.0000000Z;7.228;7.248;2765;3411
2026-06-08T13:06:20.0000000Z;7.228;7.248;2765;3411
2026-06-08T13:06:25.0000000Z;7.228;7.248;2765;3411
2026-06-08T13:06:30.0000000Z;7.228;7.248;2765;3411
2026-06-08T13:06:32.0000000Z;7.228;7.248;2765;3411
2026-06-08T13:06:33.0000000Z;7.228;7.248;2765;3411
2026-06-08T13:06:39.0000000Z;7.228;7.248;2765;6032
2026-06-08T13:06:41.0000000Z;7.228;7.248;2765;6032
2026-06-08T13:06:42.0000000Z;7.228;7.248;2765;6032
2026-06-08T13:06:46.0000000Z;7.228;7.249;2765;5954
2026-06-08T13:06:47.0000000Z;7.228;7.249;2765;8575
2026-06-08T13:06:48.0000000Z;7.228;7.249;2765;37449
2026-06-08T13:06:49.0000000Z;7.228;7.247;2765;3097
2026-06-08T13:06:52.0000000Z;7.228;7.247;2765;3097
2026-06-08T13:06:55.0000000Z;7.228;7.247;2765;3097
2026-06-08T13:06:58.0000000Z;7.228;7.247;2765;3097
2026-06-08T13:06:59.0000000Z;7.228;7.247;2765;3097
2026-06-08T13:07:01.0000000Z;7.228;7.247;2765;3097
2026-06-08T13:07:02.0000000Z;7.228;7.247;2765;3097
2026-06-08T13:07:04.0000000Z;7.228;7.247;2765;3097
2026-06-08T13:07:07.0000000Z;7.228;7.247;2765;3097
2026-06-08T13:07:09.0000000Z;7.228;7.247;2765;3097
2026-06-08T13:07:11.0000000Z;7.228;7.247;2765;3097
2026-06-08T13:07:12.0000000Z;7.228;7.247;2765;3097
2026-06-08T13:07:13.0000000Z;7.228;7.247;2765;3097
2026-06-08T13:07:17.0000000Z;7.228;7.247;2765;5492
2026-06-08T13:07:19.0000000Z;7.228;7.247;2765;5492
2026-06-08T13:07:20.0000000Z;7.228;7.247;2765;5492
2026-06-08T13:07:21.0000000Z;7.228;7.247;2765;5492
2026-06-08T13:07:28.0000000Z;7.228;7.247;2765;5492
2026-06-08T13:07:37.0000000Z;7.228;7.247;2765;5492
2026-06-08T13:07:38.0000000Z;7.228;7.247;2765;5492
2026-06-08T13:07:41.0000000Z;7.228;7.247;2765;5492
2026-06-08T13:07:42.0000000Z;7.228;7.247;2765;5492
2026-06-08T13:07:43.0000000Z;7.228;7.247;2765;5492
2026-06-08T13:07:45.0000000Z;7.228;7.247;2765;5492
2026-06-08T13:07:49.0000000Z;7.228;7.247;2765;5492
2026-06-08T13:07:51.0000000Z;7.228;7.247;2765;5492
2026-06-08T13:07:52.0000000Z;7.228;7.247;2765;36395
2026-06-08T13:07:54.0000000Z;7.228;7.247;2765;36395
2026-06-08T13:07:55.0000000Z;7.228;7.247;2765;36395
2026-06-08T13:07:56.0000000Z;7.228;7.247;2765;36395
2026-06-08T13:08:03.0000000Z;7.228;7.247;2765;36395
2026-06-08T13:08:16.0000000Z;7.228;7.247;2765;36395
2026-06-08T13:08:17.0000000Z;7.228;7.247;2765;36395
2026-06-08T13:08:18.0000000Z;7.228;7.246;2765;2395
2026-06-08T13:08:19.0000000Z;7.228;7.245;2765;1551
2026-06-08T13:08:20.0000000Z;7.228;7.245;2765;1551
2026-06-08T13:08:21.0000000Z;7.228;7.245;2765;1551
2026-06-08T13:08:22.0000000Z;7.228;7.248;2765;3129
2026-06-08T13:08:23.0000000Z;7.228;7.248;2765;3129
2026-06-08T13:08:24.0000000Z;7.228;7.248;2765;37450
2026-06-08T13:08:25.0000000Z;7.228;7.248;2765;34000
2026-06-08T13:08:26.0000000Z;7.228;7.248;2765;34000
2026-06-08T13:08:27.0000000Z;7.228;7.248;2765;34000
2026-06-08T13:08:28.0000000Z;7.228;7.248;2765;34000
2026-06-08T13:08:30.0000000Z;7.228;7.248;2765;34000
2026-06-08T13:08:32.0000000Z;7.228;7.248;2765;34000
2026-06-08T13:08:34.0000000Z;7.228;7.248;2765;34000
2026-06-08T13:08:35.0000000Z;7.228;7.249;2765;5470
2026-06-08T13:08:36.0000000Z;7.228;7.249;2765;37449
2026-06-08T13:08:40.0000000Z;7.228;7.249;2765;34000
2026-06-08T13:08:50.0000000Z;7.228;7.249;2765;34000
2026-06-08T13:08:51.0000000Z;7.228;7.249;2765;34000
2026-06-08T13:08:52.0000000Z;7.228;7.249;8705;34000
2026-06-08T13:08:53.0000000Z;7.228;7.25;8705;5425
2026-06-08T13:08:55.0000000Z;7.233;7.25;1106;39844
2026-06-08T13:08:57.0000000Z;7.233;7.25;1603;39844
2026-06-08T13:08:58.0000000Z;7.233;7.25;1603;39844
2026-06-08T13:08:59.0000000Z;7.233;7.25;1603;39844
2026-06-08T13:09:00.0000000Z;7.233;7.25;1603;39844
2026-06-08T13:09:01.0000000Z;7.233;7.25;1603;36395
2026-06-08T13:09:02.0000000Z;7.232;7.25;2765;36395
2026-06-08T13:09:05.0000000Z;7.232;7.25;37457;36395
2026-06-08T13:09:06.0000000Z;7.232;7.25;37457;4406
2026-06-08T13:09:07.0000000Z;7.232;7.25;37457;3936
2026-06-08T13:09:08.0000000Z;7.232;7.25;37457;3936
2026-06-08T13:09:09.0000000Z;7.232;7.25;37457;3936
2026-06-08T13:09:10.0000000Z;7.232;7.25;37457;3936
2026-06-08T13:09:11.0000000Z;7.232;7.25;34000;3936
2026-06-08T13:09:12.0000000Z;7.232;7.25;34000;3936
2026-06-08T13:09:13.0000000Z;7.232;7.25;34000;3936
2026-06-08T13:09:14.0000000Z;7.232;7.25;34000;3936
2026-06-08T13:09:22.0000000Z;7.232;7.25;34000;3936
2026-06-08T13:09:23.0000000Z;7.232;7.25;34000;3936
2026-06-08T13:09:24.0000000Z;7.232;7.25;34000;3936
2026-06-08T13:09:27.0000000Z;7.232;7.25;34000;3936
2026-06-08T13:09:28.0000000Z;7.232;7.25;34000;3936
2026-06-08T13:09:56.0000000Z;7.232;7.25;34000;3936
2026-06-08T13:09:57.0000000Z;7.232;7.25;34000;3936
2026-06-08T13:09:58.0000000Z;7.232;7.25;34000;3936
2026-06-08T13:09:59.0000000Z;7.232;7.25;34000;3936
2026-06-08T13:09:59.0000000Z;7.232;7.25;34000;3936
2026-06-08T13:10:00.0000000Z;7.232;7.25;34000;3936
2026-06-08T13:10:01.0000000Z;7.229;7.25;1106;2395
2026-06-08T13:10:02.0000000Z;7.229;7.25;1106;2395
2026-06-08T13:10:03.0000000Z;7.231;7.25;3458;2395
2026-06-08T13:10:04.0000000Z;7.231;7.25;3458;2395
2026-06-08T13:10:07.0000000Z;7.231;7.25;3458;2395
2026-06-08T13:10:08.0000000Z;7.228;7.25;1106;2395
2026-06-08T13:10:09.0000000Z;7.228;7.25;1106;2395
2026-06-08T13:10:10.0000000Z;7.229;7.25;34000;2395
2026-06-08T13:10:11.0000000Z;7.228;7.25;34000;2395
2026-06-08T13:10:12.0000000Z;7.228;7.25;34000;2395
2026-06-08T13:10:16.0000000Z;7.227;7.25;3501;2395
2026-06-08T13:10:17.0000000Z;7.227;7.25;37460;5016
2026-06-08T13:10:18.0000000Z;7.227;7.25;37460;5016
2026-06-08T13:10:19.0000000Z;7.227;7.25;37460;5016
2026-06-08T13:10:20.0000000Z;7.227;7.25;37460;5016
2026-06-08T13:10:21.0000000Z;7.227;7.25;37460;5016
2026-06-08T13:10:22.0000000Z;7.227;7.25;37460;5016
2026-06-08T13:10:24.0000000Z;7.227;7.25;34000;5016
2026-06-08T13:10:26.0000000Z;7.227;7.25;34000;5016
2026-06-08T13:10:27.0000000Z;7.227;7.25;34000;5016
2026-06-08T13:10:28.0000000Z;7.227;7.25;34000;13431
2026-06-08T13:10:29.0000000Z;7.227;7.25;34000;13431
2026-06-08T13:10:30.0000000Z;7.227;7.25;34000;13431
2026-06-08T13:10:31.0000000Z;7.227;7.25;34000;13431
2026-06-08T13:10:33.0000000Z;7.227;7.25;34000;13431
2026-06-08T13:10:36.0000000Z;7.227;7.25;34000;13431
2026-06-08T13:10:37.0000000Z;7.227;7.25;34000;13431
2026-06-08T13:10:38.0000000Z;7.227;7.25;34000;13431
2026-06-08T13:10:40.0000000Z;7.227;7.25;34000;13431
2026-06-08T13:10:41.0000000Z;7.227;7.25;34000;13431
2026-06-08T13:10:42.0000000Z;7.227;7.25;34000;13431
2026-06-08T13:10:43.0000000Z;7.227;7.25;34000;13431
2026-06-08T13:10:44.0000000Z;7.227;7.25;34000;13431
2026-06-08T13:10:45.0000000Z;7.227;7.25;34000;13431
2026-06-08T13:10:46.0000000Z;7.227;7.25;34000;13431
2026-06-08T13:10:47.0000000Z;7.227;7.25;34000;34000
2026-06-08T13:10:48.0000000Z;7.227;7.25;36395;34000
2026-06-08T13:10:51.0000000Z;7.227;7.25;36395;34000
2026-06-08T13:10:52.0000000Z;7.227;7.25;36395;34000
2026-06-08T13:10:54.0000000Z;7.227;7.25;36395;34000
2026-06-08T13:10:55.0000000Z;7.227;7.25;34000;34000
2026-06-08T13:10:56.0000000Z;7.227;7.25;34000;34000
2026-06-08T13:10:57.0000000Z;7.227;7.25;34000;34000
2026-06-08T13:10:58.0000000Z;7.227;7.25;34000;34000
2026-06-08T13:10:59.0000000Z;7.227;7.25;34000;34000
2026-06-08T13:11:00.0000000Z;7.227;7.25;34000;34000
2026-06-08T13:11:01.0000000Z;7.227;7.25;34000;34000
2026-06-08T13:11:02.0000000Z;7.227;7.25;34000;34000
2026-06-08T13:11:03.0000000Z;7.227;7.25;34000;34000
2026-06-08T13:11:04.0000000Z;7.227;7.25;34000;34000
2026-06-08T13:11:06.0000000Z;7.227;7.25;34000;34000
2026-06-08T13:11:07.0000000Z;7.227;7.25;36395;34000
2026-06-08T13:11:09.0000000Z;7.227;7.25;36395;34000
2026-06-08T13:11:10.0000000Z;7.227;7.25;36395;34000
2026-06-08T13:11:11.0000000Z;7.227;7.25;36395;34000
2026-06-08T13:11:12.0000000Z;7.227;7.25;34000;34000
2026-06-08T13:11:13.0000000Z;7.227;7.249;34000;5016
2026-06-08T13:11:15.0000000Z;7.227;7.249;34000;5016
2026-06-08T13:11:16.0000000Z;7.229;7.248;1106;5720
2026-06-08T13:11:18.0000000Z;7.229;7.248;1573;5720
2026-06-08T13:11:19.0000000Z;7.228;7.248;2765;5720
2026-06-08T13:11:20.0000000Z;7.228;7.248;2765;5720
2026-06-08T13:11:21.0000000Z;7.228;7.248;34000;5720
2026-06-08T13:11:23.0000000Z;7.228;7.248;1106;5720
2026-06-08T13:11:24.0000000Z;7.228;7.248;1106;8341
2026-06-08T13:11:25.0000000Z;7.228;7.248;1106;8341
2026-06-08T13:11:29.0000000Z;7.228;7.246;1106;3158
2026-06-08T13:11:36.0000000Z;7.228;7.246;1106;3158
2026-06-08T13:11:44.0000000Z;7.228;7.246;1874;3158
2026-06-08T13:11:45.0000000Z;7.228;7.246;1106;3158
2026-06-08T13:11:51.0000000Z;7.228;7.246;1106;3158
2026-06-08T13:11:52.0000000Z;7.228;7.246;1106;3158
2026-06-08T13:11:53.0000000Z;7.227;7.247;3501;2395
2026-06-08T13:11:54.0000000Z;7.227;7.247;3501;2395
2026-06-08T13:11:55.0000000Z;7.227;7.247;39855;37450
2026-06-08T13:11:57.0000000Z;7.227;7.247;39855;37450
2026-06-08T13:11:58.0000000Z;7.227;7.247;37460;37450
2026-06-08T13:11:59.0000000Z;7.227;7.247;39855;37450
2026-06-08T13:12:00.0000000Z;7.224;7.247;1107;5016
2026-06-08T13:12:01.0000000Z;7.224;7.247;3502;36395
2026-06-08T13:12:02.0000000Z;7.224;7.246;3502;2621
2026-06-08T13:12:03.0000000Z;7.226;7.246;3460;34000
2026-06-08T13:12:06.0000000Z;7.226;7.246;3460;34000
2026-06-08T13:12:07.0000000Z;7.226;7.246;3460;34000
2026-06-08T13:12:08.0000000Z;7.224;7.246;34000;34000
2026-06-08T13:12:21.0000000Z;7.224;7.246;34000;34000
2026-06-08T13:12:26.0000000Z;7.224;7.246;34000;34000
2026-06-08T13:12:28.0000000Z;7.224;7.246;34000;34000
2026-06-08T13:12:30.0000000Z;7.226;7.245;1107;3290
2026-06-08T13:12:31.0000000Z;7.226;7.245;1107;5685
2026-06-08T13:12:32.0000000Z;7.226;7.245;1107;5685
2026-06-08T13:12:33.0000000Z;7.226;7.245;1107;5685
2026-06-08T13:12:34.0000000Z;7.227;7.245;1660;5685
2026-06-08T13:12:35.0000000Z;7.228;7.244;1106;2395
2026-06-08T13:12:36.0000000Z;7.228;7.243;2765;3592
2026-06-08T13:12:37.0000000Z;7.228;7.243;2765;34000
2026-06-08T13:12:38.0000000Z;7.228;7.243;2765;34000
2026-06-08T13:12:39.0000000Z;7.228;7.243;2765;34000
2026-06-08T13:12:40.0000000Z;7.228;7.243;2765;34000
2026-06-08T13:12:41.0000000Z;7.228;7.243;2765;34000
2026-06-08T13:12:42.0000000Z;7.228;7.243;2765;34000
2026-06-08T13:12:43.0000000Z;7.228;7.243;2765;34000
2026-06-08T13:12:44.0000000Z;7.228;7.243;2765;34000
2026-06-08T13:12:45.0000000Z;7.228;7.243;2765;34000
2026-06-08T13:12:46.0000000Z;7.228;7.243;2765;34000
2026-06-08T13:12:48.0000000Z;7.228;7.243;2765;34000
2026-06-08T13:12:50.0000000Z;7.228;7.243;2765;34000
2026-06-08T13:12:54.0000000Z;7.228;7.243;2765;34000
2026-06-08T13:12:56.0000000Z;7.228;7.243;2765;34000
2026-06-08T13:13:00.0000000Z;7.228;7.243;2765;34000
2026-06-08T13:13:01.0000000Z;7.228;7.243;2765;34000
2026-06-08T13:13:02.0000000Z;7.228;7.243;2765;34000
2026-06-08T13:13:03.0000000Z;7.228;7.243;2765;34000
2026-06-08T13:13:04.0000000Z;7.228;7.243;2765;34000
2026-06-08T13:13:05.0000000Z;7.228;7.243;2765;5987
2026-06-08T13:13:13.0000000Z;7.228;7.243;2765;5987
2026-06-08T13:13:14.0000000Z;7.228;7.243;2765;5987
2026-06-08T13:13:17.0000000Z;7.228;7.243;2765;5987
2026-06-08T13:13:18.0000000Z;7.228;7.243;2765;5987
2026-06-08T13:13:21.0000000Z;7.228;7.243;2765;5987
2026-06-08T13:13:22.0000000Z;7.228;7.243;2765;5987
2026-06-08T13:13:25.0000000Z;7.228;7.243;1106;5987
2026-06-08T13:13:26.0000000Z;7.23;7.243;1106;5987
2026-06-08T13:13:27.0000000Z;7.23;7.243;34000;5987
2026-06-08T13:13:28.0000000Z;7.23;7.243;34000;5987
2026-06-08T13:13:30.0000000Z;7.23;7.243;2765;5987
2026-06-08T13:13:31.0000000Z;7.23;7.243;2765;5987
2026-06-08T13:13:32.0000000Z;7.23;7.243;2765;5987
2026-06-08T13:13:33.0000000Z;7.23;7.243;2765;5987
2026-06-08T13:13:35.0000000Z;7.23;7.243;2765;5987
2026-06-08T13:13:36.0000000Z;7.23;7.243;2765;5987
2026-06-08T13:13:37.0000000Z;7.23;7.243;2765;5987
2026-06-08T13:13:38.0000000Z;7.23;7.243;2765;5987
2026-06-08T13:13:47.0000000Z;7.228;7.243;1106;5987
2026-06-08T13:13:48.0000000Z;7.23;7.243;2765;5987
2026-06-08T13:13:49.0000000Z;7.23;7.243;2765;5987
2026-06-08T13:13:53.0000000Z;7.226;7.243;2681;2543
2026-06-08T13:13:55.0000000Z;7.226;7.243;2681;2543
2026-06-08T13:13:56.0000000Z;7.229;7.243;3459;2543
2026-06-08T13:13:57.0000000Z;7.229;7.243;3459;2543
2026-06-08T13:13:58.0000000Z;7.229;7.243;3459;4938
2026-06-08T13:13:59.0000000Z;7.226;7.243;34000;4938
2026-06-08T13:14:00.0000000Z;7.226;7.243;34000;4938
2026-06-08T13:14:01.0000000Z;7.226;7.243;5076;4938
2026-06-08T13:14:02.0000000Z;7.226;7.243;36395;4938
2026-06-08T13:14:03.0000000Z;7.226;7.243;36395;4938
2026-06-08T13:14:06.0000000Z;7.226;7.243;2681;4938
2026-06-08T13:14:08.0000000Z;7.226;7.243;2681;4938
2026-06-08T13:14:09.0000000Z;7.226;7.244;2681;3931
2026-06-08T13:14:10.0000000Z;7.226;7.242;2681;3592
2026-06-08T13:14:12.0000000Z;7.226;7.242;2681;5987
2026-06-08T13:14:13.0000000Z;7.226;7.242;2681;5987
2026-06-08T13:14:14.0000000Z;7.226;7.242;2681;5987
2026-06-08T13:14:15.0000000Z;7.226;7.242;2681;5987
2026-06-08T13:14:16.0000000Z;7.226;7.242;2681;5987
2026-06-08T13:14:17.0000000Z;7.226;7.242;2681;3592
2026-06-08T13:14:19.0000000Z;7.226;7.242;2681;5987
2026-06-08T13:14:24.0000000Z;7.226;7.244;2681;6326
2026-06-08T13:14:25.0000000Z;7.226;7.242;2681;3592
2026-06-08T13:14:26.0000000Z;7.226;7.242;2681;3592
2026-06-08T13:14:30.0000000Z;7.226;7.242;2681;3592
2026-06-08T13:14:35.0000000Z;7.226;7.243;2681;5987
2026-06-08T13:14:36.0000000Z;7.226;7.243;2681;37452
2026-06-08T13:14:40.0000000Z;7.226;7.243;2681;34000
2026-06-08T13:14:43.0000000Z;7.226;7.243;2681;34000
2026-06-08T13:14:44.0000000Z;7.226;7.243;2681;34000
2026-06-08T13:14:45.0000000Z;7.226;7.243;2681;34000
2026-06-08T13:14:47.0000000Z;7.226;7.243;2681;34000
2026-06-08T13:14:50.0000000Z;7.226;7.243;2681;34000
2026-06-08T13:14:51.0000000Z;7.226;7.243;2681;34000
2026-06-08T13:14:52.0000000Z;7.226;7.243;2681;34000
2026-06-08T13:14:55.0000000Z;7.226;7.243;2681;34000
2026-06-08T13:14:56.0000000Z;7.226;7.243;2681;34000
2026-06-08T13:14:57.0000000Z;7.226;7.243;2681;34000
2026-06-08T13:14:59.0000000Z;7.226;7.243;2681;34000
2026-06-08T13:15:00.0000000Z;7.226;7.243;2681;34000
2026-06-08T13:15:02.0000000Z;7.226;7.243;2681;34000
2026-06-08T13:15:05.0000000Z;7.226;7.243;2681;34000
2026-06-08T13:15:08.0000000Z;7.226;7.243;2681;34000
2026-06-08T13:15:11.0000000Z;7.226;7.243;2681;34000
2026-06-08T13:15:13.0000000Z;7.226;7.243;2681;34000
2026-06-08T13:15:18.0000000Z;7.226;7.243;2681;34000
2026-06-08T13:15:20.0000000Z;7.226;7.243;2681;34000
2026-06-08T13:15:21.0000000Z;7.226;7.243;2681;34000
2026-06-08T13:15:22.0000000Z;7.226;7.243;2681;34000
2026-06-08T13:15:23.0000000Z;7.226;7.243;2681;34000
2026-06-08T13:15:24.0000000Z;7.226;7.243;2681;34000
2026-06-08T13:15:25.0000000Z;7.226;7.243;2681;34000
2026-06-08T13:15:26.0000000Z;7.226;7.243;2681;34000
2026-06-08T13:15:29.0000000Z;7.226;7.243;2681;34000
2026-06-08T13:15:30.0000000Z;7.226;7.243;2681;8608
2026-06-08T13:15:31.0000000Z;7.226;7.243;2681;8608
2026-06-08T13:15:34.0000000Z;7.226;7.243;2681;8608
2026-06-08T13:15:35.0000000Z;7.226;7.243;2681;8608
2026-06-08T13:15:37.0000000Z;7.226;7.243;2681;8608
2026-06-08T13:15:45.0000000Z;7.226;7.243;2681;8608
2026-06-08T13:15:46.0000000Z;7.226;7.243;2681;8608
2026-06-08T13:15:50.0000000Z;7.226;7.243;2681;8608
2026-06-08T13:15:54.0000000Z;7.226;7.243;2681;8608
2026-06-08T13:15:55.0000000Z;7.226;7.243;2681;13331
2026-06-08T13:15:56.0000000Z;7.226;7.243;2681;13331
2026-06-08T13:15:57.0000000Z;7.226;7.242;2681;34000
2026-06-08T13:15:58.0000000Z;7.226;7.242;2681;14773
2026-06-08T13:15:59.0000000Z;7.226;7.242;2681;14773
2026-06-08T13:15:59.0000000Z;7.226;7.242;2681;14773
2026-06-08T13:16:01.0000000Z;7.226;7.242;2681;14773
2026-06-08T13:16:03.0000000Z;7.226;7.242;2681;14773
2026-06-08T13:16:04.0000000Z;7.226;7.242;2681;14773
2026-06-08T13:16:05.0000000Z;7.226;7.242;2681;14773
2026-06-08T13:16:07.0000000Z;7.226;7.242;2681;14773
2026-06-08T13:16:09.0000000Z;7.226;7.242;2681;14773
2026-06-08T13:16:11.0000000Z;7.226;7.242;2681;14773
2026-06-08T13:16:13.0000000Z;7.226;7.242;2681;14773
2026-06-08T13:16:15.0000000Z;7.226;7.242;2681;14773
2026-06-08T13:16:17.0000000Z;7.226;7.242;2681;14773
2026-06-08T13:16:18.0000000Z;7.226;7.242;2681;14773
2026-06-08T13:16:19.0000000Z;7.226;7.242;2681;14773
2026-06-08T13:16:21.0000000Z;7.226;7.242;2681;14773
2026-06-08T13:16:23.0000000Z;7.226;7.242;2681;14773
2026-06-08T13:16:25.0000000Z;7.226;7.242;2681;14773
2026-06-08T13:16:27.0000000Z;7.226;7.242;2681;14773
2026-06-08T13:16:29.0000000Z;7.226;7.242;2681;14773
2026-06-08T13:16:31.0000000Z;7.226;7.242;2681;14773
2026-06-08T13:16:33.0000000Z;7.226;7.242;2681;14773
2026-06-08T13:16:34.0000000Z;7.226;7.242;2681;14773
2026-06-08T13:16:35.0000000Z;7.226;7.242;2681;14773
2026-06-08T13:16:36.0000000Z;7.226;7.242;2681;14773
2026-06-08T13:16:37.0000000Z;7.226;7.242;2681;14773
2026-06-08T13:16:39.0000000Z;7.226;7.242;2681;14773
2026-06-08T13:16:41.0000000Z;7.226;7.242;2681;14773
2026-06-08T13:16:43.0000000Z;7.226;7.242;2681;14773
2026-06-08T13:16:45.0000000Z;7.226;7.242;2681;14773
2026-06-08T13:16:47.0000000Z;7.226;7.242;2681;14773
2026-06-08T13:16:48.0000000Z;7.226;7.242;2681;14773
2026-06-08T13:16:49.0000000Z;7.226;7.242;2681;14773
2026-06-08T13:16:51.0000000Z;7.226;7.242;2681;14773
2026-06-08T13:16:52.0000000Z;7.226;7.242;2681;14773
2026-06-08T13:16:53.0000000Z;7.226;7.242;2681;14773
2026-06-08T13:16:55.0000000Z;7.226;7.242;2681;14773
2026-06-08T13:16:57.0000000Z;7.226;7.242;2681;14773
2026-06-08T13:16:59.0000000Z;7.226;7.242;2681;14773
2026-06-08T13:16:59.0000000Z;7.226;7.242;2681;14773
2026-06-08T13:17:01.0000000Z;7.226;7.242;2681;14773
2026-06-08T13:17:02.0000000Z;7.226;7.242;2681;14773
2026-06-08T13:17:03.0000000Z;7.226;7.242;2681;14773
2026-06-08T13:17:05.0000000Z;7.226;7.242;2681;14773
2026-06-08T13:17:07.0000000Z;7.226;7.242;2681;14773
2026-06-08T13:17:08.0000000Z;7.226;7.24;2681;3592
2026-06-08T13:17:09.0000000Z;7.226;7.24;2681;5987
2026-06-08T13:17:10.0000000Z;7.226;7.24;2681;5987
2026-06-08T13:17:12.0000000Z;7.226;7.24;2681;5987
2026-06-08T13:17:14.0000000Z;7.226;7.24;2681;5987
2026-06-08T13:17:15.0000000Z;7.226;7.24;2681;5987
2026-06-08T13:17:19.0000000Z;7.226;7.24;2681;3592
2026-06-08T13:17:23.0000000Z;7.226;7.24;2681;3592
2026-06-08T13:17:24.0000000Z;7.226;7.24;2681;3592
2026-06-08T13:17:29.0000000Z;7.226;7.24;2681;3592
2026-06-08T13:17:31.0000000Z;7.226;7.24;2681;3592
2026-06-08T13:17:32.0000000Z;7.226;7.24;2681;3592
2026-06-08T13:17:33.0000000Z;7.226;7.24;2681;3592
2026-06-08T13:17:35.0000000Z;7.226;7.24;2681;3592
2026-06-08T13:17:36.0000000Z;7.226;7.24;2681;3592
2026-06-08T13:17:40.0000000Z;7.226;7.24;2681;3592
2026-06-08T13:17:42.0000000Z;7.226;7.24;2681;3592
2026-06-08T13:17:44.0000000Z;7.226;7.24;2681;3592
2026-06-08T13:17:47.0000000Z;7.226;7.24;2681;3592
2026-06-08T13:17:48.0000000Z;7.226;7.24;2681;3592
2026-06-08T13:17:49.0000000Z;7.226;7.24;2681;3592
2026-06-08T13:17:54.0000000Z;7.226;7.24;2681;3592
2026-06-08T13:17:58.0000000Z;7.226;7.24;2681;3592
2026-06-08T13:17:59.0000000Z;7.226;7.24;2681;3592
2026-06-08T13:17:59.0000000Z;7.226;7.24;2681;3592
2026-06-08T13:18:01.0000000Z;7.226;7.24;2681;3592
2026-06-08T13:18:02.0000000Z;7.226;7.24;2681;3592
2026-06-08T13:18:03.0000000Z;7.226;7.24;2681;3592
2026-06-08T13:18:04.0000000Z;7.226;7.24;2681;3592
2026-06-08T13:18:05.0000000Z;7.226;7.24;2681;3592
2026-06-08T13:18:07.0000000Z;7.226;7.24;2681;3592
2026-06-08T13:18:08.0000000Z;7.226;7.24;2681;3592
2026-06-08T13:18:09.0000000Z;7.226;7.24;2681;3592
2026-06-08T13:18:10.0000000Z;7.226;7.24;2681;3592
2026-06-08T13:18:11.0000000Z;7.226;7.24;2681;3592
2026-06-08T13:18:12.0000000Z;7.226;7.24;2681;3592
2026-06-08T13:18:13.0000000Z;7.226;7.24;2681;3592
2026-06-08T13:18:15.0000000Z;7.226;7.24;2681;3592
2026-06-08T13:18:16.0000000Z;7.226;7.24;2681;3592
2026-06-08T13:18:17.0000000Z;7.226;7.24;2681;3592
2026-06-08T13:18:18.0000000Z;7.226;7.24;2681;3592
2026-06-08T13:18:19.0000000Z;7.226;7.24;2681;3592
2026-06-08T13:18:21.0000000Z;7.226;7.24;2681;3592
2026-06-08T13:18:23.0000000Z;7.226;7.24;2681;3592
2026-06-08T13:18:30.0000000Z;7.226;7.24;2681;3592
2026-06-08T13:18:36.0000000Z;7.226;7.24;2681;3592
2026-06-08T13:18:37.0000000Z;7.226;7.24;2681;3592
2026-06-08T13:18:38.0000000Z;7.226;7.24;2681;3592
2026-06-08T13:18:40.0000000Z;7.226;7.24;2681;3592
2026-06-08T13:18:42.0000000Z;7.226;7.24;2681;3592
2026-06-08T13:18:46.0000000Z;7.226;7.24;2681;3592
2026-06-08T13:18:50.0000000Z;7.226;7.24;2681;3592
2026-06-08T13:18:52.0000000Z;7.226;7.24;2681;3592
2026-06-08T13:18:53.0000000Z;7.226;7.24;2681;3592
2026-06-08T13:19:02.0000000Z;7.226;7.24;2681;5987
2026-06-08T13:19:06.0000000Z;7.226;7.24;2681;5987
2026-06-08T13:19:12.0000000Z;7.226;7.24;2681;5987
2026-06-08T13:19:19.0000000Z;7.226;7.24;2681;5987
2026-06-08T13:19:22.0000000Z;7.226;7.24;2681;5987
2026-06-08T13:19:24.0000000Z;7.226;7.24;2681;5987
2026-06-08T13:19:29.0000000Z;7.226;7.24;2681;5987
2026-06-08T13:19:39.0000000Z;7.226;7.24;2681;5987
2026-06-08T13:19:40.0000000Z;7.226;7.24;2681;3592
2026-06-08T13:19:41.0000000Z;7.226;7.24;2379;5987
2026-06-08T13:19:42.0000000Z;7.226;7.24;1107;5987
2026-06-08T13:19:44.0000000Z;7.226;7.24;2036;5987
2026-06-08T13:19:45.0000000Z;7.226;7.24;1107;5987
2026-06-08T13:19:47.0000000Z;7.226;7.24;2767;5987
2026-06-08T13:19:48.0000000Z;7.226;7.24;2767;5987
2026-06-08T13:19:49.0000000Z;7.226;7.24;2767;5987
2026-06-08T13:19:50.0000000Z;7.226;7.24;2767;5987
2026-06-08T13:19:58.0000000Z;7.226;7.24;2767;5987
2026-06-08T13:19:59.0000000Z;7.226;7.24;2767;5987
2026-06-08T13:20:00.0000000Z;7.226;7.24;2767;5987
2026-06-08T13:20:06.0000000Z;7.226;7.24;2767;5987
2026-06-08T13:20:07.0000000Z;7.226;7.24;2767;5987
2026-06-08T13:20:08.0000000Z;7.226;7.24;2767;5987
2026-06-08T13:20:14.0000000Z;7.226;7.24;2767;3592
2026-06-08T13:20:16.0000000Z;7.226;7.238;1107;3592
2026-06-08T13:20:17.0000000Z;7.226;7.238;1931;3592
2026-06-08T13:20:19.0000000Z;7.225;7.238;2767;3592
2026-06-08T13:20:20.0000000Z;7.225;7.238;37461;3592
2026-06-08T13:20:22.0000000Z;7.225;7.238;34000;3592
2026-06-08T13:20:23.0000000Z;7.225;7.238;34000;3592
2026-06-08T13:20:25.0000000Z;7.225;7.24;34000;3931
2026-06-08T13:20:26.0000000Z;7.225;7.24;34000;6326
2026-06-08T13:20:27.0000000Z;7.225;7.24;34000;6326
2026-06-08T13:20:28.0000000Z;7.225;7.239;34000;3454
2026-06-08T13:20:34.0000000Z;7.225;7.24;34000;36395
2026-06-08T13:20:35.0000000Z;7.225;7.24;34000;36395
2026-06-08T13:20:36.0000000Z;7.225;7.24;34000;36395
2026-06-08T13:20:37.0000000Z;7.225;7.241;34000;3931
2026-06-08T13:20:38.0000000Z;7.225;7.24;34000;34000
2026-06-08T13:20:39.0000000Z;7.225;7.243;34000;3931
2026-06-08T13:20:40.0000000Z;7.225;7.241;34000;37453
2026-06-08T13:20:42.0000000Z;7.225;7.241;34000;37453
2026-06-08T13:20:43.0000000Z;7.225;7.241;34000;37453
2026-06-08T13:20:44.0000000Z;7.225;7.241;34000;37453
2026-06-08T13:20:45.0000000Z;7.225;7.241;34000;37453
2026-06-08T13:20:46.0000000Z;7.225;7.241;34000;37453
2026-06-08T13:20:47.0000000Z;7.225;7.241;34000;3592
2026-06-08T13:20:48.0000000Z;7.225;7.241;34000;3592
2026-06-08T13:20:49.0000000Z;7.225;7.241;34000;3592
2026-06-08T13:20:50.0000000Z;7.225;7.241;34000;34000
2026-06-08T13:20:51.0000000Z;7.225;7.241;34000;34000
2026-06-08T13:20:52.0000000Z;7.225;7.241;34000;34000
2026-06-08T13:20:53.0000000Z;7.225;7.241;34000;34000
2026-06-08T13:20:56.0000000Z;7.225;7.243;34000;3931
2026-06-08T13:20:57.0000000Z;7.225;7.243;34000;3931
2026-06-08T13:20:58.0000000Z;7.225;7.243;34000;3931
2026-06-08T13:20:59.0000000Z;7.225;7.242;34000;3453
2026-06-08T13:21:00.0000000Z;7.225;7.242;34000;3453
2026-06-08T13:21:01.0000000Z;7.225;7.242;34000;3453
2026-06-08T13:21:02.0000000Z;7.225;7.242;34000;3453
2026-06-08T13:21:03.0000000Z;7.225;7.241;34000;3592
2026-06-08T13:21:04.0000000Z;7.225;7.241;34000;3592
2026-06-08T13:21:05.0000000Z;7.225;7.241;34000;3592
2026-06-08T13:21:06.0000000Z;7.225;7.241;34000;3592
2026-06-08T13:21:08.0000000Z;7.225;7.241;34000;3592
2026-06-08T13:21:09.0000000Z;7.225;7.241;34000;3592
2026-06-08T13:21:10.0000000Z;7.225;7.241;34000;3592
2026-06-08T13:21:11.0000000Z;7.225;7.241;34000;3592
2026-06-08T13:21:12.0000000Z;7.225;7.241;34000;3592
2026-06-08T13:21:13.0000000Z;7.225;7.241;34000;3592
2026-06-08T13:21:14.0000000Z;7.225;7.241;34000;3592
2026-06-08T13:21:15.0000000Z;7.225;7.241;34000;3592
2026-06-08T13:21:16.0000000Z;7.225;7.241;34000;3592
2026-06-08T13:21:18.0000000Z;7.228;7.241;1106;3592
2026-06-08T13:21:19.0000000Z;7.228;7.241;1106;3592
2026-06-08T13:21:20.0000000Z;7.227;7.241;2765;3592
2026-06-08T13:21:21.0000000Z;7.227;7.241;2765;3592
2026-06-08T13:21:22.0000000Z;7.227;7.241;2765;3592
2026-06-08T13:21:23.0000000Z;7.227;7.241;34000;3592
2026-06-08T13:21:24.0000000Z;7.227;7.241;34000;3592
2026-06-08T13:21:25.0000000Z;7.227;7.241;34000;3592
2026-06-08T13:21:26.0000000Z;7.227;7.241;34000;3592
2026-06-08T13:21:28.0000000Z;7.227;7.241;34000;3592
2026-06-08T13:21:29.0000000Z;7.227;7.241;34000;3592
2026-06-08T13:21:30.0000000Z;7.227;7.241;34000;3592
2026-06-08T13:21:31.0000000Z;7.227;7.241;34000;3592
2026-06-08T13:21:32.0000000Z;7.227;7.241;34000;3592
2026-06-08T13:21:33.0000000Z;7.227;7.241;34000;3592
2026-06-08T13:21:34.0000000Z;7.227;7.242;34000;3931
2026-06-08T13:21:38.0000000Z;7.227;7.242;34000;3931
2026-06-08T13:21:39.0000000Z;7.227;7.242;34000;37453
2026-06-08T13:21:43.0000000Z;7.227;7.242;34000;34000
2026-06-08T13:21:45.0000000Z;7.227;7.242;34000;3592
2026-06-08T13:21:46.0000000Z;7.227;7.242;34000;3592
2026-06-08T13:21:47.0000000Z;7.227;7.242;34000;3592
2026-06-08T13:21:48.0000000Z;7.227;7.242;34000;3592
2026-06-08T13:21:49.0000000Z;7.227;7.242;34000;3592
2026-06-08T13:21:50.0000000Z;7.227;7.242;34000;3592
2026-06-08T13:21:51.0000000Z;7.227;7.242;34000;3592
2026-06-08T13:21:52.0000000Z;7.227;7.242;34000;3592
2026-06-08T13:21:53.0000000Z;7.227;7.242;34000;3592
2026-06-08T13:21:54.0000000Z;7.227;7.242;34000;3592
2026-06-08T13:21:55.0000000Z;7.227;7.242;34000;3592
2026-06-08T13:21:58.0000000Z;7.227;7.242;34000;3592
2026-06-08T13:21:59.0000000Z;7.227;7.242;34000;3592
2026-06-08T13:22:00.0000000Z;7.227;7.242;34000;3592
2026-06-08T13:22:01.0000000Z;7.227;7.242;34000;3592
2026-06-08T13:22:02.0000000Z;7.227;7.242;34000;3592
2026-06-08T13:22:05.0000000Z;7.227;7.242;34000;5987
2026-06-08T13:22:06.0000000Z;7.227;7.242;34000;5987
2026-06-08T13:22:07.0000000Z;7.227;7.242;34000;5987
2026-06-08T13:22:08.0000000Z;7.227;7.242;34000;5987
2026-06-08T13:22:09.0000000Z;7.227;7.242;34000;5987
2026-06-08T13:22:11.0000000Z;7.227;7.242;34000;5987
2026-06-08T13:22:12.0000000Z;7.227;7.242;34000;5987
2026-06-08T13:22:13.0000000Z;7.227;7.242;34000;5987
2026-06-08T13:22:14.0000000Z;7.227;7.242;34000;5987
2026-06-08T13:22:15.0000000Z;7.227;7.242;34000;5987
2026-06-08T13:22:16.0000000Z;7.227;7.242;34000;5987
2026-06-08T13:22:20.0000000Z;7.227;7.242;34000;5987
2026-06-08T13:22:21.0000000Z;7.227;7.242;34000;5987
2026-06-08T13:22:22.0000000Z;7.227;7.242;34000;5987
2026-06-08T13:22:23.0000000Z;7.227;7.243;34000;3592
2026-06-08T13:22:24.0000000Z;7.227;7.241;34000;3592
2026-06-08T13:22:25.0000000Z;7.227;7.241;34000;34000
2026-06-08T13:22:27.0000000Z;7.227;7.241;34000;34000
2026-06-08T13:22:32.0000000Z;7.227;7.241;34000;34000
2026-06-08T13:22:34.0000000Z;7.227;7.241;34000;34000
2026-06-08T13:22:35.0000000Z;7.227;7.241;34000;34000
2026-06-08T13:22:36.0000000Z;7.227;7.241;34000;34000
2026-06-08T13:22:38.0000000Z;7.229;7.241;1106;34000
2026-06-08T13:22:40.0000000Z;7.227;7.241;2765;34000
2026-06-08T13:22:41.0000000Z;7.227;7.241;34000;34000
2026-06-08T13:22:42.0000000Z;7.227;7.241;34000;34000
2026-06-08T13:22:43.0000000Z;7.227;7.241;34000;34000
2026-06-08T13:22:44.0000000Z;7.227;7.241;34000;34000
2026-06-08T13:22:46.0000000Z;7.227;7.241;34000;34000
2026-06-08T13:22:47.0000000Z;7.227;7.242;34000;5987
2026-06-08T13:22:48.0000000Z;7.227;7.242;34000;5987
2026-06-08T13:22:49.0000000Z;7.227;7.242;34000;5987
2026-06-08T13:22:50.0000000Z;7.227;7.242;34000;37453
2026-06-08T13:22:51.0000000Z;7.227;7.242;34000;37453
2026-06-08T13:22:53.0000000Z;7.227;7.242;34000;37453
2026-06-08T13:22:54.0000000Z;7.228;7.24;1106;3592
2026-06-08T13:22:55.0000000Z;7.228;7.24;1106;34000
2026-06-08T13:22:56.0000000Z;7.227;7.238;1106;3592
2026-06-08T13:22:57.0000000Z;7.227;7.238;2765;34000
2026-06-08T13:22:58.0000000Z;7.227;7.238;2765;34000
2026-06-08T13:22:59.0000000Z;7.227;7.238;2765;34000
2026-06-08T13:23:00.0000000Z;7.227;7.238;2765;34000
2026-06-08T13:23:01.0000000Z;7.227;7.238;1106;34000
2026-06-08T13:23:02.0000000Z;7.227;7.238;1106;34000
2026-06-08T13:23:03.0000000Z;7.227;7.238;1106;34000
2026-06-08T13:23:04.0000000Z;7.227;7.238;1106;34000
2026-06-08T13:23:05.0000000Z;7.227;7.238;1106;34000
2026-06-08T13:23:06.0000000Z;7.227;7.239;1106;3592
2026-06-08T13:23:07.0000000Z;7.225;7.239;2767;3592
2026-06-08T13:23:09.0000000Z;7.225;7.239;2767;37454
2026-06-08T13:23:10.0000000Z;7.225;7.239;2767;37454
2026-06-08T13:23:11.0000000Z;7.226;7.239;3460;37454
2026-06-08T13:23:12.0000000Z;7.226;7.239;3460;37454
2026-06-08T13:23:13.0000000Z;7.226;7.239;3460;37454
2026-06-08T13:23:15.0000000Z;7.226;7.239;3460;37454
2026-06-08T13:23:17.0000000Z;7.225;7.239;34000;34000
2026-06-08T13:23:22.0000000Z;7.225;7.239;34000;34000
2026-06-08T13:23:23.0000000Z;7.225;7.239;34000;34000
2026-06-08T13:23:24.0000000Z;7.225;7.239;34000;34000
2026-06-08T13:23:25.0000000Z;7.225;7.239;34000;34000
2026-06-08T13:23:29.0000000Z;7.225;7.239;34000;34000
2026-06-08T13:23:30.0000000Z;7.225;7.239;34000;34000
2026-06-08T13:23:31.0000000Z;7.225;7.239;34000;34000
2026-06-08T13:23:33.0000000Z;7.225;7.239;34000;34000
2026-06-08T13:23:34.0000000Z;7.225;7.239;34000;34000
2026-06-08T13:23:36.0000000Z;7.225;7.239;34000;34000
2026-06-08T13:23:37.0000000Z;7.225;7.239;34000;34000
2026-06-08T13:23:39.0000000Z;7.225;7.239;34000;34000
2026-06-08T13:23:40.0000000Z;7.225;7.239;34000;34000
2026-06-08T13:23:41.0000000Z;7.225;7.239;34000;34000
2026-06-08T13:23:42.0000000Z;7.225;7.239;34000;34000
2026-06-08T13:23:44.0000000Z;7.225;7.239;34000;34000
2026-06-08T13:23:47.0000000Z;7.225;7.239;34000;34000
2026-06-08T13:23:48.0000000Z;7.225;7.239;34000;34000
2026-06-08T13:23:49.0000000Z;7.225;7.239;34000;34000
2026-06-08T13:23:50.0000000Z;7.225;7.242;34000;25208
2026-06-08T13:23:51.0000000Z;7.225;7.242;34000;27603
2026-06-08T13:23:52.0000000Z;7.225;7.238;34000;34000
2026-06-08T13:23:53.0000000Z;7.225;7.238;34000;34000
2026-06-08T13:23:55.0000000Z;7.225;7.238;34000;34000
2026-06-08T13:23:56.0000000Z;7.225;7.238;34000;34000
2026-06-08T13:23:57.0000000Z;7.225;7.238;34000;34000
2026-06-08T13:23:58.0000000Z;7.225;7.238;34000;34000
2026-06-08T13:23:59.0000000Z;7.225;7.238;34000;34000
2026-06-08T13:24:01.0000000Z;7.225;7.238;34000;34000
2026-06-08T13:24:02.0000000Z;7.225;7.238;34000;34000
2026-06-08T13:24:03.0000000Z;7.225;7.24;34000;5987
2026-06-08T13:24:05.0000000Z;7.225;7.239;34000;3454
2026-06-08T13:24:06.0000000Z;7.225;7.239;34000;3454
2026-06-08T13:24:07.0000000Z;7.225;7.239;34000;3454
2026-06-08T13:24:09.0000000Z;7.225;7.239;34000;3454
2026-06-08T13:24:10.0000000Z;7.225;7.24;34000;34000
2026-06-08T13:24:11.0000000Z;7.225;7.24;34000;34000
2026-06-08T13:24:12.0000000Z;7.225;7.24;34000;34000
2026-06-08T13:24:16.0000000Z;7.225;7.24;34000;34000
2026-06-08T13:24:21.0000000Z;7.225;7.24;34000;34000
2026-06-08T13:24:23.0000000Z;7.225;7.24;34000;34000
2026-06-08T13:24:24.0000000Z;7.225;7.24;34000;34000
2026-06-08T13:24:25.0000000Z;7.225;7.24;34000;34000
2026-06-08T13:24:27.0000000Z;7.225;7.24;34000;34000
2026-06-08T13:24:33.0000000Z;7.225;7.24;34000;34000
2026-06-08T13:24:34.0000000Z;7.225;7.24;34000;3592
2026-06-08T13:24:35.0000000Z;7.225;7.24;34000;3592
2026-06-08T13:24:38.0000000Z;7.225;7.24;34000;3592
2026-06-08T13:24:39.0000000Z;7.225;7.24;34000;3592
2026-06-08T13:24:40.0000000Z;7.225;7.24;34000;3592
2026-06-08T13:24:41.0000000Z;7.225;7.24;34000;3592
2026-06-08T13:24:42.0000000Z;7.225;7.24;34000;3592
2026-06-08T13:24:43.0000000Z;7.225;7.24;34000;3592
2026-06-08T13:24:44.0000000Z;7.225;7.241;34000;5987
2026-06-08T13:24:45.0000000Z;7.225;7.241;34000;37453
2026-06-08T13:24:46.0000000Z;7.225;7.241;34000;37453
2026-06-08T13:24:47.0000000Z;7.225;7.241;34000;37453
2026-06-08T13:24:50.0000000Z;7.225;7.241;34000;37453
2026-06-08T13:24:51.0000000Z;7.225;7.241;34000;34000
2026-06-08T13:24:52.0000000Z;7.225;7.241;34000;34000
2026-06-08T13:24:53.0000000Z;7.225;7.241;34000;34000
2026-06-08T13:24:54.0000000Z;7.225;7.241;34000;34000
2026-06-08T13:24:55.0000000Z;7.225;7.241;34000;34000
2026-06-08T13:24:56.0000000Z;7.225;7.241;34000;34000
2026-06-08T13:24:58.0000000Z;7.225;7.241;34000;34000
2026-06-08T13:24:59.0000000Z;7.225;7.241;34000;34000
2026-06-08T13:24:59.0000000Z;7.225;7.241;34000;34000
2026-06-08T13:25:00.0000000Z;7.225;7.241;34000;34000
2026-06-08T13:25:01.0000000Z;7.225;7.241;34000;34000
2026-06-08T13:25:02.0000000Z;7.225;7.241;34000;34000
2026-06-08T13:25:03.0000000Z;7.225;7.241;34000;34000
2026-06-08T13:25:04.0000000Z;7.225;7.241;34000;34000
2026-06-08T13:25:05.0000000Z;7.225;7.241;34000;34000
2026-06-08T13:25:07.0000000Z;7.225;7.241;34000;5987
2026-06-08T13:25:08.0000000Z;7.225;7.241;34000;5987
2026-06-08T13:25:09.0000000Z;7.225;7.241;34000;5987
2026-06-08T13:25:10.0000000Z;7.225;7.241;34000;5987
2026-06-08T13:25:11.0000000Z;7.225;7.241;34000;5987
2026-06-08T13:25:12.0000000Z;7.225;7.241;34000;3592
2026-06-08T13:25:13.0000000Z;7.225;7.241;34000;3592
2026-06-08T13:25:18.0000000Z;7.225;7.241;34000;3592
2026-06-08T13:25:19.0000000Z;7.225;7.241;34000;3592
2026-06-08T13:25:21.0000000Z;7.225;7.241;34000;3592
2026-06-08T13:25:22.0000000Z;7.225;7.241;34000;3592
2026-06-08T13:25:23.0000000Z;7.225;7.241;34000;3592
2026-06-08T13:25:24.0000000Z;7.225;7.241;34000;3592
2026-06-08T13:25:25.0000000Z;7.225;7.241;34000;3592
2026-06-08T13:25:26.0000000Z;7.225;7.241;34000;3592
2026-06-08T13:25:27.0000000Z;7.225;7.241;34000;3592
2026-06-08T13:25:28.0000000Z;7.225;7.241;34000;3592
2026-06-08T13:25:29.0000000Z;7.225;7.241;34000;3592
2026-06-08T13:25:31.0000000Z;7.225;7.241;34000;3592
2026-06-08T13:25:32.0000000Z;7.225;7.241;34000;3592
2026-06-08T13:25:33.0000000Z;7.225;7.241;34000;3592
2026-06-08T13:25:34.0000000Z;7.225;7.242;34000;5987
2026-06-08T13:25:35.0000000Z;7.225;7.242;34000;5987
2026-06-08T13:25:36.0000000Z;7.225;7.242;34000;39848
2026-06-08T13:25:39.0000000Z;7.225;7.242;34000;39848
2026-06-08T13:25:40.0000000Z;7.225;7.242;34000;39848
2026-06-08T13:25:41.0000000Z;7.225;7.242;34000;37453
2026-06-08T13:25:42.0000000Z;7.225;7.242;34000;36395
2026-06-08T13:25:46.0000000Z;7.225;7.242;34000;36395
2026-06-08T13:25:50.0000000Z;7.225;7.242;34000;36395
2026-06-08T13:25:51.0000000Z;7.225;7.242;34000;36395
2026-06-08T13:25:53.0000000Z;7.225;7.242;34000;36395
2026-06-08T13:25:54.0000000Z;7.225;7.24;34000;3592
2026-06-08T13:25:55.0000000Z;7.225;7.24;34000;34000
2026-06-08T13:25:57.0000000Z;7.225;7.24;34000;34000
2026-06-08T13:25:58.0000000Z;7.225;7.24;34000;34000
2026-06-08T13:25:59.0000000Z;7.225;7.24;34000;34000
2026-06-08T13:25:59.0000000Z;7.225;7.24;34000;34000
2026-06-08T13:26:00.0000000Z;7.225;7.24;34000;34000
2026-06-08T13:26:01.0000000Z;7.225;7.24;34000;34000
2026-06-08T13:26:04.0000000Z;7.225;7.24;34000;34000
2026-06-08T13:26:05.0000000Z;7.225;7.24;34000;34000
2026-06-08T13:26:06.0000000Z;7.225;7.24;34000;34000
2026-06-08T13:26:07.0000000Z;7.225;7.24;34000;34000
2026-06-08T13:26:10.0000000Z;7.225;7.24;34000;34000
2026-06-08T13:26:13.0000000Z;7.225;7.24;34000;34000
2026-06-08T13:26:14.0000000Z;7.225;7.24;34000;34000
2026-06-08T13:26:15.0000000Z;7.225;7.24;34000;34000
2026-06-08T13:26:16.0000000Z;7.225;7.24;34000;34000
2026-06-08T13:26:20.0000000Z;7.225;7.24;34000;34000
2026-06-08T13:26:26.0000000Z;7.225;7.24;34000;34000
2026-06-08T13:26:28.0000000Z;7.225;7.24;34000;34000
2026-06-08T13:26:30.0000000Z;7.225;7.24;34000;34000
2026-06-08T13:26:31.0000000Z;7.225;7.24;34000;34000
2026-06-08T13:26:32.0000000Z;7.225;7.24;34000;34000
2026-06-08T13:26:36.0000000Z;7.225;7.24;34000;34000
2026-06-08T13:26:37.0000000Z;7.225;7.24;34000;34000
2026-06-08T13:26:39.0000000Z;7.225;7.24;34000;34000
2026-06-08T13:26:40.0000000Z;7.225;7.24;34000;34000
2026-06-08T13:26:41.0000000Z;7.225;7.24;34000;34000
2026-06-08T13:26:43.0000000Z;7.225;7.24;34000;34000
2026-06-08T13:26:45.0000000Z;7.225;7.24;34000;34000
2026-06-08T13:26:46.0000000Z;7.225;7.24;34000;34000
2026-06-08T13:26:48.0000000Z;7.225;7.24;34000;34000
2026-06-08T13:26:49.0000000Z;7.225;7.24;34000;34000
2026-06-08T13:26:50.0000000Z;7.225;7.241;34000;3592
2026-06-08T13:26:51.0000000Z;7.225;7.241;34000;3592
2026-06-08T13:26:52.0000000Z;7.225;7.241;34000;37453
2026-06-08T13:26:56.0000000Z;7.225;7.241;34000;34000
2026-06-08T13:26:57.0000000Z;7.225;7.241;34000;34000
2026-06-08T13:26:58.0000000Z;7.225;7.241;34000;34000
2026-06-08T13:26:59.0000000Z;7.225;7.241;34000;34000
2026-06-08T13:27:04.0000000Z;7.225;7.242;34000;6326
2026-06-08T13:27:05.0000000Z;7.225;7.242;34000;6326
2026-06-08T13:27:06.0000000Z;7.225;7.242;34000;39848
2026-06-08T13:27:09.0000000Z;7.225;7.242;34000;27603
2026-06-08T13:27:10.0000000Z;7.225;7.241;34000;3592
2026-06-08T13:27:11.0000000Z;7.225;7.241;34000;20626
2026-06-08T13:27:12.0000000Z;7.225;7.241;34000;20626
2026-06-08T13:27:13.0000000Z;7.225;7.241;34000;11116
2026-06-08T13:27:14.0000000Z;7.225;7.241;34000;11116
2026-06-08T13:27:15.0000000Z;7.225;7.241;34000;13511
2026-06-08T13:27:16.0000000Z;7.225;7.241;34000;36395
2026-06-08T13:27:19.0000000Z;7.225;7.241;34000;5987
2026-06-08T13:27:23.0000000Z;7.225;7.241;34000;5987
2026-06-08T13:27:24.0000000Z;7.225;7.241;34000;5987
2026-06-08T13:27:26.0000000Z;7.225;7.241;34000;5987
2026-06-08T13:27:28.0000000Z;7.225;7.241;34000;5987
2026-06-08T13:27:30.0000000Z;7.225;7.241;34000;5987
2026-06-08T13:27:31.0000000Z;7.225;7.239;34000;34000
2026-06-08T13:27:32.0000000Z;7.225;7.239;34000;34000
2026-06-08T13:27:33.0000000Z;7.225;7.239;34000;34000
2026-06-08T13:27:34.0000000Z;7.225;7.239;34000;34000
2026-06-08T13:27:35.0000000Z;7.225;7.239;34000;34000
2026-06-08T13:27:39.0000000Z;7.225;7.239;34000;34000
2026-06-08T13:27:40.0000000Z;7.225;7.239;34000;34000
2026-06-08T13:27:42.0000000Z;7.225;7.239;34000;34000
2026-06-08T13:27:43.0000000Z;7.225;7.239;34000;34000
2026-06-08T13:27:45.0000000Z;7.225;7.239;34000;34000
2026-06-08T13:27:47.0000000Z;7.225;7.239;34000;34000
2026-06-08T13:27:49.0000000Z;7.225;7.239;34000;34000
2026-06-08T13:27:52.0000000Z;7.225;7.239;34000;34000
2026-06-08T13:27:53.0000000Z;7.225;7.239;1107;34000
2026-06-08T13:27:54.0000000Z;7.225;7.239;1107;34000
2026-06-08T13:27:55.0000000Z;7.224;7.239;2767;34000
2026-06-08T13:27:56.0000000Z;7.224;7.239;2767;34000
2026-06-08T13:27:57.0000000Z;7.224;7.239;37461;34000
2026-06-08T13:27:59.0000000Z;7.224;7.239;37461;34000
2026-06-08T13:28:00.0000000Z;7.224;7.239;1660;34000
2026-06-08T13:28:02.0000000Z;7.224;7.24;1660;5987
2026-06-08T13:28:05.0000000Z;7.224;7.24;34000;5987
2026-06-08T13:28:06.0000000Z;7.219;7.24;8910;5987
2026-06-08T13:28:08.0000000Z;7.219;7.24;8910;5987
2026-06-08T13:28:09.0000000Z;7.223;7.24;3462;34000
2026-06-08T13:28:11.0000000Z;7.223;7.24;3462;34000
2026-06-08T13:28:12.0000000Z;7.223;7.24;3462;34000
2026-06-08T13:28:13.0000000Z;7.223;7.24;3462;34000
2026-06-08T13:28:15.0000000Z;7.218;7.24;17310;34000
2026-06-08T13:28:16.0000000Z;7.218;7.239;8910;34000
2026-06-08T13:28:17.0000000Z;7.218;7.239;8910;21826
2026-06-08T13:28:18.0000000Z;7.218;7.239;8910;21826
2026-06-08T13:28:19.0000000Z;7.218;7.239;34000;21826
2026-06-08T13:28:21.0000000Z;7.218;7.239;34000;21826
2026-06-08T13:28:22.0000000Z;7.218;7.239;34000;21826
2026-06-08T13:28:23.0000000Z;7.218;7.239;34000;21826
2026-06-08T13:28:25.0000000Z;7.218;7.239;34000;21826
2026-06-08T13:28:29.0000000Z;7.218;7.239;34000;21826
2026-06-08T13:28:31.0000000Z;7.218;7.239;34000;21826
2026-06-08T13:28:34.0000000Z;7.218;7.239;34000;36395
2026-06-08T13:28:35.0000000Z;7.218;7.239;34000;36395
2026-06-08T13:28:36.0000000Z;7.218;7.239;34000;36395
2026-06-08T13:28:38.0000000Z;7.218;7.239;34000;36395
2026-06-08T13:28:40.0000000Z;7.217;7.239;12400;2395
2026-06-08T13:28:41.0000000Z;7.218;7.238;34000;3592
2026-06-08T13:28:42.0000000Z;7.218;7.238;34000;3592
2026-06-08T13:28:44.0000000Z;7.218;7.238;34000;3592
2026-06-08T13:28:45.0000000Z;7.218;7.238;34000;3592
2026-06-08T13:28:47.0000000Z;7.218;7.238;14850;3592
2026-06-08T13:28:50.0000000Z;7.218;7.238;14850;3592
2026-06-08T13:28:51.0000000Z;7.218;7.238;8910;3592
2026-06-08T13:28:52.0000000Z;7.218;7.238;8910;3592
2026-06-08T13:28:55.0000000Z;7.218;7.238;8910;3592
2026-06-08T13:28:57.0000000Z;7.218;7.238;8910;3592
2026-06-08T13:28:58.0000000Z;7.217;7.238;21310;11116
2026-06-08T13:28:59.0000000Z;7.217;7.238;37465;11116
2026-06-08T13:29:00.0000000Z;7.217;7.238;37465;11455
2026-06-08T13:29:01.0000000Z;7.217;7.236;37465;34000
2026-06-08T13:29:02.0000000Z;7.217;7.236;37465;34000
2026-06-08T13:29:03.0000000Z;7.217;7.236;34000;34000
2026-06-08T13:29:05.0000000Z;7.217;7.236;37465;34000
2026-06-08T13:29:06.0000000Z;7.217;7.239;12400;5016
2026-06-08T13:29:07.0000000Z;7.217;7.239;12400;5016
2026-06-08T13:29:08.0000000Z;7.217;7.239;12400;5016
2026-06-08T13:29:09.0000000Z;7.217;7.237;12400;3455
2026-06-08T13:29:11.0000000Z;7.217;7.239;12400;5016
2026-06-08T13:29:13.0000000Z;7.217;7.239;12400;5016
2026-06-08T13:29:14.0000000Z;7.217;7.24;18340;2395
2026-06-08T13:29:15.0000000Z;7.217;7.24;18340;5016
2026-06-08T13:29:16.0000000Z;7.217;7.24;12400;5016
2026-06-08T13:29:17.0000000Z;7.217;7.24;12400;34000
2026-06-08T13:29:18.0000000Z;7.217;7.24;12400;36395
2026-06-08T13:29:19.0000000Z;7.217;7.24;12400;36395
2026-06-08T13:29:20.0000000Z;7.217;7.239;12400;34000
2026-06-08T13:29:21.0000000Z;7.217;7.239;12400;34000
2026-06-08T13:29:22.0000000Z;7.217;7.241;12400;11036
2026-06-08T13:29:23.0000000Z;7.217;7.239;12400;34000
2026-06-08T13:29:24.0000000Z;7.217;7.241;12400;11036
2026-06-08T13:29:25.0000000Z;7.217;7.241;12400;37453
2026-06-08T13:29:26.0000000Z;7.217;7.241;12400;34000
2026-06-08T13:29:28.0000000Z;7.217;7.24;27250;6948
2026-06-08T13:29:29.0000000Z;7.217;7.24;27250;2621
2026-06-08T13:29:32.0000000Z;7.217;7.24;27250;2621
2026-06-08T13:29:33.0000000Z;7.217;7.24;21310;6552
2026-06-08T13:29:34.0000000Z;7.217;7.24;21310;6552
2026-06-08T13:29:35.0000000Z;7.217;7.24;31973;6552
2026-06-08T13:29:36.0000000Z;7.217;7.24;31973;6552
2026-06-08T13:29:37.0000000Z;7.217;7.24;26033;6552
2026-06-08T13:29:38.0000000Z;7.217;7.24;31973;6552
2026-06-08T13:29:39.0000000Z;7.217;7.24;31973;6552
2026-06-08T13:29:43.0000000Z;7.217;7.24;31973;6552
2026-06-08T13:29:45.0000000Z;7.217;7.24;31973;6552
2026-06-08T13:29:46.0000000Z;7.217;7.24;31973;6552
2026-06-08T13:29:47.0000000Z;7.217;7.24;31973;6552
2026-06-08T13:29:50.0000000Z;7.217;7.242;31973;5987
2026-06-08T13:29:52.0000000Z;7.217;7.242;26033;5987
2026-06-08T13:29:53.0000000Z;7.217;7.241;31973;3453
2026-06-08T13:29:55.0000000Z;7.217;7.241;31973;3453
2026-06-08T13:29:58.0000000Z;7.217;7.242;31973;34000
2026-06-08T13:29:59.0000000Z;7.218;7.242;17820;34000
2026-06-08T13:30:00.0000000Z;7.218;7.242;8910;34000
2026-06-08T13:30:01.0000000Z;7.218;7.242;8910;34000
2026-06-08T13:30:02.0000000Z;7.218;7.242;8910;2395
2026-06-08T13:30:04.0000000Z;7.217;7.241;17123;3592
2026-06-08T13:30:07.0000000Z;7.217;7.241;17123;3592
2026-06-08T13:30:08.0000000Z;7.217;7.242;17123;5987
2026-06-08T13:30:09.0000000Z;7.217;7.242;37465;5987
2026-06-08T13:30:10.0000000Z;7.217;7.243;37465;2395
2026-06-08T13:30:11.0000000Z;7.217;7.243;37465;5765
2026-06-08T13:30:12.0000000Z;7.217;7.243;37465;2395
2026-06-08T13:30:13.0000000Z;7.217;7.243;37465;39847
2026-06-08T13:30:17.0000000Z;7.217;7.243;37465;5987
2026-06-08T13:30:18.0000000Z;7.217;7.243;37465;2395
2026-06-08T13:30:19.0000000Z;7.218;7.243;5940;2395
2026-06-08T13:30:20.0000000Z;7.219;7.243;13633;2395
2026-06-08T13:30:21.0000000Z;7.219;7.243;34000;36395
2026-06-08T13:30:22.0000000Z;7.219;7.243;34000;36395
2026-06-08T13:30:23.0000000Z;7.219;7.243;36395;36395
2026-06-08T13:30:25.0000000Z;7.219;7.243;34000;36395
2026-06-08T13:30:26.0000000Z;7.219;7.243;16028;36395
2026-06-08T13:30:30.0000000Z;7.219;7.243;18649;36395
2026-06-08T13:30:31.0000000Z;7.219;7.243;18649;36395
2026-06-08T13:30:32.0000000Z;7.22;7.243;2621;5809
2026-06-08T13:30:33.0000000Z;7.221;7.243;3931;5809
2026-06-08T13:30:34.0000000Z;7.221;7.243;34000;5809
2026-06-08T13:30:35.0000000Z;7.221;7.243;34000;34000
2026-06-08T13:30:36.0000000Z;7.221;7.244;34000;12400
2026-06-08T13:30:37.0000000Z;7.221;7.244;34000;12400
2026-06-08T13:30:38.0000000Z;7.221;7.244;34000;12400
2026-06-08T13:30:39.0000000Z;7.221;7.244;8654;37452
2026-06-08T13:30:40.0000000Z;7.221;7.244;8654;37452
2026-06-08T13:30:41.0000000Z;7.223;7.244;17820;37452
2026-06-08T13:30:42.0000000Z;7.223;7.244;34000;37452
2026-06-08T13:30:43.0000000Z;7.223;7.244;34000;37452
2026-06-08T13:30:44.0000000Z;7.223;7.244;34000;37452
2026-06-08T13:30:45.0000000Z;7.223;7.244;34000;37452
2026-06-08T13:30:46.0000000Z;7.223;7.244;8910;34000
2026-06-08T13:30:48.0000000Z;7.223;7.244;8910;34000
2026-06-08T13:30:49.0000000Z;7.223;7.244;11531;34000
2026-06-08T13:30:50.0000000Z;7.223;7.244;11531;34000
2026-06-08T13:30:51.0000000Z;7.223;7.244;11531;34000
2026-06-08T13:30:52.0000000Z;7.224;7.244;2621;34000
2026-06-08T13:30:53.0000000Z;7.224;7.244;34000;34000
2026-06-08T13:30:54.0000000Z;7.225;7.244;7524;34000
2026-06-08T13:30:55.0000000Z;7.225;7.244;10145;34000
2026-06-08T13:30:56.0000000Z;7.225;7.25;34000;5987
2026-06-08T13:30:57.0000000Z;7.227;7.25;3931;2395
2026-06-08T13:30:58.0000000Z;7.227;7.25;34000;2395
2026-06-08T13:30:59.0000000Z;7.227;7.245;34000;3451
2026-06-08T13:31:00.0000000Z;7.227;7.245;34000;3451
2026-06-08T13:31:01.0000000Z;7.227;7.245;34000;3451
2026-06-08T13:31:02.0000000Z;7.227;7.25;34000;2395
2026-06-08T13:31:03.0000000Z;7.227;7.25;34000;4177
2026-06-08T13:31:04.0000000Z;7.227;7.25;34000;6798
2026-06-08T13:31:05.0000000Z;7.227;7.249;34000;2621
2026-06-08T13:31:06.0000000Z;7.227;7.249;34000;34000
2026-06-08T13:31:07.0000000Z;7.227;7.249;34000;34000
2026-06-08T13:31:08.0000000Z;7.225;7.249;3931;6552
2026-06-08T13:31:09.0000000Z;7.226;7.248;3460;2395
2026-06-08T13:31:10.0000000Z;7.226;7.248;3460;36395
2026-06-08T13:31:11.0000000Z;7.226;7.248;3460;36395
2026-06-08T13:31:12.0000000Z;7.225;7.248;6552;36395
2026-06-08T13:31:13.0000000Z;7.225;7.248;6552;4971
2026-06-08T13:31:14.0000000Z;7.228;7.248;34000;4971
2026-06-08T13:31:15.0000000Z;7.228;7.248;34000;2395
2026-06-08T13:31:16.0000000Z;7.228;7.248;23760;2395
2026-06-08T13:31:17.0000000Z;7.228;7.248;17820;2395
2026-06-08T13:31:18.0000000Z;7.228;7.248;17820;2395
2026-06-08T13:31:19.0000000Z;7.228;7.248;13633;2395
2026-06-08T13:31:20.0000000Z;7.228;7.248;22543;2809
2026-06-08T13:31:21.0000000Z;7.228;7.248;22543;5204
2026-06-08T13:31:22.0000000Z;7.228;7.248;28483;2395
2026-06-08T13:31:23.0000000Z;7.229;7.248;5940;2395
2026-06-08T13:31:24.0000000Z;7.228;7.248;22543;2395
2026-06-08T13:31:25.0000000Z;7.228;7.25;34000;2395
2026-06-08T13:31:26.0000000Z;7.229;7.25;34000;5245
2026-06-08T13:31:27.0000000Z;7.229;7.249;34000;3449
2026-06-08T13:31:29.0000000Z;7.229;7.249;34000;3449
2026-06-08T13:31:30.0000000Z;7.229;7.249;34000;5844
2026-06-08T13:31:31.0000000Z;7.229;7.249;34000;5844
2026-06-08T13:31:33.0000000Z;7.229;7.25;34000;7866
2026-06-08T13:31:34.0000000Z;7.229;7.249;34000;2395
2026-06-08T13:31:35.0000000Z;7.229;7.25;34000;5016
2026-06-08T13:31:36.0000000Z;7.23;7.248;17005;2395
2026-06-08T13:31:37.0000000Z;7.23;7.248;34000;34000
2026-06-08T13:31:38.0000000Z;7.23;7.248;34000;5987
2026-06-08T13:31:39.0000000Z;7.23;7.248;34000;5987
2026-06-08T13:31:40.0000000Z;7.23;7.248;34000;2395
2026-06-08T13:31:41.0000000Z;7.228;7.248;17820;2395
2026-06-08T13:31:42.0000000Z;7.228;7.248;17820;2395
2026-06-08T13:31:43.0000000Z;7.228;7.248;8910;5987
2026-06-08T13:31:44.0000000Z;7.228;7.248;8910;6680
2026-06-08T13:31:45.0000000Z;7.228;7.248;8910;2395
2026-06-08T13:31:46.0000000Z;7.228;7.248;37459;2395
2026-06-08T13:31:47.0000000Z;7.228;7.248;37459;2395
2026-06-08T13:31:48.0000000Z;7.228;7.248;34000;5987
2026-06-08T13:31:49.0000000Z;7.228;7.248;34000;8608
2026-06-08T13:31:50.0000000Z;7.229;7.248;5940;2395
2026-06-08T13:31:51.0000000Z;7.229;7.248;5940;2395
2026-06-08T13:31:52.0000000Z;7.228;7.248;8910;2395
2026-06-08T13:31:53.0000000Z;7.228;7.248;8910;5016
2026-06-08T13:31:54.0000000Z;7.228;7.248;8910;5016
2026-06-08T13:31:55.0000000Z;7.226;7.247;20215;9451
2026-06-08T13:31:56.0000000Z;7.226;7.247;20215;9451
2026-06-08T13:31:57.0000000Z;7.228;7.247;34000;34000
2026-06-08T13:31:59.0000000Z;7.228;7.247;34000;34000
2026-06-08T13:32:00.0000000Z;7.228;7.247;1106;34000
2026-06-08T13:32:01.0000000Z;7.228;7.247;34000;34000
2026-06-08T13:32:02.0000000Z;7.229;7.247;1659;34000
2026-06-08T13:32:03.0000000Z;7.23;7.247;1106;34000
2026-06-08T13:32:04.0000000Z;7.232;7.247;1106;34000
2026-06-08T13:32:05.0000000Z;7.235;7.247;1426;34000
2026-06-08T13:32:06.0000000Z;7.235;7.247;1426;6830
2026-06-08T13:32:07.0000000Z;7.231;7.247;1106;9451
2026-06-08T13:32:08.0000000Z;7.231;7.247;1106;9451
2026-06-08T13:32:09.0000000Z;7.231;7.247;1106;6830
2026-06-08T13:32:10.0000000Z;7.233;7.247;1106;6830
2026-06-08T13:32:11.0000000Z;7.235;7.247;2762;6830
2026-06-08T13:32:12.0000000Z;7.235;7.247;2762;6830
2026-06-08T13:32:13.0000000Z;7.23;7.247;1659;6830
2026-06-08T13:32:14.0000000Z;7.235;7.247;1105;6830
2026-06-08T13:32:15.0000000Z;7.235;7.247;34000;6830
2026-06-08T13:32:16.0000000Z;7.235;7.248;34000;6222
2026-06-08T13:32:17.0000000Z;7.229;7.249;1106;5016
2026-06-08T13:32:18.0000000Z;7.235;7.248;2762;9466
2026-06-08T13:32:19.0000000Z;7.235;7.248;2762;6845
2026-06-08T13:32:20.0000000Z;7.235;7.248;2762;34000
2026-06-08T13:32:27.0000000Z;7.235;7.248;2762;34000
2026-06-08T13:32:28.0000000Z;7.228;7.248;1106;9466
2026-06-08T13:32:29.0000000Z;7.234;7.246;1105;3931
2026-06-08T13:32:30.0000000Z;7.234;7.246;2762;6552
2026-06-08T13:32:31.0000000Z;7.234;7.246;37456;34000
2026-06-08T13:32:32.0000000Z;7.234;7.246;37456;34000
2026-06-08T13:32:33.0000000Z;7.234;7.246;34000;34000
2026-06-08T13:32:36.0000000Z;7.234;7.246;1105;34000
2026-06-08T13:32:37.0000000Z;7.225;7.246;1107;6552
2026-06-08T13:32:38.0000000Z;7.233;7.245;3457;2621
2026-06-08T13:32:39.0000000Z;7.233;7.245;3457;34000
2026-06-08T13:32:40.0000000Z;7.229;7.244;1106;3931
2026-06-08T13:32:41.0000000Z;7.233;7.244;1106;6552
2026-06-08T13:32:42.0000000Z;7.233;7.244;37457;34000
2026-06-08T13:32:45.0000000Z;7.225;7.244;1107;34000
2026-06-08T13:32:46.0000000Z;7.231;7.244;2765;34000
2026-06-08T13:32:47.0000000Z;7.231;7.244;2765;34000
2026-06-08T13:32:48.0000000Z;7.233;7.244;3457;34000
2026-06-08T13:32:49.0000000Z;7.231;7.244;34000;3931
2026-06-08T13:32:50.0000000Z;7.231;7.244;34000;3931
2026-06-08T13:32:51.0000000Z;7.231;7.244;34000;3931
2026-06-08T13:32:52.0000000Z;7.231;7.244;34000;3931
2026-06-08T13:32:53.0000000Z;7.231;7.244;34000;3931
2026-06-08T13:32:54.0000000Z;7.231;7.244;34000;3931
2026-06-08T13:32:55.0000000Z;7.231;7.244;34000;3931
2026-06-08T13:32:56.0000000Z;7.231;7.244;34000;6552
2026-06-08T13:32:57.0000000Z;7.231;7.244;34000;3931
2026-06-08T13:32:58.0000000Z;7.231;7.244;34000;6552
2026-06-08T13:32:59.0000000Z;7.231;7.244;34000;6552
2026-06-08T13:32:59.0000000Z;7.231;7.244;34000;6552
2026-06-08T13:33:00.0000000Z;7.231;7.244;34000;6552
2026-06-08T13:33:01.0000000Z;7.231;7.244;34000;6552
2026-06-08T13:33:02.0000000Z;7.231;7.244;34000;6552
2026-06-08T13:33:04.0000000Z;7.231;7.243;1106;2621
2026-06-08T13:33:05.0000000Z;7.225;7.242;1107;6552
2026-06-08T13:33:06.0000000Z;7.227;7.242;1106;6552
2026-06-08T13:33:07.0000000Z;7.227;7.242;2765;34000
2026-06-08T13:33:08.0000000Z;7.23;7.242;3458;6552
2026-06-08T13:33:09.0000000Z;7.23;7.242;3458;6552
2026-06-08T13:33:11.0000000Z;7.23;7.24;3458;3931
2026-06-08T13:33:12.0000000Z;7.227;7.24;1867;6552
2026-06-08T13:33:13.0000000Z;7.225;7.239;1107;2621
2026-06-08T13:33:14.0000000Z;7.225;7.238;2767;3931
2026-06-08T13:33:15.0000000Z;7.227;7.238;34000;34000
2026-06-08T13:33:16.0000000Z;7.225;7.238;34000;34000
2026-06-08T13:33:17.0000000Z;7.225;7.238;34000;34000
2026-06-08T13:33:18.0000000Z;7.225;7.238;34000;34000
2026-06-08T13:33:19.0000000Z;7.225;7.238;34000;34000
2026-06-08T13:33:22.0000000Z;7.225;7.238;34000;34000
2026-06-08T13:33:23.0000000Z;7.225;7.239;34000;6955
2026-06-08T13:33:24.0000000Z;7.225;7.241;34000;9481
2026-06-08T13:33:25.0000000Z;7.225;7.241;34000;12102
2026-06-08T13:33:26.0000000Z;7.225;7.239;34000;3454
2026-06-08T13:33:27.0000000Z;7.225;7.239;34000;3454
2026-06-08T13:33:28.0000000Z;7.225;7.239;34000;3454
2026-06-08T13:33:29.0000000Z;7.225;7.241;34000;7086
2026-06-08T13:33:30.0000000Z;7.225;7.241;34000;7086
2026-06-08T13:33:33.0000000Z;7.225;7.241;34000;9707
2026-06-08T13:33:34.0000000Z;7.225;7.238;34000;34000
2026-06-08T13:33:35.0000000Z;7.225;7.239;34000;3931
2026-06-08T13:33:36.0000000Z;7.225;7.239;34000;3931
2026-06-08T13:33:37.0000000Z;7.225;7.239;34000;3931
2026-06-08T13:33:38.0000000Z;7.225;7.239;34000;34000
2026-06-08T13:33:39.0000000Z;7.225;7.239;34000;34000
2026-06-08T13:33:40.0000000Z;7.225;7.239;34000;34000
2026-06-08T13:33:41.0000000Z;7.225;7.239;34000;34000
2026-06-08T13:33:42.0000000Z;7.225;7.239;34000;6552
2026-06-08T13:33:43.0000000Z;7.225;7.239;34000;6552
2026-06-08T13:33:44.0000000Z;7.225;7.245;34000;12400
2026-06-08T13:33:45.0000000Z;7.225;7.24;34000;10270
2026-06-08T13:33:46.0000000Z;7.225;7.24;34000;3454
2026-06-08T13:33:47.0000000Z;7.225;7.24;34000;10270
2026-06-08T13:33:48.0000000Z;7.225;7.239;34000;2621
2026-06-08T13:33:49.0000000Z;7.225;7.238;34000;34000
2026-06-08T13:33:50.0000000Z;7.225;7.238;34000;6552
2026-06-08T13:33:51.0000000Z;7.225;7.238;34000;6552
2026-06-08T13:33:52.0000000Z;7.225;7.238;34000;3931
2026-06-08T13:33:54.0000000Z;7.225;7.238;34000;6552
2026-06-08T13:33:55.0000000Z;7.224;7.238;1107;6552
2026-06-08T13:33:56.0000000Z;7.221;7.237;1107;2621
2026-06-08T13:33:57.0000000Z;7.221;7.237;1107;2621
2026-06-08T13:33:58.0000000Z;7.224;7.237;34000;34000
2026-06-08T13:33:59.0000000Z;7.224;7.237;34000;34000
2026-06-08T13:34:00.0000000Z;7.223;7.236;1107;3931
2026-06-08T13:34:01.0000000Z;7.223;7.239;2767;13431
2026-06-08T13:34:02.0000000Z;7.223;7.236;2767;6552
2026-06-08T13:34:04.0000000Z;7.223;7.236;2767;6552
2026-06-08T13:34:05.0000000Z;7.221;7.234;1107;3931
2026-06-08T13:34:06.0000000Z;7.223;7.234;1107;34000
2026-06-08T13:34:07.0000000Z;7.223;7.234;1107;34000
2026-06-08T13:34:08.0000000Z;7.221;7.234;2767;6552
2026-06-08T13:34:09.0000000Z;7.221;7.234;34000;6552
2026-06-08T13:34:12.0000000Z;7.221;7.234;34000;6552
2026-06-08T13:34:13.0000000Z;7.221;7.234;1107;6552
2026-06-08T13:34:14.0000000Z;7.221;7.234;2767;6552
2026-06-08T13:34:15.0000000Z;7.22;7.232;1108;3931
2026-06-08T13:34:16.0000000Z;7.214;7.232;1108;3931
2026-06-08T13:34:17.0000000Z;7.22;7.232;1108;6552
2026-06-08T13:34:19.0000000Z;7.217;7.231;1108;34000
2026-06-08T13:34:20.0000000Z;7.22;7.23;37463;3931
2026-06-08T13:34:21.0000000Z;7.217;7.23;1108;3931
2026-06-08T13:34:22.0000000Z;7.22;7.23;3463;34000
2026-06-08T13:34:23.0000000Z;7.219;7.232;1108;10325
2026-06-08T13:34:24.0000000Z;7.219;7.23;1108;34000
2026-06-08T13:34:25.0000000Z;7.219;7.23;1108;34000
2026-06-08T13:34:26.0000000Z;7.219;7.232;1108;34000
2026-06-08T13:34:27.0000000Z;7.219;7.232;1108;34000
2026-06-08T13:34:28.0000000Z;7.219;7.23;1108;3931
2026-06-08T13:34:29.0000000Z;7.219;7.23;34000;6552
2026-06-08T13:34:30.0000000Z;7.219;7.23;34000;3931
2026-06-08T13:34:31.0000000Z;7.217;7.23;2770;3931
2026-06-08T13:34:32.0000000Z;7.217;7.23;2770;6552
2026-06-08T13:34:33.0000000Z;7.217;7.228;2770;3931
2026-06-08T13:34:34.0000000Z;7.218;7.228;3464;34000
2026-06-08T13:34:35.0000000Z;7.218;7.228;3464;34000
2026-06-08T13:34:36.0000000Z;7.218;7.228;3464;34000
2026-06-08T13:34:37.0000000Z;7.218;7.228;3464;34000
2026-06-08T13:34:38.0000000Z;7.218;7.228;3464;34000
2026-06-08T13:34:39.0000000Z;7.218;7.228;3464;34000
2026-06-08T13:34:40.0000000Z;7.218;7.228;3464;34000
2026-06-08T13:34:42.0000000Z;7.217;7.228;1108;34000
2026-06-08T13:34:43.0000000Z;7.217;7.228;1108;34000
2026-06-08T13:34:44.0000000Z;7.217;7.228;2130;34000
2026-06-08T13:34:46.0000000Z;7.217;7.231;2130;11036
2026-06-08T13:34:47.0000000Z;7.217;7.23;2130;9951
2026-06-08T13:34:48.0000000Z;7.217;7.229;2130;3459
2026-06-08T13:34:49.0000000Z;7.217;7.229;2130;3459
2026-06-08T13:34:50.0000000Z;7.217;7.228;2130;3931
2026-06-08T13:34:51.0000000Z;7.217;7.228;2130;34000
2026-06-08T13:34:53.0000000Z;7.217;7.228;2130;34000
2026-06-08T13:34:54.0000000Z;7.216;7.228;1108;6552
2026-06-08T13:34:56.0000000Z;7.216;7.228;2770;6552
2026-06-08T13:34:57.0000000Z;7.216;7.228;2770;6552
2026-06-08T13:34:58.0000000Z;7.216;7.228;34000;3931
2026-06-08T13:34:59.0000000Z;7.216;7.228;2770;6552
2026-06-08T13:35:00.0000000Z;7.212;7.23;1108;2621
2026-06-08T13:35:01.0000000Z;7.214;7.228;1108;2621
2026-06-08T13:35:02.0000000Z;7.214;7.228;1108;2621
2026-06-08T13:35:03.0000000Z;7.214;7.227;2770;6552
2026-06-08T13:35:04.0000000Z;7.215;7.227;3466;3931
2026-06-08T13:35:05.0000000Z;7.215;7.227;3466;3931
2026-06-08T13:35:06.0000000Z;7.215;7.23;3466;2690
2026-06-08T13:35:07.0000000Z;7.214;7.229;5165;5654
2026-06-08T13:35:08.0000000Z;7.214;7.229;5165;3459
2026-06-08T13:35:09.0000000Z;7.214;7.229;5165;8275
2026-06-08T13:35:10.0000000Z;7.214;7.229;5165;8275
2026-06-08T13:35:11.0000000Z;7.214;7.229;5165;8275
2026-06-08T13:35:12.0000000Z;7.214;7.229;5165;5654
2026-06-08T13:35:14.0000000Z;7.214;7.229;5165;5654
2026-06-08T13:35:15.0000000Z;7.214;7.229;34000;34000
2026-06-08T13:35:16.0000000Z;7.214;7.229;34000;34000
2026-06-08T13:35:17.0000000Z;7.214;7.229;2770;8275
2026-06-08T13:35:19.0000000Z;7.214;7.229;2770;8275
2026-06-08T13:35:20.0000000Z;7.214;7.227;2770;3931
2026-06-08T13:35:21.0000000Z;7.214;7.228;2770;3931
2026-06-08T13:35:22.0000000Z;7.214;7.228;2770;34000
2026-06-08T13:35:23.0000000Z;7.214;7.228;2770;34000
2026-06-08T13:35:25.0000000Z;7.214;7.228;2770;34000
2026-06-08T13:35:26.0000000Z;7.214;7.228;2770;34000
2026-06-08T13:35:27.0000000Z;7.214;7.228;2770;34000
2026-06-08T13:35:28.0000000Z;7.214;7.228;2770;34000
2026-06-08T13:35:29.0000000Z;7.214;7.228;2770;34000
2026-06-08T13:35:30.0000000Z;7.214;7.228;2770;6552
2026-06-08T13:35:31.0000000Z;7.214;7.228;2770;6552
2026-06-08T13:35:32.0000000Z;7.214;7.228;2770;6552
2026-06-08T13:35:33.0000000Z;7.214;7.227;2770;3931
2026-06-08T13:35:34.0000000Z;7.214;7.227;2770;3931
2026-06-08T13:35:35.0000000Z;7.214;7.227;2770;34000
2026-06-08T13:35:36.0000000Z;7.214;7.227;2770;34000
2026-06-08T13:35:38.0000000Z;7.214;7.227;2770;34000
2026-06-08T13:35:41.0000000Z;7.214;7.227;2770;34000
2026-06-08T13:35:42.0000000Z;7.214;7.234;2770;12622
2026-06-08T13:35:43.0000000Z;7.214;7.23;2770;7230
2026-06-08T13:35:44.0000000Z;7.214;7.231;2770;2621
2026-06-08T13:35:45.0000000Z;7.214;7.231;2770;6552
2026-06-08T13:35:46.0000000Z;7.214;7.231;2770;6552
2026-06-08T13:35:47.0000000Z;7.214;7.231;2770;6552
2026-06-08T13:35:49.0000000Z;7.214;7.231;2770;6552
2026-06-08T13:35:50.0000000Z;7.214;7.231;2770;3931
2026-06-08T13:35:51.0000000Z;7.214;7.231;2770;3931
2026-06-08T13:35:52.0000000Z;7.215;7.232;1108;3592
2026-06-08T13:35:53.0000000Z;7.219;7.236;2770;34000
2026-06-08T13:35:54.0000000Z;7.219;7.236;2770;34000
2026-06-08T13:35:56.0000000Z;7.216;7.232;1108;6213
2026-06-08T13:35:57.0000000Z;7.218;7.232;1108;8608
2026-06-08T13:35:58.0000000Z;7.218;7.232;1108;34000
2026-06-08T13:35:59.0000000Z;7.216;7.232;2770;6213
2026-06-08T13:36:00.0000000Z;7.216;7.232;2770;6213
2026-06-08T13:36:01.0000000Z;7.216;7.232;34000;3592
2026-06-08T13:36:02.0000000Z;7.216;7.233;34000;5016
2026-06-08T13:36:03.0000000Z;7.216;7.232;34000;7524
2026-06-08T13:36:04.0000000Z;7.216;7.232;34000;7524
2026-06-08T13:36:05.0000000Z;7.216;7.232;34000;7524
2026-06-08T13:36:06.0000000Z;7.216;7.232;34000;7524
2026-06-08T13:36:07.0000000Z;7.216;7.232;34000;7524
2026-06-08T13:36:08.0000000Z;7.216;7.232;34000;7524
2026-06-08T13:36:09.0000000Z;7.212;7.232;1108;10145
2026-06-08T13:36:10.0000000Z;7.212;7.232;1108;10145
2026-06-08T13:36:11.0000000Z;7.216;7.23;1108;3931
2026-06-08T13:36:12.0000000Z;7.216;7.23;1108;34000
2026-06-08T13:36:13.0000000Z;7.216;7.23;1108;34000
2026-06-08T13:36:14.0000000Z;7.216;7.23;2770;34000
2026-06-08T13:36:15.0000000Z;7.213;7.23;1662;34000
2026-06-08T13:36:16.0000000Z;7.216;7.23;1108;6552
2026-06-08T13:36:17.0000000Z;7.216;7.23;34000;6552
2026-06-08T13:36:18.0000000Z;7.212;7.229;1108;2621
2026-06-08T13:36:19.0000000Z;7.214;7.228;2770;7524
2026-06-08T13:36:20.0000000Z;7.214;7.228;2770;7524
2026-06-08T13:36:21.0000000Z;7.215;7.228;3466;34000
2026-06-08T13:36:22.0000000Z;7.214;7.228;34000;34000
2026-06-08T13:36:24.0000000Z;7.212;7.228;1108;10145
2026-06-08T13:36:25.0000000Z;7.212;7.228;1108;7524
2026-06-08T13:36:26.0000000Z;7.214;7.228;1108;7524
2026-06-08T13:36:27.0000000Z;7.214;7.228;34000;7524
2026-06-08T13:36:28.0000000Z;7.214;7.228;2770;7524
2026-06-08T13:36:29.0000000Z;7.214;7.228;2770;7524
2026-06-08T13:36:31.0000000Z;7.214;7.228;2770;7524
2026-06-08T13:36:32.0000000Z;7.214;7.229;2770;11745
2026-06-08T13:36:33.0000000Z;7.214;7.227;2770;3931
2026-06-08T13:36:34.0000000Z;7.214;7.227;2770;3931
2026-06-08T13:36:35.0000000Z;7.214;7.227;2770;3931
2026-06-08T13:36:36.0000000Z;7.214;7.227;1108;6552
2026-06-08T13:36:37.0000000Z;7.212;7.227;1108;6552
2026-06-08T13:36:38.0000000Z;7.214;7.227;1108;6552
2026-06-08T13:36:39.0000000Z;7.212;7.225;2770;3931
2026-06-08T13:36:40.0000000Z;7.212;7.225;2770;34000
2026-06-08T13:36:41.0000000Z;7.212;7.225;2770;34000
2026-06-08T13:36:42.0000000Z;7.212;7.225;2770;34000
2026-06-08T13:36:43.0000000Z;7.212;7.225;2770;34000
2026-06-08T13:36:44.0000000Z;7.212;7.225;2770;34000
2026-06-08T13:36:45.0000000Z;7.212;7.225;2770;34000
2026-06-08T13:36:46.0000000Z;7.212;7.231;2770;2395
2026-06-08T13:36:47.0000000Z;7.212;7.227;34000;7524
2026-06-08T13:36:48.0000000Z;7.212;7.227;34000;7524
2026-06-08T13:36:49.0000000Z;7.212;7.226;34000;3460
2026-06-08T13:36:50.0000000Z;7.212;7.226;34000;3460
2026-06-08T13:36:51.0000000Z;7.212;7.226;34000;3460
2026-06-08T13:36:52.0000000Z;7.212;7.226;34000;3460
2026-06-08T13:36:53.0000000Z;7.212;7.226;34000;3460
2026-06-08T13:36:54.0000000Z;7.212;7.226;34000;3460
2026-06-08T13:36:55.0000000Z;7.212;7.226;34000;3460
2026-06-08T13:36:56.0000000Z;7.212;7.226;34000;3460
2026-06-08T13:36:57.0000000Z;7.213;7.226;1108;3460
2026-06-08T13:36:58.0000000Z;7.213;7.226;2770;3460
2026-06-08T13:36:59.0000000Z;7.213;7.227;34000;34000
2026-06-08T13:37:00.0000000Z;7.213;7.227;34000;34000
2026-06-08T13:37:01.0000000Z;7.213;7.227;34000;34000
2026-06-08T13:37:02.0000000Z;7.209;7.227;1108;7524
2026-06-08T13:37:03.0000000Z;7.213;7.227;2770;7524
2026-06-08T13:37:04.0000000Z;7.213;7.227;2770;7524
2026-06-08T13:37:05.0000000Z;7.213;7.227;2770;7524
2026-06-08T13:37:06.0000000Z;7.213;7.227;2620;7524
2026-06-08T13:37:07.0000000Z;7.213;7.227;2620;7524
2026-06-08T13:37:10.0000000Z;7.213;7.227;2620;7524
2026-06-08T13:37:11.0000000Z;7.213;7.227;2620;7524
2026-06-08T13:37:13.0000000Z;7.213;7.229;2620;3210
2026-06-08T13:37:15.0000000Z;7.213;7.228;2620;3459
2026-06-08T13:37:16.0000000Z;7.207;7.228;3503;3459
2026-06-08T13:37:17.0000000Z;7.213;7.228;2770;3459
2026-06-08T13:37:18.0000000Z;7.213;7.227;2770;34000
2026-06-08T13:37:19.0000000Z;7.213;7.227;2770;34000
2026-06-08T13:37:20.0000000Z;7.213;7.227;2770;34000
2026-06-08T13:37:22.0000000Z;7.213;7.227;2770;34000
2026-06-08T13:37:23.0000000Z;7.213;7.227;2770;34000
2026-06-08T13:37:24.0000000Z;7.213;7.227;2770;34000
2026-06-08T13:37:27.0000000Z;7.213;7.227;2770;34000
2026-06-08T13:37:28.0000000Z;7.213;7.228;2770;3931
2026-06-08T13:37:29.0000000Z;7.213;7.228;2770;3931
2026-06-08T13:37:30.0000000Z;7.213;7.228;2770;3931
2026-06-08T13:37:31.0000000Z;7.213;7.229;2770;3592
2026-06-08T13:37:32.0000000Z;7.213;7.229;2770;3592
2026-06-08T13:37:33.0000000Z;7.213;7.228;2770;3459
2026-06-08T13:37:34.0000000Z;7.213;7.231;2770;4099
2026-06-08T13:37:35.0000000Z;7.213;7.231;5165;4099
2026-06-08T13:37:36.0000000Z;7.219;7.232;1108;12400
2026-06-08T13:37:37.0000000Z;7.221;7.232;1107;12400
2026-06-08T13:37:38.0000000Z;7.221;7.231;34000;34000
2026-06-08T13:37:39.0000000Z;7.22;7.232;2770;34000
2026-06-08T13:37:40.0000000Z;7.22;7.232;37463;34000
2026-06-08T13:37:41.0000000Z;7.221;7.232;34000;34000
2026-06-08T13:37:42.0000000Z;7.22;7.232;2770;34000
2026-06-08T13:37:43.0000000Z;7.22;7.232;3463;34000
2026-06-08T13:37:44.0000000Z;7.22;7.232;37463;34000
2026-06-08T13:37:45.0000000Z;7.22;7.232;37463;34000
2026-06-08T13:37:46.0000000Z;7.22;7.232;2432;34000
2026-06-08T13:37:47.0000000Z;7.22;7.232;2432;34000
2026-06-08T13:37:48.0000000Z;7.22;7.233;2432;6326
2026-06-08T13:37:50.0000000Z;7.22;7.233;2432;6326
2026-06-08T13:37:51.0000000Z;7.218;7.233;1108;34000
2026-06-08T13:37:52.0000000Z;7.221;7.233;2769;34000
2026-06-08T13:37:53.0000000Z;7.219;7.233;3464;34000
2026-06-08T13:37:54.0000000Z;7.221;7.233;34000;34000
2026-06-08T13:37:55.0000000Z;7.221;7.233;34000;34000
2026-06-08T13:37:56.0000000Z;7.221;7.233;34000;34000
2026-06-08T13:37:57.0000000Z;7.221;7.233;2769;36395
2026-06-08T13:37:58.0000000Z;7.221;7.233;2769;36395
2026-06-08T13:38:00.0000000Z;7.221;7.233;2769;36395
2026-06-08T13:38:01.0000000Z;7.221;7.233;2769;4371
2026-06-08T13:38:02.0000000Z;7.221;7.233;2769;4371
2026-06-08T13:38:04.0000000Z;7.221;7.233;2769;4371
2026-06-08T13:38:05.0000000Z;7.221;7.233;2769;4371
2026-06-08T13:38:06.0000000Z;7.222;7.233;2767;2395
2026-06-08T13:38:07.0000000Z;7.222;7.236;34000;4521
2026-06-08T13:38:08.0000000Z;7.222;7.236;34000;4521
2026-06-08T13:38:10.0000000Z;7.222;7.236;34000;4521
2026-06-08T13:38:11.0000000Z;7.222;7.234;34000;3456
2026-06-08T13:38:12.0000000Z;7.222;7.238;34000;12400
2026-06-08T13:38:13.0000000Z;7.222;7.237;34000;2621
2026-06-08T13:38:14.0000000Z;7.222;7.237;34000;2621
2026-06-08T13:38:15.0000000Z;7.222;7.236;34000;6552
2026-06-08T13:38:16.0000000Z;7.222;7.236;34000;34000
2026-06-08T13:38:17.0000000Z;7.222;7.236;34000;3931
2026-06-08T13:38:18.0000000Z;7.222;7.236;34000;6552
2026-06-08T13:38:19.0000000Z;7.222;7.236;34000;3931
2026-06-08T13:38:20.0000000Z;7.222;7.236;34000;3931
2026-06-08T13:38:21.0000000Z;7.222;7.236;34000;3931
2026-06-08T13:38:22.0000000Z;7.222;7.236;34000;6552
2026-06-08T13:38:23.0000000Z;7.222;7.236;34000;6552
2026-06-08T13:38:24.0000000Z;7.222;7.234;1107;3931
2026-06-08T13:38:25.0000000Z;7.223;7.236;34000;6552
2026-06-08T13:38:26.0000000Z;7.224;7.236;1133;6552
2026-06-08T13:38:27.0000000Z;7.225;7.236;1107;3931
2026-06-08T13:38:28.0000000Z;7.223;7.236;2767;6552
2026-06-08T13:38:29.0000000Z;7.224;7.236;34000;3931
2026-06-08T13:38:30.0000000Z;7.224;7.236;34000;6552
2026-06-08T13:38:31.0000000Z;7.225;7.236;1107;3931
2026-06-08T13:38:32.0000000Z;7.225;7.236;1107;3931
2026-06-08T13:38:33.0000000Z;7.225;7.236;2767;3931
2026-06-08T13:38:34.0000000Z;7.224;7.236;2767;3931
2026-06-08T13:38:35.0000000Z;7.225;7.236;34000;6552
2026-06-08T13:38:36.0000000Z;7.225;7.236;34000;6552
2026-06-08T13:38:37.0000000Z;7.224;7.236;37461;6552
2026-06-08T13:38:38.0000000Z;7.214;7.235;1108;2621
2026-06-08T13:38:39.0000000Z;7.217;7.232;1108;3931
2026-06-08T13:38:40.0000000Z;7.221;7.232;2767;3931
2026-06-08T13:38:41.0000000Z;7.224;7.232;3461;34000
2026-06-08T13:38:42.0000000Z;7.218;7.232;1108;34000
2026-06-08T13:38:43.0000000Z;7.218;7.232;1108;34000
2026-06-08T13:38:44.0000000Z;7.22;7.232;1108;34000
2026-06-08T13:38:45.0000000Z;7.22;7.232;2770;34000
2026-06-08T13:38:46.0000000Z;7.22;7.232;2770;34000
2026-06-08T13:38:47.0000000Z;7.22;7.232;1108;6552
2026-06-08T13:38:48.0000000Z;7.22;7.232;1108;6552
2026-06-08T13:38:49.0000000Z;7.22;7.232;1108;3931
2026-06-08T13:38:50.0000000Z;7.22;7.233;1108;6552
2026-06-08T13:38:51.0000000Z;7.22;7.232;2770;2621
2026-06-08T13:38:52.0000000Z;7.22;7.231;2770;3931
2026-06-08T13:38:53.0000000Z;7.22;7.231;2770;34000
2026-06-08T13:38:54.0000000Z;7.22;7.231;2770;34000
2026-06-08T13:38:55.0000000Z;7.22;7.231;2770;34000
2026-06-08T13:38:56.0000000Z;7.22;7.231;2770;34000
2026-06-08T13:38:57.0000000Z;7.22;7.231;2770;34000
2026-06-08T13:38:58.0000000Z;7.22;7.231;2770;34000
2026-06-08T13:38:59.0000000Z;7.22;7.231;1108;34000
2026-06-08T13:38:59.0000000Z;7.22;7.231;1108;34000
2026-06-08T13:39:00.0000000Z;7.22;7.231;2770;34000
2026-06-08T13:39:01.0000000Z;7.22;7.231;2770;34000
2026-06-08T13:39:02.0000000Z;7.22;7.231;2770;34000
2026-06-08T13:39:03.0000000Z;7.22;7.231;2770;2566
2026-06-08T13:39:04.0000000Z;7.22;7.231;2770;2566
2026-06-08T13:39:05.0000000Z;7.22;7.231;2770;2566
2026-06-08T13:39:06.0000000Z;7.22;7.231;2770;2566
2026-06-08T13:39:07.0000000Z;7.22;7.231;1108;5187
2026-06-08T13:39:08.0000000Z;7.22;7.231;1108;5187
2026-06-08T13:39:09.0000000Z;7.22;7.231;1108;6552
2026-06-08T13:39:10.0000000Z;7.22;7.229;1108;34000
2026-06-08T13:39:11.0000000Z;7.218;7.229;1108;34000
2026-06-08T13:39:12.0000000Z;7.218;7.229;1860;34000
2026-06-08T13:39:13.0000000Z;7.219;7.229;3464;6552
2026-06-08T13:39:14.0000000Z;7.219;7.229;3464;6552
2026-06-08T13:39:15.0000000Z;7.219;7.229;3464;6552
2026-06-08T13:39:16.0000000Z;7.219;7.229;3464;6552
2026-06-08T13:39:17.0000000Z;7.219;7.229;3464;6552
2026-06-08T13:39:18.0000000Z;7.219;7.229;3464;6552
2026-06-08T13:39:19.0000000Z;7.218;7.229;34000;6552
2026-06-08T13:39:20.0000000Z;7.218;7.229;34000;6552
2026-06-08T13:39:21.0000000Z;7.218;7.229;34000;6552
2026-06-08T13:39:22.0000000Z;7.218;7.229;34000;6552
2026-06-08T13:39:23.0000000Z;7.218;7.231;34000;2621
2026-06-08T13:39:24.0000000Z;7.218;7.231;34000;2621
2026-06-08T13:39:25.0000000Z;7.218;7.23;34000;3458
2026-06-08T13:39:26.0000000Z;7.218;7.23;34000;3458
2026-06-08T13:39:27.0000000Z;7.218;7.23;34000;3931
2026-06-08T13:39:28.0000000Z;7.218;7.23;34000;3931
2026-06-08T13:39:29.0000000Z;7.218;7.23;34000;3931
2026-06-08T13:39:31.0000000Z;7.218;7.23;34000;3931
2026-06-08T13:39:32.0000000Z;7.218;7.23;34000;3931
2026-06-08T13:39:33.0000000Z;7.218;7.23;34000;3931
2026-06-08T13:39:34.0000000Z;7.218;7.23;34000;6552
2026-06-08T13:39:35.0000000Z;7.218;7.23;34000;6552
2026-06-08T13:39:36.0000000Z;7.218;7.23;34000;34000
2026-06-08T13:39:37.0000000Z;7.218;7.23;34000;34000
2026-06-08T13:39:38.0000000Z;7.218;7.228;34000;3931
2026-06-08T13:39:39.0000000Z;7.218;7.228;34000;34000
2026-06-08T13:39:40.0000000Z;7.218;7.228;34000;34000
2026-06-08T13:39:41.0000000Z;7.218;7.228;34000;34000
2026-06-08T13:39:42.0000000Z;7.215;7.228;1108;34000
2026-06-08T13:39:43.0000000Z;7.217;7.228;2770;3931
2026-06-08T13:39:44.0000000Z;7.217;7.228;37465;3931
2026-06-08T13:39:45.0000000Z;7.217;7.228;37465;3931
2026-06-08T13:39:46.0000000Z;7.215;7.228;1108;3931
2026-06-08T13:39:47.0000000Z;7.217;7.228;34000;3931
2026-06-08T13:39:48.0000000Z;7.217;7.228;1108;3931
2026-06-08T13:39:49.0000000Z;7.217;7.228;1108;6552
2026-06-08T13:39:50.0000000Z;7.217;7.228;2770;6552
2026-06-08T13:39:51.0000000Z;7.217;7.228;2770;6552
2026-06-08T13:39:52.0000000Z;7.217;7.228;2770;3931
2026-06-08T13:39:53.0000000Z;7.217;7.228;2770;3931
2026-06-08T13:39:54.0000000Z;7.217;7.228;1108;3931
2026-06-08T13:39:55.0000000Z;7.217;7.228;2760;3931
2026-06-08T13:39:56.0000000Z;7.217;7.228;2760;3931
2026-06-08T13:39:57.0000000Z;7.217;7.228;2760;3931
2026-06-08T13:39:58.0000000Z;7.217;7.228;1108;3931
2026-06-08T13:39:59.0000000Z;7.217;7.228;1108;3931
2026-06-08T13:39:59.0000000Z;7.217;7.228;1108;3931
2026-06-08T13:40:00.0000000Z;7.217;7.228;2770;3931
2026-06-08T13:40:01.0000000Z;7.217;7.228;2770;3931
2026-06-08T13:40:02.0000000Z;7.217;7.229;2770;3931
2026-06-08T13:40:03.0000000Z;7.217;7.229;2770;3931
2026-06-08T13:40:04.0000000Z;7.217;7.229;2770;3931
2026-06-08T13:40:05.0000000Z;7.217;7.229;2770;3931
2026-06-08T13:40:06.0000000Z;7.217;7.229;2770;34000
2026-06-08T13:40:07.0000000Z;7.217;7.229;2770;34000
2026-06-08T13:40:08.0000000Z;7.217;7.229;2770;34000
2026-06-08T13:40:09.0000000Z;7.217;7.229;2770;34000
2026-06-08T13:40:10.0000000Z;7.217;7.229;2770;34000
2026-06-08T13:40:11.0000000Z;7.217;7.229;2770;34000
2026-06-08T13:40:12.0000000Z;7.217;7.229;2770;34000
2026-06-08T13:40:13.0000000Z;7.217;7.229;2770;34000
2026-06-08T13:40:14.0000000Z;7.217;7.229;2770;34000
2026-06-08T13:40:15.0000000Z;7.217;7.229;2770;34000
2026-06-08T13:40:16.0000000Z;7.217;7.229;2770;34000
2026-06-08T13:40:17.0000000Z;7.217;7.229;1108;3931
2026-06-08T13:40:18.0000000Z;7.217;7.229;2770;3931
2026-06-08T13:40:19.0000000Z;7.217;7.229;2770;3931
2026-06-08T13:40:20.0000000Z;7.217;7.229;2770;3931
2026-06-08T13:40:22.0000000Z;7.217;7.229;2770;3931
2026-06-08T13:40:23.0000000Z;7.217;7.229;2770;6552
2026-06-08T13:40:24.0000000Z;7.217;7.228;1108;34000
2026-06-08T13:40:25.0000000Z;7.217;7.228;1108;34000
2026-06-08T13:40:26.0000000Z;7.216;7.228;3465;34000
2026-06-08T13:40:27.0000000Z;7.217;7.227;34000;34000
2026-06-08T13:40:28.0000000Z;7.217;7.227;2770;34000
2026-06-08T13:40:29.0000000Z;7.217;7.227;1108;34000
2026-06-08T13:40:30.0000000Z;7.217;7.227;2220;34000
2026-06-08T13:40:31.0000000Z;7.217;7.227;1108;34000
2026-06-08T13:40:32.0000000Z;7.217;7.23;1108;3592
2026-06-08T13:40:33.0000000Z;7.217;7.228;1108;3931
2026-06-08T13:40:34.0000000Z;7.217;7.228;1108;34000
2026-06-08T13:40:35.0000000Z;7.217;7.228;1108;6552
2026-06-08T13:40:36.0000000Z;7.214;7.229;1108;4895
2026-06-08T13:40:37.0000000Z;7.216;7.229;1108;3931
2026-06-08T13:40:38.0000000Z;7.218;7.229;1108;3931
2026-06-08T13:40:40.0000000Z;7.218;7.229;34000;6552
2026-06-08T13:40:42.0000000Z;7.212;7.229;1108;6552
2026-06-08T13:40:43.0000000Z;7.216;7.229;2770;6552
2026-06-08T13:40:44.0000000Z;7.216;7.229;2770;6552
2026-06-08T13:40:45.0000000Z;7.216;7.229;2770;6552
2026-06-08T13:40:46.0000000Z;7.216;7.229;37465;3931
2026-06-08T13:40:47.0000000Z;7.216;7.229;37465;3931
2026-06-08T13:40:48.0000000Z;7.216;7.229;34000;34000
2026-06-08T13:40:49.0000000Z;7.216;7.229;34000;34000
2026-06-08T13:40:50.0000000Z;7.216;7.229;34000;6552
2026-06-08T13:40:51.0000000Z;7.216;7.229;34000;6552
2026-06-08T13:40:52.0000000Z;7.216;7.23;34000;6213
2026-06-08T13:40:53.0000000Z;7.216;7.23;34000;6213
2026-06-08T13:40:54.0000000Z;7.212;7.23;1108;2621
2026-06-08T13:40:56.0000000Z;7.212;7.23;1108;37458
2026-06-08T13:40:57.0000000Z;7.212;7.23;1108;37458
2026-06-08T13:40:58.0000000Z;7.215;7.23;3466;37458
2026-06-08T13:40:59.0000000Z;7.215;7.23;3466;37458
2026-06-08T13:40:59.0000000Z;7.215;7.23;3466;37458
2026-06-08T13:41:00.0000000Z;7.215;7.23;3466;37458
2026-06-08T13:41:01.0000000Z;7.215;7.23;3466;37458
2026-06-08T13:41:02.0000000Z;7.215;7.23;3466;37458
2026-06-08T13:41:03.0000000Z;7.209;7.23;3503;37458
2026-06-08T13:41:04.0000000Z;7.211;7.23;1108;34000
2026-06-08T13:41:06.0000000Z;7.211;7.23;34000;34000
2026-06-08T13:41:07.0000000Z;7.211;7.23;34000;34000
2026-06-08T13:41:08.0000000Z;7.211;7.231;34000;8415
2026-06-08T13:41:09.0000000Z;7.209;7.231;3503;11036
2026-06-08T13:41:10.0000000Z;7.205;7.231;1108;11036
2026-06-08T13:41:11.0000000Z;7.205;7.231;3729;11036
2026-06-08T13:41:12.0000000Z;7.209;7.231;34000;39853
2026-06-08T13:41:13.0000000Z;7.205;7.231;15609;39853
2026-06-08T13:41:14.0000000Z;7.208;7.231;3469;39853
2026-06-08T13:41:15.0000000Z;7.205;7.231;1108;39853
2026-06-08T13:41:17.0000000Z;7.205;7.231;34000;36395
2026-06-08T13:41:19.0000000Z;7.205;7.229;34000;11036
2026-06-08T13:41:20.0000000Z;7.205;7.229;34000;34000
2026-06-08T13:41:21.0000000Z;7.205;7.229;15609;2621
2026-06-08T13:41:24.0000000Z;7.207;7.229;1108;2621
2026-06-08T13:41:25.0000000Z;7.206;7.229;1108;2621
2026-06-08T13:41:26.0000000Z;7.206;7.229;34000;2621
2026-06-08T13:41:28.0000000Z;7.206;7.231;1108;2395
2026-06-08T13:41:29.0000000Z;7.206;7.23;12988;5016
2026-06-08T13:41:30.0000000Z;7.206;7.231;15609;36395
2026-06-08T13:41:31.0000000Z;7.205;7.23;3729;34000
2026-06-08T13:41:32.0000000Z;7.205;7.23;3729;34000
2026-06-08T13:41:34.0000000Z;7.205;7.23;39865;34000
2026-06-08T13:41:35.0000000Z;7.205;7.23;39865;34000
2026-06-08T13:41:38.0000000Z;7.205;7.23;3729;34000
2026-06-08T13:41:40.0000000Z;7.205;7.231;1108;2395
2026-06-08T13:41:41.0000000Z;7.207;7.23;1108;2621
2026-06-08T13:41:42.0000000Z;7.207;7.23;34000;2621
2026-06-08T13:41:43.0000000Z;7.206;7.23;15609;2621
2026-06-08T13:41:44.0000000Z;7.206;7.23;12988;2621
2026-06-08T13:41:46.0000000Z;7.206;7.23;12988;2621
2026-06-08T13:41:47.0000000Z;7.206;7.23;1108;2621
2026-06-08T13:41:48.0000000Z;7.206;7.231;1108;10810
2026-06-08T13:41:49.0000000Z;7.206;7.23;3729;2621
2026-06-08T13:41:50.0000000Z;7.206;7.23;3729;2621
2026-06-08T13:41:51.0000000Z;7.206;7.231;1108;37458
2026-06-08T13:41:52.0000000Z;7.206;7.23;1108;34000
2026-06-08T13:41:54.0000000Z;7.206;7.231;1108;37458
2026-06-08T13:41:56.0000000Z;7.206;7.23;34000;2395
2026-06-08T13:41:57.0000000Z;7.206;7.229;34000;5016
2026-06-08T13:41:58.0000000Z;7.205;7.229;34000;34000
2026-06-08T13:41:59.0000000Z;7.205;7.229;34000;13431
2026-06-08T13:42:00.0000000Z;7.205;7.229;34000;13431
2026-06-08T13:42:01.0000000Z;7.205;7.229;34000;13431
2026-06-08T13:42:03.0000000Z;7.205;7.229;34000;13431
2026-06-08T13:42:05.0000000Z;7.205;7.229;15609;5016
2026-06-08T13:42:06.0000000Z;7.205;7.229;15609;5016
2026-06-08T13:42:07.0000000Z;7.205;7.229;15609;5016
2026-06-08T13:42:09.0000000Z;7.205;7.229;15609;5016
2026-06-08T13:42:13.0000000Z;7.205;7.229;15609;5016
2026-06-08T13:42:14.0000000Z;7.205;7.229;15609;5016
2026-06-08T13:42:15.0000000Z;7.205;7.229;15609;5016
2026-06-08T13:42:16.0000000Z;7.205;7.229;15609;5016
2026-06-08T13:42:17.0000000Z;7.205;7.229;3729;5016
2026-06-08T13:42:19.0000000Z;7.205;7.229;3729;5016
2026-06-08T13:42:22.0000000Z;7.205;7.229;1108;5016
2026-06-08T13:42:23.0000000Z;7.205;7.229;1108;5016
2026-06-08T13:42:24.0000000Z;7.205;7.229;1108;5016
2026-06-08T13:42:25.0000000Z;7.205;7.229;1108;13431
2026-06-08T13:42:26.0000000Z;7.205;7.229;1108;13431
2026-06-08T13:42:27.0000000Z;7.205;7.229;1108;13431
2026-06-08T13:42:30.0000000Z;7.205;7.229;1108;13431
2026-06-08T13:42:32.0000000Z;7.205;7.229;1108;13431
2026-06-08T13:42:33.0000000Z;7.205;7.227;1108;5016
2026-06-08T13:42:34.0000000Z;7.205;7.227;1108;36395
2026-06-08T13:42:35.0000000Z;7.205;7.227;1108;36395
2026-06-08T13:42:38.0000000Z;7.205;7.227;3729;36395
2026-06-08T13:42:39.0000000Z;7.205;7.227;15609;36395
2026-06-08T13:42:40.0000000Z;7.207;7.226;1108;1554
2026-06-08T13:42:41.0000000Z;7.207;7.226;1108;6570
2026-06-08T13:42:42.0000000Z;7.209;7.226;2629;34000
2026-06-08T13:42:43.0000000Z;7.209;7.226;2629;34000
2026-06-08T13:42:44.0000000Z;7.209;7.226;2629;34000
2026-06-08T13:42:45.0000000Z;7.209;7.226;34000;34000
2026-06-08T13:42:46.0000000Z;7.209;7.226;34000;6570
2026-06-08T13:42:48.0000000Z;7.209;7.226;34000;6570
2026-06-08T13:42:49.0000000Z;7.208;7.226;2770;6570
2026-06-08T13:42:50.0000000Z;7.208;7.226;2770;6570
2026-06-08T13:42:51.0000000Z;7.208;7.226;2770;6570
2026-06-08T13:42:52.0000000Z;7.208;7.226;34000;6570
2026-06-08T13:42:53.0000000Z;7.208;7.226;34000;6570
2026-06-08T13:42:54.0000000Z;7.208;7.226;34000;6570
2026-06-08T13:42:55.0000000Z;7.208;7.226;34000;6570
2026-06-08T13:42:56.0000000Z;7.208;7.226;34000;6570
2026-06-08T13:42:57.0000000Z;7.208;7.226;34000;6570
2026-06-08T13:42:58.0000000Z;7.208;7.226;34000;6570
2026-06-08T13:42:59.0000000Z;7.208;7.226;34000;4175
2026-06-08T13:43:00.0000000Z;7.208;7.226;34000;2621
2026-06-08T13:43:01.0000000Z;7.208;7.226;34000;4458
2026-06-08T13:43:02.0000000Z;7.208;7.226;34000;3011
2026-06-08T13:43:03.0000000Z;7.208;7.226;34000;3011
2026-06-08T13:43:04.0000000Z;7.208;7.226;34000;3011
2026-06-08T13:43:05.0000000Z;7.208;7.226;34000;3011
2026-06-08T13:43:06.0000000Z;7.208;7.226;34000;3011
2026-06-08T13:43:07.0000000Z;7.208;7.226;34000;3011
2026-06-08T13:43:08.0000000Z;7.208;7.226;2652;3011
2026-06-08T13:43:09.0000000Z;7.208;7.225;2652;571
2026-06-08T13:43:10.0000000Z;7.208;7.225;2652;571
2026-06-08T13:43:11.0000000Z;7.208;7.225;2652;571
2026-06-08T13:43:12.0000000Z;7.208;7.225;2652;34000
2026-06-08T13:43:13.0000000Z;7.208;7.225;2652;34000
2026-06-08T13:43:14.0000000Z;7.208;7.225;2652;34000
2026-06-08T13:43:15.0000000Z;7.208;7.225;2652;34000
2026-06-08T13:43:16.0000000Z;7.208;7.225;2652;34000
2026-06-08T13:43:18.0000000Z;7.208;7.225;2652;34000
2026-06-08T13:43:19.0000000Z;7.208;7.226;2652;4366
2026-06-08T13:43:20.0000000Z;7.208;7.226;2652;34000
2026-06-08T13:43:21.0000000Z;7.208;7.226;2652;34000
2026-06-08T13:43:23.0000000Z;7.208;7.226;2652;34000
2026-06-08T13:43:24.0000000Z;7.208;7.226;1108;34000
2026-06-08T13:43:25.0000000Z;7.206;7.226;2770;12781
2026-06-08T13:43:26.0000000Z;7.206;7.226;1477;15176
2026-06-08T13:43:27.0000000Z;7.206;7.226;1108;15176
2026-06-08T13:43:28.0000000Z;7.206;7.226;2770;15176
2026-06-08T13:43:29.0000000Z;7.206;7.226;2790;15176
2026-06-08T13:43:30.0000000Z;7.206;7.226;2790;15176
2026-06-08T13:43:34.0000000Z;7.206;7.226;2790;15176
2026-06-08T13:43:37.0000000Z;7.206;7.226;2790;15176
2026-06-08T13:43:38.0000000Z;7.206;7.226;34000;15176
2026-06-08T13:43:39.0000000Z;7.206;7.226;34000;6761
2026-06-08T13:43:40.0000000Z;7.205;7.225;1108;34000
2026-06-08T13:43:41.0000000Z;7.205;7.225;1108;34000
2026-06-08T13:43:42.0000000Z;7.205;7.225;1108;2621
2026-06-08T13:43:43.0000000Z;7.205;7.225;37470;34000
2026-06-08T13:43:44.0000000Z;7.205;7.227;37470;11036
2026-06-08T13:43:45.0000000Z;7.205;7.226;37470;8415
2026-06-08T13:43:47.0000000Z;7.205;7.227;37470;13431
2026-06-08T13:43:48.0000000Z;7.205;7.226;37470;2621
2026-06-08T13:43:49.0000000Z;7.205;7.226;37470;2621
2026-06-08T13:43:50.0000000Z;7.205;7.229;37470;13431
2026-06-08T13:43:51.0000000Z;7.205;7.229;34000;13431
2026-06-08T13:43:53.0000000Z;7.205;7.229;34000;34000
2026-06-08T13:43:54.0000000Z;7.205;7.229;34000;36395
2026-06-08T13:43:55.0000000Z;7.205;7.225;34000;2621
2026-06-08T13:43:56.0000000Z;7.205;7.225;34000;2621
2026-06-08T13:43:57.0000000Z;7.205;7.225;34000;34000
2026-06-08T13:43:59.0000000Z;7.205;7.225;34000;34000
2026-06-08T13:43:59.0000000Z;7.205;7.225;34000;34000
2026-06-08T13:44:00.0000000Z;7.205;7.225;34000;34000
2026-06-08T13:44:02.0000000Z;7.205;7.225;34000;34000
2026-06-08T13:44:03.0000000Z;7.205;7.225;34000;8415
2026-06-08T13:44:04.0000000Z;7.205;7.225;34000;8415
2026-06-08T13:44:05.0000000Z;7.202;7.224;1108;2621
2026-06-08T13:44:06.0000000Z;7.202;7.224;1108;2621
2026-06-08T13:44:07.0000000Z;7.202;7.224;34000;2621
2026-06-08T13:44:08.0000000Z;7.202;7.224;34000;2621
2026-06-08T13:44:09.0000000Z;7.2;7.224;1108;2621
2026-06-08T13:44:10.0000000Z;7.202;7.224;1108;2621
2026-06-08T13:44:11.0000000Z;7.202;7.224;1108;11036
2026-06-08T13:44:13.0000000Z;7.202;7.224;1108;13431
2026-06-08T13:44:14.0000000Z;7.202;7.224;1108;13431
2026-06-08T13:44:15.0000000Z;7.204;7.222;1108;2621
2026-06-08T13:44:16.0000000Z;7.204;7.222;34000;34000
2026-06-08T13:44:17.0000000Z;7.2;7.221;3503;2621
2026-06-08T13:44:18.0000000Z;7.202;7.221;34000;34000
2026-06-08T13:44:19.0000000Z;7.202;7.221;1108;4631
2026-06-08T13:44:20.0000000Z;7.204;7.221;2597;2621
2026-06-08T13:44:21.0000000Z;7.204;7.221;34000;3328
2026-06-08T13:44:23.0000000Z;7.204;7.221;34000;2621
2026-06-08T13:44:24.0000000Z;7.204;7.222;34000;5016
2026-06-08T13:44:25.0000000Z;7.204;7.221;34000;3592
2026-06-08T13:44:26.0000000Z;7.204;7.221;34000;3592
2026-06-08T13:44:27.0000000Z;7.204;7.221;34000;3592
2026-06-08T13:44:28.0000000Z;7.204;7.221;34000;3592
2026-06-08T13:44:29.0000000Z;7.204;7.221;34000;3592
2026-06-08T13:44:30.0000000Z;7.204;7.221;34000;3592
2026-06-08T13:44:31.0000000Z;7.204;7.221;34000;3592
2026-06-08T13:44:32.0000000Z;7.204;7.221;34000;3592
2026-06-08T13:44:33.0000000Z;7.204;7.221;34000;3592
2026-06-08T13:44:35.0000000Z;7.204;7.221;34000;3592
2026-06-08T13:44:36.0000000Z;7.204;7.221;34000;3592
2026-06-08T13:44:37.0000000Z;7.204;7.221;34000;3592
2026-06-08T13:44:38.0000000Z;7.204;7.221;34000;3592
2026-06-08T13:44:40.0000000Z;7.204;7.221;34000;3592
2026-06-08T13:44:41.0000000Z;7.204;7.221;34000;3592
2026-06-08T13:44:42.0000000Z;7.204;7.221;34000;3592
2026-06-08T13:44:43.0000000Z;7.204;7.221;34000;3592
2026-06-08T13:44:44.0000000Z;7.204;7.221;34000;3592
2026-06-08T13:44:45.0000000Z;7.204;7.221;34000;3592
2026-06-08T13:44:46.0000000Z;7.204;7.221;34000;3592
2026-06-08T13:44:47.0000000Z;7.204;7.221;34000;3592
2026-06-08T13:44:48.0000000Z;7.204;7.221;34000;3592
2026-06-08T13:44:49.0000000Z;7.204;7.221;34000;3592
2026-06-08T13:44:50.0000000Z;7.204;7.221;34000;3592
2026-06-08T13:44:51.0000000Z;7.204;7.221;34000;6213
2026-06-08T13:44:52.0000000Z;7.204;7.221;34000;6213
2026-06-08T13:44:53.0000000Z;7.204;7.221;34000;6213
2026-06-08T13:44:54.0000000Z;7.204;7.221;34000;6213
2026-06-08T13:44:55.0000000Z;7.204;7.221;34000;6213
2026-06-08T13:44:56.0000000Z;7.204;7.221;34000;6213
2026-06-08T13:44:57.0000000Z;7.204;7.221;34000;6552
2026-06-08T13:44:59.0000000Z;7.204;7.221;34000;3931
2026-06-08T13:45:00.0000000Z;7.204;7.221;34000;3931
2026-06-08T13:45:01.0000000Z;7.204;7.221;34000;6552
2026-06-08T13:45:04.0000000Z;7.204;7.221;34000;6552
2026-06-08T13:45:05.0000000Z;7.204;7.221;34000;6552
2026-06-08T13:45:06.0000000Z;7.204;7.221;34000;6552
2026-06-08T13:45:07.0000000Z;7.204;7.221;34000;6552
2026-06-08T13:45:09.0000000Z;7.204;7.221;34000;3931
2026-06-08T13:45:10.0000000Z;7.204;7.221;34000;6552
2026-06-08T13:45:11.0000000Z;7.204;7.221;34000;6552
2026-06-08T13:45:14.0000000Z;7.204;7.221;34000;3931
2026-06-08T13:45:15.0000000Z;7.204;7.221;34000;3931
2026-06-08T13:45:16.0000000Z;7.204;7.221;34000;3931
2026-06-08T13:45:18.0000000Z;7.204;7.221;34000;3931
2026-06-08T13:45:19.0000000Z;7.204;7.221;34000;3931
2026-06-08T13:45:22.0000000Z;7.204;7.221;34000;3931
2026-06-08T13:45:23.0000000Z;7.204;7.221;34000;3931
2026-06-08T13:45:24.0000000Z;7.204;7.221;34000;3931
2026-06-08T13:45:26.0000000Z;7.204;7.221;34000;3931
2026-06-08T13:45:27.0000000Z;7.204;7.222;34000;3592
2026-06-08T13:45:28.0000000Z;7.204;7.222;34000;3592
2026-06-08T13:45:29.0000000Z;7.204;7.222;34000;37462
2026-06-08T13:45:30.0000000Z;7.204;7.222;34000;5987
2026-06-08T13:45:31.0000000Z;7.204;7.222;34000;5987
2026-06-08T13:45:32.0000000Z;7.204;7.222;34000;5987
2026-06-08T13:45:33.0000000Z;7.204;7.222;34000;5987
2026-06-08T13:45:34.0000000Z;7.211;7.222;2770;5987
2026-06-08T13:45:35.0000000Z;7.211;7.222;34000;5987
2026-06-08T13:45:36.0000000Z;7.211;7.222;34000;5987
2026-06-08T13:45:37.0000000Z;7.211;7.222;34000;5987
2026-06-08T13:45:38.0000000Z;7.211;7.222;34000;5987
2026-06-08T13:45:39.0000000Z;7.211;7.222;34000;34000
2026-06-08T13:45:40.0000000Z;7.211;7.222;34000;5987
2026-06-08T13:45:41.0000000Z;7.211;7.222;34000;5987
2026-06-08T13:45:42.0000000Z;7.211;7.222;34000;5987
2026-06-08T13:45:44.0000000Z;7.211;7.222;34000;5987
2026-06-08T13:45:45.0000000Z;7.211;7.222;34000;5987
2026-06-08T13:45:47.0000000Z;7.211;7.222;34000;5987
2026-06-08T13:45:49.0000000Z;7.211;7.222;34000;5987
2026-06-08T13:45:51.0000000Z;7.211;7.222;34000;5987
2026-06-08T13:45:54.0000000Z;7.211;7.222;34000;2395
2026-06-08T13:45:55.0000000Z;7.211;7.225;34000;12400
2026-06-08T13:45:56.0000000Z;7.211;7.225;34000;12400
2026-06-08T13:45:57.0000000Z;7.211;7.223;34000;3462
2026-06-08T13:45:58.0000000Z;7.211;7.223;1108;3462
2026-06-08T13:45:59.0000000Z;7.214;7.223;2770;3462
2026-06-08T13:46:00.0000000Z;7.214;7.223;34000;3462
2026-06-08T13:46:01.0000000Z;7.214;7.223;34000;3462
2026-06-08T13:46:04.0000000Z;7.214;7.223;34000;3462
2026-06-08T13:46:05.0000000Z;7.214;7.223;34000;3462
2026-06-08T13:46:06.0000000Z;7.214;7.225;34000;34000
2026-06-08T13:46:07.0000000Z;7.215;7.231;1108;2621
2026-06-08T13:46:08.0000000Z;7.211;7.227;1108;5987
2026-06-08T13:46:09.0000000Z;7.216;7.227;2770;5987
2026-06-08T13:46:10.0000000Z;7.217;7.227;2770;5987
2026-06-08T13:46:11.0000000Z;7.217;7.227;2770;5987
2026-06-08T13:46:12.0000000Z;7.217;7.226;34000;3460
2026-06-08T13:46:13.0000000Z;7.217;7.226;34000;3460
2026-06-08T13:46:14.0000000Z;7.217;7.226;34000;3460
2026-06-08T13:46:15.0000000Z;7.217;7.226;2770;3460
2026-06-08T13:46:16.0000000Z;7.217;7.227;1662;2395
2026-06-08T13:46:17.0000000Z;7.218;7.227;2770;2395
2026-06-08T13:46:18.0000000Z;7.218;7.227;2770;2395
2026-06-08T13:46:19.0000000Z;7.218;7.227;34000;4045
2026-06-08T13:46:20.0000000Z;7.218;7.228;2770;2354
2026-06-08T13:46:21.0000000Z;7.217;7.23;1662;2845
2026-06-08T13:46:22.0000000Z;7.218;7.23;2770;3931
2026-06-08T13:46:23.0000000Z;7.218;7.23;2770;3931
2026-06-08T13:46:24.0000000Z;7.218;7.23;2770;6552
2026-06-08T13:46:25.0000000Z;7.218;7.23;2770;3931
2026-06-08T13:46:26.0000000Z;7.218;7.23;2770;6552
2026-06-08T13:46:28.0000000Z;7.218;7.23;2770;6552
2026-06-08T13:46:30.0000000Z;7.218;7.23;2770;6552
2026-06-08T13:46:31.0000000Z;7.218;7.23;1108;6552
2026-06-08T13:46:32.0000000Z;7.218;7.228;1108;3931
2026-06-08T13:46:34.0000000Z;7.218;7.228;2770;3931
2026-06-08T13:46:35.0000000Z;7.218;7.228;1108;3931
2026-06-08T13:46:36.0000000Z;7.218;7.228;1108;3931
2026-06-08T13:46:37.0000000Z;7.218;7.228;2770;3931
2026-06-08T13:46:38.0000000Z;7.218;7.23;1108;6552
2026-06-08T13:46:39.0000000Z;7.218;7.228;1108;3931
2026-06-08T13:46:40.0000000Z;7.218;7.228;1108;34000
2026-06-08T13:46:41.0000000Z;7.218;7.228;1108;34000
2026-06-08T13:46:42.0000000Z;7.218;7.228;1108;34000
2026-06-08T13:46:43.0000000Z;7.218;7.228;2770;34000
2026-06-08T13:46:44.0000000Z;7.218;7.228;2770;34000
2026-06-08T13:46:47.0000000Z;7.218;7.228;1108;34000
2026-06-08T13:46:48.0000000Z;7.218;7.228;1108;34000
2026-06-08T13:46:49.0000000Z;7.218;7.229;1108;7862
2026-06-08T13:46:50.0000000Z;7.218;7.229;1108;6552
2026-06-08T13:46:52.0000000Z;7.218;7.229;1108;37459
2026-06-08T13:46:54.0000000Z;7.218;7.229;1108;3931
2026-06-08T13:46:55.0000000Z;7.216;7.229;2770;6552
2026-06-08T13:46:56.0000000Z;7.216;7.229;2770;6552
2026-06-08T13:46:57.0000000Z;7.215;7.229;1108;34000
2026-06-08T13:46:58.0000000Z;7.216;7.229;34000;34000
2026-06-08T13:46:59.0000000Z;7.215;7.227;2770;34000
2026-06-08T13:47:00.0000000Z;7.215;7.227;1108;34000
2026-06-08T13:47:01.0000000Z;7.215;7.227;1108;6552
2026-06-08T13:47:02.0000000Z;7.215;7.227;1108;6552
2026-06-08T13:47:03.0000000Z;7.213;7.227;1108;6552
2026-06-08T13:47:04.0000000Z;7.213;7.225;2770;3931
2026-06-08T13:47:05.0000000Z;7.213;7.225;2770;34000
2026-06-08T13:47:06.0000000Z;7.215;7.225;3466;34000
2026-06-08T13:47:07.0000000Z;7.213;7.225;34000;34000
2026-06-08T13:47:08.0000000Z;7.213;7.225;34000;34000
2026-06-08T13:47:09.0000000Z;7.213;7.225;34000;34000
2026-06-08T13:47:10.0000000Z;7.213;7.225;34000;34000
2026-06-08T13:47:11.0000000Z;7.213;7.225;34000;34000
2026-06-08T13:47:12.0000000Z;7.213;7.225;34000;34000
2026-06-08T13:47:13.0000000Z;7.213;7.225;34000;34000
2026-06-08T13:47:14.0000000Z;7.213;7.225;34000;34000
2026-06-08T13:47:15.0000000Z;7.213;7.225;34000;34000
2026-06-08T13:47:16.0000000Z;7.213;7.225;34000;34000
2026-06-08T13:47:17.0000000Z;7.213;7.225;34000;34000
2026-06-08T13:47:22.0000000Z;7.213;7.225;34000;34000
2026-06-08T13:47:24.0000000Z;7.213;7.227;34000;2395
2026-06-08T13:47:25.0000000Z;7.213;7.226;34000;5987
2026-06-08T13:47:26.0000000Z;7.213;7.226;34000;5987
2026-06-08T13:47:27.0000000Z;7.213;7.226;34000;5987
2026-06-08T13:47:28.0000000Z;7.213;7.226;34000;37460
2026-06-08T13:47:29.0000000Z;7.213;7.226;34000;37460
2026-06-08T13:47:31.0000000Z;7.213;7.226;34000;37460
2026-06-08T13:47:33.0000000Z;7.213;7.226;34000;37460
2026-06-08T13:47:34.0000000Z;7.213;7.226;34000;34000
2026-06-08T13:47:35.0000000Z;7.213;7.226;34000;34000
2026-06-08T13:47:37.0000000Z;7.213;7.226;34000;34000
2026-06-08T13:47:38.0000000Z;7.213;7.226;34000;34000
2026-06-08T13:47:40.0000000Z;7.213;7.226;34000;34000
2026-06-08T13:47:41.0000000Z;7.213;7.226;34000;34000
2026-06-08T13:47:42.0000000Z;7.213;7.226;34000;34000
2026-06-08T13:47:43.0000000Z;7.213;7.226;34000;34000
2026-06-08T13:47:44.0000000Z;7.213;7.226;34000;34000
2026-06-08T13:47:45.0000000Z;7.213;7.226;34000;34000
2026-06-08T13:47:46.0000000Z;7.213;7.226;34000;5987
2026-06-08T13:47:47.0000000Z;7.213;7.226;34000;4954
2026-06-08T13:47:48.0000000Z;7.213;7.226;34000;2395
2026-06-08T13:47:49.0000000Z;7.213;7.226;34000;2395
2026-06-08T13:47:50.0000000Z;7.213;7.227;34000;3592
2026-06-08T13:47:51.0000000Z;7.213;7.23;34000;6326
2026-06-08T13:47:52.0000000Z;7.213;7.227;34000;37460
2026-06-08T13:47:53.0000000Z;7.213;7.23;34000;6326
2026-06-08T13:47:54.0000000Z;7.213;7.227;34000;3460
2026-06-08T13:47:55.0000000Z;7.213;7.23;34000;8947
2026-06-08T13:47:56.0000000Z;7.213;7.23;34000;8947
2026-06-08T13:47:59.0000000Z;7.213;7.23;34000;8947
2026-06-08T13:48:00.0000000Z;7.213;7.23;34000;34000
2026-06-08T13:48:01.0000000Z;7.213;7.23;34000;8947
2026-06-08T13:48:03.0000000Z;7.213;7.23;34000;8947
2026-06-08T13:48:04.0000000Z;7.213;7.23;34000;8947
2026-06-08T13:48:05.0000000Z;7.213;7.23;34000;3931
2026-06-08T13:48:06.0000000Z;7.213;7.23;34000;3931
2026-06-08T13:48:08.0000000Z;7.213;7.23;34000;6552
2026-06-08T13:48:10.0000000Z;7.213;7.23;34000;6552
2026-06-08T13:48:11.0000000Z;7.213;7.23;34000;6552
2026-06-08T13:48:12.0000000Z;7.213;7.23;34000;6552
2026-06-08T13:48:14.0000000Z;7.213;7.23;34000;6552
2026-06-08T13:48:15.0000000Z;7.213;7.23;34000;6552
2026-06-08T13:48:16.0000000Z;7.213;7.23;34000;6552
2026-06-08T13:48:17.0000000Z;7.213;7.23;34000;6552
2026-06-08T13:48:18.0000000Z;7.213;7.23;34000;3931
2026-06-08T13:48:19.0000000Z;7.213;7.23;34000;6552
2026-06-08T13:48:20.0000000Z;7.213;7.23;34000;3931
2026-06-08T13:48:21.0000000Z;7.213;7.23;34000;3592
2026-06-08T13:48:22.0000000Z;7.213;7.23;34000;3592
2026-06-08T13:48:23.0000000Z;7.213;7.23;34000;6213
2026-06-08T13:48:26.0000000Z;7.213;7.23;34000;6213
2026-06-08T13:48:27.0000000Z;7.213;7.23;34000;6213
2026-06-08T13:48:29.0000000Z;7.213;7.23;34000;6213
2026-06-08T13:48:30.0000000Z;7.213;7.23;34000;6213
2026-06-08T13:48:31.0000000Z;7.213;7.23;34000;6213
2026-06-08T13:48:32.0000000Z;7.213;7.23;34000;6213
2026-06-08T13:48:35.0000000Z;7.213;7.23;34000;6213
2026-06-08T13:48:36.0000000Z;7.213;7.23;34000;8608
2026-06-08T13:48:37.0000000Z;7.213;7.23;34000;36395
2026-06-08T13:48:38.0000000Z;7.213;7.23;34000;36395
2026-06-08T13:48:39.0000000Z;7.213;7.23;34000;36395
2026-06-08T13:48:40.0000000Z;7.213;7.23;34000;36395
2026-06-08T13:48:41.0000000Z;7.213;7.228;34000;34000
2026-06-08T13:48:42.0000000Z;7.213;7.228;34000;34000
2026-06-08T13:48:43.0000000Z;7.213;7.228;34000;34000
2026-06-08T13:48:44.0000000Z;7.213;7.228;34000;3592
2026-06-08T13:48:45.0000000Z;7.213;7.228;34000;6213
2026-06-08T13:48:47.0000000Z;7.213;7.228;34000;6213
2026-06-08T13:48:48.0000000Z;7.213;7.228;34000;6213
2026-06-08T13:48:49.0000000Z;7.213;7.228;34000;6213
2026-06-08T13:48:50.0000000Z;7.213;7.228;34000;3592
2026-06-08T13:48:51.0000000Z;7.213;7.228;34000;3592
2026-06-08T13:48:52.0000000Z;7.213;7.228;34000;3592
2026-06-08T13:48:53.0000000Z;7.213;7.228;34000;3592
2026-06-08T13:48:54.0000000Z;7.213;7.228;34000;3592
2026-06-08T13:48:55.0000000Z;7.213;7.228;34000;6213
2026-06-08T13:49:02.0000000Z;7.213;7.228;34000;3592
2026-06-08T13:49:03.0000000Z;7.213;7.228;34000;3592
2026-06-08T13:49:04.0000000Z;7.213;7.228;34000;3592
2026-06-08T13:49:05.0000000Z;7.213;7.228;34000;3592
2026-06-08T13:49:06.0000000Z;7.213;7.228;34000;3592
2026-06-08T13:49:07.0000000Z;7.213;7.228;34000;3592
2026-06-08T13:49:08.0000000Z;7.213;7.228;34000;3592
2026-06-08T13:49:10.0000000Z;7.213;7.228;34000;3592
2026-06-08T13:49:11.0000000Z;7.213;7.228;34000;3592
2026-06-08T13:49:12.0000000Z;7.213;7.228;34000;3592
2026-06-08T13:49:13.0000000Z;7.213;7.228;34000;3592
2026-06-08T13:49:14.0000000Z;7.213;7.228;34000;3592
2026-06-08T13:49:15.0000000Z;7.213;7.228;34000;3592
2026-06-08T13:49:17.0000000Z;7.213;7.228;34000;3592
2026-06-08T13:49:18.0000000Z;7.213;7.228;34000;3592
2026-06-08T13:49:19.0000000Z;7.213;7.228;34000;3592
2026-06-08T13:49:21.0000000Z;7.213;7.228;34000;3592
2026-06-08T13:49:22.0000000Z;7.213;7.228;34000;3592
2026-06-08T13:49:23.0000000Z;7.213;7.229;34000;5119
2026-06-08T13:49:24.0000000Z;7.213;7.229;34000;5987
2026-06-08T13:49:25.0000000Z;7.213;7.229;34000;5987
2026-06-08T13:49:26.0000000Z;7.213;7.229;34000;37459
2026-06-08T13:49:27.0000000Z;7.213;7.229;34000;4575
2026-06-08T13:49:28.0000000Z;7.213;7.229;34000;2395
2026-06-08T13:49:29.0000000Z;7.213;7.229;34000;2395
2026-06-08T13:49:30.0000000Z;7.213;7.229;5165;2395
2026-06-08T13:49:33.0000000Z;7.213;7.229;5165;5890
2026-06-08T13:49:34.0000000Z;7.213;7.229;5165;2395
2026-06-08T13:49:35.0000000Z;7.213;7.229;5165;5938
2026-06-08T13:49:36.0000000Z;7.213;7.229;5165;5938
2026-06-08T13:49:37.0000000Z;7.213;7.229;36395;3705
2026-06-08T13:49:38.0000000Z;7.213;7.229;36395;3698
2026-06-08T13:49:39.0000000Z;7.213;7.229;34000;3698
2026-06-08T13:49:40.0000000Z;7.213;7.229;34000;3698
2026-06-08T13:49:41.0000000Z;7.213;7.229;34000;4474
2026-06-08T13:49:42.0000000Z;7.213;7.229;34000;2395
2026-06-08T13:49:43.0000000Z;7.213;7.229;34000;2395
2026-06-08T13:49:45.0000000Z;7.213;7.232;5165;12989
2026-06-08T13:49:47.0000000Z;7.214;7.23;5254;3458
2026-06-08T13:49:48.0000000Z;7.22;7.23;1662;3458
2026-06-08T13:49:49.0000000Z;7.22;7.23;34000;3458
2026-06-08T13:49:50.0000000Z;7.22;7.23;34000;3458
2026-06-08T13:49:52.0000000Z;7.22;7.23;34000;3458
2026-06-08T13:49:55.0000000Z;7.22;7.232;34000;12400
2026-06-08T13:49:56.0000000Z;7.22;7.232;34000;12400
2026-06-08T13:49:57.0000000Z;7.22;7.232;34000;12400
2026-06-08T13:49:58.0000000Z;7.219;7.231;2770;3931
2026-06-08T13:49:59.0000000Z;7.219;7.231;2770;34000
2026-06-08T13:50:00.0000000Z;7.219;7.232;2770;34000
2026-06-08T13:50:01.0000000Z;7.219;7.231;37464;34000
2026-06-08T13:50:02.0000000Z;7.219;7.231;37464;34000
2026-06-08T13:50:03.0000000Z;7.219;7.232;37464;34000
2026-06-08T13:50:04.0000000Z;7.219;7.232;37464;34000
2026-06-08T13:50:06.0000000Z;7.219;7.232;37464;34000
2026-06-08T13:50:07.0000000Z;7.219;7.232;37464;34000
2026-06-08T13:50:08.0000000Z;7.219;7.232;1662;34000
2026-06-08T13:50:09.0000000Z;7.219;7.232;1662;18952
2026-06-08T13:50:10.0000000Z;7.219;7.232;1662;18952
2026-06-08T13:50:11.0000000Z;7.219;7.232;2770;18952
2026-06-08T13:50:12.0000000Z;7.219;7.232;2770;12400
2026-06-08T13:50:13.0000000Z;7.219;7.232;2770;12400
2026-06-08T13:50:14.0000000Z;7.219;7.232;2770;12400
2026-06-08T13:50:15.0000000Z;7.219;7.232;2770;15021
2026-06-08T13:50:16.0000000Z;7.219;7.231;2770;34000
2026-06-08T13:50:18.0000000Z;7.219;7.231;2770;34000
2026-06-08T13:50:19.0000000Z;7.22;7.231;1662;34000
2026-06-08T13:50:20.0000000Z;7.22;7.231;1662;34000
2026-06-08T13:50:21.0000000Z;7.216;7.231;1108;6552
2026-06-08T13:50:22.0000000Z;7.219;7.231;1662;6552
2026-06-08T13:50:24.0000000Z;7.219;7.231;34000;6552
2026-06-08T13:50:25.0000000Z;7.218;7.231;37464;6552
2026-06-08T13:50:26.0000000Z;7.219;7.231;34000;6552
2026-06-08T13:50:27.0000000Z;7.219;7.231;34000;6552
2026-06-08T13:50:28.0000000Z;7.218;7.231;37464;6552
2026-06-08T13:50:30.0000000Z;7.216;7.229;1108;3931
2026-06-08T13:50:31.0000000Z;7.216;7.229;1108;34000
2026-06-08T13:50:32.0000000Z;7.218;7.229;1108;6552
2026-06-08T13:50:33.0000000Z;7.218;7.229;37464;6552
2026-06-08T13:50:34.0000000Z;7.218;7.229;37464;6552
2026-06-08T13:50:35.0000000Z;7.218;7.229;34000;3931
2026-06-08T13:50:36.0000000Z;7.216;7.228;1108;2621
2026-06-08T13:50:37.0000000Z;7.216;7.228;1108;2621
2026-06-08T13:50:38.0000000Z;7.214;7.227;1108;6552
2026-06-08T13:50:39.0000000Z;7.214;7.227;2770;3931
2026-06-08T13:50:40.0000000Z;7.214;7.227;2770;34000
2026-06-08T13:50:41.0000000Z;7.214;7.227;2770;34000
2026-06-08T13:50:42.0000000Z;7.214;7.227;2770;34000
2026-06-08T13:50:44.0000000Z;7.214;7.227;2770;6552
2026-06-08T13:50:45.0000000Z;7.214;7.227;2770;6552
2026-06-08T13:50:46.0000000Z;7.214;7.227;34000;3931
2026-06-08T13:50:47.0000000Z;7.214;7.226;34000;3931
2026-06-08T13:50:48.0000000Z;7.214;7.226;34000;3931
2026-06-08T13:50:49.0000000Z;7.214;7.226;1108;3931
2026-06-08T13:50:50.0000000Z;7.214;7.226;1108;3931
2026-06-08T13:50:51.0000000Z;7.214;7.226;1108;3931
2026-06-08T13:50:52.0000000Z;7.214;7.226;2770;3931
2026-06-08T13:50:53.0000000Z;7.214;7.226;2770;3931
2026-06-08T13:50:54.0000000Z;7.214;7.226;2770;6552
2026-06-08T13:50:55.0000000Z;7.214;7.226;2770;6552
2026-06-08T13:50:56.0000000Z;7.214;7.226;2770;6552
2026-06-08T13:50:57.0000000Z;7.212;7.226;1108;6552
2026-06-08T13:50:58.0000000Z;7.212;7.226;1108;2621
2026-06-08T13:50:59.0000000Z;7.214;7.225;1108;3931
2026-06-08T13:50:59.0000000Z;7.214;7.225;2770;3931
2026-06-08T13:51:00.0000000Z;7.214;7.225;2770;34000
2026-06-08T13:51:02.0000000Z;7.214;7.225;2770;34000
2026-06-08T13:51:03.0000000Z;7.214;7.225;2770;34000
2026-06-08T13:51:04.0000000Z;7.214;7.225;2770;34000
2026-06-08T13:51:05.0000000Z;7.214;7.227;2770;6043
2026-06-08T13:51:06.0000000Z;7.214;7.227;2770;3592
2026-06-08T13:51:07.0000000Z;7.214;7.227;2770;6213
2026-06-08T13:51:08.0000000Z;7.214;7.227;2770;3592
2026-06-08T13:51:09.0000000Z;7.214;7.227;2770;3592
2026-06-08T13:51:11.0000000Z;7.214;7.227;2770;34000
2026-06-08T13:51:13.0000000Z;7.214;7.227;2770;34000
2026-06-08T13:51:14.0000000Z;7.214;7.227;2770;34000
2026-06-08T13:51:15.0000000Z;7.214;7.227;2770;34000
2026-06-08T13:51:16.0000000Z;7.214;7.227;2770;3592
2026-06-08T13:51:17.0000000Z;7.214;7.227;2770;6213
2026-06-08T13:51:19.0000000Z;7.214;7.227;2770;6213
2026-06-08T13:51:21.0000000Z;7.214;7.227;2770;3592
2026-06-08T13:51:22.0000000Z;7.214;7.227;2770;3592
2026-06-08T13:51:24.0000000Z;7.214;7.227;2770;3592
2026-06-08T13:51:25.0000000Z;7.214;7.227;2770;3592
2026-06-08T13:51:26.0000000Z;7.214;7.227;2770;3592
2026-06-08T13:51:27.0000000Z;7.214;7.227;2770;3592
2026-06-08T13:51:29.0000000Z;7.214;7.227;2770;3592
2026-06-08T13:51:30.0000000Z;7.214;7.227;2770;3592
2026-06-08T13:51:31.0000000Z;7.214;7.228;2770;2395
2026-06-08T13:51:32.0000000Z;7.214;7.228;2770;2395
2026-06-08T13:51:33.0000000Z;7.214;7.228;2770;5987
2026-06-08T13:51:34.0000000Z;7.214;7.228;2770;2395
2026-06-08T13:51:35.0000000Z;7.214;7.228;2770;2395
2026-06-08T13:51:36.0000000Z;7.214;7.228;2770;37459
2026-06-08T13:51:37.0000000Z;7.214;7.23;2770;5987
2026-06-08T13:51:38.0000000Z;7.214;7.228;2770;3459
2026-06-08T13:51:39.0000000Z;7.214;7.23;2770;3592
2026-06-08T13:51:40.0000000Z;7.214;7.23;2770;3592
2026-06-08T13:51:41.0000000Z;7.214;7.23;2770;3592
2026-06-08T13:51:42.0000000Z;7.214;7.231;2770;3931
2026-06-08T13:51:43.0000000Z;7.214;7.231;2770;3931
2026-06-08T13:51:44.0000000Z;7.214;7.231;2770;3931
2026-06-08T13:51:45.0000000Z;7.214;7.231;2770;6552
2026-06-08T13:51:46.0000000Z;7.214;7.231;2770;34000
2026-06-08T13:51:47.0000000Z;7.214;7.23;2770;2621
2026-06-08T13:51:48.0000000Z;7.214;7.229;2770;3931
2026-06-08T13:51:50.0000000Z;7.214;7.229;2770;34000
2026-06-08T13:51:51.0000000Z;7.214;7.229;2770;34000
2026-06-08T13:51:52.0000000Z;7.214;7.229;2770;34000
2026-06-08T13:51:53.0000000Z;7.214;7.229;2770;34000
2026-06-08T13:51:54.0000000Z;7.214;7.229;36395;34000
2026-06-08T13:51:55.0000000Z;7.214;7.229;36395;34000
2026-06-08T13:51:56.0000000Z;7.214;7.23;36395;3931
2026-06-08T13:51:57.0000000Z;7.214;7.23;36395;3931
2026-06-08T13:51:58.0000000Z;7.214;7.23;36395;34000
2026-06-08T13:52:00.0000000Z;7.214;7.23;36395;34000
2026-06-08T13:52:01.0000000Z;7.214;7.23;36395;34000
2026-06-08T13:52:02.0000000Z;7.22;7.23;1662;34000
2026-06-08T13:52:03.0000000Z;7.22;7.23;2770;34000
2026-06-08T13:52:05.0000000Z;7.22;7.23;2770;34000
2026-06-08T13:52:06.0000000Z;7.22;7.231;1662;7862
2026-06-08T13:52:07.0000000Z;7.22;7.231;1662;3931
2026-06-08T13:52:08.0000000Z;7.221;7.231;2767;3931
2026-06-08T13:52:09.0000000Z;7.221;7.231;34000;3931
2026-06-08T13:52:10.0000000Z;7.221;7.231;34000;37458
2026-06-08T13:52:11.0000000Z;7.221;7.231;34000;37458
2026-06-08T13:52:12.0000000Z;7.221;7.232;34000;34000
2026-06-08T13:52:13.0000000Z;7.221;7.232;34000;34000
2026-06-08T13:52:14.0000000Z;7.221;7.232;34000;34000
2026-06-08T13:52:15.0000000Z;7.221;7.232;34000;34000
2026-06-08T13:52:20.0000000Z;7.221;7.232;34000;34000
2026-06-08T13:52:21.0000000Z;7.221;7.232;34000;2395
2026-06-08T13:52:23.0000000Z;7.221;7.232;34000;2395
2026-06-08T13:52:24.0000000Z;7.221;7.232;34000;2395
2026-06-08T13:52:25.0000000Z;7.221;7.232;34000;2395
2026-06-08T13:52:26.0000000Z;7.221;7.232;34000;2395
2026-06-08T13:52:27.0000000Z;7.221;7.233;34000;5987
2026-06-08T13:52:28.0000000Z;7.221;7.233;34000;5987
2026-06-08T13:52:29.0000000Z;7.221;7.233;34000;5987
2026-06-08T13:52:30.0000000Z;7.221;7.233;34000;37457
2026-06-08T13:52:31.0000000Z;7.221;7.235;34000;3931
2026-06-08T13:52:32.0000000Z;7.221;7.235;34000;3931
2026-06-08T13:52:33.0000000Z;7.221;7.235;34000;3931
2026-06-08T13:52:35.0000000Z;7.221;7.235;34000;3931
2026-06-08T13:52:36.0000000Z;7.221;7.235;34000;3931
2026-06-08T13:52:37.0000000Z;7.221;7.236;34000;3592
2026-06-08T13:52:38.0000000Z;7.221;7.236;34000;3592
2026-06-08T13:52:39.0000000Z;7.221;7.236;34000;3592
2026-06-08T13:52:40.0000000Z;7.221;7.236;34000;37455
2026-06-08T13:52:41.0000000Z;7.221;7.236;34000;37455
2026-06-08T13:52:43.0000000Z;7.221;7.236;34000;37455
2026-06-08T13:52:44.0000000Z;7.221;7.236;34000;37455
2026-06-08T13:52:45.0000000Z;7.221;7.236;34000;37455
2026-06-08T13:52:46.0000000Z;7.221;7.237;34000;5987
2026-06-08T13:52:48.0000000Z;7.221;7.236;34000;3455
2026-06-08T13:52:49.0000000Z;7.221;7.237;5162;36395
2026-06-08T13:52:50.0000000Z;7.221;7.238;5162;12400
2026-06-08T13:52:51.0000000Z;7.225;7.238;1107;12400
2026-06-08T13:52:52.0000000Z;7.227;7.238;1106;37454
2026-06-08T13:52:53.0000000Z;7.228;7.238;34000;37454
2026-06-08T13:52:54.0000000Z;7.228;7.238;34000;37454
2026-06-08T13:52:55.0000000Z;7.228;7.238;34000;37454
2026-06-08T13:52:56.0000000Z;7.223;7.238;1107;37454
2026-06-08T13:52:57.0000000Z;7.228;7.237;1659;1917
2026-06-08T13:52:58.0000000Z;7.227;7.238;1106;15021
2026-06-08T13:52:59.0000000Z;7.228;7.238;1659;12400
2026-06-08T13:53:00.0000000Z;7.228;7.238;34000;34000
2026-06-08T13:53:01.0000000Z;7.228;7.238;34000;18952
2026-06-08T13:53:02.0000000Z;7.228;7.238;1659;18952
2026-06-08T13:53:03.0000000Z;7.228;7.238;1659;16331
2026-06-08T13:53:04.0000000Z;7.228;7.238;2765;16331
2026-06-08T13:53:06.0000000Z;7.228;7.238;2765;12400
2026-06-08T13:53:07.0000000Z;7.228;7.238;1659;12400
2026-06-08T13:53:08.0000000Z;7.228;7.238;1659;12400
2026-06-08T13:53:10.0000000Z;7.228;7.238;2765;12400
2026-06-08T13:53:12.0000000Z;7.228;7.238;2765;12400
2026-06-08T13:53:13.0000000Z;7.229;7.239;2765;3931
2026-06-08T13:53:14.0000000Z;7.229;7.239;34000;3931
2026-06-08T13:53:15.0000000Z;7.229;7.24;34000;2621
2026-06-08T13:53:16.0000000Z;7.229;7.241;34000;6552
2026-06-08T13:53:17.0000000Z;7.229;7.24;34000;3931
2026-06-08T13:53:18.0000000Z;7.229;7.24;34000;6552
2026-06-08T13:53:19.0000000Z;7.229;7.239;34000;3454
2026-06-08T13:53:20.0000000Z;7.229;7.239;34000;3454
2026-06-08T13:53:21.0000000Z;7.229;7.24;34000;3931
2026-06-08T13:53:22.0000000Z;7.229;7.24;34000;3931
2026-06-08T13:53:23.0000000Z;7.229;7.239;2765;1005
2026-06-08T13:53:24.0000000Z;7.229;7.239;1106;1005
2026-06-08T13:53:25.0000000Z;7.227;7.239;2765;34000
2026-06-08T13:53:26.0000000Z;7.227;7.24;2765;2621
2026-06-08T13:53:27.0000000Z;7.227;7.24;2765;6552
2026-06-08T13:53:28.0000000Z;7.227;7.24;2765;6552
2026-06-08T13:53:29.0000000Z;7.228;7.24;3459;37454
2026-06-08T13:53:30.0000000Z;7.228;7.24;3459;2621
2026-06-08T13:53:31.0000000Z;7.228;7.24;3459;6203
2026-06-08T13:53:33.0000000Z;7.228;7.24;3459;6203
2026-06-08T13:53:34.0000000Z;7.228;7.24;3459;6203
2026-06-08T13:53:35.0000000Z;7.228;7.24;3459;6203
2026-06-08T13:53:36.0000000Z;7.227;7.24;34000;2621
2026-06-08T13:53:37.0000000Z;7.227;7.241;34000;6213
2026-06-08T13:53:39.0000000Z;7.227;7.241;34000;37453
2026-06-08T13:53:40.0000000Z;7.227;7.241;34000;37453
2026-06-08T13:53:41.0000000Z;7.227;7.241;34000;37453
2026-06-08T13:53:45.0000000Z;7.227;7.241;34000;37453
2026-06-08T13:53:46.0000000Z;7.227;7.241;34000;37453
2026-06-08T13:53:47.0000000Z;7.227;7.241;34000;37453
2026-06-08T13:53:48.0000000Z;7.227;7.241;34000;34000
2026-06-08T13:53:49.0000000Z;7.227;7.241;34000;34000
2026-06-08T13:53:50.0000000Z;7.227;7.241;34000;2621
2026-06-08T13:53:51.0000000Z;7.227;7.241;34000;3829
2026-06-08T13:53:57.0000000Z;7.227;7.241;34000;3829
2026-06-08T13:53:58.0000000Z;7.227;7.241;34000;3829
2026-06-08T13:53:59.0000000Z;7.227;7.241;34000;3829
2026-06-08T13:54:00.0000000Z;7.227;7.241;34000;3829
2026-06-08T13:54:01.0000000Z;7.227;7.241;34000;3829
2026-06-08T13:54:02.0000000Z;7.227;7.241;34000;3829
2026-06-08T13:54:03.0000000Z;7.227;7.241;34000;3829
2026-06-08T13:54:05.0000000Z;7.227;7.241;34000;3829
2026-06-08T13:54:06.0000000Z;7.227;7.241;34000;3829
2026-06-08T13:54:07.0000000Z;7.227;7.241;34000;3829
2026-06-08T13:54:08.0000000Z;7.227;7.241;34000;3829
2026-06-08T13:54:09.0000000Z;7.227;7.241;34000;3829
2026-06-08T13:54:10.0000000Z;7.227;7.241;34000;3829
2026-06-08T13:54:13.0000000Z;7.227;7.241;34000;3829
2026-06-08T13:54:15.0000000Z;7.227;7.241;34000;3829
2026-06-08T13:54:17.0000000Z;7.227;7.241;34000;3829
2026-06-08T13:54:18.0000000Z;7.227;7.241;34000;3829
2026-06-08T13:54:19.0000000Z;7.227;7.241;34000;3829
2026-06-08T13:54:21.0000000Z;7.227;7.241;34000;3829
2026-06-08T13:54:22.0000000Z;7.227;7.241;34000;3829
2026-06-08T13:54:23.0000000Z;7.227;7.241;34000;3829
2026-06-08T13:54:24.0000000Z;7.227;7.241;34000;3829
2026-06-08T13:54:26.0000000Z;7.227;7.241;34000;3829
2026-06-08T13:54:29.0000000Z;7.227;7.241;34000;3829
2026-06-08T13:54:30.0000000Z;7.227;7.241;34000;3829
2026-06-08T13:54:31.0000000Z;7.227;7.241;34000;3829
2026-06-08T13:54:33.0000000Z;7.22;7.241;1108;1208
2026-06-08T13:54:34.0000000Z;7.22;7.24;1108;2621
2026-06-08T13:54:35.0000000Z;7.221;7.237;1662;6552
2026-06-08T13:54:36.0000000Z;7.228;7.238;1106;34000
2026-06-08T13:54:38.0000000Z;7.222;7.238;1107;34000
2026-06-08T13:54:39.0000000Z;7.226;7.238;2767;34000
2026-06-08T13:54:41.0000000Z;7.222;7.238;3502;34000
2026-06-08T13:54:42.0000000Z;7.219;7.238;1108;34000
2026-06-08T13:54:43.0000000Z;7.227;7.238;1106;34000
2026-06-08T13:54:44.0000000Z;7.227;7.238;1106;34000
2026-06-08T13:54:45.0000000Z;7.227;7.238;34000;34000
2026-06-08T13:54:46.0000000Z;7.227;7.238;34000;34000
2026-06-08T13:54:47.0000000Z;7.227;7.238;34000;34000
2026-06-08T13:54:48.0000000Z;7.227;7.238;34000;34000
2026-06-08T13:54:49.0000000Z;7.227;7.238;34000;34000
2026-06-08T13:54:50.0000000Z;7.227;7.238;34000;34000
2026-06-08T13:54:51.0000000Z;7.227;7.238;34000;34000
2026-06-08T13:54:53.0000000Z;7.227;7.238;34000;34000
2026-06-08T13:54:54.0000000Z;7.219;7.24;1108;13431
2026-06-08T13:54:55.0000000Z;7.226;7.239;3460;3454
2026-06-08T13:54:56.0000000Z;7.226;7.239;3460;3454
2026-06-08T13:54:57.0000000Z;7.226;7.239;3460;3454
2026-06-08T13:54:58.0000000Z;7.226;7.239;3460;3454
2026-06-08T13:54:59.0000000Z;7.226;7.239;3460;3454
2026-06-08T13:55:00.0000000Z;7.226;7.239;3460;3454
2026-06-08T13:55:02.0000000Z;7.226;7.239;3460;3454
2026-06-08T13:55:03.0000000Z;7.226;7.239;3460;3454
2026-06-08T13:55:04.0000000Z;7.219;7.24;34000;34000
2026-06-08T13:55:05.0000000Z;7.219;7.24;34000;34000
2026-06-08T13:55:07.0000000Z;7.219;7.24;34000;34000
2026-06-08T13:55:08.0000000Z;7.219;7.24;34000;34000
2026-06-08T13:55:09.0000000Z;7.219;7.24;34000;34000
2026-06-08T13:55:11.0000000Z;7.219;7.24;34000;5016
2026-06-08T13:55:12.0000000Z;7.219;7.24;34000;5016
2026-06-08T13:55:13.0000000Z;7.219;7.24;34000;5016
2026-06-08T13:55:14.0000000Z;7.219;7.24;34000;5016
2026-06-08T13:55:15.0000000Z;7.219;7.24;34000;13431
2026-06-08T13:55:16.0000000Z;7.219;7.24;34000;13431
2026-06-08T13:55:17.0000000Z;7.219;7.24;34000;13431
2026-06-08T13:55:18.0000000Z;7.219;7.24;34000;13431
2026-06-08T13:55:19.0000000Z;7.219;7.24;34000;36395
2026-06-08T13:55:20.0000000Z;7.219;7.24;34000;36395
2026-06-08T13:55:21.0000000Z;7.219;7.24;34000;5016
2026-06-08T13:55:22.0000000Z;7.219;7.24;34000;5016
2026-06-08T13:55:23.0000000Z;7.219;7.24;34000;5016
2026-06-08T13:55:24.0000000Z;7.219;7.24;34000;5016
2026-06-08T13:55:25.0000000Z;7.219;7.24;34000;5016
2026-06-08T13:55:26.0000000Z;7.219;7.24;34000;5016
2026-06-08T13:55:27.0000000Z;7.219;7.24;34000;5016
2026-06-08T13:55:28.0000000Z;7.219;7.24;34000;5016
2026-06-08T13:55:29.0000000Z;7.221;7.239;1107;4835
2026-06-08T13:55:30.0000000Z;7.221;7.239;2767;4835
2026-06-08T13:55:31.0000000Z;7.221;7.239;2767;4835
2026-06-08T13:55:32.0000000Z;7.221;7.239;2767;7230
2026-06-08T13:55:33.0000000Z;7.221;7.238;2767;2395
2026-06-08T13:55:34.0000000Z;7.221;7.237;2767;34000
2026-06-08T13:55:35.0000000Z;7.221;7.237;2767;34000
2026-06-08T13:55:38.0000000Z;7.221;7.237;2767;34000
2026-06-08T13:55:39.0000000Z;7.221;7.237;2767;34000
2026-06-08T13:55:40.0000000Z;7.221;7.237;2767;6213
2026-06-08T13:55:41.0000000Z;7.221;7.237;2767;6213
2026-06-08T13:55:45.0000000Z;7.221;7.237;2767;6213
2026-06-08T13:55:47.0000000Z;7.221;7.237;2767;3592
2026-06-08T13:55:48.0000000Z;7.221;7.238;2767;8608
2026-06-08T13:55:49.0000000Z;7.221;7.236;2767;34000
2026-06-08T13:55:50.0000000Z;7.221;7.236;2767;6552
2026-06-08T13:55:51.0000000Z;7.221;7.236;2767;3931
2026-06-08T13:55:52.0000000Z;7.221;7.236;2767;6552
2026-06-08T13:55:53.0000000Z;7.221;7.234;2767;3931
2026-06-08T13:55:54.0000000Z;7.221;7.234;2767;34000
2026-06-08T13:55:55.0000000Z;7.221;7.234;2767;34000
2026-06-08T13:55:56.0000000Z;7.221;7.234;2767;34000
2026-06-08T13:55:57.0000000Z;7.219;7.234;1108;34000
2026-06-08T13:55:58.0000000Z;7.218;7.234;1108;6552
2026-06-08T13:55:59.0000000Z;7.22;7.234;1108;6552
2026-06-08T13:56:00.0000000Z;7.22;7.233;1108;2621
2026-06-08T13:56:01.0000000Z;7.218;7.232;34000;3931
2026-06-08T13:56:02.0000000Z;7.22;7.232;34000;34000
2026-06-08T13:56:03.0000000Z;7.22;7.232;1108;34000
2026-06-08T13:56:04.0000000Z;7.22;7.232;2445;34000
2026-06-08T13:56:05.0000000Z;7.22;7.232;1108;34000
2026-06-08T13:56:06.0000000Z;7.22;7.232;1108;34000
2026-06-08T13:56:07.0000000Z;7.22;7.232;1906;34000
2026-06-08T13:56:08.0000000Z;7.22;7.232;1906;34000
2026-06-08T13:56:09.0000000Z;7.22;7.232;1906;34000
2026-06-08T13:56:10.0000000Z;7.22;7.232;1108;34000
2026-06-08T13:56:11.0000000Z;7.218;7.233;1108;6552
2026-06-08T13:56:12.0000000Z;7.218;7.233;2770;6552
2026-06-08T13:56:13.0000000Z;7.218;7.233;2770;6552
2026-06-08T13:56:14.0000000Z;7.218;7.233;34000;34000
2026-06-08T13:56:15.0000000Z;7.218;7.233;34000;34000
2026-06-08T13:56:17.0000000Z;7.218;7.232;34000;2621
2026-06-08T13:56:18.0000000Z;7.218;7.231;1108;34000
2026-06-08T13:56:19.0000000Z;7.218;7.231;1108;34000
2026-06-08T13:56:20.0000000Z;7.218;7.231;1108;34000
2026-06-08T13:56:21.0000000Z;7.218;7.231;2770;34000
2026-06-08T13:56:22.0000000Z;7.218;7.231;2770;34000
2026-06-08T13:56:24.0000000Z;7.218;7.231;2770;34000
2026-06-08T13:56:25.0000000Z;7.218;7.231;1108;34000
2026-06-08T13:56:26.0000000Z;7.217;7.231;2770;34000
2026-06-08T13:56:27.0000000Z;7.217;7.231;2770;3931
2026-06-08T13:56:28.0000000Z;7.217;7.231;2770;3931
2026-06-08T13:56:29.0000000Z;7.217;7.231;2770;3931
2026-06-08T13:56:30.0000000Z;7.217;7.231;34000;3931
2026-06-08T13:56:31.0000000Z;7.217;7.231;34000;3931
2026-06-08T13:56:32.0000000Z;7.217;7.231;34000;3931
2026-06-08T13:56:34.0000000Z;7.217;7.231;34000;3931
2026-06-08T13:56:36.0000000Z;7.217;7.231;34000;3931
2026-06-08T13:56:37.0000000Z;7.217;7.231;34000;3931
2026-06-08T13:56:38.0000000Z;7.217;7.233;34000;3931
2026-06-08T13:56:40.0000000Z;7.217;7.232;34000;3457
2026-06-08T13:56:41.0000000Z;7.217;7.232;34000;3457
2026-06-08T13:56:42.0000000Z;7.217;7.232;34000;3457
2026-06-08T13:56:44.0000000Z;7.217;7.232;34000;3457
2026-06-08T13:56:45.0000000Z;7.217;7.232;34000;3457
2026-06-08T13:56:47.0000000Z;7.217;7.233;34000;34000
2026-06-08T13:56:50.0000000Z;7.217;7.233;34000;6552
2026-06-08T13:56:51.0000000Z;7.217;7.233;34000;6552
2026-06-08T13:56:53.0000000Z;7.217;7.234;34000;6213
2026-06-08T13:56:54.0000000Z;7.217;7.234;34000;6213
2026-06-08T13:56:55.0000000Z;7.217;7.234;34000;3592
2026-06-08T13:56:56.0000000Z;7.217;7.234;34000;6213
2026-06-08T13:56:57.0000000Z;7.217;7.234;34000;6213
2026-06-08T13:56:58.0000000Z;7.217;7.234;34000;3592
2026-06-08T13:56:59.0000000Z;7.217;7.234;34000;3592
2026-06-08T13:57:00.0000000Z;7.217;7.234;34000;3592
2026-06-08T13:57:02.0000000Z;7.217;7.234;34000;34000
2026-06-08T13:57:04.0000000Z;7.217;7.234;34000;34000
2026-06-08T13:57:05.0000000Z;7.217;7.235;2770;3931
2026-06-08T13:57:06.0000000Z;7.217;7.235;2770;3931
2026-06-08T13:57:07.0000000Z;7.217;7.235;2770;6552
2026-06-08T13:57:08.0000000Z;7.217;7.235;2770;3931
2026-06-08T13:57:09.0000000Z;7.217;7.235;2770;6552
2026-06-08T13:57:10.0000000Z;7.217;7.235;2770;6552
2026-06-08T13:57:12.0000000Z;7.217;7.234;2770;2621
2026-06-08T13:57:13.0000000Z;7.217;7.234;2770;34000
2026-06-08T13:57:14.0000000Z;7.217;7.233;2770;3931
2026-06-08T13:57:15.0000000Z;7.217;7.233;2770;34000
2026-06-08T13:57:16.0000000Z;7.217;7.233;2770;34000
2026-06-08T13:57:17.0000000Z;7.217;7.233;2770;34000
2026-06-08T13:57:18.0000000Z;7.217;7.233;2770;6552
2026-06-08T13:57:21.0000000Z;7.217;7.233;2770;6552
2026-06-08T13:57:22.0000000Z;7.217;7.233;2770;6552
2026-06-08T13:57:23.0000000Z;7.217;7.233;2770;3931
2026-06-08T13:57:24.0000000Z;7.217;7.233;2770;3931
2026-06-08T13:57:25.0000000Z;7.217;7.233;2770;3931
2026-06-08T13:57:26.0000000Z;7.217;7.233;2770;3931
2026-06-08T13:57:27.0000000Z;7.217;7.231;2770;3931
2026-06-08T13:57:28.0000000Z;7.217;7.231;2770;3931
2026-06-08T13:57:29.0000000Z;7.217;7.231;2770;34000
2026-06-08T13:57:30.0000000Z;7.217;7.231;2770;34000
2026-06-08T13:57:31.0000000Z;7.217;7.231;2770;34000
2026-06-08T13:57:32.0000000Z;7.217;7.231;2770;6552
2026-06-08T13:57:33.0000000Z;7.215;7.231;1108;6552
2026-06-08T13:57:34.0000000Z;7.217;7.231;1108;6552
2026-06-08T13:57:35.0000000Z;7.217;7.231;1108;6552
2026-06-08T13:57:36.0000000Z;7.215;7.231;1108;3931
2026-06-08T13:57:37.0000000Z;7.215;7.23;1108;2621
2026-06-08T13:57:38.0000000Z;7.215;7.229;1108;34000
2026-06-08T13:57:39.0000000Z;7.215;7.229;1108;34000
2026-06-08T13:57:40.0000000Z;7.215;7.229;1108;3931
2026-06-08T13:57:41.0000000Z;7.215;7.229;34000;3931
2026-06-08T13:57:42.0000000Z;7.215;7.229;2770;3931
2026-06-08T13:57:43.0000000Z;7.215;7.229;2770;3931
2026-06-08T13:57:44.0000000Z;7.215;7.231;2770;3592
2026-06-08T13:57:45.0000000Z;7.215;7.229;2770;3931
2026-06-08T13:57:46.0000000Z;7.215;7.229;2770;3931
2026-06-08T13:57:47.0000000Z;7.215;7.229;2770;3931
2026-06-08T13:57:48.0000000Z;7.215;7.229;2770;3931
2026-06-08T13:57:49.0000000Z;7.215;7.229;2770;3931
2026-06-08T13:57:51.0000000Z;7.215;7.229;2770;6552
2026-06-08T13:57:52.0000000Z;7.215;7.229;2770;6552
2026-06-08T13:57:53.0000000Z;7.214;7.229;1108;6552
2026-06-08T13:57:54.0000000Z;7.214;7.227;2770;3931
2026-06-08T13:57:55.0000000Z;7.214;7.227;4655;34000
2026-06-08T13:57:56.0000000Z;7.214;7.227;37466;34000
2026-06-08T13:57:57.0000000Z;7.214;7.227;37466;34000
2026-06-08T13:58:00.0000000Z;7.214;7.227;37466;34000
2026-06-08T13:58:01.0000000Z;7.214;7.227;37466;34000
2026-06-08T13:58:04.0000000Z;7.214;7.227;37466;34000
2026-06-08T13:58:05.0000000Z;7.214;7.227;34000;34000
2026-06-08T13:58:06.0000000Z;7.214;7.227;37466;34000
2026-06-08T13:58:07.0000000Z;7.214;7.227;2770;6552
2026-06-08T13:58:08.0000000Z;7.214;7.23;2770;10023
2026-06-08T13:58:09.0000000Z;7.214;7.228;2770;3931
2026-06-08T13:58:10.0000000Z;7.214;7.228;2770;37459
2026-06-08T13:58:11.0000000Z;7.214;7.228;2770;37459
2026-06-08T13:58:12.0000000Z;7.214;7.228;2770;6552
2026-06-08T13:58:13.0000000Z;7.214;7.228;2770;6552
2026-06-08T13:58:14.0000000Z;7.214;7.228;2770;6552
2026-06-08T13:58:16.0000000Z;7.214;7.228;2770;3931
2026-06-08T13:58:17.0000000Z;7.214;7.228;2770;3931
2026-06-08T13:58:18.0000000Z;7.214;7.228;2770;3931
2026-06-08T13:58:19.0000000Z;7.214;7.228;2770;34000
2026-06-08T13:58:20.0000000Z;7.214;7.229;2770;3931
2026-06-08T13:58:22.0000000Z;7.214;7.229;2770;3931
2026-06-08T13:58:23.0000000Z;7.214;7.229;2770;6552
2026-06-08T13:58:24.0000000Z;7.214;7.228;2770;2621
2026-06-08T13:58:25.0000000Z;7.214;7.227;2770;3931
2026-06-08T13:58:26.0000000Z;7.21;7.227;3503;34000
2026-06-08T13:58:27.0000000Z;7.214;7.227;1108;3931
2026-06-08T13:58:28.0000000Z;7.214;7.227;2770;3931
2026-06-08T13:58:29.0000000Z;7.214;7.227;2770;3931
2026-06-08T13:58:30.0000000Z;7.212;7.227;1108;3931
2026-06-08T13:58:31.0000000Z;7.212;7.227;1108;6552
2026-06-08T13:58:32.0000000Z;7.213;7.226;3466;2621
2026-06-08T13:58:33.0000000Z;7.213;7.226;3466;34000
2026-06-08T13:58:34.0000000Z;7.209;7.225;1108;3931
2026-06-08T13:58:35.0000000Z;7.211;7.225;2770;6552
2026-06-08T13:58:36.0000000Z;7.211;7.225;2770;6552
2026-06-08T13:58:37.0000000Z;7.211;7.225;1108;6552
2026-06-08T13:58:38.0000000Z;7.211;7.225;1108;6552
2026-06-08T13:58:40.0000000Z;7.211;7.225;1108;6552
2026-06-08T13:58:41.0000000Z;7.211;7.223;1108;34000
2026-06-08T13:58:42.0000000Z;7.209;7.223;1108;34000
2026-06-08T13:58:43.0000000Z;7.209;7.223;1108;34000
2026-06-08T13:58:44.0000000Z;7.211;7.223;2770;34000
2026-06-08T13:58:45.0000000Z;7.211;7.223;2770;34000
2026-06-08T13:58:46.0000000Z;7.211;7.223;2770;34000
2026-06-08T13:58:51.0000000Z;7.211;7.224;2770;3931
2026-06-08T13:58:52.0000000Z;7.211;7.224;2770;37461
2026-06-08T13:58:53.0000000Z;7.211;7.224;2770;37461
2026-06-08T13:58:54.0000000Z;7.211;7.224;2770;34000
2026-06-08T13:58:55.0000000Z;7.211;7.224;2770;34000
2026-06-08T13:58:56.0000000Z;7.211;7.224;2770;34000
2026-06-08T13:58:57.0000000Z;7.211;7.224;2770;34000
2026-06-08T13:58:58.0000000Z;7.211;7.224;2770;34000
2026-06-08T13:58:59.0000000Z;7.211;7.224;2770;34000
2026-06-08T13:59:00.0000000Z;7.211;7.224;2770;34000
2026-06-08T13:59:01.0000000Z;7.211;7.224;2770;34000
2026-06-08T13:59:02.0000000Z;7.211;7.224;2770;34000
2026-06-08T13:59:03.0000000Z;7.211;7.224;2770;34000
2026-06-08T13:59:04.0000000Z;7.211;7.224;2770;34000
2026-06-08T13:59:05.0000000Z;7.211;7.226;2770;5840
2026-06-08T13:59:06.0000000Z;7.211;7.229;2770;7524
2026-06-08T13:59:07.0000000Z;7.211;7.229;2770;7524
2026-06-08T13:59:08.0000000Z;7.211;7.225;2770;3461
2026-06-08T13:59:09.0000000Z;7.211;7.225;2770;3461
2026-06-08T13:59:10.0000000Z;7.211;7.225;2770;3461
2026-06-08T13:59:11.0000000Z;7.211;7.225;2770;3461
2026-06-08T13:59:12.0000000Z;7.211;7.229;2770;9919
2026-06-08T13:59:13.0000000Z;7.211;7.229;2770;7524
2026-06-08T13:59:15.0000000Z;7.211;7.229;2770;7524
2026-06-08T13:59:17.0000000Z;7.211;7.229;2770;34000
2026-06-08T13:59:18.0000000Z;7.211;7.229;2770;34000
2026-06-08T13:59:19.0000000Z;7.211;7.229;2770;34000
2026-06-08T13:59:20.0000000Z;7.211;7.229;2770;34000
2026-06-08T13:59:21.0000000Z;7.211;7.229;2770;34000
2026-06-08T13:59:22.0000000Z;7.211;7.229;2770;34000
2026-06-08T13:59:23.0000000Z;7.211;7.229;2770;34000
2026-06-08T13:59:24.0000000Z;7.211;7.23;2770;3931
2026-06-08T13:59:25.0000000Z;7.211;7.23;2770;3931
2026-06-08T13:59:26.0000000Z;7.211;7.23;2770;37458
2026-06-08T13:59:27.0000000Z;7.211;7.23;2770;3931
2026-06-08T13:59:28.0000000Z;7.211;7.23;2770;3931
2026-06-08T13:59:29.0000000Z;7.211;7.23;2770;3931
2026-06-08T13:59:30.0000000Z;7.211;7.23;2770;6552
2026-06-08T13:59:31.0000000Z;7.211;7.23;5165;6552
2026-06-08T13:59:32.0000000Z;7.211;7.23;5165;6552
2026-06-08T13:59:33.0000000Z;7.211;7.228;5165;3931
2026-06-08T13:59:34.0000000Z;7.211;7.228;5165;34000
2026-06-08T13:59:35.0000000Z;7.211;7.228;5165;34000
2026-06-08T13:59:36.0000000Z;7.211;7.228;5165;34000
2026-06-08T13:59:37.0000000Z;7.211;7.228;5165;34000
2026-06-08T13:59:38.0000000Z;7.211;7.228;5165;34000
2026-06-08T13:59:39.0000000Z;7.211;7.228;5165;34000
2026-06-08T13:59:40.0000000Z;7.211;7.228;5165;34000
2026-06-08T13:59:41.0000000Z;7.211;7.228;5165;34000
2026-06-08T13:59:42.0000000Z;7.211;7.228;2770;34000
2026-06-08T13:59:43.0000000Z;7.211;7.228;2770;34000
2026-06-08T13:59:44.0000000Z;7.211;7.228;2770;6552
2026-06-08T13:59:47.0000000Z;7.211;7.229;2770;6213
2026-06-08T13:59:49.0000000Z;7.211;7.229;2770;6213
2026-06-08T13:59:50.0000000Z;7.211;7.229;2770;6213
2026-06-08T13:59:51.0000000Z;7.211;7.229;2770;37459
2026-06-08T13:59:52.0000000Z;7.211;7.229;2770;10936
2026-06-08T13:59:54.0000000Z;7.211;7.229;2770;10936
2026-06-08T13:59:57.0000000Z;7.211;7.229;2770;10936
2026-06-08T13:59:58.0000000Z;7.211;7.229;2770;10936
2026-06-08T13:59:59.0000000Z;7.211;7.229;2770;34000
2026-06-08T14:00:00.0000000Z;7.211;7.229;2770;34000
2026-06-08T14:00:01.0000000Z;7.211;7.229;2770;34000
2026-06-08T14:00:02.0000000Z;7.211;7.229;2770;34000
2026-06-08T14:00:03.0000000Z;7.211;7.229;2770;34000
2026-06-08T14:00:05.0000000Z;7.211;7.229;2770;34000
2026-06-08T14:00:09.0000000Z;7.211;7.229;2770;34000
2026-06-08T14:00:10.0000000Z;7.211;7.229;2770;34000
2026-06-08T14:00:11.0000000Z;7.211;7.229;2770;6213
2026-06-08T14:00:12.0000000Z;7.211;7.229;2770;6213
2026-06-08T14:00:13.0000000Z;7.211;7.229;2770;6213
2026-06-08T14:00:14.0000000Z;7.211;7.229;2770;6213
2026-06-08T14:00:15.0000000Z;7.211;7.227;2770;3592
2026-06-08T14:00:16.0000000Z;7.211;7.227;2770;34000
2026-06-08T14:00:17.0000000Z;7.211;7.227;2770;34000
2026-06-08T14:00:18.0000000Z;7.211;7.227;2770;6213
2026-06-08T14:00:20.0000000Z;7.211;7.227;2770;6213
2026-06-08T14:00:21.0000000Z;7.211;7.227;2770;6213
2026-06-08T14:00:22.0000000Z;7.211;7.227;2770;6213
2026-06-08T14:00:23.0000000Z;7.211;7.227;2770;6213
2026-06-08T14:00:24.0000000Z;7.211;7.227;2770;3592
2026-06-08T14:00:25.0000000Z;7.211;7.227;2770;3592
2026-06-08T14:00:26.0000000Z;7.211;7.227;2770;3592
2026-06-08T14:00:27.0000000Z;7.211;7.227;2770;3592
2026-06-08T14:00:28.0000000Z;7.211;7.227;2770;3592
2026-06-08T14:00:29.0000000Z;7.211;7.227;2770;3592
2026-06-08T14:00:30.0000000Z;7.211;7.227;2770;3592
2026-06-08T14:00:31.0000000Z;7.211;7.227;2770;3592
2026-06-08T14:00:32.0000000Z;7.211;7.227;2770;3592
2026-06-08T14:00:33.0000000Z;7.211;7.227;2770;3592
2026-06-08T14:00:34.0000000Z;7.211;7.227;2770;3592
2026-06-08T14:00:35.0000000Z;7.211;7.227;2770;3592
2026-06-08T14:00:36.0000000Z;7.211;7.227;2770;3592
2026-06-08T14:00:37.0000000Z;7.211;7.227;2770;3592
2026-06-08T14:00:39.0000000Z;7.211;7.227;2770;3592
2026-06-08T14:00:40.0000000Z;7.211;7.227;2770;3592
2026-06-08T14:00:42.0000000Z;7.211;7.227;2770;3592
2026-06-08T14:00:44.0000000Z;7.211;7.227;2770;3592
2026-06-08T14:00:46.0000000Z;7.211;7.227;2770;3592
2026-06-08T14:00:48.0000000Z;7.211;7.227;2770;3592
2026-06-08T14:00:50.0000000Z;7.211;7.227;2770;3592
2026-06-08T14:00:51.0000000Z;7.211;7.227;2770;3592
2026-06-08T14:00:53.0000000Z;7.211;7.229;2770;3931
2026-06-08T14:00:54.0000000Z;7.211;7.229;2770;3931
2026-06-08T14:00:55.0000000Z;7.211;7.229;2770;6552
2026-06-08T14:00:56.0000000Z;7.211;7.229;2770;6552
2026-06-08T14:00:57.0000000Z;7.211;7.228;2770;3459
2026-06-08T14:00:58.0000000Z;7.211;7.229;2770;3931
2026-06-08T14:00:59.0000000Z;7.211;7.229;2770;3931
2026-06-08T14:01:00.0000000Z;7.211;7.229;2770;3931
2026-06-08T14:01:01.0000000Z;7.211;7.229;2770;3931
2026-06-08T14:01:02.0000000Z;7.211;7.229;2770;3931
2026-06-08T14:01:03.0000000Z;7.211;7.23;2770;5987
2026-06-08T14:01:04.0000000Z;7.211;7.229;2770;34000
2026-06-08T14:01:05.0000000Z;7.211;7.23;2770;36395
2026-06-08T14:01:06.0000000Z;7.211;7.23;2770;36395
2026-06-08T14:01:07.0000000Z;7.211;7.23;2770;36395
2026-06-08T14:01:10.0000000Z;7.211;7.23;2770;36395
2026-06-08T14:01:11.0000000Z;7.211;7.23;2770;36395
2026-06-08T14:01:13.0000000Z;7.211;7.23;2770;36395
2026-06-08T14:01:14.0000000Z;7.211;7.23;2770;36395
2026-06-08T14:01:16.0000000Z;7.211;7.23;5165;36395
2026-06-08T14:01:17.0000000Z;7.211;7.23;5165;8608
2026-06-08T14:01:18.0000000Z;7.211;7.228;5165;3592
2026-06-08T14:01:19.0000000Z;7.211;7.228;5165;34000
2026-06-08T14:01:20.0000000Z;7.211;7.228;5165;34000
2026-06-08T14:01:21.0000000Z;7.211;7.228;5165;34000
2026-06-08T14:01:22.0000000Z;7.211;7.228;5165;34000
2026-06-08T14:01:23.0000000Z;7.211;7.228;5165;34000
2026-06-08T14:01:25.0000000Z;7.211;7.228;36395;34000
2026-06-08T14:01:26.0000000Z;7.211;7.228;36395;34000
2026-06-08T14:01:28.0000000Z;7.211;7.228;36395;34000
2026-06-08T14:01:29.0000000Z;7.211;7.229;36395;7524
2026-06-08T14:01:31.0000000Z;7.211;7.229;36395;37459
2026-06-08T14:01:33.0000000Z;7.211;7.229;36395;37459
2026-06-08T14:01:34.0000000Z;7.211;7.229;36395;37459
2026-06-08T14:01:35.0000000Z;7.215;7.229;2770;37459
2026-06-08T14:01:36.0000000Z;7.215;7.229;34000;37459
2026-06-08T14:01:37.0000000Z;7.215;7.229;34000;37459
2026-06-08T14:01:39.0000000Z;7.215;7.229;34000;34000
2026-06-08T14:01:40.0000000Z;7.215;7.229;34000;34000
2026-06-08T14:01:41.0000000Z;7.215;7.229;34000;34000
2026-06-08T14:01:43.0000000Z;7.215;7.229;34000;34000
2026-06-08T14:01:44.0000000Z;7.215;7.229;34000;34000
2026-06-08T14:01:45.0000000Z;7.215;7.229;34000;34000
2026-06-08T14:01:46.0000000Z;7.215;7.229;34000;34000
2026-06-08T14:01:47.0000000Z;7.215;7.229;34000;34000
2026-06-08T14:01:48.0000000Z;7.215;7.232;34000;18726
2026-06-08T14:01:49.0000000Z;7.215;7.23;34000;37458
2026-06-08T14:01:50.0000000Z;7.215;7.23;34000;37458
2026-06-08T14:01:51.0000000Z;7.215;7.23;34000;3458
2026-06-08T14:01:52.0000000Z;7.215;7.23;34000;3458
2026-06-08T14:01:53.0000000Z;7.215;7.232;34000;16331
2026-06-08T14:01:54.0000000Z;7.215;7.232;34000;12400
2026-06-08T14:01:55.0000000Z;7.215;7.232;34000;12400
2026-06-08T14:01:56.0000000Z;7.215;7.232;5165;12400
2026-06-08T14:01:57.0000000Z;7.215;7.232;5165;12400
2026-06-08T14:01:58.0000000Z;7.215;7.232;5165;34000
2026-06-08T14:01:59.0000000Z;7.215;7.232;5165;34000
2026-06-08T14:01:59.0000000Z;7.215;7.232;5165;34000
2026-06-08T14:02:01.0000000Z;7.215;7.232;5165;34000
2026-06-08T14:02:03.0000000Z;7.215;7.232;5165;34000
2026-06-08T14:02:04.0000000Z;7.215;7.232;5165;34000
2026-06-08T14:02:05.0000000Z;7.215;7.232;5165;34000
2026-06-08T14:02:06.0000000Z;7.215;7.232;5165;34000
2026-06-08T14:02:07.0000000Z;7.215;7.232;5165;34000
2026-06-08T14:02:09.0000000Z;7.215;7.232;5165;34000
2026-06-08T14:02:10.0000000Z;7.215;7.232;5165;34000
2026-06-08T14:02:11.0000000Z;7.215;7.232;5165;34000
2026-06-08T14:02:13.0000000Z;7.215;7.232;34000;34000
2026-06-08T14:02:16.0000000Z;7.215;7.232;34000;34000
2026-06-08T14:02:17.0000000Z;7.215;7.232;34000;34000
2026-06-08T14:02:18.0000000Z;7.215;7.232;34000;34000
2026-06-08T14:02:19.0000000Z;7.215;7.232;34000;34000
2026-06-08T14:02:20.0000000Z;7.22;7.232;2770;34000
2026-06-08T14:02:21.0000000Z;7.22;7.232;34000;34000
2026-06-08T14:02:23.0000000Z;7.215;7.232;1108;34000
2026-06-08T14:02:24.0000000Z;7.215;7.232;1108;34000
2026-06-08T14:02:25.0000000Z;7.215;7.232;1108;34000
2026-06-08T14:02:26.0000000Z;7.219;7.232;1108;34000
2026-06-08T14:02:27.0000000Z;7.219;7.232;1108;34000
2026-06-08T14:02:28.0000000Z;7.219;7.232;34000;34000
2026-06-08T14:02:30.0000000Z;7.219;7.232;34000;34000
2026-06-08T14:02:31.0000000Z;7.217;7.232;2770;34000
2026-06-08T14:02:33.0000000Z;7.218;7.232;3464;34000
2026-06-08T14:02:34.0000000Z;7.218;7.232;3464;34000
2026-06-08T14:02:37.0000000Z;7.218;7.232;3464;34000
2026-06-08T14:02:38.0000000Z;7.217;7.231;2770;3931
2026-06-08T14:02:39.0000000Z;7.217;7.231;2770;3931
2026-06-08T14:02:40.0000000Z;7.217;7.231;2770;34000
2026-06-08T14:02:41.0000000Z;7.217;7.231;2770;34000
2026-06-08T14:02:42.0000000Z;7.217;7.231;2770;34000
2026-06-08T14:02:43.0000000Z;7.217;7.231;34000;34000
2026-06-08T14:02:44.0000000Z;7.217;7.231;1108;34000
2026-06-08T14:02:45.0000000Z;7.217;7.231;1973;34000
2026-06-08T14:02:46.0000000Z;7.217;7.231;1108;6552
2026-06-08T14:02:47.0000000Z;7.217;7.231;1108;3931
2026-06-08T14:02:48.0000000Z;7.217;7.231;1108;6552
2026-06-08T14:02:49.0000000Z;7.217;7.231;1108;6552
2026-06-08T14:02:50.0000000Z;7.211;7.229;1108;3931
2026-06-08T14:02:52.0000000Z;7.211;7.229;1108;34000
2026-06-08T14:02:53.0000000Z;7.216;7.229;3465;34000
2026-06-08T14:02:54.0000000Z;7.216;7.229;3465;34000
2026-06-08T14:02:55.0000000Z;7.216;7.23;3465;6552
2026-06-08T14:02:56.0000000Z;7.216;7.23;3465;8947
2026-06-08T14:02:57.0000000Z;7.212;7.23;1108;34000
2026-06-08T14:02:58.0000000Z;7.214;7.228;2207;34000
2026-06-08T14:02:59.0000000Z;7.214;7.228;2207;34000
2026-06-08T14:03:00.0000000Z;7.214;7.228;2207;34000
2026-06-08T14:03:01.0000000Z;7.21;7.228;1108;34000
2026-06-08T14:03:02.0000000Z;7.212;7.228;1108;34000
2026-06-08T14:03:03.0000000Z;7.214;7.228;2770;34000
2026-06-08T14:03:04.0000000Z;7.212;7.228;34000;34000
2026-06-08T14:03:05.0000000Z;7.214;7.228;34000;34000
2026-06-08T14:03:06.0000000Z;7.212;7.228;1108;34000
2026-06-08T14:03:07.0000000Z;7.214;7.228;1108;34000
2026-06-08T14:03:08.0000000Z;7.214;7.228;1108;6552
2026-06-08T14:03:09.0000000Z;7.214;7.227;1108;2621
2026-06-08T14:03:10.0000000Z;7.214;7.226;1108;3931
2026-06-08T14:03:11.0000000Z;7.21;7.226;1108;34000
2026-06-08T14:03:12.0000000Z;7.214;7.226;1108;34000
2026-06-08T14:03:13.0000000Z;7.214;7.226;2770;34000
2026-06-08T14:03:14.0000000Z;7.214;7.226;2770;34000
2026-06-08T14:03:15.0000000Z;7.214;7.226;2770;34000
2026-06-08T14:03:16.0000000Z;7.214;7.226;2770;34000
2026-06-08T14:03:17.0000000Z;7.214;7.226;2770;34000
2026-06-08T14:03:18.0000000Z;7.214;7.226;2770;34000
2026-06-08T14:03:20.0000000Z;7.214;7.23;2770;6326
2026-06-08T14:03:21.0000000Z;7.214;7.23;2770;6326
2026-06-08T14:03:22.0000000Z;7.214;7.23;2770;3931
2026-06-08T14:03:23.0000000Z;7.214;7.23;2770;3931
2026-06-08T14:03:27.0000000Z;7.214;7.23;2770;3931
2026-06-08T14:03:28.0000000Z;7.214;7.23;2770;3931
2026-06-08T14:03:30.0000000Z;7.214;7.23;2770;3931
2026-06-08T14:03:33.0000000Z;7.214;7.23;2770;34000
2026-06-08T14:03:34.0000000Z;7.214;7.231;2770;3592
2026-06-08T14:03:35.0000000Z;7.214;7.231;2770;3592
2026-06-08T14:03:36.0000000Z;7.214;7.231;2770;37458
2026-06-08T14:03:38.0000000Z;7.214;7.231;2770;3592
2026-06-08T14:03:39.0000000Z;7.214;7.231;2770;3592
2026-06-08T14:03:40.0000000Z;7.214;7.231;2770;3592
2026-06-08T14:03:41.0000000Z;7.214;7.231;2770;5987
2026-06-08T14:03:42.0000000Z;7.214;7.231;2770;8608
2026-06-08T14:03:43.0000000Z;7.214;7.231;2770;8608
2026-06-08T14:03:44.0000000Z;7.214;7.231;2770;8608
2026-06-08T14:03:45.0000000Z;7.214;7.231;2770;8608
2026-06-08T14:03:46.0000000Z;7.214;7.231;2770;34000
2026-06-08T14:03:48.0000000Z;7.214;7.231;2770;34000
2026-06-08T14:03:49.0000000Z;7.214;7.231;2770;34000
2026-06-08T14:03:50.0000000Z;7.214;7.231;2770;34000
2026-06-08T14:03:51.0000000Z;7.214;7.23;2770;5016
2026-06-08T14:03:52.0000000Z;7.214;7.229;2770;7524
2026-06-08T14:03:53.0000000Z;7.214;7.229;2770;7524
2026-06-08T14:03:54.0000000Z;7.214;7.229;2770;34000
2026-06-08T14:03:55.0000000Z;7.214;7.229;2770;34000
2026-06-08T14:03:56.0000000Z;7.214;7.229;2770;34000
2026-06-08T14:03:57.0000000Z;7.214;7.229;2770;34000
2026-06-08T14:03:58.0000000Z;7.214;7.229;2770;34000
2026-06-08T14:03:59.0000000Z;7.214;7.229;2770;34000
2026-06-08T14:03:59.0000000Z;7.214;7.229;2770;3931
2026-06-08T14:04:00.0000000Z;7.214;7.229;2770;3931
2026-06-08T14:04:01.0000000Z;7.214;7.229;2770;3931
2026-06-08T14:04:02.0000000Z;7.214;7.229;2770;3931
2026-06-08T14:04:03.0000000Z;7.214;7.229;2770;3931
2026-06-08T14:04:04.0000000Z;7.214;7.229;2770;3931
2026-06-08T14:04:05.0000000Z;7.214;7.229;2770;3931
2026-06-08T14:04:06.0000000Z;7.214;7.229;2770;6552
2026-06-08T14:04:07.0000000Z;7.214;7.229;2770;6552
2026-06-08T14:04:10.0000000Z;7.214;7.227;2770;3931
2026-06-08T14:04:11.0000000Z;7.214;7.227;1108;3931
2026-06-08T14:04:12.0000000Z;7.214;7.227;1108;34000
2026-06-08T14:04:13.0000000Z;7.214;7.227;2117;34000
2026-06-08T14:04:14.0000000Z;7.214;7.227;2117;34000
2026-06-08T14:04:17.0000000Z;7.214;7.227;2770;34000
2026-06-08T14:04:18.0000000Z;7.214;7.227;2770;34000
2026-06-08T14:04:19.0000000Z;7.214;7.227;2770;34000
2026-06-08T14:04:20.0000000Z;7.214;7.229;2770;6552
2026-06-08T14:04:21.0000000Z;7.214;7.227;2770;3931
2026-06-08T14:04:22.0000000Z;7.214;7.227;2770;3931
2026-06-08T14:04:23.0000000Z;7.214;7.227;2770;3931
2026-06-08T14:04:24.0000000Z;7.214;7.227;2770;3931
2026-06-08T14:04:25.0000000Z;7.214;7.227;2770;3931
2026-06-08T14:04:28.0000000Z;7.214;7.227;2770;3931
2026-06-08T14:04:29.0000000Z;7.209;7.231;3503;2621
2026-06-08T14:04:30.0000000Z;7.209;7.231;3503;2621
2026-06-08T14:04:31.0000000Z;7.207;7.229;1108;2621
2026-06-08T14:04:32.0000000Z;7.213;7.228;3466;3459
2026-06-08T14:04:35.0000000Z;7.213;7.229;3466;5016
2026-06-08T14:04:36.0000000Z;7.209;7.229;1108;5016
2026-06-08T14:04:37.0000000Z;7.209;7.229;3503;5016
2026-06-08T14:04:38.0000000Z;7.215;7.228;34000;37459
2026-06-08T14:04:39.0000000Z;7.213;7.227;3466;34000
2026-06-08T14:04:40.0000000Z;7.215;7.226;34000;34000
2026-06-08T14:04:42.0000000Z;7.214;7.226;34000;34000
2026-06-08T14:04:44.0000000Z;7.214;7.226;34000;34000
2026-06-08T14:04:45.0000000Z;7.214;7.226;1108;34000
2026-06-08T14:04:46.0000000Z;7.214;7.226;1108;34000
2026-06-08T14:04:48.0000000Z;7.214;7.226;1108;34000
2026-06-08T14:04:49.0000000Z;7.214;7.226;1108;34000
2026-06-08T14:04:50.0000000Z;7.214;7.227;1108;6552
2026-06-08T14:04:52.0000000Z;7.214;7.227;1108;3931
2026-06-08T14:04:54.0000000Z;7.214;7.227;1108;37460
2026-06-08T14:04:55.0000000Z;7.212;7.227;2770;6552
2026-06-08T14:04:56.0000000Z;7.212;7.227;2770;6552
2026-06-08T14:04:57.0000000Z;7.212;7.227;2770;6552
2026-06-08T14:04:58.0000000Z;7.213;7.227;3466;3931
2026-06-08T14:04:59.0000000Z;7.213;7.227;3466;3931
2026-06-08T14:05:00.0000000Z;7.212;7.227;34000;34000
2026-06-08T14:05:01.0000000Z;7.212;7.227;34000;34000
2026-06-08T14:05:02.0000000Z;7.212;7.227;34000;34000
2026-06-08T14:05:05.0000000Z;7.212;7.227;34000;6552
2026-06-08T14:05:06.0000000Z;7.212;7.227;34000;3931
2026-06-08T14:05:14.0000000Z;7.212;7.227;34000;6552
2026-06-08T14:05:15.0000000Z;7.212;7.227;34000;6552
2026-06-08T14:05:16.0000000Z;7.21;7.226;1108;2621
2026-06-08T14:05:17.0000000Z;7.212;7.225;1108;3931
2026-06-08T14:05:18.0000000Z;7.212;7.225;1108;3931
2026-06-08T14:05:19.0000000Z;7.212;7.225;1108;34000
2026-06-08T14:05:20.0000000Z;7.212;7.225;1108;34000
2026-06-08T14:05:21.0000000Z;7.212;7.225;1108;34000
2026-06-08T14:05:22.0000000Z;7.212;7.225;1108;34000
2026-06-08T14:05:23.0000000Z;7.212;7.225;1108;34000
2026-06-08T14:05:24.0000000Z;7.212;7.225;1108;34000
2026-06-08T14:05:25.0000000Z;7.212;7.225;1108;34000
2026-06-08T14:05:26.0000000Z;7.212;7.225;1108;34000
2026-06-08T14:05:27.0000000Z;7.212;7.225;1108;6552
2026-06-08T14:05:28.0000000Z;7.212;7.225;1108;6552
2026-06-08T14:05:29.0000000Z;7.212;7.225;1108;6552
2026-06-08T14:05:30.0000000Z;7.21;7.225;1108;6552
2026-06-08T14:05:31.0000000Z;7.21;7.225;2770;6552
2026-06-08T14:05:32.0000000Z;7.211;7.225;3467;6552
2026-06-08T14:05:34.0000000Z;7.211;7.225;3467;6552
2026-06-08T14:05:35.0000000Z;7.211;7.225;3467;6552
2026-06-08T14:05:36.0000000Z;7.211;7.225;3467;6552
2026-06-08T14:05:37.0000000Z;7.211;7.225;3467;6552
2026-06-08T14:05:38.0000000Z;7.211;7.225;3467;6552
2026-06-08T14:05:39.0000000Z;7.21;7.225;34000;6552
2026-06-08T14:05:43.0000000Z;7.21;7.225;34000;6552
2026-06-08T14:05:45.0000000Z;7.21;7.225;34000;6552
2026-06-08T14:05:46.0000000Z;7.21;7.225;34000;6552
2026-06-08T14:05:47.0000000Z;7.21;7.225;34000;8947
2026-06-08T14:05:48.0000000Z;7.21;7.225;34000;8947
2026-06-08T14:05:49.0000000Z;7.21;7.225;34000;8947
2026-06-08T14:05:50.0000000Z;7.21;7.225;34000;8947
2026-06-08T14:05:51.0000000Z;7.21;7.225;34000;8947
2026-06-08T14:05:52.0000000Z;7.21;7.223;34000;3931
2026-06-08T14:05:53.0000000Z;7.21;7.223;34000;3931
2026-06-08T14:05:54.0000000Z;7.21;7.223;34000;34000
2026-06-08T14:05:55.0000000Z;7.21;7.223;34000;34000
2026-06-08T14:05:56.0000000Z;7.21;7.223;34000;34000
2026-06-08T14:05:57.0000000Z;7.21;7.223;34000;34000
2026-06-08T14:05:58.0000000Z;7.21;7.223;1108;34000
2026-06-08T14:05:59.0000000Z;7.21;7.223;1108;34000
2026-06-08T14:05:59.0000000Z;7.21;7.223;2770;34000
2026-06-08T14:06:00.0000000Z;7.21;7.223;2770;34000
2026-06-08T14:06:01.0000000Z;7.21;7.223;2770;34000
2026-06-08T14:06:02.0000000Z;7.21;7.225;2770;8947
2026-06-08T14:06:03.0000000Z;7.21;7.225;2770;3931
2026-06-08T14:06:04.0000000Z;7.21;7.225;2770;34000
2026-06-08T14:06:05.0000000Z;7.21;7.225;2770;34000
2026-06-08T14:06:06.0000000Z;7.21;7.225;2770;34000
2026-06-08T14:06:07.0000000Z;7.21;7.225;2770;34000
2026-06-08T14:06:08.0000000Z;7.21;7.225;2770;34000
2026-06-08T14:06:09.0000000Z;7.21;7.225;2770;34000
2026-06-08T14:06:10.0000000Z;7.21;7.225;2770;34000
2026-06-08T14:06:11.0000000Z;7.21;7.226;2770;3931
2026-06-08T14:06:12.0000000Z;7.21;7.225;2770;3592
2026-06-08T14:06:13.0000000Z;7.21;7.225;2770;3592
2026-06-08T14:06:14.0000000Z;7.21;7.225;2770;3592
2026-06-08T14:06:15.0000000Z;7.21;7.225;2770;3592
2026-06-08T14:06:16.0000000Z;7.21;7.225;2770;3592
2026-06-08T14:06:17.0000000Z;7.21;7.225;2770;3592
2026-06-08T14:06:21.0000000Z;7.21;7.225;2770;3592
2026-06-08T14:06:22.0000000Z;7.21;7.225;2770;3592
2026-06-08T14:06:23.0000000Z;7.21;7.226;2770;3592
2026-06-08T14:06:24.0000000Z;7.21;7.226;2770;3592
2026-06-08T14:06:25.0000000Z;7.21;7.226;2770;3592
2026-06-08T14:06:26.0000000Z;7.21;7.226;2770;37460
2026-06-08T14:06:35.0000000Z;7.21;7.226;2770;37460
2026-06-08T14:06:36.0000000Z;7.21;7.226;2770;34000
2026-06-08T14:06:37.0000000Z;7.21;7.226;2770;34000
2026-06-08T14:06:38.0000000Z;7.21;7.226;2770;34000
2026-06-08T14:06:39.0000000Z;7.21;7.228;2770;6326
2026-06-08T14:06:40.0000000Z;7.21;7.228;2770;6326
2026-06-08T14:06:41.0000000Z;7.21;7.228;2770;6326
2026-06-08T14:06:42.0000000Z;7.21;7.227;5165;3460
2026-06-08T14:06:43.0000000Z;7.21;7.227;5165;3460
2026-06-08T14:06:44.0000000Z;7.21;7.227;5165;3460
2026-06-08T14:06:45.0000000Z;7.21;7.227;5165;3460
2026-06-08T14:06:46.0000000Z;7.21;7.227;5165;3460
2026-06-08T14:06:47.0000000Z;7.21;7.228;2770;8947
2026-06-08T14:06:49.0000000Z;7.21;7.228;2770;6326
2026-06-08T14:06:50.0000000Z;7.21;7.228;2770;6326
2026-06-08T14:06:51.0000000Z;7.21;7.228;2770;8947
2026-06-08T14:06:52.0000000Z;7.21;7.228;2770;6326
2026-06-08T14:06:53.0000000Z;7.21;7.228;2770;6326
2026-06-08T14:06:54.0000000Z;7.21;7.228;2770;6326
2026-06-08T14:06:55.0000000Z;7.21;7.228;2770;6326
2026-06-08T14:06:56.0000000Z;7.21;7.228;2770;6326
2026-06-08T14:06:57.0000000Z;7.21;7.228;2770;3931
2026-06-08T14:06:58.0000000Z;7.21;7.228;2770;3592
2026-06-08T14:06:59.0000000Z;7.21;7.228;2770;3592
2026-06-08T14:06:59.0000000Z;7.21;7.228;2770;3592
2026-06-08T14:07:00.0000000Z;7.21;7.228;2770;3592
2026-06-08T14:07:01.0000000Z;7.21;7.228;2770;3592
2026-06-08T14:07:02.0000000Z;7.21;7.228;2770;3592
2026-06-08T14:07:03.0000000Z;7.21;7.228;2770;3592
2026-06-08T14:07:04.0000000Z;7.21;7.228;2770;3592
2026-06-08T14:07:09.0000000Z;7.21;7.228;2770;3592
2026-06-08T14:07:10.0000000Z;7.21;7.228;2770;3592
2026-06-08T14:07:11.0000000Z;7.21;7.228;2770;3592
2026-06-08T14:07:12.0000000Z;7.21;7.228;2770;3592
2026-06-08T14:07:13.0000000Z;7.21;7.228;2770;3592
2026-06-08T14:07:19.0000000Z;7.21;7.228;2770;6213
2026-06-08T14:07:20.0000000Z;7.21;7.228;2770;6213
2026-06-08T14:07:21.0000000Z;7.21;7.228;2770;6213
2026-06-08T14:07:22.0000000Z;7.21;7.228;2770;6213
2026-06-08T14:07:23.0000000Z;7.21;7.228;2770;6213
2026-06-08T14:07:25.0000000Z;7.21;7.228;2770;6213
2026-06-08T14:07:26.0000000Z;7.21;7.228;2770;6213
2026-06-08T14:07:27.0000000Z;7.21;7.228;2770;6213
2026-06-08T14:07:28.0000000Z;7.21;7.228;2770;8608
2026-06-08T14:07:31.0000000Z;7.21;7.228;2770;8608
2026-06-08T14:07:32.0000000Z;7.21;7.228;2770;8608
2026-06-08T14:07:34.0000000Z;7.21;7.228;2770;8608
2026-06-08T14:07:37.0000000Z;7.21;7.228;2770;13331
2026-06-08T14:07:38.0000000Z;7.21;7.228;2770;13331
2026-06-08T14:07:40.0000000Z;7.21;7.228;2770;13331
2026-06-08T14:07:41.0000000Z;7.21;7.228;2770;13331
2026-06-08T14:07:42.0000000Z;7.21;7.228;2770;36395
2026-06-08T14:07:43.0000000Z;7.21;7.225;2770;6552
2026-06-08T14:07:44.0000000Z;7.21;7.225;2770;34000
2026-06-08T14:07:45.0000000Z;7.21;7.225;2770;34000
2026-06-08T14:07:46.0000000Z;7.21;7.225;2770;6552
2026-06-08T14:07:47.0000000Z;7.21;7.225;2770;3931
2026-06-08T14:07:48.0000000Z;7.21;7.225;2770;3931
2026-06-08T14:07:50.0000000Z;7.21;7.225;2770;6552
2026-06-08T14:07:51.0000000Z;7.21;7.225;2770;3931
2026-06-08T14:07:52.0000000Z;7.21;7.225;2770;3931
2026-06-08T14:07:54.0000000Z;7.21;7.225;2770;3931
2026-06-08T14:07:55.0000000Z;7.21;7.225;2770;3931
2026-06-08T14:07:56.0000000Z;7.21;7.225;2770;6552
2026-06-08T14:07:57.0000000Z;7.21;7.224;2770;3931
2026-06-08T14:07:58.0000000Z;7.21;7.224;2770;3931
2026-06-08T14:07:59.0000000Z;7.21;7.224;2770;3931
2026-06-08T14:08:00.0000000Z;7.21;7.224;2770;3931
2026-06-08T14:08:01.0000000Z;7.21;7.224;2770;3931
2026-06-08T14:08:02.0000000Z;7.21;7.224;2770;3931
2026-06-08T14:08:03.0000000Z;7.21;7.224;2770;3931
2026-06-08T14:08:04.0000000Z;7.21;7.224;2770;3931
2026-06-08T14:08:05.0000000Z;7.21;7.224;2770;3931
2026-06-08T14:08:06.0000000Z;7.21;7.224;2770;3931
2026-06-08T14:08:07.0000000Z;7.21;7.225;2770;3931
2026-06-08T14:08:08.0000000Z;7.21;7.225;2770;3931
2026-06-08T14:08:09.0000000Z;7.21;7.225;2770;37461
2026-06-08T14:08:10.0000000Z;7.21;7.225;2770;37461
2026-06-08T14:08:11.0000000Z;7.21;7.225;2770;37461
2026-06-08T14:08:14.0000000Z;7.21;7.225;2770;37461
2026-06-08T14:08:16.0000000Z;7.21;7.225;2770;37461
2026-06-08T14:08:18.0000000Z;7.21;7.225;2770;6552
2026-06-08T14:08:19.0000000Z;7.21;7.225;2770;34000
2026-06-08T14:08:20.0000000Z;7.21;7.225;1108;34000
2026-06-08T14:08:21.0000000Z;7.21;7.224;1108;2621
2026-06-08T14:08:22.0000000Z;7.21;7.223;1108;6326
2026-06-08T14:08:23.0000000Z;7.21;7.223;1108;34000
2026-06-08T14:08:24.0000000Z;7.21;7.223;1108;6326
2026-06-08T14:08:26.0000000Z;7.21;7.223;1108;6326
2026-06-08T14:08:27.0000000Z;7.21;7.223;1108;6326
2026-06-08T14:08:28.0000000Z;7.209;7.223;1108;6326
2026-06-08T14:08:29.0000000Z;7.209;7.223;2770;3931
2026-06-08T14:08:30.0000000Z;7.209;7.223;2770;6326
2026-06-08T14:08:31.0000000Z;7.209;7.223;2770;6326
2026-06-08T14:08:32.0000000Z;7.209;7.223;2770;6326
2026-06-08T14:08:34.0000000Z;7.209;7.223;2770;6326
2026-06-08T14:08:35.0000000Z;7.209;7.223;34000;6326
2026-06-08T14:08:36.0000000Z;7.209;7.223;34000;6326
2026-06-08T14:08:37.0000000Z;7.209;7.223;34000;6326
2026-06-08T14:08:38.0000000Z;7.209;7.223;1108;6326
2026-06-08T14:08:39.0000000Z;7.209;7.223;2770;6326
2026-06-08T14:08:40.0000000Z;7.209;7.223;2770;3931
2026-06-08T14:08:41.0000000Z;7.209;7.223;2770;3931
2026-06-08T14:08:42.0000000Z;7.209;7.223;2770;3931
2026-06-08T14:08:43.0000000Z;7.209;7.223;2770;3931
2026-06-08T14:08:44.0000000Z;7.209;7.223;2770;3931
2026-06-08T14:08:45.0000000Z;7.209;7.223;2770;3931
2026-06-08T14:08:46.0000000Z;7.209;7.223;2770;3931
2026-06-08T14:08:47.0000000Z;7.209;7.223;2770;3931
2026-06-08T14:08:49.0000000Z;7.209;7.225;2770;8608
2026-06-08T14:08:51.0000000Z;7.209;7.224;2770;3461
2026-06-08T14:08:52.0000000Z;7.209;7.224;2770;3461
2026-06-08T14:08:53.0000000Z;7.209;7.224;2770;3461
2026-06-08T14:08:54.0000000Z;7.209;7.224;2770;3461
2026-06-08T14:08:55.0000000Z;7.209;7.224;2770;3461
2026-06-08T14:08:56.0000000Z;7.209;7.224;2770;3461
2026-06-08T14:08:57.0000000Z;7.209;7.224;2770;3461
2026-06-08T14:08:58.0000000Z;7.209;7.225;2770;34000
2026-06-08T14:08:59.0000000Z;7.209;7.225;2770;36395
2026-06-08T14:09:00.0000000Z;7.209;7.225;2770;36395
2026-06-08T14:09:02.0000000Z;7.209;7.225;2770;36395
2026-06-08T14:09:03.0000000Z;7.209;7.225;2770;36395
2026-06-08T14:09:04.0000000Z;7.209;7.225;2770;36395
2026-06-08T14:09:05.0000000Z;7.209;7.225;2770;34000
2026-06-08T14:09:06.0000000Z;7.209;7.225;2770;34000
2026-06-08T14:09:07.0000000Z;7.209;7.225;2770;5987
2026-06-08T14:09:08.0000000Z;7.209;7.225;2770;8608
2026-06-08T14:09:09.0000000Z;7.209;7.225;2770;8608
2026-06-08T14:09:11.0000000Z;7.209;7.225;2770;5987
2026-06-08T14:09:12.0000000Z;7.209;7.225;2770;36395
2026-06-08T14:09:13.0000000Z;7.209;7.225;2770;36395
2026-06-08T14:09:14.0000000Z;7.209;7.225;2770;36395
2026-06-08T14:09:17.0000000Z;7.209;7.225;2770;36395
2026-06-08T14:09:20.0000000Z;7.209;7.225;2770;34000
2026-06-08T14:09:24.0000000Z;7.209;7.225;2770;34000
2026-06-08T14:09:25.0000000Z;7.209;7.225;2770;34000
2026-06-08T14:09:28.0000000Z;7.209;7.225;2770;34000
2026-06-08T14:09:29.0000000Z;7.209;7.225;2770;34000
2026-06-08T14:09:30.0000000Z;7.209;7.225;2770;34000
2026-06-08T14:09:31.0000000Z;7.209;7.225;5165;34000
2026-06-08T14:09:32.0000000Z;7.209;7.225;5165;34000
2026-06-08T14:09:33.0000000Z;7.209;7.225;5165;34000
2026-06-08T14:09:34.0000000Z;7.209;7.225;5165;34000
2026-06-08T14:09:35.0000000Z;7.209;7.225;5165;34000
2026-06-08T14:09:36.0000000Z;7.209;7.225;5165;34000
2026-06-08T14:09:37.0000000Z;7.209;7.225;2770;34000
2026-06-08T14:09:39.0000000Z;7.209;7.225;2770;34000
2026-06-08T14:09:40.0000000Z;7.209;7.227;2770;3931
2026-06-08T14:09:42.0000000Z;7.209;7.227;2770;3931
2026-06-08T14:09:43.0000000Z;7.209;7.226;5165;3460
2026-06-08T14:09:44.0000000Z;7.21;7.226;1108;3460
2026-06-08T14:09:45.0000000Z;7.208;7.226;1108;3460
2026-06-08T14:09:46.0000000Z;7.214;7.226;34000;3460
2026-06-08T14:09:49.0000000Z;7.214;7.226;34000;3460
2026-06-08T14:09:50.0000000Z;7.214;7.228;34000;3931
2026-06-08T14:09:51.0000000Z;7.214;7.228;1108;34000
2026-06-08T14:09:54.0000000Z;7.214;7.228;2770;34000
2026-06-08T14:09:55.0000000Z;7.212;7.228;1108;3931
2026-06-08T14:09:56.0000000Z;7.209;7.228;1108;6552
2026-06-08T14:09:57.0000000Z;7.213;7.228;2770;3931
2026-06-08T14:09:59.0000000Z;7.213;7.228;34000;3931
2026-06-08T14:10:01.0000000Z;7.213;7.228;34000;6552
2026-06-08T14:10:02.0000000Z;7.213;7.228;34000;3931
2026-06-08T14:10:03.0000000Z;7.213;7.229;34000;3459
2026-06-08T14:10:04.0000000Z;7.213;7.228;34000;34000
2026-06-08T14:10:05.0000000Z;7.213;7.228;1108;6552
2026-06-08T14:10:06.0000000Z;7.213;7.228;2770;6552
2026-06-08T14:10:07.0000000Z;7.213;7.228;2770;6552
2026-06-08T14:10:08.0000000Z;7.213;7.228;2770;6552
2026-06-08T14:10:09.0000000Z;7.213;7.228;2770;6552
2026-06-08T14:10:10.0000000Z;7.213;7.228;2770;3931
2026-06-08T14:10:12.0000000Z;7.213;7.228;2770;3931
2026-06-08T14:10:14.0000000Z;7.213;7.228;2770;6552
2026-06-08T14:10:15.0000000Z;7.209;7.228;3503;6552
2026-06-08T14:10:16.0000000Z;7.209;7.228;3503;6552
2026-06-08T14:10:17.0000000Z;7.213;7.226;2246;3931
2026-06-08T14:10:18.0000000Z;7.213;7.226;2246;34000
2026-06-08T14:10:19.0000000Z;7.213;7.226;1108;34000
2026-06-08T14:10:20.0000000Z;7.213;7.226;1108;34000
2026-06-08T14:10:21.0000000Z;7.211;7.226;2770;34000
2026-06-08T14:10:23.0000000Z;7.212;7.226;3467;34000
2026-06-08T14:10:24.0000000Z;7.212;7.226;3467;34000
2026-06-08T14:10:25.0000000Z;7.212;7.226;3467;34000
2026-06-08T14:10:26.0000000Z;7.211;7.226;34000;3931
2026-06-08T14:10:28.0000000Z;7.211;7.226;34000;3931
2026-06-08T14:10:29.0000000Z;7.211;7.226;34000;3931
2026-06-08T14:10:30.0000000Z;7.211;7.226;34000;3931
2026-06-08T14:10:31.0000000Z;7.211;7.226;34000;3931
2026-06-08T14:10:32.0000000Z;7.211;7.226;34000;3931
2026-06-08T14:10:33.0000000Z;7.211;7.226;34000;3931
2026-06-08T14:10:34.0000000Z;7.211;7.226;34000;3931
2026-06-08T14:10:35.0000000Z;7.211;7.226;34000;3931
2026-06-08T14:10:36.0000000Z;7.211;7.226;34000;6552
2026-06-08T14:10:38.0000000Z;7.211;7.226;34000;6552
2026-06-08T14:10:47.0000000Z;7.211;7.226;1108;6552
2026-06-08T14:10:50.0000000Z;7.211;7.226;2770;6552
2026-06-08T14:10:51.0000000Z;7.208;7.224;1108;34000
2026-06-08T14:10:52.0000000Z;7.21;7.224;1108;3931
2026-06-08T14:10:53.0000000Z;7.21;7.224;2770;3931
2026-06-08T14:10:54.0000000Z;7.21;7.224;2770;3931
2026-06-08T14:10:55.0000000Z;7.21;7.224;2770;3931
2026-06-08T14:10:56.0000000Z;7.21;7.224;2770;3931
2026-06-08T14:10:57.0000000Z;7.21;7.224;2770;3931
2026-06-08T14:10:58.0000000Z;7.208;7.224;1108;3931
2026-06-08T14:10:59.0000000Z;7.21;7.224;1108;3931
2026-06-08T14:11:00.0000000Z;7.21;7.224;2701;3931
2026-06-08T14:11:01.0000000Z;7.208;7.224;1108;3931
2026-06-08T14:11:02.0000000Z;7.208;7.224;1108;3931
2026-06-08T14:11:03.0000000Z;7.21;7.224;1108;6552
2026-06-08T14:11:04.0000000Z;7.21;7.224;1108;6552
2026-06-08T14:11:05.0000000Z;7.21;7.224;1108;6552
2026-06-08T14:11:06.0000000Z;7.21;7.224;1108;6552
2026-06-08T14:11:07.0000000Z;7.21;7.224;1108;6552
2026-06-08T14:11:08.0000000Z;7.21;7.224;2770;6552
2026-06-08T14:11:09.0000000Z;7.21;7.224;1108;6552
2026-06-08T14:11:11.0000000Z;7.21;7.224;1108;6552
2026-06-08T14:11:12.0000000Z;7.21;7.224;1108;6552
2026-06-08T14:11:14.0000000Z;7.21;7.224;1108;6552
2026-06-08T14:11:15.0000000Z;7.21;7.224;1108;3931
2026-06-08T14:11:16.0000000Z;7.21;7.225;1108;8947
2026-06-08T14:11:17.0000000Z;7.21;7.223;1108;3931
2026-06-08T14:11:18.0000000Z;7.21;7.223;1108;34000
2026-06-08T14:11:19.0000000Z;7.21;7.223;1108;34000
2026-06-08T14:11:21.0000000Z;7.208;7.223;2770;34000
2026-06-08T14:11:22.0000000Z;7.208;7.223;2770;34000
2026-06-08T14:11:23.0000000Z;7.208;7.224;2770;3931
2026-06-08T14:11:24.0000000Z;7.209;7.224;3468;3931
2026-06-08T14:11:25.0000000Z;7.208;7.224;34000;3931
2026-06-08T14:11:26.0000000Z;7.208;7.224;34000;34000
2026-06-08T14:11:28.0000000Z;7.208;7.224;34000;34000
2026-06-08T14:11:30.0000000Z;7.208;7.224;34000;34000
2026-06-08T14:11:31.0000000Z;7.208;7.224;34000;3592
2026-06-08T14:11:32.0000000Z;7.208;7.224;34000;3592
2026-06-08T14:11:33.0000000Z;7.208;7.224;34000;3592
2026-06-08T14:11:34.0000000Z;7.208;7.224;34000;3592
2026-06-08T14:11:35.0000000Z;7.208;7.224;34000;3592
2026-06-08T14:11:37.0000000Z;7.208;7.224;34000;3592
2026-06-08T14:11:38.0000000Z;7.208;7.224;34000;3592
2026-06-08T14:11:39.0000000Z;7.208;7.224;34000;6213
2026-06-08T14:11:40.0000000Z;7.208;7.224;34000;6213
2026-06-08T14:11:41.0000000Z;7.208;7.224;34000;6213
2026-06-08T14:11:42.0000000Z;7.208;7.224;34000;6213
2026-06-08T14:11:43.0000000Z;7.208;7.224;34000;6213
2026-06-08T14:11:44.0000000Z;7.208;7.224;34000;6213
2026-06-08T14:11:45.0000000Z;7.208;7.224;34000;6213
2026-06-08T14:11:47.0000000Z;7.208;7.224;34000;6213
2026-06-08T14:11:48.0000000Z;7.208;7.224;34000;6213
2026-06-08T14:11:49.0000000Z;7.208;7.224;34000;3592
2026-06-08T14:11:50.0000000Z;7.208;7.224;34000;3592
2026-06-08T14:11:51.0000000Z;7.208;7.224;34000;3592
2026-06-08T14:11:52.0000000Z;7.208;7.224;34000;3592
2026-06-08T14:11:53.0000000Z;7.208;7.224;34000;3592
2026-06-08T14:11:55.0000000Z;7.208;7.224;34000;3592
2026-06-08T14:11:56.0000000Z;7.208;7.224;34000;3592
2026-06-08T14:11:57.0000000Z;7.208;7.224;34000;3592
2026-06-08T14:11:59.0000000Z;7.208;7.224;34000;3592
2026-06-08T14:11:59.0000000Z;7.208;7.224;34000;3592
2026-06-08T14:12:00.0000000Z;7.208;7.224;34000;3592
2026-06-08T14:12:01.0000000Z;7.208;7.224;34000;3592
2026-06-08T14:12:02.0000000Z;7.208;7.224;34000;3592
2026-06-08T14:12:03.0000000Z;7.208;7.224;34000;3592
2026-06-08T14:12:04.0000000Z;7.208;7.224;34000;3592
2026-06-08T14:12:05.0000000Z;7.208;7.224;34000;6213
2026-06-08T14:12:07.0000000Z;7.208;7.224;34000;8608
2026-06-08T14:12:09.0000000Z;7.208;7.224;34000;8608
2026-06-08T14:12:10.0000000Z;7.208;7.224;34000;5987
2026-06-08T14:12:11.0000000Z;7.208;7.224;34000;5987
2026-06-08T14:12:12.0000000Z;7.208;7.224;34000;5987
2026-06-08T14:12:13.0000000Z;7.208;7.224;34000;5987
2026-06-08T14:12:14.0000000Z;7.208;7.224;34000;5987
2026-06-08T14:12:15.0000000Z;7.208;7.224;34000;5987
2026-06-08T14:12:16.0000000Z;7.208;7.224;34000;5987
2026-06-08T14:12:17.0000000Z;7.208;7.224;34000;5987
2026-06-08T14:12:18.0000000Z;7.208;7.224;34000;5987
2026-06-08T14:12:19.0000000Z;7.208;7.224;34000;5987
2026-06-08T14:12:21.0000000Z;7.208;7.224;34000;5987
2026-06-08T14:12:22.0000000Z;7.208;7.224;34000;5987
2026-06-08T14:12:23.0000000Z;7.208;7.224;34000;5987
2026-06-08T14:12:24.0000000Z;7.208;7.224;34000;5987
2026-06-08T14:12:25.0000000Z;7.208;7.224;34000;5987
2026-06-08T14:12:26.0000000Z;7.208;7.224;34000;5987
2026-06-08T14:12:27.0000000Z;7.208;7.224;34000;5987
2026-06-08T14:12:28.0000000Z;7.208;7.224;34000;5987
2026-06-08T14:12:29.0000000Z;7.208;7.224;34000;5987
2026-06-08T14:12:30.0000000Z;7.208;7.224;34000;5987
2026-06-08T14:12:32.0000000Z;7.208;7.224;34000;5987
2026-06-08T14:12:34.0000000Z;7.208;7.224;34000;5987
2026-06-08T14:12:35.0000000Z;7.208;7.224;34000;8608
2026-06-08T14:12:36.0000000Z;7.208;7.224;34000;8608
2026-06-08T14:12:37.0000000Z;7.208;7.224;34000;8608
2026-06-08T14:12:38.0000000Z;7.208;7.224;34000;8608
2026-06-08T14:12:39.0000000Z;7.208;7.224;34000;6213
2026-06-08T14:12:45.0000000Z;7.208;7.224;34000;3592
2026-06-08T14:12:46.0000000Z;7.208;7.224;34000;6213
2026-06-08T14:12:47.0000000Z;7.208;7.224;34000;6213
2026-06-08T14:12:48.0000000Z;7.208;7.224;34000;6213
2026-06-08T14:12:49.0000000Z;7.208;7.224;34000;6213
2026-06-08T14:12:50.0000000Z;7.208;7.224;34000;6213
2026-06-08T14:12:53.0000000Z;7.208;7.224;34000;3592
2026-06-08T14:13:00.0000000Z;7.208;7.224;34000;3592
2026-06-08T14:13:01.0000000Z;7.208;7.224;34000;3592
2026-06-08T14:13:02.0000000Z;7.208;7.224;34000;3592
2026-06-08T14:13:03.0000000Z;7.208;7.224;34000;3592
2026-06-08T14:13:05.0000000Z;7.208;7.224;34000;3592
2026-06-08T14:13:07.0000000Z;7.208;7.224;34000;6213
2026-06-08T14:13:09.0000000Z;7.208;7.224;34000;6213
2026-06-08T14:13:10.0000000Z;7.208;7.224;34000;6213
2026-06-08T14:13:11.0000000Z;7.208;7.224;34000;8608
2026-06-08T14:13:13.0000000Z;7.208;7.224;34000;8608
2026-06-08T14:13:14.0000000Z;7.208;7.224;34000;8608
2026-06-08T14:13:17.0000000Z;7.208;7.222;34000;3931
2026-06-08T14:13:18.0000000Z;7.208;7.222;34000;34000
2026-06-08T14:13:19.0000000Z;7.208;7.222;34000;34000
2026-06-08T14:13:20.0000000Z;7.208;7.222;34000;34000
2026-06-08T14:13:22.0000000Z;7.208;7.222;34000;34000
2026-06-08T14:13:23.0000000Z;7.208;7.222;34000;34000
2026-06-08T14:13:24.0000000Z;7.208;7.224;34000;3931
2026-06-08T14:13:25.0000000Z;7.208;7.224;34000;6552
2026-06-08T14:13:26.0000000Z;7.208;7.224;34000;34000
2026-06-08T14:13:27.0000000Z;7.208;7.224;34000;3931
2026-06-08T14:13:28.0000000Z;7.208;7.224;34000;6552
2026-06-08T14:13:29.0000000Z;7.208;7.224;34000;6552
2026-06-08T14:13:30.0000000Z;7.208;7.224;34000;6552
2026-06-08T14:13:31.0000000Z;7.208;7.224;34000;6552
2026-06-08T14:13:32.0000000Z;7.208;7.224;34000;6552
2026-06-08T14:13:33.0000000Z;7.208;7.224;34000;3931
2026-06-08T14:13:34.0000000Z;7.208;7.224;34000;6552
2026-06-08T14:13:35.0000000Z;7.208;7.224;34000;6552
2026-06-08T14:13:38.0000000Z;7.208;7.224;34000;6552
2026-06-08T14:13:40.0000000Z;7.208;7.224;34000;6552
2026-06-08T14:13:41.0000000Z;7.208;7.224;34000;6552
2026-06-08T14:13:42.0000000Z;7.208;7.224;34000;6552
2026-06-08T14:13:44.0000000Z;7.208;7.224;34000;6552
2026-06-08T14:13:45.0000000Z;7.208;7.224;34000;3931
2026-06-08T14:13:46.0000000Z;7.208;7.224;34000;3931
2026-06-08T14:13:50.0000000Z;7.208;7.224;34000;3931
2026-06-08T14:13:51.0000000Z;7.208;7.224;34000;3931
2026-06-08T14:13:52.0000000Z;7.208;7.225;34000;3931
2026-06-08T14:13:55.0000000Z;7.208;7.225;34000;3931
2026-06-08T14:13:57.0000000Z;7.208;7.225;34000;37461
2026-06-08T14:13:58.0000000Z;7.208;7.225;34000;6552
2026-06-08T14:14:03.0000000Z;7.208;7.225;34000;8947
2026-06-08T14:14:04.0000000Z;7.208;7.225;34000;8947
2026-06-08T14:14:05.0000000Z;7.208;7.225;34000;8947
2026-06-08T14:14:06.0000000Z;7.208;7.225;34000;34000
2026-06-08T14:14:07.0000000Z;7.208;7.225;34000;8947
2026-06-08T14:14:08.0000000Z;7.208;7.225;34000;8947
2026-06-08T14:14:09.0000000Z;7.208;7.225;34000;6326
2026-06-08T14:14:10.0000000Z;7.208;7.225;34000;8947
2026-06-08T14:14:11.0000000Z;7.208;7.225;34000;6326
2026-06-08T14:14:13.0000000Z;7.208;7.225;34000;6552
2026-06-08T14:14:14.0000000Z;7.208;7.225;34000;6552
2026-06-08T14:14:15.0000000Z;7.208;7.225;34000;3592
2026-06-08T14:14:16.0000000Z;7.208;7.225;34000;3592
2026-06-08T14:14:17.0000000Z;7.208;7.225;34000;3592
2026-06-08T14:14:18.0000000Z;7.208;7.225;34000;3592
2026-06-08T14:14:19.0000000Z;7.208;7.225;34000;3592
2026-06-08T14:14:21.0000000Z;7.208;7.225;34000;3592
2026-06-08T14:14:22.0000000Z;7.208;7.226;34000;12400
2026-06-08T14:14:23.0000000Z;7.208;7.226;34000;12400
2026-06-08T14:14:24.0000000Z;7.208;7.225;34000;3931
2026-06-08T14:14:26.0000000Z;7.208;7.225;34000;34000
2026-06-08T14:14:27.0000000Z;7.208;7.225;34000;34000
2026-06-08T14:14:28.0000000Z;7.208;7.225;34000;34000
2026-06-08T14:14:29.0000000Z;7.208;7.225;34000;34000
2026-06-08T14:14:31.0000000Z;7.208;7.225;34000;6552
2026-06-08T14:14:32.0000000Z;7.208;7.225;34000;6552
2026-06-08T14:14:33.0000000Z;7.208;7.225;34000;6552
2026-06-08T14:14:34.0000000Z;7.208;7.225;34000;6552
2026-06-08T14:14:35.0000000Z;7.208;7.226;34000;12400
2026-06-08T14:14:36.0000000Z;7.208;7.225;34000;2621
2026-06-08T14:14:39.0000000Z;7.208;7.224;34000;3931
2026-06-08T14:14:40.0000000Z;7.208;7.224;34000;34000
2026-06-08T14:14:46.0000000Z;7.208;7.224;34000;34000
2026-06-08T14:14:47.0000000Z;7.208;7.224;34000;34000
2026-06-08T14:14:49.0000000Z;7.208;7.225;34000;7862
2026-06-08T14:14:50.0000000Z;7.208;7.225;34000;3931
2026-06-08T14:14:51.0000000Z;7.208;7.225;34000;3931
2026-06-08T14:14:52.0000000Z;7.208;7.225;34000;34000
2026-06-08T14:14:56.0000000Z;7.208;7.225;34000;6552
2026-06-08T14:14:57.0000000Z;7.208;7.225;34000;3931
2026-06-08T14:14:58.0000000Z;7.208;7.225;34000;3931
2026-06-08T14:14:59.0000000Z;7.208;7.225;34000;3931
2026-06-08T14:15:00.0000000Z;7.208;7.225;34000;3931
2026-06-08T14:15:01.0000000Z;7.208;7.225;34000;3931
2026-06-08T14:15:02.0000000Z;7.208;7.225;34000;3931
2026-06-08T14:15:03.0000000Z;7.208;7.225;34000;3931
2026-06-08T14:15:04.0000000Z;7.208;7.225;34000;3931
2026-06-08T14:15:05.0000000Z;7.208;7.225;34000;6552
2026-06-08T14:15:07.0000000Z;7.208;7.225;34000;6552
2026-06-08T14:15:09.0000000Z;7.208;7.225;34000;6552
2026-06-08T14:15:11.0000000Z;7.208;7.225;34000;6552
2026-06-08T14:15:12.0000000Z;7.208;7.223;34000;3931
2026-06-08T14:15:13.0000000Z;7.208;7.223;34000;3931
2026-06-08T14:15:14.0000000Z;7.208;7.223;34000;3931
2026-06-08T14:15:15.0000000Z;7.208;7.223;34000;3931
2026-06-08T14:15:16.0000000Z;7.208;7.223;34000;3931
2026-06-08T14:15:18.0000000Z;7.208;7.223;34000;3931
2026-06-08T14:15:19.0000000Z;7.208;7.223;34000;6552
2026-06-08T14:15:20.0000000Z;7.208;7.223;34000;3931
2026-06-08T14:15:21.0000000Z;7.208;7.223;34000;3931
2026-06-08T14:15:22.0000000Z;7.208;7.223;34000;3931
2026-06-08T14:15:24.0000000Z;7.208;7.223;34000;3931
2026-06-08T14:15:25.0000000Z;7.208;7.224;34000;10483
2026-06-08T14:15:26.0000000Z;7.208;7.224;34000;37461
2026-06-08T14:15:31.0000000Z;7.208;7.224;34000;37461
2026-06-08T14:15:33.0000000Z;7.208;7.224;34000;37461
2026-06-08T14:15:34.0000000Z;7.208;7.224;34000;34000
2026-06-08T14:15:36.0000000Z;7.208;7.224;34000;6552
2026-06-08T14:15:41.0000000Z;7.208;7.224;34000;6552
2026-06-08T14:15:42.0000000Z;7.208;7.224;34000;6552
2026-06-08T14:15:43.0000000Z;7.208;7.223;34000;2621
2026-06-08T14:15:44.0000000Z;7.208;7.222;34000;3931
2026-06-08T14:15:45.0000000Z;7.208;7.222;34000;3931
2026-06-08T14:15:46.0000000Z;7.208;7.222;34000;34000
2026-06-08T14:15:47.0000000Z;7.208;7.222;34000;34000
2026-06-08T14:15:48.0000000Z;7.208;7.222;34000;34000
2026-06-08T14:15:49.0000000Z;7.208;7.222;34000;34000
2026-06-08T14:15:50.0000000Z;7.208;7.222;34000;34000
2026-06-08T14:15:51.0000000Z;7.204;7.222;1108;34000
2026-06-08T14:15:52.0000000Z;7.204;7.222;1108;6552
2026-06-08T14:15:53.0000000Z;7.204;7.222;1108;6552
2026-06-08T14:15:54.0000000Z;7.205;7.222;1662;6552
2026-06-08T14:15:55.0000000Z;7.208;7.222;1108;6552
2026-06-08T14:15:56.0000000Z;7.208;7.222;1108;6552
2026-06-08T14:15:58.0000000Z;7.208;7.222;2154;6552
2026-06-08T14:15:59.0000000Z;7.208;7.222;2154;6552
2026-06-08T14:15:59.0000000Z;7.208;7.222;2154;6552
2026-06-08T14:16:00.0000000Z;7.208;7.222;2154;3592
2026-06-08T14:16:01.0000000Z;7.208;7.222;2154;6213
2026-06-08T14:16:02.0000000Z;7.208;7.222;2154;3592
2026-06-08T14:16:03.0000000Z;7.208;7.222;2154;3592
2026-06-08T14:16:04.0000000Z;7.208;7.222;2154;3592
2026-06-08T14:16:05.0000000Z;7.208;7.222;2154;3592
2026-06-08T14:16:07.0000000Z;7.21;7.222;1108;3592
2026-06-08T14:16:08.0000000Z;7.208;7.222;2770;6213
2026-06-08T14:16:09.0000000Z;7.21;7.222;34000;6213
2026-06-08T14:16:11.0000000Z;7.208;7.222;34000;6213
2026-06-08T14:16:12.0000000Z;7.208;7.222;34000;6213
2026-06-08T14:16:13.0000000Z;7.208;7.222;34000;6213
2026-06-08T14:16:20.0000000Z;7.208;7.222;34000;6213
2026-06-08T14:16:21.0000000Z;7.208;7.222;34000;6213
2026-06-08T14:16:22.0000000Z;7.21;7.222;1108;6213
2026-06-08T14:16:23.0000000Z;7.21;7.222;34000;6213
2026-06-08T14:16:24.0000000Z;7.208;7.222;2770;6213
2026-06-08T14:16:25.0000000Z;7.208;7.222;2770;6213
2026-06-08T14:16:27.0000000Z;7.208;7.222;34000;6213
2026-06-08T14:16:30.0000000Z;7.208;7.222;34000;6213
2026-06-08T14:16:34.0000000Z;7.208;7.222;34000;6213
2026-06-08T14:16:37.0000000Z;7.208;7.222;34000;3592
2026-06-08T14:16:40.0000000Z;7.208;7.222;34000;6213
2026-06-08T14:16:41.0000000Z;7.208;7.222;34000;3592
2026-06-08T14:16:42.0000000Z;7.208;7.222;34000;3592
2026-06-08T14:16:44.0000000Z;7.208;7.222;34000;6213
2026-06-08T14:16:45.0000000Z;7.208;7.222;34000;6552
2026-06-08T14:16:46.0000000Z;7.208;7.22;34000;3592
2026-06-08T14:16:47.0000000Z;7.208;7.22;34000;34000
2026-06-08T14:16:48.0000000Z;7.208;7.22;34000;34000
2026-06-08T14:16:49.0000000Z;7.208;7.22;34000;34000
2026-06-08T14:16:50.0000000Z;7.208;7.22;34000;34000
2026-06-08T14:16:54.0000000Z;7.208;7.22;34000;34000
2026-06-08T14:16:56.0000000Z;7.208;7.221;34000;3931
2026-06-08T14:16:59.0000000Z;7.208;7.221;34000;37463
2026-06-08T14:16:59.0000000Z;7.208;7.221;34000;37463
2026-06-08T14:17:00.0000000Z;7.207;7.221;2770;37463
2026-06-08T14:17:01.0000000Z;7.207;7.221;2770;6552
2026-06-08T14:17:02.0000000Z;7.205;7.221;1108;6552
2026-06-08T14:17:03.0000000Z;7.207;7.221;37469;6552
2026-06-08T14:17:04.0000000Z;7.207;7.221;2770;6552
2026-06-08T14:17:05.0000000Z;7.207;7.221;2770;34000
2026-06-08T14:17:06.0000000Z;7.207;7.221;2770;34000
2026-06-08T14:17:08.0000000Z;7.207;7.221;2770;34000
2026-06-08T14:17:09.0000000Z;7.207;7.221;2770;6552
2026-06-08T14:17:13.0000000Z;7.207;7.221;2770;3931
2026-06-08T14:17:14.0000000Z;7.207;7.221;1108;6552
2026-06-08T14:17:15.0000000Z;7.207;7.221;1108;3931
2026-06-08T14:17:16.0000000Z;7.207;7.221;2770;3931
2026-06-08T14:17:17.0000000Z;7.207;7.221;2770;3931
2026-06-08T14:17:20.0000000Z;7.207;7.221;2770;3931
2026-06-08T14:17:21.0000000Z;7.207;7.221;2770;3931
2026-06-08T14:17:22.0000000Z;7.207;7.221;2770;6552
2026-06-08T14:17:23.0000000Z;7.207;7.221;2770;6552
2026-06-08T14:17:25.0000000Z;7.207;7.221;2770;3931
2026-06-08T14:17:27.0000000Z;7.207;7.221;2770;3931
2026-06-08T14:17:28.0000000Z;7.207;7.221;2770;3931
2026-06-08T14:17:30.0000000Z;7.207;7.221;2770;3931
2026-06-08T14:17:32.0000000Z;7.207;7.221;2770;3931
2026-06-08T14:17:33.0000000Z;7.207;7.221;2770;3931
2026-06-08T14:17:34.0000000Z;7.207;7.221;2770;3931
2026-06-08T14:17:39.0000000Z;7.207;7.221;2770;3931
2026-06-08T14:17:40.0000000Z;7.207;7.222;2770;3931
2026-06-08T14:17:41.0000000Z;7.207;7.222;2770;3931
2026-06-08T14:17:42.0000000Z;7.207;7.222;2770;3931
2026-06-08T14:17:43.0000000Z;7.207;7.222;2770;37462
2026-06-08T14:17:44.0000000Z;7.207;7.222;2770;37462
2026-06-08T14:17:48.0000000Z;7.207;7.222;2770;37462
2026-06-08T14:17:49.0000000Z;7.207;7.222;2770;37462
2026-06-08T14:17:50.0000000Z;7.207;7.222;2770;37462
2026-06-08T14:17:51.0000000Z;7.207;7.222;2770;3592
2026-06-08T14:17:52.0000000Z;7.207;7.222;2770;34000
2026-06-08T14:17:53.0000000Z;7.207;7.222;2770;34000
2026-06-08T14:17:54.0000000Z;7.207;7.222;2770;34000
2026-06-08T14:17:55.0000000Z;7.207;7.222;2770;34000
2026-06-08T14:17:56.0000000Z;7.207;7.222;2770;34000
2026-06-08T14:17:57.0000000Z;7.207;7.222;2770;34000
2026-06-08T14:17:59.0000000Z;7.207;7.222;2770;34000
2026-06-08T14:17:59.0000000Z;7.207;7.222;2770;34000
2026-06-08T14:18:00.0000000Z;7.207;7.222;2770;34000
2026-06-08T14:18:01.0000000Z;7.207;7.222;2770;34000
2026-06-08T14:18:02.0000000Z;7.207;7.224;2770;5987
2026-06-08T14:18:03.0000000Z;7.207;7.222;2770;3931
2026-06-08T14:18:04.0000000Z;7.207;7.222;2770;3931
2026-06-08T14:18:05.0000000Z;7.207;7.222;2770;3931
2026-06-08T14:18:06.0000000Z;7.207;7.222;2770;3931
2026-06-08T14:18:07.0000000Z;7.207;7.222;2770;3931
2026-06-08T14:18:08.0000000Z;7.207;7.222;2770;3931
2026-06-08T14:18:09.0000000Z;7.207;7.222;2770;3931
2026-06-08T14:18:10.0000000Z;7.207;7.222;2770;3931
2026-06-08T14:18:11.0000000Z;7.207;7.222;2770;3931
2026-06-08T14:18:12.0000000Z;7.207;7.222;2770;3931
2026-06-08T14:18:13.0000000Z;7.207;7.223;2770;9919
2026-06-08T14:18:14.0000000Z;7.207;7.223;2770;9919
2026-06-08T14:18:15.0000000Z;7.207;7.223;2770;37462
2026-06-08T14:18:17.0000000Z;7.207;7.223;2770;12540
2026-06-08T14:18:18.0000000Z;7.207;7.223;2770;12540
2026-06-08T14:18:19.0000000Z;7.207;7.223;2770;12540
2026-06-08T14:18:20.0000000Z;7.207;7.223;2770;12540
2026-06-08T14:18:22.0000000Z;7.207;7.223;2770;12540
2026-06-08T14:18:23.0000000Z;7.207;7.223;2770;12540
2026-06-08T14:18:24.0000000Z;7.207;7.223;2770;12540
2026-06-08T14:18:25.0000000Z;7.207;7.223;2770;12540
2026-06-08T14:18:26.0000000Z;7.207;7.223;2770;34000
2026-06-08T14:18:27.0000000Z;7.207;7.223;2770;9919
2026-06-08T14:18:28.0000000Z;7.207;7.223;2770;9919
2026-06-08T14:18:29.0000000Z;7.207;7.223;2770;9919
2026-06-08T14:18:31.0000000Z;7.207;7.223;2770;9919
2026-06-08T14:18:33.0000000Z;7.207;7.223;2770;12540
2026-06-08T14:18:34.0000000Z;7.207;7.223;2770;12540
2026-06-08T14:18:35.0000000Z;7.207;7.223;2770;12540
2026-06-08T14:18:37.0000000Z;7.207;7.223;2770;12540
2026-06-08T14:18:38.0000000Z;7.207;7.223;2770;12540
2026-06-08T14:18:39.0000000Z;7.207;7.223;2770;12540
2026-06-08T14:18:40.0000000Z;7.207;7.223;2770;12540
2026-06-08T14:18:41.0000000Z;7.207;7.223;2770;12540
2026-06-08T14:18:42.0000000Z;7.207;7.223;2770;12540
2026-06-08T14:18:43.0000000Z;7.207;7.223;2770;12540
2026-06-08T14:18:44.0000000Z;7.207;7.223;2770;12540
2026-06-08T14:18:46.0000000Z;7.207;7.223;2770;12540
2026-06-08T14:18:48.0000000Z;7.207;7.223;2770;12540
2026-06-08T14:18:50.0000000Z;7.207;7.223;2770;9919
2026-06-08T14:18:51.0000000Z;7.207;7.223;2770;9919
2026-06-08T14:18:53.0000000Z;7.207;7.223;2770;7524
2026-06-08T14:18:55.0000000Z;7.207;7.223;2770;10145
2026-06-08T14:18:57.0000000Z;7.207;7.223;2770;10145
2026-06-08T14:18:58.0000000Z;7.207;7.223;2770;10145
2026-06-08T14:18:59.0000000Z;7.207;7.223;2770;10145
2026-06-08T14:19:00.0000000Z;7.207;7.221;2770;3931
2026-06-08T14:19:01.0000000Z;7.207;7.221;2770;34000
2026-06-08T14:19:02.0000000Z;7.207;7.221;2770;34000
2026-06-08T14:19:03.0000000Z;7.207;7.221;2770;34000
2026-06-08T14:19:04.0000000Z;7.207;7.221;2770;34000
2026-06-08T14:19:07.0000000Z;7.207;7.221;2770;34000
2026-06-08T14:19:08.0000000Z;7.207;7.221;2770;34000
2026-06-08T14:19:09.0000000Z;7.207;7.221;2770;34000
2026-06-08T14:19:10.0000000Z;7.207;7.221;2770;6552
2026-06-08T14:19:19.0000000Z;7.207;7.221;2770;3931
2026-06-08T14:19:20.0000000Z;7.207;7.221;2770;3931
2026-06-08T14:19:23.0000000Z;7.207;7.221;2770;3931
2026-06-08T14:19:24.0000000Z;7.207;7.221;2770;3931
2026-06-08T14:19:26.0000000Z;7.207;7.221;2770;3931
2026-06-08T14:19:29.0000000Z;7.207;7.221;2770;3931
2026-06-08T14:19:30.0000000Z;7.207;7.221;2770;6552
2026-06-08T14:19:33.0000000Z;7.207;7.221;2770;6552
2026-06-08T14:19:36.0000000Z;7.207;7.221;2770;6552
2026-06-08T14:19:37.0000000Z;7.207;7.221;2770;6552
2026-06-08T14:19:40.0000000Z;7.207;7.221;2770;6552
2026-06-08T14:19:41.0000000Z;7.207;7.221;2770;3931
2026-06-08T14:19:43.0000000Z;7.207;7.221;2770;3931
2026-06-08T14:19:44.0000000Z;7.207;7.221;2770;3931
2026-06-08T14:19:46.0000000Z;7.207;7.221;2770;3931
2026-06-08T14:19:47.0000000Z;7.207;7.221;2770;3931
2026-06-08T14:19:52.0000000Z;7.207;7.221;2770;3592
2026-06-08T14:19:57.0000000Z;7.207;7.221;2770;3592
2026-06-08T14:19:58.0000000Z;7.207;7.221;2770;3592
2026-06-08T14:20:00.0000000Z;7.207;7.221;2770;3592
2026-06-08T14:20:02.0000000Z;7.207;7.221;2770;3592
2026-06-08T14:20:03.0000000Z;7.207;7.221;2770;3592
2026-06-08T14:20:04.0000000Z;7.207;7.221;2770;3592
2026-06-08T14:20:05.0000000Z;7.207;7.221;2770;3592
2026-06-08T14:20:06.0000000Z;7.207;7.221;2770;3592
2026-06-08T14:20:07.0000000Z;7.207;7.221;2770;3592
2026-06-08T14:20:08.0000000Z;7.207;7.221;2770;3592
2026-06-08T14:20:09.0000000Z;7.207;7.221;2770;3592
2026-06-08T14:20:11.0000000Z;7.207;7.221;2770;3592
2026-06-08T14:20:12.0000000Z;7.207;7.223;2770;9919
2026-06-08T14:20:13.0000000Z;7.207;7.223;2770;9919
2026-06-08T14:20:14.0000000Z;7.207;7.222;2770;3462
2026-06-08T14:20:15.0000000Z;7.207;7.223;2770;9919
2026-06-08T14:20:16.0000000Z;7.207;7.223;2770;9919
2026-06-08T14:20:17.0000000Z;7.207;7.223;2770;9919
2026-06-08T14:20:18.0000000Z;7.207;7.223;2770;9919
2026-06-08T14:20:19.0000000Z;7.207;7.223;2770;12540
2026-06-08T14:20:22.0000000Z;7.207;7.223;2770;12540
2026-06-08T14:20:23.0000000Z;7.207;7.223;2770;12540
2026-06-08T14:20:25.0000000Z;7.207;7.223;2770;9919
2026-06-08T14:20:27.0000000Z;7.207;7.223;2770;9919
2026-06-08T14:20:28.0000000Z;7.207;7.223;2770;9919
2026-06-08T14:20:29.0000000Z;7.207;7.223;2770;9919
2026-06-08T14:20:31.0000000Z;7.207;7.223;2770;12540
2026-06-08T14:20:32.0000000Z;7.207;7.221;2770;3592
2026-06-08T14:20:33.0000000Z;7.207;7.221;2770;3592
2026-06-08T14:20:34.0000000Z;7.207;7.221;2770;34000
2026-06-08T14:20:35.0000000Z;7.207;7.221;2770;34000
2026-06-08T14:20:37.0000000Z;7.207;7.221;2770;34000
2026-06-08T14:20:40.0000000Z;7.207;7.221;2770;34000
2026-06-08T14:20:43.0000000Z;7.207;7.221;2770;34000
2026-06-08T14:20:44.0000000Z;7.207;7.222;2770;5987
2026-06-08T14:20:45.0000000Z;7.207;7.222;2770;5987
2026-06-08T14:20:46.0000000Z;7.207;7.222;2770;37462
2026-06-08T14:20:48.0000000Z;7.207;7.222;2770;8608
2026-06-08T14:20:50.0000000Z;7.207;7.222;2770;8608
2026-06-08T14:20:51.0000000Z;7.207;7.222;2770;8608
2026-06-08T14:20:52.0000000Z;7.207;7.222;2770;5987
2026-06-08T14:20:53.0000000Z;7.207;7.222;2770;8608
2026-06-08T14:21:01.0000000Z;7.207;7.222;2770;6213
2026-06-08T14:21:03.0000000Z;7.207;7.222;2770;6213
2026-06-08T14:21:04.0000000Z;7.207;7.222;2770;8608
2026-06-08T14:21:05.0000000Z;7.207;7.222;2770;8608
2026-06-08T14:21:10.0000000Z;7.207;7.222;2770;8608
2026-06-08T14:21:13.0000000Z;7.207;7.222;2770;8608
2026-06-08T14:21:15.0000000Z;7.207;7.222;2770;8608
2026-06-08T14:21:16.0000000Z;7.207;7.222;2770;8608
2026-06-08T14:21:17.0000000Z;7.207;7.222;2770;8608
2026-06-08T14:21:22.0000000Z;7.207;7.222;2770;8608
2026-06-08T14:21:25.0000000Z;7.207;7.222;2770;8608
2026-06-08T14:21:26.0000000Z;7.207;7.222;2770;8608
2026-06-08T14:21:32.0000000Z;7.207;7.222;2770;8608
2026-06-08T14:21:33.0000000Z;7.207;7.222;2770;8608
2026-06-08T14:21:34.0000000Z;7.207;7.222;2770;8608
2026-06-08T14:21:35.0000000Z;7.207;7.222;2770;8608
2026-06-08T14:21:36.0000000Z;7.207;7.222;2770;5987
2026-06-08T14:21:37.0000000Z;7.207;7.222;2770;5987
2026-06-08T14:21:38.0000000Z;7.207;7.222;2770;5987
2026-06-08T14:21:39.0000000Z;7.207;7.222;2770;5987
2026-06-08T14:21:40.0000000Z;7.207;7.222;2770;5987
2026-06-08T14:21:41.0000000Z;7.207;7.222;2770;5987
2026-06-08T14:21:42.0000000Z;7.207;7.222;2770;5987
2026-06-08T14:21:43.0000000Z;7.207;7.222;2770;5987
2026-06-08T14:21:44.0000000Z;7.207;7.222;2770;6213
2026-06-08T14:21:45.0000000Z;7.207;7.222;2770;6213
2026-06-08T14:21:46.0000000Z;7.207;7.222;2770;6213
2026-06-08T14:21:49.0000000Z;7.207;7.222;2770;6213
2026-06-08T14:21:50.0000000Z;7.207;7.222;2770;6213
2026-06-08T14:21:51.0000000Z;7.207;7.222;2770;6213
2026-06-08T14:21:53.0000000Z;7.207;7.222;2770;6213
2026-06-08T14:21:55.0000000Z;7.207;7.222;2770;6213
2026-06-08T14:21:57.0000000Z;7.207;7.222;2770;6213
2026-06-08T14:22:00.0000000Z;7.207;7.222;2770;6213
2026-06-08T14:22:02.0000000Z;7.207;7.222;2770;6213
2026-06-08T14:22:04.0000000Z;7.207;7.222;2770;6213
2026-06-08T14:22:06.0000000Z;7.207;7.223;2770;8608
2026-06-08T14:22:08.0000000Z;7.207;7.221;2770;34000
2026-06-08T14:22:11.0000000Z;7.207;7.221;2770;34000
2026-06-08T14:22:14.0000000Z;7.207;7.221;2770;34000
2026-06-08T14:22:15.0000000Z;7.207;7.221;2770;3931
2026-06-08T14:22:16.0000000Z;7.207;7.221;2770;3931
2026-06-08T14:22:17.0000000Z;7.207;7.221;2770;3931
2026-06-08T14:22:18.0000000Z;7.207;7.221;2770;3931
2026-06-08T14:22:21.0000000Z;7.207;7.222;2770;6213
2026-06-08T14:22:22.0000000Z;7.207;7.222;2770;6213
2026-06-08T14:22:23.0000000Z;7.207;7.222;2770;37462
2026-06-08T14:22:26.0000000Z;7.207;7.222;2770;37462
2026-06-08T14:22:27.0000000Z;7.207;7.222;2770;37462
2026-06-08T14:22:31.0000000Z;7.207;7.222;2770;34000
2026-06-08T14:22:37.0000000Z;7.207;7.222;2770;34000
2026-06-08T14:22:38.0000000Z;7.207;7.22;2770;3592
2026-06-08T14:22:39.0000000Z;7.207;7.22;2770;34000
2026-06-08T14:22:41.0000000Z;7.207;7.22;2770;34000
2026-06-08T14:22:43.0000000Z;7.207;7.22;2770;34000
2026-06-08T14:22:45.0000000Z;7.207;7.22;2770;34000
2026-06-08T14:22:46.0000000Z;7.207;7.22;2770;34000
2026-06-08T14:22:47.0000000Z;7.207;7.22;2770;34000
2026-06-08T14:22:48.0000000Z;7.207;7.22;2770;6213
2026-06-08T14:22:50.0000000Z;7.207;7.22;2770;6213
2026-06-08T14:22:52.0000000Z;7.207;7.22;2770;6213
2026-06-08T14:22:54.0000000Z;7.207;7.22;2770;6213
2026-06-08T14:22:55.0000000Z;7.207;7.22;2770;6213
2026-06-08T14:22:56.0000000Z;7.207;7.22;2770;6213
2026-06-08T14:22:57.0000000Z;7.207;7.22;2770;6213
2026-06-08T14:22:58.0000000Z;7.207;7.221;2770;8608
2026-06-08T14:23:00.0000000Z;7.207;7.221;2770;8608
2026-06-08T14:23:01.0000000Z;7.207;7.221;2770;37463
2026-06-08T14:23:02.0000000Z;7.207;7.221;2770;8608
2026-06-08T14:23:03.0000000Z;7.207;7.221;2770;39858
2026-06-08T14:23:05.0000000Z;7.207;7.221;2770;3592
2026-06-08T14:23:06.0000000Z;7.207;7.221;2770;3592
2026-06-08T14:23:07.0000000Z;7.207;7.221;2770;3592
2026-06-08T14:23:11.0000000Z;7.207;7.221;2770;3592
2026-06-08T14:23:12.0000000Z;7.207;7.221;2770;3592
2026-06-08T14:23:17.0000000Z;7.207;7.221;2770;3592
2026-06-08T14:23:18.0000000Z;7.207;7.221;2770;3592
2026-06-08T14:23:19.0000000Z;7.207;7.221;2770;3592
2026-06-08T14:23:20.0000000Z;7.207;7.221;2770;3592
2026-06-08T14:23:21.0000000Z;7.207;7.221;2770;3592
2026-06-08T14:23:22.0000000Z;7.207;7.221;2770;3592
2026-06-08T14:23:23.0000000Z;7.207;7.221;2770;3592
2026-06-08T14:23:24.0000000Z;7.207;7.221;2770;3592
2026-06-08T14:23:26.0000000Z;7.207;7.221;2770;3592
2026-06-08T14:23:27.0000000Z;7.207;7.221;2770;3592
2026-06-08T14:23:28.0000000Z;7.207;7.221;2770;3592
2026-06-08T14:23:29.0000000Z;7.207;7.221;2770;3592
2026-06-08T14:23:30.0000000Z;7.207;7.221;2770;3592
2026-06-08T14:23:31.0000000Z;7.207;7.221;2770;3592
2026-06-08T14:23:32.0000000Z;7.207;7.221;2770;3592
2026-06-08T14:23:35.0000000Z;7.207;7.221;2770;3592
2026-06-08T14:23:38.0000000Z;7.207;7.222;2770;3931
2026-06-08T14:23:39.0000000Z;7.207;7.222;2770;3931
2026-06-08T14:23:40.0000000Z;7.207;7.222;2770;3931
2026-06-08T14:23:41.0000000Z;7.207;7.222;2770;37462
2026-06-08T14:23:42.0000000Z;7.207;7.222;2770;37462
2026-06-08T14:23:43.0000000Z;7.207;7.222;2770;3931
2026-06-08T14:23:44.0000000Z;7.207;7.222;2770;3931
2026-06-08T14:23:45.0000000Z;7.207;7.222;2770;3931
2026-06-08T14:23:46.0000000Z;7.207;7.222;2770;3931
2026-06-08T14:23:47.0000000Z;7.207;7.222;2770;34000
2026-06-08T14:23:48.0000000Z;7.207;7.222;2770;34000
2026-06-08T14:23:49.0000000Z;7.207;7.222;2770;3931
2026-06-08T14:23:51.0000000Z;7.207;7.222;2770;3931
2026-06-08T14:23:53.0000000Z;7.207;7.222;2770;3931
2026-06-08T14:23:54.0000000Z;7.207;7.222;2770;3931
2026-06-08T14:23:55.0000000Z;7.207;7.223;2770;9919
2026-06-08T14:23:57.0000000Z;7.207;7.223;2770;34000
2026-06-08T14:23:58.0000000Z;7.207;7.223;2770;34000
2026-06-08T14:23:59.0000000Z;7.207;7.223;2770;34000
2026-06-08T14:24:00.0000000Z;7.207;7.223;2770;34000
2026-06-08T14:24:01.0000000Z;7.207;7.223;2770;34000
2026-06-08T14:24:02.0000000Z;7.207;7.223;2770;34000
2026-06-08T14:24:03.0000000Z;7.207;7.223;2770;7524
2026-06-08T14:24:04.0000000Z;7.207;7.223;2770;7524
2026-06-08T14:24:06.0000000Z;7.207;7.223;2770;7524
2026-06-08T14:24:10.0000000Z;7.207;7.223;2770;10145
2026-06-08T14:24:11.0000000Z;7.207;7.223;2770;10145
2026-06-08T14:24:14.0000000Z;7.207;7.223;2770;7524
2026-06-08T14:24:18.0000000Z;7.207;7.223;2770;10145
2026-06-08T14:24:19.0000000Z;7.207;7.223;2770;10145
2026-06-08T14:24:20.0000000Z;7.207;7.224;2770;8608
2026-06-08T14:24:21.0000000Z;7.207;7.224;2770;39856
2026-06-08T14:24:22.0000000Z;7.207;7.222;2770;3931
2026-06-08T14:24:23.0000000Z;7.207;7.222;2770;3931
2026-06-08T14:24:26.0000000Z;7.207;7.222;2770;3931
2026-06-08T14:24:29.0000000Z;7.207;7.222;2770;3931
2026-06-08T14:24:30.0000000Z;7.207;7.222;2770;6552
2026-06-08T14:24:31.0000000Z;7.207;7.222;2770;6552
2026-06-08T14:24:32.0000000Z;7.207;7.223;2770;3592
2026-06-08T14:24:33.0000000Z;7.207;7.222;2770;2621
2026-06-08T14:24:34.0000000Z;7.207;7.221;2770;34000
2026-06-08T14:24:37.0000000Z;7.207;7.221;2770;34000
2026-06-08T14:24:39.0000000Z;7.207;7.221;2770;34000
2026-06-08T14:24:40.0000000Z;7.207;7.221;2770;34000
2026-06-08T14:24:43.0000000Z;7.207;7.222;2770;3931
2026-06-08T14:24:44.0000000Z;7.207;7.222;2770;3931
2026-06-08T14:24:45.0000000Z;7.207;7.222;2770;3931
2026-06-08T14:24:46.0000000Z;7.207;7.222;2770;3931
2026-06-08T14:24:47.0000000Z;7.207;7.222;2770;37462
2026-06-08T14:24:48.0000000Z;7.207;7.222;2770;37462
2026-06-08T14:24:49.0000000Z;7.207;7.222;2770;37462
2026-06-08T14:24:50.0000000Z;7.207;7.222;2770;37462
2026-06-08T14:24:52.0000000Z;7.207;7.222;2770;37462
2026-06-08T14:24:54.0000000Z;7.207;7.222;2770;37462
2026-06-08T14:24:55.0000000Z;7.207;7.222;2770;34000
2026-06-08T14:24:56.0000000Z;7.207;7.222;2770;34000
2026-06-08T14:24:57.0000000Z;7.207;7.222;2770;34000
2026-06-08T14:24:59.0000000Z;7.207;7.222;2770;34000
2026-06-08T14:24:59.0000000Z;7.207;7.222;2770;34000
2026-06-08T14:25:00.0000000Z;7.207;7.222;2770;34000
2026-06-08T14:25:01.0000000Z;7.207;7.222;2770;34000
2026-06-08T14:25:05.0000000Z;7.207;7.222;2770;34000
2026-06-08T14:25:06.0000000Z;7.207;7.222;2770;34000
2026-06-08T14:25:07.0000000Z;7.207;7.222;2770;34000
2026-06-08T14:25:08.0000000Z;7.207;7.222;2770;6552
2026-06-08T14:25:09.0000000Z;7.207;7.222;2770;6552
2026-06-08T14:25:11.0000000Z;7.207;7.222;2770;6552
2026-06-08T14:25:13.0000000Z;7.207;7.22;2770;3931
2026-06-08T14:25:15.0000000Z;7.207;7.22;2770;3931
2026-06-08T14:25:19.0000000Z;7.207;7.22;2770;3931
2026-06-08T14:25:20.0000000Z;7.207;7.22;2770;3931
2026-06-08T14:25:21.0000000Z;7.207;7.22;2770;6552
2026-06-08T14:25:22.0000000Z;7.207;7.22;2770;6552
2026-06-08T14:25:23.0000000Z;7.207;7.22;2770;6552
2026-06-08T14:25:24.0000000Z;7.207;7.22;2770;6552
2026-06-08T14:25:26.0000000Z;7.207;7.22;2770;6552
2026-06-08T14:25:28.0000000Z;7.207;7.22;2770;6552
2026-06-08T14:25:29.0000000Z;7.207;7.22;2770;6552
2026-06-08T14:25:30.0000000Z;7.207;7.22;2770;6552
2026-06-08T14:25:32.0000000Z;7.207;7.22;2770;6552
2026-06-08T14:25:33.0000000Z;7.207;7.22;2770;3931
2026-06-08T14:25:34.0000000Z;7.207;7.22;2770;6552
2026-06-08T14:25:35.0000000Z;7.207;7.22;2770;3931
2026-06-08T14:25:36.0000000Z;7.207;7.22;2770;3931
2026-06-08T14:25:37.0000000Z;7.207;7.22;2770;3931
2026-06-08T14:25:38.0000000Z;7.207;7.22;2770;3931
2026-06-08T14:25:42.0000000Z;7.207;7.22;2770;3931
2026-06-08T14:25:43.0000000Z;7.207;7.221;2770;3931
2026-06-08T14:25:44.0000000Z;7.207;7.221;2770;3931
2026-06-08T14:25:45.0000000Z;7.207;7.221;2770;37463
2026-06-08T14:25:46.0000000Z;7.207;7.221;2770;37463
2026-06-08T14:25:48.0000000Z;7.207;7.221;2770;37463
2026-06-08T14:25:54.0000000Z;7.207;7.221;2770;37463
2026-06-08T14:25:55.0000000Z;7.207;7.221;2770;37463
2026-06-08T14:25:56.0000000Z;7.207;7.221;2770;34000
2026-06-08T14:25:59.0000000Z;7.207;7.221;2770;34000
2026-06-08T14:26:00.0000000Z;7.207;7.221;2770;34000
2026-06-08T14:26:03.0000000Z;7.207;7.221;2770;34000
2026-06-08T14:26:04.0000000Z;7.207;7.221;2770;34000
2026-06-08T14:26:05.0000000Z;7.207;7.221;2770;34000
2026-06-08T14:26:06.0000000Z;7.207;7.221;2770;34000
2026-06-08T14:26:07.0000000Z;7.207;7.221;2770;3592
2026-06-08T14:26:08.0000000Z;7.207;7.221;2770;3592
2026-06-08T14:26:09.0000000Z;7.207;7.221;2770;3592
2026-06-08T14:26:10.0000000Z;7.207;7.221;2770;3592
2026-06-08T14:26:11.0000000Z;7.207;7.221;2770;3592
2026-06-08T14:26:12.0000000Z;7.207;7.221;2770;3592
2026-06-08T14:26:13.0000000Z;7.207;7.221;2770;3592
2026-06-08T14:26:14.0000000Z;7.207;7.221;2770;3592
2026-06-08T14:26:15.0000000Z;7.207;7.221;2770;3592
2026-06-08T14:26:16.0000000Z;7.207;7.221;2770;3592
2026-06-08T14:26:18.0000000Z;7.207;7.221;2770;3592
2026-06-08T14:26:19.0000000Z;7.207;7.221;2770;3592
2026-06-08T14:26:20.0000000Z;7.207;7.221;2770;3592
2026-06-08T14:26:22.0000000Z;7.207;7.221;2770;3592
2026-06-08T14:26:26.0000000Z;7.207;7.221;2770;3592
2026-06-08T14:26:27.0000000Z;7.207;7.221;2770;3592
2026-06-08T14:26:29.0000000Z;7.207;7.223;2770;6326
2026-06-08T14:26:30.0000000Z;7.207;7.222;2770;3462
2026-06-08T14:26:31.0000000Z;7.207;7.223;2770;3931
2026-06-08T14:26:33.0000000Z;7.207;7.223;2770;3931
2026-06-08T14:26:34.0000000Z;7.207;7.223;2770;3931
2026-06-08T14:26:35.0000000Z;7.207;7.223;2770;3931
2026-06-08T14:26:36.0000000Z;7.207;7.223;2770;6552
2026-06-08T14:26:37.0000000Z;7.207;7.223;2770;6552
2026-06-08T14:26:38.0000000Z;7.207;7.221;2770;3931
2026-06-08T14:26:40.0000000Z;7.207;7.221;2770;34000
2026-06-08T14:26:42.0000000Z;7.207;7.221;2770;34000
2026-06-08T14:26:43.0000000Z;7.207;7.221;2770;34000
2026-06-08T14:26:44.0000000Z;7.207;7.221;2770;34000
2026-06-08T14:26:48.0000000Z;7.207;7.221;2770;34000
2026-06-08T14:26:49.0000000Z;7.207;7.222;2770;3931
2026-06-08T14:26:50.0000000Z;7.207;7.222;2770;3931
2026-06-08T14:26:51.0000000Z;7.207;7.222;2770;3931
2026-06-08T14:26:52.0000000Z;7.207;7.222;2770;37462
2026-06-08T14:26:53.0000000Z;7.207;7.222;2770;37462
2026-06-08T14:26:54.0000000Z;7.207;7.222;2770;37462
2026-06-08T14:26:56.0000000Z;7.207;7.222;2770;37462
2026-06-08T14:26:58.0000000Z;7.207;7.222;2770;37462
2026-06-08T14:26:59.0000000Z;7.207;7.224;2770;6552
2026-06-08T14:27:00.0000000Z;7.207;7.224;2770;6552
2026-06-08T14:27:01.0000000Z;7.207;7.222;2770;34000
2026-06-08T14:27:02.0000000Z;7.207;7.224;2770;34000
2026-06-08T14:27:03.0000000Z;7.207;7.224;2770;6552
2026-06-08T14:27:05.0000000Z;7.207;7.224;2770;6552
2026-06-08T14:27:07.0000000Z;7.207;7.224;2770;3931
2026-06-08T14:27:08.0000000Z;7.207;7.224;2770;3931
2026-06-08T14:27:09.0000000Z;7.207;7.224;2770;3931
2026-06-08T14:27:11.0000000Z;7.207;7.224;2770;3931
2026-06-08T14:27:15.0000000Z;7.207;7.224;2770;3931
2026-06-08T14:27:16.0000000Z;7.207;7.224;2770;6552
2026-06-08T14:27:17.0000000Z;7.207;7.224;2770;3931
2026-06-08T14:27:18.0000000Z;7.207;7.224;2770;3931
2026-06-08T14:27:19.0000000Z;7.207;7.224;2770;3931
2026-06-08T14:27:25.0000000Z;7.207;7.224;2770;3931
2026-06-08T14:27:26.0000000Z;7.207;7.224;2770;6552
2026-06-08T14:27:27.0000000Z;7.207;7.224;2770;6552
2026-06-08T14:27:37.0000000Z;7.207;7.224;2770;6552
2026-06-08T14:27:38.0000000Z;7.207;7.224;2770;6552
2026-06-08T14:27:39.0000000Z;7.207;7.224;2770;6552
2026-06-08T14:27:42.0000000Z;7.207;7.224;2770;3931
2026-06-08T14:27:43.0000000Z;7.207;7.223;2770;3931
2026-06-08T14:27:44.0000000Z;7.207;7.223;2770;34000
2026-06-08T14:27:46.0000000Z;7.207;7.223;2770;34000
2026-06-08T14:27:47.0000000Z;7.207;7.223;2770;34000
2026-06-08T14:27:48.0000000Z;7.207;7.223;2770;34000
2026-06-08T14:27:49.0000000Z;7.207;7.223;2770;34000
2026-06-08T14:27:51.0000000Z;7.207;7.223;2770;34000
2026-06-08T14:27:52.0000000Z;7.207;7.223;2770;34000
2026-06-08T14:27:53.0000000Z;7.207;7.223;2770;34000
2026-06-08T14:27:59.0000000Z;7.207;7.223;2770;34000
2026-06-08T14:28:00.0000000Z;7.207;7.223;2770;34000
2026-06-08T14:28:01.0000000Z;7.207;7.223;2770;3592
2026-06-08T14:28:02.0000000Z;7.207;7.223;2770;3592
2026-06-08T14:28:03.0000000Z;7.207;7.223;2770;3592
2026-06-08T14:28:04.0000000Z;7.207;7.223;2770;6213
2026-06-08T14:28:05.0000000Z;7.207;7.223;2770;6213
2026-06-08T14:28:06.0000000Z;7.207;7.223;2770;3592
2026-06-08T14:28:07.0000000Z;7.207;7.223;2770;6213
2026-06-08T14:28:08.0000000Z;7.207;7.223;2770;6213
2026-06-08T14:28:09.0000000Z;7.207;7.223;2770;6213
2026-06-08T14:28:11.0000000Z;7.207;7.223;2770;6213
2026-06-08T14:28:13.0000000Z;7.207;7.222;2770;6552
2026-06-08T14:28:14.0000000Z;7.207;7.221;2770;2621
2026-06-08T14:28:15.0000000Z;7.207;7.22;2770;3931
2026-06-08T14:28:16.0000000Z;7.207;7.22;2770;34000
2026-06-08T14:28:17.0000000Z;7.207;7.22;2770;34000
2026-06-08T14:28:19.0000000Z;7.207;7.22;2770;34000
2026-06-08T14:28:20.0000000Z;7.207;7.22;2770;34000
2026-06-08T14:28:22.0000000Z;7.207;7.22;2770;34000
2026-06-08T14:28:23.0000000Z;7.207;7.22;2770;34000
2026-06-08T14:28:24.0000000Z;7.207;7.22;2770;34000
2026-06-08T14:28:25.0000000Z;7.207;7.22;2770;34000
2026-06-08T14:28:26.0000000Z;7.207;7.22;2770;34000
2026-06-08T14:28:27.0000000Z;7.207;7.22;2770;34000
2026-06-08T14:28:28.0000000Z;7.207;7.221;2770;6552
2026-06-08T14:28:29.0000000Z;7.207;7.221;2770;6552
2026-06-08T14:28:30.0000000Z;7.207;7.221;2770;6552
2026-06-08T14:28:33.0000000Z;7.207;7.221;2770;6552
2026-06-08T14:28:36.0000000Z;7.207;7.221;2770;6552
2026-06-08T14:28:37.0000000Z;7.207;7.221;2770;6552
2026-06-08T14:28:38.0000000Z;7.207;7.22;2770;3931
2026-06-08T14:28:39.0000000Z;7.207;7.22;2770;34000
2026-06-08T14:28:40.0000000Z;7.207;7.22;2770;34000
2026-06-08T14:28:41.0000000Z;7.207;7.22;2770;34000
2026-06-08T14:28:43.0000000Z;7.207;7.22;2770;34000
2026-06-08T14:28:46.0000000Z;7.207;7.22;2770;34000
2026-06-08T14:28:49.0000000Z;7.207;7.222;2770;6213
2026-06-08T14:28:52.0000000Z;7.207;7.221;2770;3463
2026-06-08T14:28:53.0000000Z;7.207;7.222;2770;8608
2026-06-08T14:28:54.0000000Z;7.207;7.222;2770;8608
2026-06-08T14:28:57.0000000Z;7.207;7.222;2770;8608
2026-06-08T14:28:58.0000000Z;7.207;7.222;2770;6213
2026-06-08T14:28:59.0000000Z;7.207;7.222;2770;6213
2026-06-08T14:29:00.0000000Z;7.207;7.222;2770;34000
2026-06-08T14:29:01.0000000Z;7.207;7.222;2770;34000
2026-06-08T14:29:02.0000000Z;7.207;7.222;2770;34000
2026-06-08T14:29:03.0000000Z;7.207;7.222;2770;34000
2026-06-08T14:29:04.0000000Z;7.207;7.222;2770;34000
2026-06-08T14:29:05.0000000Z;7.207;7.222;2770;34000
2026-06-08T14:29:06.0000000Z;7.207;7.222;2770;8608
2026-06-08T14:29:07.0000000Z;7.207;7.222;2770;8608
2026-06-08T14:29:08.0000000Z;7.207;7.222;2770;8608
2026-06-08T14:29:09.0000000Z;7.207;7.222;2770;8608
2026-06-08T14:29:11.0000000Z;7.207;7.222;2770;6213
2026-06-08T14:29:12.0000000Z;7.207;7.222;2770;6213
2026-06-08T14:29:13.0000000Z;7.207;7.222;2770;3592
2026-06-08T14:29:14.0000000Z;7.207;7.222;2770;3592
2026-06-08T14:29:15.0000000Z;7.207;7.222;2770;3592
2026-06-08T14:29:21.0000000Z;7.207;7.222;2770;3592
2026-06-08T14:29:22.0000000Z;7.207;7.222;2770;3592
2026-06-08T14:29:23.0000000Z;7.207;7.222;2770;3592
2026-06-08T14:29:24.0000000Z;7.207;7.222;2770;3592
2026-06-08T14:29:25.0000000Z;7.207;7.222;2770;3592
2026-06-08T14:29:28.0000000Z;7.207;7.222;2770;3592
2026-06-08T14:29:31.0000000Z;7.207;7.222;2770;3592
2026-06-08T14:29:32.0000000Z;7.207;7.222;2770;3592
2026-06-08T14:29:33.0000000Z;7.207;7.222;2770;3592
2026-06-08T14:29:34.0000000Z;7.207;7.222;2770;3592
2026-06-08T14:29:35.0000000Z;7.207;7.222;2770;3592
2026-06-08T14:29:36.0000000Z;7.207;7.222;2770;3592
2026-06-08T14:29:37.0000000Z;7.207;7.222;2770;3592
2026-06-08T14:29:38.0000000Z;7.207;7.222;2770;3592
2026-06-08T14:29:39.0000000Z;7.207;7.222;2770;3592
2026-06-08T14:29:40.0000000Z;7.207;7.222;2770;3592
2026-06-08T14:29:41.0000000Z;7.207;7.222;2770;3592
2026-06-08T14:29:42.0000000Z;7.207;7.224;2770;3931
2026-06-08T14:29:44.0000000Z;7.207;7.223;2770;3462
2026-06-08T14:29:45.0000000Z;7.207;7.224;2770;3931
2026-06-08T14:29:46.0000000Z;7.207;7.224;2770;3931
2026-06-08T14:29:47.0000000Z;7.207;7.224;2770;3931
2026-06-08T14:29:48.0000000Z;7.207;7.225;2770;2395
2026-06-08T14:29:49.0000000Z;7.207;7.224;2770;3592
2026-06-08T14:29:50.0000000Z;7.207;7.224;2770;3592
2026-06-08T14:29:51.0000000Z;7.207;7.224;2770;34000
2026-06-08T14:29:52.0000000Z;7.207;7.224;2770;34000
2026-06-08T14:29:53.0000000Z;7.207;7.224;2770;34000
2026-06-08T14:29:54.0000000Z;7.207;7.224;2770;34000
2026-06-08T14:29:55.0000000Z;7.207;7.224;2770;34000
2026-06-08T14:29:57.0000000Z;7.207;7.224;2770;34000
2026-06-08T14:29:58.0000000Z;7.207;7.224;2770;34000
2026-06-08T14:29:59.0000000Z;7.207;7.224;2770;34000
2026-06-08T14:30:00.0000000Z;7.207;7.224;2770;5987
2026-06-08T14:30:01.0000000Z;7.207;7.224;2770;5987
2026-06-08T14:30:02.0000000Z;7.207;7.224;2770;5987
2026-06-08T14:30:03.0000000Z;7.207;7.224;2770;5987
2026-06-08T14:30:04.0000000Z;7.207;7.224;2770;5987
2026-06-08T14:30:05.0000000Z;7.207;7.224;2770;5987
2026-06-08T14:30:06.0000000Z;7.207;7.224;2770;5987
2026-06-08T14:30:07.0000000Z;7.207;7.224;2770;5987
2026-06-08T14:30:11.0000000Z;7.207;7.224;2770;5987
2026-06-08T14:30:15.0000000Z;7.207;7.224;2770;5987
2026-06-08T14:30:20.0000000Z;7.207;7.224;9888;3592
2026-06-08T14:30:21.0000000Z;7.207;7.224;5165;3592
2026-06-08T14:30:25.0000000Z;7.207;7.226;5165;12400
2026-06-08T14:30:26.0000000Z;7.207;7.226;9888;12400
2026-06-08T14:30:27.0000000Z;7.207;7.226;5165;12400
2026-06-08T14:30:28.0000000Z;7.207;7.226;5165;12400
2026-06-08T14:30:29.0000000Z;7.207;7.225;5165;3461
2026-06-08T14:30:31.0000000Z;7.207;7.225;5165;3461
2026-06-08T14:30:32.0000000Z;7.207;7.225;5165;3461
2026-06-08T14:30:34.0000000Z;7.21;7.225;1108;3461
2026-06-08T14:30:35.0000000Z;7.21;7.225;34000;3461
2026-06-08T14:30:36.0000000Z;7.21;7.225;2625;3461
2026-06-08T14:30:37.0000000Z;7.21;7.226;34000;34000
2026-06-08T14:30:38.0000000Z;7.21;7.225;2625;3461
2026-06-08T14:30:39.0000000Z;7.21;7.225;2625;3461
2026-06-08T14:30:40.0000000Z;7.21;7.225;2625;3461
2026-06-08T14:30:41.0000000Z;7.21;7.225;2625;3461
2026-06-08T14:30:42.0000000Z;7.21;7.225;2625;3461
2026-06-08T14:30:43.0000000Z;7.21;7.225;2625;3461
2026-06-08T14:30:44.0000000Z;7.21;7.225;2625;3461
2026-06-08T14:30:45.0000000Z;7.21;7.225;2603;3461
2026-06-08T14:30:46.0000000Z;7.21;7.225;2603;3461
2026-06-08T14:30:47.0000000Z;7.21;7.225;2603;3461
2026-06-08T14:30:48.0000000Z;7.21;7.225;2603;3461
2026-06-08T14:30:49.0000000Z;7.21;7.225;2603;3461
2026-06-08T14:30:50.0000000Z;7.21;7.225;2603;3461
2026-06-08T14:30:51.0000000Z;7.21;7.225;2603;3461
2026-06-08T14:30:52.0000000Z;7.21;7.225;2603;3461
2026-06-08T14:30:53.0000000Z;7.21;7.225;2603;3461
2026-06-08T14:30:55.0000000Z;7.21;7.225;2603;3461
2026-06-08T14:30:57.0000000Z;7.21;7.225;2603;3461
2026-06-08T14:30:58.0000000Z;7.21;7.225;2603;3461
2026-06-08T14:30:59.0000000Z;7.21;7.225;2603;3461
2026-06-08T14:31:00.0000000Z;7.21;7.225;2603;3461
2026-06-08T14:31:01.0000000Z;7.21;7.225;2603;3461
2026-06-08T14:31:03.0000000Z;7.21;7.225;2603;3461
2026-06-08T14:31:04.0000000Z;7.21;7.225;2603;3461
2026-06-08T14:31:05.0000000Z;7.21;7.225;2603;3461
2026-06-08T14:31:06.0000000Z;7.21;7.225;2603;3461
2026-06-08T14:31:08.0000000Z;7.21;7.225;2603;3461
2026-06-08T14:31:09.0000000Z;7.21;7.225;2603;3461
2026-06-08T14:31:10.0000000Z;7.21;7.225;2603;3461
2026-06-08T14:31:11.0000000Z;7.21;7.225;2603;3461
2026-06-08T14:31:13.0000000Z;7.21;7.225;2603;3461
2026-06-08T14:31:15.0000000Z;7.21;7.225;2603;3461
2026-06-08T14:31:16.0000000Z;7.21;7.225;2603;3461
2026-06-08T14:31:19.0000000Z;7.21;7.225;2603;3461
2026-06-08T14:31:20.0000000Z;7.21;7.225;2603;3461
2026-06-08T14:31:21.0000000Z;7.21;7.225;2603;3461
2026-06-08T14:31:22.0000000Z;7.21;7.225;2603;3461
2026-06-08T14:31:28.0000000Z;7.21;7.225;2603;3461
2026-06-08T14:31:29.0000000Z;7.21;7.225;2603;3461
2026-06-08T14:31:30.0000000Z;7.21;7.225;2603;3461
2026-06-08T14:31:31.0000000Z;7.21;7.225;2603;3461
2026-06-08T14:31:32.0000000Z;7.21;7.225;2603;3461
2026-06-08T14:31:34.0000000Z;7.21;7.228;2603;4023
2026-06-08T14:31:35.0000000Z;7.21;7.228;2603;4023
2026-06-08T14:31:36.0000000Z;7.21;7.228;2603;2395
2026-06-08T14:31:37.0000000Z;7.21;7.229;2603;2621
2026-06-08T14:31:38.0000000Z;7.21;7.229;2603;4515
2026-06-08T14:31:39.0000000Z;7.21;7.229;2603;4515
2026-06-08T14:31:40.0000000Z;7.21;7.229;2603;4515
2026-06-08T14:31:41.0000000Z;7.21;7.229;2603;1894
2026-06-08T14:31:42.0000000Z;7.21;7.229;2603;4515
2026-06-08T14:31:43.0000000Z;7.21;7.229;2603;34000
2026-06-08T14:31:44.0000000Z;7.21;7.229;2603;34000
2026-06-08T14:31:45.0000000Z;7.21;7.229;2603;34000
2026-06-08T14:31:46.0000000Z;7.21;7.229;2603;34000
2026-06-08T14:31:47.0000000Z;7.21;7.229;2603;34000
2026-06-08T14:31:48.0000000Z;7.21;7.229;2603;34000
2026-06-08T14:31:55.0000000Z;7.21;7.229;2603;34000
2026-06-08T14:31:56.0000000Z;7.21;7.229;2603;34000
2026-06-08T14:31:57.0000000Z;7.21;7.229;2603;34000
2026-06-08T14:31:58.0000000Z;7.21;7.229;2603;34000
2026-06-08T14:32:01.0000000Z;7.21;7.229;2603;34000
2026-06-08T14:32:02.0000000Z;7.21;7.229;2603;34000
2026-06-08T14:32:03.0000000Z;7.21;7.229;2603;34000
2026-06-08T14:32:04.0000000Z;7.21;7.229;2603;34000
2026-06-08T14:32:06.0000000Z;7.21;7.229;2603;34000
2026-06-08T14:32:07.0000000Z;7.21;7.229;2603;34000
2026-06-08T14:32:08.0000000Z;7.21;7.229;2603;34000
2026-06-08T14:32:09.0000000Z;7.21;7.229;2603;34000
2026-06-08T14:32:12.0000000Z;7.21;7.229;2603;34000
2026-06-08T14:32:13.0000000Z;7.21;7.23;2603;5368
2026-06-08T14:32:17.0000000Z;7.21;7.23;2603;37458
2026-06-08T14:32:18.0000000Z;7.21;7.23;2603;37458
2026-06-08T14:32:19.0000000Z;7.21;7.23;2603;2747
2026-06-08T14:32:20.0000000Z;7.21;7.23;2603;2747
2026-06-08T14:32:22.0000000Z;7.21;7.23;2603;34000
2026-06-08T14:32:25.0000000Z;7.21;7.23;2603;1592
2026-06-08T14:32:26.0000000Z;7.21;7.231;2603;4305
2026-06-08T14:32:27.0000000Z;7.21;7.231;5224;4305
2026-06-08T14:32:29.0000000Z;7.21;7.231;5224;2395
2026-06-08T14:32:30.0000000Z;7.21;7.231;2603;4419
2026-06-08T14:32:31.0000000Z;7.21;7.231;5224;4419
2026-06-08T14:32:32.0000000Z;7.21;7.231;5224;2395
2026-06-08T14:32:33.0000000Z;7.21;7.23;5224;34000
2026-06-08T14:32:34.0000000Z;7.218;7.23;2770;34000
2026-06-08T14:32:35.0000000Z;7.218;7.23;2770;34000
2026-06-08T14:32:37.0000000Z;7.218;7.23;2770;34000
2026-06-08T14:32:38.0000000Z;7.218;7.23;2770;34000
2026-06-08T14:32:39.0000000Z;7.218;7.23;2770;34000
2026-06-08T14:32:41.0000000Z;7.212;7.23;1108;34000
2026-06-08T14:32:42.0000000Z;7.218;7.23;2408;34000
2026-06-08T14:32:43.0000000Z;7.218;7.23;2408;34000
2026-06-08T14:32:48.0000000Z;7.218;7.23;2408;34000
2026-06-08T14:32:53.0000000Z;7.218;7.23;2408;34000
2026-06-08T14:32:54.0000000Z;7.218;7.23;2408;34000
2026-06-08T14:32:56.0000000Z;7.218;7.23;2408;34000
2026-06-08T14:32:57.0000000Z;7.218;7.23;2408;34000
2026-06-08T14:32:58.0000000Z;7.218;7.23;2408;34000
2026-06-08T14:32:59.0000000Z;7.214;7.23;1108;34000
2026-06-08T14:33:00.0000000Z;7.218;7.23;1108;34000
2026-06-08T14:33:01.0000000Z;7.216;7.23;1108;34000
2026-06-08T14:33:02.0000000Z;7.218;7.23;1108;34000
2026-06-08T14:33:04.0000000Z;7.218;7.23;1108;34000
2026-06-08T14:33:05.0000000Z;7.218;7.23;1108;34000
2026-06-08T14:33:06.0000000Z;7.218;7.23;1858;34000
2026-06-08T14:33:07.0000000Z;7.218;7.23;1858;34000
2026-06-08T14:33:11.0000000Z;7.218;7.23;2134;34000
2026-06-08T14:33:13.0000000Z;7.218;7.23;2134;34000
2026-06-08T14:33:15.0000000Z;7.218;7.23;2134;34000
2026-06-08T14:33:16.0000000Z;7.218;7.23;2134;34000
2026-06-08T14:33:18.0000000Z;7.218;7.23;2134;34000
2026-06-08T14:33:23.0000000Z;7.218;7.23;2134;34000
2026-06-08T14:33:24.0000000Z;7.218;7.23;2134;34000
2026-06-08T14:33:25.0000000Z;7.218;7.23;2134;34000
2026-06-08T14:33:27.0000000Z;7.218;7.23;2134;34000
2026-06-08T14:33:28.0000000Z;7.218;7.23;2134;34000
2026-06-08T14:33:30.0000000Z;7.218;7.23;2134;34000
2026-06-08T14:33:32.0000000Z;7.218;7.23;2134;34000
2026-06-08T14:33:33.0000000Z;7.218;7.23;2134;34000
2026-06-08T14:33:34.0000000Z;7.218;7.23;2134;34000
2026-06-08T14:33:35.0000000Z;7.218;7.23;2134;34000
2026-06-08T14:33:36.0000000Z;7.218;7.23;2134;34000
2026-06-08T14:33:37.0000000Z;7.218;7.23;2134;3592
2026-06-08T14:33:38.0000000Z;7.218;7.23;2134;3592
2026-06-08T14:33:39.0000000Z;7.218;7.23;2134;3592
2026-06-08T14:33:40.0000000Z;7.218;7.23;2134;3592
2026-06-08T14:33:41.0000000Z;7.218;7.23;2134;3592
2026-06-08T14:33:42.0000000Z;7.218;7.23;2134;3592
2026-06-08T14:33:43.0000000Z;7.218;7.23;2134;3592
2026-06-08T14:33:44.0000000Z;7.218;7.23;2134;3592
2026-06-08T14:33:45.0000000Z;7.218;7.23;2134;3592
2026-06-08T14:33:47.0000000Z;7.218;7.231;2134;3931
2026-06-08T14:33:48.0000000Z;7.218;7.231;2134;3931
2026-06-08T14:33:49.0000000Z;7.218;7.231;2134;37458
2026-06-08T14:33:54.0000000Z;7.218;7.231;2134;37458
2026-06-08T14:33:56.0000000Z;7.218;7.231;2134;37458
2026-06-08T14:33:57.0000000Z;7.218;7.231;2134;34000
2026-06-08T14:33:58.0000000Z;7.218;7.231;2134;34000
2026-06-08T14:33:59.0000000Z;7.218;7.231;2134;34000
2026-06-08T14:34:00.0000000Z;7.218;7.231;2134;34000
2026-06-08T14:34:01.0000000Z;7.218;7.231;2134;6552
2026-06-08T14:34:02.0000000Z;7.218;7.231;2134;6552
2026-06-08T14:34:06.0000000Z;7.218;7.231;2134;6552
2026-06-08T14:34:07.0000000Z;7.214;7.229;1108;34000
2026-06-08T14:34:08.0000000Z;7.216;7.229;2770;34000
2026-06-08T14:34:09.0000000Z;7.217;7.229;3465;34000
2026-06-08T14:34:10.0000000Z;7.216;7.229;1108;34000
2026-06-08T14:34:11.0000000Z;7.217;7.229;1108;6552
2026-06-08T14:34:13.0000000Z;7.217;7.229;1108;3931
2026-06-08T14:34:14.0000000Z;7.217;7.229;34000;3931
2026-06-08T14:34:15.0000000Z;7.216;7.229;2770;3931
2026-06-08T14:34:16.0000000Z;7.216;7.229;2770;3931
2026-06-08T14:34:17.0000000Z;7.216;7.229;37465;3931
2026-06-08T14:34:21.0000000Z;7.216;7.229;37465;3931
2026-06-08T14:34:22.0000000Z;7.216;7.229;34000;3931
2026-06-08T14:34:24.0000000Z;7.216;7.229;34000;3931
2026-06-08T14:34:25.0000000Z;7.216;7.23;34000;6552
2026-06-08T14:34:27.0000000Z;7.216;7.228;34000;3931
2026-06-08T14:34:28.0000000Z;7.216;7.228;34000;3931
2026-06-08T14:34:29.0000000Z;7.216;7.228;34000;3931
2026-06-08T14:34:32.0000000Z;7.216;7.228;34000;3931
2026-06-08T14:34:34.0000000Z;7.216;7.228;34000;3931
2026-06-08T14:34:35.0000000Z;7.216;7.228;34000;3931
2026-06-08T14:34:36.0000000Z;7.216;7.228;34000;3931
2026-06-08T14:34:37.0000000Z;7.216;7.23;34000;6552
2026-06-08T14:34:38.0000000Z;7.216;7.23;34000;3931
2026-06-08T14:34:39.0000000Z;7.216;7.23;34000;6552
2026-06-08T14:34:40.0000000Z;7.216;7.23;34000;3931
2026-06-08T14:34:41.0000000Z;7.216;7.23;34000;3931
2026-06-08T14:34:43.0000000Z;7.216;7.23;34000;6552
2026-06-08T14:34:45.0000000Z;7.216;7.23;1108;34000
2026-06-08T14:34:46.0000000Z;7.216;7.228;1108;3931
2026-06-08T14:34:49.0000000Z;7.216;7.228;1108;3931
2026-06-08T14:34:50.0000000Z;7.216;7.228;2770;3931
2026-06-08T14:34:51.0000000Z;7.216;7.228;2770;3931
2026-06-08T14:34:53.0000000Z;7.216;7.228;2770;3931
2026-06-08T14:34:54.0000000Z;7.216;7.228;2770;3931
2026-06-08T14:34:55.0000000Z;7.216;7.228;2770;3931
2026-06-08T14:34:56.0000000Z;7.216;7.23;2770;3931
2026-06-08T14:34:57.0000000Z;7.218;7.23;1108;3931
2026-06-08T14:34:58.0000000Z;7.218;7.23;34000;3931
2026-06-08T14:34:59.0000000Z;7.218;7.229;34000;3459
2026-06-08T14:35:00.0000000Z;7.218;7.229;34000;3459
2026-06-08T14:35:01.0000000Z;7.218;7.232;34000;12400
2026-06-08T14:35:02.0000000Z;7.218;7.231;1108;3592
2026-06-08T14:35:03.0000000Z;7.218;7.231;1108;3592
2026-06-08T14:35:05.0000000Z;7.218;7.231;1108;34000
2026-06-08T14:35:06.0000000Z;7.218;7.231;1108;34000
2026-06-08T14:35:07.0000000Z;7.218;7.231;1108;34000
2026-06-08T14:35:09.0000000Z;7.218;7.231;1108;34000
2026-06-08T14:35:10.0000000Z;7.216;7.231;2770;34000
2026-06-08T14:35:11.0000000Z;7.217;7.231;3465;34000
2026-06-08T14:35:13.0000000Z;7.217;7.231;3465;34000
2026-06-08T14:35:14.0000000Z;7.217;7.232;3465;12400
2026-06-08T14:35:15.0000000Z;7.216;7.232;34000;12400
2026-06-08T14:35:17.0000000Z;7.216;7.232;34000;37457
2026-06-08T14:35:18.0000000Z;7.216;7.232;34000;37457
2026-06-08T14:35:19.0000000Z;7.216;7.232;34000;37457
2026-06-08T14:35:20.0000000Z;7.216;7.231;34000;3592
2026-06-08T14:35:21.0000000Z;7.216;7.231;34000;34000
2026-06-08T14:35:22.0000000Z;7.216;7.231;34000;34000
2026-06-08T14:35:26.0000000Z;7.216;7.232;34000;12400
2026-06-08T14:35:28.0000000Z;7.216;7.231;34000;3592
2026-06-08T14:35:30.0000000Z;7.216;7.231;34000;3592
2026-06-08T14:35:33.0000000Z;7.216;7.232;34000;12400
2026-06-08T14:35:36.0000000Z;7.216;7.232;34000;37457
2026-06-08T14:35:37.0000000Z;7.216;7.232;34000;34000
2026-06-08T14:35:40.0000000Z;7.216;7.232;34000;34000
2026-06-08T14:35:42.0000000Z;7.216;7.232;34000;34000
2026-06-08T14:35:43.0000000Z;7.216;7.232;34000;34000
2026-06-08T14:35:44.0000000Z;7.216;7.232;34000;34000
2026-06-08T14:35:50.0000000Z;7.216;7.232;34000;34000
2026-06-08T14:35:53.0000000Z;7.216;7.232;34000;34000
2026-06-08T14:35:57.0000000Z;7.216;7.232;34000;34000
2026-06-08T14:35:59.0000000Z;7.216;7.232;34000;34000
2026-06-08T14:36:02.0000000Z;7.216;7.232;34000;34000
2026-06-08T14:36:04.0000000Z;7.216;7.232;34000;34000
2026-06-08T14:36:11.0000000Z;7.216;7.232;34000;34000
2026-06-08T14:36:12.0000000Z;7.216;7.232;34000;34000
2026-06-08T14:36:17.0000000Z;7.216;7.232;34000;34000
2026-06-08T14:36:22.0000000Z;7.216;7.232;34000;34000
2026-06-08T14:36:24.0000000Z;7.216;7.232;34000;34000
2026-06-08T14:36:25.0000000Z;7.216;7.232;34000;34000
2026-06-08T14:36:26.0000000Z;7.216;7.232;34000;34000
2026-06-08T14:36:28.0000000Z;7.216;7.232;34000;34000
2026-06-08T14:36:31.0000000Z;7.216;7.232;34000;34000
2026-06-08T14:36:37.0000000Z;7.216;7.232;34000;34000
2026-06-08T14:36:38.0000000Z;7.216;7.232;34000;34000
2026-06-08T14:36:40.0000000Z;7.216;7.232;34000;34000
2026-06-08T14:36:41.0000000Z;7.216;7.232;34000;34000
2026-06-08T14:36:42.0000000Z;7.216;7.232;34000;34000
2026-06-08T14:36:43.0000000Z;7.216;7.232;34000;34000
2026-06-08T14:36:44.0000000Z;7.216;7.231;34000;34000
2026-06-08T14:36:45.0000000Z;7.216;7.231;34000;34000
2026-06-08T14:36:46.0000000Z;7.216;7.231;34000;34000
2026-06-08T14:36:47.0000000Z;7.216;7.231;34000;34000
2026-06-08T14:36:48.0000000Z;7.216;7.231;34000;34000
2026-06-08T14:36:49.0000000Z;7.216;7.231;34000;34000
2026-06-08T14:36:50.0000000Z;7.216;7.231;34000;34000
2026-06-08T14:36:51.0000000Z;7.216;7.231;34000;34000
2026-06-08T14:36:52.0000000Z;7.216;7.231;34000;34000
2026-06-08T14:36:54.0000000Z;7.216;7.232;34000;16331
2026-06-08T14:36:55.0000000Z;7.216;7.232;34000;16331
2026-06-08T14:36:56.0000000Z;7.216;7.232;34000;34000
2026-06-08T14:36:58.0000000Z;7.216;7.232;34000;34000
2026-06-08T14:36:59.0000000Z;7.216;7.232;34000;34000
2026-06-08T14:37:00.0000000Z;7.216;7.232;34000;34000
2026-06-08T14:37:01.0000000Z;7.216;7.232;34000;34000
2026-06-08T14:37:02.0000000Z;7.216;7.232;34000;34000
2026-06-08T14:37:04.0000000Z;7.216;7.232;34000;12400
2026-06-08T14:37:08.0000000Z;7.216;7.231;34000;34000
2026-06-08T14:37:10.0000000Z;7.216;7.231;34000;34000
2026-06-08T14:37:13.0000000Z;7.216;7.231;34000;34000
2026-06-08T14:37:15.0000000Z;7.216;7.231;34000;34000
2026-06-08T14:37:17.0000000Z;7.216;7.231;34000;34000
2026-06-08T14:37:18.0000000Z;7.216;7.231;34000;34000
2026-06-08T14:37:23.0000000Z;7.216;7.231;34000;34000
2026-06-08T14:37:24.0000000Z;7.216;7.231;34000;34000
2026-06-08T14:37:25.0000000Z;7.216;7.231;34000;6552
2026-06-08T14:37:32.0000000Z;7.216;7.231;34000;3931
2026-06-08T14:37:34.0000000Z;7.216;7.231;34000;3931
2026-06-08T14:37:35.0000000Z;7.216;7.231;34000;3931
2026-06-08T14:37:36.0000000Z;7.216;7.231;34000;3931
2026-06-08T14:37:38.0000000Z;7.216;7.231;34000;6552
2026-06-08T14:37:39.0000000Z;7.216;7.231;34000;6552
2026-06-08T14:37:40.0000000Z;7.216;7.229;34000;3931
2026-06-08T14:37:41.0000000Z;7.216;7.229;34000;3931
2026-06-08T14:37:42.0000000Z;7.216;7.229;34000;34000
2026-06-08T14:37:43.0000000Z;7.216;7.229;34000;34000
2026-06-08T14:37:48.0000000Z;7.216;7.229;34000;34000
2026-06-08T14:37:49.0000000Z;7.216;7.229;34000;34000
2026-06-08T14:37:50.0000000Z;7.216;7.232;34000;12400
2026-06-08T14:37:51.0000000Z;7.216;7.231;34000;2621
2026-06-08T14:37:52.0000000Z;7.216;7.231;34000;34000
2026-06-08T14:37:53.0000000Z;7.216;7.231;34000;34000
2026-06-08T14:37:54.0000000Z;7.216;7.23;34000;34000
2026-06-08T14:37:55.0000000Z;7.216;7.23;34000;34000
2026-06-08T14:37:56.0000000Z;7.216;7.23;34000;34000
2026-06-08T14:37:57.0000000Z;7.216;7.23;34000;34000
2026-06-08T14:37:58.0000000Z;7.216;7.23;34000;34000
2026-06-08T14:38:00.0000000Z;7.216;7.23;34000;34000
2026-06-08T14:38:01.0000000Z;7.216;7.23;34000;34000
2026-06-08T14:38:02.0000000Z;7.216;7.231;34000;6552
2026-06-08T14:38:03.0000000Z;7.216;7.231;34000;6552
2026-06-08T14:38:04.0000000Z;7.216;7.231;34000;37458
2026-06-08T14:38:05.0000000Z;7.216;7.231;34000;37458
2026-06-08T14:38:06.0000000Z;7.216;7.231;34000;37458
2026-06-08T14:38:08.0000000Z;7.216;7.231;34000;37458
2026-06-08T14:38:10.0000000Z;7.216;7.231;34000;34000
2026-06-08T14:38:11.0000000Z;7.216;7.231;34000;34000
2026-06-08T14:38:12.0000000Z;7.216;7.231;34000;34000
2026-06-08T14:38:13.0000000Z;7.216;7.231;34000;34000
2026-06-08T14:38:14.0000000Z;7.216;7.231;34000;34000
2026-06-08T14:38:15.0000000Z;7.216;7.231;34000;34000
2026-06-08T14:38:16.0000000Z;7.216;7.229;34000;3931
2026-06-08T14:38:17.0000000Z;7.216;7.229;34000;34000
2026-06-08T14:38:18.0000000Z;7.216;7.229;34000;34000
2026-06-08T14:38:20.0000000Z;7.216;7.229;34000;34000
2026-06-08T14:38:23.0000000Z;7.216;7.229;34000;34000
2026-06-08T14:38:24.0000000Z;7.216;7.229;34000;34000
2026-06-08T14:38:25.0000000Z;7.216;7.229;34000;34000
2026-06-08T14:38:26.0000000Z;7.216;7.23;34000;3931
2026-06-08T14:38:28.0000000Z;7.216;7.23;34000;37458
2026-06-08T14:38:30.0000000Z;7.216;7.23;34000;37458
2026-06-08T14:38:31.0000000Z;7.216;7.23;34000;37458
2026-06-08T14:38:32.0000000Z;7.216;7.23;34000;37458
2026-06-08T14:38:33.0000000Z;7.216;7.23;34000;37458
2026-06-08T14:38:35.0000000Z;7.216;7.23;34000;34000
2026-06-08T14:38:37.0000000Z;7.216;7.23;34000;34000
2026-06-08T14:38:38.0000000Z;7.216;7.23;34000;34000
2026-06-08T14:38:39.0000000Z;7.216;7.23;34000;34000
2026-06-08T14:38:40.0000000Z;7.216;7.23;34000;34000
2026-06-08T14:38:44.0000000Z;7.216;7.23;34000;34000
2026-06-08T14:38:45.0000000Z;7.216;7.23;34000;34000
2026-06-08T14:38:46.0000000Z;7.216;7.23;34000;34000
2026-06-08T14:38:47.0000000Z;7.216;7.23;34000;34000
2026-06-08T14:38:49.0000000Z;7.216;7.231;34000;3931
2026-06-08T14:38:50.0000000Z;7.216;7.231;34000;3931
2026-06-08T14:38:52.0000000Z;7.216;7.231;34000;37458
2026-06-08T14:38:53.0000000Z;7.216;7.231;34000;37458
2026-06-08T14:38:54.0000000Z;7.216;7.231;34000;37458
2026-06-08T14:38:55.0000000Z;7.216;7.231;34000;37458
2026-06-08T14:38:58.0000000Z;7.216;7.231;34000;34000
2026-06-08T14:39:04.0000000Z;7.216;7.231;34000;34000
2026-06-08T14:39:05.0000000Z;7.216;7.231;34000;34000
2026-06-08T14:39:07.0000000Z;7.216;7.231;34000;34000
2026-06-08T14:39:08.0000000Z;7.216;7.232;34000;37457
2026-06-08T14:39:09.0000000Z;7.216;7.231;34000;34000
2026-06-08T14:39:10.0000000Z;7.216;7.231;34000;34000
2026-06-08T14:39:12.0000000Z;7.216;7.231;34000;34000
2026-06-08T14:39:14.0000000Z;7.216;7.231;34000;34000
2026-06-08T14:39:15.0000000Z;7.216;7.231;34000;34000
2026-06-08T14:39:16.0000000Z;7.216;7.231;34000;34000
2026-06-08T14:39:17.0000000Z;7.216;7.231;34000;34000
2026-06-08T14:39:18.0000000Z;7.216;7.231;34000;34000
2026-06-08T14:39:20.0000000Z;7.216;7.231;34000;34000
2026-06-08T14:39:21.0000000Z;7.216;7.231;34000;34000
2026-06-08T14:39:22.0000000Z;7.216;7.231;34000;34000
2026-06-08T14:39:23.0000000Z;7.216;7.231;34000;34000
2026-06-08T14:39:24.0000000Z;7.216;7.231;34000;34000
2026-06-08T14:39:29.0000000Z;7.216;7.231;34000;3931
2026-06-08T14:39:32.0000000Z;7.216;7.231;34000;3931
2026-06-08T14:39:33.0000000Z;7.216;7.231;34000;3931
2026-06-08T14:39:35.0000000Z;7.216;7.231;34000;3931
2026-06-08T14:39:37.0000000Z;7.216;7.231;34000;3931
2026-06-08T14:39:38.0000000Z;7.216;7.231;34000;3931
2026-06-08T14:39:39.0000000Z;7.216;7.232;34000;12400
2026-06-08T14:39:42.0000000Z;7.216;7.232;34000;12400
2026-06-08T14:39:43.0000000Z;7.216;7.232;34000;37457
2026-06-08T14:39:45.0000000Z;7.216;7.231;34000;3931
2026-06-08T14:39:46.0000000Z;7.212;7.23;1108;2621
2026-06-08T14:39:47.0000000Z;7.212;7.23;1108;34000
2026-06-08T14:39:48.0000000Z;7.213;7.228;1662;2621
2026-06-08T14:39:49.0000000Z;7.212;7.231;1108;2621
2026-06-08T14:39:50.0000000Z;7.212;7.231;1108;2621
2026-06-08T14:39:51.0000000Z;7.212;7.232;34000;12400
2026-06-08T14:39:52.0000000Z;7.214;7.231;2700;2621
2026-06-08T14:39:54.0000000Z;7.214;7.232;2700;15021
2026-06-08T14:39:55.0000000Z;7.214;7.231;2700;3458
2026-06-08T14:39:56.0000000Z;7.214;7.232;34000;15021
2026-06-08T14:39:57.0000000Z;7.214;7.232;34000;15021
2026-06-08T14:39:59.0000000Z;7.214;7.232;34000;16563
2026-06-08T14:40:00.0000000Z;7.214;7.231;34000;2621
2026-06-08T14:40:01.0000000Z;7.214;7.232;34000;15021
2026-06-08T14:40:02.0000000Z;7.214;7.232;34000;12400
2026-06-08T14:40:03.0000000Z;7.214;7.232;34000;15021
2026-06-08T14:40:04.0000000Z;7.214;7.232;34000;12400
2026-06-08T14:40:05.0000000Z;7.214;7.232;34000;12400
2026-06-08T14:40:06.0000000Z;7.214;7.232;34000;12400
2026-06-08T14:40:07.0000000Z;7.214;7.232;34000;34000
2026-06-08T14:40:08.0000000Z;7.214;7.232;34000;34000
2026-06-08T14:40:09.0000000Z;7.214;7.232;34000;34000
2026-06-08T14:40:10.0000000Z;7.214;7.232;34000;34000
2026-06-08T14:40:11.0000000Z;7.214;7.232;34000;34000
2026-06-08T14:40:12.0000000Z;7.214;7.232;34000;34000
2026-06-08T14:40:19.0000000Z;7.214;7.232;34000;34000
2026-06-08T14:40:20.0000000Z;7.214;7.232;34000;34000
2026-06-08T14:40:22.0000000Z;7.214;7.232;34000;34000
2026-06-08T14:40:23.0000000Z;7.214;7.232;34000;34000
2026-06-08T14:40:25.0000000Z;7.214;7.232;34000;34000
2026-06-08T14:40:26.0000000Z;7.214;7.232;34000;34000
2026-06-08T14:40:27.0000000Z;7.214;7.232;34000;34000
2026-06-08T14:40:28.0000000Z;7.214;7.232;34000;34000
2026-06-08T14:40:29.0000000Z;7.214;7.232;34000;34000
2026-06-08T14:40:30.0000000Z;7.214;7.232;34000;34000
2026-06-08T14:40:31.0000000Z;7.214;7.232;34000;34000
2026-06-08T14:40:32.0000000Z;7.214;7.232;34000;34000
2026-06-08T14:40:33.0000000Z;7.214;7.232;34000;34000
2026-06-08T14:40:34.0000000Z;7.214;7.232;34000;34000
2026-06-08T14:40:35.0000000Z;7.214;7.232;34000;34000
2026-06-08T14:40:36.0000000Z;7.214;7.232;34000;34000
2026-06-08T14:40:37.0000000Z;7.214;7.232;34000;34000
2026-06-08T14:40:38.0000000Z;7.214;7.232;34000;34000
2026-06-08T14:40:39.0000000Z;7.214;7.232;34000;34000
2026-06-08T14:40:40.0000000Z;7.214;7.232;34000;34000
2026-06-08T14:40:41.0000000Z;7.214;7.232;34000;34000
2026-06-08T14:40:42.0000000Z;7.214;7.232;34000;34000
2026-06-08T14:40:43.0000000Z;7.214;7.232;5095;34000
2026-06-08T14:40:44.0000000Z;7.215;7.232;2395;34000
2026-06-08T14:40:45.0000000Z;7.22;7.232;34000;34000
2026-06-08T14:40:48.0000000Z;7.22;7.232;34000;34000
2026-06-08T14:40:49.0000000Z;7.22;7.232;34000;34000
2026-06-08T14:40:50.0000000Z;7.22;7.232;2770;34000
2026-06-08T14:40:51.0000000Z;7.22;7.232;2770;34000
2026-06-08T14:40:52.0000000Z;7.22;7.232;1662;34000
2026-06-08T14:40:54.0000000Z;7.22;7.232;1662;34000
2026-06-08T14:40:55.0000000Z;7.22;7.232;1662;34000
2026-06-08T14:40:56.0000000Z;7.22;7.232;1662;34000
2026-06-08T14:40:57.0000000Z;7.22;7.232;1662;34000
2026-06-08T14:40:59.0000000Z;7.22;7.232;1662;34000
2026-06-08T14:41:00.0000000Z;7.221;7.234;2767;3931
2026-06-08T14:41:01.0000000Z;7.221;7.234;34000;3931
2026-06-08T14:41:03.0000000Z;7.221;7.239;34000;12400
2026-06-08T14:41:04.0000000Z;7.221;7.235;34000;3931
2026-06-08T14:41:07.0000000Z;7.221;7.235;34000;3931
2026-06-08T14:41:08.0000000Z;7.221;7.235;34000;6552
2026-06-08T14:41:10.0000000Z;7.221;7.235;34000;34000
2026-06-08T14:41:11.0000000Z;7.221;7.235;34000;34000
2026-06-08T14:41:12.0000000Z;7.221;7.235;34000;34000
2026-06-08T14:41:13.0000000Z;7.221;7.233;34000;3931
2026-06-08T14:41:14.0000000Z;7.221;7.233;34000;34000
2026-06-08T14:41:16.0000000Z;7.22;7.233;2770;34000
2026-06-08T14:41:17.0000000Z;7.22;7.233;2770;34000
2026-06-08T14:41:19.0000000Z;7.22;7.233;37463;34000
2026-06-08T14:41:22.0000000Z;7.22;7.233;37463;34000
2026-06-08T14:41:23.0000000Z;7.22;7.233;34000;34000
2026-06-08T14:41:24.0000000Z;7.22;7.234;34000;3931
2026-06-08T14:41:27.0000000Z;7.22;7.234;34000;37456
2026-06-08T14:41:28.0000000Z;7.22;7.234;34000;37456
2026-06-08T14:41:31.0000000Z;7.22;7.234;34000;37456
2026-06-08T14:41:32.0000000Z;7.22;7.234;34000;6552
2026-06-08T14:41:33.0000000Z;7.22;7.233;1108;34000
2026-06-08T14:41:34.0000000Z;7.213;7.232;3503;3931
2026-06-08T14:41:35.0000000Z;7.215;7.232;1108;6552
2026-06-08T14:41:36.0000000Z;7.215;7.232;1108;34000
2026-06-08T14:41:37.0000000Z;7.218;7.231;1662;2621
2026-06-08T14:41:38.0000000Z;7.219;7.23;1108;3931
2026-06-08T14:41:39.0000000Z;7.219;7.232;2770;6552
2026-06-08T14:41:40.0000000Z;7.219;7.232;2770;6552
2026-06-08T14:41:41.0000000Z;7.219;7.23;37464;3931
2026-06-08T14:41:42.0000000Z;7.219;7.23;37464;34000
2026-06-08T14:41:43.0000000Z;7.219;7.23;34000;34000
2026-06-08T14:41:44.0000000Z;7.219;7.23;34000;34000
2026-06-08T14:41:45.0000000Z;7.219;7.23;34000;34000
2026-06-08T14:41:46.0000000Z;7.219;7.23;34000;34000
2026-06-08T14:41:47.0000000Z;7.212;7.23;3503;34000
2026-06-08T14:41:48.0000000Z;7.216;7.23;1108;34000
2026-06-08T14:41:49.0000000Z;7.218;7.23;37464;34000
2026-06-08T14:41:52.0000000Z;7.218;7.232;37464;6552
2026-06-08T14:41:53.0000000Z;7.218;7.23;37464;3931
2026-06-08T14:41:58.0000000Z;7.218;7.23;37464;3931
2026-06-08T14:42:00.0000000Z;7.218;7.23;34000;3931
2026-06-08T14:42:01.0000000Z;7.218;7.23;34000;3931
2026-06-08T14:42:03.0000000Z;7.218;7.23;2770;3931
2026-06-08T14:42:04.0000000Z;7.218;7.23;2770;3931
2026-06-08T14:42:05.0000000Z;7.218;7.23;2770;3931
2026-06-08T14:42:06.0000000Z;7.214;7.23;1108;3931
2026-06-08T14:42:07.0000000Z;7.218;7.23;2770;3931
2026-06-08T14:42:09.0000000Z;7.218;7.23;2770;3931
2026-06-08T14:42:10.0000000Z;7.218;7.23;2770;3931
2026-06-08T14:42:11.0000000Z;7.218;7.231;2770;3931
2026-06-08T14:42:12.0000000Z;7.218;7.231;2770;3931
2026-06-08T14:42:13.0000000Z;7.218;7.231;2770;6552
2026-06-08T14:42:14.0000000Z;7.218;7.231;2770;6552
2026-06-08T14:42:16.0000000Z;7.218;7.231;2770;6552
2026-06-08T14:42:17.0000000Z;7.218;7.231;1108;6552
2026-06-08T14:42:19.0000000Z;7.218;7.229;1108;3931
2026-06-08T14:42:20.0000000Z;7.216;7.229;2770;34000
2026-06-08T14:42:21.0000000Z;7.216;7.229;34000;34000
2026-06-08T14:42:22.0000000Z;7.216;7.229;34000;34000
2026-06-08T14:42:23.0000000Z;7.216;7.229;34000;34000
2026-06-08T14:42:24.0000000Z;7.216;7.229;34000;34000
2026-06-08T14:42:26.0000000Z;7.216;7.229;34000;34000
2026-06-08T14:42:27.0000000Z;7.216;7.229;34000;34000
2026-06-08T14:42:28.0000000Z;7.216;7.229;34000;34000
2026-06-08T14:42:29.0000000Z;7.216;7.232;34000;2621
2026-06-08T14:42:30.0000000Z;7.216;7.231;34000;3931
2026-06-08T14:42:31.0000000Z;7.216;7.23;34000;3458
2026-06-08T14:42:33.0000000Z;7.216;7.231;34000;6552
2026-06-08T14:42:34.0000000Z;7.216;7.231;34000;6552
2026-06-08T14:42:35.0000000Z;7.216;7.231;34000;6552
2026-06-08T14:42:36.0000000Z;7.216;7.231;34000;6552
2026-06-08T14:42:37.0000000Z;7.216;7.231;34000;6552
2026-06-08T14:42:38.0000000Z;7.216;7.231;34000;6552
2026-06-08T14:42:39.0000000Z;7.216;7.231;34000;3931
2026-06-08T14:42:40.0000000Z;7.216;7.232;34000;6552
2026-06-08T14:42:41.0000000Z;7.216;7.23;34000;3931
2026-06-08T14:42:45.0000000Z;7.216;7.23;34000;3931
2026-06-08T14:42:46.0000000Z;7.218;7.23;1108;3931
2026-06-08T14:42:47.0000000Z;7.218;7.23;1108;3931
2026-06-08T14:42:48.0000000Z;7.218;7.23;34000;3931
2026-06-08T14:42:50.0000000Z;7.218;7.23;34000;3931
2026-06-08T14:42:51.0000000Z;7.216;7.23;2770;3931
2026-06-08T14:42:53.0000000Z;7.217;7.23;3465;3931
2026-06-08T14:42:58.0000000Z;7.217;7.23;3465;3931
2026-06-08T14:42:59.0000000Z;7.217;7.233;3465;5016
2026-06-08T14:43:00.0000000Z;7.217;7.232;3465;10145
2026-06-08T14:43:01.0000000Z;7.216;7.232;34000;34000
2026-06-08T14:43:03.0000000Z;7.216;7.232;34000;34000
2026-06-08T14:43:05.0000000Z;7.216;7.232;34000;34000
2026-06-08T14:43:06.0000000Z;7.216;7.232;34000;34000
2026-06-08T14:43:07.0000000Z;7.216;7.232;34000;34000
2026-06-08T14:43:14.0000000Z;7.216;7.232;34000;34000
2026-06-08T14:43:16.0000000Z;7.216;7.232;34000;34000
2026-06-08T14:43:17.0000000Z;7.216;7.232;34000;34000
2026-06-08T14:43:19.0000000Z;7.216;7.232;34000;34000
2026-06-08T14:43:20.0000000Z;7.216;7.232;34000;34000
2026-06-08T14:43:21.0000000Z;7.216;7.232;34000;7524
2026-06-08T14:43:22.0000000Z;7.216;7.232;34000;7524
2026-06-08T14:43:23.0000000Z;7.216;7.232;34000;7524
2026-06-08T14:43:24.0000000Z;7.216;7.232;34000;7524
2026-06-08T14:43:25.0000000Z;7.216;7.232;34000;3931
2026-06-08T14:43:27.0000000Z;7.216;7.232;34000;3931
2026-06-08T14:43:29.0000000Z;7.216;7.232;34000;3931
2026-06-08T14:43:30.0000000Z;7.216;7.232;34000;3931
2026-06-08T14:43:31.0000000Z;7.216;7.232;34000;3931
2026-06-08T14:43:32.0000000Z;7.216;7.232;34000;3931
2026-06-08T14:43:33.0000000Z;7.216;7.232;34000;3931
2026-06-08T14:43:35.0000000Z;7.216;7.232;34000;3931
2026-06-08T14:43:37.0000000Z;7.216;7.232;34000;3931
2026-06-08T14:43:38.0000000Z;7.216;7.232;34000;3931
2026-06-08T14:43:39.0000000Z;7.216;7.232;34000;3931
2026-06-08T14:43:41.0000000Z;7.216;7.234;34000;8608
2026-06-08T14:43:42.0000000Z;7.216;7.234;34000;8608
2026-06-08T14:43:43.0000000Z;7.216;7.234;34000;8608
2026-06-08T14:43:44.0000000Z;7.216;7.233;34000;3457
2026-06-08T14:43:46.0000000Z;7.216;7.233;34000;2621
2026-06-08T14:43:47.0000000Z;7.216;7.232;34000;3931
2026-06-08T14:43:48.0000000Z;7.216;7.232;34000;34000
2026-06-08T14:43:51.0000000Z;7.216;7.232;34000;34000
2026-06-08T14:43:53.0000000Z;7.216;7.232;34000;34000
2026-06-08T14:43:54.0000000Z;7.216;7.232;34000;34000
2026-06-08T14:43:55.0000000Z;7.216;7.232;34000;34000
2026-06-08T14:43:56.0000000Z;7.216;7.232;34000;34000
2026-06-08T14:43:59.0000000Z;7.216;7.232;34000;34000
2026-06-08T14:44:00.0000000Z;7.216;7.232;34000;34000
2026-06-08T14:44:01.0000000Z;7.216;7.232;34000;34000
2026-06-08T14:44:02.0000000Z;7.216;7.233;34000;3931
2026-06-08T14:44:03.0000000Z;7.216;7.233;34000;3931
2026-06-08T14:44:04.0000000Z;7.216;7.233;34000;37457
2026-06-08T14:44:05.0000000Z;7.216;7.233;5165;3931
2026-06-08T14:44:06.0000000Z;7.216;7.233;5165;3931
2026-06-08T14:44:11.0000000Z;7.216;7.233;2770;34000
2026-06-08T14:44:12.0000000Z;7.216;7.233;5165;3592
2026-06-08T14:44:17.0000000Z;7.216;7.233;5165;3592
2026-06-08T14:44:18.0000000Z;7.216;7.233;5165;3592
2026-06-08T14:44:19.0000000Z;7.216;7.233;5165;3592
2026-06-08T14:44:21.0000000Z;7.216;7.233;5165;3592
2026-06-08T14:44:22.0000000Z;7.216;7.233;5165;3592
2026-06-08T14:44:24.0000000Z;7.216;7.233;5165;3592
2026-06-08T14:44:25.0000000Z;7.216;7.233;5165;3592
2026-06-08T14:44:27.0000000Z;7.216;7.233;5165;3592
2026-06-08T14:44:28.0000000Z;7.216;7.233;5165;3592
2026-06-08T14:44:29.0000000Z;7.216;7.233;5165;3592
2026-06-08T14:44:30.0000000Z;7.216;7.235;5165;5987
2026-06-08T14:44:31.0000000Z;7.216;7.235;5165;5987
2026-06-08T14:44:32.0000000Z;7.216;7.234;5165;3456
2026-06-08T14:44:33.0000000Z;7.216;7.235;5165;36395
2026-06-08T14:44:34.0000000Z;7.216;7.235;5165;36395
2026-06-08T14:44:36.0000000Z;7.216;7.235;5165;36395
2026-06-08T14:44:39.0000000Z;7.216;7.235;5165;36395
2026-06-08T14:44:40.0000000Z;7.216;7.235;5165;36395
2026-06-08T14:44:41.0000000Z;7.216;7.235;5165;36395
2026-06-08T14:44:42.0000000Z;7.216;7.235;9888;36395
2026-06-08T14:44:43.0000000Z;7.224;7.235;1107;36395
2026-06-08T14:44:44.0000000Z;7.225;7.235;1107;36395
2026-06-08T14:44:45.0000000Z;7.223;7.235;34000;36395
2026-06-08T14:44:46.0000000Z;7.223;7.237;34000;4521
2026-06-08T14:44:48.0000000Z;7.223;7.236;34000;3455
2026-06-08T14:44:52.0000000Z;7.223;7.238;34000;3592
2026-06-08T14:44:53.0000000Z;7.223;7.238;34000;3592
2026-06-08T14:44:54.0000000Z;7.223;7.238;34000;37454
2026-06-08T14:44:55.0000000Z;7.223;7.238;34000;37454
2026-06-08T14:44:58.0000000Z;7.223;7.238;34000;37454
2026-06-08T14:44:59.0000000Z;7.223;7.238;34000;37454
2026-06-08T14:45:00.0000000Z;7.223;7.238;34000;37454
2026-06-08T14:45:01.0000000Z;7.223;7.238;34000;34000
2026-06-08T14:45:02.0000000Z;7.223;7.238;34000;34000
2026-06-08T14:45:03.0000000Z;7.223;7.238;34000;34000
2026-06-08T14:45:06.0000000Z;7.223;7.238;34000;34000
2026-06-08T14:45:07.0000000Z;7.223;7.238;34000;34000
2026-06-08T14:45:09.0000000Z;7.223;7.238;34000;34000
2026-06-08T14:45:11.0000000Z;7.223;7.238;34000;34000
2026-06-08T14:45:12.0000000Z;7.223;7.239;34000;14795
2026-06-08T14:45:13.0000000Z;7.223;7.244;34000;2621
2026-06-08T14:45:14.0000000Z;7.223;7.243;34000;3931
2026-06-08T14:45:15.0000000Z;7.223;7.243;34000;6552
2026-06-08T14:45:16.0000000Z;7.223;7.241;34000;3931
2026-06-08T14:45:17.0000000Z;7.223;7.241;36395;3931
2026-06-08T14:45:18.0000000Z;7.223;7.239;36395;3454
2026-06-08T14:45:19.0000000Z;7.226;7.24;1107;5987
2026-06-08T14:45:20.0000000Z;7.228;7.24;34000;5987
2026-06-08T14:45:22.0000000Z;7.228;7.24;34000;3592
2026-06-08T14:45:23.0000000Z;7.228;7.24;34000;3592
2026-06-08T14:45:24.0000000Z;7.228;7.24;34000;34000
2026-06-08T14:45:28.0000000Z;7.228;7.24;34000;34000
2026-06-08T14:45:29.0000000Z;7.228;7.242;34000;6552
2026-06-08T14:45:30.0000000Z;7.228;7.242;34000;6552
2026-06-08T14:45:31.0000000Z;7.228;7.242;34000;3931
2026-06-08T14:45:32.0000000Z;7.228;7.241;34000;3453
2026-06-08T14:45:33.0000000Z;7.228;7.242;34000;6552
2026-06-08T14:45:35.0000000Z;7.227;7.242;2765;6552
2026-06-08T14:45:36.0000000Z;7.227;7.242;2765;6552
2026-06-08T14:45:37.0000000Z;7.227;7.242;2765;3931
2026-06-08T14:45:38.0000000Z;7.227;7.242;37460;3931
2026-06-08T14:45:40.0000000Z;7.227;7.242;34000;34000
2026-06-08T14:45:49.0000000Z;7.227;7.242;34000;34000
2026-06-08T14:45:52.0000000Z;7.227;7.242;34000;34000
2026-06-08T14:45:53.0000000Z;7.227;7.242;34000;34000
2026-06-08T14:45:54.0000000Z;7.227;7.242;34000;34000
2026-06-08T14:46:00.0000000Z;7.227;7.242;34000;3931
2026-06-08T14:46:01.0000000Z;7.227;7.242;34000;6552
2026-06-08T14:46:02.0000000Z;7.227;7.242;34000;3931
2026-06-08T14:46:04.0000000Z;7.227;7.242;34000;6552
2026-06-08T14:46:05.0000000Z;7.227;7.242;2765;6552
2026-06-08T14:46:06.0000000Z;7.228;7.242;1106;6552
2026-06-08T14:46:07.0000000Z;7.228;7.242;1106;6552
2026-06-08T14:46:08.0000000Z;7.226;7.241;2767;2621
2026-06-08T14:46:09.0000000Z;7.226;7.24;2767;34000
2026-06-08T14:46:11.0000000Z;7.226;7.24;2767;34000
2026-06-08T14:46:12.0000000Z;7.226;7.24;34000;34000
2026-06-08T14:46:13.0000000Z;7.226;7.24;34000;34000
2026-06-08T14:46:14.0000000Z;7.227;7.24;1106;6552
2026-06-08T14:46:15.0000000Z;7.227;7.24;1106;3931
2026-06-08T14:46:16.0000000Z;7.225;7.24;1107;3931
2026-06-08T14:46:17.0000000Z;7.227;7.24;1106;3931
2026-06-08T14:46:18.0000000Z;7.227;7.24;1106;3931
2026-06-08T14:46:19.0000000Z;7.227;7.24;2732;3931
2026-06-08T14:46:20.0000000Z;7.227;7.24;2765;3931
2026-06-08T14:46:21.0000000Z;7.227;7.24;2765;3931
2026-06-08T14:46:22.0000000Z;7.227;7.24;2765;3931
2026-06-08T14:46:23.0000000Z;7.227;7.24;1106;3931
2026-06-08T14:46:24.0000000Z;7.227;7.24;2765;3931
2026-06-08T14:46:25.0000000Z;7.227;7.24;2765;3931
2026-06-08T14:46:26.0000000Z;7.227;7.24;34000;3931
2026-06-08T14:46:28.0000000Z;7.227;7.24;2765;3931
2026-06-08T14:46:31.0000000Z;7.227;7.24;1106;3931
2026-06-08T14:46:35.0000000Z;7.227;7.24;1106;3931
2026-06-08T14:46:36.0000000Z;7.227;7.24;1106;3931
2026-06-08T14:46:38.0000000Z;7.227;7.241;1106;7524
2026-06-08T14:46:40.0000000Z;7.227;7.241;1106;37453
2026-06-08T14:46:41.0000000Z;7.227;7.241;2765;37453
2026-06-08T14:46:42.0000000Z;7.226;7.241;2767;37453
2026-06-08T14:46:43.0000000Z;7.226;7.241;2767;37453
2026-06-08T14:46:44.0000000Z;7.226;7.241;34000;34000
2026-06-08T14:46:45.0000000Z;7.226;7.241;34000;34000
2026-06-08T14:46:46.0000000Z;7.226;7.241;34000;34000
2026-06-08T14:46:47.0000000Z;7.226;7.241;34000;34000
2026-06-08T14:46:48.0000000Z;7.226;7.243;34000;3931
2026-06-08T14:46:50.0000000Z;7.226;7.243;34000;3931
2026-06-08T14:46:52.0000000Z;7.226;7.242;34000;3453
2026-06-08T14:46:54.0000000Z;7.226;7.242;34000;3453
2026-06-08T14:46:56.0000000Z;7.226;7.242;34000;3453
2026-06-08T14:46:57.0000000Z;7.226;7.242;34000;3453
2026-06-08T14:46:58.0000000Z;7.226;7.244;34000;6326
2026-06-08T14:46:59.0000000Z;7.226;7.244;34000;6326
2026-06-08T14:47:00.0000000Z;7.226;7.244;34000;6326
2026-06-08T14:47:02.0000000Z;7.226;7.244;34000;34000
2026-06-08T14:47:06.0000000Z;7.226;7.244;34000;36395
2026-06-08T14:47:07.0000000Z;7.226;7.244;34000;36395
2026-06-08T14:47:08.0000000Z;7.226;7.244;34000;36395
2026-06-08T14:47:09.0000000Z;7.226;7.244;34000;36395
2026-06-08T14:47:11.0000000Z;7.226;7.244;34000;36395
2026-06-08T14:47:15.0000000Z;7.226;7.244;34000;36395
2026-06-08T14:47:19.0000000Z;7.226;7.244;34000;2395
2026-06-08T14:47:20.0000000Z;7.226;7.244;34000;2395
2026-06-08T14:47:21.0000000Z;7.226;7.244;34000;2395
2026-06-08T14:47:22.0000000Z;7.226;7.244;34000;2395
2026-06-08T14:47:23.0000000Z;7.226;7.244;34000;2736
2026-06-08T14:47:24.0000000Z;7.226;7.244;34000;2736
2026-06-08T14:47:26.0000000Z;7.226;7.244;34000;2395
2026-06-08T14:47:27.0000000Z;7.226;7.244;34000;2395
2026-06-08T14:47:28.0000000Z;7.226;7.244;34000;2395
2026-06-08T14:47:29.0000000Z;7.226;7.244;34000;2395
2026-06-08T14:47:30.0000000Z;7.226;7.244;34000;2395
2026-06-08T14:47:31.0000000Z;7.224;7.244;1107;2395
2026-06-08T14:47:32.0000000Z;7.225;7.244;3461;5016
2026-06-08T14:47:34.0000000Z;7.225;7.244;3461;5016
2026-06-08T14:47:37.0000000Z;7.223;7.244;34000;5016
2026-06-08T14:47:44.0000000Z;7.219;7.244;3729;5016
2026-06-08T14:47:45.0000000Z;7.219;7.243;1108;2395
2026-06-08T14:47:46.0000000Z;7.219;7.243;1108;2395
2026-06-08T14:47:47.0000000Z;7.219;7.245;1108;12400
2026-06-08T14:47:48.0000000Z;7.219;7.245;12144;15021
2026-06-08T14:47:49.0000000Z;7.219;7.245;12144;15021
2026-06-08T14:47:50.0000000Z;7.223;7.245;2395;37451
2026-06-08T14:47:51.0000000Z;7.226;7.245;2753;37451
2026-06-08T14:47:52.0000000Z;7.226;7.244;34000;34000
2026-06-08T14:47:53.0000000Z;7.226;7.244;2730;34000
2026-06-08T14:47:54.0000000Z;7.226;7.244;1107;3966
2026-06-08T14:47:55.0000000Z;7.226;7.244;1107;3966
2026-06-08T14:47:56.0000000Z;7.225;7.244;2767;3966
2026-06-08T14:47:57.0000000Z;7.225;7.244;2767;3966
2026-06-08T14:47:58.0000000Z;7.225;7.244;37461;3966
2026-06-08T14:48:02.0000000Z;7.223;7.244;1107;3966
2026-06-08T14:48:03.0000000Z;7.225;7.244;2013;3966
2026-06-08T14:48:04.0000000Z;7.225;7.244;2013;3966
2026-06-08T14:48:06.0000000Z;7.225;7.244;1107;3966
2026-06-08T14:48:07.0000000Z;7.225;7.244;1107;3966
2026-06-08T14:48:08.0000000Z;7.225;7.244;1107;3966
2026-06-08T14:48:11.0000000Z;7.225;7.244;2667;3966
2026-06-08T14:48:12.0000000Z;7.225;7.244;2667;3966
2026-06-08T14:48:15.0000000Z;7.225;7.244;2667;3966
2026-06-08T14:48:22.0000000Z;7.225;7.244;2667;3966
2026-06-08T14:48:30.0000000Z;7.222;7.244;1107;3966
2026-06-08T14:48:31.0000000Z;7.224;7.244;2732;3966
2026-06-08T14:48:33.0000000Z;7.224;7.244;37461;3966
2026-06-08T14:48:38.0000000Z;7.224;7.244;34000;3966
2026-06-08T14:48:39.0000000Z;7.224;7.244;1107;3966
2026-06-08T14:48:42.0000000Z;7.224;7.244;1991;3966
2026-06-08T14:48:43.0000000Z;7.224;7.244;1107;12381
2026-06-08T14:48:44.0000000Z;7.224;7.242;1107;34000
2026-06-08T14:48:49.0000000Z;7.224;7.242;1107;34000
2026-06-08T14:48:54.0000000Z;7.224;7.242;1107;5065
2026-06-08T14:49:01.0000000Z;7.224;7.242;1107;5065
2026-06-08T14:49:04.0000000Z;7.224;7.242;1107;5065
2026-06-08T14:49:06.0000000Z;7.224;7.242;1107;5065
2026-06-08T14:49:07.0000000Z;7.224;7.242;1107;5065
2026-06-08T14:49:08.0000000Z;7.224;7.242;1107;5065
2026-06-08T14:49:09.0000000Z;7.224;7.242;1107;4247
2026-06-08T14:49:11.0000000Z;7.224;7.242;2663;4247
2026-06-08T14:49:13.0000000Z;7.224;7.242;1107;4247
2026-06-08T14:49:15.0000000Z;7.224;7.242;1107;4247
2026-06-08T14:49:16.0000000Z;7.224;7.242;1107;4247
2026-06-08T14:49:17.0000000Z;7.224;7.242;1107;4247
2026-06-08T14:49:19.0000000Z;7.224;7.242;1107;4247
2026-06-08T14:49:20.0000000Z;7.224;7.242;1107;4247
2026-06-08T14:49:21.0000000Z;7.224;7.242;1107;4247
2026-06-08T14:49:23.0000000Z;7.224;7.242;1107;4247
2026-06-08T14:49:26.0000000Z;7.224;7.242;1107;4247
2026-06-08T14:49:28.0000000Z;7.224;7.242;1107;4247
2026-06-08T14:49:30.0000000Z;7.224;7.242;1107;4247
2026-06-08T14:49:31.0000000Z;7.222;7.242;2767;4247
2026-06-08T14:49:32.0000000Z;7.222;7.242;2767;4247
2026-06-08T14:49:33.0000000Z;7.223;7.242;3462;4247
2026-06-08T14:49:36.0000000Z;7.223;7.242;3462;4247
2026-06-08T14:49:38.0000000Z;7.223;7.242;3462;4247
2026-06-08T14:49:39.0000000Z;7.222;7.242;34000;4247
2026-06-08T14:49:40.0000000Z;7.223;7.242;3462;4247
2026-06-08T14:49:41.0000000Z;7.222;7.242;2606;4247
2026-06-08T14:49:42.0000000Z;7.222;7.242;1107;4247
2026-06-08T14:49:43.0000000Z;7.222;7.242;1941;12662
2026-06-08T14:49:44.0000000Z;7.222;7.242;1941;15057
2026-06-08T14:49:45.0000000Z;7.222;7.242;1107;15057
2026-06-08T14:49:46.0000000Z;7.222;7.239;1107;34000
2026-06-08T14:49:47.0000000Z;7.222;7.239;1107;34000
2026-06-08T14:49:48.0000000Z;7.222;7.239;1107;4035
2026-06-08T14:49:50.0000000Z;7.222;7.239;1107;4035
2026-06-08T14:49:51.0000000Z;7.222;7.239;1107;4035
2026-06-08T14:49:52.0000000Z;7.222;7.239;1684;4035
2026-06-08T14:49:54.0000000Z;7.222;7.239;1107;4035
2026-06-08T14:49:55.0000000Z;7.22;7.239;2770;4035
2026-06-08T14:49:56.0000000Z;7.22;7.238;2770;2621
2026-06-08T14:49:57.0000000Z;7.22;7.238;2644;4286
2026-06-08T14:49:58.0000000Z;7.22;7.237;1108;34000
2026-06-08T14:49:59.0000000Z;7.221;7.237;3463;4313
2026-06-08T14:50:00.0000000Z;7.221;7.237;3463;4313
2026-06-08T14:50:01.0000000Z;7.221;7.237;3463;4313
2026-06-08T14:50:02.0000000Z;7.219;7.237;2291;4313
2026-06-08T14:50:03.0000000Z;7.219;7.237;2291;4313
2026-06-08T14:50:04.0000000Z;7.219;7.237;2291;1692
2026-06-08T14:50:05.0000000Z;7.219;7.237;34000;4313
2026-06-08T14:50:06.0000000Z;7.219;7.237;34000;4313
2026-06-08T14:50:07.0000000Z;7.219;7.237;1465;4313
2026-06-08T14:50:08.0000000Z;7.219;7.236;1108;4096
2026-06-08T14:50:09.0000000Z;7.219;7.236;1887;2621
2026-06-08T14:50:10.0000000Z;7.219;7.237;1887;4394
2026-06-08T14:50:11.0000000Z;7.219;7.237;1108;4394
2026-06-08T14:50:12.0000000Z;7.219;7.236;1108;3949
2026-06-08T14:50:13.0000000Z;7.219;7.236;1108;34000
2026-06-08T14:50:14.0000000Z;7.219;7.236;1108;3949
2026-06-08T14:50:15.0000000Z;7.219;7.236;1108;3949
2026-06-08T14:50:16.0000000Z;7.219;7.236;1108;3949
2026-06-08T14:50:17.0000000Z;7.219;7.236;1108;3949
2026-06-08T14:50:18.0000000Z;7.219;7.235;1108;3325
2026-06-08T14:50:19.0000000Z;7.219;7.235;1108;2621
2026-06-08T14:50:20.0000000Z;7.219;7.236;1108;4492
2026-06-08T14:50:21.0000000Z;7.219;7.236;1108;4492
2026-06-08T14:50:22.0000000Z;7.219;7.236;1108;4492
2026-06-08T14:50:23.0000000Z;7.219;7.236;1108;37455
2026-06-08T14:50:24.0000000Z;7.219;7.236;1108;37455
2026-06-08T14:50:25.0000000Z;7.219;7.236;1108;37455
2026-06-08T14:50:26.0000000Z;7.219;7.236;1108;37455
2026-06-08T14:50:27.0000000Z;7.219;7.236;1108;37455
2026-06-08T14:50:28.0000000Z;7.219;7.236;1108;37455
2026-06-08T14:50:29.0000000Z;7.219;7.236;1108;34000
2026-06-08T14:50:31.0000000Z;7.219;7.236;1108;34000
2026-06-08T14:50:32.0000000Z;7.219;7.236;1108;34000
2026-06-08T14:50:33.0000000Z;7.219;7.236;1108;34000
2026-06-08T14:50:34.0000000Z;7.219;7.236;1108;34000
2026-06-08T14:50:36.0000000Z;7.219;7.236;1108;34000
2026-06-08T14:50:38.0000000Z;7.216;7.236;2481;34000
2026-06-08T14:50:39.0000000Z;7.216;7.236;2481;34000
2026-06-08T14:50:40.0000000Z;7.216;7.236;2481;34000
2026-06-08T14:50:43.0000000Z;7.218;7.236;3464;34000
2026-06-08T14:50:44.0000000Z;7.216;7.236;1108;34000
2026-06-08T14:50:45.0000000Z;7.216;7.236;1108;34000
2026-06-08T14:50:47.0000000Z;7.216;7.236;1108;34000
2026-06-08T14:50:48.0000000Z;7.216;7.236;34000;34000
2026-06-08T14:50:49.0000000Z;7.216;7.236;34000;34000
2026-06-08T14:50:51.0000000Z;7.216;7.236;34000;34000
2026-06-08T14:50:53.0000000Z;7.216;7.236;2594;34000
2026-06-08T14:50:54.0000000Z;7.216;7.236;2594;34000
2026-06-08T14:50:55.0000000Z;7.216;7.236;2594;34000
2026-06-08T14:50:56.0000000Z;7.216;7.236;2594;34000
2026-06-08T14:50:59.0000000Z;7.216;7.236;2594;34000
2026-06-08T14:50:59.0000000Z;7.216;7.236;2594;34000
2026-06-08T14:51:00.0000000Z;7.216;7.236;2594;34000
2026-06-08T14:51:04.0000000Z;7.216;7.236;2594;34000
2026-06-08T14:51:05.0000000Z;7.216;7.236;2594;34000
2026-06-08T14:51:06.0000000Z;7.216;7.236;2594;34000
2026-06-08T14:51:07.0000000Z;7.216;7.236;2594;34000
2026-06-08T14:51:08.0000000Z;7.216;7.236;2594;34000
2026-06-08T14:51:09.0000000Z;7.216;7.236;2594;34000
2026-06-08T14:51:10.0000000Z;7.216;7.236;2594;34000
2026-06-08T14:51:11.0000000Z;7.215;7.236;2660;34000
2026-06-08T14:51:13.0000000Z;7.215;7.236;37466;34000
2026-06-08T14:51:16.0000000Z;7.215;7.236;1108;34000
2026-06-08T14:51:17.0000000Z;7.213;7.238;3503;13431
2026-06-08T14:51:18.0000000Z;7.213;7.238;3503;13431
2026-06-08T14:51:19.0000000Z;7.213;7.236;3503;2621
2026-06-08T14:51:20.0000000Z;7.213;7.236;6124;2621
2026-06-08T14:51:21.0000000Z;7.215;7.236;1108;2621
2026-06-08T14:51:22.0000000Z;7.217;7.235;1108;4301
2026-06-08T14:51:23.0000000Z;7.217;7.235;34000;4301
2026-06-08T14:51:24.0000000Z;7.217;7.235;34000;4301
2026-06-08T14:51:25.0000000Z;7.217;7.235;34000;4301
2026-06-08T14:51:26.0000000Z;7.217;7.235;2507;4301
2026-06-08T14:51:27.0000000Z;7.216;7.235;2770;4301
2026-06-08T14:51:29.0000000Z;7.216;7.235;34000;4301
2026-06-08T14:51:31.0000000Z;7.216;7.235;34000;4301
2026-06-08T14:51:32.0000000Z;7.216;7.235;34000;4301
2026-06-08T14:51:33.0000000Z;7.216;7.236;34000;1894
2026-06-08T14:51:34.0000000Z;7.216;7.236;34000;1894
2026-06-08T14:51:35.0000000Z;7.218;7.236;1108;1894
2026-06-08T14:51:36.0000000Z;7.218;7.236;1108;1894
2026-06-08T14:51:37.0000000Z;7.222;7.236;1107;37455
2026-06-08T14:51:38.0000000Z;7.222;7.236;2767;37455
2026-06-08T14:51:40.0000000Z;7.222;7.236;2767;37455
2026-06-08T14:51:42.0000000Z;7.222;7.236;2767;37455
2026-06-08T14:51:43.0000000Z;7.222;7.237;2767;8608
2026-06-08T14:51:44.0000000Z;7.222;7.236;2767;34000
2026-06-08T14:51:45.0000000Z;7.222;7.237;2767;34000
2026-06-08T14:51:46.0000000Z;7.223;7.237;2767;34000
2026-06-08T14:51:47.0000000Z;7.223;7.237;34000;36395
2026-06-08T14:51:48.0000000Z;7.223;7.237;34000;36395
2026-06-08T14:51:49.0000000Z;7.223;7.237;34000;5987
2026-06-08T14:51:50.0000000Z;7.223;7.237;1107;5987
2026-06-08T14:51:52.0000000Z;7.223;7.237;1107;8608
2026-06-08T14:51:53.0000000Z;7.223;7.237;1107;8608
2026-06-08T14:51:55.0000000Z;7.223;7.237;1107;8608
2026-06-08T14:51:57.0000000Z;7.223;7.237;1107;8608
2026-06-08T14:51:58.0000000Z;7.223;7.237;2767;8608
2026-06-08T14:51:59.0000000Z;7.223;7.237;1107;8608
2026-06-08T14:52:01.0000000Z;7.223;7.237;1107;8608
2026-06-08T14:52:03.0000000Z;7.223;7.237;1107;8608
2026-06-08T14:52:04.0000000Z;7.223;7.237;1107;8608
2026-06-08T14:52:05.0000000Z;7.223;7.235;1107;34000
2026-06-08T14:52:06.0000000Z;7.223;7.235;1107;34000
2026-06-08T14:52:07.0000000Z;7.223;7.235;1107;34000
2026-06-08T14:52:08.0000000Z;7.221;7.235;2767;34000
2026-06-08T14:52:10.0000000Z;7.222;7.235;3462;34000
2026-06-08T14:52:11.0000000Z;7.221;7.235;34000;34000
2026-06-08T14:52:13.0000000Z;7.221;7.235;34000;34000
2026-06-08T14:52:14.0000000Z;7.221;7.235;34000;34000
2026-06-08T14:52:15.0000000Z;7.221;7.235;34000;34000
2026-06-08T14:52:16.0000000Z;7.221;7.235;34000;34000
2026-06-08T14:52:17.0000000Z;7.221;7.235;34000;34000
2026-06-08T14:52:18.0000000Z;7.221;7.235;34000;34000
2026-06-08T14:52:20.0000000Z;7.221;7.235;34000;34000
2026-06-08T14:52:21.0000000Z;7.221;7.235;34000;3592
2026-06-08T14:52:22.0000000Z;7.221;7.235;34000;3592
2026-06-08T14:52:25.0000000Z;7.221;7.235;34000;3592
2026-06-08T14:52:27.0000000Z;7.221;7.235;34000;3592
2026-06-08T14:52:28.0000000Z;7.221;7.235;34000;3592
2026-06-08T14:52:29.0000000Z;7.221;7.235;34000;3592
2026-06-08T14:52:30.0000000Z;7.221;7.235;34000;3592
2026-06-08T14:52:33.0000000Z;7.221;7.235;34000;3592
2026-06-08T14:52:35.0000000Z;7.221;7.235;34000;3592
2026-06-08T14:52:36.0000000Z;7.221;7.235;34000;3592
2026-06-08T14:52:37.0000000Z;7.221;7.235;34000;3592
2026-06-08T14:52:38.0000000Z;7.221;7.235;34000;3592
2026-06-08T14:52:39.0000000Z;7.221;7.235;34000;3592
2026-06-08T14:52:40.0000000Z;7.221;7.235;34000;3592
2026-06-08T14:52:41.0000000Z;7.221;7.235;34000;3592
2026-06-08T14:52:44.0000000Z;7.221;7.235;34000;3592
2026-06-08T14:52:52.0000000Z;7.221;7.235;34000;3592
2026-06-08T14:52:56.0000000Z;7.221;7.235;34000;3592
2026-06-08T14:52:57.0000000Z;7.221;7.235;34000;3592
2026-06-08T14:52:58.0000000Z;7.221;7.235;34000;3592
2026-06-08T14:52:59.0000000Z;7.221;7.235;34000;3592
2026-06-08T14:52:59.0000000Z;7.221;7.235;34000;3592
2026-06-08T14:53:01.0000000Z;7.221;7.235;34000;3592
2026-06-08T14:53:02.0000000Z;7.216;7.235;1108;6213
2026-06-08T14:53:03.0000000Z;7.22;7.235;1108;6213
2026-06-08T14:53:04.0000000Z;7.22;7.235;37463;6213
2026-06-08T14:53:05.0000000Z;7.22;7.235;37463;6213
2026-06-08T14:53:07.0000000Z;7.22;7.235;34000;6213
2026-06-08T14:53:08.0000000Z;7.22;7.235;1108;6213
2026-06-08T14:53:10.0000000Z;7.22;7.235;1108;6213
2026-06-08T14:53:11.0000000Z;7.22;7.235;1108;6213
2026-06-08T14:53:12.0000000Z;7.22;7.235;1108;6213
2026-06-08T14:53:13.0000000Z;7.22;7.235;1108;6213
2026-06-08T14:53:14.0000000Z;7.22;7.235;1108;8608
2026-06-08T14:53:15.0000000Z;7.22;7.235;1108;8608
2026-06-08T14:53:16.0000000Z;7.22;7.235;1108;8608
2026-06-08T14:53:18.0000000Z;7.22;7.235;1108;8608
2026-06-08T14:53:20.0000000Z;7.22;7.235;1108;8608
2026-06-08T14:53:21.0000000Z;7.218;7.235;2770;8608
2026-06-08T14:53:22.0000000Z;7.219;7.235;3464;8608
2026-06-08T14:53:23.0000000Z;7.219;7.235;3464;8608
2026-06-08T14:53:24.0000000Z;7.219;7.235;3464;8608
2026-06-08T14:53:26.0000000Z;7.218;7.235;1108;8608
2026-06-08T14:53:27.0000000Z;7.218;7.235;1108;13331
2026-06-08T14:53:28.0000000Z;7.218;7.235;34000;13331
2026-06-08T14:53:29.0000000Z;7.218;7.233;34000;6213
2026-06-08T14:53:31.0000000Z;7.218;7.233;34000;6213
2026-06-08T14:53:32.0000000Z;7.218;7.233;1108;6213
2026-06-08T14:53:35.0000000Z;7.216;7.233;2770;6213
2026-06-08T14:53:36.0000000Z;7.216;7.233;2770;8608
2026-06-08T14:53:38.0000000Z;7.216;7.233;34000;8608
2026-06-08T14:53:39.0000000Z;7.216;7.233;34000;8608
2026-06-08T14:53:40.0000000Z;7.216;7.233;34000;8608
2026-06-08T14:53:41.0000000Z;7.216;7.233;34000;36395
2026-06-08T14:53:42.0000000Z;7.216;7.231;34000;3592
2026-06-08T14:53:43.0000000Z;7.216;7.231;34000;6213
2026-06-08T14:53:44.0000000Z;7.216;7.231;34000;6213
2026-06-08T14:53:45.0000000Z;7.216;7.231;34000;6213
2026-06-08T14:53:46.0000000Z;7.216;7.231;34000;3592
2026-06-08T14:53:47.0000000Z;7.216;7.231;34000;3592
2026-06-08T14:53:49.0000000Z;7.216;7.231;34000;3592
2026-06-08T14:53:50.0000000Z;7.216;7.231;34000;3592
2026-06-08T14:53:51.0000000Z;7.216;7.231;34000;3592
2026-06-08T14:53:52.0000000Z;7.216;7.231;34000;3592
2026-06-08T14:53:53.0000000Z;7.216;7.232;34000;5987
2026-06-08T14:53:55.0000000Z;7.216;7.232;34000;37457
2026-06-08T14:53:59.0000000Z;7.216;7.232;34000;8608
2026-06-08T14:54:00.0000000Z;7.216;7.232;34000;8608
2026-06-08T14:54:01.0000000Z;7.216;7.232;34000;34000
2026-06-08T14:54:02.0000000Z;7.216;7.232;34000;5987
2026-06-08T14:54:03.0000000Z;7.216;7.232;34000;5987
2026-06-08T14:54:05.0000000Z;7.216;7.232;34000;8608
2026-06-08T14:54:06.0000000Z;7.216;7.232;34000;8608
2026-06-08T14:54:07.0000000Z;7.216;7.232;34000;5987
2026-06-08T14:54:17.0000000Z;7.216;7.232;34000;6213
2026-06-08T14:54:18.0000000Z;7.216;7.232;34000;8608
2026-06-08T14:54:19.0000000Z;7.216;7.232;34000;8608
2026-06-08T14:54:20.0000000Z;7.216;7.232;34000;8608
2026-06-08T14:54:23.0000000Z;7.216;7.232;34000;6213
2026-06-08T14:54:25.0000000Z;7.216;7.232;34000;8608
2026-06-08T14:54:27.0000000Z;7.216;7.232;34000;8608
2026-06-08T14:54:28.0000000Z;7.216;7.232;34000;8608
2026-06-08T14:54:30.0000000Z;7.216;7.231;34000;3931
2026-06-08T14:54:31.0000000Z;7.216;7.231;34000;34000
2026-06-08T14:54:32.0000000Z;7.216;7.231;34000;34000
2026-06-08T14:54:33.0000000Z;7.216;7.231;34000;6552
2026-06-08T14:54:34.0000000Z;7.216;7.231;34000;3931
2026-06-08T14:54:35.0000000Z;7.216;7.231;34000;6552
2026-06-08T14:54:36.0000000Z;7.216;7.231;34000;3931
2026-06-08T14:54:37.0000000Z;7.216;7.231;34000;3931
2026-06-08T14:54:38.0000000Z;7.216;7.231;34000;3931
2026-06-08T14:54:39.0000000Z;7.216;7.231;34000;3931
2026-06-08T14:54:40.0000000Z;7.216;7.231;34000;3931
2026-06-08T14:54:41.0000000Z;7.216;7.231;34000;3931
2026-06-08T14:54:43.0000000Z;7.216;7.231;34000;3931
2026-06-08T14:54:51.0000000Z;7.216;7.231;34000;3931
2026-06-08T14:54:57.0000000Z;7.216;7.231;34000;3931
2026-06-08T14:55:00.0000000Z;7.216;7.231;34000;3931
2026-06-08T14:55:01.0000000Z;7.216;7.231;34000;3931
2026-06-08T14:55:02.0000000Z;7.216;7.231;34000;3931
2026-06-08T14:55:03.0000000Z;7.216;7.231;34000;3931
2026-06-08T14:55:04.0000000Z;7.216;7.231;34000;3931
2026-06-08T14:55:07.0000000Z;7.216;7.233;34000;8608
2026-06-08T14:55:08.0000000Z;7.216;7.231;34000;3592
2026-06-08T14:55:10.0000000Z;7.216;7.231;34000;3592
2026-06-08T14:55:11.0000000Z;7.216;7.231;34000;3592
2026-06-08T14:55:12.0000000Z;7.216;7.231;34000;3592
2026-06-08T14:55:14.0000000Z;7.216;7.231;34000;6213
2026-06-08T14:55:16.0000000Z;7.216;7.231;34000;3592
2026-06-08T14:55:17.0000000Z;7.216;7.231;34000;5987
2026-06-08T14:55:18.0000000Z;7.216;7.231;34000;8608
2026-06-08T14:55:21.0000000Z;7.216;7.231;34000;5987
2026-06-08T14:55:22.0000000Z;7.216;7.231;34000;5987
2026-06-08T14:55:23.0000000Z;7.216;7.231;34000;8608
2026-06-08T14:55:24.0000000Z;7.216;7.231;34000;5987
2026-06-08T14:55:25.0000000Z;7.216;7.231;34000;5987
2026-06-08T14:55:26.0000000Z;7.216;7.231;34000;5987
2026-06-08T14:55:28.0000000Z;7.216;7.231;34000;5987
2026-06-08T14:55:31.0000000Z;7.216;7.231;34000;3592
2026-06-08T14:55:32.0000000Z;7.216;7.231;34000;3592
2026-06-08T14:55:33.0000000Z;7.216;7.231;34000;3592
2026-06-08T14:55:34.0000000Z;7.216;7.231;34000;3592
2026-06-08T14:55:35.0000000Z;7.216;7.231;34000;3931
2026-06-08T14:55:37.0000000Z;7.216;7.231;34000;3931
2026-06-08T14:55:38.0000000Z;7.216;7.231;34000;3931
2026-06-08T14:55:39.0000000Z;7.216;7.231;34000;3931
2026-06-08T14:55:40.0000000Z;7.216;7.231;34000;3931
2026-06-08T14:55:45.0000000Z;7.216;7.231;34000;6552
2026-06-08T14:55:49.0000000Z;7.216;7.231;34000;6552
2026-06-08T14:55:50.0000000Z;7.216;7.23;34000;3931
2026-06-08T14:55:51.0000000Z;7.216;7.23;34000;34000
2026-06-08T14:55:54.0000000Z;7.216;7.23;34000;34000
2026-06-08T14:55:55.0000000Z;7.216;7.23;34000;34000
2026-06-08T14:55:57.0000000Z;7.216;7.23;34000;34000
2026-06-08T14:56:00.0000000Z;7.216;7.231;34000;3931
2026-06-08T14:56:03.0000000Z;7.216;7.231;34000;37458
2026-06-08T14:56:07.0000000Z;7.216;7.231;34000;3931
2026-06-08T14:56:09.0000000Z;7.216;7.231;34000;6552
2026-06-08T14:56:10.0000000Z;7.216;7.231;34000;6552
2026-06-08T14:56:12.0000000Z;7.216;7.231;34000;6552
2026-06-08T14:56:13.0000000Z;7.216;7.23;34000;3931
2026-06-08T14:56:14.0000000Z;7.216;7.23;34000;34000
2026-06-08T14:56:15.0000000Z;7.216;7.23;34000;34000
2026-06-08T14:56:16.0000000Z;7.216;7.23;34000;34000
2026-06-08T14:56:18.0000000Z;7.216;7.23;34000;34000
2026-06-08T14:56:20.0000000Z;7.216;7.23;34000;34000
2026-06-08T14:56:21.0000000Z;7.216;7.23;34000;34000
2026-06-08T14:56:22.0000000Z;7.216;7.23;34000;34000
2026-06-08T14:56:23.0000000Z;7.212;7.23;1108;6552
2026-06-08T14:56:24.0000000Z;7.216;7.233;1108;10638
2026-06-08T14:56:25.0000000Z;7.216;7.228;1108;3931
2026-06-08T14:56:26.0000000Z;7.216;7.228;1108;34000
2026-06-08T14:56:27.0000000Z;7.216;7.228;1108;34000
2026-06-08T14:56:29.0000000Z;7.216;7.228;1108;34000
2026-06-08T14:56:30.0000000Z;7.216;7.228;2770;34000
2026-06-08T14:56:31.0000000Z;7.216;7.228;1108;34000
2026-06-08T14:56:32.0000000Z;7.216;7.228;2770;34000
2026-06-08T14:56:33.0000000Z;7.216;7.228;2770;34000
2026-06-08T14:56:35.0000000Z;7.216;7.228;2770;34000
2026-06-08T14:56:36.0000000Z;7.215;7.228;2770;34000
2026-06-08T14:56:37.0000000Z;7.215;7.228;2770;34000
2026-06-08T14:56:38.0000000Z;7.215;7.228;37466;34000
2026-06-08T14:56:40.0000000Z;7.215;7.228;37466;34000
2026-06-08T14:56:41.0000000Z;7.215;7.228;1108;34000
2026-06-08T14:56:43.0000000Z;7.215;7.228;34000;34000
2026-06-08T14:56:44.0000000Z;7.215;7.229;34000;3931
2026-06-08T14:56:45.0000000Z;7.215;7.229;34000;3931
2026-06-08T14:56:47.0000000Z;7.215;7.229;34000;3931
2026-06-08T14:56:48.0000000Z;7.215;7.229;34000;37459
2026-06-08T14:56:49.0000000Z;7.215;7.229;34000;37459
2026-06-08T14:56:51.0000000Z;7.215;7.229;34000;34000
2026-06-08T14:56:52.0000000Z;7.215;7.229;34000;34000
2026-06-08T14:56:53.0000000Z;7.215;7.229;34000;34000
2026-06-08T14:56:55.0000000Z;7.215;7.23;34000;3931
2026-06-08T14:56:56.0000000Z;7.215;7.23;34000;6552
2026-06-08T14:56:57.0000000Z;7.215;7.23;34000;3931
2026-06-08T14:56:58.0000000Z;7.215;7.23;34000;37458
2026-06-08T14:56:59.0000000Z;7.215;7.23;34000;3931
2026-06-08T14:57:00.0000000Z;7.215;7.23;34000;6552
2026-06-08T14:57:01.0000000Z;7.215;7.23;34000;6552
2026-06-08T14:57:03.0000000Z;7.215;7.23;34000;6552
2026-06-08T14:57:05.0000000Z;7.215;7.23;34000;6552
2026-06-08T14:57:06.0000000Z;7.215;7.228;34000;34000
2026-06-08T14:57:08.0000000Z;7.215;7.228;34000;34000
2026-06-08T14:57:09.0000000Z;7.215;7.228;34000;34000
2026-06-08T14:57:10.0000000Z;7.212;7.23;1108;2621
2026-06-08T14:57:11.0000000Z;7.212;7.23;1108;2621
2026-06-08T14:57:12.0000000Z;7.212;7.23;1108;2621
2026-06-08T14:57:13.0000000Z;7.212;7.23;1108;2621
2026-06-08T14:57:14.0000000Z;7.212;7.23;34000;34000
2026-06-08T14:57:15.0000000Z;7.212;7.23;34000;34000
2026-06-08T14:57:16.0000000Z;7.212;7.23;34000;34000
2026-06-08T14:57:17.0000000Z;7.212;7.231;34000;2395
2026-06-08T14:57:18.0000000Z;7.212;7.231;34000;5016
2026-06-08T14:57:19.0000000Z;7.212;7.231;34000;5016
2026-06-08T14:57:20.0000000Z;7.212;7.231;34000;5016
2026-06-08T14:57:21.0000000Z;7.212;7.231;34000;5016
2026-06-08T14:57:22.0000000Z;7.212;7.231;34000;5016
2026-06-08T14:57:23.0000000Z;7.212;7.231;34000;34000
2026-06-08T14:57:24.0000000Z;7.212;7.231;34000;5016
2026-06-08T14:57:26.0000000Z;7.21;7.231;1108;5016
2026-06-08T14:57:27.0000000Z;7.209;7.231;3729;5016
2026-06-08T14:57:28.0000000Z;7.209;7.231;3729;5016
2026-06-08T14:57:29.0000000Z;7.209;7.231;3729;5016
2026-06-08T14:57:30.0000000Z;7.208;7.231;1108;5016
2026-06-08T14:57:31.0000000Z;7.208;7.231;15609;36395
2026-06-08T14:57:32.0000000Z;7.208;7.231;3729;36395
2026-06-08T14:57:33.0000000Z;7.208;7.231;3729;36395
2026-06-08T14:57:34.0000000Z;7.208;7.231;34000;36395
2026-06-08T14:57:35.0000000Z;7.208;7.231;34000;36395
2026-06-08T14:57:36.0000000Z;7.208;7.231;34000;36395
2026-06-08T14:57:37.0000000Z;7.208;7.231;34000;36395
2026-06-08T14:57:38.0000000Z;7.208;7.23;34000;2395
2026-06-08T14:57:39.0000000Z;7.208;7.23;34000;2395
2026-06-08T14:57:40.0000000Z;7.208;7.23;34000;2395
2026-06-08T14:57:41.0000000Z;7.208;7.23;34000;2395
2026-06-08T14:57:42.0000000Z;7.208;7.23;34000;2395
2026-06-08T14:57:43.0000000Z;7.208;7.23;34000;2395
2026-06-08T14:57:44.0000000Z;7.208;7.23;34000;2395
2026-06-08T14:57:45.0000000Z;7.208;7.23;34000;2395
2026-06-08T14:57:46.0000000Z;7.208;7.23;34000;2395
2026-06-08T14:57:47.0000000Z;7.208;7.23;34000;2395
2026-06-08T14:57:48.0000000Z;7.208;7.23;34000;2395
2026-06-08T14:57:49.0000000Z;7.208;7.23;34000;2395
2026-06-08T14:57:50.0000000Z;7.208;7.23;34000;2395
2026-06-08T14:57:51.0000000Z;7.208;7.23;34000;2395
2026-06-08T14:57:52.0000000Z;7.208;7.23;34000;2395
2026-06-08T14:57:53.0000000Z;7.208;7.23;34000;2395
2026-06-08T14:57:54.0000000Z;7.208;7.23;34000;2395
2026-06-08T14:57:55.0000000Z;7.208;7.23;34000;2395
2026-06-08T14:57:56.0000000Z;7.208;7.23;34000;2395
2026-06-08T14:57:57.0000000Z;7.208;7.23;34000;2395
2026-06-08T14:57:58.0000000Z;7.208;7.23;34000;2395
2026-06-08T14:57:59.0000000Z;7.208;7.23;34000;2395
2026-06-08T14:58:00.0000000Z;7.208;7.23;34000;2395
2026-06-08T14:58:01.0000000Z;7.208;7.23;34000;2395
2026-06-08T14:58:02.0000000Z;7.208;7.23;34000;2395
2026-06-08T14:58:03.0000000Z;7.208;7.23;34000;2395
2026-06-08T14:58:04.0000000Z;7.208;7.23;34000;2395
2026-06-08T14:58:05.0000000Z;7.208;7.23;34000;2395
2026-06-08T14:58:06.0000000Z;7.208;7.23;34000;2395
2026-06-08T14:58:07.0000000Z;7.208;7.231;34000;5016
2026-06-08T14:58:08.0000000Z;7.208;7.231;34000;5016
2026-06-08T14:58:09.0000000Z;7.208;7.231;15609;5016
2026-06-08T14:58:10.0000000Z;7.208;7.231;15609;2395
2026-06-08T14:58:11.0000000Z;7.208;7.231;3729;2395
2026-06-08T14:58:12.0000000Z;7.208;7.231;3729;2395
2026-06-08T14:58:13.0000000Z;7.208;7.231;3729;2395
2026-06-08T14:58:14.0000000Z;7.208;7.231;15609;2395
2026-06-08T14:58:15.0000000Z;7.208;7.231;15609;2395
2026-06-08T14:58:16.0000000Z;7.208;7.231;15609;2395
2026-06-08T14:58:17.0000000Z;7.208;7.231;15609;2395
2026-06-08T14:58:18.0000000Z;7.208;7.231;15609;2395
2026-06-08T14:58:19.0000000Z;7.208;7.231;15609;2395
2026-06-08T14:58:20.0000000Z;7.208;7.231;15609;2395
2026-06-08T14:58:21.0000000Z;7.208;7.231;15609;2395
2026-06-08T14:58:22.0000000Z;7.208;7.231;15609;2395
2026-06-08T14:58:23.0000000Z;7.208;7.231;15609;2395
2026-06-08T14:58:24.0000000Z;7.208;7.231;15609;2395
2026-06-08T14:58:25.0000000Z;7.208;7.231;15609;2395
2026-06-08T14:58:26.0000000Z;7.208;7.231;15609;2395
2026-06-08T14:58:27.0000000Z;7.208;7.231;15609;2395
2026-06-08T14:58:28.0000000Z;7.208;7.231;15609;2395
2026-06-08T14:58:29.0000000Z;7.208;7.231;15609;2395
2026-06-08T14:58:30.0000000Z;7.208;7.231;15609;2395
2026-06-08T14:58:31.0000000Z;7.208;7.231;3729;2395
2026-06-08T14:58:33.0000000Z;7.208;7.231;15609;2395
2026-06-08T14:58:34.0000000Z;7.208;7.231;15609;2395
2026-06-08T14:58:35.0000000Z;7.208;7.231;15609;2395
2026-06-08T14:58:36.0000000Z;7.208;7.231;15609;2395
2026-06-08T14:58:37.0000000Z;7.208;7.231;15609;2395
2026-06-08T14:58:38.0000000Z;7.208;7.231;15609;2395
2026-06-08T14:58:39.0000000Z;7.208;7.231;15609;2395
2026-06-08T14:58:40.0000000Z;7.208;7.231;18004;34000
2026-06-08T14:58:41.0000000Z;7.208;7.231;18004;34000
2026-06-08T14:58:42.0000000Z;7.21;7.232;3729;37457
2026-06-08T14:58:43.0000000Z;7.21;7.232;34000;37457
2026-06-08T14:58:44.0000000Z;7.212;7.232;34000;37457
2026-06-08T14:58:46.0000000Z;7.216;7.232;1108;37457
2026-06-08T14:58:47.0000000Z;7.216;7.232;34000;34000
2026-06-08T14:58:48.0000000Z;7.216;7.232;34000;34000
2026-06-08T14:58:49.0000000Z;7.218;7.232;1108;34000
2026-06-08T14:58:50.0000000Z;7.218;7.232;34000;34000
2026-06-08T14:58:51.0000000Z;7.218;7.232;34000;34000
2026-06-08T14:58:53.0000000Z;7.218;7.232;2770;34000
2026-06-08T14:58:55.0000000Z;7.218;7.232;2770;34000
2026-06-08T14:58:57.0000000Z;7.218;7.232;2770;12992
2026-06-08T14:58:58.0000000Z;7.218;7.232;2770;12992
2026-06-08T14:58:59.0000000Z;7.218;7.232;2770;12992
2026-06-08T14:59:00.0000000Z;7.218;7.232;2770;12992
2026-06-08T14:59:01.0000000Z;7.218;7.232;2770;12992
2026-06-08T14:59:02.0000000Z;7.218;7.232;2770;12992
2026-06-08T14:59:03.0000000Z;7.218;7.232;2770;12992
2026-06-08T14:59:04.0000000Z;7.218;7.232;2770;12992
2026-06-08T14:59:06.0000000Z;7.218;7.232;2770;12992
2026-06-08T14:59:07.0000000Z;7.218;7.232;2770;12400
2026-06-08T14:59:08.0000000Z;7.218;7.232;2770;12400
2026-06-08T14:59:09.0000000Z;7.218;7.232;2770;12400
2026-06-08T14:59:11.0000000Z;7.218;7.232;2770;12400
2026-06-08T14:59:13.0000000Z;7.218;7.232;2770;12400
2026-06-08T14:59:16.0000000Z;7.218;7.232;2770;12400
2026-06-08T14:59:17.0000000Z;7.218;7.232;2770;12400
2026-06-08T14:59:18.0000000Z;7.218;7.232;2770;12400
2026-06-08T14:59:19.0000000Z;7.218;7.232;2770;12400
2026-06-08T14:59:20.0000000Z;7.218;7.232;2770;12400
2026-06-08T14:59:21.0000000Z;7.218;7.232;2770;12400
2026-06-08T14:59:22.0000000Z;7.218;7.232;2770;12400
2026-06-08T14:59:23.0000000Z;7.218;7.232;2770;12400
2026-06-08T14:59:24.0000000Z;7.218;7.232;2770;12400
2026-06-08T14:59:25.0000000Z;7.218;7.232;2770;12400
2026-06-08T14:59:26.0000000Z;7.218;7.232;2770;12400
2026-06-08T14:59:27.0000000Z;7.218;7.232;2770;12400
2026-06-08T14:59:28.0000000Z;7.218;7.232;2770;12400
2026-06-08T14:59:29.0000000Z;7.218;7.232;2770;12400
2026-06-08T14:59:30.0000000Z;7.218;7.232;2770;12400
2026-06-08T14:59:31.0000000Z;7.218;7.232;2770;12400
2026-06-08T14:59:32.0000000Z;7.218;7.232;2770;12400
2026-06-08T14:59:33.0000000Z;7.218;7.232;2770;12400
2026-06-08T14:59:34.0000000Z;7.218;7.232;2770;12400
2026-06-08T14:59:35.0000000Z;7.218;7.232;2770;16331
2026-06-08T14:59:36.0000000Z;7.218;7.232;2770;16331
2026-06-08T14:59:37.0000000Z;7.218;7.232;2770;16331
2026-06-08T14:59:38.0000000Z;7.218;7.232;2770;16331
2026-06-08T14:59:39.0000000Z;7.218;7.232;2770;16331
2026-06-08T14:59:40.0000000Z;7.218;7.232;2770;16331
2026-06-08T14:59:41.0000000Z;7.218;7.232;2770;16331
2026-06-08T14:59:42.0000000Z;7.218;7.232;2770;16331
2026-06-08T14:59:43.0000000Z;7.218;7.232;2770;16331
2026-06-08T14:59:44.0000000Z;7.218;7.232;2770;16331
2026-06-08T14:59:45.0000000Z;7.218;7.232;2770;12400
2026-06-08T14:59:46.0000000Z;7.218;7.232;2770;12400
2026-06-08T14:59:47.0000000Z;7.218;7.232;2770;12400
2026-06-08T14:59:48.0000000Z;7.218;7.232;2770;12400
2026-06-08T14:59:49.0000000Z;7.218;7.232;2770;12400
2026-06-08T14:59:50.0000000Z;7.218;7.232;2770;12400
2026-06-08T14:59:51.0000000Z;7.218;7.232;2770;12400
2026-06-08T14:59:52.0000000Z;7.218;7.232;2770;12400
2026-06-08T14:59:58.0000000Z;7.218;7.232;2770;12400
2026-06-08T14:59:59.0000000Z;7.218;7.232;2770;12400
