2026-06-08T08:00:01.0000000Z;52.81;53.15;189;188
2026-06-08T08:00:02.0000000Z;52.81;53.11;189;5500
2026-06-08T08:00:03.0000000Z;52.81;53.17;5500;188
2026-06-08T08:00:04.0000000Z;52.73;53.17;472;188
2026-06-08T08:00:05.0000000Z;52.73;53.17;189;188
2026-06-08T08:00:06.0000000Z;52.73;53.12;189;471
2026-06-08T08:00:07.0000000Z;52.73;53.12;472;471
2026-06-08T08:00:08.0000000Z;52.73;53.12;189;471
2026-06-08T08:00:13.0000000Z;52.74;53.16;2785;2785
2026-06-08T08:00:18.0000000Z;52.66;53.07;189;188
2026-06-08T08:00:19.0000000Z;52.66;53.09;189;5500
2026-06-08T08:00:20.0000000Z;52.66;53.08;189;2785
2026-06-08T08:00:22.0000000Z;52.72;53.08;475;2785
2026-06-08T08:00:27.0000000Z;52.67;53.08;38;2785
2026-06-08T08:00:28.0000000Z;52.68;53.08;189;2785
2026-06-08T08:00:30.0000000Z;52.69;53.08;2785;2785
2026-06-08T08:00:31.0000000Z;52.7;53.08;189;2785
2026-06-08T08:00:32.0000000Z;52.71;53.08;2785;2785
2026-06-08T08:00:33.0000000Z;52.71;53.08;2785;2785
2026-06-08T08:00:36.0000000Z;52.71;53.08;2785;2785
2026-06-08T08:00:37.0000000Z;52.71;53.08;2785;2785
2026-06-08T08:00:38.0000000Z;52.71;53.08;2785;2785
2026-06-08T08:00:39.0000000Z;52.71;53.08;2785;2785
2026-06-08T08:00:43.0000000Z;52.71;53.08;2785;2785
2026-06-08T08:00:46.0000000Z;52.71;53.08;2785;2785
2026-06-08T08:00:47.0000000Z;52.71;53.08;2785;2785
2026-06-08T08:00:48.0000000Z;52.71;53.08;2785;2785
2026-06-08T08:00:50.0000000Z;52.71;53.08;2785;2785
2026-06-08T08:00:51.0000000Z;52.71;53.08;2785;2785
2026-06-08T08:00:54.0000000Z;52.71;53.08;2785;2785
2026-06-08T08:00:55.0000000Z;52.71;53.08;2785;2785
2026-06-08T08:00:59.0000000Z;52.71;53.08;2785;2785
2026-06-08T08:01:00.0000000Z;52.66;53.08;189;2785
2026-06-08T08:01:01.0000000Z;52.66;53.08;189;2785
2026-06-08T08:01:02.0000000Z;52.69;53.08;475;2785
2026-06-08T08:01:06.0000000Z;52.68;52.99;189;188
2026-06-08T08:01:07.0000000Z;52.68;52.99;189;470
2026-06-08T08:01:08.0000000Z;52.7;52.99;189;470
2026-06-08T08:01:09.0000000Z;52.7;52.99;189;470
2026-06-08T08:01:10.0000000Z;52.7;52.99;189;5500
2026-06-08T08:01:11.0000000Z;52.7;52.99;189;188
2026-06-08T08:01:13.0000000Z;52.7;52.98;189;2785
2026-06-08T08:01:15.0000000Z;52.7;53.01;189;470
2026-06-08T08:01:16.0000000Z;52.7;53;189;3257
2026-06-08T08:01:17.0000000Z;52.7;53;189;3257
2026-06-08T08:01:20.0000000Z;52.7;53;189;3257
2026-06-08T08:01:24.0000000Z;52.7;53;189;2785
2026-06-08T08:01:28.0000000Z;52.7;53;189;2785
2026-06-08T08:01:30.0000000Z;52.7;53;189;2785
2026-06-08T08:01:34.0000000Z;52.7;53;189;2785
2026-06-08T08:01:38.0000000Z;52.7;53;189;2785
2026-06-08T08:01:39.0000000Z;52.7;53;189;2785
2026-06-08T08:01:47.0000000Z;52.7;53;189;2785
2026-06-08T08:01:52.0000000Z;52.71;53;2786;2786
2026-06-08T08:01:53.0000000Z;52.71;53;2786;2786
2026-06-08T08:01:55.0000000Z;52.71;53;2786;2786
2026-06-08T08:01:58.0000000Z;52.82;53.01;429;723
2026-06-08T08:01:59.0000000Z;52.83;53.01;5500;723
2026-06-08T08:02:00.0000000Z;52.83;53.01;5500;723
2026-06-08T08:02:01.0000000Z;52.83;53.01;5500;723
2026-06-08T08:02:02.0000000Z;52.83;53.01;5500;723
2026-06-08T08:02:03.0000000Z;52.82;53.01;155;723
2026-06-08T08:02:04.0000000Z;52.82;53.01;155;723
2026-06-08T08:02:05.0000000Z;52.82;53.01;155;723
2026-06-08T08:02:06.0000000Z;52.82;53.01;5500;723
2026-06-08T08:02:07.0000000Z;52.82;53.01;5500;723
2026-06-08T08:02:08.0000000Z;52.82;53.01;5500;723
2026-06-08T08:02:09.0000000Z;52.8;53.01;189;723
2026-06-08T08:02:10.0000000Z;52.82;53.01;155;723
2026-06-08T08:02:14.0000000Z;52.82;53.01;155;723
2026-06-08T08:02:19.0000000Z;52.82;53.01;155;723
2026-06-08T08:02:20.0000000Z;52.82;53.01;155;723
2026-06-08T08:02:22.0000000Z;52.82;53.01;155;723
2026-06-08T08:02:24.0000000Z;52.82;53.01;155;723
2026-06-08T08:02:29.0000000Z;52.82;53.01;155;723
2026-06-08T08:02:31.0000000Z;52.82;52.98;155;379
2026-06-08T08:02:32.0000000Z;52.82;52.98;155;470
2026-06-08T08:02:33.0000000Z;52.82;52.97;155;188
2026-06-08T08:02:34.0000000Z;52.82;52.97;155;8286
2026-06-08T08:02:35.0000000Z;52.82;52.97;155;2786
2026-06-08T08:02:38.0000000Z;52.82;52.97;155;2786
2026-06-08T08:02:39.0000000Z;52.82;52.98;155;188
2026-06-08T08:02:40.0000000Z;52.82;53;155;470
2026-06-08T08:02:41.0000000Z;52.82;52.98;155;5500
2026-06-08T08:02:42.0000000Z;52.82;53;155;188
2026-06-08T08:02:43.0000000Z;52.82;52.99;155;3258
2026-06-08T08:02:44.0000000Z;52.82;53;155;567
2026-06-08T08:02:48.0000000Z;52.82;53;155;567
2026-06-08T08:02:51.0000000Z;52.82;53;155;470
2026-06-08T08:02:52.0000000Z;52.82;52.99;155;2786
2026-06-08T08:02:57.0000000Z;52.82;52.99;155;2786
2026-06-08T08:02:58.0000000Z;52.82;52.97;155;188
2026-06-08T08:02:59.0000000Z;52.82;52.96;155;2786
2026-06-08T08:03:03.0000000Z;52.82;52.97;155;188
2026-06-08T08:03:06.0000000Z;52.82;52.97;155;470
2026-06-08T08:03:07.0000000Z;52.82;52.97;155;188
2026-06-08T08:03:08.0000000Z;52.82;52.97;155;188
2026-06-08T08:03:09.0000000Z;52.82;52.97;155;188
2026-06-08T08:03:12.0000000Z;52.82;52.95;155;188
2026-06-08T08:03:13.0000000Z;52.82;52.95;155;188
2026-06-08T08:03:14.0000000Z;52.82;52.97;155;188
2026-06-08T08:03:15.0000000Z;52.82;52.95;155;5500
2026-06-08T08:03:17.0000000Z;52.82;52.96;155;2786
2026-06-08T08:03:24.0000000Z;52.82;52.96;155;2786
2026-06-08T08:03:27.0000000Z;52.82;52.96;155;2786
2026-06-08T08:03:29.0000000Z;52.82;52.96;155;2786
2026-06-08T08:03:30.0000000Z;52.82;52.96;155;2786
2026-06-08T08:03:31.0000000Z;52.82;52.96;155;2786
2026-06-08T08:03:34.0000000Z;52.82;52.96;155;2786
2026-06-08T08:03:38.0000000Z;52.82;52.96;153;2786
2026-06-08T08:03:43.0000000Z;52.82;52.96;153;2786
2026-06-08T08:03:44.0000000Z;52.82;52.96;153;2786
2026-06-08T08:03:45.0000000Z;52.82;52.96;153;2786
2026-06-08T08:03:46.0000000Z;52.82;52.98;153;188
2026-06-08T08:03:48.0000000Z;52.82;52.98;153;188
2026-06-08T08:03:49.0000000Z;52.82;52.97;153;2786
2026-06-08T08:03:50.0000000Z;52.82;52.97;153;2786
2026-06-08T08:03:51.0000000Z;52.83;52.97;5500;2786
2026-06-08T08:03:55.0000000Z;52.83;52.97;5500;2786
2026-06-08T08:03:56.0000000Z;52.83;52.97;389;2786
2026-06-08T08:04:01.0000000Z;52.83;52.97;389;2786
2026-06-08T08:04:02.0000000Z;52.83;52.97;5500;2786
2026-06-08T08:04:05.0000000Z;52.83;52.97;5500;2786
2026-06-08T08:04:06.0000000Z;52.83;52.97;389;2786
2026-06-08T08:04:11.0000000Z;52.83;52.97;389;2786
2026-06-08T08:04:12.0000000Z;52.83;52.97;5500;2786
2026-06-08T08:04:13.0000000Z;52.83;52.97;5500;2786
2026-06-08T08:04:14.0000000Z;52.83;52.97;5500;2786
2026-06-08T08:04:16.0000000Z;52.84;52.98;721;8286
2026-06-08T08:04:17.0000000Z;52.84;52.98;721;8286
2026-06-08T08:04:18.0000000Z;52.84;52.98;5500;8286
2026-06-08T08:04:19.0000000Z;52.84;52.98;5500;2786
2026-06-08T08:04:20.0000000Z;52.84;52.98;5500;2786
2026-06-08T08:04:21.0000000Z;52.83;52.98;379;2786
2026-06-08T08:04:23.0000000Z;52.83;52.98;379;2786
2026-06-08T08:04:25.0000000Z;52.84;52.98;2786;2786
2026-06-08T08:04:26.0000000Z;52.84;52.98;2786;2786
2026-06-08T08:04:29.0000000Z;52.84;52.98;2786;2786
2026-06-08T08:04:30.0000000Z;52.84;52.98;2786;2786
2026-06-08T08:04:31.0000000Z;52.85;53.01;379;188
2026-06-08T08:04:32.0000000Z;52.85;53.01;5500;188
2026-06-08T08:04:33.0000000Z;52.85;53;5500;3258
2026-06-08T08:04:34.0000000Z;52.85;53;5500;3258
2026-06-08T08:04:37.0000000Z;52.85;53;5500;3258
2026-06-08T08:04:40.0000000Z;52.85;53;5500;3258
2026-06-08T08:04:41.0000000Z;52.85;53;5500;3258
2026-06-08T08:04:42.0000000Z;52.86;53;2786;2786
2026-06-08T08:04:43.0000000Z;52.86;53;2786;2786
2026-06-08T08:04:44.0000000Z;52.85;53;5500;2786
2026-06-08T08:04:45.0000000Z;52.85;53;5500;2786
2026-06-08T08:04:46.0000000Z;52.85;53;5500;2786
2026-06-08T08:04:49.0000000Z;52.86;53;2786;2786
2026-06-08T08:04:50.0000000Z;52.86;53;2786;2786
2026-06-08T08:04:53.0000000Z;52.86;53;2786;2786
2026-06-08T08:04:58.0000000Z;52.87;53.03;379;188
2026-06-08T08:04:59.0000000Z;52.87;53.02;379;3258
2026-06-08T08:05:00.0000000Z;52.87;53.02;379;3258
2026-06-08T08:05:03.0000000Z;52.87;53.02;379;3258
2026-06-08T08:05:04.0000000Z;52.87;53.02;379;3258
2026-06-08T08:05:05.0000000Z;52.87;53.03;379;470
2026-06-08T08:05:06.0000000Z;52.87;53.03;5500;470
2026-06-08T08:05:07.0000000Z;52.86;53.02;632;2786
2026-06-08T08:05:08.0000000Z;52.86;53.03;632;526
2026-06-08T08:05:09.0000000Z;52.87;53.03;2786;526
2026-06-08T08:05:10.0000000Z;52.87;53.03;2786;188
2026-06-08T08:05:16.0000000Z;52.87;53.03;2786;188
2026-06-08T08:05:17.0000000Z;52.87;53.03;2786;188
2026-06-08T08:05:18.0000000Z;52.87;53.03;2786;188
2026-06-08T08:05:20.0000000Z;52.87;53.03;2786;188
2026-06-08T08:05:21.0000000Z;52.87;53.03;2786;188
2026-06-08T08:05:22.0000000Z;52.87;53.03;2786;188
2026-06-08T08:05:23.0000000Z;52.88;53.04;379;188
2026-06-08T08:05:24.0000000Z;52.88;53.04;379;188
2026-06-08T08:05:25.0000000Z;52.88;53.04;5500;188
2026-06-08T08:05:26.0000000Z;52.88;53.03;5500;2791
2026-06-08T08:05:27.0000000Z;52.88;53.04;5500;188
2026-06-08T08:05:28.0000000Z;52.88;53.04;5500;188
2026-06-08T08:05:33.0000000Z;52.88;53.04;5500;188
2026-06-08T08:05:34.0000000Z;52.88;53.04;5500;188
2026-06-08T08:05:36.0000000Z;52.88;53.04;5500;188
2026-06-08T08:05:38.0000000Z;52.88;53.04;5500;188
2026-06-08T08:05:41.0000000Z;52.88;53.04;5500;188
2026-06-08T08:05:44.0000000Z;52.88;53.04;5500;188
2026-06-08T08:05:46.0000000Z;52.88;53.04;5500;188
2026-06-08T08:05:47.0000000Z;52.87;53.04;253;188
2026-06-08T08:05:48.0000000Z;52.87;53.04;5973;188
2026-06-08T08:05:49.0000000Z;52.87;53.04;5973;188
2026-06-08T08:05:53.0000000Z;52.86;53.04;253;441
2026-06-08T08:05:56.0000000Z;52.86;53.04;5500;441
2026-06-08T08:06:01.0000000Z;52.86;53.04;5500;441
2026-06-08T08:06:04.0000000Z;52.86;53.04;5500;441
2026-06-08T08:06:05.0000000Z;52.86;53.04;5500;441
2026-06-08T08:06:06.0000000Z;52.86;53.04;5500;441
2026-06-08T08:06:08.0000000Z;52.84;53.01;253;188
2026-06-08T08:06:10.0000000Z;52.85;53.01;474;188
2026-06-08T08:06:16.0000000Z;52.84;53.01;5500;188
2026-06-08T08:06:19.0000000Z;52.84;53.01;5500;188
2026-06-08T08:06:22.0000000Z;52.84;53.01;5500;188
2026-06-08T08:06:26.0000000Z;52.84;53.01;5500;188
2026-06-08T08:06:27.0000000Z;52.83;52.99;189;188
2026-06-08T08:06:28.0000000Z;52.83;52.99;5974;188
2026-06-08T08:06:29.0000000Z;52.84;53.01;5500;188
2026-06-08T08:06:30.0000000Z;52.84;53;5500;2791
2026-06-08T08:06:35.0000000Z;52.84;53;253;2791
2026-06-08T08:06:36.0000000Z;52.84;53;632;2791
2026-06-08T08:06:38.0000000Z;52.84;53;632;2791
2026-06-08T08:06:39.0000000Z;52.84;53;253;2791
2026-06-08T08:06:43.0000000Z;52.84;53;518;2791
2026-06-08T08:06:46.0000000Z;52.84;53;632;2791
2026-06-08T08:06:47.0000000Z;52.84;53;632;2791
2026-06-08T08:06:48.0000000Z;52.84;53;632;2791
2026-06-08T08:06:49.0000000Z;52.84;53;253;2791
2026-06-08T08:06:53.0000000Z;52.84;53;632;2791
2026-06-08T08:06:54.0000000Z;52.84;53;253;2791
2026-06-08T08:06:56.0000000Z;52.84;53;253;2791
2026-06-08T08:06:59.0000000Z;52.84;53;632;2791
2026-06-08T08:06:59.0000000Z;52.84;53;632;2791
2026-06-08T08:07:00.0000000Z;52.84;53;253;2791
2026-06-08T08:07:03.0000000Z;52.84;53;253;2791
2026-06-08T08:07:08.0000000Z;52.86;53;121;2791
2026-06-08T08:07:09.0000000Z;52.86;53;121;2791
2026-06-08T08:07:10.0000000Z;52.85;53;379;2791
2026-06-08T08:07:12.0000000Z;52.84;53;253;2791
2026-06-08T08:07:13.0000000Z;52.85;53;5500;2791
2026-06-08T08:07:15.0000000Z;52.84;53;632;2791
2026-06-08T08:07:16.0000000Z;52.84;53;632;2791
2026-06-08T08:07:17.0000000Z;52.84;53;632;2791
2026-06-08T08:07:19.0000000Z;52.84;53;253;2791
2026-06-08T08:07:24.0000000Z;52.84;53;253;2791
2026-06-08T08:07:25.0000000Z;52.84;53;632;2791
2026-06-08T08:07:26.0000000Z;52.85;53.02;253;188
2026-06-08T08:07:27.0000000Z;52.85;53.02;253;188
2026-06-08T08:07:29.0000000Z;52.85;53.01;253;2791
2026-06-08T08:07:31.0000000Z;52.85;53.01;253;2791
2026-06-08T08:07:32.0000000Z;52.85;53.01;632;2791
2026-06-08T08:07:33.0000000Z;52.85;53.01;253;2791
2026-06-08T08:07:35.0000000Z;52.85;53.01;253;2791
2026-06-08T08:07:39.0000000Z;52.85;53.01;253;2791
2026-06-08T08:07:40.0000000Z;52.85;53.01;253;2791
2026-06-08T08:07:42.0000000Z;52.83;53.01;442;8291
2026-06-08T08:07:43.0000000Z;52.84;53;474;5500
2026-06-08T08:07:44.0000000Z;52.84;53;474;5500
2026-06-08T08:07:46.0000000Z;52.84;53;474;5500
2026-06-08T08:07:48.0000000Z;52.83;53;5500;5500
2026-06-08T08:07:49.0000000Z;52.83;53;5500;5500
2026-06-08T08:07:52.0000000Z;52.83;52.99;5500;2791
2026-06-08T08:07:53.0000000Z;52.83;52.99;5500;2791
2026-06-08T08:07:55.0000000Z;52.83;52.99;189;253
2026-06-08T08:07:56.0000000Z;52.83;52.99;189;8291
2026-06-08T08:07:57.0000000Z;52.83;52.97;189;2791
2026-06-08T08:07:58.0000000Z;52.83;53;442;188
2026-06-08T08:08:01.0000000Z;52.83;52.99;442;2791
2026-06-08T08:08:09.0000000Z;52.83;52.99;442;2791
2026-06-08T08:08:11.0000000Z;52.83;52.98;189;188
2026-06-08T08:08:12.0000000Z;52.83;52.98;189;188
2026-06-08T08:08:13.0000000Z;52.83;52.98;189;188
2026-06-08T08:08:14.0000000Z;52.83;52.98;189;188
2026-06-08T08:08:16.0000000Z;52.83;52.98;189;188
2026-06-08T08:08:17.0000000Z;52.83;52.98;189;188
2026-06-08T08:08:18.0000000Z;52.83;52.98;189;188
2026-06-08T08:08:24.0000000Z;52.83;52.98;189;188
2026-06-08T08:08:25.0000000Z;52.83;52.98;189;5500
2026-06-08T08:08:26.0000000Z;52.83;53;442;188
2026-06-08T08:08:28.0000000Z;52.83;53;1105;188
2026-06-08T08:08:29.0000000Z;52.83;52.99;442;3263
2026-06-08T08:08:30.0000000Z;52.83;52.99;442;3263
2026-06-08T08:08:31.0000000Z;52.83;52.99;1105;3263
2026-06-08T08:08:32.0000000Z;52.83;52.99;442;3263
2026-06-08T08:08:33.0000000Z;52.83;52.99;442;2791
2026-06-08T08:08:35.0000000Z;52.83;52.99;442;2791
2026-06-08T08:08:36.0000000Z;52.83;52.99;442;2791
2026-06-08T08:08:38.0000000Z;52.83;52.99;1105;2791
2026-06-08T08:08:39.0000000Z;52.85;53.02;375;188
2026-06-08T08:08:40.0000000Z;52.85;53.02;5500;188
2026-06-08T08:08:41.0000000Z;52.85;53.01;5500;3263
2026-06-08T08:08:44.0000000Z;52.85;53.01;5500;3263
2026-06-08T08:08:45.0000000Z;52.85;53.01;253;3263
2026-06-08T08:08:49.0000000Z;52.85;53.01;253;2791
2026-06-08T08:08:50.0000000Z;52.83;53;253;188
2026-06-08T08:08:51.0000000Z;52.84;53;474;188
2026-06-08T08:08:55.0000000Z;52.82;52.98;442;188
2026-06-08T08:08:57.0000000Z;52.82;52.98;442;188
2026-06-08T08:08:59.0000000Z;52.82;52.98;5500;188
2026-06-08T08:09:01.0000000Z;52.82;52.98;5500;188
2026-06-08T08:09:02.0000000Z;52.82;52.98;5500;188
2026-06-08T08:09:03.0000000Z;52.81;52.97;189;188
2026-06-08T08:09:04.0000000Z;52.81;52.96;189;2791
2026-06-08T08:09:05.0000000Z;52.81;52.96;189;2791
2026-06-08T08:09:07.0000000Z;52.81;52.96;5974;2791
2026-06-08T08:09:10.0000000Z;52.81;52.96;5974;2791
2026-06-08T08:09:14.0000000Z;52.81;52.96;5974;2791
2026-06-08T08:09:15.0000000Z;52.81;52.96;5974;2791
2026-06-08T08:09:16.0000000Z;52.81;52.96;5974;2791
2026-06-08T08:09:17.0000000Z;52.81;52.96;5500;2791
2026-06-08T08:09:23.0000000Z;52.81;52.96;5500;2791
2026-06-08T08:09:24.0000000Z;52.81;52.96;5500;2791
2026-06-08T08:09:26.0000000Z;52.81;52.96;5500;2791
2026-06-08T08:09:27.0000000Z;52.82;52.98;253;188
2026-06-08T08:09:28.0000000Z;52.82;52.98;428;188
2026-06-08T08:09:29.0000000Z;52.83;52.97;147;2791
2026-06-08T08:09:30.0000000Z;52.83;52.97;5500;2791
2026-06-08T08:09:35.0000000Z;52.83;52.97;5500;2791
2026-06-08T08:09:41.0000000Z;52.83;52.97;5500;2791
2026-06-08T08:09:42.0000000Z;52.83;52.97;5500;2791
2026-06-08T08:09:43.0000000Z;52.83;52.97;5500;2791
2026-06-08T08:09:44.0000000Z;52.83;52.97;5500;2791
2026-06-08T08:09:45.0000000Z;52.83;52.97;5500;2791
2026-06-08T08:09:46.0000000Z;52.83;52.97;5500;2791
2026-06-08T08:09:47.0000000Z;52.83;52.98;5500;5500
2026-06-08T08:09:49.0000000Z;52.83;53;400;188
2026-06-08T08:09:50.0000000Z;52.83;53;400;188
2026-06-08T08:09:51.0000000Z;52.83;53;815;188
2026-06-08T08:09:52.0000000Z;52.83;52.99;815;3263
2026-06-08T08:09:53.0000000Z;52.83;52.99;818;3263
2026-06-08T08:09:57.0000000Z;52.84;52.99;2791;2791
2026-06-08T08:09:58.0000000Z;52.85;53;253;5500
2026-06-08T08:09:59.0000000Z;52.85;53.02;5500;188
2026-06-08T08:10:00.0000000Z;52.85;53.02;5500;188
2026-06-08T08:10:01.0000000Z;52.85;53.02;5500;188
2026-06-08T08:10:03.0000000Z;52.84;53;119;188
2026-06-08T08:10:04.0000000Z;52.83;52.99;253;2791
2026-06-08T08:10:05.0000000Z;52.83;52.99;253;2791
2026-06-08T08:10:06.0000000Z;52.82;52.98;175;188
2026-06-08T08:10:08.0000000Z;52.82;52.97;175;2791
2026-06-08T08:10:09.0000000Z;52.82;52.97;175;2791
2026-06-08T08:10:10.0000000Z;52.82;52.97;5500;2791
2026-06-08T08:10:11.0000000Z;52.82;52.97;175;2791
2026-06-08T08:10:20.0000000Z;52.8;52.95;189;2791
2026-06-08T08:10:21.0000000Z;52.8;52.95;189;2791
2026-06-08T08:10:22.0000000Z;52.78;52.95;189;253
2026-06-08T08:10:23.0000000Z;52.78;52.95;189;8291
2026-06-08T08:10:26.0000000Z;52.78;52.94;189;168
2026-06-08T08:10:27.0000000Z;52.76;52.93;189;253
2026-06-08T08:10:28.0000000Z;52.76;52.93;189;253
2026-06-08T08:10:29.0000000Z;52.76;52.93;189;8291
2026-06-08T08:10:30.0000000Z;52.76;52.93;189;8291
2026-06-08T08:10:32.0000000Z;52.76;52.93;5500;8291
2026-06-08T08:10:34.0000000Z;52.76;52.92;5500;2787
2026-06-08T08:10:38.0000000Z;52.76;52.92;5500;2787
2026-06-08T08:10:40.0000000Z;52.76;52.92;5500;183
2026-06-08T08:10:41.0000000Z;52.76;52.92;5500;8287
2026-06-08T08:10:43.0000000Z;52.76;52.92;5500;183
2026-06-08T08:10:44.0000000Z;52.78;52.92;189;183
2026-06-08T08:10:45.0000000Z;52.77;52.92;472;5500
2026-06-08T08:10:46.0000000Z;52.77;52.92;472;5500
2026-06-08T08:10:47.0000000Z;52.77;52.94;725;188
2026-06-08T08:10:48.0000000Z;52.77;52.92;5500;5500
2026-06-08T08:10:50.0000000Z;52.77;52.94;725;5973
2026-06-08T08:10:51.0000000Z;52.77;52.94;725;5500
2026-06-08T08:10:52.0000000Z;52.77;52.94;725;5500
2026-06-08T08:10:56.0000000Z;52.77;52.94;725;5500
2026-06-08T08:10:57.0000000Z;52.77;52.94;725;5500
2026-06-08T08:11:00.0000000Z;52.77;52.94;725;5500
2026-06-08T08:11:01.0000000Z;52.81;52.96;128;188
2026-06-08T08:11:02.0000000Z;52.81;52.96;5500;470
2026-06-08T08:11:03.0000000Z;52.81;52.96;5500;188
2026-06-08T08:11:04.0000000Z;52.81;52.95;5500;473
2026-06-08T08:11:06.0000000Z;52.81;52.96;5500;610
2026-06-08T08:11:08.0000000Z;52.81;52.96;5500;244
2026-06-08T08:11:09.0000000Z;52.81;52.96;5500;188
2026-06-08T08:11:11.0000000Z;52.81;52.96;5500;244
2026-06-08T08:11:12.0000000Z;52.81;52.96;5500;610
2026-06-08T08:11:13.0000000Z;52.81;52.95;5500;2787
2026-06-08T08:11:16.0000000Z;52.81;52.95;5500;2787
2026-06-08T08:11:20.0000000Z;52.81;52.96;5500;610
2026-06-08T08:11:25.0000000Z;52.81;52.96;5500;610
2026-06-08T08:11:26.0000000Z;52.81;52.96;5500;244
2026-06-08T08:11:27.0000000Z;52.81;52.96;5500;188
2026-06-08T08:11:28.0000000Z;52.81;52.96;5500;470
2026-06-08T08:11:30.0000000Z;52.81;52.96;5500;5500
2026-06-08T08:11:31.0000000Z;52.8;52.95;535;2787
2026-06-08T08:11:33.0000000Z;52.8;52.96;535;470
2026-06-08T08:11:34.0000000Z;52.8;52.96;535;188
2026-06-08T08:11:35.0000000Z;52.8;52.96;535;470
2026-06-08T08:11:36.0000000Z;52.8;52.96;156;470
2026-06-08T08:11:37.0000000Z;52.8;52.96;535;188
2026-06-08T08:11:38.0000000Z;52.8;52.96;5500;470
2026-06-08T08:11:39.0000000Z;52.8;52.96;5500;470
2026-06-08T08:11:40.0000000Z;52.8;52.96;5500;5500
2026-06-08T08:11:45.0000000Z;52.82;52.97;506;188
2026-06-08T08:11:47.0000000Z;52.83;52.99;632;188
2026-06-08T08:11:48.0000000Z;52.83;52.97;5500;5972
2026-06-08T08:11:49.0000000Z;52.84;53;632;188
2026-06-08T08:11:50.0000000Z;52.84;52.97;5500;472
2026-06-08T08:11:53.0000000Z;52.84;52.99;5500;5500
2026-06-08T08:11:54.0000000Z;52.84;53;5500;5500
2026-06-08T08:11:55.0000000Z;52.84;53;379;441
2026-06-08T08:11:56.0000000Z;52.84;53;632;188
2026-06-08T08:12:00.0000000Z;52.84;53;632;188
2026-06-08T08:12:02.0000000Z;52.84;53;379;723
2026-06-08T08:12:04.0000000Z;52.84;53;379;441
2026-06-08T08:12:05.0000000Z;52.84;53;379;441
2026-06-08T08:12:08.0000000Z;52.84;53;379;441
2026-06-08T08:12:10.0000000Z;52.84;53;379;1102
2026-06-08T08:12:12.0000000Z;52.83;52.99;632;2787
2026-06-08T08:12:13.0000000Z;52.84;52.98;126;188
2026-06-08T08:12:15.0000000Z;52.84;52.99;126;188
2026-06-08T08:12:17.0000000Z;52.84;52.99;126;188
2026-06-08T08:12:19.0000000Z;52.84;52.99;126;188
2026-06-08T08:12:20.0000000Z;52.84;52.99;126;188
2026-06-08T08:12:22.0000000Z;52.84;52.99;126;5500
2026-06-08T08:12:24.0000000Z;52.84;52.99;505;5500
2026-06-08T08:12:26.0000000Z;52.84;52.99;505;5500
2026-06-08T08:12:28.0000000Z;52.84;52.99;505;5500
2026-06-08T08:12:29.0000000Z;52.84;52.99;505;5500
2026-06-08T08:12:38.0000000Z;52.84;52.99;505;5500
2026-06-08T08:12:39.0000000Z;52.83;52.99;253;5500
2026-06-08T08:12:41.0000000Z;52.84;52.99;126;5500
2026-06-08T08:12:42.0000000Z;52.84;52.99;505;5500
2026-06-08T08:12:43.0000000Z;52.84;52.99;505;5500
2026-06-08T08:12:45.0000000Z;52.84;52.99;126;5500
2026-06-08T08:12:46.0000000Z;52.83;52.99;1017;470
2026-06-08T08:12:47.0000000Z;52.83;52.99;407;470
2026-06-08T08:12:48.0000000Z;52.83;52.99;5974;723
2026-06-08T08:12:49.0000000Z;52.83;52.97;5974;5500
2026-06-08T08:12:50.0000000Z;52.83;52.97;474;5500
2026-06-08T08:12:53.0000000Z;52.82;52.97;5500;5500
2026-06-08T08:12:57.0000000Z;52.82;52.97;5500;188
2026-06-08T08:12:58.0000000Z;52.82;52.98;472;188
2026-06-08T08:13:01.0000000Z;52.82;52.98;472;5972
2026-06-08T08:13:04.0000000Z;52.82;52.98;472;5972
2026-06-08T08:13:05.0000000Z;52.82;52.98;472;5500
2026-06-08T08:13:07.0000000Z;52.83;53;632;470
2026-06-08T08:13:08.0000000Z;52.83;53;5500;470
2026-06-08T08:13:09.0000000Z;52.84;53;5500;188
2026-06-08T08:13:11.0000000Z;52.86;53.01;379;188
2026-06-08T08:13:12.0000000Z;52.85;53.01;632;188
2026-06-08T08:13:13.0000000Z;52.85;53.01;5500;188
2026-06-08T08:13:14.0000000Z;52.86;53.01;5500;188
2026-06-08T08:13:15.0000000Z;52.86;53.01;5500;5500
2026-06-08T08:13:17.0000000Z;52.86;53.03;632;188
2026-06-08T08:13:19.0000000Z;52.86;53.02;632;5972
2026-06-08T08:13:21.0000000Z;52.86;53.03;632;470
2026-06-08T08:13:22.0000000Z;52.86;53.03;632;470
2026-06-08T08:13:24.0000000Z;52.86;53.03;379;723
2026-06-08T08:13:26.0000000Z;52.86;53.02;379;2790
2026-06-08T08:13:27.0000000Z;52.85;53.02;632;2790
2026-06-08T08:13:28.0000000Z;52.85;53.02;632;2790
2026-06-08T08:13:29.0000000Z;52.85;53.02;5974;2790
2026-06-08T08:13:31.0000000Z;52.84;53;379;470
2026-06-08T08:13:32.0000000Z;52.84;53;379;470
2026-06-08T08:13:33.0000000Z;52.85;53;474;470
2026-06-08T08:13:34.0000000Z;52.84;53;523;188
2026-06-08T08:13:35.0000000Z;52.84;53;5500;188
2026-06-08T08:13:36.0000000Z;52.84;53;5500;188
2026-06-08T08:13:38.0000000Z;52.86;53.02;379;470
2026-06-08T08:13:41.0000000Z;52.86;53.01;379;472
2026-06-08T08:13:46.0000000Z;52.86;53.02;379;188
2026-06-08T08:13:47.0000000Z;52.86;53.02;379;188
2026-06-08T08:13:48.0000000Z;52.86;53.02;379;188
2026-06-08T08:13:52.0000000Z;52.86;53.02;379;188
2026-06-08T08:13:53.0000000Z;52.86;53.02;379;188
2026-06-08T08:13:54.0000000Z;52.86;53.02;379;188
2026-06-08T08:13:56.0000000Z;52.86;53.02;379;470
2026-06-08T08:13:58.0000000Z;52.86;53.02;379;470
2026-06-08T08:13:59.0000000Z;52.86;53.02;379;188
2026-06-08T08:14:02.0000000Z;52.86;53.02;379;470
2026-06-08T08:14:04.0000000Z;52.86;53.02;379;188
2026-06-08T08:14:05.0000000Z;52.86;53.02;379;188
2026-06-08T08:14:06.0000000Z;52.86;53.03;632;188
2026-06-08T08:14:07.0000000Z;52.86;53.03;632;5972
2026-06-08T08:14:08.0000000Z;52.86;53.03;632;188
2026-06-08T08:14:10.0000000Z;52.86;53.03;632;526
2026-06-08T08:14:12.0000000Z;52.86;53.03;379;723
2026-06-08T08:14:13.0000000Z;52.86;53.03;379;723
2026-06-08T08:14:17.0000000Z;52.85;53.03;632;723
2026-06-08T08:14:18.0000000Z;52.84;52.99;379;5500
2026-06-08T08:14:19.0000000Z;52.85;52.99;474;5500
2026-06-08T08:14:23.0000000Z;52.83;52.99;632;5500
2026-06-08T08:14:24.0000000Z;52.84;52.99;5500;470
2026-06-08T08:14:25.0000000Z;52.83;52.99;5500;470
2026-06-08T08:14:32.0000000Z;52.83;52.99;5500;470
2026-06-08T08:14:34.0000000Z;52.83;52.99;5500;470
2026-06-08T08:14:35.0000000Z;52.83;52.99;5500;188
2026-06-08T08:14:36.0000000Z;52.83;52.99;5500;470
2026-06-08T08:14:37.0000000Z;52.83;52.99;5500;470
2026-06-08T08:14:38.0000000Z;52.83;52.99;5500;470
2026-06-08T08:14:39.0000000Z;52.83;52.99;253;470
2026-06-08T08:14:43.0000000Z;52.82;52.97;182;470
2026-06-08T08:14:44.0000000Z;52.82;52.97;182;5500
2026-06-08T08:14:45.0000000Z;52.82;52.97;5974;5500
2026-06-08T08:14:51.0000000Z;52.82;52.97;5500;188
2026-06-08T08:14:52.0000000Z;52.82;52.97;455;188
2026-06-08T08:14:53.0000000Z;52.82;52.97;455;188
2026-06-08T08:14:58.0000000Z;52.82;52.97;455;188
2026-06-08T08:15:06.0000000Z;52.82;52.97;455;188
2026-06-08T08:15:07.0000000Z;52.82;52.97;182;188
2026-06-08T08:15:08.0000000Z;52.82;52.97;455;188
2026-06-08T08:15:09.0000000Z;52.82;52.97;455;188
2026-06-08T08:15:10.0000000Z;52.83;52.99;5500;188
2026-06-08T08:15:12.0000000Z;52.83;52.98;5500;472
2026-06-08T08:15:14.0000000Z;52.84;52.98;379;472
2026-06-08T08:15:15.0000000Z;52.84;52.98;5500;472
2026-06-08T08:15:16.0000000Z;52.84;52.98;5500;472
2026-06-08T08:15:17.0000000Z;52.84;52.99;5500;5500
2026-06-08T08:15:18.0000000Z;52.84;52.99;632;5500
2026-06-08T08:15:19.0000000Z;52.84;53.01;632;470
2026-06-08T08:15:21.0000000Z;52.84;53.01;632;188
2026-06-08T08:15:22.0000000Z;52.84;53.01;632;188
2026-06-08T08:15:23.0000000Z;52.84;53.01;632;188
2026-06-08T08:15:26.0000000Z;52.84;53.01;632;188
2026-06-08T08:15:27.0000000Z;52.84;53.01;632;188
2026-06-08T08:15:28.0000000Z;52.84;53.01;632;5500
2026-06-08T08:15:29.0000000Z;52.87;53.03;5500;188
2026-06-08T08:15:30.0000000Z;52.87;53.03;5500;188
2026-06-08T08:15:31.0000000Z;52.87;53.03;5500;470
2026-06-08T08:15:32.0000000Z;52.87;53.02;5500;472
2026-06-08T08:15:35.0000000Z;52.86;53.02;632;3262
2026-06-08T08:15:36.0000000Z;52.85;53.01;379;188
2026-06-08T08:15:37.0000000Z;52.85;53.01;379;188
2026-06-08T08:15:38.0000000Z;52.86;53.01;5500;470
2026-06-08T08:15:39.0000000Z;52.86;53.01;5500;470
2026-06-08T08:15:40.0000000Z;52.85;53.01;5500;470
2026-06-08T08:15:42.0000000Z;52.86;53.01;5500;470
2026-06-08T08:15:44.0000000Z;52.86;53.01;5500;470
2026-06-08T08:15:45.0000000Z;52.86;53.01;5500;470
2026-06-08T08:15:46.0000000Z;52.86;53.01;5500;470
2026-06-08T08:15:47.0000000Z;52.86;53.01;5500;188
2026-06-08T08:15:48.0000000Z;52.86;53.01;5500;470
2026-06-08T08:15:50.0000000Z;52.86;53.01;5500;470
2026-06-08T08:15:52.0000000Z;52.86;53.01;5500;188
2026-06-08T08:15:53.0000000Z;52.86;53.01;5500;188
2026-06-08T08:15:54.0000000Z;52.86;53.01;5500;188
2026-06-08T08:15:55.0000000Z;52.86;53.01;5500;188
2026-06-08T08:15:57.0000000Z;52.86;53.01;5500;188
2026-06-08T08:16:00.0000000Z;52.86;53.01;5500;188
2026-06-08T08:16:01.0000000Z;52.86;53.01;5500;188
2026-06-08T08:16:12.0000000Z;52.86;53.01;5500;470
2026-06-08T08:16:18.0000000Z;52.86;53.01;5500;470
2026-06-08T08:16:19.0000000Z;52.84;53;632;2790
2026-06-08T08:16:20.0000000Z;52.84;53.01;632;5500
2026-06-08T08:16:22.0000000Z;52.84;53.01;5974;5500
2026-06-08T08:16:23.0000000Z;52.84;53.01;5974;5500
2026-06-08T08:16:25.0000000Z;52.84;53.01;5500;5500
2026-06-08T08:16:26.0000000Z;52.84;53.01;5500;188
2026-06-08T08:16:31.0000000Z;52.84;53.01;5500;470
2026-06-08T08:16:34.0000000Z;52.84;53.01;5500;188
2026-06-08T08:16:35.0000000Z;52.84;53.01;5500;188
2026-06-08T08:16:36.0000000Z;52.84;53.01;5500;188
2026-06-08T08:16:39.0000000Z;52.84;53.01;379;441
2026-06-08T08:16:40.0000000Z;52.84;53.01;379;1102
2026-06-08T08:16:41.0000000Z;52.84;53;379;2790
2026-06-08T08:16:42.0000000Z;52.83;53;632;2790
2026-06-08T08:16:44.0000000Z;52.83;53;632;2790
2026-06-08T08:16:46.0000000Z;52.83;53;5974;2790
2026-06-08T08:16:50.0000000Z;52.83;53.01;5974;1102
2026-06-08T08:16:53.0000000Z;52.83;53.01;5500;1102
2026-06-08T08:16:55.0000000Z;52.83;53;5500;2790
2026-06-08T08:17:05.0000000Z;52.83;53;5500;2790
2026-06-08T08:17:06.0000000Z;52.83;53;5500;2790
2026-06-08T08:17:07.0000000Z;52.83;53;5500;2790
2026-06-08T08:17:09.0000000Z;52.83;53;5500;2790
2026-06-08T08:17:10.0000000Z;52.83;53.01;5500;5500
2026-06-08T08:17:13.0000000Z;52.83;53.01;5500;5500
2026-06-08T08:17:24.0000000Z;52.83;53;5500;2790
2026-06-08T08:17:25.0000000Z;52.83;53;5500;2790
2026-06-08T08:17:26.0000000Z;52.83;53.01;5500;5500
2026-06-08T08:17:34.0000000Z;52.83;53;5500;2790
2026-06-08T08:17:36.0000000Z;52.83;53;5500;2790
2026-06-08T08:17:38.0000000Z;52.83;53;5500;2790
2026-06-08T08:17:48.0000000Z;52.83;53;5500;2790
2026-06-08T08:17:50.0000000Z;52.83;53;5500;2790
2026-06-08T08:17:52.0000000Z;52.83;53;5500;2790
2026-06-08T08:17:54.0000000Z;52.83;53;5500;2790
2026-06-08T08:17:55.0000000Z;52.83;53;5500;2790
2026-06-08T08:17:56.0000000Z;52.83;53.01;5500;5500
2026-06-08T08:18:01.0000000Z;52.83;53.01;5500;441
2026-06-08T08:18:02.0000000Z;52.83;53.01;5500;188
2026-06-08T08:18:03.0000000Z;52.85;53.02;5500;470
2026-06-08T08:18:05.0000000Z;52.85;53.01;5500;8290
2026-06-08T08:18:06.0000000Z;52.84;53;379;5500
2026-06-08T08:18:07.0000000Z;52.84;53;379;188
2026-06-08T08:18:08.0000000Z;52.84;53;5500;188
2026-06-08T08:18:10.0000000Z;52.84;53;5500;188
2026-06-08T08:18:11.0000000Z;52.86;53.02;379;470
2026-06-08T08:18:12.0000000Z;52.86;53.02;5500;470
2026-06-08T08:18:14.0000000Z;52.86;53.02;379;5500
2026-06-08T08:18:15.0000000Z;52.86;53.02;379;470
2026-06-08T08:18:22.0000000Z;52.86;53.02;379;470
2026-06-08T08:18:24.0000000Z;52.86;53.02;379;188
2026-06-08T08:18:26.0000000Z;52.86;53.02;379;470
2026-06-08T08:18:28.0000000Z;52.86;53.02;379;188
2026-06-08T08:18:31.0000000Z;52.86;53.02;379;470
2026-06-08T08:18:33.0000000Z;52.85;53.02;632;470
2026-06-08T08:18:34.0000000Z;52.85;53.01;632;2790
2026-06-08T08:18:36.0000000Z;52.85;53.01;5974;2790
2026-06-08T08:18:39.0000000Z;52.85;53.01;5500;2790
2026-06-08T08:18:42.0000000Z;52.85;53.01;5500;2790
2026-06-08T08:18:43.0000000Z;52.85;53.01;5500;2790
2026-06-08T08:18:44.0000000Z;52.85;53.02;5500;5500
2026-06-08T08:18:45.0000000Z;52.85;53.02;5500;188
2026-06-08T08:18:48.0000000Z;52.85;53.02;5500;470
2026-06-08T08:18:49.0000000Z;52.85;53.02;5500;188
2026-06-08T08:18:51.0000000Z;52.85;53.02;5500;188
2026-06-08T08:18:54.0000000Z;52.88;53.04;379;470
2026-06-08T08:18:55.0000000Z;52.88;53.04;379;470
2026-06-08T08:18:56.0000000Z;52.88;53.04;379;470
2026-06-08T08:18:57.0000000Z;52.88;53.04;379;470
2026-06-08T08:18:58.0000000Z;52.88;53.04;379;470
2026-06-08T08:19:01.0000000Z;52.88;53.04;379;188
2026-06-08T08:19:02.0000000Z;52.88;53.03;379;3262
2026-06-08T08:19:03.0000000Z;52.88;53.04;379;651
2026-06-08T08:19:04.0000000Z;52.88;53.04;379;470
2026-06-08T08:19:06.0000000Z;52.87;53.04;632;470
2026-06-08T08:19:07.0000000Z;52.87;53.04;632;470
2026-06-08T08:19:08.0000000Z;52.87;53.04;5973;470
2026-06-08T08:19:09.0000000Z;52.87;53.04;632;470
2026-06-08T08:19:10.0000000Z;52.86;53.02;379;5500
2026-06-08T08:19:12.0000000Z;52.87;53.02;473;5500
2026-06-08T08:19:15.0000000Z;52.87;53.02;473;5500
2026-06-08T08:19:16.0000000Z;52.86;53.02;5500;5500
2026-06-08T08:19:21.0000000Z;52.86;53.02;5500;5500
2026-06-08T08:19:44.0000000Z;52.88;53.04;379;188
2026-06-08T08:19:46.0000000Z;52.88;53.03;379;472
2026-06-08T08:19:47.0000000Z;52.88;53.04;379;470
2026-06-08T08:19:48.0000000Z;52.87;53.03;632;3262
2026-06-08T08:19:50.0000000Z;52.87;53.03;5500;3262
2026-06-08T08:19:52.0000000Z;52.87;53.03;5500;2790
2026-06-08T08:20:02.0000000Z;52.86;53.02;379;188
2026-06-08T08:20:03.0000000Z;52.86;53.02;5973;188
2026-06-08T08:20:04.0000000Z;52.86;53.02;379;188
2026-06-08T08:20:06.0000000Z;52.86;53.02;379;188
2026-06-08T08:20:08.0000000Z;52.86;53.03;632;188
2026-06-08T08:20:09.0000000Z;52.86;53.03;5500;188
2026-06-08T08:20:11.0000000Z;52.86;53.03;5500;5500
2026-06-08T08:20:14.0000000Z;52.86;53.03;5500;526
2026-06-08T08:20:17.0000000Z;52.86;53.03;379;723
2026-06-08T08:20:19.0000000Z;52.86;53.03;379;723
2026-06-08T08:20:21.0000000Z;52.85;53.03;632;723
2026-06-08T08:20:23.0000000Z;52.85;53.03;5974;723
2026-06-08T08:20:27.0000000Z;52.84;53;379;253
2026-06-08T08:20:28.0000000Z;52.84;53;379;632
2026-06-08T08:20:29.0000000Z;52.83;52.99;253;188
2026-06-08T08:20:30.0000000Z;52.84;52.99;157;5500
2026-06-08T08:20:31.0000000Z;52.84;52.99;536;5500
2026-06-08T08:20:32.0000000Z;52.84;52.99;157;5500
2026-06-08T08:20:33.0000000Z;52.84;52.99;157;5500
2026-06-08T08:20:34.0000000Z;52.84;52.99;157;5500
2026-06-08T08:20:35.0000000Z;52.84;52.99;536;5500
2026-06-08T08:20:36.0000000Z;52.83;52.99;632;5500
2026-06-08T08:20:37.0000000Z;52.83;52.99;5500;5500
2026-06-08T08:20:43.0000000Z;52.83;52.99;5500;5500
2026-06-08T08:20:47.0000000Z;52.83;52.99;5500;5500
2026-06-08T08:20:55.0000000Z;52.83;52.99;5500;470
2026-06-08T08:20:56.0000000Z;52.83;52.99;5500;188
2026-06-08T08:20:58.0000000Z;52.83;52.99;5500;470
2026-06-08T08:20:59.0000000Z;52.83;52.99;632;470
2026-06-08T08:20:59.0000000Z;52.83;52.99;632;470
2026-06-08T08:21:07.0000000Z;52.83;52.99;632;470
2026-06-08T08:21:08.0000000Z;52.84;52.96;253;253
2026-06-08T08:21:10.0000000Z;52.87;52.94;253;5500
2026-06-08T08:21:13.0000000Z;52.87;52.94;253;5500
2026-06-08T08:21:16.0000000Z;52.87;52.94;253;253
2026-06-08T08:21:17.0000000Z;52.87;52.95;5500;253
2026-06-08T08:21:19.0000000Z;52.86;52.94;253;253
2026-06-08T08:21:21.0000000Z;52.86;52.93;5500;253
2026-06-08T08:21:22.0000000Z;52.86;52.93;5500;5500
2026-06-08T08:21:23.0000000Z;52.85;52.92;253;253
2026-06-08T08:21:24.0000000Z;52.84;52.92;253;253
2026-06-08T08:21:25.0000000Z;52.84;52.92;253;5500
2026-06-08T08:21:26.0000000Z;52.85;52.92;253;5500
2026-06-08T08:21:27.0000000Z;52.85;52.92;5974;5500
2026-06-08T08:21:28.0000000Z;52.85;52.91;474;253
2026-06-08T08:21:29.0000000Z;52.85;52.91;5974;253
2026-06-08T08:21:30.0000000Z;52.85;52.91;5974;5500
2026-06-08T08:21:31.0000000Z;52.85;52.91;474;5500
2026-06-08T08:21:32.0000000Z;52.84;52.92;5500;253
2026-06-08T08:21:33.0000000Z;52.84;52.92;5500;253
2026-06-08T08:21:35.0000000Z;52.84;52.92;5500;5973
2026-06-08T08:21:36.0000000Z;52.85;52.92;253;5973
2026-06-08T08:21:37.0000000Z;52.84;52.92;5500;5973
2026-06-08T08:21:38.0000000Z;52.85;52.92;5500;5973
2026-06-08T08:21:39.0000000Z;52.85;52.92;5500;5973
2026-06-08T08:21:42.0000000Z;52.85;52.92;5500;5500
2026-06-08T08:21:50.0000000Z;52.86;52.93;253;253
2026-06-08T08:21:51.0000000Z;52.86;52.92;5500;5500
2026-06-08T08:21:52.0000000Z;52.86;52.93;253;253
2026-06-08T08:21:53.0000000Z;52.86;52.94;253;253
2026-06-08T08:21:54.0000000Z;52.86;52.93;253;253
2026-06-08T08:21:58.0000000Z;52.85;52.92;253;5500
2026-06-08T08:21:59.0000000Z;52.85;52.92;253;5500
2026-06-08T08:21:59.0000000Z;52.85;52.92;253;5500
2026-06-08T08:22:01.0000000Z;52.85;52.92;253;5500
2026-06-08T08:22:03.0000000Z;52.84;52.92;253;5500
2026-06-08T08:22:04.0000000Z;52.84;52.92;253;5500
2026-06-08T08:22:05.0000000Z;52.85;52.92;474;5500
2026-06-08T08:22:06.0000000Z;52.85;52.92;474;5500
2026-06-08T08:22:07.0000000Z;52.84;52.92;5500;5500
2026-06-08T08:22:08.0000000Z;52.84;52.92;5500;5500
2026-06-08T08:22:09.0000000Z;52.84;52.91;5500;253
2026-06-08T08:22:10.0000000Z;52.84;52.91;5500;5500
2026-06-08T08:22:15.0000000Z;52.84;52.92;5500;253
2026-06-08T08:22:16.0000000Z;52.84;52.91;5500;253
2026-06-08T08:22:18.0000000Z;52.84;52.91;5500;253
2026-06-08T08:22:19.0000000Z;52.84;52.91;5500;253
2026-06-08T08:22:20.0000000Z;52.83;52.9;253;5500
2026-06-08T08:22:21.0000000Z;52.83;52.9;5974;5500
2026-06-08T08:22:23.0000000Z;52.83;52.9;5974;5500
2026-06-08T08:22:24.0000000Z;52.84;52.91;253;253
2026-06-08T08:22:25.0000000Z;52.83;52.9;253;253
2026-06-08T08:22:26.0000000Z;52.84;52.91;253;5500
2026-06-08T08:22:29.0000000Z;52.84;52.91;253;5500
2026-06-08T08:22:30.0000000Z;52.84;52.92;253;253
2026-06-08T08:22:31.0000000Z;52.84;52.92;253;5973
2026-06-08T08:22:33.0000000Z;52.84;52.92;253;5973
2026-06-08T08:22:35.0000000Z;52.86;52.93;253;253
2026-06-08T08:22:36.0000000Z;52.86;52.93;5500;253
2026-06-08T08:22:37.0000000Z;52.86;52.93;5500;5500
2026-06-08T08:22:38.0000000Z;52.86;52.93;5500;5500
2026-06-08T08:22:46.0000000Z;52.85;52.92;253;253
2026-06-08T08:22:47.0000000Z;52.85;52.92;5974;253
2026-06-08T08:22:48.0000000Z;52.84;52.92;253;253
2026-06-08T08:22:49.0000000Z;52.85;52.91;474;253
2026-06-08T08:22:50.0000000Z;52.85;52.91;474;5500
2026-06-08T08:22:51.0000000Z;52.84;52.92;253;253
2026-06-08T08:22:53.0000000Z;52.84;52.92;5500;5500
2026-06-08T08:22:54.0000000Z;52.84;52.91;5500;253
2026-06-08T08:22:55.0000000Z;52.84;52.91;5500;5500
2026-06-08T08:22:58.0000000Z;52.84;52.91;5500;5500
2026-06-08T08:22:59.0000000Z;52.7;52.91;189;5500
2026-06-08T08:23:00.0000000Z;52.82;52.89;253;253
2026-06-08T08:23:01.0000000Z;52.83;52.89;474;253
2026-06-08T08:23:02.0000000Z;52.83;52.89;474;5500
2026-06-08T08:23:03.0000000Z;52.82;52.88;182;253
2026-06-08T08:23:04.0000000Z;52.8;52.87;253;253
2026-06-08T08:23:05.0000000Z;52.8;52.88;253;253
2026-06-08T08:23:06.0000000Z;52.8;52.88;253;253
2026-06-08T08:23:07.0000000Z;52.81;52.88;128;253
2026-06-08T08:23:08.0000000Z;52.81;52.88;381;253
2026-06-08T08:23:10.0000000Z;52.81;52.88;128;253
2026-06-08T08:23:11.0000000Z;52.8;52.88;253;253
2026-06-08T08:23:12.0000000Z;52.81;52.88;128;253
2026-06-08T08:23:14.0000000Z;52.81;52.88;128;253
2026-06-08T08:23:15.0000000Z;52.81;52.88;381;253
2026-06-08T08:23:16.0000000Z;52.81;52.88;381;253
2026-06-08T08:23:17.0000000Z;52.82;52.89;253;253
2026-06-08T08:23:18.0000000Z;52.82;52.89;5500;253
2026-06-08T08:23:20.0000000Z;52.82;52.89;5500;5973
2026-06-08T08:23:21.0000000Z;52.81;52.88;253;253
2026-06-08T08:23:22.0000000Z;52.81;52.88;5500;253
2026-06-08T08:23:23.0000000Z;52.82;52.89;253;253
2026-06-08T08:23:24.0000000Z;52.81;52.88;253;253
2026-06-08T08:23:25.0000000Z;52.81;52.89;5500;253
2026-06-08T08:23:26.0000000Z;52.81;52.88;128;253
2026-06-08T08:23:27.0000000Z;52.8;52.88;253;253
2026-06-08T08:23:28.0000000Z;52.81;52.88;381;253
2026-06-08T08:23:35.0000000Z;52.81;52.88;381;253
2026-06-08T08:23:37.0000000Z;52.81;52.88;381;253
2026-06-08T08:23:42.0000000Z;52.81;52.88;253;253
2026-06-08T08:23:44.0000000Z;52.81;52.88;253;253
2026-06-08T08:23:45.0000000Z;52.82;52.89;5500;253
2026-06-08T08:23:46.0000000Z;52.82;52.9;5500;253
2026-06-08T08:23:47.0000000Z;52.82;52.9;5500;253
2026-06-08T08:23:48.0000000Z;52.82;52.89;253;473
2026-06-08T08:23:49.0000000Z;52.82;52.89;5500;473
2026-06-08T08:23:50.0000000Z;52.83;52.89;253;473
2026-06-08T08:23:53.0000000Z;52.83;52.9;253;5500
2026-06-08T08:23:58.0000000Z;52.82;52.9;253;5500
2026-06-08T08:24:00.0000000Z;52.83;52.9;253;5500
2026-06-08T08:24:01.0000000Z;52.83;52.9;5500;5500
2026-06-08T08:24:02.0000000Z;52.83;52.9;5500;5500
2026-06-08T08:24:03.0000000Z;52.84;52.91;253;253
2026-06-08T08:24:04.0000000Z;52.84;52.91;5500;253
2026-06-08T08:24:05.0000000Z;52.84;52.91;5500;253
2026-06-08T08:24:06.0000000Z;52.84;52.91;5500;5500
2026-06-08T08:24:07.0000000Z;52.83;52.9;253;253
2026-06-08T08:24:08.0000000Z;52.83;52.9;253;5500
2026-06-08T08:24:10.0000000Z;52.84;52.91;253;253
2026-06-08T08:24:12.0000000Z;52.84;52.91;253;253
2026-06-08T08:24:13.0000000Z;52.84;52.92;253;253
2026-06-08T08:24:15.0000000Z;52.84;52.92;253;253
2026-06-08T08:24:16.0000000Z;52.84;52.92;253;5500
2026-06-08T08:24:18.0000000Z;52.84;52.92;253;5500
2026-06-08T08:24:19.0000000Z;52.84;52.92;253;5500
2026-06-08T08:24:20.0000000Z;52.84;52.92;253;5500
2026-06-08T08:24:21.0000000Z;52.84;52.92;253;5500
2026-06-08T08:24:22.0000000Z;52.84;52.92;253;5500
2026-06-08T08:24:24.0000000Z;52.85;52.92;253;5500
2026-06-08T08:24:25.0000000Z;52.84;52.92;5500;5500
2026-06-08T08:24:26.0000000Z;52.85;52.92;5500;5500
2026-06-08T08:24:27.0000000Z;52.85;52.92;253;5500
2026-06-08T08:24:29.0000000Z;52.85;52.92;253;5500
2026-06-08T08:24:31.0000000Z;52.85;52.92;253;5500
2026-06-08T08:24:32.0000000Z;52.85;52.92;253;5500
2026-06-08T08:24:33.0000000Z;52.84;52.92;253;5500
2026-06-08T08:24:34.0000000Z;52.84;52.91;253;253
2026-06-08T08:24:35.0000000Z;52.83;52.91;253;5500
2026-06-08T08:24:36.0000000Z;52.84;52.91;5974;253
2026-06-08T08:24:40.0000000Z;52.84;52.91;5500;253
2026-06-08T08:24:41.0000000Z;52.84;52.91;5500;253
2026-06-08T08:24:42.0000000Z;52.83;52.91;253;253
2026-06-08T08:24:43.0000000Z;52.83;52.91;253;253
2026-06-08T08:24:44.0000000Z;52.83;52.91;5974;253
2026-06-08T08:24:45.0000000Z;52.83;52.91;5974;253
2026-06-08T08:24:46.0000000Z;52.83;52.91;5974;253
2026-06-08T08:24:47.0000000Z;52.83;52.91;5974;253
2026-06-08T08:24:48.0000000Z;52.83;52.91;5974;253
2026-06-08T08:24:50.0000000Z;52.83;52.91;5500;253
2026-06-08T08:24:51.0000000Z;52.83;52.9;5500;5500
2026-06-08T08:24:59.0000000Z;52.83;52.9;5500;5500
2026-06-08T08:25:07.0000000Z;52.84;52.91;5500;253
2026-06-08T08:25:08.0000000Z;52.84;52.91;5500;5973
2026-06-08T08:25:13.0000000Z;52.84;52.91;253;253
2026-06-08T08:25:14.0000000Z;52.84;52.9;253;5500
2026-06-08T08:25:16.0000000Z;52.84;52.91;253;5500
2026-06-08T08:25:17.0000000Z;52.84;52.92;253;253
2026-06-08T08:25:18.0000000Z;52.84;52.91;253;253
2026-06-08T08:25:19.0000000Z;52.84;52.91;253;253
2026-06-08T08:25:20.0000000Z;52.84;52.91;253;253
2026-06-08T08:25:21.0000000Z;52.84;52.92;253;253
2026-06-08T08:25:22.0000000Z;52.84;52.92;253;5973
2026-06-08T08:25:23.0000000Z;52.84;52.92;253;5973
2026-06-08T08:25:24.0000000Z;52.84;52.91;253;5500
2026-06-08T08:25:25.0000000Z;52.84;52.91;253;5500
2026-06-08T08:25:26.0000000Z;52.84;52.91;253;5500
2026-06-08T08:25:27.0000000Z;52.84;52.91;253;5500
2026-06-08T08:25:28.0000000Z;52.84;52.91;253;5500
2026-06-08T08:25:30.0000000Z;52.84;52.91;253;5500
2026-06-08T08:25:31.0000000Z;52.83;52.9;253;5500
2026-06-08T08:25:32.0000000Z;52.84;52.91;253;253
2026-06-08T08:25:33.0000000Z;52.84;52.9;5500;5500
2026-06-08T08:25:34.0000000Z;52.84;52.91;5500;5500
2026-06-08T08:25:35.0000000Z;52.84;52.91;5500;5500
2026-06-08T08:25:36.0000000Z;52.83;52.9;253;253
2026-06-08T08:25:37.0000000Z;52.83;52.9;253;253
2026-06-08T08:25:38.0000000Z;52.83;52.9;5500;253
2026-06-08T08:25:39.0000000Z;52.84;52.91;253;253
2026-06-08T08:25:40.0000000Z;52.84;52.91;5500;253
2026-06-08T08:25:41.0000000Z;52.84;52.91;5500;253
2026-06-08T08:25:42.0000000Z;52.83;52.9;253;253
2026-06-08T08:25:43.0000000Z;52.83;52.9;253;5500
2026-06-08T08:25:44.0000000Z;52.83;52.9;5500;5500
2026-06-08T08:25:50.0000000Z;52.83;52.9;5500;253
2026-06-08T08:25:52.0000000Z;52.84;52.92;253;253
2026-06-08T08:25:53.0000000Z;52.84;52.92;5500;253
2026-06-08T08:25:54.0000000Z;52.84;52.91;5500;473
2026-06-08T08:25:55.0000000Z;52.84;52.91;253;473
2026-06-08T08:25:56.0000000Z;52.84;52.92;5500;5500
2026-06-08T08:25:58.0000000Z;52.84;52.92;5500;5500
2026-06-08T08:25:59.0000000Z;52.84;52.92;5500;5500
2026-06-08T08:26:00.0000000Z;52.84;52.91;5500;5500
2026-06-08T08:26:01.0000000Z;52.84;52.91;5500;5500
2026-06-08T08:26:02.0000000Z;52.84;52.91;5500;253
2026-06-08T08:26:07.0000000Z;52.84;52.92;5500;253
2026-06-08T08:26:08.0000000Z;52.84;52.92;5500;253
2026-06-08T08:26:09.0000000Z;52.84;52.92;253;253
2026-06-08T08:26:10.0000000Z;52.84;52.92;253;5500
2026-06-08T08:26:11.0000000Z;52.84;52.91;253;253
2026-06-08T08:26:12.0000000Z;52.84;52.91;253;5500
2026-06-08T08:26:13.0000000Z;52.84;52.91;253;5500
2026-06-08T08:26:14.0000000Z;52.84;52.91;253;5500
2026-06-08T08:26:15.0000000Z;52.84;52.91;253;5500
2026-06-08T08:26:16.0000000Z;52.84;52.92;253;5500
2026-06-08T08:26:17.0000000Z;52.84;52.91;253;253
2026-06-08T08:26:18.0000000Z;52.84;52.91;253;5500
2026-06-08T08:26:19.0000000Z;52.84;52.91;253;5500
2026-06-08T08:26:21.0000000Z;52.84;52.91;253;5500
2026-06-08T08:26:22.0000000Z;52.83;52.9;253;5500
2026-06-08T08:26:23.0000000Z;52.84;52.91;253;253
2026-06-08T08:26:24.0000000Z;52.83;52.91;5974;253
2026-06-08T08:26:25.0000000Z;52.84;52.91;5500;253
2026-06-08T08:26:26.0000000Z;52.84;52.91;5500;5500
2026-06-08T08:26:29.0000000Z;52.84;52.91;5500;253
2026-06-08T08:26:37.0000000Z;52.84;52.91;5500;253
2026-06-08T08:26:38.0000000Z;52.85;52.92;253;253
2026-06-08T08:26:39.0000000Z;52.84;52.91;253;253
2026-06-08T08:26:40.0000000Z;52.85;52.91;5500;5500
2026-06-08T08:26:42.0000000Z;52.84;52.91;5500;5500
2026-06-08T08:26:49.0000000Z;52.84;52.91;5500;5500
2026-06-08T08:26:50.0000000Z;52.85;52.92;253;253
2026-06-08T08:26:51.0000000Z;52.84;52.92;253;253
2026-06-08T08:26:52.0000000Z;52.85;52.92;5500;5973
2026-06-08T08:26:54.0000000Z;52.84;52.92;5500;5973
2026-06-08T08:26:56.0000000Z;52.84;52.91;5500;253
2026-06-08T08:26:57.0000000Z;52.84;52.92;5500;253
2026-06-08T08:26:58.0000000Z;52.84;52.91;5500;5500
2026-06-08T08:27:00.0000000Z;52.85;52.92;253;5500
2026-06-08T08:27:01.0000000Z;52.85;52.92;5500;5500
2026-06-08T08:27:04.0000000Z;52.85;52.92;5500;5500
2026-06-08T08:27:08.0000000Z;52.86;52.93;253;253
2026-06-08T08:27:10.0000000Z;52.86;52.93;253;5973
2026-06-08T08:27:11.0000000Z;52.85;52.92;253;253
2026-06-08T08:27:12.0000000Z;52.85;52.92;5500;253
2026-06-08T08:27:13.0000000Z;52.84;52.92;253;253
2026-06-08T08:27:14.0000000Z;52.84;52.92;5974;253
2026-06-08T08:27:16.0000000Z;52.84;52.92;5500;253
2026-06-08T08:27:20.0000000Z;52.84;52.91;5500;253
2026-06-08T08:27:21.0000000Z;52.83;52.9;253;5500
2026-06-08T08:27:22.0000000Z;52.83;52.9;5974;5500
2026-06-08T08:27:23.0000000Z;52.82;52.9;253;5500
2026-06-08T08:27:24.0000000Z;52.83;52.9;253;5500
2026-06-08T08:27:26.0000000Z;52.83;52.9;253;5500
2026-06-08T08:27:28.0000000Z;52.82;52.9;253;5500
2026-06-08T08:27:29.0000000Z;52.83;52.9;5500;5500
2026-06-08T08:27:30.0000000Z;52.82;52.9;5500;5500
2026-06-08T08:27:32.0000000Z;52.82;52.9;5500;5500
2026-06-08T08:27:33.0000000Z;52.82;52.9;5500;253
2026-06-08T08:27:34.0000000Z;52.82;52.89;5500;5500
2026-06-08T08:27:36.0000000Z;52.82;52.9;5500;5500
2026-06-08T08:27:37.0000000Z;52.82;52.9;5500;5500
2026-06-08T08:27:40.0000000Z;52.82;52.9;5500;5500
2026-06-08T08:27:41.0000000Z;52.83;52.9;253;5500
2026-06-08T08:27:42.0000000Z;52.83;52.9;253;5500
2026-06-08T08:27:44.0000000Z;52.84;52.91;253;253
2026-06-08T08:27:45.0000000Z;52.84;52.9;5500;5500
2026-06-08T08:27:46.0000000Z;52.84;52.91;253;5973
2026-06-08T08:27:47.0000000Z;52.84;52.91;253;5973
2026-06-08T08:27:48.0000000Z;52.84;52.91;253;5973
2026-06-08T08:27:49.0000000Z;52.84;52.91;253;5973
2026-06-08T08:27:50.0000000Z;52.83;52.9;253;5500
2026-06-08T08:27:52.0000000Z;52.83;52.9;5974;5500
2026-06-08T08:27:53.0000000Z;52.83;52.9;5974;5500
2026-06-08T08:27:54.0000000Z;52.84;52.91;5500;253
2026-06-08T08:27:55.0000000Z;52.84;52.91;5500;253
2026-06-08T08:27:56.0000000Z;52.84;52.91;5500;5500
2026-06-08T08:27:57.0000000Z;52.84;52.91;5500;5500
2026-06-08T08:27:58.0000000Z;52.83;52.9;253;5500
2026-06-08T08:28:02.0000000Z;52.84;52.91;253;253
2026-06-08T08:28:04.0000000Z;52.84;52.91;253;5500
2026-06-08T08:28:06.0000000Z;52.83;52.9;253;253
2026-06-08T08:28:07.0000000Z;52.83;52.9;253;5500
2026-06-08T08:28:08.0000000Z;52.83;52.9;5974;5500
2026-06-08T08:28:11.0000000Z;52.83;52.9;5974;5500
2026-06-08T08:28:12.0000000Z;52.83;52.9;5974;5500
2026-06-08T08:28:13.0000000Z;52.83;52.9;5500;5500
2026-06-08T08:28:14.0000000Z;52.84;52.91;5500;5973
2026-06-08T08:28:15.0000000Z;52.84;52.91;5500;5973
2026-06-08T08:28:17.0000000Z;52.83;52.9;253;253
2026-06-08T08:28:20.0000000Z;52.83;52.9;5500;253
2026-06-08T08:28:21.0000000Z;52.82;52.9;253;253
2026-06-08T08:28:22.0000000Z;52.82;52.9;5974;253
2026-06-08T08:28:23.0000000Z;52.82;52.9;5974;253
2026-06-08T08:28:25.0000000Z;52.82;52.9;5974;253
2026-06-08T08:28:26.0000000Z;52.83;52.9;5500;253
2026-06-08T08:28:28.0000000Z;52.83;52.9;5500;253
2026-06-08T08:28:29.0000000Z;52.83;52.9;5500;253
2026-06-08T08:28:30.0000000Z;52.84;52.91;253;253
2026-06-08T08:28:31.0000000Z;52.84;52.91;253;5973
2026-06-08T08:28:32.0000000Z;52.82;52.9;253;5500
2026-06-08T08:28:33.0000000Z;52.83;52.9;253;5500
2026-06-08T08:28:34.0000000Z;52.83;52.9;253;5500
2026-06-08T08:28:35.0000000Z;52.83;52.9;253;5500
2026-06-08T08:28:37.0000000Z;52.84;52.92;253;253
2026-06-08T08:28:38.0000000Z;52.84;52.92;5500;253
2026-06-08T08:28:39.0000000Z;52.84;52.91;5500;473
2026-06-08T08:28:41.0000000Z;52.84;52.91;5500;5973
2026-06-08T08:28:42.0000000Z;52.83;52.9;253;253
2026-06-08T08:28:43.0000000Z;52.83;52.9;253;5500
2026-06-08T08:28:45.0000000Z;52.83;52.9;5500;5500
2026-06-08T08:28:47.0000000Z;52.83;52.9;5500;5500
2026-06-08T08:28:48.0000000Z;52.83;52.9;5500;5500
2026-06-08T08:28:50.0000000Z;52.83;52.9;5500;5500
2026-06-08T08:29:00.0000000Z;52.83;52.9;253;253
2026-06-08T08:29:01.0000000Z;52.84;52.91;253;253
2026-06-08T08:29:02.0000000Z;52.84;52.91;253;253
2026-06-08T08:29:03.0000000Z;52.84;52.92;5500;253
2026-06-08T08:29:04.0000000Z;52.84;52.91;5500;253
2026-06-08T08:29:06.0000000Z;52.84;52.91;253;253
2026-06-08T08:29:07.0000000Z;52.84;52.91;253;5500
2026-06-08T08:29:08.0000000Z;52.83;52.9;253;253
2026-06-08T08:29:10.0000000Z;52.83;52.9;253;253
2026-06-08T08:29:11.0000000Z;52.83;52.9;5974;253
2026-06-08T08:29:12.0000000Z;52.84;52.91;253;253
2026-06-08T08:29:13.0000000Z;52.84;52.91;5500;253
2026-06-08T08:29:15.0000000Z;52.84;52.91;5500;5500
2026-06-08T08:29:18.0000000Z;52.84;52.91;5500;5500
2026-06-08T08:29:20.0000000Z;52.84;52.91;5500;5500
2026-06-08T08:29:23.0000000Z;52.84;52.91;5500;5500
2026-06-08T08:29:27.0000000Z;52.84;52.92;5500;253
2026-06-08T08:29:28.0000000Z;52.84;52.91;5500;253
2026-06-08T08:29:29.0000000Z;52.84;52.91;5500;253
2026-06-08T08:29:30.0000000Z;52.84;52.92;5500;253
2026-06-08T08:29:31.0000000Z;52.84;52.91;5500;253
2026-06-08T08:29:32.0000000Z;52.84;52.91;5500;5500
2026-06-08T08:29:33.0000000Z;52.84;52.92;5500;253
2026-06-08T08:29:34.0000000Z;52.84;52.91;5500;253
2026-06-08T08:29:35.0000000Z;52.84;52.92;5500;5500
2026-06-08T08:29:36.0000000Z;52.84;52.92;5500;5500
2026-06-08T08:29:37.0000000Z;52.85;52.92;253;5500
2026-06-08T08:29:38.0000000Z;52.85;52.92;5500;5500
2026-06-08T08:29:39.0000000Z;52.85;52.92;5500;5500
2026-06-08T08:29:42.0000000Z;52.84;52.92;253;5500
2026-06-08T08:29:43.0000000Z;52.84;52.92;253;5500
2026-06-08T08:29:44.0000000Z;52.85;52.92;253;5500
2026-06-08T08:29:45.0000000Z;52.85;52.92;5500;5500
2026-06-08T08:29:49.0000000Z;52.84;52.92;253;5500
2026-06-08T08:29:51.0000000Z;52.84;52.92;5500;5500
2026-06-08T08:29:52.0000000Z;52.84;52.91;5500;253
2026-06-08T08:29:53.0000000Z;52.84;52.91;5500;5500
2026-06-08T08:29:56.0000000Z;52.84;52.92;5500;253
2026-06-08T08:29:59.0000000Z;52.84;52.92;5500;5500
2026-06-08T08:30:00.0000000Z;52.84;52.91;253;253
2026-06-08T08:30:02.0000000Z;52.84;52.92;253;253
2026-06-08T08:30:03.0000000Z;52.84;52.91;5500;253
2026-06-08T08:30:08.0000000Z;52.84;52.91;5500;253
2026-06-08T08:30:09.0000000Z;52.84;52.92;5500;253
2026-06-08T08:30:10.0000000Z;52.84;52.92;5500;253
2026-06-08T08:30:11.0000000Z;52.84;52.92;5500;5973
2026-06-08T08:30:12.0000000Z;52.84;52.92;5500;5973
2026-06-08T08:30:13.0000000Z;52.84;52.92;5500;5973
2026-06-08T08:30:14.0000000Z;52.84;52.91;5500;5500
2026-06-08T08:30:23.0000000Z;52.84;52.92;5500;253
2026-06-08T08:30:24.0000000Z;52.84;52.92;5500;253
2026-06-08T08:30:25.0000000Z;52.84;52.92;5500;5973
2026-06-08T08:30:28.0000000Z;52.84;52.92;5500;5973
2026-06-08T08:30:29.0000000Z;52.84;52.92;5500;5973
2026-06-08T08:30:30.0000000Z;52.84;52.92;5500;5500
2026-06-08T08:30:31.0000000Z;52.85;52.92;5500;5500
2026-06-08T08:30:34.0000000Z;52.85;52.92;5500;5500
2026-06-08T08:30:35.0000000Z;52.86;52.93;253;253
2026-06-08T08:30:36.0000000Z;52.86;52.93;253;253
2026-06-08T08:30:37.0000000Z;52.86;52.93;253;5500
2026-06-08T08:30:40.0000000Z;52.86;52.93;253;5500
2026-06-08T08:30:41.0000000Z;52.86;52.93;253;437
2026-06-08T08:30:42.0000000Z;52.86;52.93;253;184
2026-06-08T08:30:43.0000000Z;52.86;52.93;253;184
2026-06-08T08:30:44.0000000Z;52.86;52.93;253;437
2026-06-08T08:30:50.0000000Z;52.86;52.93;253;184
2026-06-08T08:31:05.0000000Z;52.86;52.93;253;184
2026-06-08T08:31:06.0000000Z;52.86;52.93;253;437
2026-06-08T08:31:12.0000000Z;52.85;52.92;253;253
2026-06-08T08:31:13.0000000Z;52.84;52.92;253;5500
2026-06-08T08:31:15.0000000Z;52.85;52.92;474;5500
2026-06-08T08:31:16.0000000Z;52.85;52.92;253;5500
2026-06-08T08:31:17.0000000Z;52.85;52.92;5974;5500
2026-06-08T08:31:20.0000000Z;52.85;52.92;5500;5500
2026-06-08T08:31:22.0000000Z;52.85;52.92;5500;5500
2026-06-08T08:31:23.0000000Z;52.85;52.92;253;253
2026-06-08T08:31:24.0000000Z;52.86;52.93;253;253
2026-06-08T08:31:25.0000000Z;52.86;52.93;5500;253
2026-06-08T08:31:26.0000000Z;52.86;52.93;5500;437
2026-06-08T08:31:27.0000000Z;52.86;52.93;5500;5973
2026-06-08T08:31:28.0000000Z;52.85;52.92;253;253
2026-06-08T08:31:29.0000000Z;52.85;52.92;253;5500
2026-06-08T08:31:31.0000000Z;52.85;52.92;5500;253
2026-06-08T08:31:33.0000000Z;52.86;52.93;253;253
2026-06-08T08:31:34.0000000Z;52.86;52.93;5500;253
2026-06-08T08:31:35.0000000Z;52.86;52.93;5500;5973
2026-06-08T08:31:38.0000000Z;52.85;52.92;253;5500
2026-06-08T08:31:39.0000000Z;52.85;52.92;5500;5500
2026-06-08T08:31:41.0000000Z;52.86;52.93;253;253
2026-06-08T08:31:42.0000000Z;52.86;52.93;5500;253
2026-06-08T08:31:43.0000000Z;52.86;52.93;5500;5973
2026-06-08T08:31:45.0000000Z;52.85;52.93;5500;5973
2026-06-08T08:31:48.0000000Z;52.85;52.93;5500;5500
2026-06-08T08:31:53.0000000Z;52.85;52.92;5500;5500
2026-06-08T08:32:00.0000000Z;52.85;52.92;5500;5500
2026-06-08T08:32:01.0000000Z;52.86;52.93;253;253
2026-06-08T08:32:02.0000000Z;52.86;52.93;5500;253
2026-06-08T08:32:03.0000000Z;52.86;52.93;5500;5973
2026-06-08T08:32:05.0000000Z;52.87;52.93;253;184
2026-06-08T08:32:06.0000000Z;52.87;52.93;5500;184
2026-06-08T08:32:07.0000000Z;52.87;52.93;5500;5500
2026-06-08T08:32:08.0000000Z;52.87;52.93;5500;5500
2026-06-08T08:32:09.0000000Z;52.87;52.95;5500;253
2026-06-08T08:32:10.0000000Z;52.87;52.95;5500;253
2026-06-08T08:32:11.0000000Z;52.87;52.95;5500;253
2026-06-08T08:32:12.0000000Z;52.88;52.94;253;473
2026-06-08T08:32:13.0000000Z;52.88;52.94;5500;473
2026-06-08T08:32:16.0000000Z;52.89;52.95;253;188
2026-06-08T08:32:17.0000000Z;52.89;52.95;5500;188
2026-06-08T08:32:19.0000000Z;52.89;52.95;5500;5500
2026-06-08T08:32:20.0000000Z;52.89;52.95;5500;5500
2026-06-08T08:32:22.0000000Z;52.88;52.95;253;188
2026-06-08T08:32:23.0000000Z;52.88;52.95;253;188
2026-06-08T08:32:24.0000000Z;52.89;52.96;5500;188
2026-06-08T08:32:26.0000000Z;52.89;52.96;5500;5973
2026-06-08T08:32:29.0000000Z;52.9;52.96;5500;5973
2026-06-08T08:32:32.0000000Z;52.9;52.96;5500;5500
2026-06-08T08:32:34.0000000Z;52.89;52.96;253;441
2026-06-08T08:32:35.0000000Z;52.88;52.96;253;441
2026-06-08T08:32:38.0000000Z;52.89;52.96;473;441
2026-06-08T08:32:39.0000000Z;52.89;52.96;473;441
2026-06-08T08:32:42.0000000Z;52.89;52.95;473;441
2026-06-08T08:32:43.0000000Z;52.88;52.95;5500;441
2026-06-08T08:32:47.0000000Z;52.87;52.94;253;253
2026-06-08T08:32:49.0000000Z;52.87;52.94;253;253
2026-06-08T08:32:50.0000000Z;52.87;52.94;5973;253
2026-06-08T08:32:54.0000000Z;52.88;52.95;253;253
2026-06-08T08:32:55.0000000Z;52.88;52.95;253;253
2026-06-08T08:32:56.0000000Z;52.88;52.95;253;5500
2026-06-08T08:32:58.0000000Z;52.88;52.95;253;5500
2026-06-08T08:33:00.0000000Z;52.88;52.95;253;188
2026-06-08T08:33:03.0000000Z;52.89;52.96;253;188
2026-06-08T08:33:04.0000000Z;52.89;52.96;253;5973
2026-06-08T08:33:05.0000000Z;52.88;52.96;253;441
2026-06-08T08:33:06.0000000Z;52.89;52.96;253;441
2026-06-08T08:33:07.0000000Z;52.88;52.96;5500;441
2026-06-08T08:33:10.0000000Z;52.88;52.96;5500;5500
2026-06-08T08:33:11.0000000Z;52.88;52.96;5500;5500
2026-06-08T08:33:12.0000000Z;52.88;52.96;5500;5500
2026-06-08T08:33:13.0000000Z;52.88;52.95;5500;5500
2026-06-08T08:33:14.0000000Z;52.88;52.95;5500;5500
2026-06-08T08:33:15.0000000Z;52.88;52.95;5500;188
2026-06-08T08:33:21.0000000Z;52.88;52.95;5500;188
2026-06-08T08:33:22.0000000Z;52.89;52.95;253;188
2026-06-08T08:33:23.0000000Z;52.89;52.95;253;188
2026-06-08T08:33:24.0000000Z;52.89;52.95;253;188
2026-06-08T08:33:28.0000000Z;52.88;52.95;253;188
2026-06-08T08:33:30.0000000Z;52.88;52.95;5500;188
2026-06-08T08:33:32.0000000Z;52.89;52.95;253;188
2026-06-08T08:33:33.0000000Z;52.9;52.95;253;188
2026-06-08T08:33:34.0000000Z;52.89;52.95;5500;188
2026-06-08T08:33:35.0000000Z;52.89;52.96;5500;188
2026-06-08T08:33:38.0000000Z;52.88;52.96;253;441
2026-06-08T08:33:39.0000000Z;52.88;52.96;253;5500
2026-06-08T08:33:40.0000000Z;52.88;52.96;5500;5500
2026-06-08T08:33:47.0000000Z;52.88;52.96;253;5500
2026-06-08T08:33:50.0000000Z;52.88;52.95;253;253
2026-06-08T08:33:51.0000000Z;52.88;52.95;253;5500
2026-06-08T08:33:53.0000000Z;52.88;52.95;253;253
2026-06-08T08:33:54.0000000Z;52.87;52.94;253;5500
2026-06-08T08:33:55.0000000Z;52.88;52.95;253;188
2026-06-08T08:33:56.0000000Z;52.88;52.94;253;5500
2026-06-08T08:33:58.0000000Z;52.88;52.95;253;5500
2026-06-08T08:33:59.0000000Z;52.88;52.95;253;253
2026-06-08T08:34:01.0000000Z;52.88;52.95;253;253
2026-06-08T08:34:03.0000000Z;52.87;52.94;253;5500
2026-06-08T08:34:04.0000000Z;52.87;52.95;253;253
2026-06-08T08:34:05.0000000Z;52.88;52.95;253;253
2026-06-08T08:34:06.0000000Z;52.88;52.95;253;5500
2026-06-08T08:34:07.0000000Z;52.88;52.95;253;5500
2026-06-08T08:34:10.0000000Z;52.87;52.94;253;5500
2026-06-08T08:34:11.0000000Z;52.87;52.94;253;5500
2026-06-08T08:34:12.0000000Z;52.88;52.94;253;5500
2026-06-08T08:34:13.0000000Z;52.88;52.95;253;188
2026-06-08T08:34:14.0000000Z;52.88;52.95;253;5973
2026-06-08T08:34:18.0000000Z;52.88;52.95;253;5500
2026-06-08T08:34:19.0000000Z;52.88;52.95;253;253
2026-06-08T08:34:20.0000000Z;52.88;52.96;253;253
2026-06-08T08:34:22.0000000Z;52.88;52.95;253;441
2026-06-08T08:34:29.0000000Z;52.88;52.95;253;441
2026-06-08T08:34:31.0000000Z;52.88;52.95;253;188
2026-06-08T08:34:32.0000000Z;52.89;52.95;253;188
2026-06-08T08:34:33.0000000Z;52.88;52.95;253;188
2026-06-08T08:34:34.0000000Z;52.88;52.95;5500;188
2026-06-08T08:34:38.0000000Z;52.88;52.95;5500;188
2026-06-08T08:34:39.0000000Z;52.88;52.95;5500;188
2026-06-08T08:34:40.0000000Z;52.89;52.95;5500;188
2026-06-08T08:34:43.0000000Z;52.89;52.95;5500;188
2026-06-08T08:34:44.0000000Z;52.88;52.95;253;188
2026-06-08T08:34:47.0000000Z;52.88;52.95;5500;188
2026-06-08T08:34:57.0000000Z;52.88;52.95;632;188
2026-06-08T08:34:58.0000000Z;52.89;52.96;253;253
2026-06-08T08:35:01.0000000Z;52.89;52.96;253;5973
2026-06-08T08:35:02.0000000Z;52.88;52.96;632;5973
2026-06-08T08:35:04.0000000Z;52.88;52.96;632;5500
2026-06-08T08:35:05.0000000Z;52.88;52.96;5500;5500
2026-06-08T08:35:06.0000000Z;52.88;52.96;632;5500
2026-06-08T08:35:07.0000000Z;52.88;52.96;253;5500
2026-06-08T08:35:08.0000000Z;52.88;52.96;253;5500
2026-06-08T08:35:10.0000000Z;52.87;52.94;253;5500
2026-06-08T08:35:13.0000000Z;52.87;52.94;5973;5500
2026-06-08T08:35:19.0000000Z;52.87;52.94;5500;5500
2026-06-08T08:35:20.0000000Z;52.88;52.95;253;253
2026-06-08T08:35:22.0000000Z;52.87;52.94;5500;253
2026-06-08T08:35:23.0000000Z;52.88;52.94;5500;253
2026-06-08T08:35:25.0000000Z;52.87;52.94;5500;253
2026-06-08T08:35:26.0000000Z;52.86;52.94;253;253
2026-06-08T08:35:27.0000000Z;52.86;52.94;253;253
2026-06-08T08:35:29.0000000Z;52.85;52.93;253;253
2026-06-08T08:35:30.0000000Z;52.86;52.93;253;253
2026-06-08T08:35:31.0000000Z;52.86;52.93;253;5500
2026-06-08T08:35:34.0000000Z;52.86;52.93;253;5500
2026-06-08T08:35:37.0000000Z;52.85;52.93;253;5500
2026-06-08T08:35:39.0000000Z;52.85;52.93;5500;5500
2026-06-08T08:35:42.0000000Z;52.86;52.93;253;5500
2026-06-08T08:35:43.0000000Z;52.86;52.93;5500;5500
2026-06-08T08:35:48.0000000Z;52.86;52.93;253;5500
2026-06-08T08:35:49.0000000Z;52.86;52.93;253;5500
2026-06-08T08:35:51.0000000Z;52.86;52.93;253;5500
2026-06-08T08:35:57.0000000Z;52.86;52.93;253;5500
2026-06-08T08:35:58.0000000Z;52.86;52.93;253;5500
2026-06-08T08:35:59.0000000Z;52.86;52.93;253;5500
2026-06-08T08:35:59.0000000Z;52.86;52.93;253;5500
2026-06-08T08:36:00.0000000Z;52.86;52.93;253;5500
2026-06-08T08:36:07.0000000Z;52.86;52.93;253;5500
2026-06-08T08:36:09.0000000Z;52.86;52.93;253;5500
2026-06-08T08:36:10.0000000Z;52.86;52.93;253;5500
2026-06-08T08:36:13.0000000Z;52.86;52.93;253;5500
2026-06-08T08:36:16.0000000Z;52.86;52.93;5500;5500
2026-06-08T08:36:19.0000000Z;52.86;52.93;5500;5500
2026-06-08T08:36:21.0000000Z;52.86;52.93;5500;5500
2026-06-08T08:36:23.0000000Z;52.86;52.93;5500;5500
2026-06-08T08:36:25.0000000Z;52.85;52.93;253;5500
2026-06-08T08:36:27.0000000Z;52.85;52.93;5974;5500
2026-06-08T08:36:35.0000000Z;52.85;52.93;5500;5500
2026-06-08T08:36:45.0000000Z;52.85;52.92;253;5500
2026-06-08T08:36:49.0000000Z;52.84;52.92;253;5500
2026-06-08T08:36:51.0000000Z;52.85;52.92;253;5500
2026-06-08T08:36:52.0000000Z;52.85;52.92;5500;5500
2026-06-08T08:36:59.0000000Z;52.85;52.92;5500;5500
2026-06-08T08:37:00.0000000Z;52.85;52.92;253;253
2026-06-08T08:37:04.0000000Z;52.84;52.92;253;253
2026-06-08T08:37:06.0000000Z;52.84;52.92;5974;253
2026-06-08T08:37:09.0000000Z;52.84;52.92;5974;253
2026-06-08T08:37:10.0000000Z;52.84;52.91;5500;253
2026-06-08T08:37:11.0000000Z;52.84;52.91;5500;5500
2026-06-08T08:37:14.0000000Z;52.84;52.92;5500;253
2026-06-08T08:37:16.0000000Z;52.84;52.92;5500;5500
2026-06-08T08:37:25.0000000Z;52.85;52.92;5500;5500
2026-06-08T08:37:26.0000000Z;52.85;52.92;253;253
2026-06-08T08:37:27.0000000Z;52.85;52.92;5500;253
2026-06-08T08:37:32.0000000Z;52.85;52.92;5500;253
2026-06-08T08:37:39.0000000Z;52.86;52.93;253;253
2026-06-08T08:37:40.0000000Z;52.86;52.93;253;5973
2026-06-08T08:37:42.0000000Z;52.86;52.93;253;5500
2026-06-08T08:37:45.0000000Z;52.86;52.94;253;5500
2026-06-08T08:37:50.0000000Z;52.86;52.94;253;5500
2026-06-08T08:37:53.0000000Z;52.86;52.94;253;5500
2026-06-08T08:37:57.0000000Z;52.86;52.93;253;253
2026-06-08T08:37:58.0000000Z;52.86;52.93;253;5500
2026-06-08T08:38:00.0000000Z;52.86;52.94;253;253
2026-06-08T08:38:02.0000000Z;52.86;52.94;253;253
2026-06-08T08:38:03.0000000Z;52.87;52.94;253;5500
2026-06-08T08:38:04.0000000Z;52.87;52.94;5500;5500
2026-06-08T08:38:10.0000000Z;52.87;52.94;5500;5500
2026-06-08T08:38:11.0000000Z;52.86;52.94;253;5500
2026-06-08T08:38:13.0000000Z;52.87;52.94;253;5500
2026-06-08T08:38:14.0000000Z;52.86;52.94;253;5500
2026-06-08T08:38:15.0000000Z;52.87;52.94;253;5500
2026-06-08T08:38:17.0000000Z;52.86;52.94;253;5500
2026-06-08T08:38:18.0000000Z;52.86;52.93;5973;253
2026-06-08T08:38:19.0000000Z;52.84;52.92;253;5500
2026-06-08T08:38:20.0000000Z;52.84;52.92;253;5500
2026-06-08T08:38:21.0000000Z;52.86;52.92;473;5500
2026-06-08T08:38:24.0000000Z;52.84;52.92;5500;5500
2026-06-08T08:38:29.0000000Z;52.84;52.91;5500;253
2026-06-08T08:38:30.0000000Z;52.84;52.92;5500;253
2026-06-08T08:38:32.0000000Z;52.84;52.91;5500;253
2026-06-08T08:38:33.0000000Z;52.84;52.91;5500;5500
2026-06-08T08:38:35.0000000Z;52.84;52.91;5500;5500
2026-06-08T08:38:36.0000000Z;52.84;52.91;5500;5500
2026-06-08T08:38:37.0000000Z;52.83;52.9;253;5500
2026-06-08T08:38:38.0000000Z;52.83;52.9;253;5500
2026-06-08T08:38:39.0000000Z;52.84;52.91;253;253
2026-06-08T08:38:40.0000000Z;52.84;52.91;5500;253
2026-06-08T08:38:41.0000000Z;52.83;52.9;253;253
2026-06-08T08:38:42.0000000Z;52.84;52.91;253;5500
2026-06-08T08:38:43.0000000Z;52.84;52.9;253;5500
2026-06-08T08:38:45.0000000Z;52.83;52.9;253;253
2026-06-08T08:38:46.0000000Z;52.84;52.9;253;5500
2026-06-08T08:38:47.0000000Z;52.83;52.9;5974;253
2026-06-08T08:38:48.0000000Z;52.84;52.91;253;253
2026-06-08T08:38:51.0000000Z;52.84;52.91;253;5500
2026-06-08T08:39:06.0000000Z;52.84;52.91;253;253
2026-06-08T08:39:07.0000000Z;52.84;52.91;253;253
2026-06-08T08:39:12.0000000Z;52.84;52.91;253;253
2026-06-08T08:39:16.0000000Z;52.84;52.91;253;253
2026-06-08T08:39:19.0000000Z;52.83;52.9;253;253
2026-06-08T08:39:21.0000000Z;52.84;52.91;253;253
2026-06-08T08:39:22.0000000Z;52.84;52.91;253;253
2026-06-08T08:39:23.0000000Z;52.84;52.91;253;5500
2026-06-08T08:39:25.0000000Z;52.84;52.91;253;5500
2026-06-08T08:39:26.0000000Z;52.84;52.92;253;253
2026-06-08T08:39:27.0000000Z;52.84;52.91;253;253
2026-06-08T08:39:28.0000000Z;52.84;52.91;253;5500
2026-06-08T08:39:29.0000000Z;52.83;52.9;253;253
2026-06-08T08:39:30.0000000Z;52.83;52.9;253;5500
2026-06-08T08:39:31.0000000Z;52.83;52.9;5974;5500
2026-06-08T08:39:32.0000000Z;52.83;52.9;5500;5500
2026-06-08T08:39:34.0000000Z;52.82;52.9;440;5500
2026-06-08T08:39:35.0000000Z;52.82;52.9;5974;5500
2026-06-08T08:39:36.0000000Z;52.83;52.9;5500;5500
2026-06-08T08:39:39.0000000Z;52.82;52.9;440;5500
2026-06-08T08:39:41.0000000Z;52.82;52.9;5974;5500
2026-06-08T08:39:42.0000000Z;52.82;52.9;5500;5500
2026-06-08T08:39:47.0000000Z;52.83;52.9;253;5500
2026-06-08T08:39:48.0000000Z;52.83;52.9;5500;5500
2026-06-08T08:39:49.0000000Z;52.82;52.9;440;5500
2026-06-08T08:39:50.0000000Z;52.82;52.9;440;5500
2026-06-08T08:39:51.0000000Z;52.83;52.9;253;5500
2026-06-08T08:40:01.0000000Z;52.84;52.91;253;253
2026-06-08T08:40:02.0000000Z;52.84;52.91;5500;253
2026-06-08T08:40:03.0000000Z;52.84;52.91;5500;5973
2026-06-08T08:40:04.0000000Z;52.83;52.9;253;5500
2026-06-08T08:40:05.0000000Z;52.84;52.91;253;253
2026-06-08T08:40:06.0000000Z;52.83;52.91;253;5973
2026-06-08T08:40:07.0000000Z;52.83;52.91;253;5500
2026-06-08T08:40:08.0000000Z;52.83;52.91;253;5500
2026-06-08T08:40:09.0000000Z;52.83;52.91;253;5500
2026-06-08T08:40:10.0000000Z;52.83;52.91;253;5500
2026-06-08T08:40:11.0000000Z;52.83;52.91;253;5500
2026-06-08T08:40:20.0000000Z;52.83;52.9;253;5500
2026-06-08T08:40:21.0000000Z;52.83;52.9;253;5500
2026-06-08T08:40:23.0000000Z;52.82;52.9;440;5500
2026-06-08T08:40:24.0000000Z;52.82;52.9;440;5500
2026-06-08T08:40:25.0000000Z;52.82;52.9;5500;5500
2026-06-08T08:40:26.0000000Z;52.82;52.89;5500;253
2026-06-08T08:40:27.0000000Z;52.82;52.89;5500;5500
2026-06-08T08:40:28.0000000Z;52.83;52.9;253;253
2026-06-08T08:40:29.0000000Z;52.83;52.89;253;5500
2026-06-08T08:40:31.0000000Z;52.83;52.9;253;5500
2026-06-08T08:40:33.0000000Z;52.83;52.9;253;5500
2026-06-08T08:40:35.0000000Z;52.82;52.89;440;253
2026-06-08T08:40:37.0000000Z;52.82;52.89;5974;253
2026-06-08T08:40:39.0000000Z;52.82;52.9;5974;253
2026-06-08T08:40:41.0000000Z;52.82;52.9;5500;5500
2026-06-08T08:40:49.0000000Z;52.8;52.94;189;141
2026-06-08T08:40:50.0000000Z;52.8;52.87;442;253
2026-06-08T08:40:51.0000000Z;52.8;52.87;189;253
2026-06-08T08:40:52.0000000Z;52.79;52.87;291;5500
2026-06-08T08:40:53.0000000Z;52.81;52.87;474;253
2026-06-08T08:40:54.0000000Z;52.81;52.86;474;253
2026-06-08T08:40:55.0000000Z;52.81;52.86;474;5500
2026-06-08T08:40:57.0000000Z;52.79;52.85;164;253
2026-06-08T08:40:58.0000000Z;52.79;52.86;417;253
2026-06-08T08:40:59.0000000Z;52.79;52.86;164;253
2026-06-08T08:40:59.0000000Z;52.79;52.85;164;253
2026-06-08T08:41:00.0000000Z;52.79;52.86;417;253
2026-06-08T08:41:01.0000000Z;52.8;52.87;253;253
2026-06-08T08:41:02.0000000Z;52.8;52.87;253;253
2026-06-08T08:41:03.0000000Z;52.8;52.87;135;5500
2026-06-08T08:41:04.0000000Z;52.8;52.86;135;253
2026-06-08T08:41:05.0000000Z;52.8;52.86;135;5500
2026-06-08T08:41:07.0000000Z;52.8;52.87;135;253
2026-06-08T08:41:09.0000000Z;52.8;52.87;135;5500
2026-06-08T08:41:11.0000000Z;52.8;52.86;135;253
2026-06-08T08:41:12.0000000Z;52.8;52.86;135;5500
2026-06-08T08:41:17.0000000Z;52.8;52.86;135;5500
2026-06-08T08:41:19.0000000Z;52.8;52.87;135;253
2026-06-08T08:41:21.0000000Z;52.8;52.86;135;253
2026-06-08T08:41:22.0000000Z;52.79;52.85;164;253
2026-06-08T08:41:23.0000000Z;52.79;52.85;164;5500
2026-06-08T08:41:25.0000000Z;52.79;52.85;5974;5500
2026-06-08T08:41:27.0000000Z;52.79;52.85;5500;5500
2026-06-08T08:41:36.0000000Z;52.79;52.85;5500;5500
2026-06-08T08:41:37.0000000Z;52.78;52.85;189;5500
2026-06-08T08:41:39.0000000Z;52.78;52.85;5974;5500
2026-06-08T08:41:40.0000000Z;52.78;52.85;189;5500
2026-06-08T08:41:41.0000000Z;52.78;52.85;189;5500
2026-06-08T08:41:42.0000000Z;52.78;52.85;442;5500
2026-06-08T08:41:43.0000000Z;52.78;52.85;5500;5500
2026-06-08T08:41:48.0000000Z;52.78;52.85;189;5500
2026-06-08T08:41:49.0000000Z;52.78;52.86;442;253
2026-06-08T08:41:50.0000000Z;52.79;52.86;253;253
2026-06-08T08:41:51.0000000Z;52.8;52.86;135;5973
2026-06-08T08:41:52.0000000Z;52.79;52.86;5500;5973
2026-06-08T08:41:56.0000000Z;52.79;52.86;5500;5500
2026-06-08T08:41:59.0000000Z;52.79;52.86;5500;5500
2026-06-08T08:41:59.0000000Z;52.79;52.86;5500;5500
2026-06-08T08:42:00.0000000Z;52.79;52.86;417;5500
2026-06-08T08:42:01.0000000Z;52.79;52.86;417;5500
2026-06-08T08:42:03.0000000Z;52.8;52.87;5500;253
2026-06-08T08:42:04.0000000Z;52.8;52.87;5500;253
2026-06-08T08:42:05.0000000Z;52.8;52.87;5500;5973
2026-06-08T08:42:06.0000000Z;52.8;52.88;5500;253
2026-06-08T08:42:07.0000000Z;52.8;52.87;5500;5973
2026-06-08T08:42:08.0000000Z;52.8;52.87;5500;5973
2026-06-08T08:42:09.0000000Z;52.8;52.88;5500;253
2026-06-08T08:42:11.0000000Z;52.8;52.88;5500;5500
2026-06-08T08:42:12.0000000Z;52.8;52.87;5500;253
2026-06-08T08:42:13.0000000Z;52.8;52.87;5500;5500
2026-06-08T08:42:14.0000000Z;52.8;52.86;135;253
2026-06-08T08:42:15.0000000Z;52.79;52.86;253;5500
2026-06-08T08:42:20.0000000Z;52.8;52.86;135;253
2026-06-08T08:42:23.0000000Z;52.8;52.87;388;253
2026-06-08T08:42:25.0000000Z;52.8;52.87;388;5973
2026-06-08T08:42:27.0000000Z;52.8;52.88;388;253
2026-06-08T08:42:28.0000000Z;52.8;52.88;388;253
2026-06-08T08:42:30.0000000Z;52.8;52.87;388;5500
2026-06-08T08:42:31.0000000Z;52.8;52.88;388;253
2026-06-08T08:42:32.0000000Z;52.8;52.87;388;253
2026-06-08T08:42:33.0000000Z;52.8;52.86;135;253
2026-06-08T08:42:34.0000000Z;52.79;52.86;417;5500
2026-06-08T08:42:35.0000000Z;52.79;52.86;417;5500
2026-06-08T08:42:37.0000000Z;52.79;52.86;5974;5500
2026-06-08T08:42:38.0000000Z;52.79;52.86;5500;5500
2026-06-08T08:42:40.0000000Z;52.8;52.87;253;253
2026-06-08T08:42:41.0000000Z;52.8;52.87;253;5973
2026-06-08T08:42:42.0000000Z;52.8;52.87;253;5973
2026-06-08T08:42:43.0000000Z;52.8;52.87;253;5973
2026-06-08T08:42:46.0000000Z;52.8;52.87;253;5500
2026-06-08T08:42:47.0000000Z;52.8;52.88;253;5500
2026-06-08T08:42:48.0000000Z;52.8;52.88;253;5500
2026-06-08T08:42:54.0000000Z;52.8;52.87;253;5500
2026-06-08T08:42:59.0000000Z;52.8;52.87;253;5500
2026-06-08T08:43:01.0000000Z;52.8;52.88;253;253
2026-06-08T08:43:02.0000000Z;52.81;52.88;253;253
2026-06-08T08:43:03.0000000Z;52.81;52.88;5500;5973
2026-06-08T08:43:04.0000000Z;52.81;52.88;5500;5973
2026-06-08T08:43:05.0000000Z;52.81;52.88;5500;5973
2026-06-08T08:43:06.0000000Z;52.82;52.89;5500;253
2026-06-08T08:43:07.0000000Z;52.82;52.88;5500;473
2026-06-08T08:43:08.0000000Z;52.81;52.88;253;253
2026-06-08T08:43:09.0000000Z;52.81;52.88;253;5500
2026-06-08T08:43:10.0000000Z;52.82;52.89;253;253
2026-06-08T08:43:11.0000000Z;52.81;52.88;253;5500
2026-06-08T08:43:14.0000000Z;52.81;52.89;253;5500
2026-06-08T08:43:17.0000000Z;52.81;52.89;253;5500
2026-06-08T08:43:25.0000000Z;52.81;52.9;253;253
2026-06-08T08:43:28.0000000Z;52.81;52.9;253;5973
2026-06-08T08:43:29.0000000Z;52.83;52.9;5500;5973
2026-06-08T08:43:30.0000000Z;52.83;52.9;5500;5973
2026-06-08T08:43:33.0000000Z;52.83;52.9;5500;5500
2026-06-08T08:43:34.0000000Z;52.83;52.9;5500;5500
2026-06-08T08:43:45.0000000Z;52.83;52.9;5500;5500
2026-06-08T08:43:46.0000000Z;52.83;52.9;5500;5500
2026-06-08T08:43:48.0000000Z;52.84;52.91;253;253
2026-06-08T08:43:49.0000000Z;52.84;52.91;5500;253
2026-06-08T08:43:50.0000000Z;52.85;52.91;5500;177
2026-06-08T08:43:52.0000000Z;52.85;52.91;5500;5973
2026-06-08T08:43:54.0000000Z;52.85;52.91;5500;473
2026-06-08T08:43:56.0000000Z;52.85;52.91;5500;473
2026-06-08T08:43:57.0000000Z;52.85;52.92;5500;5500
2026-06-08T08:43:58.0000000Z;52.84;52.92;253;441
2026-06-08T08:44:01.0000000Z;52.84;52.92;5974;441
2026-06-08T08:44:02.0000000Z;52.84;52.92;5974;441
2026-06-08T08:44:03.0000000Z;52.84;52.91;5974;253
2026-06-08T08:44:06.0000000Z;52.84;52.91;5500;253
2026-06-08T08:44:10.0000000Z;52.84;52.91;5500;253
2026-06-08T08:44:14.0000000Z;52.84;52.91;5500;253
2026-06-08T08:44:19.0000000Z;52.84;52.91;253;253
2026-06-08T08:44:20.0000000Z;52.84;52.9;253;5500
2026-06-08T08:44:22.0000000Z;52.83;52.9;253;253
2026-06-08T08:44:24.0000000Z;52.83;52.9;5500;253
2026-06-08T08:44:33.0000000Z;52.83;52.9;5500;253
2026-06-08T08:44:36.0000000Z;52.82;52.9;253;253
2026-06-08T08:44:38.0000000Z;52.82;52.9;5974;253
2026-06-08T08:44:42.0000000Z;52.82;52.9;5974;253
2026-06-08T08:44:43.0000000Z;52.82;52.89;5500;5500
2026-06-08T08:44:51.0000000Z;52.82;52.89;5500;5500
2026-06-08T08:44:53.0000000Z;52.82;52.89;5500;5500
2026-06-08T08:44:55.0000000Z;52.82;52.9;5500;253
2026-06-08T08:44:57.0000000Z;52.82;52.9;5500;5973
2026-06-08T08:45:03.0000000Z;52.82;52.9;5500;5500
2026-06-08T08:45:04.0000000Z;52.83;52.91;253;253
2026-06-08T08:45:05.0000000Z;52.83;52.91;5500;253
2026-06-08T08:45:07.0000000Z;52.83;52.91;5500;5973
2026-06-08T08:45:10.0000000Z;52.83;52.9;5500;5500
2026-06-08T08:45:11.0000000Z;52.83;52.91;5500;253
2026-06-08T08:45:12.0000000Z;52.84;52.91;253;5500
2026-06-08T08:45:13.0000000Z;52.83;52.91;253;5500
2026-06-08T08:45:14.0000000Z;52.83;52.91;5500;5500
2026-06-08T08:45:15.0000000Z;52.84;52.91;5500;5500
2026-06-08T08:45:17.0000000Z;52.83;52.91;5500;5500
2026-06-08T08:45:20.0000000Z;52.83;52.91;5500;5500
2026-06-08T08:45:21.0000000Z;52.83;52.9;5500;253
2026-06-08T08:45:22.0000000Z;52.82;52.89;253;5500
2026-06-08T08:45:24.0000000Z;52.82;52.89;253;5500
2026-06-08T08:45:25.0000000Z;52.82;52.89;5974;5500
2026-06-08T08:45:26.0000000Z;52.82;52.89;5974;5500
2026-06-08T08:45:30.0000000Z;52.82;52.89;5500;5500
2026-06-08T08:45:31.0000000Z;52.83;52.9;253;253
2026-06-08T08:45:32.0000000Z;52.83;52.9;5500;253
2026-06-08T08:45:33.0000000Z;52.83;52.9;253;5973
2026-06-08T08:45:38.0000000Z;52.83;52.9;253;5500
2026-06-08T08:45:41.0000000Z;52.82;52.89;253;253
2026-06-08T08:45:42.0000000Z;52.83;52.9;253;253
2026-06-08T08:45:43.0000000Z;52.83;52.89;253;5500
2026-06-08T08:45:45.0000000Z;52.83;52.9;253;5500
2026-06-08T08:45:48.0000000Z;52.83;52.9;253;5500
2026-06-08T08:45:49.0000000Z;52.84;52.91;253;253
2026-06-08T08:45:50.0000000Z;52.84;52.91;5500;253
2026-06-08T08:45:51.0000000Z;52.84;52.91;5500;5973
2026-06-08T08:45:53.0000000Z;52.83;52.9;253;253
2026-06-08T08:45:55.0000000Z;52.83;52.9;5500;253
2026-06-08T08:45:56.0000000Z;52.83;52.9;5500;253
2026-06-08T08:46:00.0000000Z;52.83;52.9;5500;253
2026-06-08T08:46:01.0000000Z;52.83;52.9;5500;253
2026-06-08T08:46:03.0000000Z;52.82;52.9;253;253
2026-06-08T08:46:04.0000000Z;52.82;52.9;253;253
2026-06-08T08:46:07.0000000Z;52.82;52.9;5974;253
2026-06-08T08:46:11.0000000Z;52.82;52.9;5500;253
2026-06-08T08:46:16.0000000Z;52.83;52.9;5500;253
2026-06-08T08:46:19.0000000Z;52.82;52.89;253;253
2026-06-08T08:46:20.0000000Z;52.82;52.89;253;5500
2026-06-08T08:46:22.0000000Z;52.82;52.89;253;253
2026-06-08T08:46:23.0000000Z;52.82;52.89;5500;253
2026-06-08T08:46:42.0000000Z;52.81;52.89;253;253
2026-06-08T08:46:45.0000000Z;52.81;52.89;5974;253
2026-06-08T08:46:47.0000000Z;52.81;52.88;5974;253
2026-06-08T08:46:48.0000000Z;52.81;52.88;5974;5500
2026-06-08T08:46:49.0000000Z;52.81;52.88;5974;5500
2026-06-08T08:46:50.0000000Z;52.81;52.88;5500;5500
2026-06-08T08:47:00.0000000Z;52.81;52.88;5500;5500
2026-06-08T08:47:04.0000000Z;52.81;52.88;5500;5500
2026-06-08T08:47:05.0000000Z;52.81;52.88;5500;5500
2026-06-08T08:47:08.0000000Z;52.8;52.87;253;253
2026-06-08T08:47:09.0000000Z;52.8;52.87;135;5500
2026-06-08T08:47:11.0000000Z;52.8;52.87;5974;5500
2026-06-08T08:47:18.0000000Z;52.8;52.87;5500;5500
2026-06-08T08:47:22.0000000Z;52.8;52.87;5500;5500
2026-06-08T08:47:29.0000000Z;52.8;52.87;5500;5500
2026-06-08T08:47:30.0000000Z;52.8;52.87;5500;5500
2026-06-08T08:47:36.0000000Z;52.8;52.87;388;5500
2026-06-08T08:47:39.0000000Z;52.8;52.87;388;5500
2026-06-08T08:47:40.0000000Z;52.76;53.03;189;188
2026-06-08T08:47:41.0000000Z;52.8;52.86;388;253
2026-06-08T08:47:42.0000000Z;52.8;52.86;135;253
2026-06-08T08:47:43.0000000Z;52.8;52.86;135;5500
2026-06-08T08:47:48.0000000Z;52.79;52.86;164;5500
2026-06-08T08:47:49.0000000Z;52.79;52.86;5974;5500
2026-06-08T08:47:52.0000000Z;52.79;52.86;164;5500
2026-06-08T08:47:53.0000000Z;52.79;52.86;417;5500
2026-06-08T08:47:54.0000000Z;52.79;52.86;5500;5500
2026-06-08T08:47:57.0000000Z;52.79;52.86;417;5500
2026-06-08T08:48:00.0000000Z;52.79;52.86;164;5500
2026-06-08T08:48:01.0000000Z;52.79;52.86;417;5500
2026-06-08T08:48:02.0000000Z;52.79;52.86;417;5500
2026-06-08T08:48:03.0000000Z;52.79;52.86;164;5500
2026-06-08T08:48:04.0000000Z;52.79;52.86;164;5500
2026-06-08T08:48:05.0000000Z;52.79;52.86;164;5500
2026-06-08T08:48:06.0000000Z;52.79;52.86;417;5500
2026-06-08T08:48:29.0000000Z;52.8;52.87;253;253
2026-06-08T08:48:30.0000000Z;52.8;52.87;253;253
2026-06-08T08:48:31.0000000Z;52.8;52.87;253;5973
2026-06-08T08:48:32.0000000Z;52.8;52.86;135;253
2026-06-08T08:48:33.0000000Z;52.8;52.86;253;5500
2026-06-08T08:48:34.0000000Z;52.8;52.86;135;253
2026-06-08T08:48:35.0000000Z;52.79;52.86;164;253
2026-06-08T08:48:38.0000000Z;52.79;52.86;417;253
2026-06-08T08:48:41.0000000Z;52.79;52.87;5500;253
2026-06-08T08:48:42.0000000Z;52.79;52.87;5500;253
2026-06-08T08:48:43.0000000Z;52.79;52.87;5500;5973
2026-06-08T08:48:44.0000000Z;52.8;52.87;253;253
2026-06-08T08:48:45.0000000Z;52.81;52.88;5500;253
2026-06-08T08:48:46.0000000Z;52.81;52.87;5500;5500
2026-06-08T08:48:47.0000000Z;52.81;52.87;5500;5500
2026-06-08T08:48:48.0000000Z;52.81;52.88;5500;253
2026-06-08T08:48:49.0000000Z;52.81;52.89;5500;253
2026-06-08T08:48:52.0000000Z;52.81;52.89;5500;5973
2026-06-08T08:48:53.0000000Z;52.82;52.89;5500;5973
2026-06-08T08:48:54.0000000Z;52.83;52.9;253;253
2026-06-08T08:48:55.0000000Z;52.83;52.9;5500;253
2026-06-08T08:48:56.0000000Z;52.83;52.9;5500;253
2026-06-08T08:48:57.0000000Z;52.83;52.89;5500;5500
2026-06-08T08:48:58.0000000Z;52.83;52.91;5500;253
2026-06-08T08:48:59.0000000Z;52.84;52.91;253;253
2026-06-08T08:49:00.0000000Z;52.84;52.91;253;430
2026-06-08T08:49:01.0000000Z;52.85;52.91;5500;177
2026-06-08T08:49:02.0000000Z;52.86;52.92;5500;178
2026-06-08T08:49:03.0000000Z;52.85;52.92;253;431
2026-06-08T08:49:04.0000000Z;52.85;52.92;253;178
2026-06-08T08:49:05.0000000Z;52.85;52.92;253;178
2026-06-08T08:49:06.0000000Z;52.85;52.92;5500;178
2026-06-08T08:49:07.0000000Z;52.85;52.92;5500;178
2026-06-08T08:49:08.0000000Z;52.85;52.92;5500;5500
2026-06-08T08:49:10.0000000Z;52.86;52.93;253;253
2026-06-08T08:49:12.0000000Z;52.86;52.93;253;5973
2026-06-08T08:49:14.0000000Z;52.85;52.93;253;5973
2026-06-08T08:49:16.0000000Z;52.85;52.93;5500;5973
2026-06-08T08:49:17.0000000Z;52.85;52.92;5500;253
2026-06-08T08:49:18.0000000Z;52.85;52.92;5500;5500
2026-06-08T08:49:19.0000000Z;52.85;52.93;5500;5973
2026-06-08T08:49:20.0000000Z;52.85;52.92;5500;5500
2026-06-08T08:49:22.0000000Z;52.85;52.93;5500;5500
2026-06-08T08:49:24.0000000Z;52.86;52.93;253;177
2026-06-08T08:49:26.0000000Z;52.85;52.93;253;430
2026-06-08T08:49:28.0000000Z;52.85;52.93;5500;430
2026-06-08T08:49:29.0000000Z;52.85;52.93;253;430
2026-06-08T08:49:31.0000000Z;52.86;52.93;253;177
2026-06-08T08:49:32.0000000Z;52.86;52.93;253;177
2026-06-08T08:49:34.0000000Z;52.85;52.93;253;430
2026-06-08T08:49:36.0000000Z;52.85;52.93;5974;430
2026-06-08T08:49:41.0000000Z;52.85;52.93;5500;430
2026-06-08T08:49:42.0000000Z;52.86;52.93;253;430
2026-06-08T08:49:43.0000000Z;52.86;52.93;5500;430
2026-06-08T08:49:45.0000000Z;52.85;52.93;253;430
2026-06-08T08:49:48.0000000Z;52.85;52.93;5500;430
2026-06-08T08:49:52.0000000Z;52.85;52.92;5500;5500
2026-06-08T08:49:53.0000000Z;52.85;52.92;5500;5500
2026-06-08T08:49:59.0000000Z;52.85;52.92;5500;5500
2026-06-08T08:50:01.0000000Z;52.85;52.93;5500;253
2026-06-08T08:50:03.0000000Z;52.86;52.93;253;253
2026-06-08T08:50:04.0000000Z;52.86;52.93;253;5973
2026-06-08T08:50:05.0000000Z;52.85;52.92;253;5500
2026-06-08T08:50:08.0000000Z;52.85;52.92;5500;5500
2026-06-08T08:50:10.0000000Z;52.85;52.92;5500;5500
2026-06-08T08:50:26.0000000Z;52.85;52.93;5500;253
2026-06-08T08:50:27.0000000Z;52.85;52.92;5500;253
2026-06-08T08:50:29.0000000Z;52.85;52.93;5500;253
2026-06-08T08:50:31.0000000Z;52.85;52.93;5500;253
2026-06-08T08:50:32.0000000Z;52.85;52.93;5500;5973
2026-06-08T08:50:33.0000000Z;52.85;52.93;5500;5973
2026-06-08T08:50:34.0000000Z;52.85;52.93;5500;5500
2026-06-08T08:50:41.0000000Z;52.85;52.93;5500;5500
2026-06-08T08:50:44.0000000Z;52.86;52.93;253;253
2026-06-08T08:50:45.0000000Z;52.86;52.93;5500;5500
2026-06-08T08:50:46.0000000Z;52.86;52.93;5500;5500
2026-06-08T08:50:47.0000000Z;52.85;52.92;253;253
2026-06-08T08:50:48.0000000Z;52.85;52.92;5500;253
2026-06-08T08:50:49.0000000Z;52.85;52.92;5500;253
2026-06-08T08:50:51.0000000Z;52.85;52.92;5500;253
2026-06-08T08:50:55.0000000Z;52.85;52.92;5500;253
2026-06-08T08:50:57.0000000Z;52.84;52.91;253;253
2026-06-08T08:50:58.0000000Z;52.84;52.91;253;253
2026-06-08T08:50:59.0000000Z;52.83;52.91;253;5500
2026-06-08T08:51:00.0000000Z;52.7;52.96;189;470
2026-06-08T08:51:01.0000000Z;52.83;52.9;253;253
2026-06-08T08:51:02.0000000Z;52.84;52.91;5974;5500
2026-06-08T08:51:03.0000000Z;52.85;52.92;253;253
2026-06-08T08:51:04.0000000Z;52.84;52.91;253;253
2026-06-08T08:51:07.0000000Z;52.84;52.9;5500;253
2026-06-08T08:51:09.0000000Z;52.82;52.89;253;253
2026-06-08T08:51:10.0000000Z;52.83;52.89;5500;5500
2026-06-08T08:51:11.0000000Z;52.82;52.89;136;5500
2026-06-08T08:51:12.0000000Z;52.82;52.89;5974;5500
2026-06-08T08:51:16.0000000Z;52.83;52.9;253;253
2026-06-08T08:51:17.0000000Z;52.83;52.9;5500;253
2026-06-08T08:51:18.0000000Z;52.83;52.9;5500;5500
2026-06-08T08:51:19.0000000Z;52.83;52.9;5500;5500
2026-06-08T08:51:21.0000000Z;52.83;52.9;5500;5500
2026-06-08T08:51:26.0000000Z;52.82;52.89;253;253
2026-06-08T08:51:27.0000000Z;52.83;52.9;253;253
2026-06-08T08:51:28.0000000Z;52.82;52.89;253;5500
2026-06-08T08:51:30.0000000Z;52.82;52.9;253;5500
2026-06-08T08:51:31.0000000Z;52.82;52.91;253;253
2026-06-08T08:51:32.0000000Z;52.82;52.91;253;253
2026-06-08T08:51:33.0000000Z;52.82;52.91;253;253
2026-06-08T08:51:34.0000000Z;52.82;52.91;253;5500
2026-06-08T08:51:43.0000000Z;52.82;52.91;253;5500
2026-06-08T08:51:44.0000000Z;52.82;52.91;253;5500
2026-06-08T08:51:46.0000000Z;52.82;52.9;253;253
2026-06-08T08:51:47.0000000Z;52.82;52.9;253;5500
2026-06-08T08:51:49.0000000Z;52.82;52.9;253;5500
2026-06-08T08:51:51.0000000Z;52.82;52.9;253;5500
2026-06-08T08:51:52.0000000Z;52.82;52.9;253;5500
2026-06-08T08:51:53.0000000Z;52.82;52.89;253;253
2026-06-08T08:51:54.0000000Z;52.83;52.9;253;5973
2026-06-08T08:51:57.0000000Z;52.82;52.89;253;253
2026-06-08T08:51:58.0000000Z;52.82;52.89;5500;253
2026-06-08T08:51:59.0000000Z;52.81;52.89;253;253
2026-06-08T08:51:59.0000000Z;52.82;52.89;136;253
2026-06-08T08:52:07.0000000Z;52.82;52.89;136;253
2026-06-08T08:52:10.0000000Z;52.82;52.89;136;253
2026-06-08T08:52:11.0000000Z;52.82;52.89;136;253
2026-06-08T08:52:13.0000000Z;52.82;52.88;136;5500
2026-06-08T08:52:15.0000000Z;52.81;52.88;253;5500
2026-06-08T08:52:16.0000000Z;52.81;52.87;134;253
2026-06-08T08:52:17.0000000Z;52.8;52.87;253;5500
2026-06-08T08:52:19.0000000Z;52.81;52.87;5500;5500
2026-06-08T08:52:20.0000000Z;52.79;52.87;253;5500
2026-06-08T08:52:22.0000000Z;52.8;52.87;5974;5500
2026-06-08T08:52:24.0000000Z;52.81;52.88;253;253
2026-06-08T08:52:25.0000000Z;52.81;52.88;253;253
2026-06-08T08:52:26.0000000Z;52.81;52.88;253;5500
2026-06-08T08:52:38.0000000Z;52.8;52.87;253;253
2026-06-08T08:52:39.0000000Z;52.8;52.87;253;5500
2026-06-08T08:52:40.0000000Z;52.81;52.88;253;253
2026-06-08T08:52:41.0000000Z;52.81;52.88;253;253
2026-06-08T08:52:42.0000000Z;52.81;52.88;253;5500
2026-06-08T08:52:50.0000000Z;52.81;52.88;253;253
2026-06-08T08:52:51.0000000Z;52.81;52.88;253;253
2026-06-08T08:52:53.0000000Z;52.81;52.88;253;253
2026-06-08T08:52:54.0000000Z;52.81;52.88;253;253
2026-06-08T08:52:55.0000000Z;52.8;52.87;253;253
2026-06-08T08:52:56.0000000Z;52.8;52.87;5974;5500
2026-06-08T08:52:57.0000000Z;52.79;52.86;253;253
2026-06-08T08:52:58.0000000Z;52.8;52.86;135;253
2026-06-08T08:52:59.0000000Z;52.8;52.86;135;5500
2026-06-08T08:53:02.0000000Z;52.8;52.86;5500;5500
2026-06-08T08:53:03.0000000Z;52.8;52.86;135;253
2026-06-08T08:53:14.0000000Z;52.8;52.87;388;253
2026-06-08T08:53:15.0000000Z;52.8;52.87;388;5973
2026-06-08T08:53:17.0000000Z;52.8;52.87;388;5973
2026-06-08T08:53:21.0000000Z;52.8;52.87;388;5500
2026-06-08T08:53:29.0000000Z;52.8;52.87;388;5500
2026-06-08T08:53:35.0000000Z;52.81;52.88;253;253
2026-06-08T08:53:36.0000000Z;52.81;52.88;5500;253
2026-06-08T08:53:37.0000000Z;52.81;52.88;5500;5973
2026-06-08T08:53:40.0000000Z;52.8;52.88;253;5973
2026-06-08T08:53:41.0000000Z;52.8;52.88;253;5973
2026-06-08T08:53:42.0000000Z;52.8;52.88;253;5500
2026-06-08T08:53:43.0000000Z;52.8;52.87;5500;5500
2026-06-08T08:53:45.0000000Z;52.8;52.88;5500;253
2026-06-08T08:53:47.0000000Z;52.8;52.88;5500;5500
2026-06-08T08:53:49.0000000Z;52.8;52.87;5500;5500
2026-06-08T08:53:51.0000000Z;52.8;52.87;5500;5500
2026-06-08T08:53:52.0000000Z;52.8;52.87;5500;5500
2026-06-08T08:53:53.0000000Z;52.8;52.88;5500;253
2026-06-08T08:53:54.0000000Z;52.8;52.87;5500;253
2026-06-08T08:53:56.0000000Z;52.82;52.89;253;253
2026-06-08T08:53:57.0000000Z;52.82;52.87;5500;5500
2026-06-08T08:53:59.0000000Z;52.82;52.88;5500;473
2026-06-08T08:54:00.0000000Z;52.81;52.89;253;5500
2026-06-08T08:54:03.0000000Z;52.81;52.89;5974;5500
2026-06-08T08:54:06.0000000Z;52.81;52.89;5500;5500
2026-06-08T08:54:12.0000000Z;52.82;52.89;253;5500
2026-06-08T08:54:13.0000000Z;52.82;52.89;5500;5500
2026-06-08T08:54:14.0000000Z;52.81;52.89;253;5500
2026-06-08T08:54:15.0000000Z;52.82;52.89;5500;5500
2026-06-08T08:54:17.0000000Z;52.81;52.89;5500;5500
2026-06-08T08:54:19.0000000Z;52.8;52.88;253;253
2026-06-08T08:54:21.0000000Z;52.8;52.88;5500;253
2026-06-08T08:54:23.0000000Z;52.8;52.88;5500;253
2026-06-08T08:54:30.0000000Z;52.8;52.87;5500;253
2026-06-08T08:54:31.0000000Z;52.81;52.88;5500;253
2026-06-08T08:54:33.0000000Z;52.81;52.88;5500;5500
2026-06-08T08:54:34.0000000Z;52.81;52.88;5500;5500
2026-06-08T08:54:35.0000000Z;52.81;52.88;5500;5500
2026-06-08T08:54:38.0000000Z;52.8;52.88;253;5500
2026-06-08T08:54:39.0000000Z;52.81;52.88;253;5500
2026-06-08T08:54:44.0000000Z;52.82;52.89;253;253
2026-06-08T08:54:45.0000000Z;52.81;52.88;253;253
2026-06-08T08:54:47.0000000Z;52.81;52.88;5500;253
2026-06-08T08:54:48.0000000Z;52.82;52.89;5500;253
2026-06-08T08:54:49.0000000Z;52.82;52.89;5500;253
2026-06-08T08:54:51.0000000Z;52.82;52.9;5500;253
2026-06-08T08:54:54.0000000Z;52.82;52.9;5500;253
2026-06-08T08:54:55.0000000Z;52.82;52.9;5500;5973
2026-06-08T08:54:59.0000000Z;52.82;52.89;5500;5500
2026-06-08T08:54:59.0000000Z;52.82;52.89;5500;253
2026-06-08T08:55:00.0000000Z;52.81;52.88;253;5500
2026-06-08T08:55:02.0000000Z;52.82;52.9;253;253
2026-06-08T08:55:04.0000000Z;52.82;52.9;253;253
2026-06-08T08:55:05.0000000Z;52.82;52.89;253;5500
2026-06-08T08:55:06.0000000Z;52.82;52.89;253;5500
2026-06-08T08:55:10.0000000Z;52.81;52.88;253;253
2026-06-08T08:55:11.0000000Z;52.81;52.88;253;5500
2026-06-08T08:55:12.0000000Z;52.82;52.89;253;253
2026-06-08T08:55:13.0000000Z;52.82;52.89;253;253
2026-06-08T08:55:14.0000000Z;52.81;52.89;253;253
2026-06-08T08:55:17.0000000Z;52.81;52.89;5974;253
2026-06-08T08:55:18.0000000Z;52.81;52.88;253;5500
2026-06-08T08:55:19.0000000Z;52.81;52.88;5500;5500
2026-06-08T08:55:20.0000000Z;52.8;52.88;253;5500
2026-06-08T08:55:21.0000000Z;52.81;52.88;253;5500
2026-06-08T08:55:22.0000000Z;52.8;52.88;253;5500
2026-06-08T08:55:23.0000000Z;52.8;52.88;5974;5500
2026-06-08T08:55:24.0000000Z;52.8;52.87;5974;253
2026-06-08T08:55:25.0000000Z;52.8;52.87;5974;5500
2026-06-08T08:55:28.0000000Z;52.8;52.87;5974;5500
2026-06-08T08:55:29.0000000Z;52.8;52.87;5500;5500
2026-06-08T08:55:31.0000000Z;52.8;52.87;5500;5500
2026-06-08T08:55:32.0000000Z;52.8;52.86;135;253
2026-06-08T08:55:39.0000000Z;52.8;52.86;135;253
2026-06-08T08:55:40.0000000Z;52.79;52.86;164;253
2026-06-08T08:55:41.0000000Z;52.79;52.86;5500;253
2026-06-08T08:55:42.0000000Z;52.79;52.86;164;253
2026-06-08T08:55:44.0000000Z;52.79;52.86;417;253
2026-06-08T08:55:49.0000000Z;52.79;52.86;417;253
2026-06-08T08:55:50.0000000Z;52.79;52.86;417;253
2026-06-08T08:55:51.0000000Z;52.79;52.86;417;253
2026-06-08T08:55:52.0000000Z;52.79;52.85;164;5500
2026-06-08T08:55:54.0000000Z;52.79;52.85;164;5500
2026-06-08T08:55:55.0000000Z;52.78;52.85;442;5500
2026-06-08T08:55:56.0000000Z;52.79;52.86;253;253
2026-06-08T08:55:57.0000000Z;52.79;52.85;164;253
2026-06-08T08:55:58.0000000Z;52.79;52.85;164;253
2026-06-08T08:56:00.0000000Z;52.79;52.86;417;253
2026-06-08T08:56:01.0000000Z;52.79;52.86;417;5973
2026-06-08T08:56:04.0000000Z;52.8;52.87;253;253
2026-06-08T08:56:06.0000000Z;52.8;52.86;253;473
2026-06-08T08:56:07.0000000Z;52.8;52.87;253;5500
2026-06-08T08:56:08.0000000Z;52.8;52.87;253;5500
2026-06-08T08:56:09.0000000Z;52.8;52.87;253;5500
2026-06-08T08:56:12.0000000Z;52.8;52.87;253;5500
2026-06-08T08:56:14.0000000Z;52.81;52.88;5500;253
2026-06-08T08:56:15.0000000Z;52.82;52.88;5500;5973
2026-06-08T08:56:16.0000000Z;52.82;52.88;5500;5973
2026-06-08T08:56:17.0000000Z;52.82;52.88;5500;473
2026-06-08T08:56:18.0000000Z;52.82;52.88;5500;473
2026-06-08T08:56:19.0000000Z;52.82;52.88;5500;473
2026-06-08T08:56:20.0000000Z;52.81;52.88;253;5973
2026-06-08T08:56:21.0000000Z;52.8;52.87;253;253
2026-06-08T08:56:22.0000000Z;52.81;52.88;253;253
2026-06-08T08:56:23.0000000Z;52.8;52.87;253;253
2026-06-08T08:56:25.0000000Z;52.8;52.87;253;5500
2026-06-08T08:56:26.0000000Z;52.81;52.88;253;253
2026-06-08T08:56:27.0000000Z;52.81;52.88;5500;253
2026-06-08T08:56:28.0000000Z;52.81;52.88;5500;5500
2026-06-08T08:56:29.0000000Z;52.81;52.88;5500;253
2026-06-08T08:56:30.0000000Z;52.81;52.88;5500;253
2026-06-08T08:56:31.0000000Z;52.8;52.87;253;5500
2026-06-08T08:56:33.0000000Z;52.8;52.87;253;5500
2026-06-08T08:56:34.0000000Z;52.8;52.87;5974;5500
2026-06-08T08:56:35.0000000Z;52.8;52.87;5974;5500
2026-06-08T08:56:36.0000000Z;52.8;52.87;253;253
2026-06-08T08:56:37.0000000Z;52.8;52.87;253;253
2026-06-08T08:56:38.0000000Z;52.8;52.87;5974;253
2026-06-08T08:56:39.0000000Z;52.81;52.88;5500;253
2026-06-08T08:56:42.0000000Z;52.81;52.88;5500;5500
2026-06-08T08:56:43.0000000Z;52.81;52.88;5500;5500
2026-06-08T08:56:44.0000000Z;52.81;52.88;5500;5500
2026-06-08T08:56:47.0000000Z;52.81;52.89;5500;253
2026-06-08T08:56:48.0000000Z;52.81;52.88;5500;253
2026-06-08T08:56:50.0000000Z;52.81;52.88;5500;253
2026-06-08T08:56:51.0000000Z;52.8;52.87;253;253
2026-06-08T08:56:52.0000000Z;52.8;52.87;253;5500
2026-06-08T08:56:53.0000000Z;52.8;52.88;253;253
2026-06-08T08:56:54.0000000Z;52.81;52.89;8293;253
2026-06-08T08:56:55.0000000Z;52.81;52.89;8293;253
2026-06-08T08:56:56.0000000Z;52.81;52.88;8293;473
2026-06-08T08:56:57.0000000Z;52.81;52.88;8293;473
2026-06-08T08:56:58.0000000Z;52.81;52.88;8293;473
2026-06-08T08:57:00.0000000Z;52.81;52.88;8293;473
2026-06-08T08:57:03.0000000Z;52.81;52.89;8293;5500
2026-06-08T08:57:06.0000000Z;52.81;52.89;5500;5500
2026-06-08T08:57:07.0000000Z;52.81;52.88;5500;5500
2026-06-08T08:57:08.0000000Z;52.81;52.88;5500;5500
2026-06-08T08:57:09.0000000Z;52.81;52.89;5500;253
2026-06-08T08:57:10.0000000Z;52.81;52.89;5500;253
2026-06-08T08:57:11.0000000Z;52.81;52.88;5500;253
2026-06-08T08:57:13.0000000Z;52.8;52.87;253;253
2026-06-08T08:57:14.0000000Z;52.8;52.87;253;5500
2026-06-08T08:57:15.0000000Z;52.81;52.89;253;253
2026-06-08T08:57:16.0000000Z;52.81;52.87;253;5500
2026-06-08T08:57:17.0000000Z;52.82;52.87;253;5500
2026-06-08T08:57:18.0000000Z;52.82;52.89;253;5500
2026-06-08T08:57:21.0000000Z;52.83;52.9;253;253
2026-06-08T08:57:23.0000000Z;52.82;52.89;253;253
2026-06-08T08:57:25.0000000Z;52.82;52.89;253;253
2026-06-08T08:57:26.0000000Z;52.82;52.89;5500;253
2026-06-08T08:57:33.0000000Z;52.82;52.9;5500;253
2026-06-08T08:57:34.0000000Z;52.82;52.89;253;253
2026-06-08T08:57:35.0000000Z;52.83;52.9;253;253
2026-06-08T08:57:36.0000000Z;52.83;52.9;5500;253
2026-06-08T08:57:38.0000000Z;52.82;52.89;253;253
2026-06-08T08:57:39.0000000Z;52.83;52.9;253;253
2026-06-08T08:57:40.0000000Z;52.83;52.89;253;5500
2026-06-08T08:57:42.0000000Z;52.83;52.9;253;5973
2026-06-08T08:57:43.0000000Z;52.84;52.91;253;253
2026-06-08T08:57:44.0000000Z;52.84;52.91;5500;253
2026-06-08T08:57:46.0000000Z;52.84;52.91;253;253
2026-06-08T08:57:47.0000000Z;52.84;52.91;253;5973
2026-06-08T08:57:48.0000000Z;52.83;52.9;253;5500
2026-06-08T08:57:50.0000000Z;52.83;52.9;5500;5500
2026-06-08T08:57:52.0000000Z;52.83;52.9;5500;5500
2026-06-08T08:57:53.0000000Z;52.84;52.91;5500;177
2026-06-08T08:57:54.0000000Z;52.84;52.91;5500;177
2026-06-08T08:57:55.0000000Z;52.84;52.91;5500;177
2026-06-08T08:57:56.0000000Z;52.84;52.91;5500;5973
2026-06-08T08:57:57.0000000Z;52.84;52.91;5500;430
2026-06-08T08:58:00.0000000Z;52.84;52.91;5500;5500
2026-06-08T08:58:06.0000000Z;52.84;52.91;5500;5500
2026-06-08T08:58:07.0000000Z;52.84;52.92;5500;253
2026-06-08T08:58:08.0000000Z;52.85;52.92;5500;253
2026-06-08T08:58:10.0000000Z;52.85;52.92;5500;5973
2026-06-08T08:58:12.0000000Z;52.84;52.91;253;253
2026-06-08T08:58:13.0000000Z;52.84;52.91;253;5500
2026-06-08T08:58:14.0000000Z;52.84;52.91;5500;5500
2026-06-08T08:58:20.0000000Z;52.84;52.91;5500;5500
2026-06-08T08:58:23.0000000Z;52.84;52.91;5500;5500
2026-06-08T08:58:25.0000000Z;52.84;52.91;5500;5500
2026-06-08T08:58:26.0000000Z;52.84;52.92;5500;253
2026-06-08T08:58:27.0000000Z;52.85;52.92;253;253
2026-06-08T08:58:28.0000000Z;52.85;52.92;5500;5973
2026-06-08T08:58:29.0000000Z;52.85;52.92;5500;5973
2026-06-08T08:58:30.0000000Z;52.85;52.92;5500;5973
2026-06-08T08:58:31.0000000Z;52.86;52.93;253;253
2026-06-08T08:58:32.0000000Z;52.86;52.92;5500;5500
2026-06-08T08:58:34.0000000Z;52.86;52.93;5500;5973
2026-06-08T08:58:37.0000000Z;52.86;52.93;5500;5973
2026-06-08T08:58:38.0000000Z;52.84;52.92;253;253
2026-06-08T08:58:40.0000000Z;52.84;52.92;5500;253
2026-06-08T08:58:47.0000000Z;52.85;52.92;5500;253
2026-06-08T08:58:53.0000000Z;52.85;52.92;5500;253
2026-06-08T08:58:54.0000000Z;52.85;52.92;5500;253
2026-06-08T08:59:04.0000000Z;52.84;52.91;253;253
2026-06-08T08:59:05.0000000Z;52.85;52.91;5500;5500
2026-06-08T08:59:06.0000000Z;52.84;52.91;5974;253
2026-06-08T08:59:11.0000000Z;52.83;52.9;253;253
2026-06-08T08:59:12.0000000Z;52.84;52.91;253;253
2026-06-08T08:59:13.0000000Z;52.84;52.91;253;5500
2026-06-08T08:59:17.0000000Z;52.83;52.9;253;5500
2026-06-08T08:59:18.0000000Z;52.84;52.91;253;5973
2026-06-08T08:59:19.0000000Z;52.84;52.91;253;5973
2026-06-08T08:59:20.0000000Z;52.84;52.91;253;5973
2026-06-08T08:59:23.0000000Z;52.83;52.9;253;253
2026-06-08T08:59:24.0000000Z;52.83;52.9;253;5500
2026-06-08T08:59:26.0000000Z;52.83;52.9;5500;5500
2026-06-08T08:59:28.0000000Z;52.83;52.9;5500;5500
2026-06-08T08:59:29.0000000Z;52.83;52.9;5500;5500
2026-06-08T08:59:30.0000000Z;52.83;52.9;5500;5500
2026-06-08T08:59:31.0000000Z;52.83;52.9;5500;5500
2026-06-08T08:59:32.0000000Z;52.83;52.9;5500;5500
2026-06-08T08:59:34.0000000Z;52.83;52.9;5500;5500
2026-06-08T08:59:35.0000000Z;52.83;52.9;5500;5500
2026-06-08T08:59:37.0000000Z;52.83;52.9;5500;5500
2026-06-08T08:59:38.0000000Z;52.83;52.9;5500;5500
2026-06-08T08:59:39.0000000Z;52.83;52.9;5500;5500
2026-06-08T08:59:40.0000000Z;52.82;52.89;399;5500
2026-06-08T08:59:41.0000000Z;52.81;52.88;253;253
2026-06-08T08:59:42.0000000Z;52.82;52.87;5974;5500
2026-06-08T08:59:43.0000000Z;52.82;52.87;5974;5500
2026-06-08T08:59:44.0000000Z;52.82;52.87;474;5500
2026-06-08T08:59:46.0000000Z;52.82;52.87;474;5500
2026-06-08T08:59:47.0000000Z;52.8;52.87;182;5500
2026-06-08T08:59:48.0000000Z;52.8;52.87;435;5500
2026-06-08T08:59:50.0000000Z;52.81;52.88;253;253
2026-06-08T08:59:51.0000000Z;52.81;52.88;5500;253
2026-06-08T08:59:52.0000000Z;52.81;52.88;5500;5973
2026-06-08T08:59:53.0000000Z;52.81;52.88;5500;5973
2026-06-08T08:59:54.0000000Z;52.81;52.88;5500;5973
2026-06-08T08:59:58.0000000Z;52.81;52.88;5500;5500
2026-06-08T09:00:00.0000000Z;52.81;52.89;5500;5973
2026-06-08T09:00:02.0000000Z;52.82;52.89;5500;5973
2026-06-08T09:00:04.0000000Z;52.82;52.89;5500;5973
2026-06-08T09:00:05.0000000Z;52.82;52.89;5500;5500
2026-06-08T09:00:06.0000000Z;52.82;52.89;253;5500
2026-06-08T09:00:12.0000000Z;52.82;52.9;253;253
2026-06-08T09:00:13.0000000Z;52.82;52.9;253;253
2026-06-08T09:00:14.0000000Z;52.82;52.9;253;5500
2026-06-08T09:00:15.0000000Z;52.82;52.89;125;253
2026-06-08T09:00:16.0000000Z;52.82;52.89;125;5500
2026-06-08T09:00:18.0000000Z;52.82;52.89;125;5500
2026-06-08T09:00:19.0000000Z;52.82;52.89;378;5500
2026-06-08T09:00:25.0000000Z;52.82;52.89;378;5500
2026-06-08T09:00:27.0000000Z;52.83;52.9;5500;253
2026-06-08T09:00:29.0000000Z;52.83;52.9;253;5973
2026-06-08T09:00:31.0000000Z;52.83;52.9;253;253
2026-06-08T09:00:33.0000000Z;52.82;52.89;253;253
2026-06-08T09:00:34.0000000Z;52.83;52.9;253;253
2026-06-08T09:00:35.0000000Z;52.83;52.89;5500;253
2026-06-08T09:00:36.0000000Z;52.83;52.89;253;253
2026-06-08T09:00:37.0000000Z;52.83;52.9;253;5500
2026-06-08T09:00:38.0000000Z;52.84;52.91;253;253
2026-06-08T09:00:39.0000000Z;52.84;52.91;253;253
2026-06-08T09:00:41.0000000Z;52.84;52.92;253;253
2026-06-08T09:00:42.0000000Z;52.84;52.91;253;253
2026-06-08T09:00:45.0000000Z;52.84;52.91;253;253
2026-06-08T09:00:46.0000000Z;52.84;52.91;253;5500
2026-06-08T09:00:47.0000000Z;52.84;52.91;253;5500
2026-06-08T09:00:49.0000000Z;52.84;52.91;253;5500
2026-06-08T09:00:51.0000000Z;52.84;52.91;253;253
2026-06-08T09:01:00.0000000Z;52.84;52.91;253;253
2026-06-08T09:01:03.0000000Z;52.84;52.91;253;253
2026-06-08T09:01:04.0000000Z;52.83;52.9;253;253
2026-06-08T09:01:05.0000000Z;52.83;52.9;5974;253
2026-06-08T09:01:07.0000000Z;52.83;52.9;5974;253
2026-06-08T09:01:08.0000000Z;52.83;52.9;5500;253
2026-06-08T09:01:09.0000000Z;52.83;52.9;5500;253
2026-06-08T09:01:10.0000000Z;52.83;52.9;5500;253
2026-06-08T09:01:11.0000000Z;52.83;52.9;5500;253
2026-06-08T09:01:12.0000000Z;52.83;52.9;5500;253
2026-06-08T09:01:13.0000000Z;52.82;52.9;253;253
2026-06-08T09:01:15.0000000Z;52.82;52.9;5974;253
2026-06-08T09:01:19.0000000Z;52.82;52.89;5974;5500
2026-06-08T09:01:20.0000000Z;52.83;52.9;253;253
2026-06-08T09:01:21.0000000Z;52.83;52.9;5500;253
2026-06-08T09:01:22.0000000Z;52.82;52.9;253;253
2026-06-08T09:01:23.0000000Z;52.82;52.89;253;5500
2026-06-08T09:01:24.0000000Z;52.82;52.9;253;253
2026-06-08T09:01:25.0000000Z;52.83;52.9;253;253
2026-06-08T09:01:26.0000000Z;52.83;52.9;5500;253
2026-06-08T09:01:27.0000000Z;52.83;52.9;5500;5973
2026-06-08T09:01:28.0000000Z;52.83;52.9;5500;5500
2026-06-08T09:01:30.0000000Z;52.83;52.9;5500;5500
2026-06-08T09:01:34.0000000Z;52.84;52.91;5500;253
2026-06-08T09:01:36.0000000Z;52.84;52.92;5500;253
2026-06-08T09:01:37.0000000Z;52.85;52.91;253;5973
2026-06-08T09:01:38.0000000Z;52.85;52.91;5500;5973
2026-06-08T09:01:39.0000000Z;52.84;52.91;253;473
2026-06-08T09:01:40.0000000Z;52.84;52.91;253;473
2026-06-08T09:01:41.0000000Z;52.86;52.93;253;253
2026-06-08T09:01:42.0000000Z;52.86;52.94;253;253
2026-06-08T09:01:43.0000000Z;52.86;52.94;5500;253
2026-06-08T09:01:44.0000000Z;52.86;52.94;5500;253
2026-06-08T09:01:45.0000000Z;52.86;52.93;5500;473
2026-06-08T09:01:48.0000000Z;52.86;52.93;5500;5973
2026-06-08T09:01:51.0000000Z;52.85;52.92;253;253
2026-06-08T09:01:53.0000000Z;52.85;52.92;5500;253
2026-06-08T09:01:55.0000000Z;52.85;52.92;5500;253
2026-06-08T09:01:56.0000000Z;52.85;52.92;253;253
2026-06-08T09:02:00.0000000Z;52.85;52.92;253;253
2026-06-08T09:02:01.0000000Z;52.84;52.92;253;253
2026-06-08T09:02:03.0000000Z;52.84;52.92;5974;253
2026-06-08T09:02:05.0000000Z;52.84;52.92;5500;253
2026-06-08T09:02:06.0000000Z;52.84;52.92;5500;253
2026-06-08T09:02:07.0000000Z;52.84;52.92;5500;253
2026-06-08T09:02:09.0000000Z;52.84;52.92;5500;253
2026-06-08T09:02:10.0000000Z;52.85;52.92;5500;253
2026-06-08T09:02:13.0000000Z;52.84;52.92;253;253
2026-06-08T09:02:15.0000000Z;52.84;52.91;5500;253
2026-06-08T09:02:16.0000000Z;52.84;52.91;5500;5500
2026-06-08T09:02:17.0000000Z;52.84;52.91;5500;5500
2026-06-08T09:02:18.0000000Z;52.84;52.92;5500;253
2026-06-08T09:02:19.0000000Z;52.85;52.91;253;5500
2026-06-08T09:02:20.0000000Z;52.85;52.91;5500;5500
2026-06-08T09:02:21.0000000Z;52.85;52.92;5500;5973
2026-06-08T09:02:22.0000000Z;52.84;52.92;253;5973
2026-06-08T09:02:23.0000000Z;52.85;52.92;5500;5973
2026-06-08T09:02:25.0000000Z;52.84;52.92;5500;5973
2026-06-08T09:02:28.0000000Z;52.84;52.92;5500;5500
2026-06-08T09:02:29.0000000Z;52.84;52.92;5500;5500
2026-06-08T09:02:30.0000000Z;52.84;52.92;5500;5500
2026-06-08T09:02:35.0000000Z;52.85;52.92;253;5500
2026-06-08T09:02:36.0000000Z;52.85;52.92;5500;5500
2026-06-08T09:02:37.0000000Z;52.85;52.92;253;5500
2026-06-08T09:02:39.0000000Z;52.85;52.92;253;5500
2026-06-08T09:02:40.0000000Z;52.85;52.92;253;5500
2026-06-08T09:02:46.0000000Z;52.85;52.92;253;5500
2026-06-08T09:02:47.0000000Z;52.86;52.93;253;253
2026-06-08T09:02:48.0000000Z;52.85;52.92;5500;253
2026-06-08T09:02:49.0000000Z;52.85;52.92;5500;253
2026-06-08T09:02:50.0000000Z;52.85;52.92;5500;253
2026-06-08T09:02:51.0000000Z;52.85;52.92;5500;253
2026-06-08T09:02:52.0000000Z;52.84;52.92;253;253
2026-06-08T09:02:53.0000000Z;52.85;52.92;253;253
2026-06-08T09:02:58.0000000Z;52.86;52.93;253;253
2026-06-08T09:02:59.0000000Z;52.86;52.93;253;5973
2026-06-08T09:03:00.0000000Z;52.86;52.94;253;253
2026-06-08T09:03:01.0000000Z;52.86;52.94;253;253
2026-06-08T09:03:03.0000000Z;52.86;52.93;253;473
2026-06-08T09:03:04.0000000Z;52.86;52.94;253;5500
2026-06-08T09:03:05.0000000Z;52.86;52.93;253;5500
2026-06-08T09:03:14.0000000Z;52.86;52.93;253;5500
2026-06-08T09:03:19.0000000Z;52.86;52.93;253;5500
2026-06-08T09:03:20.0000000Z;52.86;52.94;253;253
2026-06-08T09:03:23.0000000Z;52.86;52.94;253;5973
2026-06-08T09:03:24.0000000Z;52.86;52.93;253;5500
2026-06-08T09:03:29.0000000Z;52.85;52.92;253;253
2026-06-08T09:03:31.0000000Z;52.85;52.92;5974;253
2026-06-08T09:03:36.0000000Z;52.85;52.92;5500;253
2026-06-08T09:03:38.0000000Z;52.85;52.92;5500;253
2026-06-08T09:03:39.0000000Z;52.85;52.92;5500;253
2026-06-08T09:03:41.0000000Z;52.85;52.92;5500;253
2026-06-08T09:03:42.0000000Z;52.84;52.92;253;253
2026-06-08T09:03:45.0000000Z;52.84;52.91;5974;253
2026-06-08T09:03:46.0000000Z;52.85;52.92;253;5500
2026-06-08T09:03:47.0000000Z;52.85;52.92;8290;5500
2026-06-08T09:03:52.0000000Z;52.86;52.93;5500;253
2026-06-08T09:03:54.0000000Z;52.86;52.93;5500;5973
2026-06-08T09:03:59.0000000Z;52.86;52.93;5500;5500
2026-06-08T09:04:00.0000000Z;52.86;52.93;5500;5500
2026-06-08T09:04:01.0000000Z;52.86;52.93;5500;5500
2026-06-08T09:04:02.0000000Z;52.86;52.93;5500;5500
2026-06-08T09:04:06.0000000Z;52.86;52.93;5500;5500
2026-06-08T09:04:10.0000000Z;52.86;52.93;5500;5500
2026-06-08T09:04:16.0000000Z;52.86;52.94;5500;253
2026-06-08T09:04:18.0000000Z;52.86;52.94;5500;5973
2026-06-08T09:04:21.0000000Z;52.86;52.94;5500;5500
2026-06-08T09:04:22.0000000Z;52.86;52.94;5500;5500
2026-06-08T09:04:23.0000000Z;52.86;52.94;5500;5500
2026-06-08T09:04:24.0000000Z;52.87;52.94;253;5500
2026-06-08T09:04:25.0000000Z;52.87;52.94;5500;5500
2026-06-08T09:04:27.0000000Z;52.87;52.94;5500;5500
2026-06-08T09:04:29.0000000Z;52.87;52.94;5500;5500
2026-06-08T09:04:34.0000000Z;52.87;52.94;5500;5500
2026-06-08T09:04:44.0000000Z;52.87;52.94;5500;5500
2026-06-08T09:04:45.0000000Z;52.86;52.94;253;5500
2026-06-08T09:04:48.0000000Z;52.86;52.94;5973;5500
2026-06-08T09:04:49.0000000Z;52.86;52.93;5973;5500
2026-06-08T09:04:51.0000000Z;52.86;52.94;5973;253
2026-06-08T09:04:52.0000000Z;52.86;52.94;5500;253
2026-06-08T09:04:54.0000000Z;52.86;52.94;5973;5973
2026-06-08T09:04:55.0000000Z;52.86;52.94;5973;5973
2026-06-08T09:04:58.0000000Z;52.86;52.93;5973;253
2026-06-08T09:04:59.0000000Z;52.86;52.93;5973;5500
2026-06-08T09:05:00.0000000Z;52.86;52.93;5973;5500
2026-06-08T09:05:01.0000000Z;52.86;52.93;5973;5500
2026-06-08T09:05:02.0000000Z;52.86;52.94;5973;253
2026-06-08T09:05:04.0000000Z;52.86;52.94;5973;5500
2026-06-08T09:05:05.0000000Z;52.86;52.93;5973;253
2026-06-08T09:05:10.0000000Z;52.86;52.93;5973;253
2026-06-08T09:05:12.0000000Z;52.85;52.92;253;5500
2026-06-08T09:05:14.0000000Z;52.85;52.92;5974;5500
2026-06-08T09:05:15.0000000Z;52.85;52.92;253;253
2026-06-08T09:05:16.0000000Z;52.85;52.93;5974;253
2026-06-08T09:05:17.0000000Z;52.85;52.91;5500;5500
2026-06-08T09:05:20.0000000Z;52.84;52.91;5974;5500
2026-06-08T09:05:23.0000000Z;52.85;52.92;253;253
2026-06-08T09:05:26.0000000Z;52.84;52.91;253;253
2026-06-08T09:05:27.0000000Z;52.84;52.91;253;5500
2026-06-08T09:05:28.0000000Z;52.84;52.91;5974;5500
2026-06-08T09:05:31.0000000Z;52.84;52.91;5974;5500
2026-06-08T09:05:32.0000000Z;52.84;52.91;5500;5500
2026-06-08T09:05:34.0000000Z;52.83;52.91;5974;5500
2026-06-08T09:05:37.0000000Z;52.83;52.9;5974;253
2026-06-08T09:05:38.0000000Z;52.83;52.9;5974;5500
2026-06-08T09:05:39.0000000Z;52.83;52.9;5500;5500
2026-06-08T09:05:43.0000000Z;52.83;52.9;5500;5500
2026-06-08T09:05:44.0000000Z;52.83;52.9;5500;5500
2026-06-08T09:05:45.0000000Z;52.83;52.9;5500;5500
2026-06-08T09:05:46.0000000Z;52.83;52.9;5500;5500
2026-06-08T09:05:47.0000000Z;52.83;52.9;5500;5500
2026-06-08T09:05:51.0000000Z;52.82;52.89;174;253
2026-06-08T09:05:52.0000000Z;52.82;52.89;174;5500
2026-06-08T09:05:54.0000000Z;52.82;52.89;5974;5500
2026-06-08T09:05:59.0000000Z;52.82;52.89;5974;5500
2026-06-08T09:06:00.0000000Z;52.82;52.89;5500;5500
2026-06-08T09:06:14.0000000Z;52.82;52.89;5500;5500
2026-06-08T09:06:16.0000000Z;52.81;52.88;189;253
2026-06-08T09:06:17.0000000Z;52.82;52.88;5500;5500
2026-06-08T09:06:18.0000000Z;52.81;52.87;5974;5500
2026-06-08T09:06:20.0000000Z;52.8;52.86;189;5500
2026-06-08T09:06:22.0000000Z;52.8;52.87;442;253
2026-06-08T09:06:24.0000000Z;52.8;52.87;442;5973
2026-06-08T09:06:27.0000000Z;52.8;52.86;189;253
2026-06-08T09:06:28.0000000Z;52.8;52.86;189;5500
2026-06-08T09:06:30.0000000Z;52.8;52.86;189;253
2026-06-08T09:06:32.0000000Z;52.8;52.86;189;253
2026-06-08T09:06:33.0000000Z;52.79;52.85;186;253
2026-06-08T09:06:34.0000000Z;52.79;52.85;186;5500
2026-06-08T09:06:36.0000000Z;52.79;52.85;5974;5500
2026-06-08T09:06:38.0000000Z;52.79;52.86;439;253
2026-06-08T09:06:42.0000000Z;52.79;52.86;5500;5500
2026-06-08T09:06:43.0000000Z;52.79;52.86;5500;5500
2026-06-08T09:06:54.0000000Z;52.79;52.86;5500;5500
2026-06-08T09:06:55.0000000Z;52.79;52.86;5500;5500
2026-06-08T09:06:56.0000000Z;52.79;52.86;5500;5500
2026-06-08T09:06:57.0000000Z;52.79;52.85;186;253
2026-06-08T09:06:58.0000000Z;52.79;52.85;186;253
2026-06-08T09:06:59.0000000Z;52.79;52.85;186;253
2026-06-08T09:07:01.0000000Z;52.78;52.85;189;253
2026-06-08T09:07:03.0000000Z;52.78;52.85;189;253
2026-06-08T09:07:04.0000000Z;52.78;52.85;5500;253
2026-06-08T09:07:07.0000000Z;52.78;52.84;5500;253
2026-06-08T09:07:08.0000000Z;52.78;52.84;5500;5500
2026-06-08T09:07:17.0000000Z;52.77;52.83;189;253
2026-06-08T09:07:18.0000000Z;52.77;52.83;189;5500
2026-06-08T09:07:20.0000000Z;52.77;52.83;5974;5500
2026-06-08T09:07:23.0000000Z;52.77;52.83;5974;5500
2026-06-08T09:07:24.0000000Z;52.77;52.83;5974;5500
2026-06-08T09:07:25.0000000Z;52.77;52.83;5500;5500
2026-06-08T09:07:26.0000000Z;52.77;52.83;189;253
2026-06-08T09:07:27.0000000Z;52.77;52.84;442;253
2026-06-08T09:07:30.0000000Z;52.77;52.84;442;5974
2026-06-08T09:07:31.0000000Z;52.77;52.83;189;253
2026-06-08T09:07:32.0000000Z;52.77;52.84;442;253
2026-06-08T09:07:33.0000000Z;52.77;52.84;442;5974
2026-06-08T09:07:35.0000000Z;52.77;52.83;189;253
2026-06-08T09:07:36.0000000Z;52.77;52.83;189;5500
2026-06-08T09:07:41.0000000Z;52.77;52.84;442;253
2026-06-08T09:07:44.0000000Z;52.77;52.83;189;253
2026-06-08T09:07:46.0000000Z;52.77;52.83;189;253
2026-06-08T09:07:48.0000000Z;52.77;52.83;189;253
2026-06-08T09:07:51.0000000Z;52.77;52.84;442;253
2026-06-08T09:07:54.0000000Z;52.77;52.84;442;5974
2026-06-08T09:07:57.0000000Z;52.77;52.84;442;5500
2026-06-08T09:08:03.0000000Z;52.77;52.84;442;5500
2026-06-08T09:08:04.0000000Z;52.77;52.84;442;5500
2026-06-08T09:08:06.0000000Z;52.77;52.84;442;5500
2026-06-08T09:08:07.0000000Z;52.77;52.84;442;5500
2026-06-08T09:08:13.0000000Z;52.77;52.85;442;253
2026-06-08T09:08:14.0000000Z;52.77;52.84;442;253
2026-06-08T09:08:16.0000000Z;52.77;52.84;442;253
2026-06-08T09:08:19.0000000Z;52.77;52.85;442;253
2026-06-08T09:08:21.0000000Z;52.77;52.85;442;5974
2026-06-08T09:08:24.0000000Z;52.77;52.85;442;5500
2026-06-08T09:08:30.0000000Z;52.77;52.84;442;5500
2026-06-08T09:08:34.0000000Z;52.77;52.83;189;253
2026-06-08T09:08:35.0000000Z;52.77;52.83;189;5500
2026-06-08T09:08:43.0000000Z;52.77;52.83;189;5500
2026-06-08T09:08:50.0000000Z;52.77;52.84;442;253
2026-06-08T09:08:51.0000000Z;52.77;52.84;442;253
2026-06-08T09:08:53.0000000Z;52.77;52.84;442;5974
2026-06-08T09:08:54.0000000Z;52.77;52.83;189;253
2026-06-08T09:09:02.0000000Z;52.76;52.83;189;253
2026-06-08T09:09:03.0000000Z;52.76;52.83;189;253
2026-06-08T09:09:06.0000000Z;52.76;52.83;5974;253
2026-06-08T09:09:09.0000000Z;52.76;52.83;5500;253
2026-06-08T09:09:10.0000000Z;52.76;52.83;442;253
2026-06-08T09:09:11.0000000Z;52.76;52.83;189;253
2026-06-08T09:09:12.0000000Z;52.76;52.83;189;253
2026-06-08T09:09:14.0000000Z;52.76;52.83;189;253
2026-06-08T09:09:25.0000000Z;52.76;52.83;189;253
2026-06-08T09:09:26.0000000Z;52.76;52.82;189;253
2026-06-08T09:09:27.0000000Z;52.76;52.82;189;5500
2026-06-08T09:09:29.0000000Z;52.76;52.83;189;5500
2026-06-08T09:09:30.0000000Z;52.75;52.82;442;253
2026-06-08T09:09:31.0000000Z;52.75;52.83;442;253
2026-06-08T09:09:32.0000000Z;52.75;52.83;442;253
2026-06-08T09:09:34.0000000Z;52.75;52.83;5500;5500
2026-06-08T09:09:37.0000000Z;52.75;52.82;5500;5500
2026-06-08T09:09:38.0000000Z;52.75;52.83;5500;253
2026-06-08T09:09:39.0000000Z;52.75;52.83;5500;5500
2026-06-08T09:09:40.0000000Z;52.75;52.83;5500;5500
2026-06-08T09:09:43.0000000Z;52.75;52.83;5500;5500
2026-06-08T09:09:46.0000000Z;52.75;52.83;5500;5500
2026-06-08T09:09:49.0000000Z;52.77;52.83;5500;5500
2026-06-08T09:09:51.0000000Z;52.77;52.83;5500;5500
2026-06-08T09:09:54.0000000Z;52.77;52.83;5500;5500
2026-06-08T09:09:55.0000000Z;52.77;52.83;5500;5500
2026-06-08T09:09:56.0000000Z;52.77;52.84;442;253
2026-06-08T09:09:57.0000000Z;52.76;52.83;189;253
2026-06-08T09:09:58.0000000Z;52.76;52.83;189;253
2026-06-08T09:10:00.0000000Z;52.76;52.83;5974;253
2026-06-08T09:10:01.0000000Z;52.76;52.83;5500;253
2026-06-08T09:10:02.0000000Z;52.76;52.82;5974;253
2026-06-08T09:10:05.0000000Z;52.75;52.82;442;253
2026-06-08T09:10:06.0000000Z;52.75;52.81;189;5500
2026-06-08T09:10:07.0000000Z;52.75;52.82;189;5500
2026-06-08T09:10:08.0000000Z;52.75;52.82;5974;5500
2026-06-08T09:10:10.0000000Z;52.75;52.82;5500;5500
2026-06-08T09:10:11.0000000Z;52.75;52.82;5500;5500
2026-06-08T09:10:12.0000000Z;52.75;52.83;5500;253
2026-06-08T09:10:14.0000000Z;52.77;52.83;5500;5974
2026-06-08T09:10:15.0000000Z;52.77;52.83;5500;5974
2026-06-08T09:10:16.0000000Z;52.77;52.83;5500;5974
2026-06-08T09:10:20.0000000Z;52.77;52.84;442;253
2026-06-08T09:10:21.0000000Z;52.77;52.83;189;253
2026-06-08T09:10:22.0000000Z;52.77;52.83;189;5500
2026-06-08T09:10:25.0000000Z;52.77;52.84;442;253
2026-06-08T09:10:27.0000000Z;52.77;52.83;189;253
2026-06-08T09:10:29.0000000Z;52.77;52.84;442;253
2026-06-08T09:10:30.0000000Z;52.77;52.84;442;253
2026-06-08T09:10:31.0000000Z;52.77;52.84;442;253
2026-06-08T09:10:32.0000000Z;52.77;52.85;442;253
2026-06-08T09:10:33.0000000Z;52.77;52.84;442;5500
2026-06-08T09:10:34.0000000Z;52.77;52.85;442;5500
2026-06-08T09:10:36.0000000Z;52.77;52.85;442;5500
2026-06-08T09:10:37.0000000Z;52.79;52.85;164;5500
2026-06-08T09:10:38.0000000Z;52.79;52.85;5500;5500
2026-06-08T09:10:43.0000000Z;52.79;52.85;5500;5500
2026-06-08T09:10:45.0000000Z;52.79;52.86;417;253
2026-06-08T09:10:47.0000000Z;52.79;52.86;417;253
2026-06-08T09:10:48.0000000Z;52.79;52.86;417;5500
2026-06-08T09:10:51.0000000Z;52.79;52.86;417;253
2026-06-08T09:10:53.0000000Z;52.79;52.87;417;253
2026-06-08T09:10:54.0000000Z;52.79;52.86;417;5500
2026-06-08T09:10:56.0000000Z;52.79;52.87;417;5973
2026-06-08T09:10:59.0000000Z;52.79;52.87;417;5500
2026-06-08T09:11:00.0000000Z;52.79;52.86;417;253
2026-06-08T09:11:01.0000000Z;52.79;52.86;417;253
2026-06-08T09:11:02.0000000Z;52.79;52.85;164;253
2026-06-08T09:11:03.0000000Z;52.79;52.85;164;5500
2026-06-08T09:11:05.0000000Z;52.78;52.85;189;5500
2026-06-08T09:11:07.0000000Z;52.78;52.85;189;5500
2026-06-08T09:11:08.0000000Z;52.78;52.85;5500;5500
2026-06-08T09:11:12.0000000Z;52.78;52.85;5500;5500
2026-06-08T09:11:17.0000000Z;52.78;52.84;5500;253
2026-06-08T09:11:18.0000000Z;52.78;52.84;5500;253
2026-06-08T09:11:19.0000000Z;52.78;52.85;5500;253
2026-06-08T09:11:20.0000000Z;52.78;52.85;5500;5500
2026-06-08T09:11:26.0000000Z;52.78;52.85;442;5500
2026-06-08T09:11:30.0000000Z;52.78;52.85;442;5500
2026-06-08T09:11:31.0000000Z;52.8;52.86;136;253
2026-06-08T09:11:32.0000000Z;52.8;52.86;5500;253
2026-06-08T09:11:33.0000000Z;52.79;52.85;164;253
2026-06-08T09:11:34.0000000Z;52.8;52.85;5500;253
2026-06-08T09:11:36.0000000Z;52.79;52.85;5500;253
2026-06-08T09:11:38.0000000Z;52.78;52.85;189;253
2026-06-08T09:11:40.0000000Z;52.78;52.85;5500;253
2026-06-08T09:11:54.0000000Z;52.78;52.85;5500;253
2026-06-08T09:11:55.0000000Z;52.8;52.87;5500;253
2026-06-08T09:11:58.0000000Z;52.8;52.86;5500;473
2026-06-08T09:11:59.0000000Z;52.8;52.87;5500;5500
2026-06-08T09:12:05.0000000Z;52.8;52.86;5500;253
2026-06-08T09:12:06.0000000Z;52.8;52.86;5500;5500
2026-06-08T09:12:10.0000000Z;52.8;52.86;5500;253
2026-06-08T09:12:13.0000000Z;52.79;52.86;253;253
2026-06-08T09:12:14.0000000Z;52.79;52.86;5974;253
2026-06-08T09:12:15.0000000Z;52.79;52.86;5974;253
2026-06-08T09:12:17.0000000Z;52.8;52.86;136;253
2026-06-08T09:12:18.0000000Z;52.8;52.86;136;253
2026-06-08T09:12:19.0000000Z;52.8;52.86;136;253
2026-06-08T09:12:21.0000000Z;52.79;52.85;164;253
2026-06-08T09:12:22.0000000Z;52.79;52.85;5974;253
2026-06-08T09:12:26.0000000Z;52.79;52.85;5500;253
2026-06-08T09:12:52.0000000Z;52.79;52.86;417;253
2026-06-08T09:12:53.0000000Z;52.79;52.85;164;253
2026-06-08T09:13:03.0000000Z;52.79;52.86;417;253
2026-06-08T09:13:04.0000000Z;52.79;52.86;417;5973
2026-06-08T09:13:08.0000000Z;52.79;52.86;417;5500
2026-06-08T09:13:09.0000000Z;52.79;52.86;417;5500
2026-06-08T09:13:14.0000000Z;52.79;52.85;164;253
2026-06-08T09:13:18.0000000Z;52.79;52.85;164;253
2026-06-08T09:13:23.0000000Z;52.79;52.87;417;253
2026-06-08T09:13:24.0000000Z;52.79;52.86;417;473
2026-06-08T09:13:25.0000000Z;52.79;52.86;417;5973
2026-06-08T09:13:30.0000000Z;52.79;52.87;417;253
2026-06-08T09:13:31.0000000Z;52.8;52.87;253;253
2026-06-08T09:13:32.0000000Z;52.8;52.87;5500;5973
2026-06-08T09:13:33.0000000Z;52.8;52.87;5500;5973
2026-06-08T09:13:36.0000000Z;52.8;52.87;5500;5973
2026-06-08T09:13:37.0000000Z;52.81;52.88;5500;253
2026-06-08T09:13:40.0000000Z;52.81;52.88;5500;5973
2026-06-08T09:13:46.0000000Z;52.81;52.88;5500;5500
2026-06-08T09:14:01.0000000Z;52.81;52.88;5500;5500
2026-06-08T09:14:02.0000000Z;52.81;52.88;5500;5500
2026-06-08T09:14:04.0000000Z;52.81;52.88;5500;5500
2026-06-08T09:14:05.0000000Z;52.81;52.87;128;5500
2026-06-08T09:14:11.0000000Z;52.81;52.88;381;253
2026-06-08T09:14:14.0000000Z;52.81;52.88;381;253
2026-06-08T09:14:15.0000000Z;52.81;52.88;381;5500
2026-06-08T09:14:17.0000000Z;52.81;52.88;381;5500
2026-06-08T09:14:18.0000000Z;52.81;52.87;128;5500
2026-06-08T09:14:21.0000000Z;52.81;52.87;128;5500
2026-06-08T09:14:23.0000000Z;52.82;52.89;253;253
2026-06-08T09:14:25.0000000Z;52.81;52.88;253;253
2026-06-08T09:14:26.0000000Z;52.81;52.88;253;5500
2026-06-08T09:14:27.0000000Z;52.81;52.88;5500;5500
2026-06-08T09:14:29.0000000Z;52.81;52.88;5500;5500
2026-06-08T09:14:31.0000000Z;52.81;52.88;5500;5500
2026-06-08T09:14:32.0000000Z;52.81;52.87;126;253
2026-06-08T09:14:37.0000000Z;52.81;52.87;126;253
2026-06-08T09:14:46.0000000Z;52.81;52.88;379;253
2026-06-08T09:14:47.0000000Z;52.81;52.88;379;253
2026-06-08T09:14:49.0000000Z;52.81;52.88;379;5973
2026-06-08T09:14:50.0000000Z;52.81;52.88;379;5973
2026-06-08T09:14:52.0000000Z;52.81;52.88;379;5500
2026-06-08T09:14:54.0000000Z;52.82;52.89;253;253
2026-06-08T09:14:55.0000000Z;52.82;52.89;5500;253
2026-06-08T09:14:57.0000000Z;52.82;52.89;253;5973
2026-06-08T09:15:00.0000000Z;52.82;52.89;253;5500
2026-06-08T09:15:02.0000000Z;52.81;52.88;253;253
2026-06-08T09:15:03.0000000Z;52.8;52.87;253;253
2026-06-08T09:15:04.0000000Z;52.8;52.87;253;5500
2026-06-08T09:15:05.0000000Z;52.81;52.87;474;5500
2026-06-08T09:15:06.0000000Z;52.81;52.88;253;253
2026-06-08T09:15:09.0000000Z;52.81;52.88;5500;5500
2026-06-08T09:15:12.0000000Z;52.81;52.87;128;253
2026-06-08T09:15:13.0000000Z;52.81;52.87;128;5500
2026-06-08T09:15:14.0000000Z;52.8;52.87;253;5500
2026-06-08T09:15:17.0000000Z;52.81;52.87;5500;5500
2026-06-08T09:15:18.0000000Z;52.81;52.88;378;253
2026-06-08T09:15:19.0000000Z;52.82;52.89;5500;253
2026-06-08T09:15:20.0000000Z;52.81;52.88;253;253
2026-06-08T09:15:21.0000000Z;52.82;52.89;253;253
2026-06-08T09:15:22.0000000Z;52.82;52.88;253;473
2026-06-08T09:15:24.0000000Z;52.82;52.89;253;5500
2026-06-08T09:15:25.0000000Z;52.81;52.88;253;253
2026-06-08T09:15:26.0000000Z;52.82;52.88;253;5500
2026-06-08T09:15:27.0000000Z;52.81;52.88;5974;253
2026-06-08T09:15:28.0000000Z;52.82;52.89;253;253
2026-06-08T09:15:29.0000000Z;52.82;52.89;253;5500
2026-06-08T09:15:30.0000000Z;52.82;52.89;253;253
2026-06-08T09:15:32.0000000Z;52.82;52.9;253;253
2026-06-08T09:15:35.0000000Z;52.82;52.9;253;5973
2026-06-08T09:15:36.0000000Z;52.82;52.89;253;253
2026-06-08T09:15:42.0000000Z;52.82;52.89;253;253
2026-06-08T09:15:43.0000000Z;52.82;52.89;253;253
2026-06-08T09:15:44.0000000Z;52.82;52.89;253;253
2026-06-08T09:15:57.0000000Z;52.82;52.89;253;253
2026-06-08T09:16:01.0000000Z;52.82;52.9;253;253
2026-06-08T09:16:03.0000000Z;52.82;52.9;253;5973
2026-06-08T09:16:08.0000000Z;52.82;52.9;253;5500
2026-06-08T09:16:18.0000000Z;52.83;52.9;253;5500
2026-06-08T09:16:19.0000000Z;52.83;52.9;5500;5500
2026-06-08T09:16:27.0000000Z;52.83;52.9;5500;5500
2026-06-08T09:16:28.0000000Z;52.82;52.9;253;5500
2026-06-08T09:16:30.0000000Z;52.82;52.9;253;5500
2026-06-08T09:16:31.0000000Z;52.82;52.89;5974;5500
2026-06-08T09:16:35.0000000Z;52.81;52.88;253;253
2026-06-08T09:16:36.0000000Z;52.82;52.88;5974;5500
2026-06-08T09:16:37.0000000Z;52.81;52.88;5500;253
2026-06-08T09:16:39.0000000Z;52.82;52.89;253;253
2026-06-08T09:16:41.0000000Z;52.82;52.89;253;5973
2026-06-08T09:16:42.0000000Z;52.81;52.88;253;253
2026-06-08T09:16:43.0000000Z;52.82;52.89;253;5973
2026-06-08T09:16:46.0000000Z;52.82;52.89;253;5500
2026-06-08T09:16:50.0000000Z;52.82;52.89;253;5500
2026-06-08T09:16:52.0000000Z;52.82;52.89;253;5500
2026-06-08T09:16:54.0000000Z;52.82;52.89;253;5500
2026-06-08T09:16:55.0000000Z;52.82;52.89;253;5500
2026-06-08T09:16:56.0000000Z;52.82;52.89;253;5500
2026-06-08T09:16:58.0000000Z;52.82;52.9;253;253
2026-06-08T09:17:01.0000000Z;52.82;52.9;253;5973
2026-06-08T09:17:06.0000000Z;52.82;52.9;253;5500
2026-06-08T09:17:15.0000000Z;52.81;52.88;253;253
2026-06-08T09:17:16.0000000Z;52.81;52.88;253;5500
2026-06-08T09:17:17.0000000Z;52.81;52.88;5974;5500
2026-06-08T09:17:19.0000000Z;52.81;52.88;5974;5500
2026-06-08T09:17:20.0000000Z;52.81;52.88;5974;5500
2026-06-08T09:17:23.0000000Z;52.82;52.89;253;253
2026-06-08T09:17:24.0000000Z;52.82;52.89;253;253
2026-06-08T09:17:25.0000000Z;52.82;52.89;253;5500
2026-06-08T09:17:29.0000000Z;52.82;52.89;253;5500
2026-06-08T09:17:30.0000000Z;52.82;52.89;253;5500
2026-06-08T09:17:32.0000000Z;52.82;52.9;253;253
2026-06-08T09:17:33.0000000Z;52.82;52.89;253;253
2026-06-08T09:17:37.0000000Z;52.82;52.89;253;253
2026-06-08T09:17:40.0000000Z;52.81;52.88;396;253
2026-06-08T09:17:41.0000000Z;52.81;52.88;396;5500
2026-06-08T09:17:43.0000000Z;52.82;52.88;253;5500
2026-06-08T09:17:45.0000000Z;52.82;52.89;253;5500
2026-06-08T09:17:46.0000000Z;52.81;52.88;396;253
2026-06-08T09:17:47.0000000Z;52.81;52.88;253;5500
2026-06-08T09:17:49.0000000Z;52.81;52.88;5500;5500
2026-06-08T09:17:51.0000000Z;52.81;52.88;253;5500
2026-06-08T09:17:55.0000000Z;52.82;52.89;253;253
2026-06-08T09:17:56.0000000Z;52.81;52.88;253;253
2026-06-08T09:17:57.0000000Z;52.82;52.88;5500;253
2026-06-08T09:17:59.0000000Z;52.81;52.88;5500;253
2026-06-08T09:17:59.0000000Z;52.81;52.88;5500;253
2026-06-08T09:18:04.0000000Z;52.81;52.88;5500;253
2026-06-08T09:18:06.0000000Z;52.82;52.89;253;253
2026-06-08T09:18:07.0000000Z;52.82;52.88;5500;253
2026-06-08T09:18:09.0000000Z;52.81;52.88;5500;253
2026-06-08T09:18:17.0000000Z;52.81;52.87;141;253
2026-06-08T09:18:18.0000000Z;52.81;52.87;141;5500
2026-06-08T09:18:21.0000000Z;52.81;52.87;141;5500
2026-06-08T09:18:25.0000000Z;52.81;52.88;394;253
2026-06-08T09:18:26.0000000Z;52.8;52.87;169;253
2026-06-08T09:18:27.0000000Z;52.8;52.86;169;253
2026-06-08T09:18:28.0000000Z;52.8;52.86;5974;5500
2026-06-08T09:18:30.0000000Z;52.8;52.87;5974;253
2026-06-08T09:18:32.0000000Z;52.8;52.87;5500;5500
2026-06-08T09:18:38.0000000Z;52.79;52.85;168;253
2026-06-08T09:18:39.0000000Z;52.79;52.85;168;5500
2026-06-08T09:18:41.0000000Z;52.79;52.86;421;5500
2026-06-08T09:18:42.0000000Z;52.79;52.86;5974;5500
2026-06-08T09:18:45.0000000Z;52.79;52.86;5500;5500
2026-06-08T09:18:46.0000000Z;52.79;52.85;189;253
2026-06-08T09:18:52.0000000Z;52.79;52.85;189;253
2026-06-08T09:19:05.0000000Z;52.79;52.85;189;253
2026-06-08T09:19:06.0000000Z;52.78;52.85;442;253
2026-06-08T09:19:08.0000000Z;52.78;52.85;189;253
2026-06-08T09:19:10.0000000Z;52.78;52.85;5500;253
2026-06-08T09:19:14.0000000Z;52.78;52.85;442;253
2026-06-08T09:19:19.0000000Z;52.78;52.85;189;253
2026-06-08T09:19:29.0000000Z;52.78;52.85;189;253
2026-06-08T09:19:30.0000000Z;52.78;52.85;442;253
2026-06-08T09:19:31.0000000Z;52.78;52.85;442;253
2026-06-08T09:19:32.0000000Z;52.78;52.85;189;253
2026-06-08T09:19:33.0000000Z;52.78;52.85;189;253
2026-06-08T09:19:41.0000000Z;52.78;52.85;442;253
2026-06-08T09:19:43.0000000Z;52.78;52.85;442;253
2026-06-08T09:19:44.0000000Z;52.78;52.85;442;253
2026-06-08T09:19:51.0000000Z;52.78;52.85;189;253
2026-06-08T09:20:01.0000000Z;52.78;52.86;442;253
2026-06-08T09:20:04.0000000Z;52.78;52.86;442;5973
2026-06-08T09:20:10.0000000Z;52.78;52.86;442;5500
2026-06-08T09:20:16.0000000Z;52.8;52.87;5500;253
2026-06-08T09:20:17.0000000Z;52.81;52.88;253;253
2026-06-08T09:20:18.0000000Z;52.81;52.88;253;253
2026-06-08T09:20:19.0000000Z;52.81;52.88;253;253
2026-06-08T09:20:20.0000000Z;52.81;52.87;147;253
2026-06-08T09:20:21.0000000Z;52.81;52.87;147;5973
2026-06-08T09:20:22.0000000Z;52.81;52.87;147;5500
2026-06-08T09:20:31.0000000Z;52.81;52.88;400;253
2026-06-08T09:20:34.0000000Z;52.81;52.88;400;5973
2026-06-08T09:20:36.0000000Z;52.81;52.88;400;5500
2026-06-08T09:20:37.0000000Z;52.81;52.87;147;253
2026-06-08T09:20:38.0000000Z;52.81;52.89;400;253
2026-06-08T09:20:40.0000000Z;52.81;52.87;400;5500
2026-06-08T09:20:42.0000000Z;52.81;52.89;253;5973
2026-06-08T09:20:43.0000000Z;52.81;52.89;253;5500
2026-06-08T09:20:45.0000000Z;52.82;52.89;253;5500
2026-06-08T09:20:46.0000000Z;52.82;52.89;5500;5500
2026-06-08T09:20:47.0000000Z;52.82;52.89;5500;5500
2026-06-08T09:20:48.0000000Z;52.83;52.9;253;253
2026-06-08T09:20:49.0000000Z;52.83;52.9;253;253
2026-06-08T09:20:50.0000000Z;52.83;52.9;5500;253
2026-06-08T09:20:51.0000000Z;52.83;52.91;5500;253
2026-06-08T09:20:52.0000000Z;52.83;52.9;5500;473
2026-06-08T09:20:54.0000000Z;52.83;52.9;5500;473
2026-06-08T09:20:57.0000000Z;52.83;52.91;5500;5500
2026-06-08T09:20:58.0000000Z;52.83;52.91;5500;5500
2026-06-08T09:21:00.0000000Z;52.83;52.91;5500;5500
2026-06-08T09:21:01.0000000Z;52.83;52.91;5500;5500
2026-06-08T09:21:03.0000000Z;52.83;52.91;5500;5500
2026-06-08T09:21:04.0000000Z;52.83;52.91;5500;5500
2026-06-08T09:21:05.0000000Z;52.84;52.92;5500;253
2026-06-08T09:21:06.0000000Z;52.84;52.92;5500;5973
2026-06-08T09:21:08.0000000Z;52.84;52.92;5500;5973
2026-06-08T09:21:14.0000000Z;52.84;52.92;5500;5500
2026-06-08T09:21:23.0000000Z;52.84;52.91;5500;253
2026-06-08T09:21:24.0000000Z;52.84;52.91;5500;5500
2026-06-08T09:21:29.0000000Z;52.84;52.91;5500;253
2026-06-08T09:21:41.0000000Z;52.84;52.92;5500;253
2026-06-08T09:21:42.0000000Z;52.84;52.92;5500;5973
2026-06-08T09:21:44.0000000Z;52.84;52.91;5500;253
2026-06-08T09:21:45.0000000Z;52.84;52.91;5500;5500
2026-06-08T09:21:50.0000000Z;52.84;52.92;5500;253
2026-06-08T09:21:51.0000000Z;52.84;52.92;5500;253
2026-06-08T09:21:53.0000000Z;52.84;52.92;5500;5973
2026-06-08T09:21:55.0000000Z;52.84;52.92;5500;5500
2026-06-08T09:21:56.0000000Z;52.84;52.92;5500;5500
2026-06-08T09:22:00.0000000Z;52.84;52.92;5500;253
2026-06-08T09:22:14.0000000Z;52.84;52.92;5500;253
2026-06-08T09:22:15.0000000Z;52.84;52.91;5500;253
2026-06-08T09:22:16.0000000Z;52.84;52.91;5500;5500
2026-06-08T09:22:18.0000000Z;52.84;52.91;253;253
2026-06-08T09:22:23.0000000Z;52.84;52.91;253;253
2026-06-08T09:22:24.0000000Z;52.82;52.9;253;5500
2026-06-08T09:22:27.0000000Z;52.83;52.9;474;5500
2026-06-08T09:22:31.0000000Z;52.82;52.9;5500;5500
2026-06-08T09:22:33.0000000Z;52.84;52.91;253;253
2026-06-08T09:22:34.0000000Z;52.84;52.91;5500;253
2026-06-08T09:22:37.0000000Z;52.84;52.91;5500;5973
2026-06-08T09:22:40.0000000Z;52.84;52.92;5500;253
2026-06-08T09:22:42.0000000Z;52.84;52.91;5500;5500
2026-06-08T09:22:43.0000000Z;52.84;52.92;5500;5500
2026-06-08T09:22:50.0000000Z;52.84;52.92;5500;5500
2026-06-08T09:22:51.0000000Z;52.84;52.91;5500;253
2026-06-08T09:22:52.0000000Z;52.84;52.91;5500;5500
2026-06-08T09:22:58.0000000Z;52.84;52.91;5500;5500
2026-06-08T09:23:01.0000000Z;52.84;52.91;5500;5500
2026-06-08T09:23:02.0000000Z;52.83;52.9;253;5500
2026-06-08T09:23:04.0000000Z;52.83;52.9;253;5500
2026-06-08T09:23:05.0000000Z;52.83;52.9;5974;5500
2026-06-08T09:23:08.0000000Z;52.83;52.9;5500;5500
2026-06-08T09:23:09.0000000Z;52.83;52.9;5500;5500
2026-06-08T09:23:18.0000000Z;52.82;52.89;253;253
2026-06-08T09:23:19.0000000Z;52.83;52.9;253;253
2026-06-08T09:23:20.0000000Z;52.83;52.9;5500;253
2026-06-08T09:23:21.0000000Z;52.83;52.9;5500;5500
2026-06-08T09:23:23.0000000Z;52.83;52.9;5500;5500
2026-06-08T09:23:43.0000000Z;52.83;52.9;5500;5500
2026-06-08T09:23:57.0000000Z;52.83;52.9;5500;5500
2026-06-08T09:23:58.0000000Z;52.83;52.9;5500;253
2026-06-08T09:23:59.0000000Z;52.83;52.9;5500;253
2026-06-08T09:24:00.0000000Z;52.83;52.9;5500;253
2026-06-08T09:24:20.0000000Z;52.82;52.89;253;253
2026-06-08T09:24:21.0000000Z;52.82;52.89;253;5500
2026-06-08T09:24:23.0000000Z;52.82;52.89;5974;5500
2026-06-08T09:24:26.0000000Z;52.83;52.9;253;253
2026-06-08T09:24:27.0000000Z;52.83;52.9;253;5500
2026-06-08T09:24:28.0000000Z;52.82;52.89;253;253
2026-06-08T09:24:29.0000000Z;52.82;52.89;5974;253
2026-06-08T09:24:34.0000000Z;52.83;52.9;5500;253
2026-06-08T09:24:37.0000000Z;52.83;52.9;5500;5500
2026-06-08T09:24:44.0000000Z;52.82;52.89;253;253
2026-06-08T09:24:45.0000000Z;52.82;52.89;253;5500
2026-06-08T09:24:46.0000000Z;52.81;52.89;253;5500
2026-06-08T09:24:47.0000000Z;52.82;52.89;5974;5500
2026-06-08T09:24:49.0000000Z;52.82;52.89;474;5500
2026-06-08T09:24:52.0000000Z;52.81;52.89;5500;5500
2026-06-08T09:24:53.0000000Z;52.82;52.89;253;5500
2026-06-08T09:24:54.0000000Z;52.82;52.89;5500;5500
2026-06-08T09:24:58.0000000Z;52.82;52.89;5500;5500
2026-06-08T09:25:00.0000000Z;52.82;52.89;5500;5500
2026-06-08T09:25:02.0000000Z;52.83;52.9;253;253
2026-06-08T09:25:03.0000000Z;52.83;52.9;5500;253
2026-06-08T09:25:05.0000000Z;52.83;52.9;253;5973
2026-06-08T09:25:07.0000000Z;52.83;52.9;253;5500
2026-06-08T09:25:12.0000000Z;52.82;52.89;253;253
2026-06-08T09:25:13.0000000Z;52.83;52.9;253;253
2026-06-08T09:25:14.0000000Z;52.83;52.91;253;253
2026-06-08T09:25:15.0000000Z;52.83;52.9;253;253
2026-06-08T09:25:16.0000000Z;52.83;52.9;253;253
2026-06-08T09:25:23.0000000Z;52.82;52.89;253;253
2026-06-08T09:25:25.0000000Z;52.82;52.89;5974;253
2026-06-08T09:25:29.0000000Z;52.82;52.89;5500;253
2026-06-08T09:25:32.0000000Z;52.83;52.9;5500;253
2026-06-08T09:25:36.0000000Z;52.83;52.9;5500;5973
2026-06-08T09:25:37.0000000Z;52.83;52.9;5500;5500
2026-06-08T09:25:42.0000000Z;52.83;52.91;5500;253
2026-06-08T09:25:44.0000000Z;52.83;52.91;5500;5973
2026-06-08T09:25:47.0000000Z;52.83;52.91;5500;5500
2026-06-08T09:25:48.0000000Z;52.83;52.91;5500;5500
2026-06-08T09:25:49.0000000Z;52.84;52.91;5500;5500
2026-06-08T09:25:51.0000000Z;52.84;52.91;5500;5500
2026-06-08T09:25:55.0000000Z;52.84;52.91;5500;5500
2026-06-08T09:26:03.0000000Z;52.84;52.91;5500;5500
2026-06-08T09:26:04.0000000Z;52.83;52.91;253;5500
2026-06-08T09:26:06.0000000Z;52.84;52.91;5500;5500
2026-06-08T09:26:07.0000000Z;52.83;52.91;253;5500
2026-06-08T09:26:08.0000000Z;52.84;52.91;5500;5500
2026-06-08T09:26:09.0000000Z;52.84;52.91;5500;5500
2026-06-08T09:26:10.0000000Z;52.83;52.91;5500;5500
2026-06-08T09:26:12.0000000Z;52.83;52.91;5500;5500
2026-06-08T09:26:14.0000000Z;52.83;52.91;5500;5500
2026-06-08T09:26:22.0000000Z;52.83;52.9;5500;253
2026-06-08T09:26:23.0000000Z;52.83;52.9;5500;5500
2026-06-08T09:26:26.0000000Z;52.83;52.9;5500;5500
2026-06-08T09:26:28.0000000Z;52.83;52.9;5500;5500
2026-06-08T09:26:29.0000000Z;52.83;52.9;5500;5500
2026-06-08T09:26:30.0000000Z;52.83;52.91;5500;253
2026-06-08T09:26:32.0000000Z;52.83;52.91;5500;5973
2026-06-08T09:26:36.0000000Z;52.83;52.91;5500;5500
2026-06-08T09:26:44.0000000Z;52.83;52.9;5500;5500
2026-06-08T09:26:46.0000000Z;52.83;52.91;5500;253
2026-06-08T09:26:48.0000000Z;52.83;52.91;5500;5500
2026-06-08T09:26:51.0000000Z;52.83;52.9;5500;253
2026-06-08T09:26:52.0000000Z;52.83;52.9;5500;5500
2026-06-08T09:26:53.0000000Z;52.83;52.9;5500;5500
2026-06-08T09:26:55.0000000Z;52.83;52.9;5500;5500
2026-06-08T09:27:02.0000000Z;52.83;52.91;5500;253
2026-06-08T09:27:04.0000000Z;52.83;52.91;5500;5973
2026-06-08T09:27:06.0000000Z;52.83;52.91;5500;5500
2026-06-08T09:27:08.0000000Z;52.83;52.91;5500;5500
2026-06-08T09:27:09.0000000Z;52.84;52.91;5500;5500
2026-06-08T09:27:10.0000000Z;52.84;52.91;5500;5500
2026-06-08T09:27:14.0000000Z;52.83;52.91;253;5500
2026-06-08T09:27:16.0000000Z;52.84;52.91;5500;5500
2026-06-08T09:27:25.0000000Z;52.84;52.91;5500;5500
2026-06-08T09:27:27.0000000Z;52.84;52.91;5500;5500
2026-06-08T09:27:31.0000000Z;52.84;52.91;5500;5500
2026-06-08T09:27:32.0000000Z;52.84;52.91;5500;5500
2026-06-08T09:27:34.0000000Z;52.84;52.91;5500;5500
2026-06-08T09:27:38.0000000Z;52.84;52.91;5500;5500
2026-06-08T09:27:39.0000000Z;52.84;52.91;5500;5500
2026-06-08T09:27:40.0000000Z;52.83;52.91;253;5500
2026-06-08T09:27:42.0000000Z;52.83;52.91;5974;5500
2026-06-08T09:27:43.0000000Z;52.83;52.91;5500;5500
2026-06-08T09:27:48.0000000Z;52.84;52.91;253;5500
2026-06-08T09:27:50.0000000Z;52.84;52.91;253;5500
2026-06-08T09:27:51.0000000Z;52.84;52.91;253;5500
2026-06-08T09:27:52.0000000Z;52.83;52.91;253;5500
2026-06-08T09:27:53.0000000Z;52.83;52.91;253;5500
2026-06-08T09:27:54.0000000Z;52.83;52.91;5974;5500
2026-06-08T09:27:56.0000000Z;52.83;52.91;5500;5500
2026-06-08T09:27:58.0000000Z;52.83;52.91;5500;5500
2026-06-08T09:28:00.0000000Z;52.83;52.91;5500;5500
2026-06-08T09:28:08.0000000Z;52.82;52.9;253;5500
2026-06-08T09:28:10.0000000Z;52.82;52.9;5974;5500
2026-06-08T09:28:12.0000000Z;52.82;52.89;5974;253
2026-06-08T09:28:13.0000000Z;52.82;52.89;5974;5500
2026-06-08T09:28:15.0000000Z;52.82;52.89;5500;5500
2026-06-08T09:28:18.0000000Z;52.82;52.89;5500;5500
2026-06-08T09:28:19.0000000Z;52.82;52.89;5500;5500
2026-06-08T09:28:20.0000000Z;52.82;52.89;5500;5500
2026-06-08T09:28:21.0000000Z;52.82;52.89;5500;5500
2026-06-08T09:28:22.0000000Z;52.82;52.89;5500;5500
2026-06-08T09:28:25.0000000Z;52.81;52.88;397;5500
2026-06-08T09:28:28.0000000Z;52.81;52.88;5974;5500
2026-06-08T09:28:29.0000000Z;52.81;52.88;5974;5500
2026-06-08T09:28:30.0000000Z;52.81;52.88;147;5500
2026-06-08T09:28:31.0000000Z;52.81;52.88;147;5500
2026-06-08T09:28:32.0000000Z;52.81;52.87;5500;253
2026-06-08T09:28:33.0000000Z;52.81;52.87;5500;5500
2026-06-08T09:28:38.0000000Z;52.81;52.88;5500;253
2026-06-08T09:28:40.0000000Z;52.81;52.88;5500;5500
2026-06-08T09:28:41.0000000Z;52.81;52.88;5500;5500
2026-06-08T09:29:00.0000000Z;52.81;52.88;400;5500
2026-06-08T09:29:03.0000000Z;52.81;52.88;400;5500
2026-06-08T09:29:11.0000000Z;52.82;52.89;253;253
2026-06-08T09:29:12.0000000Z;52.82;52.89;5500;253
2026-06-08T09:29:13.0000000Z;52.82;52.89;253;253
2026-06-08T09:29:15.0000000Z;52.82;52.89;253;5973
2026-06-08T09:29:18.0000000Z;52.82;52.89;253;5500
2026-06-08T09:29:19.0000000Z;52.82;52.89;253;5500
2026-06-08T09:29:21.0000000Z;52.82;52.89;253;5500
2026-06-08T09:29:23.0000000Z;52.82;52.9;253;253
2026-06-08T09:29:25.0000000Z;52.82;52.9;253;5973
2026-06-08T09:29:27.0000000Z;52.82;52.9;253;5500
2026-06-08T09:29:35.0000000Z;52.82;52.9;253;5500
2026-06-08T09:29:39.0000000Z;52.82;52.9;253;5500
2026-06-08T09:29:46.0000000Z;52.83;52.9;253;253
2026-06-08T09:29:47.0000000Z;52.83;52.9;5500;5500
2026-06-08T09:29:51.0000000Z;52.83;52.9;5500;5500
2026-06-08T09:29:53.0000000Z;52.83;52.9;5500;5500
2026-06-08T09:29:57.0000000Z;52.82;52.89;253;253
2026-06-08T09:29:58.0000000Z;52.83;52.89;5500;5500
2026-06-08T09:29:59.0000000Z;52.82;52.89;5974;253
2026-06-08T09:30:02.0000000Z;52.82;52.89;5500;253
2026-06-08T09:30:04.0000000Z;52.82;52.89;5500;253
2026-06-08T09:30:05.0000000Z;52.81;52.89;5974;253
2026-06-08T09:30:08.0000000Z;52.81;52.89;5500;253
2026-06-08T09:30:32.0000000Z;52.83;52.9;253;253
2026-06-08T09:30:33.0000000Z;52.82;52.9;253;253
2026-06-08T09:30:34.0000000Z;52.82;52.9;5500;253
2026-06-08T09:30:35.0000000Z;52.83;52.9;5500;253
2026-06-08T09:30:37.0000000Z;52.83;52.91;5500;253
2026-06-08T09:30:39.0000000Z;52.83;52.9;5500;5973
2026-06-08T09:30:43.0000000Z;52.83;52.9;5500;5500
2026-06-08T09:30:45.0000000Z;52.82;52.89;253;5500
2026-06-08T09:30:47.0000000Z;52.82;52.89;5974;5500
2026-06-08T09:30:50.0000000Z;52.82;52.89;5974;5500
2026-06-08T09:30:53.0000000Z;52.82;52.89;5500;5500
2026-06-08T09:30:59.0000000Z;52.82;52.89;5500;5500
2026-06-08T09:30:59.0000000Z;52.82;52.89;5500;5500
2026-06-08T09:31:00.0000000Z;52.81;52.88;253;5500
2026-06-08T09:31:01.0000000Z;52.81;52.88;5974;5500
2026-06-08T09:31:06.0000000Z;52.81;52.88;5500;5500
2026-06-08T09:31:10.0000000Z;52.81;52.88;5500;5500
2026-06-08T09:31:21.0000000Z;52.81;52.88;147;5500
2026-06-08T09:31:22.0000000Z;52.81;52.88;147;5500
2026-06-08T09:31:24.0000000Z;52.81;52.88;400;5500
2026-06-08T09:31:47.0000000Z;52.82;52.89;5500;253
2026-06-08T09:31:49.0000000Z;52.82;52.89;5500;5973
2026-06-08T09:31:50.0000000Z;52.82;52.89;5500;5500
2026-06-08T09:31:53.0000000Z;52.81;52.89;253;5500
2026-06-08T09:31:55.0000000Z;52.8;52.88;253;253
2026-06-08T09:31:56.0000000Z;52.81;52.88;143;5500
2026-06-08T09:32:00.0000000Z;52.81;52.88;5500;5500
2026-06-08T09:32:06.0000000Z;52.81;52.88;5500;5500
2026-06-08T09:32:10.0000000Z;52.81;52.89;396;253
2026-06-08T09:32:12.0000000Z;52.81;52.89;396;253
2026-06-08T09:32:13.0000000Z;52.81;52.89;396;5973
2026-06-08T09:32:16.0000000Z;52.81;52.89;396;5500
2026-06-08T09:32:20.0000000Z;52.81;52.88;147;5500
2026-06-08T09:32:25.0000000Z;52.81;52.88;147;5500
2026-06-08T09:32:26.0000000Z;52.81;52.88;147;5500
2026-06-08T09:32:31.0000000Z;52.81;52.89;400;253
2026-06-08T09:32:33.0000000Z;52.81;52.89;400;5973
2026-06-08T09:32:34.0000000Z;52.81;52.89;400;5973
2026-06-08T09:32:35.0000000Z;52.81;52.89;400;5973
2026-06-08T09:32:37.0000000Z;52.81;52.89;400;5500
2026-06-08T09:32:38.0000000Z;52.81;52.88;400;5500
2026-06-08T09:32:41.0000000Z;52.81;52.88;400;5500
2026-06-08T09:32:44.0000000Z;52.81;52.88;400;5500
2026-06-08T09:32:50.0000000Z;52.81;52.89;400;253
2026-06-08T09:32:52.0000000Z;52.82;52.89;253;253
2026-06-08T09:32:54.0000000Z;52.82;52.89;5500;5973
2026-06-08T09:32:57.0000000Z;52.83;52.9;253;253
2026-06-08T09:32:58.0000000Z;52.83;52.9;5500;253
2026-06-08T09:33:05.0000000Z;52.82;52.89;253;253
2026-06-08T09:33:22.0000000Z;52.81;52.89;253;253
2026-06-08T09:33:23.0000000Z;52.81;52.89;253;253
2026-06-08T09:33:24.0000000Z;52.81;52.89;5974;253
2026-06-08T09:33:27.0000000Z;52.81;52.89;5500;253
2026-06-08T09:33:38.0000000Z;52.81;52.89;5500;253
2026-06-08T09:33:42.0000000Z;52.82;52.89;5500;253
2026-06-08T09:33:46.0000000Z;52.81;52.88;253;253
2026-06-08T09:33:47.0000000Z;52.82;52.88;5500;5500
2026-06-08T09:33:48.0000000Z;52.81;52.87;145;253
2026-06-08T09:33:49.0000000Z;52.81;52.87;145;5500
2026-06-08T09:33:55.0000000Z;52.8;52.86;178;253
2026-06-08T09:33:56.0000000Z;52.8;52.86;178;5500
2026-06-08T09:33:58.0000000Z;52.8;52.86;5500;5500
2026-06-08T09:34:01.0000000Z;52.79;52.85;189;253
2026-06-08T09:34:02.0000000Z;52.79;52.85;5974;253
2026-06-08T09:34:04.0000000Z;52.78;52.85;189;253
2026-06-08T09:34:05.0000000Z;52.78;52.85;189;253
2026-06-08T09:34:06.0000000Z;52.78;52.84;189;253
2026-06-08T09:34:07.0000000Z;52.78;52.84;189;5500
2026-06-08T09:34:08.0000000Z;52.79;52.85;474;253
2026-06-08T09:34:09.0000000Z;52.78;52.85;5500;253
2026-06-08T09:34:10.0000000Z;52.78;52.84;5500;5500
2026-06-08T09:34:11.0000000Z;52.77;52.85;253;253
2026-06-08T09:34:12.0000000Z;52.77;52.84;5974;5500
2026-06-08T09:34:14.0000000Z;52.77;52.84;5974;5500
2026-06-08T09:34:15.0000000Z;52.78;52.84;146;5500
2026-06-08T09:34:19.0000000Z;52.78;52.84;146;5500
2026-06-08T09:34:20.0000000Z;52.77;52.83;170;5500
2026-06-08T09:34:21.0000000Z;52.77;52.84;423;5500
2026-06-08T09:34:22.0000000Z;52.77;52.83;5974;5500
2026-06-08T09:34:24.0000000Z;52.77;52.84;5974;5500
2026-06-08T09:34:28.0000000Z;52.77;52.84;5500;5500
2026-06-08T09:34:39.0000000Z;52.77;52.84;5500;5500
2026-06-08T09:34:40.0000000Z;52.78;52.86;5500;253
2026-06-08T09:34:41.0000000Z;52.78;52.86;5500;253
2026-06-08T09:34:42.0000000Z;52.78;52.85;5500;474
2026-06-08T09:34:45.0000000Z;52.78;52.86;5500;5500
2026-06-08T09:34:46.0000000Z;52.78;52.85;5500;253
2026-06-08T09:34:52.0000000Z;52.78;52.85;5500;253
2026-06-08T09:35:14.0000000Z;52.78;52.85;5500;253
2026-06-08T09:35:16.0000000Z;52.78;52.86;5500;253
2026-06-08T09:35:18.0000000Z;52.78;52.86;5500;5973
2026-06-08T09:35:24.0000000Z;52.78;52.86;5500;5500
2026-06-08T09:35:29.0000000Z;52.77;52.85;253;253
2026-06-08T09:35:30.0000000Z;52.77;52.85;5974;253
2026-06-08T09:35:33.0000000Z;52.77;52.84;5974;253
2026-06-08T09:35:34.0000000Z;52.77;52.85;5500;5974
2026-06-08T09:35:41.0000000Z;52.78;52.85;253;5500
2026-06-08T09:35:42.0000000Z;52.78;52.85;5500;5500
2026-06-08T09:35:43.0000000Z;52.77;52.85;253;5500
2026-06-08T09:35:54.0000000Z;52.77;52.84;253;5500
2026-06-08T09:35:55.0000000Z;52.77;52.83;147;253
2026-06-08T09:35:59.0000000Z;52.77;52.83;147;5500
2026-06-08T09:36:00.0000000Z;52.77;52.84;400;253
2026-06-08T09:36:01.0000000Z;52.77;52.84;400;253
2026-06-08T09:36:03.0000000Z;52.77;52.84;400;5974
2026-06-08T09:36:10.0000000Z;52.77;52.84;400;5500
2026-06-08T09:36:13.0000000Z;52.77;52.85;400;253
2026-06-08T09:36:17.0000000Z;52.77;52.85;400;5974
2026-06-08T09:36:18.0000000Z;52.77;52.85;400;5500
2026-06-08T09:36:29.0000000Z;52.78;52.85;253;5500
2026-06-08T09:36:30.0000000Z;52.78;52.85;5500;5500
2026-06-08T09:36:31.0000000Z;52.78;52.85;5500;5500
2026-06-08T09:36:32.0000000Z;52.79;52.86;253;253
2026-06-08T09:36:34.0000000Z;52.79;52.86;5500;253
2026-06-08T09:36:35.0000000Z;52.79;52.87;5500;253
2026-06-08T09:36:36.0000000Z;52.79;52.86;5500;5500
2026-06-08T09:36:37.0000000Z;52.8;52.87;253;5500
2026-06-08T09:36:38.0000000Z;52.8;52.87;5500;5500
2026-06-08T09:36:39.0000000Z;52.81;52.87;2795;5500
2026-06-08T09:36:40.0000000Z;52.81;52.87;146;5500
2026-06-08T09:36:41.0000000Z;52.81;52.87;379;5500
2026-06-08T09:36:42.0000000Z;52.81;53.13;379;107
2026-06-08T09:36:44.0000000Z;52.81;53.12;379;160
2026-06-08T09:36:45.0000000Z;52.79;53.12;56;160
2026-06-08T09:36:46.0000000Z;52.8;53.12;8295;160
2026-06-08T09:36:48.0000000Z;52.8;53.12;8295;160
2026-06-08T09:36:49.0000000Z;52.8;53.12;2795;8295
2026-06-08T09:36:50.0000000Z;52.8;53.13;2795;56
2026-06-08T09:36:52.0000000Z;52.8;53.13;2795;56
2026-06-08T09:36:54.0000000Z;52.8;53.13;2795;163
2026-06-08T09:36:55.0000000Z;52.8;53.12;2795;2795
2026-06-08T09:36:57.0000000Z;52.8;53.12;2795;244
2026-06-08T09:36:58.0000000Z;52.8;53.1;2795;3000
2026-06-08T09:37:00.0000000Z;52.8;53.1;2795;3000
2026-06-08T09:37:01.0000000Z;52.83;53.09;283;188
2026-06-08T09:37:02.0000000Z;52.83;53.09;283;8295
2026-06-08T09:37:03.0000000Z;52.84;53.09;189;244
2026-06-08T09:37:04.0000000Z;52.84;52.99;8295;470
2026-06-08T09:37:05.0000000Z;52.83;52.99;472;470
2026-06-08T09:37:06.0000000Z;52.83;53.08;472;188
2026-06-08T09:37:09.0000000Z;52.84;53.07;2795;2795
2026-06-08T09:37:10.0000000Z;52.84;53.07;2795;2795
2026-06-08T09:37:11.0000000Z;52.82;53.07;189;2795
2026-06-08T09:37:13.0000000Z;52.82;53.07;189;2795
2026-06-08T09:37:14.0000000Z;52.82;53.07;189;2795
2026-06-08T09:37:15.0000000Z;52.81;53;472;1950
2026-06-08T09:37:16.0000000Z;52.81;53.01;472;2795
2026-06-08T09:37:18.0000000Z;52.81;53.01;472;8295
2026-06-08T09:37:19.0000000Z;52.81;53.05;472;282
2026-06-08T09:37:20.0000000Z;52.81;53.02;472;470
2026-06-08T09:37:21.0000000Z;52.82;53.01;3271;8297
2026-06-08T09:37:23.0000000Z;52.82;53.01;3271;5500
2026-06-08T09:37:24.0000000Z;52.82;53.1;474;188
2026-06-08T09:37:25.0000000Z;52.82;53.1;474;188
2026-06-08T09:37:27.0000000Z;52.81;53.08;5500;5500
2026-06-08T09:37:29.0000000Z;52.73;53.09;2797;2797
2026-06-08T09:37:35.0000000Z;52.72;53.1;245;244
2026-06-08T09:37:37.0000000Z;52.79;53.07;780;780
2026-06-08T09:37:38.0000000Z;52.79;53;189;968
2026-06-08T09:37:39.0000000Z;52.8;52.99;8297;2797
2026-06-08T09:37:40.0000000Z;52.8;52.99;2797;2797
2026-06-08T09:37:41.0000000Z;52.8;52.99;8297;2797
2026-06-08T09:37:42.0000000Z;52.78;53;969;968
2026-06-08T09:37:43.0000000Z;52.74;52.99;780;780
2026-06-08T09:37:44.0000000Z;52.73;53;189;188
2026-06-08T09:37:45.0000000Z;52.71;53;189;188
2026-06-08T09:37:46.0000000Z;52.71;53.09;245;188
2026-06-08T09:37:47.0000000Z;52.72;53.09;8297;188
2026-06-08T09:37:51.0000000Z;52.72;53.08;2797;2797
2026-06-08T09:37:53.0000000Z;52.72;53.08;2797;2797
2026-06-08T09:37:54.0000000Z;52.79;52.99;189;188
2026-06-08T09:37:55.0000000Z;52.8;52.98;2797;2797
2026-06-08T09:37:57.0000000Z;52.79;52.99;5500;188
2026-06-08T09:37:58.0000000Z;52.78;52.99;472;968
2026-06-08T09:38:01.0000000Z;52.78;52.97;472;244
2026-06-08T09:38:02.0000000Z;52.79;52.97;2797;554
2026-06-08T09:38:07.0000000Z;52.79;52.97;2797;554
2026-06-08T09:38:12.0000000Z;52.79;52.97;2797;610
2026-06-08T09:38:13.0000000Z;52.79;52.97;2797;1390
2026-06-08T09:38:14.0000000Z;52.79;52.97;2797;1390
2026-06-08T09:38:17.0000000Z;52.79;52.97;2797;610
2026-06-08T09:38:24.0000000Z;52.79;52.97;2797;610
2026-06-08T09:38:25.0000000Z;52.78;52.97;528;610
2026-06-08T09:38:29.0000000Z;52.78;52.97;528;610
2026-06-08T09:38:35.0000000Z;52.78;52.97;528;610
2026-06-08T09:38:36.0000000Z;52.78;52.97;528;610
2026-06-08T09:38:37.0000000Z;52.78;52.97;528;244
2026-06-08T09:38:38.0000000Z;52.78;52.97;528;610
2026-06-08T09:38:41.0000000Z;52.78;52.97;528;610
2026-06-08T09:38:48.0000000Z;52.78;52.97;528;1390
2026-06-08T09:38:51.0000000Z;52.78;52.97;528;1334
2026-06-08T09:38:52.0000000Z;52.78;52.97;528;5500
2026-06-08T09:38:53.0000000Z;52.78;52.95;528;1200
2026-06-08T09:38:54.0000000Z;52.78;52.94;528;2797
2026-06-08T09:38:56.0000000Z;52.78;52.94;528;2797
2026-06-08T09:38:57.0000000Z;52.78;52.94;528;8297
2026-06-08T09:38:58.0000000Z;52.78;52.95;528;1200
2026-06-08T09:38:59.0000000Z;52.78;52.95;528;30
2026-06-08T09:39:03.0000000Z;52.78;52.95;528;30
2026-06-08T09:39:08.0000000Z;52.78;52.95;528;30
2026-06-08T09:39:09.0000000Z;52.78;53.07;528;188
2026-06-08T09:39:10.0000000Z;52.78;53.07;528;188
2026-06-08T09:39:11.0000000Z;52.78;52.96;528;30
2026-06-08T09:39:12.0000000Z;52.78;52.96;472;30
2026-06-08T09:39:22.0000000Z;52.78;53.06;472;2797
2026-06-08T09:39:30.0000000Z;52.78;52.97;472;470
2026-06-08T09:39:31.0000000Z;52.78;52.97;472;470
2026-06-08T09:39:32.0000000Z;52.78;52.97;472;470
2026-06-08T09:39:33.0000000Z;52.78;52.97;472;470
2026-06-08T09:39:35.0000000Z;52.78;52.97;472;470
2026-06-08T09:39:36.0000000Z;52.78;52.97;472;526
2026-06-08T09:39:37.0000000Z;52.78;52.97;472;470
2026-06-08T09:39:42.0000000Z;52.78;52.97;472;470
2026-06-08T09:39:46.0000000Z;52.78;52.97;528;470
2026-06-08T09:40:00.0000000Z;52.78;52.97;528;470
2026-06-08T09:40:01.0000000Z;52.78;52.97;528;470
2026-06-08T09:40:05.0000000Z;52.78;52.97;528;470
2026-06-08T09:40:07.0000000Z;52.78;52.97;528;470
2026-06-08T09:40:08.0000000Z;52.78;52.97;528;470
2026-06-08T09:40:10.0000000Z;52.78;52.97;528;470
2026-06-08T09:40:14.0000000Z;52.78;52.97;528;188
2026-06-08T09:40:15.0000000Z;52.78;52.97;1308;188
2026-06-08T09:40:16.0000000Z;52.78;52.97;528;188
2026-06-08T09:40:18.0000000Z;52.78;52.97;528;470
2026-06-08T09:40:24.0000000Z;52.78;52.97;5500;5500
2026-06-08T09:40:25.0000000Z;52.79;52.97;2791;526
2026-06-08T09:40:29.0000000Z;52.78;52.97;472;188
2026-06-08T09:40:32.0000000Z;52.78;52.97;472;470
2026-06-08T09:40:35.0000000Z;52.78;52.97;472;188
2026-06-08T09:40:36.0000000Z;52.78;52.97;1252;188
2026-06-08T09:40:37.0000000Z;52.78;52.99;1252;470
2026-06-08T09:40:39.0000000Z;52.78;52.99;472;1250
2026-06-08T09:40:40.0000000Z;52.78;52.98;472;3263
2026-06-08T09:40:43.0000000Z;52.78;52.99;472;470
2026-06-08T09:40:47.0000000Z;52.78;52.98;472;2791
2026-06-08T09:40:54.0000000Z;52.78;52.99;472;1250
2026-06-08T09:41:02.0000000Z;52.78;52.99;1252;470
2026-06-08T09:41:03.0000000Z;52.8;52.99;5500;470
2026-06-08T09:41:04.0000000Z;52.8;52.99;1170;470
2026-06-08T09:41:05.0000000Z;52.83;52.99;5500;470
2026-06-08T09:41:09.0000000Z;52.82;52.99;182;470
2026-06-08T09:41:10.0000000Z;52.82;52.99;5500;1250
2026-06-08T09:41:12.0000000Z;52.82;52.99;5500;1250
2026-06-08T09:41:14.0000000Z;52.82;52.97;182;470
2026-06-08T09:41:19.0000000Z;52.83;52.97;2791;188
2026-06-08T09:41:20.0000000Z;52.83;52.97;2791;470
2026-06-08T09:41:21.0000000Z;52.83;52.97;2791;470
2026-06-08T09:41:23.0000000Z;52.83;52.97;2791;188
2026-06-08T09:41:24.0000000Z;52.83;52.97;2791;470
2026-06-08T09:41:25.0000000Z;52.83;52.97;2791;188
2026-06-08T09:41:26.0000000Z;52.83;52.97;2791;470
2026-06-08T09:41:29.0000000Z;52.83;52.97;2791;470
2026-06-08T09:41:30.0000000Z;52.83;52.97;2791;470
2026-06-08T09:41:35.0000000Z;52.82;52.97;455;188
2026-06-08T09:41:38.0000000Z;52.82;52.98;455;188
2026-06-08T09:41:39.0000000Z;52.82;52.98;455;470
2026-06-08T09:41:40.0000000Z;52.82;52.98;511;244
2026-06-08T09:41:43.0000000Z;52.82;52.98;511;610
2026-06-08T09:41:44.0000000Z;52.82;52.98;511;244
2026-06-08T09:41:46.0000000Z;52.82;52.98;511;610
2026-06-08T09:41:47.0000000Z;52.82;52.98;511;244
2026-06-08T09:41:48.0000000Z;52.82;52.98;511;470
2026-06-08T09:41:49.0000000Z;52.82;52.98;182;470
2026-06-08T09:41:51.0000000Z;52.82;52.96;5500;188
2026-06-08T09:41:52.0000000Z;52.83;52.96;2791;188
2026-06-08T09:41:54.0000000Z;52.83;52.98;2791;470
2026-06-08T09:41:55.0000000Z;52.82;52.98;455;470
2026-06-08T09:41:56.0000000Z;52.82;52.97;455;2791
2026-06-08T09:41:57.0000000Z;52.82;52.97;182;2791
2026-06-08T09:42:01.0000000Z;52.82;52.98;511;526
2026-06-08T09:42:03.0000000Z;52.82;52.98;511;244
2026-06-08T09:42:04.0000000Z;52.82;52.98;455;188
2026-06-08T09:42:11.0000000Z;52.82;52.98;455;188
2026-06-08T09:42:13.0000000Z;52.82;52.98;455;188
2026-06-08T09:42:14.0000000Z;52.82;52.98;455;188
2026-06-08T09:42:18.0000000Z;52.82;53;511;470
2026-06-08T09:42:20.0000000Z;52.82;52.99;511;3263
2026-06-08T09:42:22.0000000Z;52.82;52.99;455;3263
2026-06-08T09:42:26.0000000Z;52.82;52.99;455;2791
2026-06-08T09:42:32.0000000Z;52.82;52.99;511;2791
2026-06-08T09:42:43.0000000Z;52.82;53;511;188
2026-06-08T09:42:44.0000000Z;52.82;53;455;188
2026-06-08T09:42:50.0000000Z;52.82;53.01;1291;188
2026-06-08T09:42:51.0000000Z;52.82;53;1235;8291
2026-06-08T09:42:53.0000000Z;52.82;53;1291;2791
2026-06-08T09:42:54.0000000Z;52.85;53.02;146;188
2026-06-08T09:42:55.0000000Z;52.85;53.02;146;188
2026-06-08T09:42:57.0000000Z;52.85;53.01;146;3263
2026-06-08T09:42:58.0000000Z;52.86;53.04;303;470
2026-06-08T09:42:59.0000000Z;52.86;53.04;303;470
2026-06-08T09:43:00.0000000Z;52.86;53.02;8291;5500
2026-06-08T09:43:01.0000000Z;52.86;53.04;8291;1250
2026-06-08T09:43:02.0000000Z;52.87;53.03;2792;2792
2026-06-08T09:43:03.0000000Z;52.86;53.03;8292;2792
2026-06-08T09:43:09.0000000Z;52.86;53.03;2792;2792
2026-06-08T09:43:10.0000000Z;52.86;53.04;303;470
2026-06-08T09:43:11.0000000Z;52.86;53.04;8292;470
2026-06-08T09:43:19.0000000Z;52.86;53.04;8292;470
2026-06-08T09:43:23.0000000Z;52.85;53.04;146;470
2026-06-08T09:43:25.0000000Z;52.86;53.04;2792;470
2026-06-08T09:43:33.0000000Z;52.86;53.04;2792;470
2026-06-08T09:43:39.0000000Z;52.86;53.04;303;470
2026-06-08T09:43:41.0000000Z;52.86;53.04;303;470
2026-06-08T09:43:42.0000000Z;52.86;53.04;303;470
2026-06-08T09:43:43.0000000Z;52.86;53.04;303;470
2026-06-08T09:43:44.0000000Z;52.85;53.04;146;526
2026-06-08T09:43:47.0000000Z;52.86;53.04;2792;526
2026-06-08T09:43:48.0000000Z;52.73;53.05;189;470
2026-06-08T09:43:49.0000000Z;52.73;53.04;189;8292
2026-06-08T09:43:51.0000000Z;52.84;53.04;474;2792
2026-06-08T09:43:52.0000000Z;52.84;53.05;474;5972
2026-06-08T09:43:53.0000000Z;52.84;53.05;474;470
2026-06-08T09:43:54.0000000Z;52.86;53.05;2792;470
2026-06-08T09:43:55.0000000Z;52.85;53.06;2096;470
2026-06-08T09:43:57.0000000Z;52.85;53.05;2096;3264
2026-06-08T09:43:59.0000000Z;52.85;53.05;2096;2792
2026-06-08T09:44:01.0000000Z;52.85;53.06;1316;1306
2026-06-08T09:44:18.0000000Z;52.85;53.06;1316;1306
2026-06-08T09:44:47.0000000Z;52.86;53.06;1389;1250
2026-06-08T09:44:52.0000000Z;52.87;53.04;258;188
2026-06-08T09:44:54.0000000Z;52.87;53.04;258;470
2026-06-08T09:44:55.0000000Z;52.87;53.04;258;470
2026-06-08T09:44:58.0000000Z;52.87;53.04;258;188
2026-06-08T09:44:59.0000000Z;52.87;53.04;258;470
2026-06-08T09:45:02.0000000Z;52.85;53.04;146;470
2026-06-08T09:45:04.0000000Z;52.86;53.04;3265;470
2026-06-08T09:45:06.0000000Z;52.86;53.04;3265;5500
2026-06-08T09:45:07.0000000Z;52.86;53.04;303;470
2026-06-08T09:45:08.0000000Z;52.86;53.05;303;470
2026-06-08T09:45:09.0000000Z;52.86;53.05;8292;470
2026-06-08T09:45:12.0000000Z;52.85;53.05;202;1250
2026-06-08T09:45:14.0000000Z;52.86;53.05;2792;1250
2026-06-08T09:45:20.0000000Z;52.86;53.05;2792;1250
2026-06-08T09:45:31.0000000Z;52.86;53.05;303;470
2026-06-08T09:45:32.0000000Z;52.86;53.05;8292;470
2026-06-08T09:45:34.0000000Z;52.86;53.05;303;1250
2026-06-08T09:45:36.0000000Z;52.86;53.05;303;470
2026-06-08T09:45:37.0000000Z;52.86;53.05;303;188
2026-06-08T09:45:39.0000000Z;52.86;53.05;303;188
2026-06-08T09:45:40.0000000Z;52.88;53.05;2792;188
2026-06-08T09:45:42.0000000Z;52.88;53.05;267;188
2026-06-08T09:45:47.0000000Z;52.88;53.05;267;188
2026-06-08T09:45:48.0000000Z;52.88;53.05;267;188
2026-06-08T09:45:49.0000000Z;52.88;53.07;267;470
2026-06-08T09:45:50.0000000Z;52.86;53.07;1170;1250
2026-06-08T09:45:52.0000000Z;52.87;53.06;3265;3264
2026-06-08T09:45:59.0000000Z;52.87;53.06;2792;2792
2026-06-08T09:46:00.0000000Z;52.88;53.05;265;188
2026-06-08T09:46:02.0000000Z;52.88;53.06;265;188
2026-06-08T09:46:04.0000000Z;52.88;53.05;265;2792
2026-06-08T09:46:05.0000000Z;52.88;53.06;5500;244
2026-06-08T09:46:06.0000000Z;52.89;53.05;2788;2788
2026-06-08T09:46:08.0000000Z;52.88;53.06;5500;244
2026-06-08T09:46:11.0000000Z;52.9;53.08;142;1250
2026-06-08T09:46:12.0000000Z;52.91;53.08;2788;1250
2026-06-08T09:46:14.0000000Z;52.91;53.07;2788;3260
2026-06-08T09:46:15.0000000Z;52.91;53.07;2788;3260
2026-06-08T09:46:19.0000000Z;52.91;53.07;2788;2788
2026-06-08T09:46:26.0000000Z;52.91;53.05;2788;188
2026-06-08T09:46:31.0000000Z;52.91;53.05;2788;188
2026-06-08T09:46:37.0000000Z;52.91;53.05;2788;188
2026-06-08T09:46:38.0000000Z;52.91;53.06;2788;188
2026-06-08T09:46:39.0000000Z;52.91;53.05;2788;8288
2026-06-08T09:46:40.0000000Z;52.91;53.06;2788;8760
2026-06-08T09:46:41.0000000Z;52.91;53.07;2788;1250
2026-06-08T09:46:42.0000000Z;52.91;53.06;2788;3260
2026-06-08T09:46:43.0000000Z;52.91;53.05;2788;188
2026-06-08T09:46:44.0000000Z;52.91;53.04;2788;2788
2026-06-08T09:46:45.0000000Z;52.91;53.05;2788;188
2026-06-08T09:46:47.0000000Z;52.91;53.05;2788;188
2026-06-08T09:46:48.0000000Z;52.91;53.04;2788;2788
2026-06-08T09:46:49.0000000Z;52.91;53.07;2788;470
2026-06-08T09:46:51.0000000Z;52.89;53.07;168;1250
2026-06-08T09:46:52.0000000Z;52.9;53.06;252;3260
2026-06-08T09:46:53.0000000Z;52.9;53.07;252;470
2026-06-08T09:46:55.0000000Z;52.9;53.06;252;2788
2026-06-08T09:47:00.0000000Z;52.9;53.05;240;188
2026-06-08T09:47:01.0000000Z;52.9;53.06;240;2788
2026-06-08T09:47:03.0000000Z;52.9;53.07;372;1250
2026-06-08T09:47:05.0000000Z;52.9;53.05;240;188
2026-06-08T09:47:07.0000000Z;52.9;53.05;240;188
2026-06-08T09:47:10.0000000Z;52.9;53.05;240;188
2026-06-08T09:47:12.0000000Z;52.91;53.07;146;470
2026-06-08T09:47:13.0000000Z;52.92;53.05;2788;5500
2026-06-08T09:47:14.0000000Z;52.92;53.06;2788;3260
2026-06-08T09:47:15.0000000Z;52.91;53.06;8288;3260
2026-06-08T09:47:16.0000000Z;52.91;53.06;8288;3260
2026-06-08T09:47:18.0000000Z;52.91;53.06;2788;2788
2026-06-08T09:47:19.0000000Z;52.9;53.06;252;2788
2026-06-08T09:47:27.0000000Z;52.9;53.07;252;1250
2026-06-08T09:47:28.0000000Z;52.91;53.06;2788;2788
2026-06-08T09:47:30.0000000Z;52.9;53.07;252;470
2026-06-08T09:47:36.0000000Z;52.9;53.07;252;1250
2026-06-08T09:47:38.0000000Z;52.9;53.07;252;470
2026-06-08T09:47:39.0000000Z;52.9;53.07;252;470
2026-06-08T09:47:40.0000000Z;52.9;53.07;252;470
2026-06-08T09:47:41.0000000Z;52.9;53.07;252;5500
2026-06-08T09:47:42.0000000Z;52.9;53.05;252;188
2026-06-08T09:47:46.0000000Z;52.9;53.06;252;470
2026-06-08T09:47:47.0000000Z;52.9;53.06;252;188
2026-06-08T09:47:48.0000000Z;52.9;53.05;252;2788
2026-06-08T09:47:51.0000000Z;52.91;53.06;8288;441
2026-06-08T09:47:52.0000000Z;52.91;53.06;8288;441
2026-06-08T09:47:53.0000000Z;52.91;53.06;8288;441
2026-06-08T09:47:54.0000000Z;52.9;53.06;396;441
2026-06-08T09:47:56.0000000Z;52.9;53.06;154;441
2026-06-08T09:47:57.0000000Z;52.91;53.06;2788;441
2026-06-08T09:48:02.0000000Z;52.91;53.06;2788;441
2026-06-08T09:48:17.0000000Z;52.91;53.04;2788;188
2026-06-08T09:48:19.0000000Z;52.91;53.05;2788;188
2026-06-08T09:48:20.0000000Z;52.91;53.04;2788;2788
2026-06-08T09:48:22.0000000Z;52.91;53.04;2788;2788
2026-06-08T09:48:26.0000000Z;52.91;53.04;2788;2788
2026-06-08T09:48:27.0000000Z;52.91;53.04;2788;2788
2026-06-08T09:48:29.0000000Z;52.9;53.04;1909;2788
2026-06-08T09:48:30.0000000Z;52.9;53.04;1909;2788
2026-06-08T09:48:34.0000000Z;52.9;53.04;154;2788
2026-06-08T09:48:35.0000000Z;52.9;53.04;1909;2788
2026-06-08T09:48:38.0000000Z;52.9;53.04;1909;2788
2026-06-08T09:48:40.0000000Z;52.9;53.04;154;2788
2026-06-08T09:48:43.0000000Z;52.9;53.04;154;2788
2026-06-08T09:48:51.0000000Z;52.91;53.04;315;2788
2026-06-08T09:48:52.0000000Z;52.91;53.04;694;2788
2026-06-08T09:48:53.0000000Z;52.93;53.07;2788;188
2026-06-08T09:48:54.0000000Z;52.92;53.05;5500;188
2026-06-08T09:48:55.0000000Z;52.92;53.05;5500;188
2026-06-08T09:48:57.0000000Z;52.92;53.05;144;188
2026-06-08T09:48:58.0000000Z;52.92;53.05;144;188
2026-06-08T09:48:59.0000000Z;52.93;53.05;2788;5500
2026-06-08T09:48:59.0000000Z;52.92;53.07;523;188
2026-06-08T09:49:02.0000000Z;52.92;53.06;523;3260
2026-06-08T09:49:04.0000000Z;52.92;53.06;523;3260
2026-06-08T09:49:06.0000000Z;52.92;53.06;523;3260
2026-06-08T09:49:08.0000000Z;52.92;53.06;523;3260
2026-06-08T09:49:09.0000000Z;52.92;53.06;523;3260
2026-06-08T09:49:12.0000000Z;52.92;53.06;523;2788
2026-06-08T09:49:30.0000000Z;52.92;53.06;144;2788
2026-06-08T09:49:31.0000000Z;52.92;53.06;523;2788
2026-06-08T09:49:32.0000000Z;52.92;53.06;523;2788
2026-06-08T09:49:42.0000000Z;52.92;53.06;523;2788
2026-06-08T09:49:43.0000000Z;52.92;53.06;5500;2788
2026-06-08T09:49:46.0000000Z;52.92;53.07;5500;188
2026-06-08T09:49:47.0000000Z;52.92;53.07;5500;188
2026-06-08T09:49:48.0000000Z;52.92;53.07;5500;554
2026-06-08T09:49:49.0000000Z;52.92;53.07;5500;188
2026-06-08T09:49:52.0000000Z;52.92;53.07;5500;526
2026-06-08T09:49:58.0000000Z;52.92;53.07;5500;188
2026-06-08T09:50:00.0000000Z;52.92;53.07;144;470
2026-06-08T09:50:01.0000000Z;52.92;53.07;144;470
2026-06-08T09:50:02.0000000Z;52.92;53.07;144;470
2026-06-08T09:50:05.0000000Z;52.9;53.06;472;253
2026-06-08T09:50:06.0000000Z;52.9;53.06;472;8288
2026-06-08T09:50:07.0000000Z;52.91;53.04;3261;2788
2026-06-08T09:50:08.0000000Z;52.91;53.04;3261;2788
2026-06-08T09:50:10.0000000Z;52.91;53.04;3261;2788
2026-06-08T09:50:12.0000000Z;52.91;53.04;2788;2788
2026-06-08T09:50:15.0000000Z;52.91;53.04;2788;2788
2026-06-08T09:50:16.0000000Z;52.9;53.04;472;2788
2026-06-08T09:50:17.0000000Z;52.9;53.04;189;2788
2026-06-08T09:50:18.0000000Z;52.9;53.04;5500;2788
2026-06-08T09:50:20.0000000Z;52.9;53.05;5500;470
2026-06-08T09:50:24.0000000Z;52.9;53.05;5500;188
2026-06-08T09:50:25.0000000Z;52.9;53.05;472;188
2026-06-08T09:50:28.0000000Z;52.9;53.05;472;188
2026-06-08T09:50:31.0000000Z;52.9;53.05;5500;188
2026-06-08T09:50:32.0000000Z;52.9;53.05;5500;470
2026-06-08T09:50:33.0000000Z;52.9;53.04;5500;2787
2026-06-08T09:50:34.0000000Z;52.9;53.05;189;188
2026-06-08T09:50:36.0000000Z;52.9;53.05;472;188
2026-06-08T09:50:37.0000000Z;52.91;53.05;2787;188
2026-06-08T09:50:47.0000000Z;52.9;53.05;472;188
2026-06-08T09:50:48.0000000Z;52.9;53.05;189;188
2026-06-08T09:50:49.0000000Z;52.9;53.05;472;188
2026-06-08T09:50:53.0000000Z;52.9;53.05;472;188
2026-06-08T09:50:55.0000000Z;52.9;53.05;5500;188
2026-06-08T09:50:56.0000000Z;52.9;53.05;472;188
2026-06-08T09:50:57.0000000Z;52.9;53.05;189;188
2026-06-08T09:51:01.0000000Z;52.9;53.05;189;526
2026-06-08T09:51:03.0000000Z;52.9;53.05;472;188
2026-06-08T09:51:05.0000000Z;52.9;53.05;189;470
2026-06-08T09:51:06.0000000Z;52.9;53.05;189;188
2026-06-08T09:51:07.0000000Z;52.9;53.05;189;470
2026-06-08T09:51:12.0000000Z;52.9;53.03;189;177
2026-06-08T09:51:13.0000000Z;52.9;53.02;189;2787
2026-06-08T09:51:17.0000000Z;52.89;53.02;472;2787
2026-06-08T09:51:19.0000000Z;52.9;53.02;2787;2787
2026-06-08T09:51:24.0000000Z;52.89;53.02;528;2787
2026-06-08T09:51:50.0000000Z;52.89;53.02;528;2787
2026-06-08T09:52:00.0000000Z;52.89;53.05;528;188
2026-06-08T09:52:03.0000000Z;52.89;53.04;528;3259
2026-06-08T09:52:04.0000000Z;52.89;53.04;528;3259
2026-06-08T09:52:06.0000000Z;52.89;53.04;528;2787
2026-06-08T09:52:10.0000000Z;52.89;53.04;528;2787
2026-06-08T09:52:12.0000000Z;52.92;53.07;152;188
2026-06-08T09:52:14.0000000Z;52.93;53.07;241;188
2026-06-08T09:52:15.0000000Z;52.93;53.06;8287;3259
2026-06-08T09:52:19.0000000Z;52.93;53.06;8287;2787
2026-06-08T09:52:20.0000000Z;52.93;53.06;126;2787
2026-06-08T09:52:22.0000000Z;52.94;53.06;2787;2787
2026-06-08T09:52:25.0000000Z;52.94;53.06;2787;2787
2026-06-08T09:52:26.0000000Z;52.94;53.06;2787;2787
2026-06-08T09:52:27.0000000Z;52.94;53.06;2787;2787
2026-06-08T09:52:30.0000000Z;52.93;53.06;5500;2787
2026-06-08T09:52:33.0000000Z;52.92;53.06;554;2787
2026-06-08T09:52:34.0000000Z;52.92;53.06;554;2787
2026-06-08T09:52:36.0000000Z;52.92;53.06;5973;2787
2026-06-08T09:52:41.0000000Z;52.92;53.06;5500;2787
2026-06-08T09:52:46.0000000Z;52.92;53.04;188;2787
2026-06-08T09:52:51.0000000Z;52.92;53.04;188;2787
2026-06-08T09:52:52.0000000Z;52.92;53.04;188;2787
2026-06-08T09:52:53.0000000Z;52.91;53.05;189;186
2026-06-08T09:52:56.0000000Z;52.91;53.05;5973;186
2026-06-08T09:52:57.0000000Z;52.9;53.05;472;186
2026-06-08T09:52:58.0000000Z;52.91;53.05;8760;186
2026-06-08T09:53:00.0000000Z;52.91;53.05;2787;186
2026-06-08T09:53:04.0000000Z;52.91;53.05;2787;186
2026-06-08T09:53:05.0000000Z;52.91;53.05;2787;186
2026-06-08T09:53:06.0000000Z;52.9;53.05;189;186
2026-06-08T09:53:07.0000000Z;52.9;53.04;189;253
2026-06-08T09:53:09.0000000Z;52.87;53.03;568;30
2026-06-08T09:53:10.0000000Z;52.87;53.03;568;30
2026-06-08T09:53:11.0000000Z;52.87;53.03;568;30
2026-06-08T09:53:12.0000000Z;52.89;53.03;473;30
2026-06-08T09:53:13.0000000Z;52.88;53.03;2787;5500
2026-06-08T09:53:14.0000000Z;52.88;53.03;2787;8287
2026-06-08T09:53:16.0000000Z;52.9;53.03;472;2787
2026-06-08T09:53:17.0000000Z;52.9;53.03;5500;2787
2026-06-08T09:53:24.0000000Z;52.9;53.03;5500;2787
2026-06-08T09:53:28.0000000Z;52.9;53.03;5500;2787
2026-06-08T09:53:34.0000000Z;52.91;53.05;2787;188
2026-06-08T09:53:35.0000000Z;52.91;53.05;2787;188
2026-06-08T09:53:36.0000000Z;52.9;53.04;472;2787
2026-06-08T09:53:37.0000000Z;52.9;53.05;472;171
2026-06-08T09:53:38.0000000Z;52.91;53.05;2787;171
2026-06-08T09:53:40.0000000Z;52.9;53.05;472;171
2026-06-08T09:53:41.0000000Z;52.9;53.05;472;171
2026-06-08T09:53:42.0000000Z;52.9;53.05;472;171
2026-06-08T09:53:50.0000000Z;52.9;53.05;528;171
2026-06-08T09:53:52.0000000Z;52.9;53.05;472;171
2026-06-08T09:53:56.0000000Z;52.9;53.05;528;171
2026-06-08T09:54:00.0000000Z;52.9;53.05;528;171
2026-06-08T09:54:01.0000000Z;52.9;53.05;472;171
2026-06-08T09:54:02.0000000Z;52.9;53.05;472;171
2026-06-08T09:54:05.0000000Z;52.9;53.05;472;171
2026-06-08T09:54:08.0000000Z;52.9;53.05;472;171
2026-06-08T09:54:09.0000000Z;52.9;53.05;472;171
2026-06-08T09:54:11.0000000Z;52.9;53.05;472;171
2026-06-08T09:54:13.0000000Z;52.9;53.05;472;171
2026-06-08T09:54:16.0000000Z;52.9;53.05;472;171
2026-06-08T09:54:17.0000000Z;52.9;53.05;472;171
2026-06-08T09:54:25.0000000Z;52.9;53.05;472;171
2026-06-08T09:54:35.0000000Z;52.9;53.05;472;171
2026-06-08T09:54:39.0000000Z;52.9;53.05;472;171
2026-06-08T09:54:40.0000000Z;52.9;53.05;472;171
2026-06-08T09:54:52.0000000Z;52.9;53.05;472;171
2026-06-08T09:54:53.0000000Z;52.9;53.05;472;171
2026-06-08T09:54:57.0000000Z;52.9;53.05;472;171
2026-06-08T09:55:00.0000000Z;52.9;53.05;472;171
2026-06-08T09:55:01.0000000Z;52.9;53.05;472;171
2026-06-08T09:55:02.0000000Z;52.9;53.05;472;171
2026-06-08T09:55:16.0000000Z;52.9;53.05;472;171
2026-06-08T09:55:19.0000000Z;52.9;53.07;1505;188
2026-06-08T09:55:21.0000000Z;52.9;53.07;725;188
2026-06-08T09:55:22.0000000Z;52.9;53.06;1505;3259
2026-06-08T09:55:26.0000000Z;52.9;53.06;1505;2787
2026-06-08T09:55:30.0000000Z;52.9;53.06;725;2787
2026-06-08T09:55:31.0000000Z;52.9;53.06;725;2787
2026-06-08T09:55:37.0000000Z;52.9;53.06;1505;2787
2026-06-08T09:55:51.0000000Z;52.95;53.06;125;2787
2026-06-08T09:55:52.0000000Z;52.95;53.06;5500;2787
2026-06-08T09:55:56.0000000Z;52.94;53.06;153;2787
2026-06-08T09:55:57.0000000Z;52.94;53.06;153;2787
2026-06-08T09:55:58.0000000Z;52.94;53.06;5500;2787
2026-06-08T09:56:01.0000000Z;52.94;53.06;153;2787
2026-06-08T09:56:06.0000000Z;52.93;53.06;452;2787
2026-06-08T09:56:08.0000000Z;52.93;53.06;5973;2787
2026-06-08T09:56:13.0000000Z;52.93;53.06;5500;2787
2026-06-08T09:56:16.0000000Z;52.93;53.06;181;2787
2026-06-08T09:56:17.0000000Z;52.93;53.06;181;2787
2026-06-08T09:56:19.0000000Z;52.92;53.06;470;2787
2026-06-08T09:56:21.0000000Z;52.92;53.06;5973;2787
2026-06-08T09:56:24.0000000Z;52.92;53.06;5500;2787
2026-06-08T09:56:25.0000000Z;52.92;53.04;779;5500
2026-06-08T09:56:30.0000000Z;52.92;53.04;779;5500
2026-06-08T09:56:35.0000000Z;52.92;53.03;779;2785
2026-06-08T09:56:36.0000000Z;52.92;53.03;723;2785
2026-06-08T09:56:39.0000000Z;52.94;53.01;253;5500
2026-06-08T09:56:42.0000000Z;52.94;53.01;148;5500
2026-06-08T09:56:44.0000000Z;52.94;53.01;148;5500
2026-06-08T09:57:00.0000000Z;52.94;53.01;401;5500
2026-06-08T09:57:01.0000000Z;52.94;53.01;148;5500
2026-06-08T09:57:05.0000000Z;52.94;53.01;148;5500
2026-06-08T09:57:06.0000000Z;52.94;53.01;423;5500
2026-06-08T09:57:08.0000000Z;52.94;53;170;253
2026-06-08T09:57:09.0000000Z;52.94;53;170;5500
2026-06-08T09:57:11.0000000Z;52.94;53.01;423;253
2026-06-08T09:57:12.0000000Z;52.94;53.01;423;253
2026-06-08T09:57:13.0000000Z;52.94;53.01;423;5500
2026-06-08T09:57:19.0000000Z;52.94;53.01;423;5500
2026-06-08T09:57:29.0000000Z;52.94;53.02;423;253
2026-06-08T09:57:31.0000000Z;52.94;53.02;423;5972
2026-06-08T09:57:36.0000000Z;52.94;53.02;423;5500
2026-06-08T09:57:38.0000000Z;52.94;53.02;423;5500
2026-06-08T09:57:44.0000000Z;52.95;53.02;5500;5500
2026-06-08T09:57:48.0000000Z;52.94;53.02;398;5500
2026-06-08T09:57:50.0000000Z;52.94;53.02;398;5500
2026-06-08T09:57:51.0000000Z;52.94;53.02;5500;5500
2026-06-08T09:57:52.0000000Z;52.94;53.02;5500;5500
2026-06-08T09:57:57.0000000Z;52.94;53.02;5500;5500
2026-06-08T09:58:03.0000000Z;52.94;53.01;5500;5500
2026-06-08T09:58:10.0000000Z;52.94;53.01;5500;5500
2026-06-08T09:58:11.0000000Z;52.95;53.01;5500;5500
2026-06-08T09:58:13.0000000Z;52.94;53.01;404;5500
2026-06-08T09:58:17.0000000Z;52.94;53.01;5500;5500
2026-06-08T09:58:18.0000000Z;52.94;53.01;404;253
2026-06-08T09:58:19.0000000Z;52.94;53.01;404;5500
2026-06-08T09:58:20.0000000Z;52.94;53.01;404;5500
2026-06-08T09:58:21.0000000Z;52.95;53.02;253;253
2026-06-08T09:58:22.0000000Z;52.95;53.02;5500;253
2026-06-08T09:58:24.0000000Z;52.95;53.02;5500;253
2026-06-08T09:58:25.0000000Z;52.95;53.02;5500;5500
2026-06-08T09:58:26.0000000Z;52.95;53.02;5500;5500
2026-06-08T09:58:29.0000000Z;52.96;53.03;253;253
2026-06-08T09:58:31.0000000Z;52.96;53.03;253;5972
2026-06-08T09:58:37.0000000Z;52.96;53.03;253;5500
2026-06-08T09:58:38.0000000Z;52.95;53.02;253;5500
2026-06-08T09:58:39.0000000Z;52.96;53.03;253;253
2026-06-08T09:58:40.0000000Z;52.96;53.03;253;253
2026-06-08T09:58:41.0000000Z;52.96;53.03;253;5500
2026-06-08T09:58:48.0000000Z;52.96;53.03;253;5500
2026-06-08T09:58:49.0000000Z;52.96;53.03;253;5500
2026-06-08T09:58:51.0000000Z;52.96;53.03;253;5500
2026-06-08T09:58:52.0000000Z;52.96;53.03;253;5500
2026-06-08T09:58:57.0000000Z;52.95;53.02;253;253
2026-06-08T09:58:59.0000000Z;52.95;53.02;5973;253
2026-06-08T09:59:01.0000000Z;52.96;53.03;5500;253
2026-06-08T09:59:02.0000000Z;52.95;53.02;5973;253
2026-06-08T09:59:06.0000000Z;52.96;53.03;253;253
2026-06-08T09:59:07.0000000Z;52.96;53.03;5500;253
2026-06-08T09:59:08.0000000Z;52.95;53.02;5973;253
2026-06-08T09:59:09.0000000Z;52.96;53.02;5500;253
2026-06-08T09:59:11.0000000Z;52.95;53.02;5973;253
2026-06-08T09:59:14.0000000Z;52.95;53.02;5500;253
2026-06-08T09:59:16.0000000Z;52.95;53.02;5500;253
2026-06-08T09:59:17.0000000Z;52.94;53.02;253;253
2026-06-08T09:59:19.0000000Z;52.95;53.02;5500;253
2026-06-08T09:59:25.0000000Z;52.95;53.02;5500;253
2026-06-08T09:59:29.0000000Z;52.95;53.02;5500;253
2026-06-08T09:59:41.0000000Z;52.94;53.05;148;253
2026-06-08T09:59:43.0000000Z;52.94;53.03;5973;472
2026-06-08T09:59:45.0000000Z;52.95;53.02;253;5500
2026-06-08T09:59:46.0000000Z;52.95;53.02;253;5500
2026-06-08T09:59:48.0000000Z;52.96;53.03;5500;253
2026-06-08T09:59:49.0000000Z;52.96;53.03;5500;5500
2026-06-08T09:59:52.0000000Z;52.96;53.03;5500;5500
2026-06-08T09:59:54.0000000Z;52.96;53.04;5500;253
2026-06-08T09:59:55.0000000Z;52.96;53.04;5500;5972
2026-06-08T10:00:00.0000000Z;52.96;53.04;5500;5500
2026-06-08T10:00:02.0000000Z;52.96;53.03;5500;5500
2026-06-08T10:00:04.0000000Z;52.96;53.03;5500;5500
2026-06-08T10:00:09.0000000Z;52.95;53.02;253;253
2026-06-08T10:00:10.0000000Z;52.95;53.02;253;253
2026-06-08T10:00:11.0000000Z;52.95;53.02;5500;253
2026-06-08T10:00:13.0000000Z;52.94;53.02;253;253
2026-06-08T10:00:15.0000000Z;52.94;53.02;5973;253
2026-06-08T10:00:16.0000000Z;52.94;53.01;5973;253
2026-06-08T10:00:17.0000000Z;52.94;53.01;5973;5500
2026-06-08T10:00:21.0000000Z;52.94;53.01;5500;5500
2026-06-08T10:00:34.0000000Z;52.94;53;143;253
2026-06-08T10:00:35.0000000Z;52.94;53;143;5500
2026-06-08T10:00:36.0000000Z;52.94;53;143;5500
2026-06-08T10:00:37.0000000Z;52.93;53;253;5500
2026-06-08T10:00:39.0000000Z;52.93;53;5973;5500
2026-06-08T10:00:40.0000000Z;52.93;52.99;5500;5500
2026-06-08T10:00:45.0000000Z;52.93;53;426;253
2026-06-08T10:00:47.0000000Z;52.93;53;426;5972
2026-06-08T10:00:51.0000000Z;52.93;53;426;5500
2026-06-08T10:01:00.0000000Z;52.93;53;426;5500
2026-06-08T10:01:01.0000000Z;52.93;52.99;173;5500
2026-06-08T10:01:08.0000000Z;52.93;52.99;188;5500
2026-06-08T10:01:11.0000000Z;52.93;52.99;188;5500
2026-06-08T10:01:12.0000000Z;52.92;52.99;188;5500
2026-06-08T10:01:13.0000000Z;52.92;53;441;253
2026-06-08T10:01:14.0000000Z;52.92;53;5973;253
2026-06-08T10:01:16.0000000Z;52.92;53;5973;5972
2026-06-08T10:01:18.0000000Z;52.92;52.99;188;253
2026-06-08T10:01:19.0000000Z;52.92;52.99;5973;5500
2026-06-08T10:01:20.0000000Z;52.92;52.99;5500;5500
2026-06-08T10:01:27.0000000Z;52.92;52.99;5500;5500
2026-06-08T10:01:29.0000000Z;52.92;52.99;5500;5500
2026-06-08T10:01:33.0000000Z;52.92;53;441;253
2026-06-08T10:01:34.0000000Z;52.92;52.98;188;253
2026-06-08T10:01:37.0000000Z;52.92;52.98;188;253
2026-06-08T10:01:40.0000000Z;52.92;52.98;188;253
2026-06-08T10:01:41.0000000Z;52.92;52.99;441;253
2026-06-08T10:01:44.0000000Z;52.92;52.98;188;253
2026-06-08T10:01:46.0000000Z;52.92;52.99;441;253
2026-06-08T10:01:47.0000000Z;52.92;52.98;188;253
2026-06-08T10:01:56.0000000Z;52.92;52.98;188;253
2026-06-08T10:01:59.0000000Z;52.91;52.97;189;253
2026-06-08T10:02:00.0000000Z;52.9;52.96;189;253
2026-06-08T10:02:01.0000000Z;52.89;52.97;442;253
2026-06-08T10:02:03.0000000Z;52.89;52.96;189;5500
2026-06-08T10:02:04.0000000Z;52.81;52.95;189;253
2026-06-08T10:02:05.0000000Z;52.88;53.19;189;188
2026-06-08T10:02:06.0000000Z;52.91;53.17;473;470
2026-06-08T10:02:07.0000000Z;52.85;52.93;253;253
2026-06-08T10:02:08.0000000Z;52.85;52.93;253;5500
2026-06-08T10:02:09.0000000Z;52.74;53.12;189;2000
2026-06-08T10:02:10.0000000Z;52.74;53.12;189;2000
2026-06-08T10:02:11.0000000Z;52.87;52.94;253;253
2026-06-08T10:02:12.0000000Z;52.74;52.94;189;253
2026-06-08T10:02:13.0000000Z;52.87;52.94;253;253
2026-06-08T10:02:14.0000000Z;52.87;52.94;253;5500
2026-06-08T10:02:15.0000000Z;52.86;52.94;253;5500
2026-06-08T10:02:17.0000000Z;52.87;52.94;5500;5500
2026-06-08T10:02:19.0000000Z;52.86;52.93;253;253
2026-06-08T10:02:20.0000000Z;52.87;52.94;253;253
2026-06-08T10:02:22.0000000Z;52.86;52.93;253;253
2026-06-08T10:02:23.0000000Z;52.86;52.93;253;5500
2026-06-08T10:02:24.0000000Z;52.86;52.93;5500;5500
2026-06-08T10:02:26.0000000Z;52.87;52.94;5500;253
2026-06-08T10:02:27.0000000Z;52.88;52.95;253;253
2026-06-08T10:02:28.0000000Z;52.88;52.94;253;5500
2026-06-08T10:02:29.0000000Z;52.88;52.94;5500;5500
2026-06-08T10:02:30.0000000Z;52.88;52.95;5500;5973
2026-06-08T10:02:32.0000000Z;52.88;52.95;5500;5973
2026-06-08T10:02:33.0000000Z;52.88;52.95;5500;5973
2026-06-08T10:02:34.0000000Z;52.88;52.95;5500;5500
2026-06-08T10:02:35.0000000Z;52.88;52.95;5500;5500
2026-06-08T10:02:36.0000000Z;52.88;52.95;5500;5500
2026-06-08T10:02:37.0000000Z;52.88;52.95;5500;5500
2026-06-08T10:02:38.0000000Z;52.88;52.95;5500;5500
2026-06-08T10:02:40.0000000Z;52.88;52.96;5500;253
2026-06-08T10:02:41.0000000Z;52.88;52.95;5500;253
2026-06-08T10:02:42.0000000Z;52.88;52.95;5500;253
2026-06-08T10:02:43.0000000Z;52.88;52.95;5500;253
2026-06-08T10:02:44.0000000Z;52.88;52.95;5500;253
2026-06-08T10:02:54.0000000Z;52.88;52.96;5500;253
2026-06-08T10:02:55.0000000Z;52.88;52.96;5500;253
2026-06-08T10:02:56.0000000Z;52.88;52.96;5500;5973
2026-06-08T10:02:57.0000000Z;52.88;52.96;5500;5973
2026-06-08T10:02:58.0000000Z;52.89;52.96;253;5973
2026-06-08T10:02:59.0000000Z;52.9;52.97;253;253
2026-06-08T10:03:00.0000000Z;52.9;52.96;5500;473
2026-06-08T10:03:01.0000000Z;52.9;52.97;5500;5500
2026-06-08T10:03:09.0000000Z;52.9;52.97;5500;5500
2026-06-08T10:03:10.0000000Z;52.9;52.97;5500;5500
2026-06-08T10:03:12.0000000Z;52.9;52.97;5500;5500
2026-06-08T10:03:14.0000000Z;52.89;52.96;253;253
2026-06-08T10:03:15.0000000Z;52.89;52.96;253;5500
2026-06-08T10:03:18.0000000Z;52.89;52.96;5973;5500
2026-06-08T10:03:20.0000000Z;52.88;52.96;253;5500
2026-06-08T10:03:22.0000000Z;52.89;52.96;253;5500
2026-06-08T10:03:23.0000000Z;52.89;52.96;5973;5500
2026-06-08T10:03:24.0000000Z;52.89;52.96;5500;5500
2026-06-08T10:03:43.0000000Z;52.9;52.98;5500;253
2026-06-08T10:03:46.0000000Z;52.9;52.97;5500;472
2026-06-08T10:03:47.0000000Z;52.9;52.97;5500;253
2026-06-08T10:03:48.0000000Z;52.9;52.97;5500;5972
2026-06-08T10:03:49.0000000Z;52.9;52.97;5500;5972
2026-06-08T10:03:50.0000000Z;52.9;52.97;5500;5500
2026-06-08T10:03:52.0000000Z;52.9;52.98;5500;253
2026-06-08T10:03:54.0000000Z;52.9;52.98;5500;5972
2026-06-08T10:03:57.0000000Z;52.9;52.98;5500;5972
2026-06-08T10:03:59.0000000Z;52.9;52.98;5500;5500
2026-06-08T10:04:01.0000000Z;52.9;52.97;5500;5500
2026-06-08T10:04:04.0000000Z;52.89;52.96;253;253
2026-06-08T10:04:05.0000000Z;52.89;52.96;253;253
2026-06-08T10:04:06.0000000Z;52.89;52.96;5500;253
2026-06-08T10:04:07.0000000Z;52.9;52.97;253;253
2026-06-08T10:04:08.0000000Z;52.9;52.98;5500;253
2026-06-08T10:04:10.0000000Z;52.9;52.97;5500;472
2026-06-08T10:04:11.0000000Z;52.9;52.97;5500;5972
2026-06-08T10:04:15.0000000Z;52.9;52.97;5500;5972
2026-06-08T10:04:17.0000000Z;52.9;52.97;5500;5500
2026-06-08T10:04:18.0000000Z;52.91;52.97;5500;5500
2026-06-08T10:04:21.0000000Z;52.9;52.97;253;5500
2026-06-08T10:04:24.0000000Z;52.9;52.97;5500;5500
2026-06-08T10:04:27.0000000Z;52.91;52.97;5500;5500
2026-06-08T10:04:31.0000000Z;52.91;52.97;5500;5500
2026-06-08T10:04:33.0000000Z;52.92;52.98;253;188
2026-06-08T10:04:34.0000000Z;52.91;52.98;253;441
2026-06-08T10:04:35.0000000Z;52.91;52.98;5500;441
2026-06-08T10:04:36.0000000Z;52.91;52.98;5500;5972
2026-06-08T10:04:39.0000000Z;52.91;52.98;5500;5972
2026-06-08T10:04:40.0000000Z;52.91;52.98;5500;5500
2026-06-08T10:04:43.0000000Z;52.91;52.98;5500;5500
2026-06-08T10:04:45.0000000Z;52.92;52.98;253;188
2026-06-08T10:04:50.0000000Z;52.92;52.98;253;188
2026-06-08T10:04:51.0000000Z;52.91;52.98;253;441
2026-06-08T10:04:52.0000000Z;52.9;52.98;253;441
2026-06-08T10:04:53.0000000Z;52.91;52.98;5973;441
2026-06-08T10:04:55.0000000Z;52.91;52.97;473;5500
2026-06-08T10:04:57.0000000Z;52.9;52.97;5500;5500
2026-06-08T10:05:03.0000000Z;52.9;52.98;5500;253
2026-06-08T10:05:04.0000000Z;52.9;52.97;5500;162
2026-06-08T10:05:16.0000000Z;52.91;52.97;5500;162
2026-06-08T10:05:19.0000000Z;52.91;52.97;5500;162
2026-06-08T10:05:21.0000000Z;52.92;52.98;253;188
2026-06-08T10:05:23.0000000Z;52.92;52.98;253;5500
2026-06-08T10:05:24.0000000Z;52.91;52.98;253;441
2026-06-08T10:05:25.0000000Z;52.91;52.98;5973;441
2026-06-08T10:05:26.0000000Z;52.92;52.98;253;188
2026-06-08T10:05:29.0000000Z;52.92;52.98;253;188
2026-06-08T10:05:30.0000000Z;52.92;52.99;253;188
2026-06-08T10:05:33.0000000Z;52.92;52.99;253;5500
2026-06-08T10:05:35.0000000Z;52.92;52.99;253;5500
2026-06-08T10:05:37.0000000Z;52.92;52.99;253;441
2026-06-08T10:05:39.0000000Z;52.92;52.99;253;188
2026-06-08T10:05:40.0000000Z;52.92;52.99;253;188
2026-06-08T10:05:42.0000000Z;52.92;52.99;253;441
2026-06-08T10:05:44.0000000Z;52.91;52.98;253;253
2026-06-08T10:05:45.0000000Z;52.91;52.98;253;5500
2026-06-08T10:05:47.0000000Z;52.91;52.98;5973;5500
2026-06-08T10:05:54.0000000Z;52.91;52.98;5500;5500
2026-06-08T10:05:57.0000000Z;52.91;52.97;5500;162
2026-06-08T10:06:00.0000000Z;52.91;52.97;5500;162
2026-06-08T10:06:01.0000000Z;52.92;52.98;5500;188
2026-06-08T10:06:03.0000000Z;52.92;52.98;5500;5500
2026-06-08T10:06:13.0000000Z;52.92;52.98;5500;5500
2026-06-08T10:06:14.0000000Z;52.92;52.99;5500;188
2026-06-08T10:06:15.0000000Z;52.92;52.99;5500;441
2026-06-08T10:06:17.0000000Z;52.92;52.99;5500;5972
2026-06-08T10:06:22.0000000Z;52.92;52.99;5500;5500
2026-06-08T10:06:23.0000000Z;52.92;52.99;5500;188
2026-06-08T10:06:26.0000000Z;52.92;52.99;5500;441
2026-06-08T10:06:31.0000000Z;52.92;52.99;5500;441
2026-06-08T10:06:34.0000000Z;52.92;52.99;5500;441
2026-06-08T10:06:35.0000000Z;52.92;52.99;5500;188
2026-06-08T10:06:37.0000000Z;52.92;52.99;5500;188
2026-06-08T10:06:40.0000000Z;52.93;53;253;188
2026-06-08T10:06:41.0000000Z;52.93;53;5500;188
2026-06-08T10:06:42.0000000Z;52.93;53;5500;188
2026-06-08T10:06:43.0000000Z;52.93;53;5500;5972
2026-06-08T10:06:49.0000000Z;52.93;53;5500;5500
2026-06-08T10:06:50.0000000Z;52.93;53;5500;5500
2026-06-08T10:06:51.0000000Z;52.94;53;253;5500
2026-06-08T10:06:52.0000000Z;52.95;53.02;253;253
2026-06-08T10:06:53.0000000Z;52.95;53.02;253;169
2026-06-08T10:06:54.0000000Z;52.95;53.02;5500;169
2026-06-08T10:06:55.0000000Z;52.95;53.01;5500;472
2026-06-08T10:06:57.0000000Z;52.95;53.02;5500;422
2026-06-08T10:07:00.0000000Z;52.95;53.02;5500;5500
2026-06-08T10:07:02.0000000Z;52.95;53.02;5500;5500
2026-06-08T10:07:06.0000000Z;52.95;53.02;5500;5500
2026-06-08T10:07:15.0000000Z;52.95;53.02;5500;5500
2026-06-08T10:07:33.0000000Z;52.95;53.02;5500;5500
2026-06-08T10:07:36.0000000Z;52.95;53.02;5500;5500
2026-06-08T10:07:38.0000000Z;52.94;53.01;253;253
2026-06-08T10:07:39.0000000Z;52.94;53.01;5973;253
2026-06-08T10:07:42.0000000Z;52.93;53.01;253;253
2026-06-08T10:07:43.0000000Z;52.94;53.01;473;253
2026-06-08T10:07:45.0000000Z;52.93;53.01;5500;253
2026-06-08T10:07:46.0000000Z;52.93;53.01;5500;253
2026-06-08T10:07:47.0000000Z;52.93;53.01;5500;253
2026-06-08T10:07:48.0000000Z;52.94;53.01;253;253
2026-06-08T10:07:50.0000000Z;52.94;53.01;253;253
2026-06-08T10:07:54.0000000Z;52.94;53.01;253;253
2026-06-08T10:07:55.0000000Z;52.94;53.01;253;253
2026-06-08T10:07:57.0000000Z;52.94;53.01;253;253
2026-06-08T10:07:58.0000000Z;52.94;53.01;253;253
2026-06-08T10:07:59.0000000Z;52.95;53.02;253;253
2026-06-08T10:07:59.0000000Z;52.95;53.02;253;253
2026-06-08T10:08:01.0000000Z;52.95;53.02;5500;5972
2026-06-08T10:08:02.0000000Z;52.94;53.01;253;253
2026-06-08T10:08:03.0000000Z;52.95;53.02;253;253
2026-06-08T10:08:04.0000000Z;52.95;53.02;5500;253
2026-06-08T10:08:05.0000000Z;52.95;53.02;253;5972
2026-06-08T10:08:08.0000000Z;52.95;53.02;253;5500
2026-06-08T10:08:18.0000000Z;52.95;53.02;253;169
2026-06-08T10:08:42.0000000Z;52.95;53.02;253;169
2026-06-08T10:08:43.0000000Z;52.93;53.01;253;253
2026-06-08T10:08:44.0000000Z;52.94;53.01;253;5500
2026-06-08T10:08:46.0000000Z;52.94;53.01;5973;5500
2026-06-08T10:08:47.0000000Z;52.94;53.01;5973;5500
2026-06-08T10:08:49.0000000Z;52.94;53.01;5973;5500
2026-06-08T10:08:51.0000000Z;52.94;53.01;5500;5500
2026-06-08T10:08:53.0000000Z;52.94;53.01;5500;5500
2026-06-08T10:08:58.0000000Z;52.95;53.02;253;253
2026-06-08T10:09:00.0000000Z;52.95;53.02;253;5972
2026-06-08T10:09:04.0000000Z;52.95;53.02;253;5500
2026-06-08T10:09:07.0000000Z;52.95;53.02;253;5500
2026-06-08T10:09:08.0000000Z;52.95;53.02;253;169
2026-06-08T10:09:16.0000000Z;52.96;53.02;253;169
2026-06-08T10:09:23.0000000Z;52.96;53.02;253;169
2026-06-08T10:09:24.0000000Z;52.96;53.02;253;169
2026-06-08T10:09:27.0000000Z;52.96;53.02;253;169
2026-06-08T10:09:29.0000000Z;52.96;53.02;253;169
2026-06-08T10:09:32.0000000Z;52.96;53.02;253;169
2026-06-08T10:09:34.0000000Z;52.96;53.02;253;169
2026-06-08T10:09:35.0000000Z;52.95;53.02;253;422
2026-06-08T10:09:36.0000000Z;52.95;53.02;253;422
2026-06-08T10:09:37.0000000Z;52.95;53.02;253;422
2026-06-08T10:09:38.0000000Z;52.95;53.02;5973;422
2026-06-08T10:09:40.0000000Z;52.95;53.02;5500;422
2026-06-08T10:09:42.0000000Z;52.95;53.02;5500;422
2026-06-08T10:09:43.0000000Z;52.94;53.01;253;5500
2026-06-08T10:09:44.0000000Z;52.93;53.01;253;5500
2026-06-08T10:09:45.0000000Z;52.93;53.01;253;5500
2026-06-08T10:09:46.0000000Z;52.94;53.01;5973;5500
2026-06-08T10:09:48.0000000Z;52.94;53;473;5500
2026-06-08T10:09:50.0000000Z;52.93;53;5500;5500
2026-06-08T10:09:51.0000000Z;52.93;53;5500;5500
2026-06-08T10:09:52.0000000Z;52.93;53;5500;5500
2026-06-08T10:09:53.0000000Z;52.92;52.99;253;5500
2026-06-08T10:09:54.0000000Z;52.92;52.99;5973;5500
2026-06-08T10:09:56.0000000Z;52.92;52.99;5973;5500
2026-06-08T10:09:57.0000000Z;52.91;52.99;253;5500
2026-06-08T10:09:58.0000000Z;52.92;52.99;253;5500
2026-06-08T10:09:59.0000000Z;52.92;52.99;5973;5500
2026-06-08T10:10:01.0000000Z;52.92;52.99;5500;5500
2026-06-08T10:10:05.0000000Z;52.92;52.99;253;253
2026-06-08T10:10:08.0000000Z;52.92;52.99;253;253
2026-06-08T10:10:09.0000000Z;52.91;52.99;253;253
2026-06-08T10:10:10.0000000Z;52.91;52.99;5973;253
2026-06-08T10:10:12.0000000Z;52.91;52.98;5973;253
2026-06-08T10:10:13.0000000Z;52.91;52.98;5973;253
2026-06-08T10:10:16.0000000Z;52.91;52.98;5500;253
2026-06-08T10:10:22.0000000Z;52.91;52.98;5500;253
2026-06-08T10:10:23.0000000Z;52.91;52.99;5500;253
2026-06-08T10:10:24.0000000Z;52.91;52.99;5500;5972
2026-06-08T10:10:29.0000000Z;52.91;52.99;5500;5500
2026-06-08T10:10:41.0000000Z;52.92;52.99;253;5500
2026-06-08T10:10:42.0000000Z;52.92;52.99;5500;5500
2026-06-08T10:10:45.0000000Z;52.93;53;253;253
2026-06-08T10:10:46.0000000Z;52.93;53;253;5972
2026-06-08T10:10:48.0000000Z;52.93;53;253;5500
2026-06-08T10:10:52.0000000Z;52.93;53;253;5500
2026-06-08T10:10:53.0000000Z;52.92;52.99;253;5500
2026-06-08T10:10:56.0000000Z;52.92;52.99;5973;5500
2026-06-08T10:10:57.0000000Z;52.93;53;253;253
2026-06-08T10:10:58.0000000Z;52.93;53;253;5500
2026-06-08T10:11:03.0000000Z;52.93;53;253;5500
2026-06-08T10:11:45.0000000Z;52.93;53;253;5500
2026-06-08T10:11:47.0000000Z;52.93;53;253;5500
2026-06-08T10:11:48.0000000Z;52.93;53.01;253;253
2026-06-08T10:11:51.0000000Z;52.93;53.01;253;5972
2026-06-08T10:11:55.0000000Z;52.93;53.01;253;5500
2026-06-08T10:11:57.0000000Z;52.93;53.01;253;5500
2026-06-08T10:12:01.0000000Z;52.93;53;253;253
2026-06-08T10:12:02.0000000Z;52.93;53;253;5500
2026-06-08T10:12:03.0000000Z;52.93;53.01;253;253
2026-06-08T10:12:04.0000000Z;52.93;53.01;253;253
2026-06-08T10:12:05.0000000Z;52.93;53.01;253;5500
2026-06-08T10:12:10.0000000Z;52.94;53.01;253;253
2026-06-08T10:12:11.0000000Z;52.94;53.01;5500;253
2026-06-08T10:12:13.0000000Z;52.94;53.01;5500;253
2026-06-08T10:12:15.0000000Z;52.94;53.01;5500;253
2026-06-08T10:12:16.0000000Z;52.94;53.01;5500;253
2026-06-08T10:12:19.0000000Z;52.94;53.01;5500;253
2026-06-08T10:12:20.0000000Z;52.94;53.01;5500;253
2026-06-08T10:12:24.0000000Z;52.94;53.01;5500;253
2026-06-08T10:12:31.0000000Z;52.94;53.01;5500;253
2026-06-08T10:12:40.0000000Z;52.94;53.01;5500;253
2026-06-08T10:12:41.0000000Z;52.94;53.01;253;253
2026-06-08T10:12:42.0000000Z;52.95;53.01;253;186
2026-06-08T10:12:43.0000000Z;52.95;53.01;5500;186
2026-06-08T10:12:47.0000000Z;52.95;53.01;5500;186
2026-06-08T10:12:58.0000000Z;52.94;53.01;253;439
2026-06-08T10:13:01.0000000Z;52.94;53.01;5973;186
2026-06-08T10:13:02.0000000Z;52.95;53.01;5500;186
2026-06-08T10:13:08.0000000Z;52.94;53.01;253;439
2026-06-08T10:13:11.0000000Z;52.94;53.01;5973;439
2026-06-08T10:13:13.0000000Z;52.94;53.01;5500;439
2026-06-08T10:13:23.0000000Z;52.94;53.01;5500;439
2026-06-08T10:13:47.0000000Z;52.95;53.01;253;186
2026-06-08T10:13:48.0000000Z;52.94;53.01;253;439
2026-06-08T10:13:49.0000000Z;52.95;53.01;5500;439
2026-06-08T10:13:51.0000000Z;52.94;53.01;5500;439
2026-06-08T10:13:53.0000000Z;52.93;53.01;5973;439
2026-06-08T10:13:55.0000000Z;52.93;53.01;5500;439
2026-06-08T10:14:01.0000000Z;52.93;53;5500;253
2026-06-08T10:14:02.0000000Z;52.93;53;5500;5500
2026-06-08T10:14:03.0000000Z;52.92;52.99;253;253
2026-06-08T10:14:05.0000000Z;52.92;52.99;5973;253
2026-06-08T10:14:08.0000000Z;52.92;52.99;5500;253
2026-06-08T10:14:11.0000000Z;52.92;52.99;5500;253
2026-06-08T10:14:12.0000000Z;52.91;52.99;253;253
2026-06-08T10:14:14.0000000Z;52.91;52.99;253;253
2026-06-08T10:14:15.0000000Z;52.92;52.99;253;253
2026-06-08T10:14:16.0000000Z;52.92;52.99;5500;253
2026-06-08T10:14:40.0000000Z;52.92;52.99;5500;253
2026-06-08T10:14:44.0000000Z;52.92;52.99;5500;253
2026-06-08T10:14:45.0000000Z;52.92;52.99;5500;253
2026-06-08T10:14:47.0000000Z;52.92;52.99;5500;253
2026-06-08T10:14:54.0000000Z;52.92;52.99;5500;5500
2026-06-08T10:14:56.0000000Z;52.93;53;253;253
2026-06-08T10:14:57.0000000Z;52.93;53;5500;5972
2026-06-08T10:15:01.0000000Z;52.93;53;5500;5500
2026-06-08T10:15:10.0000000Z;52.93;53;5500;5500
2026-06-08T10:15:11.0000000Z;52.93;53;5500;5500
2026-06-08T10:15:12.0000000Z;52.93;53;5500;5500
2026-06-08T10:15:17.0000000Z;52.92;52.99;253;5500
2026-06-08T10:15:18.0000000Z;52.92;52.99;5973;5500
2026-06-08T10:15:21.0000000Z;52.92;52.99;5500;5500
2026-06-08T10:15:22.0000000Z;52.92;52.99;5500;5500
2026-06-08T10:15:54.0000000Z;52.92;52.99;5500;5500
2026-06-08T10:16:03.0000000Z;52.92;52.99;5500;5500
2026-06-08T10:16:08.0000000Z;52.92;52.99;5500;5500
2026-06-08T10:16:09.0000000Z;52.92;52.99;5500;5500
2026-06-08T10:16:10.0000000Z;52.92;52.99;5500;5500
2026-06-08T10:16:15.0000000Z;52.92;52.99;5500;5500
2026-06-08T10:16:18.0000000Z;52.93;53;253;253
2026-06-08T10:16:20.0000000Z;52.93;53;253;5972
2026-06-08T10:16:22.0000000Z;52.92;52.99;253;5500
2026-06-08T10:16:24.0000000Z;52.92;52.99;5500;5500
2026-06-08T10:16:31.0000000Z;52.91;52.98;253;253
2026-06-08T10:16:32.0000000Z;52.91;52.98;253;5500
2026-06-08T10:16:34.0000000Z;52.91;52.98;5973;253
2026-06-08T10:16:35.0000000Z;52.91;52.98;5973;253
2026-06-08T10:16:37.0000000Z;52.91;52.98;5500;253
2026-06-08T10:16:38.0000000Z;52.91;52.98;5500;253
2026-06-08T10:16:39.0000000Z;52.91;52.97;140;253
2026-06-08T10:16:40.0000000Z;52.91;52.97;140;5500
2026-06-08T10:16:45.0000000Z;52.91;52.97;140;5500
2026-06-08T10:16:46.0000000Z;52.91;52.97;140;5500
2026-06-08T10:16:48.0000000Z;52.91;52.97;140;5500
2026-06-08T10:16:54.0000000Z;52.91;52.97;140;5500
2026-06-08T10:16:55.0000000Z;52.9;52.97;168;5500
2026-06-08T10:16:56.0000000Z;52.9;52.96;168;5500
2026-06-08T10:16:58.0000000Z;52.9;52.96;5973;5500
2026-06-08T10:17:05.0000000Z;52.9;52.96;5500;5500
2026-06-08T10:17:08.0000000Z;52.89;52.95;189;253
2026-06-08T10:17:09.0000000Z;52.89;52.95;189;5500
2026-06-08T10:17:10.0000000Z;52.89;52.95;5973;5500
2026-06-08T10:17:11.0000000Z;52.89;52.95;5973;5500
2026-06-08T10:17:15.0000000Z;52.88;52.95;189;5500
2026-06-08T10:17:16.0000000Z;52.89;52.95;473;5500
2026-06-08T10:17:19.0000000Z;52.88;52.95;5500;5500
2026-06-08T10:17:30.0000000Z;52.88;52.95;189;5500
2026-06-08T10:17:34.0000000Z;52.88;52.95;189;5500
2026-06-08T10:17:36.0000000Z;52.88;52.95;189;5500
2026-06-08T10:17:37.0000000Z;52.88;52.95;189;5500
2026-06-08T10:17:39.0000000Z;52.88;52.95;189;5500
2026-06-08T10:17:53.0000000Z;52.88;52.95;442;5500
2026-06-08T10:17:56.0000000Z;52.88;52.95;189;5500
2026-06-08T10:18:00.0000000Z;52.88;52.95;442;5500
2026-06-08T10:18:01.0000000Z;52.89;52.95;141;253
2026-06-08T10:18:02.0000000Z;52.89;52.95;5500;253
2026-06-08T10:18:07.0000000Z;52.89;52.95;5500;253
2026-06-08T10:18:30.0000000Z;52.89;52.95;5500;253
2026-06-08T10:18:35.0000000Z;52.89;52.95;5500;253
2026-06-08T10:18:43.0000000Z;52.89;52.95;5500;253
2026-06-08T10:18:48.0000000Z;52.89;52.95;5500;253
2026-06-08T10:18:49.0000000Z;52.89;52.95;5500;253
2026-06-08T10:18:50.0000000Z;52.89;52.95;5500;253
2026-06-08T10:18:54.0000000Z;52.89;52.95;5500;253
2026-06-08T10:18:55.0000000Z;52.88;52.95;169;253
2026-06-08T10:18:57.0000000Z;52.88;52.95;5973;253
2026-06-08T10:18:59.0000000Z;52.88;52.95;5500;253
2026-06-08T10:19:01.0000000Z;52.88;52.95;422;253
2026-06-08T10:19:02.0000000Z;52.88;52.95;422;253
2026-06-08T10:19:05.0000000Z;52.88;52.95;422;253
2026-06-08T10:19:06.0000000Z;52.88;52.95;422;253
2026-06-08T10:19:08.0000000Z;52.89;52.96;5500;253
2026-06-08T10:19:11.0000000Z;52.89;52.96;5500;5973
2026-06-08T10:19:14.0000000Z;52.89;52.96;5500;5500
2026-06-08T10:19:21.0000000Z;52.88;52.95;253;253
2026-06-08T10:19:23.0000000Z;52.88;52.95;5973;253
2026-06-08T10:19:26.0000000Z;52.88;52.95;5500;253
2026-06-08T10:19:27.0000000Z;52.88;52.94;169;253
2026-06-08T10:19:28.0000000Z;52.88;52.94;169;5500
2026-06-08T10:19:35.0000000Z;52.88;52.95;422;253
2026-06-08T10:19:36.0000000Z;52.88;52.95;422;253
2026-06-08T10:19:37.0000000Z;52.88;52.95;422;5973
2026-06-08T10:19:40.0000000Z;52.88;52.95;422;5973
2026-06-08T10:19:41.0000000Z;52.88;52.94;169;253
2026-06-08T10:19:52.0000000Z;52.88;52.94;169;253
2026-06-08T10:19:55.0000000Z;52.88;52.94;169;253
2026-06-08T10:19:56.0000000Z;52.87;52.94;130;253
2026-06-08T10:19:57.0000000Z;52.86;52.94;253;253
2026-06-08T10:19:59.0000000Z;52.87;52.94;473;253
2026-06-08T10:20:02.0000000Z;52.87;52.94;473;253
2026-06-08T10:20:03.0000000Z;52.87;52.94;383;253
2026-06-08T10:20:04.0000000Z;52.87;52.94;5500;253
2026-06-08T10:20:09.0000000Z;52.87;52.94;130;253
2026-06-08T10:20:10.0000000Z;52.87;52.94;130;253
2026-06-08T10:20:11.0000000Z;52.86;52.93;253;253
2026-06-08T10:20:12.0000000Z;52.87;52.93;130;5500
2026-06-08T10:20:13.0000000Z;52.86;52.93;5973;253
2026-06-08T10:20:14.0000000Z;52.87;52.94;130;253
2026-06-08T10:20:15.0000000Z;52.87;52.94;5500;5500
2026-06-08T10:20:23.0000000Z;52.87;52.94;383;5500
2026-06-08T10:20:24.0000000Z;52.87;52.94;130;5500
2026-06-08T10:20:36.0000000Z;52.87;52.94;383;5500
2026-06-08T10:20:37.0000000Z;52.87;52.94;383;5500
2026-06-08T10:20:45.0000000Z;52.87;52.94;383;5500
2026-06-08T10:20:54.0000000Z;52.87;52.94;383;5500
2026-06-08T10:20:55.0000000Z;52.88;52.95;253;253
2026-06-08T10:20:56.0000000Z;52.89;52.96;253;253
2026-06-08T10:20:57.0000000Z;52.89;52.95;5500;5973
2026-06-08T10:20:58.0000000Z;52.89;52.95;5500;5973
2026-06-08T10:20:59.0000000Z;52.89;52.96;5500;5500
2026-06-08T10:21:07.0000000Z;52.88;52.95;253;253
2026-06-08T10:21:08.0000000Z;52.89;52.96;253;253
2026-06-08T10:21:09.0000000Z;52.88;52.95;253;5500
2026-06-08T10:21:11.0000000Z;52.88;52.96;253;5500
2026-06-08T10:21:19.0000000Z;52.88;52.97;253;253
2026-06-08T10:21:20.0000000Z;52.88;52.96;253;253
2026-06-08T10:21:31.0000000Z;52.88;52.97;253;253
2026-06-08T10:21:33.0000000Z;52.88;52.97;253;5972
2026-06-08T10:21:37.0000000Z;52.88;52.97;253;5500
2026-06-08T10:21:45.0000000Z;52.88;52.96;253;5500
2026-06-08T10:21:49.0000000Z;52.88;52.96;253;5500
2026-06-08T10:21:55.0000000Z;52.88;52.96;253;5500
2026-06-08T10:21:56.0000000Z;52.88;52.97;253;253
2026-06-08T10:21:57.0000000Z;52.88;52.97;253;5972
2026-06-08T10:21:58.0000000Z;52.88;52.97;253;5972
2026-06-08T10:22:00.0000000Z;52.88;52.96;253;253
2026-06-08T10:22:01.0000000Z;52.88;52.96;253;5500
2026-06-08T10:22:07.0000000Z;52.88;52.96;253;5500
2026-06-08T10:22:08.0000000Z;52.88;52.96;253;5500
2026-06-08T10:22:12.0000000Z;52.88;52.95;253;5500
2026-06-08T10:22:13.0000000Z;52.88;52.95;5973;5500
2026-06-08T10:22:18.0000000Z;52.88;52.95;5500;5500
2026-06-08T10:22:23.0000000Z;52.88;52.96;5500;253
2026-06-08T10:22:24.0000000Z;52.88;52.95;253;253
2026-06-08T10:22:25.0000000Z;52.88;52.95;5500;253
2026-06-08T10:22:31.0000000Z;52.87;52.95;253;253
2026-06-08T10:22:33.0000000Z;52.87;52.95;5973;253
2026-06-08T10:22:35.0000000Z;52.87;52.94;5973;5500
2026-06-08T10:22:36.0000000Z;52.87;52.93;130;5500
2026-06-08T10:22:37.0000000Z;52.87;52.93;5500;5500
2026-06-08T10:22:39.0000000Z;52.87;52.94;383;253
2026-06-08T10:22:41.0000000Z;52.87;52.94;383;5973
2026-06-08T10:22:46.0000000Z;52.87;52.93;130;253
2026-06-08T10:22:47.0000000Z;52.87;52.93;130;5500
2026-06-08T10:22:48.0000000Z;52.86;52.93;253;5500
2026-06-08T10:22:49.0000000Z;52.74;52.98;189;178
2026-06-08T10:22:50.0000000Z;52.85;52.92;174;253
2026-06-08T10:22:51.0000000Z;52.85;52.92;174;5500
2026-06-08T10:22:53.0000000Z;52.86;52.92;473;5500
2026-06-08T10:22:55.0000000Z;52.86;52.92;473;5500
2026-06-08T10:22:58.0000000Z;52.85;52.92;5500;5500
2026-06-08T10:23:00.0000000Z;52.85;52.92;5500;5500
2026-06-08T10:23:08.0000000Z;52.85;52.92;5500;5500
2026-06-08T10:23:21.0000000Z;52.85;52.92;427;5500
2026-06-08T10:23:22.0000000Z;52.85;52.92;427;5500
2026-06-08T10:23:23.0000000Z;52.85;52.92;427;5500
2026-06-08T10:23:25.0000000Z;52.85;52.92;427;5500
2026-06-08T10:23:26.0000000Z;52.85;52.92;427;5500
2026-06-08T10:23:27.0000000Z;52.86;52.93;5500;253
2026-06-08T10:23:28.0000000Z;52.86;52.93;5500;5973
2026-06-08T10:23:29.0000000Z;52.86;52.93;5500;5973
2026-06-08T10:23:30.0000000Z;52.86;52.93;5500;5973
2026-06-08T10:23:31.0000000Z;52.86;52.93;5500;5500
2026-06-08T10:23:41.0000000Z;52.86;52.93;5500;5500
2026-06-08T10:23:51.0000000Z;52.86;52.94;5500;253
2026-06-08T10:23:54.0000000Z;52.86;52.94;5500;5973
2026-06-08T10:23:57.0000000Z;52.86;52.94;5500;5500
2026-06-08T10:23:58.0000000Z;52.86;52.93;5500;253
2026-06-08T10:24:00.0000000Z;52.86;52.94;5500;253
2026-06-08T10:24:04.0000000Z;52.86;52.94;5500;5500
2026-06-08T10:24:08.0000000Z;52.87;52.94;253;5500
2026-06-08T10:24:09.0000000Z;52.87;52.94;5500;5500
2026-06-08T10:24:10.0000000Z;52.87;52.94;253;5500
2026-06-08T10:24:13.0000000Z;52.88;52.95;253;253
2026-06-08T10:24:14.0000000Z;52.88;52.95;5500;253
2026-06-08T10:24:16.0000000Z;52.88;52.95;5500;5500
2026-06-08T10:24:17.0000000Z;52.87;52.94;253;253
2026-06-08T10:24:18.0000000Z;52.87;52.94;253;5500
2026-06-08T10:24:20.0000000Z;52.87;52.94;5973;5500
2026-06-08T10:24:24.0000000Z;52.88;52.95;253;253
2026-06-08T10:24:25.0000000Z;52.88;52.95;5500;253
2026-06-08T10:24:26.0000000Z;52.88;52.95;253;5500
2026-06-08T10:24:31.0000000Z;52.88;52.95;253;5500
2026-06-08T10:24:32.0000000Z;52.89;52.96;253;253
2026-06-08T10:24:34.0000000Z;52.89;52.96;253;5973
2026-06-08T10:24:35.0000000Z;52.88;52.95;253;253
2026-06-08T10:24:38.0000000Z;52.88;52.95;5500;253
2026-06-08T10:24:40.0000000Z;52.88;52.95;5500;253
2026-06-08T10:24:42.0000000Z;52.87;52.94;253;253
2026-06-08T10:24:43.0000000Z;52.88;52.94;5500;5500
2026-06-08T10:24:44.0000000Z;52.86;52.94;253;253
2026-06-08T10:24:46.0000000Z;52.87;52.94;473;253
2026-06-08T10:24:49.0000000Z;52.86;52.94;5500;253
2026-06-08T10:24:52.0000000Z;52.87;52.94;253;253
2026-06-08T10:24:53.0000000Z;52.87;52.94;5500;253
2026-06-08T10:24:59.0000000Z;52.87;52.94;5500;253
2026-06-08T10:25:15.0000000Z;52.87;52.94;5500;253
2026-06-08T10:25:21.0000000Z;52.87;52.94;5500;253
2026-06-08T10:25:24.0000000Z;52.88;52.95;253;253
2026-06-08T10:25:25.0000000Z;52.88;52.95;5500;253
2026-06-08T10:25:26.0000000Z;52.88;52.95;5500;5973
2026-06-08T10:25:30.0000000Z;52.87;52.94;253;5500
2026-06-08T10:25:31.0000000Z;52.87;52.94;253;5500
2026-06-08T10:25:32.0000000Z;52.87;52.94;5500;5500
2026-06-08T10:25:34.0000000Z;52.87;52.95;5500;5500
2026-06-08T10:25:40.0000000Z;52.87;52.95;5500;5500
2026-06-08T10:25:51.0000000Z;52.87;52.95;5500;5500
2026-06-08T10:25:53.0000000Z;52.88;52.96;253;253
2026-06-08T10:25:54.0000000Z;52.88;52.95;253;253
2026-06-08T10:25:55.0000000Z;52.88;52.96;5500;253
2026-06-08T10:25:56.0000000Z;52.88;52.96;5500;5973
2026-06-08T10:25:57.0000000Z;52.88;52.95;5500;5500
2026-06-08T10:26:03.0000000Z;52.87;52.94;253;5500
2026-06-08T10:26:06.0000000Z;52.87;52.94;5973;5500
2026-06-08T10:26:10.0000000Z;52.87;52.94;5500;5500
2026-06-08T10:26:13.0000000Z;52.87;52.94;5500;5500
2026-06-08T10:26:14.0000000Z;52.86;52.94;253;5500
2026-06-08T10:26:15.0000000Z;52.86;52.94;253;253
2026-06-08T10:26:16.0000000Z;52.86;52.94;5973;253
2026-06-08T10:26:17.0000000Z;52.86;52.94;5973;253
2026-06-08T10:26:18.0000000Z;52.86;52.94;5973;253
2026-06-08T10:26:19.0000000Z;52.86;52.94;5500;253
2026-06-08T10:26:20.0000000Z;52.86;52.94;5500;253
2026-06-08T10:26:21.0000000Z;52.86;52.94;5500;253
2026-06-08T10:26:22.0000000Z;52.86;52.94;5500;253
2026-06-08T10:26:23.0000000Z;52.87;52.94;253;253
2026-06-08T10:26:24.0000000Z;52.87;52.94;5500;253
2026-06-08T10:26:29.0000000Z;52.87;52.94;5500;253
2026-06-08T10:27:14.0000000Z;52.86;52.94;253;253
2026-06-08T10:27:15.0000000Z;52.86;52.94;253;253
2026-06-08T10:27:16.0000000Z;52.86;52.94;5973;253
2026-06-08T10:27:17.0000000Z;52.87;52.94;5500;253
2026-06-08T10:27:32.0000000Z;52.87;52.94;5500;253
2026-06-08T10:27:39.0000000Z;52.86;52.94;253;253
2026-06-08T10:27:40.0000000Z;52.86;52.94;5973;253
2026-06-08T10:27:42.0000000Z;52.87;52.94;5500;253
2026-06-08T10:28:06.0000000Z;52.87;52.94;5500;253
2026-06-08T10:28:23.0000000Z;52.88;52.95;253;253
2026-06-08T10:28:24.0000000Z;52.88;52.95;5500;253
2026-06-08T10:28:25.0000000Z;52.88;52.95;5500;5973
2026-06-08T10:28:29.0000000Z;52.88;52.95;5500;5500
2026-06-08T10:28:33.0000000Z;52.88;52.95;5500;5500
2026-06-08T10:28:52.0000000Z;52.88;52.96;5500;253
2026-06-08T10:28:55.0000000Z;52.88;52.96;5500;5500
2026-06-08T10:29:03.0000000Z;52.88;52.96;5500;5500
2026-06-08T10:29:06.0000000Z;52.89;52.96;253;5500
2026-06-08T10:29:07.0000000Z;52.89;52.96;5500;5500
2026-06-08T10:29:12.0000000Z;52.89;52.96;5500;5500
2026-06-08T10:29:15.0000000Z;52.89;52.96;5500;5500
2026-06-08T10:29:17.0000000Z;52.9;52.97;253;253
2026-06-08T10:29:18.0000000Z;52.9;52.97;5500;253
2026-06-08T10:29:19.0000000Z;52.9;52.97;5500;5972
2026-06-08T10:29:20.0000000Z;52.91;52.97;5500;171
2026-06-08T10:29:21.0000000Z;52.91;52.97;5500;171
2026-06-08T10:29:24.0000000Z;52.91;52.98;5500;188
2026-06-08T10:29:27.0000000Z;52.91;52.98;5500;5500
2026-06-08T10:29:31.0000000Z;52.91;52.98;5500;5500
2026-06-08T10:29:35.0000000Z;52.91;52.98;5500;5500
2026-06-08T10:29:36.0000000Z;52.91;52.98;5500;441
2026-06-08T10:29:39.0000000Z;52.91;52.98;5500;188
2026-06-08T10:29:40.0000000Z;52.91;52.98;5500;441
2026-06-08T10:29:41.0000000Z;52.91;52.98;5500;441
2026-06-08T10:29:42.0000000Z;52.91;52.98;5500;188
2026-06-08T10:29:45.0000000Z;52.92;52.98;253;188
2026-06-08T10:29:46.0000000Z;52.92;52.98;253;188
2026-06-08T10:29:48.0000000Z;52.91;52.98;253;188
2026-06-08T10:29:51.0000000Z;52.91;52.98;5500;188
2026-06-08T10:29:55.0000000Z;52.91;52.98;5500;188
2026-06-08T10:29:59.0000000Z;52.91;52.98;5500;188
2026-06-08T10:30:15.0000000Z;52.92;52.98;5500;188
2026-06-08T10:30:16.0000000Z;52.91;52.98;253;188
2026-06-08T10:30:18.0000000Z;52.92;52.98;253;188
2026-06-08T10:30:19.0000000Z;52.92;52.98;253;188
2026-06-08T10:30:23.0000000Z;52.91;52.98;253;188
2026-06-08T10:30:25.0000000Z;52.92;52.98;253;188
2026-06-08T10:30:26.0000000Z;52.92;52.98;5500;188
2026-06-08T10:30:28.0000000Z;52.91;52.98;253;441
2026-06-08T10:30:29.0000000Z;52.9;52.97;253;253
2026-06-08T10:30:30.0000000Z;52.9;52.97;253;5500
2026-06-08T10:30:31.0000000Z;52.9;52.97;5500;5500
2026-06-08T10:30:32.0000000Z;52.91;52.97;5500;171
2026-06-08T10:30:36.0000000Z;52.91;52.97;5500;171
2026-06-08T10:30:38.0000000Z;52.91;52.98;5500;188
2026-06-08T10:30:39.0000000Z;52.91;52.98;5500;5500
2026-06-08T10:30:41.0000000Z;52.91;52.98;5500;188
2026-06-08T10:30:47.0000000Z;52.91;52.98;5500;441
2026-06-08T10:30:51.0000000Z;52.91;52.98;5500;441
2026-06-08T10:30:59.0000000Z;52.9;52.98;253;441
2026-06-08T10:30:59.0000000Z;52.9;52.97;253;253
2026-06-08T10:31:00.0000000Z;52.9;52.97;253;5500
2026-06-08T10:31:01.0000000Z;52.9;52.98;5973;253
2026-06-08T10:31:02.0000000Z;52.9;52.97;5973;424
2026-06-08T10:31:03.0000000Z;52.9;52.97;5500;424
2026-06-08T10:31:11.0000000Z;52.91;52.97;5500;171
2026-06-08T10:31:16.0000000Z;52.91;52.97;5500;171
2026-06-08T10:31:24.0000000Z;52.9;52.97;253;424
2026-06-08T10:31:29.0000000Z;52.89;52.96;253;253
2026-06-08T10:31:30.0000000Z;52.9;52.96;5500;5500
2026-06-08T10:31:31.0000000Z;52.89;52.96;5973;253
2026-06-08T10:31:32.0000000Z;52.9;52.97;5500;253
2026-06-08T10:31:34.0000000Z;52.89;52.96;253;253
2026-06-08T10:31:35.0000000Z;52.9;52.96;5500;253
2026-06-08T10:31:36.0000000Z;52.9;52.96;5500;253
2026-06-08T10:31:37.0000000Z;52.89;52.96;5500;253
2026-06-08T10:31:44.0000000Z;52.89;52.96;5500;253
2026-06-08T10:31:45.0000000Z;52.9;52.97;253;253
2026-06-08T10:31:47.0000000Z;52.9;52.97;253;5972
2026-06-08T10:31:49.0000000Z;52.9;52.97;253;5500
2026-06-08T10:31:59.0000000Z;52.91;52.98;253;253
2026-06-08T10:31:59.0000000Z;52.91;52.97;253;171
2026-06-08T10:32:00.0000000Z;52.91;52.97;5500;171
2026-06-08T10:32:01.0000000Z;52.91;52.97;5500;186
2026-06-08T10:32:02.0000000Z;52.91;52.97;5500;186
2026-06-08T10:32:03.0000000Z;52.91;52.98;5500;188
2026-06-08T10:32:05.0000000Z;52.91;52.98;5500;5500
2026-06-08T10:32:06.0000000Z;52.91;52.98;5500;5500
2026-06-08T10:32:07.0000000Z;52.91;52.98;5500;5500
2026-06-08T10:32:08.0000000Z;52.91;52.98;5500;5500
2026-06-08T10:32:09.0000000Z;52.91;52.98;5500;5500
2026-06-08T10:32:11.0000000Z;52.91;52.98;5500;441
2026-06-08T10:32:33.0000000Z;52.91;52.98;5500;441
2026-06-08T10:32:35.0000000Z;52.91;52.98;5500;441
2026-06-08T10:32:36.0000000Z;52.91;52.98;5500;441
2026-06-08T10:32:37.0000000Z;52.91;52.98;5500;441
2026-06-08T10:32:39.0000000Z;52.9;52.97;253;253
2026-06-08T10:32:41.0000000Z;52.9;52.97;5973;253
2026-06-08T10:32:46.0000000Z;52.9;52.97;5500;253
2026-06-08T10:33:05.0000000Z;52.9;52.97;5500;253
2026-06-08T10:33:06.0000000Z;52.9;52.97;5500;171
2026-06-08T10:33:11.0000000Z;52.91;52.97;253;186
2026-06-08T10:33:12.0000000Z;52.91;52.97;253;186
2026-06-08T10:33:13.0000000Z;52.91;52.97;253;186
2026-06-08T10:33:15.0000000Z;52.91;52.97;253;186
2026-06-08T10:33:18.0000000Z;52.91;52.98;253;188
2026-06-08T10:33:19.0000000Z;52.91;52.98;5500;188
2026-06-08T10:33:20.0000000Z;52.91;52.98;5500;5972
2026-06-08T10:33:23.0000000Z;52.92;52.98;253;5500
2026-06-08T10:33:24.0000000Z;52.92;52.98;5500;5500
2026-06-08T10:33:29.0000000Z;52.92;52.98;5500;5500
2026-06-08T10:33:30.0000000Z;52.92;52.98;253;5500
2026-06-08T10:33:32.0000000Z;52.91;52.98;5973;5500
2026-06-08T10:33:34.0000000Z;52.91;52.98;5500;5500
2026-06-08T10:33:35.0000000Z;52.92;52.98;5500;5500
2026-06-08T10:33:41.0000000Z;52.91;52.98;253;5500
2026-06-08T10:33:42.0000000Z;52.92;52.98;253;5500
2026-06-08T10:33:43.0000000Z;52.92;52.98;253;5500
2026-06-08T10:33:44.0000000Z;52.93;52.99;253;188
2026-06-08T10:33:45.0000000Z;52.93;52.99;5500;188
2026-06-08T10:33:48.0000000Z;52.93;52.99;5500;5972
2026-06-08T10:33:49.0000000Z;52.93;52.99;5500;5972
2026-06-08T10:33:50.0000000Z;52.93;52.99;5500;5972
2026-06-08T10:33:51.0000000Z;52.93;52.99;5500;5972
2026-06-08T10:33:56.0000000Z;52.93;52.99;5500;5500
2026-06-08T10:34:10.0000000Z;52.93;53;5500;253
2026-06-08T10:34:11.0000000Z;52.94;52.99;2785;5500
2026-06-08T10:34:12.0000000Z;52.93;52.99;5500;5500
2026-06-08T10:34:13.0000000Z;52.84;53.22;2000;107
2026-06-08T10:34:14.0000000Z;52.84;53.25;2000;2005
2026-06-08T10:34:16.0000000Z;53.04;53.04;5500;472
2026-06-08T10:34:18.0000000Z;53.04;53.11;253;253
2026-06-08T10:34:20.0000000Z;53.04;53.11;253;253
2026-06-08T10:34:21.0000000Z;52.84;53.25;2000;2000
2026-06-08T10:34:23.0000000Z;53.01;53.08;253;253
2026-06-08T10:34:24.0000000Z;53;53.08;253;253
2026-06-08T10:34:25.0000000Z;52.85;53.24;99;99
2026-06-08T10:34:27.0000000Z;52.85;53.05;99;472
2026-06-08T10:34:28.0000000Z;52.84;53.25;2000;2000
2026-06-08T10:34:29.0000000Z;52.85;53.24;8285;8285
2026-06-08T10:34:31.0000000Z;52.85;53.24;5500;5500
2026-06-08T10:34:32.0000000Z;52.86;53.24;2785;99
2026-06-08T10:34:33.0000000Z;52.85;53.24;56;99
2026-06-08T10:34:34.0000000Z;53.04;53.12;253;253
2026-06-08T10:34:35.0000000Z;53.05;53.12;253;253
2026-06-08T10:34:36.0000000Z;53.04;53.11;253;253
2026-06-08T10:34:37.0000000Z;52.82;53.29;105;107
2026-06-08T10:34:38.0000000Z;53.03;53.1;253;253
2026-06-08T10:34:39.0000000Z;52.83;53.28;189;187
2026-06-08T10:34:40.0000000Z;52.83;53.28;189;187
2026-06-08T10:34:41.0000000Z;53.03;53.1;253;253
2026-06-08T10:34:43.0000000Z;52.83;53.28;189;187
2026-06-08T10:34:44.0000000Z;53.03;53.1;253;253
2026-06-08T10:34:45.0000000Z;53.02;53.1;253;253
2026-06-08T10:34:46.0000000Z;53.03;53.1;253;253
2026-06-08T10:34:47.0000000Z;53.03;53.11;253;253
2026-06-08T10:34:48.0000000Z;53.04;53.11;253;253
2026-06-08T10:34:49.0000000Z;53.03;53.11;253;253
2026-06-08T10:34:50.0000000Z;53.03;53.1;253;5500
2026-06-08T10:34:51.0000000Z;53.01;53.08;253;253
2026-06-08T10:34:52.0000000Z;53.01;53.08;253;253
2026-06-08T10:34:54.0000000Z;53.02;53.08;5500;5500
2026-06-08T10:34:55.0000000Z;53;53.08;253;5500
2026-06-08T10:34:56.0000000Z;53;53.08;5500;5500
2026-06-08T10:34:57.0000000Z;53;53.08;5500;5500
2026-06-08T10:34:58.0000000Z;53.01;53.08;253;253
2026-06-08T10:34:59.0000000Z;53.01;53.09;253;253
2026-06-08T10:35:00.0000000Z;53.01;53.09;5500;5500
2026-06-08T10:35:02.0000000Z;53.01;53.08;5500;253
2026-06-08T10:35:03.0000000Z;53;53.07;253;253
2026-06-08T10:35:04.0000000Z;52.99;53.05;179;253
2026-06-08T10:35:05.0000000Z;52.98;53.06;253;253
2026-06-08T10:35:06.0000000Z;53;53.05;5500;253
2026-06-08T10:35:07.0000000Z;53;53.05;5500;5500
2026-06-08T10:35:10.0000000Z;52.98;53.05;5500;5500
2026-06-08T10:35:11.0000000Z;52.99;53.07;253;253
2026-06-08T10:35:13.0000000Z;52.99;53.06;5500;253
2026-06-08T10:35:14.0000000Z;52.98;53.05;253;253
2026-06-08T10:35:15.0000000Z;52.98;53.05;253;5500
2026-06-08T10:35:16.0000000Z;52.98;53.04;5500;5500
2026-06-08T10:35:18.0000000Z;52.97;53.04;5500;5500
2026-06-08T10:35:20.0000000Z;52.98;53.05;429;253
2026-06-08T10:35:21.0000000Z;52.98;53.05;429;253
2026-06-08T10:35:22.0000000Z;52.98;53.05;429;253
2026-06-08T10:35:24.0000000Z;52.98;53.05;429;5500
2026-06-08T10:35:25.0000000Z;52.98;53.05;429;5500
2026-06-08T10:35:26.0000000Z;52.99;53.06;253;253
2026-06-08T10:35:27.0000000Z;52.99;53.07;253;253
2026-06-08T10:35:28.0000000Z;52.99;53.07;5500;253
2026-06-08T10:35:30.0000000Z;53.01;53.08;253;253
2026-06-08T10:35:31.0000000Z;53;53.07;253;253
2026-06-08T10:35:32.0000000Z;53;53.07;5500;253
2026-06-08T10:35:33.0000000Z;52.99;53.06;5500;5972
2026-06-08T10:35:34.0000000Z;53;53.06;5500;5972
2026-06-08T10:35:35.0000000Z;53;53.06;5500;5972
2026-06-08T10:35:36.0000000Z;52.99;53.06;5500;5972
2026-06-08T10:35:37.0000000Z;52.99;53.07;253;253
2026-06-08T10:35:39.0000000Z;53;53.07;5500;253
2026-06-08T10:35:40.0000000Z;53;53.06;5500;253
2026-06-08T10:35:41.0000000Z;53;53.06;5500;5500
2026-06-08T10:35:42.0000000Z;52.99;53.06;5500;5500
2026-06-08T10:35:43.0000000Z;52.99;53.06;5500;253
2026-06-08T10:35:44.0000000Z;52.99;53.06;5500;253
2026-06-08T10:35:46.0000000Z;52.99;53.07;5500;253
2026-06-08T10:35:50.0000000Z;52.99;53.07;5500;5500
2026-06-08T10:35:52.0000000Z;52.94;53.15;470;188
2026-06-08T10:35:53.0000000Z;52.94;53.15;470;188
2026-06-08T10:35:54.0000000Z;52.99;53.07;253;253
2026-06-08T10:35:56.0000000Z;52.99;53.07;253;253
2026-06-08T10:35:58.0000000Z;52.99;53.06;253;253
2026-06-08T10:35:59.0000000Z;52.99;53.06;253;253
2026-06-08T10:35:59.0000000Z;52.99;53.06;253;253
2026-06-08T10:36:00.0000000Z;52.99;53.06;253;253
2026-06-08T10:36:01.0000000Z;52.98;53.05;253;253
2026-06-08T10:36:03.0000000Z;52.98;53.05;253;5500
2026-06-08T10:36:04.0000000Z;52.98;53.05;5500;5500
2026-06-08T10:36:06.0000000Z;52.98;53.05;5500;5500
2026-06-08T10:36:08.0000000Z;52.99;53.05;137;5500
2026-06-08T10:36:09.0000000Z;52.99;53.05;5500;5500
2026-06-08T10:36:13.0000000Z;52.99;53.06;390;253
2026-06-08T10:36:15.0000000Z;52.99;53.07;390;253
2026-06-08T10:36:16.0000000Z;52.99;53.06;390;5972
2026-06-08T10:36:17.0000000Z;53;53.06;253;5972
2026-06-08T10:36:18.0000000Z;53;53.06;5500;472
2026-06-08T10:36:19.0000000Z;53;53.06;5500;472
2026-06-08T10:36:20.0000000Z;53;53.07;5500;5500
2026-06-08T10:36:22.0000000Z;52.99;53.07;5972;5500
2026-06-08T10:36:29.0000000Z;53.01;53.08;253;253
2026-06-08T10:36:30.0000000Z;53.01;53.08;5500;253
2026-06-08T10:36:31.0000000Z;53.01;53.08;5500;253
2026-06-08T10:36:32.0000000Z;53.01;53.08;253;5500
2026-06-08T10:36:33.0000000Z;53;53.07;253;253
2026-06-08T10:36:34.0000000Z;53;53.07;253;5500
2026-06-08T10:36:35.0000000Z;53.01;53.08;253;253
2026-06-08T10:36:36.0000000Z;53.01;53.07;253;5500
2026-06-08T10:36:37.0000000Z;53.01;53.07;253;5500
2026-06-08T10:36:38.0000000Z;53.01;53.08;253;5500
2026-06-08T10:36:40.0000000Z;53;53.08;253;5500
2026-06-08T10:36:42.0000000Z;53.01;53.08;253;5500
2026-06-08T10:36:43.0000000Z;53.01;53.08;253;253
2026-06-08T10:36:44.0000000Z;53.02;53.09;253;253
2026-06-08T10:36:45.0000000Z;53.02;53.09;253;253
2026-06-08T10:36:46.0000000Z;53.02;53.09;5500;5971
2026-06-08T10:36:48.0000000Z;53.01;53.08;253;253
2026-06-08T10:36:49.0000000Z;53.01;53.08;253;5500
2026-06-08T10:36:50.0000000Z;53.01;53.08;5500;5500
2026-06-08T10:36:53.0000000Z;53.01;53.08;5500;5500
2026-06-08T10:36:54.0000000Z;53.01;53.08;5500;5500
2026-06-08T10:36:57.0000000Z;53;53.08;253;5500
2026-06-08T10:36:58.0000000Z;53;53.07;253;5500
2026-06-08T10:36:59.0000000Z;53;53.07;253;5500
2026-06-08T10:37:00.0000000Z;53;53.07;5500;5500
2026-06-08T10:37:05.0000000Z;53.01;53.09;253;253
2026-06-08T10:37:06.0000000Z;53.01;53.09;5500;253
2026-06-08T10:37:08.0000000Z;53;53.08;253;253
2026-06-08T10:37:09.0000000Z;53;53.08;253;5971
2026-06-08T10:37:12.0000000Z;53;53.08;5500;5971
2026-06-08T10:37:13.0000000Z;53.01;53.09;253;253
2026-06-08T10:37:14.0000000Z;53.01;53.09;5500;253
2026-06-08T10:37:15.0000000Z;53.01;53.08;5500;5500
2026-06-08T10:37:16.0000000Z;53.01;53.09;5500;5500
2026-06-08T10:37:17.0000000Z;53.01;53.09;5500;5500
2026-06-08T10:37:18.0000000Z;53.01;53.09;5500;5500
2026-06-08T10:37:19.0000000Z;53.01;53.09;5500;5500
2026-06-08T10:37:22.0000000Z;53.01;53.09;5500;5500
2026-06-08T10:37:24.0000000Z;53.01;53.09;5500;5500
2026-06-08T10:37:25.0000000Z;53;53.08;253;5500
2026-06-08T10:37:26.0000000Z;53.01;53.08;253;5500
2026-06-08T10:37:28.0000000Z;53;53.07;253;253
2026-06-08T10:37:29.0000000Z;52.99;53.06;253;253
2026-06-08T10:37:30.0000000Z;52.99;53.07;253;253
2026-06-08T10:37:31.0000000Z;53;53.07;5972;253
2026-06-08T10:37:32.0000000Z;53;53.07;5972;253
2026-06-08T10:37:33.0000000Z;53;53.07;5972;253
2026-06-08T10:37:34.0000000Z;53;53.07;5500;253
2026-06-08T10:37:35.0000000Z;52.99;53.07;5500;253
2026-06-08T10:37:39.0000000Z;52.99;53.07;5500;253
2026-06-08T10:37:50.0000000Z;52.99;53.06;5500;5500
2026-06-08T10:37:51.0000000Z;52.99;53.06;5500;5500
2026-06-08T10:37:59.0000000Z;52.99;53.06;5500;5500
2026-06-08T10:38:02.0000000Z;52.99;53.05;137;253
2026-06-08T10:38:09.0000000Z;52.98;53.05;253;253
2026-06-08T10:38:10.0000000Z;52.98;53.05;253;253
2026-06-08T10:38:11.0000000Z;52.98;53.05;5500;253
2026-06-08T10:38:12.0000000Z;52.98;53.05;165;253
2026-06-08T10:38:15.0000000Z;52.98;53.05;165;253
2026-06-08T10:38:17.0000000Z;52.98;53.05;165;253
2026-06-08T10:38:19.0000000Z;52.98;53.05;165;253
2026-06-08T10:38:21.0000000Z;52.98;53.05;165;253
2026-06-08T10:38:22.0000000Z;52.98;53.05;165;253
2026-06-08T10:38:24.0000000Z;52.98;53.05;165;253
2026-06-08T10:38:25.0000000Z;52.98;53.05;165;253
2026-06-08T10:38:31.0000000Z;52.98;53.05;165;253
2026-06-08T10:38:32.0000000Z;52.98;53.05;165;253
2026-06-08T10:38:33.0000000Z;52.98;53.05;418;253
2026-06-08T10:38:35.0000000Z;52.99;53.06;253;253
2026-06-08T10:38:36.0000000Z;52.99;53.06;5500;253
2026-06-08T10:38:37.0000000Z;52.99;53.06;5500;5972
2026-06-08T10:38:39.0000000Z;52.99;53.07;5500;253
2026-06-08T10:38:41.0000000Z;52.99;53.06;5500;472
2026-06-08T10:38:42.0000000Z;52.99;53.06;5500;472
2026-06-08T10:38:43.0000000Z;52.99;53.06;5500;472
2026-06-08T10:38:44.0000000Z;52.99;53.07;5500;5500
2026-06-08T10:38:53.0000000Z;52.99;53.07;5500;5500
2026-06-08T10:38:54.0000000Z;52.99;53.07;5500;5500
2026-06-08T10:38:55.0000000Z;52.99;53.07;5500;5500
2026-06-08T10:38:59.0000000Z;52.99;53.07;5500;5500
2026-06-08T10:39:01.0000000Z;53;53.07;5500;5500
2026-06-08T10:39:05.0000000Z;52.99;53.07;253;5500
2026-06-08T10:39:08.0000000Z;52.99;53.06;253;253
2026-06-08T10:39:09.0000000Z;52.99;53.06;5500;253
2026-06-08T10:39:11.0000000Z;52.99;53.06;5500;253
2026-06-08T10:39:12.0000000Z;52.99;53.06;5500;253
2026-06-08T10:39:13.0000000Z;52.98;53.05;253;253
2026-06-08T10:39:14.0000000Z;52.98;53.05;253;5500
2026-06-08T10:39:17.0000000Z;52.98;53.05;5972;5500
2026-06-08T10:39:23.0000000Z;52.98;53.05;5500;5500
2026-06-08T10:39:27.0000000Z;52.98;53.05;5500;5500
2026-06-08T10:39:34.0000000Z;52.98;53.05;165;5500
2026-06-08T10:40:02.0000000Z;52.98;53.05;165;5500
2026-06-08T10:40:03.0000000Z;52.98;53.05;165;5500
2026-06-08T10:40:04.0000000Z;52.98;53.05;165;5500
2026-06-08T10:40:05.0000000Z;52.98;53.05;165;5500
2026-06-08T10:40:06.0000000Z;52.98;53.05;165;5500
2026-06-08T10:40:07.0000000Z;52.98;53.05;165;5500
2026-06-08T10:40:08.0000000Z;52.98;53.05;165;5500
2026-06-08T10:40:09.0000000Z;52.98;53.04;165;253
2026-06-08T10:40:10.0000000Z;52.98;53.04;165;5500
2026-06-08T10:40:11.0000000Z;52.98;53.04;165;253
2026-06-08T10:40:15.0000000Z;52.98;53.04;165;253
2026-06-08T10:40:17.0000000Z;52.98;53.04;165;253
2026-06-08T10:40:19.0000000Z;52.98;53.04;165;253
2026-06-08T10:40:20.0000000Z;52.98;53.04;165;253
2026-06-08T10:40:27.0000000Z;52.98;53.05;165;253
2026-06-08T10:40:30.0000000Z;52.98;53.05;165;253
2026-06-08T10:40:31.0000000Z;52.98;53.05;165;5972
2026-06-08T10:40:35.0000000Z;52.98;53.05;165;5500
2026-06-08T10:40:38.0000000Z;52.98;53.04;165;253
2026-06-08T10:40:39.0000000Z;52.98;53.04;165;5500
2026-06-08T10:40:44.0000000Z;52.98;53.04;165;253
2026-06-08T10:41:09.0000000Z;52.98;53.04;165;253
2026-06-08T10:41:11.0000000Z;52.98;53.04;165;253
2026-06-08T10:41:12.0000000Z;52.98;53.04;165;253
2026-06-08T10:41:13.0000000Z;52.98;53.04;165;253
2026-06-08T10:41:20.0000000Z;52.98;53.04;165;253
2026-06-08T10:41:21.0000000Z;52.98;53.05;165;253
2026-06-08T10:41:22.0000000Z;52.98;53.05;165;253
2026-06-08T10:41:25.0000000Z;52.98;53.05;165;5972
2026-06-08T10:41:27.0000000Z;52.98;53.04;165;5500
2026-06-08T10:41:32.0000000Z;52.97;53.03;188;253
2026-06-08T10:41:33.0000000Z;52.97;53.03;188;5500
2026-06-08T10:41:35.0000000Z;52.97;53.03;5972;5500
2026-06-08T10:41:40.0000000Z;52.97;53.03;5500;5500
2026-06-08T10:41:42.0000000Z;52.97;53.03;5500;5500
2026-06-08T10:41:44.0000000Z;52.97;53.03;5500;5500
2026-06-08T10:41:45.0000000Z;52.97;53.04;441;253
2026-06-08T10:41:47.0000000Z;52.97;53.04;441;5972
2026-06-08T10:41:48.0000000Z;52.97;53.04;441;5972
2026-06-08T10:41:49.0000000Z;52.97;53.04;441;5972
2026-06-08T10:41:50.0000000Z;52.97;53.04;441;5972
2026-06-08T10:41:51.0000000Z;52.97;53.04;441;5500
2026-06-08T10:41:53.0000000Z;52.97;53.05;441;253
2026-06-08T10:41:55.0000000Z;52.97;53.04;441;253
2026-06-08T10:41:57.0000000Z;52.97;53.04;441;253
2026-06-08T10:42:02.0000000Z;52.97;53.03;188;5500
2026-06-08T10:42:08.0000000Z;52.97;53.03;188;5500
2026-06-08T10:42:22.0000000Z;52.97;53.04;441;253
2026-06-08T10:42:24.0000000Z;52.97;53.04;441;5972
2026-06-08T10:42:27.0000000Z;52.97;53.04;441;5500
2026-06-08T10:42:32.0000000Z;52.97;53.03;188;5500
2026-06-08T10:42:33.0000000Z;52.97;53.03;188;5500
2026-06-08T10:42:37.0000000Z;52.97;53.03;188;5500
2026-06-08T10:42:39.0000000Z;52.97;53.04;441;253
2026-06-08T10:42:40.0000000Z;52.97;53.04;441;253
2026-06-08T10:42:41.0000000Z;52.97;53.05;441;253
2026-06-08T10:42:42.0000000Z;52.97;53.04;441;253
2026-06-08T10:42:43.0000000Z;52.97;53.04;441;253
2026-06-08T10:42:44.0000000Z;52.97;53.04;441;5500
2026-06-08T10:42:46.0000000Z;52.97;53.04;441;5500
2026-06-08T10:42:52.0000000Z;52.97;53.05;441;253
2026-06-08T10:42:55.0000000Z;52.97;53.05;441;5972
2026-06-08T10:42:56.0000000Z;52.97;53.05;441;5500
2026-06-08T10:43:05.0000000Z;52.97;53.05;441;5500
2026-06-08T10:43:06.0000000Z;52.98;53.05;5500;5500
2026-06-08T10:43:08.0000000Z;52.98;53.05;5500;5500
2026-06-08T10:43:11.0000000Z;52.98;53.05;129;5500
2026-06-08T10:43:12.0000000Z;52.98;53.05;129;5500
2026-06-08T10:43:13.0000000Z;52.98;53.05;382;5500
2026-06-08T10:43:14.0000000Z;52.98;53.05;382;5500
2026-06-08T10:43:17.0000000Z;52.98;53.05;129;5500
2026-06-08T10:43:22.0000000Z;52.98;53.05;129;5500
2026-06-08T10:43:23.0000000Z;52.98;53.05;382;5500
2026-06-08T10:43:28.0000000Z;52.99;53.06;253;253
2026-06-08T10:43:31.0000000Z;52.99;53.06;253;5972
2026-06-08T10:43:35.0000000Z;52.99;53.06;253;5500
2026-06-08T10:43:36.0000000Z;52.98;53.05;253;253
2026-06-08T10:43:37.0000000Z;52.98;53.05;5972;253
2026-06-08T10:43:39.0000000Z;52.98;53.05;5972;253
2026-06-08T10:43:42.0000000Z;52.98;53.05;5500;253
2026-06-08T10:44:01.0000000Z;52.98;53.05;5500;253
2026-06-08T10:44:03.0000000Z;52.98;53.05;5500;253
2026-06-08T10:44:07.0000000Z;52.98;53.05;129;253
2026-06-08T10:44:11.0000000Z;52.97;53.05;253;253
2026-06-08T10:44:13.0000000Z;52.97;53.04;5972;253
2026-06-08T10:44:14.0000000Z;52.97;53.04;5972;5500
2026-06-08T10:44:17.0000000Z;52.97;53.04;5500;5500
2026-06-08T10:44:21.0000000Z;52.98;53.04;129;5500
2026-06-08T10:44:26.0000000Z;52.98;53.04;129;5500
2026-06-08T10:44:27.0000000Z;52.98;53.04;129;5500
2026-06-08T10:44:31.0000000Z;52.97;53.03;157;253
2026-06-08T10:44:32.0000000Z;52.97;53.03;157;5500
2026-06-08T10:44:35.0000000Z;52.97;53.03;5972;5500
2026-06-08T10:44:39.0000000Z;52.97;53.03;5500;5500
2026-06-08T10:44:44.0000000Z;52.97;53.03;5500;5500
2026-06-08T10:44:45.0000000Z;52.97;53.03;5500;5500
2026-06-08T10:44:46.0000000Z;52.97;53.03;5500;5500
2026-06-08T10:44:47.0000000Z;52.97;53.03;5500;5500
2026-06-08T10:44:49.0000000Z;52.97;53.03;5500;5500
2026-06-08T10:44:55.0000000Z;52.97;53.03;5500;5500
2026-06-08T10:44:57.0000000Z;52.97;53.03;5500;5500
2026-06-08T10:45:00.0000000Z;52.97;53.03;5500;5500
2026-06-08T10:45:08.0000000Z;52.97;53.04;410;253
2026-06-08T10:45:10.0000000Z;52.97;53.04;410;253
2026-06-08T10:45:11.0000000Z;52.97;53.04;410;5972
2026-06-08T10:45:14.0000000Z;52.97;53.04;410;5972
2026-06-08T10:45:15.0000000Z;52.97;53.04;410;5500
2026-06-08T10:45:16.0000000Z;52.97;53.04;410;5500
2026-06-08T10:45:19.0000000Z;52.97;53.05;410;253
2026-06-08T10:45:21.0000000Z;52.97;53.05;410;5972
2026-06-08T10:45:26.0000000Z;52.97;53.05;410;5500
2026-06-08T10:45:27.0000000Z;52.97;53.05;410;5500
2026-06-08T10:45:32.0000000Z;52.97;53.04;410;253
2026-06-08T10:45:33.0000000Z;52.97;53.04;410;5500
2026-06-08T10:45:39.0000000Z;52.97;53.03;157;253
2026-06-08T10:45:40.0000000Z;52.97;53.03;157;5500
2026-06-08T10:45:43.0000000Z;52.97;53.03;157;5500
2026-06-08T10:45:48.0000000Z;52.97;53.03;157;5500
2026-06-08T10:45:59.0000000Z;52.96;53.03;185;5500
2026-06-08T10:46:00.0000000Z;52.96;53.03;185;5500
2026-06-08T10:46:01.0000000Z;52.96;53.03;5973;5500
2026-06-08T10:46:02.0000000Z;52.96;53.03;438;5500
2026-06-08T10:46:03.0000000Z;52.96;53.03;185;5500
2026-06-08T10:46:05.0000000Z;52.96;53.03;438;5500
2026-06-08T10:46:18.0000000Z;52.96;53.03;438;5500
2026-06-08T10:46:25.0000000Z;52.96;53.02;185;253
2026-06-08T10:46:26.0000000Z;52.96;53.02;185;5500
2026-06-08T10:46:27.0000000Z;52.96;53.02;185;5500
2026-06-08T10:46:30.0000000Z;52.96;53.02;185;5500
2026-06-08T10:46:31.0000000Z;52.96;53.02;185;5500
2026-06-08T10:46:36.0000000Z;52.96;53.02;185;5500
2026-06-08T10:46:37.0000000Z;52.96;53.02;185;5500
2026-06-08T10:46:47.0000000Z;52.95;53.02;188;5500
2026-06-08T10:46:50.0000000Z;52.95;53.02;5973;5500
2026-06-08T10:46:52.0000000Z;52.95;53.01;5973;253
2026-06-08T10:46:53.0000000Z;52.95;53.01;5973;5500
2026-06-08T10:46:54.0000000Z;52.95;53.01;5500;253
2026-06-08T10:46:55.0000000Z;52.95;53.01;5500;253
2026-06-08T10:47:07.0000000Z;52.94;53;188;253
2026-06-08T10:47:08.0000000Z;52.94;53;188;253
2026-06-08T10:47:09.0000000Z;52.94;53;188;5500
2026-06-08T10:47:10.0000000Z;52.94;53;5973;5500
2026-06-08T10:47:14.0000000Z;52.94;53;188;5500
2026-06-08T10:47:15.0000000Z;52.93;52.99;188;5500
2026-06-08T10:47:16.0000000Z;52.93;52.99;5500;5500
2026-06-08T10:47:18.0000000Z;52.93;52.99;5500;5500
2026-06-08T10:47:21.0000000Z;52.92;52.99;188;5500
2026-06-08T10:47:22.0000000Z;52.92;52.99;5973;5500
2026-06-08T10:47:23.0000000Z;52.92;52.99;5973;5500
2026-06-08T10:47:29.0000000Z;52.92;52.99;441;5500
2026-06-08T10:47:31.0000000Z;52.92;52.99;5500;5500
2026-06-08T10:48:08.0000000Z;52.94;53;188;253
2026-06-08T10:48:09.0000000Z;52.94;53;5500;253
2026-06-08T10:48:12.0000000Z;52.94;53;5500;5972
2026-06-08T10:48:13.0000000Z;52.94;53;5500;5500
2026-06-08T10:48:21.0000000Z;52.94;53;5500;5500
2026-06-08T10:48:25.0000000Z;52.94;53;5500;5500
2026-06-08T10:48:32.0000000Z;52.94;53;5500;5500
2026-06-08T10:48:33.0000000Z;52.94;53;5500;5500
2026-06-08T10:48:38.0000000Z;52.94;53;5500;5500
2026-06-08T10:48:39.0000000Z;52.94;53.01;441;253
2026-06-08T10:48:40.0000000Z;52.94;53.01;441;5972
2026-06-08T10:48:41.0000000Z;52.94;53;188;5500
2026-06-08T10:48:43.0000000Z;52.94;53;188;5500
2026-06-08T10:48:52.0000000Z;52.94;53;188;5500
2026-06-08T10:48:53.0000000Z;52.94;53.01;441;253
2026-06-08T10:48:56.0000000Z;52.94;53.01;441;253
2026-06-08T10:48:59.0000000Z;52.94;53.01;441;5500
2026-06-08T10:49:07.0000000Z;52.94;53.01;441;5500
2026-06-08T10:49:08.0000000Z;52.94;53.01;441;5500
2026-06-08T10:49:09.0000000Z;52.94;53.02;441;253
2026-06-08T10:49:12.0000000Z;52.94;53.01;441;253
2026-06-08T10:49:13.0000000Z;52.94;53.01;441;5500
2026-06-08T10:49:19.0000000Z;52.94;53.01;441;253
2026-06-08T10:49:32.0000000Z;52.94;53.01;441;253
2026-06-08T10:49:33.0000000Z;52.95;53.02;253;253
2026-06-08T10:49:34.0000000Z;52.96;53.02;5500;5972
2026-06-08T10:49:38.0000000Z;52.96;53.02;5500;5500
2026-06-08T10:49:40.0000000Z;52.96;53.02;5500;5500
2026-06-08T10:49:41.0000000Z;52.96;53.03;399;253
2026-06-08T10:49:42.0000000Z;52.96;53.03;399;5972
2026-06-08T10:49:44.0000000Z;52.96;53.04;399;253
2026-06-08T10:49:46.0000000Z;52.96;53.03;399;472
2026-06-08T10:49:47.0000000Z;52.96;53.04;399;5500
2026-06-08T10:49:49.0000000Z;52.96;53.03;399;253
2026-06-08T10:49:54.0000000Z;52.96;53.03;399;253
2026-06-08T10:49:57.0000000Z;52.96;53.02;146;5500
2026-06-08T10:50:04.0000000Z;52.96;53.02;146;5500
2026-06-08T10:50:07.0000000Z;52.96;53.03;399;253
2026-06-08T10:50:08.0000000Z;52.96;53.03;399;5972
2026-06-08T10:50:10.0000000Z;52.95;53.02;427;253
2026-06-08T10:50:11.0000000Z;52.95;53.01;427;5500
2026-06-08T10:50:12.0000000Z;52.95;53.02;5973;5500
2026-06-08T10:50:13.0000000Z;52.95;53.02;5500;5500
2026-06-08T10:50:17.0000000Z;52.95;53.02;5500;5500
2026-06-08T10:50:20.0000000Z;52.95;53.02;5500;5500
2026-06-08T10:50:23.0000000Z;52.95;53.02;5500;5500
2026-06-08T10:50:32.0000000Z;52.95;53.02;5500;5500
2026-06-08T10:50:34.0000000Z;52.95;53.01;174;253
2026-06-08T10:50:38.0000000Z;52.95;53.01;174;253
2026-06-08T10:50:41.0000000Z;52.95;53.02;427;253
2026-06-08T10:50:43.0000000Z;52.95;53.02;427;5972
2026-06-08T10:50:48.0000000Z;52.95;53.02;427;5500
2026-06-08T10:51:00.0000000Z;52.94;53;188;253
2026-06-08T10:51:01.0000000Z;52.94;53;188;253
2026-06-08T10:51:02.0000000Z;52.94;53.01;188;253
2026-06-08T10:51:03.0000000Z;52.94;53;188;253
2026-06-08T10:51:04.0000000Z;52.94;53;188;5500
2026-06-08T10:51:05.0000000Z;52.94;53;5973;5500
2026-06-08T10:51:06.0000000Z;52.94;53.01;5973;253
2026-06-08T10:51:07.0000000Z;52.94;53.01;5973;253
2026-06-08T10:51:09.0000000Z;52.94;53;5973;253
2026-06-08T10:51:10.0000000Z;52.94;53;5973;5500
2026-06-08T10:51:11.0000000Z;52.94;53;5973;5500
2026-06-08T10:51:14.0000000Z;52.94;53;5500;5500
2026-06-08T10:51:22.0000000Z;52.94;53.01;5500;253
2026-06-08T10:51:25.0000000Z;52.94;53.01;5500;5972
2026-06-08T10:51:27.0000000Z;52.94;53;5500;5500
2026-06-08T10:51:32.0000000Z;52.94;53;5500;5500
2026-06-08T10:51:33.0000000Z;52.94;53;5500;5500
2026-06-08T10:51:38.0000000Z;52.94;53.01;5500;253
2026-06-08T10:51:39.0000000Z;52.94;53;5500;253
2026-06-08T10:51:41.0000000Z;52.94;53.01;5500;253
2026-06-08T10:51:43.0000000Z;52.94;53.01;5500;5500
2026-06-08T10:51:46.0000000Z;52.94;53.01;5500;5500
2026-06-08T10:51:47.0000000Z;52.94;53.01;441;5500
2026-06-08T10:52:04.0000000Z;52.94;53.01;441;5500
2026-06-08T10:52:15.0000000Z;52.96;53.02;146;253
2026-06-08T10:52:17.0000000Z;52.96;53.02;146;5972
2026-06-08T10:52:19.0000000Z;52.96;53.02;146;5972
2026-06-08T10:52:20.0000000Z;52.96;53.02;146;5500
2026-06-08T10:52:24.0000000Z;52.96;53.02;146;5500
2026-06-08T10:52:25.0000000Z;52.96;53.03;146;253
2026-06-08T10:52:27.0000000Z;52.96;53.03;146;5972
2026-06-08T10:52:30.0000000Z;52.96;53.02;146;5500
2026-06-08T10:52:31.0000000Z;52.96;53.02;146;5500
2026-06-08T10:52:35.0000000Z;52.96;53.03;146;253
2026-06-08T10:52:37.0000000Z;52.96;53.03;146;5972
2026-06-08T10:52:40.0000000Z;52.96;53.03;146;5500
2026-06-08T10:52:42.0000000Z;52.96;53.02;146;253
2026-06-08T10:52:46.0000000Z;52.96;53.02;146;253
2026-06-08T10:52:51.0000000Z;52.96;53.02;146;253
2026-06-08T10:52:52.0000000Z;52.96;53.03;146;253
2026-06-08T10:52:53.0000000Z;52.96;53.03;146;5972
2026-06-08T10:52:56.0000000Z;52.96;53.02;146;253
2026-06-08T10:52:57.0000000Z;52.96;53.02;146;5500
2026-06-08T10:53:00.0000000Z;52.96;53.03;146;253
2026-06-08T10:53:01.0000000Z;52.96;53.03;146;5972
2026-06-08T10:53:03.0000000Z;52.96;53.02;146;5500
2026-06-08T10:53:04.0000000Z;52.96;53.02;146;5500
2026-06-08T10:53:07.0000000Z;52.96;53.02;146;5500
2026-06-08T10:53:08.0000000Z;52.96;53.03;146;253
2026-06-08T10:53:09.0000000Z;52.96;53.03;146;5972
2026-06-08T10:53:14.0000000Z;52.96;53.03;146;5500
2026-06-08T10:53:21.0000000Z;52.96;53.02;146;5500
2026-06-08T10:53:28.0000000Z;52.96;53.02;146;5500
2026-06-08T10:53:44.0000000Z;52.96;53.03;146;253
2026-06-08T10:53:47.0000000Z;52.96;53.03;146;5972
2026-06-08T10:53:49.0000000Z;52.96;53.03;146;5500
2026-06-08T10:53:57.0000000Z;52.96;53.03;146;5500
2026-06-08T10:53:58.0000000Z;52.96;53.02;146;253
2026-06-08T10:53:59.0000000Z;52.96;53.02;146;253
2026-06-08T10:53:59.0000000Z;52.96;53.02;146;253
2026-06-08T10:54:00.0000000Z;52.96;53.02;146;5500
2026-06-08T10:54:03.0000000Z;52.95;53.01;174;253
2026-06-08T10:54:05.0000000Z;52.95;53.01;5973;253
2026-06-08T10:54:08.0000000Z;52.95;53.02;427;253
2026-06-08T10:54:09.0000000Z;52.95;53.02;427;5972
2026-06-08T10:54:16.0000000Z;52.95;53.02;427;5500
2026-06-08T10:54:24.0000000Z;52.95;53.01;174;253
2026-06-08T10:54:25.0000000Z;52.95;53.01;174;5500
2026-06-08T10:54:26.0000000Z;52.94;53.01;188;5500
2026-06-08T10:54:28.0000000Z;52.94;53.01;441;5500
2026-06-08T10:54:29.0000000Z;52.94;53.01;5973;5500
2026-06-08T10:54:32.0000000Z;52.94;53.01;5500;5500
2026-06-08T10:54:33.0000000Z;52.94;53.01;188;5500
2026-06-08T10:54:35.0000000Z;52.94;53.01;188;5500
2026-06-08T10:54:48.0000000Z;52.94;53;188;253
2026-06-08T10:54:50.0000000Z;52.94;53.01;188;253
2026-06-08T10:54:52.0000000Z;52.94;53.01;188;5500
2026-06-08T10:54:56.0000000Z;52.94;53.01;188;5500
2026-06-08T10:54:57.0000000Z;52.94;53.01;188;5500
2026-06-08T10:54:58.0000000Z;52.94;53;188;5500
2026-06-08T10:55:00.0000000Z;52.94;53.01;188;5500
2026-06-08T10:55:01.0000000Z;52.94;53.01;188;5500
2026-06-08T10:55:02.0000000Z;52.94;53;188;5500
2026-06-08T10:55:06.0000000Z;52.94;53.01;188;253
2026-06-08T10:55:08.0000000Z;52.94;53.01;188;5500
2026-06-08T10:55:16.0000000Z;52.94;53;188;253
2026-06-08T10:55:20.0000000Z;52.94;53;188;253
2026-06-08T10:55:28.0000000Z;52.94;53;188;253
2026-06-08T10:55:29.0000000Z;52.93;52.99;188;5500
2026-06-08T10:55:30.0000000Z;52.93;52.99;5973;5500
2026-06-08T10:55:31.0000000Z;52.92;52.99;188;5500
2026-06-08T10:55:32.0000000Z;52.92;52.99;188;5500
2026-06-08T10:55:33.0000000Z;52.92;52.98;188;5500
2026-06-08T10:55:34.0000000Z;52.92;52.98;5500;5500
2026-06-08T10:55:44.0000000Z;52.92;52.98;5500;5500
2026-06-08T10:55:50.0000000Z;52.91;52.97;189;253
2026-06-08T10:55:52.0000000Z;52.91;52.97;5973;253
2026-06-08T10:55:54.0000000Z;52.91;52.97;5973;253
2026-06-08T10:55:56.0000000Z;52.91;52.97;5500;253
2026-06-08T10:55:58.0000000Z;52.91;52.98;442;253
2026-06-08T10:56:00.0000000Z;52.91;52.98;442;5972
2026-06-08T10:56:05.0000000Z;52.91;52.98;442;5500
2026-06-08T10:56:08.0000000Z;52.91;52.97;189;5500
2026-06-08T10:56:11.0000000Z;52.91;52.97;189;5500
2026-06-08T10:56:13.0000000Z;52.91;52.97;189;5500
2026-06-08T10:56:15.0000000Z;52.91;52.98;442;253
2026-06-08T10:56:18.0000000Z;52.91;52.98;442;5972
2026-06-08T10:56:19.0000000Z;52.91;52.97;189;5500
2026-06-08T10:56:23.0000000Z;52.9;52.97;189;5500
2026-06-08T10:56:26.0000000Z;52.9;52.97;5973;5500
2026-06-08T10:56:32.0000000Z;52.9;52.97;5500;5500
2026-06-08T10:56:34.0000000Z;52.9;52.97;189;5500
2026-06-08T10:56:35.0000000Z;52.9;52.97;189;5500
2026-06-08T10:56:39.0000000Z;52.9;52.96;189;253
2026-06-08T10:56:40.0000000Z;52.9;52.96;189;253
2026-06-08T10:56:41.0000000Z;52.9;52.97;189;253
2026-06-08T10:56:42.0000000Z;52.9;52.96;442;5500
2026-06-08T10:56:43.0000000Z;52.9;52.96;189;5500
2026-06-08T10:56:44.0000000Z;52.9;52.97;189;5500
2026-06-08T10:56:56.0000000Z;52.9;52.97;189;5500
2026-06-08T10:57:00.0000000Z;52.9;52.96;189;5500
2026-06-08T10:57:03.0000000Z;52.9;52.97;189;253
2026-06-08T10:57:04.0000000Z;52.9;52.96;189;253
2026-06-08T10:57:05.0000000Z;52.9;52.96;189;253
2026-06-08T10:57:06.0000000Z;52.9;52.96;189;253
2026-06-08T10:57:08.0000000Z;52.9;52.97;189;253
2026-06-08T10:57:10.0000000Z;52.9;52.97;189;5972
2026-06-08T10:57:15.0000000Z;52.9;52.97;189;5500
2026-06-08T10:57:16.0000000Z;52.9;52.97;442;5500
2026-06-08T10:57:21.0000000Z;52.9;52.97;442;5500
2026-06-08T10:57:23.0000000Z;52.92;52.98;150;253
2026-06-08T10:57:24.0000000Z;52.92;52.98;150;5972
2026-06-08T10:57:25.0000000Z;52.91;52.97;178;253
2026-06-08T10:57:26.0000000Z;52.91;52.97;5500;253
2026-06-08T10:57:28.0000000Z;52.91;52.97;5500;253
2026-06-08T10:57:29.0000000Z;52.9;52.97;189;253
2026-06-08T10:57:31.0000000Z;52.9;52.97;189;253
2026-06-08T10:57:32.0000000Z;52.9;52.97;5973;253
2026-06-08T10:57:34.0000000Z;52.9;52.97;5500;253
2026-06-08T10:57:42.0000000Z;52.9;52.97;5500;253
2026-06-08T10:57:43.0000000Z;52.9;52.97;5500;253
2026-06-08T10:57:44.0000000Z;52.9;52.97;5500;253
2026-06-08T10:57:46.0000000Z;52.92;52.98;150;253
2026-06-08T10:57:47.0000000Z;52.92;52.98;5500;253
2026-06-08T10:57:48.0000000Z;52.92;52.98;5500;5972
2026-06-08T10:57:49.0000000Z;52.92;52.98;5500;5972
2026-06-08T10:57:50.0000000Z;52.91;52.97;178;5500
2026-06-08T10:57:51.0000000Z;52.91;52.97;178;5500
2026-06-08T10:57:52.0000000Z;52.91;52.97;5500;5500
2026-06-08T10:57:53.0000000Z;52.91;52.97;5500;5500
2026-06-08T10:57:54.0000000Z;52.91;52.98;431;253
2026-06-08T10:57:57.0000000Z;52.91;52.98;431;5972
2026-06-08T10:57:58.0000000Z;52.91;52.98;431;253
2026-06-08T10:57:59.0000000Z;52.91;52.98;431;5500
2026-06-08T10:58:00.0000000Z;52.91;52.97;178;253
2026-06-08T10:58:05.0000000Z;52.91;52.97;178;253
2026-06-08T10:58:08.0000000Z;52.91;52.97;178;253
2026-06-08T10:58:09.0000000Z;52.91;52.98;431;253
2026-06-08T10:58:10.0000000Z;52.91;52.97;178;253
2026-06-08T10:58:11.0000000Z;52.91;52.98;431;253
2026-06-08T10:58:13.0000000Z;52.91;52.98;431;5500
2026-06-08T10:58:17.0000000Z;52.91;52.98;431;5500
2026-06-08T10:58:18.0000000Z;52.91;52.99;431;253
2026-06-08T10:58:21.0000000Z;52.92;52.99;253;5972
2026-06-08T10:58:23.0000000Z;52.92;52.99;5500;5972
2026-06-08T10:58:25.0000000Z;52.92;52.99;5500;5500
2026-06-08T10:58:29.0000000Z;52.92;52.99;150;5500
2026-06-08T10:58:32.0000000Z;52.92;52.99;403;5500
2026-06-08T10:59:03.0000000Z;52.93;53;253;253
2026-06-08T10:59:05.0000000Z;52.93;53;253;5972
2026-06-08T10:59:07.0000000Z;52.92;52.99;253;253
2026-06-08T10:59:12.0000000Z;52.92;52.99;253;253
2026-06-08T10:59:13.0000000Z;52.93;53;253;253
2026-06-08T10:59:14.0000000Z;52.93;53;5500;253
2026-06-08T10:59:15.0000000Z;52.93;53;5500;5972
2026-06-08T10:59:20.0000000Z;52.93;53;5500;5500
2026-06-08T10:59:25.0000000Z;52.93;53;5500;5500
2026-06-08T10:59:35.0000000Z;52.93;53.01;5500;253
2026-06-08T10:59:39.0000000Z;52.93;53.01;5500;5972
2026-06-08T10:59:41.0000000Z;52.93;53.01;5500;5500
2026-06-08T10:59:45.0000000Z;52.93;53;5500;253
2026-06-08T10:59:48.0000000Z;52.93;53;5500;253
2026-06-08T10:59:51.0000000Z;52.93;53;5500;253
2026-06-08T10:59:54.0000000Z;52.92;52.99;253;253
2026-06-08T10:59:57.0000000Z;52.93;53;253;253
2026-06-08T10:59:59.0000000Z;52.93;53;253;5500
2026-06-08T11:00:00.0000000Z;52.92;52.99;150;253
2026-06-08T11:00:01.0000000Z;52.92;52.99;150;253
2026-06-08T11:00:02.0000000Z;52.92;52.99;150;253
2026-06-08T11:00:03.0000000Z;52.92;52.99;5500;253
2026-06-08T11:00:04.0000000Z;52.92;52.98;5500;5500
2026-06-08T11:00:05.0000000Z;52.91;52.97;178;253
2026-06-08T11:00:07.0000000Z;52.9;52.97;189;253
2026-06-08T11:00:09.0000000Z;52.91;52.96;473;253
2026-06-08T11:00:10.0000000Z;52.91;52.96;473;5500
2026-06-08T11:00:13.0000000Z;52.91;52.97;473;253
2026-06-08T11:00:14.0000000Z;52.9;52.96;5500;253
2026-06-08T11:00:16.0000000Z;52.9;52.97;5500;253
2026-06-08T11:00:19.0000000Z;52.9;52.97;5500;5500
2026-06-08T11:00:33.0000000Z;52.9;52.97;5500;5500
2026-06-08T11:00:36.0000000Z;52.9;52.97;5500;5500
2026-06-08T11:00:37.0000000Z;52.9;52.97;5500;5500
2026-06-08T11:00:39.0000000Z;52.9;52.96;5500;253
2026-06-08T11:00:40.0000000Z;52.9;52.96;5500;5500
2026-06-08T11:00:46.0000000Z;52.89;52.95;189;253
2026-06-08T11:00:47.0000000Z;52.89;52.95;189;5500
2026-06-08T11:00:49.0000000Z;52.89;52.95;5973;5500
2026-06-08T11:00:50.0000000Z;52.88;52.95;189;5500
2026-06-08T11:00:51.0000000Z;52.89;52.95;473;5500
2026-06-08T11:00:52.0000000Z;52.88;52.95;442;5500
2026-06-08T11:00:55.0000000Z;52.9;52.96;189;253
2026-06-08T11:00:57.0000000Z;52.9;52.96;189;253
2026-06-08T11:00:59.0000000Z;52.9;52.96;189;5973
2026-06-08T11:00:59.0000000Z;52.9;52.96;189;5973
2026-06-08T11:01:00.0000000Z;52.9;52.96;189;5973
2026-06-08T11:01:01.0000000Z;52.9;52.96;189;5973
2026-06-08T11:01:04.0000000Z;52.9;52.96;189;5973
2026-06-08T11:01:05.0000000Z;52.89;52.95;189;253
2026-06-08T11:01:06.0000000Z;52.89;52.95;189;5500
2026-06-08T11:01:07.0000000Z;52.89;52.96;442;253
2026-06-08T11:01:09.0000000Z;52.89;52.96;442;5973
2026-06-08T11:01:12.0000000Z;52.89;52.96;442;5973
2026-06-08T11:01:13.0000000Z;52.89;52.95;189;253
2026-06-08T11:01:23.0000000Z;52.88;52.95;189;253
2026-06-08T11:01:24.0000000Z;52.88;52.95;189;253
2026-06-08T11:01:25.0000000Z;52.88;52.95;5973;253
2026-06-08T11:01:29.0000000Z;52.88;52.95;5973;253
2026-06-08T11:01:30.0000000Z;52.88;52.95;189;253
2026-06-08T11:01:32.0000000Z;52.88;52.95;442;253
2026-06-08T11:01:49.0000000Z;52.88;52.95;189;253
2026-06-08T11:02:02.0000000Z;52.88;52.95;442;253
2026-06-08T11:02:18.0000000Z;52.9;52.96;162;253
2026-06-08T11:02:19.0000000Z;52.9;52.96;5500;253
2026-06-08T11:02:21.0000000Z;52.9;52.96;5500;5973
2026-06-08T11:02:22.0000000Z;52.9;52.97;5500;253
2026-06-08T11:02:24.0000000Z;52.9;52.96;5500;5500
2026-06-08T11:02:25.0000000Z;52.9;52.97;5500;5500
2026-06-08T11:02:27.0000000Z;52.9;52.96;5500;5500
2026-06-08T11:02:30.0000000Z;52.9;52.96;5500;5500
2026-06-08T11:02:33.0000000Z;52.9;52.96;5500;5500
2026-06-08T11:02:36.0000000Z;52.89;52.95;189;253
2026-06-08T11:02:37.0000000Z;52.89;52.95;5973;5500
2026-06-08T11:02:41.0000000Z;52.89;52.95;5500;5500
2026-06-08T11:02:43.0000000Z;52.88;52.95;442;5500
2026-06-08T11:02:44.0000000Z;52.88;52.95;442;5500
2026-06-08T11:02:45.0000000Z;52.88;52.95;5973;5500
2026-06-08T11:02:46.0000000Z;52.88;52.95;5500;5500
2026-06-08T11:03:03.0000000Z;52.9;52.96;5500;253
2026-06-08T11:03:04.0000000Z;52.89;52.95;189;253
2026-06-08T11:03:05.0000000Z;52.89;52.95;189;253
2026-06-08T11:03:07.0000000Z;52.89;52.95;189;253
2026-06-08T11:03:09.0000000Z;52.89;52.95;189;253
2026-06-08T11:03:12.0000000Z;52.89;52.95;189;253
2026-06-08T11:03:13.0000000Z;52.88;52.95;5973;253
2026-06-08T11:03:16.0000000Z;52.88;52.95;442;253
2026-06-08T11:03:18.0000000Z;52.88;52.95;189;253
2026-06-08T11:03:24.0000000Z;52.88;52.95;442;253
2026-06-08T11:03:28.0000000Z;52.87;52.96;473;473
2026-06-08T11:03:29.0000000Z;52.88;52.95;5500;5500
2026-06-08T11:03:31.0000000Z;52.9;52.96;162;253
2026-06-08T11:03:32.0000000Z;52.9;52.96;5500;253
2026-06-08T11:03:34.0000000Z;52.9;52.96;5500;5973
2026-06-08T11:03:37.0000000Z;52.9;52.97;5500;253
2026-06-08T11:03:38.0000000Z;52.9;52.96;5500;473
2026-06-08T11:03:41.0000000Z;52.9;52.97;5500;5500
2026-06-08T11:03:56.0000000Z;52.9;52.96;5500;5500
2026-06-08T11:04:01.0000000Z;52.9;52.96;5500;5500
2026-06-08T11:04:09.0000000Z;52.89;52.95;189;253
2026-06-08T11:04:11.0000000Z;52.89;52.95;189;5500
2026-06-08T11:04:14.0000000Z;52.89;52.95;5973;5500
2026-06-08T11:04:19.0000000Z;52.89;52.95;5500;5500
2026-06-08T11:04:20.0000000Z;52.89;52.95;5500;5500
2026-06-08T11:04:31.0000000Z;52.89;52.95;5500;5500
2026-06-08T11:04:32.0000000Z;52.89;52.96;5500;253
2026-06-08T11:04:34.0000000Z;52.89;52.96;5500;5973
2026-06-08T11:04:38.0000000Z;52.89;52.96;5500;5500
2026-06-08T11:04:48.0000000Z;52.89;52.96;5500;5500
2026-06-08T11:04:49.0000000Z;52.89;52.96;442;5500
2026-06-08T11:05:10.0000000Z;52.89;52.96;442;5500
2026-06-08T11:05:15.0000000Z;52.89;52.96;189;5500
2026-06-08T11:05:16.0000000Z;52.89;52.96;189;5500
2026-06-08T11:05:18.0000000Z;52.89;52.96;189;5500
2026-06-08T11:05:19.0000000Z;52.89;52.96;189;5500
2026-06-08T11:05:20.0000000Z;52.89;52.97;442;253
2026-06-08T11:05:21.0000000Z;52.89;52.96;442;253
2026-06-08T11:05:22.0000000Z;52.89;52.95;189;253
2026-06-08T11:05:23.0000000Z;52.89;52.95;189;5500
2026-06-08T11:05:25.0000000Z;52.89;52.95;189;5500
2026-06-08T11:05:31.0000000Z;52.89;52.96;442;253
2026-06-08T11:05:32.0000000Z;52.89;52.96;442;5500
2026-06-08T11:05:39.0000000Z;52.89;52.96;442;5500
2026-06-08T11:05:40.0000000Z;52.89;52.95;189;253
2026-06-08T11:05:41.0000000Z;52.89;52.95;442;5500
2026-06-08T11:05:42.0000000Z;52.89;52.95;442;5500
2026-06-08T11:05:44.0000000Z;52.89;52.96;442;253
2026-06-08T11:06:00.0000000Z;52.89;52.96;442;253
2026-06-08T11:06:01.0000000Z;52.89;52.96;442;253
2026-06-08T11:06:11.0000000Z;52.89;52.95;189;253
2026-06-08T11:06:12.0000000Z;52.89;52.95;189;5500
2026-06-08T11:06:13.0000000Z;52.89;52.95;189;5500
2026-06-08T11:06:16.0000000Z;52.88;52.95;189;5500
2026-06-08T11:06:18.0000000Z;52.88;52.95;5500;5500
2026-06-08T11:06:30.0000000Z;52.88;52.95;5500;5500
2026-06-08T11:06:31.0000000Z;52.88;52.95;5500;5500
2026-06-08T11:06:32.0000000Z;52.88;52.95;5500;5500
2026-06-08T11:06:42.0000000Z;52.88;52.95;442;5500
2026-06-08T11:06:48.0000000Z;52.88;52.95;442;5500
2026-06-08T11:07:02.0000000Z;52.9;52.96;162;253
2026-06-08T11:07:03.0000000Z;52.9;52.96;5500;253
2026-06-08T11:07:04.0000000Z;52.9;52.97;5500;253
2026-06-08T11:07:05.0000000Z;52.9;52.96;5500;5973
2026-06-08T11:07:07.0000000Z;52.9;52.96;5500;473
2026-06-08T11:07:09.0000000Z;52.9;52.97;5500;5500
2026-06-08T11:07:10.0000000Z;52.9;52.97;5500;5500
2026-06-08T11:07:15.0000000Z;52.9;52.97;415;5500
2026-06-08T11:07:17.0000000Z;52.91;52.98;5500;253
2026-06-08T11:07:19.0000000Z;52.91;52.97;134;253
2026-06-08T11:07:20.0000000Z;52.91;52.98;387;253
2026-06-08T11:07:23.0000000Z;52.91;52.98;387;5500
2026-06-08T11:07:27.0000000Z;52.91;52.98;387;5500
2026-06-08T11:07:49.0000000Z;52.91;52.98;387;5500
2026-06-08T11:07:50.0000000Z;52.91;52.97;134;5500
2026-06-08T11:07:52.0000000Z;52.91;52.98;387;253
2026-06-08T11:07:55.0000000Z;52.91;52.98;387;5500
2026-06-08T11:08:01.0000000Z;52.91;52.97;134;253
2026-06-08T11:08:02.0000000Z;52.91;52.97;134;5500
2026-06-08T11:08:04.0000000Z;52.91;52.98;387;5500
2026-06-08T11:08:05.0000000Z;52.91;52.97;387;5500
2026-06-08T11:08:07.0000000Z;52.91;52.98;387;5500
2026-06-08T11:08:25.0000000Z;52.91;52.99;387;253
2026-06-08T11:08:26.0000000Z;52.91;52.98;387;253
2026-06-08T11:08:36.0000000Z;52.91;52.98;387;253
2026-06-08T11:08:38.0000000Z;52.91;52.99;387;253
2026-06-08T11:08:39.0000000Z;52.91;52.99;387;5972
2026-06-08T11:08:43.0000000Z;52.91;52.99;387;5500
2026-06-08T11:09:00.0000000Z;52.91;52.98;387;253
2026-06-08T11:09:04.0000000Z;52.91;52.98;387;253
2026-06-08T11:09:10.0000000Z;52.91;52.98;387;253
2026-06-08T11:09:11.0000000Z;52.92;52.99;253;253
2026-06-08T11:09:12.0000000Z;52.92;52.99;253;253
2026-06-08T11:09:13.0000000Z;52.92;52.99;253;5972
2026-06-08T11:09:14.0000000Z;52.92;52.99;253;5500
2026-06-08T11:09:24.0000000Z;52.91;52.99;253;5500
2026-06-08T11:09:25.0000000Z;52.91;52.99;5973;5500
2026-06-08T11:09:28.0000000Z;52.91;52.99;5500;5500
2026-06-08T11:09:34.0000000Z;52.91;52.99;5500;5500
2026-06-08T11:09:38.0000000Z;52.92;52.99;5500;5500
2026-06-08T11:09:41.0000000Z;52.93;53;253;253
2026-06-08T11:09:42.0000000Z;52.93;53;253;253
2026-06-08T11:09:43.0000000Z;52.93;53;253;5500
2026-06-08T11:09:52.0000000Z;52.93;53;253;5500
2026-06-08T11:09:53.0000000Z;52.93;53.01;253;253
2026-06-08T11:09:56.0000000Z;52.93;53.01;253;5972
2026-06-08T11:09:58.0000000Z;52.95;53.02;5500;253
2026-06-08T11:10:00.0000000Z;52.95;53.02;253;421
2026-06-08T11:10:01.0000000Z;52.96;53.02;253;168
2026-06-08T11:10:02.0000000Z;52.96;53.02;5500;168
2026-06-08T11:10:03.0000000Z;52.95;53.02;253;421
2026-06-08T11:10:04.0000000Z;52.95;53.02;5500;421
2026-06-08T11:10:05.0000000Z;52.95;53.02;5500;5500
2026-06-08T11:10:06.0000000Z;52.95;53.02;5500;253
2026-06-08T11:10:09.0000000Z;52.94;53.02;253;253
2026-06-08T11:10:11.0000000Z;52.95;53.02;253;253
2026-06-08T11:10:16.0000000Z;52.94;53.02;253;253
2026-06-08T11:10:18.0000000Z;52.94;53.02;5973;253
2026-06-08T11:10:19.0000000Z;52.94;53.02;5500;253
2026-06-08T11:10:24.0000000Z;52.94;53.02;5500;253
2026-06-08T11:10:32.0000000Z;52.95;53.02;5500;253
2026-06-08T11:10:35.0000000Z;52.96;53.03;253;253
2026-06-08T11:10:36.0000000Z;52.96;53.04;5500;253
2026-06-08T11:10:37.0000000Z;52.96;53.04;5500;253
2026-06-08T11:10:38.0000000Z;52.96;53.03;5500;5500
2026-06-08T11:10:40.0000000Z;52.97;53.04;5500;5972
2026-06-08T11:10:41.0000000Z;52.98;53.05;253;253
2026-06-08T11:10:42.0000000Z;52.98;53.06;5500;253
2026-06-08T11:10:43.0000000Z;52.98;53.06;253;253
2026-06-08T11:10:44.0000000Z;52.98;53.04;135;5972
2026-06-08T11:10:45.0000000Z;52.98;53.05;253;253
2026-06-08T11:10:46.0000000Z;52.98;53.06;253;253
2026-06-08T11:10:50.0000000Z;52.98;53.06;253;253
2026-06-08T11:10:51.0000000Z;52.98;53.06;253;253
2026-06-08T11:10:52.0000000Z;52.99;53.06;253;253
2026-06-08T11:10:54.0000000Z;53;53.07;253;253
2026-06-08T11:10:55.0000000Z;53;53.07;253;253
2026-06-08T11:10:56.0000000Z;52.86;53.26;2000;2000
2026-06-08T11:10:59.0000000Z;52.86;53.26;2000;2000
2026-06-08T11:11:00.0000000Z;52.97;53.35;2000;1085
2026-06-08T11:11:06.0000000Z;52.97;53.38;2000;2000
2026-06-08T11:11:10.0000000Z;52.97;53.38;2000;2000
2026-06-08T11:11:19.0000000Z;52.97;53.38;2000;2000
2026-06-08T11:11:20.0000000Z;52.97;53.38;2000;2000
2026-06-08T11:11:21.0000000Z;52.97;53.38;2000;2000
2026-06-08T11:11:24.0000000Z;52.97;53.38;2000;2000
2026-06-08T11:11:29.0000000Z;52.97;53.38;2000;2000
2026-06-08T11:11:30.0000000Z;52.97;53.38;2000;2000
2026-06-08T11:11:32.0000000Z;52.97;53.38;2000;2000
2026-06-08T11:11:40.0000000Z;52.97;53.38;2000;2000
2026-06-08T11:11:41.0000000Z;52.97;53.38;2000;2000
2026-06-08T11:11:49.0000000Z;52.97;53.38;2000;2000
2026-06-08T11:11:50.0000000Z;52.97;53.36;2000;321
2026-06-08T11:11:51.0000000Z;52.97;53.36;2000;321
2026-06-08T11:11:52.0000000Z;52.97;53.34;2000;321
2026-06-08T11:11:53.0000000Z;53.09;53.16;253;253
2026-06-08T11:11:55.0000000Z;53.09;53.17;253;253
2026-06-08T11:11:56.0000000Z;53.09;53.17;253;253
2026-06-08T11:11:57.0000000Z;53.09;53.16;253;253
2026-06-08T11:11:58.0000000Z;53.09;53.16;253;253
2026-06-08T11:11:59.0000000Z;53.09;53.16;253;253
2026-06-08T11:12:00.0000000Z;53.08;53.15;253;253
2026-06-08T11:12:01.0000000Z;53.09;53.16;253;253
2026-06-08T11:12:04.0000000Z;53.09;53.17;253;253
2026-06-08T11:12:05.0000000Z;53.09;53.17;253;253
2026-06-08T11:12:06.0000000Z;53.09;53.16;253;253
2026-06-08T11:12:13.0000000Z;53.08;53.15;253;253
2026-06-08T11:12:14.0000000Z;53.08;53.15;253;253
2026-06-08T11:12:15.0000000Z;53.08;53.15;253;253
2026-06-08T11:12:16.0000000Z;53.09;53.17;253;253
2026-06-08T11:12:17.0000000Z;53.11;53.18;253;253
2026-06-08T11:12:21.0000000Z;53.13;53.2;253;253
2026-06-08T11:12:22.0000000Z;53.11;53.18;253;253
2026-06-08T11:12:23.0000000Z;53.12;53.2;253;253
2026-06-08T11:12:27.0000000Z;53.13;53.2;253;253
2026-06-08T11:12:29.0000000Z;53.11;53.19;253;253
2026-06-08T11:12:31.0000000Z;53.12;53.2;253;253
2026-06-08T11:12:32.0000000Z;53.13;53.2;253;253
2026-06-08T11:12:33.0000000Z;53.12;53.19;253;253
2026-06-08T11:12:35.0000000Z;53.13;53.2;253;253
2026-06-08T11:12:36.0000000Z;53.12;53.19;253;253
2026-06-08T11:12:37.0000000Z;53.12;53.19;253;253
2026-06-08T11:12:39.0000000Z;53.12;53.19;253;253
2026-06-08T11:12:40.0000000Z;53.12;53.19;253;253
2026-06-08T11:12:41.0000000Z;53.13;53.21;253;253
2026-06-08T11:12:43.0000000Z;53.14;53.21;253;253
2026-06-08T11:12:44.0000000Z;53.14;53.21;253;253
2026-06-08T11:12:48.0000000Z;53.13;53.2;253;253
2026-06-08T11:12:51.0000000Z;53.14;53.21;253;253
2026-06-08T11:12:52.0000000Z;53.14;53.21;253;253
2026-06-08T11:12:55.0000000Z;53.11;53.19;253;253
2026-06-08T11:12:56.0000000Z;53.11;53.19;380;253
2026-06-08T11:12:57.0000000Z;53.12;53.2;253;253
2026-06-08T11:12:59.0000000Z;53.11;53.21;471;470
2026-06-08T11:13:01.0000000Z;53.12;53.2;253;253
2026-06-08T11:13:02.0000000Z;53.12;53.2;253;253
2026-06-08T11:13:03.0000000Z;53.12;53.2;253;253
2026-06-08T11:13:06.0000000Z;53.12;53.2;253;253
2026-06-08T11:13:08.0000000Z;53.13;53.2;253;253
2026-06-08T11:13:09.0000000Z;53.14;53.21;253;253
2026-06-08T11:13:10.0000000Z;53.14;53.22;632;253
2026-06-08T11:13:11.0000000Z;53.14;53.21;632;253
2026-06-08T11:13:12.0000000Z;53.14;53.21;253;253
2026-06-08T11:13:13.0000000Z;53.14;53.21;632;253
2026-06-08T11:13:14.0000000Z;53.14;53.21;253;253
2026-06-08T11:13:15.0000000Z;53.13;53.2;632;253
2026-06-08T11:13:16.0000000Z;53.13;53.2;632;253
2026-06-08T11:13:17.0000000Z;53.12;53.2;471;253
2026-06-08T11:13:18.0000000Z;53.13;53.2;632;253
2026-06-08T11:13:19.0000000Z;53.13;53.2;632;253
2026-06-08T11:13:20.0000000Z;53.13;53.2;632;253
2026-06-08T11:13:21.0000000Z;53.13;53.2;379;253
2026-06-08T11:13:22.0000000Z;53.12;53.2;632;253
2026-06-08T11:13:25.0000000Z;53.11;53.19;632;253
2026-06-08T11:13:26.0000000Z;53.11;53.18;632;253
2026-06-08T11:13:28.0000000Z;53.11;53.18;253;253
2026-06-08T11:13:30.0000000Z;53.1;53.17;632;253
2026-06-08T11:13:31.0000000Z;53.1;53.18;632;253
2026-06-08T11:13:32.0000000Z;53.11;53.18;759;253
2026-06-08T11:13:35.0000000Z;53.1;53.19;471;471
2026-06-08T11:13:41.0000000Z;53.1;53.19;471;471
2026-06-08T11:13:42.0000000Z;53.12;53.19;632;253
2026-06-08T11:13:48.0000000Z;53.12;53.19;632;253
2026-06-08T11:13:50.0000000Z;53.12;53.19;632;253
2026-06-08T11:13:52.0000000Z;53.11;53.2;471;470
2026-06-08T11:13:54.0000000Z;53.11;53.2;471;470
2026-06-08T11:13:55.0000000Z;53.11;53.2;471;470
2026-06-08T11:13:56.0000000Z;53.11;53.2;471;470
2026-06-08T11:13:57.0000000Z;53.11;53.2;471;470
2026-06-08T11:14:02.0000000Z;53.11;53.2;471;470
2026-06-08T11:14:03.0000000Z;53.11;53.2;471;470
2026-06-08T11:14:04.0000000Z;53.13;53.2;632;253
2026-06-08T11:14:06.0000000Z;53.13;53.2;632;253
2026-06-08T11:14:07.0000000Z;53.13;53.21;632;253
2026-06-08T11:14:08.0000000Z;53.13;53.21;632;253
2026-06-08T11:14:09.0000000Z;53.13;53.21;632;253
2026-06-08T11:14:10.0000000Z;53.13;53.2;379;253
2026-06-08T11:14:11.0000000Z;53.12;53.21;471;470
2026-06-08T11:14:12.0000000Z;53.12;53.21;471;470
2026-06-08T11:14:13.0000000Z;53.12;53.21;471;470
2026-06-08T11:14:14.0000000Z;53.12;53.21;632;470
2026-06-08T11:14:15.0000000Z;53.13;53.21;632;470
2026-06-08T11:14:16.0000000Z;53.14;53.21;632;253
2026-06-08T11:14:17.0000000Z;53.14;53.21;253;253
2026-06-08T11:14:18.0000000Z;53.14;53.21;632;253
2026-06-08T11:14:21.0000000Z;53.14;53.21;632;253
2026-06-08T11:14:22.0000000Z;53.13;53.2;632;253
2026-06-08T11:14:23.0000000Z;53.13;53.2;632;253
2026-06-08T11:14:24.0000000Z;53.13;53.2;632;253
2026-06-08T11:14:25.0000000Z;53.13;53.2;632;253
2026-06-08T11:14:27.0000000Z;53.14;53.21;632;253
2026-06-08T11:14:28.0000000Z;53.14;53.21;632;253
2026-06-08T11:14:30.0000000Z;53.15;53.22;632;253
2026-06-08T11:14:31.0000000Z;53.15;53.22;632;253
2026-06-08T11:14:32.0000000Z;53.14;53.21;632;253
2026-06-08T11:14:36.0000000Z;53.15;53.22;632;253
2026-06-08T11:14:37.0000000Z;53.14;53.23;471;470
2026-06-08T11:14:38.0000000Z;53.15;53.21;379;253
2026-06-08T11:14:40.0000000Z;53.14;53.21;632;253
2026-06-08T11:14:42.0000000Z;53.16;53.22;379;168
2026-06-08T11:14:43.0000000Z;53.16;53.22;379;168
2026-06-08T11:14:44.0000000Z;53.16;53.23;379;253
2026-06-08T11:14:46.0000000Z;53.16;53.23;379;253
2026-06-08T11:14:48.0000000Z;53.15;53.24;471;470
2026-06-08T11:14:50.0000000Z;53.15;53.24;471;470
2026-06-08T11:14:51.0000000Z;53.16;53.24;632;470
2026-06-08T11:14:52.0000000Z;53.16;53.24;632;470
2026-06-08T11:14:53.0000000Z;53.16;53.24;632;470
2026-06-08T11:14:55.0000000Z;53.17;53.24;632;253
2026-06-08T11:14:56.0000000Z;53.18;53.25;253;253
2026-06-08T11:14:57.0000000Z;53.19;53.25;379;253
2026-06-08T11:14:58.0000000Z;53.2;53.26;253;174
2026-06-08T11:14:59.0000000Z;53.21;53.26;379;174
2026-06-08T11:14:59.0000000Z;53.21;53.39;379;187
2026-06-08T11:15:00.0000000Z;53.21;53.37;379;467
2026-06-08T11:15:01.0000000Z;53.22;53.48;115;186
2026-06-08T11:15:02.0000000Z;53.21;53.48;379;186
2026-06-08T11:15:03.0000000Z;53.22;53.4;2781;187
2026-06-08T11:15:04.0000000Z;53.05;53.4;188;187
2026-06-08T11:15:05.0000000Z;53.05;53.41;188;187
2026-06-08T11:15:06.0000000Z;53.25;53.25;253;470
2026-06-08T11:15:07.0000000Z;53.26;53.33;253;253
2026-06-08T11:15:09.0000000Z;53.25;53.25;253;470
2026-06-08T11:15:10.0000000Z;53.04;53.42;472;468
2026-06-08T11:15:11.0000000Z;53.23;53.31;253;253
2026-06-08T11:15:12.0000000Z;53.23;53.3;253;253
2026-06-08T11:15:13.0000000Z;53.22;53.29;253;253
2026-06-08T11:15:16.0000000Z;53.22;53.29;253;253
2026-06-08T11:15:17.0000000Z;53.22;53.29;253;253
2026-06-08T11:15:18.0000000Z;53.23;53.3;253;253
2026-06-08T11:15:19.0000000Z;53.22;53.29;253;253
2026-06-08T11:15:20.0000000Z;53.22;53.3;253;253
2026-06-08T11:15:21.0000000Z;53.22;53.29;253;253
2026-06-08T11:15:23.0000000Z;53.22;53.3;253;253
2026-06-08T11:15:24.0000000Z;53.22;53.29;253;253
2026-06-08T11:15:25.0000000Z;53.22;53.29;253;253
2026-06-08T11:15:26.0000000Z;53.21;53.28;253;253
2026-06-08T11:15:27.0000000Z;53.21;53.28;253;253
2026-06-08T11:15:28.0000000Z;53.22;53.29;253;253
2026-06-08T11:15:29.0000000Z;53.21;53.28;253;253
2026-06-08T11:15:30.0000000Z;53.21;53.28;253;253
2026-06-08T11:15:32.0000000Z;53.21;53.28;253;253
2026-06-08T11:15:33.0000000Z;53.22;53.29;253;253
2026-06-08T11:15:35.0000000Z;53.23;53.3;253;253
2026-06-08T11:15:36.0000000Z;53.21;53.48;3241;279
2026-06-08T11:15:37.0000000Z;53.21;53.47;166;187
2026-06-08T11:15:38.0000000Z;53.22;53.47;249;187
2026-06-08T11:15:39.0000000Z;53.22;53.47;249;187
2026-06-08T11:15:42.0000000Z;53.22;53.47;249;2771
2026-06-08T11:15:43.0000000Z;53.12;53.48;188;186
2026-06-08T11:15:45.0000000Z;53.24;53.48;632;468
2026-06-08T11:15:46.0000000Z;53.24;53.31;379;253
2026-06-08T11:15:49.0000000Z;53.23;53.3;632;253
2026-06-08T11:15:50.0000000Z;53.23;53.3;632;253
2026-06-08T11:15:51.0000000Z;53.23;53.3;632;253
2026-06-08T11:15:53.0000000Z;53.23;53.3;632;253
2026-06-08T11:15:54.0000000Z;53.23;53.31;632;253
2026-06-08T11:15:55.0000000Z;53.23;53.31;632;253
2026-06-08T11:15:56.0000000Z;53.23;53.31;632;253
2026-06-08T11:15:57.0000000Z;53.25;53.32;632;253
2026-06-08T11:15:58.0000000Z;53.24;53.32;632;469
2026-06-08T11:15:59.0000000Z;53.25;53.32;632;469
2026-06-08T11:16:00.0000000Z;53.25;53.32;253;469
2026-06-08T11:16:01.0000000Z;53.24;53.32;632;469
2026-06-08T11:16:02.0000000Z;53.21;53.29;253;253
2026-06-08T11:16:03.0000000Z;53.22;53.29;632;253
2026-06-08T11:16:04.0000000Z;53.22;53.29;253;253
2026-06-08T11:16:05.0000000Z;53.22;53.29;148;253
2026-06-08T11:16:06.0000000Z;53.22;53.29;148;253
2026-06-08T11:16:08.0000000Z;53.22;53.28;148;253
2026-06-08T11:16:11.0000000Z;53.21;53.27;176;253
2026-06-08T11:16:12.0000000Z;53.21;53.29;176;470
2026-06-08T11:16:14.0000000Z;53.21;53.29;176;470
2026-06-08T11:16:16.0000000Z;53.21;53.29;176;470
2026-06-08T11:16:23.0000000Z;53.21;53.28;693;253
2026-06-08T11:16:25.0000000Z;53.21;53.29;676;253
2026-06-08T11:16:26.0000000Z;53.2;53.28;470;253
2026-06-08T11:16:29.0000000Z;53.2;53.28;470;253
2026-06-08T11:16:32.0000000Z;53.21;53.27;176;253
2026-06-08T11:16:34.0000000Z;53.21;53.28;440;253
2026-06-08T11:16:35.0000000Z;53.21;53.28;176;253
2026-06-08T11:16:38.0000000Z;53.2;53.27;187;253
2026-06-08T11:16:39.0000000Z;53.2;53.28;467;470
2026-06-08T11:16:40.0000000Z;53.2;53.28;187;470
2026-06-08T11:16:41.0000000Z;53.2;53.28;720;253
2026-06-08T11:16:42.0000000Z;53.2;53.27;187;253
2026-06-08T11:16:44.0000000Z;53.2;53.27;187;253
2026-06-08T11:16:45.0000000Z;53.2;53.27;720;253
2026-06-08T11:16:46.0000000Z;53.2;53.27;1100;253
2026-06-08T11:16:48.0000000Z;53.22;53.28;148;253
2026-06-08T11:16:49.0000000Z;53.21;53.27;176;253
2026-06-08T11:16:50.0000000Z;53.21;53.27;440;253
2026-06-08T11:16:51.0000000Z;53.21;53.28;693;253
2026-06-08T11:16:52.0000000Z;53.2;53.28;470;253
2026-06-08T11:16:53.0000000Z;53.21;53.27;176;253
2026-06-08T11:16:54.0000000Z;53.2;53.27;187;253
2026-06-08T11:16:55.0000000Z;53.2;53.27;467;253
2026-06-08T11:16:56.0000000Z;53.2;53.27;187;253
2026-06-08T11:16:58.0000000Z;53.2;53.26;187;253
2026-06-08T11:17:02.0000000Z;53.19;53.27;471;470
2026-06-08T11:17:05.0000000Z;53.19;53.25;471;253
2026-06-08T11:17:06.0000000Z;53.19;53.25;188;253
2026-06-08T11:17:08.0000000Z;53.19;53.26;1102;253
2026-06-08T11:17:11.0000000Z;53.19;53.26;441;253
2026-06-08T11:17:12.0000000Z;53.19;53.25;470;253
2026-06-08T11:17:13.0000000Z;53.19;53.26;723;253
2026-06-08T11:17:18.0000000Z;53.19;53.25;188;253
2026-06-08T11:17:19.0000000Z;53.18;53.26;471;470
2026-06-08T11:17:20.0000000Z;53.19;53.26;470;470
2026-06-08T11:17:21.0000000Z;53.21;53.27;159;253
2026-06-08T11:17:24.0000000Z;53.21;53.27;159;253
2026-06-08T11:17:25.0000000Z;53.2;53.27;187;253
2026-06-08T11:17:27.0000000Z;53.2;53.26;187;253
2026-06-08T11:17:28.0000000Z;53.19;53.26;723;253
2026-06-08T11:17:29.0000000Z;53.19;53.27;723;253
2026-06-08T11:17:34.0000000Z;53.19;53.28;723;470
2026-06-08T11:17:35.0000000Z;53.19;53.26;723;253
2026-06-08T11:17:42.0000000Z;53.2;53.27;632;253
2026-06-08T11:17:43.0000000Z;53.2;53.27;632;253
2026-06-08T11:17:44.0000000Z;53.2;53.27;187;253
2026-06-08T11:17:47.0000000Z;53.19;53.26;471;253
2026-06-08T11:17:52.0000000Z;53.19;53.27;471;253
2026-06-08T11:17:53.0000000Z;53.2;53.27;467;253
2026-06-08T11:17:54.0000000Z;53.2;53.27;187;253
2026-06-08T11:18:01.0000000Z;53.2;53.27;467;253
2026-06-08T11:18:02.0000000Z;53.2;53.27;467;253
2026-06-08T11:18:04.0000000Z;53.2;53.27;187;253
2026-06-08T11:18:07.0000000Z;53.2;53.26;187;253
2026-06-08T11:18:10.0000000Z;53.19;53.25;188;253
2026-06-08T11:18:11.0000000Z;53.19;53.25;188;253
2026-06-08T11:18:13.0000000Z;53.19;53.25;188;253
2026-06-08T11:18:14.0000000Z;53.19;53.27;723;253
2026-06-08T11:18:16.0000000Z;53.19;53.27;723;253
2026-06-08T11:18:17.0000000Z;53.2;53.27;847;253
2026-06-08T11:18:18.0000000Z;53.2;53.27;1100;253
2026-06-08T11:18:19.0000000Z;53.2;53.27;847;253
2026-06-08T11:18:20.0000000Z;53.2;53.27;1100;253
2026-06-08T11:18:23.0000000Z;53.2;53.27;1100;253
2026-06-08T11:18:24.0000000Z;53.2;53.27;1100;253
2026-06-08T11:18:25.0000000Z;53.21;53.28;632;253
2026-06-08T11:18:26.0000000Z;53.21;53.28;632;253
2026-06-08T11:18:28.0000000Z;53.21;53.27;538;253
2026-06-08T11:18:30.0000000Z;53.2;53.27;470;253
2026-06-08T11:18:31.0000000Z;53.21;53.28;791;253
2026-06-08T11:18:32.0000000Z;53.21;53.28;791;253
2026-06-08T11:18:33.0000000Z;53.21;53.28;791;253
2026-06-08T11:18:34.0000000Z;53.21;53.28;791;253
2026-06-08T11:18:35.0000000Z;53.21;53.28;1030;253
2026-06-08T11:18:41.0000000Z;53.21;53.29;1030;470
2026-06-08T11:18:47.0000000Z;53.21;53.29;1030;253
2026-06-08T11:18:48.0000000Z;53.22;53.29;618;253
2026-06-08T11:18:57.0000000Z;53.22;53.29;618;253
2026-06-08T11:18:58.0000000Z;53.21;53.3;470;470
2026-06-08T11:18:59.0000000Z;53.22;53.29;618;253
2026-06-08T11:19:01.0000000Z;53.22;53.29;618;253
2026-06-08T11:19:02.0000000Z;53.22;53.29;871;253
2026-06-08T11:19:03.0000000Z;53.22;53.29;618;253
2026-06-08T11:19:06.0000000Z;53.22;53.29;871;253
2026-06-08T11:19:07.0000000Z;53.22;53.3;632;253
2026-06-08T11:19:09.0000000Z;53.22;53.29;510;253
2026-06-08T11:19:10.0000000Z;53.22;53.29;510;253
2026-06-08T11:19:14.0000000Z;53.22;53.28;131;253
2026-06-08T11:19:15.0000000Z;53.22;53.28;131;253
2026-06-08T11:19:16.0000000Z;53.21;53.27;159;253
2026-06-08T11:19:17.0000000Z;53.2;53.26;187;253
2026-06-08T11:19:18.0000000Z;53.19;53.27;471;470
2026-06-08T11:19:24.0000000Z;53.2;53.27;467;470
2026-06-08T11:19:25.0000000Z;53.22;53.29;131;253
2026-06-08T11:19:26.0000000Z;53.22;53.29;131;253
2026-06-08T11:19:27.0000000Z;53.22;53.28;131;253
2026-06-08T11:19:28.0000000Z;53.21;53.28;791;253
2026-06-08T11:19:33.0000000Z;53.2;53.29;470;470
2026-06-08T11:19:36.0000000Z;53.2;53.29;470;253
2026-06-08T11:19:38.0000000Z;53.2;53.29;470;253
2026-06-08T11:19:40.0000000Z;53.21;53.29;1030;253
2026-06-08T11:19:41.0000000Z;53.23;53.3;632;253
2026-06-08T11:19:42.0000000Z;53.23;53.3;379;253
2026-06-08T11:19:43.0000000Z;53.23;53.3;632;253
2026-06-08T11:19:46.0000000Z;53.24;53.31;632;253
2026-06-08T11:19:47.0000000Z;53.22;53.31;470;469
2026-06-08T11:19:49.0000000Z;53.25;53.32;632;253
2026-06-08T11:19:50.0000000Z;53.25;53.32;632;253
2026-06-08T11:19:51.0000000Z;53.25;53.33;632;253
2026-06-08T11:19:52.0000000Z;53.25;53.33;632;253
2026-06-08T11:19:56.0000000Z;53.26;53.33;632;253
2026-06-08T11:19:57.0000000Z;53.27;53.34;632;253
2026-06-08T11:19:58.0000000Z;53.27;53.33;379;253
2026-06-08T11:20:00.0000000Z;53.26;53.34;632;469
2026-06-08T11:20:01.0000000Z;53.26;53.34;379;469
2026-06-08T11:20:02.0000000Z;53.25;53.34;632;469
2026-06-08T11:20:05.0000000Z;53.27;53.34;379;469
2026-06-08T11:20:07.0000000Z;53.26;53.33;632;253
2026-06-08T11:20:09.0000000Z;53.27;53.34;632;253
2026-06-08T11:20:10.0000000Z;53.27;53.34;379;253
2026-06-08T11:20:11.0000000Z;53.27;53.34;632;253
2026-06-08T11:20:12.0000000Z;53.27;53.34;379;253
2026-06-08T11:20:13.0000000Z;53.27;53.34;379;253
2026-06-08T11:20:14.0000000Z;53.27;53.35;379;469
2026-06-08T11:20:15.0000000Z;53.26;53.33;379;253
2026-06-08T11:20:16.0000000Z;53.26;53.32;379;253
2026-06-08T11:20:17.0000000Z;53.25;53.32;632;253
2026-06-08T11:20:18.0000000Z;53.25;53.32;632;253
2026-06-08T11:20:19.0000000Z;53.25;53.32;632;253
2026-06-08T11:20:20.0000000Z;53.25;53.33;632;253
2026-06-08T11:20:21.0000000Z;53.25;53.33;632;253
2026-06-08T11:20:22.0000000Z;53.25;53.32;632;253
2026-06-08T11:20:23.0000000Z;53.25;53.32;632;253
2026-06-08T11:20:25.0000000Z;53.25;53.31;379;253
2026-06-08T11:20:28.0000000Z;53.24;53.32;470;469
2026-06-08T11:20:31.0000000Z;53.25;53.32;632;253
2026-06-08T11:20:33.0000000Z;53.25;53.31;379;253
2026-06-08T11:20:34.0000000Z;53.25;53.32;632;253
2026-06-08T11:20:38.0000000Z;53.25;53.32;632;253
2026-06-08T11:20:39.0000000Z;53.24;53.31;379;253
2026-06-08T11:20:40.0000000Z;53.24;53.31;632;253
2026-06-08T11:20:41.0000000Z;53.24;53.31;632;253
2026-06-08T11:20:42.0000000Z;53.24;53.31;632;253
2026-06-08T11:20:44.0000000Z;53.23;53.31;470;253
2026-06-08T11:20:46.0000000Z;53.24;53.31;520;253
2026-06-08T11:20:48.0000000Z;53.24;53.31;632;253
2026-06-08T11:20:49.0000000Z;53.24;53.31;632;253
2026-06-08T11:20:50.0000000Z;53.24;53.31;632;253
2026-06-08T11:20:51.0000000Z;53.26;53.32;379;253
2026-06-08T11:20:52.0000000Z;53.26;53.33;379;253
2026-06-08T11:20:53.0000000Z;53.26;53.33;379;253
2026-06-08T11:20:54.0000000Z;53.26;53.33;632;253
2026-06-08T11:20:55.0000000Z;53.26;53.33;379;253
2026-06-08T11:20:56.0000000Z;53.26;53.33;379;253
2026-06-08T11:20:57.0000000Z;53.26;53.33;379;253
2026-06-08T11:20:58.0000000Z;53.26;53.33;379;253
2026-06-08T11:21:01.0000000Z;53.26;53.33;632;253
2026-06-08T11:21:02.0000000Z;53.26;53.33;632;253
2026-06-08T11:21:05.0000000Z;53.26;53.33;632;253
2026-06-08T11:21:06.0000000Z;53.25;53.34;470;469
2026-06-08T11:21:13.0000000Z;53.27;53.34;632;253
2026-06-08T11:21:15.0000000Z;53.27;53.34;632;253
2026-06-08T11:21:16.0000000Z;53.27;53.34;632;253
2026-06-08T11:21:17.0000000Z;53.28;53.34;379;253
2026-06-08T11:21:18.0000000Z;53.27;53.34;253;253
2026-06-08T11:21:19.0000000Z;53.27;53.34;632;253
2026-06-08T11:21:20.0000000Z;53.27;53.33;379;253
2026-06-08T11:21:21.0000000Z;53.26;53.33;632;253
2026-06-08T11:21:22.0000000Z;53.26;53.33;632;253
2026-06-08T11:21:27.0000000Z;53.28;53.34;379;253
2026-06-08T11:21:29.0000000Z;53.28;53.34;379;253
2026-06-08T11:21:31.0000000Z;53.26;53.34;632;253
2026-06-08T11:21:32.0000000Z;53.27;53.34;379;253
2026-06-08T11:21:33.0000000Z;53.27;53.35;632;253
2026-06-08T11:21:36.0000000Z;53.29;53.36;632;253
2026-06-08T11:21:37.0000000Z;53.29;53.36;632;253
2026-06-08T11:21:38.0000000Z;53.28;53.37;470;469
2026-06-08T11:21:41.0000000Z;53.29;53.36;632;253
2026-06-08T11:21:42.0000000Z;53.3;53.37;716;253
2026-06-08T11:21:43.0000000Z;53.3;53.37;463;253
2026-06-08T11:21:44.0000000Z;53.3;53.36;463;253
2026-06-08T11:21:46.0000000Z;53.3;53.36;463;253
2026-06-08T11:21:47.0000000Z;53.29;53.36;379;253
2026-06-08T11:21:49.0000000Z;53.29;53.36;632;253
2026-06-08T11:21:52.0000000Z;53.29;53.36;379;253
2026-06-08T11:21:54.0000000Z;53.29;53.36;632;253
2026-06-08T11:21:55.0000000Z;53.29;53.36;379;253
2026-06-08T11:21:56.0000000Z;53.29;53.36;379;253
2026-06-08T11:21:57.0000000Z;53.29;53.36;379;253
2026-06-08T11:21:58.0000000Z;53.29;53.37;632;253
2026-06-08T11:21:59.0000000Z;53.29;53.36;632;253
2026-06-08T11:22:00.0000000Z;53.29;53.36;632;253
2026-06-08T11:22:01.0000000Z;53.29;53.36;632;253
2026-06-08T11:22:02.0000000Z;53.29;53.36;632;253
2026-06-08T11:22:03.0000000Z;53.29;53.36;632;253
2026-06-08T11:22:04.0000000Z;53.29;53.35;379;253
2026-06-08T11:22:08.0000000Z;53.29;53.35;379;253
2026-06-08T11:22:09.0000000Z;53.28;53.34;379;253
2026-06-08T11:22:15.0000000Z;53.28;53.33;379;253
2026-06-08T11:22:17.0000000Z;53.27;53.34;591;469
2026-06-08T11:22:18.0000000Z;53.27;53.34;591;469
2026-06-08T11:22:19.0000000Z;53.29;53.35;379;253
2026-06-08T11:22:21.0000000Z;53.29;53.35;379;253
2026-06-08T11:22:22.0000000Z;53.29;53.36;632;253
2026-06-08T11:22:24.0000000Z;53.29;53.35;379;253
2026-06-08T11:22:26.0000000Z;53.29;53.35;379;253
2026-06-08T11:22:27.0000000Z;53.29;53.35;379;253
2026-06-08T11:22:28.0000000Z;53.29;53.35;379;253
2026-06-08T11:22:29.0000000Z;53.28;53.35;253;253
2026-06-08T11:22:30.0000000Z;53.28;53.36;253;469
2026-06-08T11:22:31.0000000Z;53.28;53.36;253;469
2026-06-08T11:22:32.0000000Z;53.28;53.36;253;469
2026-06-08T11:22:33.0000000Z;53.27;53.34;253;253
2026-06-08T11:22:34.0000000Z;53.29;53.35;379;253
2026-06-08T11:22:35.0000000Z;53.29;53.35;379;253
2026-06-08T11:22:36.0000000Z;53.29;53.35;379;253
2026-06-08T11:22:37.0000000Z;53.28;53.35;379;253
2026-06-08T11:22:42.0000000Z;53.28;53.34;379;253
2026-06-08T11:22:44.0000000Z;53.28;53.35;379;253
2026-06-08T11:22:45.0000000Z;53.28;53.35;379;469
2026-06-08T11:22:48.0000000Z;53.27;53.34;379;253
2026-06-08T11:22:52.0000000Z;53.27;53.33;379;253
2026-06-08T11:22:54.0000000Z;53.26;53.34;470;469
2026-06-08T11:22:59.0000000Z;53.27;53.32;107;253
2026-06-08T11:23:00.0000000Z;53.26;53.32;519;253
2026-06-08T11:23:01.0000000Z;53.26;53.32;519;253
2026-06-08T11:23:04.0000000Z;53.26;53.32;250;253
2026-06-08T11:23:05.0000000Z;53.25;53.32;417;253
2026-06-08T11:23:06.0000000Z;53.25;53.32;417;253
2026-06-08T11:23:07.0000000Z;53.25;53.31;417;253
2026-06-08T11:23:08.0000000Z;53.25;53.3;167;253
2026-06-08T11:23:09.0000000Z;53.25;53.31;417;253
2026-06-08T11:23:11.0000000Z;53.25;53.31;167;469
2026-06-08T11:23:12.0000000Z;53.24;53.3;467;253
2026-06-08T11:23:13.0000000Z;53.24;53.3;467;253
2026-06-08T11:23:14.0000000Z;53.24;53.3;467;253
2026-06-08T11:23:15.0000000Z;53.24;53.3;467;253
2026-06-08T11:23:16.0000000Z;53.24;53.3;523;253
2026-06-08T11:23:18.0000000Z;53.24;53.3;467;253
2026-06-08T11:23:19.0000000Z;53.24;53.3;467;253
2026-06-08T11:23:23.0000000Z;53.23;53.3;470;253
2026-06-08T11:23:28.0000000Z;53.24;53.3;523;253
2026-06-08T11:23:29.0000000Z;53.24;53.3;467;253
2026-06-08T11:23:30.0000000Z;53.23;53.3;467;253
2026-06-08T11:23:39.0000000Z;53.22;53.3;470;253
2026-06-08T11:23:40.0000000Z;53.23;53.3;523;253
2026-06-08T11:23:42.0000000Z;53.23;53.3;467;253
2026-06-08T11:23:45.0000000Z;53.23;53.3;467;253
2026-06-08T11:23:46.0000000Z;53.23;53.29;187;253
2026-06-08T11:23:54.0000000Z;53.23;53.29;467;253
2026-06-08T11:23:56.0000000Z;53.23;53.3;467;253
2026-06-08T11:23:57.0000000Z;53.23;53.3;467;253
2026-06-08T11:23:59.0000000Z;53.23;53.3;467;253
2026-06-08T11:24:11.0000000Z;53.23;53.3;467;253
2026-06-08T11:24:28.0000000Z;53.23;53.29;467;253
2026-06-08T11:24:31.0000000Z;53.23;53.29;187;253
2026-06-08T11:24:33.0000000Z;53.23;53.29;467;253
2026-06-08T11:24:36.0000000Z;53.23;53.3;467;470
2026-06-08T11:24:38.0000000Z;53.23;53.3;467;470
2026-06-08T11:24:40.0000000Z;53.22;53.28;467;253
2026-06-08T11:24:48.0000000Z;53.22;53.29;187;470
2026-06-08T11:24:49.0000000Z;53.22;53.29;187;470
2026-06-08T11:24:51.0000000Z;53.22;53.29;467;470
2026-06-08T11:24:53.0000000Z;53.22;53.29;720;253
2026-06-08T11:24:54.0000000Z;53.22;53.29;720;253
2026-06-08T11:24:59.0000000Z;53.22;53.29;720;253
2026-06-08T11:25:00.0000000Z;53.22;53.29;720;253
2026-06-08T11:25:02.0000000Z;53.22;53.3;720;470
2026-06-08T11:25:04.0000000Z;53.22;53.3;720;253
2026-06-08T11:25:07.0000000Z;53.22;53.29;720;253
2026-06-08T11:25:09.0000000Z;53.22;53.29;720;253
2026-06-08T11:25:18.0000000Z;53.22;53.3;720;253
2026-06-08T11:25:26.0000000Z;53.22;53.31;720;469
2026-06-08T11:25:29.0000000Z;53.24;53.31;170;469
2026-06-08T11:25:31.0000000Z;53.24;53.31;170;469
2026-06-08T11:25:34.0000000Z;53.24;53.31;170;469
2026-06-08T11:25:37.0000000Z;53.23;53.31;470;469
2026-06-08T11:25:38.0000000Z;53.23;53.31;470;469
2026-06-08T11:25:39.0000000Z;53.23;53.31;467;469
2026-06-08T11:25:46.0000000Z;53.23;53.31;467;469
2026-06-08T11:25:47.0000000Z;53.22;53.31;470;469
2026-06-08T11:25:53.0000000Z;53.23;53.31;720;469
2026-06-08T11:25:56.0000000Z;53.23;53.31;720;469
2026-06-08T11:26:00.0000000Z;53.23;53.31;720;469
2026-06-08T11:26:01.0000000Z;53.23;53.31;720;469
2026-06-08T11:26:03.0000000Z;53.23;53.36;467;435
2026-06-08T11:26:05.0000000Z;53.23;53.29;467;253
2026-06-08T11:26:08.0000000Z;53.23;53.29;467;253
2026-06-08T11:26:12.0000000Z;53.23;53.29;187;253
2026-06-08T11:26:13.0000000Z;53.23;53.3;187;470
2026-06-08T11:26:14.0000000Z;53.23;53.3;467;470
2026-06-08T11:26:16.0000000Z;53.23;53.3;187;470
2026-06-08T11:26:17.0000000Z;53.23;53.3;467;470
2026-06-08T11:26:18.0000000Z;53.23;53.3;187;470
2026-06-08T11:26:20.0000000Z;53.22;53.3;467;470
2026-06-08T11:26:25.0000000Z;53.22;53.3;720;470
2026-06-08T11:26:26.0000000Z;53.22;53.3;467;470
2026-06-08T11:26:28.0000000Z;53.21;53.3;470;470
2026-06-08T11:26:29.0000000Z;53.22;53.3;720;470
2026-06-08T11:26:31.0000000Z;53.22;53.3;720;470
2026-06-08T11:26:35.0000000Z;53.24;53.3;170;253
2026-06-08T11:26:38.0000000Z;53.24;53.3;170;253
2026-06-08T11:26:40.0000000Z;53.23;53.29;467;253
2026-06-08T11:26:43.0000000Z;53.23;53.3;720;253
2026-06-08T11:26:44.0000000Z;53.22;53.31;470;469
2026-06-08T11:26:45.0000000Z;53.25;53.31;522;253
2026-06-08T11:26:47.0000000Z;53.25;53.32;632;253
2026-06-08T11:26:48.0000000Z;53.26;53.32;379;253
2026-06-08T11:26:49.0000000Z;53.26;53.33;632;253
2026-06-08T11:26:50.0000000Z;53.27;53.33;379;253
2026-06-08T11:26:52.0000000Z;53.27;53.32;379;253
2026-06-08T11:26:53.0000000Z;53.26;53.33;470;469
2026-06-08T11:26:55.0000000Z;53.26;53.33;470;469
2026-06-08T11:26:56.0000000Z;53.26;53.33;470;469
2026-06-08T11:27:00.0000000Z;53.25;53.31;522;253
2026-06-08T11:27:02.0000000Z;53.25;53.31;522;253
2026-06-08T11:27:03.0000000Z;53.25;53.32;522;253
2026-06-08T11:27:06.0000000Z;53.24;53.32;470;253
2026-06-08T11:27:14.0000000Z;53.25;53.32;522;253
2026-06-08T11:27:27.0000000Z;53.25;53.31;522;253
2026-06-08T11:27:34.0000000Z;53.25;53.32;522;469
2026-06-08T11:27:36.0000000Z;53.25;53.32;522;253
2026-06-08T11:27:42.0000000Z;53.25;53.33;522;469
2026-06-08T11:27:54.0000000Z;53.25;53.33;522;469
2026-06-08T11:27:55.0000000Z;53.25;53.32;522;253
2026-06-08T11:28:01.0000000Z;53.25;53.32;522;253
2026-06-08T11:28:04.0000000Z;53.25;53.31;522;253
2026-06-08T11:28:12.0000000Z;53.25;53.31;522;253
2026-06-08T11:28:13.0000000Z;53.25;53.32;522;469
2026-06-08T11:28:14.0000000Z;53.25;53.32;522;469
2026-06-08T11:28:17.0000000Z;53.25;53.32;522;253
2026-06-08T11:28:22.0000000Z;53.25;53.31;522;253
2026-06-08T11:28:29.0000000Z;53.25;53.31;522;253
2026-06-08T11:28:30.0000000Z;53.24;53.3;425;253
2026-06-08T11:28:31.0000000Z;53.23;53.3;467;253
2026-06-08T11:28:36.0000000Z;53.23;53.29;467;253
2026-06-08T11:28:37.0000000Z;53.22;53.3;470;470
2026-06-08T11:28:41.0000000Z;53.22;53.3;470;470
2026-06-08T11:28:45.0000000Z;53.22;53.3;470;470
2026-06-08T11:28:50.0000000Z;53.22;53.3;470;253
2026-06-08T11:28:51.0000000Z;53.22;53.3;470;253
2026-06-08T11:28:52.0000000Z;53.23;53.3;720;253
2026-06-08T11:28:55.0000000Z;53.23;53.3;720;253
2026-06-08T11:28:56.0000000Z;53.26;53.31;112;253
2026-06-08T11:28:57.0000000Z;53.26;53.31;112;253
2026-06-08T11:28:58.0000000Z;53.25;53.31;143;253
2026-06-08T11:28:59.0000000Z;53.24;53.32;470;469
2026-06-08T11:29:00.0000000Z;53.25;53.32;143;469
2026-06-08T11:29:04.0000000Z;53.25;53.32;522;469
2026-06-08T11:29:05.0000000Z;53.25;53.32;143;469
2026-06-08T11:29:06.0000000Z;53.25;53.32;522;469
2026-06-08T11:29:09.0000000Z;53.25;53.32;522;253
2026-06-08T11:29:15.0000000Z;53.25;53.32;522;253
2026-06-08T11:29:19.0000000Z;53.25;53.33;522;469
2026-06-08T11:29:25.0000000Z;53.25;53.31;143;253
2026-06-08T11:29:27.0000000Z;53.25;53.31;522;253
2026-06-08T11:29:28.0000000Z;53.25;53.31;522;253
2026-06-08T11:29:29.0000000Z;53.25;53.32;522;253
2026-06-08T11:29:31.0000000Z;53.25;53.32;522;253
2026-06-08T11:29:32.0000000Z;53.25;53.32;522;253
2026-06-08T11:29:33.0000000Z;53.25;53.32;522;253
2026-06-08T11:29:34.0000000Z;53.25;53.33;775;253
2026-06-08T11:29:37.0000000Z;53.26;53.34;632;253
2026-06-08T11:29:38.0000000Z;53.26;53.34;632;253
2026-06-08T11:29:41.0000000Z;53.26;53.33;379;253
2026-06-08T11:29:42.0000000Z;53.26;53.34;632;253
2026-06-08T11:29:44.0000000Z;53.28;53.34;379;253
2026-06-08T11:29:45.0000000Z;53.27;53.34;379;253
2026-06-08T11:29:46.0000000Z;53.26;53.35;470;469
2026-06-08T11:29:47.0000000Z;53.27;53.35;632;469
2026-06-08T11:29:52.0000000Z;53.27;53.35;632;469
2026-06-08T11:29:53.0000000Z;53.27;53.35;632;469
2026-06-08T11:29:57.0000000Z;53.27;53.35;632;469
2026-06-08T11:29:59.0000000Z;53.27;53.35;632;469
2026-06-08T11:30:00.0000000Z;53.28;53.35;632;253
2026-06-08T11:30:01.0000000Z;53.28;53.35;632;253
2026-06-08T11:30:08.0000000Z;53.27;53.36;470;469
2026-06-08T11:30:10.0000000Z;53.27;53.36;470;469
2026-06-08T11:30:12.0000000Z;53.27;53.36;470;469
2026-06-08T11:30:15.0000000Z;53.27;53.36;470;469
2026-06-08T11:30:16.0000000Z;53.28;53.34;379;253
2026-06-08T11:30:19.0000000Z;53.27;53.34;632;253
2026-06-08T11:30:20.0000000Z;53.27;53.34;379;253
2026-06-08T11:30:21.0000000Z;53.27;53.34;379;253
2026-06-08T11:30:22.0000000Z;53.27;53.34;632;253
2026-06-08T11:30:26.0000000Z;53.27;53.34;632;253
2026-06-08T11:30:27.0000000Z;53.29;53.36;632;253
2026-06-08T11:30:28.0000000Z;53.28;53.37;470;469
2026-06-08T11:30:30.0000000Z;53.28;53.37;470;469
2026-06-08T11:30:31.0000000Z;53.28;53.37;470;469
2026-06-08T11:30:34.0000000Z;53.29;53.37;379;469
2026-06-08T11:30:36.0000000Z;53.29;53.37;632;253
2026-06-08T11:30:40.0000000Z;53.29;53.37;632;253
2026-06-08T11:30:41.0000000Z;53.29;53.37;632;253
2026-06-08T11:30:43.0000000Z;53.29;53.37;632;253
2026-06-08T11:30:46.0000000Z;53.29;53.38;632;469
2026-06-08T11:30:47.0000000Z;53.29;53.38;632;469
2026-06-08T11:30:48.0000000Z;53.29;53.38;632;469
2026-06-08T11:30:51.0000000Z;53.29;53.36;379;253
2026-06-08T11:30:52.0000000Z;53.29;53.36;632;253
2026-06-08T11:30:53.0000000Z;53.29;53.36;632;253
2026-06-08T11:30:54.0000000Z;53.3;53.37;632;253
2026-06-08T11:30:56.0000000Z;53.3;53.36;379;253
2026-06-08T11:31:01.0000000Z;53.3;53.36;379;253
2026-06-08T11:31:02.0000000Z;53.29;53.37;470;469
2026-06-08T11:31:11.0000000Z;53.3;53.37;632;176
2026-06-08T11:31:12.0000000Z;53.32;53.37;379;176
2026-06-08T11:31:14.0000000Z;53.31;53.37;632;176
2026-06-08T11:31:15.0000000Z;53.32;53.38;632;187
2026-06-08T11:31:16.0000000Z;53.32;53.38;632;187
2026-06-08T11:31:17.0000000Z;53.32;53.38;632;187
2026-06-08T11:31:18.0000000Z;53.32;53.38;379;440
2026-06-08T11:31:19.0000000Z;53.32;53.38;379;440
2026-06-08T11:31:20.0000000Z;53.31;53.39;469;469
2026-06-08T11:31:21.0000000Z;53.32;53.38;379;440
2026-06-08T11:31:26.0000000Z;53.32;53.38;379;440
2026-06-08T11:31:28.0000000Z;53.33;53.38;379;187
2026-06-08T11:31:29.0000000Z;53.33;53.38;379;187
2026-06-08T11:31:30.0000000Z;53.33;53.39;379;253
2026-06-08T11:31:31.0000000Z;53.33;53.38;379;253
2026-06-08T11:31:32.0000000Z;53.33;53.39;379;253
2026-06-08T11:31:33.0000000Z;53.33;53.4;632;253
2026-06-08T11:31:35.0000000Z;53.33;53.4;632;253
2026-06-08T11:31:36.0000000Z;53.33;53.41;632;253
2026-06-08T11:31:37.0000000Z;53.32;53.42;469;468
2026-06-08T11:31:39.0000000Z;53.32;53.42;469;468
2026-06-08T11:31:40.0000000Z;53.32;53.42;469;468
2026-06-08T11:31:44.0000000Z;53.32;53.42;469;468
2026-06-08T11:31:45.0000000Z;53.32;53.42;469;468
2026-06-08T11:31:46.0000000Z;53.32;53.42;469;468
2026-06-08T11:31:47.0000000Z;53.32;53.42;469;468
2026-06-08T11:31:48.0000000Z;53.34;53.42;673;468
2026-06-08T11:31:49.0000000Z;53.34;53.42;673;468
2026-06-08T11:31:52.0000000Z;53.34;53.42;729;468
2026-06-08T11:31:56.0000000Z;53.33;53.41;469;469
2026-06-08T11:31:59.0000000Z;53.33;53.41;469;253
2026-06-08T11:31:59.0000000Z;53.33;53.41;469;253
2026-06-08T11:32:00.0000000Z;53.33;53.4;469;253
2026-06-08T11:32:03.0000000Z;53.33;53.39;524;253
2026-06-08T11:32:05.0000000Z;53.33;53.4;833;253
2026-06-08T11:32:06.0000000Z;53.33;53.4;580;253
2026-06-08T11:32:07.0000000Z;53.33;53.4;580;253
2026-06-08T11:32:08.0000000Z;53.32;53.4;469;253
2026-06-08T11:32:10.0000000Z;53.33;53.39;145;253
2026-06-08T11:32:11.0000000Z;53.33;53.39;145;253
2026-06-08T11:32:12.0000000Z;53.33;53.39;524;253
2026-06-08T11:32:14.0000000Z;53.33;53.4;777;253
2026-06-08T11:32:17.0000000Z;53.34;53.4;653;253
2026-06-08T11:32:18.0000000Z;53.34;53.4;653;253
2026-06-08T11:32:20.0000000Z;53.33;53.39;882;253
2026-06-08T11:32:22.0000000Z;53.33;53.4;882;469
2026-06-08T11:32:25.0000000Z;53.33;53.4;882;469
2026-06-08T11:32:26.0000000Z;53.33;53.4;882;469
2026-06-08T11:32:27.0000000Z;53.33;53.4;882;469
2026-06-08T11:32:30.0000000Z;53.33;53.4;882;469
2026-06-08T11:32:31.0000000Z;53.33;53.4;882;469
2026-06-08T11:32:32.0000000Z;53.33;53.4;882;469
2026-06-08T11:32:33.0000000Z;53.33;53.4;882;469
2026-06-08T11:32:34.0000000Z;53.33;53.4;1135;253
2026-06-08T11:32:39.0000000Z;53.33;53.4;1079;253
2026-06-08T11:32:41.0000000Z;53.33;53.39;826;253
2026-06-08T11:32:53.0000000Z;53.32;53.39;432;253
2026-06-08T11:32:54.0000000Z;53.32;53.39;432;253
2026-06-08T11:32:55.0000000Z;53.32;53.4;685;253
2026-06-08T11:32:56.0000000Z;53.32;53.4;685;253
2026-06-08T11:32:58.0000000Z;53.34;53.41;496;253
2026-06-08T11:33:00.0000000Z;53.33;53.4;524;253
2026-06-08T11:33:01.0000000Z;53.33;53.41;524;469
2026-06-08T11:33:04.0000000Z;53.33;53.41;777;469
2026-06-08T11:33:06.0000000Z;53.33;53.41;777;469
2026-06-08T11:33:07.0000000Z;53.33;53.41;524;469
2026-06-08T11:33:11.0000000Z;53.33;53.41;777;469
2026-06-08T11:33:12.0000000Z;53.33;53.41;777;469
2026-06-08T11:33:15.0000000Z;53.33;53.41;777;469
2026-06-08T11:33:16.0000000Z;53.33;53.41;777;469
2026-06-08T11:33:19.0000000Z;53.33;53.41;777;469
2026-06-08T11:33:21.0000000Z;53.33;53.41;524;469
2026-06-08T11:33:22.0000000Z;53.33;53.39;524;253
2026-06-08T11:33:23.0000000Z;53.33;53.39;524;253
2026-06-08T11:33:27.0000000Z;53.33;53.39;524;253
2026-06-08T11:33:30.0000000Z;53.33;53.39;524;253
2026-06-08T11:33:31.0000000Z;53.33;53.4;524;469
2026-06-08T11:33:32.0000000Z;53.33;53.4;524;469
2026-06-08T11:33:36.0000000Z;53.33;53.4;145;469
2026-06-08T11:33:37.0000000Z;53.33;53.4;524;469
2026-06-08T11:33:51.0000000Z;53.33;53.4;145;469
2026-06-08T11:33:52.0000000Z;53.33;53.4;145;469
2026-06-08T11:33:58.0000000Z;53.33;53.38;145;253
2026-06-08T11:33:59.0000000Z;53.33;53.38;145;253
2026-06-08T11:34:02.0000000Z;53.33;53.38;145;253
2026-06-08T11:34:03.0000000Z;53.33;53.38;145;253
2026-06-08T11:34:04.0000000Z;53.33;53.38;145;253
2026-06-08T11:34:06.0000000Z;53.33;53.38;145;253
2026-06-08T11:34:07.0000000Z;53.33;53.39;145;469
2026-06-08T11:34:09.0000000Z;53.33;53.39;145;469
2026-06-08T11:34:13.0000000Z;53.33;53.39;145;469
2026-06-08T11:34:14.0000000Z;53.33;53.39;145;469
2026-06-08T11:34:15.0000000Z;53.32;53.37;186;253
2026-06-08T11:34:20.0000000Z;53.31;53.37;467;253
2026-06-08T11:34:23.0000000Z;53.3;53.38;470;469
2026-06-08T11:34:25.0000000Z;53.3;53.38;470;469
2026-06-08T11:34:26.0000000Z;53.3;53.38;470;469
2026-06-08T11:34:27.0000000Z;53.3;53.36;470;253
2026-06-08T11:34:34.0000000Z;53.3;53.37;470;469
2026-06-08T11:34:43.0000000Z;53.3;53.37;470;253
2026-06-08T11:34:45.0000000Z;53.3;53.37;470;253
2026-06-08T11:34:50.0000000Z;53.3;53.38;470;469
2026-06-08T11:34:56.0000000Z;53.3;53.38;470;469
2026-06-08T11:35:02.0000000Z;53.3;53.38;470;469
2026-06-08T11:35:05.0000000Z;53.3;53.38;470;469
2026-06-08T11:35:06.0000000Z;53.3;53.38;470;469
2026-06-08T11:35:07.0000000Z;53.3;53.38;470;469
2026-06-08T11:35:09.0000000Z;53.3;53.38;470;469
2026-06-08T11:35:16.0000000Z;53.3;53.38;470;469
2026-06-08T11:35:17.0000000Z;53.3;53.38;470;469
2026-06-08T11:35:19.0000000Z;53.3;53.38;470;469
2026-06-08T11:35:20.0000000Z;53.31;53.38;720;253
2026-06-08T11:35:26.0000000Z;53.31;53.37;467;253
2026-06-08T11:35:40.0000000Z;53.31;53.37;467;253
2026-06-08T11:35:42.0000000Z;53.31;53.38;720;253
2026-06-08T11:35:43.0000000Z;53.31;53.38;720;253
2026-06-08T11:35:44.0000000Z;53.31;53.39;720;253
2026-06-08T11:35:51.0000000Z;53.31;53.4;720;469
2026-06-08T11:35:55.0000000Z;53.31;53.4;720;469
2026-06-08T11:35:57.0000000Z;53.34;53.4;130;469
2026-06-08T11:36:02.0000000Z;53.33;53.4;537;469
2026-06-08T11:36:07.0000000Z;53.32;53.4;469;469
2026-06-08T11:36:09.0000000Z;53.33;53.4;593;469
2026-06-08T11:36:10.0000000Z;53.33;53.4;593;469
2026-06-08T11:36:12.0000000Z;53.33;53.4;537;469
2026-06-08T11:36:13.0000000Z;53.33;53.4;158;469
2026-06-08T11:36:14.0000000Z;53.33;53.4;158;469
2026-06-08T11:36:16.0000000Z;53.33;53.4;158;469
2026-06-08T11:36:18.0000000Z;53.33;53.4;158;469
2026-06-08T11:36:19.0000000Z;53.33;53.4;158;469
2026-06-08T11:36:20.0000000Z;53.33;53.4;158;469
2026-06-08T11:36:23.0000000Z;53.33;53.4;158;469
2026-06-08T11:36:24.0000000Z;53.33;53.4;158;469
2026-06-08T11:36:25.0000000Z;53.33;53.4;158;469
2026-06-08T11:36:26.0000000Z;53.33;53.4;158;469
2026-06-08T11:36:27.0000000Z;53.33;53.38;158;253
2026-06-08T11:36:30.0000000Z;53.33;53.36;158;253
2026-06-08T11:36:33.0000000Z;53.32;53.36;186;253
2026-06-08T11:36:36.0000000Z;53.31;53.37;469;469
2026-06-08T11:36:38.0000000Z;53.31;53.37;467;469
2026-06-08T11:36:40.0000000Z;53.31;53.37;467;469
2026-06-08T11:36:49.0000000Z;53.3;53.37;470;253
2026-06-08T11:36:56.0000000Z;53.3;53.37;470;253
2026-06-08T11:36:57.0000000Z;53.3;53.36;470;253
2026-06-08T11:36:58.0000000Z;53.3;53.38;470;469
2026-06-08T11:37:01.0000000Z;53.3;53.37;470;253
2026-06-08T11:37:06.0000000Z;53.3;53.37;470;253
2026-06-08T11:37:08.0000000Z;53.3;53.37;470;253
2026-06-08T11:37:11.0000000Z;53.3;53.38;470;253
2026-06-08T11:37:12.0000000Z;53.3;53.38;470;253
2026-06-08T11:37:16.0000000Z;53.31;53.38;720;253
2026-06-08T11:37:19.0000000Z;53.31;53.39;720;469
2026-06-08T11:37:20.0000000Z;53.31;53.39;720;469
2026-06-08T11:37:22.0000000Z;53.31;53.39;720;469
2026-06-08T11:37:23.0000000Z;53.34;53.39;117;253
2026-06-08T11:37:24.0000000Z;53.34;53.39;117;253
2026-06-08T11:37:28.0000000Z;53.33;53.39;259;253
2026-06-08T11:37:31.0000000Z;53.33;53.4;259;253
2026-06-08T11:37:41.0000000Z;53.33;53.41;259;469
2026-06-08T11:37:43.0000000Z;53.33;53.39;259;253
2026-06-08T11:37:44.0000000Z;53.33;53.39;259;253
2026-06-08T11:37:45.0000000Z;53.33;53.39;259;253
2026-06-08T11:37:46.0000000Z;53.33;53.39;259;253
2026-06-08T11:37:49.0000000Z;53.33;53.38;259;253
2026-06-08T11:37:51.0000000Z;53.33;53.39;259;469
2026-06-08T11:37:52.0000000Z;53.33;53.39;259;469
2026-06-08T11:37:53.0000000Z;53.33;53.39;259;469
2026-06-08T11:37:54.0000000Z;53.33;53.39;259;469
2026-06-08T11:38:01.0000000Z;53.33;53.39;259;253
2026-06-08T11:38:02.0000000Z;53.33;53.39;259;253
2026-06-08T11:38:03.0000000Z;53.33;53.39;259;253
2026-06-08T11:38:07.0000000Z;53.33;53.4;259;469
2026-06-08T11:38:08.0000000Z;53.33;53.4;259;469
2026-06-08T11:38:13.0000000Z;53.33;53.4;259;469
2026-06-08T11:38:14.0000000Z;53.33;53.4;259;469
2026-06-08T11:38:15.0000000Z;53.33;53.4;259;469
2026-06-08T11:38:16.0000000Z;53.33;53.4;259;469
2026-06-08T11:38:22.0000000Z;53.33;53.4;259;253
2026-06-08T11:38:25.0000000Z;53.34;53.4;756;253
2026-06-08T11:38:28.0000000Z;53.33;53.41;469;469
2026-06-08T11:38:29.0000000Z;53.33;53.41;469;469
2026-06-08T11:38:31.0000000Z;53.33;53.41;524;469
2026-06-08T11:38:34.0000000Z;53.33;53.41;777;469
2026-06-08T11:38:36.0000000Z;53.32;53.41;469;469
2026-06-08T11:38:38.0000000Z;53.35;53.41;379;253
2026-06-08T11:38:46.0000000Z;53.34;53.42;469;468
2026-06-08T11:38:47.0000000Z;53.34;53.42;469;468
2026-06-08T11:38:50.0000000Z;53.34;53.4;597;253
2026-06-08T11:38:51.0000000Z;53.35;53.41;815;253
2026-06-08T11:38:56.0000000Z;53.35;53.41;815;253
2026-06-08T11:38:59.0000000Z;53.35;53.41;815;253
2026-06-08T11:38:59.0000000Z;53.36;53.41;802;253
2026-06-08T11:39:01.0000000Z;53.36;53.41;802;253
2026-06-08T11:39:04.0000000Z;53.35;53.41;469;253
2026-06-08T11:39:16.0000000Z;53.36;53.4;138;253
2026-06-08T11:39:17.0000000Z;53.36;53.41;138;253
2026-06-08T11:39:19.0000000Z;53.36;53.4;138;253
2026-06-08T11:39:20.0000000Z;53.35;53.4;412;253
2026-06-08T11:39:21.0000000Z;53.35;53.41;412;469
2026-06-08T11:39:28.0000000Z;53.35;53.41;412;469
2026-06-08T11:39:29.0000000Z;53.34;53.41;469;253
2026-06-08T11:39:37.0000000Z;53.34;53.42;469;468
2026-06-08T11:39:39.0000000Z;53.34;53.42;469;468
2026-06-08T11:39:40.0000000Z;53.34;53.42;469;468
2026-06-08T11:39:45.0000000Z;53.34;53.4;469;253
2026-06-08T11:39:49.0000000Z;53.35;53.4;412;253
2026-06-08T11:39:54.0000000Z;53.35;53.41;412;469
2026-06-08T11:40:00.0000000Z;53.35;53.41;412;469
2026-06-08T11:40:01.0000000Z;53.35;53.41;412;469
2026-06-08T11:40:02.0000000Z;53.35;53.41;412;469
2026-06-08T11:40:04.0000000Z;53.35;53.41;412;469
2026-06-08T11:40:07.0000000Z;53.35;53.41;412;469
2026-06-08T11:40:08.0000000Z;53.35;53.41;412;469
2026-06-08T11:40:22.0000000Z;53.35;53.41;412;469
2026-06-08T11:40:24.0000000Z;53.35;53.41;412;469
2026-06-08T11:40:25.0000000Z;53.35;53.41;412;469
2026-06-08T11:40:26.0000000Z;53.35;53.41;412;469
2026-06-08T11:40:28.0000000Z;53.35;53.41;412;469
2026-06-08T11:40:31.0000000Z;53.35;53.41;412;469
2026-06-08T11:40:38.0000000Z;53.35;53.41;412;469
2026-06-08T11:40:39.0000000Z;53.35;53.41;412;469
2026-06-08T11:40:41.0000000Z;53.35;53.41;412;253
2026-06-08T11:40:42.0000000Z;53.35;53.41;412;253
2026-06-08T11:40:43.0000000Z;53.35;53.4;412;253
2026-06-08T11:40:44.0000000Z;53.35;53.4;412;253
2026-06-08T11:40:46.0000000Z;53.35;53.4;412;253
2026-06-08T11:40:52.0000000Z;53.35;53.4;412;253
2026-06-08T11:40:56.0000000Z;53.35;53.4;412;253
2026-06-08T11:41:00.0000000Z;53.35;53.41;412;253
2026-06-08T11:41:01.0000000Z;53.35;53.41;412;253
2026-06-08T11:41:03.0000000Z;53.35;53.41;412;253
2026-06-08T11:41:04.0000000Z;53.35;53.4;412;253
2026-06-08T11:41:13.0000000Z;53.35;53.4;412;253
2026-06-08T11:41:15.0000000Z;53.35;53.4;165;253
2026-06-08T11:41:16.0000000Z;53.35;53.39;165;253
2026-06-08T11:41:18.0000000Z;53.35;53.4;412;253
2026-06-08T11:41:19.0000000Z;53.35;53.39;165;253
2026-06-08T11:41:22.0000000Z;53.33;53.38;467;253
2026-06-08T11:41:25.0000000Z;53.33;53.39;467;253
2026-06-08T11:41:26.0000000Z;53.32;53.4;469;469
2026-06-08T11:41:27.0000000Z;53.32;53.4;469;469
2026-06-08T11:41:34.0000000Z;53.32;53.4;469;253
2026-06-08T11:41:43.0000000Z;53.32;53.41;469;469
2026-06-08T11:41:49.0000000Z;53.32;53.39;469;253
2026-06-08T11:41:50.0000000Z;53.32;53.39;469;253
2026-06-08T11:41:55.0000000Z;53.32;53.4;469;469
2026-06-08T11:41:57.0000000Z;53.33;53.4;523;253
2026-06-08T11:42:02.0000000Z;53.33;53.39;523;253
2026-06-08T11:42:17.0000000Z;53.33;53.4;467;253
2026-06-08T11:42:18.0000000Z;53.33;53.39;467;253
2026-06-08T11:42:22.0000000Z;53.33;53.38;467;253
2026-06-08T11:42:24.0000000Z;53.33;53.38;467;253
2026-06-08T11:42:25.0000000Z;53.33;53.38;467;253
2026-06-08T11:42:28.0000000Z;53.33;53.38;467;253
2026-06-08T11:42:30.0000000Z;53.33;53.38;187;253
2026-06-08T11:42:31.0000000Z;53.33;53.37;187;253
2026-06-08T11:42:32.0000000Z;53.33;53.38;187;253
2026-06-08T11:42:33.0000000Z;53.33;53.38;467;253
2026-06-08T11:42:34.0000000Z;53.33;53.39;467;469
2026-06-08T11:42:36.0000000Z;53.33;53.39;187;469
2026-06-08T11:42:37.0000000Z;53.33;53.37;187;253
2026-06-08T11:42:42.0000000Z;53.33;53.38;467;253
2026-06-08T11:42:43.0000000Z;53.33;53.38;467;253
2026-06-08T11:42:50.0000000Z;53.33;53.38;5500;5500
2026-06-08T11:42:54.0000000Z;53.33;53.38;5500;5500
2026-06-08T11:42:55.0000000Z;53.33;53.38;5500;5500
2026-06-08T11:42:56.0000000Z;53.33;53.38;5500;5500
2026-06-08T11:42:57.0000000Z;53.33;53.38;5500;5500
2026-06-08T11:42:58.0000000Z;53.33;53.38;5500;5500
2026-06-08T11:42:59.0000000Z;53.33;53.38;5500;5500
2026-06-08T11:43:02.0000000Z;53.33;53.38;5500;5500
2026-06-08T11:43:03.0000000Z;53.33;53.38;5500;5500
2026-06-08T11:43:05.0000000Z;53.33;53.38;5500;5500
2026-06-08T11:43:06.0000000Z;53.33;53.38;5500;5500
2026-06-08T11:43:11.0000000Z;53.33;53.38;5500;5500
2026-06-08T11:43:17.0000000Z;53.33;53.37;187;253
2026-06-08T11:43:23.0000000Z;53.33;53.37;187;253
2026-06-08T11:43:26.0000000Z;53.33;53.36;187;253
2026-06-08T11:43:27.0000000Z;53.33;53.36;187;5500
2026-06-08T11:43:28.0000000Z;53.32;53.36;187;5500
2026-06-08T11:43:30.0000000Z;53.32;53.35;5969;253
2026-06-08T11:43:32.0000000Z;53.32;53.35;5969;5500
2026-06-08T11:43:33.0000000Z;53.31;53.35;467;5500
2026-06-08T11:43:34.0000000Z;53.31;53.35;5500;5500
2026-06-08T11:43:35.0000000Z;53.31;53.35;187;5500
2026-06-08T11:43:38.0000000Z;53.31;53.35;187;5500
2026-06-08T11:43:41.0000000Z;53.31;53.35;187;5500
2026-06-08T11:43:43.0000000Z;53.31;53.35;187;5500
2026-06-08T11:43:46.0000000Z;53.3;53.35;467;5500
2026-06-08T11:43:49.0000000Z;53.29;53.34;467;253
2026-06-08T11:43:50.0000000Z;53.29;53.34;467;5500
2026-06-08T11:43:53.0000000Z;53.3;53.34;470;5500
2026-06-08T11:43:54.0000000Z;53.29;53.34;5500;5500
2026-06-08T11:43:55.0000000Z;53.29;53.34;5500;5500
2026-06-08T11:43:56.0000000Z;53.29;53.34;187;5500
2026-06-08T11:43:57.0000000Z;53.29;53.34;187;5500
2026-06-08T11:43:58.0000000Z;53.28;53.34;187;5500
2026-06-08T11:44:00.0000000Z;53.27;53.33;467;253
2026-06-08T11:44:01.0000000Z;53.28;53.33;5970;253
2026-06-08T11:44:02.0000000Z;53.28;53.33;5970;253
2026-06-08T11:44:03.0000000Z;53.28;53.33;470;253
2026-06-08T11:44:06.0000000Z;53.27;53.33;5500;253
2026-06-08T11:44:08.0000000Z;53.27;53.33;187;253
2026-06-08T11:44:11.0000000Z;53.26;53.33;467;253
2026-06-08T11:44:16.0000000Z;53.26;53.33;5970;253
2026-06-08T11:44:18.0000000Z;53.26;53.33;5970;253
2026-06-08T11:44:21.0000000Z;53.26;53.33;5500;253
2026-06-08T11:44:25.0000000Z;53.26;53.33;5500;253
2026-06-08T11:44:28.0000000Z;53.26;53.33;5500;253
2026-06-08T11:44:29.0000000Z;53.26;53.33;5500;253
2026-06-08T11:44:30.0000000Z;53.26;53.33;5500;253
2026-06-08T11:44:33.0000000Z;53.26;53.33;5500;253
2026-06-08T11:44:34.0000000Z;53.26;53.32;5500;5500
2026-06-08T11:44:35.0000000Z;53.26;53.32;5500;5500
2026-06-08T11:44:36.0000000Z;53.26;53.32;5500;5500
2026-06-08T11:44:37.0000000Z;53.26;53.32;5500;5500
2026-06-08T11:44:39.0000000Z;53.25;53.31;467;253
2026-06-08T11:44:40.0000000Z;53.25;53.31;467;5500
2026-06-08T11:44:41.0000000Z;53.25;53.31;5500;5500
2026-06-08T11:44:43.0000000Z;53.25;53.32;720;253
2026-06-08T11:44:47.0000000Z;53.25;53.32;720;5969
2026-06-08T11:44:48.0000000Z;53.25;53.33;720;253
2026-06-08T11:44:49.0000000Z;53.25;53.33;720;253
2026-06-08T11:44:51.0000000Z;53.25;53.32;720;5500
2026-06-08T11:44:52.0000000Z;53.25;53.32;720;5500
2026-06-08T11:44:56.0000000Z;53.25;53.33;720;5500
2026-06-08T11:44:57.0000000Z;53.28;53.33;187;5500
2026-06-08T11:44:58.0000000Z;53.28;53.33;5500;5500
2026-06-08T11:45:00.0000000Z;53.28;53.33;5500;5500
2026-06-08T11:45:02.0000000Z;53.26;53.33;467;5500
2026-06-08T11:45:04.0000000Z;53.26;53.33;5500;5500
2026-06-08T11:45:05.0000000Z;53.26;53.33;5500;5500
2026-06-08T11:45:10.0000000Z;53.26;53.33;5500;5500
2026-06-08T11:45:11.0000000Z;53.26;53.33;5500;5500
2026-06-08T11:45:37.0000000Z;53.29;53.34;467;253
2026-06-08T11:45:38.0000000Z;53.28;53.34;467;253
2026-06-08T11:45:39.0000000Z;53.28;53.33;5500;253
2026-06-08T11:45:44.0000000Z;53.28;53.33;5500;253
2026-06-08T11:45:45.0000000Z;53.28;53.33;5500;253
2026-06-08T11:45:46.0000000Z;53.28;53.33;187;253
2026-06-08T11:45:48.0000000Z;53.28;53.33;467;253
2026-06-08T11:45:49.0000000Z;53.28;53.33;187;253
2026-06-08T11:45:50.0000000Z;53.28;53.33;187;253
2026-06-08T11:45:51.0000000Z;53.27;53.32;467;5500
2026-06-08T11:45:52.0000000Z;53.27;53.32;5970;5500
2026-06-08T11:45:55.0000000Z;53.27;53.32;5970;5500
2026-06-08T11:45:58.0000000Z;53.27;53.32;5500;5500
2026-06-08T11:46:03.0000000Z;53.27;53.33;5500;253
2026-06-08T11:46:06.0000000Z;53.27;53.32;5500;253
2026-06-08T11:46:21.0000000Z;53.27;53.32;5500;253
2026-06-08T11:46:22.0000000Z;53.27;53.32;5500;253
2026-06-08T11:46:23.0000000Z;53.27;53.32;5500;253
2026-06-08T11:46:28.0000000Z;53.27;53.32;187;253
2026-06-08T11:46:29.0000000Z;53.26;53.31;467;253
2026-06-08T11:46:31.0000000Z;53.26;53.31;5970;253
2026-06-08T11:46:36.0000000Z;53.26;53.31;5500;253
2026-06-08T11:46:38.0000000Z;53.26;53.31;467;253
2026-06-08T11:46:39.0000000Z;53.26;53.31;187;253
2026-06-08T11:46:40.0000000Z;53.26;53.31;467;253
2026-06-08T11:46:52.0000000Z;53.26;53.31;187;253
2026-06-08T11:46:53.0000000Z;53.26;53.31;187;253
2026-06-08T11:46:54.0000000Z;53.26;53.31;187;253
2026-06-08T11:46:59.0000000Z;53.24;53.31;467;253
2026-06-08T11:47:00.0000000Z;53.24;53.3;467;253
2026-06-08T11:47:01.0000000Z;53.25;53.3;470;5500
2026-06-08T11:47:05.0000000Z;53.25;53.3;470;5500
2026-06-08T11:47:06.0000000Z;53.25;53.3;470;5500
2026-06-08T11:47:09.0000000Z;53.24;53.3;5500;5500
2026-06-08T11:47:14.0000000Z;53.24;53.29;5500;253
2026-06-08T11:47:15.0000000Z;53.24;53.29;5500;5500
2026-06-08T11:47:19.0000000Z;53.23;53.29;467;253
2026-06-08T11:47:20.0000000Z;53.23;53.29;467;253
2026-06-08T11:47:21.0000000Z;53.23;53.28;5970;5500
2026-06-08T11:47:24.0000000Z;53.23;53.28;5500;5500
2026-06-08T11:47:25.0000000Z;53.23;53.28;187;5500
2026-06-08T11:47:26.0000000Z;53.23;53.28;467;5500
2026-06-08T11:47:27.0000000Z;53.23;53.28;467;5500
2026-06-08T11:47:28.0000000Z;53.23;53.28;187;5500
2026-06-08T11:47:29.0000000Z;53.23;53.28;187;5500
2026-06-08T11:47:30.0000000Z;53.23;53.28;467;5500
2026-06-08T11:47:43.0000000Z;53.23;53.28;187;5500
2026-06-08T11:47:45.0000000Z;53.23;53.28;187;5500
2026-06-08T11:47:52.0000000Z;53.23;53.28;187;5500
2026-06-08T11:47:59.0000000Z;53.23;53.28;187;5500
2026-06-08T11:48:02.0000000Z;53.23;53.28;467;5500
2026-06-08T11:48:03.0000000Z;53.23;53.28;467;5500
2026-06-08T11:48:08.0000000Z;53.23;53.28;187;5500
2026-06-08T11:48:09.0000000Z;53.23;53.28;467;5500
2026-06-08T11:48:13.0000000Z;53.23;53.28;467;5500
2026-06-08T11:48:15.0000000Z;53.23;53.28;187;5500
2026-06-08T11:48:16.0000000Z;53.23;53.28;187;5500
2026-06-08T11:48:19.0000000Z;53.23;53.28;187;5500
2026-06-08T11:48:23.0000000Z;53.23;53.28;187;5500
2026-06-08T11:48:24.0000000Z;53.23;53.28;187;5500
2026-06-08T11:48:25.0000000Z;53.23;53.28;187;5500
2026-06-08T11:48:28.0000000Z;53.23;53.28;187;5500
2026-06-08T11:48:30.0000000Z;53.23;53.28;187;5500
2026-06-08T11:48:31.0000000Z;53.23;53.28;187;5500
2026-06-08T11:48:32.0000000Z;53.23;53.28;467;5500
2026-06-08T11:48:35.0000000Z;53.23;53.28;467;5500
2026-06-08T11:48:37.0000000Z;53.23;53.28;467;5500
2026-06-08T11:48:38.0000000Z;53.23;53.28;187;5500
2026-06-08T11:48:39.0000000Z;53.23;53.28;467;5500
2026-06-08T11:48:46.0000000Z;53.23;53.28;187;5500
2026-06-08T11:48:47.0000000Z;53.23;53.27;187;253
2026-06-08T11:48:48.0000000Z;53.23;53.27;187;5500
2026-06-08T11:48:50.0000000Z;53.23;53.28;187;253
2026-06-08T11:48:53.0000000Z;53.23;53.28;187;5500
2026-06-08T11:49:01.0000000Z;53.23;53.28;187;5500
2026-06-08T11:49:06.0000000Z;53.23;53.28;187;5500
2026-06-08T11:49:09.0000000Z;53.22;53.28;467;5500
2026-06-08T11:49:10.0000000Z;53.22;53.28;467;5500
2026-06-08T11:49:11.0000000Z;53.22;53.28;5970;5500
2026-06-08T11:49:14.0000000Z;53.22;53.28;5970;5500
2026-06-08T11:49:17.0000000Z;53.22;53.28;5500;5500
2026-06-08T11:49:20.0000000Z;53.22;53.28;5500;5500
2026-06-08T11:49:27.0000000Z;53.22;53.29;776;253
2026-06-08T11:49:29.0000000Z;53.22;53.29;776;5970
2026-06-08T11:49:31.0000000Z;53.22;53.29;720;5970
2026-06-08T11:49:34.0000000Z;53.22;53.29;720;5500
2026-06-08T11:49:35.0000000Z;53.24;53.29;5500;5500
2026-06-08T11:49:37.0000000Z;53.23;53.3;5500;253
2026-06-08T11:49:38.0000000Z;53.23;53.29;5500;253
2026-06-08T11:49:40.0000000Z;53.23;53.29;5500;253
2026-06-08T11:49:44.0000000Z;53.23;53.29;5500;253
2026-06-08T11:49:45.0000000Z;53.23;53.29;523;253
2026-06-08T11:49:48.0000000Z;53.23;53.28;467;5500
2026-06-08T11:49:52.0000000Z;53.23;53.28;187;5500
2026-06-08T11:49:53.0000000Z;53.22;53.28;467;5500
2026-06-08T11:49:54.0000000Z;53.22;53.28;467;5500
2026-06-08T11:49:55.0000000Z;53.22;53.28;467;5500
2026-06-08T11:49:56.0000000Z;53.22;53.29;720;253
2026-06-08T11:50:00.0000000Z;53.25;53.3;5500;253
2026-06-08T11:50:01.0000000Z;53.25;53.29;5500;5500
2026-06-08T11:50:02.0000000Z;53.27;53.31;144;253
2026-06-08T11:50:03.0000000Z;53.25;53.31;467;253
2026-06-08T11:50:06.0000000Z;53.25;53.31;523;253
2026-06-08T11:50:17.0000000Z;53.25;53.31;523;253
2026-06-08T11:50:18.0000000Z;53.25;53.31;467;253
2026-06-08T11:50:24.0000000Z;53.25;53.31;467;253
2026-06-08T11:50:44.0000000Z;53.25;53.31;467;253
2026-06-08T11:50:47.0000000Z;53.25;53.31;467;253
2026-06-08T11:50:50.0000000Z;53.25;53.3;187;253
2026-06-08T11:50:52.0000000Z;53.25;53.3;187;253
2026-06-08T11:50:53.0000000Z;53.25;53.3;467;253
2026-06-08T11:50:55.0000000Z;53.25;53.31;467;253
2026-06-08T11:50:56.0000000Z;53.25;53.31;467;5500
2026-06-08T11:50:58.0000000Z;53.25;53.3;467;253
2026-06-08T11:51:03.0000000Z;53.25;53.3;467;253
2026-06-08T11:51:06.0000000Z;53.25;53.3;467;253
2026-06-08T11:51:07.0000000Z;53.25;53.3;467;253
2026-06-08T11:51:08.0000000Z;53.25;53.3;467;253
2026-06-08T11:51:12.0000000Z;53.25;53.3;467;253
2026-06-08T11:51:14.0000000Z;53.25;53.3;467;253
2026-06-08T11:51:15.0000000Z;53.25;53.31;467;253
2026-06-08T11:51:16.0000000Z;53.25;53.31;467;5969
2026-06-08T11:51:17.0000000Z;53.25;53.31;467;5969
2026-06-08T11:51:21.0000000Z;53.25;53.31;467;5500
2026-06-08T11:51:29.0000000Z;53.25;53.31;467;5500
2026-06-08T11:51:31.0000000Z;53.25;53.31;467;5500
2026-06-08T11:51:34.0000000Z;53.24;53.31;467;5500
2026-06-08T11:51:36.0000000Z;53.24;53.31;5970;5500
2026-06-08T11:51:37.0000000Z;53.24;53.3;5970;253
2026-06-08T11:51:38.0000000Z;53.24;53.3;5970;5500
2026-06-08T11:51:42.0000000Z;53.24;53.3;5500;5500
2026-06-08T11:51:44.0000000Z;53.24;53.31;5500;253
2026-06-08T11:51:46.0000000Z;53.24;53.31;5500;5969
2026-06-08T11:51:51.0000000Z;53.24;53.31;5500;5500
2026-06-08T11:51:55.0000000Z;53.24;53.31;5500;5500
2026-06-08T11:51:58.0000000Z;53.24;53.32;720;253
2026-06-08T11:51:59.0000000Z;53.24;53.32;467;253
2026-06-08T11:51:59.0000000Z;53.24;53.31;467;253
2026-06-08T11:52:00.0000000Z;53.24;53.31;467;253
2026-06-08T11:52:05.0000000Z;53.24;53.32;720;253
2026-06-08T11:52:08.0000000Z;53.24;53.32;720;5969
2026-06-08T11:52:10.0000000Z;53.24;53.32;720;5969
2026-06-08T11:52:11.0000000Z;53.24;53.31;467;253
2026-06-08T11:52:32.0000000Z;53.24;53.3;523;253
2026-06-08T11:52:33.0000000Z;53.24;53.3;467;5500
2026-06-08T11:52:39.0000000Z;53.24;53.3;523;253
2026-06-08T11:52:40.0000000Z;53.24;53.31;523;253
2026-06-08T11:52:42.0000000Z;53.24;53.31;523;5969
2026-06-08T11:52:45.0000000Z;53.24;53.31;523;5969
2026-06-08T11:52:46.0000000Z;53.24;53.3;523;253
2026-06-08T11:52:47.0000000Z;53.24;53.3;523;5500
2026-06-08T11:52:52.0000000Z;53.24;53.31;523;253
2026-06-08T11:52:54.0000000Z;53.24;53.31;523;5969
2026-06-08T11:52:59.0000000Z;53.24;53.31;523;5500
2026-06-08T11:53:00.0000000Z;53.24;53.31;467;5500
2026-06-08T11:53:15.0000000Z;53.24;53.3;523;253
2026-06-08T11:53:16.0000000Z;53.24;53.3;523;5500
2026-06-08T11:53:21.0000000Z;53.24;53.31;523;253
2026-06-08T11:53:23.0000000Z;53.24;53.31;523;5500
2026-06-08T11:53:24.0000000Z;53.24;53.3;523;5500
2026-06-08T11:53:29.0000000Z;53.24;53.3;523;5500
2026-06-08T11:53:33.0000000Z;53.24;53.3;523;5500
2026-06-08T11:53:34.0000000Z;53.24;53.3;523;5500
2026-06-08T11:53:39.0000000Z;53.24;53.31;523;253
2026-06-08T11:53:41.0000000Z;53.24;53.31;523;5969
2026-06-08T11:53:43.0000000Z;53.24;53.31;523;5969
2026-06-08T11:53:45.0000000Z;53.24;53.31;523;5969
2026-06-08T11:53:46.0000000Z;53.24;53.31;523;5500
2026-06-08T11:53:50.0000000Z;53.24;53.31;523;5500
2026-06-08T11:53:53.0000000Z;53.24;53.32;720;253
2026-06-08T11:53:55.0000000Z;53.24;53.32;720;5969
2026-06-08T11:53:57.0000000Z;53.24;53.31;467;253
2026-06-08T11:53:58.0000000Z;53.24;53.31;467;5500
2026-06-08T11:54:00.0000000Z;53.24;53.31;523;5500
2026-06-08T11:54:05.0000000Z;53.24;53.31;523;5500
2026-06-08T11:54:07.0000000Z;53.24;53.31;523;5500
2026-06-08T11:54:10.0000000Z;53.24;53.32;523;253
2026-06-08T11:54:11.0000000Z;53.26;53.32;172;253
2026-06-08T11:54:13.0000000Z;53.26;53.33;481;253
2026-06-08T11:54:15.0000000Z;53.26;53.33;425;253
2026-06-08T11:54:16.0000000Z;53.26;53.32;481;469
2026-06-08T11:54:17.0000000Z;53.26;53.33;1062;5500
2026-06-08T11:54:18.0000000Z;53.26;53.33;1062;5500
2026-06-08T11:54:19.0000000Z;53.27;53.34;253;253
2026-06-08T11:54:20.0000000Z;53.28;53.35;5500;253
2026-06-08T11:54:21.0000000Z;53.27;53.34;5500;253
2026-06-08T11:54:22.0000000Z;53.27;53.34;5500;253
2026-06-08T11:54:23.0000000Z;53.26;53.33;1062;253
2026-06-08T11:54:24.0000000Z;53.26;53.33;1062;253
2026-06-08T11:54:25.0000000Z;53.26;53.33;1062;253
2026-06-08T11:54:30.0000000Z;53.26;53.33;172;253
2026-06-08T11:54:31.0000000Z;53.26;53.33;430;253
2026-06-08T11:54:38.0000000Z;53.26;53.33;430;253
2026-06-08T11:54:39.0000000Z;53.26;53.33;683;253
2026-06-08T11:54:42.0000000Z;53.26;53.33;172;253
2026-06-08T11:54:45.0000000Z;53.26;53.32;172;253
2026-06-08T11:54:46.0000000Z;53.26;53.32;172;5500
2026-06-08T11:54:51.0000000Z;53.26;53.33;172;253
2026-06-08T11:54:53.0000000Z;53.26;53.33;172;5500
2026-06-08T11:54:54.0000000Z;53.26;53.33;172;5500
2026-06-08T11:54:57.0000000Z;53.26;53.33;172;5500
2026-06-08T11:55:00.0000000Z;53.26;53.33;172;5500
2026-06-08T11:55:01.0000000Z;53.26;53.33;172;5500
2026-06-08T11:55:09.0000000Z;53.26;53.32;172;5500
2026-06-08T11:55:14.0000000Z;53.26;53.32;172;5500
2026-06-08T11:55:26.0000000Z;53.26;53.32;172;5500
2026-06-08T11:55:28.0000000Z;53.26;53.32;172;5500
2026-06-08T11:55:29.0000000Z;53.26;53.32;172;5500
2026-06-08T11:55:30.0000000Z;53.25;53.31;187;253
2026-06-08T11:55:31.0000000Z;53.25;53.31;187;5500
2026-06-08T11:55:32.0000000Z;53.25;53.32;187;253
2026-06-08T11:55:33.0000000Z;53.25;53.32;5970;253
2026-06-08T11:55:34.0000000Z;53.25;53.32;5970;253
2026-06-08T11:55:35.0000000Z;53.25;53.32;5970;5500
2026-06-08T11:55:37.0000000Z;53.25;53.32;5500;5500
2026-06-08T11:55:38.0000000Z;53.25;53.32;5500;5500
2026-06-08T11:55:40.0000000Z;53.25;53.32;5500;5500
2026-06-08T11:55:41.0000000Z;53.25;53.32;5500;5500
2026-06-08T11:55:42.0000000Z;53.25;53.31;5500;5500
2026-06-08T11:55:43.0000000Z;53.25;53.31;5500;5500
2026-06-08T11:55:45.0000000Z;53.25;53.31;5500;5500
2026-06-08T11:55:46.0000000Z;53.25;53.32;440;253
2026-06-08T11:55:47.0000000Z;53.25;53.32;1100;5500
2026-06-08T11:55:51.0000000Z;53.25;53.33;1100;253
2026-06-08T11:55:53.0000000Z;53.25;53.33;1100;5969
2026-06-08T11:55:55.0000000Z;53.27;53.33;144;5969
2026-06-08T11:55:56.0000000Z;53.27;53.33;5500;5969
2026-06-08T11:55:59.0000000Z;53.27;53.33;5500;5500
2026-06-08T11:56:00.0000000Z;53.27;53.33;5500;5500
2026-06-08T11:56:05.0000000Z;53.27;53.33;5500;5500
2026-06-08T11:56:16.0000000Z;53.27;53.34;992;253
2026-06-08T11:56:17.0000000Z;53.27;53.34;397;5969
2026-06-08T11:56:18.0000000Z;53.27;53.34;397;5969
2026-06-08T11:56:19.0000000Z;53.27;53.34;992;5969
2026-06-08T11:56:23.0000000Z;53.27;53.34;992;5500
2026-06-08T11:56:24.0000000Z;53.27;53.34;397;5500
2026-06-08T11:56:25.0000000Z;53.27;53.34;992;5500
2026-06-08T11:56:28.0000000Z;53.27;53.34;992;5500
2026-06-08T11:56:32.0000000Z;53.27;53.34;992;5500
2026-06-08T11:56:33.0000000Z;53.27;53.34;992;5500
2026-06-08T11:56:39.0000000Z;53.27;53.35;992;253
2026-06-08T11:56:41.0000000Z;53.27;53.35;992;5969
2026-06-08T11:56:44.0000000Z;53.27;53.35;992;5500
2026-06-08T11:56:58.0000000Z;53.27;53.35;992;5500
2026-06-08T11:57:15.0000000Z;53.27;53.35;992;5500
2026-06-08T11:57:31.0000000Z;53.28;53.34;56;253
2026-06-08T11:57:32.0000000Z;53.28;53.34;5500;5500
2026-06-08T11:57:36.0000000Z;53.27;53.34;523;5500
2026-06-08T11:57:40.0000000Z;53.27;53.34;144;5500
2026-06-08T11:57:41.0000000Z;53.27;53.34;5500;5500
2026-06-08T11:57:47.0000000Z;53.27;53.35;397;253
2026-06-08T11:57:48.0000000Z;53.27;53.35;992;253
2026-06-08T11:57:49.0000000Z;53.27;53.35;397;253
2026-06-08T11:57:50.0000000Z;53.27;53.35;397;5969
2026-06-08T11:57:53.0000000Z;53.27;53.35;397;5500
2026-06-08T11:57:57.0000000Z;53.27;53.34;144;253
2026-06-08T11:57:58.0000000Z;53.27;53.34;144;5500
2026-06-08T11:58:00.0000000Z;53.27;53.35;860;253
2026-06-08T11:58:01.0000000Z;53.27;53.35;397;253
2026-06-08T11:58:02.0000000Z;53.27;53.35;992;5500
2026-06-08T11:58:03.0000000Z;53.27;53.35;397;5500
2026-06-08T11:58:06.0000000Z;53.27;53.35;992;5500
2026-06-08T11:58:08.0000000Z;53.27;53.35;992;5500
2026-06-08T11:58:11.0000000Z;53.27;53.34;739;5500
2026-06-08T11:58:17.0000000Z;53.27;53.34;739;5500
2026-06-08T11:58:18.0000000Z;53.27;53.34;739;5500
2026-06-08T11:58:31.0000000Z;53.27;53.34;144;5500
2026-06-08T11:58:34.0000000Z;53.27;53.34;144;5500
2026-06-08T11:58:44.0000000Z;53.27;53.35;776;253
2026-06-08T11:58:46.0000000Z;53.27;53.35;776;5969
2026-06-08T11:58:49.0000000Z;53.27;53.34;144;253
2026-06-08T11:58:53.0000000Z;53.27;53.33;144;253
2026-06-08T11:58:57.0000000Z;53.27;53.33;144;253
2026-06-08T11:59:08.0000000Z;53.26;53.32;172;253
2026-06-08T11:59:09.0000000Z;53.26;53.32;172;253
2026-06-08T11:59:10.0000000Z;53.26;53.32;5970;5500
2026-06-08T11:59:13.0000000Z;53.26;53.33;425;253
2026-06-08T11:59:14.0000000Z;53.26;53.33;425;5500
2026-06-08T11:59:18.0000000Z;53.26;53.33;5500;5500
2026-06-08T11:59:19.0000000Z;53.26;53.33;5500;5500
2026-06-08T11:59:22.0000000Z;53.26;53.34;1062;253
2026-06-08T11:59:24.0000000Z;53.26;53.34;1062;5969
2026-06-08T11:59:31.0000000Z;53.26;53.34;1062;5500
2026-06-08T11:59:32.0000000Z;53.26;53.34;1062;5500
2026-06-08T11:59:33.0000000Z;53.27;53.34;253;5500
2026-06-08T11:59:34.0000000Z;53.27;53.34;5500;5500
2026-06-08T11:59:36.0000000Z;53.27;53.34;5500;5500
2026-06-08T11:59:37.0000000Z;53.28;53.34;116;5500
2026-06-08T11:59:41.0000000Z;53.28;53.34;116;5500
2026-06-08T11:59:42.0000000Z;53.28;53.34;116;5500
2026-06-08T11:59:46.0000000Z;53.27;53.34;144;5500
2026-06-08T11:59:48.0000000Z;53.27;53.34;5970;5500
2026-06-08T11:59:50.0000000Z;53.27;53.34;5970;5500
2026-06-08T11:59:51.0000000Z;53.27;53.34;5970;5500
2026-06-08T11:59:52.0000000Z;53.27;53.34;5500;5500
2026-06-08T11:59:53.0000000Z;53.27;53.34;5500;5500
2026-06-08T11:59:57.0000000Z;53.27;53.33;5500;253
2026-06-08T11:59:58.0000000Z;53.27;53.33;5500;5500
2026-06-08T12:00:01.0000000Z;53.27;53.33;5500;253
2026-06-08T12:00:02.0000000Z;53.27;53.33;5500;5500
2026-06-08T12:00:04.0000000Z;53.27;53.33;5500;5500
2026-06-08T12:00:05.0000000Z;53.27;53.33;5500;5500
2026-06-08T12:00:10.0000000Z;53.26;53.32;172;253
2026-06-08T12:00:12.0000000Z;53.26;53.32;5970;253
2026-06-08T12:00:15.0000000Z;53.26;53.32;5970;253
2026-06-08T12:00:16.0000000Z;53.26;53.32;5970;253
2026-06-08T12:00:19.0000000Z;53.26;53.32;5500;253
2026-06-08T12:00:20.0000000Z;53.28;53.36;253;253
2026-06-08T12:00:21.0000000Z;53.28;53.36;5500;253
2026-06-08T12:00:22.0000000Z;53.28;53.33;253;469
2026-06-08T12:00:26.0000000Z;53.28;53.33;253;469
2026-06-08T12:00:27.0000000Z;53.29;53.33;253;469
2026-06-08T12:00:28.0000000Z;53.29;53.33;5500;469
2026-06-08T12:00:29.0000000Z;53.29;53.36;5500;5500
2026-06-08T12:00:31.0000000Z;53.29;53.36;5500;5500
2026-06-08T12:00:32.0000000Z;53.3;53.37;253;253
2026-06-08T12:00:33.0000000Z;53.3;53.37;5500;253
2026-06-08T12:00:34.0000000Z;53.3;53.37;5500;5969
2026-06-08T12:00:38.0000000Z;53.3;53.37;5500;5969
2026-06-08T12:00:42.0000000Z;53.31;53.38;253;253
2026-06-08T12:00:43.0000000Z;53.31;53.37;5500;5500
2026-06-08T12:00:44.0000000Z;53.31;53.38;5500;5969
2026-06-08T12:00:46.0000000Z;53.31;53.38;5500;110
2026-06-08T12:00:47.0000000Z;53.32;53.39;253;141
2026-06-08T12:00:48.0000000Z;53.32;53.38;5500;469
2026-06-08T12:00:49.0000000Z;53.32;53.38;5500;469
2026-06-08T12:00:52.0000000Z;53.32;53.39;5500;5500
2026-06-08T12:00:53.0000000Z;53.33;53.39;253;5500
2026-06-08T12:00:54.0000000Z;53.33;53.39;5500;5500
2026-06-08T12:00:57.0000000Z;53.33;53.39;5500;5500
2026-06-08T12:00:58.0000000Z;53.33;53.39;5500;5500
2026-06-08T12:00:59.0000000Z;53.33;53.39;5500;5500
2026-06-08T12:01:01.0000000Z;53.34;53.4;253;167
2026-06-08T12:01:02.0000000Z;53.34;53.4;5500;167
2026-06-08T12:01:04.0000000Z;53.33;53.4;253;420
2026-06-08T12:01:05.0000000Z;53.33;53.4;253;420
2026-06-08T12:01:06.0000000Z;53.33;53.4;253;5500
2026-06-08T12:01:07.0000000Z;53.33;53.4;5500;5500
2026-06-08T12:01:08.0000000Z;53.32;53.4;253;5500
2026-06-08T12:01:09.0000000Z;53.32;53.4;253;5500
2026-06-08T12:01:10.0000000Z;53.32;53.4;5969;5500
2026-06-08T12:01:15.0000000Z;53.32;53.4;5969;5500
2026-06-08T12:01:16.0000000Z;53.32;53.4;5969;5500
2026-06-08T12:01:18.0000000Z;53.32;53.4;5500;5500
2026-06-08T12:01:36.0000000Z;53.17;53.43;188;364
2026-06-08T12:01:37.0000000Z;53.17;53.39;188;5500
2026-06-08T12:01:38.0000000Z;53.3;53.37;253;253
2026-06-08T12:01:39.0000000Z;53.31;53.38;253;253
2026-06-08T12:01:40.0000000Z;53.3;53.37;253;253
2026-06-08T12:01:41.0000000Z;53.17;53.39;188;104
2026-06-08T12:01:42.0000000Z;53.29;53.36;253;253
2026-06-08T12:01:43.0000000Z;53.28;53.39;253;5500
2026-06-08T12:01:44.0000000Z;53.27;53.37;470;469
2026-06-08T12:01:45.0000000Z;53.29;53.36;5500;5500
2026-06-08T12:01:46.0000000Z;53.3;53.37;253;253
2026-06-08T12:01:47.0000000Z;53.3;53.37;5500;253
2026-06-08T12:01:48.0000000Z;53.3;53.37;5500;253
2026-06-08T12:01:49.0000000Z;53.3;53.38;5500;253
2026-06-08T12:01:50.0000000Z;53.3;53.38;5500;253
2026-06-08T12:01:51.0000000Z;53.3;53.38;5500;253
2026-06-08T12:01:52.0000000Z;53.3;53.37;5500;253
2026-06-08T12:01:53.0000000Z;53.3;53.37;5500;5969
2026-06-08T12:01:58.0000000Z;53.3;53.37;5500;5500
2026-06-08T12:02:00.0000000Z;53.3;53.38;5500;253
2026-06-08T12:02:03.0000000Z;53.3;53.38;5500;5969
2026-06-08T12:02:04.0000000Z;53.31;53.38;253;5969
2026-06-08T12:02:05.0000000Z;53.31;53.38;5500;5969
2026-06-08T12:02:08.0000000Z;53.31;53.38;5500;5969
2026-06-08T12:02:10.0000000Z;53.31;53.38;5500;5500
2026-06-08T12:02:14.0000000Z;53.32;53.39;5500;253
2026-06-08T12:02:15.0000000Z;53.32;53.39;5500;253
2026-06-08T12:02:16.0000000Z;53.32;53.39;5500;253
2026-06-08T12:02:17.0000000Z;53.32;53.39;5500;5969
2026-06-08T12:02:18.0000000Z;53.32;53.39;5500;5969
2026-06-08T12:02:24.0000000Z;53.32;53.39;5500;5500
2026-06-08T12:02:27.0000000Z;53.32;53.39;5500;5500
2026-06-08T12:02:28.0000000Z;53.32;53.39;5500;5500
2026-06-08T12:02:31.0000000Z;53.32;53.39;5500;104
2026-06-08T12:02:35.0000000Z;53.32;53.39;5500;357
2026-06-08T12:02:36.0000000Z;53.32;53.39;5500;357
2026-06-08T12:02:37.0000000Z;53.32;53.39;5500;357
2026-06-08T12:02:38.0000000Z;53.32;53.39;5500;357
2026-06-08T12:02:48.0000000Z;53.32;53.39;5500;357
2026-06-08T12:02:49.0000000Z;53.32;53.39;5500;357
2026-06-08T12:03:01.0000000Z;53.32;53.39;5500;357
2026-06-08T12:03:02.0000000Z;53.32;53.39;5500;357
2026-06-08T12:03:03.0000000Z;53.32;53.39;5500;357
2026-06-08T12:03:17.0000000Z;53.32;53.39;5500;357
2026-06-08T12:03:18.0000000Z;53.32;53.39;5500;357
2026-06-08T12:03:19.0000000Z;53.32;53.39;5500;357
2026-06-08T12:03:20.0000000Z;53.32;53.39;5500;357
2026-06-08T12:03:21.0000000Z;53.32;53.39;5500;357
2026-06-08T12:03:23.0000000Z;53.32;53.39;5500;357
2026-06-08T12:03:25.0000000Z;53.32;53.39;5500;357
2026-06-08T12:03:38.0000000Z;53.32;53.39;5500;357
2026-06-08T12:03:40.0000000Z;53.32;53.39;5500;357
2026-06-08T12:03:41.0000000Z;53.31;53.38;253;253
2026-06-08T12:03:42.0000000Z;53.32;53.38;5500;5500
2026-06-08T12:03:43.0000000Z;53.31;53.38;5969;253
2026-06-08T12:03:44.0000000Z;53.31;53.39;5969;253
2026-06-08T12:03:45.0000000Z;53.31;53.39;5969;253
2026-06-08T12:03:47.0000000Z;53.31;53.39;5500;5500
2026-06-08T12:03:48.0000000Z;53.31;53.38;5500;5500
2026-06-08T12:03:51.0000000Z;53.31;53.38;5500;5500
2026-06-08T12:03:52.0000000Z;53.31;53.38;5500;5500
2026-06-08T12:03:53.0000000Z;53.29;53.36;253;5500
2026-06-08T12:03:54.0000000Z;53.29;53.37;253;253
2026-06-08T12:03:55.0000000Z;53.29;53.37;5500;253
2026-06-08T12:03:57.0000000Z;53.29;53.37;5500;5969
2026-06-08T12:04:01.0000000Z;53.3;53.37;253;5969
2026-06-08T12:04:02.0000000Z;53.3;53.37;5500;5969
2026-06-08T12:04:09.0000000Z;53.3;53.37;5500;5500
2026-06-08T12:04:12.0000000Z;53.3;53.37;253;5500
2026-06-08T12:04:13.0000000Z;53.29;53.37;253;5500
2026-06-08T12:04:14.0000000Z;53.3;53.37;253;5500
2026-06-08T12:04:22.0000000Z;53.31;53.38;253;253
2026-06-08T12:04:23.0000000Z;53.31;53.38;5500;253
2026-06-08T12:04:24.0000000Z;53.31;53.38;5500;253
2026-06-08T12:04:25.0000000Z;53.31;53.38;5500;5500
2026-06-08T12:04:28.0000000Z;53.31;53.39;5500;253
2026-06-08T12:04:31.0000000Z;53.31;53.39;5500;5969
2026-06-08T12:04:33.0000000Z;53.31;53.39;5500;5969
2026-06-08T12:04:37.0000000Z;53.31;53.39;5500;5500
2026-06-08T12:04:45.0000000Z;53.32;53.4;253;253
2026-06-08T12:04:47.0000000Z;53.32;53.4;253;5969
2026-06-08T12:04:51.0000000Z;53.32;53.39;253;104
2026-06-08T12:04:52.0000000Z;53.32;53.39;253;104
2026-06-08T12:04:53.0000000Z;53.32;53.39;253;104
2026-06-08T12:04:54.0000000Z;53.32;53.39;253;104
2026-06-08T12:05:03.0000000Z;53.33;53.4;253;167
2026-06-08T12:05:04.0000000Z;53.33;53.4;253;167
2026-06-08T12:05:05.0000000Z;53.33;53.4;5500;167
2026-06-08T12:05:07.0000000Z;53.35;53.4;253;5969
2026-06-08T12:05:08.0000000Z;53.34;53.41;5500;440
2026-06-08T12:05:09.0000000Z;53.34;53.4;5500;469
2026-06-08T12:05:16.0000000Z;53.34;53.41;5500;5500
2026-06-08T12:05:25.0000000Z;53.33;53.41;253;5500
2026-06-08T12:05:27.0000000Z;53.33;53.41;5969;5500
2026-06-08T12:05:28.0000000Z;53.33;53.4;5969;253
2026-06-08T12:05:29.0000000Z;53.33;53.4;5969;5500
2026-06-08T12:05:35.0000000Z;53.33;53.4;5500;5500
2026-06-08T12:05:42.0000000Z;53.33;53.39;5500;104
2026-06-08T12:05:43.0000000Z;53.33;53.4;5500;167
2026-06-08T12:05:44.0000000Z;53.33;53.4;5500;167
2026-06-08T12:05:45.0000000Z;53.33;53.4;5500;5500
2026-06-08T12:05:47.0000000Z;53.33;53.4;5500;5500
2026-06-08T12:05:48.0000000Z;53.32;53.39;253;253
2026-06-08T12:05:50.0000000Z;53.33;53.4;253;253
2026-06-08T12:05:53.0000000Z;53.33;53.4;253;5969
2026-06-08T12:05:54.0000000Z;53.33;53.4;253;5969
2026-06-08T12:05:55.0000000Z;53.32;53.4;253;5969
2026-06-08T12:05:56.0000000Z;53.31;53.39;253;253
2026-06-08T12:05:57.0000000Z;53.31;53.39;253;253
2026-06-08T12:05:59.0000000Z;53.31;53.39;5969;253
2026-06-08T12:06:02.0000000Z;53.31;53.39;5969;253
2026-06-08T12:06:03.0000000Z;53.31;53.39;5500;253
2026-06-08T12:06:04.0000000Z;53.32;53.39;5500;253
2026-06-08T12:06:05.0000000Z;53.31;53.39;253;253
2026-06-08T12:06:06.0000000Z;53.31;53.39;253;253
2026-06-08T12:06:07.0000000Z;53.32;53.39;5500;253
2026-06-08T12:06:08.0000000Z;53.33;53.4;253;253
2026-06-08T12:06:09.0000000Z;53.33;53.39;5500;104
2026-06-08T12:06:11.0000000Z;53.33;53.4;5500;167
2026-06-08T12:06:14.0000000Z;53.34;53.4;253;167
2026-06-08T12:06:15.0000000Z;53.34;53.4;5500;167
2026-06-08T12:06:16.0000000Z;53.34;53.4;5500;5969
2026-06-08T12:06:17.0000000Z;53.34;53.4;5500;5500
2026-06-08T12:06:22.0000000Z;53.35;53.41;253;187
2026-06-08T12:06:24.0000000Z;53.35;53.42;253;187
2026-06-08T12:06:25.0000000Z;53.35;53.42;253;440
2026-06-08T12:06:26.0000000Z;53.35;53.42;253;440
2026-06-08T12:06:28.0000000Z;53.35;53.41;253;469
2026-06-08T12:06:29.0000000Z;53.35;53.41;253;469
2026-06-08T12:06:31.0000000Z;53.35;53.42;253;5500
2026-06-08T12:06:32.0000000Z;53.35;53.42;253;5500
2026-06-08T12:06:34.0000000Z;53.35;53.42;253;187
2026-06-08T12:06:38.0000000Z;53.35;53.42;253;187
2026-06-08T12:07:01.0000000Z;53.34;53.4;253;167
2026-06-08T12:07:04.0000000Z;53.34;53.4;5969;167
2026-06-08T12:07:06.0000000Z;53.34;53.4;469;167
2026-06-08T12:07:07.0000000Z;53.33;53.4;5500;167
2026-06-08T12:07:11.0000000Z;53.33;53.4;5500;167
2026-06-08T12:07:13.0000000Z;53.33;53.4;5500;420
2026-06-08T12:07:14.0000000Z;53.33;53.4;5500;167
2026-06-08T12:07:17.0000000Z;53.33;53.4;5500;167
2026-06-08T12:07:19.0000000Z;53.33;53.4;5500;167
2026-06-08T12:07:31.0000000Z;53.34;53.41;253;187
2026-06-08T12:07:32.0000000Z;53.34;53.41;253;440
2026-06-08T12:07:34.0000000Z;53.34;53.41;253;5969
2026-06-08T12:07:38.0000000Z;53.34;53.41;253;5500
2026-06-08T12:07:42.0000000Z;53.33;53.39;253;104
2026-06-08T12:07:43.0000000Z;53.33;53.39;253;5500
2026-06-08T12:07:44.0000000Z;53.33;53.39;5969;5500
2026-06-08T12:07:50.0000000Z;53.33;53.39;5969;5500
2026-06-08T12:07:51.0000000Z;53.33;53.39;5500;5500
2026-06-08T12:07:54.0000000Z;53.33;53.39;5500;5500
2026-06-08T12:07:55.0000000Z;53.33;53.39;5500;5500
2026-06-08T12:07:56.0000000Z;53.33;53.39;5500;5500
2026-06-08T12:07:57.0000000Z;53.34;53.4;253;167
2026-06-08T12:07:58.0000000Z;53.34;53.4;253;167
2026-06-08T12:08:00.0000000Z;53.34;53.4;253;5969
2026-06-08T12:08:03.0000000Z;53.34;53.4;253;5500
2026-06-08T12:08:04.0000000Z;53.34;53.4;253;5500
2026-06-08T12:08:05.0000000Z;53.34;53.4;253;5500
2026-06-08T12:08:07.0000000Z;53.34;53.4;253;5500
2026-06-08T12:08:14.0000000Z;53.34;53.41;253;187
2026-06-08T12:08:16.0000000Z;53.34;53.41;253;5969
2026-06-08T12:08:23.0000000Z;53.34;53.41;253;5969
2026-06-08T12:08:24.0000000Z;53.34;53.41;253;5500
2026-06-08T12:08:30.0000000Z;53.34;53.41;253;5500
2026-06-08T12:08:31.0000000Z;53.34;53.41;253;5500
2026-06-08T12:08:34.0000000Z;53.34;53.41;253;5500
2026-06-08T12:08:37.0000000Z;53.35;53.42;253;187
2026-06-08T12:08:39.0000000Z;53.35;53.42;5500;187
2026-06-08T12:08:42.0000000Z;53.34;53.42;253;440
2026-06-08T12:08:44.0000000Z;53.34;53.42;5500;440
2026-06-08T12:08:45.0000000Z;53.35;53.42;253;440
2026-06-08T12:08:46.0000000Z;53.35;53.42;5500;440
2026-06-08T12:08:49.0000000Z;53.34;53.42;253;5500
2026-06-08T12:08:50.0000000Z;53.34;53.42;253;5500
2026-06-08T12:08:52.0000000Z;53.34;53.42;5969;5500
2026-06-08T12:08:55.0000000Z;53.34;53.42;5969;5500
2026-06-08T12:08:58.0000000Z;53.34;53.42;5500;5500
2026-06-08T12:09:02.0000000Z;53.34;53.42;5500;5500
2026-06-08T12:09:07.0000000Z;53.35;53.42;5500;5500
2026-06-08T12:09:13.0000000Z;53.35;53.42;5500;5500
2026-06-08T12:09:14.0000000Z;53.35;53.42;5500;5500
2026-06-08T12:09:17.0000000Z;53.35;53.42;5500;5500
2026-06-08T12:09:19.0000000Z;53.35;53.42;5500;5500
2026-06-08T12:09:20.0000000Z;53.35;53.42;5500;5500
2026-06-08T12:09:24.0000000Z;53.36;53.42;253;187
2026-06-08T12:09:25.0000000Z;53.36;53.42;5500;187
2026-06-08T12:09:30.0000000Z;53.36;53.42;253;187
2026-06-08T12:09:31.0000000Z;53.36;53.42;253;187
2026-06-08T12:09:36.0000000Z;53.36;53.42;253;187
2026-06-08T12:09:40.0000000Z;53.36;53.42;253;187
2026-06-08T12:09:41.0000000Z;53.35;53.42;253;440
2026-06-08T12:09:42.0000000Z;53.35;53.42;5969;440
2026-06-08T12:09:43.0000000Z;53.36;53.42;5500;187
2026-06-08T12:09:49.0000000Z;53.35;53.42;253;440
2026-06-08T12:09:50.0000000Z;53.35;53.42;5969;440
2026-06-08T12:09:52.0000000Z;53.35;53.42;5969;440
2026-06-08T12:09:53.0000000Z;53.35;53.42;5969;440
2026-06-08T12:09:55.0000000Z;53.35;53.42;5969;440
2026-06-08T12:09:56.0000000Z;53.36;53.42;5500;187
2026-06-08T12:09:57.0000000Z;53.36;53.42;5500;187
2026-06-08T12:10:02.0000000Z;53.36;53.43;5500;187
2026-06-08T12:10:03.0000000Z;53.36;53.43;5500;187
2026-06-08T12:10:04.0000000Z;53.36;53.43;5500;5968
2026-06-08T12:10:09.0000000Z;53.36;53.43;5500;5500
2026-06-08T12:10:10.0000000Z;53.35;53.41;253;187
2026-06-08T12:10:11.0000000Z;53.35;53.41;253;5500
2026-06-08T12:10:12.0000000Z;53.35;53.41;5969;5500
2026-06-08T12:10:19.0000000Z;53.35;53.41;5500;5500
2026-06-08T12:10:21.0000000Z;53.36;53.42;5500;187
2026-06-08T12:10:23.0000000Z;53.36;53.42;5500;5968
2026-06-08T12:10:28.0000000Z;53.36;53.42;5500;5500
2026-06-08T12:10:29.0000000Z;53.36;53.42;5500;5500
2026-06-08T12:10:33.0000000Z;53.36;53.42;5500;5500
2026-06-08T12:10:34.0000000Z;53.35;53.42;253;440
2026-06-08T12:10:36.0000000Z;53.35;53.42;5969;440
2026-06-08T12:10:42.0000000Z;53.35;53.42;5500;440
2026-06-08T12:10:43.0000000Z;53.35;53.42;5500;440
2026-06-08T12:10:44.0000000Z;53.34;53.42;253;440
2026-06-08T12:10:46.0000000Z;53.34;53.42;5969;440
2026-06-08T12:10:51.0000000Z;53.34;53.4;5969;167
2026-06-08T12:10:53.0000000Z;53.34;53.4;5500;167
2026-06-08T12:11:04.0000000Z;53.34;53.4;5500;167
2026-06-08T12:11:05.0000000Z;53.34;53.4;5500;167
2026-06-08T12:11:14.0000000Z;53.33;53.4;253;420
2026-06-08T12:11:15.0000000Z;53.33;53.4;253;420
2026-06-08T12:11:16.0000000Z;53.32;53.4;253;420
2026-06-08T12:11:18.0000000Z;53.32;53.39;253;253
2026-06-08T12:11:19.0000000Z;53.31;53.38;253;253
2026-06-08T12:11:21.0000000Z;53.31;53.38;253;5500
2026-06-08T12:11:22.0000000Z;53.32;53.39;253;253
2026-06-08T12:11:23.0000000Z;53.32;53.39;253;253
2026-06-08T12:11:24.0000000Z;53.33;53.4;253;253
2026-06-08T12:11:25.0000000Z;53.33;53.39;5500;5500
2026-06-08T12:11:27.0000000Z;53.33;53.4;5500;5500
2026-06-08T12:11:28.0000000Z;53.33;53.4;5500;5500
2026-06-08T12:11:29.0000000Z;53.33;53.4;5500;5500
2026-06-08T12:11:31.0000000Z;53.33;53.4;5500;167
2026-06-08T12:11:50.0000000Z;53.34;53.4;253;167
2026-06-08T12:11:51.0000000Z;53.34;53.4;5500;167
2026-06-08T12:11:52.0000000Z;53.35;53.41;5500;187
2026-06-08T12:11:53.0000000Z;53.35;53.41;5500;187
2026-06-08T12:11:54.0000000Z;53.35;53.41;5500;187
2026-06-08T12:11:55.0000000Z;53.35;53.41;5500;5969
2026-06-08T12:11:56.0000000Z;53.35;53.41;5500;5969
2026-06-08T12:11:57.0000000Z;53.35;53.42;5500;5500
2026-06-08T12:11:59.0000000Z;53.36;53.42;5500;5500
2026-06-08T12:12:00.0000000Z;53.36;53.42;5500;5500
2026-06-08T12:12:04.0000000Z;53.37;53.43;5500;187
2026-06-08T12:12:07.0000000Z;53.37;53.43;5500;5968
2026-06-08T12:12:08.0000000Z;53.37;53.43;5500;5500
2026-06-08T12:12:14.0000000Z;53.36;53.43;253;440
2026-06-08T12:12:15.0000000Z;53.36;53.43;5969;440
2026-06-08T12:12:17.0000000Z;53.37;53.43;5500;187
2026-06-08T12:12:34.0000000Z;53.36;53.43;253;440
2026-06-08T12:12:37.0000000Z;53.36;53.43;5969;440
2026-06-08T12:12:39.0000000Z;53.36;53.43;5500;440
2026-06-08T12:12:47.0000000Z;53.36;53.43;5500;440
2026-06-08T12:12:52.0000000Z;53.36;53.43;5500;440
2026-06-08T12:12:53.0000000Z;53.36;53.42;253;5500
2026-06-08T12:12:56.0000000Z;53.36;53.42;5500;5500
2026-06-08T12:12:58.0000000Z;53.36;53.42;5500;5500
2026-06-08T12:13:00.0000000Z;53.36;53.42;5500;5500
2026-06-08T12:13:01.0000000Z;53.36;53.42;5500;5500
2026-06-08T12:13:02.0000000Z;53.36;53.42;5500;5500
2026-06-08T12:13:03.0000000Z;53.36;53.42;5500;5500
2026-06-08T12:13:06.0000000Z;53.36;53.42;5500;5500
2026-06-08T12:13:07.0000000Z;53.36;53.42;5500;5500
2026-06-08T12:13:09.0000000Z;53.36;53.42;5500;5500
2026-06-08T12:13:10.0000000Z;53.35;53.42;253;440
2026-06-08T12:13:11.0000000Z;53.35;53.42;253;440
2026-06-08T12:13:13.0000000Z;53.35;53.42;5969;440
2026-06-08T12:13:18.0000000Z;53.35;53.42;5500;440
2026-06-08T12:13:20.0000000Z;53.35;53.42;5500;440
2026-06-08T12:13:22.0000000Z;53.35;53.42;5500;440
2026-06-08T12:13:24.0000000Z;53.35;53.42;5500;440
2026-06-08T12:13:27.0000000Z;53.35;53.42;5500;440
2026-06-08T12:13:28.0000000Z;53.35;53.42;5500;440
2026-06-08T12:13:29.0000000Z;53.34;53.42;253;440
2026-06-08T12:13:31.0000000Z;53.34;53.42;5969;440
2026-06-08T12:13:34.0000000Z;53.34;53.4;5969;167
2026-06-08T12:13:36.0000000Z;53.34;53.4;5500;167
2026-06-08T12:13:38.0000000Z;53.34;53.41;5500;440
2026-06-08T12:13:39.0000000Z;53.33;53.4;253;253
2026-06-08T12:13:41.0000000Z;53.34;53.4;253;167
2026-06-08T12:13:45.0000000Z;53.34;53.41;253;187
2026-06-08T12:13:47.0000000Z;53.35;53.41;253;187
2026-06-08T12:13:48.0000000Z;53.35;53.41;253;187
2026-06-08T12:13:49.0000000Z;53.35;53.41;5500;5500
2026-06-08T12:13:51.0000000Z;53.34;53.41;5969;5500
2026-06-08T12:13:53.0000000Z;53.34;53.41;5969;440
2026-06-08T12:13:54.0000000Z;53.34;53.41;5969;440
2026-06-08T12:13:55.0000000Z;53.33;53.39;253;104
2026-06-08T12:13:56.0000000Z;53.33;53.39;253;5500
2026-06-08T12:13:57.0000000Z;53.34;53.4;469;253
2026-06-08T12:13:58.0000000Z;53.33;53.4;5500;5500
2026-06-08T12:13:59.0000000Z;53.33;53.39;5500;104
2026-06-08T12:14:00.0000000Z;53.34;53.4;253;167
2026-06-08T12:14:01.0000000Z;53.34;53.41;253;187
2026-06-08T12:14:03.0000000Z;53.34;53.41;253;440
2026-06-08T12:14:05.0000000Z;53.34;53.41;253;5969
2026-06-08T12:14:06.0000000Z;53.34;53.41;253;5969
2026-06-08T12:14:07.0000000Z;53.34;53.41;253;440
2026-06-08T12:14:10.0000000Z;53.34;53.41;253;5500
2026-06-08T12:14:14.0000000Z;53.34;53.41;253;187
2026-06-08T12:14:19.0000000Z;53.34;53.41;253;440
2026-06-08T12:14:22.0000000Z;53.34;53.41;253;187
2026-06-08T12:14:29.0000000Z;53.34;53.41;253;440
2026-06-08T12:14:32.0000000Z;53.34;53.41;253;440
2026-06-08T12:14:34.0000000Z;53.34;53.41;253;440
2026-06-08T12:14:35.0000000Z;53.33;53.4;253;253
2026-06-08T12:14:36.0000000Z;53.33;53.4;253;5500
2026-06-08T12:14:37.0000000Z;53.33;53.4;5969;5500
2026-06-08T12:14:44.0000000Z;53.33;53.4;5500;5500
2026-06-08T12:14:45.0000000Z;53.32;53.4;253;5500
2026-06-08T12:14:47.0000000Z;53.32;53.4;5969;5500
2026-06-08T12:14:48.0000000Z;53.32;53.4;5969;5500
2026-06-08T12:14:50.0000000Z;53.32;53.4;5969;5500
2026-06-08T12:14:51.0000000Z;53.32;53.4;5969;5500
2026-06-08T12:14:53.0000000Z;53.32;53.4;5500;5500
2026-06-08T12:14:54.0000000Z;53.32;53.4;5500;5500
2026-06-08T12:14:56.0000000Z;53.33;53.4;5500;167
2026-06-08T12:15:01.0000000Z;53.34;53.4;253;167
2026-06-08T12:15:02.0000000Z;53.34;53.4;5500;167
2026-06-08T12:15:03.0000000Z;53.34;53.4;5500;167
2026-06-08T12:15:08.0000000Z;53.35;53.41;253;187
2026-06-08T12:15:09.0000000Z;53.35;53.4;5500;167
2026-06-08T12:15:10.0000000Z;53.35;53.41;253;187
2026-06-08T12:15:11.0000000Z;53.35;53.41;253;5969
2026-06-08T12:15:12.0000000Z;53.35;53.41;253;5969
2026-06-08T12:15:15.0000000Z;53.35;53.41;253;5500
2026-06-08T12:15:16.0000000Z;53.35;53.41;253;5500
2026-06-08T12:15:18.0000000Z;53.34;53.41;253;5500
2026-06-08T12:15:19.0000000Z;53.34;53.4;469;5500
2026-06-08T12:15:20.0000000Z;53.34;53.4;469;5500
2026-06-08T12:15:22.0000000Z;53.31;53.39;253;253
2026-06-08T12:15:23.0000000Z;53.31;53.39;253;5500
2026-06-08T12:15:24.0000000Z;53.31;53.39;5500;5500
2026-06-08T12:15:36.0000000Z;53.32;53.39;253;104
2026-06-08T12:15:37.0000000Z;53.32;53.39;5500;104
2026-06-08T12:15:38.0000000Z;53.31;53.39;253;357
2026-06-08T12:15:40.0000000Z;53.31;53.39;5500;357
2026-06-08T12:15:42.0000000Z;53.31;53.39;5500;357
2026-06-08T12:15:44.0000000Z;53.31;53.39;5500;357
2026-06-08T12:15:45.0000000Z;53.32;53.39;253;357
2026-06-08T12:15:46.0000000Z;53.32;53.39;5500;357
2026-06-08T12:15:50.0000000Z;53.31;53.39;253;357
2026-06-08T12:15:51.0000000Z;53.31;53.38;253;253
2026-06-08T12:15:52.0000000Z;53.31;53.38;5500;5500
2026-06-08T12:15:56.0000000Z;53.31;53.39;5500;253
2026-06-08T12:15:58.0000000Z;53.31;53.39;5500;5500
2026-06-08T12:16:00.0000000Z;53.31;53.39;5500;5500
2026-06-08T12:16:03.0000000Z;53.32;53.39;253;104
2026-06-08T12:16:06.0000000Z;53.32;53.39;253;104
2026-06-08T12:16:07.0000000Z;53.32;53.39;253;104
2026-06-08T12:16:08.0000000Z;53.32;53.39;253;104
2026-06-08T12:16:09.0000000Z;53.33;53.39;5500;104
2026-06-08T12:16:10.0000000Z;53.33;53.39;5500;104
2026-06-08T12:16:11.0000000Z;53.33;53.39;5500;104
2026-06-08T12:16:12.0000000Z;53.34;53.4;253;167
2026-06-08T12:16:13.0000000Z;53.34;53.4;253;167
2026-06-08T12:16:14.0000000Z;53.34;53.4;253;167
2026-06-08T12:16:16.0000000Z;53.34;53.4;253;5969
2026-06-08T12:16:20.0000000Z;53.34;53.4;253;5500
2026-06-08T12:16:22.0000000Z;53.33;53.4;253;420
2026-06-08T12:16:23.0000000Z;53.34;53.4;253;167
2026-06-08T12:16:25.0000000Z;53.34;53.41;253;187
2026-06-08T12:16:28.0000000Z;53.34;53.41;253;5969
2026-06-08T12:16:31.0000000Z;53.34;53.41;253;5500
2026-06-08T12:16:37.0000000Z;53.34;53.41;253;187
2026-06-08T12:16:38.0000000Z;53.34;53.41;253;440
2026-06-08T12:16:42.0000000Z;53.32;53.4;253;253
2026-06-08T12:16:43.0000000Z;53.33;53.39;253;104
2026-06-08T12:16:45.0000000Z;53.33;53.39;5969;104
2026-06-08T12:16:48.0000000Z;53.33;53.39;5500;104
2026-06-08T12:16:49.0000000Z;53.34;53.4;253;167
2026-06-08T12:16:50.0000000Z;53.34;53.39;5500;104
2026-06-08T12:16:51.0000000Z;53.34;53.4;253;5969
2026-06-08T12:16:53.0000000Z;53.33;53.4;253;420
2026-06-08T12:16:55.0000000Z;53.33;53.4;5500;5500
2026-06-08T12:16:56.0000000Z;53.34;53.4;253;167
2026-06-08T12:17:00.0000000Z;53.34;53.4;253;167
2026-06-08T12:17:02.0000000Z;53.33;53.4;253;420
2026-06-08T12:17:05.0000000Z;53.33;53.4;5969;420
2026-06-08T12:17:07.0000000Z;53.34;53.4;253;167
2026-06-08T12:17:08.0000000Z;53.34;53.4;5500;167
2026-06-08T12:17:12.0000000Z;53.34;53.41;5500;187
2026-06-08T12:17:13.0000000Z;53.34;53.41;5500;5969
2026-06-08T12:17:14.0000000Z;53.34;53.41;5500;5969
2026-06-08T12:17:20.0000000Z;53.34;53.41;5500;5500
2026-06-08T12:17:26.0000000Z;53.34;53.41;5500;5500
2026-06-08T12:17:27.0000000Z;53.34;53.41;5500;187
2026-06-08T12:17:55.0000000Z;53.34;53.41;5500;440
2026-06-08T12:18:02.0000000Z;53.34;53.41;5500;440
2026-06-08T12:18:03.0000000Z;53.34;53.41;5500;187
2026-06-08T12:18:06.0000000Z;53.34;53.41;5500;187
2026-06-08T12:18:08.0000000Z;53.35;53.41;253;187
2026-06-08T12:18:09.0000000Z;53.35;53.41;5500;187
2026-06-08T12:18:12.0000000Z;53.35;53.41;5500;187
2026-06-08T12:18:14.0000000Z;53.35;53.41;5500;187
2026-06-08T12:18:15.0000000Z;53.35;53.41;5500;187
2026-06-08T12:18:17.0000000Z;53.36;53.42;253;187
2026-06-08T12:18:19.0000000Z;53.36;53.42;253;5968
2026-06-08T12:18:22.0000000Z;53.35;53.42;253;440
2026-06-08T12:18:23.0000000Z;53.35;53.42;253;440
2026-06-08T12:18:25.0000000Z;53.35;53.42;5500;5500
2026-06-08T12:18:26.0000000Z;53.35;53.42;5500;5500
2026-06-08T12:18:27.0000000Z;53.35;53.42;5500;5500
2026-06-08T12:18:28.0000000Z;53.35;53.42;5500;5500
2026-06-08T12:18:29.0000000Z;53.35;53.42;5500;5500
2026-06-08T12:18:30.0000000Z;53.35;53.42;5500;5500
2026-06-08T12:18:31.0000000Z;53.35;53.42;5500;5500
2026-06-08T12:18:40.0000000Z;53.35;53.42;5500;5500
2026-06-08T12:18:41.0000000Z;53.35;53.42;5500;5500
2026-06-08T12:18:46.0000000Z;53.35;53.42;5500;5500
2026-06-08T12:18:53.0000000Z;53.35;53.42;5500;5500
2026-06-08T12:19:04.0000000Z;53.35;53.42;5500;5500
2026-06-08T12:19:13.0000000Z;53.36;53.42;253;187
2026-06-08T12:19:14.0000000Z;53.36;53.42;5500;187
2026-06-08T12:19:20.0000000Z;53.36;53.42;253;187
2026-06-08T12:19:27.0000000Z;53.35;53.42;253;440
2026-06-08T12:19:29.0000000Z;53.35;53.42;5969;440
2026-06-08T12:19:33.0000000Z;53.35;53.42;5500;440
2026-06-08T12:19:35.0000000Z;53.35;53.42;5500;440
2026-06-08T12:19:37.0000000Z;53.35;53.42;5500;440
2026-06-08T12:19:41.0000000Z;53.35;53.42;5500;440
2026-06-08T12:19:44.0000000Z;53.34;53.42;253;440
2026-06-08T12:19:46.0000000Z;53.35;53.42;253;440
2026-06-08T12:19:47.0000000Z;53.35;53.42;253;440
2026-06-08T12:19:57.0000000Z;53.35;53.42;253;440
2026-06-08T12:20:04.0000000Z;53.36;53.42;253;187
2026-06-08T12:20:05.0000000Z;53.36;53.42;5500;187
2026-06-08T12:20:07.0000000Z;53.36;53.42;5500;187
2026-06-08T12:20:08.0000000Z;53.35;53.42;253;440
2026-06-08T12:20:10.0000000Z;53.34;53.4;253;167
2026-06-08T12:20:11.0000000Z;53.35;53.4;5500;5500
2026-06-08T12:20:13.0000000Z;53.34;53.4;5969;5500
2026-06-08T12:20:14.0000000Z;53.34;53.4;5500;5500
2026-06-08T12:20:21.0000000Z;53.35;53.41;253;187
2026-06-08T12:20:23.0000000Z;53.35;53.41;253;5969
2026-06-08T12:20:27.0000000Z;53.35;53.42;253;187
2026-06-08T12:20:28.0000000Z;53.35;53.42;253;187
2026-06-08T12:20:29.0000000Z;53.35;53.42;253;5968
2026-06-08T12:20:32.0000000Z;53.35;53.42;253;5968
2026-06-08T12:20:34.0000000Z;53.35;53.42;253;5500
2026-06-08T12:20:35.0000000Z;53.36;53.42;253;5500
2026-06-08T12:20:36.0000000Z;53.37;53.43;253;187
2026-06-08T12:20:37.0000000Z;53.37;53.42;5500;5500
2026-06-08T12:20:39.0000000Z;53.37;53.43;5500;5968
2026-06-08T12:20:44.0000000Z;53.37;53.43;5500;5968
2026-06-08T12:20:46.0000000Z;53.37;53.43;5500;5500
2026-06-08T12:20:49.0000000Z;53.36;53.43;253;440
2026-06-08T12:20:51.0000000Z;53.36;53.43;5969;440
2026-06-08T12:20:58.0000000Z;53.37;53.43;253;187
2026-06-08T12:20:59.0000000Z;53.37;53.43;5500;440
2026-06-08T12:21:00.0000000Z;53.37;53.44;253;187
2026-06-08T12:21:02.0000000Z;53.38;53.44;5500;187
2026-06-08T12:21:03.0000000Z;53.38;53.44;5500;5968
2026-06-08T12:21:04.0000000Z;53.39;53.45;253;187
2026-06-08T12:21:05.0000000Z;53.39;53.44;253;5500
2026-06-08T12:21:06.0000000Z;53.39;53.44;5500;5500
2026-06-08T12:21:07.0000000Z;53.39;53.44;5500;5500
2026-06-08T12:21:08.0000000Z;53.39;53.45;5500;5968
2026-06-08T12:21:10.0000000Z;53.39;53.45;5500;5968
2026-06-08T12:21:11.0000000Z;53.39;53.45;5500;5968
2026-06-08T12:21:17.0000000Z;53.38;53.45;253;5500
2026-06-08T12:21:19.0000000Z;53.38;53.45;5500;5500
2026-06-08T12:21:22.0000000Z;53.38;53.45;5500;5500
2026-06-08T12:21:25.0000000Z;53.39;53.45;253;5500
2026-06-08T12:21:26.0000000Z;53.38;53.45;253;440
2026-06-08T12:21:29.0000000Z;53.37;53.45;253;440
2026-06-08T12:21:31.0000000Z;53.37;53.45;5969;440
2026-06-08T12:21:32.0000000Z;53.37;53.45;5500;440
2026-06-08T12:21:38.0000000Z;53.37;53.45;5500;440
2026-06-08T12:21:39.0000000Z;53.37;53.45;5500;440
2026-06-08T12:21:40.0000000Z;53.37;53.45;5500;440
2026-06-08T12:21:48.0000000Z;53.38;53.45;253;440
2026-06-08T12:21:49.0000000Z;53.38;53.45;5500;440
2026-06-08T12:21:52.0000000Z;53.39;53.46;253;187
2026-06-08T12:21:55.0000000Z;53.39;53.46;253;440
2026-06-08T12:21:56.0000000Z;53.39;53.46;253;5968
2026-06-08T12:21:57.0000000Z;53.39;53.46;253;5500
2026-06-08T12:22:01.0000000Z;53.38;53.44;253;5500
2026-06-08T12:22:04.0000000Z;53.38;53.44;5969;5500
2026-06-08T12:22:07.0000000Z;53.38;53.44;5969;5500
2026-06-08T12:22:08.0000000Z;53.38;53.44;5969;5500
2026-06-08T12:22:09.0000000Z;53.38;53.44;5500;5500
2026-06-08T12:22:11.0000000Z;53.39;53.45;5500;187
2026-06-08T12:22:13.0000000Z;53.4;53.46;253;187
2026-06-08T12:22:14.0000000Z;53.4;53.45;253;468
2026-06-08T12:22:18.0000000Z;53.39;53.46;253;440
2026-06-08T12:22:19.0000000Z;53.39;53.46;253;5500
2026-06-08T12:22:20.0000000Z;53.39;53.46;5500;5500
2026-06-08T12:22:26.0000000Z;53.4;53.46;253;187
2026-06-08T12:22:27.0000000Z;53.4;53.46;5500;187
2026-06-08T12:22:31.0000000Z;53.4;53.47;5500;187
2026-06-08T12:22:32.0000000Z;53.4;53.47;5500;5968
2026-06-08T12:22:34.0000000Z;53.4;53.47;5500;5500
2026-06-08T12:22:38.0000000Z;53.4;53.47;5500;5500
2026-06-08T12:22:40.0000000Z;53.4;53.47;5500;5500
2026-06-08T12:22:50.0000000Z;53.4;53.47;5500;440
2026-06-08T12:22:53.0000000Z;53.4;53.47;5500;187
2026-06-08T12:22:55.0000000Z;53.4;53.47;5500;187
2026-06-08T12:22:56.0000000Z;53.4;53.47;5500;187
2026-06-08T12:23:02.0000000Z;53.4;53.47;5500;187
2026-06-08T12:23:08.0000000Z;53.4;53.47;5500;187
2026-06-08T12:23:09.0000000Z;53.4;53.47;5500;187
2026-06-08T12:23:10.0000000Z;53.4;53.47;5500;187
2026-06-08T12:23:12.0000000Z;53.4;53.47;5500;187
2026-06-08T12:23:21.0000000Z;53.4;53.47;5500;187
2026-06-08T12:23:22.0000000Z;53.39;53.47;253;440
2026-06-08T12:23:23.0000000Z;53.38;53.45;253;187
2026-06-08T12:23:24.0000000Z;53.39;53.45;5969;5500
2026-06-08T12:23:25.0000000Z;53.39;53.45;5969;5500
2026-06-08T12:23:26.0000000Z;53.39;53.45;469;5500
2026-06-08T12:23:27.0000000Z;53.39;53.46;253;187
2026-06-08T12:23:28.0000000Z;53.39;53.46;5969;187
2026-06-08T12:23:29.0000000Z;53.38;53.46;253;440
2026-06-08T12:23:30.0000000Z;53.39;53.46;5500;5500
2026-06-08T12:23:31.0000000Z;53.39;53.46;5500;5500
2026-06-08T12:23:32.0000000Z;53.38;53.46;5500;5500
2026-06-08T12:23:42.0000000Z;53.38;53.44;5500;187
2026-06-08T12:23:46.0000000Z;53.38;53.44;5500;187
2026-06-08T12:23:47.0000000Z;53.38;53.44;5500;187
2026-06-08T12:23:49.0000000Z;53.38;53.44;5500;187
2026-06-08T12:23:53.0000000Z;53.38;53.44;5500;187
2026-06-08T12:23:56.0000000Z;53.39;53.45;5500;187
2026-06-08T12:23:57.0000000Z;53.38;53.45;5500;440
2026-06-08T12:23:58.0000000Z;53.38;53.45;5500;5968
2026-06-08T12:23:59.0000000Z;53.39;53.45;253;187
2026-06-08T12:24:00.0000000Z;53.39;53.45;5500;5500
2026-06-08T12:24:07.0000000Z;53.4;53.46;253;187
2026-06-08T12:24:08.0000000Z;53.4;53.46;5500;187
2026-06-08T12:24:10.0000000Z;53.4;53.46;5500;5968
2026-06-08T12:24:12.0000000Z;53.39;53.46;253;5968
2026-06-08T12:24:14.0000000Z;53.39;53.46;5500;5968
2026-06-08T12:24:15.0000000Z;53.39;53.46;5500;5500
2026-06-08T12:24:19.0000000Z;53.4;53.46;253;5500
2026-06-08T12:24:25.0000000Z;53.4;53.46;253;5500
2026-06-08T12:24:31.0000000Z;53.39;53.46;253;440
2026-06-08T12:24:34.0000000Z;53.39;53.46;5969;440
2026-06-08T12:24:37.0000000Z;53.39;53.46;5500;440
2026-06-08T12:24:38.0000000Z;53.4;53.46;253;187
2026-06-08T12:24:39.0000000Z;53.4;53.46;5500;187
2026-06-08T12:24:45.0000000Z;53.4;53.46;5500;187
2026-06-08T12:24:54.0000000Z;53.4;53.46;5500;187
2026-06-08T12:24:55.0000000Z;53.4;53.47;5500;187
2026-06-08T12:24:56.0000000Z;53.4;53.47;5500;187
2026-06-08T12:24:58.0000000Z;53.4;53.47;5500;5968
2026-06-08T12:25:03.0000000Z;53.4;53.47;5500;5500
2026-06-08T12:25:07.0000000Z;53.41;53.47;5500;5500
2026-06-08T12:25:08.0000000Z;53.41;53.48;5500;439
2026-06-08T12:25:09.0000000Z;53.41;53.48;5500;5968
2026-06-08T12:25:11.0000000Z;53.4;53.46;253;187
2026-06-08T12:25:12.0000000Z;53.4;53.46;253;5500
2026-06-08T12:25:14.0000000Z;53.4;53.46;253;5500
2026-06-08T12:25:15.0000000Z;53.4;53.46;5500;5500
2026-06-08T12:25:16.0000000Z;53.4;53.46;5500;5500
2026-06-08T12:25:17.0000000Z;53.39;53.46;253;5500
2026-06-08T12:25:19.0000000Z;53.39;53.46;5969;5500
2026-06-08T12:25:21.0000000Z;53.39;53.46;5969;5500
2026-06-08T12:25:22.0000000Z;53.39;53.46;5969;5500
2026-06-08T12:25:23.0000000Z;53.39;53.46;5969;5500
2026-06-08T12:25:24.0000000Z;53.39;53.46;5500;5500
2026-06-08T12:25:25.0000000Z;53.39;53.46;5500;5500
2026-06-08T12:25:26.0000000Z;53.39;53.46;5500;5500
2026-06-08T12:25:28.0000000Z;53.4;53.46;5500;5500
2026-06-08T12:25:33.0000000Z;53.39;53.46;253;5500
2026-06-08T12:25:35.0000000Z;53.39;53.46;5500;5500
2026-06-08T12:25:44.0000000Z;53.39;53.46;5500;5500
2026-06-08T12:25:45.0000000Z;53.39;53.46;5500;5500
2026-06-08T12:25:48.0000000Z;53.4;53.46;253;5500
2026-06-08T12:25:50.0000000Z;53.39;53.46;253;5500
2026-06-08T12:25:53.0000000Z;53.39;53.46;5969;5500
2026-06-08T12:25:56.0000000Z;53.39;53.46;5500;5500
2026-06-08T12:25:58.0000000Z;53.39;53.46;5500;5500
2026-06-08T12:26:32.0000000Z;53.39;53.46;5500;5500
2026-06-08T12:26:35.0000000Z;53.39;53.46;5500;440
2026-06-08T12:26:47.0000000Z;53.39;53.46;5500;440
2026-06-08T12:26:48.0000000Z;53.39;53.46;5500;187
2026-06-08T12:26:51.0000000Z;53.39;53.46;5500;187
2026-06-08T12:27:01.0000000Z;53.39;53.46;5500;187
2026-06-08T12:27:06.0000000Z;53.4;53.46;253;187
2026-06-08T12:27:08.0000000Z;53.39;53.46;253;187
2026-06-08T12:27:09.0000000Z;53.39;53.46;5500;187
2026-06-08T12:27:10.0000000Z;53.4;53.46;5500;187
2026-06-08T12:27:12.0000000Z;53.39;53.46;5500;187
2026-06-08T12:27:13.0000000Z;53.39;53.46;5500;187
2026-06-08T12:27:19.0000000Z;53.39;53.46;253;187
2026-06-08T12:27:31.0000000Z;53.4;53.46;253;187
2026-06-08T12:27:36.0000000Z;53.4;53.46;253;187
2026-06-08T12:27:39.0000000Z;53.41;53.47;253;187
2026-06-08T12:27:40.0000000Z;53.4;53.47;253;440
2026-06-08T12:27:42.0000000Z;53.4;53.47;253;5968
2026-06-08T12:27:44.0000000Z;53.4;53.47;253;5500
2026-06-08T12:28:01.0000000Z;53.41;53.47;253;187
2026-06-08T12:28:06.0000000Z;53.4;53.47;253;440
2026-06-08T12:28:09.0000000Z;53.4;53.47;5500;440
2026-06-08T12:28:14.0000000Z;53.39;53.47;253;440
2026-06-08T12:28:17.0000000Z;53.39;53.47;5969;440
2026-06-08T12:28:20.0000000Z;53.39;53.47;5969;440
2026-06-08T12:28:21.0000000Z;53.39;53.47;5500;440
2026-06-08T12:28:22.0000000Z;53.4;53.47;253;440
2026-06-08T12:28:25.0000000Z;53.41;53.47;5500;440
2026-06-08T12:28:26.0000000Z;53.4;53.47;5500;440
2026-06-08T12:28:27.0000000Z;53.4;53.47;5500;440
2026-06-08T12:29:07.0000000Z;53.41;53.47;5500;187
2026-06-08T12:29:08.0000000Z;53.41;53.47;5500;187
2026-06-08T12:29:10.0000000Z;53.41;53.47;5500;187
2026-06-08T12:29:11.0000000Z;53.41;53.47;5500;187
2026-06-08T12:29:12.0000000Z;53.41;53.47;5500;187
2026-06-08T12:29:19.0000000Z;53.41;53.48;5500;186
2026-06-08T12:29:21.0000000Z;53.41;53.48;5500;439
2026-06-08T12:29:23.0000000Z;53.41;53.48;5500;5968
2026-06-08T12:29:27.0000000Z;53.41;53.48;5500;5500
2026-06-08T12:29:28.0000000Z;53.41;53.48;5500;186
2026-06-08T12:29:34.0000000Z;53.41;53.48;5500;186
2026-06-08T12:29:36.0000000Z;53.41;53.48;5500;186
2026-06-08T12:29:37.0000000Z;53.41;53.48;5500;186
2026-06-08T12:29:38.0000000Z;53.41;53.48;5500;186
2026-06-08T12:29:45.0000000Z;53.41;53.48;5500;186
2026-06-08T12:30:03.0000000Z;53.41;53.48;5500;439
2026-06-08T12:30:04.0000000Z;53.41;53.48;5500;439
2026-06-08T12:30:05.0000000Z;53.4;53.46;253;5500
2026-06-08T12:30:07.0000000Z;53.4;53.46;5969;5500
2026-06-08T12:30:12.0000000Z;53.4;53.46;5500;5500
2026-06-08T12:30:15.0000000Z;53.41;53.47;253;187
2026-06-08T12:30:16.0000000Z;53.41;53.47;5500;187
2026-06-08T12:30:17.0000000Z;53.4;53.48;253;439
2026-06-08T12:30:18.0000000Z;53.4;53.48;253;439
2026-06-08T12:30:20.0000000Z;53.41;53.48;253;439
2026-06-08T12:30:21.0000000Z;53.41;53.47;5500;468
2026-06-08T12:30:24.0000000Z;53.4;53.46;253;187
2026-06-08T12:30:25.0000000Z;53.4;53.46;253;5500
2026-06-08T12:30:27.0000000Z;53.4;53.46;5500;187
2026-06-08T12:30:29.0000000Z;53.4;53.46;5500;187
2026-06-08T12:30:38.0000000Z;53.41;53.47;253;187
2026-06-08T12:30:39.0000000Z;53.41;53.47;253;5968
2026-06-08T12:30:46.0000000Z;53.41;53.48;253;186
2026-06-08T12:30:49.0000000Z;53.41;53.48;253;439
2026-06-08T12:30:52.0000000Z;53.41;53.48;253;5500
2026-06-08T12:31:01.0000000Z;53.41;53.48;253;186
2026-06-08T12:31:04.0000000Z;53.42;53.48;253;186
2026-06-08T12:31:05.0000000Z;53.42;53.48;5500;186
2026-06-08T12:31:06.0000000Z;53.41;53.48;5500;186
2026-06-08T12:31:07.0000000Z;53.42;53.48;5500;186
2026-06-08T12:31:09.0000000Z;53.41;53.48;5500;186
2026-06-08T12:31:31.0000000Z;53.41;53.48;5500;439
2026-06-08T12:31:33.0000000Z;53.41;53.48;5500;186
2026-06-08T12:31:34.0000000Z;53.41;53.48;5500;186
2026-06-08T12:31:35.0000000Z;53.41;53.48;5500;186
2026-06-08T12:31:39.0000000Z;53.41;53.48;5500;439
2026-06-08T12:31:45.0000000Z;53.41;53.48;5500;439
2026-06-08T12:31:47.0000000Z;53.41;53.48;5500;439
2026-06-08T12:31:48.0000000Z;53.4;53.46;253;187
2026-06-08T12:31:49.0000000Z;53.4;53.46;5969;187
2026-06-08T12:31:53.0000000Z;53.4;53.46;5969;187
2026-06-08T12:31:54.0000000Z;53.4;53.46;5500;187
2026-06-08T12:31:57.0000000Z;53.41;53.47;253;187
2026-06-08T12:31:59.0000000Z;53.41;53.47;253;5968
2026-06-08T12:32:00.0000000Z;53.41;53.48;253;186
2026-06-08T12:32:01.0000000Z;53.41;53.48;253;439
2026-06-08T12:32:02.0000000Z;53.41;53.47;253;5500
2026-06-08T12:32:03.0000000Z;53.41;53.48;253;5500
2026-06-08T12:32:04.0000000Z;53.41;53.48;253;5500
2026-06-08T12:32:05.0000000Z;53.41;53.48;253;5500
2026-06-08T12:32:09.0000000Z;53.41;53.48;253;186
2026-06-08T12:32:36.0000000Z;53.4;53.48;253;439
2026-06-08T12:32:37.0000000Z;53.39;53.46;253;187
2026-06-08T12:32:38.0000000Z;53.4;53.46;5969;5500
2026-06-08T12:32:40.0000000Z;53.41;53.47;253;187
2026-06-08T12:32:42.0000000Z;53.41;53.47;253;5500
2026-06-08T12:32:43.0000000Z;53.41;53.48;253;186
2026-06-08T12:32:46.0000000Z;53.41;53.48;253;5968
2026-06-08T12:32:47.0000000Z;53.41;53.48;253;439
2026-06-08T12:32:50.0000000Z;53.41;53.48;253;5500
2026-06-08T12:33:05.0000000Z;53.4;53.46;253;187
2026-06-08T12:33:06.0000000Z;53.4;53.46;5969;187
2026-06-08T12:33:11.0000000Z;53.4;53.46;5500;187
2026-06-08T12:33:12.0000000Z;53.4;53.47;5500;187
2026-06-08T12:33:14.0000000Z;53.4;53.47;5500;5968
2026-06-08T12:33:15.0000000Z;53.4;53.47;5500;5968
2026-06-08T12:33:17.0000000Z;53.4;53.47;5500;5500
2026-06-08T12:33:20.0000000Z;53.4;53.47;5500;5500
2026-06-08T12:33:26.0000000Z;53.4;53.47;5500;5500
2026-06-08T12:33:28.0000000Z;53.4;53.47;5500;440
2026-06-08T12:33:42.0000000Z;53.4;53.47;5500;440
2026-06-08T12:33:45.0000000Z;53.4;53.47;5500;440
2026-06-08T12:33:46.0000000Z;53.39;53.45;253;173
2026-06-08T12:33:47.0000000Z;53.39;53.45;253;5500
2026-06-08T12:33:48.0000000Z;53.39;53.45;5969;426
2026-06-08T12:33:50.0000000Z;53.39;53.45;469;426
2026-06-08T12:33:53.0000000Z;53.38;53.45;5500;426
2026-06-08T12:33:58.0000000Z;53.38;53.45;5500;426
2026-06-08T12:34:01.0000000Z;53.38;53.45;5500;426
2026-06-08T12:34:02.0000000Z;53.38;53.45;5500;426
2026-06-08T12:34:05.0000000Z;53.38;53.45;5500;426
2026-06-08T12:34:06.0000000Z;53.38;53.45;5500;426
2026-06-08T12:34:07.0000000Z;53.38;53.45;5500;426
2026-06-08T12:34:08.0000000Z;53.38;53.45;5500;426
2026-06-08T12:34:16.0000000Z;53.38;53.45;5500;426
2026-06-08T12:34:20.0000000Z;53.38;53.45;5500;426
2026-06-08T12:34:21.0000000Z;53.37;53.45;253;426
2026-06-08T12:34:22.0000000Z;53.37;53.45;253;426
2026-06-08T12:34:24.0000000Z;53.37;53.45;5969;426
2026-06-08T12:34:29.0000000Z;53.37;53.45;5500;426
2026-06-08T12:34:30.0000000Z;53.37;53.45;5500;426
2026-06-08T12:34:37.0000000Z;53.36;53.46;469;468
2026-06-08T12:34:38.0000000Z;53.37;53.45;5500;5500
2026-06-08T12:34:42.0000000Z;53.38;53.46;5500;468
2026-06-08T12:34:47.0000000Z;53.38;53.46;5500;468
2026-06-08T12:34:52.0000000Z;53.38;53.46;5500;468
2026-06-08T12:34:53.0000000Z;53.37;53.46;253;468
2026-06-08T12:34:54.0000000Z;53.38;53.46;253;468
2026-06-08T12:34:55.0000000Z;53.38;53.46;5500;468
2026-06-08T12:35:14.0000000Z;53.39;53.45;5500;173
2026-06-08T12:35:20.0000000Z;53.39;53.45;5500;173
2026-06-08T12:35:26.0000000Z;53.39;53.46;5500;172
2026-06-08T12:35:28.0000000Z;53.39;53.46;5500;5968
2026-06-08T12:35:31.0000000Z;53.39;53.46;5500;5500
2026-06-08T12:35:33.0000000Z;53.39;53.46;5500;5500
2026-06-08T12:35:36.0000000Z;53.4;53.46;253;5500
2026-06-08T12:35:37.0000000Z;53.4;53.46;5500;5500
2026-06-08T12:35:43.0000000Z;53.4;53.46;5500;5500
2026-06-08T12:35:46.0000000Z;53.39;53.46;253;5500
2026-06-08T12:35:48.0000000Z;53.39;53.46;5969;5500
2026-06-08T12:35:49.0000000Z;53.39;53.46;5969;5500
2026-06-08T12:35:52.0000000Z;53.39;53.46;5500;5500
2026-06-08T12:35:54.0000000Z;53.4;53.46;5500;5500
2026-06-08T12:35:55.0000000Z;53.4;53.46;5500;5500
2026-06-08T12:35:56.0000000Z;53.4;53.46;5500;187
2026-06-08T12:35:57.0000000Z;53.4;53.46;5500;187
2026-06-08T12:35:59.0000000Z;53.4;53.46;5500;187
2026-06-08T12:36:00.0000000Z;53.4;53.46;5500;187
2026-06-08T12:36:01.0000000Z;53.4;53.46;5500;187
2026-06-08T12:36:09.0000000Z;53.4;53.46;5500;187
2026-06-08T12:36:10.0000000Z;53.4;53.46;5500;165
2026-06-08T12:36:12.0000000Z;53.4;53.46;5500;165
2026-06-08T12:36:13.0000000Z;53.41;53.48;253;253
2026-06-08T12:36:14.0000000Z;53.41;53.48;5500;253
2026-06-08T12:36:15.0000000Z;53.41;53.47;5500;468
2026-06-08T12:36:20.0000000Z;53.41;53.47;5500;468
2026-06-08T12:36:22.0000000Z;53.41;53.48;5500;5500
2026-06-08T12:36:23.0000000Z;53.4;53.47;253;253
2026-06-08T12:36:25.0000000Z;53.4;53.47;5969;253
2026-06-08T12:36:29.0000000Z;53.4;53.47;5500;253
2026-06-08T12:36:31.0000000Z;53.41;53.48;253;253
2026-06-08T12:36:32.0000000Z;53.41;53.48;5500;253
2026-06-08T12:36:35.0000000Z;53.41;53.48;253;5968
2026-06-08T12:36:37.0000000Z;53.41;53.48;253;5500
2026-06-08T12:36:49.0000000Z;53.41;53.49;253;253
2026-06-08T12:36:51.0000000Z;53.41;53.49;253;5968
2026-06-08T12:36:54.0000000Z;53.41;53.49;253;5500
2026-06-08T12:37:01.0000000Z;53.41;53.48;253;253
2026-06-08T12:37:02.0000000Z;53.41;53.48;253;5500
2026-06-08T12:37:07.0000000Z;53.41;53.49;253;253
2026-06-08T12:37:09.0000000Z;53.41;53.49;253;5500
2026-06-08T12:37:11.0000000Z;53.41;53.48;253;253
2026-06-08T12:37:12.0000000Z;53.41;53.48;253;5500
2026-06-08T12:37:18.0000000Z;53.41;53.48;253;5500
2026-06-08T12:37:20.0000000Z;53.41;53.49;253;253
2026-06-08T12:37:21.0000000Z;53.41;53.49;253;253
2026-06-08T12:37:23.0000000Z;53.41;53.49;253;5968
2026-06-08T12:37:25.0000000Z;53.41;53.48;253;253
2026-06-08T12:37:26.0000000Z;53.41;53.48;253;5500
2026-06-08T12:37:36.0000000Z;53.41;53.48;253;253
2026-06-08T12:37:37.0000000Z;53.4;53.47;253;253
2026-06-08T12:37:39.0000000Z;53.4;53.47;5969;253
2026-06-08T12:37:45.0000000Z;53.4;53.47;5500;253
2026-06-08T12:37:51.0000000Z;53.41;53.48;253;253
2026-06-08T12:37:52.0000000Z;53.41;53.48;5500;253
2026-06-08T12:37:53.0000000Z;53.41;53.48;5500;5968
2026-06-08T12:37:55.0000000Z;53.4;53.47;253;253
2026-06-08T12:37:56.0000000Z;53.41;53.47;5500;5500
2026-06-08T12:37:57.0000000Z;53.4;53.47;5500;253
2026-06-08T12:37:59.0000000Z;53.4;53.47;5500;253
2026-06-08T12:38:00.0000000Z;53.4;53.47;5500;253
2026-06-08T12:38:01.0000000Z;53.4;53.47;5500;253
2026-06-08T12:38:04.0000000Z;53.4;53.47;5500;253
2026-06-08T12:38:06.0000000Z;53.4;53.47;5500;253
2026-06-08T12:38:33.0000000Z;53.41;53.48;253;253
2026-06-08T12:38:35.0000000Z;53.41;53.48;253;5968
2026-06-08T12:38:37.0000000Z;53.41;53.48;253;5500
2026-06-08T12:38:38.0000000Z;53.4;53.47;253;5500
2026-06-08T12:38:39.0000000Z;53.4;53.47;5969;5500
2026-06-08T12:38:43.0000000Z;53.4;53.47;5500;5500
2026-06-08T12:38:49.0000000Z;53.41;53.48;253;253
2026-06-08T12:38:51.0000000Z;53.41;53.48;253;5968
2026-06-08T12:38:52.0000000Z;53.41;53.48;253;5968
2026-06-08T12:38:55.0000000Z;53.41;53.48;253;5500
2026-06-08T12:39:02.0000000Z;53.41;53.48;253;5500
2026-06-08T12:39:03.0000000Z;53.42;53.49;253;152
2026-06-08T12:39:04.0000000Z;53.42;53.49;5500;152
2026-06-08T12:39:05.0000000Z;53.42;53.49;5500;5968
2026-06-08T12:39:08.0000000Z;53.42;53.49;5500;5968
2026-06-08T12:39:09.0000000Z;53.42;53.49;5500;5500
2026-06-08T12:39:12.0000000Z;53.42;53.49;5500;5500
2026-06-08T12:39:18.0000000Z;53.42;53.49;5500;5500
2026-06-08T12:39:20.0000000Z;53.41;53.49;253;405
2026-06-08T12:39:23.0000000Z;53.41;53.49;5969;405
2026-06-08T12:39:26.0000000Z;53.41;53.49;5500;405
2026-06-08T12:39:27.0000000Z;53.41;53.49;5500;405
2026-06-08T12:39:29.0000000Z;53.41;53.49;5500;405
2026-06-08T12:39:34.0000000Z;53.41;53.49;5500;405
2026-06-08T12:39:35.0000000Z;53.41;53.49;5500;405
2026-06-08T12:39:43.0000000Z;53.42;53.49;5500;405
2026-06-08T12:39:48.0000000Z;53.42;53.49;5500;405
2026-06-08T12:39:52.0000000Z;53.42;53.49;5500;405
2026-06-08T12:39:55.0000000Z;53.43;53.49;253;152
2026-06-08T12:39:56.0000000Z;53.43;53.49;5500;152
2026-06-08T12:39:59.0000000Z;53.43;53.49;5500;152
2026-06-08T12:40:00.0000000Z;53.4;53.48;253;253
2026-06-08T12:40:01.0000000Z;53.27;53.61;187;186
2026-06-08T12:40:03.0000000Z;53.41;53.49;253;253
2026-06-08T12:40:06.0000000Z;53.42;53.5;253;253
2026-06-08T12:40:07.0000000Z;53.42;53.5;5968;253
2026-06-08T12:40:10.0000000Z;53.42;53.5;5968;5968
2026-06-08T12:40:17.0000000Z;53.42;53.51;5500;186
2026-06-08T12:40:18.0000000Z;53.42;53.52;5500;439
2026-06-08T12:40:20.0000000Z;53.4;53.52;5500;5968
2026-06-08T12:40:30.0000000Z;53.4;53.52;5500;5500
2026-06-08T12:40:41.0000000Z;53.4;53.52;5500;1097
2026-06-08T12:40:42.0000000Z;53.4;53.52;5500;439
2026-06-08T12:41:02.0000000Z;53.42;53.49;253;253
2026-06-08T12:41:08.0000000Z;53.42;53.49;253;253
2026-06-08T12:41:12.0000000Z;53.43;53.5;253;253
2026-06-08T12:41:13.0000000Z;53.43;53.5;5500;253
2026-06-08T12:41:14.0000000Z;53.43;53.5;253;5968
2026-06-08T12:41:18.0000000Z;53.43;53.5;253;5500
2026-06-08T12:41:26.0000000Z;53.42;53.49;253;253
2026-06-08T12:41:28.0000000Z;53.42;53.49;5968;253
2026-06-08T12:41:33.0000000Z;53.42;53.49;5500;253
2026-06-08T12:41:37.0000000Z;53.43;53.49;253;132
2026-06-08T12:41:38.0000000Z;53.43;53.49;253;132
2026-06-08T12:41:39.0000000Z;53.43;53.49;253;132
2026-06-08T12:41:43.0000000Z;53.43;53.49;253;132
2026-06-08T12:41:45.0000000Z;53.43;53.49;253;132
2026-06-08T12:41:46.0000000Z;53.42;53.49;253;132
2026-06-08T12:41:48.0000000Z;53.42;53.49;5968;132
2026-06-08T12:41:51.0000000Z;53.42;53.49;5500;132
2026-06-08T12:41:52.0000000Z;53.42;53.49;5500;132
2026-06-08T12:41:53.0000000Z;53.42;53.49;5500;132
2026-06-08T12:42:12.0000000Z;53.42;53.49;5500;385
2026-06-08T12:42:13.0000000Z;53.42;53.49;5500;132
2026-06-08T12:42:20.0000000Z;53.43;53.49;253;132
2026-06-08T12:42:21.0000000Z;53.43;53.49;5500;132
2026-06-08T12:42:27.0000000Z;53.43;53.49;253;132
2026-06-08T12:42:32.0000000Z;53.43;53.49;253;132
2026-06-08T12:42:33.0000000Z;53.43;53.5;253;253
2026-06-08T12:42:34.0000000Z;53.43;53.5;253;253
2026-06-08T12:42:35.0000000Z;53.43;53.5;253;253
2026-06-08T12:42:36.0000000Z;53.45;53.53;253;253
2026-06-08T12:42:37.0000000Z;53.4;53.66;280;186
2026-06-08T12:42:38.0000000Z;53.4;53.5;280;5968
2026-06-08T12:42:39.0000000Z;53.26;53.66;243;242
2026-06-08T12:42:40.0000000Z;53.43;53.51;253;253
2026-06-08T12:42:42.0000000Z;53.43;53.5;253;468
2026-06-08T12:42:43.0000000Z;53.44;53.52;253;253
2026-06-08T12:42:44.0000000Z;53.45;53.52;5500;253
2026-06-08T12:42:46.0000000Z;53.44;53.51;253;253
2026-06-08T12:42:47.0000000Z;53.44;53.52;253;5500
2026-06-08T12:42:49.0000000Z;53.44;53.51;5968;5500
2026-06-08T12:42:57.0000000Z;53.45;53.52;253;253
2026-06-08T12:42:58.0000000Z;53.45;53.52;5500;253
2026-06-08T12:42:59.0000000Z;53.45;53.52;5500;5500
2026-06-08T12:43:03.0000000Z;53.44;53.51;253;253
2026-06-08T12:43:04.0000000Z;53.44;53.51;253;5500
2026-06-08T12:43:05.0000000Z;53.44;53.51;253;5500
2026-06-08T12:43:06.0000000Z;53.45;53.52;253;253
2026-06-08T12:43:07.0000000Z;53.44;53.51;253;253
2026-06-08T12:43:08.0000000Z;53.44;53.51;5968;253
2026-06-08T12:43:09.0000000Z;53.45;53.51;5500;253
2026-06-08T12:43:10.0000000Z;53.45;53.51;5500;253
2026-06-08T12:43:11.0000000Z;53.44;53.51;5968;253
2026-06-08T12:43:12.0000000Z;53.43;53.51;253;253
2026-06-08T12:43:14.0000000Z;53.44;53.51;253;253
2026-06-08T12:43:15.0000000Z;53.44;53.51;5968;253
2026-06-08T12:43:16.0000000Z;53.44;53.51;5500;253
2026-06-08T12:43:17.0000000Z;53.44;53.51;5500;253
2026-06-08T12:43:20.0000000Z;53.44;53.51;5500;253
2026-06-08T12:43:23.0000000Z;53.45;53.52;253;253
2026-06-08T12:43:25.0000000Z;53.45;53.52;253;5968
2026-06-08T12:43:29.0000000Z;53.45;53.53;253;253
2026-06-08T12:43:31.0000000Z;53.45;53.52;253;468
2026-06-08T12:43:32.0000000Z;53.45;53.53;253;5500
2026-06-08T12:43:43.0000000Z;53.45;53.52;253;5500
2026-06-08T12:43:52.0000000Z;53.45;53.52;253;5500
2026-06-08T12:43:57.0000000Z;53.45;53.52;253;5500
2026-06-08T12:43:58.0000000Z;53.44;53.51;253;5500
2026-06-08T12:43:59.0000000Z;53.44;53.51;253;5500
2026-06-08T12:43:59.0000000Z;53.43;53.51;253;5500
2026-06-08T12:44:01.0000000Z;53.44;53.51;5968;5500
2026-06-08T12:44:02.0000000Z;53.43;53.51;391;253
2026-06-08T12:44:03.0000000Z;53.44;53.51;468;253
2026-06-08T12:44:05.0000000Z;53.43;53.51;5500;253
2026-06-08T12:44:37.0000000Z;53.43;53.51;5500;253
2026-06-08T12:44:38.0000000Z;53.44;53.51;5500;253
2026-06-08T12:44:45.0000000Z;53.44;53.51;5500;253
2026-06-08T12:44:55.0000000Z;53.45;53.52;253;253
2026-06-08T12:44:56.0000000Z;53.44;53.51;5500;253
2026-06-08T12:44:57.0000000Z;53.45;53.51;5500;253
2026-06-08T12:44:58.0000000Z;53.45;53.52;253;253
2026-06-08T12:45:01.0000000Z;53.45;53.52;253;5968
2026-06-08T12:45:03.0000000Z;53.45;53.52;253;5500
2026-06-08T12:45:05.0000000Z;53.45;53.52;253;5500
2026-06-08T12:45:06.0000000Z;53.43;53.51;253;253
2026-06-08T12:45:07.0000000Z;53.44;53.51;5968;253
2026-06-08T12:45:09.0000000Z;53.44;53.51;468;253
2026-06-08T12:45:13.0000000Z;53.43;53.51;5500;253
2026-06-08T12:45:14.0000000Z;53.43;53.51;5500;253
2026-06-08T12:45:17.0000000Z;53.43;53.5;138;253
2026-06-08T12:45:18.0000000Z;53.43;53.51;391;5500
2026-06-08T12:45:20.0000000Z;53.43;53.51;391;5500
2026-06-08T12:45:22.0000000Z;53.44;53.51;253;5500
2026-06-08T12:45:23.0000000Z;53.44;53.51;5500;5500
2026-06-08T12:45:29.0000000Z;53.44;53.51;5500;5500
2026-06-08T12:45:36.0000000Z;53.44;53.51;5500;5500
2026-06-08T12:45:37.0000000Z;53.44;53.51;5500;5500
2026-06-08T12:45:41.0000000Z;53.43;53.51;253;5500
2026-06-08T12:45:43.0000000Z;53.43;53.51;5968;5500
2026-06-08T12:45:47.0000000Z;53.43;53.51;5500;5500
2026-06-08T12:46:00.0000000Z;53.44;53.51;5500;5500
2026-06-08T12:46:02.0000000Z;53.43;53.51;253;5500
2026-06-08T12:46:03.0000000Z;53.43;53.51;5500;5500
2026-06-08T12:46:04.0000000Z;53.43;53.51;5500;5500
2026-06-08T12:46:05.0000000Z;53.43;53.51;5500;5500
2026-06-08T12:46:07.0000000Z;53.43;53.51;5500;5500
2026-06-08T12:46:08.0000000Z;53.43;53.51;5500;5500
2026-06-08T12:46:09.0000000Z;53.43;53.51;5500;5500
2026-06-08T12:46:14.0000000Z;53.44;53.51;5500;5500
2026-06-08T12:46:15.0000000Z;53.44;53.51;5500;5500
2026-06-08T12:46:22.0000000Z;53.44;53.51;5500;5500
2026-06-08T12:46:37.0000000Z;53.44;53.51;5500;5500
2026-06-08T12:46:45.0000000Z;53.43;53.51;253;5500
2026-06-08T12:46:47.0000000Z;53.43;53.51;5968;5500
2026-06-08T12:46:50.0000000Z;53.44;53.51;5500;5500
2026-06-08T12:46:57.0000000Z;53.43;53.51;253;5500
2026-06-08T12:46:59.0000000Z;53.43;53.51;5968;5500
2026-06-08T12:47:03.0000000Z;53.43;53.51;5500;5500
2026-06-08T12:47:04.0000000Z;53.43;53.51;391;253
2026-06-08T12:47:05.0000000Z;53.43;53.51;391;5500
2026-06-08T12:47:06.0000000Z;53.43;53.51;391;5500
2026-06-08T12:47:11.0000000Z;53.43;53.51;391;5500
2026-06-08T12:47:16.0000000Z;53.44;53.51;253;5500
2026-06-08T12:47:17.0000000Z;53.44;53.51;5500;5500
2026-06-08T12:47:22.0000000Z;53.44;53.51;253;253
2026-06-08T12:47:23.0000000Z;53.45;53.51;5500;253
2026-06-08T12:47:24.0000000Z;53.43;53.51;253;253
2026-06-08T12:47:26.0000000Z;53.44;53.51;5500;253
2026-06-08T12:47:27.0000000Z;53.43;53.51;5968;253
2026-06-08T12:47:31.0000000Z;53.43;53.51;5500;253
2026-06-08T12:47:54.0000000Z;53.44;53.51;253;253
2026-06-08T12:47:55.0000000Z;53.44;53.51;5500;253
2026-06-08T12:47:57.0000000Z;53.44;53.51;5500;253
2026-06-08T12:47:58.0000000Z;53.45;53.52;5500;253
2026-06-08T12:47:59.0000000Z;53.44;53.51;253;253
2026-06-08T12:48:00.0000000Z;53.45;53.52;253;5968
2026-06-08T12:48:01.0000000Z;53.45;53.52;253;5500
2026-06-08T12:48:02.0000000Z;53.45;53.53;253;253
2026-06-08T12:48:03.0000000Z;53.45;53.52;253;253
2026-06-08T12:48:11.0000000Z;53.45;53.52;253;253
2026-06-08T12:48:12.0000000Z;53.45;53.52;253;253
2026-06-08T12:48:13.0000000Z;53.45;53.52;253;253
2026-06-08T12:48:15.0000000Z;53.45;53.53;253;253
2026-06-08T12:48:16.0000000Z;53.45;53.53;253;5968
2026-06-08T12:48:18.0000000Z;53.46;53.54;253;253
2026-06-08T12:48:21.0000000Z;53.46;53.53;253;468
2026-06-08T12:48:22.0000000Z;53.46;53.54;253;5500
2026-06-08T12:48:24.0000000Z;53.46;53.54;253;5500
2026-06-08T12:48:27.0000000Z;53.46;53.54;253;253
2026-06-08T12:48:28.0000000Z;53.45;53.53;5968;253
2026-06-08T12:48:32.0000000Z;53.45;53.53;5500;253
2026-06-08T12:48:36.0000000Z;53.45;53.53;5500;253
2026-06-08T12:48:38.0000000Z;53.46;53.54;253;5967
2026-06-08T12:48:45.0000000Z;53.46;53.54;253;5500
2026-06-08T12:48:53.0000000Z;53.47;53.54;5500;5500
2026-06-08T12:48:59.0000000Z;53.47;53.54;5500;5500
2026-06-08T12:49:08.0000000Z;53.47;53.54;253;407
2026-06-08T12:49:09.0000000Z;53.48;53.54;253;154
2026-06-08T12:49:15.0000000Z;53.48;53.54;253;154
2026-06-08T12:49:18.0000000Z;53.48;53.55;253;182
2026-06-08T12:49:20.0000000Z;53.48;53.55;253;182
2026-06-08T12:49:21.0000000Z;53.48;53.55;253;5967
2026-06-08T12:49:24.0000000Z;53.48;53.55;253;435
2026-06-08T12:49:25.0000000Z;53.48;53.55;253;5500
2026-06-08T12:49:27.0000000Z;53.47;53.54;253;253
2026-06-08T12:49:28.0000000Z;53.47;53.54;253;5500
2026-06-08T12:49:29.0000000Z;53.47;53.54;5968;5500
2026-06-08T12:49:30.0000000Z;53.48;53.54;253;154
2026-06-08T12:49:34.0000000Z;53.48;53.54;253;154
2026-06-08T12:50:01.0000000Z;53.48;53.54;253;154
2026-06-08T12:50:02.0000000Z;53.48;53.54;253;154
2026-06-08T12:50:03.0000000Z;53.48;53.55;253;182
2026-06-08T12:50:05.0000000Z;53.48;53.55;253;5967
2026-06-08T12:50:06.0000000Z;53.49;53.55;253;5967
2026-06-08T12:50:08.0000000Z;53.49;53.55;253;5500
2026-06-08T12:50:11.0000000Z;53.48;53.55;253;5500
2026-06-08T12:50:12.0000000Z;53.48;53.55;253;5500
2026-06-08T12:50:13.0000000Z;53.48;53.55;5968;5500
2026-06-08T12:50:15.0000000Z;53.48;53.55;5968;5500
2026-06-08T12:50:17.0000000Z;53.48;53.55;5500;435
2026-06-08T12:50:19.0000000Z;53.49;53.55;253;182
2026-06-08T12:50:20.0000000Z;53.49;53.55;5500;182
2026-06-08T12:50:21.0000000Z;53.49;53.55;5500;435
2026-06-08T12:50:23.0000000Z;53.48;53.55;5500;435
2026-06-08T12:50:24.0000000Z;53.49;53.55;253;182
2026-06-08T12:50:28.0000000Z;53.49;53.55;253;182
2026-06-08T12:50:32.0000000Z;53.49;53.56;253;186
2026-06-08T12:50:34.0000000Z;53.49;53.56;253;186
2026-06-08T12:50:35.0000000Z;53.49;53.56;253;439
2026-06-08T12:50:38.0000000Z;53.48;53.54;253;154
2026-06-08T12:50:39.0000000Z;53.49;53.54;253;5500
2026-06-08T12:50:41.0000000Z;53.48;53.54;5968;5500
2026-06-08T12:50:46.0000000Z;53.48;53.54;5500;5500
2026-06-08T12:50:54.0000000Z;53.48;53.54;5500;5500
2026-06-08T12:50:55.0000000Z;53.49;53.55;253;182
2026-06-08T12:50:56.0000000Z;53.49;53.54;5500;5500
2026-06-08T12:50:57.0000000Z;53.49;53.55;253;5967
2026-06-08T12:51:00.0000000Z;53.48;53.55;253;435
2026-06-08T12:51:02.0000000Z;53.47;53.54;253;253
2026-06-08T12:51:03.0000000Z;53.47;53.54;5968;5500
2026-06-08T12:51:06.0000000Z;53.47;53.54;5968;5500
2026-06-08T12:51:07.0000000Z;53.47;53.54;5968;5500
2026-06-08T12:51:11.0000000Z;53.47;53.54;5500;154
2026-06-08T12:51:18.0000000Z;53.47;53.54;5500;407
2026-06-08T12:51:20.0000000Z;53.47;53.54;5500;407
2026-06-08T12:51:26.0000000Z;53.47;53.54;5500;154
2026-06-08T12:51:36.0000000Z;53.47;53.54;5500;407
2026-06-08T12:51:55.0000000Z;53.47;53.54;5500;407
2026-06-08T12:52:00.0000000Z;53.46;53.54;253;407
2026-06-08T12:52:01.0000000Z;53.47;53.54;253;253
2026-06-08T12:52:05.0000000Z;53.46;53.53;253;5500
2026-06-08T12:52:06.0000000Z;53.46;53.53;5968;5500
2026-06-08T12:52:07.0000000Z;53.47;53.54;253;253
2026-06-08T12:52:08.0000000Z;53.47;53.53;5500;5500
2026-06-08T12:52:09.0000000Z;53.46;53.53;253;253
2026-06-08T12:52:11.0000000Z;53.45;53.53;253;253
2026-06-08T12:52:12.0000000Z;53.45;53.53;253;253
2026-06-08T12:52:13.0000000Z;53.46;53.53;253;253
2026-06-08T12:52:17.0000000Z;53.47;53.54;253;253
2026-06-08T12:52:18.0000000Z;53.46;53.53;253;253
2026-06-08T12:52:19.0000000Z;53.46;53.54;5500;253
2026-06-08T12:52:22.0000000Z;53.47;53.54;253;253
2026-06-08T12:52:23.0000000Z;53.47;53.53;5500;253
2026-06-08T12:52:25.0000000Z;53.47;53.55;253;253
2026-06-08T12:52:26.0000000Z;53.47;53.54;253;5967
2026-06-08T12:52:27.0000000Z;53.47;53.54;253;154
2026-06-08T12:52:28.0000000Z;53.47;53.54;253;5500
2026-06-08T12:52:30.0000000Z;53.47;53.54;253;5500
2026-06-08T12:52:31.0000000Z;53.47;53.54;253;407
2026-06-08T12:52:46.0000000Z;53.47;53.54;253;407
2026-06-08T12:52:51.0000000Z;53.47;53.54;253;154
2026-06-08T12:53:06.0000000Z;53.47;53.54;253;407
2026-06-08T12:53:08.0000000Z;53.47;53.54;253;407
2026-06-08T12:53:09.0000000Z;53.47;53.54;253;407
2026-06-08T12:53:11.0000000Z;53.46;53.53;253;5500
2026-06-08T12:53:14.0000000Z;53.46;53.53;5968;5500
2026-06-08T12:53:19.0000000Z;53.46;53.53;5500;5500
2026-06-08T12:53:25.0000000Z;53.47;53.54;253;253
2026-06-08T12:53:26.0000000Z;53.47;53.54;253;5967
2026-06-08T12:53:27.0000000Z;53.47;53.54;253;154
2026-06-08T12:53:30.0000000Z;53.47;53.54;253;5500
2026-06-08T12:53:33.0000000Z;53.48;53.55;5500;182
2026-06-08T12:53:34.0000000Z;53.49;53.55;253;182
2026-06-08T12:53:35.0000000Z;53.49;53.55;5500;182
2026-06-08T12:53:36.0000000Z;53.49;53.55;5500;5967
2026-06-08T12:53:37.0000000Z;53.49;53.55;5500;5967
2026-06-08T12:53:38.0000000Z;53.5;53.56;253;186
2026-06-08T12:53:39.0000000Z;53.5;53.56;253;186
2026-06-08T12:53:40.0000000Z;53.5;53.56;5500;186
2026-06-08T12:53:41.0000000Z;53.5;53.55;5500;5500
2026-06-08T12:53:42.0000000Z;53.5;53.56;5500;5500
2026-06-08T12:53:47.0000000Z;53.5;53.56;5500;5500
2026-06-08T12:54:06.0000000Z;53.49;53.56;253;439
2026-06-08T12:54:08.0000000Z;53.49;53.56;5968;439
2026-06-08T12:54:09.0000000Z;53.49;53.56;253;439
2026-06-08T12:54:11.0000000Z;53.5;53.56;253;186
2026-06-08T12:54:12.0000000Z;53.5;53.56;5500;186
2026-06-08T12:54:25.0000000Z;53.5;53.57;5500;186
2026-06-08T12:54:27.0000000Z;53.5;53.57;5500;186
2026-06-08T12:54:28.0000000Z;53.5;53.57;5500;5967
2026-06-08T12:54:29.0000000Z;53.51;53.57;253;5967
2026-06-08T12:54:31.0000000Z;53.5;53.57;253;5967
2026-06-08T12:54:34.0000000Z;53.5;53.57;5500;5500
2026-06-08T12:54:35.0000000Z;53.51;53.57;5500;5500
2026-06-08T12:54:43.0000000Z;53.51;53.57;5500;5500
2026-06-08T12:54:45.0000000Z;53.51;53.57;253;5500
2026-06-08T12:54:50.0000000Z;53.52;53.58;5500;5967
2026-06-08T12:54:55.0000000Z;53.52;53.58;5500;5967
2026-06-08T12:54:56.0000000Z;53.5;53.58;253;439
2026-06-08T12:54:58.0000000Z;53.5;53.58;5500;5500
2026-06-08T12:55:01.0000000Z;53.5;53.58;5500;5500
2026-06-08T12:55:09.0000000Z;53.5;53.58;5500;5500
2026-06-08T12:55:20.0000000Z;53.5;53.58;5500;5500
2026-06-08T12:55:38.0000000Z;53.5;53.58;5500;5500
2026-06-08T12:55:45.0000000Z;53.51;53.58;5500;5500
2026-06-08T12:55:47.0000000Z;53.51;53.58;5500;5500
2026-06-08T12:55:49.0000000Z;53.51;53.58;5500;5500
2026-06-08T12:55:51.0000000Z;53.51;53.58;5500;5500
2026-06-08T12:56:08.0000000Z;53.51;53.58;253;5500
2026-06-08T12:56:19.0000000Z;53.5;53.58;253;5500
2026-06-08T12:56:21.0000000Z;53.5;53.58;5968;5500
2026-06-08T12:56:26.0000000Z;53.5;53.58;5500;5500
2026-06-08T12:56:28.0000000Z;53.5;53.58;5500;5500
2026-06-08T12:56:30.0000000Z;53.5;53.58;5500;5500
2026-06-08T12:56:46.0000000Z;53.5;53.56;5500;173
2026-06-08T12:56:47.0000000Z;53.5;53.56;5500;5500
2026-06-08T12:56:48.0000000Z;53.5;53.56;5500;173
2026-06-08T12:56:49.0000000Z;53.5;53.56;5500;173
2026-06-08T12:56:51.0000000Z;53.5;53.56;5500;173
2026-06-08T12:56:59.0000000Z;53.5;53.56;5500;173
2026-06-08T12:56:59.0000000Z;53.5;53.56;253;173
2026-06-08T12:57:00.0000000Z;53.49;53.56;253;426
2026-06-08T12:57:03.0000000Z;53.49;53.56;5968;426
2026-06-08T12:57:04.0000000Z;53.49;53.56;5500;426
2026-06-08T12:57:07.0000000Z;53.48;53.56;253;426
2026-06-08T12:57:09.0000000Z;53.49;53.56;253;173
2026-06-08T12:57:10.0000000Z;53.49;53.56;5500;173
2026-06-08T12:57:16.0000000Z;53.49;53.56;5500;173
2026-06-08T12:57:17.0000000Z;53.49;53.56;5500;426
2026-06-08T12:57:19.0000000Z;53.48;53.55;253;253
2026-06-08T12:57:20.0000000Z;53.48;53.55;253;5500
2026-06-08T12:57:21.0000000Z;53.48;53.55;5968;5500
2026-06-08T12:57:26.0000000Z;53.49;53.56;253;253
2026-06-08T12:57:27.0000000Z;53.49;53.56;5500;253
2026-06-08T12:57:28.0000000Z;53.48;53.56;5500;253
2026-06-08T12:57:29.0000000Z;53.48;53.56;5500;5967
2026-06-08T12:57:33.0000000Z;53.48;53.56;5500;5967
2026-06-08T12:57:34.0000000Z;53.48;53.55;5500;253
2026-06-08T12:57:35.0000000Z;53.48;53.55;5500;5500
2026-06-08T12:57:37.0000000Z;53.47;53.54;253;253
2026-06-08T12:57:39.0000000Z;53.47;53.54;5968;253
2026-06-08T12:57:40.0000000Z;53.47;53.55;5968;253
2026-06-08T12:57:41.0000000Z;53.47;53.54;5500;253
2026-06-08T12:57:45.0000000Z;53.48;53.55;253;253
2026-06-08T12:57:46.0000000Z;53.48;53.55;5500;253
2026-06-08T12:57:47.0000000Z;53.47;53.54;253;253
2026-06-08T12:57:48.0000000Z;53.46;53.54;253;253
2026-06-08T12:57:49.0000000Z;53.47;53.54;253;253
2026-06-08T12:57:53.0000000Z;53.46;53.54;253;253
2026-06-08T12:57:55.0000000Z;53.47;53.54;5500;253
2026-06-08T12:57:56.0000000Z;53.46;53.54;253;253
2026-06-08T12:57:57.0000000Z;53.47;53.54;5500;253
2026-06-08T12:57:58.0000000Z;53.47;53.54;5500;253
2026-06-08T12:57:59.0000000Z;53.46;53.54;5500;253
2026-06-08T12:58:01.0000000Z;53.46;53.54;5500;253
2026-06-08T12:58:04.0000000Z;53.46;53.54;5500;253
2026-06-08T12:58:07.0000000Z;53.46;53.54;5500;253
2026-06-08T12:58:09.0000000Z;53.46;53.54;5500;253
2026-06-08T12:58:18.0000000Z;53.46;53.54;5500;253
2026-06-08T12:58:23.0000000Z;53.46;53.54;253;253
2026-06-08T12:58:24.0000000Z;53.46;53.54;5500;253
2026-06-08T12:58:27.0000000Z;53.47;53.53;5500;142
2026-06-08T12:58:29.0000000Z;53.47;53.53;5500;5500
2026-06-08T12:58:30.0000000Z;53.47;53.53;5500;5500
2026-06-08T12:58:42.0000000Z;53.48;53.54;253;171
2026-06-08T12:58:43.0000000Z;53.48;53.54;5500;171
2026-06-08T12:58:45.0000000Z;53.48;53.54;5500;5967
2026-06-08T12:58:47.0000000Z;53.48;53.55;5500;186
2026-06-08T12:58:49.0000000Z;53.48;53.54;5500;467
2026-06-08T12:58:50.0000000Z;53.48;53.55;5500;5500
2026-06-08T12:58:51.0000000Z;53.48;53.55;253;5500
2026-06-08T12:58:52.0000000Z;53.48;53.55;253;5500
2026-06-08T12:58:53.0000000Z;53.48;53.55;5500;5500
2026-06-08T12:59:04.0000000Z;53.49;53.55;253;5500
2026-06-08T12:59:05.0000000Z;53.49;53.55;5500;5500
2026-06-08T12:59:13.0000000Z;53.49;53.55;5500;5500
2026-06-08T12:59:23.0000000Z;53.5;53.56;5500;186
2026-06-08T12:59:24.0000000Z;53.49;53.56;253;439
2026-06-08T12:59:25.0000000Z;53.49;53.56;5500;5967
2026-06-08T12:59:27.0000000Z;53.49;53.56;5500;5967
2026-06-08T12:59:31.0000000Z;53.49;53.56;5500;5500
2026-06-08T12:59:38.0000000Z;53.49;53.56;253;5500
2026-06-08T12:59:53.0000000Z;53.48;53.56;253;5500
2026-06-08T12:59:54.0000000Z;53.49;53.56;253;5500
2026-06-08T13:00:00.0000000Z;53.5;53.56;253;186
2026-06-08T13:00:01.0000000Z;53.5;53.56;253;186
2026-06-08T13:00:02.0000000Z;53.5;53.57;5500;186
2026-06-08T13:00:04.0000000Z;53.5;53.57;5500;5967
2026-06-08T13:00:06.0000000Z;53.5;53.57;5500;439
2026-06-08T13:00:10.0000000Z;53.49;53.55;253;5500
2026-06-08T13:00:11.0000000Z;53.49;53.55;253;5500
2026-06-08T13:00:12.0000000Z;53.48;53.55;253;5500
2026-06-08T13:00:16.0000000Z;53.49;53.55;468;5500
2026-06-08T13:00:19.0000000Z;53.48;53.55;5500;5500
2026-06-08T13:00:20.0000000Z;53.48;53.55;5500;5500
2026-06-08T13:00:21.0000000Z;53.5;53.56;253;186
2026-06-08T13:00:23.0000000Z;53.49;53.55;253;186
2026-06-08T13:00:24.0000000Z;53.49;53.55;253;186
2026-06-08T13:00:25.0000000Z;53.49;53.56;5500;439
2026-06-08T13:00:26.0000000Z;53.5;53.56;253;186
2026-06-08T13:00:27.0000000Z;53.5;53.56;5500;186
2026-06-08T13:00:28.0000000Z;53.5;53.56;5500;5967
2026-06-08T13:00:29.0000000Z;53.51;53.56;253;5967
2026-06-08T13:00:30.0000000Z;53.51;53.58;5500;439
2026-06-08T13:00:32.0000000Z;53.51;53.57;5500;186
2026-06-08T13:00:33.0000000Z;53.51;53.57;5500;439
2026-06-08T13:00:34.0000000Z;53.5;53.57;5500;439
2026-06-08T13:00:35.0000000Z;53.5;53.57;5500;186
2026-06-08T13:00:40.0000000Z;53.5;53.57;5500;5500
2026-06-08T13:00:41.0000000Z;53.5;53.57;5500;5500
2026-06-08T13:00:42.0000000Z;53.5;53.57;5500;439
2026-06-08T13:00:43.0000000Z;53.5;53.57;5500;439
2026-06-08T13:00:47.0000000Z;53.5;53.57;5500;439
2026-06-08T13:00:48.0000000Z;53.5;53.57;5500;439
2026-06-08T13:00:51.0000000Z;53.49;53.55;253;176
2026-06-08T13:00:52.0000000Z;53.49;53.55;253;5500
2026-06-08T13:00:54.0000000Z;53.48;53.55;253;5500
2026-06-08T13:00:56.0000000Z;53.49;53.55;468;429
2026-06-08T13:00:58.0000000Z;53.49;53.55;468;429
2026-06-08T13:00:59.0000000Z;53.47;53.54;253;5500
2026-06-08T13:01:01.0000000Z;53.48;53.54;5500;5500
2026-06-08T13:01:02.0000000Z;53.46;53.54;253;5500
2026-06-08T13:01:03.0000000Z;53.47;53.54;253;5500
2026-06-08T13:01:04.0000000Z;53.47;53.54;253;5500
2026-06-08T13:01:07.0000000Z;53.46;53.54;253;5500
2026-06-08T13:01:10.0000000Z;53.46;53.54;5968;5500
2026-06-08T13:01:13.0000000Z;53.45;53.53;253;253
2026-06-08T13:01:14.0000000Z;53.45;53.52;253;253
2026-06-08T13:01:15.0000000Z;53.45;53.52;253;253
2026-06-08T13:01:16.0000000Z;53.45;53.52;5968;5500
2026-06-08T13:01:23.0000000Z;53.44;53.52;253;5500
2026-06-08T13:01:24.0000000Z;53.45;53.52;468;5500
2026-06-08T13:01:25.0000000Z;53.44;53.52;5500;5500
2026-06-08T13:01:30.0000000Z;53.44;53.52;5500;5500
2026-06-08T13:01:35.0000000Z;53.44;53.52;5500;5500
2026-06-08T13:01:36.0000000Z;53.44;53.51;127;5500
2026-06-08T13:01:43.0000000Z;53.44;53.52;380;253
2026-06-08T13:01:44.0000000Z;53.44;53.51;127;5500
2026-06-08T13:01:45.0000000Z;53.44;53.51;380;5500
2026-06-08T13:01:46.0000000Z;53.44;53.51;127;5500
2026-06-08T13:01:51.0000000Z;53.44;53.51;127;5500
2026-06-08T13:01:52.0000000Z;53.44;53.51;127;5500
2026-06-08T13:02:03.0000000Z;53.44;53.52;380;253
2026-06-08T13:02:04.0000000Z;53.45;53.52;5500;5968
2026-06-08T13:02:09.0000000Z;53.45;53.52;5500;5500
2026-06-08T13:02:10.0000000Z;53.44;53.51;127;253
2026-06-08T13:02:12.0000000Z;53.44;53.51;5968;253
2026-06-08T13:02:16.0000000Z;53.44;53.51;5500;253
2026-06-08T13:02:25.0000000Z;53.44;53.52;380;253
2026-06-08T13:02:26.0000000Z;53.44;53.52;380;5968
2026-06-08T13:02:30.0000000Z;53.44;53.52;380;5968
2026-06-08T13:02:31.0000000Z;53.44;53.52;380;5968
2026-06-08T13:02:32.0000000Z;53.44;53.52;380;5500
2026-06-08T13:02:34.0000000Z;53.44;53.51;127;253
2026-06-08T13:02:35.0000000Z;53.44;53.51;127;5500
2026-06-08T13:02:38.0000000Z;53.44;53.52;380;253
2026-06-08T13:02:40.0000000Z;53.44;53.52;380;5500
2026-06-08T13:02:41.0000000Z;53.44;53.52;380;5500
2026-06-08T13:02:42.0000000Z;53.44;53.52;380;5500
2026-06-08T13:02:54.0000000Z;53.44;53.51;127;253
2026-06-08T13:03:00.0000000Z;53.44;53.51;127;253
2026-06-08T13:03:04.0000000Z;53.44;53.5;127;253
2026-06-08T13:03:05.0000000Z;53.44;53.5;127;5500
2026-06-08T13:03:10.0000000Z;53.44;53.51;127;253
2026-06-08T13:03:13.0000000Z;53.44;53.52;380;253
2026-06-08T13:03:15.0000000Z;53.44;53.52;380;5968
2026-06-08T13:03:21.0000000Z;53.44;53.52;380;5500
2026-06-08T13:03:24.0000000Z;53.44;53.52;380;5500
2026-06-08T13:03:25.0000000Z;53.44;53.52;380;5500
2026-06-08T13:03:29.0000000Z;53.45;53.52;253;5500
2026-06-08T13:03:30.0000000Z;53.45;53.52;5500;5500
2026-06-08T13:03:32.0000000Z;53.44;53.52;253;5500
2026-06-08T13:03:33.0000000Z;53.44;53.52;253;5500
2026-06-08T13:03:34.0000000Z;53.45;53.52;253;5500
2026-06-08T13:03:35.0000000Z;53.46;53.53;253;253
2026-06-08T13:03:36.0000000Z;53.46;53.53;5500;253
2026-06-08T13:03:37.0000000Z;53.46;53.53;5500;5968
2026-06-08T13:03:38.0000000Z;53.46;53.53;5500;5500
2026-06-08T13:03:40.0000000Z;53.46;53.53;5500;5500
2026-06-08T13:03:42.0000000Z;53.45;53.52;253;253
2026-06-08T13:03:43.0000000Z;53.45;53.52;253;5500
2026-06-08T13:03:45.0000000Z;53.45;53.52;5968;5500
2026-06-08T13:03:47.0000000Z;53.45;53.52;5968;5500
2026-06-08T13:03:52.0000000Z;53.45;53.52;5500;5500
2026-06-08T13:03:56.0000000Z;53.45;53.52;5500;5500
2026-06-08T13:04:00.0000000Z;53.44;53.52;253;5500
2026-06-08T13:04:01.0000000Z;53.44;53.52;5968;5500
2026-06-08T13:04:05.0000000Z;53.44;53.51;5968;5500
2026-06-08T13:04:06.0000000Z;53.44;53.5;127;253
2026-06-08T13:04:07.0000000Z;53.44;53.5;127;5500
2026-06-08T13:04:08.0000000Z;53.44;53.5;127;5500
2026-06-08T13:04:13.0000000Z;53.44;53.5;127;5500
2026-06-08T13:04:15.0000000Z;53.44;53.5;127;5500
2026-06-08T13:04:16.0000000Z;53.44;53.5;127;5500
2026-06-08T13:04:17.0000000Z;53.44;53.5;127;5500
2026-06-08T13:04:19.0000000Z;53.44;53.51;380;253
2026-06-08T13:04:22.0000000Z;53.44;53.51;380;5968
2026-06-08T13:04:27.0000000Z;53.44;53.51;380;5500
2026-06-08T13:04:31.0000000Z;53.44;53.51;380;5500
2026-06-08T13:04:35.0000000Z;53.44;53.51;380;5500
2026-06-08T13:04:38.0000000Z;53.44;53.51;380;5500
2026-06-08T13:04:41.0000000Z;53.44;53.52;380;253
2026-06-08T13:04:42.0000000Z;53.44;53.52;380;5968
2026-06-08T13:04:46.0000000Z;53.44;53.52;380;5500
2026-06-08T13:04:50.0000000Z;53.44;53.52;380;5500
2026-06-08T13:04:54.0000000Z;53.44;53.51;380;253
2026-06-08T13:04:55.0000000Z;53.44;53.51;380;5500
2026-06-08T13:04:57.0000000Z;53.44;53.52;380;253
2026-06-08T13:04:58.0000000Z;53.44;53.52;380;253
2026-06-08T13:04:59.0000000Z;53.44;53.51;380;253
2026-06-08T13:05:01.0000000Z;53.44;53.51;380;253
2026-06-08T13:05:06.0000000Z;53.44;53.51;127;253
2026-06-08T13:05:07.0000000Z;53.44;53.5;127;253
2026-06-08T13:05:14.0000000Z;53.44;53.5;127;253
2026-06-08T13:05:18.0000000Z;53.44;53.5;127;253
2026-06-08T13:05:20.0000000Z;53.43;53.5;154;253
2026-06-08T13:05:23.0000000Z;53.43;53.5;407;253
2026-06-08T13:05:24.0000000Z;53.43;53.5;5968;253
2026-06-08T13:05:25.0000000Z;53.43;53.5;154;253
2026-06-08T13:05:27.0000000Z;53.43;53.5;5500;253
2026-06-08T13:05:30.0000000Z;53.43;53.5;5500;253
2026-06-08T13:05:31.0000000Z;53.43;53.5;5500;253
2026-06-08T13:05:38.0000000Z;53.43;53.5;5500;253
2026-06-08T13:05:39.0000000Z;53.42;53.49;182;253
2026-06-08T13:05:40.0000000Z;53.42;53.49;182;5500
2026-06-08T13:05:41.0000000Z;53.42;53.49;182;5500
2026-06-08T13:05:42.0000000Z;53.42;53.49;5968;5500
2026-06-08T13:05:45.0000000Z;53.42;53.49;5968;5500
2026-06-08T13:05:46.0000000Z;53.42;53.49;5968;5500
2026-06-08T13:05:48.0000000Z;53.42;53.49;5500;5500
2026-06-08T13:05:50.0000000Z;53.42;53.49;5500;5500
2026-06-08T13:05:51.0000000Z;53.42;53.49;5500;5500
2026-06-08T13:05:53.0000000Z;53.42;53.49;5500;5500
2026-06-08T13:05:55.0000000Z;53.42;53.49;5500;5500
2026-06-08T13:05:56.0000000Z;53.42;53.49;5500;253
2026-06-08T13:05:57.0000000Z;53.42;53.48;5500;253
2026-06-08T13:05:58.0000000Z;53.42;53.48;5500;5500
2026-06-08T13:06:03.0000000Z;53.42;53.49;5500;253
2026-06-08T13:06:04.0000000Z;53.42;53.49;5500;253
2026-06-08T13:06:05.0000000Z;53.42;53.49;5500;253
2026-06-08T13:06:06.0000000Z;53.42;53.48;5500;253
2026-06-08T13:06:07.0000000Z;53.42;53.48;5500;5500
2026-06-08T13:06:09.0000000Z;53.42;53.48;5500;5500
2026-06-08T13:06:15.0000000Z;53.42;53.49;5500;253
2026-06-08T13:06:18.0000000Z;53.42;53.48;5500;253
2026-06-08T13:06:19.0000000Z;53.42;53.49;5500;253
2026-06-08T13:06:22.0000000Z;53.42;53.49;5500;5500
2026-06-08T13:06:23.0000000Z;53.42;53.49;435;5500
2026-06-08T13:06:33.0000000Z;53.42;53.49;435;5500
2026-06-08T13:06:35.0000000Z;53.42;53.49;435;5500
2026-06-08T13:06:41.0000000Z;53.43;53.5;154;253
2026-06-08T13:06:42.0000000Z;53.43;53.5;5500;253
2026-06-08T13:06:44.0000000Z;53.43;53.5;5500;5968
2026-06-08T13:06:48.0000000Z;53.43;53.5;5500;5500
2026-06-08T13:06:56.0000000Z;53.43;53.5;5500;5500
2026-06-08T13:06:57.0000000Z;53.43;53.5;5500;5500
2026-06-08T13:07:03.0000000Z;53.43;53.5;5500;5500
2026-06-08T13:07:04.0000000Z;53.43;53.49;154;5500
2026-06-08T13:07:10.0000000Z;53.43;53.49;154;5500
2026-06-08T13:07:11.0000000Z;53.43;53.5;407;253
2026-06-08T13:07:12.0000000Z;53.43;53.5;407;5968
2026-06-08T13:07:15.0000000Z;53.43;53.5;407;5968
2026-06-08T13:07:16.0000000Z;53.43;53.5;407;253
2026-06-08T13:07:17.0000000Z;53.43;53.5;407;468
2026-06-08T13:07:18.0000000Z;53.43;53.51;407;5500
2026-06-08T13:07:19.0000000Z;53.43;53.51;407;5500
2026-06-08T13:07:27.0000000Z;53.44;53.51;127;253
2026-06-08T13:07:33.0000000Z;53.44;53.52;380;253
2026-06-08T13:07:34.0000000Z;53.44;53.52;380;5968
2026-06-08T13:07:35.0000000Z;53.44;53.51;127;253
2026-06-08T13:07:38.0000000Z;53.44;53.51;127;253
2026-06-08T13:07:39.0000000Z;53.43;53.51;253;253
2026-06-08T13:07:40.0000000Z;53.43;53.51;253;253
2026-06-08T13:07:42.0000000Z;53.43;53.51;5500;253
2026-06-08T13:07:44.0000000Z;53.43;53.51;5500;253
2026-06-08T13:07:48.0000000Z;53.43;53.51;5500;253
2026-06-08T13:07:49.0000000Z;53.43;53.51;5500;253
2026-06-08T13:07:50.0000000Z;53.43;53.51;5500;253
2026-06-08T13:07:51.0000000Z;53.43;53.51;5500;253
2026-06-08T13:07:52.0000000Z;53.43;53.5;5500;253
2026-06-08T13:07:53.0000000Z;53.43;53.51;5500;253
2026-06-08T13:07:55.0000000Z;53.43;53.5;5500;253
2026-06-08T13:07:56.0000000Z;53.43;53.5;5500;5500
2026-06-08T13:07:57.0000000Z;53.43;53.5;5500;5500
2026-06-08T13:07:59.0000000Z;53.43;53.5;5500;5500
2026-06-08T13:08:10.0000000Z;53.43;53.5;5500;5500
2026-06-08T13:08:16.0000000Z;53.43;53.51;5500;253
2026-06-08T13:08:18.0000000Z;53.43;53.51;5500;5968
2026-06-08T13:08:19.0000000Z;53.43;53.51;5500;5968
2026-06-08T13:08:23.0000000Z;53.43;53.51;5500;5500
2026-06-08T13:08:34.0000000Z;53.43;53.51;5500;5500
2026-06-08T13:08:39.0000000Z;53.44;53.52;253;253
2026-06-08T13:08:40.0000000Z;53.44;53.52;5500;253
2026-06-08T13:08:42.0000000Z;53.44;53.52;253;5968
2026-06-08T13:08:45.0000000Z;53.44;53.52;253;5500
2026-06-08T13:08:46.0000000Z;53.44;53.52;253;5500
2026-06-08T13:08:48.0000000Z;53.45;53.52;253;5500
2026-06-08T13:08:54.0000000Z;53.46;53.53;5500;253
2026-06-08T13:08:55.0000000Z;53.46;53.53;5500;253
2026-06-08T13:08:56.0000000Z;53.46;53.53;5500;5500
2026-06-08T13:08:59.0000000Z;53.46;53.54;5500;253
2026-06-08T13:09:01.0000000Z;53.46;53.54;5500;5967
2026-06-08T13:09:03.0000000Z;53.46;53.53;5500;253
2026-06-08T13:09:05.0000000Z;53.46;53.54;5500;253
2026-06-08T13:09:06.0000000Z;53.46;53.54;5500;5967
2026-06-08T13:09:07.0000000Z;53.46;53.54;5500;5967
2026-06-08T13:09:08.0000000Z;53.46;53.54;5500;5500
2026-06-08T13:09:09.0000000Z;53.46;53.54;5500;5500
2026-06-08T13:09:17.0000000Z;53.47;53.54;5500;5500
2026-06-08T13:09:18.0000000Z;53.47;53.54;5500;5500
2026-06-08T13:09:19.0000000Z;53.46;53.54;253;5500
2026-06-08T13:09:21.0000000Z;53.46;53.54;5500;5500
2026-06-08T13:09:23.0000000Z;53.47;53.54;5500;5500
2026-06-08T13:09:25.0000000Z;53.47;53.54;5500;5500
2026-06-08T13:09:27.0000000Z;53.46;53.54;253;5500
2026-06-08T13:09:29.0000000Z;53.46;53.54;5968;5500
2026-06-08T13:09:34.0000000Z;53.46;53.54;5500;5500
2026-06-08T13:09:38.0000000Z;53.46;53.53;5500;5500
2026-06-08T13:09:42.0000000Z;53.46;53.54;5500;253
2026-06-08T13:09:48.0000000Z;53.46;53.54;5500;253
2026-06-08T13:09:52.0000000Z;53.46;53.54;5500;253
2026-06-08T13:09:53.0000000Z;53.46;53.54;5500;253
2026-06-08T13:09:58.0000000Z;53.46;53.53;5500;253
2026-06-08T13:09:59.0000000Z;53.46;53.53;5500;253
2026-06-08T13:10:00.0000000Z;53.46;53.53;253;253
2026-06-08T13:10:02.0000000Z;53.46;53.54;253;253
2026-06-08T13:10:04.0000000Z;53.46;53.53;253;253
2026-06-08T13:10:06.0000000Z;53.46;53.53;253;253
2026-06-08T13:10:08.0000000Z;53.45;53.52;253;253
2026-06-08T13:10:09.0000000Z;53.45;53.52;5968;253
2026-06-08T13:10:12.0000000Z;53.44;53.52;253;253
2026-06-08T13:10:13.0000000Z;53.45;53.52;253;253
2026-06-08T13:10:16.0000000Z;53.45;53.52;5500;253
2026-06-08T13:10:17.0000000Z;53.44;53.52;253;253
2026-06-08T13:10:19.0000000Z;53.44;53.52;5968;253
2026-06-08T13:10:25.0000000Z;53.43;53.52;253;253
2026-06-08T13:10:26.0000000Z;53.44;53.51;127;5500
2026-06-08T13:10:27.0000000Z;53.44;53.5;127;253
2026-06-08T13:10:28.0000000Z;53.44;53.5;127;5500
2026-06-08T13:10:29.0000000Z;53.44;53.5;127;5500
2026-06-08T13:10:30.0000000Z;53.44;53.51;127;253
2026-06-08T13:10:31.0000000Z;53.44;53.52;380;253
2026-06-08T13:10:33.0000000Z;53.44;53.51;127;253
2026-06-08T13:10:34.0000000Z;53.44;53.52;380;5968
2026-06-08T13:10:37.0000000Z;53.44;53.51;127;253
2026-06-08T13:10:38.0000000Z;53.44;53.51;380;5500
2026-06-08T13:10:44.0000000Z;53.44;53.52;380;253
2026-06-08T13:10:45.0000000Z;53.44;53.52;380;5968
2026-06-08T13:10:47.0000000Z;53.44;53.51;127;253
2026-06-08T13:10:54.0000000Z;53.44;53.51;127;253
2026-06-08T13:11:02.0000000Z;53.44;53.52;380;253
2026-06-08T13:11:03.0000000Z;53.44;53.52;380;5968
2026-06-08T13:11:05.0000000Z;53.44;53.52;253;5968
2026-06-08T13:11:07.0000000Z;53.45;53.52;253;5968
2026-06-08T13:11:08.0000000Z;53.45;53.52;5500;5968
2026-06-08T13:11:09.0000000Z;53.45;53.52;5500;5500
2026-06-08T13:11:22.0000000Z;53.45;53.52;5500;5500
2026-06-08T13:11:23.0000000Z;53.45;53.52;5500;5500
2026-06-08T13:11:24.0000000Z;53.45;53.52;5500;5500
2026-06-08T13:11:25.0000000Z;53.45;53.52;5500;5500
2026-06-08T13:11:29.0000000Z;53.45;53.52;5500;5500
2026-06-08T13:11:30.0000000Z;53.44;53.52;253;5500
2026-06-08T13:11:33.0000000Z;53.44;53.52;5968;5500
2026-06-08T13:11:34.0000000Z;53.44;53.52;5968;5500
2026-06-08T13:11:37.0000000Z;53.44;53.52;5500;5500
2026-06-08T13:11:44.0000000Z;53.45;53.52;5500;5500
2026-06-08T13:11:45.0000000Z;53.45;53.52;5500;5500
2026-06-08T13:11:46.0000000Z;53.45;53.52;253;253
2026-06-08T13:11:47.0000000Z;53.45;53.52;253;253
2026-06-08T13:11:48.0000000Z;53.46;53.53;253;253
2026-06-08T13:11:49.0000000Z;53.46;53.53;5500;253
2026-06-08T13:11:50.0000000Z;53.46;53.53;5500;253
2026-06-08T13:11:51.0000000Z;53.46;53.53;5500;5500
2026-06-08T13:11:55.0000000Z;53.46;53.53;5500;5500
2026-06-08T13:11:56.0000000Z;53.45;53.52;253;5500
2026-06-08T13:11:57.0000000Z;53.45;53.52;5968;5500
2026-06-08T13:11:58.0000000Z;53.45;53.52;5968;5500
2026-06-08T13:11:59.0000000Z;53.46;53.53;5500;253
2026-06-08T13:12:01.0000000Z;53.46;53.53;5500;5500
2026-06-08T13:12:02.0000000Z;53.45;53.52;253;253
2026-06-08T13:12:03.0000000Z;53.45;53.52;5500;253
2026-06-08T13:12:05.0000000Z;53.45;53.52;5500;253
2026-06-08T13:12:09.0000000Z;53.45;53.52;5500;253
2026-06-08T13:12:16.0000000Z;53.45;53.52;5500;253
2026-06-08T13:12:22.0000000Z;53.44;53.52;253;253
2026-06-08T13:12:24.0000000Z;53.44;53.52;5968;253
2026-06-08T13:12:28.0000000Z;53.44;53.52;5500;253
2026-06-08T13:12:35.0000000Z;53.44;53.51;127;253
2026-06-08T13:12:36.0000000Z;53.44;53.51;127;5500
2026-06-08T13:12:40.0000000Z;53.44;53.52;380;253
2026-06-08T13:12:42.0000000Z;53.44;53.52;380;5500
2026-06-08T13:12:44.0000000Z;53.45;53.52;253;5500
2026-06-08T13:12:45.0000000Z;53.45;53.52;5500;5500
2026-06-08T13:12:47.0000000Z;53.46;53.53;5500;253
2026-06-08T13:12:48.0000000Z;53.46;53.53;5500;253
2026-06-08T13:12:50.0000000Z;53.46;53.53;5500;5968
2026-06-08T13:12:52.0000000Z;53.46;53.54;5500;253
2026-06-08T13:12:53.0000000Z;53.46;53.53;5500;5500
2026-06-08T13:12:54.0000000Z;53.46;53.54;5500;5500
2026-06-08T13:13:00.0000000Z;53.47;53.54;253;5500
2026-06-08T13:13:01.0000000Z;53.47;53.54;5500;5500
2026-06-08T13:13:02.0000000Z;53.47;53.54;5500;5500
2026-06-08T13:13:04.0000000Z;53.48;53.54;253;171
2026-06-08T13:13:05.0000000Z;53.48;53.54;253;171
2026-06-08T13:13:12.0000000Z;53.48;53.54;253;171
2026-06-08T13:13:13.0000000Z;53.48;53.54;253;171
2026-06-08T13:13:14.0000000Z;53.48;53.54;253;171
2026-06-08T13:13:16.0000000Z;53.48;53.54;253;171
2026-06-08T13:13:17.0000000Z;53.48;53.54;253;171
2026-06-08T13:13:18.0000000Z;53.48;53.54;253;171
2026-06-08T13:13:19.0000000Z;53.48;53.55;253;186
2026-06-08T13:13:20.0000000Z;53.48;53.55;253;439
2026-06-08T13:13:21.0000000Z;53.48;53.55;253;439
2026-06-08T13:13:22.0000000Z;53.48;53.55;253;5967
2026-06-08T13:13:23.0000000Z;53.48;53.55;253;5967
2026-06-08T13:13:24.0000000Z;53.47;53.54;253;253
2026-06-08T13:13:26.0000000Z;53.47;53.54;5968;253
2026-06-08T13:13:28.0000000Z;53.47;53.54;5968;253
2026-06-08T13:13:29.0000000Z;53.47;53.54;5968;253
2026-06-08T13:13:30.0000000Z;53.48;53.54;5500;171
2026-06-08T13:13:31.0000000Z;53.48;53.54;5500;171
2026-06-08T13:13:34.0000000Z;53.48;53.54;5500;171
2026-06-08T13:13:35.0000000Z;53.48;53.55;5500;186
2026-06-08T13:13:36.0000000Z;53.48;53.55;5500;439
2026-06-08T13:13:38.0000000Z;53.48;53.55;5500;5967
2026-06-08T13:13:43.0000000Z;53.48;53.55;5500;5500
2026-06-08T13:13:47.0000000Z;53.48;53.54;253;171
2026-06-08T13:13:48.0000000Z;53.48;53.54;253;5500
2026-06-08T13:13:53.0000000Z;53.48;53.54;253;5500
2026-06-08T13:13:59.0000000Z;53.48;53.54;253;171
2026-06-08T13:14:01.0000000Z;53.47;53.54;253;424
2026-06-08T13:14:02.0000000Z;53.47;53.54;5968;424
2026-06-08T13:14:07.0000000Z;53.47;53.54;5500;424
2026-06-08T13:14:13.0000000Z;53.47;53.54;5500;424
2026-06-08T13:14:19.0000000Z;53.47;53.54;5500;424
2026-06-08T13:14:24.0000000Z;53.47;53.54;5500;424
2026-06-08T13:14:25.0000000Z;53.47;53.54;253;424
2026-06-08T13:14:26.0000000Z;53.48;53.54;5500;171
2026-06-08T13:14:32.0000000Z;53.48;53.54;5500;171
2026-06-08T13:14:36.0000000Z;53.48;53.54;5500;171
2026-06-08T13:14:37.0000000Z;53.47;53.54;253;424
2026-06-08T13:14:40.0000000Z;53.47;53.54;5968;424
2026-06-08T13:14:41.0000000Z;53.47;53.54;5968;424
2026-06-08T13:14:42.0000000Z;53.47;53.54;5500;424
2026-06-08T13:14:43.0000000Z;53.47;53.54;253;424
2026-06-08T13:14:53.0000000Z;53.47;53.54;253;424
2026-06-08T13:14:57.0000000Z;53.47;53.54;253;424
2026-06-08T13:15:07.0000000Z;53.47;53.54;253;424
2026-06-08T13:15:09.0000000Z;53.46;53.54;253;424
2026-06-08T13:15:11.0000000Z;53.47;53.54;253;424
2026-06-08T13:15:12.0000000Z;53.47;53.54;253;424
2026-06-08T13:15:14.0000000Z;53.47;53.54;253;424
2026-06-08T13:15:19.0000000Z;53.48;53.54;253;171
2026-06-08T13:15:22.0000000Z;53.47;53.54;253;424
2026-06-08T13:15:24.0000000Z;53.47;53.54;5500;424
2026-06-08T13:15:29.0000000Z;53.47;53.54;5500;424
2026-06-08T13:15:30.0000000Z;53.46;53.53;253;253
2026-06-08T13:15:31.0000000Z;53.46;53.53;253;5500
2026-06-08T13:15:32.0000000Z;53.46;53.53;5968;5500
2026-06-08T13:15:36.0000000Z;53.46;53.53;5500;5500
2026-06-08T13:15:53.0000000Z;53.46;53.53;5500;5500
2026-06-08T13:15:59.0000000Z;53.46;53.53;5500;5500
2026-06-08T13:15:59.0000000Z;53.46;53.53;5500;5500
2026-06-08T13:16:04.0000000Z;53.46;53.53;5500;5500
2026-06-08T13:16:08.0000000Z;53.46;53.53;5500;5500
2026-06-08T13:16:18.0000000Z;53.46;53.53;5500;5500
2026-06-08T13:16:26.0000000Z;53.46;53.53;5500;5500
2026-06-08T13:16:27.0000000Z;53.46;53.53;5500;5500
2026-06-08T13:16:37.0000000Z;53.46;53.53;5500;5500
2026-06-08T13:16:39.0000000Z;53.46;53.53;5500;5500
2026-06-08T13:16:43.0000000Z;53.46;53.53;5500;5500
2026-06-08T13:16:44.0000000Z;53.46;53.53;5500;5500
2026-06-08T13:16:45.0000000Z;53.46;53.53;5500;5500
2026-06-08T13:16:46.0000000Z;53.46;53.53;5500;5500
2026-06-08T13:16:47.0000000Z;53.46;53.53;5500;5500
2026-06-08T13:16:53.0000000Z;53.45;53.53;253;5500
2026-06-08T13:16:55.0000000Z;53.45;53.53;5968;5500
2026-06-08T13:16:58.0000000Z;53.45;53.53;5500;5500
2026-06-08T13:17:03.0000000Z;53.45;53.53;5500;5500
2026-06-08T13:17:04.0000000Z;53.45;53.53;5500;5500
2026-06-08T13:17:05.0000000Z;53.45;53.53;5500;5500
2026-06-08T13:17:11.0000000Z;53.44;53.52;253;253
2026-06-08T13:17:12.0000000Z;53.44;53.52;253;5500
2026-06-08T13:17:13.0000000Z;53.44;53.52;5968;5500
2026-06-08T13:17:18.0000000Z;53.44;53.52;5500;5500
2026-06-08T13:17:20.0000000Z;53.44;53.52;5500;5500
2026-06-08T13:17:21.0000000Z;53.44;53.52;5500;5500
2026-06-08T13:17:22.0000000Z;53.44;53.52;5500;5500
2026-06-08T13:17:23.0000000Z;53.45;53.53;5500;253
2026-06-08T13:17:25.0000000Z;53.45;53.53;5500;5968
2026-06-08T13:17:29.0000000Z;53.46;53.53;253;5968
2026-06-08T13:17:30.0000000Z;53.46;53.53;5500;5500
2026-06-08T13:17:36.0000000Z;53.45;53.53;253;5500
2026-06-08T13:17:37.0000000Z;53.45;53.53;5968;5500
2026-06-08T13:17:43.0000000Z;53.45;53.53;5500;5500
2026-06-08T13:17:45.0000000Z;53.44;53.52;253;253
2026-06-08T13:17:46.0000000Z;53.45;53.52;5500;5500
2026-06-08T13:17:51.0000000Z;53.45;53.52;253;253
2026-06-08T13:17:52.0000000Z;53.45;53.52;253;253
2026-06-08T13:17:55.0000000Z;53.45;53.52;253;253
2026-06-08T13:17:57.0000000Z;53.45;53.52;253;253
2026-06-08T13:17:59.0000000Z;53.46;53.53;5500;253
2026-06-08T13:18:01.0000000Z;53.46;53.53;5500;5968
2026-06-08T13:18:05.0000000Z;53.45;53.53;253;5968
2026-06-08T13:18:06.0000000Z;53.46;53.53;253;5500
2026-06-08T13:18:16.0000000Z;53.45;53.53;253;253
2026-06-08T13:18:17.0000000Z;53.46;53.53;253;253
2026-06-08T13:18:18.0000000Z;53.46;53.53;253;5500
2026-06-08T13:18:25.0000000Z;53.46;53.53;253;5500
2026-06-08T13:18:27.0000000Z;53.46;53.53;253;5500
2026-06-08T13:18:28.0000000Z;53.46;53.54;253;253
2026-06-08T13:18:31.0000000Z;53.46;53.54;253;5967
2026-06-08T13:18:34.0000000Z;53.46;53.53;253;253
2026-06-08T13:18:35.0000000Z;53.46;53.53;253;253
2026-06-08T13:18:36.0000000Z;53.46;53.54;253;253
2026-06-08T13:18:37.0000000Z;53.46;53.54;253;253
2026-06-08T13:18:39.0000000Z;53.46;53.54;253;5967
2026-06-08T13:18:40.0000000Z;53.46;53.54;253;5500
2026-06-08T13:18:42.0000000Z;53.46;53.53;253;253
2026-06-08T13:18:43.0000000Z;53.46;53.53;253;5500
2026-06-08T13:18:47.0000000Z;53.46;53.53;253;5500
2026-06-08T13:18:48.0000000Z;53.46;53.54;253;253
2026-06-08T13:18:49.0000000Z;53.46;53.54;253;253
2026-06-08T13:18:50.0000000Z;53.46;53.53;253;253
2026-06-08T13:18:52.0000000Z;53.46;53.53;253;253
2026-06-08T13:18:57.0000000Z;53.46;53.53;253;253
2026-06-08T13:18:59.0000000Z;53.46;53.53;253;253
2026-06-08T13:19:01.0000000Z;53.46;53.53;253;253
2026-06-08T13:19:02.0000000Z;53.46;53.53;253;253
2026-06-08T13:19:04.0000000Z;53.45;53.52;253;253
2026-06-08T13:19:06.0000000Z;53.46;53.53;253;253
2026-06-08T13:19:07.0000000Z;53.46;53.53;253;253
2026-06-08T13:19:08.0000000Z;53.46;53.53;253;5500
2026-06-08T13:19:10.0000000Z;53.46;53.53;253;5500
2026-06-08T13:19:11.0000000Z;53.46;53.53;253;5500
2026-06-08T13:19:14.0000000Z;53.46;53.53;253;5500
2026-06-08T13:19:15.0000000Z;53.46;53.53;253;5500
2026-06-08T13:19:17.0000000Z;53.46;53.53;253;5500
2026-06-08T13:19:19.0000000Z;53.45;53.52;253;253
2026-06-08T13:19:20.0000000Z;53.45;53.52;253;5500
2026-06-08T13:19:22.0000000Z;53.45;53.52;5968;5500
2026-06-08T13:19:25.0000000Z;53.45;53.52;5968;5500
2026-06-08T13:19:26.0000000Z;53.45;53.52;5500;5500
2026-06-08T13:19:31.0000000Z;53.45;53.52;5500;5500
2026-06-08T13:19:32.0000000Z;53.45;53.52;5500;5500
2026-06-08T13:19:41.0000000Z;53.45;53.52;5500;5500
2026-06-08T13:19:44.0000000Z;53.46;53.53;253;253
2026-06-08T13:19:45.0000000Z;53.46;53.53;5500;253
2026-06-08T13:19:46.0000000Z;53.46;53.53;5500;5968
2026-06-08T13:19:47.0000000Z;53.46;53.54;5500;253
2026-06-08T13:19:48.0000000Z;53.46;53.53;5500;468
2026-06-08T13:19:49.0000000Z;53.46;53.53;5500;468
2026-06-08T13:19:50.0000000Z;53.47;53.53;5500;468
2026-06-08T13:19:52.0000000Z;53.47;53.54;5500;5500
2026-06-08T13:19:57.0000000Z;53.47;53.54;5500;5500
2026-06-08T13:20:00.0000000Z;53.46;53.54;253;5500
2026-06-08T13:20:02.0000000Z;53.46;53.54;5968;5500
2026-06-08T13:20:06.0000000Z;53.47;53.54;253;5500
2026-06-08T13:20:09.0000000Z;53.47;53.54;253;5500
2026-06-08T13:20:12.0000000Z;53.47;53.54;253;5500
2026-06-08T13:20:16.0000000Z;53.46;53.54;253;5500
2026-06-08T13:20:18.0000000Z;53.46;53.54;5968;5500
2026-06-08T13:20:21.0000000Z;53.46;53.54;5968;5500
2026-06-08T13:20:22.0000000Z;53.46;53.54;5500;5500
2026-06-08T13:20:25.0000000Z;53.47;53.54;253;5500
2026-06-08T13:20:26.0000000Z;53.47;53.54;5500;5500
2026-06-08T13:20:30.0000000Z;53.48;53.55;253;253
2026-06-08T13:20:31.0000000Z;53.47;53.54;253;253
2026-06-08T13:20:32.0000000Z;53.48;53.55;253;253
2026-06-08T13:20:33.0000000Z;53.48;53.55;5500;253
2026-06-08T13:20:34.0000000Z;53.48;53.55;5500;5500
2026-06-08T13:20:37.0000000Z;53.48;53.55;5500;169
2026-06-08T13:20:38.0000000Z;53.48;53.55;5500;169
2026-06-08T13:20:39.0000000Z;53.48;53.55;5500;169
2026-06-08T13:20:40.0000000Z;53.49;53.56;253;186
2026-06-08T13:20:41.0000000Z;53.49;53.56;253;186
2026-06-08T13:20:42.0000000Z;53.49;53.56;5500;5967
2026-06-08T13:20:47.0000000Z;53.49;53.56;5500;5967
2026-06-08T13:20:50.0000000Z;53.5;53.56;5500;5967
2026-06-08T13:20:52.0000000Z;53.5;53.56;5500;5500
2026-06-08T13:20:53.0000000Z;53.49;53.56;253;5500
2026-06-08T13:20:54.0000000Z;53.49;53.56;5968;5500
2026-06-08T13:20:56.0000000Z;53.5;53.56;253;5500
2026-06-08T13:20:57.0000000Z;53.5;53.56;5500;5500
2026-06-08T13:20:58.0000000Z;53.5;53.56;5500;5500
2026-06-08T13:20:59.0000000Z;53.5;53.56;5500;5500
2026-06-08T13:21:01.0000000Z;53.5;53.56;5500;5500
2026-06-08T13:21:05.0000000Z;53.49;53.56;253;5500
2026-06-08T13:21:06.0000000Z;53.49;53.56;5968;5500
2026-06-08T13:21:13.0000000Z;53.49;53.56;5500;5500
2026-06-08T13:21:17.0000000Z;53.49;53.56;5500;5500
2026-06-08T13:21:19.0000000Z;53.5;53.56;5500;5500
2026-06-08T13:21:21.0000000Z;53.5;53.56;5500;5500
2026-06-08T13:21:22.0000000Z;53.51;53.57;253;186
2026-06-08T13:21:24.0000000Z;53.51;53.57;253;5967
2026-06-08T13:21:25.0000000Z;53.51;53.57;253;5967
2026-06-08T13:21:26.0000000Z;53.51;53.57;253;5500
2026-06-08T13:21:46.0000000Z;53.51;53.57;253;5500
2026-06-08T13:21:47.0000000Z;53.51;53.58;253;439
2026-06-08T13:21:49.0000000Z;53.51;53.58;253;5967
2026-06-08T13:21:53.0000000Z;53.51;53.58;253;5967
2026-06-08T13:21:56.0000000Z;53.51;53.58;253;5500
2026-06-08T13:21:58.0000000Z;53.51;53.58;253;5500
2026-06-08T13:21:59.0000000Z;53.51;53.57;253;186
2026-06-08T13:22:01.0000000Z;53.51;53.58;253;186
2026-06-08T13:22:02.0000000Z;53.51;53.58;253;186
2026-06-08T13:22:05.0000000Z;53.51;53.58;253;5500
2026-06-08T13:22:06.0000000Z;53.51;53.58;253;5500
2026-06-08T13:22:09.0000000Z;53.52;53.58;253;5500
2026-06-08T13:22:10.0000000Z;53.52;53.58;5500;5500
2026-06-08T13:22:12.0000000Z;53.52;53.58;5500;5500
2026-06-08T13:22:21.0000000Z;53.52;53.58;5500;5500
2026-06-08T13:22:22.0000000Z;53.51;53.58;253;5500
2026-06-08T13:22:25.0000000Z;53.52;53.58;253;5500
2026-06-08T13:22:26.0000000Z;53.51;53.58;253;5500
2026-06-08T13:22:28.0000000Z;53.51;53.58;253;5500
2026-06-08T13:22:29.0000000Z;53.51;53.58;253;5500
2026-06-08T13:22:30.0000000Z;53.51;53.58;253;5500
2026-06-08T13:22:32.0000000Z;53.51;53.58;5500;5500
2026-06-08T13:22:33.0000000Z;53.52;53.58;253;5500
2026-06-08T13:22:34.0000000Z;53.52;53.58;5500;5500
2026-06-08T13:22:35.0000000Z;53.52;53.58;5500;5500
2026-06-08T13:22:38.0000000Z;53.52;53.58;5500;5500
2026-06-08T13:22:39.0000000Z;53.51;53.58;253;5500
2026-06-08T13:22:40.0000000Z;53.51;53.58;253;5500
2026-06-08T13:22:41.0000000Z;53.52;53.58;5500;5500
2026-06-08T13:22:43.0000000Z;53.52;53.59;5500;253
2026-06-08T13:22:44.0000000Z;53.53;53.59;253;174
2026-06-08T13:22:45.0000000Z;53.53;53.59;5500;5967
2026-06-08T13:22:46.0000000Z;53.53;53.6;5500;431
2026-06-08T13:22:47.0000000Z;53.53;53.61;5500;253
2026-06-08T13:22:49.0000000Z;53.53;53.61;5500;5500
2026-06-08T13:22:50.0000000Z;53.53;53.6;5500;160
2026-06-08T13:22:53.0000000Z;53.53;53.6;5500;5500
2026-06-08T13:22:54.0000000Z;53.53;53.6;5500;5500
2026-06-08T13:23:05.0000000Z;53.53;53.6;5500;5500
2026-06-08T13:23:10.0000000Z;53.53;53.6;5500;5500
2026-06-08T13:23:12.0000000Z;53.52;53.6;253;413
2026-06-08T13:23:13.0000000Z;53.52;53.6;253;413
2026-06-08T13:23:15.0000000Z;53.52;53.6;5968;413
2026-06-08T13:23:19.0000000Z;53.52;53.6;5968;413
2026-06-08T13:23:23.0000000Z;53.52;53.6;5500;413
2026-06-08T13:23:24.0000000Z;53.52;53.6;5500;413
2026-06-08T13:23:33.0000000Z;53.52;53.6;5500;413
2026-06-08T13:23:36.0000000Z;53.51;53.59;253;253
2026-06-08T13:23:37.0000000Z;53.52;53.59;253;5500
2026-06-08T13:23:46.0000000Z;53.52;53.59;253;5500
2026-06-08T13:23:47.0000000Z;53.52;53.59;253;5500
2026-06-08T13:23:48.0000000Z;53.52;53.59;253;5500
2026-06-08T13:23:56.0000000Z;53.51;53.59;253;5500
2026-06-08T13:23:57.0000000Z;53.51;53.59;253;5500
2026-06-08T13:24:01.0000000Z;53.51;53.59;253;5500
2026-06-08T13:24:02.0000000Z;53.51;53.59;253;5500
2026-06-08T13:24:04.0000000Z;53.51;53.59;5500;5500
2026-06-08T13:24:06.0000000Z;53.52;53.59;253;5500
2026-06-08T13:24:07.0000000Z;53.52;53.59;5500;5500
2026-06-08T13:24:13.0000000Z;53.51;53.59;253;5500
2026-06-08T13:24:16.0000000Z;53.51;53.59;5500;5500
2026-06-08T13:24:18.0000000Z;53.51;53.59;5500;5500
2026-06-08T13:24:20.0000000Z;53.51;53.58;5500;5500
2026-06-08T13:24:21.0000000Z;53.51;53.58;5500;5500
2026-06-08T13:24:22.0000000Z;53.5;53.57;253;253
2026-06-08T13:24:23.0000000Z;53.5;53.57;253;5500
2026-06-08T13:24:24.0000000Z;53.5;53.57;5968;5500
2026-06-08T13:24:28.0000000Z;53.5;53.57;5500;5500
2026-06-08T13:24:34.0000000Z;53.5;53.57;5500;5500
2026-06-08T13:24:36.0000000Z;53.5;53.57;5500;5500
2026-06-08T13:24:37.0000000Z;53.49;53.57;253;5500
2026-06-08T13:24:39.0000000Z;53.49;53.57;253;5500
2026-06-08T13:24:40.0000000Z;53.49;53.57;5968;5500
2026-06-08T13:24:41.0000000Z;53.49;53.57;5968;5500
2026-06-08T13:24:42.0000000Z;53.49;53.57;5968;5500
2026-06-08T13:24:43.0000000Z;53.49;53.57;5968;5500
2026-06-08T13:24:44.0000000Z;53.49;53.57;5500;5500
2026-06-08T13:24:47.0000000Z;53.49;53.57;5500;5500
2026-06-08T13:24:50.0000000Z;53.49;53.57;5500;5500
2026-06-08T13:24:51.0000000Z;53.49;53.57;5500;5500
2026-06-08T13:24:52.0000000Z;53.49;53.57;5500;5500
2026-06-08T13:24:53.0000000Z;53.49;53.57;5500;5500
2026-06-08T13:25:00.0000000Z;53.5;53.57;253;5500
2026-06-08T13:25:01.0000000Z;53.49;53.57;253;5500
2026-06-08T13:25:03.0000000Z;53.49;53.57;253;5500
2026-06-08T13:25:04.0000000Z;53.5;53.57;253;5500
2026-06-08T13:25:05.0000000Z;53.5;53.57;253;5500
2026-06-08T13:25:08.0000000Z;53.5;53.57;253;5500
2026-06-08T13:25:17.0000000Z;53.5;53.57;253;5500
2026-06-08T13:25:23.0000000Z;53.51;53.58;253;253
2026-06-08T13:25:24.0000000Z;53.5;53.58;253;5967
2026-06-08T13:25:25.0000000Z;53.5;53.57;253;253
2026-06-08T13:25:26.0000000Z;53.5;53.57;253;5500
2026-06-08T13:25:27.0000000Z;53.5;53.57;253;5500
2026-06-08T13:25:28.0000000Z;53.5;53.57;5500;5500
2026-06-08T13:25:30.0000000Z;53.5;53.57;5500;5500
2026-06-08T13:25:35.0000000Z;53.51;53.58;5500;253
2026-06-08T13:25:36.0000000Z;53.51;53.58;5500;253
2026-06-08T13:25:38.0000000Z;53.51;53.58;5500;5967
2026-06-08T13:25:43.0000000Z;53.51;53.58;5500;5500
2026-06-08T13:25:54.0000000Z;53.51;53.58;5500;5500
2026-06-08T13:25:55.0000000Z;53.51;53.58;5500;5500
2026-06-08T13:25:56.0000000Z;53.51;53.59;5500;253
2026-06-08T13:25:58.0000000Z;53.51;53.59;5500;5967
2026-06-08T13:25:59.0000000Z;53.51;53.58;5500;253
2026-06-08T13:25:59.0000000Z;53.51;53.58;5500;253
2026-06-08T13:26:00.0000000Z;53.51;53.58;5500;5500
2026-06-08T13:26:18.0000000Z;53.5;53.57;253;253
2026-06-08T13:26:20.0000000Z;53.5;53.57;5968;253
2026-06-08T13:26:22.0000000Z;53.49;53.57;253;253
2026-06-08T13:26:24.0000000Z;53.49;53.57;5500;253
2026-06-08T13:26:28.0000000Z;53.5;53.57;5500;253
2026-06-08T13:26:35.0000000Z;53.5;53.57;5500;253
2026-06-08T13:26:37.0000000Z;53.49;53.57;253;253
2026-06-08T13:26:38.0000000Z;53.5;53.57;253;253
2026-06-08T13:26:50.0000000Z;53.5;53.57;253;253
2026-06-08T13:26:51.0000000Z;53.51;53.58;253;253
2026-06-08T13:26:52.0000000Z;53.51;53.58;5500;253
2026-06-08T13:26:53.0000000Z;53.5;53.57;253;253
2026-06-08T13:26:54.0000000Z;53.51;53.57;5500;253
2026-06-08T13:26:56.0000000Z;53.5;53.57;5500;253
2026-06-08T13:27:04.0000000Z;53.5;53.57;5500;253
2026-06-08T13:27:10.0000000Z;53.49;53.57;253;253
2026-06-08T13:27:13.0000000Z;53.49;53.57;5968;253
2026-06-08T13:27:17.0000000Z;53.49;53.57;5500;253
2026-06-08T13:27:40.0000000Z;53.44;53.57;187;253
2026-06-08T13:27:41.0000000Z;53.49;53.57;253;253
2026-06-08T13:27:51.0000000Z;53.49;53.57;253;253
2026-06-08T13:28:00.0000000Z;53.49;53.57;253;253
2026-06-08T13:28:07.0000000Z;53.5;53.57;253;253
2026-06-08T13:28:08.0000000Z;53.5;53.57;5500;253
2026-06-08T13:28:09.0000000Z;53.33;53.76;143;3993
2026-06-08T13:28:10.0000000Z;53.48;53.58;468;467
2026-06-08T13:28:11.0000000Z;53.48;53.58;468;467
2026-06-08T13:28:13.0000000Z;53.48;53.75;468;56
2026-06-08T13:28:20.0000000Z;53.33;53.77;5500;4049
2026-06-08T13:28:21.0000000Z;53.34;53.77;780;4829
2026-06-08T13:28:22.0000000Z;53.34;53.77;5500;4829
2026-06-08T13:28:23.0000000Z;53.34;53.77;5500;5500
2026-06-08T13:28:31.0000000Z;53.34;53.77;5500;5500
2026-06-08T13:28:35.0000000Z;53.34;53.57;5500;253
2026-06-08T13:28:36.0000000Z;53.5;53.57;253;5500
2026-06-08T13:28:37.0000000Z;53.51;53.58;5500;253
2026-06-08T13:28:39.0000000Z;53.51;53.58;5500;5500
2026-06-08T13:28:41.0000000Z;53.51;53.58;5500;5500
2026-06-08T13:28:42.0000000Z;53.5;53.57;253;253
2026-06-08T13:28:43.0000000Z;53.5;53.57;253;5500
2026-06-08T13:28:45.0000000Z;53.5;53.57;5968;5500
2026-06-08T13:28:47.0000000Z;53.49;53.57;253;5500
2026-06-08T13:28:49.0000000Z;53.49;53.57;5500;5500
2026-06-08T13:29:00.0000000Z;53.49;53.56;5500;253
2026-06-08T13:29:01.0000000Z;53.49;53.56;5500;5500
2026-06-08T13:29:04.0000000Z;53.48;53.55;253;253
2026-06-08T13:29:05.0000000Z;53.48;53.55;253;5500
2026-06-08T13:29:06.0000000Z;53.48;53.55;253;5500
2026-06-08T13:29:07.0000000Z;53.48;53.55;5500;5500
2026-06-08T13:29:11.0000000Z;53.49;53.56;253;253
2026-06-08T13:29:12.0000000Z;53.49;53.56;5500;253
2026-06-08T13:29:13.0000000Z;53.49;53.56;253;5967
2026-06-08T13:29:17.0000000Z;53.49;53.57;253;253
2026-06-08T13:29:18.0000000Z;53.49;53.56;253;5500
2026-06-08T13:29:19.0000000Z;53.49;53.57;253;5500
2026-06-08T13:29:20.0000000Z;53.49;53.56;253;253
2026-06-08T13:29:22.0000000Z;53.49;53.56;253;5500
2026-06-08T13:29:23.0000000Z;53.48;53.55;253;253
2026-06-08T13:29:24.0000000Z;53.48;53.55;253;5500
2026-06-08T13:29:26.0000000Z;53.49;53.56;253;5500
2026-06-08T13:29:27.0000000Z;53.49;53.55;253;5500
2026-06-08T13:29:28.0000000Z;53.49;53.57;253;253
2026-06-08T13:29:29.0000000Z;53.49;53.56;253;5500
2026-06-08T13:29:31.0000000Z;53.49;53.57;253;5500
2026-06-08T13:29:38.0000000Z;53.5;53.57;253;5500
2026-06-08T13:29:40.0000000Z;53.5;53.57;253;5500
2026-06-08T13:29:45.0000000Z;53.5;53.57;253;5500
2026-06-08T13:29:46.0000000Z;53.5;53.57;253;5500
2026-06-08T13:29:48.0000000Z;53.33;53.65;780;780
2026-06-08T13:29:49.0000000Z;53.33;53.75;780;780
2026-06-08T13:29:50.0000000Z;53.5;53.57;253;253
2026-06-08T13:29:51.0000000Z;53.49;53.56;253;5500
2026-06-08T13:29:52.0000000Z;53.49;53.56;253;5500
2026-06-08T13:29:53.0000000Z;53.49;53.56;5968;5500
2026-06-08T13:29:56.0000000Z;53.49;53.56;5500;5500
2026-06-08T13:29:57.0000000Z;53.49;53.56;5500;5500
2026-06-08T13:29:58.0000000Z;53.49;53.56;5500;5500
2026-06-08T13:30:00.0000000Z;53.49;53.56;5500;5500
2026-06-08T13:30:01.0000000Z;53.49;53.56;5500;5500
2026-06-08T13:30:02.0000000Z;53.48;53.56;253;5500
2026-06-08T13:30:03.0000000Z;53.5;53.57;253;253
2026-06-08T13:30:04.0000000Z;53.5;53.57;5500;253
2026-06-08T13:30:06.0000000Z;53.51;53.58;253;253
2026-06-08T13:30:07.0000000Z;53.51;53.57;253;5967
2026-06-08T13:30:08.0000000Z;53.51;53.59;5500;253
2026-06-08T13:30:09.0000000Z;53.52;53.57;253;467
2026-06-08T13:30:10.0000000Z;53.51;53.57;253;467
2026-06-08T13:30:12.0000000Z;53.51;53.57;253;467
2026-06-08T13:30:13.0000000Z;53.51;53.57;253;467
2026-06-08T13:30:14.0000000Z;53.52;53.57;253;467
2026-06-08T13:30:15.0000000Z;53.53;53.6;253;253
2026-06-08T13:30:16.0000000Z;53.52;53.59;253;253
2026-06-08T13:30:17.0000000Z;53.52;53.59;5500;253
2026-06-08T13:30:19.0000000Z;53.52;53.59;5500;253
2026-06-08T13:30:20.0000000Z;53.52;53.59;5500;253
2026-06-08T13:30:21.0000000Z;53.52;53.59;5500;253
2026-06-08T13:30:22.0000000Z;53.52;53.59;5500;253
2026-06-08T13:30:24.0000000Z;53.52;53.59;5500;253
2026-06-08T13:30:26.0000000Z;53.53;53.6;253;253
2026-06-08T13:30:28.0000000Z;53.53;53.61;5500;253
2026-06-08T13:30:29.0000000Z;53.53;53.6;5500;5967
2026-06-08T13:30:30.0000000Z;53.53;53.6;5500;253
2026-06-08T13:30:31.0000000Z;53.53;53.61;5500;5500
2026-06-08T13:30:32.0000000Z;53.53;53.61;5500;5500
2026-06-08T13:30:33.0000000Z;53.53;53.6;5500;5500
2026-06-08T13:30:36.0000000Z;53.53;53.61;5500;253
2026-06-08T13:30:37.0000000Z;53.54;53.62;253;253
2026-06-08T13:30:38.0000000Z;53.54;53.62;253;253
2026-06-08T13:30:39.0000000Z;53.54;53.62;253;5967
2026-06-08T13:30:40.0000000Z;53.55;53.62;253;5967
2026-06-08T13:30:41.0000000Z;53.56;53.63;253;253
2026-06-08T13:30:42.0000000Z;53.56;53.63;5500;253
2026-06-08T13:30:43.0000000Z;53.56;53.62;5500;467
2026-06-08T13:30:45.0000000Z;53.56;53.63;5500;5500
2026-06-08T13:30:46.0000000Z;53.56;53.63;5500;5500
2026-06-08T13:30:49.0000000Z;53.56;53.64;5500;253
2026-06-08T13:30:50.0000000Z;53.56;53.64;5500;253
2026-06-08T13:30:51.0000000Z;53.57;53.64;253;5967
2026-06-08T13:30:52.0000000Z;53.57;53.64;5500;5967
2026-06-08T13:30:55.0000000Z;53.56;53.63;253;253
2026-06-08T13:30:56.0000000Z;53.56;53.63;253;5500
2026-06-08T13:30:57.0000000Z;53.57;53.64;253;253
2026-06-08T13:30:58.0000000Z;53.56;53.64;253;253
2026-06-08T13:30:59.0000000Z;53.56;53.64;253;5967
2026-06-08T13:31:02.0000000Z;53.56;53.64;253;5500
2026-06-08T13:31:03.0000000Z;53.56;53.63;253;5500
2026-06-08T13:31:09.0000000Z;53.56;53.63;253;5500
2026-06-08T13:31:11.0000000Z;53.56;53.64;253;253
2026-06-08T13:31:13.0000000Z;53.56;53.64;253;5500
2026-06-08T13:31:14.0000000Z;53.56;53.63;253;5500
2026-06-08T13:31:15.0000000Z;53.56;53.63;253;5500
2026-06-08T13:31:16.0000000Z;53.57;53.64;5500;253
2026-06-08T13:31:17.0000000Z;53.56;53.64;253;5500
2026-06-08T13:31:18.0000000Z;53.56;53.63;253;5500
2026-06-08T13:31:19.0000000Z;53.56;53.63;5500;5500
2026-06-08T13:31:22.0000000Z;53.57;53.64;253;253
2026-06-08T13:31:23.0000000Z;53.57;53.64;5500;5500
2026-06-08T13:31:24.0000000Z;53.57;53.64;5500;5500
2026-06-08T13:31:25.0000000Z;53.56;53.63;253;253
2026-06-08T13:31:26.0000000Z;53.57;53.64;253;253
2026-06-08T13:31:28.0000000Z;53.58;53.65;253;253
2026-06-08T13:31:29.0000000Z;53.58;53.65;5500;253
2026-06-08T13:31:30.0000000Z;53.58;53.65;5500;253
2026-06-08T13:31:31.0000000Z;53.58;53.65;5500;5966
2026-06-08T13:31:32.0000000Z;53.57;53.64;253;253
2026-06-08T13:31:33.0000000Z;53.57;53.64;253;253
2026-06-08T13:31:34.0000000Z;53.57;53.64;253;5500
2026-06-08T13:31:35.0000000Z;53.57;53.65;5500;253
2026-06-08T13:31:37.0000000Z;53.58;53.65;5500;253
2026-06-08T13:31:39.0000000Z;53.58;53.65;5500;5500
2026-06-08T13:31:44.0000000Z;53.58;53.66;5500;253
2026-06-08T13:31:45.0000000Z;53.58;53.66;5500;253
2026-06-08T13:31:46.0000000Z;53.58;53.65;5500;253
2026-06-08T13:31:47.0000000Z;53.58;53.65;5500;253
2026-06-08T13:31:48.0000000Z;53.57;53.65;253;253
2026-06-08T13:31:51.0000000Z;53.57;53.64;5967;253
2026-06-08T13:31:53.0000000Z;53.57;53.64;5967;5500
2026-06-08T13:31:56.0000000Z;53.57;53.64;5500;5500
2026-06-08T13:31:57.0000000Z;53.57;53.65;5500;253
2026-06-08T13:31:59.0000000Z;53.57;53.65;5500;253
2026-06-08T13:32:00.0000000Z;53.57;53.64;253;170
2026-06-08T13:32:01.0000000Z;53.57;53.64;253;5500
2026-06-08T13:32:03.0000000Z;53.57;53.64;253;5500
2026-06-08T13:32:04.0000000Z;53.58;53.64;5500;5500
2026-06-08T13:32:06.0000000Z;53.6;53.64;253;5500
2026-06-08T13:32:07.0000000Z;53.59;53.65;5500;186
2026-06-08T13:32:08.0000000Z;53.59;53.65;5500;186
2026-06-08T13:32:09.0000000Z;53.58;53.65;253;186
2026-06-08T13:32:10.0000000Z;53.58;53.65;253;5500
2026-06-08T13:32:11.0000000Z;53.59;53.65;253;5500
2026-06-08T13:32:16.0000000Z;53.6;53.66;253;186
2026-06-08T13:32:17.0000000Z;53.6;53.66;5500;186
2026-06-08T13:32:20.0000000Z;53.61;53.67;253;186
2026-06-08T13:32:21.0000000Z;53.61;53.67;253;186
2026-06-08T13:32:22.0000000Z;53.61;53.68;5500;186
2026-06-08T13:32:24.0000000Z;53.61;53.66;5500;5500
2026-06-08T13:32:26.0000000Z;53.61;53.68;5500;5500
2026-06-08T13:32:28.0000000Z;53.59;53.66;253;181
2026-06-08T13:32:29.0000000Z;53.59;53.66;253;5500
2026-06-08T13:32:30.0000000Z;53.6;53.66;467;5500
2026-06-08T13:32:31.0000000Z;53.6;53.66;253;5500
2026-06-08T13:32:33.0000000Z;53.6;53.66;5967;5500
2026-06-08T13:32:36.0000000Z;53.59;53.66;253;5500
2026-06-08T13:32:37.0000000Z;53.58;53.66;253;434
2026-06-08T13:32:38.0000000Z;53.6;53.65;467;253
2026-06-08T13:32:39.0000000Z;53.6;53.65;467;5500
2026-06-08T13:32:40.0000000Z;53.6;53.65;467;5500
2026-06-08T13:32:41.0000000Z;53.59;53.65;5500;5500
2026-06-08T13:32:42.0000000Z;53.59;53.65;253;153
2026-06-08T13:32:43.0000000Z;53.59;53.65;5500;153
2026-06-08T13:32:45.0000000Z;53.59;53.65;5500;153
2026-06-08T13:32:46.0000000Z;53.59;53.65;5500;153
2026-06-08T13:32:47.0000000Z;53.6;53.66;253;181
2026-06-08T13:32:48.0000000Z;53.6;53.66;5500;181
2026-06-08T13:32:50.0000000Z;53.59;53.66;253;434
2026-06-08T13:32:52.0000000Z;53.59;53.66;253;434
2026-06-08T13:32:53.0000000Z;53.59;53.66;253;434
2026-06-08T13:32:54.0000000Z;53.59;53.66;5500;434
2026-06-08T13:32:55.0000000Z;53.59;53.66;5500;434
2026-06-08T13:32:56.0000000Z;53.59;53.66;5500;5500
2026-06-08T13:32:57.0000000Z;53.58;53.66;253;5500
2026-06-08T13:32:59.0000000Z;53.58;53.66;253;5500
2026-06-08T13:33:00.0000000Z;53.58;53.66;5967;5500
2026-06-08T13:33:01.0000000Z;53.58;53.65;5967;253
2026-06-08T13:33:02.0000000Z;53.58;53.65;5967;253
2026-06-08T13:33:03.0000000Z;53.58;53.65;5967;5500
2026-06-08T13:33:07.0000000Z;53.58;53.65;5967;5500
2026-06-08T13:33:08.0000000Z;53.58;53.65;5967;5500
2026-06-08T13:33:09.0000000Z;53.58;53.65;5500;5500
2026-06-08T13:33:10.0000000Z;53.58;53.65;5500;153
2026-06-08T13:33:11.0000000Z;53.58;53.65;5500;153
2026-06-08T13:33:13.0000000Z;53.58;53.65;5500;153
2026-06-08T13:33:18.0000000Z;53.58;53.65;5500;153
2026-06-08T13:33:19.0000000Z;53.59;53.65;253;153
2026-06-08T13:33:20.0000000Z;53.59;53.65;5500;153
2026-06-08T13:33:23.0000000Z;53.59;53.65;5500;153
2026-06-08T13:33:25.0000000Z;53.59;53.65;5500;153
2026-06-08T13:33:26.0000000Z;53.6;53.66;253;181
2026-06-08T13:33:27.0000000Z;53.6;53.66;5500;181
2026-06-08T13:33:28.0000000Z;53.6;53.66;5500;5966
2026-06-08T13:33:29.0000000Z;53.59;53.66;253;434
2026-06-08T13:33:30.0000000Z;53.58;53.66;253;434
2026-06-08T13:33:32.0000000Z;53.59;53.66;5500;5500
2026-06-08T13:33:34.0000000Z;53.59;53.66;253;5500
2026-06-08T13:33:36.0000000Z;53.58;53.66;253;5500
2026-06-08T13:33:40.0000000Z;53.58;53.65;5967;253
2026-06-08T13:33:41.0000000Z;53.58;53.65;5967;5500
2026-06-08T13:33:44.0000000Z;53.58;53.65;5500;253
2026-06-08T13:33:45.0000000Z;53.58;53.66;5500;253
2026-06-08T13:33:47.0000000Z;53.58;53.65;5500;153
2026-06-08T13:33:48.0000000Z;53.58;53.65;5500;153
2026-06-08T13:33:49.0000000Z;53.57;53.65;253;406
2026-06-08T13:33:51.0000000Z;53.57;53.65;253;406
2026-06-08T13:33:52.0000000Z;53.57;53.65;5967;406
2026-06-08T13:33:53.0000000Z;53.57;53.64;5967;253
2026-06-08T13:33:54.0000000Z;53.57;53.64;5967;5500
2026-06-08T13:33:55.0000000Z;53.57;53.64;5967;5500
2026-06-08T13:33:57.0000000Z;53.55;53.63;253;253
2026-06-08T13:33:58.0000000Z;53.56;53.63;253;253
2026-06-08T13:33:59.0000000Z;53.56;53.63;253;253
2026-06-08T13:34:00.0000000Z;53.56;53.64;253;253
2026-06-08T13:34:02.0000000Z;53.56;53.63;5500;253
2026-06-08T13:34:03.0000000Z;53.55;53.62;253;253
2026-06-08T13:34:05.0000000Z;53.55;53.62;253;253
2026-06-08T13:34:06.0000000Z;53.55;53.62;5967;253
2026-06-08T13:34:09.0000000Z;53.55;53.62;5967;253
2026-06-08T13:34:10.0000000Z;53.55;53.62;5967;253
2026-06-08T13:34:11.0000000Z;53.54;53.62;253;253
2026-06-08T13:34:13.0000000Z;53.55;53.62;253;253
2026-06-08T13:34:14.0000000Z;53.55;53.62;467;253
2026-06-08T13:34:15.0000000Z;53.55;53.62;5500;253
2026-06-08T13:34:16.0000000Z;53.54;53.61;120;253
2026-06-08T13:34:17.0000000Z;53.54;53.61;120;5500
2026-06-08T13:34:18.0000000Z;53.54;53.6;5967;253
2026-06-08T13:34:19.0000000Z;53.53;53.59;147;253
2026-06-08T13:34:20.0000000Z;53.53;53.59;147;5500
2026-06-08T13:34:22.0000000Z;53.54;53.59;467;5500
2026-06-08T13:34:23.0000000Z;53.52;53.59;174;5500
2026-06-08T13:34:24.0000000Z;53.52;53.58;174;253
2026-06-08T13:34:26.0000000Z;53.52;53.58;174;5500
2026-06-08T13:34:29.0000000Z;53.52;53.58;5500;5500
2026-06-08T13:34:36.0000000Z;53.52;53.58;5500;5500
2026-06-08T13:34:37.0000000Z;53.51;53.57;171;253
2026-06-08T13:34:39.0000000Z;53.51;53.57;171;5500
2026-06-08T13:34:40.0000000Z;53.51;53.57;5968;5500
2026-06-08T13:34:41.0000000Z;53.51;53.58;424;253
2026-06-08T13:34:42.0000000Z;53.51;53.57;171;253
2026-06-08T13:34:46.0000000Z;53.51;53.58;424;253
2026-06-08T13:34:47.0000000Z;53.51;53.58;424;253
2026-06-08T13:34:48.0000000Z;53.51;53.58;424;5500
2026-06-08T13:34:49.0000000Z;53.51;53.57;171;253
2026-06-08T13:34:51.0000000Z;53.51;53.57;5500;5500
2026-06-08T13:34:53.0000000Z;53.5;53.57;186;5500
2026-06-08T13:34:54.0000000Z;53.5;53.57;186;5500
2026-06-08T13:34:56.0000000Z;53.5;53.57;5968;5500
2026-06-08T13:34:57.0000000Z;53.5;53.56;5968;253
2026-06-08T13:34:58.0000000Z;53.5;53.56;5968;5500
2026-06-08T13:35:00.0000000Z;53.49;53.55;186;253
2026-06-08T13:35:01.0000000Z;53.49;53.56;439;253
2026-06-08T13:35:02.0000000Z;53.48;53.55;186;253
2026-06-08T13:35:03.0000000Z;53.5;53.55;5500;5500
2026-06-08T13:35:05.0000000Z;53.5;53.56;159;253
2026-06-08T13:35:06.0000000Z;53.5;53.56;159;253
2026-06-08T13:35:08.0000000Z;53.5;53.57;159;5967
2026-06-08T13:35:09.0000000Z;53.49;53.55;186;253
2026-06-08T13:35:10.0000000Z;53.49;53.56;186;5500
2026-06-08T13:35:11.0000000Z;53.49;53.56;186;5500
2026-06-08T13:35:12.0000000Z;53.49;53.56;5968;253
2026-06-08T13:35:14.0000000Z;53.5;53.57;159;253
2026-06-08T13:35:15.0000000Z;53.5;53.57;5500;253
2026-06-08T13:35:16.0000000Z;53.5;53.57;5500;5500
2026-06-08T13:35:17.0000000Z;53.5;53.56;5500;5500
2026-06-08T13:35:20.0000000Z;53.49;53.56;439;253
2026-06-08T13:35:21.0000000Z;53.5;53.57;253;253
2026-06-08T13:35:23.0000000Z;53.51;53.58;253;253
2026-06-08T13:35:24.0000000Z;53.5;53.57;253;253
2026-06-08T13:35:25.0000000Z;53.51;53.58;253;253
2026-06-08T13:35:26.0000000Z;53.51;53.58;5500;253
2026-06-08T13:35:28.0000000Z;53.51;53.58;253;253
2026-06-08T13:35:29.0000000Z;53.5;53.58;253;5500
2026-06-08T13:35:30.0000000Z;53.5;53.57;159;253
2026-06-08T13:35:32.0000000Z;53.5;53.57;412;5500
2026-06-08T13:35:34.0000000Z;53.51;53.58;253;253
2026-06-08T13:35:36.0000000Z;53.51;53.58;253;253
2026-06-08T13:35:37.0000000Z;53.5;53.57;253;253
2026-06-08T13:35:38.0000000Z;53.5;53.57;253;5500
2026-06-08T13:35:40.0000000Z;53.51;53.58;253;253
2026-06-08T13:35:41.0000000Z;53.5;53.58;5968;253
2026-06-08T13:35:42.0000000Z;53.51;53.6;5500;253
2026-06-08T13:35:43.0000000Z;53.52;53.6;5500;253
2026-06-08T13:35:44.0000000Z;53.52;53.6;5500;253
2026-06-08T13:35:45.0000000Z;53.52;53.6;5500;5500
2026-06-08T13:35:51.0000000Z;53.53;53.61;253;253
2026-06-08T13:35:52.0000000Z;53.53;53.61;5500;253
2026-06-08T13:35:53.0000000Z;53.53;53.61;5500;5967
2026-06-08T13:35:54.0000000Z;53.54;53.62;253;253
2026-06-08T13:35:55.0000000Z;53.54;53.62;5500;253
2026-06-08T13:35:56.0000000Z;53.54;53.62;5500;253
2026-06-08T13:35:57.0000000Z;53.54;53.61;5500;467
2026-06-08T13:35:58.0000000Z;53.55;53.61;253;467
2026-06-08T13:35:59.0000000Z;53.55;53.63;5500;253
2026-06-08T13:35:59.0000000Z;53.56;53.63;253;253
2026-06-08T13:36:00.0000000Z;53.56;53.63;253;253
2026-06-08T13:36:01.0000000Z;53.56;53.64;5500;253
2026-06-08T13:36:02.0000000Z;53.55;53.63;253;253
2026-06-08T13:36:03.0000000Z;53.56;53.64;253;253
2026-06-08T13:36:04.0000000Z;53.56;53.63;253;5500
2026-06-08T13:36:05.0000000Z;53.56;53.64;253;5500
2026-06-08T13:36:08.0000000Z;53.56;53.63;253;253
2026-06-08T13:36:09.0000000Z;53.55;53.62;253;253
2026-06-08T13:36:10.0000000Z;53.55;53.62;253;253
2026-06-08T13:36:11.0000000Z;53.55;53.62;253;5500
2026-06-08T13:36:13.0000000Z;53.55;53.62;5967;253
2026-06-08T13:36:14.0000000Z;53.55;53.62;258;253
2026-06-08T13:36:15.0000000Z;53.56;53.63;253;253
2026-06-08T13:36:16.0000000Z;53.56;53.63;253;253
2026-06-08T13:36:17.0000000Z;53.55;53.62;253;253
2026-06-08T13:36:18.0000000Z;53.55;53.62;253;253
2026-06-08T13:36:19.0000000Z;53.55;53.62;258;253
2026-06-08T13:36:20.0000000Z;53.56;53.63;253;253
2026-06-08T13:36:22.0000000Z;53.52;53.71;161;605
2026-06-08T13:36:23.0000000Z;53.52;53.71;161;605
2026-06-08T13:36:24.0000000Z;53.52;53.71;161;549
2026-06-08T13:36:25.0000000Z;53.52;53.63;941;467
2026-06-08T13:36:26.0000000Z;53.52;53.63;941;467
2026-06-08T13:36:27.0000000Z;53.52;53.63;941;467
2026-06-08T13:36:29.0000000Z;53.54;53.71;95;186
2026-06-08T13:36:30.0000000Z;53.53;53.71;133;465
2026-06-08T13:36:31.0000000Z;53.53;53.71;133;465
2026-06-08T13:36:32.0000000Z;53.53;53.71;133;465
2026-06-08T13:36:33.0000000Z;53.53;53.71;133;465
2026-06-08T13:36:34.0000000Z;53.53;53.71;913;186
2026-06-08T13:36:35.0000000Z;53.53;53.71;913;186
2026-06-08T13:36:36.0000000Z;53.53;53.71;913;465
2026-06-08T13:36:37.0000000Z;53.53;53.71;913;186
2026-06-08T13:36:38.0000000Z;53.53;53.71;913;186
2026-06-08T13:36:41.0000000Z;53.53;53.71;913;242
2026-06-08T13:36:42.0000000Z;53.53;53.71;133;605
2026-06-08T13:36:43.0000000Z;53.53;53.59;133;253
2026-06-08T13:36:45.0000000Z;53.53;53.6;913;253
2026-06-08T13:36:46.0000000Z;53.53;53.61;2535;253
2026-06-08T13:36:47.0000000Z;53.53;53.61;3506;253
2026-06-08T13:36:48.0000000Z;53.53;53.61;1166;253
2026-06-08T13:36:49.0000000Z;53.53;53.61;2915;5500
2026-06-08T13:36:50.0000000Z;53.53;53.61;2915;5500
2026-06-08T13:36:51.0000000Z;53.53;53.61;2915;5500
2026-06-08T13:36:52.0000000Z;53.53;53.61;2915;5500
2026-06-08T13:36:54.0000000Z;53.54;53.61;632;5500
2026-06-08T13:36:55.0000000Z;53.54;53.61;780;5500
2026-06-08T13:36:56.0000000Z;53.54;53.6;75;253
2026-06-08T13:36:58.0000000Z;53.53;53.61;1033;253
2026-06-08T13:36:59.0000000Z;53.54;53.61;855;253
2026-06-08T13:37:00.0000000Z;53.54;53.61;75;253
2026-06-08T13:37:01.0000000Z;53.54;53.61;75;5500
2026-06-08T13:37:03.0000000Z;53.54;53.61;75;5500
2026-06-08T13:37:04.0000000Z;53.54;53.61;75;5500
2026-06-08T13:37:06.0000000Z;53.54;53.61;1108;5500
2026-06-08T13:37:07.0000000Z;53.54;53.61;75;5500
2026-06-08T13:37:08.0000000Z;53.54;53.6;75;253
2026-06-08T13:37:09.0000000Z;53.54;53.6;75;5500
2026-06-08T13:37:10.0000000Z;53.54;53.6;75;5500
2026-06-08T13:37:11.0000000Z;53.54;53.6;75;5500
2026-06-08T13:37:15.0000000Z;53.53;53.6;780;5500
2026-06-08T13:37:16.0000000Z;53.53;53.6;780;5500
2026-06-08T13:37:17.0000000Z;53.53;53.6;5575;253
2026-06-08T13:37:18.0000000Z;53.53;53.6;123;253
2026-06-08T13:37:20.0000000Z;53.53;53.59;123;253
2026-06-08T13:37:21.0000000Z;53.53;53.59;123;5500
2026-06-08T13:37:26.0000000Z;53.53;53.59;5500;5500
2026-06-08T13:37:27.0000000Z;53.53;53.59;123;5500
2026-06-08T13:37:30.0000000Z;53.53;53.59;123;5500
2026-06-08T13:37:31.0000000Z;53.53;53.59;903;5500
2026-06-08T13:37:32.0000000Z;53.53;53.6;903;253
2026-06-08T13:37:33.0000000Z;53.53;53.6;903;253
2026-06-08T13:37:34.0000000Z;53.53;53.61;2890;253
2026-06-08T13:37:35.0000000Z;53.53;53.6;1156;5967
2026-06-08T13:37:36.0000000Z;53.53;53.6;903;253
2026-06-08T13:37:37.0000000Z;53.53;53.6;123;253
2026-06-08T13:37:40.0000000Z;53.53;53.6;2257;253
2026-06-08T13:37:41.0000000Z;53.53;53.6;376;253
2026-06-08T13:37:42.0000000Z;53.53;53.6;123;5500
2026-06-08T13:37:46.0000000Z;53.53;53.61;2705;253
2026-06-08T13:37:47.0000000Z;53.53;53.61;2853;253
2026-06-08T13:37:48.0000000Z;53.53;53.61;1156;253
2026-06-08T13:37:49.0000000Z;53.43;53.61;187;5967
2026-06-08T13:37:50.0000000Z;53.43;53.72;187;465
2026-06-08T13:37:51.0000000Z;53.52;53.61;468;467
2026-06-08T13:37:53.0000000Z;53.52;53.72;468;186
2026-06-08T13:37:54.0000000Z;53.52;53.71;468;186
2026-06-08T13:37:55.0000000Z;53.52;53.71;468;186
2026-06-08T13:37:56.0000000Z;53.52;53.71;468;186
2026-06-08T13:37:57.0000000Z;53.52;53.73;2352;465
2026-06-08T13:37:58.0000000Z;53.54;53.71;95;5500
2026-06-08T13:37:59.0000000Z;53.55;53.62;5500;5500
2026-06-08T13:38:00.0000000Z;53.55;53.62;253;253
2026-06-08T13:38:01.0000000Z;53.56;53.63;253;253
2026-06-08T13:38:02.0000000Z;53.56;53.63;5500;253
2026-06-08T13:38:04.0000000Z;53.56;53.63;5500;253
2026-06-08T13:38:05.0000000Z;53.56;53.63;5500;5500
2026-06-08T13:38:06.0000000Z;53.56;53.63;5500;5500
2026-06-08T13:38:07.0000000Z;53.56;53.63;5500;5500
2026-06-08T13:38:10.0000000Z;53.56;53.63;5500;418
2026-06-08T13:38:11.0000000Z;53.56;53.63;5500;418
2026-06-08T13:38:12.0000000Z;53.56;53.63;5500;418
2026-06-08T13:38:13.0000000Z;53.57;53.64;253;186
2026-06-08T13:38:14.0000000Z;53.57;53.64;253;186
2026-06-08T13:38:15.0000000Z;53.57;53.64;5500;186
2026-06-08T13:38:16.0000000Z;53.57;53.64;5500;186
2026-06-08T13:38:17.0000000Z;53.58;53.64;253;5967
2026-06-08T13:38:18.0000000Z;53.58;53.64;5500;5967
2026-06-08T13:38:19.0000000Z;53.59;53.65;253;160
2026-06-08T13:38:21.0000000Z;53.59;53.65;5500;160
2026-06-08T13:38:22.0000000Z;53.58;53.65;253;413
2026-06-08T13:38:23.0000000Z;53.58;53.64;253;467
2026-06-08T13:38:24.0000000Z;53.58;53.64;253;467
2026-06-08T13:38:25.0000000Z;53.58;53.64;5500;467
2026-06-08T13:38:26.0000000Z;53.59;53.65;253;160
2026-06-08T13:38:27.0000000Z;53.59;53.65;5500;160
2026-06-08T13:38:28.0000000Z;53.58;53.65;253;413
2026-06-08T13:38:29.0000000Z;53.59;53.65;5500;413
2026-06-08T13:38:30.0000000Z;53.58;53.65;253;413
2026-06-08T13:38:31.0000000Z;53.58;53.65;253;413
2026-06-08T13:38:32.0000000Z;53.59;53.65;253;160
2026-06-08T13:38:37.0000000Z;53.58;53.65;253;413
2026-06-08T13:38:39.0000000Z;53.57;53.65;253;413
2026-06-08T13:38:40.0000000Z;53.57;53.65;253;413
2026-06-08T13:38:41.0000000Z;53.58;53.65;5500;413
2026-06-08T13:38:42.0000000Z;53.57;53.65;253;413
2026-06-08T13:38:43.0000000Z;53.58;53.65;253;413
2026-06-08T13:38:44.0000000Z;53.57;53.65;253;413
2026-06-08T13:38:45.0000000Z;53.57;53.65;5500;413
2026-06-08T13:38:46.0000000Z;53.56;53.64;253;253
2026-06-08T13:38:47.0000000Z;53.56;53.63;253;5500
2026-06-08T13:38:49.0000000Z;53.56;53.64;5967;253
2026-06-08T13:38:50.0000000Z;53.56;53.63;5967;253
2026-06-08T13:38:51.0000000Z;53.56;53.64;5967;5500
2026-06-08T13:38:52.0000000Z;53.56;53.63;5967;5500
2026-06-08T13:38:54.0000000Z;53.55;53.62;253;253
2026-06-08T13:38:55.0000000Z;53.55;53.62;253;5500
2026-06-08T13:38:56.0000000Z;53.55;53.62;365;5500
2026-06-08T13:38:57.0000000Z;53.56;53.62;467;5500
2026-06-08T13:38:58.0000000Z;53.56;53.63;5967;253
2026-06-08T13:38:59.0000000Z;53.55;53.62;365;253
2026-06-08T13:39:00.0000000Z;53.56;53.63;253;253
2026-06-08T13:39:01.0000000Z;53.56;53.63;253;253
2026-06-08T13:39:03.0000000Z;53.56;53.63;253;253
2026-06-08T13:39:04.0000000Z;53.56;53.63;253;253
2026-06-08T13:39:05.0000000Z;53.56;53.63;253;253
2026-06-08T13:39:06.0000000Z;53.56;53.63;253;253
2026-06-08T13:39:07.0000000Z;53.56;53.63;253;253
2026-06-08T13:39:09.0000000Z;53.56;53.63;253;253
2026-06-08T13:39:10.0000000Z;53.56;53.63;253;253
2026-06-08T13:39:11.0000000Z;53.55;53.62;365;253
2026-06-08T13:39:12.0000000Z;53.55;53.62;365;253
2026-06-08T13:39:13.0000000Z;53.55;53.62;112;5500
2026-06-08T13:39:14.0000000Z;53.55;53.62;154;5500
2026-06-08T13:39:15.0000000Z;53.55;53.62;5967;5500
2026-06-08T13:39:16.0000000Z;53.55;53.62;112;5500
2026-06-08T13:39:17.0000000Z;53.55;53.62;467;5500
2026-06-08T13:39:18.0000000Z;53.55;53.61;5967;253
2026-06-08T13:39:19.0000000Z;53.55;53.61;5967;5500
2026-06-08T13:39:20.0000000Z;53.55;53.62;365;253
2026-06-08T13:39:21.0000000Z;53.56;53.61;253;5500
2026-06-08T13:39:23.0000000Z;53.56;53.63;5500;5500
2026-06-08T13:39:24.0000000Z;53.56;53.64;5500;253
2026-06-08T13:39:25.0000000Z;53.56;53.64;5500;5967
2026-06-08T13:39:27.0000000Z;53.57;53.65;253;253
2026-06-08T13:39:28.0000000Z;53.57;53.65;5500;253
2026-06-08T13:39:30.0000000Z;53.57;53.65;5500;253
2026-06-08T13:39:31.0000000Z;53.57;53.64;5500;467
2026-06-08T13:39:32.0000000Z;53.56;53.64;253;5967
2026-06-08T13:39:33.0000000Z;53.56;53.64;5500;5967
2026-06-08T13:39:34.0000000Z;53.56;53.64;253;253
2026-06-08T13:39:36.0000000Z;53.56;53.64;253;5500
2026-06-08T13:39:40.0000000Z;53.56;53.63;253;253
2026-06-08T13:39:42.0000000Z;53.56;53.63;253;5500
2026-06-08T13:39:44.0000000Z;53.56;53.63;253;5500
2026-06-08T13:39:45.0000000Z;53.55;53.63;253;5500
2026-06-08T13:39:46.0000000Z;53.55;53.62;253;253
2026-06-08T13:39:47.0000000Z;53.54;53.62;253;5500
2026-06-08T13:39:48.0000000Z;53.54;53.62;253;5500
2026-06-08T13:39:49.0000000Z;53.55;53.62;112;253
2026-06-08T13:39:50.0000000Z;53.55;53.62;365;253
2026-06-08T13:39:52.0000000Z;53.55;53.62;5500;253
2026-06-08T13:39:56.0000000Z;53.55;53.62;5500;253
2026-06-08T13:39:57.0000000Z;53.55;53.62;112;253
2026-06-08T13:39:58.0000000Z;53.55;53.62;365;253
2026-06-08T13:40:03.0000000Z;53.56;53.63;253;253
2026-06-08T13:40:04.0000000Z;53.56;53.64;253;253
2026-06-08T13:40:06.0000000Z;53.56;53.63;253;5967
2026-06-08T13:40:08.0000000Z;53.56;53.63;253;467
2026-06-08T13:40:09.0000000Z;53.56;53.63;253;467
2026-06-08T13:40:10.0000000Z;53.56;53.63;253;467
2026-06-08T13:40:11.0000000Z;53.56;53.63;253;253
2026-06-08T13:40:12.0000000Z;53.56;53.63;253;5967
2026-06-08T13:40:13.0000000Z;53.56;53.63;253;5500
2026-06-08T13:40:14.0000000Z;53.55;53.62;253;253
2026-06-08T13:40:15.0000000Z;53.55;53.62;253;5500
2026-06-08T13:40:18.0000000Z;53.55;53.62;5967;5500
2026-06-08T13:40:19.0000000Z;53.56;53.64;310;253
2026-06-08T13:40:20.0000000Z;53.56;53.63;5500;253
2026-06-08T13:40:21.0000000Z;53.56;53.63;57;253
2026-06-08T13:40:22.0000000Z;53.53;53.6;169;253
2026-06-08T13:40:23.0000000Z;53.53;53.6;169;5500
2026-06-08T13:40:24.0000000Z;53.53;53.59;169;253
2026-06-08T13:40:25.0000000Z;53.53;53.59;169;253
2026-06-08T13:40:26.0000000Z;53.52;53.58;186;253
2026-06-08T13:40:27.0000000Z;53.53;53.58;5500;5500
2026-06-08T13:40:28.0000000Z;53.52;53.59;1877;253
2026-06-08T13:40:29.0000000Z;53.52;53.6;1877;253
2026-06-08T13:40:30.0000000Z;53.52;53.59;1097;253
2026-06-08T13:40:31.0000000Z;53.52;53.59;1097;253
2026-06-08T13:40:32.0000000Z;53.52;53.59;1097;5500
2026-06-08T13:40:33.0000000Z;53.52;53.58;186;253
2026-06-08T13:40:34.0000000Z;53.52;53.58;5500;5500
2026-06-08T13:40:36.0000000Z;53.52;53.59;465;253
2026-06-08T13:40:37.0000000Z;53.52;53.59;718;253
2026-06-08T13:40:39.0000000Z;53.52;53.58;186;253
2026-06-08T13:40:40.0000000Z;53.52;53.59;186;5967
2026-06-08T13:40:42.0000000Z;53.51;53.58;172;5500
2026-06-08T13:40:45.0000000Z;53.51;53.58;172;5500
2026-06-08T13:40:46.0000000Z;53.51;53.58;425;5500
2026-06-08T13:40:47.0000000Z;53.51;53.58;172;5500
2026-06-08T13:40:48.0000000Z;53.51;53.58;430;5500
2026-06-08T13:40:49.0000000Z;53.51;53.58;3876;5500
2026-06-08T13:40:50.0000000Z;53.51;53.58;425;5500
2026-06-08T13:40:51.0000000Z;53.51;53.58;425;5500
2026-06-08T13:40:52.0000000Z;53.51;53.58;2622;5500
2026-06-08T13:40:53.0000000Z;53.51;53.58;4668;5500
2026-06-08T13:40:55.0000000Z;53.52;53.59;398;253
2026-06-08T13:40:56.0000000Z;53.52;53.59;398;253
2026-06-08T13:40:57.0000000Z;53.52;53.59;398;253
2026-06-08T13:40:58.0000000Z;53.52;53.59;398;253
2026-06-08T13:40:59.0000000Z;53.52;53.59;398;253
2026-06-08T13:40:59.0000000Z;53.52;53.59;995;253
2026-06-08T13:41:00.0000000Z;53.52;53.58;145;253
2026-06-08T13:41:01.0000000Z;53.52;53.58;145;5500
2026-06-08T13:41:02.0000000Z;53.51;53.58;172;5500
2026-06-08T13:41:03.0000000Z;53.51;53.58;172;5500
2026-06-08T13:41:04.0000000Z;53.51;53.58;172;5500
2026-06-08T13:41:06.0000000Z;53.51;53.58;5500;5500
2026-06-08T13:41:08.0000000Z;53.51;53.57;172;253
2026-06-08T13:41:10.0000000Z;53.5;53.57;439;253
2026-06-08T13:41:12.0000000Z;53.5;53.56;186;253
2026-06-08T13:41:14.0000000Z;53.5;53.56;5968;5500
2026-06-08T13:41:15.0000000Z;53.5;53.56;242;5500
2026-06-08T13:41:16.0000000Z;53.49;53.56;186;5500
2026-06-08T13:41:18.0000000Z;53.5;53.55;468;253
2026-06-08T13:41:19.0000000Z;53.5;53.55;468;5500
2026-06-08T13:41:20.0000000Z;53.49;53.56;5500;253
2026-06-08T13:41:21.0000000Z;53.49;53.56;1746;253
2026-06-08T13:41:22.0000000Z;53.49;53.56;3306;253
2026-06-08T13:41:23.0000000Z;53.51;53.57;163;253
2026-06-08T13:41:24.0000000Z;53.5;53.56;253;5967
2026-06-08T13:41:26.0000000Z;53.51;53.57;5500;253
2026-06-08T13:41:27.0000000Z;53.51;53.57;5500;253
2026-06-08T13:41:28.0000000Z;53.51;53.56;5500;467
2026-06-08T13:41:29.0000000Z;53.5;53.56;186;5967
2026-06-08T13:41:30.0000000Z;53.5;53.57;1746;253
2026-06-08T13:41:32.0000000Z;53.5;53.56;1746;467
2026-06-08T13:41:33.0000000Z;53.5;53.57;1746;5500
2026-06-08T13:41:35.0000000Z;53.51;53.58;56;253
2026-06-08T13:41:36.0000000Z;53.51;53.58;56;253
2026-06-08T13:41:37.0000000Z;53.51;53.57;56;253
2026-06-08T13:41:38.0000000Z;53.51;53.57;5500;5500
2026-06-08T13:41:39.0000000Z;53.51;53.58;5500;253
2026-06-08T13:41:40.0000000Z;53.51;53.58;2360;253
2026-06-08T13:41:41.0000000Z;53.51;53.58;2032;253
2026-06-08T13:41:42.0000000Z;53.51;53.58;163;5967
2026-06-08T13:41:43.0000000Z;53.51;53.58;163;5967
2026-06-08T13:41:45.0000000Z;53.51;53.58;219;5967
2026-06-08T13:41:47.0000000Z;53.51;53.58;219;5500
2026-06-08T13:41:48.0000000Z;53.51;53.58;1779;5500
2026-06-08T13:41:49.0000000Z;53.51;53.58;4377;5500
2026-06-08T13:41:50.0000000Z;53.51;53.58;2032;5500
2026-06-08T13:41:51.0000000Z;53.51;53.58;4377;5500
2026-06-08T13:41:52.0000000Z;53.52;53.59;253;253
2026-06-08T13:41:53.0000000Z;53.51;53.58;4377;253
2026-06-08T13:41:54.0000000Z;53.51;53.58;2032;253
2026-06-08T13:41:55.0000000Z;53.51;53.58;3417;253
2026-06-08T13:41:56.0000000Z;53.51;53.58;416;253
2026-06-08T13:41:57.0000000Z;53.51;53.58;2600;253
2026-06-08T13:41:58.0000000Z;53.51;53.58;1967;253
2026-06-08T13:41:59.0000000Z;53.51;53.58;2220;253
2026-06-08T13:42:01.0000000Z;53.52;53.58;56;253
2026-06-08T13:42:02.0000000Z;53.52;53.58;5500;253
2026-06-08T13:42:03.0000000Z;53.52;53.58;5500;253
2026-06-08T13:42:04.0000000Z;53.52;53.59;767;253
2026-06-08T13:42:05.0000000Z;53.52;53.58;135;253
2026-06-08T13:42:09.0000000Z;53.52;53.59;970;253
2026-06-08T13:42:10.0000000Z;53.52;53.59;970;5500
2026-06-08T13:42:12.0000000Z;53.52;53.58;135;253
2026-06-08T13:42:13.0000000Z;53.52;53.59;970;253
2026-06-08T13:42:14.0000000Z;53.52;53.59;388;253
2026-06-08T13:42:15.0000000Z;53.52;53.58;135;253
2026-06-08T13:42:16.0000000Z;53.52;53.58;135;5500
2026-06-08T13:42:18.0000000Z;53.52;53.58;135;5500
2026-06-08T13:42:22.0000000Z;53.51;53.57;163;253
2026-06-08T13:42:23.0000000Z;53.51;53.57;163;5500
2026-06-08T13:42:24.0000000Z;53.51;53.57;5968;5500
2026-06-08T13:42:25.0000000Z;53.51;53.56;5968;253
2026-06-08T13:42:26.0000000Z;53.51;53.56;5968;5500
2026-06-08T13:42:27.0000000Z;53.5;53.56;1746;5500
2026-06-08T13:42:29.0000000Z;53.5;53.57;3853;253
2026-06-08T13:42:30.0000000Z;53.5;53.57;5968;5967
2026-06-08T13:42:31.0000000Z;53.5;53.57;3651;5967
2026-06-08T13:42:32.0000000Z;53.5;53.56;1746;5500
2026-06-08T13:42:34.0000000Z;53.5;53.56;1746;253
2026-06-08T13:42:36.0000000Z;53.5;53.57;2564;253
2026-06-08T13:42:37.0000000Z;53.51;53.57;163;253
2026-06-08T13:42:38.0000000Z;53.5;53.57;5500;5500
2026-06-08T13:42:39.0000000Z;53.51;53.57;5500;253
2026-06-08T13:42:40.0000000Z;53.49;53.56;465;253
2026-06-08T13:42:41.0000000Z;53.49;53.56;465;253
2026-06-08T13:42:42.0000000Z;53.49;53.56;186;5500
2026-06-08T13:42:43.0000000Z;53.49;53.56;465;253
2026-06-08T13:42:45.0000000Z;53.49;53.56;718;253
2026-06-08T13:42:48.0000000Z;53.51;53.57;163;253
2026-06-08T13:42:49.0000000Z;53.51;53.56;163;253
2026-06-08T13:42:50.0000000Z;53.5;53.57;186;5500
2026-06-08T13:42:51.0000000Z;53.5;53.56;186;5500
2026-06-08T13:42:52.0000000Z;53.5;53.56;5968;5500
2026-06-08T13:42:53.0000000Z;53.5;53.56;3160;5500
2026-06-08T13:42:54.0000000Z;53.51;53.56;5500;5500
2026-06-08T13:42:55.0000000Z;53.51;53.57;1723;253
2026-06-08T13:42:56.0000000Z;53.51;53.57;1723;5500
2026-06-08T13:42:57.0000000Z;53.53;53.58;99;253
2026-06-08T13:42:58.0000000Z;53.52;53.57;135;253
2026-06-08T13:42:59.0000000Z;53.52;53.58;1695;253
2026-06-08T13:43:00.0000000Z;53.52;53.57;135;253
2026-06-08T13:43:02.0000000Z;53.52;53.58;135;253
2026-06-08T13:43:03.0000000Z;53.52;53.58;5500;5500
2026-06-08T13:43:04.0000000Z;53.52;53.58;1695;5500
2026-06-08T13:43:05.0000000Z;53.52;53.58;2424;5500
2026-06-08T13:43:06.0000000Z;53.53;53.58;99;5500
2026-06-08T13:43:07.0000000Z;53.53;53.59;1659;253
2026-06-08T13:43:08.0000000Z;53.54;53.6;1560;253
2026-06-08T13:43:09.0000000Z;53.54;53.6;5500;253
2026-06-08T13:43:10.0000000Z;53.54;53.6;1616;253
2026-06-08T13:43:11.0000000Z;53.53;53.59;3786;253
2026-06-08T13:43:12.0000000Z;53.54;53.6;1560;253
2026-06-08T13:43:13.0000000Z;53.53;53.6;5500;253
2026-06-08T13:43:14.0000000Z;53.54;53.61;1560;253
2026-06-08T13:43:15.0000000Z;53.54;53.59;3900;467
2026-06-08T13:43:16.0000000Z;53.55;53.59;1616;467
2026-06-08T13:43:17.0000000Z;53.55;53.62;3089;253
2026-06-08T13:43:18.0000000Z;53.55;53.63;4293;253
2026-06-08T13:43:19.0000000Z;53.55;53.62;3084;253
2026-06-08T13:43:20.0000000Z;53.55;53.62;1560;253
2026-06-08T13:43:21.0000000Z;53.54;53.61;2192;253
2026-06-08T13:43:22.0000000Z;53.54;53.61;2192;253
2026-06-08T13:43:23.0000000Z;53.55;53.61;1560;5500
2026-06-08T13:43:24.0000000Z;53.54;53.61;2192;5500
2026-06-08T13:43:25.0000000Z;53.54;53.61;5967;5500
2026-06-08T13:43:26.0000000Z;53.54;53.61;3175;253
2026-06-08T13:43:29.0000000Z;53.54;53.61;3175;253
2026-06-08T13:43:30.0000000Z;53.54;53.62;3175;253
2026-06-08T13:43:31.0000000Z;53.54;53.62;3175;5500
2026-06-08T13:43:36.0000000Z;53.54;53.62;5500;5500
2026-06-08T13:43:37.0000000Z;53.55;53.62;3928;5500
2026-06-08T13:43:38.0000000Z;53.55;53.62;5500;5500
2026-06-08T13:43:39.0000000Z;53.56;53.63;2267;253
2026-06-08T13:43:40.0000000Z;53.56;53.63;1560;253
2026-06-08T13:43:41.0000000Z;53.55;53.62;2023;253
2026-06-08T13:43:42.0000000Z;53.55;53.61;1560;253
2026-06-08T13:43:43.0000000Z;53.56;53.61;5500;5500
2026-06-08T13:43:44.0000000Z;53.54;53.6;1560;253
2026-06-08T13:43:45.0000000Z;53.55;53.6;5500;5500
2026-06-08T13:43:47.0000000Z;53.53;53.6;253;5500
2026-06-08T13:43:48.0000000Z;53.53;53.59;1560;253
2026-06-08T13:43:49.0000000Z;53.53;53.6;1560;253
2026-06-08T13:43:50.0000000Z;53.53;53.6;1560;5500
2026-06-08T13:43:51.0000000Z;53.53;53.59;1560;5500
2026-06-08T13:43:53.0000000Z;53.53;53.6;1560;5500
2026-06-08T13:43:54.0000000Z;53.54;53.6;1616;5500
2026-06-08T13:43:55.0000000Z;53.54;53.6;5500;5500
2026-06-08T13:43:56.0000000Z;53.54;53.6;56;5500
2026-06-08T13:43:57.0000000Z;53.54;53.6;56;5500
2026-06-08T13:43:59.0000000Z;53.54;53.6;56;5500
2026-06-08T13:44:00.0000000Z;53.54;53.6;1560;5500
2026-06-08T13:44:01.0000000Z;53.53;53.6;632;5500
2026-06-08T13:44:02.0000000Z;53.53;53.6;1813;5500
2026-06-08T13:44:04.0000000Z;53.53;53.59;1560;253
2026-06-08T13:44:05.0000000Z;53.53;53.59;1560;253
2026-06-08T13:44:06.0000000Z;53.53;53.59;5556;5500
2026-06-08T13:44:07.0000000Z;53.54;53.59;5500;5500
2026-06-08T13:44:09.0000000Z;53.53;53.6;2788;253
2026-06-08T13:44:10.0000000Z;53.54;53.6;56;253
2026-06-08T13:44:11.0000000Z;53.53;53.6;2780;253
2026-06-08T13:44:13.0000000Z;53.53;53.6;3900;5967
2026-06-08T13:44:14.0000000Z;53.53;53.6;1560;5967
2026-06-08T13:44:15.0000000Z;53.53;53.59;1560;253
2026-06-08T13:44:16.0000000Z;53.53;53.59;1560;253
2026-06-08T13:44:17.0000000Z;53.53;53.59;1560;253
2026-06-08T13:44:18.0000000Z;53.53;53.59;1560;253
2026-06-08T13:44:19.0000000Z;53.53;53.6;1560;253
2026-06-08T13:44:20.0000000Z;53.53;53.59;1560;253
2026-06-08T13:44:22.0000000Z;53.53;53.6;3900;253
2026-06-08T13:44:23.0000000Z;53.53;53.6;3900;253
2026-06-08T13:44:24.0000000Z;53.53;53.6;4180;253
2026-06-08T13:44:25.0000000Z;53.53;53.6;3927;253
2026-06-08T13:44:26.0000000Z;53.54;53.6;1616;5967
2026-06-08T13:44:27.0000000Z;53.54;53.6;1616;5967
2026-06-08T13:44:28.0000000Z;53.54;53.6;5500;5967
2026-06-08T13:44:29.0000000Z;53.54;53.6;1560;5967
2026-06-08T13:44:32.0000000Z;53.54;53.61;4532;253
2026-06-08T13:44:33.0000000Z;53.54;53.61;4532;253
2026-06-08T13:44:34.0000000Z;53.54;53.6;4532;5500
2026-06-08T13:44:35.0000000Z;53.54;53.61;4532;5500
2026-06-08T13:44:36.0000000Z;53.54;53.61;4532;5500
2026-06-08T13:44:37.0000000Z;53.54;53.62;4532;5967
2026-06-08T13:44:39.0000000Z;53.56;53.62;5500;5967
2026-06-08T13:44:40.0000000Z;53.56;53.62;1560;5967
2026-06-08T13:44:42.0000000Z;53.56;53.61;1560;253
2026-06-08T13:44:43.0000000Z;53.56;53.62;1560;253
2026-06-08T13:44:46.0000000Z;53.55;53.62;1569;253
2026-06-08T13:44:48.0000000Z;53.55;53.61;1569;5500
2026-06-08T13:44:49.0000000Z;53.55;53.61;5967;5500
2026-06-08T13:44:50.0000000Z;53.55;53.6;5967;253
2026-06-08T13:44:52.0000000Z;53.55;53.6;5967;5500
2026-06-08T13:44:53.0000000Z;53.55;53.6;5967;5500
2026-06-08T13:44:54.0000000Z;53.55;53.61;5967;253
2026-06-08T13:44:55.0000000Z;53.55;53.61;5967;5500
2026-06-08T13:44:57.0000000Z;53.55;53.61;5500;5500
2026-06-08T13:44:58.0000000Z;53.55;53.61;5500;5500
2026-06-08T13:44:59.0000000Z;53.55;53.61;3811;5500
2026-06-08T13:44:59.0000000Z;53.55;53.62;3811;253
2026-06-08T13:45:00.0000000Z;53.55;53.62;3812;253
2026-06-08T13:45:01.0000000Z;53.55;53.62;1569;253
2026-06-08T13:45:02.0000000Z;53.55;53.61;1569;253
2026-06-08T13:45:03.0000000Z;53.53;53.6;750;253
2026-06-08T13:45:04.0000000Z;53.53;53.6;750;5500
2026-06-08T13:45:05.0000000Z;53.54;53.6;467;5500
2026-06-08T13:45:09.0000000Z;53.54;53.61;253;253
2026-06-08T13:45:10.0000000Z;53.55;53.6;1560;253
2026-06-08T13:45:11.0000000Z;53.53;53.6;379;253
2026-06-08T13:45:12.0000000Z;53.54;53.61;632;253
2026-06-08T13:45:13.0000000Z;53.54;53.61;632;253
2026-06-08T13:45:14.0000000Z;53.54;53.61;5500;253
2026-06-08T13:45:15.0000000Z;53.54;53.62;5500;253
2026-06-08T13:45:16.0000000Z;53.54;53.61;5500;253
2026-06-08T13:45:17.0000000Z;53.54;53.62;5500;253
2026-06-08T13:45:19.0000000Z;53.54;53.61;5500;467
2026-06-08T13:45:23.0000000Z;53.55;53.61;632;467
2026-06-08T13:45:25.0000000Z;53.55;53.61;5500;467
2026-06-08T13:45:27.0000000Z;53.55;53.62;5500;5500
2026-06-08T13:45:29.0000000Z;53.55;53.62;379;5500
2026-06-08T13:45:30.0000000Z;53.54;53.61;632;253
2026-06-08T13:45:31.0000000Z;53.55;53.62;1560;253
2026-06-08T13:45:32.0000000Z;53.55;53.61;1560;253
2026-06-08T13:45:33.0000000Z;53.55;53.62;1560;253
2026-06-08T13:45:34.0000000Z;53.55;53.61;1560;253
2026-06-08T13:45:35.0000000Z;53.55;53.61;1560;5500
2026-06-08T13:45:39.0000000Z;53.55;53.6;1560;253
2026-06-08T13:45:40.0000000Z;53.55;53.61;1560;253
2026-06-08T13:45:41.0000000Z;53.55;53.6;1560;253
2026-06-08T13:45:45.0000000Z;53.55;53.6;1560;253
2026-06-08T13:45:51.0000000Z;53.55;53.61;1560;253
2026-06-08T13:45:53.0000000Z;53.55;53.61;1560;5967
2026-06-08T13:45:58.0000000Z;53.55;53.62;3900;253
2026-06-08T13:46:00.0000000Z;53.55;53.61;1560;5500
2026-06-08T13:46:01.0000000Z;53.55;53.62;3900;5500
2026-06-08T13:46:02.0000000Z;53.55;53.62;3900;5500
2026-06-08T13:46:04.0000000Z;53.55;53.62;3900;5500
2026-06-08T13:46:05.0000000Z;53.55;53.62;4153;5500
2026-06-08T13:46:06.0000000Z;53.56;53.63;5500;253
2026-06-08T13:46:07.0000000Z;53.56;53.64;5500;253
2026-06-08T13:46:08.0000000Z;53.57;53.65;253;253
2026-06-08T13:46:09.0000000Z;53.57;53.64;435;253
2026-06-08T13:46:11.0000000Z;53.57;53.63;56;253
2026-06-08T13:46:12.0000000Z;53.57;53.63;56;5967
2026-06-08T13:46:15.0000000Z;53.56;53.62;2510;253
2026-06-08T13:46:16.0000000Z;53.57;53.63;1560;253
2026-06-08T13:46:17.0000000Z;53.57;53.63;3431;5500
2026-06-08T13:46:19.0000000Z;53.57;53.63;1560;5500
2026-06-08T13:46:20.0000000Z;53.57;53.63;3431;5500
2026-06-08T13:46:21.0000000Z;53.57;53.63;1560;5500
2026-06-08T13:46:22.0000000Z;53.57;53.63;3440;5500
2026-06-08T13:46:23.0000000Z;53.57;53.63;3440;5500
2026-06-08T13:46:25.0000000Z;53.57;53.63;1560;5500
2026-06-08T13:46:31.0000000Z;53.56;53.62;1596;253
2026-06-08T13:46:32.0000000Z;53.56;53.62;1596;5500
2026-06-08T13:46:33.0000000Z;53.56;53.62;1596;5500
2026-06-08T13:46:34.0000000Z;53.56;53.62;5967;5500
2026-06-08T13:46:35.0000000Z;53.56;53.62;5967;5500
2026-06-08T13:46:37.0000000Z;53.56;53.62;5967;5500
2026-06-08T13:46:38.0000000Z;53.56;53.62;5967;5500
2026-06-08T13:46:40.0000000Z;53.56;53.62;5967;5500
2026-06-08T13:46:41.0000000Z;53.56;53.62;5967;5500
2026-06-08T13:46:42.0000000Z;53.56;53.62;5500;5500
2026-06-08T13:46:46.0000000Z;53.56;53.62;5500;5500
2026-06-08T13:46:47.0000000Z;53.56;53.62;5500;5500
2026-06-08T13:46:49.0000000Z;53.56;53.62;5500;5500
2026-06-08T13:46:50.0000000Z;53.56;53.62;5500;5500
2026-06-08T13:46:51.0000000Z;53.56;53.62;5500;5500
2026-06-08T13:46:52.0000000Z;53.56;53.62;5500;5500
2026-06-08T13:46:57.0000000Z;53.56;53.61;5500;253
2026-06-08T13:46:59.0000000Z;53.56;53.61;5500;5500
2026-06-08T13:47:00.0000000Z;53.56;53.61;5500;5500
2026-06-08T13:47:01.0000000Z;53.56;53.6;5500;5500
2026-06-08T13:47:03.0000000Z;53.56;53.6;36;5500
2026-06-08T13:47:04.0000000Z;53.55;53.6;1560;253
2026-06-08T13:47:05.0000000Z;53.55;53.59;1560;5500
2026-06-08T13:47:06.0000000Z;53.55;53.59;5967;5500
2026-06-08T13:47:07.0000000Z;53.55;53.59;5500;5500
2026-06-08T13:47:09.0000000Z;53.55;53.6;5500;253
2026-06-08T13:47:10.0000000Z;53.55;53.6;5500;253
2026-06-08T13:47:12.0000000Z;53.55;53.6;5500;5967
2026-06-08T13:47:15.0000000Z;53.55;53.6;1560;5967
2026-06-08T13:47:20.0000000Z;53.55;53.6;1560;5967
2026-06-08T13:47:21.0000000Z;53.55;53.6;1560;5500
2026-06-08T13:47:23.0000000Z;53.55;53.6;1560;5500
2026-06-08T13:47:25.0000000Z;53.53;53.6;159;5500
2026-06-08T13:47:26.0000000Z;53.56;53.6;1560;5500
2026-06-08T13:47:27.0000000Z;53.56;53.6;5500;5500
2026-06-08T13:47:32.0000000Z;53.55;53.6;1560;5500
2026-06-08T13:47:34.0000000Z;53.55;53.6;5500;5500
2026-06-08T13:47:35.0000000Z;53.55;53.6;5500;5500
2026-06-08T13:47:36.0000000Z;53.55;53.6;5500;5500
2026-06-08T13:47:37.0000000Z;53.55;53.59;5500;5500
2026-06-08T13:47:38.0000000Z;53.55;53.6;5500;5500
2026-06-08T13:47:39.0000000Z;53.55;53.59;5500;253
2026-06-08T13:47:40.0000000Z;53.55;53.59;5500;5500
2026-06-08T13:47:43.0000000Z;53.53;53.59;1653;5500
2026-06-08T13:47:45.0000000Z;53.53;53.59;1653;5500
2026-06-08T13:47:46.0000000Z;53.53;53.6;5500;253
2026-06-08T13:47:47.0000000Z;53.53;53.6;3325;253
2026-06-08T13:47:48.0000000Z;53.53;53.6;1906;5967
2026-06-08T13:47:49.0000000Z;53.53;53.6;3578;5967
2026-06-08T13:47:51.0000000Z;53.53;53.6;3578;5967
2026-06-08T13:47:55.0000000Z;53.54;53.6;1560;5500
2026-06-08T13:47:56.0000000Z;53.54;53.6;5500;5500
2026-06-08T13:47:57.0000000Z;53.54;53.6;5500;5500
2026-06-08T13:47:59.0000000Z;53.54;53.6;5500;5500
2026-06-08T13:47:59.0000000Z;53.54;53.6;5500;5500
2026-06-08T13:48:05.0000000Z;53.54;53.6;5500;5500
2026-06-08T13:48:06.0000000Z;53.54;53.6;5500;5500
2026-06-08T13:48:08.0000000Z;53.54;53.6;5500;5500
2026-06-08T13:48:09.0000000Z;53.54;53.6;5500;5500
2026-06-08T13:48:12.0000000Z;53.54;53.59;5500;253
2026-06-08T13:48:13.0000000Z;53.54;53.59;5500;5500
2026-06-08T13:48:14.0000000Z;53.54;53.6;5500;253
2026-06-08T13:48:15.0000000Z;53.54;53.6;5500;253
2026-06-08T13:48:16.0000000Z;53.54;53.6;5500;5500
2026-06-08T13:48:18.0000000Z;53.54;53.6;5500;5500
2026-06-08T13:48:22.0000000Z;53.55;53.6;1560;5500
2026-06-08T13:48:23.0000000Z;53.55;53.6;5500;5500
2026-06-08T13:48:24.0000000Z;53.55;53.59;5500;253
2026-06-08T13:48:25.0000000Z;53.55;53.59;5500;5500
2026-06-08T13:48:26.0000000Z;53.54;53.58;1560;253
2026-06-08T13:48:27.0000000Z;53.54;53.58;1560;5500
2026-06-08T13:48:28.0000000Z;53.54;53.58;5967;253
2026-06-08T13:48:29.0000000Z;53.54;53.59;5967;253
2026-06-08T13:48:30.0000000Z;53.54;53.59;5967;5500
2026-06-08T13:48:31.0000000Z;53.54;53.59;5967;253
2026-06-08T13:48:32.0000000Z;53.54;53.6;5967;5500
2026-06-08T13:48:33.0000000Z;53.54;53.59;5967;5500
2026-06-08T13:48:35.0000000Z;53.54;53.58;5967;253
2026-06-08T13:48:36.0000000Z;53.54;53.58;5500;253
2026-06-08T13:48:37.0000000Z;53.54;53.59;5500;253
2026-06-08T13:48:38.0000000Z;53.54;53.59;5500;5967
2026-06-08T13:48:39.0000000Z;53.54;53.58;5500;253
2026-06-08T13:48:40.0000000Z;53.54;53.58;83;253
2026-06-08T13:48:41.0000000Z;53.54;53.58;1643;5500
2026-06-08T13:48:42.0000000Z;53.54;53.58;83;5500
2026-06-08T13:48:43.0000000Z;53.54;53.58;1643;5500
2026-06-08T13:48:44.0000000Z;53.54;53.58;83;5500
2026-06-08T13:48:45.0000000Z;53.54;53.58;1643;5500
2026-06-08T13:48:46.0000000Z;53.54;53.58;1643;5500
2026-06-08T13:48:47.0000000Z;53.54;53.58;1643;5500
2026-06-08T13:48:49.0000000Z;53.54;53.58;1643;5500
2026-06-08T13:48:50.0000000Z;53.55;53.6;1560;253
2026-06-08T13:48:51.0000000Z;53.54;53.59;1560;253
2026-06-08T13:48:52.0000000Z;53.54;53.59;1560;5967
2026-06-08T13:48:53.0000000Z;53.54;53.58;1560;253
2026-06-08T13:48:54.0000000Z;53.51;53.58;253;5500
2026-06-08T13:48:55.0000000Z;53.54;53.58;1560;5500
2026-06-08T13:48:58.0000000Z;53.54;53.59;1560;253
2026-06-08T13:48:59.0000000Z;53.54;53.59;1560;253
2026-06-08T13:49:00.0000000Z;53.54;53.59;1560;5967
2026-06-08T13:49:01.0000000Z;53.54;53.58;1560;253
2026-06-08T13:49:02.0000000Z;53.54;53.59;1560;253
2026-06-08T13:49:03.0000000Z;53.54;53.59;1560;253
2026-06-08T13:49:04.0000000Z;53.54;53.58;1560;253
2026-06-08T13:49:05.0000000Z;53.53;53.58;1688;5500
2026-06-08T13:49:06.0000000Z;53.54;53.58;1560;5500
2026-06-08T13:49:10.0000000Z;53.54;53.58;1560;5500
2026-06-08T13:49:11.0000000Z;53.54;53.6;1560;253
2026-06-08T13:49:12.0000000Z;53.54;53.59;1560;253
2026-06-08T13:49:13.0000000Z;53.54;53.59;1560;5967
2026-06-08T13:49:14.0000000Z;53.54;53.6;1560;253
2026-06-08T13:49:16.0000000Z;53.55;53.6;1560;253
2026-06-08T13:49:17.0000000Z;53.55;53.59;5500;467
2026-06-08T13:49:18.0000000Z;53.55;53.59;5500;467
2026-06-08T13:49:20.0000000Z;53.55;53.62;5500;253
2026-06-08T13:49:21.0000000Z;53.55;53.6;5500;5500
2026-06-08T13:49:23.0000000Z;53.55;53.61;5500;5500
2026-06-08T13:49:24.0000000Z;53.55;53.62;5500;5500
2026-06-08T13:49:25.0000000Z;53.55;53.61;5500;253
2026-06-08T13:49:26.0000000Z;53.54;53.62;336;253
2026-06-08T13:49:28.0000000Z;53.55;53.62;1560;253
2026-06-08T13:49:29.0000000Z;53.55;53.62;1813;5500
2026-06-08T13:49:30.0000000Z;53.56;53.62;1560;253
2026-06-08T13:49:31.0000000Z;53.56;53.62;5500;253
2026-06-08T13:49:32.0000000Z;53.56;53.62;5500;253
2026-06-08T13:49:33.0000000Z;53.56;53.62;5500;253
2026-06-08T13:49:38.0000000Z;53.56;53.62;5500;253
2026-06-08T13:49:39.0000000Z;53.56;53.62;5500;253
2026-06-08T13:49:40.0000000Z;53.56;53.63;1813;253
2026-06-08T13:49:41.0000000Z;53.56;53.63;1813;253
2026-06-08T13:49:42.0000000Z;53.56;53.63;1813;253
2026-06-08T13:49:43.0000000Z;53.56;53.63;1813;5967
2026-06-08T13:49:44.0000000Z;53.57;53.64;1616;253
2026-06-08T13:49:45.0000000Z;53.57;53.63;1616;467
2026-06-08T13:49:46.0000000Z;53.57;53.63;5500;467
2026-06-08T13:49:47.0000000Z;53.57;53.63;5500;467
2026-06-08T13:49:48.0000000Z;53.57;53.63;5500;467
2026-06-08T13:49:49.0000000Z;53.57;53.63;5500;467
2026-06-08T13:49:50.0000000Z;53.57;53.64;1560;5500
2026-06-08T13:49:54.0000000Z;53.57;53.64;1560;5500
2026-06-08T13:49:55.0000000Z;53.58;53.64;56;5500
2026-06-08T13:49:56.0000000Z;53.58;53.64;5500;5500
2026-06-08T13:49:58.0000000Z;53.57;53.64;1560;253
2026-06-08T13:49:59.0000000Z;53.57;53.64;1560;253
2026-06-08T13:50:01.0000000Z;53.57;53.64;5500;253
2026-06-08T13:50:07.0000000Z;53.55;53.63;632;253
2026-06-08T13:50:08.0000000Z;53.55;53.63;632;5500
2026-06-08T13:50:09.0000000Z;53.56;53.63;467;5500
2026-06-08T13:50:10.0000000Z;53.56;53.63;5967;5500
2026-06-08T13:50:12.0000000Z;53.56;53.63;5967;5500
2026-06-08T13:50:13.0000000Z;53.56;53.63;5967;5500
2026-06-08T13:50:14.0000000Z;53.56;53.62;5967;253
2026-06-08T13:50:15.0000000Z;53.56;53.62;5967;5500
2026-06-08T13:50:17.0000000Z;53.56;53.62;5500;5500
2026-06-08T13:50:18.0000000Z;53.57;53.62;56;5500
2026-06-08T13:50:19.0000000Z;53.57;53.62;5500;5500
2026-06-08T13:50:20.0000000Z;53.57;53.62;5500;253
2026-06-08T13:50:21.0000000Z;53.54;53.61;632;253
2026-06-08T13:50:22.0000000Z;53.57;53.61;5500;5500
2026-06-08T13:50:24.0000000Z;53.55;53.61;467;253
2026-06-08T13:50:27.0000000Z;53.55;53.62;253;253
2026-06-08T13:50:28.0000000Z;53.55;53.62;5500;253
2026-06-08T13:50:30.0000000Z;53.55;53.61;1589;253
2026-06-08T13:50:31.0000000Z;53.55;53.61;1589;5500
2026-06-08T13:50:33.0000000Z;53.55;53.61;1589;253
2026-06-08T13:50:34.0000000Z;53.55;53.61;1589;253
2026-06-08T13:50:35.0000000Z;53.55;53.61;1589;253
2026-06-08T13:50:36.0000000Z;53.54;53.6;1643;253
2026-06-08T13:50:37.0000000Z;53.54;53.59;1643;253
2026-06-08T13:50:38.0000000Z;53.54;53.59;1643;5500
2026-06-08T13:50:40.0000000Z;53.54;53.59;5967;5500
2026-06-08T13:50:44.0000000Z;53.54;53.6;5967;253
2026-06-08T13:50:45.0000000Z;53.52;53.59;155;253
2026-06-08T13:50:48.0000000Z;53.54;53.59;467;253
2026-06-08T13:50:49.0000000Z;53.52;53.58;5500;253
2026-06-08T13:50:50.0000000Z;53.52;53.58;5500;253
2026-06-08T13:50:51.0000000Z;53.52;53.58;5500;5500
2026-06-08T13:50:52.0000000Z;53.51;53.57;177;253
2026-06-08T13:50:53.0000000Z;53.51;53.57;177;5500
2026-06-08T13:50:54.0000000Z;53.51;53.57;5968;5500
2026-06-08T13:50:58.0000000Z;53.53;53.57;122;5500
2026-06-08T13:50:59.0000000Z;53.53;53.57;5500;5500
2026-06-08T13:51:00.0000000Z;53.53;53.58;1682;253
2026-06-08T13:51:01.0000000Z;53.53;53.58;1682;253
2026-06-08T13:51:02.0000000Z;53.54;53.59;1560;253
2026-06-08T13:51:03.0000000Z;53.54;53.59;1560;253
2026-06-08T13:51:04.0000000Z;53.54;53.6;5500;253
2026-06-08T13:51:05.0000000Z;53.54;53.6;5500;253
2026-06-08T13:51:06.0000000Z;53.54;53.59;5500;467
2026-06-08T13:51:07.0000000Z;53.54;53.59;5500;5967
2026-06-08T13:51:09.0000000Z;53.54;53.59;1560;5967
2026-06-08T13:51:13.0000000Z;53.54;53.59;1560;5967
2026-06-08T13:51:14.0000000Z;53.54;53.6;1560;253
2026-06-08T13:51:15.0000000Z;53.54;53.59;1560;5500
2026-06-08T13:51:16.0000000Z;53.54;53.6;1560;5500
2026-06-08T13:51:17.0000000Z;53.54;53.6;1560;253
2026-06-08T13:51:20.0000000Z;53.54;53.6;1560;253
2026-06-08T13:51:21.0000000Z;53.54;53.6;1560;253
2026-06-08T13:51:22.0000000Z;53.54;53.6;1560;253
2026-06-08T13:51:23.0000000Z;53.54;53.6;1560;253
2026-06-08T13:51:26.0000000Z;53.54;53.61;1560;253
2026-06-08T13:51:28.0000000Z;53.54;53.61;1560;5967
2026-06-08T13:51:31.0000000Z;53.55;53.61;56;5967
2026-06-08T13:51:32.0000000Z;53.55;53.61;5500;253
2026-06-08T13:51:33.0000000Z;53.55;53.61;1616;253
2026-06-08T13:51:34.0000000Z;53.55;53.62;1869;253
2026-06-08T13:51:35.0000000Z;53.55;53.62;4118;253
2026-06-08T13:51:36.0000000Z;53.55;53.63;4118;253
2026-06-08T13:51:38.0000000Z;53.55;53.63;4672;5967
2026-06-08T13:51:39.0000000Z;53.57;53.64;1560;253
2026-06-08T13:51:40.0000000Z;53.57;53.64;5500;253
2026-06-08T13:51:41.0000000Z;53.57;53.63;5500;253
2026-06-08T13:51:43.0000000Z;53.56;53.63;1560;253
2026-06-08T13:51:44.0000000Z;53.56;53.63;5500;253
2026-06-08T13:51:45.0000000Z;53.56;53.63;5500;253
2026-06-08T13:51:46.0000000Z;53.57;53.62;56;253
2026-06-08T13:51:47.0000000Z;53.56;53.62;1560;5500
2026-06-08T13:51:48.0000000Z;53.55;53.61;5500;253
2026-06-08T13:51:49.0000000Z;53.55;53.61;5500;253
2026-06-08T13:51:50.0000000Z;53.55;53.62;1813;253
2026-06-08T13:51:51.0000000Z;53.56;53.63;5500;253
2026-06-08T13:51:52.0000000Z;53.56;53.63;5500;253
2026-06-08T13:51:53.0000000Z;53.56;53.62;3550;467
2026-06-08T13:51:54.0000000Z;53.56;53.64;3803;253
2026-06-08T13:51:56.0000000Z;53.56;53.64;3803;253
2026-06-08T13:51:57.0000000Z;53.56;53.64;1869;253
2026-06-08T13:51:58.0000000Z;53.56;53.63;1616;253
2026-06-08T13:51:59.0000000Z;53.56;53.63;1616;253
2026-06-08T13:52:01.0000000Z;53.56;53.62;1560;253
2026-06-08T13:52:02.0000000Z;53.55;53.62;253;5967
2026-06-08T13:52:03.0000000Z;53.56;53.62;1560;5500
2026-06-08T13:52:04.0000000Z;53.56;53.63;1560;253
2026-06-08T13:52:05.0000000Z;53.56;53.64;3206;253
2026-06-08T13:52:06.0000000Z;53.56;53.63;3206;5967
2026-06-08T13:52:08.0000000Z;53.57;53.63;1869;467
2026-06-08T13:52:09.0000000Z;53.57;53.63;309;467
2026-06-08T13:52:10.0000000Z;53.57;53.63;1869;467
2026-06-08T13:52:13.0000000Z;53.57;53.64;1869;5500
2026-06-08T13:52:14.0000000Z;53.57;53.64;1813;5500
2026-06-08T13:52:16.0000000Z;53.57;53.64;253;5500
2026-06-08T13:52:17.0000000Z;53.57;53.64;253;5500
2026-06-08T13:52:18.0000000Z;53.57;53.64;253;5500
2026-06-08T13:52:19.0000000Z;53.57;53.64;253;5500
2026-06-08T13:52:20.0000000Z;53.57;53.64;253;5500
2026-06-08T13:52:21.0000000Z;53.57;53.64;1813;5500
2026-06-08T13:52:24.0000000Z;53.58;53.64;56;5500
2026-06-08T13:52:25.0000000Z;53.58;53.64;56;421
2026-06-08T13:52:26.0000000Z;53.58;53.64;309;168
2026-06-08T13:52:27.0000000Z;53.58;53.64;309;168
2026-06-08T13:52:28.0000000Z;53.57;53.64;253;421
2026-06-08T13:52:30.0000000Z;53.57;53.64;5967;421
2026-06-08T13:52:32.0000000Z;53.58;53.65;253;253
2026-06-08T13:52:33.0000000Z;53.58;53.65;5500;253
2026-06-08T13:52:34.0000000Z;53.58;53.65;5500;253
2026-06-08T13:52:36.0000000Z;53.58;53.65;1813;253
2026-06-08T13:52:37.0000000Z;53.58;53.65;2879;173
2026-06-08T13:52:38.0000000Z;53.58;53.65;2879;5966
2026-06-08T13:52:39.0000000Z;53.59;53.66;632;253
2026-06-08T13:52:40.0000000Z;53.59;53.66;5500;253
2026-06-08T13:52:42.0000000Z;53.59;53.66;253;253
2026-06-08T13:52:43.0000000Z;53.59;53.66;253;5966
2026-06-08T13:52:44.0000000Z;53.59;53.66;744;5966
2026-06-08T13:52:47.0000000Z;53.59;53.66;253;5966
2026-06-08T13:52:48.0000000Z;53.59;53.66;365;5966
2026-06-08T13:52:49.0000000Z;53.6;53.67;253;253
2026-06-08T13:52:50.0000000Z;53.6;53.68;5500;253
2026-06-08T13:52:51.0000000Z;53.6;53.68;5500;253
2026-06-08T13:52:52.0000000Z;53.61;53.66;253;5500
2026-06-08T13:52:53.0000000Z;53.61;53.68;253;5500
2026-06-08T13:52:54.0000000Z;53.61;53.68;253;5500
2026-06-08T13:52:55.0000000Z;53.6;53.68;253;5500
2026-06-08T13:52:59.0000000Z;53.6;53.68;5500;5500
2026-06-08T13:53:00.0000000Z;53.61;53.68;1813;5500
2026-06-08T13:53:01.0000000Z;53.61;53.68;5500;5500
2026-06-08T13:53:02.0000000Z;53.62;53.69;1813;253
2026-06-08T13:53:03.0000000Z;53.62;53.69;5500;253
2026-06-08T13:53:04.0000000Z;53.62;53.69;253;253
2026-06-08T13:53:05.0000000Z;53.62;53.69;253;5500
2026-06-08T13:53:06.0000000Z;53.61;53.68;253;253
2026-06-08T13:53:08.0000000Z;53.62;53.68;253;5500
2026-06-08T13:53:09.0000000Z;53.61;53.68;253;253
2026-06-08T13:53:11.0000000Z;53.61;53.68;5967;253
2026-06-08T13:53:15.0000000Z;53.61;53.68;5967;253
2026-06-08T13:53:16.0000000Z;53.62;53.69;253;253
2026-06-08T13:53:17.0000000Z;53.62;53.69;253;253
2026-06-08T13:53:18.0000000Z;53.61;53.68;253;253
2026-06-08T13:53:19.0000000Z;53.62;53.68;5500;253
2026-06-08T13:53:20.0000000Z;53.61;53.68;5500;253
2026-06-08T13:53:21.0000000Z;53.62;53.68;5500;253
2026-06-08T13:53:23.0000000Z;53.61;53.68;5500;253
2026-06-08T13:53:26.0000000Z;53.61;53.68;253;253
2026-06-08T13:53:30.0000000Z;53.61;53.68;253;253
2026-06-08T13:53:31.0000000Z;53.62;53.69;5500;253
2026-06-08T13:53:32.0000000Z;53.61;53.68;253;253
2026-06-08T13:53:35.0000000Z;53.62;53.69;1813;253
2026-06-08T13:53:36.0000000Z;53.62;53.69;5500;253
2026-06-08T13:53:39.0000000Z;53.62;53.7;2192;253
2026-06-08T13:53:41.0000000Z;53.62;53.69;2192;5500
2026-06-08T13:53:42.0000000Z;53.63;53.69;1560;5500
2026-06-08T13:53:43.0000000Z;53.63;53.7;1813;5500
2026-06-08T13:53:44.0000000Z;53.64;53.7;56;5500
2026-06-08T13:53:45.0000000Z;53.64;53.7;5500;5500
2026-06-08T13:53:46.0000000Z;53.62;53.7;2192;5500
2026-06-08T13:53:47.0000000Z;53.63;53.7;1560;5500
2026-06-08T13:53:48.0000000Z;53.63;53.71;1813;253
2026-06-08T13:53:50.0000000Z;53.64;53.71;1560;253
2026-06-08T13:53:51.0000000Z;53.63;53.71;1813;5966
2026-06-08T13:53:53.0000000Z;53.64;53.71;5500;5500
2026-06-08T13:53:55.0000000Z;53.64;53.7;56;253
2026-06-08T13:53:56.0000000Z;53.64;53.7;5500;5500
2026-06-08T13:53:57.0000000Z;53.64;53.71;5500;253
2026-06-08T13:53:58.0000000Z;53.64;53.71;5500;253
2026-06-08T13:54:00.0000000Z;53.64;53.71;5500;253
2026-06-08T13:54:01.0000000Z;53.64;53.7;5500;5500
2026-06-08T13:54:05.0000000Z;53.63;53.7;4058;5500
2026-06-08T13:54:07.0000000Z;53.63;53.7;5500;5500
2026-06-08T13:54:09.0000000Z;53.64;53.7;5500;5500
2026-06-08T13:54:10.0000000Z;53.64;53.7;1946;5500
2026-06-08T13:54:11.0000000Z;53.63;53.69;379;5500
2026-06-08T13:54:12.0000000Z;53.63;53.7;1939;253
2026-06-08T13:54:13.0000000Z;53.63;53.69;5500;5500
2026-06-08T13:54:14.0000000Z;53.63;53.69;379;5500
2026-06-08T13:54:15.0000000Z;53.63;53.7;379;5500
2026-06-08T13:54:16.0000000Z;53.63;53.69;1939;253
2026-06-08T13:54:17.0000000Z;53.63;53.69;1939;5500
2026-06-08T13:54:18.0000000Z;53.63;53.69;379;5500
2026-06-08T13:54:19.0000000Z;53.63;53.69;435;5500
2026-06-08T13:54:23.0000000Z;53.63;53.69;56;5500
2026-06-08T13:54:24.0000000Z;53.63;53.69;2719;253
2026-06-08T13:54:26.0000000Z;53.62;53.68;379;253
2026-06-08T13:54:27.0000000Z;53.62;53.69;632;253
2026-06-08T13:54:28.0000000Z;53.62;53.69;632;253
2026-06-08T13:54:29.0000000Z;53.62;53.69;5967;253
2026-06-08T13:54:33.0000000Z;53.62;53.69;632;253
2026-06-08T13:54:34.0000000Z;53.62;53.68;379;253
2026-06-08T13:54:36.0000000Z;53.62;53.68;379;5500
2026-06-08T13:54:37.0000000Z;53.62;53.68;379;5500
2026-06-08T13:54:38.0000000Z;53.62;53.68;435;5500
2026-06-08T13:54:39.0000000Z;53.62;53.68;56;5500
2026-06-08T13:54:40.0000000Z;53.62;53.68;56;5500
2026-06-08T13:54:41.0000000Z;53.6;53.75;133;186
2026-06-08T13:54:42.0000000Z;53.59;53.66;161;253
2026-06-08T13:54:43.0000000Z;53.61;53.7;467;466
2026-06-08T13:54:44.0000000Z;53.61;53.7;467;466
2026-06-08T13:54:45.0000000Z;53.59;53.66;655;5500
2026-06-08T13:54:47.0000000Z;53.59;53.66;5500;5500
2026-06-08T13:54:48.0000000Z;53.59;53.66;5500;5500
2026-06-08T13:54:50.0000000Z;53.59;53.66;402;5500
2026-06-08T13:54:52.0000000Z;53.59;53.66;655;5500
2026-06-08T13:54:57.0000000Z;53.61;53.67;96;253
2026-06-08T13:54:58.0000000Z;53.61;53.66;5500;253
2026-06-08T13:54:59.0000000Z;53.6;53.66;512;253
2026-06-08T13:55:00.0000000Z;53.6;53.67;765;253
2026-06-08T13:55:01.0000000Z;53.6;53.67;5500;253
2026-06-08T13:55:02.0000000Z;53.6;53.67;5500;253
2026-06-08T13:55:03.0000000Z;53.61;53.67;4115;5966
2026-06-08T13:55:04.0000000Z;53.61;53.67;3996;5966
2026-06-08T13:55:05.0000000Z;53.61;53.67;1656;466
2026-06-08T13:55:06.0000000Z;53.61;53.67;3072;466
2026-06-08T13:55:08.0000000Z;53.61;53.68;3072;5500
2026-06-08T13:55:11.0000000Z;53.62;53.68;56;5500
2026-06-08T13:55:12.0000000Z;53.62;53.68;5500;5500
2026-06-08T13:55:13.0000000Z;53.62;53.68;5500;5500
2026-06-08T13:55:14.0000000Z;53.62;53.68;5500;5500
2026-06-08T13:55:15.0000000Z;53.62;53.68;5500;5500
2026-06-08T13:55:16.0000000Z;53.62;53.68;5500;5500
2026-06-08T13:55:17.0000000Z;53.61;53.68;2432;5500
2026-06-08T13:55:18.0000000Z;53.62;53.68;3833;5500
2026-06-08T13:55:19.0000000Z;53.61;53.68;5500;5500
2026-06-08T13:55:21.0000000Z;53.62;53.68;56;5500
2026-06-08T13:55:22.0000000Z;53.62;53.68;5500;5500
2026-06-08T13:55:23.0000000Z;53.62;53.68;5500;5500
2026-06-08T13:55:24.0000000Z;53.62;53.68;5500;5500
2026-06-08T13:55:25.0000000Z;53.61;53.68;5500;5500
2026-06-08T13:55:26.0000000Z;53.62;53.68;3900;5500
2026-06-08T13:55:32.0000000Z;53.62;53.68;2396;5500
2026-06-08T13:55:33.0000000Z;53.62;53.68;3900;5500
2026-06-08T13:55:35.0000000Z;53.62;53.68;2340;5500
2026-06-08T13:55:36.0000000Z;53.62;53.68;3900;5500
2026-06-08T13:55:38.0000000Z;53.62;53.68;56;5500
2026-06-08T13:55:45.0000000Z;53.61;53.67;1656;253
2026-06-08T13:55:46.0000000Z;53.61;53.67;1656;5500
2026-06-08T13:55:47.0000000Z;53.61;53.67;5500;5500
2026-06-08T13:55:48.0000000Z;53.61;53.67;5500;5500
2026-06-08T13:55:49.0000000Z;53.61;53.64;5500;5500
2026-06-08T13:55:50.0000000Z;53.6;53.64;133;5500
2026-06-08T13:55:51.0000000Z;53.6;53.64;133;5500
2026-06-08T13:55:52.0000000Z;53.6;53.64;133;5500
2026-06-08T13:55:54.0000000Z;53.6;53.64;133;5500
2026-06-08T13:55:55.0000000Z;53.6;53.64;5967;5500
2026-06-08T13:55:57.0000000Z;53.59;53.64;161;5500
2026-06-08T13:55:59.0000000Z;53.6;53.64;5500;5500
2026-06-08T13:56:00.0000000Z;53.59;53.64;1721;5500
2026-06-08T13:56:01.0000000Z;53.59;53.64;161;5500
2026-06-08T13:56:02.0000000Z;53.59;53.64;161;5500
2026-06-08T13:56:03.0000000Z;53.59;53.64;161;5500
2026-06-08T13:56:05.0000000Z;53.58;53.64;1746;5500
2026-06-08T13:56:06.0000000Z;53.58;53.64;186;5500
2026-06-08T13:56:07.0000000Z;53.58;53.64;1746;5500
2026-06-08T13:56:08.0000000Z;53.58;53.64;1746;5500
2026-06-08T13:56:09.0000000Z;53.59;53.64;133;5500
2026-06-08T13:56:10.0000000Z;53.58;53.64;186;5500
2026-06-08T13:56:11.0000000Z;53.58;53.64;186;5500
2026-06-08T13:56:12.0000000Z;53.58;53.64;186;289
2026-06-08T13:56:13.0000000Z;53.57;53.63;186;253
2026-06-08T13:56:15.0000000Z;53.57;53.63;186;5500
2026-06-08T13:56:17.0000000Z;53.57;53.63;5967;5500
2026-06-08T13:56:19.0000000Z;53.57;53.64;5967;289
2026-06-08T13:56:20.0000000Z;53.57;53.64;1097;289
2026-06-08T13:56:21.0000000Z;53.57;53.64;4369;5500
2026-06-08T13:56:23.0000000Z;53.57;53.64;4369;36
2026-06-08T13:56:24.0000000Z;53.57;53.64;439;289
2026-06-08T13:56:25.0000000Z;53.57;53.63;242;253
2026-06-08T13:56:27.0000000Z;53.57;53.63;242;5500
2026-06-08T13:56:28.0000000Z;53.57;53.63;186;5500
2026-06-08T13:56:31.0000000Z;53.57;53.64;439;289
2026-06-08T13:56:32.0000000Z;53.57;53.64;439;289
2026-06-08T13:56:33.0000000Z;53.57;53.64;4369;289
2026-06-08T13:56:34.0000000Z;53.57;53.64;439;5500
2026-06-08T13:56:35.0000000Z;53.57;53.64;439;5500
2026-06-08T13:56:36.0000000Z;53.57;53.64;495;5500
2026-06-08T13:56:37.0000000Z;53.57;53.64;495;5500
2026-06-08T13:56:38.0000000Z;53.57;53.64;2055;5500
2026-06-08T13:56:39.0000000Z;53.57;53.64;1999;5500
2026-06-08T13:56:41.0000000Z;53.57;53.64;4232;5500
2026-06-08T13:56:42.0000000Z;53.58;53.64;186;5500
2026-06-08T13:56:43.0000000Z;53.58;53.64;186;36
2026-06-08T13:56:44.0000000Z;53.58;53.64;5500;36
2026-06-08T13:56:45.0000000Z;53.58;53.64;5500;36
2026-06-08T13:56:46.0000000Z;53.58;53.64;5500;36
2026-06-08T13:56:53.0000000Z;53.58;53.64;5500;36
2026-06-08T13:56:54.0000000Z;53.58;53.64;242;36
2026-06-08T13:56:55.0000000Z;53.58;53.64;242;36
2026-06-08T13:56:56.0000000Z;53.58;53.64;242;36
2026-06-08T13:56:57.0000000Z;53.58;53.64;242;36
2026-06-08T13:56:58.0000000Z;53.58;53.64;242;36
2026-06-08T13:57:00.0000000Z;53.58;53.64;242;36
2026-06-08T13:57:02.0000000Z;53.58;53.64;242;36
2026-06-08T13:57:03.0000000Z;53.58;53.64;1999;36
2026-06-08T13:57:04.0000000Z;53.58;53.64;4300;36
2026-06-08T13:57:05.0000000Z;53.58;53.64;4300;36
2026-06-08T13:57:08.0000000Z;53.6;53.64;133;36
2026-06-08T13:57:09.0000000Z;53.6;53.64;133;36
2026-06-08T13:57:11.0000000Z;53.59;53.64;161;36
2026-06-08T13:57:12.0000000Z;53.59;53.64;161;36
2026-06-08T13:57:14.0000000Z;53.59;53.64;5633;36
2026-06-08T13:57:16.0000000Z;53.58;53.64;186;36
2026-06-08T13:57:19.0000000Z;53.57;53.64;186;289
2026-06-08T13:57:20.0000000Z;53.59;53.64;133;289
2026-06-08T13:57:21.0000000Z;53.57;53.64;465;289
2026-06-08T13:57:22.0000000Z;53.57;53.64;5500;289
2026-06-08T13:57:23.0000000Z;53.57;53.64;2025;289
2026-06-08T13:57:26.0000000Z;53.57;53.64;465;289
2026-06-08T13:57:27.0000000Z;53.57;53.64;465;289
2026-06-08T13:57:28.0000000Z;53.57;53.64;186;289
2026-06-08T13:57:29.0000000Z;53.57;53.63;242;5500
2026-06-08T13:57:32.0000000Z;53.56;53.62;186;5500
2026-06-08T13:57:33.0000000Z;53.56;53.62;186;5500
2026-06-08T13:57:34.0000000Z;53.55;53.61;1746;253
2026-06-08T13:57:35.0000000Z;53.55;53.61;186;5500
2026-06-08T13:57:36.0000000Z;53.55;53.62;439;253
2026-06-08T13:57:37.0000000Z;53.55;53.61;186;253
2026-06-08T13:57:39.0000000Z;53.54;53.6;186;253
2026-06-08T13:57:40.0000000Z;53.55;53.61;5500;253
2026-06-08T13:57:41.0000000Z;53.54;53.61;439;253
2026-06-08T13:57:42.0000000Z;53.54;53.61;1097;253
2026-06-08T13:57:43.0000000Z;53.55;53.61;5500;253
2026-06-08T13:57:44.0000000Z;53.55;53.62;718;253
2026-06-08T13:57:46.0000000Z;53.55;53.62;4336;253
2026-06-08T13:57:48.0000000Z;53.55;53.62;2776;5967
2026-06-08T13:57:50.0000000Z;53.55;53.62;495;253
2026-06-08T13:57:51.0000000Z;53.55;53.61;242;253
2026-06-08T13:57:52.0000000Z;53.55;53.61;242;5500
2026-06-08T13:57:53.0000000Z;53.55;53.61;242;5500
2026-06-08T13:57:54.0000000Z;53.54;53.61;2278;5500
2026-06-08T13:57:55.0000000Z;53.54;53.61;4411;5500
2026-06-08T13:57:56.0000000Z;53.54;53.61;1999;5500
2026-06-08T13:57:57.0000000Z;53.54;53.61;3936;5500
2026-06-08T13:57:58.0000000Z;53.54;53.61;1999;5500
2026-06-08T13:57:59.0000000Z;53.54;53.61;1999;5500
2026-06-08T13:58:00.0000000Z;53.54;53.61;3936;5500
2026-06-08T13:58:01.0000000Z;53.56;53.61;186;5500
2026-06-08T13:58:02.0000000Z;53.56;53.61;5500;5500
2026-06-08T13:58:04.0000000Z;53.56;53.61;5500;5500
2026-06-08T13:58:05.0000000Z;53.54;53.61;186;5500
2026-06-08T13:58:06.0000000Z;53.54;53.61;186;5500
2026-06-08T13:58:12.0000000Z;53.54;53.61;439;5500
2026-06-08T13:58:13.0000000Z;53.54;53.61;186;5500
2026-06-08T13:58:15.0000000Z;53.54;53.61;5500;5500
2026-06-08T13:58:16.0000000Z;53.54;53.61;5500;5500
2026-06-08T13:58:19.0000000Z;53.54;53.61;5500;5500
2026-06-08T13:58:20.0000000Z;53.54;53.61;5500;5500
2026-06-08T13:58:22.0000000Z;53.54;53.6;5500;253
2026-06-08T13:58:25.0000000Z;53.54;53.6;5500;5500
2026-06-08T13:58:29.0000000Z;53.54;53.6;5500;5500
2026-06-08T13:58:30.0000000Z;53.54;53.6;5500;253
2026-06-08T13:58:31.0000000Z;53.54;53.59;5500;5500
2026-06-08T13:58:32.0000000Z;53.54;53.59;5500;5500
2026-06-08T13:58:33.0000000Z;53.54;53.59;5500;5500
2026-06-08T13:58:34.0000000Z;53.53;53.59;186;5500
2026-06-08T13:58:36.0000000Z;53.53;53.59;5500;5500
2026-06-08T13:58:37.0000000Z;53.53;53.59;5500;5500
2026-06-08T13:58:38.0000000Z;53.53;53.59;5500;5500
2026-06-08T13:58:42.0000000Z;53.53;53.68;5500;30
2026-06-08T13:58:43.0000000Z;53.53;53.6;439;253
2026-06-08T13:58:46.0000000Z;53.53;53.6;439;5967
2026-06-08T13:58:47.0000000Z;53.53;53.61;439;253
2026-06-08T13:58:48.0000000Z;53.53;53.6;439;467
2026-06-08T13:58:49.0000000Z;53.53;53.6;439;253
2026-06-08T13:58:50.0000000Z;53.53;53.6;439;5967
2026-06-08T13:58:52.0000000Z;53.53;53.61;439;253
2026-06-08T13:58:53.0000000Z;53.53;53.6;439;253
2026-06-08T13:58:54.0000000Z;53.53;53.61;439;253
2026-06-08T13:58:55.0000000Z;53.53;53.6;439;5500
2026-06-08T13:58:56.0000000Z;53.53;53.61;439;5967
2026-06-08T13:58:59.0000000Z;53.53;53.6;439;253
2026-06-08T13:58:59.0000000Z;53.53;53.6;439;253
2026-06-08T13:59:00.0000000Z;53.53;53.6;439;5500
2026-06-08T13:59:01.0000000Z;53.55;53.6;186;5500
2026-06-08T13:59:02.0000000Z;53.55;53.61;5500;5967
2026-06-08T13:59:03.0000000Z;53.54;53.61;186;5967
2026-06-08T13:59:04.0000000Z;53.54;53.61;439;5500
2026-06-08T13:59:05.0000000Z;53.56;53.62;172;253
2026-06-08T13:59:06.0000000Z;53.53;53.7;465;465
2026-06-08T13:59:07.0000000Z;53.56;53.62;186;253
2026-06-08T13:59:08.0000000Z;53.56;53.62;186;253
2026-06-08T13:59:09.0000000Z;53.56;53.62;5500;5967
2026-06-08T13:59:11.0000000Z;53.56;53.62;5500;5967
2026-06-08T13:59:16.0000000Z;53.56;53.62;5500;5967
2026-06-08T13:59:17.0000000Z;53.56;53.62;175;5500
2026-06-08T13:59:18.0000000Z;53.56;53.63;428;253
2026-06-08T13:59:19.0000000Z;53.56;53.63;175;253
2026-06-08T13:59:20.0000000Z;53.56;53.63;428;253
2026-06-08T13:59:21.0000000Z;53.56;53.63;428;5967
2026-06-08T13:59:23.0000000Z;53.57;53.63;147;253
2026-06-08T13:59:24.0000000Z;53.57;53.63;5500;253
2026-06-08T13:59:25.0000000Z;53.57;53.63;147;253
2026-06-08T13:59:26.0000000Z;53.57;53.64;400;253
2026-06-08T13:59:29.0000000Z;53.57;53.63;147;253
2026-06-08T13:59:31.0000000Z;53.57;53.63;147;5500
2026-06-08T13:59:38.0000000Z;53.57;53.63;147;253
2026-06-08T13:59:39.0000000Z;53.57;53.63;147;253
2026-06-08T13:59:40.0000000Z;53.57;53.63;147;253
2026-06-08T13:59:41.0000000Z;53.57;53.63;147;253
2026-06-08T13:59:42.0000000Z;53.57;53.63;147;253
2026-06-08T13:59:43.0000000Z;53.56;53.63;175;253
2026-06-08T13:59:45.0000000Z;53.56;53.63;175;253
2026-06-08T13:59:46.0000000Z;53.56;53.63;175;253
2026-06-08T13:59:47.0000000Z;53.56;53.63;5967;253
2026-06-08T13:59:48.0000000Z;53.56;53.63;5967;253
2026-06-08T13:59:49.0000000Z;53.56;53.62;5967;5500
2026-06-08T13:59:51.0000000Z;53.55;53.61;186;253
2026-06-08T13:59:52.0000000Z;53.55;53.61;186;5500
2026-06-08T13:59:53.0000000Z;53.54;53.61;186;5500
2026-06-08T13:59:54.0000000Z;53.56;53.61;5500;5500
2026-06-08T13:59:55.0000000Z;53.55;53.61;5500;5500
2026-06-08T13:59:56.0000000Z;53.54;53.61;439;5500
2026-06-08T13:59:57.0000000Z;53.54;53.61;186;5500
2026-06-08T14:00:01.0000000Z;53.54;53.61;186;5500
2026-06-08T14:00:02.0000000Z;53.54;53.62;439;253
2026-06-08T14:00:03.0000000Z;53.54;53.61;439;253
2026-06-08T14:00:04.0000000Z;53.54;53.61;439;253
2026-06-08T14:00:05.0000000Z;53.54;53.62;439;253
2026-06-08T14:00:06.0000000Z;53.54;53.62;439;253
2026-06-08T14:00:07.0000000Z;53.54;53.62;5500;253
2026-06-08T14:00:08.0000000Z;53.54;53.62;5500;253
2026-06-08T14:00:09.0000000Z;53.54;53.62;5500;5967
2026-06-08T14:00:10.0000000Z;53.54;53.62;5500;5967
2026-06-08T14:00:11.0000000Z;53.56;53.63;5500;253
2026-06-08T14:00:13.0000000Z;53.56;53.62;5500;253
2026-06-08T14:00:14.0000000Z;53.56;53.62;5500;5967
2026-06-08T14:00:15.0000000Z;53.55;53.61;186;253
2026-06-08T14:00:16.0000000Z;53.55;53.61;186;5500
2026-06-08T14:00:17.0000000Z;53.55;53.61;186;5500
2026-06-08T14:00:18.0000000Z;53.55;53.61;186;5500
2026-06-08T14:00:19.0000000Z;53.55;53.61;5500;5500
2026-06-08T14:00:20.0000000Z;53.55;53.61;5500;5500
2026-06-08T14:00:21.0000000Z;53.54;53.61;439;5500
2026-06-08T14:00:22.0000000Z;53.58;53.61;62;5500
2026-06-08T14:00:23.0000000Z;53.58;53.62;5500;253
2026-06-08T14:00:24.0000000Z;53.58;53.62;5500;253
2026-06-08T14:00:26.0000000Z;53.58;53.62;5500;253
2026-06-08T14:00:27.0000000Z;53.58;53.62;5500;5967
2026-06-08T14:00:28.0000000Z;53.58;53.62;5500;5967
2026-06-08T14:00:29.0000000Z;53.58;53.63;5500;253
2026-06-08T14:00:31.0000000Z;53.58;53.64;182;253
2026-06-08T14:00:32.0000000Z;53.58;53.63;182;5500
2026-06-08T14:00:33.0000000Z;53.58;53.63;182;5500
2026-06-08T14:00:34.0000000Z;53.58;53.63;182;5500
2026-06-08T14:00:36.0000000Z;53.58;53.63;182;5500
2026-06-08T14:00:37.0000000Z;53.58;53.62;182;253
2026-06-08T14:00:38.0000000Z;53.58;53.61;62;253
2026-06-08T14:00:39.0000000Z;53.58;53.61;62;5500
2026-06-08T14:00:40.0000000Z;53.58;53.6;62;253
2026-06-08T14:00:42.0000000Z;53.58;53.6;62;5500
2026-06-08T14:00:43.0000000Z;53.58;53.6;62;5500
2026-06-08T14:00:45.0000000Z;53.58;53.6;62;5500
2026-06-08T14:00:52.0000000Z;53.58;53.61;62;253
2026-06-08T14:00:55.0000000Z;53.58;53.61;62;253
2026-06-08T14:00:56.0000000Z;53.58;53.62;62;253
2026-06-08T14:00:57.0000000Z;53.58;53.62;62;253
2026-06-08T14:00:59.0000000Z;53.58;53.61;62;253
2026-06-08T14:01:01.0000000Z;53.58;53.71;62;442
2026-06-08T14:01:02.0000000Z;53.58;53.71;62;177
2026-06-08T14:01:03.0000000Z;53.58;53.63;195;253
2026-06-08T14:01:04.0000000Z;53.58;53.62;195;5500
2026-06-08T14:01:05.0000000Z;53.58;53.63;195;5500
2026-06-08T14:01:06.0000000Z;53.58;53.63;195;5500
2026-06-08T14:01:07.0000000Z;53.58;53.63;195;5500
2026-06-08T14:01:08.0000000Z;53.58;53.63;195;5500
2026-06-08T14:01:10.0000000Z;53.58;53.62;195;253
2026-06-08T14:01:11.0000000Z;53.58;53.63;195;253
2026-06-08T14:01:16.0000000Z;53.58;53.63;62;253
2026-06-08T14:01:17.0000000Z;53.58;53.62;62;5500
2026-06-08T14:01:18.0000000Z;53.58;53.63;62;5500
2026-06-08T14:01:20.0000000Z;53.58;53.64;62;253
2026-06-08T14:01:21.0000000Z;53.58;53.64;62;253
2026-06-08T14:01:22.0000000Z;53.58;53.64;62;253
2026-06-08T14:01:23.0000000Z;53.58;53.64;62;5967
2026-06-08T14:01:25.0000000Z;53.58;53.63;62;253
2026-06-08T14:01:26.0000000Z;53.58;53.64;62;5500
2026-06-08T14:01:28.0000000Z;53.58;53.63;62;253
2026-06-08T14:01:29.0000000Z;53.58;53.63;62;5500
2026-06-08T14:01:31.0000000Z;53.58;53.64;62;253
2026-06-08T14:01:33.0000000Z;53.58;53.64;62;5500
2026-06-08T14:01:35.0000000Z;53.58;53.64;62;5500
2026-06-08T14:01:36.0000000Z;53.58;53.64;184;5500
2026-06-08T14:01:39.0000000Z;53.58;53.64;184;5500
2026-06-08T14:01:40.0000000Z;53.58;53.65;437;253
2026-06-08T14:01:41.0000000Z;53.58;53.65;437;253
2026-06-08T14:01:42.0000000Z;53.58;53.65;437;253
2026-06-08T14:01:43.0000000Z;53.58;53.65;437;5753
2026-06-08T14:01:44.0000000Z;53.58;53.64;184;5500
2026-06-08T14:01:45.0000000Z;53.58;53.64;184;5500
2026-06-08T14:01:46.0000000Z;53.58;53.64;184;5500
2026-06-08T14:01:49.0000000Z;53.58;53.65;713;253
2026-06-08T14:01:50.0000000Z;53.58;53.65;437;253
2026-06-08T14:01:51.0000000Z;53.58;53.65;1092;253
2026-06-08T14:01:52.0000000Z;53.58;53.66;1092;253
2026-06-08T14:01:53.0000000Z;53.59;53.67;665;253
2026-06-08T14:01:54.0000000Z;53.59;53.77;165;185
2026-06-08T14:01:55.0000000Z;53.61;53.65;127;466
2026-06-08T14:01:56.0000000Z;53.62;53.67;107;253
2026-06-08T14:01:57.0000000Z;53.61;53.67;128;253
2026-06-08T14:01:58.0000000Z;53.61;53.67;5500;253
2026-06-08T14:01:59.0000000Z;53.61;53.67;5500;253
2026-06-08T14:01:59.0000000Z;53.61;53.67;5500;253
2026-06-08T14:02:02.0000000Z;53.61;53.67;5500;5500
2026-06-08T14:02:04.0000000Z;53.61;53.67;533;5500
2026-06-08T14:02:05.0000000Z;53.61;53.68;786;253
2026-06-08T14:02:09.0000000Z;53.61;53.68;407;253
2026-06-08T14:02:10.0000000Z;53.6;53.67;182;253
2026-06-08T14:02:11.0000000Z;53.6;53.67;455;5500
2026-06-08T14:02:13.0000000Z;53.6;53.67;455;5500
2026-06-08T14:02:14.0000000Z;53.6;53.67;455;5500
2026-06-08T14:02:20.0000000Z;53.6;53.67;5500;5500
2026-06-08T14:02:23.0000000Z;53.6;53.67;182;5500
2026-06-08T14:02:24.0000000Z;53.6;53.66;182;253
2026-06-08T14:02:25.0000000Z;53.6;53.66;182;253
2026-06-08T14:02:26.0000000Z;53.59;53.73;186;120
2026-06-08T14:02:27.0000000Z;53.59;53.68;5967;466
2026-06-08T14:02:28.0000000Z;53.59;53.65;5967;5500
2026-06-08T14:02:29.0000000Z;53.59;53.65;242;5500
2026-06-08T14:02:30.0000000Z;53.59;53.65;242;5500
2026-06-08T14:02:31.0000000Z;53.59;53.65;242;5500
2026-06-08T14:02:37.0000000Z;53.59;53.65;5500;5500
2026-06-08T14:02:38.0000000Z;53.59;53.64;186;5500
2026-06-08T14:02:39.0000000Z;53.59;53.63;186;253
2026-06-08T14:02:40.0000000Z;53.59;53.63;186;253
2026-06-08T14:02:41.0000000Z;53.59;53.63;186;5500
2026-06-08T14:02:42.0000000Z;53.59;53.63;186;5500
2026-06-08T14:02:43.0000000Z;53.59;53.63;186;5500
2026-06-08T14:02:44.0000000Z;53.59;53.63;186;5500
2026-06-08T14:02:45.0000000Z;53.59;53.63;186;5500
2026-06-08T14:02:47.0000000Z;53.59;53.63;186;5500
2026-06-08T14:02:48.0000000Z;53.59;53.63;186;5500
2026-06-08T14:02:49.0000000Z;53.59;53.63;186;5500
2026-06-08T14:02:50.0000000Z;53.59;53.63;186;5500
2026-06-08T14:02:56.0000000Z;53.59;53.62;186;253
2026-06-08T14:02:58.0000000Z;53.59;53.62;186;5500
2026-06-08T14:03:00.0000000Z;53.59;53.62;186;5500
2026-06-08T14:03:01.0000000Z;53.59;53.61;186;253
2026-06-08T14:03:02.0000000Z;53.59;53.63;186;253
2026-06-08T14:03:04.0000000Z;53.59;53.62;186;253
2026-06-08T14:03:06.0000000Z;53.59;53.62;186;253
2026-06-08T14:03:07.0000000Z;53.59;53.62;186;253
2026-06-08T14:03:08.0000000Z;53.59;53.62;186;253
2026-06-08T14:03:09.0000000Z;53.59;53.61;186;253
2026-06-08T14:03:10.0000000Z;53.59;53.61;186;253
2026-06-08T14:03:11.0000000Z;53.59;53.62;186;253
2026-06-08T14:03:12.0000000Z;53.59;53.61;186;253
2026-06-08T14:03:14.0000000Z;53.59;53.62;186;253
2026-06-08T14:03:15.0000000Z;53.59;53.62;186;5500
2026-06-08T14:03:17.0000000Z;53.59;53.62;180;5500
2026-06-08T14:03:18.0000000Z;53.59;53.63;180;253
2026-06-08T14:03:19.0000000Z;53.59;53.63;180;253
2026-06-08T14:03:21.0000000Z;53.59;53.63;180;5967
2026-06-08T14:03:22.0000000Z;53.59;53.63;180;5967
2026-06-08T14:03:23.0000000Z;53.59;53.63;180;5500
2026-06-08T14:03:24.0000000Z;53.59;53.63;180;5500
2026-06-08T14:03:26.0000000Z;53.59;53.63;180;5500
2026-06-08T14:03:27.0000000Z;53.59;53.63;180;5500
2026-06-08T14:03:28.0000000Z;53.59;53.64;180;253
2026-06-08T14:03:29.0000000Z;53.59;53.64;180;253
2026-06-08T14:03:30.0000000Z;53.59;53.65;180;253
2026-06-08T14:03:31.0000000Z;53.59;53.64;180;5967
2026-06-08T14:03:32.0000000Z;53.59;53.64;180;5967
2026-06-08T14:03:33.0000000Z;53.59;53.64;180;467
2026-06-08T14:03:34.0000000Z;53.59;53.64;180;467
2026-06-08T14:03:39.0000000Z;53.59;53.64;180;467
2026-06-08T14:03:40.0000000Z;53.59;53.65;180;5500
2026-06-08T14:03:42.0000000Z;53.59;53.65;180;5500
2026-06-08T14:03:43.0000000Z;53.59;53.65;180;5500
2026-06-08T14:03:45.0000000Z;53.59;53.65;180;5500
2026-06-08T14:03:48.0000000Z;53.59;53.65;180;5500
2026-06-08T14:03:49.0000000Z;53.59;53.64;180;5500
2026-06-08T14:03:50.0000000Z;53.59;53.64;180;5500
2026-06-08T14:03:51.0000000Z;53.59;53.63;180;253
2026-06-08T14:03:52.0000000Z;53.59;53.63;180;5500
2026-06-08T14:03:53.0000000Z;53.59;53.63;180;5500
2026-06-08T14:03:54.0000000Z;53.59;53.63;180;5500
2026-06-08T14:03:55.0000000Z;53.59;53.63;180;5500
2026-06-08T14:03:59.0000000Z;53.59;53.63;180;5500
2026-06-08T14:03:59.0000000Z;53.59;53.64;180;253
2026-06-08T14:04:00.0000000Z;53.59;53.63;180;253
2026-06-08T14:04:03.0000000Z;53.59;53.63;180;253
2026-06-08T14:04:04.0000000Z;53.59;53.63;180;253
2026-06-08T14:04:06.0000000Z;53.59;53.62;180;253
2026-06-08T14:04:07.0000000Z;53.59;53.62;180;253
2026-06-08T14:04:08.0000000Z;53.59;53.61;180;253
2026-06-08T14:04:09.0000000Z;53.59;53.61;180;253
2026-06-08T14:04:10.0000000Z;53.59;53.61;180;5500
2026-06-08T14:04:11.0000000Z;53.59;53.61;180;5500
2026-06-08T14:04:12.0000000Z;53.59;53.61;180;5500
2026-06-08T14:04:13.0000000Z;53.59;53.61;180;5500
2026-06-08T14:04:14.0000000Z;53.59;53.61;180;5500
2026-06-08T14:04:17.0000000Z;53.59;53.61;180;5500
2026-06-08T14:04:18.0000000Z;53.59;53.61;180;5500
2026-06-08T14:04:19.0000000Z;53.59;53.61;180;5500
2026-06-08T14:04:20.0000000Z;53.59;53.61;180;5500
2026-06-08T14:04:21.0000000Z;53.59;53.61;180;5500
2026-06-08T14:04:23.0000000Z;53.59;53.61;180;5500
2026-06-08T14:04:24.0000000Z;53.59;53.61;180;5500
2026-06-08T14:04:25.0000000Z;53.59;53.6;180;253
2026-06-08T14:04:26.0000000Z;53.59;53.6;180;5500
2026-06-08T14:04:27.0000000Z;53.59;53.6;180;5500
2026-06-08T14:04:32.0000000Z;53.59;53.61;180;253
2026-06-08T14:04:33.0000000Z;53.59;53.61;180;253
2026-06-08T14:04:34.0000000Z;53.59;53.61;180;5500
2026-06-08T14:04:35.0000000Z;53.59;53.61;180;5500
2026-06-08T14:04:39.0000000Z;53.59;53.61;180;5500
2026-06-08T14:04:40.0000000Z;53.59;53.6;180;5500
2026-06-08T14:04:41.0000000Z;53.59;53.6;180;5500
2026-06-08T14:04:44.0000000Z;53.58;53.59;5967;5500
2026-06-08T14:04:45.0000000Z;53.58;53.6;5967;73
2026-06-08T14:04:46.0000000Z;53.58;53.59;5967;5500
2026-06-08T14:04:48.0000000Z;53.58;53.6;5967;5500
2026-06-08T14:04:49.0000000Z;53.58;53.6;5500;5500
2026-06-08T14:04:51.0000000Z;53.58;53.6;5500;5500
2026-06-08T14:04:53.0000000Z;53.58;53.6;5500;5500
2026-06-08T14:04:56.0000000Z;53.58;53.6;5500;5500
2026-06-08T14:04:57.0000000Z;53.58;53.6;5500;5500
2026-06-08T14:04:58.0000000Z;53.58;53.6;5500;5500
2026-06-08T14:04:59.0000000Z;53.58;53.59;5500;73
2026-06-08T14:05:00.0000000Z;53.58;53.6;5500;73
2026-06-08T14:05:01.0000000Z;53.58;53.6;5500;73
2026-06-08T14:05:02.0000000Z;53.58;53.6;5500;73
2026-06-08T14:05:03.0000000Z;53.58;53.6;5500;73
2026-06-08T14:05:04.0000000Z;53.58;53.6;5500;73
2026-06-08T14:05:06.0000000Z;53.58;53.6;5500;73
2026-06-08T14:05:07.0000000Z;53.58;53.6;5500;73
2026-06-08T14:05:09.0000000Z;53.58;53.6;5500;73
2026-06-08T14:05:10.0000000Z;53.58;53.6;5500;73
2026-06-08T14:05:11.0000000Z;53.58;53.61;5500;73
2026-06-08T14:05:13.0000000Z;53.58;53.61;5500;73
2026-06-08T14:05:14.0000000Z;53.58;53.61;5500;5573
2026-06-08T14:05:16.0000000Z;53.58;53.61;5500;5573
2026-06-08T14:05:17.0000000Z;53.58;53.6;5500;5500
2026-06-08T14:05:18.0000000Z;53.58;53.6;5500;5500
2026-06-08T14:05:20.0000000Z;53.58;53.6;5500;73
2026-06-08T14:05:22.0000000Z;53.58;53.59;5500;5500
2026-06-08T14:05:24.0000000Z;53.58;53.6;5500;5500
2026-06-08T14:05:25.0000000Z;53.58;53.6;5500;5500
2026-06-08T14:05:26.0000000Z;53.58;53.6;5500;5500
2026-06-08T14:05:29.0000000Z;53.58;53.6;5500;253
2026-06-08T14:05:30.0000000Z;53.58;53.59;5500;253
2026-06-08T14:05:31.0000000Z;53.58;53.59;5500;5500
2026-06-08T14:05:35.0000000Z;53.58;53.6;5500;253
2026-06-08T14:05:38.0000000Z;53.58;53.6;5500;5500
2026-06-08T14:05:43.0000000Z;53.58;53.6;5500;5500
2026-06-08T14:05:44.0000000Z;53.58;53.6;5500;5500
2026-06-08T14:05:46.0000000Z;53.58;53.6;5500;5500
2026-06-08T14:05:47.0000000Z;53.58;53.59;5500;253
2026-06-08T14:05:48.0000000Z;53.58;53.59;5500;5500
2026-06-08T14:05:55.0000000Z;53.58;53.59;5500;5500
2026-06-08T14:05:58.0000000Z;53.58;53.6;5500;253
2026-06-08T14:06:00.0000000Z;53.58;53.6;5500;5753
2026-06-08T14:06:03.0000000Z;53.58;53.7;5500;210
2026-06-08T14:06:04.0000000Z;53.58;53.61;5500;253
2026-06-08T14:06:05.0000000Z;53.58;53.71;5500;525
2026-06-08T14:06:07.0000000Z;53.58;53.61;5500;253
2026-06-08T14:06:08.0000000Z;53.58;53.6;5500;253
2026-06-08T14:06:09.0000000Z;53.58;53.61;5500;5500
2026-06-08T14:06:10.0000000Z;53.58;53.61;5500;5500
2026-06-08T14:06:12.0000000Z;53.58;53.62;5500;253
2026-06-08T14:06:14.0000000Z;53.58;53.62;5500;5500
2026-06-08T14:06:15.0000000Z;53.58;53.62;5500;5500
2026-06-08T14:06:16.0000000Z;53.58;53.62;5500;5500
2026-06-08T14:06:19.0000000Z;53.58;53.62;5500;5500
2026-06-08T14:06:21.0000000Z;53.58;53.63;5500;253
2026-06-08T14:06:22.0000000Z;53.58;53.72;5500;525
2026-06-08T14:06:23.0000000Z;53.58;53.61;5500;253
2026-06-08T14:06:24.0000000Z;53.58;53.61;5500;5500
2026-06-08T14:06:25.0000000Z;53.58;53.61;5500;5500
2026-06-08T14:06:26.0000000Z;53.58;53.61;5500;5500
2026-06-08T14:06:27.0000000Z;53.58;53.61;5500;5500
2026-06-08T14:06:29.0000000Z;53.58;53.62;5500;253
2026-06-08T14:06:30.0000000Z;53.58;53.61;5500;253
2026-06-08T14:06:31.0000000Z;53.58;53.61;5500;253
2026-06-08T14:06:32.0000000Z;53.58;53.61;5500;253
2026-06-08T14:06:33.0000000Z;53.58;53.61;5500;253
2026-06-08T14:06:34.0000000Z;53.58;53.61;5500;253
2026-06-08T14:06:35.0000000Z;53.58;53.62;5500;253
2026-06-08T14:06:36.0000000Z;53.58;53.62;5500;5753
2026-06-08T14:06:38.0000000Z;53.58;53.63;5500;253
2026-06-08T14:06:40.0000000Z;53.58;53.62;5500;253
2026-06-08T14:06:41.0000000Z;53.58;53.63;5500;253
2026-06-08T14:06:42.0000000Z;53.58;53.64;5500;253
2026-06-08T14:06:43.0000000Z;53.58;53.64;5500;253
2026-06-08T14:06:44.0000000Z;53.58;53.64;5500;253
2026-06-08T14:06:45.0000000Z;53.58;53.64;5500;5500
2026-06-08T14:06:46.0000000Z;53.58;53.64;5500;5500
2026-06-08T14:06:50.0000000Z;53.58;53.63;5500;253
2026-06-08T14:06:51.0000000Z;53.58;53.63;5500;253
2026-06-08T14:06:52.0000000Z;53.58;53.65;441;253
2026-06-08T14:06:53.0000000Z;53.58;53.65;62;253
2026-06-08T14:06:54.0000000Z;53.58;53.65;2781;5753
2026-06-08T14:06:55.0000000Z;53.58;53.65;4341;5753
2026-06-08T14:06:56.0000000Z;53.58;53.65;4594;5753
2026-06-08T14:07:02.0000000Z;53.58;53.65;4594;5500
2026-06-08T14:07:10.0000000Z;53.58;53.65;2402;5500
2026-06-08T14:07:11.0000000Z;53.58;53.65;2402;5500
2026-06-08T14:07:12.0000000Z;53.58;53.65;3962;5500
2026-06-08T14:07:13.0000000Z;53.58;53.65;2402;5500
2026-06-08T14:07:15.0000000Z;53.58;53.65;2402;5500
2026-06-08T14:07:16.0000000Z;53.58;53.65;2652;5500
2026-06-08T14:07:17.0000000Z;53.58;53.65;2652;5500
2026-06-08T14:07:18.0000000Z;53.58;53.65;4465;5500
2026-06-08T14:07:22.0000000Z;53.58;53.65;4465;5500
2026-06-08T14:07:23.0000000Z;53.59;53.65;2812;253
2026-06-08T14:07:24.0000000Z;53.59;53.65;5500;253
2026-06-08T14:07:25.0000000Z;53.58;53.65;4687;253
2026-06-08T14:07:26.0000000Z;53.58;53.65;2874;253
2026-06-08T14:07:27.0000000Z;53.58;53.65;62;253
2026-06-08T14:07:28.0000000Z;53.59;53.65;56;253
2026-06-08T14:07:31.0000000Z;53.59;53.65;56;253
2026-06-08T14:07:32.0000000Z;53.58;53.64;118;253
2026-06-08T14:07:33.0000000Z;53.58;53.64;118;5500
2026-06-08T14:07:34.0000000Z;53.58;53.64;62;5500
2026-06-08T14:07:35.0000000Z;53.58;53.64;5500;5500
2026-06-08T14:07:37.0000000Z;53.58;53.64;62;5500
2026-06-08T14:07:38.0000000Z;53.58;53.63;62;253
2026-06-08T14:07:39.0000000Z;53.58;53.63;62;5500
2026-06-08T14:07:40.0000000Z;53.58;53.62;62;253
2026-06-08T14:07:41.0000000Z;53.58;53.62;62;5500
2026-06-08T14:07:42.0000000Z;53.58;53.62;62;5500
2026-06-08T14:07:43.0000000Z;53.58;53.62;62;5500
2026-06-08T14:07:44.0000000Z;53.58;53.62;62;5500
2026-06-08T14:07:45.0000000Z;53.58;53.62;62;5500
2026-06-08T14:07:46.0000000Z;53.58;53.62;62;5500
2026-06-08T14:07:47.0000000Z;53.58;53.63;62;253
2026-06-08T14:07:50.0000000Z;53.58;53.63;62;253
2026-06-08T14:07:51.0000000Z;53.58;53.63;62;5753
2026-06-08T14:07:55.0000000Z;53.58;53.63;62;5753
2026-06-08T14:07:56.0000000Z;53.58;53.62;62;253
2026-06-08T14:07:57.0000000Z;53.58;53.62;62;253
2026-06-08T14:07:58.0000000Z;53.58;53.62;62;5500
2026-06-08T14:08:01.0000000Z;53.58;53.63;62;253
2026-06-08T14:08:03.0000000Z;53.58;53.64;62;253
2026-06-08T14:08:04.0000000Z;53.58;53.64;62;253
2026-06-08T14:08:05.0000000Z;53.58;53.63;62;253
2026-06-08T14:08:06.0000000Z;53.58;53.63;62;253
2026-06-08T14:08:07.0000000Z;53.58;53.62;62;253
2026-06-08T14:08:08.0000000Z;53.58;53.62;62;5500
2026-06-08T14:08:11.0000000Z;53.58;53.62;62;5500
2026-06-08T14:08:12.0000000Z;53.58;53.62;62;5500
2026-06-08T14:08:13.0000000Z;53.58;53.62;62;5500
2026-06-08T14:08:14.0000000Z;53.58;53.62;62;5500
2026-06-08T14:08:15.0000000Z;53.58;53.62;62;5500
2026-06-08T14:08:16.0000000Z;53.58;53.62;62;5500
2026-06-08T14:08:17.0000000Z;53.58;53.62;62;5500
2026-06-08T14:08:18.0000000Z;53.58;53.62;62;5500
2026-06-08T14:08:19.0000000Z;53.58;53.62;62;5500
2026-06-08T14:08:20.0000000Z;53.58;53.61;62;253
2026-06-08T14:08:21.0000000Z;53.58;53.61;62;253
2026-06-08T14:08:22.0000000Z;53.58;53.68;62;210
2026-06-08T14:08:23.0000000Z;53.58;53.6;62;253
2026-06-08T14:08:25.0000000Z;53.58;53.6;62;5500
2026-06-08T14:08:26.0000000Z;53.58;53.6;62;5500
2026-06-08T14:08:27.0000000Z;53.58;53.6;62;5500
2026-06-08T14:08:28.0000000Z;53.58;53.61;62;253
2026-06-08T14:08:30.0000000Z;53.58;53.61;62;253
2026-06-08T14:08:31.0000000Z;53.58;53.61;62;5500
2026-06-08T14:08:32.0000000Z;53.58;53.61;62;5500
2026-06-08T14:08:35.0000000Z;53.58;53.61;62;5500
2026-06-08T14:08:36.0000000Z;53.58;53.61;62;5500
2026-06-08T14:08:38.0000000Z;53.58;53.61;62;5500
2026-06-08T14:08:39.0000000Z;53.58;53.61;62;5500
2026-06-08T14:08:40.0000000Z;53.58;53.61;62;5500
2026-06-08T14:08:46.0000000Z;53.58;53.6;62;5500
2026-06-08T14:08:47.0000000Z;53.58;53.61;62;253
2026-06-08T14:08:48.0000000Z;53.58;53.61;62;5500
2026-06-08T14:08:51.0000000Z;53.58;53.61;62;5500
2026-06-08T14:08:54.0000000Z;53.58;53.61;62;5500
2026-06-08T14:08:55.0000000Z;53.58;53.62;62;253
2026-06-08T14:08:56.0000000Z;53.58;53.62;62;253
2026-06-08T14:08:59.0000000Z;53.58;53.62;62;5753
2026-06-08T14:09:02.0000000Z;53.58;53.62;62;5753
2026-06-08T14:09:03.0000000Z;53.58;53.62;62;5753
2026-06-08T14:09:05.0000000Z;53.58;53.62;62;5753
2026-06-08T14:09:06.0000000Z;53.58;53.63;62;253
2026-06-08T14:09:07.0000000Z;53.58;53.62;62;5500
2026-06-08T14:09:08.0000000Z;53.58;53.62;62;253
2026-06-08T14:09:17.0000000Z;53.58;53.63;62;253
2026-06-08T14:09:18.0000000Z;53.58;53.63;62;253
2026-06-08T14:09:19.0000000Z;53.58;53.63;62;5500
2026-06-08T14:09:20.0000000Z;53.58;53.63;62;5500
2026-06-08T14:09:23.0000000Z;53.58;53.63;62;5500
2026-06-08T14:09:24.0000000Z;53.58;53.63;62;5500
2026-06-08T14:09:26.0000000Z;53.58;53.63;62;5500
2026-06-08T14:09:29.0000000Z;53.58;53.64;62;253
2026-06-08T14:09:30.0000000Z;53.58;53.64;441;253
2026-06-08T14:09:31.0000000Z;53.58;53.65;441;253
2026-06-08T14:09:32.0000000Z;53.58;53.65;441;253
2026-06-08T14:09:33.0000000Z;53.58;53.64;441;253
2026-06-08T14:09:35.0000000Z;53.58;53.64;441;253
2026-06-08T14:09:36.0000000Z;53.58;53.64;62;253
2026-06-08T14:09:37.0000000Z;53.58;53.64;62;5753
2026-06-08T14:09:39.0000000Z;53.58;53.64;62;5500
2026-06-08T14:09:40.0000000Z;53.58;53.64;441;5500
2026-06-08T14:09:43.0000000Z;53.58;53.64;62;5500
2026-06-08T14:09:44.0000000Z;53.58;53.64;441;5500
2026-06-08T14:09:45.0000000Z;53.58;53.64;4066;5500
2026-06-08T14:09:46.0000000Z;53.58;53.64;4066;5500
2026-06-08T14:09:47.0000000Z;53.58;53.64;4066;5500
2026-06-08T14:09:48.0000000Z;53.58;53.64;1622;5500
2026-06-08T14:09:49.0000000Z;53.58;53.64;1622;5500
2026-06-08T14:09:50.0000000Z;53.58;53.64;62;5500
2026-06-08T14:09:54.0000000Z;53.58;53.64;754;5500
2026-06-08T14:09:59.0000000Z;53.58;53.64;745;5500
2026-06-08T14:10:00.0000000Z;53.58;53.64;745;5500
2026-06-08T14:10:01.0000000Z;53.58;53.64;62;5500
2026-06-08T14:10:02.0000000Z;53.58;53.64;118;5500
2026-06-08T14:10:03.0000000Z;53.58;53.65;2314;253
2026-06-08T14:10:04.0000000Z;53.58;53.65;754;253
2026-06-08T14:10:05.0000000Z;53.58;53.65;62;5753
2026-06-08T14:10:06.0000000Z;53.58;53.63;62;253
2026-06-08T14:10:07.0000000Z;53.58;53.63;62;5500
2026-06-08T14:10:09.0000000Z;53.58;53.64;754;253
2026-06-08T14:10:10.0000000Z;53.58;53.64;2314;253
2026-06-08T14:10:11.0000000Z;53.58;53.64;754;5500
2026-06-08T14:10:13.0000000Z;53.58;53.64;754;5500
2026-06-08T14:10:14.0000000Z;53.58;53.64;754;5500
2026-06-08T14:10:15.0000000Z;53.58;53.63;62;253
2026-06-08T14:10:16.0000000Z;53.58;53.63;62;5500
2026-06-08T14:10:19.0000000Z;53.58;53.62;62;5500
2026-06-08T14:10:20.0000000Z;53.58;53.62;62;5500
2026-06-08T14:10:23.0000000Z;53.58;53.62;62;5500
2026-06-08T14:10:25.0000000Z;53.56;53.62;1560;5500
2026-06-08T14:10:26.0000000Z;53.58;53.62;62;5500
2026-06-08T14:10:29.0000000Z;53.57;53.62;62;5500
2026-06-08T14:10:30.0000000Z;53.56;53.62;1560;5500
2026-06-08T14:10:33.0000000Z;53.56;53.62;1560;5500
2026-06-08T14:10:34.0000000Z;53.56;53.62;1560;253
2026-06-08T14:10:35.0000000Z;53.56;53.62;1560;253
2026-06-08T14:10:36.0000000Z;53.55;53.61;379;253
2026-06-08T14:10:37.0000000Z;53.56;53.61;5500;253
2026-06-08T14:10:38.0000000Z;53.54;53.61;632;253
2026-06-08T14:10:39.0000000Z;53.55;53.63;467;467
2026-06-08T14:10:40.0000000Z;53.55;53.62;467;5500
2026-06-08T14:10:41.0000000Z;53.55;53.61;467;253
2026-06-08T14:10:42.0000000Z;53.55;53.61;467;5500
2026-06-08T14:10:44.0000000Z;53.55;53.62;467;253
2026-06-08T14:10:45.0000000Z;53.55;53.62;467;5500
2026-06-08T14:10:47.0000000Z;53.55;53.62;5500;253
2026-06-08T14:10:48.0000000Z;53.55;53.62;3900;5967
2026-06-08T14:10:49.0000000Z;53.55;53.61;3900;5500
2026-06-08T14:10:51.0000000Z;53.55;53.61;1560;253
2026-06-08T14:10:53.0000000Z;53.55;53.61;1560;253
2026-06-08T14:10:54.0000000Z;53.55;53.62;3900;253
2026-06-08T14:10:56.0000000Z;53.55;53.62;3900;253
2026-06-08T14:10:57.0000000Z;53.55;53.62;3900;5967
2026-06-08T14:10:59.0000000Z;53.55;53.62;3900;5500
2026-06-08T14:11:01.0000000Z;53.55;53.62;4153;5500
2026-06-08T14:11:02.0000000Z;53.55;53.62;3900;5500
2026-06-08T14:11:03.0000000Z;53.55;53.61;1560;5500
2026-06-08T14:11:04.0000000Z;53.55;53.61;1560;253
2026-06-08T14:11:05.0000000Z;53.55;53.61;1560;253
2026-06-08T14:11:06.0000000Z;53.55;53.62;3900;253
2026-06-08T14:11:07.0000000Z;53.55;53.62;1560;253
2026-06-08T14:11:08.0000000Z;53.55;53.62;3900;253
2026-06-08T14:11:09.0000000Z;53.55;53.62;3900;5500
2026-06-08T14:11:10.0000000Z;53.55;53.61;1560;253
2026-06-08T14:11:11.0000000Z;53.55;53.62;3900;253
2026-06-08T14:11:12.0000000Z;53.55;53.61;1560;253
2026-06-08T14:11:13.0000000Z;53.55;53.61;1560;5500
2026-06-08T14:11:14.0000000Z;53.55;53.61;1560;5500
2026-06-08T14:11:15.0000000Z;53.55;53.6;1560;253
2026-06-08T14:11:16.0000000Z;53.55;53.6;1560;5500
2026-06-08T14:11:17.0000000Z;53.54;53.6;1560;5500
2026-06-08T14:11:18.0000000Z;53.54;53.6;1560;253
2026-06-08T14:11:19.0000000Z;53.54;53.6;5967;253
2026-06-08T14:11:21.0000000Z;53.54;53.59;5967;253
2026-06-08T14:11:22.0000000Z;53.54;53.6;5500;253
2026-06-08T14:11:23.0000000Z;53.54;53.6;5500;253
2026-06-08T14:11:25.0000000Z;53.54;53.6;2103;253
2026-06-08T14:11:26.0000000Z;53.54;53.6;1560;253
2026-06-08T14:11:27.0000000Z;53.54;53.6;3900;253
2026-06-08T14:11:28.0000000Z;53.54;53.6;3900;253
2026-06-08T14:11:29.0000000Z;53.54;53.6;3900;253
2026-06-08T14:11:30.0000000Z;53.54;53.61;4153;253
2026-06-08T14:11:33.0000000Z;53.54;53.61;4153;5967
2026-06-08T14:11:35.0000000Z;53.54;53.61;4153;467
2026-06-08T14:11:36.0000000Z;53.54;53.62;4153;253
2026-06-08T14:11:37.0000000Z;53.54;53.61;4153;5967
2026-06-08T14:11:39.0000000Z;53.54;53.61;4153;467
2026-06-08T14:11:43.0000000Z;53.54;53.62;4153;5500
2026-06-08T14:11:44.0000000Z;53.54;53.62;4153;5500
2026-06-08T14:11:48.0000000Z;53.57;53.62;1560;5500
2026-06-08T14:11:49.0000000Z;53.57;53.62;5500;5500
2026-06-08T14:11:50.0000000Z;53.57;53.62;5500;5500
2026-06-08T14:11:51.0000000Z;53.57;53.63;2254;253
2026-06-08T14:11:52.0000000Z;53.57;53.63;3900;253
2026-06-08T14:11:53.0000000Z;53.57;53.62;3840;253
2026-06-08T14:11:54.0000000Z;53.57;53.63;3840;253
2026-06-08T14:11:55.0000000Z;53.57;53.63;1560;253
2026-06-08T14:11:56.0000000Z;53.57;53.63;3840;253
2026-06-08T14:11:57.0000000Z;53.57;53.62;1560;5500
2026-06-08T14:12:00.0000000Z;53.56;53.62;1560;5500
2026-06-08T14:12:01.0000000Z;53.55;53.61;379;253
2026-06-08T14:12:02.0000000Z;53.56;53.61;5967;5500
2026-06-08T14:12:04.0000000Z;53.56;53.61;467;5500
2026-06-08T14:12:05.0000000Z;53.54;53.6;379;253
2026-06-08T14:12:07.0000000Z;53.54;53.61;632;253
2026-06-08T14:12:08.0000000Z;53.54;53.6;379;253
2026-06-08T14:12:10.0000000Z;53.53;53.6;632;253
2026-06-08T14:12:11.0000000Z;53.54;53.61;4153;253
2026-06-08T14:12:13.0000000Z;53.54;53.6;3900;253
2026-06-08T14:12:14.0000000Z;53.54;53.61;4153;5967
2026-06-08T14:12:18.0000000Z;53.54;53.62;4153;253
2026-06-08T14:12:20.0000000Z;53.54;53.61;4153;467
2026-06-08T14:12:22.0000000Z;53.54;53.61;4153;253
2026-06-08T14:12:23.0000000Z;53.54;53.62;4153;253
2026-06-08T14:12:24.0000000Z;53.54;53.62;4153;5500
2026-06-08T14:12:26.0000000Z;53.56;53.62;5500;5500
2026-06-08T14:12:27.0000000Z;53.56;53.62;2567;5500
2026-06-08T14:12:28.0000000Z;53.56;53.62;2567;5500
2026-06-08T14:12:29.0000000Z;53.56;53.62;2567;5500
2026-06-08T14:12:30.0000000Z;53.56;53.62;1560;5500
2026-06-08T14:12:32.0000000Z;53.56;53.62;2623;5500
2026-06-08T14:12:33.0000000Z;53.56;53.61;1560;5500
2026-06-08T14:12:34.0000000Z;53.56;53.61;1560;5500
2026-06-08T14:12:35.0000000Z;53.54;53.6;379;253
2026-06-08T14:12:36.0000000Z;53.54;53.6;379;5500
2026-06-08T14:12:37.0000000Z;53.54;53.61;632;253
2026-06-08T14:12:38.0000000Z;53.54;53.6;379;253
2026-06-08T14:12:39.0000000Z;53.54;53.61;632;253
2026-06-08T14:12:42.0000000Z;53.54;53.6;379;253
2026-06-08T14:12:43.0000000Z;53.54;53.61;632;253
2026-06-08T14:12:45.0000000Z;53.55;53.61;1560;253
2026-06-08T14:12:46.0000000Z;53.55;53.61;5967;5500
2026-06-08T14:12:47.0000000Z;53.55;53.61;5500;5500
2026-06-08T14:12:48.0000000Z;53.55;53.62;4007;253
2026-06-08T14:12:49.0000000Z;53.55;53.62;4260;253
2026-06-08T14:12:50.0000000Z;53.55;53.62;4260;5967
2026-06-08T14:12:53.0000000Z;53.57;53.63;1560;253
2026-06-08T14:12:54.0000000Z;53.57;53.63;5500;253
2026-06-08T14:12:55.0000000Z;53.56;53.63;2192;253
2026-06-08T14:12:56.0000000Z;53.56;53.62;2192;467
2026-06-08T14:12:57.0000000Z;53.56;53.62;1560;253
2026-06-08T14:12:58.0000000Z;53.56;53.62;5500;5967
2026-06-08T14:12:59.0000000Z;53.56;53.62;5500;5500
2026-06-08T14:13:09.0000000Z;53.56;53.62;1560;5500
2026-06-08T14:13:10.0000000Z;53.55;53.62;1560;5500
2026-06-08T14:13:12.0000000Z;53.55;53.62;5967;5500
2026-06-08T14:13:13.0000000Z;53.54;53.61;632;5500
2026-06-08T14:13:14.0000000Z;53.53;53.6;632;253
2026-06-08T14:13:15.0000000Z;53.53;53.6;632;5500
2026-06-08T14:13:16.0000000Z;53.53;53.6;632;5500
2026-06-08T14:13:17.0000000Z;53.53;53.6;632;5500
2026-06-08T14:13:18.0000000Z;53.53;53.6;632;5500
2026-06-08T14:13:19.0000000Z;53.53;53.61;632;253
2026-06-08T14:13:20.0000000Z;53.54;53.61;3443;253
2026-06-08T14:13:21.0000000Z;53.54;53.61;3443;253
2026-06-08T14:13:22.0000000Z;53.54;53.62;3696;253
2026-06-08T14:13:23.0000000Z;53.55;53.62;632;253
2026-06-08T14:13:24.0000000Z;53.55;53.62;56;253
2026-06-08T14:13:25.0000000Z;53.55;53.62;5500;253
2026-06-08T14:13:26.0000000Z;53.55;53.61;5500;253
2026-06-08T14:13:27.0000000Z;53.55;53.61;5500;5500
2026-06-08T14:13:35.0000000Z;53.55;53.62;5500;253
2026-06-08T14:13:36.0000000Z;53.55;53.63;309;253
2026-06-08T14:13:38.0000000Z;53.55;53.63;772;5753
2026-06-08T14:13:40.0000000Z;53.55;53.63;309;5753
2026-06-08T14:13:42.0000000Z;53.55;53.63;309;5753
2026-06-08T14:13:43.0000000Z;53.55;53.63;309;5753
2026-06-08T14:13:44.0000000Z;53.55;53.62;1869;253
2026-06-08T14:13:45.0000000Z;53.56;53.63;1560;253
2026-06-08T14:13:46.0000000Z;53.57;53.63;56;5967
2026-06-08T14:13:48.0000000Z;53.57;53.63;56;5967
2026-06-08T14:13:49.0000000Z;53.57;53.63;56;5967
2026-06-08T14:13:50.0000000Z;53.57;53.63;56;5967
2026-06-08T14:13:51.0000000Z;53.57;53.72;1560;210
2026-06-08T14:13:52.0000000Z;53.57;53.65;4153;253
2026-06-08T14:13:53.0000000Z;53.57;53.65;1813;253
2026-06-08T14:13:54.0000000Z;53.58;53.64;56;253
2026-06-08T14:13:55.0000000Z;53.58;53.63;56;5500
2026-06-08T14:13:56.0000000Z;53.58;53.64;5500;5500
2026-06-08T14:14:01.0000000Z;53.57;53.64;253;5500
2026-06-08T14:14:02.0000000Z;53.57;53.64;1813;5500
2026-06-08T14:14:03.0000000Z;53.57;53.64;253;5500
2026-06-08T14:14:04.0000000Z;53.57;53.64;5500;5500
2026-06-08T14:14:05.0000000Z;53.57;53.64;5500;5500
2026-06-08T14:14:06.0000000Z;53.57;53.64;253;5500
2026-06-08T14:14:07.0000000Z;53.56;53.63;3838;5500
2026-06-08T14:14:08.0000000Z;53.56;53.63;3830;5500
2026-06-08T14:14:09.0000000Z;53.57;53.64;1813;253
2026-06-08T14:14:10.0000000Z;53.57;53.64;5500;253
2026-06-08T14:14:12.0000000Z;53.57;53.64;5500;5967
2026-06-08T14:14:13.0000000Z;53.58;53.64;56;5967
2026-06-08T14:14:14.0000000Z;53.57;53.64;1813;253
2026-06-08T14:14:15.0000000Z;53.56;53.64;3838;5967
2026-06-08T14:14:16.0000000Z;53.57;53.65;1813;253
2026-06-08T14:14:17.0000000Z;53.57;53.65;4184;253
2026-06-08T14:14:18.0000000Z;53.57;53.64;253;467
2026-06-08T14:14:19.0000000Z;53.57;53.65;253;5500
2026-06-08T14:14:20.0000000Z;53.56;53.64;632;253
2026-06-08T14:14:21.0000000Z;53.56;53.64;632;5500
2026-06-08T14:14:22.0000000Z;53.56;53.64;5967;5500
2026-06-08T14:14:23.0000000Z;53.56;53.64;632;5500
2026-06-08T14:14:27.0000000Z;53.57;53.64;253;5500
2026-06-08T14:14:28.0000000Z;53.57;53.64;1560;5500
2026-06-08T14:14:29.0000000Z;53.56;53.64;253;5500
2026-06-08T14:14:30.0000000Z;53.56;53.64;2192;5500
2026-06-08T14:14:31.0000000Z;53.56;53.63;1813;253
2026-06-08T14:14:32.0000000Z;53.56;53.63;5500;253
2026-06-08T14:14:33.0000000Z;53.56;53.63;5500;5500
2026-06-08T14:14:34.0000000Z;53.55;53.62;4081;253
2026-06-08T14:14:35.0000000Z;53.55;53.62;1813;253
2026-06-08T14:14:36.0000000Z;53.55;53.62;1813;5500
2026-06-08T14:14:37.0000000Z;53.55;53.62;3777;5500
2026-06-08T14:14:38.0000000Z;53.55;53.63;5967;253
2026-06-08T14:14:39.0000000Z;53.56;53.63;5500;253
2026-06-08T14:14:40.0000000Z;53.56;53.63;5500;5500
2026-06-08T14:14:42.0000000Z;53.57;53.63;56;5500
2026-06-08T14:14:43.0000000Z;53.56;53.63;253;5500
2026-06-08T14:14:44.0000000Z;53.57;53.63;5500;5500
2026-06-08T14:14:45.0000000Z;53.55;53.62;1813;253
2026-06-08T14:14:46.0000000Z;53.56;53.62;5500;5500
2026-06-08T14:14:47.0000000Z;53.56;53.63;56;253
2026-06-08T14:14:48.0000000Z;53.56;53.62;56;5500
2026-06-08T14:14:49.0000000Z;53.56;53.62;56;5500
2026-06-08T14:14:50.0000000Z;53.56;53.63;56;5500
2026-06-08T14:14:53.0000000Z;53.56;53.63;1869;5500
2026-06-08T14:14:54.0000000Z;53.56;53.63;1869;5500
2026-06-08T14:14:55.0000000Z;53.56;53.63;1616;5500
2026-06-08T14:15:02.0000000Z;53.56;53.63;1560;5500
2026-06-08T14:15:03.0000000Z;53.56;53.63;1560;5500
2026-06-08T14:15:04.0000000Z;53.56;53.63;1560;5500
2026-06-08T14:15:05.0000000Z;53.55;53.62;1813;253
2026-06-08T14:15:06.0000000Z;53.55;53.62;1813;5500
2026-06-08T14:15:08.0000000Z;53.55;53.62;5967;5500
2026-06-08T14:15:11.0000000Z;53.55;53.62;253;5500
2026-06-08T14:15:12.0000000Z;53.55;53.61;5500;5500
2026-06-08T14:15:13.0000000Z;53.55;53.61;5500;5500
2026-06-08T14:15:14.0000000Z;53.54;53.61;1820;5500
2026-06-08T14:15:15.0000000Z;53.54;53.61;1820;5500
2026-06-08T14:15:17.0000000Z;53.55;53.61;5500;5500
2026-06-08T14:15:19.0000000Z;53.55;53.61;5500;5500
2026-06-08T14:15:20.0000000Z;53.55;53.61;5500;5500
2026-06-08T14:15:21.0000000Z;53.55;53.61;5500;5500
2026-06-08T14:15:22.0000000Z;53.55;53.61;5500;5500
2026-06-08T14:15:24.0000000Z;53.55;53.61;5500;5500
2026-06-08T14:15:25.0000000Z;53.54;53.61;1813;5500
2026-06-08T14:15:26.0000000Z;53.54;53.61;1560;5500
2026-06-08T14:15:27.0000000Z;53.54;53.61;5556;5500
2026-06-08T14:15:28.0000000Z;53.54;53.61;5556;5500
2026-06-08T14:15:29.0000000Z;53.54;53.61;1813;5500
2026-06-08T14:15:30.0000000Z;53.54;53.61;1813;5500
2026-06-08T14:15:31.0000000Z;53.54;53.61;1560;5500
2026-06-08T14:15:34.0000000Z;53.54;53.61;5500;5500
2026-06-08T14:15:35.0000000Z;53.54;53.61;1560;5500
2026-06-08T14:15:36.0000000Z;53.53;53.61;253;5500
2026-06-08T14:15:37.0000000Z;53.53;53.61;632;5500
2026-06-08T14:15:39.0000000Z;53.53;53.61;5968;5500
2026-06-08T14:15:41.0000000Z;53.53;53.61;253;5500
2026-06-08T14:15:42.0000000Z;53.53;53.6;5500;253
2026-06-08T14:15:44.0000000Z;53.53;53.6;5500;5500
2026-06-08T14:15:46.0000000Z;53.53;53.6;1847;5500
2026-06-08T14:15:47.0000000Z;53.53;53.6;1813;5500
2026-06-08T14:15:48.0000000Z;53.53;53.6;1813;5500
2026-06-08T14:15:50.0000000Z;53.53;53.59;1560;253
2026-06-08T14:15:51.0000000Z;53.52;53.59;253;5500
2026-06-08T14:15:52.0000000Z;53.52;53.58;62;253
2026-06-08T14:15:53.0000000Z;53.52;53.59;315;253
2026-06-08T14:15:54.0000000Z;53.52;53.59;5500;253
2026-06-08T14:15:56.0000000Z;53.52;53.59;5500;253
2026-06-08T14:15:57.0000000Z;53.52;53.59;5500;253
2026-06-08T14:15:58.0000000Z;53.52;53.59;5500;253
2026-06-08T14:15:59.0000000Z;53.52;53.59;5500;253
2026-06-08T14:16:00.0000000Z;53.52;53.59;315;253
2026-06-08T14:16:01.0000000Z;53.53;53.6;253;253
2026-06-08T14:16:02.0000000Z;53.53;53.6;5500;253
2026-06-08T14:16:03.0000000Z;53.53;53.6;5500;5967
2026-06-08T14:16:04.0000000Z;53.54;53.6;49;253
2026-06-08T14:16:05.0000000Z;53.54;53.6;5500;253
2026-06-08T14:16:07.0000000Z;53.53;53.59;77;253
2026-06-08T14:16:08.0000000Z;53.53;53.6;330;253
2026-06-08T14:16:09.0000000Z;53.53;53.6;5500;253
2026-06-08T14:16:11.0000000Z;53.53;53.59;77;253
2026-06-08T14:16:12.0000000Z;53.53;53.59;77;253
2026-06-08T14:16:13.0000000Z;53.53;53.6;1890;253
2026-06-08T14:16:15.0000000Z;53.53;53.6;1890;5753
2026-06-08T14:16:17.0000000Z;53.53;53.61;1890;253
2026-06-08T14:16:18.0000000Z;53.53;53.61;1890;253
2026-06-08T14:16:19.0000000Z;53.53;53.6;1890;253
2026-06-08T14:16:20.0000000Z;53.53;53.61;1890;253
2026-06-08T14:16:21.0000000Z;53.54;53.62;1813;253
2026-06-08T14:16:22.0000000Z;53.54;53.62;5500;253
2026-06-08T14:16:23.0000000Z;53.54;53.58;5500;5500
2026-06-08T14:16:24.0000000Z;53.53;53.58;330;5500
2026-06-08T14:16:25.0000000Z;53.54;53.58;5500;5500
2026-06-08T14:16:27.0000000Z;53.53;53.58;7313;5500
2026-06-08T14:16:34.0000000Z;53.54;53.58;1813;5500
2026-06-08T14:16:35.0000000Z;53.54;53.58;5500;5500
2026-06-08T14:16:37.0000000Z;53.53;53.58;1890;5500
2026-06-08T14:16:38.0000000Z;53.53;53.58;1890;5500
2026-06-08T14:16:39.0000000Z;53.53;53.58;7313;5500
2026-06-08T14:16:40.0000000Z;53.53;53.58;7313;5500
2026-06-08T14:16:41.0000000Z;53.53;53.58;7313;5500
2026-06-08T14:16:43.0000000Z;53.54;53.58;1813;5500
2026-06-08T14:16:44.0000000Z;53.54;53.58;1609;5500
2026-06-08T14:16:45.0000000Z;53.54;53.58;49;5500
2026-06-08T14:16:47.0000000Z;53.54;53.58;49;5500
2026-06-08T14:16:53.0000000Z;53.54;53.58;302;5500
2026-06-08T14:16:54.0000000Z;53.55;53.58;253;5500
2026-06-08T14:16:55.0000000Z;53.55;53.58;5500;5500
2026-06-08T14:16:57.0000000Z;53.54;53.58;1862;5500
2026-06-08T14:16:59.0000000Z;53.54;53.58;5500;5500
2026-06-08T14:17:01.0000000Z;53.53;53.58;1637;5500
2026-06-08T14:17:02.0000000Z;53.53;53.58;1890;5500
2026-06-08T14:17:03.0000000Z;53.53;53.58;1890;5500
2026-06-08T14:17:04.0000000Z;53.53;53.58;330;5500
2026-06-08T14:17:05.0000000Z;53.53;53.58;1890;5500
2026-06-08T14:17:06.0000000Z;53.53;53.58;1890;5500
2026-06-08T14:17:07.0000000Z;53.53;53.58;1890;5500
2026-06-08T14:17:16.0000000Z;53.53;53.58;1890;5500
2026-06-08T14:17:17.0000000Z;53.54;53.58;253;5500
2026-06-08T14:17:18.0000000Z;53.53;53.58;253;5500
2026-06-08T14:17:19.0000000Z;53.53;53.58;253;5500
2026-06-08T14:17:21.0000000Z;53.53;53.58;253;5500
2026-06-08T14:17:27.0000000Z;53.54;53.58;5500;5500
2026-06-08T14:17:28.0000000Z;53.54;53.58;5500;5500
2026-06-08T14:17:29.0000000Z;53.54;53.6;5500;253
2026-06-08T14:17:30.0000000Z;53.53;53.59;1637;253
2026-06-08T14:17:31.0000000Z;53.53;53.59;77;5536
2026-06-08T14:17:32.0000000Z;53.53;53.59;77;5536
2026-06-08T14:17:33.0000000Z;53.53;53.59;5549;5536
2026-06-08T14:17:34.0000000Z;53.53;53.6;1890;253
2026-06-08T14:17:35.0000000Z;53.53;53.6;330;253
2026-06-08T14:17:36.0000000Z;53.53;53.59;77;253
2026-06-08T14:17:37.0000000Z;53.54;53.6;56;253
2026-06-08T14:17:38.0000000Z;53.54;53.6;5500;253
2026-06-08T14:17:39.0000000Z;53.54;53.61;1560;253
2026-06-08T14:17:40.0000000Z;53.53;53.61;253;253
2026-06-08T14:17:41.0000000Z;53.49;53.6;144;5753
2026-06-08T14:17:42.0000000Z;53.54;53.62;253;253
2026-06-08T14:17:43.0000000Z;53.53;53.6;5500;253
2026-06-08T14:17:44.0000000Z;53.53;53.61;253;253
2026-06-08T14:17:47.0000000Z;53.53;53.61;5500;5500
2026-06-08T14:17:48.0000000Z;53.53;53.61;5500;5500
2026-06-08T14:17:50.0000000Z;53.53;53.61;5500;5500
2026-06-08T14:17:51.0000000Z;53.53;53.61;5500;5500
2026-06-08T14:17:52.0000000Z;53.54;53.62;253;253
2026-06-08T14:17:53.0000000Z;53.54;53.62;5500;253
2026-06-08T14:17:55.0000000Z;53.54;53.62;5500;5967
2026-06-08T14:18:03.0000000Z;53.54;53.62;5500;5500
2026-06-08T14:18:04.0000000Z;53.55;53.62;5500;5500
2026-06-08T14:18:06.0000000Z;53.55;53.62;5500;5500
2026-06-08T14:18:07.0000000Z;53.56;53.63;253;253
2026-06-08T14:18:09.0000000Z;53.56;53.63;5500;253
2026-06-08T14:18:10.0000000Z;53.55;53.62;1813;253
2026-06-08T14:18:11.0000000Z;53.55;53.62;1560;253
2026-06-08T14:18:12.0000000Z;53.55;53.62;1560;5500
2026-06-08T14:18:14.0000000Z;53.55;53.62;5500;5500
2026-06-08T14:18:16.0000000Z;53.54;53.62;1813;5500
2026-06-08T14:18:18.0000000Z;53.54;53.61;1560;5500
2026-06-08T14:18:20.0000000Z;53.54;53.61;5967;5500
2026-06-08T14:18:22.0000000Z;53.55;53.62;56;253
2026-06-08T14:18:23.0000000Z;53.55;53.62;5500;253
2026-06-08T14:18:26.0000000Z;53.55;53.62;5500;5500
2026-06-08T14:18:27.0000000Z;53.55;53.62;1869;5500
2026-06-08T14:18:28.0000000Z;53.54;53.62;1813;5500
2026-06-08T14:18:30.0000000Z;53.54;53.62;5967;5500
2026-06-08T14:18:31.0000000Z;53.54;53.61;1560;253
2026-06-08T14:18:32.0000000Z;53.54;53.61;1560;5500
2026-06-08T14:18:33.0000000Z;53.53;53.6;253;253
2026-06-08T14:18:34.0000000Z;53.52;53.59;62;253
2026-06-08T14:18:36.0000000Z;53.54;53.59;467;5500
2026-06-08T14:18:37.0000000Z;53.53;53.59;5500;5500
2026-06-08T14:18:38.0000000Z;53.52;53.59;5500;5500
2026-06-08T14:18:42.0000000Z;53.52;53.58;5500;253
2026-06-08T14:18:43.0000000Z;53.52;53.58;1622;5500
2026-06-08T14:18:49.0000000Z;53.52;53.59;1622;253
2026-06-08T14:18:50.0000000Z;53.52;53.59;1622;253
2026-06-08T14:18:51.0000000Z;53.52;53.6;1875;253
2026-06-08T14:18:52.0000000Z;53.52;53.59;1875;5500
2026-06-08T14:18:54.0000000Z;53.52;53.59;1622;253
2026-06-08T14:18:55.0000000Z;53.52;53.59;1622;5500
2026-06-08T14:18:58.0000000Z;53.53;53.59;56;5500
2026-06-08T14:18:59.0000000Z;53.53;53.58;5500;253
2026-06-08T14:18:59.0000000Z;53.52;53.58;1622;5500
2026-06-08T14:19:00.0000000Z;53.53;53.58;5500;5500
2026-06-08T14:19:02.0000000Z;53.52;53.58;5500;5500
2026-06-08T14:19:03.0000000Z;53.52;53.58;5500;5500
2026-06-08T14:19:09.0000000Z;53.52;53.57;62;253
2026-06-08T14:19:11.0000000Z;53.52;53.57;62;5500
2026-06-08T14:19:15.0000000Z;53.52;53.57;62;5500
2026-06-08T14:19:16.0000000Z;53.52;53.57;62;5500
2026-06-08T14:19:19.0000000Z;53.5;53.57;369;5500
2026-06-08T14:19:20.0000000Z;53.5;53.57;369;5500
2026-06-08T14:19:22.0000000Z;53.5;53.57;369;5500
2026-06-08T14:19:23.0000000Z;53.5;53.57;369;5500
2026-06-08T14:19:25.0000000Z;53.5;53.56;116;253
2026-06-08T14:19:26.0000000Z;53.49;53.56;144;5500
2026-06-08T14:19:28.0000000Z;53.49;53.56;144;5500
2026-06-08T14:19:29.0000000Z;53.49;53.56;144;5500
2026-06-08T14:19:30.0000000Z;53.51;53.56;58;5500
2026-06-08T14:19:31.0000000Z;53.5;53.55;85;253
2026-06-08T14:19:32.0000000Z;53.51;53.55;5500;5500
2026-06-08T14:19:34.0000000Z;53.5;53.55;5500;5500
2026-06-08T14:19:40.0000000Z;53.5;53.55;5500;5500
2026-06-08T14:19:41.0000000Z;53.49;53.56;113;253
2026-06-08T14:19:44.0000000Z;53.49;53.56;5585;5753
2026-06-08T14:19:50.0000000Z;53.49;53.56;5500;5500
2026-06-08T14:19:51.0000000Z;53.51;53.56;58;5500
2026-06-08T14:19:52.0000000Z;53.51;53.56;5500;5500
2026-06-08T14:19:57.0000000Z;53.51;53.56;5500;5500
2026-06-08T14:19:58.0000000Z;53.51;53.56;5500;5500
2026-06-08T14:20:01.0000000Z;53.51;53.56;5500;5500
2026-06-08T14:20:02.0000000Z;53.51;53.56;5500;5500
2026-06-08T14:20:04.0000000Z;53.51;53.56;58;253
2026-06-08T14:20:05.0000000Z;53.51;53.56;58;253
2026-06-08T14:20:06.0000000Z;53.51;53.56;58;253
2026-06-08T14:20:07.0000000Z;53.51;53.58;1871;253
2026-06-08T14:20:08.0000000Z;53.51;53.58;1871;253
2026-06-08T14:20:09.0000000Z;53.51;53.58;1871;253
2026-06-08T14:20:11.0000000Z;53.51;53.58;1871;253
2026-06-08T14:20:12.0000000Z;53.52;53.57;1560;253
2026-06-08T14:20:13.0000000Z;53.52;53.57;5500;253
2026-06-08T14:20:14.0000000Z;53.52;53.57;5500;253
2026-06-08T14:20:16.0000000Z;53.52;53.57;5500;253
2026-06-08T14:20:17.0000000Z;53.52;53.57;5500;253
2026-06-08T14:20:18.0000000Z;53.52;53.57;5500;253
2026-06-08T14:20:19.0000000Z;53.52;53.57;5500;5753
2026-06-08T14:20:20.0000000Z;53.52;53.57;5500;5753
2026-06-08T14:20:21.0000000Z;53.52;53.58;5500;253
2026-06-08T14:20:22.0000000Z;53.52;53.57;5500;5500
2026-06-08T14:20:24.0000000Z;53.52;53.58;5500;5967
2026-06-08T14:20:25.0000000Z;53.52;53.59;5500;253
2026-06-08T14:20:28.0000000Z;53.52;53.58;5500;467
2026-06-08T14:20:31.0000000Z;53.52;53.57;55;253
2026-06-08T14:20:32.0000000Z;53.52;53.58;55;253
2026-06-08T14:20:34.0000000Z;53.52;53.58;55;5500
2026-06-08T14:20:42.0000000Z;53.52;53.58;1615;5500
2026-06-08T14:20:43.0000000Z;53.52;53.58;1615;5500
2026-06-08T14:20:44.0000000Z;53.52;53.57;48;5500
2026-06-08T14:20:45.0000000Z;53.52;53.56;48;253
2026-06-08T14:20:46.0000000Z;53.52;53.56;48;5500
2026-06-08T14:20:50.0000000Z;53.51;53.56;69;5500
2026-06-08T14:20:51.0000000Z;53.51;53.56;69;5500
2026-06-08T14:20:52.0000000Z;53.51;53.55;5968;253
2026-06-08T14:20:53.0000000Z;53.51;53.55;5500;5500
2026-06-08T14:20:54.0000000Z;53.49;53.55;113;253
2026-06-08T14:20:56.0000000Z;53.5;53.55;69;253
2026-06-08T14:20:59.0000000Z;53.5;53.55;69;253
2026-06-08T14:21:00.0000000Z;53.49;53.56;366;253
2026-06-08T14:21:02.0000000Z;53.49;53.55;113;5500
2026-06-08T14:21:05.0000000Z;53.49;53.55;5500;5500
2026-06-08T14:21:13.0000000Z;53.5;53.55;84;5500
2026-06-08T14:21:14.0000000Z;53.49;53.55;1560;5500
2026-06-08T14:21:15.0000000Z;53.49;53.55;1560;5500
2026-06-08T14:21:16.0000000Z;53.49;53.55;1560;5500
2026-06-08T14:21:17.0000000Z;53.49;53.55;1560;5500
2026-06-08T14:21:19.0000000Z;53.49;53.55;1560;5500
2026-06-08T14:21:25.0000000Z;53.48;53.55;1560;5500
2026-06-08T14:21:28.0000000Z;53.48;53.55;5968;5500
2026-06-08T14:21:29.0000000Z;53.48;53.55;1813;5500
2026-06-08T14:21:30.0000000Z;53.48;53.55;1813;5500
2026-06-08T14:21:32.0000000Z;53.5;53.56;1560;253
2026-06-08T14:21:33.0000000Z;53.5;53.56;1560;253
2026-06-08T14:21:34.0000000Z;53.5;53.56;5500;253
2026-06-08T14:21:36.0000000Z;53.5;53.57;5500;253
2026-06-08T14:21:39.0000000Z;53.5;53.56;5500;253
2026-06-08T14:21:43.0000000Z;53.49;53.55;1560;253
2026-06-08T14:21:44.0000000Z;53.49;53.55;1560;5500
2026-06-08T14:21:46.0000000Z;53.49;53.55;5968;5500
2026-06-08T14:21:47.0000000Z;53.49;53.55;5968;5500
2026-06-08T14:21:48.0000000Z;53.49;53.55;5500;5500
2026-06-08T14:21:49.0000000Z;53.49;53.56;1813;253
2026-06-08T14:21:50.0000000Z;53.49;53.56;1813;5967
2026-06-08T14:21:54.0000000Z;53.49;53.55;1560;253
2026-06-08T14:21:55.0000000Z;53.49;53.55;1560;5500
2026-06-08T14:21:58.0000000Z;53.49;53.55;1560;5500
2026-06-08T14:21:59.0000000Z;53.49;53.55;1560;5500
2026-06-08T14:22:02.0000000Z;53.49;53.55;1560;5500
2026-06-08T14:22:05.0000000Z;53.49;53.56;1813;253
2026-06-08T14:22:06.0000000Z;53.49;53.56;1813;253
2026-06-08T14:22:07.0000000Z;53.49;53.56;1560;253
2026-06-08T14:22:08.0000000Z;53.49;53.55;1560;253
2026-06-08T14:22:09.0000000Z;53.49;53.56;1560;253
2026-06-08T14:22:10.0000000Z;53.49;53.55;1560;5500
2026-06-08T14:22:11.0000000Z;53.49;53.55;1560;253
2026-06-08T14:22:12.0000000Z;53.49;53.55;1560;253
2026-06-08T14:22:14.0000000Z;53.48;53.55;253;253
2026-06-08T14:22:15.0000000Z;53.48;53.54;1560;5500
2026-06-08T14:22:16.0000000Z;53.48;53.54;5968;5500
2026-06-08T14:22:21.0000000Z;53.47;53.54;1560;5500
2026-06-08T14:22:22.0000000Z;53.48;53.54;468;5500
2026-06-08T14:22:24.0000000Z;53.48;53.53;468;253
2026-06-08T14:22:25.0000000Z;53.45;53.53;253;5500
2026-06-08T14:22:26.0000000Z;53.45;53.51;1618;253
2026-06-08T14:22:27.0000000Z;53.45;53.51;1618;5500
2026-06-08T14:22:28.0000000Z;53.46;53.52;468;253
2026-06-08T14:22:30.0000000Z;53.45;53.51;1618;253
2026-06-08T14:22:31.0000000Z;53.45;53.51;1618;5500
2026-06-08T14:22:33.0000000Z;53.47;53.52;5500;253
2026-06-08T14:22:34.0000000Z;53.47;53.52;5500;5500
2026-06-08T14:22:38.0000000Z;53.47;53.52;41;5500
2026-06-08T14:22:39.0000000Z;53.47;53.52;41;5500
2026-06-08T14:22:43.0000000Z;53.46;53.51;1609;253
2026-06-08T14:22:44.0000000Z;53.46;53.52;5535;253
2026-06-08T14:22:46.0000000Z;53.46;53.51;35;253
2026-06-08T14:22:47.0000000Z;53.45;53.51;5500;253
2026-06-08T14:22:48.0000000Z;53.45;53.51;5500;253
2026-06-08T14:22:52.0000000Z;53.45;53.51;5500;253
2026-06-08T14:22:53.0000000Z;53.45;53.51;5500;253
2026-06-08T14:22:55.0000000Z;53.45;53.51;5500;253
2026-06-08T14:22:56.0000000Z;53.45;53.51;5500;253
2026-06-08T14:22:57.0000000Z;53.45;53.51;5500;253
2026-06-08T14:22:59.0000000Z;53.45;53.52;5500;253
2026-06-08T14:23:00.0000000Z;53.45;53.53;2407;253
2026-06-08T14:23:01.0000000Z;53.46;53.54;253;253
2026-06-08T14:23:02.0000000Z;53.46;53.54;5500;253
2026-06-08T14:23:03.0000000Z;53.46;53.54;309;253
2026-06-08T14:23:05.0000000Z;53.47;53.54;253;253
2026-06-08T14:23:06.0000000Z;53.47;53.54;5500;253
2026-06-08T14:23:10.0000000Z;53.48;53.54;1560;253
2026-06-08T14:23:11.0000000Z;53.48;53.54;5500;5500
2026-06-08T14:23:12.0000000Z;53.48;53.54;5500;5500
2026-06-08T14:23:13.0000000Z;53.48;53.55;1813;253
2026-06-08T14:23:14.0000000Z;53.48;53.55;1813;253
2026-06-08T14:23:15.0000000Z;53.48;53.55;1813;5967
2026-06-08T14:23:16.0000000Z;53.49;53.56;1616;253
2026-06-08T14:23:17.0000000Z;53.49;53.56;5500;253
2026-06-08T14:23:18.0000000Z;53.49;53.55;1560;253
2026-06-08T14:23:19.0000000Z;53.49;53.55;1560;5967
2026-06-08T14:23:23.0000000Z;53.5;53.56;56;253
2026-06-08T14:23:24.0000000Z;53.5;53.56;1560;253
2026-06-08T14:23:25.0000000Z;53.5;53.56;1560;253
2026-06-08T14:23:26.0000000Z;53.5;53.56;1560;253
2026-06-08T14:23:27.0000000Z;53.5;53.56;1813;5967
2026-06-08T14:23:28.0000000Z;53.5;53.56;1560;253
2026-06-08T14:23:30.0000000Z;53.5;53.56;1560;253
2026-06-08T14:23:31.0000000Z;53.49;53.56;1560;253
2026-06-08T14:23:32.0000000Z;53.49;53.56;1560;5500
2026-06-08T14:23:33.0000000Z;53.49;53.56;5500;5500
2026-06-08T14:23:35.0000000Z;53.49;53.55;5500;253
2026-06-08T14:23:36.0000000Z;53.49;53.55;5500;5500
2026-06-08T14:23:37.0000000Z;53.49;53.56;5500;253
2026-06-08T14:23:40.0000000Z;53.49;53.55;5500;253
2026-06-08T14:23:41.0000000Z;53.49;53.56;5500;5500
2026-06-08T14:23:42.0000000Z;53.49;53.55;5500;5500
2026-06-08T14:23:44.0000000Z;53.49;53.55;5500;5500
2026-06-08T14:23:50.0000000Z;53.49;53.56;5500;253
2026-06-08T14:23:53.0000000Z;53.49;53.56;1813;5967
2026-06-08T14:23:54.0000000Z;53.49;53.56;1560;5967
2026-06-08T14:23:56.0000000Z;53.49;53.56;1813;5967
2026-06-08T14:23:57.0000000Z;53.49;53.56;3483;5967
2026-06-08T14:23:58.0000000Z;53.49;53.56;1813;5967
2026-06-08T14:23:59.0000000Z;53.49;53.56;1813;5500
2026-06-08T14:23:59.0000000Z;53.49;53.56;1813;5500
2026-06-08T14:24:00.0000000Z;53.49;53.56;1813;5500
2026-06-08T14:24:01.0000000Z;53.49;53.56;1813;5500
2026-06-08T14:24:02.0000000Z;53.49;53.56;1813;5500
2026-06-08T14:24:03.0000000Z;53.5;53.56;5500;5500
2026-06-08T14:24:10.0000000Z;53.51;53.57;1560;253
2026-06-08T14:24:11.0000000Z;53.51;53.57;5500;253
2026-06-08T14:24:12.0000000Z;53.51;53.57;1560;253
2026-06-08T14:24:13.0000000Z;53.51;53.57;1560;5500
2026-06-08T14:24:14.0000000Z;53.51;53.58;1560;253
2026-06-08T14:24:17.0000000Z;53.51;53.58;1560;5967
2026-06-08T14:24:18.0000000Z;53.51;53.57;1560;253
2026-06-08T14:24:30.0000000Z;53.5;53.56;1560;5500
2026-06-08T14:24:31.0000000Z;53.5;53.56;1560;5500
2026-06-08T14:24:32.0000000Z;53.5;53.56;1560;5500
2026-06-08T14:24:33.0000000Z;53.5;53.56;5968;253
2026-06-08T14:24:39.0000000Z;53.5;53.56;5500;253
2026-06-08T14:24:40.0000000Z;53.49;53.56;1560;253
2026-06-08T14:24:41.0000000Z;53.49;53.56;1560;253
2026-06-08T14:24:42.0000000Z;53.49;53.56;1560;253
2026-06-08T14:24:43.0000000Z;53.49;53.56;5968;253
2026-06-08T14:24:44.0000000Z;53.51;53.57;1560;253
2026-06-08T14:24:45.0000000Z;53.51;53.56;5500;253
2026-06-08T14:24:46.0000000Z;53.5;53.56;1560;253
2026-06-08T14:24:47.0000000Z;53.51;53.56;5500;253
2026-06-08T14:24:48.0000000Z;53.51;53.55;5500;253
2026-06-08T14:24:49.0000000Z;53.5;53.55;5500;5500
2026-06-08T14:24:50.0000000Z;53.5;53.55;5500;5500
2026-06-08T14:24:51.0000000Z;53.5;53.55;5500;5500
2026-06-08T14:24:53.0000000Z;53.5;53.55;5500;5500
2026-06-08T14:24:54.0000000Z;53.5;53.55;5500;5500
2026-06-08T14:24:55.0000000Z;53.5;53.55;5500;5500
2026-06-08T14:24:56.0000000Z;53.49;53.54;1560;253
2026-06-08T14:24:57.0000000Z;53.49;53.54;5968;5500
2026-06-08T14:24:58.0000000Z;53.49;53.54;5968;5500
2026-06-08T14:24:59.0000000Z;53.49;53.54;5968;5500
2026-06-08T14:25:02.0000000Z;53.49;53.54;5968;253
2026-06-08T14:25:03.0000000Z;53.49;53.54;5968;253
2026-06-08T14:25:04.0000000Z;53.48;53.54;1560;253
2026-06-08T14:25:06.0000000Z;53.49;53.54;5500;253
2026-06-08T14:25:07.0000000Z;53.48;53.54;5500;253
2026-06-08T14:25:08.0000000Z;53.48;53.53;5500;5500
2026-06-08T14:25:09.0000000Z;53.47;53.52;1560;253
2026-06-08T14:25:10.0000000Z;53.47;53.53;1560;253
2026-06-08T14:25:11.0000000Z;53.47;53.53;5968;253
2026-06-08T14:25:13.0000000Z;53.47;53.52;5968;253
2026-06-08T14:25:14.0000000Z;53.47;53.53;5968;253
2026-06-08T14:25:15.0000000Z;53.47;53.52;5968;5500
2026-06-08T14:25:16.0000000Z;53.47;53.52;5500;5500
2026-06-08T14:25:17.0000000Z;53.47;53.53;5500;5500
2026-06-08T14:25:18.0000000Z;53.47;53.53;5500;5500
2026-06-08T14:25:19.0000000Z;53.46;53.54;253;5967
2026-06-08T14:25:20.0000000Z;53.46;53.54;253;5967
2026-06-08T14:25:21.0000000Z;53.45;53.53;253;5500
2026-06-08T14:25:22.0000000Z;53.45;53.53;253;5500
2026-06-08T14:25:23.0000000Z;53.45;53.53;253;5500
2026-06-08T14:25:24.0000000Z;53.46;53.53;253;5500
2026-06-08T14:25:25.0000000Z;53.46;53.53;5500;5500
2026-06-08T14:25:26.0000000Z;53.46;53.53;632;5500
2026-06-08T14:25:29.0000000Z;53.47;53.53;1560;5500
2026-06-08T14:25:30.0000000Z;53.47;53.53;5500;5500
2026-06-08T14:25:31.0000000Z;53.47;53.53;5500;5500
2026-06-08T14:25:33.0000000Z;53.47;53.54;1813;253
2026-06-08T14:25:34.0000000Z;53.47;53.54;1560;253
2026-06-08T14:25:35.0000000Z;53.47;53.54;3540;5500
2026-06-08T14:25:36.0000000Z;53.48;53.55;253;253
2026-06-08T14:25:37.0000000Z;53.48;53.55;632;5967
2026-06-08T14:25:38.0000000Z;53.49;53.55;253;5967
2026-06-08T14:25:39.0000000Z;53.48;53.55;688;467
2026-06-08T14:25:41.0000000Z;53.49;53.55;253;467
2026-06-08T14:25:42.0000000Z;53.49;53.55;1201;467
2026-06-08T14:25:43.0000000Z;53.49;53.56;5500;253
2026-06-08T14:25:44.0000000Z;53.49;53.56;1571;253
2026-06-08T14:25:45.0000000Z;53.5;53.57;5500;253
2026-06-08T14:25:46.0000000Z;53.48;53.56;632;253
2026-06-08T14:25:47.0000000Z;53.48;53.56;5500;5500
2026-06-08T14:25:50.0000000Z;53.49;53.56;253;5500
2026-06-08T14:25:51.0000000Z;53.48;53.56;772;5500
2026-06-08T14:25:52.0000000Z;53.49;53.56;632;5500
2026-06-08T14:25:55.0000000Z;53.5;53.56;1560;5500
2026-06-08T14:25:56.0000000Z;53.5;53.57;1813;253
2026-06-08T14:25:57.0000000Z;53.5;53.57;1813;253
2026-06-08T14:25:59.0000000Z;53.5;53.57;1813;253
2026-06-08T14:25:59.0000000Z;53.5;53.56;1560;253
2026-06-08T14:26:00.0000000Z;53.5;53.57;1813;253
2026-06-08T14:26:06.0000000Z;53.5;53.57;1813;253
2026-06-08T14:26:07.0000000Z;53.5;53.57;1813;253
2026-06-08T14:26:08.0000000Z;53.5;53.57;1813;5967
2026-06-08T14:26:09.0000000Z;53.5;53.56;1813;5500
2026-06-08T14:26:10.0000000Z;53.5;53.57;1813;5967
2026-06-08T14:26:11.0000000Z;53.5;53.57;1813;253
2026-06-08T14:26:12.0000000Z;53.5;53.57;2436;253
2026-06-08T14:26:13.0000000Z;53.5;53.58;2444;253
2026-06-08T14:26:14.0000000Z;53.5;53.58;2444;253
2026-06-08T14:26:15.0000000Z;53.5;53.57;2444;5500
2026-06-08T14:26:16.0000000Z;53.52;53.59;1560;253
2026-06-08T14:26:17.0000000Z;53.52;53.59;5500;253
2026-06-08T14:26:18.0000000Z;53.52;53.58;5500;467
2026-06-08T14:26:19.0000000Z;53.52;53.58;1813;467
2026-06-08T14:26:20.0000000Z;53.54;53.6;1560;253
2026-06-08T14:26:21.0000000Z;53.54;53.59;1560;253
2026-06-08T14:26:22.0000000Z;53.54;53.6;5500;253
2026-06-08T14:26:23.0000000Z;53.54;53.6;5500;253
2026-06-08T14:26:24.0000000Z;53.54;53.6;5500;253
2026-06-08T14:26:25.0000000Z;53.54;53.59;5500;5500
2026-06-08T14:26:26.0000000Z;53.54;53.6;5500;5500
2026-06-08T14:26:30.0000000Z;53.55;53.6;56;5500
2026-06-08T14:26:31.0000000Z;53.55;53.6;5500;5500
2026-06-08T14:26:34.0000000Z;53.51;53.59;253;253
2026-06-08T14:26:35.0000000Z;53.51;53.59;632;253
2026-06-08T14:26:36.0000000Z;53.51;53.58;379;253
2026-06-08T14:26:37.0000000Z;53.5;53.57;632;253
2026-06-08T14:26:38.0000000Z;53.49;53.56;632;253
2026-06-08T14:26:40.0000000Z;53.49;53.56;632;5500
2026-06-08T14:26:41.0000000Z;53.51;53.56;5500;5500
2026-06-08T14:26:42.0000000Z;53.49;53.56;5500;5500
2026-06-08T14:26:44.0000000Z;53.5;53.57;5500;253
2026-06-08T14:26:46.0000000Z;53.5;53.57;5500;5967
2026-06-08T14:26:47.0000000Z;53.52;53.58;1560;253
2026-06-08T14:26:50.0000000Z;53.52;53.57;1560;467
2026-06-08T14:26:51.0000000Z;53.52;53.58;1560;253
2026-06-08T14:26:52.0000000Z;53.52;53.58;1560;253
2026-06-08T14:26:54.0000000Z;53.52;53.57;1560;253
2026-06-08T14:26:55.0000000Z;53.52;53.57;1560;5967
2026-06-08T14:26:57.0000000Z;53.52;53.57;1560;5500
2026-06-08T14:27:00.0000000Z;53.51;53.57;1560;5500
2026-06-08T14:27:02.0000000Z;53.51;53.57;5968;5500
2026-06-08T14:27:05.0000000Z;53.51;53.57;5968;5500
2026-06-08T14:27:08.0000000Z;53.51;53.57;5500;5500
2026-06-08T14:27:10.0000000Z;53.51;53.58;2434;253
2026-06-08T14:27:12.0000000Z;53.51;53.58;1813;253
2026-06-08T14:27:13.0000000Z;53.51;53.58;4290;253
2026-06-08T14:27:14.0000000Z;53.51;53.58;4290;5967
2026-06-08T14:27:15.0000000Z;53.52;53.58;5500;5967
2026-06-08T14:27:17.0000000Z;53.52;53.58;1560;5967
2026-06-08T14:27:18.0000000Z;53.52;53.59;1560;253
2026-06-08T14:27:19.0000000Z;53.52;53.58;1560;5500
2026-06-08T14:27:20.0000000Z;53.52;53.58;3837;5500
2026-06-08T14:27:21.0000000Z;53.52;53.58;3584;5500
2026-06-08T14:27:22.0000000Z;53.52;53.59;3584;5500
2026-06-08T14:27:24.0000000Z;53.52;53.58;1560;5500
2026-06-08T14:27:25.0000000Z;53.52;53.58;1560;5500
2026-06-08T14:27:26.0000000Z;53.51;53.57;1594;253
2026-06-08T14:27:27.0000000Z;53.51;53.57;1594;253
2026-06-08T14:27:28.0000000Z;53.51;53.57;5968;253
2026-06-08T14:27:30.0000000Z;53.51;53.57;5968;253
2026-06-08T14:27:31.0000000Z;53.51;53.57;5968;253
2026-06-08T14:27:33.0000000Z;53.51;53.57;5500;253
2026-06-08T14:27:36.0000000Z;53.51;53.57;5500;253
2026-06-08T14:27:37.0000000Z;53.51;53.57;5500;253
2026-06-08T14:27:42.0000000Z;53.51;53.57;1594;253
2026-06-08T14:27:44.0000000Z;53.51;53.58;3842;253
2026-06-08T14:27:46.0000000Z;53.51;53.58;1594;253
2026-06-08T14:27:48.0000000Z;53.52;53.58;1560;5967
2026-06-08T14:27:49.0000000Z;53.52;53.58;5500;5967
2026-06-08T14:27:52.0000000Z;53.52;53.58;1560;5967
2026-06-08T14:27:53.0000000Z;53.52;53.58;1560;5500
2026-06-08T14:27:54.0000000Z;53.52;53.58;1560;5500
2026-06-08T14:28:02.0000000Z;53.49;53.56;632;253
2026-06-08T14:28:04.0000000Z;53.49;53.56;253;253
2026-06-08T14:28:05.0000000Z;53.49;53.56;632;5500
2026-06-08T14:28:06.0000000Z;53.51;53.56;468;5500
2026-06-08T14:28:07.0000000Z;53.48;53.56;632;5500
2026-06-08T14:28:09.0000000Z;53.48;53.56;253;5500
2026-06-08T14:28:10.0000000Z;53.48;53.56;253;5500
2026-06-08T14:28:11.0000000Z;53.48;53.56;632;5500
2026-06-08T14:28:13.0000000Z;53.51;53.56;1560;5500
2026-06-08T14:28:14.0000000Z;53.49;53.55;1560;253
2026-06-08T14:28:15.0000000Z;53.51;53.55;5500;253
2026-06-08T14:28:16.0000000Z;53.51;53.55;5500;5500
2026-06-08T14:28:17.0000000Z;53.51;53.55;5500;5500
2026-06-08T14:28:18.0000000Z;53.5;53.54;468;253
2026-06-08T14:28:19.0000000Z;53.5;53.53;468;253
2026-06-08T14:28:21.0000000Z;53.46;53.53;253;5500
2026-06-08T14:28:22.0000000Z;53.47;53.53;1560;5500
2026-06-08T14:28:23.0000000Z;53.47;53.53;1560;5500
2026-06-08T14:28:24.0000000Z;53.47;53.53;1560;5500
2026-06-08T14:28:25.0000000Z;53.47;53.53;1560;5500
2026-06-08T14:28:27.0000000Z;53.47;53.53;5500;5500
2026-06-08T14:28:28.0000000Z;53.47;53.53;5500;5500
2026-06-08T14:28:29.0000000Z;53.47;53.53;5500;5500
2026-06-08T14:28:30.0000000Z;53.47;53.53;5500;5500
2026-06-08T14:28:31.0000000Z;53.47;53.53;49;5500
2026-06-08T14:28:32.0000000Z;53.47;53.53;49;5500
2026-06-08T14:28:34.0000000Z;53.47;53.53;49;5500
2026-06-08T14:28:35.0000000Z;53.47;53.53;49;5500
2026-06-08T14:28:36.0000000Z;53.47;53.53;1614;5500
2026-06-08T14:28:38.0000000Z;53.47;53.53;1614;5500
2026-06-08T14:28:45.0000000Z;53.47;53.53;1614;5500
2026-06-08T14:28:46.0000000Z;53.47;53.54;3215;253
2026-06-08T14:28:47.0000000Z;53.47;53.54;3215;253
2026-06-08T14:28:48.0000000Z;53.47;53.54;3215;5967
2026-06-08T14:28:49.0000000Z;53.47;53.54;3207;5967
2026-06-08T14:28:50.0000000Z;53.47;53.55;3207;253
2026-06-08T14:28:51.0000000Z;53.47;53.54;3207;253
2026-06-08T14:28:52.0000000Z;53.49;53.56;1593;253
2026-06-08T14:28:53.0000000Z;53.49;53.55;5500;253
2026-06-08T14:28:54.0000000Z;53.49;53.54;5500;467
2026-06-08T14:28:55.0000000Z;53.49;53.55;5500;5500
2026-06-08T14:28:58.0000000Z;53.49;53.56;5500;253
2026-06-08T14:28:59.0000000Z;53.49;53.55;5500;253
2026-06-08T14:28:59.0000000Z;53.49;53.56;5500;253
2026-06-08T14:29:00.0000000Z;53.49;53.56;5500;253
2026-06-08T14:29:01.0000000Z;53.49;53.55;5500;253
2026-06-08T14:29:03.0000000Z;53.49;53.55;5500;253
2026-06-08T14:29:06.0000000Z;53.49;53.54;5500;5500
2026-06-08T14:29:07.0000000Z;53.49;53.55;5500;253
2026-06-08T14:29:08.0000000Z;53.49;53.55;5500;5967
2026-06-08T14:29:11.0000000Z;53.49;53.56;5500;253
2026-06-08T14:29:12.0000000Z;53.49;53.55;5500;467
2026-06-08T14:29:13.0000000Z;53.49;53.55;1846;467
2026-06-08T14:29:14.0000000Z;53.49;53.56;1846;5500
2026-06-08T14:29:15.0000000Z;53.49;53.56;1560;5500
2026-06-08T14:29:18.0000000Z;53.49;53.56;1813;5500
2026-06-08T14:29:21.0000000Z;53.49;53.56;1813;5500
2026-06-08T14:29:24.0000000Z;53.51;53.57;1560;253
2026-06-08T14:29:25.0000000Z;53.51;53.57;5500;253
2026-06-08T14:29:26.0000000Z;53.51;53.57;5500;253
2026-06-08T14:29:27.0000000Z;53.51;53.56;5500;253
2026-06-08T14:29:35.0000000Z;53.5;53.56;1560;253
2026-06-08T14:29:36.0000000Z;53.5;53.56;1560;253
2026-06-08T14:29:38.0000000Z;53.5;53.56;5968;253
2026-06-08T14:29:39.0000000Z;53.5;53.56;5968;253
2026-06-08T14:29:40.0000000Z;53.5;53.56;5968;5500
2026-06-08T14:29:45.0000000Z;53.5;53.56;5500;5500
2026-06-08T14:29:46.0000000Z;53.49;53.56;1813;5500
2026-06-08T14:29:49.0000000Z;53.49;53.56;5968;5500
2026-06-08T14:29:50.0000000Z;53.5;53.56;56;5500
2026-06-08T14:29:51.0000000Z;53.5;53.56;5500;5500
2026-06-08T14:29:55.0000000Z;53.49;53.55;1560;253
2026-06-08T14:29:56.0000000Z;53.49;53.56;1560;253
2026-06-08T14:29:59.0000000Z;53.49;53.56;5556;253
2026-06-08T14:29:59.0000000Z;53.5;53.56;56;253
2026-06-08T14:30:00.0000000Z;53.5;53.56;5500;253
2026-06-08T14:30:02.0000000Z;53.5;53.56;1560;253
2026-06-08T14:30:03.0000000Z;53.5;53.56;1560;253
2026-06-08T14:30:04.0000000Z;53.5;53.56;1560;253
2026-06-08T14:30:05.0000000Z;53.5;53.56;1560;253
2026-06-08T14:30:07.0000000Z;53.51;53.57;56;253
2026-06-08T14:30:08.0000000Z;53.51;53.57;5500;253
2026-06-08T14:30:09.0000000Z;53.5;53.56;1560;253
2026-06-08T14:30:10.0000000Z;53.5;53.57;1813;253
2026-06-08T14:30:11.0000000Z;53.51;53.57;5500;5967
2026-06-08T14:30:13.0000000Z;53.5;53.57;5500;5967
2026-06-08T14:30:14.0000000Z;53.51;53.57;1560;5967
2026-06-08T14:30:15.0000000Z;53.51;53.58;1560;253
2026-06-08T14:30:16.0000000Z;53.51;53.58;1560;253
2026-06-08T14:30:17.0000000Z;53.51;53.58;1560;5500
2026-06-08T14:30:20.0000000Z;53.51;53.57;1560;253
2026-06-08T14:30:21.0000000Z;53.51;53.57;1560;5500
2026-06-08T14:30:23.0000000Z;53.51;53.58;1560;253
2026-06-08T14:30:24.0000000Z;53.51;53.58;1560;253
2026-06-08T14:30:25.0000000Z;53.51;53.58;1560;5500
2026-06-08T14:30:27.0000000Z;53.51;53.57;1560;253
2026-06-08T14:30:28.0000000Z;53.51;53.58;1560;253
2026-06-08T14:30:29.0000000Z;53.51;53.58;1560;253
2026-06-08T14:30:30.0000000Z;53.51;53.58;1560;253
2026-06-08T14:30:31.0000000Z;53.51;53.58;1560;253
2026-06-08T14:30:32.0000000Z;53.51;53.58;1560;253
2026-06-08T14:30:33.0000000Z;53.51;53.58;1560;253
2026-06-08T14:30:34.0000000Z;53.51;53.58;1560;253
2026-06-08T14:30:35.0000000Z;53.51;53.58;1560;253
2026-06-08T14:30:38.0000000Z;53.52;53.58;5500;253
2026-06-08T14:30:39.0000000Z;53.52;53.58;5500;5500
2026-06-08T14:30:40.0000000Z;53.52;53.58;5500;5500
2026-06-08T14:30:43.0000000Z;53.51;53.57;1560;253
2026-06-08T14:30:44.0000000Z;53.51;53.57;1560;5500
2026-06-08T14:30:45.0000000Z;53.51;53.57;1560;5500
2026-06-08T14:30:46.0000000Z;53.51;53.58;1560;5500
2026-06-08T14:30:48.0000000Z;53.51;53.57;5556;5500
2026-06-08T14:30:49.0000000Z;53.51;53.58;5556;5500
2026-06-08T14:30:51.0000000Z;53.51;53.57;5556;253
2026-06-08T14:30:52.0000000Z;53.51;53.57;5556;5500
2026-06-08T14:30:54.0000000Z;53.51;53.57;5500;5500
2026-06-08T14:30:55.0000000Z;53.51;53.58;5500;253
2026-06-08T14:30:57.0000000Z;53.51;53.58;5500;5967
2026-06-08T14:30:59.0000000Z;53.51;53.58;5500;5967
2026-06-08T14:30:59.0000000Z;53.51;53.58;1560;5967
2026-06-08T14:31:00.0000000Z;53.51;53.57;1560;253
2026-06-08T14:31:01.0000000Z;53.51;53.57;1560;5500
2026-06-08T14:31:02.0000000Z;53.51;53.57;1560;5500
2026-06-08T14:31:03.0000000Z;53.5;53.56;1560;253
2026-06-08T14:31:04.0000000Z;53.5;53.56;1560;5500
2026-06-08T14:31:05.0000000Z;53.5;53.56;1560;5500
2026-06-08T14:31:08.0000000Z;53.5;53.57;1813;253
2026-06-08T14:31:09.0000000Z;53.5;53.57;5500;253
2026-06-08T14:31:11.0000000Z;53.5;53.57;5500;5967
2026-06-08T14:31:17.0000000Z;53.5;53.58;5500;253
2026-06-08T14:31:18.0000000Z;53.5;53.58;5500;253
2026-06-08T14:31:19.0000000Z;53.5;53.58;5500;5967
2026-06-08T14:31:20.0000000Z;53.5;53.58;5500;5967
2026-06-08T14:31:22.0000000Z;53.51;53.57;1560;253
2026-06-08T14:31:23.0000000Z;53.51;53.57;5500;5500
2026-06-08T14:31:26.0000000Z;53.51;53.57;5500;5500
2026-06-08T14:31:27.0000000Z;53.51;53.57;5500;5500
2026-06-08T14:31:28.0000000Z;53.51;53.57;5500;5500
2026-06-08T14:31:29.0000000Z;53.51;53.56;5500;253
2026-06-08T14:31:31.0000000Z;53.51;53.57;5500;253
2026-06-08T14:31:33.0000000Z;53.51;53.57;5500;5500
2026-06-08T14:31:34.0000000Z;53.49;53.56;253;253
2026-06-08T14:31:35.0000000Z;53.49;53.56;253;5500
2026-06-08T14:31:36.0000000Z;53.5;53.57;253;5500
2026-06-08T14:31:37.0000000Z;53.5;53.57;5968;5500
2026-06-08T14:31:38.0000000Z;53.5;53.57;5500;5500
2026-06-08T14:31:39.0000000Z;53.51;53.57;1560;5500
2026-06-08T14:31:40.0000000Z;53.51;53.57;5500;5500
2026-06-08T14:31:43.0000000Z;53.51;53.57;5500;5500
2026-06-08T14:31:44.0000000Z;53.51;53.57;5500;5500
2026-06-08T14:31:47.0000000Z;53.51;53.58;5500;253
2026-06-08T14:31:48.0000000Z;53.51;53.58;5500;253
2026-06-08T14:31:49.0000000Z;53.51;53.58;5500;5500
2026-06-08T14:31:56.0000000Z;53.51;53.58;1813;5500
2026-06-08T14:32:00.0000000Z;53.51;53.58;1813;5500
2026-06-08T14:32:01.0000000Z;53.51;53.58;1813;5500
2026-06-08T14:32:02.0000000Z;53.51;53.58;1813;5500
2026-06-08T14:32:03.0000000Z;53.52;53.58;5500;5500
2026-06-08T14:32:04.0000000Z;53.52;53.58;5500;5500
2026-06-08T14:32:10.0000000Z;53.52;53.58;5500;5500
2026-06-08T14:32:18.0000000Z;53.52;53.58;5500;5500
2026-06-08T14:32:19.0000000Z;53.52;53.6;1813;253
2026-06-08T14:32:20.0000000Z;53.44;53.76;188;210
2026-06-08T14:32:21.0000000Z;53.44;53.59;188;5967
2026-06-08T14:32:22.0000000Z;53.53;53.6;253;253
2026-06-08T14:32:24.0000000Z;53.53;53.6;5500;253
2026-06-08T14:32:25.0000000Z;53.53;53.59;5500;467
2026-06-08T14:32:26.0000000Z;53.54;53.61;5500;253
2026-06-08T14:32:27.0000000Z;53.54;53.6;5500;5500
2026-06-08T14:32:29.0000000Z;53.54;53.61;5500;5500
2026-06-08T14:32:30.0000000Z;53.55;53.62;5500;253
2026-06-08T14:32:33.0000000Z;53.55;53.62;5500;5967
2026-06-08T14:32:35.0000000Z;53.55;53.61;5500;253
2026-06-08T14:32:36.0000000Z;53.55;53.62;5500;5967
2026-06-08T14:32:37.0000000Z;53.55;53.61;5500;5500
2026-06-08T14:32:38.0000000Z;53.55;53.61;5500;5500
2026-06-08T14:32:39.0000000Z;53.55;53.62;5500;5967
2026-06-08T14:32:40.0000000Z;53.55;53.62;5500;5500
2026-06-08T14:32:53.0000000Z;53.56;53.61;56;5500
2026-06-08T14:32:54.0000000Z;53.54;53.6;1608;253
2026-06-08T14:32:55.0000000Z;53.56;53.6;5500;5500
2026-06-08T14:32:57.0000000Z;53.54;53.6;5967;5500
2026-06-08T14:32:58.0000000Z;53.55;53.61;1616;253
2026-06-08T14:32:59.0000000Z;53.55;53.61;5500;253
2026-06-08T14:33:01.0000000Z;53.55;53.61;5500;5500
2026-06-08T14:33:02.0000000Z;53.55;53.61;5500;5500
2026-06-08T14:33:05.0000000Z;53.55;53.6;1560;253
2026-06-08T14:33:07.0000000Z;53.55;53.61;1560;253
2026-06-08T14:33:08.0000000Z;53.55;53.61;1560;253
2026-06-08T14:33:09.0000000Z;53.55;53.61;1560;5500
2026-06-08T14:33:10.0000000Z;53.56;53.61;56;5500
2026-06-08T14:33:12.0000000Z;53.56;53.61;56;5500
2026-06-08T14:33:13.0000000Z;53.56;53.61;56;5500
2026-06-08T14:33:14.0000000Z;53.56;53.61;56;5500
2026-06-08T14:33:17.0000000Z;53.56;53.61;56;5500
2026-06-08T14:33:18.0000000Z;53.56;53.61;56;5500
2026-06-08T14:33:19.0000000Z;53.56;53.61;56;5500
2026-06-08T14:33:21.0000000Z;53.56;53.61;56;5500
2026-06-08T14:33:32.0000000Z;53.56;53.61;56;5500
2026-06-08T14:33:35.0000000Z;53.56;53.61;56;5500
2026-06-08T14:33:37.0000000Z;53.53;53.6;253;253
2026-06-08T14:33:38.0000000Z;53.53;53.6;253;5500
2026-06-08T14:33:39.0000000Z;53.53;53.6;253;253
2026-06-08T14:33:40.0000000Z;53.53;53.6;253;253
2026-06-08T14:33:44.0000000Z;53.54;53.61;253;253
2026-06-08T14:33:45.0000000Z;53.54;53.61;253;253
2026-06-08T14:33:47.0000000Z;53.54;53.61;5500;253
2026-06-08T14:33:48.0000000Z;53.55;53.61;1588;5500
2026-06-08T14:33:53.0000000Z;53.55;53.61;1588;5500
2026-06-08T14:33:55.0000000Z;53.55;53.61;1588;5500
2026-06-08T14:33:56.0000000Z;53.55;53.61;1588;5500
2026-06-08T14:33:57.0000000Z;53.55;53.61;1588;5500
2026-06-08T14:34:00.0000000Z;53.54;53.61;1861;253
2026-06-08T14:34:01.0000000Z;53.54;53.6;5967;5500
2026-06-08T14:34:02.0000000Z;53.54;53.6;5967;5500
2026-06-08T14:34:03.0000000Z;53.54;53.61;5967;5500
2026-06-08T14:34:04.0000000Z;53.54;53.61;5967;5500
2026-06-08T14:34:07.0000000Z;53.54;53.6;1608;253
2026-06-08T14:34:14.0000000Z;53.54;53.6;1608;253
2026-06-08T14:34:15.0000000Z;53.55;53.61;5500;253
2026-06-08T14:34:16.0000000Z;53.55;53.61;5500;253
2026-06-08T14:34:17.0000000Z;53.55;53.61;5500;5967
2026-06-08T14:34:21.0000000Z;53.55;53.61;5500;5500
2026-06-08T14:34:25.0000000Z;53.54;53.61;1601;5500
2026-06-08T14:34:27.0000000Z;53.54;53.61;5967;5500
2026-06-08T14:34:28.0000000Z;53.55;53.61;43;5500
2026-06-08T14:34:31.0000000Z;53.54;53.61;1560;5500
2026-06-08T14:34:32.0000000Z;53.54;53.61;1560;5500
2026-06-08T14:34:33.0000000Z;53.54;53.61;5500;5500
2026-06-08T14:34:35.0000000Z;53.54;53.62;1813;253
2026-06-08T14:34:36.0000000Z;53.55;53.62;1616;253
2026-06-08T14:34:37.0000000Z;53.55;53.62;5500;5967
2026-06-08T14:34:44.0000000Z;53.55;53.62;5500;5500
2026-06-08T14:34:45.0000000Z;53.55;53.62;5500;5500
2026-06-08T14:34:48.0000000Z;53.55;53.62;5500;5500
2026-06-08T14:34:49.0000000Z;53.55;53.62;5500;5500
2026-06-08T14:34:50.0000000Z;53.55;53.62;5500;5500
2026-06-08T14:34:51.0000000Z;53.55;53.62;5500;5500
2026-06-08T14:34:52.0000000Z;53.55;53.62;5500;5500
2026-06-08T14:34:53.0000000Z;53.55;53.62;5500;5500
2026-06-08T14:34:54.0000000Z;53.55;53.62;1869;5500
2026-06-08T14:34:56.0000000Z;53.55;53.62;1869;5500
2026-06-08T14:35:10.0000000Z;53.55;53.62;1616;5500
2026-06-08T14:35:12.0000000Z;53.55;53.62;1616;5500
2026-06-08T14:35:13.0000000Z;53.55;53.63;1869;253
2026-06-08T14:35:15.0000000Z;53.55;53.62;1616;253
2026-06-08T14:35:16.0000000Z;53.55;53.62;1616;253
2026-06-08T14:35:17.0000000Z;53.55;53.62;1616;253
2026-06-08T14:35:18.0000000Z;53.55;53.61;1616;5500
2026-06-08T14:35:22.0000000Z;53.55;53.62;1869;253
2026-06-08T14:35:23.0000000Z;53.55;53.62;1869;253
2026-06-08T14:35:25.0000000Z;53.55;53.63;1869;253
2026-06-08T14:35:26.0000000Z;53.55;53.62;1869;5500
2026-06-08T14:35:27.0000000Z;53.55;53.62;1869;5500
2026-06-08T14:35:28.0000000Z;53.55;53.63;1869;5967
2026-06-08T14:35:29.0000000Z;53.57;53.62;1560;5500
2026-06-08T14:35:30.0000000Z;53.57;53.62;1560;5500
2026-06-08T14:35:31.0000000Z;53.57;53.62;1560;5500
2026-06-08T14:35:37.0000000Z;53.57;53.63;1560;5500
2026-06-08T14:35:38.0000000Z;53.57;53.64;1813;253
2026-06-08T14:35:39.0000000Z;53.57;53.65;1813;253
2026-06-08T14:35:42.0000000Z;53.57;53.64;1813;467
2026-06-08T14:35:43.0000000Z;53.57;53.64;1813;467
2026-06-08T14:35:44.0000000Z;53.57;53.64;1813;467
2026-06-08T14:35:46.0000000Z;53.59;53.64;1560;467
2026-06-08T14:35:47.0000000Z;53.59;53.64;5500;467
2026-06-08T14:35:48.0000000Z;53.59;53.64;5500;467
2026-06-08T14:35:50.0000000Z;53.59;53.64;5500;253
2026-06-08T14:35:51.0000000Z;53.59;53.65;5500;253
2026-06-08T14:35:52.0000000Z;53.59;53.64;5500;5500
2026-06-08T14:35:53.0000000Z;53.59;53.65;5500;5500
2026-06-08T14:35:54.0000000Z;53.59;53.64;5500;5500
2026-06-08T14:35:55.0000000Z;53.59;53.64;5500;5500
2026-06-08T14:35:56.0000000Z;53.59;53.65;5500;5500
2026-06-08T14:35:57.0000000Z;53.59;53.65;5500;5500
2026-06-08T14:35:58.0000000Z;53.58;53.65;1813;5500
2026-06-08T14:36:00.0000000Z;53.58;53.65;5967;5500
2026-06-08T14:36:01.0000000Z;53.58;53.65;1560;5500
2026-06-08T14:36:02.0000000Z;53.58;53.65;5500;5500
2026-06-08T14:36:07.0000000Z;53.58;53.65;5500;5500
2026-06-08T14:36:08.0000000Z;53.58;53.65;5500;5500
2026-06-08T14:36:09.0000000Z;53.58;53.65;1560;5500
2026-06-08T14:36:10.0000000Z;53.58;53.65;1560;5500
2026-06-08T14:36:12.0000000Z;53.58;53.64;1560;253
2026-06-08T14:36:13.0000000Z;53.58;53.64;1560;5500
2026-06-08T14:36:15.0000000Z;53.58;53.65;1560;253
2026-06-08T14:36:16.0000000Z;53.58;53.64;1560;253
2026-06-08T14:36:17.0000000Z;53.58;53.65;1560;253
2026-06-08T14:36:18.0000000Z;53.58;53.65;1813;253
2026-06-08T14:36:19.0000000Z;53.58;53.65;1813;253
2026-06-08T14:36:21.0000000Z;53.58;53.65;1813;5500
2026-06-08T14:36:25.0000000Z;53.6;53.66;1560;253
2026-06-08T14:36:26.0000000Z;53.6;53.66;5500;253
2026-06-08T14:36:28.0000000Z;53.6;53.66;5500;5966
2026-06-08T14:36:29.0000000Z;53.6;53.66;5500;5966
2026-06-08T14:36:32.0000000Z;53.6;53.67;1813;253
2026-06-08T14:36:33.0000000Z;53.6;53.68;1813;253
2026-06-08T14:36:34.0000000Z;53.6;53.68;1813;253
2026-06-08T14:36:35.0000000Z;53.6;53.68;1813;253
2026-06-08T14:36:36.0000000Z;53.6;53.66;1813;466
2026-06-08T14:36:37.0000000Z;53.6;53.68;1813;5500
2026-06-08T14:36:39.0000000Z;53.68;53.69;5500;5966
2026-06-08T14:36:40.0000000Z;53.68;53.69;5500;466
2026-06-08T14:36:41.0000000Z;53.68;53.69;5500;466
2026-06-08T14:36:42.0000000Z;53.68;53.78;5500;525
2026-06-08T14:36:43.0000000Z;53.68;53.78;5500;525
2026-06-08T14:36:44.0000000Z;53.68;53.78;5500;525
2026-06-08T14:36:45.0000000Z;53.68;53.78;5500;525
2026-06-08T14:36:46.0000000Z;53.68;53.78;5500;525
2026-06-08T14:36:47.0000000Z;53.62;53.78;1560;525
2026-06-08T14:36:48.0000000Z;53.62;53.78;5500;525
2026-06-08T14:36:50.0000000Z;53.62;53.78;5500;5500
2026-06-08T14:36:56.0000000Z;53.6;53.78;1595;5500
2026-06-08T14:36:58.0000000Z;53.61;53.78;467;5500
2026-06-08T14:37:01.0000000Z;53.61;53.78;467;5500
2026-06-08T14:37:02.0000000Z;53.61;53.78;467;5500
2026-06-08T14:37:05.0000000Z;53.6;53.78;5500;5500
2026-06-08T14:37:07.0000000Z;53.61;53.78;1616;5500
2026-06-08T14:37:08.0000000Z;53.61;53.78;5500;5500
2026-06-08T14:37:11.0000000Z;53.61;53.78;5500;5500
2026-06-08T14:37:15.0000000Z;53.61;53.78;5500;5500
2026-06-08T14:37:16.0000000Z;53.61;53.78;5500;5500
2026-06-08T14:37:17.0000000Z;53.61;53.78;5500;5500
2026-06-08T14:37:18.0000000Z;53.61;53.78;5500;5500
2026-06-08T14:37:19.0000000Z;53.61;53.78;5500;5500
2026-06-08T14:37:20.0000000Z;53.61;53.78;5500;5500
2026-06-08T14:37:21.0000000Z;53.61;53.78;5500;5500
2026-06-08T14:37:22.0000000Z;53.61;53.78;5500;5500
2026-06-08T14:37:23.0000000Z;53.61;53.78;5500;5500
2026-06-08T14:37:24.0000000Z;53.61;53.78;56;5500
2026-06-08T14:37:25.0000000Z;53.59;53.78;1560;5500
2026-06-08T14:37:28.0000000Z;53.6;53.78;467;5500
2026-06-08T14:37:32.0000000Z;53.6;53.78;56;5500
2026-06-08T14:37:33.0000000Z;53.6;53.78;5967;5500
2026-06-08T14:37:34.0000000Z;53.6;53.78;5500;5500
2026-06-08T14:37:35.0000000Z;53.6;53.78;5500;5500
2026-06-08T14:37:36.0000000Z;53.6;53.78;5500;5500
2026-06-08T14:37:38.0000000Z;53.6;53.78;5500;5500
2026-06-08T14:37:39.0000000Z;53.6;53.78;5500;5500
2026-06-08T14:37:50.0000000Z;53.6;53.78;5500;5500
2026-06-08T14:37:53.0000000Z;53.6;53.8;5500;210
2026-06-08T14:37:56.0000000Z;53.6;53.79;5500;525
2026-06-08T14:38:02.0000000Z;53.6;53.8;5500;266
2026-06-08T14:38:04.0000000Z;53.6;53.8;5500;5500
2026-06-08T14:38:05.0000000Z;53.6;53.8;5500;5500
2026-06-08T14:38:08.0000000Z;53.6;53.8;5500;5500
2026-06-08T14:38:13.0000000Z;53.6;53.8;5500;5500
2026-06-08T14:38:14.0000000Z;53.6;53.81;5500;1770
2026-06-08T14:38:15.0000000Z;53.6;53.81;5500;1770
2026-06-08T14:38:16.0000000Z;53.6;53.81;5500;5766
2026-06-08T14:38:17.0000000Z;53.56;53.81;74;5766
2026-06-08T14:38:20.0000000Z;53.59;53.81;56;5766
2026-06-08T14:38:22.0000000Z;53.56;53.81;5500;5500
2026-06-08T14:38:23.0000000Z;53.58;53.81;47;210
2026-06-08T14:38:24.0000000Z;53.58;53.81;5500;210
2026-06-08T14:38:29.0000000Z;53.58;53.79;5500;5500
2026-06-08T14:38:30.0000000Z;53.58;53.81;47;210
2026-06-08T14:38:32.0000000Z;53.58;53.81;47;210
2026-06-08T14:38:33.0000000Z;53.58;53.81;47;210
2026-06-08T14:38:35.0000000Z;53.58;53.81;47;266
2026-06-08T14:38:38.0000000Z;53.58;53.81;47;1826
2026-06-08T14:38:39.0000000Z;53.58;53.81;47;1770
2026-06-08T14:38:41.0000000Z;53.58;53.81;47;1770
2026-06-08T14:38:42.0000000Z;53.58;53.81;47;1770
2026-06-08T14:38:44.0000000Z;53.56;53.81;74;1770
2026-06-08T14:38:46.0000000Z;53.58;53.81;47;210
2026-06-08T14:38:47.0000000Z;53.58;53.81;5500;210
2026-06-08T14:38:49.0000000Z;53.58;53.82;54;210
2026-06-08T14:38:50.0000000Z;53.58;53.82;54;210
2026-06-08T14:38:51.0000000Z;53.58;53.82;54;210
2026-06-08T14:38:52.0000000Z;53.58;53.82;54;5500
2026-06-08T14:38:57.0000000Z;53.58;53.82;54;266
2026-06-08T14:39:00.0000000Z;53.58;53.82;54;1826
2026-06-08T14:39:06.0000000Z;53.58;53.82;54;1770
2026-06-08T14:39:08.0000000Z;53.58;53.82;47;1770
2026-06-08T14:39:13.0000000Z;53.58;53.82;47;1770
2026-06-08T14:39:18.0000000Z;53.58;53.8;47;210
2026-06-08T14:39:20.0000000Z;53.58;53.8;47;5500
2026-06-08T14:39:28.0000000Z;53.58;53.8;47;5500
2026-06-08T14:39:30.0000000Z;53.58;53.82;54;210
2026-06-08T14:39:31.0000000Z;53.58;53.81;54;210
2026-06-08T14:39:36.0000000Z;53.58;53.82;54;5500
2026-06-08T14:39:37.0000000Z;53.58;53.83;60;210
2026-06-08T14:39:39.0000000Z;53.65;53.71;253;210
2026-06-08T14:39:40.0000000Z;53.65;53.71;5500;5500
2026-06-08T14:39:45.0000000Z;53.65;53.71;5500;5500
2026-06-08T14:39:46.0000000Z;53.43;53.87;187;210
2026-06-08T14:39:47.0000000Z;53.43;53.87;187;210
2026-06-08T14:39:49.0000000Z;53.64;53.72;467;466
2026-06-08T14:39:50.0000000Z;53.64;53.72;467;466
2026-06-08T14:39:58.0000000Z;53.43;53.87;5500;5500
2026-06-08T14:40:08.0000000Z;53.6;53.85;51;1770
2026-06-08T14:40:09.0000000Z;53.43;53.87;187;210
2026-06-08T14:40:16.0000000Z;53.59;53.83;61;210
2026-06-08T14:40:20.0000000Z;53.59;53.84;68;210
2026-06-08T14:40:22.0000000Z;53.59;53.84;68;1770
2026-06-08T14:40:23.0000000Z;53.58;53.82;1560;210
2026-06-08T14:40:24.0000000Z;53.58;53.87;1560;210
2026-06-08T14:40:25.0000000Z;53.58;53.84;1560;5500
2026-06-08T14:40:26.0000000Z;53.44;53.84;187;5500
2026-06-08T14:40:27.0000000Z;53.58;53.87;5500;5500
2026-06-08T14:40:29.0000000Z;53.57;53.87;467;5500
2026-06-08T14:40:32.0000000Z;53.45;53.87;1560;5500
2026-06-08T14:40:33.0000000Z;53.59;53.84;5500;1770
2026-06-08T14:40:36.0000000Z;53.59;53.84;68;1770
2026-06-08T14:40:38.0000000Z;53.59;53.84;68;210
2026-06-08T14:40:41.0000000Z;53.59;53.84;68;210
2026-06-08T14:40:43.0000000Z;53.6;53.84;51;210
2026-06-08T14:40:44.0000000Z;53.6;53.84;5500;210
2026-06-08T14:40:49.0000000Z;53.6;53.82;5500;210
2026-06-08T14:40:50.0000000Z;53.6;53.82;5500;5500
2026-06-08T14:40:51.0000000Z;53.64;53.71;253;253
2026-06-08T14:40:52.0000000Z;53.64;53.72;253;253
2026-06-08T14:40:53.0000000Z;53.64;53.72;5500;5500
2026-06-08T14:40:55.0000000Z;53.65;53.72;5500;5500
2026-06-08T14:40:56.0000000Z;53.65;53.72;5500;5500
2026-06-08T14:40:57.0000000Z;53.64;53.72;253;5500
2026-06-08T14:40:59.0000000Z;53.64;53.72;5500;5500
2026-06-08T14:41:00.0000000Z;53.64;53.72;253;253
2026-06-08T14:41:01.0000000Z;53.64;53.72;253;253
2026-06-08T14:41:02.0000000Z;53.65;53.72;5500;253
2026-06-08T14:41:03.0000000Z;53.65;53.72;5500;253
2026-06-08T14:41:04.0000000Z;53.65;53.73;253;463
2026-06-08T14:41:05.0000000Z;53.65;53.73;253;463
2026-06-08T14:41:06.0000000Z;53.65;53.73;253;463
2026-06-08T14:41:07.0000000Z;53.65;53.73;253;5966
2026-06-08T14:41:10.0000000Z;53.64;53.72;309;253
2026-06-08T14:41:11.0000000Z;53.64;53.72;309;5500
2026-06-08T14:41:12.0000000Z;53.64;53.72;253;253
2026-06-08T14:41:13.0000000Z;53.64;53.72;5967;253
2026-06-08T14:41:14.0000000Z;53.64;53.72;5500;253
2026-06-08T14:41:15.0000000Z;53.64;53.71;5500;253
2026-06-08T14:41:16.0000000Z;53.64;53.71;5500;5500
2026-06-08T14:41:17.0000000Z;53.63;53.7;253;253
2026-06-08T14:41:18.0000000Z;53.64;53.7;253;5500
2026-06-08T14:41:22.0000000Z;53.64;53.71;253;253
2026-06-08T14:41:23.0000000Z;53.64;53.71;253;5500
2026-06-08T14:41:25.0000000Z;53.64;53.71;253;210
2026-06-08T14:41:26.0000000Z;53.64;53.71;253;210
2026-06-08T14:41:27.0000000Z;53.64;53.71;253;210
2026-06-08T14:41:31.0000000Z;53.64;53.71;253;210
2026-06-08T14:41:32.0000000Z;53.64;53.71;253;463
2026-06-08T14:41:33.0000000Z;53.63;53.7;253;5500
2026-06-08T14:41:34.0000000Z;53.62;53.7;253;5500
2026-06-08T14:41:35.0000000Z;53.63;53.7;5967;5500
2026-06-08T14:41:36.0000000Z;53.63;53.71;253;253
2026-06-08T14:41:37.0000000Z;53.63;53.71;253;5500
2026-06-08T14:41:39.0000000Z;53.63;53.71;253;5500
2026-06-08T14:41:40.0000000Z;53.63;53.71;253;253
2026-06-08T14:41:43.0000000Z;53.63;53.71;5500;253
2026-06-08T14:41:45.0000000Z;53.65;53.72;253;253
2026-06-08T14:41:46.0000000Z;53.65;53.72;5500;253
2026-06-08T14:41:47.0000000Z;53.65;53.72;253;5966
2026-06-08T14:41:52.0000000Z;53.65;53.71;253;210
2026-06-08T14:41:53.0000000Z;53.65;53.71;253;5500
2026-06-08T14:41:54.0000000Z;53.65;53.71;253;210
2026-06-08T14:41:55.0000000Z;53.64;53.7;253;210
2026-06-08T14:41:56.0000000Z;53.64;53.7;253;5500
2026-06-08T14:41:57.0000000Z;53.64;53.7;5500;5500
2026-06-08T14:41:58.0000000Z;53.64;53.7;5500;210
2026-06-08T14:42:00.0000000Z;53.64;53.7;253;210
2026-06-08T14:42:01.0000000Z;53.63;53.7;5967;210
2026-06-08T14:42:02.0000000Z;53.64;53.7;5500;210
2026-06-08T14:42:03.0000000Z;53.63;53.7;253;5500
2026-06-08T14:42:04.0000000Z;53.62;53.69;253;253
2026-06-08T14:42:05.0000000Z;53.63;53.69;5967;5500
2026-06-08T14:42:06.0000000Z;53.63;53.69;5967;5500
2026-06-08T14:42:07.0000000Z;53.63;53.69;467;5500
2026-06-08T14:42:09.0000000Z;53.62;53.69;5500;5500
2026-06-08T14:42:10.0000000Z;53.62;53.69;253;253
2026-06-08T14:42:11.0000000Z;53.62;53.7;253;253
2026-06-08T14:42:12.0000000Z;53.62;53.69;253;253
2026-06-08T14:42:13.0000000Z;53.61;53.69;253;253
2026-06-08T14:42:14.0000000Z;53.62;53.69;253;253
2026-06-08T14:42:15.0000000Z;53.62;53.69;5500;253
2026-06-08T14:42:16.0000000Z;53.62;53.69;5500;253
2026-06-08T14:42:17.0000000Z;53.6;53.68;253;253
2026-06-08T14:42:18.0000000Z;53.6;53.68;253;5500
2026-06-08T14:42:19.0000000Z;53.61;53.68;467;5500
2026-06-08T14:42:21.0000000Z;53.6;53.68;5500;5500
2026-06-08T14:42:22.0000000Z;53.6;53.68;5500;5500
2026-06-08T14:42:24.0000000Z;53.6;53.68;5500;5500
2026-06-08T14:42:29.0000000Z;53.61;53.69;253;253
2026-06-08T14:42:30.0000000Z;53.61;53.69;5500;253
2026-06-08T14:42:31.0000000Z;53.61;53.69;5500;5966
2026-06-08T14:42:33.0000000Z;53.61;53.69;5500;5966
2026-06-08T14:42:34.0000000Z;53.61;53.69;5500;253
2026-06-08T14:42:35.0000000Z;53.61;53.68;5500;5500
2026-06-08T14:42:37.0000000Z;53.61;53.69;5500;5966
2026-06-08T14:42:39.0000000Z;53.61;53.69;5500;5500
2026-06-08T14:42:42.0000000Z;53.61;53.69;5500;5500
2026-06-08T14:42:45.0000000Z;53.61;53.69;5500;5500
2026-06-08T14:42:47.0000000Z;53.61;53.68;5500;5500
2026-06-08T14:42:48.0000000Z;53.61;53.68;5500;5500
2026-06-08T14:42:50.0000000Z;53.61;53.68;5500;5500
2026-06-08T14:42:52.0000000Z;53.61;53.68;5500;5500
2026-06-08T14:42:53.0000000Z;53.61;53.68;5500;5500
2026-06-08T14:42:54.0000000Z;53.61;53.68;5500;5500
2026-06-08T14:42:55.0000000Z;53.61;53.68;5500;5500
2026-06-08T14:42:58.0000000Z;53.62;53.69;5500;253
2026-06-08T14:43:00.0000000Z;53.62;53.69;5500;210
2026-06-08T14:43:01.0000000Z;53.62;53.69;5500;210
2026-06-08T14:43:02.0000000Z;53.62;53.69;5500;5966
2026-06-08T14:43:06.0000000Z;53.62;53.69;5500;5966
2026-06-08T14:43:07.0000000Z;53.62;53.69;5500;5500
2026-06-08T14:43:13.0000000Z;53.62;53.69;5500;5500
2026-06-08T14:43:14.0000000Z;53.62;53.69;5500;5500
2026-06-08T14:43:17.0000000Z;53.62;53.69;5500;210
2026-06-08T14:43:19.0000000Z;53.62;53.69;5500;210
2026-06-08T14:43:20.0000000Z;53.62;53.7;5500;253
2026-06-08T14:43:21.0000000Z;53.63;53.7;253;210
2026-06-08T14:43:22.0000000Z;53.63;53.7;253;210
2026-06-08T14:43:23.0000000Z;53.64;53.7;253;210
2026-06-08T14:43:24.0000000Z;53.64;53.7;253;210
2026-06-08T14:43:25.0000000Z;53.64;53.7;253;210
2026-06-08T14:43:26.0000000Z;53.64;53.7;253;210
2026-06-08T14:43:27.0000000Z;53.64;53.7;253;210
2026-06-08T14:43:28.0000000Z;53.64;53.7;253;210
2026-06-08T14:43:29.0000000Z;53.64;53.7;253;210
2026-06-08T14:43:30.0000000Z;53.63;53.7;253;5500
2026-06-08T14:43:35.0000000Z;53.64;53.7;253;210
2026-06-08T14:43:36.0000000Z;53.63;53.7;253;210
2026-06-08T14:43:37.0000000Z;53.63;53.7;5967;210
2026-06-08T14:43:38.0000000Z;53.63;53.7;5967;210
2026-06-08T14:43:39.0000000Z;53.63;53.7;5500;210
2026-06-08T14:43:40.0000000Z;53.63;53.7;5500;210
2026-06-08T14:43:41.0000000Z;53.63;53.7;5500;210
2026-06-08T14:43:44.0000000Z;53.63;53.7;5500;210
2026-06-08T14:43:45.0000000Z;53.63;53.7;5500;210
2026-06-08T14:43:46.0000000Z;53.63;53.7;5500;210
2026-06-08T14:43:47.0000000Z;53.63;53.7;5500;210
2026-06-08T14:43:48.0000000Z;53.63;53.7;5500;210
2026-06-08T14:43:49.0000000Z;53.63;53.7;5500;210
2026-06-08T14:43:53.0000000Z;53.62;53.7;253;253
2026-06-08T14:43:56.0000000Z;53.62;53.7;5967;253
2026-06-08T14:44:01.0000000Z;53.63;53.7;5500;253
2026-06-08T14:44:02.0000000Z;53.64;53.71;253;253
2026-06-08T14:44:03.0000000Z;53.64;53.71;5500;253
2026-06-08T14:44:04.0000000Z;53.64;53.7;5500;210
2026-06-08T14:44:05.0000000Z;53.64;53.7;5500;5500
2026-06-08T14:44:06.0000000Z;53.64;53.7;5500;210
2026-06-08T14:44:07.0000000Z;53.64;53.71;5500;210
2026-06-08T14:44:10.0000000Z;53.64;53.71;5500;5966
2026-06-08T14:44:11.0000000Z;53.64;53.71;5500;5500
2026-06-08T14:44:17.0000000Z;53.64;53.71;5500;5500
2026-06-08T14:44:18.0000000Z;53.65;53.72;253;210
2026-06-08T14:44:19.0000000Z;53.65;53.72;253;210
2026-06-08T14:44:20.0000000Z;53.65;53.72;5500;210
2026-06-08T14:44:21.0000000Z;53.65;53.72;5500;210
2026-06-08T14:44:22.0000000Z;53.65;53.72;5500;5966
2026-06-08T14:44:23.0000000Z;53.65;53.72;5500;210
2026-06-08T14:44:24.0000000Z;53.65;53.72;5500;210
2026-06-08T14:44:25.0000000Z;53.65;53.72;5500;210
2026-06-08T14:44:26.0000000Z;53.65;53.72;5500;210
2026-06-08T14:44:27.0000000Z;53.65;53.72;5500;210
2026-06-08T14:44:28.0000000Z;53.65;53.72;5500;210
2026-06-08T14:44:29.0000000Z;53.65;53.72;5500;210
2026-06-08T14:44:31.0000000Z;53.65;53.72;5500;5500
2026-06-08T14:44:32.0000000Z;53.66;53.72;5500;5500
2026-06-08T14:44:41.0000000Z;53.66;53.72;5500;5500
2026-06-08T14:44:43.0000000Z;53.67;53.73;5500;210
2026-06-08T14:44:46.0000000Z;53.67;53.73;5500;5966
2026-06-08T14:44:49.0000000Z;53.67;53.73;5500;5966
2026-06-08T14:44:52.0000000Z;53.67;53.73;5500;5500
2026-06-08T14:44:58.0000000Z;53.67;53.74;5500;210
2026-06-08T14:44:59.0000000Z;53.67;53.74;5500;463
2026-06-08T14:45:00.0000000Z;53.67;53.74;5500;5966
2026-06-08T14:45:02.0000000Z;53.68;53.74;5500;5966
2026-06-08T14:45:03.0000000Z;53.67;53.74;5500;5966
2026-06-08T14:45:04.0000000Z;53.68;53.74;5500;5966
2026-06-08T14:45:05.0000000Z;53.68;53.74;253;5966
2026-06-08T14:45:06.0000000Z;53.68;53.74;253;5500
2026-06-08T14:45:07.0000000Z;53.68;53.74;5500;5500
2026-06-08T14:45:09.0000000Z;53.67;53.74;5500;5500
2026-06-08T14:45:10.0000000Z;53.68;53.74;253;5500
2026-06-08T14:45:11.0000000Z;53.68;53.74;253;5500
2026-06-08T14:45:12.0000000Z;53.68;53.74;253;5500
2026-06-08T14:45:13.0000000Z;53.69;53.76;5500;210
2026-06-08T14:45:16.0000000Z;53.69;53.75;5500;5500
2026-06-08T14:45:17.0000000Z;53.69;53.76;5500;210
2026-06-08T14:45:18.0000000Z;53.69;53.76;5500;5500
2026-06-08T14:45:19.0000000Z;53.7;53.77;253;463
2026-06-08T14:45:20.0000000Z;53.7;53.77;5500;463
2026-06-08T14:45:21.0000000Z;53.7;53.77;5500;463
2026-06-08T14:45:22.0000000Z;53.7;53.77;5500;5965
2026-06-08T14:45:23.0000000Z;53.7;53.77;5500;463
2026-06-08T14:45:24.0000000Z;53.7;53.77;5500;463
2026-06-08T14:45:25.0000000Z;53.69;53.75;253;210
2026-06-08T14:45:26.0000000Z;53.69;53.75;253;5500
2026-06-08T14:45:28.0000000Z;53.69;53.75;5500;5500
2026-06-08T14:45:29.0000000Z;53.7;53.76;5500;210
2026-06-08T14:45:31.0000000Z;53.69;53.76;5500;463
2026-06-08T14:45:32.0000000Z;53.7;53.76;5500;5500
2026-06-08T14:45:34.0000000Z;53.69;53.76;5500;5500
2026-06-08T14:45:37.0000000Z;53.7;53.76;253;210
2026-06-08T14:45:38.0000000Z;53.69;53.76;253;463
2026-06-08T14:45:39.0000000Z;53.7;53.76;253;210
2026-06-08T14:45:40.0000000Z;53.7;53.76;5500;210
2026-06-08T14:45:42.0000000Z;53.7;53.76;5500;210
2026-06-08T14:45:44.0000000Z;53.7;53.76;5500;210
2026-06-08T14:45:45.0000000Z;53.69;53.76;253;463
2026-06-08T14:45:47.0000000Z;53.7;53.76;253;210
2026-06-08T14:45:48.0000000Z;53.7;53.76;253;210
2026-06-08T14:45:49.0000000Z;53.7;53.76;253;210
2026-06-08T14:45:50.0000000Z;53.7;53.76;253;210
2026-06-08T14:45:53.0000000Z;53.7;53.76;253;210
2026-06-08T14:45:54.0000000Z;53.7;53.76;253;210
2026-06-08T14:45:55.0000000Z;53.7;53.76;253;210
2026-06-08T14:46:00.0000000Z;53.69;53.76;253;463
2026-06-08T14:46:02.0000000Z;53.69;53.76;5966;463
2026-06-08T14:46:05.0000000Z;53.68;53.76;253;463
2026-06-08T14:46:06.0000000Z;53.69;53.76;253;463
2026-06-08T14:46:07.0000000Z;53.7;53.76;253;210
2026-06-08T14:46:08.0000000Z;53.7;53.76;5500;210
2026-06-08T14:46:14.0000000Z;53.7;53.76;5500;210
2026-06-08T14:46:15.0000000Z;53.7;53.76;5500;210
2026-06-08T14:46:19.0000000Z;53.7;53.76;5500;210
2026-06-08T14:46:20.0000000Z;53.7;53.77;5500;210
2026-06-08T14:46:22.0000000Z;53.7;53.77;5500;5965
2026-06-08T14:46:29.0000000Z;53.7;53.77;5500;5500
2026-06-08T14:46:31.0000000Z;53.7;53.77;5500;5500
2026-06-08T14:46:35.0000000Z;53.7;53.77;5500;5500
2026-06-08T14:46:38.0000000Z;53.7;53.77;253;5500
2026-06-08T14:46:39.0000000Z;53.7;53.77;5500;5500
2026-06-08T14:46:45.0000000Z;53.7;53.77;5500;5500
2026-06-08T14:46:46.0000000Z;53.72;53.77;253;5500
2026-06-08T14:46:47.0000000Z;53.72;53.79;5500;253
2026-06-08T14:46:52.0000000Z;53.72;53.78;5500;465
2026-06-08T14:46:55.0000000Z;53.71;53.78;253;5965
2026-06-08T14:46:56.0000000Z;53.71;53.78;5500;5500
2026-06-08T14:47:00.0000000Z;53.71;53.78;5500;5500
2026-06-08T14:47:01.0000000Z;53.71;53.78;5500;5500
2026-06-08T14:47:06.0000000Z;53.71;53.78;5500;5500
2026-06-08T14:47:07.0000000Z;53.71;53.78;5500;5500
2026-06-08T14:47:09.0000000Z;53.71;53.78;5500;5500
2026-06-08T14:47:11.0000000Z;53.71;53.78;5500;5500
2026-06-08T14:47:12.0000000Z;53.71;53.78;5500;5500
2026-06-08T14:47:13.0000000Z;53.71;53.78;5500;5500
2026-06-08T14:47:14.0000000Z;53.71;53.78;5500;5500
2026-06-08T14:47:15.0000000Z;53.72;53.79;253;253
2026-06-08T14:47:16.0000000Z;53.71;53.79;253;5965
2026-06-08T14:47:17.0000000Z;53.71;53.78;253;253
2026-06-08T14:47:18.0000000Z;53.71;53.78;5500;253
2026-06-08T14:47:19.0000000Z;53.71;53.78;5500;253
2026-06-08T14:47:20.0000000Z;53.71;53.78;5500;253
2026-06-08T14:47:21.0000000Z;53.71;53.78;5500;253
2026-06-08T14:47:32.0000000Z;53.71;53.78;5500;253
2026-06-08T14:47:33.0000000Z;53.7;53.78;253;253
2026-06-08T14:47:34.0000000Z;53.7;53.78;5966;253
2026-06-08T14:47:35.0000000Z;53.71;53.78;5500;253
2026-06-08T14:47:37.0000000Z;53.7;53.78;253;253
2026-06-08T14:47:38.0000000Z;53.7;53.78;253;253
2026-06-08T14:47:39.0000000Z;53.7;53.78;253;253
2026-06-08T14:47:40.0000000Z;53.7;53.78;5500;253
2026-06-08T14:47:44.0000000Z;53.7;53.77;5500;253
2026-06-08T14:47:45.0000000Z;53.7;53.77;5500;5500
2026-06-08T14:47:46.0000000Z;53.7;53.77;253;253
2026-06-08T14:47:47.0000000Z;53.7;53.77;253;253
2026-06-08T14:47:48.0000000Z;53.71;53.78;253;253
2026-06-08T14:47:49.0000000Z;53.71;53.78;253;253
2026-06-08T14:47:51.0000000Z;53.71;53.78;253;253
2026-06-08T14:47:53.0000000Z;53.7;53.78;5966;253
2026-06-08T14:47:54.0000000Z;53.71;53.77;5500;253
2026-06-08T14:47:55.0000000Z;53.71;53.77;5500;5500
2026-06-08T14:47:57.0000000Z;53.7;53.77;5966;5500
2026-06-08T14:47:58.0000000Z;53.7;53.77;5966;5500
2026-06-08T14:48:01.0000000Z;53.69;53.76;253;253
2026-06-08T14:48:02.0000000Z;53.69;53.76;253;253
2026-06-08T14:48:03.0000000Z;53.69;53.76;253;253
2026-06-08T14:48:04.0000000Z;53.7;53.76;466;253
2026-06-08T14:48:05.0000000Z;53.68;53.76;253;253
2026-06-08T14:48:06.0000000Z;53.68;53.76;253;253
2026-06-08T14:48:08.0000000Z;53.69;53.76;5500;253
2026-06-08T14:48:10.0000000Z;53.68;53.76;255;253
2026-06-08T14:48:11.0000000Z;53.69;53.76;253;253
2026-06-08T14:48:12.0000000Z;53.69;53.76;5500;253
2026-06-08T14:48:13.0000000Z;53.69;53.76;5500;253
2026-06-08T14:48:15.0000000Z;53.7;53.77;5500;253
2026-06-08T14:48:17.0000000Z;53.7;53.77;5500;5965
2026-06-08T14:48:18.0000000Z;53.69;53.76;253;253
2026-06-08T14:48:19.0000000Z;53.69;53.76;253;5500
2026-06-08T14:48:20.0000000Z;53.69;53.76;253;5500
2026-06-08T14:48:21.0000000Z;53.69;53.76;5500;5500
2026-06-08T14:48:23.0000000Z;53.69;53.76;5500;5500
2026-06-08T14:48:30.0000000Z;53.68;53.76;253;5500
2026-06-08T14:48:31.0000000Z;53.67;53.75;253;253
2026-06-08T14:48:32.0000000Z;53.67;53.75;253;253
2026-06-08T14:48:33.0000000Z;53.67;53.75;282;5500
2026-06-08T14:48:35.0000000Z;53.67;53.75;282;5500
2026-06-08T14:48:37.0000000Z;53.67;53.75;282;5500
2026-06-08T14:48:38.0000000Z;53.67;53.75;253;253
2026-06-08T14:48:42.0000000Z;53.67;53.74;253;253
2026-06-08T14:48:43.0000000Z;53.67;53.74;253;253
2026-06-08T14:48:44.0000000Z;53.67;53.74;253;253
2026-06-08T14:48:48.0000000Z;53.67;53.74;253;253
2026-06-08T14:48:51.0000000Z;53.67;53.74;253;253
2026-06-08T14:49:02.0000000Z;53.67;53.74;253;253
2026-06-08T14:49:04.0000000Z;53.67;53.74;253;253
2026-06-08T14:49:11.0000000Z;53.68;53.75;253;253
2026-06-08T14:49:12.0000000Z;53.68;53.75;5500;253
2026-06-08T14:49:13.0000000Z;53.68;53.75;5500;5966
2026-06-08T14:49:14.0000000Z;53.68;53.75;5500;5966
2026-06-08T14:49:15.0000000Z;53.67;53.74;253;253
2026-06-08T14:49:16.0000000Z;53.67;53.74;253;5500
2026-06-08T14:49:17.0000000Z;53.67;53.74;5500;5500
2026-06-08T14:49:20.0000000Z;53.67;53.74;5500;5500
2026-06-08T14:49:22.0000000Z;53.67;53.74;5500;5500
2026-06-08T14:49:23.0000000Z;53.67;53.74;5500;5500
2026-06-08T14:49:24.0000000Z;53.66;53.74;294;5500
2026-06-08T14:49:25.0000000Z;53.66;53.74;294;5500
2026-06-08T14:49:26.0000000Z;53.66;53.74;294;5500
2026-06-08T14:49:27.0000000Z;53.66;53.74;5966;5500
2026-06-08T14:49:28.0000000Z;53.66;53.74;5966;5500
2026-06-08T14:49:30.0000000Z;53.66;53.74;5966;5500
2026-06-08T14:49:33.0000000Z;53.66;53.74;5500;5500
2026-06-08T14:49:35.0000000Z;53.66;53.73;253;253
2026-06-08T14:49:36.0000000Z;53.66;53.73;253;5500
2026-06-08T14:49:37.0000000Z;53.66;53.73;253;5500
2026-06-08T14:49:38.0000000Z;53.66;53.73;253;5500
2026-06-08T14:49:41.0000000Z;53.66;53.73;253;5500
2026-06-08T14:49:42.0000000Z;53.66;53.73;253;5500
2026-06-08T14:49:43.0000000Z;53.66;53.73;253;5500
2026-06-08T14:49:44.0000000Z;53.66;53.73;253;5500
2026-06-08T14:49:45.0000000Z;53.66;53.73;253;5500
2026-06-08T14:49:46.0000000Z;53.66;53.73;253;5500
2026-06-08T14:49:52.0000000Z;53.66;53.73;253;5500
2026-06-08T14:49:54.0000000Z;53.66;53.73;253;5500
2026-06-08T14:49:55.0000000Z;53.66;53.73;253;5500
2026-06-08T14:49:56.0000000Z;53.65;53.72;253;253
2026-06-08T14:49:57.0000000Z;53.65;53.72;253;5500
2026-06-08T14:49:58.0000000Z;53.65;53.72;253;5500
2026-06-08T14:49:59.0000000Z;53.65;53.71;5966;253
2026-06-08T14:50:00.0000000Z;53.64;53.72;316;253
2026-06-08T14:50:03.0000000Z;53.65;53.72;466;253
2026-06-08T14:50:04.0000000Z;53.65;53.72;466;253
2026-06-08T14:50:05.0000000Z;53.65;53.73;5500;253
2026-06-08T14:50:06.0000000Z;53.65;53.73;5500;253
2026-06-08T14:50:07.0000000Z;53.65;53.73;5500;5500
2026-06-08T14:50:12.0000000Z;53.64;53.72;316;253
2026-06-08T14:50:13.0000000Z;53.65;53.72;60;253
2026-06-08T14:50:14.0000000Z;53.64;53.72;316;253
2026-06-08T14:50:15.0000000Z;53.64;53.72;307;253
2026-06-08T14:50:16.0000000Z;53.64;53.71;54;253
2026-06-08T14:50:19.0000000Z;53.63;53.71;294;5500
2026-06-08T14:50:21.0000000Z;53.63;53.71;5500;5500
2026-06-08T14:50:22.0000000Z;53.63;53.7;41;253
2026-06-08T14:50:23.0000000Z;53.63;53.7;41;5500
2026-06-08T14:50:24.0000000Z;53.62;53.7;297;5500
2026-06-08T14:50:25.0000000Z;53.62;53.69;5967;253
2026-06-08T14:50:26.0000000Z;53.62;53.69;5967;5500
2026-06-08T14:50:27.0000000Z;53.62;53.7;306;253
2026-06-08T14:50:28.0000000Z;53.62;53.69;297;253
2026-06-08T14:50:29.0000000Z;53.62;53.7;297;253
2026-06-08T14:50:31.0000000Z;53.62;53.7;297;5500
2026-06-08T14:50:32.0000000Z;53.62;53.69;297;5500
2026-06-08T14:50:33.0000000Z;53.62;53.69;297;253
2026-06-08T14:50:34.0000000Z;53.62;53.69;297;253
2026-06-08T14:50:35.0000000Z;53.62;53.69;297;5500
2026-06-08T14:50:36.0000000Z;53.62;53.69;297;253
2026-06-08T14:50:39.0000000Z;53.62;53.69;297;253
2026-06-08T14:50:41.0000000Z;53.62;53.69;297;253
2026-06-08T14:50:43.0000000Z;53.62;53.7;322;253
2026-06-08T14:50:44.0000000Z;53.63;53.71;253;253
2026-06-08T14:50:45.0000000Z;53.63;53.7;253;5966
2026-06-08T14:50:47.0000000Z;53.63;53.7;253;466
2026-06-08T14:50:49.0000000Z;53.62;53.7;378;253
2026-06-08T14:50:51.0000000Z;53.62;53.7;5500;5500
2026-06-08T14:50:53.0000000Z;53.63;53.71;253;253
2026-06-08T14:50:54.0000000Z;53.63;53.71;5500;253
2026-06-08T14:50:55.0000000Z;53.62;53.7;322;253
2026-06-08T14:50:56.0000000Z;53.63;53.7;5500;5500
2026-06-08T14:50:57.0000000Z;53.63;53.71;253;253
2026-06-08T14:50:59.0000000Z;53.64;53.71;253;5966
2026-06-08T14:51:00.0000000Z;53.64;53.71;5500;5966
2026-06-08T14:51:01.0000000Z;53.64;53.71;5500;5966
2026-06-08T14:51:02.0000000Z;53.64;53.71;5500;5500
2026-06-08T14:51:06.0000000Z;53.64;53.71;5500;5500
2026-06-08T14:51:07.0000000Z;53.64;53.71;5500;5500
2026-06-08T14:51:08.0000000Z;53.64;53.71;5500;5500
2026-06-08T14:51:09.0000000Z;53.64;53.71;5500;5500
2026-06-08T14:51:13.0000000Z;53.64;53.71;253;5500
2026-06-08T14:51:14.0000000Z;53.64;53.71;253;5500
2026-06-08T14:51:16.0000000Z;53.64;53.71;253;5500
2026-06-08T14:51:17.0000000Z;53.64;53.71;253;5500
2026-06-08T14:51:20.0000000Z;53.64;53.71;253;5500
2026-06-08T14:51:25.0000000Z;53.64;53.71;253;5500
2026-06-08T14:51:26.0000000Z;53.64;53.71;253;5500
2026-06-08T14:51:27.0000000Z;53.65;53.72;5500;253
2026-06-08T14:51:29.0000000Z;53.65;53.72;5500;5966
2026-06-08T14:51:33.0000000Z;53.65;53.73;5500;253
2026-06-08T14:51:34.0000000Z;53.66;53.73;253;253
2026-06-08T14:51:35.0000000Z;53.66;53.72;5500;5500
2026-06-08T14:51:36.0000000Z;53.66;53.72;5500;5500
2026-06-08T14:51:37.0000000Z;53.66;53.73;5500;5500
2026-06-08T14:51:41.0000000Z;53.65;53.72;253;253
2026-06-08T14:51:43.0000000Z;53.65;53.72;5966;253
2026-06-08T14:51:46.0000000Z;53.66;53.73;253;253
2026-06-08T14:51:47.0000000Z;53.66;53.73;5500;253
2026-06-08T14:51:49.0000000Z;53.66;53.73;5500;5500
2026-06-08T14:51:50.0000000Z;53.66;53.74;5500;253
2026-06-08T14:51:51.0000000Z;53.66;53.74;5500;5500
2026-06-08T14:51:53.0000000Z;53.66;53.73;5500;5500
2026-06-08T14:52:01.0000000Z;53.66;53.73;5500;5500
2026-06-08T14:52:13.0000000Z;53.66;53.73;5500;5500
2026-06-08T14:52:14.0000000Z;53.66;53.73;5500;5500
2026-06-08T14:52:17.0000000Z;53.66;53.73;5500;5500
2026-06-08T14:52:24.0000000Z;53.66;53.73;5500;5500
2026-06-08T14:52:25.0000000Z;53.67;53.74;253;253
2026-06-08T14:52:26.0000000Z;53.67;53.74;5500;253
2026-06-08T14:52:28.0000000Z;53.67;53.74;5500;5966
2026-06-08T14:52:29.0000000Z;53.66;53.74;253;5966
2026-06-08T14:52:30.0000000Z;53.66;53.74;253;5966
2026-06-08T14:52:32.0000000Z;53.65;53.73;344;253
2026-06-08T14:52:34.0000000Z;53.65;53.73;5500;253
2026-06-08T14:52:35.0000000Z;53.66;53.74;253;253
2026-06-08T14:52:36.0000000Z;53.65;53.73;309;253
2026-06-08T14:52:37.0000000Z;53.65;53.73;5500;253
2026-06-08T14:52:49.0000000Z;53.66;53.74;253;253
2026-06-08T14:52:50.0000000Z;53.66;53.74;5500;253
2026-06-08T14:52:51.0000000Z;53.66;53.74;5500;253
2026-06-08T14:52:53.0000000Z;53.66;53.74;5500;253
2026-06-08T14:52:56.0000000Z;53.66;53.74;5500;5500
2026-06-08T14:53:01.0000000Z;53.66;53.74;5500;5500
2026-06-08T14:53:02.0000000Z;53.65;53.73;281;253
2026-06-08T14:53:03.0000000Z;53.65;53.73;281;5500
2026-06-08T14:53:04.0000000Z;53.65;53.73;5966;5500
2026-06-08T14:53:06.0000000Z;53.65;53.72;253;253
2026-06-08T14:53:07.0000000Z;53.65;53.72;253;5500
2026-06-08T14:53:09.0000000Z;53.65;53.72;5500;253
2026-06-08T14:53:16.0000000Z;53.66;53.73;5500;253
2026-06-08T14:53:19.0000000Z;53.66;53.73;5500;5966
2026-06-08T14:53:20.0000000Z;53.65;53.72;253;253
2026-06-08T14:53:21.0000000Z;53.66;53.72;5500;5500
2026-06-08T14:53:22.0000000Z;53.65;53.72;309;253
2026-06-08T14:53:23.0000000Z;53.65;53.73;5500;253
2026-06-08T14:53:25.0000000Z;53.65;53.73;5500;253
2026-06-08T14:53:26.0000000Z;53.65;53.73;5500;253
2026-06-08T14:53:27.0000000Z;53.65;53.73;5500;5966
2026-06-08T14:53:29.0000000Z;53.65;53.73;5500;5966
2026-06-08T14:53:30.0000000Z;53.66;53.74;261;253
2026-06-08T14:53:31.0000000Z;53.66;53.73;261;253
2026-06-08T14:53:32.0000000Z;53.66;53.73;261;253
2026-06-08T14:53:33.0000000Z;53.66;53.73;261;5500
2026-06-08T14:53:34.0000000Z;53.66;53.74;261;5500
2026-06-08T14:53:35.0000000Z;53.66;53.73;253;253
2026-06-08T14:53:36.0000000Z;53.66;53.73;261;5500
2026-06-08T14:53:37.0000000Z;53.66;53.74;253;253
2026-06-08T14:53:41.0000000Z;53.66;53.74;253;5500
2026-06-08T14:53:42.0000000Z;53.66;53.74;309;5500
2026-06-08T14:53:44.0000000Z;53.67;53.74;253;5500
2026-06-08T14:53:45.0000000Z;53.67;53.74;5500;5500
2026-06-08T14:53:46.0000000Z;53.67;53.74;5500;5500
2026-06-08T14:53:53.0000000Z;53.67;53.74;5500;5500
2026-06-08T14:53:56.0000000Z;53.67;53.74;5500;5500
2026-06-08T14:53:57.0000000Z;53.67;53.74;5500;5500
2026-06-08T14:54:02.0000000Z;53.67;53.74;5500;5500
2026-06-08T14:54:04.0000000Z;53.67;53.74;5500;5500
2026-06-08T14:54:05.0000000Z;53.67;53.74;5500;5500
2026-06-08T14:54:06.0000000Z;53.67;53.74;5500;5500
2026-06-08T14:54:07.0000000Z;53.67;53.74;5500;5500
2026-06-08T14:54:08.0000000Z;53.66;53.74;309;5500
2026-06-08T14:54:11.0000000Z;53.66;53.74;5966;5500
2026-06-08T14:54:18.0000000Z;53.66;53.74;5500;5500
2026-06-08T14:54:20.0000000Z;53.66;53.74;253;5500
2026-06-08T14:54:28.0000000Z;53.65;53.73;253;253
2026-06-08T14:54:31.0000000Z;53.65;53.73;5966;253
2026-06-08T14:54:36.0000000Z;53.65;53.73;5500;253
2026-06-08T14:54:37.0000000Z;53.65;53.73;288;253
2026-06-08T14:54:39.0000000Z;53.65;53.73;1848;253
2026-06-08T14:54:42.0000000Z;53.65;53.73;288;253
2026-06-08T14:54:44.0000000Z;53.66;53.74;309;253
2026-06-08T14:54:45.0000000Z;53.65;53.73;253;253
2026-06-08T14:54:47.0000000Z;53.65;53.73;5500;253
2026-06-08T14:54:49.0000000Z;53.66;53.73;56;253
2026-06-08T14:54:50.0000000Z;53.66;53.73;56;253
2026-06-08T14:55:01.0000000Z;53.66;53.74;309;253
2026-06-08T14:55:03.0000000Z;53.66;53.74;309;5753
2026-06-08T14:55:04.0000000Z;53.67;53.74;5500;5753
2026-06-08T14:55:05.0000000Z;53.66;53.74;5500;5753
2026-06-08T14:55:07.0000000Z;53.66;53.74;5500;5500
2026-06-08T14:55:09.0000000Z;53.66;53.73;56;5500
2026-06-08T14:55:10.0000000Z;53.65;53.73;281;5500
2026-06-08T14:55:11.0000000Z;53.65;53.73;1841;5500
2026-06-08T14:55:12.0000000Z;53.65;53.73;1848;5500
2026-06-08T14:55:13.0000000Z;53.65;53.73;288;5500
2026-06-08T14:55:14.0000000Z;53.65;53.73;1848;5500
2026-06-08T14:55:16.0000000Z;53.65;53.73;5500;5500
2026-06-08T14:55:17.0000000Z;53.65;53.73;288;5500
2026-06-08T14:55:18.0000000Z;53.65;53.72;253;253
2026-06-08T14:55:19.0000000Z;53.65;53.72;253;253
2026-06-08T14:55:20.0000000Z;53.65;53.72;253;253
2026-06-08T14:55:21.0000000Z;53.65;53.72;253;253
2026-06-08T14:55:22.0000000Z;53.65;53.72;253;253
2026-06-08T14:55:26.0000000Z;53.65;53.72;253;253
2026-06-08T14:55:33.0000000Z;53.65;53.72;309;253
2026-06-08T14:55:39.0000000Z;53.65;53.73;1869;253
2026-06-08T14:55:41.0000000Z;53.65;53.73;1869;5966
2026-06-08T14:55:45.0000000Z;53.65;53.72;281;253
2026-06-08T14:55:46.0000000Z;53.65;53.73;281;5500
2026-06-08T14:55:47.0000000Z;53.65;53.72;281;5500
2026-06-08T14:55:48.0000000Z;53.65;53.72;337;5500
2026-06-08T14:55:49.0000000Z;53.65;53.72;337;5500
2026-06-08T14:55:50.0000000Z;53.65;53.73;1897;253
2026-06-08T14:55:51.0000000Z;53.65;53.73;1897;5500
2026-06-08T14:55:52.0000000Z;53.65;53.72;288;253
2026-06-08T14:55:54.0000000Z;53.65;53.72;288;253
2026-06-08T14:56:17.0000000Z;53.65;53.72;309;253
2026-06-08T14:56:23.0000000Z;53.65;53.71;56;253
2026-06-08T14:56:24.0000000Z;53.64;53.71;46;253
2026-06-08T14:56:25.0000000Z;53.63;53.71;1813;5500
2026-06-08T14:56:27.0000000Z;53.64;53.71;467;5500
2026-06-08T14:56:29.0000000Z;53.65;53.71;56;5500
2026-06-08T14:56:30.0000000Z;53.64;53.71;1813;5500
2026-06-08T14:56:31.0000000Z;53.65;53.71;5500;5500
2026-06-08T14:56:33.0000000Z;53.64;53.71;5500;5500
2026-06-08T14:56:36.0000000Z;53.64;53.71;39;5500
2026-06-08T14:56:43.0000000Z;53.64;53.71;1599;5500
2026-06-08T14:56:44.0000000Z;53.64;53.71;1859;5500
2026-06-08T14:56:49.0000000Z;53.65;53.72;309;253
2026-06-08T14:56:50.0000000Z;53.65;53.71;56;253
2026-06-08T14:56:51.0000000Z;53.65;53.71;56;253
2026-06-08T14:57:01.0000000Z;53.65;53.72;309;253
2026-06-08T14:57:04.0000000Z;53.65;53.72;309;5753
2026-06-08T14:57:06.0000000Z;53.65;53.72;309;5753
2026-06-08T14:57:07.0000000Z;53.65;53.72;1869;5753
2026-06-08T14:57:08.0000000Z;53.65;53.72;309;5500
2026-06-08T14:57:09.0000000Z;53.65;53.72;288;5500
2026-06-08T14:57:10.0000000Z;53.65;53.72;288;5500
2026-06-08T14:57:11.0000000Z;53.65;53.72;288;5500
2026-06-08T14:57:13.0000000Z;53.65;53.72;344;5500
2026-06-08T14:57:17.0000000Z;53.66;53.73;253;253
2026-06-08T14:57:18.0000000Z;53.66;53.73;5500;253
2026-06-08T14:57:19.0000000Z;53.65;53.72;253;253
2026-06-08T14:57:20.0000000Z;53.65;53.72;1813;253
2026-06-08T14:57:22.0000000Z;53.65;53.72;5500;253
2026-06-08T14:57:26.0000000Z;53.65;53.72;28;253
2026-06-08T14:57:32.0000000Z;53.65;53.72;288;253
2026-06-08T14:57:33.0000000Z;53.65;53.72;1848;253
2026-06-08T14:57:37.0000000Z;53.66;53.73;309;253
2026-06-08T14:57:38.0000000Z;53.66;53.73;5500;253
2026-06-08T14:57:40.0000000Z;53.66;53.73;5500;5500
2026-06-08T14:57:41.0000000Z;53.66;53.72;56;253
2026-06-08T14:57:42.0000000Z;53.66;53.72;56;5500
2026-06-08T14:57:45.0000000Z;53.66;53.73;309;253
2026-06-08T14:57:48.0000000Z;53.66;53.73;309;5500
2026-06-08T14:57:54.0000000Z;53.66;53.72;56;5500
2026-06-08T14:57:55.0000000Z;53.66;53.72;56;253
2026-06-08T14:57:57.0000000Z;53.66;53.72;56;253
2026-06-08T14:57:58.0000000Z;53.65;53.72;1848;253
2026-06-08T14:58:00.0000000Z;53.65;53.72;5500;253
2026-06-08T14:58:09.0000000Z;53.66;53.73;309;253
2026-06-08T14:58:10.0000000Z;53.66;53.73;5500;253
2026-06-08T14:58:12.0000000Z;53.66;53.73;5500;5966
2026-06-08T14:58:13.0000000Z;53.66;53.72;56;253
2026-06-08T14:58:15.0000000Z;53.66;53.72;56;253
2026-06-08T14:58:25.0000000Z;53.66;53.73;309;253
2026-06-08T14:58:26.0000000Z;53.66;53.73;309;5753
2026-06-08T14:58:29.0000000Z;53.66;53.73;1869;5753
2026-06-08T14:58:31.0000000Z;53.66;53.73;1869;5500
2026-06-08T14:58:35.0000000Z;53.66;53.73;1837;5500
2026-06-08T14:58:40.0000000Z;53.66;53.74;1837;253
2026-06-08T14:58:41.0000000Z;53.66;53.73;5500;253
2026-06-08T14:58:44.0000000Z;53.66;53.73;5500;253
2026-06-08T14:58:45.0000000Z;53.66;53.73;5500;253
2026-06-08T14:58:47.0000000Z;53.66;53.73;277;253
2026-06-08T14:58:49.0000000Z;53.66;53.73;277;253
2026-06-08T14:58:50.0000000Z;53.66;53.73;1837;253
2026-06-08T14:58:51.0000000Z;53.66;53.74;1837;253
2026-06-08T14:58:54.0000000Z;53.66;53.74;1837;5966
2026-06-08T14:59:00.0000000Z;53.66;53.74;1837;5500
2026-06-08T14:59:01.0000000Z;53.67;53.74;1813;5500
2026-06-08T14:59:06.0000000Z;53.67;53.74;265;5500
2026-06-08T14:59:09.0000000Z;53.67;53.74;265;5500
2026-06-08T14:59:10.0000000Z;53.67;53.74;265;5500
2026-06-08T14:59:11.0000000Z;53.67;53.74;265;5500
2026-06-08T14:59:12.0000000Z;53.66;53.74;1813;5500
2026-06-08T14:59:15.0000000Z;53.66;53.74;5966;5500
2026-06-08T14:59:19.0000000Z;53.66;53.73;5966;5500
2026-06-08T14:59:20.0000000Z;53.66;53.73;253;5500
2026-06-08T14:59:30.0000000Z;53.66;53.74;253;253
2026-06-08T14:59:33.0000000Z;53.66;53.74;253;5966
2026-06-08T14:59:39.0000000Z;53.66;53.74;253;5500
2026-06-08T14:59:46.0000000Z;53.67;53.74;253;5500
2026-06-08T14:59:49.0000000Z;53.67;53.74;5500;5500
2026-06-08T14:59:52.0000000Z;53.67;53.74;5500;5500
