2026-06-08T08:00:04.0000000Z;96.182;96.416;41;41
2026-06-08T08:00:05.0000000Z;96.182;96.414;41;450
2026-06-08T08:00:06.0000000Z;96.182;96.416;41;41
2026-06-08T08:00:07.0000000Z;96.184;96.416;450;41
2026-06-08T08:00:16.0000000Z;96.182;96.416;41;41
2026-06-08T08:00:17.0000000Z;96.182;96.414;41;450
2026-06-08T08:00:18.0000000Z;96.182;96.416;41;41
2026-06-08T08:00:19.0000000Z;96.184;96.416;450;41
2026-06-08T08:00:22.0000000Z;96.18;96.416;41;41
2026-06-08T08:00:23.0000000Z;96.182;96.416;3450;41
2026-06-08T08:00:25.0000000Z;96.182;96.416;450;41
2026-06-08T08:00:27.0000000Z;96.18;96.416;41;41
2026-06-08T08:00:28.0000000Z;96.18;96.416;41;41
2026-06-08T08:00:29.0000000Z;96.18;96.414;41;450
2026-06-08T08:00:30.0000000Z;96.18;96.416;41;41
2026-06-08T08:00:31.0000000Z;96.182;96.416;450;41
2026-06-08T08:00:33.0000000Z;96.18;96.416;180;41
2026-06-08T08:00:34.0000000Z;96.182;96.416;450;41
2026-06-08T08:00:40.0000000Z;96.18;96.416;180;41
2026-06-08T08:00:41.0000000Z;96.18;96.414;180;450
2026-06-08T08:00:42.0000000Z;96.182;96.416;41;41
2026-06-08T08:00:43.0000000Z;96.184;96.416;450;41
2026-06-08T08:00:51.0000000Z;96.184;96.416;450;41
2026-06-08T08:00:52.0000000Z;96.182;96.416;41;41
2026-06-08T08:00:53.0000000Z;96.18;96.414;180;450
2026-06-08T08:00:54.0000000Z;96.182;96.416;41;41
2026-06-08T08:00:55.0000000Z;96.184;96.416;450;41
2026-06-08T08:00:58.0000000Z;96.182;96.416;41;41
2026-06-08T08:01:04.0000000Z;96.182;96.416;41;41
2026-06-08T08:01:05.0000000Z;96.182;96.414;41;450
2026-06-08T08:01:06.0000000Z;96.182;96.416;41;41
2026-06-08T08:01:07.0000000Z;96.184;96.416;450;41
2026-06-08T08:01:16.0000000Z;96.182;96.416;41;41
2026-06-08T08:01:17.0000000Z;96.182;96.414;41;450
2026-06-08T08:01:18.0000000Z;96.182;96.416;41;41
2026-06-08T08:01:19.0000000Z;96.184;96.416;450;41
2026-06-08T08:01:28.0000000Z;96.182;96.416;41;41
2026-06-08T08:01:29.0000000Z;96.182;96.414;41;450
2026-06-08T08:01:30.0000000Z;96.182;96.416;41;41
2026-06-08T08:01:31.0000000Z;96.184;96.416;450;41
2026-06-08T08:01:40.0000000Z;96.182;96.416;41;41
2026-06-08T08:01:41.0000000Z;96.182;96.414;41;450
2026-06-08T08:01:42.0000000Z;96.182;96.416;41;41
2026-06-08T08:01:43.0000000Z;96.184;96.416;450;41
2026-06-08T08:01:52.0000000Z;96.182;96.414;41;3450
2026-06-08T08:01:53.0000000Z;96.182;96.416;41;41
2026-06-08T08:01:54.0000000Z;96.182;96.416;41;41
2026-06-08T08:01:55.0000000Z;96.182;96.418;41;41
2026-06-08T08:01:56.0000000Z;96.182;96.416;41;3450
2026-06-08T08:01:59.0000000Z;96.182;96.416;41;450
2026-06-08T08:02:04.0000000Z;96.182;96.418;41;41
2026-06-08T08:02:05.0000000Z;96.182;96.416;41;450
2026-06-08T08:02:06.0000000Z;96.182;96.418;41;41
2026-06-08T08:02:07.0000000Z;96.184;96.418;450;41
2026-06-08T08:02:09.0000000Z;96.18;96.418;41;41
2026-06-08T08:02:10.0000000Z;96.182;96.418;3450;41
2026-06-08T08:02:11.0000000Z;96.18;96.418;41;41
2026-06-08T08:02:13.0000000Z;96.182;96.418;450;41
2026-06-08T08:02:16.0000000Z;96.18;96.418;41;41
2026-06-08T08:02:17.0000000Z;96.18;96.416;41;450
2026-06-08T08:02:18.0000000Z;96.18;96.418;41;41
2026-06-08T08:02:19.0000000Z;96.182;96.418;450;41
2026-06-08T08:02:20.0000000Z;96.182;96.418;450;41
2026-06-08T08:02:28.0000000Z;96.18;96.418;41;41
2026-06-08T08:02:29.0000000Z;96.18;96.416;41;450
2026-06-08T08:02:30.0000000Z;96.184;96.418;41;41
2026-06-08T08:02:31.0000000Z;96.184;96.418;3000;41
2026-06-08T08:02:33.0000000Z;96.184;96.418;3000;41
2026-06-08T08:02:35.0000000Z;96.182;96.418;450;41
2026-06-08T08:02:40.0000000Z;96.18;96.418;41;41
2026-06-08T08:02:41.0000000Z;96.18;96.416;41;450
2026-06-08T08:02:42.0000000Z;96.18;96.418;41;41
2026-06-08T08:02:43.0000000Z;96.182;96.418;450;41
2026-06-08T08:02:50.0000000Z;96.18;96.414;41;3000
2026-06-08T08:02:51.0000000Z;96.18;96.412;41;450
2026-06-08T08:02:52.0000000Z;96.18;96.414;41;41
2026-06-08T08:02:53.0000000Z;96.18;96.412;41;450
2026-06-08T08:02:54.0000000Z;96.18;96.414;41;41
2026-06-08T08:02:55.0000000Z;96.182;96.414;450;41
2026-06-08T08:03:00.0000000Z;96.182;96.412;450;450
2026-06-08T08:03:04.0000000Z;96.18;96.414;41;41
2026-06-08T08:03:05.0000000Z;96.18;96.412;41;450
2026-06-08T08:03:06.0000000Z;96.18;96.414;41;41
2026-06-08T08:03:07.0000000Z;96.182;96.414;450;41
2026-06-08T08:03:16.0000000Z;96.18;96.414;41;41
2026-06-08T08:03:17.0000000Z;96.18;96.412;41;450
2026-06-08T08:03:18.0000000Z;96.18;96.414;41;41
2026-06-08T08:03:19.0000000Z;96.182;96.414;450;41
2026-06-08T08:03:21.0000000Z;96.178;96.544;93;528
2026-06-08T08:03:22.0000000Z;96.178;96.52;93;528
2026-06-08T08:03:23.0000000Z;96.18;96.416;450;41
2026-06-08T08:03:24.0000000Z;96.18;96.416;3450;3041
2026-06-08T08:03:25.0000000Z;96.18;96.416;41;41
2026-06-08T08:03:26.0000000Z;96.18;96.416;41;41
2026-06-08T08:03:27.0000000Z;96.18;96.416;41;41
2026-06-08T08:03:28.0000000Z;96.18;96.416;41;41
2026-06-08T08:03:29.0000000Z;96.18;96.416;41;41
2026-06-08T08:03:30.0000000Z;96.18;96.416;41;41
2026-06-08T08:03:31.0000000Z;96.18;96.412;41;41
2026-06-08T08:03:32.0000000Z;96.18;96.412;41;41
2026-06-08T08:03:33.0000000Z;96.18;96.412;41;41
2026-06-08T08:03:34.0000000Z;96.18;96.412;41;41
2026-06-08T08:03:35.0000000Z;96.18;96.412;41;41
2026-06-08T08:03:36.0000000Z;96.18;96.412;41;41
2026-06-08T08:03:37.0000000Z;96.18;96.412;41;41
2026-06-08T08:03:38.0000000Z;96.18;96.412;41;41
2026-06-08T08:03:39.0000000Z;96.18;96.412;41;41
2026-06-08T08:03:40.0000000Z;96.18;96.412;41;41
2026-06-08T08:03:41.0000000Z;96.18;96.41;41;450
2026-06-08T08:03:42.0000000Z;96.18;96.412;41;41
2026-06-08T08:03:43.0000000Z;96.182;96.412;450;41
2026-06-08T08:03:50.0000000Z;96.18;96.412;41;41
2026-06-08T08:03:52.0000000Z;96.18;96.412;41;41
2026-06-08T08:03:53.0000000Z;96.18;96.41;41;450
2026-06-08T08:03:54.0000000Z;96.182;96.412;41;41
2026-06-08T08:03:55.0000000Z;96.184;96.412;450;41
2026-06-08T08:03:59.0000000Z;96.182;96.412;41;41
2026-06-08T08:04:04.0000000Z;96.182;96.412;41;41
2026-06-08T08:04:05.0000000Z;96.182;96.41;41;450
2026-06-08T08:04:06.0000000Z;96.182;96.412;41;41
2026-06-08T08:04:07.0000000Z;96.184;96.412;450;41
2026-06-08T08:04:12.0000000Z;96.182;96.412;3000;3000
2026-06-08T08:04:13.0000000Z;96.182;96.412;3000;3000
2026-06-08T08:04:14.0000000Z;96.178;96.412;93;3000
2026-06-08T08:04:15.0000000Z;96.182;96.412;3000;3000
2026-06-08T08:04:16.0000000Z;96.182;96.414;3000;41
2026-06-08T08:04:17.0000000Z;96.184;96.414;450;41
2026-06-08T08:04:18.0000000Z;96.182;96.42;41;41
2026-06-08T08:04:19.0000000Z;96.182;96.42;41;41
2026-06-08T08:04:20.0000000Z;96.182;96.414;41;41
2026-06-08T08:04:21.0000000Z;96.182;96.414;41;491
2026-06-08T08:04:22.0000000Z;96.182;96.412;41;41
2026-06-08T08:04:23.0000000Z;96.182;96.41;41;450
2026-06-08T08:04:28.0000000Z;96.182;96.412;41;41
2026-06-08T08:04:29.0000000Z;96.182;96.41;41;450
2026-06-08T08:04:30.0000000Z;96.182;96.412;41;41
2026-06-08T08:04:31.0000000Z;96.184;96.412;450;41
2026-06-08T08:04:34.0000000Z;96.184;96.41;450;450
2026-06-08T08:04:40.0000000Z;96.182;96.412;41;41
2026-06-08T08:04:41.0000000Z;96.182;96.41;41;450
2026-06-08T08:04:42.0000000Z;96.182;96.412;41;41
2026-06-08T08:04:43.0000000Z;96.184;96.412;450;41
2026-06-08T08:04:52.0000000Z;96.182;96.412;41;41
2026-06-08T08:04:53.0000000Z;96.182;96.41;41;450
2026-06-08T08:04:54.0000000Z;96.182;96.412;41;41
2026-06-08T08:04:55.0000000Z;96.184;96.412;450;41
2026-06-08T08:05:02.0000000Z;96.182;96.412;41;41
2026-06-08T08:05:04.0000000Z;96.182;96.412;41;3000
2026-06-08T08:05:05.0000000Z;96.182;96.412;41;41
2026-06-08T08:05:06.0000000Z;96.182;96.412;41;41
2026-06-08T08:05:07.0000000Z;96.184;96.412;450;41
2026-06-08T08:05:16.0000000Z;96.18;96.412;41;41
2026-06-08T08:05:17.0000000Z;96.18;96.412;180;41
2026-06-08T08:05:18.0000000Z;96.18;96.412;41;41
2026-06-08T08:05:19.0000000Z;96.18;96.412;41;41
2026-06-08T08:05:20.0000000Z;96.18;96.412;41;41
2026-06-08T08:05:21.0000000Z;96.18;96.412;180;41
2026-06-08T08:05:22.0000000Z;96.18;96.412;180;41
2026-06-08T08:05:23.0000000Z;96.18;96.412;180;41
2026-06-08T08:05:24.0000000Z;96.18;96.412;180;41
2026-06-08T08:05:25.0000000Z;96.18;96.412;41;41
2026-06-08T08:05:26.0000000Z;96.18;96.412;41;41
2026-06-08T08:05:27.0000000Z;96.18;96.412;41;41
2026-06-08T08:05:28.0000000Z;96.18;96.412;180;41
2026-06-08T08:05:29.0000000Z;96.18;96.412;180;41
2026-06-08T08:05:30.0000000Z;96.18;96.412;3000;41
2026-06-08T08:05:31.0000000Z;96.184;96.412;450;41
2026-06-08T08:05:32.0000000Z;96.182;96.412;41;41
2026-06-08T08:05:33.0000000Z;96.182;96.412;41;41
2026-06-08T08:05:34.0000000Z;96.182;96.412;41;41
2026-06-08T08:05:35.0000000Z;96.182;96.412;41;41
2026-06-08T08:05:39.0000000Z;96.184;96.412;450;41
2026-06-08T08:05:40.0000000Z;96.182;96.412;41;41
2026-06-08T08:05:41.0000000Z;96.182;96.41;41;450
2026-06-08T08:05:42.0000000Z;96.182;96.412;41;41
2026-06-08T08:05:43.0000000Z;96.184;96.412;450;41
2026-06-08T08:05:52.0000000Z;96.182;96.41;41;3450
2026-06-08T08:05:54.0000000Z;96.182;96.408;41;41
2026-06-08T08:05:55.0000000Z;96.184;96.406;450;450
2026-06-08T08:05:57.0000000Z;96.182;96.412;41;41
2026-06-08T08:05:59.0000000Z;96.182;96.408;41;3000
2026-06-08T08:06:00.0000000Z;96.182;96.41;41;450
2026-06-08T08:06:04.0000000Z;96.182;96.412;41;41
2026-06-08T08:06:05.0000000Z;96.182;96.41;41;450
2026-06-08T08:06:06.0000000Z;96.182;96.412;41;41
2026-06-08T08:06:07.0000000Z;96.184;96.412;450;41
2026-06-08T08:06:16.0000000Z;96.182;96.412;41;41
2026-06-08T08:06:17.0000000Z;96.182;96.41;41;450
2026-06-08T08:06:18.0000000Z;96.182;96.412;41;41
2026-06-08T08:06:19.0000000Z;96.184;96.412;450;41
2026-06-08T08:06:28.0000000Z;96.182;96.412;41;41
2026-06-08T08:06:29.0000000Z;96.182;96.41;41;450
2026-06-08T08:06:30.0000000Z;96.182;96.412;41;41
2026-06-08T08:06:31.0000000Z;96.184;96.412;450;41
2026-06-08T08:06:40.0000000Z;96.182;96.412;41;41
2026-06-08T08:06:41.0000000Z;96.182;96.41;41;450
2026-06-08T08:06:42.0000000Z;96.182;96.412;3000;41
2026-06-08T08:06:43.0000000Z;96.184;96.412;450;41
2026-06-08T08:06:47.0000000Z;96.182;96.412;41;41
2026-06-08T08:06:49.0000000Z;96.182;96.422;41;41
2026-06-08T08:06:50.0000000Z;96.182;96.412;41;3000
2026-06-08T08:06:51.0000000Z;96.182;96.414;41;41
2026-06-08T08:06:52.0000000Z;96.182;96.422;41;41
2026-06-08T08:06:53.0000000Z;96.182;96.414;41;41
2026-06-08T08:06:54.0000000Z;96.182;96.422;41;41
2026-06-08T08:06:55.0000000Z;96.184;96.422;450;41
2026-06-08T08:06:58.0000000Z;96.182;96.422;41;41
2026-06-08T08:07:04.0000000Z;96.182;96.422;41;41
2026-06-08T08:07:05.0000000Z;96.182;96.42;41;450
2026-06-08T08:07:06.0000000Z;96.182;96.422;41;41
2026-06-08T08:07:07.0000000Z;96.184;96.422;450;41
2026-06-08T08:07:16.0000000Z;96.182;96.422;41;41
2026-06-08T08:07:17.0000000Z;96.182;96.42;41;450
2026-06-08T08:07:19.0000000Z;96.182;96.422;41;41
2026-06-08T08:07:20.0000000Z;96.184;96.422;450;41
2026-06-08T08:07:28.0000000Z;96.182;96.422;41;41
2026-06-08T08:07:29.0000000Z;96.182;96.42;41;450
2026-06-08T08:07:30.0000000Z;96.182;96.422;41;41
2026-06-08T08:07:31.0000000Z;96.184;96.422;450;41
2026-06-08T08:07:40.0000000Z;96.182;96.422;41;41
2026-06-08T08:07:41.0000000Z;96.182;96.42;41;450
2026-06-08T08:07:42.0000000Z;96.182;96.422;41;41
2026-06-08T08:07:43.0000000Z;96.184;96.422;450;41
2026-06-08T08:07:52.0000000Z;96.182;96.422;41;41
2026-06-08T08:07:53.0000000Z;96.182;96.42;41;450
2026-06-08T08:07:54.0000000Z;96.182;96.422;41;41
2026-06-08T08:07:55.0000000Z;96.184;96.422;450;41
2026-06-08T08:08:04.0000000Z;96.182;96.422;41;41
2026-06-08T08:08:05.0000000Z;96.182;96.42;41;450
2026-06-08T08:08:06.0000000Z;96.182;96.422;41;41
2026-06-08T08:08:07.0000000Z;96.184;96.422;450;41
2026-06-08T08:08:16.0000000Z;96.182;96.422;41;41
2026-06-08T08:08:17.0000000Z;96.182;96.42;41;450
2026-06-08T08:08:19.0000000Z;96.186;96.422;41;41
2026-06-08T08:08:20.0000000Z;96.186;96.422;3000;41
2026-06-08T08:08:21.0000000Z;96.186;96.422;3000;41
2026-06-08T08:08:22.0000000Z;96.184;96.422;450;41
2026-06-08T08:08:28.0000000Z;96.182;96.422;41;41
2026-06-08T08:08:29.0000000Z;96.182;96.422;41;41
2026-06-08T08:08:30.0000000Z;96.182;96.422;41;41
2026-06-08T08:08:31.0000000Z;96.184;96.422;450;41
2026-06-08T08:08:39.0000000Z;96.184;96.42;450;450
2026-06-08T08:08:40.0000000Z;96.182;96.42;41;475
2026-06-08T08:08:41.0000000Z;96.182;96.422;41;41
2026-06-08T08:08:42.0000000Z;96.182;96.422;41;41
2026-06-08T08:08:44.0000000Z;96.184;96.422;450;41
2026-06-08T08:08:52.0000000Z;96.182;96.422;41;41
2026-06-08T08:08:53.0000000Z;96.182;96.42;41;450
2026-06-08T08:08:54.0000000Z;96.182;96.422;41;41
2026-06-08T08:08:55.0000000Z;96.184;96.422;450;41
2026-06-08T08:09:02.0000000Z;96.18;96.422;41;41
2026-06-08T08:09:03.0000000Z;96.182;96.422;3450;41
2026-06-08T08:09:04.0000000Z;96.182;96.418;450;41
2026-06-08T08:09:05.0000000Z;96.182;96.416;450;450
2026-06-08T08:09:06.0000000Z;96.18;96.418;41;41
2026-06-08T08:09:07.0000000Z;96.182;96.418;450;41
2026-06-08T08:09:13.0000000Z;96.182;96.416;450;450
2026-06-08T08:09:16.0000000Z;96.18;96.418;41;41
2026-06-08T08:09:17.0000000Z;96.18;96.416;41;450
2026-06-08T08:09:18.0000000Z;96.18;96.418;41;41
2026-06-08T08:09:19.0000000Z;96.182;96.418;450;41
2026-06-08T08:09:28.0000000Z;96.18;96.418;41;41
2026-06-08T08:09:29.0000000Z;96.18;96.416;41;450
2026-06-08T08:09:30.0000000Z;96.18;96.418;41;41
2026-06-08T08:09:31.0000000Z;96.182;96.418;450;41
2026-06-08T08:09:40.0000000Z;96.18;96.418;41;41
2026-06-08T08:09:41.0000000Z;96.18;96.416;180;450
2026-06-08T08:09:42.0000000Z;96.182;96.418;41;41
2026-06-08T08:09:43.0000000Z;96.184;96.418;450;41
2026-06-08T08:09:46.0000000Z;96.182;96.418;41;41
2026-06-08T08:09:48.0000000Z;96.184;96.418;450;41
2026-06-08T08:09:50.0000000Z;96.182;96.414;41;41
2026-06-08T08:09:51.0000000Z;96.182;96.412;41;450
2026-06-08T08:09:52.0000000Z;96.182;96.414;41;41
2026-06-08T08:09:53.0000000Z;96.182;96.412;41;450
2026-06-08T08:09:54.0000000Z;96.182;96.414;41;41
2026-06-08T08:09:55.0000000Z;96.184;96.414;450;41
2026-06-08T08:09:58.0000000Z;96.182;96.416;41;528
2026-06-08T08:09:59.0000000Z;96.182;96.414;41;3450
2026-06-08T08:10:01.0000000Z;96.182;96.498;41;528
2026-06-08T08:10:02.0000000Z;96.182;96.416;41;3000
2026-06-08T08:10:03.0000000Z;96.182;96.418;41;528
2026-06-08T08:10:04.0000000Z;96.182;96.494;41;528
2026-06-08T08:10:05.0000000Z;96.182;96.418;41;528
2026-06-08T08:10:06.0000000Z;96.182;96.494;41;528
2026-06-08T08:10:07.0000000Z;96.184;96.494;450;528
2026-06-08T08:10:09.0000000Z;96.182;96.494;41;528
2026-06-08T08:10:10.0000000Z;96.182;96.494;41;528
2026-06-08T08:10:11.0000000Z;96.182;96.494;41;528
2026-06-08T08:10:12.0000000Z;96.182;96.494;41;528
2026-06-08T08:10:13.0000000Z;96.182;96.494;41;528
2026-06-08T08:10:14.0000000Z;96.182;96.498;41;528
2026-06-08T08:10:15.0000000Z;96.182;96.498;41;528
2026-06-08T08:10:16.0000000Z;96.182;96.494;41;528
2026-06-08T08:10:17.0000000Z;96.182;96.494;41;528
2026-06-08T08:10:18.0000000Z;96.182;96.494;41;528
2026-06-08T08:10:19.0000000Z;96.182;96.494;41;528
2026-06-08T08:10:20.0000000Z;96.182;96.494;41;528
2026-06-08T08:10:21.0000000Z;96.18;96.494;41;528
2026-06-08T08:10:22.0000000Z;96.182;96.494;3450;528
2026-06-08T08:10:25.0000000Z;96.182;96.494;450;528
2026-06-08T08:10:26.0000000Z;96.18;96.498;41;528
2026-06-08T08:10:27.0000000Z;96.182;96.494;450;3000
2026-06-08T08:10:28.0000000Z;96.18;96.466;41;528
2026-06-08T08:10:29.0000000Z;96.18;96.408;41;41
2026-06-08T08:10:30.0000000Z;96.18;96.408;41;41
2026-06-08T08:10:31.0000000Z;96.18;96.408;41;41
2026-06-08T08:10:40.0000000Z;96.18;96.408;41;41
2026-06-08T08:10:41.0000000Z;96.18;96.408;41;41
2026-06-08T08:10:42.0000000Z;96.18;96.408;41;41
2026-06-08T08:10:43.0000000Z;96.18;96.408;41;41
2026-06-08T08:10:44.0000000Z;96.18;96.408;41;41
2026-06-08T08:10:45.0000000Z;96.18;96.408;41;41
2026-06-08T08:10:47.0000000Z;96.18;96.408;41;41
2026-06-08T08:10:48.0000000Z;96.18;96.408;41;41
2026-06-08T08:10:49.0000000Z;96.18;96.408;41;41
2026-06-08T08:10:50.0000000Z;96.18;96.408;41;41
2026-06-08T08:10:51.0000000Z;96.18;96.408;41;41
2026-06-08T08:10:52.0000000Z;96.18;96.408;41;41
2026-06-08T08:10:53.0000000Z;96.18;96.408;41;41
2026-06-08T08:10:54.0000000Z;96.18;96.408;41;41
2026-06-08T08:10:55.0000000Z;96.18;96.408;41;41
2026-06-08T08:10:56.0000000Z;96.18;96.408;41;41
2026-06-08T08:10:57.0000000Z;96.18;96.408;41;41
2026-06-08T08:10:58.0000000Z;96.18;96.416;41;41
2026-06-08T08:10:59.0000000Z;96.18;96.41;41;41
2026-06-08T08:11:04.0000000Z;96.18;96.416;41;41
2026-06-08T08:11:05.0000000Z;96.18;96.41;41;41
2026-06-08T08:11:06.0000000Z;96.18;96.416;41;41
2026-06-08T08:11:07.0000000Z;96.182;96.416;450;41
2026-06-08T08:11:08.0000000Z;96.182;96.414;450;450
2026-06-08T08:11:09.0000000Z;96.18;96.416;41;41
2026-06-08T08:11:15.0000000Z;96.18;96.414;41;450
2026-06-08T08:11:16.0000000Z;96.18;96.416;41;41
2026-06-08T08:11:17.0000000Z;96.18;96.414;41;450
2026-06-08T08:11:18.0000000Z;96.18;96.416;41;41
2026-06-08T08:11:19.0000000Z;96.182;96.416;450;41
2026-06-08T08:11:28.0000000Z;96.18;96.416;41;41
2026-06-08T08:11:29.0000000Z;96.18;96.414;41;450
2026-06-08T08:11:30.0000000Z;96.18;96.416;41;41
2026-06-08T08:11:31.0000000Z;96.182;96.416;450;41
2026-06-08T08:11:40.0000000Z;96.18;96.414;41;475
2026-06-08T08:11:41.0000000Z;96.18;96.416;41;41
2026-06-08T08:11:42.0000000Z;96.18;96.416;41;41
2026-06-08T08:11:43.0000000Z;96.182;96.416;450;41
2026-06-08T08:11:44.0000000Z;96.18;96.416;41;41
2026-06-08T08:11:52.0000000Z;96.18;96.416;41;41
2026-06-08T08:11:53.0000000Z;96.18;96.414;41;450
2026-06-08T08:11:54.0000000Z;96.18;96.416;41;41
2026-06-08T08:11:55.0000000Z;96.182;96.416;450;41
2026-06-08T08:11:57.0000000Z;96.18;96.412;41;41
2026-06-08T08:11:58.0000000Z;96.18;96.41;41;450
2026-06-08T08:12:04.0000000Z;96.18;96.412;41;41
2026-06-08T08:12:05.0000000Z;96.18;96.41;41;450
2026-06-08T08:12:06.0000000Z;96.18;96.412;41;41
2026-06-08T08:12:07.0000000Z;96.182;96.412;450;41
2026-06-08T08:12:08.0000000Z;96.182;96.41;450;450
2026-06-08T08:12:12.0000000Z;96.182;96.41;450;450
2026-06-08T08:12:16.0000000Z;96.18;96.412;41;41
2026-06-08T08:12:17.0000000Z;96.18;96.41;41;450
2026-06-08T08:12:18.0000000Z;96.18;96.412;41;41
2026-06-08T08:12:19.0000000Z;96.182;96.412;450;41
2026-06-08T08:12:28.0000000Z;96.18;96.412;41;41
2026-06-08T08:12:29.0000000Z;96.18;96.41;41;450
2026-06-08T08:12:30.0000000Z;96.18;96.412;41;41
2026-06-08T08:12:32.0000000Z;96.182;96.412;450;41
2026-06-08T08:12:40.0000000Z;96.18;96.412;41;41
2026-06-08T08:12:41.0000000Z;96.18;96.41;41;450
2026-06-08T08:12:42.0000000Z;96.18;96.412;41;41
2026-06-08T08:12:43.0000000Z;96.182;96.412;450;41
2026-06-08T08:12:52.0000000Z;96.18;96.412;41;41
2026-06-08T08:12:53.0000000Z;96.18;96.41;41;450
2026-06-08T08:12:54.0000000Z;96.18;96.412;41;41
2026-06-08T08:12:56.0000000Z;96.182;96.412;450;41
2026-06-08T08:13:04.0000000Z;96.18;96.412;41;41
2026-06-08T08:13:05.0000000Z;96.18;96.41;41;450
2026-06-08T08:13:06.0000000Z;96.18;96.412;41;41
2026-06-08T08:13:07.0000000Z;96.18;96.412;41;41
2026-06-08T08:13:08.0000000Z;96.18;96.412;41;41
2026-06-08T08:13:09.0000000Z;96.18;96.412;41;41
2026-06-08T08:13:10.0000000Z;96.18;96.412;41;41
2026-06-08T08:13:11.0000000Z;96.18;96.412;41;41
2026-06-08T08:13:12.0000000Z;96.18;96.412;41;41
2026-06-08T08:13:13.0000000Z;96.18;96.412;41;41
2026-06-08T08:13:14.0000000Z;96.18;96.412;41;41
2026-06-08T08:13:15.0000000Z;96.18;96.412;41;41
2026-06-08T08:13:16.0000000Z;96.18;96.412;41;41
2026-06-08T08:13:17.0000000Z;96.18;96.412;41;41
2026-06-08T08:13:18.0000000Z;96.18;96.412;41;41
2026-06-08T08:13:19.0000000Z;96.18;96.412;41;41
2026-06-08T08:13:20.0000000Z;96.182;96.412;450;41
2026-06-08T08:13:28.0000000Z;96.18;96.412;41;41
2026-06-08T08:13:29.0000000Z;96.18;96.41;41;450
2026-06-08T08:13:30.0000000Z;96.18;96.412;41;41
2026-06-08T08:13:31.0000000Z;96.182;96.412;450;41
2026-06-08T08:13:40.0000000Z;96.18;96.412;41;41
2026-06-08T08:13:41.0000000Z;96.18;96.41;41;450
2026-06-08T08:13:42.0000000Z;96.18;96.412;41;41
2026-06-08T08:13:43.0000000Z;96.182;96.412;450;41
2026-06-08T08:13:52.0000000Z;96.18;96.412;41;41
2026-06-08T08:13:53.0000000Z;96.18;96.41;41;450
2026-06-08T08:13:54.0000000Z;96.18;96.412;41;41
2026-06-08T08:13:55.0000000Z;96.182;96.412;450;41
2026-06-08T08:14:04.0000000Z;96.18;96.412;41;41
2026-06-08T08:14:05.0000000Z;96.18;96.41;41;450
2026-06-08T08:14:06.0000000Z;96.18;96.412;41;41
2026-06-08T08:14:07.0000000Z;96.182;96.412;450;41
2026-06-08T08:14:16.0000000Z;96.18;96.412;41;41
2026-06-08T08:14:17.0000000Z;96.18;96.41;41;450
2026-06-08T08:14:18.0000000Z;96.18;96.412;41;41
2026-06-08T08:14:19.0000000Z;96.182;96.412;450;41
2026-06-08T08:14:28.0000000Z;96.18;96.412;41;41
2026-06-08T08:14:29.0000000Z;96.18;96.41;41;450
2026-06-08T08:14:30.0000000Z;96.18;96.412;41;41
2026-06-08T08:14:31.0000000Z;96.182;96.412;450;41
2026-06-08T08:14:40.0000000Z;96.18;96.412;41;41
2026-06-08T08:14:41.0000000Z;96.18;96.412;41;41
2026-06-08T08:14:42.0000000Z;96.18;96.412;3000;41
2026-06-08T08:14:43.0000000Z;96.18;96.412;41;41
2026-06-08T08:14:44.0000000Z;96.182;96.412;450;41
2026-06-08T08:14:51.0000000Z;96.182;96.41;450;450
2026-06-08T08:14:52.0000000Z;96.18;96.412;41;41
2026-06-08T08:14:53.0000000Z;96.18;96.41;41;450
2026-06-08T08:14:54.0000000Z;96.18;96.412;41;41
2026-06-08T08:14:55.0000000Z;96.182;96.412;450;41
2026-06-08T08:15:04.0000000Z;96.18;96.412;41;41
2026-06-08T08:15:05.0000000Z;96.18;96.41;41;450
2026-06-08T08:15:06.0000000Z;96.18;96.412;41;41
2026-06-08T08:15:08.0000000Z;96.182;96.412;450;41
2026-06-08T08:15:16.0000000Z;96.18;96.412;41;41
2026-06-08T08:15:17.0000000Z;96.18;96.41;41;450
2026-06-08T08:15:18.0000000Z;96.18;96.412;41;41
2026-06-08T08:15:19.0000000Z;96.182;96.412;450;41
2026-06-08T08:15:28.0000000Z;96.18;96.412;41;41
2026-06-08T08:15:29.0000000Z;96.18;96.41;41;450
2026-06-08T08:15:30.0000000Z;96.18;96.412;41;41
2026-06-08T08:15:31.0000000Z;96.182;96.412;450;41
2026-06-08T08:15:40.0000000Z;96.18;96.412;41;41
2026-06-08T08:15:41.0000000Z;96.18;96.41;41;450
2026-06-08T08:15:42.0000000Z;96.18;96.412;41;41
2026-06-08T08:15:43.0000000Z;96.182;96.412;450;41
2026-06-08T08:15:52.0000000Z;96.18;96.412;41;41
2026-06-08T08:15:53.0000000Z;96.18;96.41;41;450
2026-06-08T08:15:54.0000000Z;96.18;96.412;41;41
2026-06-08T08:15:55.0000000Z;96.182;96.412;450;41
2026-06-08T08:16:04.0000000Z;96.18;96.412;41;41
2026-06-08T08:16:05.0000000Z;96.18;96.41;41;450
2026-06-08T08:16:06.0000000Z;96.18;96.412;41;41
2026-06-08T08:16:07.0000000Z;96.182;96.412;450;41
2026-06-08T08:16:16.0000000Z;96.18;96.412;41;41
2026-06-08T08:16:17.0000000Z;96.18;96.41;41;450
2026-06-08T08:16:18.0000000Z;96.18;96.412;41;41
2026-06-08T08:16:19.0000000Z;96.182;96.412;450;41
2026-06-08T08:16:28.0000000Z;96.18;96.412;41;41
2026-06-08T08:16:29.0000000Z;96.18;96.41;41;450
2026-06-08T08:16:30.0000000Z;96.18;96.412;41;41
2026-06-08T08:16:31.0000000Z;96.182;96.412;450;41
2026-06-08T08:16:40.0000000Z;96.18;96.412;41;41
2026-06-08T08:16:41.0000000Z;96.18;96.41;41;450
2026-06-08T08:16:42.0000000Z;96.184;96.412;41;41
2026-06-08T08:16:43.0000000Z;96.184;96.412;3000;41
2026-06-08T08:16:44.0000000Z;96.18;96.412;3000;41
2026-06-08T08:16:45.0000000Z;96.182;96.412;450;41
2026-06-08T08:16:52.0000000Z;96.18;96.412;41;41
2026-06-08T08:16:53.0000000Z;96.18;96.41;41;450
2026-06-08T08:16:54.0000000Z;96.18;96.412;41;41
2026-06-08T08:16:55.0000000Z;96.182;96.412;450;41
2026-06-08T08:16:56.0000000Z;96.18;96.408;41;41
2026-06-08T08:16:57.0000000Z;96.18;96.406;41;450
2026-06-08T08:17:00.0000000Z;96.18;96.404;41;41
2026-06-08T08:17:01.0000000Z;96.18;96.402;41;450
2026-06-08T08:17:04.0000000Z;96.18;96.404;41;41
2026-06-08T08:17:05.0000000Z;96.18;96.402;41;450
2026-06-08T08:17:06.0000000Z;96.18;96.404;41;41
2026-06-08T08:17:07.0000000Z;96.182;96.404;450;41
2026-06-08T08:17:08.0000000Z;96.182;96.402;450;450
2026-06-08T08:17:16.0000000Z;96.18;96.4;41;41
2026-06-08T08:17:17.0000000Z;96.18;96.404;41;3000
2026-06-08T08:17:18.0000000Z;96.18;96.404;41;3000
2026-06-08T08:17:19.0000000Z;96.18;96.406;41;41
2026-06-08T08:17:20.0000000Z;96.182;96.404;450;3450
2026-06-08T08:17:21.0000000Z;96.18;96.416;41;41
2026-06-08T08:17:22.0000000Z;96.18;96.406;41;41
2026-06-08T08:17:26.0000000Z;96.18;96.414;41;450
2026-06-08T08:17:28.0000000Z;96.18;96.416;41;41
2026-06-08T08:17:29.0000000Z;96.18;96.414;41;450
2026-06-08T08:17:30.0000000Z;96.18;96.416;41;41
2026-06-08T08:17:31.0000000Z;96.182;96.416;450;41
2026-06-08T08:17:40.0000000Z;96.18;96.416;41;41
2026-06-08T08:17:41.0000000Z;96.18;96.414;41;450
2026-06-08T08:17:42.0000000Z;96.182;96.416;475;41
2026-06-08T08:17:43.0000000Z;96.18;96.416;41;41
2026-06-08T08:17:44.0000000Z;96.18;96.416;3000;41
2026-06-08T08:17:45.0000000Z;96.182;96.416;450;41
2026-06-08T08:17:52.0000000Z;96.18;96.416;41;41
2026-06-08T08:17:53.0000000Z;96.18;96.414;41;450
2026-06-08T08:17:54.0000000Z;96.18;96.416;41;41
2026-06-08T08:17:55.0000000Z;96.182;96.416;450;41
2026-06-08T08:18:04.0000000Z;96.18;96.416;41;41
2026-06-08T08:18:05.0000000Z;96.18;96.414;41;450
2026-06-08T08:18:06.0000000Z;96.18;96.416;41;41
2026-06-08T08:18:07.0000000Z;96.182;96.416;450;41
2026-06-08T08:18:16.0000000Z;96.18;96.414;41;475
2026-06-08T08:18:17.0000000Z;96.18;96.416;41;41
2026-06-08T08:18:18.0000000Z;96.18;96.414;41;3450
2026-06-08T08:18:19.0000000Z;96.18;96.416;41;41
2026-06-08T08:18:20.0000000Z;96.182;96.414;450;450
2026-06-08T08:18:28.0000000Z;96.18;96.412;41;41
2026-06-08T08:18:29.0000000Z;96.18;96.41;41;450
2026-06-08T08:18:31.0000000Z;96.18;96.412;41;41
2026-06-08T08:18:32.0000000Z;96.182;96.412;450;41
2026-06-08T08:18:35.0000000Z;96.182;96.41;450;450
2026-06-08T08:18:40.0000000Z;96.18;96.412;41;41
2026-06-08T08:18:41.0000000Z;96.18;96.41;41;450
2026-06-08T08:18:42.0000000Z;96.18;96.412;41;41
2026-06-08T08:18:43.0000000Z;96.182;96.412;450;41
2026-06-08T08:18:51.0000000Z;96.18;96.408;41;41
2026-06-08T08:18:52.0000000Z;96.18;96.404;41;41
2026-06-08T08:18:53.0000000Z;96.18;96.404;41;3000
2026-06-08T08:18:54.0000000Z;96.18;96.408;41;41
2026-06-08T08:18:56.0000000Z;96.182;96.406;450;450
2026-06-08T08:19:00.0000000Z;96.182;96.406;450;450
2026-06-08T08:19:04.0000000Z;96.18;96.408;41;41
2026-06-08T08:19:05.0000000Z;96.18;96.406;41;450
2026-06-08T08:19:06.0000000Z;96.18;96.408;41;41
2026-06-08T08:19:07.0000000Z;96.182;96.408;450;41
2026-06-08T08:19:16.0000000Z;96.18;96.408;41;41
2026-06-08T08:19:17.0000000Z;96.18;96.406;41;450
2026-06-08T08:19:18.0000000Z;96.18;96.408;41;41
2026-06-08T08:19:19.0000000Z;96.182;96.408;450;41
2026-06-08T08:19:28.0000000Z;96.18;96.408;41;41
2026-06-08T08:19:29.0000000Z;96.18;96.406;41;450
2026-06-08T08:19:30.0000000Z;96.18;96.408;41;41
2026-06-08T08:19:31.0000000Z;96.182;96.408;450;41
2026-06-08T08:19:40.0000000Z;96.18;96.408;41;41
2026-06-08T08:19:41.0000000Z;96.18;96.406;41;450
2026-06-08T08:19:42.0000000Z;96.18;96.408;41;41
2026-06-08T08:19:43.0000000Z;96.182;96.408;450;41
2026-06-08T08:19:52.0000000Z;96.18;96.408;41;41
2026-06-08T08:19:53.0000000Z;96.18;96.406;41;450
2026-06-08T08:19:54.0000000Z;96.18;96.408;41;41
2026-06-08T08:19:56.0000000Z;96.182;96.408;450;41
2026-06-08T08:20:04.0000000Z;96.18;96.408;41;41
2026-06-08T08:20:05.0000000Z;96.18;96.406;41;450
2026-06-08T08:20:06.0000000Z;96.18;96.408;41;41
2026-06-08T08:20:07.0000000Z;96.182;96.408;450;41
2026-06-08T08:20:16.0000000Z;96.18;96.408;41;41
2026-06-08T08:20:17.0000000Z;96.18;96.406;41;450
2026-06-08T08:20:18.0000000Z;96.18;96.408;41;41
2026-06-08T08:20:19.0000000Z;96.182;96.408;450;41
2026-06-08T08:20:28.0000000Z;96.18;96.408;41;41
2026-06-08T08:20:29.0000000Z;96.18;96.406;41;450
2026-06-08T08:20:30.0000000Z;96.18;96.408;41;41
2026-06-08T08:20:31.0000000Z;96.182;96.408;450;41
2026-06-08T08:20:40.0000000Z;96.18;96.406;41;3450
2026-06-08T08:20:41.0000000Z;96.18;96.408;41;41
2026-06-08T08:20:42.0000000Z;96.18;96.408;41;41
2026-06-08T08:20:43.0000000Z;96.182;96.408;450;41
2026-06-08T08:20:44.0000000Z;96.182;96.406;450;450
2026-06-08T08:20:51.0000000Z;96.18;96.408;41;41
2026-06-08T08:20:52.0000000Z;96.18;96.408;41;41
2026-06-08T08:20:53.0000000Z;96.18;96.406;41;450
2026-06-08T08:20:54.0000000Z;96.18;96.408;41;41
2026-06-08T08:20:55.0000000Z;96.182;96.408;450;41
2026-06-08T08:20:58.0000000Z;96.18;96.408;180;41
2026-06-08T08:20:59.0000000Z;96.18;96.408;41;41
2026-06-08T08:20:59.0000000Z;96.18;96.408;180;41
2026-06-08T08:21:04.0000000Z;96.18;96.408;180;41
2026-06-08T08:21:05.0000000Z;96.182;96.406;450;450
2026-06-08T08:21:06.0000000Z;96.182;96.408;41;41
2026-06-08T08:21:07.0000000Z;96.182;96.408;3000;41
2026-06-08T08:21:08.0000000Z;96.18;96.408;41;41
2026-06-08T08:21:09.0000000Z;96.182;96.408;3450;41
2026-06-08T08:21:10.0000000Z;96.182;96.408;450;41
2026-06-08T08:21:11.0000000Z;96.18;96.408;41;41
2026-06-08T08:21:12.0000000Z;96.182;96.408;450;41
2026-06-08T08:21:15.0000000Z;96.18;96.408;180;41
2026-06-08T08:21:16.0000000Z;96.18;96.408;180;41
2026-06-08T08:21:17.0000000Z;96.182;96.406;450;450
2026-06-08T08:21:18.0000000Z;96.18;96.408;41;41
2026-06-08T08:21:19.0000000Z;96.182;96.408;450;41
2026-06-08T08:21:28.0000000Z;96.18;96.408;41;41
2026-06-08T08:21:29.0000000Z;96.18;96.406;41;450
2026-06-08T08:21:30.0000000Z;96.18;96.408;41;41
2026-06-08T08:21:31.0000000Z;96.182;96.408;450;41
2026-06-08T08:21:40.0000000Z;96.18;96.408;41;41
2026-06-08T08:21:41.0000000Z;96.18;96.406;41;450
2026-06-08T08:21:43.0000000Z;96.18;96.408;41;41
2026-06-08T08:21:44.0000000Z;96.182;96.408;450;41
2026-06-08T08:21:52.0000000Z;96.18;96.408;41;41
2026-06-08T08:21:53.0000000Z;96.18;96.406;41;450
2026-06-08T08:21:54.0000000Z;96.18;96.408;41;41
2026-06-08T08:21:55.0000000Z;96.182;96.408;450;41
2026-06-08T08:22:04.0000000Z;96.18;96.408;41;41
2026-06-08T08:22:05.0000000Z;96.18;96.406;41;450
2026-06-08T08:22:06.0000000Z;96.18;96.408;41;41
2026-06-08T08:22:08.0000000Z;96.182;96.408;450;41
2026-06-08T08:22:13.0000000Z;96.18;96.404;41;3000
2026-06-08T08:22:14.0000000Z;96.18;96.402;41;450
2026-06-08T08:22:16.0000000Z;96.18;96.404;41;41
2026-06-08T08:22:17.0000000Z;96.18;96.402;41;450
2026-06-08T08:22:18.0000000Z;96.18;96.404;41;41
2026-06-08T08:22:19.0000000Z;96.182;96.404;450;41
2026-06-08T08:22:22.0000000Z;96.182;96.402;450;450
2026-06-08T08:22:23.0000000Z;96.182;96.402;450;450
2026-06-08T08:22:28.0000000Z;96.18;96.404;41;41
2026-06-08T08:22:29.0000000Z;96.18;96.402;41;450
2026-06-08T08:22:30.0000000Z;96.18;96.404;41;41
2026-06-08T08:22:31.0000000Z;96.182;96.404;450;41
2026-06-08T08:22:40.0000000Z;96.18;96.404;41;41
2026-06-08T08:22:41.0000000Z;96.18;96.402;41;450
2026-06-08T08:22:42.0000000Z;96.18;96.404;41;41
2026-06-08T08:22:43.0000000Z;96.182;96.404;450;41
2026-06-08T08:22:52.0000000Z;96.18;96.404;41;41
2026-06-08T08:22:53.0000000Z;96.18;96.402;41;450
2026-06-08T08:22:54.0000000Z;96.18;96.404;3000;3000
2026-06-08T08:22:55.0000000Z;96.182;96.404;450;3000
2026-06-08T08:22:56.0000000Z;96.18;96.49;41;41
2026-06-08T08:22:57.0000000Z;96.18;96.406;41;41
2026-06-08T08:23:03.0000000Z;96.18;96.49;41;41
2026-06-08T08:23:04.0000000Z;96.18;96.486;41;41
2026-06-08T08:23:05.0000000Z;96.18;96.44;41;528
2026-06-08T08:23:06.0000000Z;96.18;96.44;3000;3000
2026-06-08T08:23:07.0000000Z;96.18;96.398;41;3000
2026-06-08T08:23:08.0000000Z;96.182;96.396;450;450
2026-06-08T08:23:16.0000000Z;96.18;96.398;41;41
2026-06-08T08:23:17.0000000Z;96.18;96.396;41;450
2026-06-08T08:23:18.0000000Z;96.18;96.398;3000;41
2026-06-08T08:23:19.0000000Z;96.182;96.408;450;41
2026-06-08T08:23:20.0000000Z;96.182;96.398;450;3000
2026-06-08T08:23:21.0000000Z;96.182;96.406;450;450
2026-06-08T08:23:25.0000000Z;96.18;96.404;41;41
2026-06-08T08:23:26.0000000Z;96.18;96.402;41;450
2026-06-08T08:23:28.0000000Z;96.18;96.404;41;41
2026-06-08T08:23:29.0000000Z;96.18;96.402;41;450
2026-06-08T08:23:30.0000000Z;96.18;96.404;41;41
2026-06-08T08:23:31.0000000Z;96.182;96.404;450;41
2026-06-08T08:23:34.0000000Z;96.182;96.402;450;450
2026-06-08T08:23:40.0000000Z;96.18;96.404;41;41
2026-06-08T08:23:41.0000000Z;96.18;96.402;41;450
2026-06-08T08:23:42.0000000Z;96.18;96.404;41;41
2026-06-08T08:23:44.0000000Z;96.182;96.404;450;41
2026-06-08T08:23:47.0000000Z;96.18;96.396;41;41
2026-06-08T08:23:48.0000000Z;96.18;96.394;41;450
2026-06-08T08:23:52.0000000Z;96.18;96.396;41;41
2026-06-08T08:23:53.0000000Z;96.18;96.394;41;450
2026-06-08T08:23:54.0000000Z;96.18;96.396;41;41
2026-06-08T08:23:55.0000000Z;96.182;96.396;450;41
2026-06-08T08:23:56.0000000Z;96.182;96.394;450;450
2026-06-08T08:23:58.0000000Z;96.182;96.394;450;450
2026-06-08T08:24:04.0000000Z;96.18;96.396;41;41
2026-06-08T08:24:05.0000000Z;96.18;96.394;41;450
2026-06-08T08:24:06.0000000Z;96.18;96.396;41;41
2026-06-08T08:24:08.0000000Z;96.182;96.396;450;41
2026-06-08T08:24:16.0000000Z;96.18;96.396;41;41
2026-06-08T08:24:17.0000000Z;96.18;96.394;41;450
2026-06-08T08:24:18.0000000Z;96.18;96.396;41;41
2026-06-08T08:24:19.0000000Z;96.182;96.396;450;41
2026-06-08T08:24:28.0000000Z;96.18;96.396;41;41
2026-06-08T08:24:29.0000000Z;96.18;96.394;41;450
2026-06-08T08:24:30.0000000Z;96.18;96.396;41;41
2026-06-08T08:24:32.0000000Z;96.182;96.396;450;41
2026-06-08T08:24:40.0000000Z;96.18;96.396;41;41
2026-06-08T08:24:41.0000000Z;96.18;96.394;41;450
2026-06-08T08:24:42.0000000Z;96.18;96.396;3000;41
2026-06-08T08:24:43.0000000Z;96.182;96.396;450;41
2026-06-08T08:24:51.0000000Z;96.18;96.396;41;41
2026-06-08T08:24:52.0000000Z;96.18;96.396;41;41
2026-06-08T08:24:53.0000000Z;96.18;96.394;41;450
2026-06-08T08:24:54.0000000Z;96.18;96.396;41;41
2026-06-08T08:24:55.0000000Z;96.182;96.396;450;41
2026-06-08T08:25:04.0000000Z;96.18;96.396;41;41
2026-06-08T08:25:05.0000000Z;96.18;96.394;41;450
2026-06-08T08:25:06.0000000Z;96.18;96.396;41;41
2026-06-08T08:25:07.0000000Z;96.182;96.396;450;41
2026-06-08T08:25:16.0000000Z;96.18;96.396;41;41
2026-06-08T08:25:17.0000000Z;96.18;96.394;41;450
2026-06-08T08:25:18.0000000Z;96.18;96.396;41;41
2026-06-08T08:25:19.0000000Z;96.182;96.396;450;41
2026-06-08T08:25:28.0000000Z;96.18;96.396;41;41
2026-06-08T08:25:29.0000000Z;96.18;96.394;41;450
2026-06-08T08:25:30.0000000Z;96.18;96.396;41;41
2026-06-08T08:25:31.0000000Z;96.182;96.396;450;41
2026-06-08T08:25:40.0000000Z;96.18;96.396;41;41
2026-06-08T08:25:41.0000000Z;96.18;96.394;41;450
2026-06-08T08:25:42.0000000Z;96.178;96.542;93;41
2026-06-08T08:25:43.0000000Z;96.18;96.396;3450;3000
2026-06-08T08:25:44.0000000Z;96.18;96.486;41;41
2026-06-08T08:25:45.0000000Z;96.18;96.398;41;41
2026-06-08T08:25:49.0000000Z;96.18;96.484;41;450
2026-06-08T08:25:52.0000000Z;96.18;96.406;41;41
2026-06-08T08:25:53.0000000Z;96.18;96.404;41;450
2026-06-08T08:25:54.0000000Z;96.18;96.406;41;41
2026-06-08T08:25:56.0000000Z;96.182;96.406;450;41
2026-06-08T08:26:03.0000000Z;96.182;96.404;450;450
2026-06-08T08:26:04.0000000Z;96.18;96.406;41;41
2026-06-08T08:26:05.0000000Z;96.18;96.404;41;450
2026-06-08T08:26:06.0000000Z;96.18;96.406;41;41
2026-06-08T08:26:07.0000000Z;96.182;96.406;450;41
2026-06-08T08:26:16.0000000Z;96.18;96.406;41;41
2026-06-08T08:26:17.0000000Z;96.18;96.4;41;450
2026-06-08T08:26:18.0000000Z;96.18;96.402;41;41
2026-06-08T08:26:19.0000000Z;96.182;96.402;450;41
2026-06-08T08:26:24.0000000Z;96.182;96.4;450;450
2026-06-08T08:26:27.0000000Z;96.182;96.4;450;450
2026-06-08T08:26:28.0000000Z;96.18;96.402;41;41
2026-06-08T08:26:29.0000000Z;96.18;96.4;41;450
2026-06-08T08:26:30.0000000Z;96.18;96.402;41;41
2026-06-08T08:26:31.0000000Z;96.182;96.402;450;41
2026-06-08T08:26:40.0000000Z;96.18;96.402;41;41
2026-06-08T08:26:41.0000000Z;96.18;96.4;41;450
2026-06-08T08:26:43.0000000Z;96.18;96.402;41;41
2026-06-08T08:26:44.0000000Z;96.182;96.402;450;41
2026-06-08T08:26:52.0000000Z;96.18;96.402;41;41
2026-06-08T08:26:53.0000000Z;96.18;96.4;41;450
2026-06-08T08:26:54.0000000Z;96.18;96.402;41;41
2026-06-08T08:26:56.0000000Z;96.182;96.402;450;41
2026-06-08T08:27:04.0000000Z;96.18;96.402;41;41
2026-06-08T08:27:05.0000000Z;96.18;96.4;41;450
2026-06-08T08:27:07.0000000Z;96.18;96.402;41;41
2026-06-08T08:27:08.0000000Z;96.182;96.402;450;41
2026-06-08T08:27:16.0000000Z;96.18;96.402;41;41
2026-06-08T08:27:17.0000000Z;96.18;96.4;41;450
2026-06-08T08:27:18.0000000Z;96.18;96.402;41;41
2026-06-08T08:27:19.0000000Z;96.182;96.402;450;41
2026-06-08T08:27:28.0000000Z;96.18;96.402;41;41
2026-06-08T08:27:29.0000000Z;96.18;96.4;41;450
2026-06-08T08:27:30.0000000Z;96.18;96.402;41;41
2026-06-08T08:27:31.0000000Z;96.182;96.402;450;41
2026-06-08T08:27:40.0000000Z;96.18;96.402;41;41
2026-06-08T08:27:41.0000000Z;96.18;96.4;41;450
2026-06-08T08:27:42.0000000Z;96.18;96.402;41;41
2026-06-08T08:27:43.0000000Z;96.182;96.402;450;41
2026-06-08T08:27:52.0000000Z;96.18;96.402;41;41
2026-06-08T08:27:53.0000000Z;96.18;96.4;41;450
2026-06-08T08:27:54.0000000Z;96.18;96.402;41;41
2026-06-08T08:27:56.0000000Z;96.182;96.402;450;41
2026-06-08T08:28:04.0000000Z;96.18;96.402;41;41
2026-06-08T08:28:05.0000000Z;96.18;96.4;41;450
2026-06-08T08:28:06.0000000Z;96.18;96.402;41;41
2026-06-08T08:28:07.0000000Z;96.182;96.402;450;41
2026-06-08T08:28:16.0000000Z;96.18;96.402;41;41
2026-06-08T08:28:17.0000000Z;96.18;96.392;41;450
2026-06-08T08:28:18.0000000Z;96.18;96.394;41;41
2026-06-08T08:28:20.0000000Z;96.182;96.394;450;41
2026-06-08T08:28:21.0000000Z;96.182;96.392;450;450
2026-06-08T08:28:27.0000000Z;96.182;96.392;450;450
2026-06-08T08:28:28.0000000Z;96.18;96.394;41;41
2026-06-08T08:28:29.0000000Z;96.18;96.392;41;450
2026-06-08T08:28:30.0000000Z;96.18;96.394;41;41
2026-06-08T08:28:31.0000000Z;96.182;96.394;450;41
2026-06-08T08:28:40.0000000Z;96.18;96.394;41;41
2026-06-08T08:28:41.0000000Z;96.18;96.392;41;450
2026-06-08T08:28:42.0000000Z;96.18;96.394;41;41
2026-06-08T08:28:43.0000000Z;96.182;96.394;450;41
2026-06-08T08:28:44.0000000Z;96.18;96.39;41;41
2026-06-08T08:28:46.0000000Z;96.18;96.388;41;450
2026-06-08T08:28:52.0000000Z;96.18;96.39;41;41
2026-06-08T08:28:53.0000000Z;96.18;96.388;41;450
2026-06-08T08:28:54.0000000Z;96.18;96.39;41;41
2026-06-08T08:28:55.0000000Z;96.182;96.39;450;41
2026-06-08T08:29:04.0000000Z;96.18;96.39;41;41
2026-06-08T08:29:05.0000000Z;96.18;96.388;41;450
2026-06-08T08:29:07.0000000Z;96.18;96.39;41;41
2026-06-08T08:29:08.0000000Z;96.182;96.39;450;41
2026-06-08T08:29:16.0000000Z;96.18;96.39;41;41
2026-06-08T08:29:17.0000000Z;96.18;96.388;41;450
2026-06-08T08:29:18.0000000Z;96.18;96.39;41;41
2026-06-08T08:29:19.0000000Z;96.182;96.39;450;41
2026-06-08T08:29:25.0000000Z;96.18;96.39;41;41
2026-06-08T08:29:28.0000000Z;96.18;96.39;41;41
2026-06-08T08:29:29.0000000Z;96.18;96.388;41;450
2026-06-08T08:29:30.0000000Z;96.18;96.39;41;41
2026-06-08T08:29:31.0000000Z;96.182;96.39;450;41
2026-06-08T08:29:40.0000000Z;96.18;96.39;41;41
2026-06-08T08:29:41.0000000Z;96.18;96.388;41;450
2026-06-08T08:29:42.0000000Z;96.18;96.39;41;41
2026-06-08T08:29:43.0000000Z;96.182;96.39;450;41
2026-06-08T08:29:46.0000000Z;96.18;96.406;41;41
2026-06-08T08:29:48.0000000Z;96.18;96.392;41;41
2026-06-08T08:29:51.0000000Z;96.18;96.392;41;41
2026-06-08T08:29:52.0000000Z;96.18;96.402;41;41
2026-06-08T08:29:53.0000000Z;96.18;96.392;41;41
2026-06-08T08:29:54.0000000Z;96.18;96.402;41;41
2026-06-08T08:29:55.0000000Z;96.182;96.402;450;41
2026-06-08T08:30:04.0000000Z;96.18;96.402;41;41
2026-06-08T08:30:05.0000000Z;96.18;96.4;41;450
2026-06-08T08:30:06.0000000Z;96.18;96.402;41;41
2026-06-08T08:30:08.0000000Z;96.182;96.402;450;41
2026-06-08T08:30:16.0000000Z;96.18;96.402;41;41
2026-06-08T08:30:18.0000000Z;96.18;96.402;41;41
2026-06-08T08:30:19.0000000Z;96.182;96.402;450;41
2026-06-08T08:30:28.0000000Z;96.18;96.402;41;41
2026-06-08T08:30:29.0000000Z;96.18;96.4;41;450
2026-06-08T08:30:30.0000000Z;96.18;96.402;41;41
2026-06-08T08:30:31.0000000Z;96.182;96.402;450;41
2026-06-08T08:30:40.0000000Z;96.18;96.402;41;41
2026-06-08T08:30:41.0000000Z;96.18;96.4;41;450
2026-06-08T08:30:42.0000000Z;96.18;96.402;41;41
2026-06-08T08:30:43.0000000Z;96.182;96.402;450;41
2026-06-08T08:30:50.0000000Z;96.18;96.402;180;41
2026-06-08T08:30:51.0000000Z;96.18;96.402;180;41
2026-06-08T08:30:52.0000000Z;96.18;96.402;180;41
2026-06-08T08:30:53.0000000Z;96.18;96.4;180;450
2026-06-08T08:30:54.0000000Z;96.182;96.402;41;41
2026-06-08T08:30:55.0000000Z;96.184;96.402;450;41
2026-06-08T08:30:56.0000000Z;96.182;96.402;41;41
2026-06-08T08:30:58.0000000Z;96.182;96.402;41;41
2026-06-08T08:31:00.0000000Z;96.18;96.402;41;41
2026-06-08T08:31:01.0000000Z;96.182;96.402;3450;41
2026-06-08T08:31:02.0000000Z;96.182;96.402;450;41
2026-06-08T08:31:04.0000000Z;96.18;96.402;41;41
2026-06-08T08:31:05.0000000Z;96.18;96.4;41;450
2026-06-08T08:31:06.0000000Z;96.18;96.402;41;41
2026-06-08T08:31:07.0000000Z;96.182;96.402;450;41
2026-06-08T08:31:16.0000000Z;96.18;96.402;41;41
2026-06-08T08:31:17.0000000Z;96.18;96.4;41;450
2026-06-08T08:31:19.0000000Z;96.18;96.402;41;41
2026-06-08T08:31:20.0000000Z;96.182;96.402;450;41
2026-06-08T08:31:28.0000000Z;96.18;96.402;41;41
2026-06-08T08:31:29.0000000Z;96.18;96.4;41;450
2026-06-08T08:31:30.0000000Z;96.18;96.402;41;41
2026-06-08T08:31:32.0000000Z;96.182;96.402;450;41
2026-06-08T08:31:40.0000000Z;96.18;96.402;41;41
2026-06-08T08:31:41.0000000Z;96.18;96.4;41;450
2026-06-08T08:31:42.0000000Z;96.18;96.402;41;41
2026-06-08T08:31:44.0000000Z;96.178;96.468;93;528
2026-06-08T08:31:45.0000000Z;96.18;96.402;3450;3000
2026-06-08T08:31:46.0000000Z;96.18;96.406;41;41
2026-06-08T08:31:47.0000000Z;96.18;96.406;41;41
2026-06-08T08:31:48.0000000Z;96.18;96.406;41;41
2026-06-08T08:31:49.0000000Z;96.18;96.402;41;41
2026-06-08T08:31:50.0000000Z;96.18;96.4;41;450
2026-06-08T08:31:52.0000000Z;96.18;96.402;41;41
2026-06-08T08:31:53.0000000Z;96.18;96.4;41;450
2026-06-08T08:31:54.0000000Z;96.18;96.402;41;41
2026-06-08T08:31:56.0000000Z;96.182;96.402;450;41
2026-06-08T08:32:00.0000000Z;96.18;96.402;41;41
2026-06-08T08:32:04.0000000Z;96.18;96.402;41;41
2026-06-08T08:32:05.0000000Z;96.18;96.4;41;450
2026-06-08T08:32:06.0000000Z;96.18;96.402;41;41
2026-06-08T08:32:07.0000000Z;96.182;96.402;450;41
2026-06-08T08:32:10.0000000Z;96.18;96.402;41;41
2026-06-08T08:32:11.0000000Z;96.18;96.402;180;41
2026-06-08T08:32:13.0000000Z;96.18;96.402;180;41
2026-06-08T08:32:15.0000000Z;96.182;96.4;450;450
2026-06-08T08:32:16.0000000Z;96.18;96.402;41;41
2026-06-08T08:32:17.0000000Z;96.18;96.4;41;450
2026-06-08T08:32:18.0000000Z;96.18;96.402;41;41
2026-06-08T08:32:19.0000000Z;96.182;96.402;450;41
2026-06-08T08:32:25.0000000Z;96.18;96.402;41;41
2026-06-08T08:32:27.0000000Z;96.182;96.402;450;41
2026-06-08T08:32:28.0000000Z;96.18;96.402;41;41
2026-06-08T08:32:29.0000000Z;96.18;96.4;41;450
2026-06-08T08:32:30.0000000Z;96.18;96.402;41;41
2026-06-08T08:32:31.0000000Z;96.182;96.402;450;41
2026-06-08T08:32:40.0000000Z;96.18;96.402;41;41
2026-06-08T08:32:41.0000000Z;96.18;96.4;41;450
2026-06-08T08:32:42.0000000Z;96.18;96.402;41;41
2026-06-08T08:32:43.0000000Z;96.182;96.402;450;41
2026-06-08T08:32:52.0000000Z;96.18;96.402;41;41
2026-06-08T08:32:53.0000000Z;96.18;96.4;41;450
2026-06-08T08:32:54.0000000Z;96.18;96.402;41;41
2026-06-08T08:32:55.0000000Z;96.182;96.402;450;41
2026-06-08T08:33:04.0000000Z;96.18;96.402;41;41
2026-06-08T08:33:05.0000000Z;96.18;96.4;41;450
2026-06-08T08:33:06.0000000Z;96.18;96.402;41;41
2026-06-08T08:33:07.0000000Z;96.182;96.402;450;41
2026-06-08T08:33:16.0000000Z;96.18;96.402;41;41
2026-06-08T08:33:17.0000000Z;96.18;96.4;41;450
2026-06-08T08:33:18.0000000Z;96.18;96.402;41;41
2026-06-08T08:33:19.0000000Z;96.182;96.402;450;41
2026-06-08T08:33:22.0000000Z;96.18;96.402;41;41
2026-06-08T08:33:24.0000000Z;96.18;96.402;41;41
2026-06-08T08:33:26.0000000Z;96.18;96.402;180;41
2026-06-08T08:33:27.0000000Z;96.18;96.402;180;41
2026-06-08T08:33:28.0000000Z;96.18;96.402;180;41
2026-06-08T08:33:29.0000000Z;96.18;96.4;180;450
2026-06-08T08:33:30.0000000Z;96.182;96.402;475;41
2026-06-08T08:33:31.0000000Z;96.182;96.402;41;41
2026-06-08T08:33:32.0000000Z;96.182;96.402;41;41
2026-06-08T08:33:33.0000000Z;96.184;96.402;450;41
2026-06-08T08:33:34.0000000Z;96.182;96.402;41;41
2026-06-08T08:33:40.0000000Z;96.182;96.402;41;41
2026-06-08T08:33:41.0000000Z;96.182;96.4;41;450
2026-06-08T08:33:42.0000000Z;96.182;96.402;41;41
2026-06-08T08:33:43.0000000Z;96.184;96.402;450;41
2026-06-08T08:33:52.0000000Z;96.182;96.402;41;41
2026-06-08T08:33:53.0000000Z;96.182;96.4;41;450
2026-06-08T08:33:54.0000000Z;96.182;96.402;41;41
2026-06-08T08:33:55.0000000Z;96.184;96.402;450;41
2026-06-08T08:34:04.0000000Z;96.182;96.402;41;41
2026-06-08T08:34:05.0000000Z;96.182;96.4;41;450
2026-06-08T08:34:07.0000000Z;96.182;96.402;41;41
2026-06-08T08:34:08.0000000Z;96.184;96.402;450;41
2026-06-08T08:34:16.0000000Z;96.182;96.402;41;41
2026-06-08T08:34:17.0000000Z;96.182;96.4;41;450
2026-06-08T08:34:18.0000000Z;96.182;96.402;41;41
2026-06-08T08:34:19.0000000Z;96.184;96.402;450;41
2026-06-08T08:34:28.0000000Z;96.182;96.402;41;41
2026-06-08T08:34:29.0000000Z;96.182;96.4;41;450
2026-06-08T08:34:30.0000000Z;96.188;96.402;41;41
2026-06-08T08:34:31.0000000Z;96.19;96.402;450;41
2026-06-08T08:34:35.0000000Z;96.182;96.402;41;41
2026-06-08T08:34:36.0000000Z;96.188;96.402;3000;41
2026-06-08T08:34:38.0000000Z;96.184;96.402;450;41
2026-06-08T08:34:40.0000000Z;96.182;96.402;41;41
2026-06-08T08:34:41.0000000Z;96.182;96.4;41;450
2026-06-08T08:34:42.0000000Z;96.188;96.402;41;41
2026-06-08T08:34:43.0000000Z;96.19;96.402;450;41
2026-06-08T08:34:46.0000000Z;96.188;96.412;41;41
2026-06-08T08:34:47.0000000Z;96.182;96.412;41;41
2026-06-08T08:34:48.0000000Z;96.188;96.412;3000;41
2026-06-08T08:34:50.0000000Z;96.184;96.41;450;450
2026-06-08T08:34:52.0000000Z;96.182;96.412;41;41
2026-06-08T08:34:53.0000000Z;96.182;96.41;41;450
2026-06-08T08:34:54.0000000Z;96.188;96.412;41;41
2026-06-08T08:34:55.0000000Z;96.19;96.412;450;41
2026-06-08T08:34:59.0000000Z;96.188;96.412;3000;41
2026-06-08T08:34:59.0000000Z;96.182;96.412;41;41
2026-06-08T08:35:00.0000000Z;96.188;96.412;3000;41
2026-06-08T08:35:02.0000000Z;96.184;96.412;450;41
2026-06-08T08:35:04.0000000Z;96.182;96.412;41;41
2026-06-08T08:35:05.0000000Z;96.182;96.41;41;450
2026-06-08T08:35:06.0000000Z;96.188;96.412;41;41
2026-06-08T08:35:07.0000000Z;96.19;96.412;450;41
2026-06-08T08:35:11.0000000Z;96.182;96.412;41;41
2026-06-08T08:35:12.0000000Z;96.188;96.412;3000;41
2026-06-08T08:35:14.0000000Z;96.182;96.412;41;41
2026-06-08T08:35:16.0000000Z;96.182;96.412;41;41
2026-06-08T08:35:17.0000000Z;96.182;96.41;41;450
2026-06-08T08:35:18.0000000Z;96.186;96.412;753;41
2026-06-08T08:35:19.0000000Z;96.188;96.412;41;41
2026-06-08T08:35:20.0000000Z;96.188;96.412;3450;41
2026-06-08T08:35:23.0000000Z;96.182;96.412;41;41
2026-06-08T08:35:24.0000000Z;96.188;96.412;3000;41
2026-06-08T08:35:26.0000000Z;96.184;96.412;450;41
2026-06-08T08:35:28.0000000Z;96.182;96.412;41;41
2026-06-08T08:35:29.0000000Z;96.182;96.41;41;450
2026-06-08T08:35:30.0000000Z;96.188;96.412;41;41
2026-06-08T08:35:31.0000000Z;96.188;96.412;3000;41
2026-06-08T08:35:32.0000000Z;96.19;96.412;450;41
2026-06-08T08:35:35.0000000Z;96.182;96.412;41;41
2026-06-08T08:35:37.0000000Z;96.188;96.412;3000;41
2026-06-08T08:35:38.0000000Z;96.184;96.412;450;41
2026-06-08T08:35:40.0000000Z;96.182;96.412;41;41
2026-06-08T08:35:41.0000000Z;96.182;96.41;41;450
2026-06-08T08:35:42.0000000Z;96.188;96.412;41;41
2026-06-08T08:35:43.0000000Z;96.188;96.412;3000;41
2026-06-08T08:35:44.0000000Z;96.19;96.412;450;41
2026-06-08T08:35:47.0000000Z;96.182;96.412;41;41
2026-06-08T08:35:48.0000000Z;96.188;96.412;3000;41
2026-06-08T08:35:52.0000000Z;96.182;96.412;41;41
2026-06-08T08:35:53.0000000Z;96.182;96.41;41;450
2026-06-08T08:35:55.0000000Z;96.188;96.412;41;41
2026-06-08T08:35:56.0000000Z;96.19;96.412;450;41
2026-06-08T08:36:00.0000000Z;96.182;96.412;41;41
2026-06-08T08:36:01.0000000Z;96.188;96.412;3000;41
2026-06-08T08:36:02.0000000Z;96.184;96.412;450;41
2026-06-08T08:36:04.0000000Z;96.182;96.412;41;41
2026-06-08T08:36:05.0000000Z;96.182;96.41;41;450
2026-06-08T08:36:06.0000000Z;96.188;96.412;41;41
2026-06-08T08:36:07.0000000Z;96.188;96.412;3000;41
2026-06-08T08:36:08.0000000Z;96.19;96.412;450;41
2026-06-08T08:36:11.0000000Z;96.182;96.412;41;41
2026-06-08T08:36:12.0000000Z;96.188;96.412;3000;41
2026-06-08T08:36:14.0000000Z;96.184;96.412;450;41
2026-06-08T08:36:16.0000000Z;96.182;96.412;41;41
2026-06-08T08:36:17.0000000Z;96.182;96.41;41;450
2026-06-08T08:36:18.0000000Z;96.188;96.412;41;41
2026-06-08T08:36:19.0000000Z;96.19;96.412;450;41
2026-06-08T08:36:23.0000000Z;96.182;96.412;41;41
2026-06-08T08:36:24.0000000Z;96.188;96.412;3000;41
2026-06-08T08:36:26.0000000Z;96.184;96.412;450;41
2026-06-08T08:36:28.0000000Z;96.182;96.412;41;41
2026-06-08T08:36:29.0000000Z;96.182;96.41;41;450
2026-06-08T08:36:30.0000000Z;96.188;96.412;41;41
2026-06-08T08:36:31.0000000Z;96.19;96.412;450;41
2026-06-08T08:36:35.0000000Z;96.182;96.412;41;41
2026-06-08T08:36:37.0000000Z;96.188;96.412;3000;41
2026-06-08T08:36:38.0000000Z;96.184;96.412;450;41
2026-06-08T08:36:40.0000000Z;96.182;96.412;41;41
2026-06-08T08:36:41.0000000Z;96.182;96.41;41;450
2026-06-08T08:36:42.0000000Z;96.188;96.412;41;41
2026-06-08T08:36:43.0000000Z;96.19;96.412;450;41
2026-06-08T08:36:47.0000000Z;96.182;96.412;41;41
2026-06-08T08:36:48.0000000Z;96.188;96.412;3000;41
2026-06-08T08:36:50.0000000Z;96.184;96.412;450;41
2026-06-08T08:36:52.0000000Z;96.182;96.412;41;41
2026-06-08T08:36:53.0000000Z;96.182;96.41;41;450
2026-06-08T08:36:54.0000000Z;96.188;96.412;41;41
2026-06-08T08:36:55.0000000Z;96.19;96.412;450;41
2026-06-08T08:36:59.0000000Z;96.188;96.412;3000;41
2026-06-08T08:36:59.0000000Z;96.182;96.412;41;41
2026-06-08T08:37:00.0000000Z;96.188;96.412;3000;41
2026-06-08T08:37:02.0000000Z;96.184;96.412;450;41
2026-06-08T08:37:04.0000000Z;96.182;96.412;41;41
2026-06-08T08:37:05.0000000Z;96.182;96.41;41;450
2026-06-08T08:37:06.0000000Z;96.188;96.412;41;41
2026-06-08T08:37:07.0000000Z;96.19;96.412;450;41
2026-06-08T08:37:11.0000000Z;96.182;96.412;41;41
2026-06-08T08:37:12.0000000Z;96.182;96.412;3000;41
2026-06-08T08:37:13.0000000Z;96.184;96.412;450;41
2026-06-08T08:37:16.0000000Z;96.182;96.412;41;41
2026-06-08T08:37:17.0000000Z;96.182;96.41;41;450
2026-06-08T08:37:18.0000000Z;96.188;96.412;41;41
2026-06-08T08:37:19.0000000Z;96.19;96.412;450;41
2026-06-08T08:37:23.0000000Z;96.182;96.412;41;41
2026-06-08T08:37:24.0000000Z;96.184;96.412;450;41
2026-06-08T08:37:28.0000000Z;96.182;96.412;41;41
2026-06-08T08:37:29.0000000Z;96.182;96.41;41;450
2026-06-08T08:37:30.0000000Z;96.188;96.412;41;41
2026-06-08T08:37:31.0000000Z;96.19;96.412;450;41
2026-06-08T08:37:35.0000000Z;96.182;96.412;41;41
2026-06-08T08:37:36.0000000Z;96.182;96.412;3000;41
2026-06-08T08:37:37.0000000Z;96.184;96.412;450;41
2026-06-08T08:37:40.0000000Z;96.182;96.412;41;41
2026-06-08T08:37:41.0000000Z;96.182;96.41;41;450
2026-06-08T08:37:42.0000000Z;96.188;96.412;41;41
2026-06-08T08:37:43.0000000Z;96.19;96.412;450;41
2026-06-08T08:37:45.0000000Z;96.188;96.404;41;41
2026-06-08T08:37:46.0000000Z;96.19;96.404;450;3000
2026-06-08T08:37:47.0000000Z;96.182;96.404;41;41
2026-06-08T08:37:48.0000000Z;96.188;96.404;3000;41
2026-06-08T08:37:50.0000000Z;96.186;96.404;41;41
2026-06-08T08:37:51.0000000Z;96.184;96.404;450;41
2026-06-08T08:37:52.0000000Z;96.182;96.404;41;41
2026-06-08T08:37:53.0000000Z;96.182;96.402;41;450
2026-06-08T08:37:54.0000000Z;96.188;96.404;41;41
2026-06-08T08:37:55.0000000Z;96.19;96.404;450;41
2026-06-08T08:37:56.0000000Z;96.19;96.402;450;450
2026-06-08T08:37:59.0000000Z;96.188;96.404;3000;41
2026-06-08T08:37:59.0000000Z;96.182;96.404;41;41
2026-06-08T08:38:00.0000000Z;96.188;96.404;3000;41
2026-06-08T08:38:02.0000000Z;96.186;96.404;41;41
2026-06-08T08:38:03.0000000Z;96.184;96.404;450;41
2026-06-08T08:38:04.0000000Z;96.182;96.404;41;41
2026-06-08T08:38:05.0000000Z;96.182;96.402;41;450
2026-06-08T08:38:07.0000000Z;96.188;96.404;41;41
2026-06-08T08:38:08.0000000Z;96.19;96.404;450;41
2026-06-08T08:38:12.0000000Z;96.182;96.404;41;41
2026-06-08T08:38:13.0000000Z;96.188;96.404;3000;41
2026-06-08T08:38:15.0000000Z;96.184;96.404;450;41
2026-06-08T08:38:16.0000000Z;96.182;96.404;41;41
2026-06-08T08:38:17.0000000Z;96.182;96.402;41;450
2026-06-08T08:38:18.0000000Z;96.188;96.404;41;41
2026-06-08T08:38:19.0000000Z;96.188;96.404;3000;41
2026-06-08T08:38:20.0000000Z;96.19;96.404;450;41
2026-06-08T08:38:23.0000000Z;96.182;96.404;41;41
2026-06-08T08:38:24.0000000Z;96.188;96.404;3000;41
2026-06-08T08:38:27.0000000Z;96.184;96.404;450;41
2026-06-08T08:38:28.0000000Z;96.182;96.404;41;41
2026-06-08T08:38:29.0000000Z;96.182;96.402;41;450
2026-06-08T08:38:30.0000000Z;96.188;96.404;41;41
2026-06-08T08:38:31.0000000Z;96.19;96.404;450;41
2026-06-08T08:38:35.0000000Z;96.182;96.404;41;41
2026-06-08T08:38:36.0000000Z;96.188;96.404;3000;41
2026-06-08T08:38:39.0000000Z;96.184;96.404;450;41
2026-06-08T08:38:40.0000000Z;96.182;96.404;41;41
2026-06-08T08:38:41.0000000Z;96.182;96.402;41;450
2026-06-08T08:38:42.0000000Z;96.188;96.404;41;41
2026-06-08T08:38:43.0000000Z;96.188;96.404;3000;41
2026-06-08T08:38:44.0000000Z;96.19;96.404;450;41
2026-06-08T08:38:47.0000000Z;96.182;96.404;41;41
2026-06-08T08:38:48.0000000Z;96.188;96.404;3000;41
2026-06-08T08:38:51.0000000Z;96.184;96.404;450;41
2026-06-08T08:38:52.0000000Z;96.182;96.404;41;41
2026-06-08T08:38:53.0000000Z;96.182;96.402;41;450
2026-06-08T08:38:54.0000000Z;96.188;96.404;41;41
2026-06-08T08:38:55.0000000Z;96.19;96.404;450;41
2026-06-08T08:38:59.0000000Z;96.188;96.404;3000;41
2026-06-08T08:38:59.0000000Z;96.182;96.404;41;41
2026-06-08T08:39:01.0000000Z;96.188;96.404;3000;41
2026-06-08T08:39:03.0000000Z;96.184;96.404;450;41
2026-06-08T08:39:04.0000000Z;96.182;96.404;41;41
2026-06-08T08:39:05.0000000Z;96.182;96.402;41;450
2026-06-08T08:39:06.0000000Z;96.184;96.404;475;41
2026-06-08T08:39:07.0000000Z;96.188;96.404;41;41
2026-06-08T08:39:08.0000000Z;96.19;96.404;450;41
2026-06-08T08:39:12.0000000Z;96.182;96.404;41;41
2026-06-08T08:39:13.0000000Z;96.188;96.404;3000;41
2026-06-08T08:39:15.0000000Z;96.184;96.404;450;41
2026-06-08T08:39:16.0000000Z;96.182;96.404;41;41
2026-06-08T08:39:17.0000000Z;96.182;96.402;41;450
2026-06-08T08:39:18.0000000Z;96.188;96.404;41;41
2026-06-08T08:39:19.0000000Z;96.188;96.404;3000;41
2026-06-08T08:39:20.0000000Z;96.19;96.404;450;41
2026-06-08T08:39:23.0000000Z;96.182;96.404;41;41
2026-06-08T08:39:25.0000000Z;96.184;96.404;450;41
2026-06-08T08:39:28.0000000Z;96.182;96.404;41;41
2026-06-08T08:39:29.0000000Z;96.182;96.402;41;450
2026-06-08T08:39:30.0000000Z;96.182;96.404;41;41
2026-06-08T08:39:32.0000000Z;96.184;96.404;450;41
2026-06-08T08:39:40.0000000Z;96.182;96.404;41;41
2026-06-08T08:39:41.0000000Z;96.182;96.402;41;450
2026-06-08T08:39:43.0000000Z;96.188;96.404;41;41
2026-06-08T08:39:44.0000000Z;96.19;96.404;450;41
2026-06-08T08:39:47.0000000Z;96.19;96.404;450;41
2026-06-08T08:39:48.0000000Z;96.182;96.404;41;41
2026-06-08T08:39:49.0000000Z;96.182;96.4;41;41
2026-06-08T08:39:50.0000000Z;96.186;96.398;41;450
2026-06-08T08:39:52.0000000Z;96.182;96.4;41;41
2026-06-08T08:39:53.0000000Z;96.182;96.398;41;450
2026-06-08T08:39:54.0000000Z;96.182;96.4;41;41
2026-06-08T08:39:55.0000000Z;96.184;96.4;450;41
2026-06-08T08:40:04.0000000Z;96.182;96.4;41;41
2026-06-08T08:40:05.0000000Z;96.182;96.398;41;450
2026-06-08T08:40:06.0000000Z;96.182;96.4;41;41
2026-06-08T08:40:07.0000000Z;96.184;96.4;450;41
2026-06-08T08:40:16.0000000Z;96.182;96.4;41;41
2026-06-08T08:40:17.0000000Z;96.182;96.398;41;450
2026-06-08T08:40:18.0000000Z;96.182;96.4;41;41
2026-06-08T08:40:19.0000000Z;96.184;96.4;450;41
2026-06-08T08:40:28.0000000Z;96.182;96.4;41;41
2026-06-08T08:40:29.0000000Z;96.182;96.398;41;450
2026-06-08T08:40:30.0000000Z;96.182;96.4;41;41
2026-06-08T08:40:31.0000000Z;96.184;96.4;450;41
2026-06-08T08:40:40.0000000Z;96.182;96.4;41;41
2026-06-08T08:40:41.0000000Z;96.182;96.398;41;450
2026-06-08T08:40:42.0000000Z;96.182;96.4;41;41
2026-06-08T08:40:44.0000000Z;96.184;96.4;450;41
2026-06-08T08:40:48.0000000Z;96.182;96.4;41;3000
2026-06-08T08:40:49.0000000Z;96.182;96.4;41;3000
2026-06-08T08:40:50.0000000Z;96.178;96.466;93;528
2026-06-08T08:40:51.0000000Z;96.18;96.402;41;41
2026-06-08T08:40:52.0000000Z;96.18;96.392;491;41
2026-06-08T08:40:53.0000000Z;96.18;96.39;450;450
2026-06-08T08:40:54.0000000Z;96.18;96.392;41;41
2026-06-08T08:40:55.0000000Z;96.18;96.392;41;41
2026-06-08T08:40:59.0000000Z;96.18;96.392;41;41
2026-06-08T08:41:04.0000000Z;96.18;96.392;41;41
2026-06-08T08:41:05.0000000Z;96.18;96.39;41;450
2026-06-08T08:41:06.0000000Z;96.18;96.392;3000;41
2026-06-08T08:41:07.0000000Z;96.182;96.388;450;3000
2026-06-08T08:41:08.0000000Z;96.182;96.386;450;450
2026-06-08T08:41:09.0000000Z;96.154;96.388;41;41
2026-06-08T08:41:10.0000000Z;96.178;96.388;41;41
2026-06-08T08:41:14.0000000Z;96.154;96.388;41;41
2026-06-08T08:41:16.0000000Z;96.154;96.388;41;41
2026-06-08T08:41:17.0000000Z;96.154;96.386;41;450
2026-06-08T08:41:18.0000000Z;96.16;96.388;41;41
2026-06-08T08:41:19.0000000Z;96.178;96.388;41;41
2026-06-08T08:41:20.0000000Z;96.178;96.386;41;450
2026-06-08T08:41:21.0000000Z;96.162;96.386;450;450
2026-06-08T08:41:23.0000000Z;96.154;96.388;41;41
2026-06-08T08:41:24.0000000Z;96.16;96.388;3000;41
2026-06-08T08:41:27.0000000Z;96.158;96.388;41;41
2026-06-08T08:41:28.0000000Z;96.154;96.388;41;41
2026-06-08T08:41:29.0000000Z;96.154;96.386;41;450
2026-06-08T08:41:30.0000000Z;96.16;96.388;41;41
2026-06-08T08:41:31.0000000Z;96.162;96.388;450;41
2026-06-08T08:41:35.0000000Z;96.154;96.388;41;41
2026-06-08T08:41:36.0000000Z;96.16;96.388;3000;41
2026-06-08T08:41:37.0000000Z;96.158;96.388;41;41
2026-06-08T08:41:40.0000000Z;96.154;96.388;41;41
2026-06-08T08:41:41.0000000Z;96.154;96.386;41;450
2026-06-08T08:41:42.0000000Z;96.16;96.388;41;41
2026-06-08T08:41:43.0000000Z;96.162;96.388;450;41
2026-06-08T08:41:47.0000000Z;96.154;96.388;41;41
2026-06-08T08:41:49.0000000Z;96.16;96.388;3000;41
2026-06-08T08:41:51.0000000Z;96.158;96.388;41;41
2026-06-08T08:41:52.0000000Z;96.154;96.388;41;41
2026-06-08T08:41:53.0000000Z;96.154;96.386;41;450
2026-06-08T08:41:54.0000000Z;96.158;96.388;712;41
2026-06-08T08:41:55.0000000Z;96.16;96.388;41;41
2026-06-08T08:41:56.0000000Z;96.16;96.388;3450;41
2026-06-08T08:41:59.0000000Z;96.16;96.388;3000;41
2026-06-08T08:41:59.0000000Z;96.154;96.388;41;41
2026-06-08T08:42:00.0000000Z;96.16;96.388;3000;41
2026-06-08T08:42:01.0000000Z;96.156;96.388;450;41
2026-06-08T08:42:04.0000000Z;96.154;96.388;41;41
2026-06-08T08:42:05.0000000Z;96.154;96.386;41;450
2026-06-08T08:42:06.0000000Z;96.16;96.388;41;41
2026-06-08T08:42:07.0000000Z;96.162;96.388;450;41
2026-06-08T08:42:11.0000000Z;96.154;96.388;41;41
2026-06-08T08:42:12.0000000Z;96.16;96.388;3000;41
2026-06-08T08:42:13.0000000Z;96.156;96.388;450;41
2026-06-08T08:42:16.0000000Z;96.154;96.388;41;41
2026-06-08T08:42:17.0000000Z;96.154;96.386;41;450
2026-06-08T08:42:18.0000000Z;96.16;96.388;41;41
2026-06-08T08:42:19.0000000Z;96.162;96.388;450;41
2026-06-08T08:42:23.0000000Z;96.154;96.388;41;41
2026-06-08T08:42:25.0000000Z;96.156;96.388;450;41
2026-06-08T08:42:28.0000000Z;96.154;96.388;41;41
2026-06-08T08:42:29.0000000Z;96.154;96.386;41;450
2026-06-08T08:42:30.0000000Z;96.16;96.388;41;41
2026-06-08T08:42:31.0000000Z;96.162;96.388;450;41
2026-06-08T08:42:35.0000000Z;96.154;96.388;41;41
2026-06-08T08:42:36.0000000Z;96.16;96.388;3000;41
2026-06-08T08:42:37.0000000Z;96.156;96.388;450;41
2026-06-08T08:42:40.0000000Z;96.154;96.388;41;41
2026-06-08T08:42:41.0000000Z;96.154;96.386;41;450
2026-06-08T08:42:42.0000000Z;96.16;96.388;41;41
2026-06-08T08:42:43.0000000Z;96.162;96.388;450;41
2026-06-08T08:42:47.0000000Z;96.154;96.388;41;41
2026-06-08T08:42:48.0000000Z;96.16;96.388;3000;41
2026-06-08T08:42:49.0000000Z;96.156;96.388;450;41
2026-06-08T08:42:52.0000000Z;96.154;96.388;41;41
2026-06-08T08:42:53.0000000Z;96.154;96.386;41;450
2026-06-08T08:42:54.0000000Z;96.16;96.388;41;41
2026-06-08T08:42:55.0000000Z;96.162;96.388;450;41
2026-06-08T08:42:59.0000000Z;96.16;96.388;3000;41
2026-06-08T08:42:59.0000000Z;96.154;96.388;41;41
2026-06-08T08:43:00.0000000Z;96.16;96.388;3000;41
2026-06-08T08:43:01.0000000Z;96.158;96.388;41;41
2026-06-08T08:43:04.0000000Z;96.154;96.388;41;41
2026-06-08T08:43:05.0000000Z;96.154;96.386;41;450
2026-06-08T08:43:06.0000000Z;96.154;96.388;41;41
2026-06-08T08:43:07.0000000Z;96.156;96.388;450;41
2026-06-08T08:43:16.0000000Z;96.154;96.388;41;41
2026-06-08T08:43:17.0000000Z;96.154;96.386;41;450
2026-06-08T08:43:18.0000000Z;96.16;96.388;41;41
2026-06-08T08:43:19.0000000Z;96.16;96.388;3000;41
2026-06-08T08:43:20.0000000Z;96.162;96.388;450;41
2026-06-08T08:43:23.0000000Z;96.154;96.388;41;41
2026-06-08T08:43:24.0000000Z;96.16;96.388;3000;41
2026-06-08T08:43:25.0000000Z;96.156;96.388;450;41
2026-06-08T08:43:28.0000000Z;96.154;96.388;41;41
2026-06-08T08:43:29.0000000Z;96.154;96.386;41;450
2026-06-08T08:43:30.0000000Z;96.16;96.388;41;41
2026-06-08T08:43:32.0000000Z;96.162;96.388;450;41
2026-06-08T08:43:35.0000000Z;96.154;96.388;41;41
2026-06-08T08:43:36.0000000Z;96.16;96.388;3000;41
2026-06-08T08:43:37.0000000Z;96.156;96.388;450;41
2026-06-08T08:43:40.0000000Z;96.154;96.388;41;41
2026-06-08T08:43:41.0000000Z;96.154;96.386;41;450
2026-06-08T08:43:42.0000000Z;96.16;96.388;41;41
2026-06-08T08:43:43.0000000Z;96.16;96.388;3000;41
2026-06-08T08:43:44.0000000Z;96.162;96.388;450;41
2026-06-08T08:43:45.0000000Z;96.16;96.404;41;41
2026-06-08T08:43:46.0000000Z;96.16;96.388;41;3000
2026-06-08T08:43:47.0000000Z;96.154;96.404;41;41
2026-06-08T08:43:48.0000000Z;96.16;96.39;3000;41
2026-06-08T08:43:50.0000000Z;96.156;96.402;450;450
2026-06-08T08:43:52.0000000Z;96.154;96.404;41;41
2026-06-08T08:43:53.0000000Z;96.154;96.402;41;450
2026-06-08T08:43:54.0000000Z;96.16;96.404;41;41
2026-06-08T08:43:55.0000000Z;96.16;96.404;3000;41
2026-06-08T08:43:56.0000000Z;96.162;96.402;450;450
2026-06-08T08:43:59.0000000Z;96.16;96.404;3000;41
2026-06-08T08:43:59.0000000Z;96.154;96.404;41;41
2026-06-08T08:44:01.0000000Z;96.16;96.404;3000;41
2026-06-08T08:44:02.0000000Z;96.156;96.404;450;41
2026-06-08T08:44:04.0000000Z;96.154;96.404;41;41
2026-06-08T08:44:05.0000000Z;96.154;96.402;41;450
2026-06-08T08:44:06.0000000Z;96.16;96.404;41;41
2026-06-08T08:44:07.0000000Z;96.162;96.404;450;41
2026-06-08T08:44:11.0000000Z;96.154;96.404;41;41
2026-06-08T08:44:12.0000000Z;96.16;96.404;3000;41
2026-06-08T08:44:14.0000000Z;96.156;96.404;450;41
2026-06-08T08:44:16.0000000Z;96.154;96.404;41;41
2026-06-08T08:44:17.0000000Z;96.154;96.402;41;450
2026-06-08T08:44:19.0000000Z;96.16;96.404;41;41
2026-06-08T08:44:20.0000000Z;96.162;96.404;450;41
2026-06-08T08:44:24.0000000Z;96.154;96.404;41;41
2026-06-08T08:44:25.0000000Z;96.154;96.4;41;41
2026-06-08T08:44:26.0000000Z;96.158;96.398;41;450
2026-06-08T08:44:28.0000000Z;96.154;96.4;41;41
2026-06-08T08:44:29.0000000Z;96.156;96.398;450;450
2026-06-08T08:44:30.0000000Z;96.16;96.4;41;41
2026-06-08T08:44:31.0000000Z;96.162;96.4;450;41
2026-06-08T08:44:35.0000000Z;96.154;96.4;41;41
2026-06-08T08:44:36.0000000Z;96.16;96.398;3000;450
2026-06-08T08:44:38.0000000Z;96.156;96.398;450;450
2026-06-08T08:44:40.0000000Z;96.154;96.4;41;41
2026-06-08T08:44:41.0000000Z;96.154;96.398;41;450
2026-06-08T08:44:42.0000000Z;96.16;96.4;41;41
2026-06-08T08:44:43.0000000Z;96.162;96.4;450;41
2026-06-08T08:44:47.0000000Z;96.154;96.4;41;41
2026-06-08T08:44:48.0000000Z;96.16;96.4;3000;41
2026-06-08T08:44:50.0000000Z;96.156;96.4;450;41
2026-06-08T08:44:52.0000000Z;96.154;96.4;41;41
2026-06-08T08:44:53.0000000Z;96.154;96.398;41;450
2026-06-08T08:44:54.0000000Z;96.16;96.4;41;41
2026-06-08T08:44:55.0000000Z;96.162;96.4;450;41
2026-06-08T08:44:59.0000000Z;96.16;96.4;3000;41
2026-06-08T08:44:59.0000000Z;96.154;96.4;41;41
2026-06-08T08:45:00.0000000Z;96.16;96.4;3000;41
2026-06-08T08:45:02.0000000Z;96.156;96.4;450;41
2026-06-08T08:45:04.0000000Z;96.154;96.4;41;41
2026-06-08T08:45:05.0000000Z;96.154;96.398;41;450
2026-06-08T08:45:06.0000000Z;96.16;96.4;41;41
2026-06-08T08:45:07.0000000Z;96.16;96.4;3000;41
2026-06-08T08:45:08.0000000Z;96.162;96.4;450;41
2026-06-08T08:45:11.0000000Z;96.154;96.4;41;41
2026-06-08T08:45:12.0000000Z;96.16;96.4;3000;41
2026-06-08T08:45:16.0000000Z;96.154;96.4;41;41
2026-06-08T08:45:17.0000000Z;96.154;96.398;41;450
2026-06-08T08:45:18.0000000Z;96.16;96.4;41;41
2026-06-08T08:45:19.0000000Z;96.16;96.4;3000;41
2026-06-08T08:45:20.0000000Z;96.162;96.4;450;41
2026-06-08T08:45:23.0000000Z;96.154;96.4;41;41
2026-06-08T08:45:25.0000000Z;96.16;96.4;3000;41
2026-06-08T08:45:26.0000000Z;96.156;96.4;450;41
2026-06-08T08:45:28.0000000Z;96.154;96.4;41;41
2026-06-08T08:45:29.0000000Z;96.154;96.398;41;450
2026-06-08T08:45:30.0000000Z;96.16;96.4;41;41
2026-06-08T08:45:31.0000000Z;96.162;96.4;450;41
2026-06-08T08:45:35.0000000Z;96.154;96.4;41;41
2026-06-08T08:45:36.0000000Z;96.16;96.4;3000;41
2026-06-08T08:45:38.0000000Z;96.156;96.4;450;41
2026-06-08T08:45:40.0000000Z;96.154;96.4;41;41
2026-06-08T08:45:41.0000000Z;96.154;96.398;41;450
2026-06-08T08:45:42.0000000Z;96.16;96.4;41;41
2026-06-08T08:45:43.0000000Z;96.16;96.4;3000;41
2026-06-08T08:45:44.0000000Z;96.162;96.4;450;41
2026-06-08T08:45:47.0000000Z;96.154;96.4;41;41
2026-06-08T08:45:49.0000000Z;96.16;96.4;3000;41
2026-06-08T08:45:50.0000000Z;96.156;96.4;450;41
2026-06-08T08:45:52.0000000Z;96.154;96.4;41;41
2026-06-08T08:45:53.0000000Z;96.154;96.398;41;450
2026-06-08T08:45:54.0000000Z;96.16;96.4;41;41
2026-06-08T08:45:55.0000000Z;96.162;96.4;450;41
2026-06-08T08:45:59.0000000Z;96.16;96.4;3000;41
2026-06-08T08:45:59.0000000Z;96.154;96.4;41;41
2026-06-08T08:46:00.0000000Z;96.16;96.4;3000;41
2026-06-08T08:46:02.0000000Z;96.156;96.4;450;41
2026-06-08T08:46:04.0000000Z;96.154;96.4;41;41
2026-06-08T08:46:05.0000000Z;96.154;96.398;41;450
2026-06-08T08:46:06.0000000Z;96.16;96.4;41;41
2026-06-08T08:46:07.0000000Z;96.16;96.4;3000;41
2026-06-08T08:46:08.0000000Z;96.162;96.4;450;41
2026-06-08T08:46:11.0000000Z;96.154;96.4;41;41
2026-06-08T08:46:12.0000000Z;96.16;96.4;3000;41
2026-06-08T08:46:14.0000000Z;96.156;96.4;450;41
2026-06-08T08:46:16.0000000Z;96.154;96.4;41;41
2026-06-08T08:46:17.0000000Z;96.154;96.398;41;450
2026-06-08T08:46:18.0000000Z;96.16;96.4;41;41
2026-06-08T08:46:19.0000000Z;96.162;96.4;450;41
2026-06-08T08:46:23.0000000Z;96.154;96.4;41;41
2026-06-08T08:46:25.0000000Z;96.16;96.4;3000;41
2026-06-08T08:46:26.0000000Z;96.156;96.4;450;41
2026-06-08T08:46:28.0000000Z;96.154;96.4;41;41
2026-06-08T08:46:29.0000000Z;96.154;96.398;41;450
2026-06-08T08:46:30.0000000Z;96.16;96.4;41;41
2026-06-08T08:46:31.0000000Z;96.162;96.4;450;41
2026-06-08T08:46:35.0000000Z;96.154;96.4;41;41
2026-06-08T08:46:36.0000000Z;96.16;96.4;3000;41
2026-06-08T08:46:38.0000000Z;96.158;96.4;41;41
2026-06-08T08:46:40.0000000Z;96.154;96.4;41;41
2026-06-08T08:46:41.0000000Z;96.156;96.398;450;450
2026-06-08T08:46:42.0000000Z;96.16;96.4;41;41
2026-06-08T08:46:43.0000000Z;96.16;96.4;3000;41
2026-06-08T08:46:44.0000000Z;96.16;96.396;41;41
2026-06-08T08:46:45.0000000Z;96.16;96.394;41;450
2026-06-08T08:46:46.0000000Z;96.16;96.392;41;41
2026-06-08T08:46:47.0000000Z;96.154;96.392;41;41
2026-06-08T08:46:48.0000000Z;96.16;96.392;3000;41
2026-06-08T08:46:50.0000000Z;96.156;96.39;450;450
2026-06-08T08:46:52.0000000Z;96.154;96.392;41;41
2026-06-08T08:46:53.0000000Z;96.154;96.39;41;450
2026-06-08T08:46:54.0000000Z;96.16;96.392;41;41
2026-06-08T08:46:55.0000000Z;96.162;96.392;450;41
2026-06-08T08:46:56.0000000Z;96.162;96.392;450;41
2026-06-08T08:46:59.0000000Z;96.16;96.392;3000;41
2026-06-08T08:47:00.0000000Z;96.16;96.388;3000;3000
2026-06-08T08:47:01.0000000Z;96.16;96.386;3000;450
2026-06-08T08:47:02.0000000Z;96.156;96.386;450;450
2026-06-08T08:47:04.0000000Z;96.154;96.388;41;41
2026-06-08T08:47:05.0000000Z;96.154;96.386;41;450
2026-06-08T08:47:06.0000000Z;96.16;96.388;41;41
2026-06-08T08:47:07.0000000Z;96.162;96.388;450;41
2026-06-08T08:47:11.0000000Z;96.154;96.388;41;41
2026-06-08T08:47:12.0000000Z;96.16;96.388;3000;41
2026-06-08T08:47:14.0000000Z;96.156;96.388;450;41
2026-06-08T08:47:16.0000000Z;96.154;96.388;41;41
2026-06-08T08:47:17.0000000Z;96.154;96.386;41;450
2026-06-08T08:47:18.0000000Z;96.16;96.388;41;41
2026-06-08T08:47:19.0000000Z;96.162;96.388;450;41
2026-06-08T08:47:23.0000000Z;96.154;96.388;41;41
2026-06-08T08:47:24.0000000Z;96.154;96.388;3000;41
2026-06-08T08:47:25.0000000Z;96.156;96.388;450;41
2026-06-08T08:47:28.0000000Z;96.154;96.388;41;41
2026-06-08T08:47:29.0000000Z;96.154;96.388;41;41
2026-06-08T08:47:30.0000000Z;96.16;96.388;41;41
2026-06-08T08:47:31.0000000Z;96.162;96.386;450;450
2026-06-08T08:47:32.0000000Z;96.162;96.386;450;450
2026-06-08T08:47:35.0000000Z;96.154;96.388;41;41
2026-06-08T08:47:36.0000000Z;96.16;96.388;3000;41
2026-06-08T08:47:37.0000000Z;96.156;96.388;450;41
2026-06-08T08:47:40.0000000Z;96.154;96.388;41;41
2026-06-08T08:47:41.0000000Z;96.154;96.386;41;450
2026-06-08T08:47:42.0000000Z;96.158;96.388;712;41
2026-06-08T08:47:43.0000000Z;96.16;96.388;41;41
2026-06-08T08:47:44.0000000Z;96.16;96.388;3450;41
2026-06-08T08:47:47.0000000Z;96.154;96.388;41;41
2026-06-08T08:47:48.0000000Z;96.16;96.388;3000;41
2026-06-08T08:47:51.0000000Z;96.156;96.388;450;41
2026-06-08T08:47:52.0000000Z;96.154;96.388;41;41
2026-06-08T08:47:53.0000000Z;96.154;96.386;41;450
2026-06-08T08:47:54.0000000Z;96.16;96.388;41;41
2026-06-08T08:47:55.0000000Z;96.162;96.388;450;41
2026-06-08T08:47:59.0000000Z;96.16;96.388;3000;41
2026-06-08T08:47:59.0000000Z;96.154;96.388;41;41
2026-06-08T08:48:00.0000000Z;96.16;96.388;3000;41
2026-06-08T08:48:01.0000000Z;96.158;96.388;41;41
2026-06-08T08:48:04.0000000Z;96.154;96.388;41;41
2026-06-08T08:48:05.0000000Z;96.154;96.386;41;450
2026-06-08T08:48:06.0000000Z;96.158;96.388;712;41
2026-06-08T08:48:07.0000000Z;96.16;96.388;450;41
2026-06-08T08:48:08.0000000Z;96.16;96.388;3450;41
2026-06-08T08:48:11.0000000Z;96.154;96.388;41;41
2026-06-08T08:48:12.0000000Z;96.16;96.388;3000;41
2026-06-08T08:48:13.0000000Z;96.156;96.388;1162;41
2026-06-08T08:48:15.0000000Z;96.156;96.388;450;41
2026-06-08T08:48:16.0000000Z;96.154;96.388;41;41
2026-06-08T08:48:17.0000000Z;96.154;96.386;41;450
2026-06-08T08:48:18.0000000Z;96.16;96.388;41;41
2026-06-08T08:48:19.0000000Z;96.162;96.388;450;41
2026-06-08T08:48:23.0000000Z;96.154;96.388;41;41
2026-06-08T08:48:24.0000000Z;96.16;96.388;3000;41
2026-06-08T08:48:25.0000000Z;96.158;96.388;41;41
2026-06-08T08:48:27.0000000Z;96.156;96.388;450;41
2026-06-08T08:48:28.0000000Z;96.154;96.388;41;41
2026-06-08T08:48:29.0000000Z;96.154;96.386;41;450
2026-06-08T08:48:30.0000000Z;96.16;96.388;41;41
2026-06-08T08:48:31.0000000Z;96.16;96.388;3000;41
2026-06-08T08:48:32.0000000Z;96.162;96.388;450;41
2026-06-08T08:48:35.0000000Z;96.154;96.388;41;41
2026-06-08T08:48:36.0000000Z;96.16;96.388;3000;41
2026-06-08T08:48:37.0000000Z;96.156;96.388;450;41
2026-06-08T08:48:40.0000000Z;96.154;96.388;41;41
2026-06-08T08:48:41.0000000Z;96.154;96.386;41;450
2026-06-08T08:48:42.0000000Z;96.16;96.388;41;41
2026-06-08T08:48:43.0000000Z;96.16;96.388;3000;41
2026-06-08T08:48:44.0000000Z;96.162;96.388;450;41
2026-06-08T08:48:47.0000000Z;96.154;96.388;41;41
2026-06-08T08:48:48.0000000Z;96.16;96.388;3000;41
2026-06-08T08:48:51.0000000Z;96.158;96.388;41;41
2026-06-08T08:48:52.0000000Z;96.154;96.388;41;41
2026-06-08T08:48:53.0000000Z;96.154;96.386;41;450
2026-06-08T08:48:54.0000000Z;96.16;96.388;41;41
2026-06-08T08:48:55.0000000Z;96.162;96.388;450;41
2026-06-08T08:48:59.0000000Z;96.16;96.388;3000;41
2026-06-08T08:48:59.0000000Z;96.154;96.388;41;41
2026-06-08T08:49:00.0000000Z;96.16;96.388;3000;41
2026-06-08T08:49:03.0000000Z;96.158;96.388;41;41
2026-06-08T08:49:04.0000000Z;96.154;96.388;41;41
2026-06-08T08:49:05.0000000Z;96.154;96.386;41;450
2026-06-08T08:49:06.0000000Z;96.158;96.388;41;41
2026-06-08T08:49:07.0000000Z;96.162;96.388;450;41
2026-06-08T08:49:11.0000000Z;96.154;96.388;41;41
2026-06-08T08:49:12.0000000Z;96.16;96.388;3000;41
2026-06-08T08:49:13.0000000Z;96.158;96.388;41;41
2026-06-08T08:49:16.0000000Z;96.154;96.388;41;41
2026-06-08T08:49:17.0000000Z;96.154;96.386;41;450
2026-06-08T08:49:18.0000000Z;96.16;96.388;41;41
2026-06-08T08:49:19.0000000Z;96.162;96.388;450;41
2026-06-08T08:49:23.0000000Z;96.154;96.388;41;41
2026-06-08T08:49:24.0000000Z;96.16;96.388;3000;41
2026-06-08T08:49:25.0000000Z;96.158;96.388;41;41
2026-06-08T08:49:28.0000000Z;96.154;96.388;41;41
2026-06-08T08:49:29.0000000Z;96.154;96.386;41;450
2026-06-08T08:49:30.0000000Z;96.16;96.388;41;41
2026-06-08T08:49:31.0000000Z;96.162;96.388;450;41
2026-06-08T08:49:35.0000000Z;96.154;96.388;41;41
2026-06-08T08:49:37.0000000Z;96.158;96.388;41;41
2026-06-08T08:49:40.0000000Z;96.154;96.388;41;41
2026-06-08T08:49:41.0000000Z;96.154;96.388;41;41
2026-06-08T08:49:42.0000000Z;96.154;96.386;41;450
2026-06-08T08:49:43.0000000Z;96.16;96.388;3000;41
2026-06-08T08:49:44.0000000Z;96.16;96.404;41;41
2026-06-08T08:49:45.0000000Z;96.16;96.388;41;3000
2026-06-08T08:49:47.0000000Z;96.16;96.39;41;41
2026-06-08T08:49:48.0000000Z;96.154;96.404;41;41
2026-06-08T08:49:49.0000000Z;96.156;96.404;450;41
2026-06-08T08:49:50.0000000Z;96.154;96.4;41;41
2026-06-08T08:49:51.0000000Z;96.154;96.398;41;450
2026-06-08T08:49:52.0000000Z;96.154;96.4;41;41
2026-06-08T08:49:53.0000000Z;96.154;96.398;41;450
2026-06-08T08:49:54.0000000Z;96.16;96.4;41;41
2026-06-08T08:49:55.0000000Z;96.162;96.4;450;41
2026-06-08T08:49:57.0000000Z;96.162;96.398;450;450
2026-06-08T08:49:59.0000000Z;96.16;96.4;3000;41
2026-06-08T08:49:59.0000000Z;96.154;96.4;41;41
2026-06-08T08:50:00.0000000Z;96.16;96.4;3000;41
2026-06-08T08:50:01.0000000Z;96.158;96.4;41;41
2026-06-08T08:50:04.0000000Z;96.154;96.4;41;41
2026-06-08T08:50:05.0000000Z;96.154;96.398;41;450
2026-06-08T08:50:06.0000000Z;96.16;96.4;41;41
2026-06-08T08:50:07.0000000Z;96.162;96.4;450;41
2026-06-08T08:50:11.0000000Z;96.154;96.4;41;41
2026-06-08T08:50:12.0000000Z;96.16;96.4;3000;41
2026-06-08T08:50:13.0000000Z;96.156;96.4;450;41
2026-06-08T08:50:16.0000000Z;96.154;96.4;41;41
2026-06-08T08:50:17.0000000Z;96.154;96.398;41;450
2026-06-08T08:50:18.0000000Z;96.16;96.4;41;41
2026-06-08T08:50:19.0000000Z;96.16;96.4;3000;41
2026-06-08T08:50:20.0000000Z;96.162;96.4;450;41
2026-06-08T08:50:23.0000000Z;96.154;96.4;41;41
2026-06-08T08:50:24.0000000Z;96.16;96.4;3000;41
2026-06-08T08:50:25.0000000Z;96.156;96.4;450;41
2026-06-08T08:50:26.0000000Z;96.154;96.516;41;41
2026-06-08T08:50:27.0000000Z;96.154;96.516;41;41
2026-06-08T08:50:28.0000000Z;96.154;96.486;41;41
2026-06-08T08:50:29.0000000Z;96.154;96.402;41;41
2026-06-08T08:50:30.0000000Z;96.16;96.486;41;41
2026-06-08T08:50:31.0000000Z;96.162;96.486;450;41
2026-06-08T08:50:34.0000000Z;96.162;96.484;450;450
2026-06-08T08:50:35.0000000Z;96.154;96.486;41;41
2026-06-08T08:50:36.0000000Z;96.154;96.406;41;41
2026-06-08T08:50:37.0000000Z;96.16;96.404;3000;450
2026-06-08T08:50:39.0000000Z;96.158;96.404;41;450
2026-06-08T08:50:40.0000000Z;96.154;96.406;41;41
2026-06-08T08:50:41.0000000Z;96.154;96.404;41;450
2026-06-08T08:50:42.0000000Z;96.16;96.406;41;41
2026-06-08T08:50:43.0000000Z;96.162;96.404;450;450
2026-06-08T08:50:45.0000000Z;96.162;96.404;450;450
2026-06-08T08:50:47.0000000Z;96.154;96.406;41;41
2026-06-08T08:50:48.0000000Z;96.16;96.406;3000;41
2026-06-08T08:50:49.0000000Z;96.158;96.406;41;41
2026-06-08T08:50:52.0000000Z;96.154;96.406;41;41
2026-06-08T08:50:53.0000000Z;96.154;96.406;41;41
2026-06-08T08:50:54.0000000Z;96.154;96.406;41;41
2026-06-08T08:50:55.0000000Z;96.16;96.406;41;41
2026-06-08T08:50:56.0000000Z;96.16;96.406;41;41
2026-06-08T08:50:57.0000000Z;96.16;96.402;41;41
2026-06-08T08:50:58.0000000Z;96.16;96.402;41;41
2026-06-08T08:51:00.0000000Z;96.154;96.402;41;41
2026-06-08T08:51:01.0000000Z;96.16;96.402;3000;41
2026-06-08T08:51:03.0000000Z;96.158;96.402;41;41
2026-06-08T08:51:04.0000000Z;96.154;96.402;41;41
2026-06-08T08:51:05.0000000Z;96.154;96.4;41;450
2026-06-08T08:51:06.0000000Z;96.16;96.402;41;41
2026-06-08T08:51:07.0000000Z;96.162;96.4;450;450
2026-06-08T08:51:08.0000000Z;96.16;96.402;41;41
2026-06-08T08:51:09.0000000Z;96.16;96.402;41;41
2026-06-08T08:51:10.0000000Z;96.16;96.402;41;41
2026-06-08T08:51:11.0000000Z;96.154;96.402;41;41
2026-06-08T08:51:12.0000000Z;96.154;96.402;41;41
2026-06-08T08:51:13.0000000Z;96.154;96.402;41;41
2026-06-08T08:51:16.0000000Z;96.154;96.402;41;41
2026-06-08T08:51:17.0000000Z;96.154;96.4;41;450
2026-06-08T08:51:18.0000000Z;96.16;96.402;41;41
2026-06-08T08:51:19.0000000Z;96.162;96.402;450;41
2026-06-08T08:51:23.0000000Z;96.154;96.402;41;41
2026-06-08T08:51:25.0000000Z;96.156;96.402;450;41
2026-06-08T08:51:28.0000000Z;96.154;96.402;41;41
2026-06-08T08:51:29.0000000Z;96.154;96.4;41;450
2026-06-08T08:51:30.0000000Z;96.16;96.402;41;41
2026-06-08T08:51:31.0000000Z;96.162;96.402;450;41
2026-06-08T08:51:35.0000000Z;96.154;96.402;41;41
2026-06-08T08:51:36.0000000Z;96.16;96.402;3000;41
2026-06-08T08:51:37.0000000Z;96.156;96.402;450;41
2026-06-08T08:51:40.0000000Z;96.154;96.402;41;41
2026-06-08T08:51:41.0000000Z;96.154;96.4;41;450
2026-06-08T08:51:43.0000000Z;96.16;96.402;41;41
2026-06-08T08:51:44.0000000Z;96.162;96.402;450;41
2026-06-08T08:51:48.0000000Z;96.154;96.402;41;41
2026-06-08T08:51:49.0000000Z;96.16;96.402;3000;41
2026-06-08T08:51:50.0000000Z;96.156;96.402;450;41
2026-06-08T08:51:52.0000000Z;96.154;96.402;41;41
2026-06-08T08:51:53.0000000Z;96.154;96.4;41;450
2026-06-08T08:51:54.0000000Z;96.16;96.402;41;41
2026-06-08T08:51:55.0000000Z;96.16;96.402;3000;41
2026-06-08T08:51:56.0000000Z;96.162;96.402;450;41
2026-06-08T08:51:59.0000000Z;96.16;96.402;41;41
2026-06-08T08:52:00.0000000Z;96.16;96.402;3000;41
2026-06-08T08:52:02.0000000Z;96.16;96.402;3000;41
2026-06-08T08:52:03.0000000Z;96.16;96.4;3000;450
2026-06-08T08:52:04.0000000Z;96.154;96.402;41;41
2026-06-08T08:52:05.0000000Z;96.154;96.4;41;450
2026-06-08T08:52:07.0000000Z;96.16;96.402;41;41
2026-06-08T08:52:08.0000000Z;96.16;96.402;41;41
2026-06-08T08:52:12.0000000Z;96.154;96.402;41;41
2026-06-08T08:52:13.0000000Z;96.16;96.402;3000;41
2026-06-08T08:52:14.0000000Z;96.156;96.402;450;41
2026-06-08T08:52:16.0000000Z;96.154;96.402;41;41
2026-06-08T08:52:17.0000000Z;96.154;96.4;41;450
2026-06-08T08:52:18.0000000Z;96.16;96.402;41;41
2026-06-08T08:52:19.0000000Z;96.162;96.402;450;41
2026-06-08T08:52:23.0000000Z;96.154;96.402;41;41
2026-06-08T08:52:25.0000000Z;96.16;96.402;3000;41
2026-06-08T08:52:26.0000000Z;96.158;96.402;41;41
2026-06-08T08:52:28.0000000Z;96.154;96.402;41;41
2026-06-08T08:52:29.0000000Z;96.154;96.4;41;450
2026-06-08T08:52:30.0000000Z;96.156;96.4;450;450
2026-06-08T08:52:31.0000000Z;96.16;96.402;41;41
2026-06-08T08:52:32.0000000Z;96.162;96.402;450;41
2026-06-08T08:52:33.0000000Z;96.16;96.402;41;41
2026-06-08T08:52:36.0000000Z;96.154;96.402;41;41
2026-06-08T08:52:37.0000000Z;96.16;96.402;3000;41
2026-06-08T08:52:38.0000000Z;96.156;96.402;450;41
2026-06-08T08:52:40.0000000Z;96.154;96.402;41;41
2026-06-08T08:52:41.0000000Z;96.154;96.4;41;450
2026-06-08T08:52:42.0000000Z;96.16;96.402;41;41
2026-06-08T08:52:43.0000000Z;96.162;96.402;450;41
2026-06-08T08:52:44.0000000Z;96.16;96.394;41;41
2026-06-08T08:52:46.0000000Z;96.16;96.392;41;450
2026-06-08T08:52:47.0000000Z;96.154;96.394;41;41
2026-06-08T08:52:49.0000000Z;96.16;96.394;3000;41
2026-06-08T08:52:50.0000000Z;96.156;96.392;450;450
2026-06-08T08:52:52.0000000Z;96.154;96.396;41;528
2026-06-08T08:52:53.0000000Z;96.154;96.394;41;3450
2026-06-08T08:52:54.0000000Z;96.16;96.394;41;41
2026-06-08T08:52:55.0000000Z;96.16;96.392;3000;450
2026-06-08T08:52:56.0000000Z;96.162;96.392;450;450
2026-06-08T08:52:57.0000000Z;96.162;96.392;450;450
2026-06-08T08:52:59.0000000Z;96.16;96.394;3000;41
2026-06-08T08:52:59.0000000Z;96.154;96.394;41;41
2026-06-08T08:53:00.0000000Z;96.16;96.394;3000;41
2026-06-08T08:53:02.0000000Z;96.158;96.394;41;41
2026-06-08T08:53:04.0000000Z;96.154;96.394;41;41
2026-06-08T08:53:05.0000000Z;96.154;96.392;41;450
2026-06-08T08:53:07.0000000Z;96.16;96.394;41;41
2026-06-08T08:53:08.0000000Z;96.162;96.394;450;41
2026-06-08T08:53:12.0000000Z;96.154;96.394;41;41
2026-06-08T08:53:13.0000000Z;96.16;96.394;3000;41
2026-06-08T08:53:14.0000000Z;96.158;96.394;41;41
2026-06-08T08:53:16.0000000Z;96.154;96.394;41;41
2026-06-08T08:53:17.0000000Z;96.154;96.392;41;450
2026-06-08T08:53:19.0000000Z;96.16;96.394;41;41
2026-06-08T08:53:20.0000000Z;96.162;96.394;450;41
2026-06-08T08:53:24.0000000Z;96.154;96.394;41;41
2026-06-08T08:53:25.0000000Z;96.16;96.394;3000;41
2026-06-08T08:53:26.0000000Z;96.158;96.394;41;41
2026-06-08T08:53:28.0000000Z;96.154;96.394;41;41
2026-06-08T08:53:29.0000000Z;96.156;96.392;450;450
2026-06-08T08:53:30.0000000Z;96.16;96.394;41;41
2026-06-08T08:53:31.0000000Z;96.162;96.394;450;41
2026-06-08T08:53:35.0000000Z;96.154;96.394;41;41
2026-06-08T08:53:36.0000000Z;96.16;96.394;3000;41
2026-06-08T08:53:38.0000000Z;96.156;96.394;450;41
2026-06-08T08:53:40.0000000Z;96.154;96.394;41;41
2026-06-08T08:53:41.0000000Z;96.154;96.392;41;450
2026-06-08T08:53:42.0000000Z;96.16;96.394;41;41
2026-06-08T08:53:43.0000000Z;96.162;96.394;450;41
2026-06-08T08:53:47.0000000Z;96.154;96.394;41;41
2026-06-08T08:53:48.0000000Z;96.16;96.394;3000;41
2026-06-08T08:53:50.0000000Z;96.156;96.394;450;41
2026-06-08T08:53:52.0000000Z;96.154;96.394;41;41
2026-06-08T08:53:53.0000000Z;96.154;96.392;41;450
2026-06-08T08:53:54.0000000Z;96.16;96.394;41;41
2026-06-08T08:53:56.0000000Z;96.162;96.394;450;41
2026-06-08T08:53:59.0000000Z;96.16;96.394;3000;41
2026-06-08T08:53:59.0000000Z;96.154;96.394;41;41
2026-06-08T08:54:00.0000000Z;96.16;96.394;3000;41
2026-06-08T08:54:02.0000000Z;96.156;96.394;450;41
2026-06-08T08:54:04.0000000Z;96.154;96.394;41;41
2026-06-08T08:54:05.0000000Z;96.154;96.392;41;450
2026-06-08T08:54:06.0000000Z;96.16;96.394;41;41
2026-06-08T08:54:07.0000000Z;96.162;96.394;450;41
2026-06-08T08:54:11.0000000Z;96.154;96.394;41;41
2026-06-08T08:54:12.0000000Z;96.16;96.394;3000;41
2026-06-08T08:54:14.0000000Z;96.156;96.394;450;41
2026-06-08T08:54:16.0000000Z;96.154;96.394;41;41
2026-06-08T08:54:17.0000000Z;96.154;96.392;41;450
2026-06-08T08:54:19.0000000Z;96.16;96.394;3000;41
2026-06-08T08:54:20.0000000Z;96.162;96.394;450;41
2026-06-08T08:54:24.0000000Z;96.154;96.394;41;41
2026-06-08T08:54:25.0000000Z;96.16;96.394;3000;41
2026-06-08T08:54:26.0000000Z;96.156;96.394;450;41
2026-06-08T08:54:28.0000000Z;96.154;96.394;41;41
2026-06-08T08:54:29.0000000Z;96.154;96.392;41;450
2026-06-08T08:54:30.0000000Z;96.16;96.394;41;41
2026-06-08T08:54:31.0000000Z;96.162;96.394;450;41
2026-06-08T08:54:34.0000000Z;96.16;96.394;41;41
2026-06-08T08:54:35.0000000Z;96.154;96.394;41;41
2026-06-08T08:54:36.0000000Z;96.16;96.394;3000;41
2026-06-08T08:54:38.0000000Z;96.158;96.394;41;41
2026-06-08T08:54:40.0000000Z;96.154;96.394;41;41
2026-06-08T08:54:41.0000000Z;96.156;96.392;450;450
2026-06-08T08:54:43.0000000Z;96.16;96.394;41;41
2026-06-08T08:54:44.0000000Z;96.162;96.394;450;41
2026-06-08T08:54:48.0000000Z;96.154;96.394;41;41
2026-06-08T08:54:49.0000000Z;96.16;96.394;3000;41
2026-06-08T08:54:50.0000000Z;96.158;96.394;41;41
2026-06-08T08:54:52.0000000Z;96.154;96.394;41;41
2026-06-08T08:54:53.0000000Z;96.154;96.392;41;450
2026-06-08T08:54:54.0000000Z;96.16;96.394;41;41
2026-06-08T08:54:55.0000000Z;96.162;96.394;450;41
2026-06-08T08:54:59.0000000Z;96.16;96.394;3000;41
2026-06-08T08:54:59.0000000Z;96.154;96.394;41;41
2026-06-08T08:55:00.0000000Z;96.16;96.394;3000;41
2026-06-08T08:55:04.0000000Z;96.154;96.394;41;41
2026-06-08T08:55:05.0000000Z;96.154;96.392;41;450
2026-06-08T08:55:06.0000000Z;96.16;96.394;41;41
2026-06-08T08:55:07.0000000Z;96.162;96.394;450;41
2026-06-08T08:55:11.0000000Z;96.154;96.394;41;41
2026-06-08T08:55:12.0000000Z;96.154;96.394;3000;41
2026-06-08T08:55:13.0000000Z;96.156;96.394;450;41
2026-06-08T08:55:16.0000000Z;96.154;96.394;41;41
2026-06-08T08:55:17.0000000Z;96.154;96.392;41;450
2026-06-08T08:55:18.0000000Z;96.154;96.394;41;41
2026-06-08T08:55:19.0000000Z;96.16;96.394;41;41
2026-06-08T08:55:20.0000000Z;96.162;96.394;450;41
2026-06-08T08:55:24.0000000Z;96.154;96.394;41;41
2026-06-08T08:55:25.0000000Z;96.16;96.394;3000;41
2026-06-08T08:55:26.0000000Z;96.156;96.394;450;41
2026-06-08T08:55:29.0000000Z;96.154;96.394;41;41
2026-06-08T08:55:30.0000000Z;96.16;96.394;41;41
2026-06-08T08:55:31.0000000Z;96.162;96.394;450;41
2026-06-08T08:55:35.0000000Z;96.154;96.394;41;41
2026-06-08T08:55:36.0000000Z;96.16;96.394;3000;41
2026-06-08T08:55:37.0000000Z;96.156;96.394;450;41
2026-06-08T08:55:40.0000000Z;96.154;96.394;41;41
2026-06-08T08:55:41.0000000Z;96.154;96.392;41;450
2026-06-08T08:55:42.0000000Z;96.16;96.394;41;41
2026-06-08T08:55:43.0000000Z;96.162;96.394;450;41
2026-06-08T08:55:47.0000000Z;96.154;96.394;41;41
2026-06-08T08:55:48.0000000Z;96.16;96.394;3000;41
2026-06-08T08:55:49.0000000Z;96.156;96.394;450;41
2026-06-08T08:55:52.0000000Z;96.154;96.394;41;41
2026-06-08T08:55:53.0000000Z;96.154;96.392;41;450
2026-06-08T08:55:54.0000000Z;96.16;96.394;41;41
2026-06-08T08:55:55.0000000Z;96.16;96.394;3000;41
2026-06-08T08:55:56.0000000Z;96.162;96.394;450;41
2026-06-08T08:55:59.0000000Z;96.16;96.394;3000;41
2026-06-08T08:55:59.0000000Z;96.154;96.394;41;41
2026-06-08T08:56:00.0000000Z;96.16;96.394;3000;41
2026-06-08T08:56:01.0000000Z;96.156;96.394;450;41
2026-06-08T08:56:04.0000000Z;96.154;96.394;41;41
2026-06-08T08:56:05.0000000Z;96.154;96.392;41;450
2026-06-08T08:56:06.0000000Z;96.16;96.394;41;41
2026-06-08T08:56:07.0000000Z;96.162;96.394;450;41
2026-06-08T08:56:11.0000000Z;96.154;96.394;41;41
2026-06-08T08:56:13.0000000Z;96.16;96.394;3000;41
2026-06-08T08:56:15.0000000Z;96.156;96.394;450;41
2026-06-08T08:56:16.0000000Z;96.154;96.394;41;41
2026-06-08T08:56:17.0000000Z;96.154;96.392;41;450
2026-06-08T08:56:18.0000000Z;96.16;96.394;41;41
2026-06-08T08:56:19.0000000Z;96.162;96.394;450;41
2026-06-08T08:56:23.0000000Z;96.154;96.394;41;41
2026-06-08T08:56:24.0000000Z;96.16;96.394;3000;41
2026-06-08T08:56:27.0000000Z;96.156;96.394;450;41
2026-06-08T08:56:28.0000000Z;96.154;96.394;41;41
2026-06-08T08:56:29.0000000Z;96.154;96.392;41;450
2026-06-08T08:56:30.0000000Z;96.16;96.394;41;41
2026-06-08T08:56:31.0000000Z;96.162;96.394;450;41
2026-06-08T08:56:35.0000000Z;96.154;96.394;41;41
2026-06-08T08:56:37.0000000Z;96.16;96.394;3000;41
2026-06-08T08:56:39.0000000Z;96.156;96.394;450;41
2026-06-08T08:56:40.0000000Z;96.154;96.394;41;41
2026-06-08T08:56:41.0000000Z;96.154;96.392;41;450
2026-06-08T08:56:42.0000000Z;96.16;96.394;41;41
2026-06-08T08:56:43.0000000Z;96.162;96.394;450;41
2026-06-08T08:56:47.0000000Z;96.154;96.394;41;41
2026-06-08T08:56:48.0000000Z;96.16;96.394;3000;41
2026-06-08T08:56:49.0000000Z;96.156;96.394;450;41
2026-06-08T08:56:52.0000000Z;96.154;96.394;41;41
2026-06-08T08:56:53.0000000Z;96.154;96.394;41;3000
2026-06-08T08:56:54.0000000Z;96.154;96.486;41;41
2026-06-08T08:56:55.0000000Z;96.156;96.486;450;41
2026-06-08T08:56:57.0000000Z;96.156;96.396;450;41
2026-06-08T08:57:03.0000000Z;96.154;96.484;41;528
2026-06-08T08:57:04.0000000Z;96.154;96.418;41;41
2026-06-08T08:57:05.0000000Z;96.154;96.416;41;450
2026-06-08T08:57:06.0000000Z;96.16;96.418;41;41
2026-06-08T08:57:07.0000000Z;96.162;96.414;450;41
2026-06-08T08:57:08.0000000Z;96.162;96.412;450;450
2026-06-08T08:57:11.0000000Z;96.154;96.414;41;41
2026-06-08T08:57:12.0000000Z;96.16;96.414;3000;41
2026-06-08T08:57:13.0000000Z;96.154;96.41;41;41
2026-06-08T08:57:15.0000000Z;96.154;96.408;41;450
2026-06-08T08:57:16.0000000Z;96.154;96.41;41;41
2026-06-08T08:57:17.0000000Z;96.154;96.408;41;450
2026-06-08T08:57:18.0000000Z;96.16;96.41;41;41
2026-06-08T08:57:19.0000000Z;96.162;96.41;450;41
2026-06-08T08:57:23.0000000Z;96.154;96.41;41;41
2026-06-08T08:57:24.0000000Z;96.16;96.41;3000;41
2026-06-08T08:57:27.0000000Z;96.156;96.41;450;41
2026-06-08T08:57:28.0000000Z;96.154;96.41;41;41
2026-06-08T08:57:29.0000000Z;96.154;96.408;41;450
2026-06-08T08:57:31.0000000Z;96.16;96.41;41;41
2026-06-08T08:57:32.0000000Z;96.162;96.41;450;41
2026-06-08T08:57:34.0000000Z;96.162;96.408;450;450
2026-06-08T08:57:36.0000000Z;96.154;96.41;41;41
2026-06-08T08:57:37.0000000Z;96.154;96.41;41;41
2026-06-08T08:57:38.0000000Z;96.154;96.41;41;41
2026-06-08T08:57:39.0000000Z;96.154;96.41;41;41
2026-06-08T08:57:40.0000000Z;96.154;96.41;41;41
2026-06-08T08:57:41.0000000Z;96.154;96.41;41;41
2026-06-08T08:57:42.0000000Z;96.154;96.41;41;41
2026-06-08T08:57:43.0000000Z;96.16;96.406;41;41
2026-06-08T08:57:44.0000000Z;96.16;96.406;41;41
2026-06-08T08:57:45.0000000Z;96.16;96.406;41;41
2026-06-08T08:57:46.0000000Z;96.16;96.406;41;41
2026-06-08T08:57:47.0000000Z;96.16;96.406;41;41
2026-06-08T08:57:48.0000000Z;96.154;96.406;41;41
2026-06-08T08:57:49.0000000Z;96.156;96.406;450;41
2026-06-08T08:57:50.0000000Z;96.156;96.404;450;450
2026-06-08T08:57:52.0000000Z;96.154;96.406;41;41
2026-06-08T08:57:53.0000000Z;96.154;96.404;41;450
2026-06-08T08:57:54.0000000Z;96.16;96.406;41;41
2026-06-08T08:57:55.0000000Z;96.162;96.406;450;41
2026-06-08T08:57:56.0000000Z;96.162;96.406;450;41
2026-06-08T08:57:59.0000000Z;96.16;96.406;3000;41
2026-06-08T08:57:59.0000000Z;96.154;96.406;41;41
2026-06-08T08:58:00.0000000Z;96.16;96.406;3000;41
2026-06-08T08:58:01.0000000Z;96.156;96.406;450;41
2026-06-08T08:58:04.0000000Z;96.154;96.406;41;41
2026-06-08T08:58:05.0000000Z;96.154;96.404;41;450
2026-06-08T08:58:06.0000000Z;96.16;96.406;41;41
2026-06-08T08:58:07.0000000Z;96.162;96.406;450;41
2026-06-08T08:58:08.0000000Z;96.162;96.406;450;41
2026-06-08T08:58:11.0000000Z;96.154;96.406;41;41
2026-06-08T08:58:13.0000000Z;96.156;96.406;450;41
2026-06-08T08:58:16.0000000Z;96.154;96.406;41;41
2026-06-08T08:58:17.0000000Z;96.154;96.404;41;450
2026-06-08T08:58:18.0000000Z;96.16;96.406;41;41
2026-06-08T08:58:19.0000000Z;96.16;96.406;3000;41
2026-06-08T08:58:20.0000000Z;96.162;96.406;450;41
2026-06-08T08:58:23.0000000Z;96.154;96.406;41;41
2026-06-08T08:58:25.0000000Z;96.156;96.406;450;41
2026-06-08T08:58:28.0000000Z;96.154;96.406;41;41
2026-06-08T08:58:29.0000000Z;96.154;96.404;41;450
2026-06-08T08:58:30.0000000Z;96.16;96.406;41;41
2026-06-08T08:58:31.0000000Z;96.16;96.406;3000;41
2026-06-08T08:58:32.0000000Z;96.162;96.406;450;41
2026-06-08T08:58:35.0000000Z;96.154;96.406;41;41
2026-06-08T08:58:36.0000000Z;96.16;96.406;3000;41
2026-06-08T08:58:37.0000000Z;96.156;96.406;450;41
2026-06-08T08:58:40.0000000Z;96.154;96.406;41;41
2026-06-08T08:58:41.0000000Z;96.154;96.404;41;450
2026-06-08T08:58:42.0000000Z;96.154;96.406;3000;41
2026-06-08T08:58:43.0000000Z;96.16;96.406;41;41
2026-06-08T08:58:44.0000000Z;96.162;96.406;450;41
2026-06-08T08:58:47.0000000Z;96.16;96.406;41;41
2026-06-08T08:58:48.0000000Z;96.154;96.406;41;41
2026-06-08T08:58:49.0000000Z;96.156;96.406;450;41
2026-06-08T08:58:52.0000000Z;96.154;96.406;41;41
2026-06-08T08:58:53.0000000Z;96.154;96.404;41;450
2026-06-08T08:58:55.0000000Z;96.16;96.406;41;41
2026-06-08T08:58:56.0000000Z;96.162;96.406;450;41
2026-06-08T08:58:59.0000000Z;96.162;96.406;450;41
2026-06-08T08:59:00.0000000Z;96.154;96.406;41;41
2026-06-08T08:59:01.0000000Z;96.154;96.406;41;41
2026-06-08T08:59:02.0000000Z;96.154;96.406;41;41
2026-06-08T08:59:03.0000000Z;96.154;96.406;41;41
2026-06-08T08:59:04.0000000Z;96.154;96.406;41;41
2026-06-08T08:59:05.0000000Z;96.154;96.406;41;41
2026-06-08T08:59:06.0000000Z;96.16;96.406;41;41
2026-06-08T08:59:07.0000000Z;96.16;96.406;41;41
2026-06-08T08:59:08.0000000Z;96.16;96.406;41;41
2026-06-08T08:59:09.0000000Z;96.16;96.406;41;41
2026-06-08T08:59:11.0000000Z;96.154;96.406;41;41
2026-06-08T08:59:12.0000000Z;96.16;96.406;3000;41
2026-06-08T08:59:13.0000000Z;96.156;96.406;450;41
2026-06-08T08:59:16.0000000Z;96.154;96.406;41;41
2026-06-08T08:59:17.0000000Z;96.154;96.404;41;450
2026-06-08T08:59:19.0000000Z;96.16;96.406;41;41
2026-06-08T08:59:20.0000000Z;96.162;96.406;450;41
2026-06-08T08:59:22.0000000Z;96.16;96.406;41;41
2026-06-08T08:59:24.0000000Z;96.154;96.406;41;41
2026-06-08T08:59:25.0000000Z;96.156;96.406;450;41
2026-06-08T08:59:28.0000000Z;96.154;96.406;41;41
2026-06-08T08:59:29.0000000Z;96.154;96.404;41;450
2026-06-08T08:59:30.0000000Z;96.16;96.406;41;41
2026-06-08T08:59:31.0000000Z;96.162;96.486;450;41
2026-06-08T08:59:32.0000000Z;96.162;96.406;450;3000
2026-06-08T08:59:34.0000000Z;96.162;96.408;450;41
2026-06-08T08:59:35.0000000Z;96.154;96.486;41;41
2026-06-08T08:59:37.0000000Z;96.16;96.486;3000;41
2026-06-08T08:59:38.0000000Z;96.156;96.484;450;450
2026-06-08T08:59:40.0000000Z;96.154;96.486;41;41
2026-06-08T08:59:41.0000000Z;96.154;96.484;41;450
2026-06-08T08:59:42.0000000Z;96.154;96.484;41;450
2026-06-08T08:59:43.0000000Z;96.16;96.486;3000;41
2026-06-08T08:59:44.0000000Z;96.162;96.486;450;41
2026-06-08T08:59:48.0000000Z;96.154;96.486;41;41
2026-06-08T08:59:49.0000000Z;96.16;96.486;3000;41
2026-06-08T08:59:50.0000000Z;96.156;96.486;450;41
2026-06-08T08:59:52.0000000Z;96.154;96.486;41;41
2026-06-08T08:59:53.0000000Z;96.154;96.484;41;450
2026-06-08T08:59:54.0000000Z;96.16;96.486;41;41
2026-06-08T08:59:55.0000000Z;96.162;96.486;450;41
2026-06-08T08:59:58.0000000Z;96.16;96.486;41;41
2026-06-08T08:59:59.0000000Z;96.16;96.418;3000;3000
2026-06-08T08:59:59.0000000Z;96.154;96.418;41;41
2026-06-08T09:00:00.0000000Z;96.16;96.416;3000;450
2026-06-08T09:00:02.0000000Z;96.16;96.416;3000;450
2026-06-08T09:00:04.0000000Z;96.154;96.418;41;41
2026-06-08T09:00:05.0000000Z;96.154;96.416;41;450
2026-06-08T09:00:06.0000000Z;96.16;96.418;41;41
2026-06-08T09:00:07.0000000Z;96.162;96.418;450;41
2026-06-08T09:00:11.0000000Z;96.154;96.418;41;41
2026-06-08T09:00:12.0000000Z;96.16;96.418;3000;41
2026-06-08T09:00:14.0000000Z;96.156;96.418;450;41
2026-06-08T09:00:16.0000000Z;96.154;96.418;41;41
2026-06-08T09:00:17.0000000Z;96.154;96.414;41;41
2026-06-08T09:00:18.0000000Z;96.16;96.414;41;41
2026-06-08T09:00:19.0000000Z;96.16;96.414;3000;41
2026-06-08T09:00:20.0000000Z;96.162;96.414;450;41
2026-06-08T09:00:23.0000000Z;96.154;96.414;41;41
2026-06-08T09:00:24.0000000Z;96.16;96.414;3000;41
2026-06-08T09:00:26.0000000Z;96.156;96.414;450;41
2026-06-08T09:00:27.0000000Z;96.156;96.412;450;450
2026-06-08T09:00:28.0000000Z;96.154;96.414;41;41
2026-06-08T09:00:29.0000000Z;96.154;96.408;41;450
2026-06-08T09:00:30.0000000Z;96.154;96.41;3000;41
2026-06-08T09:00:31.0000000Z;96.16;96.41;41;41
2026-06-08T09:00:32.0000000Z;96.16;96.406;41;3000
2026-06-08T09:00:33.0000000Z;96.16;96.404;41;450
2026-06-08T09:00:36.0000000Z;96.154;96.404;41;450
2026-06-08T09:00:37.0000000Z;96.16;96.404;3000;450
2026-06-08T09:00:38.0000000Z;96.156;96.404;450;450
2026-06-08T09:00:40.0000000Z;96.154;96.406;41;41
2026-06-08T09:00:41.0000000Z;96.154;96.404;41;450
2026-06-08T09:00:42.0000000Z;96.16;96.406;41;41
2026-06-08T09:00:43.0000000Z;96.162;96.406;450;41
2026-06-08T09:00:47.0000000Z;96.154;96.406;41;41
2026-06-08T09:00:48.0000000Z;96.16;96.406;3000;41
2026-06-08T09:00:50.0000000Z;96.156;96.406;450;41
2026-06-08T09:00:52.0000000Z;96.154;96.406;41;41
2026-06-08T09:00:53.0000000Z;96.154;96.404;41;450
2026-06-08T09:00:55.0000000Z;96.16;96.406;41;41
2026-06-08T09:00:56.0000000Z;96.162;96.406;450;41
2026-06-08T09:01:00.0000000Z;96.154;96.406;41;41
2026-06-08T09:01:01.0000000Z;96.16;96.406;3000;41
2026-06-08T09:01:02.0000000Z;96.156;96.406;450;41
2026-06-08T09:01:04.0000000Z;96.154;96.402;41;41
2026-06-08T09:01:05.0000000Z;96.154;96.402;41;3000
2026-06-08T09:01:06.0000000Z;96.16;96.406;41;41
2026-06-08T09:01:07.0000000Z;96.162;96.406;450;41
2026-06-08T09:01:08.0000000Z;96.162;96.404;450;450
2026-06-08T09:01:11.0000000Z;96.154;96.406;41;41
2026-06-08T09:01:12.0000000Z;96.16;96.406;3000;41
2026-06-08T09:01:14.0000000Z;96.156;96.406;450;41
2026-06-08T09:01:16.0000000Z;96.154;96.406;41;41
2026-06-08T09:01:17.0000000Z;96.154;96.404;41;450
2026-06-08T09:01:18.0000000Z;96.16;96.406;41;41
2026-06-08T09:01:19.0000000Z;96.162;96.406;450;41
2026-06-08T09:01:23.0000000Z;96.154;96.406;41;41
2026-06-08T09:01:24.0000000Z;96.16;96.406;3000;41
2026-06-08T09:01:26.0000000Z;96.156;96.406;450;41
2026-06-08T09:01:28.0000000Z;96.154;96.406;41;41
2026-06-08T09:01:29.0000000Z;96.154;96.404;41;450
2026-06-08T09:01:30.0000000Z;96.16;96.406;41;41
2026-06-08T09:01:31.0000000Z;96.162;96.406;450;41
2026-06-08T09:01:35.0000000Z;96.154;96.406;41;41
2026-06-08T09:01:36.0000000Z;96.16;96.406;3000;41
2026-06-08T09:01:38.0000000Z;96.156;96.406;450;41
2026-06-08T09:01:40.0000000Z;96.154;96.406;41;41
2026-06-08T09:01:41.0000000Z;96.154;96.404;41;450
2026-06-08T09:01:43.0000000Z;96.16;96.406;41;41
2026-06-08T09:01:44.0000000Z;96.162;96.406;450;41
2026-06-08T09:01:48.0000000Z;96.154;96.406;41;41
2026-06-08T09:01:49.0000000Z;96.16;96.406;3000;41
2026-06-08T09:01:50.0000000Z;96.156;96.406;450;41
2026-06-08T09:01:52.0000000Z;96.154;96.406;41;41
2026-06-08T09:01:53.0000000Z;96.154;96.404;41;450
2026-06-08T09:01:54.0000000Z;96.16;96.406;41;41
2026-06-08T09:01:55.0000000Z;96.16;96.406;3000;41
2026-06-08T09:01:56.0000000Z;96.162;96.406;450;41
2026-06-08T09:01:59.0000000Z;96.16;96.406;3000;41
2026-06-08T09:01:59.0000000Z;96.154;96.406;41;41
2026-06-08T09:02:00.0000000Z;96.16;96.406;3000;41
2026-06-08T09:02:01.0000000Z;96.154;96.402;41;41
2026-06-08T09:02:02.0000000Z;96.158;96.4;41;450
2026-06-08T09:02:04.0000000Z;96.154;96.402;41;41
2026-06-08T09:02:05.0000000Z;96.154;96.4;41;450
2026-06-08T09:02:06.0000000Z;96.16;96.402;41;41
2026-06-08T09:02:07.0000000Z;96.162;96.4;450;450
2026-06-08T09:02:11.0000000Z;96.154;96.402;41;41
2026-06-08T09:02:12.0000000Z;96.16;96.402;3000;41
2026-06-08T09:02:14.0000000Z;96.158;96.402;41;41
2026-06-08T09:02:16.0000000Z;96.154;96.402;41;41
2026-06-08T09:02:17.0000000Z;96.154;96.4;41;450
2026-06-08T09:02:18.0000000Z;96.16;96.402;41;41
2026-06-08T09:02:19.0000000Z;96.162;96.402;450;41
2026-06-08T09:02:23.0000000Z;96.154;96.402;41;41
2026-06-08T09:02:24.0000000Z;96.16;96.402;3000;41
2026-06-08T09:02:26.0000000Z;96.156;96.402;450;41
2026-06-08T09:02:28.0000000Z;96.154;96.402;41;41
2026-06-08T09:02:29.0000000Z;96.154;96.4;41;450
2026-06-08T09:02:30.0000000Z;96.16;96.402;41;41
2026-06-08T09:02:31.0000000Z;96.16;96.402;3000;41
2026-06-08T09:02:32.0000000Z;96.162;96.402;450;41
2026-06-08T09:02:35.0000000Z;96.154;96.402;41;41
2026-06-08T09:02:37.0000000Z;96.16;96.402;3000;41
2026-06-08T09:02:38.0000000Z;96.156;96.402;450;41
2026-06-08T09:02:40.0000000Z;96.154;96.402;41;41
2026-06-08T09:02:41.0000000Z;96.154;96.4;41;450
2026-06-08T09:02:42.0000000Z;96.154;96.402;3000;41
2026-06-08T09:02:43.0000000Z;96.16;96.418;41;41
2026-06-08T09:02:44.0000000Z;96.16;96.414;41;41
2026-06-08T09:02:45.0000000Z;96.16;96.404;41;41
2026-06-08T09:02:47.0000000Z;96.154;96.414;41;41
2026-06-08T09:02:48.0000000Z;96.16;96.414;3000;41
2026-06-08T09:02:49.0000000Z;96.16;96.412;3000;450
2026-06-08T09:02:50.0000000Z;96.156;96.412;450;450
2026-06-08T09:02:52.0000000Z;96.154;96.414;41;41
2026-06-08T09:02:53.0000000Z;96.154;96.412;41;450
2026-06-08T09:02:55.0000000Z;96.16;96.414;41;41
2026-06-08T09:02:56.0000000Z;96.162;96.414;450;41
2026-06-08T09:03:00.0000000Z;96.154;96.414;41;41
2026-06-08T09:03:01.0000000Z;96.16;96.414;3000;41
2026-06-08T09:03:02.0000000Z;96.156;96.414;450;41
2026-06-08T09:03:04.0000000Z;96.154;96.414;41;41
2026-06-08T09:03:05.0000000Z;96.154;96.412;41;450
2026-06-08T09:03:07.0000000Z;96.16;96.414;41;41
2026-06-08T09:03:08.0000000Z;96.162;96.414;450;41
2026-06-08T09:03:12.0000000Z;96.154;96.414;41;41
2026-06-08T09:03:13.0000000Z;96.16;96.414;3000;41
2026-06-08T09:03:14.0000000Z;96.156;96.414;450;41
2026-06-08T09:03:16.0000000Z;96.154;96.414;41;41
2026-06-08T09:03:18.0000000Z;96.16;96.414;41;41
2026-06-08T09:03:19.0000000Z;96.162;96.414;450;41
2026-06-08T09:03:23.0000000Z;96.154;96.414;41;41
2026-06-08T09:03:24.0000000Z;96.16;96.414;3000;41
2026-06-08T09:03:26.0000000Z;96.156;96.414;450;41
2026-06-08T09:03:28.0000000Z;96.154;96.414;41;41
2026-06-08T09:03:29.0000000Z;96.154;96.412;41;450
2026-06-08T09:03:30.0000000Z;96.16;96.414;41;41
2026-06-08T09:03:31.0000000Z;96.162;96.414;450;41
2026-06-08T09:03:35.0000000Z;96.154;96.414;41;41
2026-06-08T09:03:36.0000000Z;96.16;96.414;3000;41
2026-06-08T09:03:38.0000000Z;96.156;96.414;450;41
2026-06-08T09:03:40.0000000Z;96.154;96.414;41;41
2026-06-08T09:03:41.0000000Z;96.154;96.412;41;450
2026-06-08T09:03:42.0000000Z;96.16;96.414;41;41
2026-06-08T09:03:43.0000000Z;96.162;96.414;450;41
2026-06-08T09:03:47.0000000Z;96.154;96.414;41;41
2026-06-08T09:03:48.0000000Z;96.16;96.414;3000;41
2026-06-08T09:03:50.0000000Z;96.156;96.414;450;41
2026-06-08T09:03:52.0000000Z;96.154;96.414;41;41
2026-06-08T09:03:53.0000000Z;96.154;96.412;41;450
2026-06-08T09:03:54.0000000Z;96.16;96.414;41;41
2026-06-08T09:03:55.0000000Z;96.16;96.414;3000;41
2026-06-08T09:03:56.0000000Z;96.162;96.414;450;41
2026-06-08T09:03:59.0000000Z;96.16;96.414;3000;41
2026-06-08T09:03:59.0000000Z;96.154;96.414;41;41
2026-06-08T09:04:00.0000000Z;96.16;96.414;3000;41
2026-06-08T09:04:01.0000000Z;96.154;96.414;41;41
2026-06-08T09:04:02.0000000Z;96.156;96.414;450;41
2026-06-08T09:04:04.0000000Z;96.154;96.414;41;41
2026-06-08T09:04:05.0000000Z;96.154;96.412;41;450
2026-06-08T09:04:06.0000000Z;96.16;96.414;41;41
2026-06-08T09:04:07.0000000Z;96.162;96.414;450;41
2026-06-08T09:04:11.0000000Z;96.154;96.414;41;41
2026-06-08T09:04:13.0000000Z;96.16;96.414;3000;41
2026-06-08T09:04:14.0000000Z;96.156;96.414;450;41
2026-06-08T09:04:16.0000000Z;96.154;96.414;41;41
2026-06-08T09:04:17.0000000Z;96.154;96.412;41;450
2026-06-08T09:04:18.0000000Z;96.16;96.414;41;41
2026-06-08T09:04:19.0000000Z;96.162;96.414;450;41
2026-06-08T09:04:23.0000000Z;96.154;96.414;41;41
2026-06-08T09:04:25.0000000Z;96.16;96.414;3000;41
2026-06-08T09:04:26.0000000Z;96.158;96.414;41;41
2026-06-08T09:04:27.0000000Z;96.156;96.414;450;41
2026-06-08T09:04:28.0000000Z;96.154;96.414;41;41
2026-06-08T09:04:29.0000000Z;96.154;96.412;41;450
2026-06-08T09:04:30.0000000Z;96.16;96.414;41;41
2026-06-08T09:04:31.0000000Z;96.162;96.414;450;41
2026-06-08T09:04:35.0000000Z;96.154;96.414;41;41
2026-06-08T09:04:36.0000000Z;96.16;96.414;3000;41
2026-06-08T09:04:38.0000000Z;96.156;96.414;450;41
2026-06-08T09:04:40.0000000Z;96.154;96.414;41;41
2026-06-08T09:04:41.0000000Z;96.154;96.412;41;450
2026-06-08T09:04:43.0000000Z;96.16;96.414;41;41
2026-06-08T09:04:44.0000000Z;96.162;96.414;450;41
2026-06-08T09:04:48.0000000Z;96.154;96.414;41;41
2026-06-08T09:04:49.0000000Z;96.16;96.414;3000;41
2026-06-08T09:04:50.0000000Z;96.156;96.414;450;41
2026-06-08T09:04:52.0000000Z;96.154;96.41;41;41
2026-06-08T09:04:53.0000000Z;96.154;96.408;41;450
2026-06-08T09:04:54.0000000Z;96.16;96.41;41;41
2026-06-08T09:04:55.0000000Z;96.162;96.41;450;41
2026-06-08T09:04:58.0000000Z;96.162;96.408;450;450
2026-06-08T09:04:59.0000000Z;96.16;96.41;3000;41
2026-06-08T09:04:59.0000000Z;96.154;96.41;41;41
2026-06-08T09:05:00.0000000Z;96.16;96.41;3000;41
2026-06-08T09:05:02.0000000Z;96.158;96.41;41;41
2026-06-08T09:05:04.0000000Z;96.154;96.41;41;41
2026-06-08T09:05:05.0000000Z;96.154;96.408;41;450
2026-06-08T09:05:06.0000000Z;96.16;96.41;41;41
2026-06-08T09:05:07.0000000Z;96.162;96.41;450;41
2026-06-08T09:05:11.0000000Z;96.154;96.41;41;41
2026-06-08T09:05:12.0000000Z;96.156;96.41;450;41
2026-06-08T09:05:16.0000000Z;96.154;96.41;41;41
2026-06-08T09:05:17.0000000Z;96.154;96.408;41;450
2026-06-08T09:05:18.0000000Z;96.16;96.41;41;41
2026-06-08T09:05:19.0000000Z;96.16;96.41;3000;41
2026-06-08T09:05:20.0000000Z;96.162;96.41;450;41
2026-06-08T09:05:23.0000000Z;96.154;96.41;41;41
2026-06-08T09:05:24.0000000Z;96.156;96.41;450;41
2026-06-08T09:05:28.0000000Z;96.154;96.41;41;41
2026-06-08T09:05:29.0000000Z;96.154;96.408;41;450
2026-06-08T09:05:30.0000000Z;96.16;96.41;41;41
2026-06-08T09:05:31.0000000Z;96.162;96.41;450;41
2026-06-08T09:05:35.0000000Z;96.154;96.41;41;41
2026-06-08T09:05:36.0000000Z;96.156;96.41;450;41
2026-06-08T09:05:39.0000000Z;96.158;96.41;41;41
2026-06-08T09:05:40.0000000Z;96.16;96.41;450;41
2026-06-08T09:05:41.0000000Z;96.186;96.41;41;41
2026-06-08T09:05:42.0000000Z;96.196;96.41;41;41
2026-06-08T09:05:43.0000000Z;96.198;96.41;450;41
2026-06-08T09:05:46.0000000Z;96.198;96.41;450;41
2026-06-08T09:05:47.0000000Z;96.196;96.41;3000;41
2026-06-08T09:05:48.0000000Z;96.196;96.41;41;41
2026-06-08T09:05:49.0000000Z;96.198;96.41;450;41
2026-06-08T09:05:52.0000000Z;96.196;96.408;41;475
2026-06-08T09:05:53.0000000Z;96.192;96.41;41;3000
2026-06-08T09:05:54.0000000Z;96.196;96.408;3000;450
2026-06-08T09:05:55.0000000Z;96.192;96.41;41;41
2026-06-08T09:05:56.0000000Z;96.196;96.41;41;41
2026-06-08T09:05:57.0000000Z;96.198;96.41;450;41
2026-06-08T09:06:01.0000000Z;96.196;96.41;41;41
2026-06-08T09:06:02.0000000Z;96.198;96.41;450;41
2026-06-08T09:06:04.0000000Z;96.196;96.41;41;41
2026-06-08T09:06:05.0000000Z;96.196;96.408;41;450
2026-06-08T09:06:06.0000000Z;96.196;96.41;41;41
2026-06-08T09:06:07.0000000Z;96.198;96.41;450;41
2026-06-08T09:06:11.0000000Z;96.196;96.41;41;41
2026-06-08T09:06:13.0000000Z;96.198;96.41;450;41
2026-06-08T09:06:16.0000000Z;96.196;96.41;41;41
2026-06-08T09:06:17.0000000Z;96.198;96.408;450;450
2026-06-08T09:06:18.0000000Z;96.196;96.41;41;41
2026-06-08T09:06:19.0000000Z;96.198;96.41;450;41
2026-06-08T09:06:21.0000000Z;96.196;96.41;41;41
2026-06-08T09:06:22.0000000Z;96.198;96.41;450;41
2026-06-08T09:06:26.0000000Z;96.196;96.41;3000;41
2026-06-08T09:06:27.0000000Z;96.196;96.41;41;41
2026-06-08T09:06:28.0000000Z;96.196;96.41;41;41
2026-06-08T09:06:29.0000000Z;96.196;96.408;41;450
2026-06-08T09:06:30.0000000Z;96.196;96.41;41;41
2026-06-08T09:06:31.0000000Z;96.198;96.41;450;41
2026-06-08T09:06:32.0000000Z;96.196;96.41;41;41
2026-06-08T09:06:33.0000000Z;96.198;96.41;450;41
2026-06-08T09:06:37.0000000Z;96.194;96.41;41;41
2026-06-08T09:06:38.0000000Z;96.196;96.41;3450;41
2026-06-08T09:06:39.0000000Z;96.196;96.41;450;41
2026-06-08T09:06:40.0000000Z;96.194;96.41;41;41
2026-06-08T09:06:41.0000000Z;96.194;96.408;41;450
2026-06-08T09:06:42.0000000Z;96.174;96.422;41;41
2026-06-08T09:06:43.0000000Z;96.188;96.422;61;41
2026-06-08T09:06:44.0000000Z;96.194;96.422;41;41
2026-06-08T09:06:45.0000000Z;96.194;96.422;41;41
2026-06-08T09:06:46.0000000Z;96.194;96.422;41;41
2026-06-08T09:06:47.0000000Z;96.194;96.422;41;41
2026-06-08T09:06:48.0000000Z;96.194;96.422;41;41
2026-06-08T09:06:49.0000000Z;96.174;96.422;41;41
2026-06-08T09:06:50.0000000Z;96.194;96.422;41;41
2026-06-08T09:06:51.0000000Z;96.194;96.422;41;41
2026-06-08T09:06:52.0000000Z;96.194;96.422;41;41
2026-06-08T09:06:53.0000000Z;96.194;96.422;41;41
2026-06-08T09:06:54.0000000Z;96.194;96.422;41;41
2026-06-08T09:06:55.0000000Z;96.194;96.422;41;41
2026-06-08T09:06:56.0000000Z;96.194;96.422;41;41
2026-06-08T09:07:00.0000000Z;96.19;96.422;41;41
2026-06-08T09:07:01.0000000Z;96.194;96.422;41;41
2026-06-08T09:07:02.0000000Z;96.194;96.422;41;41
2026-06-08T09:07:03.0000000Z;96.194;96.422;41;41
2026-06-08T09:07:04.0000000Z;96.194;96.422;41;41
2026-06-08T09:07:05.0000000Z;96.194;96.422;41;41
2026-06-08T09:07:06.0000000Z;96.194;96.422;41;41
2026-06-08T09:07:07.0000000Z;96.196;96.422;450;41
2026-06-08T09:07:11.0000000Z;96.19;96.422;41;41
2026-06-08T09:07:12.0000000Z;96.194;96.422;41;41
2026-06-08T09:07:13.0000000Z;96.194;96.422;41;41
2026-06-08T09:07:14.0000000Z;96.194;96.422;41;41
2026-06-08T09:07:16.0000000Z;96.194;96.422;41;41
2026-06-08T09:07:17.0000000Z;96.194;96.422;41;41
2026-06-08T09:07:18.0000000Z;96.194;96.422;41;41
2026-06-08T09:07:19.0000000Z;96.196;96.422;450;41
2026-06-08T09:07:22.0000000Z;96.194;96.422;41;41
2026-06-08T09:07:23.0000000Z;96.196;96.422;450;41
2026-06-08T09:07:27.0000000Z;96.194;96.422;3000;41
2026-06-08T09:07:28.0000000Z;96.194;96.422;41;41
2026-06-08T09:07:29.0000000Z;96.196;96.422;450;41
2026-06-08T09:07:30.0000000Z;96.194;96.422;41;41
2026-06-08T09:07:32.0000000Z;96.194;96.422;41;41
2026-06-08T09:07:33.0000000Z;96.174;96.422;41;41
2026-06-08T09:07:34.0000000Z;96.194;96.422;41;41
2026-06-08T09:07:35.0000000Z;96.196;96.422;450;41
2026-06-08T09:07:39.0000000Z;96.194;96.422;3000;41
2026-06-08T09:07:40.0000000Z;96.196;96.422;450;41
2026-06-08T09:07:41.0000000Z;96.196;96.42;450;450
2026-06-08T09:07:42.0000000Z;96.194;96.422;41;41
2026-06-08T09:07:43.0000000Z;96.196;96.422;450;41
2026-06-08T09:07:45.0000000Z;96.194;96.422;41;41
2026-06-08T09:07:46.0000000Z;96.196;96.422;450;41
2026-06-08T09:07:50.0000000Z;96.178;96.422;41;41
2026-06-08T09:07:51.0000000Z;96.194;96.422;3000;41
2026-06-08T09:07:52.0000000Z;96.194;96.422;41;41
2026-06-08T09:07:53.0000000Z;96.196;96.42;450;450
2026-06-08T09:07:55.0000000Z;96.194;96.422;41;41
2026-06-08T09:07:56.0000000Z;96.196;96.422;450;41
2026-06-08T09:07:57.0000000Z;96.194;96.422;3000;41
2026-06-08T09:07:58.0000000Z;96.194;96.422;3000;41
2026-06-08T09:07:59.0000000Z;96.196;96.422;450;41
2026-06-08T09:08:04.0000000Z;96.154;96.422;41;41
2026-06-08T09:08:05.0000000Z;96.194;96.42;3000;450
2026-06-08T09:08:06.0000000Z;96.16;96.422;41;41
2026-06-08T09:08:07.0000000Z;96.192;96.422;41;41
2026-06-08T09:08:08.0000000Z;96.192;96.422;41;41
2026-06-08T09:08:09.0000000Z;96.162;96.422;450;41
2026-06-08T09:08:11.0000000Z;96.154;96.422;41;41
2026-06-08T09:08:13.0000000Z;96.158;96.422;41;41
2026-06-08T09:08:15.0000000Z;96.156;96.422;450;41
2026-06-08T09:08:16.0000000Z;96.154;96.422;41;41
2026-06-08T09:08:17.0000000Z;96.154;96.42;41;450
2026-06-08T09:08:18.0000000Z;96.16;96.422;41;41
2026-06-08T09:08:19.0000000Z;96.162;96.422;450;41
2026-06-08T09:08:22.0000000Z;96.162;96.422;450;41
2026-06-08T09:08:23.0000000Z;96.154;96.422;41;41
2026-06-08T09:08:24.0000000Z;96.16;96.422;3000;41
2026-06-08T09:08:25.0000000Z;96.158;96.422;41;41
2026-06-08T09:08:28.0000000Z;96.154;96.422;41;41
2026-06-08T09:08:29.0000000Z;96.156;96.42;450;450
2026-06-08T09:08:30.0000000Z;96.154;96.422;3000;41
2026-06-08T09:08:31.0000000Z;96.16;96.422;41;41
2026-06-08T09:08:32.0000000Z;96.162;96.422;450;41
2026-06-08T09:08:35.0000000Z;96.154;96.422;41;41
2026-06-08T09:08:36.0000000Z;96.16;96.422;3000;41
2026-06-08T09:08:37.0000000Z;96.158;96.422;41;41
2026-06-08T09:08:40.0000000Z;96.154;96.422;41;41
2026-06-08T09:08:41.0000000Z;96.154;96.42;41;450
2026-06-08T09:08:42.0000000Z;96.16;96.422;41;41
2026-06-08T09:08:43.0000000Z;96.162;96.422;450;41
2026-06-08T09:08:47.0000000Z;96.154;96.422;41;41
2026-06-08T09:08:48.0000000Z;96.16;96.422;3000;41
2026-06-08T09:08:49.0000000Z;96.158;96.422;41;41
2026-06-08T09:08:52.0000000Z;96.154;96.422;41;41
2026-06-08T09:08:53.0000000Z;96.154;96.42;41;450
2026-06-08T09:08:55.0000000Z;96.16;96.422;41;41
2026-06-08T09:08:56.0000000Z;96.162;96.422;450;41
2026-06-08T09:08:59.0000000Z;96.162;96.422;450;41
2026-06-08T09:09:00.0000000Z;96.154;96.422;41;41
2026-06-08T09:09:01.0000000Z;96.16;96.422;3000;41
2026-06-08T09:09:02.0000000Z;96.154;96.422;41;41
2026-06-08T09:09:04.0000000Z;96.154;96.422;41;41
2026-06-08T09:09:05.0000000Z;96.154;96.42;41;450
2026-06-08T09:09:07.0000000Z;96.16;96.422;3000;41
2026-06-08T09:09:08.0000000Z;96.162;96.422;450;41
2026-06-08T09:09:12.0000000Z;96.154;96.422;41;41
2026-06-08T09:09:13.0000000Z;96.16;96.422;3000;41
2026-06-08T09:09:14.0000000Z;96.156;96.422;450;41
2026-06-08T09:09:16.0000000Z;96.154;96.422;41;41
2026-06-08T09:09:17.0000000Z;96.154;96.42;41;450
2026-06-08T09:09:18.0000000Z;96.16;96.422;41;41
2026-06-08T09:09:19.0000000Z;96.162;96.422;450;41
2026-06-08T09:09:23.0000000Z;96.154;96.422;41;41
2026-06-08T09:09:24.0000000Z;96.16;96.422;3000;41
2026-06-08T09:09:26.0000000Z;96.156;96.422;450;41
2026-06-08T09:09:28.0000000Z;96.154;96.422;41;41
2026-06-08T09:09:29.0000000Z;96.154;96.42;41;450
2026-06-08T09:09:30.0000000Z;96.16;96.422;41;41
2026-06-08T09:09:31.0000000Z;96.162;96.422;450;41
2026-06-08T09:09:35.0000000Z;96.154;96.422;41;41
2026-06-08T09:09:36.0000000Z;96.16;96.422;3000;41
2026-06-08T09:09:38.0000000Z;96.156;96.422;450;41
2026-06-08T09:09:40.0000000Z;96.154;96.422;41;41
2026-06-08T09:09:41.0000000Z;96.154;96.42;41;450
2026-06-08T09:09:42.0000000Z;96.158;96.414;712;41
2026-06-08T09:09:43.0000000Z;96.162;96.414;450;41
2026-06-08T09:09:44.0000000Z;96.162;96.414;450;41
2026-06-08T09:09:47.0000000Z;96.154;96.414;41;41
2026-06-08T09:09:48.0000000Z;96.16;96.414;3000;41
2026-06-08T09:09:50.0000000Z;96.158;96.414;41;41
2026-06-08T09:09:52.0000000Z;96.154;96.414;41;41
2026-06-08T09:09:53.0000000Z;96.154;96.412;41;450
2026-06-08T09:09:54.0000000Z;96.16;96.414;41;41
2026-06-08T09:09:55.0000000Z;96.162;96.414;450;41
2026-06-08T09:09:59.0000000Z;96.16;96.414;3000;41
2026-06-08T09:09:59.0000000Z;96.154;96.414;41;41
2026-06-08T09:10:00.0000000Z;96.16;96.414;3000;41
2026-06-08T09:10:01.0000000Z;96.154;96.41;41;41
2026-06-08T09:10:02.0000000Z;96.156;96.41;450;3000
2026-06-08T09:10:03.0000000Z;96.154;96.408;41;450
2026-06-08T09:10:04.0000000Z;96.154;96.41;41;41
2026-06-08T09:10:05.0000000Z;96.154;96.406;41;41
2026-06-08T09:10:06.0000000Z;96.16;96.406;41;41
2026-06-08T09:10:07.0000000Z;96.162;96.406;450;41
2026-06-08T09:10:09.0000000Z;96.162;96.404;450;450
2026-06-08T09:10:10.0000000Z;96.16;96.406;41;41
2026-06-08T09:10:11.0000000Z;96.154;96.406;41;41
2026-06-08T09:10:12.0000000Z;96.16;96.406;3000;41
2026-06-08T09:10:14.0000000Z;96.158;96.406;41;41
2026-06-08T09:10:15.0000000Z;96.154;96.406;41;41
2026-06-08T09:10:16.0000000Z;96.154;96.406;41;41
2026-06-08T09:10:17.0000000Z;96.154;96.404;41;450
2026-06-08T09:10:18.0000000Z;96.16;96.406;41;41
2026-06-08T09:10:19.0000000Z;96.162;96.406;450;41
2026-06-08T09:10:23.0000000Z;96.154;96.406;41;41
2026-06-08T09:10:24.0000000Z;96.16;96.406;3000;41
2026-06-08T09:10:26.0000000Z;96.158;96.406;41;41
2026-06-08T09:10:28.0000000Z;96.154;96.406;41;41
2026-06-08T09:10:29.0000000Z;96.154;96.404;41;450
2026-06-08T09:10:30.0000000Z;96.158;96.416;41;41
2026-06-08T09:10:31.0000000Z;96.16;96.416;41;41
2026-06-08T09:10:32.0000000Z;96.16;96.416;41;41
2026-06-08T09:10:33.0000000Z;96.16;96.416;41;41
2026-06-08T09:10:34.0000000Z;96.16;96.416;41;41
2026-06-08T09:10:35.0000000Z;96.16;96.416;41;41
2026-06-08T09:10:36.0000000Z;96.154;96.416;41;41
2026-06-08T09:10:37.0000000Z;96.154;96.416;41;41
2026-06-08T09:10:38.0000000Z;96.154;96.416;41;41
2026-06-08T09:10:39.0000000Z;96.154;96.416;41;41
2026-06-08T09:10:40.0000000Z;96.154;96.416;41;41
2026-06-08T09:10:41.0000000Z;96.154;96.416;41;41
2026-06-08T09:10:42.0000000Z;96.16;96.416;41;41
2026-06-08T09:10:43.0000000Z;96.16;96.416;41;41
2026-06-08T09:10:44.0000000Z;96.16;96.416;41;41
2026-06-08T09:10:45.0000000Z;96.16;96.416;41;41
2026-06-08T09:10:47.0000000Z;96.154;96.416;41;41
2026-06-08T09:10:48.0000000Z;96.16;96.416;3000;41
2026-06-08T09:10:50.0000000Z;96.154;96.412;41;41
2026-06-08T09:10:51.0000000Z;96.158;96.41;41;450
2026-06-08T09:10:52.0000000Z;96.154;96.412;41;41
2026-06-08T09:10:53.0000000Z;96.154;96.41;41;450
2026-06-08T09:10:54.0000000Z;96.16;96.412;41;41
2026-06-08T09:10:55.0000000Z;96.162;96.412;450;41
2026-06-08T09:10:56.0000000Z;96.162;96.41;450;450
2026-06-08T09:10:59.0000000Z;96.16;96.412;3000;41
2026-06-08T09:10:59.0000000Z;96.154;96.412;41;41
2026-06-08T09:11:00.0000000Z;96.16;96.412;3000;41
2026-06-08T09:11:01.0000000Z;96.158;96.412;41;41
2026-06-08T09:11:02.0000000Z;96.154;96.408;41;41
2026-06-08T09:11:03.0000000Z;96.154;96.406;41;450
2026-06-08T09:11:04.0000000Z;96.154;96.408;41;41
2026-06-08T09:11:05.0000000Z;96.154;96.406;41;450
2026-06-08T09:11:06.0000000Z;96.16;96.408;41;41
2026-06-08T09:11:07.0000000Z;96.162;96.406;450;450
2026-06-08T09:11:11.0000000Z;96.154;96.408;41;41
2026-06-08T09:11:12.0000000Z;96.16;96.408;3000;41
2026-06-08T09:11:13.0000000Z;96.156;96.406;450;450
2026-06-08T09:11:16.0000000Z;96.154;96.408;41;41
2026-06-08T09:11:17.0000000Z;96.154;96.406;41;450
2026-06-08T09:11:18.0000000Z;96.16;96.408;41;41
2026-06-08T09:11:19.0000000Z;96.16;96.408;3000;41
2026-06-08T09:11:20.0000000Z;96.162;96.408;450;41
2026-06-08T09:11:23.0000000Z;96.154;96.408;41;41
2026-06-08T09:11:25.0000000Z;96.16;96.408;3000;41
2026-06-08T09:11:26.0000000Z;96.156;96.408;450;41
2026-06-08T09:11:28.0000000Z;96.154;96.408;41;41
2026-06-08T09:11:29.0000000Z;96.154;96.406;41;450
2026-06-08T09:11:31.0000000Z;96.16;96.408;41;41
2026-06-08T09:11:32.0000000Z;96.162;96.408;450;41
2026-06-08T09:11:35.0000000Z;96.16;96.408;41;41
2026-06-08T09:11:36.0000000Z;96.154;96.408;41;41
2026-06-08T09:11:37.0000000Z;96.154;96.408;41;41
2026-06-08T09:11:38.0000000Z;96.154;96.408;41;41
2026-06-08T09:11:39.0000000Z;96.154;96.408;41;41
2026-06-08T09:11:40.0000000Z;96.154;96.408;41;41
2026-06-08T09:11:41.0000000Z;96.154;96.406;41;450
2026-06-08T09:11:42.0000000Z;96.16;96.408;41;41
2026-06-08T09:11:43.0000000Z;96.16;96.408;3000;41
2026-06-08T09:11:44.0000000Z;96.162;96.408;450;41
2026-06-08T09:11:47.0000000Z;96.154;96.408;41;41
2026-06-08T09:11:49.0000000Z;96.16;96.408;3000;41
2026-06-08T09:11:50.0000000Z;96.156;96.408;450;41
2026-06-08T09:11:52.0000000Z;96.154;96.408;41;41
2026-06-08T09:11:53.0000000Z;96.154;96.406;41;450
2026-06-08T09:11:54.0000000Z;96.16;96.408;41;41
2026-06-08T09:11:55.0000000Z;96.162;96.408;450;41
2026-06-08T09:11:59.0000000Z;96.16;96.408;3000;41
2026-06-08T09:11:59.0000000Z;96.154;96.408;41;41
2026-06-08T09:12:00.0000000Z;96.16;96.408;3000;41
2026-06-08T09:12:02.0000000Z;96.158;96.408;41;41
2026-06-08T09:12:04.0000000Z;96.154;96.408;41;41
2026-06-08T09:12:06.0000000Z;96.16;96.408;41;41
2026-06-08T09:12:07.0000000Z;96.162;96.408;450;41
2026-06-08T09:12:11.0000000Z;96.154;96.408;41;41
2026-06-08T09:12:12.0000000Z;96.16;96.408;3000;41
2026-06-08T09:12:14.0000000Z;96.158;96.408;41;41
2026-06-08T09:12:16.0000000Z;96.154;96.408;41;41
2026-06-08T09:12:17.0000000Z;96.154;96.406;41;450
2026-06-08T09:12:18.0000000Z;96.16;96.408;41;41
2026-06-08T09:12:19.0000000Z;96.162;96.408;450;41
2026-06-08T09:12:22.0000000Z;96.16;96.408;41;41
2026-06-08T09:12:23.0000000Z;96.154;96.408;41;41
2026-06-08T09:12:25.0000000Z;96.16;96.408;3000;41
2026-06-08T09:12:26.0000000Z;96.156;96.408;450;41
2026-06-08T09:12:28.0000000Z;96.154;96.408;41;41
2026-06-08T09:12:29.0000000Z;96.154;96.406;41;450
2026-06-08T09:12:31.0000000Z;96.16;96.408;41;41
2026-06-08T09:12:32.0000000Z;96.162;96.408;450;41
2026-06-08T09:12:36.0000000Z;96.154;96.408;41;41
2026-06-08T09:12:37.0000000Z;96.16;96.408;3000;41
2026-06-08T09:12:38.0000000Z;96.158;96.408;41;41
2026-06-08T09:12:40.0000000Z;96.154;96.408;41;41
2026-06-08T09:12:41.0000000Z;96.156;96.406;450;450
2026-06-08T09:12:42.0000000Z;96.16;96.408;41;41
2026-06-08T09:12:43.0000000Z;96.16;96.408;3000;41
2026-06-08T09:12:44.0000000Z;96.162;96.408;450;41
2026-06-08T09:12:47.0000000Z;96.154;96.408;41;41
2026-06-08T09:12:48.0000000Z;96.16;96.408;3000;41
2026-06-08T09:12:50.0000000Z;96.158;96.408;41;41
2026-06-08T09:12:52.0000000Z;96.154;96.408;41;41
2026-06-08T09:12:53.0000000Z;96.154;96.406;41;450
2026-06-08T09:12:54.0000000Z;96.16;96.408;41;41
2026-06-08T09:12:55.0000000Z;96.16;96.408;3000;41
2026-06-08T09:12:56.0000000Z;96.162;96.408;450;41
2026-06-08T09:12:59.0000000Z;96.16;96.408;3000;41
2026-06-08T09:12:59.0000000Z;96.154;96.408;41;41
2026-06-08T09:13:00.0000000Z;96.16;96.408;3000;41
2026-06-08T09:13:02.0000000Z;96.156;96.408;450;41
2026-06-08T09:13:04.0000000Z;96.154;96.408;41;41
2026-06-08T09:13:05.0000000Z;96.154;96.406;41;450
2026-06-08T09:13:06.0000000Z;96.16;96.408;41;41
2026-06-08T09:13:07.0000000Z;96.162;96.408;450;41
2026-06-08T09:13:11.0000000Z;96.154;96.408;41;41
2026-06-08T09:13:13.0000000Z;96.16;96.408;3000;41
2026-06-08T09:13:14.0000000Z;96.158;96.408;41;41
2026-06-08T09:13:16.0000000Z;96.154;96.408;41;41
2026-06-08T09:13:17.0000000Z;96.154;96.406;41;450
2026-06-08T09:13:18.0000000Z;96.16;96.408;41;41
2026-06-08T09:13:19.0000000Z;96.162;96.408;450;41
2026-06-08T09:13:21.0000000Z;96.162;96.408;450;41
2026-06-08T09:13:23.0000000Z;96.154;96.408;41;41
2026-06-08T09:13:25.0000000Z;96.16;96.408;3000;41
2026-06-08T09:13:26.0000000Z;96.158;96.408;41;41
2026-06-08T09:13:28.0000000Z;96.154;96.408;41;41
2026-06-08T09:13:29.0000000Z;96.156;96.406;450;450
2026-06-08T09:13:30.0000000Z;96.16;96.408;41;41
2026-06-08T09:13:31.0000000Z;96.16;96.408;3000;41
2026-06-08T09:13:32.0000000Z;96.162;96.408;450;41
2026-06-08T09:13:35.0000000Z;96.154;96.408;41;41
2026-06-08T09:13:36.0000000Z;96.16;96.408;3000;41
2026-06-08T09:13:38.0000000Z;96.156;96.408;450;41
2026-06-08T09:13:40.0000000Z;96.154;96.408;41;41
2026-06-08T09:13:41.0000000Z;96.154;96.406;41;450
2026-06-08T09:13:43.0000000Z;96.16;96.408;41;41
2026-06-08T09:13:44.0000000Z;96.162;96.408;450;41
2026-06-08T09:13:48.0000000Z;96.154;96.408;41;41
2026-06-08T09:13:49.0000000Z;96.16;96.408;3000;41
2026-06-08T09:13:50.0000000Z;96.156;96.408;450;41
2026-06-08T09:13:52.0000000Z;96.154;96.408;41;41
2026-06-08T09:13:53.0000000Z;96.154;96.406;41;450
2026-06-08T09:13:55.0000000Z;96.16;96.408;41;41
2026-06-08T09:13:56.0000000Z;96.162;96.408;450;41
2026-06-08T09:14:00.0000000Z;96.154;96.408;41;41
2026-06-08T09:14:01.0000000Z;96.16;96.408;3000;41
2026-06-08T09:14:02.0000000Z;96.154;96.408;41;41
2026-06-08T09:14:04.0000000Z;96.154;96.408;41;41
2026-06-08T09:14:05.0000000Z;96.154;96.406;41;450
2026-06-08T09:14:07.0000000Z;96.16;96.408;41;41
2026-06-08T09:14:08.0000000Z;96.162;96.408;450;41
2026-06-08T09:14:12.0000000Z;96.154;96.408;41;41
2026-06-08T09:14:13.0000000Z;96.16;96.408;3000;41
2026-06-08T09:14:14.0000000Z;96.156;96.408;450;41
2026-06-08T09:14:16.0000000Z;96.154;96.408;41;41
2026-06-08T09:14:17.0000000Z;96.154;96.406;41;450
2026-06-08T09:14:18.0000000Z;96.16;96.408;41;41
2026-06-08T09:14:19.0000000Z;96.16;96.408;3000;41
2026-06-08T09:14:20.0000000Z;96.162;96.408;450;41
2026-06-08T09:14:22.0000000Z;96.162;96.408;450;41
2026-06-08T09:14:23.0000000Z;96.154;96.408;41;41
2026-06-08T09:14:24.0000000Z;96.16;96.408;3000;41
2026-06-08T09:14:26.0000000Z;96.158;96.408;41;41
2026-06-08T09:14:27.0000000Z;96.156;96.408;450;41
2026-06-08T09:14:28.0000000Z;96.154;96.408;41;41
2026-06-08T09:14:29.0000000Z;96.154;96.406;41;450
2026-06-08T09:14:30.0000000Z;96.16;96.408;41;41
2026-06-08T09:14:31.0000000Z;96.162;96.408;450;41
2026-06-08T09:14:35.0000000Z;96.154;96.408;41;41
2026-06-08T09:14:36.0000000Z;96.16;96.408;3000;41
2026-06-08T09:14:38.0000000Z;96.158;96.408;41;41
2026-06-08T09:14:40.0000000Z;96.154;96.408;41;41
2026-06-08T09:14:41.0000000Z;96.154;96.406;41;450
2026-06-08T09:14:42.0000000Z;96.16;96.408;41;41
2026-06-08T09:14:43.0000000Z;96.16;96.408;3000;41
2026-06-08T09:14:44.0000000Z;96.162;96.408;450;41
2026-06-08T09:14:47.0000000Z;96.154;96.408;41;41
2026-06-08T09:14:49.0000000Z;96.16;96.408;3000;41
2026-06-08T09:14:50.0000000Z;96.158;96.408;41;41
2026-06-08T09:14:52.0000000Z;96.154;96.408;41;41
2026-06-08T09:14:53.0000000Z;96.154;96.406;41;450
2026-06-08T09:14:54.0000000Z;96.16;96.408;41;41
2026-06-08T09:14:55.0000000Z;96.162;96.408;450;41
2026-06-08T09:14:59.0000000Z;96.16;96.408;3000;41
2026-06-08T09:14:59.0000000Z;96.154;96.408;41;41
2026-06-08T09:15:00.0000000Z;96.16;96.408;3000;41
2026-06-08T09:15:01.0000000Z;96.156;96.408;450;41
2026-06-08T09:15:04.0000000Z;96.154;96.408;41;41
2026-06-08T09:15:05.0000000Z;96.154;96.406;41;450
2026-06-08T09:15:06.0000000Z;96.16;96.408;41;41
2026-06-08T09:15:07.0000000Z;96.162;96.408;450;41
2026-06-08T09:15:11.0000000Z;96.154;96.408;41;41
2026-06-08T09:15:12.0000000Z;96.16;96.408;3000;41
2026-06-08T09:15:13.0000000Z;96.156;96.408;450;41
2026-06-08T09:15:16.0000000Z;96.154;96.408;41;41
2026-06-08T09:15:17.0000000Z;96.154;96.406;41;450
2026-06-08T09:15:18.0000000Z;96.16;96.408;41;41
2026-06-08T09:15:19.0000000Z;96.162;96.408;450;41
2026-06-08T09:15:23.0000000Z;96.154;96.408;41;41
2026-06-08T09:15:25.0000000Z;96.156;96.408;450;41
2026-06-08T09:15:28.0000000Z;96.154;96.408;41;41
2026-06-08T09:15:29.0000000Z;96.154;96.406;41;450
2026-06-08T09:15:30.0000000Z;96.16;96.408;41;41
2026-06-08T09:15:31.0000000Z;96.162;96.408;450;41
2026-06-08T09:15:32.0000000Z;96.162;96.408;450;41
2026-06-08T09:15:35.0000000Z;96.154;96.408;41;41
2026-06-08T09:15:36.0000000Z;96.16;96.408;3000;41
2026-06-08T09:15:37.0000000Z;96.156;96.408;450;41
2026-06-08T09:15:40.0000000Z;96.154;96.408;41;41
2026-06-08T09:15:41.0000000Z;96.154;96.406;41;450
2026-06-08T09:15:42.0000000Z;96.16;96.408;41;41
2026-06-08T09:15:43.0000000Z;96.162;96.408;450;41
2026-06-08T09:15:47.0000000Z;96.154;96.408;41;41
2026-06-08T09:15:48.0000000Z;96.16;96.408;3000;41
2026-06-08T09:15:49.0000000Z;96.156;96.408;450;41
2026-06-08T09:15:52.0000000Z;96.154;96.408;41;41
2026-06-08T09:15:53.0000000Z;96.154;96.406;41;450
2026-06-08T09:15:54.0000000Z;96.16;96.408;41;41
2026-06-08T09:15:55.0000000Z;96.16;96.408;3000;41
2026-06-08T09:15:56.0000000Z;96.162;96.408;450;41
2026-06-08T09:15:58.0000000Z;96.162;96.408;450;41
2026-06-08T09:15:59.0000000Z;96.16;96.408;3000;41
2026-06-08T09:15:59.0000000Z;96.154;96.408;41;41
2026-06-08T09:16:00.0000000Z;96.16;96.408;3000;41
2026-06-08T09:16:01.0000000Z;96.158;96.408;41;41
2026-06-08T09:16:04.0000000Z;96.154;96.408;41;41
2026-06-08T09:16:05.0000000Z;96.154;96.404;41;3000
2026-06-08T09:16:06.0000000Z;96.16;96.408;41;41
2026-06-08T09:16:07.0000000Z;96.162;96.406;450;491
2026-06-08T09:16:11.0000000Z;96.154;96.408;41;41
2026-06-08T09:16:12.0000000Z;96.16;96.408;3000;41
2026-06-08T09:16:13.0000000Z;96.158;96.408;41;41
2026-06-08T09:16:16.0000000Z;96.154;96.408;41;41
2026-06-08T09:16:17.0000000Z;96.156;96.406;450;450
2026-06-08T09:16:19.0000000Z;96.16;96.408;41;41
2026-06-08T09:16:20.0000000Z;96.162;96.408;450;41
2026-06-08T09:16:21.0000000Z;96.162;96.408;450;41
2026-06-08T09:16:24.0000000Z;96.154;96.408;41;41
2026-06-08T09:16:25.0000000Z;96.156;96.408;450;41
2026-06-08T09:16:28.0000000Z;96.154;96.408;41;41
2026-06-08T09:16:29.0000000Z;96.154;96.406;41;450
2026-06-08T09:16:30.0000000Z;96.16;96.408;41;41
2026-06-08T09:16:31.0000000Z;96.16;96.408;3000;41
2026-06-08T09:16:32.0000000Z;96.162;96.408;450;41
2026-06-08T09:16:35.0000000Z;96.154;96.408;41;41
2026-06-08T09:16:36.0000000Z;96.16;96.408;3000;41
2026-06-08T09:16:37.0000000Z;96.156;96.408;450;41
2026-06-08T09:16:40.0000000Z;96.154;96.408;41;41
2026-06-08T09:16:41.0000000Z;96.154;96.406;41;450
2026-06-08T09:16:42.0000000Z;96.16;96.408;41;41
2026-06-08T09:16:43.0000000Z;96.162;96.408;450;41
2026-06-08T09:16:47.0000000Z;96.154;96.408;41;41
2026-06-08T09:16:48.0000000Z;96.16;96.408;3000;41
2026-06-08T09:16:49.0000000Z;96.156;96.408;450;41
2026-06-08T09:16:52.0000000Z;96.154;96.408;41;41
2026-06-08T09:16:53.0000000Z;96.154;96.406;41;450
2026-06-08T09:16:54.0000000Z;96.16;96.408;41;41
2026-06-08T09:16:55.0000000Z;96.16;96.408;3000;41
2026-06-08T09:16:56.0000000Z;96.162;96.408;450;41
2026-06-08T09:16:59.0000000Z;96.16;96.408;3000;41
2026-06-08T09:16:59.0000000Z;96.154;96.408;41;41
2026-06-08T09:17:01.0000000Z;96.156;96.408;450;41
2026-06-08T09:17:04.0000000Z;96.154;96.408;41;41
2026-06-08T09:17:05.0000000Z;96.154;96.406;41;450
2026-06-08T09:17:06.0000000Z;96.16;96.408;41;41
2026-06-08T09:17:07.0000000Z;96.162;96.408;450;41
2026-06-08T09:17:11.0000000Z;96.154;96.408;41;41
2026-06-08T09:17:12.0000000Z;96.16;96.408;3000;41
2026-06-08T09:17:13.0000000Z;96.156;96.408;450;41
2026-06-08T09:17:16.0000000Z;96.154;96.408;41;41
2026-06-08T09:17:17.0000000Z;96.154;96.406;41;450
2026-06-08T09:17:18.0000000Z;96.16;96.408;41;41
2026-06-08T09:17:19.0000000Z;96.162;96.408;450;41
2026-06-08T09:17:23.0000000Z;96.16;96.408;41;41
2026-06-08T09:17:24.0000000Z;96.16;96.408;3000;41
2026-06-08T09:17:26.0000000Z;96.16;96.408;3000;41
2026-06-08T09:17:27.0000000Z;96.156;96.408;450;41
2026-06-08T09:17:29.0000000Z;96.154;96.408;41;41
2026-06-08T09:17:30.0000000Z;96.16;96.408;41;41
2026-06-08T09:17:31.0000000Z;96.162;96.408;450;41
2026-06-08T09:17:35.0000000Z;96.154;96.408;41;41
2026-06-08T09:17:37.0000000Z;96.156;96.408;450;41
2026-06-08T09:17:40.0000000Z;96.154;96.408;41;41
2026-06-08T09:17:42.0000000Z;96.16;96.408;41;41
2026-06-08T09:17:43.0000000Z;96.16;96.408;3000;41
2026-06-08T09:17:44.0000000Z;96.162;96.408;450;41
2026-06-08T09:17:47.0000000Z;96.154;96.408;41;41
2026-06-08T09:17:48.0000000Z;96.16;96.408;3000;41
2026-06-08T09:17:49.0000000Z;96.156;96.408;450;41
2026-06-08T09:17:52.0000000Z;96.154;96.408;41;41
2026-06-08T09:17:53.0000000Z;96.154;96.406;41;450
2026-06-08T09:17:55.0000000Z;96.16;96.408;41;41
2026-06-08T09:17:56.0000000Z;96.162;96.408;450;41
2026-06-08T09:17:59.0000000Z;96.162;96.408;450;41
2026-06-08T09:18:00.0000000Z;96.154;96.408;41;41
2026-06-08T09:18:01.0000000Z;96.158;96.408;41;41
2026-06-08T09:18:04.0000000Z;96.154;96.408;41;41
2026-06-08T09:18:05.0000000Z;96.154;96.406;41;450
2026-06-08T09:18:06.0000000Z;96.156;96.406;450;450
2026-06-08T09:18:07.0000000Z;96.16;96.408;41;41
2026-06-08T09:18:08.0000000Z;96.162;96.408;450;41
2026-06-08T09:18:12.0000000Z;96.154;96.408;41;41
2026-06-08T09:18:13.0000000Z;96.16;96.408;3000;41
2026-06-08T09:18:14.0000000Z;96.156;96.408;450;41
2026-06-08T09:18:16.0000000Z;96.154;96.408;41;41
2026-06-08T09:18:17.0000000Z;96.154;96.406;41;450
2026-06-08T09:18:18.0000000Z;96.16;96.408;41;41
2026-06-08T09:18:19.0000000Z;96.16;96.408;3000;41
2026-06-08T09:18:20.0000000Z;96.162;96.408;450;41
2026-06-08T09:18:23.0000000Z;96.154;96.408;41;41
2026-06-08T09:18:24.0000000Z;96.16;96.408;3000;41
2026-06-08T09:18:26.0000000Z;96.158;96.408;41;41
2026-06-08T09:18:28.0000000Z;96.154;96.408;41;41
2026-06-08T09:18:29.0000000Z;96.156;96.406;450;450
2026-06-08T09:18:31.0000000Z;96.16;96.408;41;41
2026-06-08T09:18:32.0000000Z;96.162;96.408;450;41
2026-06-08T09:18:36.0000000Z;96.154;96.408;41;41
2026-06-08T09:18:37.0000000Z;96.16;96.408;3000;41
2026-06-08T09:18:38.0000000Z;96.156;96.408;450;41
2026-06-08T09:18:40.0000000Z;96.154;96.408;41;41
2026-06-08T09:18:41.0000000Z;96.154;96.406;41;450
2026-06-08T09:18:43.0000000Z;96.16;96.408;41;41
2026-06-08T09:18:44.0000000Z;96.162;96.408;450;41
2026-06-08T09:18:48.0000000Z;96.154;96.408;41;41
2026-06-08T09:18:49.0000000Z;96.16;96.408;3000;41
2026-06-08T09:18:50.0000000Z;96.156;96.408;450;41
2026-06-08T09:18:52.0000000Z;96.154;96.408;41;41
2026-06-08T09:18:53.0000000Z;96.154;96.406;41;450
2026-06-08T09:18:55.0000000Z;96.16;96.408;41;41
2026-06-08T09:18:56.0000000Z;96.162;96.408;450;41
2026-06-08T09:18:58.0000000Z;96.162;96.408;450;41
2026-06-08T09:19:00.0000000Z;96.154;96.408;41;41
2026-06-08T09:19:01.0000000Z;96.16;96.408;3000;41
2026-06-08T09:19:02.0000000Z;96.158;96.408;41;41
2026-06-08T09:19:04.0000000Z;96.154;96.408;41;41
2026-06-08T09:19:05.0000000Z;96.154;96.406;41;450
2026-06-08T09:19:06.0000000Z;96.16;96.408;41;41
2026-06-08T09:19:07.0000000Z;96.16;96.408;3000;41
2026-06-08T09:19:08.0000000Z;96.162;96.408;450;41
2026-06-08T09:19:11.0000000Z;96.154;96.408;41;41
2026-06-08T09:19:12.0000000Z;96.16;96.408;3000;41
2026-06-08T09:19:14.0000000Z;96.158;96.408;41;41
2026-06-08T09:19:16.0000000Z;96.156;96.408;450;41
2026-06-08T09:19:17.0000000Z;96.154;96.408;41;41
2026-06-08T09:19:18.0000000Z;96.16;96.408;41;41
2026-06-08T09:19:19.0000000Z;96.16;96.408;3000;41
2026-06-08T09:19:20.0000000Z;96.162;96.408;450;41
2026-06-08T09:19:21.0000000Z;96.162;96.408;450;41
2026-06-08T09:19:23.0000000Z;96.154;96.408;41;41
2026-06-08T09:19:25.0000000Z;96.16;96.408;3000;41
2026-06-08T09:19:26.0000000Z;96.156;96.408;450;41
2026-06-08T09:19:28.0000000Z;96.154;96.408;41;41
2026-06-08T09:19:29.0000000Z;96.154;96.406;41;450
2026-06-08T09:19:30.0000000Z;96.16;96.408;41;41
2026-06-08T09:19:31.0000000Z;96.16;96.408;3000;41
2026-06-08T09:19:32.0000000Z;96.162;96.408;450;41
2026-06-08T09:19:35.0000000Z;96.154;96.408;41;41
2026-06-08T09:19:36.0000000Z;96.16;96.408;3000;41
2026-06-08T09:19:38.0000000Z;96.158;96.408;41;41
2026-06-08T09:19:40.0000000Z;96.154;96.408;41;41
2026-06-08T09:19:41.0000000Z;96.154;96.406;41;450
2026-06-08T09:19:43.0000000Z;96.16;96.408;3000;41
2026-06-08T09:19:44.0000000Z;96.162;96.408;450;41
2026-06-08T09:19:48.0000000Z;96.154;96.408;41;41
2026-06-08T09:19:49.0000000Z;96.16;96.408;3000;41
2026-06-08T09:19:50.0000000Z;96.156;96.408;450;41
2026-06-08T09:19:52.0000000Z;96.154;96.408;41;41
2026-06-08T09:19:53.0000000Z;96.154;96.406;41;450
2026-06-08T09:19:55.0000000Z;96.16;96.408;41;41
2026-06-08T09:19:56.0000000Z;96.162;96.408;450;41
2026-06-08T09:19:59.0000000Z;96.162;96.408;450;41
2026-06-08T09:20:00.0000000Z;96.154;96.408;41;41
2026-06-08T09:20:01.0000000Z;96.16;96.408;3000;41
2026-06-08T09:20:02.0000000Z;96.158;96.408;41;41
2026-06-08T09:20:04.0000000Z;96.154;96.408;41;41
2026-06-08T09:20:05.0000000Z;96.156;96.406;450;450
2026-06-08T09:20:07.0000000Z;96.16;96.408;41;41
2026-06-08T09:20:08.0000000Z;96.162;96.408;450;41
2026-06-08T09:20:10.0000000Z;96.16;96.422;41;41
2026-06-08T09:20:11.0000000Z;96.16;96.408;41;3000
2026-06-08T09:20:12.0000000Z;96.154;96.41;41;41
2026-06-08T09:20:13.0000000Z;96.16;96.41;3000;41
2026-06-08T09:20:14.0000000Z;96.156;96.42;450;450
2026-06-08T09:20:16.0000000Z;96.154;96.422;41;41
2026-06-08T09:20:17.0000000Z;96.154;96.42;41;450
2026-06-08T09:20:18.0000000Z;96.16;96.422;41;41
2026-06-08T09:20:19.0000000Z;96.162;96.422;450;41
2026-06-08T09:20:23.0000000Z;96.154;96.422;41;41
2026-06-08T09:20:25.0000000Z;96.16;96.422;3000;41
2026-06-08T09:20:26.0000000Z;96.156;96.422;450;41
2026-06-08T09:20:28.0000000Z;96.154;96.422;41;41
2026-06-08T09:20:29.0000000Z;96.154;96.42;41;450
2026-06-08T09:20:31.0000000Z;96.16;96.422;41;41
2026-06-08T09:20:32.0000000Z;96.162;96.422;450;41
2026-06-08T09:20:35.0000000Z;96.162;96.422;450;41
2026-06-08T09:20:36.0000000Z;96.154;96.422;41;41
2026-06-08T09:20:37.0000000Z;96.16;96.422;3000;41
2026-06-08T09:20:38.0000000Z;96.158;96.422;41;41
2026-06-08T09:20:40.0000000Z;96.154;96.422;41;41
2026-06-08T09:20:41.0000000Z;96.154;96.42;41;450
2026-06-08T09:20:42.0000000Z;96.16;96.422;41;41
2026-06-08T09:20:43.0000000Z;96.162;96.422;450;41
2026-06-08T09:20:45.0000000Z;96.16;96.422;41;41
2026-06-08T09:20:47.0000000Z;96.154;96.422;41;41
2026-06-08T09:20:48.0000000Z;96.16;96.422;3000;41
2026-06-08T09:20:50.0000000Z;96.156;96.422;450;41
2026-06-08T09:20:52.0000000Z;96.154;96.422;41;41
2026-06-08T09:20:53.0000000Z;96.154;96.42;41;450
2026-06-08T09:20:54.0000000Z;96.16;96.422;41;41
2026-06-08T09:20:56.0000000Z;96.162;96.422;450;41
2026-06-08T09:20:59.0000000Z;96.16;96.422;3000;41
2026-06-08T09:20:59.0000000Z;96.154;96.422;41;41
2026-06-08T09:21:00.0000000Z;96.16;96.422;3000;41
2026-06-08T09:21:02.0000000Z;96.156;96.422;450;41
2026-06-08T09:21:04.0000000Z;96.154;96.422;41;41
2026-06-08T09:21:05.0000000Z;96.154;96.42;41;450
2026-06-08T09:21:06.0000000Z;96.16;96.422;41;41
2026-06-08T09:21:07.0000000Z;96.162;96.422;450;41
2026-06-08T09:21:11.0000000Z;96.154;96.422;41;41
2026-06-08T09:21:12.0000000Z;96.156;96.422;450;41
2026-06-08T09:21:16.0000000Z;96.154;96.422;41;41
2026-06-08T09:21:17.0000000Z;96.154;96.42;41;450
2026-06-08T09:21:18.0000000Z;96.16;96.422;41;41
2026-06-08T09:21:19.0000000Z;96.162;96.422;450;41
2026-06-08T09:21:23.0000000Z;96.154;96.422;41;41
2026-06-08T09:21:24.0000000Z;96.156;96.422;450;41
2026-06-08T09:21:28.0000000Z;96.154;96.422;41;41
2026-06-08T09:21:29.0000000Z;96.154;96.42;41;450
2026-06-08T09:21:30.0000000Z;96.16;96.422;41;41
2026-06-08T09:21:31.0000000Z;96.162;96.422;450;41
2026-06-08T09:21:35.0000000Z;96.154;96.422;41;41
2026-06-08T09:21:36.0000000Z;96.158;96.422;41;41
2026-06-08T09:21:37.0000000Z;96.158;96.422;41;41
2026-06-08T09:21:40.0000000Z;96.154;96.414;41;3000
2026-06-08T09:21:41.0000000Z;96.156;96.412;450;450
2026-06-08T09:21:43.0000000Z;96.16;96.414;41;41
2026-06-08T09:21:44.0000000Z;96.162;96.414;450;41
2026-06-08T09:21:48.0000000Z;96.154;96.414;41;41
2026-06-08T09:21:49.0000000Z;96.16;96.414;3000;41
2026-06-08T09:21:50.0000000Z;96.156;96.414;450;41
2026-06-08T09:21:52.0000000Z;96.154;96.414;41;41
2026-06-08T09:21:54.0000000Z;96.16;96.414;41;41
2026-06-08T09:21:55.0000000Z;96.16;96.414;3000;41
2026-06-08T09:21:56.0000000Z;96.162;96.414;450;41
2026-06-08T09:21:59.0000000Z;96.16;96.414;3000;41
2026-06-08T09:21:59.0000000Z;96.154;96.414;41;41
2026-06-08T09:22:00.0000000Z;96.16;96.41;3000;41
2026-06-08T09:22:01.0000000Z;96.16;96.408;3000;450
2026-06-08T09:22:02.0000000Z;96.158;96.408;41;450
2026-06-08T09:22:04.0000000Z;96.154;96.41;41;41
2026-06-08T09:22:05.0000000Z;96.154;96.408;41;450
2026-06-08T09:22:06.0000000Z;96.16;96.41;41;41
2026-06-08T09:22:07.0000000Z;96.162;96.41;450;41
2026-06-08T09:22:11.0000000Z;96.154;96.41;41;41
2026-06-08T09:22:13.0000000Z;96.16;96.41;3000;41
2026-06-08T09:22:15.0000000Z;96.156;96.41;450;41
2026-06-08T09:22:16.0000000Z;96.154;96.41;41;41
2026-06-08T09:22:17.0000000Z;96.154;96.408;41;450
2026-06-08T09:22:18.0000000Z;96.16;96.41;41;41
2026-06-08T09:22:19.0000000Z;96.162;96.41;450;41
2026-06-08T09:22:23.0000000Z;96.154;96.41;41;41
2026-06-08T09:22:24.0000000Z;96.16;96.41;3000;41
2026-06-08T09:22:27.0000000Z;96.156;96.41;450;41
2026-06-08T09:22:28.0000000Z;96.154;96.41;41;41
2026-06-08T09:22:29.0000000Z;96.154;96.408;41;450
2026-06-08T09:22:31.0000000Z;96.16;96.41;41;41
2026-06-08T09:22:32.0000000Z;96.162;96.41;450;41
2026-06-08T09:22:36.0000000Z;96.154;96.41;41;41
2026-06-08T09:22:37.0000000Z;96.16;96.41;3000;41
2026-06-08T09:22:39.0000000Z;96.156;96.41;450;41
2026-06-08T09:22:40.0000000Z;96.154;96.426;41;41
2026-06-08T09:22:41.0000000Z;96.154;96.41;41;3000
2026-06-08T09:22:42.0000000Z;96.16;96.426;41;41
2026-06-08T09:22:43.0000000Z;96.16;96.412;3000;41
2026-06-08T09:22:44.0000000Z;96.162;96.426;450;41
2026-06-08T09:22:47.0000000Z;96.154;96.426;41;41
2026-06-08T09:22:48.0000000Z;96.16;96.424;3000;450
2026-06-08T09:22:51.0000000Z;96.156;96.424;450;450
2026-06-08T09:22:52.0000000Z;96.154;96.426;41;41
2026-06-08T09:22:53.0000000Z;96.154;96.424;41;450
2026-06-08T09:22:54.0000000Z;96.16;96.426;41;41
2026-06-08T09:22:55.0000000Z;96.16;96.426;3000;41
2026-06-08T09:22:56.0000000Z;96.162;96.426;450;41
2026-06-08T09:22:59.0000000Z;96.16;96.426;3000;41
2026-06-08T09:22:59.0000000Z;96.154;96.426;41;41
2026-06-08T09:23:01.0000000Z;96.16;96.426;3000;41
2026-06-08T09:23:03.0000000Z;96.156;96.426;450;41
2026-06-08T09:23:04.0000000Z;96.154;96.422;41;41
2026-06-08T09:23:05.0000000Z;96.154;96.426;41;3000
2026-06-08T09:23:06.0000000Z;96.16;96.426;41;41
2026-06-08T09:23:07.0000000Z;96.162;96.426;450;41
2026-06-08T09:23:11.0000000Z;96.154;96.422;41;41
2026-06-08T09:23:12.0000000Z;96.16;96.42;3000;450
2026-06-08T09:23:15.0000000Z;96.158;96.42;41;450
2026-06-08T09:23:16.0000000Z;96.154;96.422;41;41
2026-06-08T09:23:17.0000000Z;96.154;96.42;41;450
2026-06-08T09:23:18.0000000Z;96.16;96.422;41;41
2026-06-08T09:23:19.0000000Z;96.16;96.422;3000;41
2026-06-08T09:23:20.0000000Z;96.162;96.422;450;41
2026-06-08T09:23:23.0000000Z;96.154;96.422;41;41
2026-06-08T09:23:25.0000000Z;96.158;96.422;41;41
2026-06-08T09:23:27.0000000Z;96.156;96.422;450;41
2026-06-08T09:23:28.0000000Z;96.154;96.422;41;41
2026-06-08T09:23:29.0000000Z;96.154;96.42;41;450
2026-06-08T09:23:30.0000000Z;96.16;96.422;41;41
2026-06-08T09:23:31.0000000Z;96.16;96.422;3000;41
2026-06-08T09:23:32.0000000Z;96.162;96.422;450;41
2026-06-08T09:23:34.0000000Z;96.162;96.422;450;41
2026-06-08T09:23:35.0000000Z;96.154;96.422;41;41
2026-06-08T09:23:36.0000000Z;96.16;96.422;3000;41
2026-06-08T09:23:37.0000000Z;96.158;96.422;41;41
2026-06-08T09:23:39.0000000Z;96.156;96.422;450;41
2026-06-08T09:23:40.0000000Z;96.154;96.422;41;41
2026-06-08T09:23:41.0000000Z;96.154;96.42;41;450
2026-06-08T09:23:43.0000000Z;96.16;96.422;41;41
2026-06-08T09:23:44.0000000Z;96.162;96.422;450;41
2026-06-08T09:23:46.0000000Z;96.162;96.422;450;41
2026-06-08T09:23:48.0000000Z;96.154;96.422;41;41
2026-06-08T09:23:49.0000000Z;96.158;96.422;41;41
2026-06-08T09:23:52.0000000Z;96.154;96.422;41;41
2026-06-08T09:23:53.0000000Z;96.154;96.42;41;450
2026-06-08T09:23:54.0000000Z;96.16;96.422;41;41
2026-06-08T09:23:55.0000000Z;96.162;96.422;450;41
2026-06-08T09:23:58.0000000Z;96.162;96.422;450;41
2026-06-08T09:23:59.0000000Z;96.16;96.422;3000;41
2026-06-08T09:23:59.0000000Z;96.154;96.422;41;41
2026-06-08T09:24:00.0000000Z;96.16;96.422;3000;41
2026-06-08T09:24:01.0000000Z;96.158;96.422;41;41
2026-06-08T09:24:04.0000000Z;96.154;96.422;41;41
2026-06-08T09:24:05.0000000Z;96.154;96.42;41;450
2026-06-08T09:24:07.0000000Z;96.16;96.422;41;41
2026-06-08T09:24:08.0000000Z;96.162;96.422;450;41
2026-06-08T09:24:11.0000000Z;96.162;96.422;450;41
2026-06-08T09:24:12.0000000Z;96.154;96.422;41;41
2026-06-08T09:24:13.0000000Z;96.158;96.422;41;41
2026-06-08T09:24:16.0000000Z;96.154;96.422;41;41
2026-06-08T09:24:17.0000000Z;96.154;96.422;41;41
2026-06-08T09:24:18.0000000Z;96.16;96.422;41;41
2026-06-08T09:24:19.0000000Z;96.162;96.422;450;41
2026-06-08T09:24:23.0000000Z;96.154;96.422;41;41
2026-06-08T09:24:25.0000000Z;96.158;96.422;41;41
2026-06-08T09:24:28.0000000Z;96.154;96.516;41;41
2026-06-08T09:24:29.0000000Z;96.156;96.514;450;450
2026-06-08T09:24:30.0000000Z;96.154;96.496;41;41
2026-06-08T09:24:31.0000000Z;96.16;96.494;3000;450
2026-06-08T09:24:32.0000000Z;96.162;96.494;450;450
2026-06-08T09:24:36.0000000Z;96.154;96.496;41;41
2026-06-08T09:24:37.0000000Z;96.154;96.496;41;41
2026-06-08T09:24:38.0000000Z;96.154;96.496;41;41
2026-06-08T09:24:39.0000000Z;96.154;96.42;41;41
2026-06-08T09:24:40.0000000Z;96.154;96.416;41;41
2026-06-08T09:24:41.0000000Z;96.154;96.416;41;41
2026-06-08T09:24:42.0000000Z;96.16;96.416;41;41
2026-06-08T09:24:43.0000000Z;96.16;96.416;41;41
2026-06-08T09:24:44.0000000Z;96.16;96.416;41;41
2026-06-08T09:24:45.0000000Z;96.16;96.416;41;41
2026-06-08T09:24:46.0000000Z;96.16;96.416;41;41
2026-06-08T09:24:47.0000000Z;96.154;96.416;41;41
2026-06-08T09:24:48.0000000Z;96.154;96.416;41;41
2026-06-08T09:24:49.0000000Z;96.154;96.416;41;41
2026-06-08T09:24:52.0000000Z;96.154;96.416;41;41
2026-06-08T09:24:53.0000000Z;96.154;96.414;41;450
2026-06-08T09:24:54.0000000Z;96.16;96.416;41;41
2026-06-08T09:24:55.0000000Z;96.16;96.416;3000;41
2026-06-08T09:24:56.0000000Z;96.162;96.416;450;41
2026-06-08T09:24:59.0000000Z;96.16;96.416;3000;41
2026-06-08T09:24:59.0000000Z;96.154;96.416;41;41
2026-06-08T09:25:00.0000000Z;96.16;96.414;3000;450
2026-06-08T09:25:01.0000000Z;96.158;96.416;41;41
2026-06-08T09:25:04.0000000Z;96.154;96.416;41;41
2026-06-08T09:25:05.0000000Z;96.156;96.414;450;450
2026-06-08T09:25:07.0000000Z;96.16;96.416;41;41
2026-06-08T09:25:08.0000000Z;96.162;96.416;450;41
2026-06-08T09:25:11.0000000Z;96.162;96.416;450;41
2026-06-08T09:25:12.0000000Z;96.154;96.416;41;41
2026-06-08T09:25:13.0000000Z;96.158;96.416;41;41
2026-06-08T09:25:16.0000000Z;96.154;96.416;41;41
2026-06-08T09:25:17.0000000Z;96.156;96.414;450;450
2026-06-08T09:25:19.0000000Z;96.16;96.416;41;41
2026-06-08T09:25:20.0000000Z;96.162;96.416;450;41
2026-06-08T09:25:24.0000000Z;96.154;96.416;41;41
2026-06-08T09:25:25.0000000Z;96.16;96.416;3000;41
2026-06-08T09:25:26.0000000Z;96.158;96.416;41;41
2026-06-08T09:25:28.0000000Z;96.154;96.416;41;41
2026-06-08T09:25:29.0000000Z;96.154;96.414;41;450
2026-06-08T09:25:30.0000000Z;96.16;96.416;41;41
2026-06-08T09:25:31.0000000Z;96.16;96.416;3000;41
2026-06-08T09:25:32.0000000Z;96.162;96.416;450;41
2026-06-08T09:25:35.0000000Z;96.154;96.416;41;41
2026-06-08T09:25:37.0000000Z;96.16;96.416;3000;41
2026-06-08T09:25:38.0000000Z;96.158;96.416;41;41
2026-06-08T09:25:39.0000000Z;96.154;96.416;41;41
2026-06-08T09:25:40.0000000Z;96.154;96.416;41;41
2026-06-08T09:25:41.0000000Z;96.154;96.416;41;41
2026-06-08T09:25:42.0000000Z;96.16;96.416;41;41
2026-06-08T09:25:43.0000000Z;96.16;96.416;41;41
2026-06-08T09:25:44.0000000Z;96.16;96.416;41;41
2026-06-08T09:25:45.0000000Z;96.16;96.416;41;41
2026-06-08T09:25:46.0000000Z;96.16;96.416;41;41
2026-06-08T09:25:47.0000000Z;96.154;96.416;41;41
2026-06-08T09:25:48.0000000Z;96.154;96.416;41;41
2026-06-08T09:25:49.0000000Z;96.154;96.416;41;41
2026-06-08T09:25:50.0000000Z;96.158;96.416;41;41
2026-06-08T09:25:52.0000000Z;96.154;96.416;41;41
2026-06-08T09:25:53.0000000Z;96.156;96.414;450;450
2026-06-08T09:25:54.0000000Z;96.16;96.416;41;41
2026-06-08T09:25:55.0000000Z;96.162;96.416;450;41
2026-06-08T09:25:58.0000000Z;96.16;96.412;41;41
2026-06-08T09:25:59.0000000Z;96.16;96.412;3000;41
2026-06-08T09:25:59.0000000Z;96.154;96.412;41;41
2026-06-08T09:26:01.0000000Z;96.16;96.412;3000;41
2026-06-08T09:26:02.0000000Z;96.156;96.41;450;450
2026-06-08T09:26:04.0000000Z;96.154;96.412;41;41
2026-06-08T09:26:05.0000000Z;96.154;96.41;41;450
2026-06-08T09:26:06.0000000Z;96.16;96.412;41;41
2026-06-08T09:26:07.0000000Z;96.16;96.412;3000;41
2026-06-08T09:26:08.0000000Z;96.162;96.412;450;41
2026-06-08T09:26:11.0000000Z;96.154;96.412;41;41
2026-06-08T09:26:13.0000000Z;96.16;96.412;3000;41
2026-06-08T09:26:14.0000000Z;96.156;96.412;450;41
2026-06-08T09:26:16.0000000Z;96.154;96.412;41;41
2026-06-08T09:26:17.0000000Z;96.154;96.41;41;450
2026-06-08T09:26:19.0000000Z;96.16;96.412;41;41
2026-06-08T09:26:20.0000000Z;96.162;96.412;450;41
2026-06-08T09:26:24.0000000Z;96.154;96.412;41;41
2026-06-08T09:26:25.0000000Z;96.16;96.412;3000;41
2026-06-08T09:26:26.0000000Z;96.158;96.412;41;41
2026-06-08T09:26:27.0000000Z;96.154;96.412;41;41
2026-06-08T09:26:28.0000000Z;96.154;96.412;41;41
2026-06-08T09:26:29.0000000Z;96.154;96.41;41;450
2026-06-08T09:26:30.0000000Z;96.16;96.412;41;41
2026-06-08T09:26:31.0000000Z;96.16;96.412;3000;41
2026-06-08T09:26:32.0000000Z;96.162;96.412;450;41
2026-06-08T09:26:35.0000000Z;96.154;96.412;41;41
2026-06-08T09:26:36.0000000Z;96.16;96.412;3000;41
2026-06-08T09:26:38.0000000Z;96.158;96.412;41;41
2026-06-08T09:26:40.0000000Z;96.154;96.412;41;41
2026-06-08T09:26:41.0000000Z;96.154;96.41;41;450
2026-06-08T09:26:42.0000000Z;96.16;96.412;41;41
2026-06-08T09:26:43.0000000Z;96.162;96.412;450;41
2026-06-08T09:26:45.0000000Z;96.162;96.412;450;41
2026-06-08T09:26:47.0000000Z;96.154;96.412;41;41
2026-06-08T09:26:48.0000000Z;96.16;96.412;3000;41
2026-06-08T09:26:50.0000000Z;96.158;96.412;41;41
2026-06-08T09:26:51.0000000Z;96.156;96.412;450;41
2026-06-08T09:26:52.0000000Z;96.154;96.408;41;3000
2026-06-08T09:26:53.0000000Z;96.154;96.41;41;450
2026-06-08T09:26:54.0000000Z;96.16;96.412;41;41
2026-06-08T09:26:55.0000000Z;96.16;96.412;3000;41
2026-06-08T09:26:56.0000000Z;96.162;96.41;450;450
2026-06-08T09:26:59.0000000Z;96.16;96.412;3000;41
2026-06-08T09:26:59.0000000Z;96.154;96.412;41;41
2026-06-08T09:27:00.0000000Z;96.16;96.412;3000;41
2026-06-08T09:27:02.0000000Z;96.156;96.412;450;41
2026-06-08T09:27:04.0000000Z;96.154;96.412;41;41
2026-06-08T09:27:05.0000000Z;96.154;96.41;41;450
2026-06-08T09:27:06.0000000Z;96.16;96.412;41;41
2026-06-08T09:27:07.0000000Z;96.162;96.412;450;41
2026-06-08T09:27:10.0000000Z;96.16;96.412;41;41
2026-06-08T09:27:11.0000000Z;96.154;96.412;41;41
2026-06-08T09:27:12.0000000Z;96.16;96.412;3000;41
2026-06-08T09:27:14.0000000Z;96.158;96.412;41;41
2026-06-08T09:27:16.0000000Z;96.154;96.412;41;41
2026-06-08T09:27:17.0000000Z;96.154;96.41;41;450
2026-06-08T09:27:18.0000000Z;96.16;96.424;41;41
2026-06-08T09:27:19.0000000Z;96.16;96.424;41;41
2026-06-08T09:27:20.0000000Z;96.16;96.424;41;41
2026-06-08T09:27:21.0000000Z;96.16;96.424;41;41
2026-06-08T09:27:22.0000000Z;96.16;96.424;41;41
2026-06-08T09:27:23.0000000Z;96.154;96.424;41;41
2026-06-08T09:27:24.0000000Z;96.154;96.424;41;41
2026-06-08T09:27:25.0000000Z;96.154;96.424;41;41
2026-06-08T09:27:26.0000000Z;96.154;96.424;41;41
2026-06-08T09:27:27.0000000Z;96.154;96.424;41;41
2026-06-08T09:27:28.0000000Z;96.154;96.424;41;41
2026-06-08T09:27:29.0000000Z;96.154;96.424;41;41
2026-06-08T09:27:30.0000000Z;96.154;96.424;41;41
2026-06-08T09:27:31.0000000Z;96.16;96.424;41;41
2026-06-08T09:27:32.0000000Z;96.16;96.424;41;41
2026-06-08T09:27:33.0000000Z;96.16;96.424;41;41
2026-06-08T09:27:34.0000000Z;96.16;96.424;41;41
2026-06-08T09:27:35.0000000Z;96.16;96.424;41;41
2026-06-08T09:27:36.0000000Z;96.154;96.424;41;41
2026-06-08T09:27:37.0000000Z;96.154;96.424;41;41
2026-06-08T09:27:38.0000000Z;96.154;96.424;41;41
2026-06-08T09:27:40.0000000Z;96.154;96.424;41;41
2026-06-08T09:27:41.0000000Z;96.154;96.422;41;450
2026-06-08T09:27:43.0000000Z;96.16;96.424;41;41
2026-06-08T09:27:44.0000000Z;96.162;96.424;450;41
2026-06-08T09:27:46.0000000Z;96.162;96.424;450;41
2026-06-08T09:27:48.0000000Z;96.154;96.424;41;41
2026-06-08T09:27:49.0000000Z;96.16;96.424;3000;41
2026-06-08T09:27:50.0000000Z;96.158;96.424;41;41
2026-06-08T09:27:51.0000000Z;96.156;96.424;450;41
2026-06-08T09:27:52.0000000Z;96.154;96.424;41;41
2026-06-08T09:27:53.0000000Z;96.154;96.422;41;450
2026-06-08T09:27:54.0000000Z;96.16;96.424;41;41
2026-06-08T09:27:55.0000000Z;96.162;96.424;450;41
2026-06-08T09:27:58.0000000Z;96.162;96.424;450;41
2026-06-08T09:27:59.0000000Z;96.16;96.424;3000;41
2026-06-08T09:27:59.0000000Z;96.154;96.424;41;41
2026-06-08T09:28:00.0000000Z;96.16;96.424;3000;41
2026-06-08T09:28:02.0000000Z;96.158;96.424;41;41
2026-06-08T09:28:03.0000000Z;96.156;96.424;450;41
2026-06-08T09:28:04.0000000Z;96.154;96.424;41;41
2026-06-08T09:28:05.0000000Z;96.154;96.422;41;450
2026-06-08T09:28:06.0000000Z;96.16;96.424;41;41
2026-06-08T09:28:07.0000000Z;96.162;96.424;450;41
2026-06-08T09:28:10.0000000Z;96.16;96.42;41;41
2026-06-08T09:28:11.0000000Z;96.154;96.42;41;41
2026-06-08T09:28:12.0000000Z;96.16;96.42;3000;41
2026-06-08T09:28:14.0000000Z;96.156;96.418;450;450
2026-06-08T09:28:16.0000000Z;96.154;96.42;41;41
2026-06-08T09:28:17.0000000Z;96.154;96.418;41;450
2026-06-08T09:28:18.0000000Z;96.16;96.42;41;41
2026-06-08T09:28:19.0000000Z;96.16;96.42;3000;41
2026-06-08T09:28:20.0000000Z;96.162;96.418;450;450
2026-06-08T09:28:23.0000000Z;96.154;96.42;41;41
2026-06-08T09:28:25.0000000Z;96.16;96.42;3000;41
2026-06-08T09:28:26.0000000Z;96.156;96.42;450;41
2026-06-08T09:28:28.0000000Z;96.154;96.416;41;41
2026-06-08T09:28:29.0000000Z;96.154;96.414;41;450
2026-06-08T09:28:30.0000000Z;96.16;96.416;41;41
2026-06-08T09:28:31.0000000Z;96.162;96.416;450;41
2026-06-08T09:28:32.0000000Z;96.162;96.416;450;41
2026-06-08T09:28:35.0000000Z;96.154;96.416;41;41
2026-06-08T09:28:36.0000000Z;96.154;96.414;41;450
2026-06-08T09:28:37.0000000Z;96.16;96.414;3000;450
2026-06-08T09:28:38.0000000Z;96.156;96.414;450;450
2026-06-08T09:28:40.0000000Z;96.154;96.416;41;41
2026-06-08T09:28:41.0000000Z;96.154;96.414;41;450
2026-06-08T09:28:42.0000000Z;96.16;96.416;41;41
2026-06-08T09:28:43.0000000Z;96.16;96.416;3000;41
2026-06-08T09:28:44.0000000Z;96.162;96.416;450;41
2026-06-08T09:28:47.0000000Z;96.154;96.416;41;41
2026-06-08T09:28:49.0000000Z;96.16;96.416;3000;41
2026-06-08T09:28:50.0000000Z;96.156;96.416;450;41
2026-06-08T09:28:52.0000000Z;96.154;96.416;41;41
2026-06-08T09:28:54.0000000Z;96.154;96.414;41;450
2026-06-08T09:28:55.0000000Z;96.16;96.416;41;41
2026-06-08T09:28:56.0000000Z;96.162;96.416;450;41
2026-06-08T09:28:58.0000000Z;96.162;96.416;450;41
2026-06-08T09:29:00.0000000Z;96.154;96.416;41;41
2026-06-08T09:29:01.0000000Z;96.16;96.416;3000;41
2026-06-08T09:29:02.0000000Z;96.158;96.416;41;41
2026-06-08T09:29:03.0000000Z;96.156;96.416;450;41
2026-06-08T09:29:04.0000000Z;96.154;96.416;41;41
2026-06-08T09:29:05.0000000Z;96.154;96.414;41;450
2026-06-08T09:29:06.0000000Z;96.16;96.416;41;41
2026-06-08T09:29:07.0000000Z;96.16;96.416;3000;41
2026-06-08T09:29:08.0000000Z;96.162;96.416;450;41
2026-06-08T09:29:11.0000000Z;96.154;96.416;41;41
2026-06-08T09:29:13.0000000Z;96.16;96.416;3000;41
2026-06-08T09:29:14.0000000Z;96.156;96.416;450;41
2026-06-08T09:29:16.0000000Z;96.154;96.416;41;41
2026-06-08T09:29:17.0000000Z;96.154;96.414;41;450
2026-06-08T09:29:18.0000000Z;96.16;96.416;41;41
2026-06-08T09:29:19.0000000Z;96.162;96.416;450;41
2026-06-08T09:29:23.0000000Z;96.154;96.416;41;41
2026-06-08T09:29:24.0000000Z;96.156;96.416;450;41
2026-06-08T09:29:28.0000000Z;96.154;96.416;41;41
2026-06-08T09:29:30.0000000Z;96.16;96.416;41;41
2026-06-08T09:29:31.0000000Z;96.16;96.416;3000;41
2026-06-08T09:29:32.0000000Z;96.162;96.416;450;41
2026-06-08T09:29:34.0000000Z;96.162;96.416;450;41
2026-06-08T09:29:35.0000000Z;96.154;96.416;41;41
2026-06-08T09:29:36.0000000Z;96.16;96.416;3000;41
2026-06-08T09:29:39.0000000Z;96.158;96.416;41;41
2026-06-08T09:29:40.0000000Z;96.156;96.416;450;41
2026-06-08T09:29:41.0000000Z;96.156;96.414;450;450
2026-06-08T09:29:43.0000000Z;96.16;96.416;41;41
2026-06-08T09:29:44.0000000Z;96.162;96.416;450;41
2026-06-08T09:29:48.0000000Z;96.154;96.416;41;41
2026-06-08T09:29:49.0000000Z;96.16;96.416;3000;41
2026-06-08T09:29:51.0000000Z;96.158;96.416;41;41
2026-06-08T09:29:52.0000000Z;96.154;96.416;41;41
2026-06-08T09:29:53.0000000Z;96.154;96.414;41;450
2026-06-08T09:29:54.0000000Z;96.16;96.416;41;41
2026-06-08T09:29:55.0000000Z;96.162;96.416;450;41
2026-06-08T09:29:59.0000000Z;96.16;96.416;3000;41
2026-06-08T09:29:59.0000000Z;96.154;96.416;41;41
2026-06-08T09:30:00.0000000Z;96.16;96.416;3000;41
2026-06-08T09:30:03.0000000Z;96.156;96.416;450;41
2026-06-08T09:30:04.0000000Z;96.154;96.416;41;41
2026-06-08T09:30:05.0000000Z;96.154;96.414;41;450
2026-06-08T09:30:06.0000000Z;96.16;96.416;41;41
2026-06-08T09:30:07.0000000Z;96.16;96.416;3000;41
2026-06-08T09:30:08.0000000Z;96.162;96.416;450;41
2026-06-08T09:30:11.0000000Z;96.154;96.416;41;41
2026-06-08T09:30:13.0000000Z;96.16;96.416;3000;41
2026-06-08T09:30:15.0000000Z;96.156;96.416;450;41
2026-06-08T09:30:16.0000000Z;96.154;96.416;41;41
2026-06-08T09:30:17.0000000Z;96.154;96.414;41;450
2026-06-08T09:30:19.0000000Z;96.16;96.416;41;41
2026-06-08T09:30:20.0000000Z;96.162;96.416;450;41
2026-06-08T09:30:24.0000000Z;96.154;96.416;41;41
2026-06-08T09:30:25.0000000Z;96.16;96.416;3000;41
2026-06-08T09:30:27.0000000Z;96.156;96.416;450;41
2026-06-08T09:30:28.0000000Z;96.154;96.416;41;41
2026-06-08T09:30:29.0000000Z;96.154;96.414;41;450
2026-06-08T09:30:30.0000000Z;96.16;96.416;41;41
2026-06-08T09:30:31.0000000Z;96.162;96.416;450;41
2026-06-08T09:30:33.0000000Z;96.16;96.416;41;3000
2026-06-08T09:30:34.0000000Z;96.16;96.416;41;3000
2026-06-08T09:30:35.0000000Z;96.154;96.496;41;41
2026-06-08T09:30:36.0000000Z;96.154;96.496;41;41
2026-06-08T09:30:37.0000000Z;96.154;96.496;41;41
2026-06-08T09:30:38.0000000Z;96.154;96.496;41;41
2026-06-08T09:30:39.0000000Z;96.154;96.496;41;41
2026-06-08T09:30:40.0000000Z;96.154;96.496;41;41
2026-06-08T09:30:41.0000000Z;96.154;96.496;41;41
2026-06-08T09:30:42.0000000Z;96.16;96.496;41;41
2026-06-08T09:30:43.0000000Z;96.16;96.454;41;528
2026-06-08T09:30:44.0000000Z;96.16;96.424;41;41
2026-06-08T09:30:45.0000000Z;96.16;96.424;41;41
2026-06-08T09:30:46.0000000Z;96.16;96.424;41;41
2026-06-08T09:30:47.0000000Z;96.154;96.424;41;41
2026-06-08T09:30:48.0000000Z;96.154;96.424;41;41
2026-06-08T09:30:49.0000000Z;96.154;96.424;41;41
2026-06-08T09:30:50.0000000Z;96.154;96.424;41;41
2026-06-08T09:30:51.0000000Z;96.154;96.424;41;41
2026-06-08T09:30:52.0000000Z;96.154;96.424;41;41
2026-06-08T09:30:53.0000000Z;96.154;96.424;41;41
2026-06-08T09:30:54.0000000Z;96.16;96.424;41;41
2026-06-08T09:30:55.0000000Z;96.16;96.424;41;41
2026-06-08T09:30:59.0000000Z;96.16;96.42;3000;41
2026-06-08T09:31:00.0000000Z;96.16;96.414;3000;450
2026-06-08T09:31:03.0000000Z;96.158;96.414;41;450
2026-06-08T09:31:04.0000000Z;96.154;96.416;41;41
2026-06-08T09:31:05.0000000Z;96.154;96.414;41;450
2026-06-08T09:31:07.0000000Z;96.16;96.416;41;41
2026-06-08T09:31:08.0000000Z;96.162;96.416;450;41
2026-06-08T09:31:12.0000000Z;96.154;96.416;41;41
2026-06-08T09:31:13.0000000Z;96.156;96.416;450;41
2026-06-08T09:31:16.0000000Z;96.154;96.416;41;41
2026-06-08T09:31:17.0000000Z;96.154;96.414;41;450
2026-06-08T09:31:18.0000000Z;96.16;96.416;41;41
2026-06-08T09:31:19.0000000Z;96.16;96.416;3000;41
2026-06-08T09:31:20.0000000Z;96.162;96.416;450;41
2026-06-08T09:31:23.0000000Z;96.154;96.416;41;41
2026-06-08T09:31:25.0000000Z;96.158;96.416;41;41
2026-06-08T09:31:28.0000000Z;96.154;96.416;41;41
2026-06-08T09:31:29.0000000Z;96.154;96.414;41;450
2026-06-08T09:31:30.0000000Z;96.16;96.416;41;41
2026-06-08T09:31:31.0000000Z;96.162;96.416;450;41
2026-06-08T09:31:35.0000000Z;96.154;96.416;41;41
2026-06-08T09:31:37.0000000Z;96.158;96.416;41;41
2026-06-08T09:31:38.0000000Z;96.156;96.416;450;41
2026-06-08T09:31:40.0000000Z;96.154;96.416;41;41
2026-06-08T09:31:41.0000000Z;96.154;96.414;41;450
2026-06-08T09:31:42.0000000Z;96.16;96.416;41;41
2026-06-08T09:31:43.0000000Z;96.16;96.416;3000;41
2026-06-08T09:31:44.0000000Z;96.162;96.416;450;41
2026-06-08T09:31:45.0000000Z;96.162;96.416;450;41
2026-06-08T09:31:47.0000000Z;96.154;96.416;41;41
2026-06-08T09:31:49.0000000Z;96.158;96.416;41;41
2026-06-08T09:31:51.0000000Z;96.156;96.416;450;41
2026-06-08T09:31:53.0000000Z;96.154;96.416;41;41
2026-06-08T09:31:54.0000000Z;96.154;96.414;41;450
2026-06-08T09:31:55.0000000Z;96.182;96.416;41;41
2026-06-08T09:31:56.0000000Z;96.184;96.416;450;41
2026-06-08T09:31:58.0000000Z;96.182;96.416;180;41
2026-06-08T09:32:00.0000000Z;96.184;96.416;450;41
2026-06-08T09:32:04.0000000Z;96.182;96.416;180;41
2026-06-08T09:32:05.0000000Z;96.182;96.414;180;450
2026-06-08T09:32:06.0000000Z;96.188;96.416;41;41
2026-06-08T09:32:07.0000000Z;96.188;96.416;3000;41
2026-06-08T09:32:08.0000000Z;96.19;96.416;450;41
2026-06-08T09:32:11.0000000Z;96.184;96.416;41;41
2026-06-08T09:32:13.0000000Z;96.186;96.416;450;41
2026-06-08T09:32:16.0000000Z;96.184;96.416;41;41
2026-06-08T09:32:17.0000000Z;96.184;96.414;41;450
2026-06-08T09:32:18.0000000Z;96.19;96.416;41;41
2026-06-08T09:32:19.0000000Z;96.192;96.416;450;41
2026-06-08T09:32:23.0000000Z;96.184;96.416;41;41
2026-06-08T09:32:24.0000000Z;96.19;96.416;3000;41
2026-06-08T09:32:26.0000000Z;96.184;96.416;41;41
2026-06-08T09:32:27.0000000Z;96.188;96.416;41;41
2026-06-08T09:32:28.0000000Z;96.184;96.416;41;41
2026-06-08T09:32:29.0000000Z;96.184;96.414;41;450
2026-06-08T09:32:31.0000000Z;96.19;96.416;41;41
2026-06-08T09:32:32.0000000Z;96.192;96.416;450;41
2026-06-08T09:32:36.0000000Z;96.184;96.416;41;41
2026-06-08T09:32:37.0000000Z;96.188;96.416;41;41
2026-06-08T09:32:40.0000000Z;96.184;96.416;41;41
2026-06-08T09:32:41.0000000Z;96.186;96.414;450;450
2026-06-08T09:32:42.0000000Z;96.19;96.416;41;41
2026-06-08T09:32:43.0000000Z;96.19;96.416;3000;41
2026-06-08T09:32:44.0000000Z;96.192;96.416;450;41
2026-06-08T09:32:47.0000000Z;96.184;96.416;41;41
2026-06-08T09:32:49.0000000Z;96.186;96.416;450;41
2026-06-08T09:32:52.0000000Z;96.184;96.426;41;41
2026-06-08T09:32:53.0000000Z;96.184;96.418;41;41
2026-06-08T09:32:54.0000000Z;96.19;96.426;41;41
2026-06-08T09:32:55.0000000Z;96.19;96.426;3000;41
2026-06-08T09:32:56.0000000Z;96.192;96.426;450;41
2026-06-08T09:32:59.0000000Z;96.19;96.426;3000;41
2026-06-08T09:32:59.0000000Z;96.184;96.426;41;41
2026-06-08T09:33:01.0000000Z;96.188;96.426;41;41
2026-06-08T09:33:05.0000000Z;96.184;96.426;41;41
2026-06-08T09:33:06.0000000Z;96.19;96.426;41;41
2026-06-08T09:33:07.0000000Z;96.192;96.426;450;41
2026-06-08T09:33:11.0000000Z;96.184;96.426;41;41
2026-06-08T09:33:12.0000000Z;96.19;96.426;3000;41
2026-06-08T09:33:13.0000000Z;96.188;96.426;41;41
2026-06-08T09:33:16.0000000Z;96.184;96.426;41;41
2026-06-08T09:33:17.0000000Z;96.184;96.422;41;41
2026-06-08T09:33:18.0000000Z;96.19;96.422;41;41
2026-06-08T09:33:19.0000000Z;96.19;96.422;3000;41
2026-06-08T09:33:20.0000000Z;96.192;96.422;450;41
2026-06-08T09:33:21.0000000Z;96.192;96.42;450;450
2026-06-08T09:33:23.0000000Z;96.184;96.422;41;41
2026-06-08T09:33:24.0000000Z;96.19;96.422;3000;41
2026-06-08T09:33:27.0000000Z;96.188;96.422;41;41
2026-06-08T09:33:28.0000000Z;96.184;96.422;41;41
2026-06-08T09:33:29.0000000Z;96.184;96.42;41;450
2026-06-08T09:33:30.0000000Z;96.19;96.422;41;41
2026-06-08T09:33:31.0000000Z;96.192;96.422;450;41
2026-06-08T09:33:35.0000000Z;96.184;96.422;41;41
2026-06-08T09:33:36.0000000Z;96.19;96.422;3000;41
2026-06-08T09:33:38.0000000Z;96.188;96.422;41;41
2026-06-08T09:33:40.0000000Z;96.186;96.422;450;41
2026-06-08T09:33:41.0000000Z;96.186;96.42;450;450
2026-06-08T09:33:43.0000000Z;96.19;96.422;41;41
2026-06-08T09:33:44.0000000Z;96.192;96.422;450;41
2026-06-08T09:33:48.0000000Z;96.184;96.422;41;41
2026-06-08T09:33:49.0000000Z;96.19;96.422;3000;41
2026-06-08T09:33:50.0000000Z;96.188;96.422;41;41
2026-06-08T09:33:52.0000000Z;96.184;96.422;41;41
2026-06-08T09:33:53.0000000Z;96.184;96.42;41;450
2026-06-08T09:33:54.0000000Z;96.19;96.422;41;41
2026-06-08T09:33:55.0000000Z;96.192;96.422;450;41
2026-06-08T09:33:59.0000000Z;96.19;96.422;3000;41
2026-06-08T09:33:59.0000000Z;96.184;96.422;41;41
2026-06-08T09:34:00.0000000Z;96.19;96.422;3000;41
2026-06-08T09:34:02.0000000Z;96.188;96.422;41;41
2026-06-08T09:34:04.0000000Z;96.184;96.422;41;41
2026-06-08T09:34:05.0000000Z;96.184;96.42;41;450
2026-06-08T09:34:06.0000000Z;96.19;96.422;41;41
2026-06-08T09:34:07.0000000Z;96.19;96.422;3000;41
2026-06-08T09:34:08.0000000Z;96.192;96.422;450;41
2026-06-08T09:34:11.0000000Z;96.184;96.422;41;41
2026-06-08T09:34:12.0000000Z;96.19;96.422;3000;41
2026-06-08T09:34:14.0000000Z;96.188;96.422;41;41
2026-06-08T09:34:16.0000000Z;96.184;96.422;41;41
2026-06-08T09:34:17.0000000Z;96.184;96.42;41;450
2026-06-08T09:34:18.0000000Z;96.19;96.422;41;41
2026-06-08T09:34:19.0000000Z;96.19;96.422;3000;41
2026-06-08T09:34:20.0000000Z;96.192;96.422;450;41
2026-06-08T09:34:23.0000000Z;96.184;96.422;41;41
2026-06-08T09:34:25.0000000Z;96.19;96.422;3000;41
2026-06-08T09:34:26.0000000Z;96.188;96.422;41;41
2026-06-08T09:34:28.0000000Z;96.184;96.422;41;41
2026-06-08T09:34:29.0000000Z;96.184;96.42;41;450
2026-06-08T09:34:30.0000000Z;96.186;96.42;450;450
2026-06-08T09:34:31.0000000Z;96.19;96.422;41;41
2026-06-08T09:34:32.0000000Z;96.192;96.422;450;41
2026-06-08T09:34:35.0000000Z;96.192;96.422;450;41
2026-06-08T09:34:36.0000000Z;96.184;96.422;41;41
2026-06-08T09:34:37.0000000Z;96.19;96.422;3000;41
2026-06-08T09:34:38.0000000Z;96.188;96.422;41;41
2026-06-08T09:34:40.0000000Z;96.184;96.422;41;41
2026-06-08T09:34:41.0000000Z;96.184;96.42;41;450
2026-06-08T09:34:42.0000000Z;96.19;96.422;41;41
2026-06-08T09:34:43.0000000Z;96.192;96.422;450;41
2026-06-08T09:34:47.0000000Z;96.184;96.422;41;41
2026-06-08T09:34:48.0000000Z;96.19;96.422;3000;41
2026-06-08T09:34:50.0000000Z;96.186;96.422;450;41
2026-06-08T09:34:52.0000000Z;96.184;96.422;41;41
2026-06-08T09:34:53.0000000Z;96.184;96.42;41;450
2026-06-08T09:34:54.0000000Z;96.19;96.422;41;41
2026-06-08T09:34:55.0000000Z;96.19;96.422;3000;41
2026-06-08T09:34:56.0000000Z;96.192;96.422;450;41
2026-06-08T09:34:59.0000000Z;96.19;96.422;3000;41
2026-06-08T09:34:59.0000000Z;96.184;96.422;41;41
2026-06-08T09:35:00.0000000Z;96.19;96.422;3000;41
2026-06-08T09:35:02.0000000Z;96.186;96.422;450;41
2026-06-08T09:35:04.0000000Z;96.184;96.422;41;41
2026-06-08T09:35:05.0000000Z;96.184;96.42;41;450
2026-06-08T09:35:07.0000000Z;96.19;96.422;41;41
2026-06-08T09:35:08.0000000Z;96.192;96.422;450;41
2026-06-08T09:35:12.0000000Z;96.184;96.422;41;41
2026-06-08T09:35:13.0000000Z;96.19;96.422;3000;41
2026-06-08T09:35:14.0000000Z;96.186;96.422;450;41
2026-06-08T09:35:16.0000000Z;96.184;96.422;41;41
2026-06-08T09:35:17.0000000Z;96.184;96.42;41;450
2026-06-08T09:35:18.0000000Z;96.19;96.422;41;41
2026-06-08T09:35:19.0000000Z;96.192;96.422;450;41
2026-06-08T09:35:23.0000000Z;96.184;96.422;41;41
2026-06-08T09:35:24.0000000Z;96.19;96.422;3000;41
2026-06-08T09:35:26.0000000Z;96.186;96.422;450;41
2026-06-08T09:35:28.0000000Z;96.184;96.422;41;41
2026-06-08T09:35:29.0000000Z;96.184;96.42;41;450
2026-06-08T09:35:30.0000000Z;96.19;96.422;41;41
2026-06-08T09:35:31.0000000Z;96.19;96.422;3000;41
2026-06-08T09:35:32.0000000Z;96.192;96.422;450;41
2026-06-08T09:35:35.0000000Z;96.184;96.422;41;41
2026-06-08T09:35:37.0000000Z;96.19;96.422;3000;41
2026-06-08T09:35:38.0000000Z;96.188;96.422;41;41
2026-06-08T09:35:40.0000000Z;96.184;96.422;41;41
2026-06-08T09:35:41.0000000Z;96.184;96.42;41;450
2026-06-08T09:35:42.0000000Z;96.19;96.422;41;41
2026-06-08T09:35:43.0000000Z;96.192;96.422;450;41
2026-06-08T09:35:47.0000000Z;96.184;96.422;41;41
2026-06-08T09:35:48.0000000Z;96.186;96.422;450;41
2026-06-08T09:35:52.0000000Z;96.184;96.422;41;41
2026-06-08T09:35:53.0000000Z;96.184;96.42;41;450
2026-06-08T09:35:54.0000000Z;96.19;96.422;41;41
2026-06-08T09:35:55.0000000Z;96.192;96.422;450;41
2026-06-08T09:35:59.0000000Z;96.19;96.422;3000;41
2026-06-08T09:35:59.0000000Z;96.184;96.422;41;41
2026-06-08T09:36:00.0000000Z;96.19;96.422;3000;41
2026-06-08T09:36:02.0000000Z;96.186;96.422;450;41
2026-06-08T09:36:04.0000000Z;96.184;96.422;41;41
2026-06-08T09:36:05.0000000Z;96.184;96.42;41;450
2026-06-08T09:36:07.0000000Z;96.19;96.422;41;41
2026-06-08T09:36:08.0000000Z;96.192;96.422;450;41
2026-06-08T09:36:12.0000000Z;96.184;96.422;41;41
2026-06-08T09:36:13.0000000Z;96.19;96.422;3000;41
2026-06-08T09:36:14.0000000Z;96.186;96.422;450;41
2026-06-08T09:36:16.0000000Z;96.184;96.422;41;41
2026-06-08T09:36:17.0000000Z;96.184;96.42;41;450
2026-06-08T09:36:19.0000000Z;96.19;96.422;41;41
2026-06-08T09:36:20.0000000Z;96.192;96.422;450;41
2026-06-08T09:36:23.0000000Z;96.192;96.422;450;41
2026-06-08T09:36:24.0000000Z;96.184;96.422;41;41
2026-06-08T09:36:25.0000000Z;96.19;96.422;3000;41
2026-06-08T09:36:26.0000000Z;96.188;96.422;41;41
2026-06-08T09:36:28.0000000Z;96.184;96.422;41;41
2026-06-08T09:36:29.0000000Z;96.186;96.42;450;450
2026-06-08T09:36:31.0000000Z;96.19;96.422;41;41
2026-06-08T09:36:32.0000000Z;96.192;96.422;450;41
2026-06-08T09:36:36.0000000Z;96.184;96.422;41;41
2026-06-08T09:36:37.0000000Z;96.19;96.422;3000;41
2026-06-08T09:36:38.0000000Z;96.186;96.422;450;41
2026-06-08T09:36:40.0000000Z;96.184;96.544;41;41
2026-06-08T09:36:41.0000000Z;96.184;96.506;41;1700
2026-06-08T09:36:42.0000000Z;96.184;96.506;41;1700
2026-06-08T09:36:43.0000000Z;96.186;96.546;450;52
2026-06-08T09:36:44.0000000Z;96.184;96.546;41;52
2026-06-08T09:36:45.0000000Z;96.184;96.422;41;3000
2026-06-08T09:36:46.0000000Z;96.184;96.422;41;3000
2026-06-08T09:36:47.0000000Z;96.182;96.536;139;1700
2026-06-08T09:36:48.0000000Z;96.184;96.536;3450;1700
2026-06-08T09:36:50.0000000Z;96.184;96.424;450;41
2026-06-08T09:36:51.0000000Z;96.182;96.534;139;528
2026-06-08T09:36:52.0000000Z;96.182;96.53;139;528
2026-06-08T09:36:53.0000000Z;96.184;96.424;450;41
2026-06-08T09:36:54.0000000Z;96.186;96.53;712;528
2026-06-08T09:36:55.0000000Z;96.188;96.53;450;528
2026-06-08T09:36:56.0000000Z;96.188;96.53;450;528
2026-06-08T09:37:02.0000000Z;96.186;96.53;712;3000
2026-06-08T09:37:03.0000000Z;96.182;96.52;41;450
2026-06-08T09:37:04.0000000Z;96.182;96.452;180;41
2026-06-08T09:37:05.0000000Z;96.182;96.45;180;450
2026-06-08T09:37:06.0000000Z;96.184;96.452;41;41
2026-06-08T09:37:07.0000000Z;96.186;96.45;450;450
2026-06-08T09:37:09.0000000Z;96.184;96.534;41;41
2026-06-08T09:37:10.0000000Z;96.184;96.452;41;3000
2026-06-08T09:37:11.0000000Z;96.184;96.544;41;41
2026-06-08T09:37:12.0000000Z;96.184;96.544;41;41
2026-06-08T09:37:13.0000000Z;96.184;96.532;41;259
2026-06-08T09:37:14.0000000Z;96.184;96.532;41;259
2026-06-08T09:37:15.0000000Z;96.184;96.688;41;41
2026-06-08T09:37:16.0000000Z;96.184;96.684;41;41
2026-06-08T09:37:17.0000000Z;96.184;96.684;41;1538
2026-06-08T09:37:18.0000000Z;96.186;96.532;475;259
2026-06-08T09:37:19.0000000Z;96.184;96.542;3000;528
2026-06-08T09:37:20.0000000Z;96.184;96.476;41;41
2026-06-08T09:37:21.0000000Z;96.184;96.476;41;41
2026-06-08T09:37:24.0000000Z;96.184;96.476;41;3000
2026-06-08T09:37:29.0000000Z;96.184;96.464;41;41
2026-06-08T09:37:31.0000000Z;96.184;96.464;41;41
2026-06-08T09:37:37.0000000Z;96.184;96.464;41;3000
2026-06-08T09:37:39.0000000Z;96.184;96.46;41;41
2026-06-08T09:37:40.0000000Z;96.184;96.46;41;3000
2026-06-08T09:37:41.0000000Z;96.184;96.46;41;3000
2026-06-08T09:37:43.0000000Z;96.184;96.452;41;41
2026-06-08T09:37:45.0000000Z;96.184;96.452;41;3000
2026-06-08T09:37:55.0000000Z;96.184;96.452;41;3000
2026-06-08T09:38:08.0000000Z;96.044;96.478;396;528
2026-06-08T09:38:09.0000000Z;96.184;96.452;3000;3000
2026-06-08T09:38:10.0000000Z;96.182;96.454;41;41
2026-06-08T09:38:13.0000000Z;96.042;96.478;41;528
2026-06-08T09:38:14.0000000Z;96.182;96.478;41;528
2026-06-08T09:38:15.0000000Z;96.182;96.478;41;528
2026-06-08T09:38:16.0000000Z;96.042;96.474;41;528
2026-06-08T09:38:17.0000000Z;96.042;96.454;41;41
2026-06-08T09:38:18.0000000Z;96.042;96.474;41;528
2026-06-08T09:38:19.0000000Z;96.044;96.472;450;450
2026-06-08T09:38:27.0000000Z;96.046;96.476;41;528
2026-06-08T09:38:28.0000000Z;96.048;96.472;450;450
2026-06-08T09:38:30.0000000Z;96.046;96.474;41;475
2026-06-08T09:38:31.0000000Z;96.048;96.474;450;475
2026-06-08T09:38:32.0000000Z;96.046;96.474;41;475
2026-06-08T09:38:33.0000000Z;96.046;96.474;41;475
2026-06-08T09:38:35.0000000Z;96.046;96.474;41;475
2026-06-08T09:38:37.0000000Z;96.046;96.47;41;41
2026-06-08T09:38:38.0000000Z;96.046;96.47;41;3000
2026-06-08T09:38:39.0000000Z;96.048;96.468;450;450
2026-06-08T09:38:40.0000000Z;96.046;96.47;41;41
2026-06-08T09:38:41.0000000Z;96.046;96.468;41;450
2026-06-08T09:38:42.0000000Z;96.052;96.466;41;41
2026-06-08T09:38:43.0000000Z;96.052;96.458;41;41
2026-06-08T09:38:44.0000000Z;96.052;96.456;41;450
2026-06-08T09:38:47.0000000Z;96.052;96.458;41;41
2026-06-08T09:38:52.0000000Z;96.052;96.456;41;475
2026-06-08T09:38:53.0000000Z;96.054;96.456;450;3450
2026-06-08T09:38:54.0000000Z;96.052;96.456;3000;475
2026-06-08T09:38:55.0000000Z;96.054;96.456;450;475
2026-06-08T09:38:57.0000000Z;96.052;96.456;41;475
2026-06-08T09:39:00.0000000Z;96.052;96.456;41;475
2026-06-08T09:39:06.0000000Z;96.058;96.456;41;475
2026-06-08T09:39:07.0000000Z;96.06;96.456;450;475
2026-06-08T09:39:10.0000000Z;96.058;96.456;41;475
2026-06-08T09:39:11.0000000Z;96.058;96.456;41;475
2026-06-08T09:39:13.0000000Z;96.058;96.456;41;3450
2026-06-08T09:39:16.0000000Z;96.058;96.452;41;475
2026-06-08T09:39:17.0000000Z;96.058;96.45;41;450
2026-06-08T09:39:18.0000000Z;96.064;96.452;41;475
2026-06-08T09:39:19.0000000Z;96.066;96.452;450;475
2026-06-08T09:39:23.0000000Z;96.064;96.452;41;475
2026-06-08T09:39:28.0000000Z;96.064;96.452;41;475
2026-06-08T09:39:30.0000000Z;96.064;96.452;41;475
2026-06-08T09:39:31.0000000Z;96.066;96.452;450;475
2026-06-08T09:39:33.0000000Z;96.066;96.452;450;475
2026-06-08T09:39:40.0000000Z;96.064;96.452;41;475
2026-06-08T09:39:42.0000000Z;96.07;96.452;41;475
2026-06-08T09:39:43.0000000Z;96.072;96.452;450;475
2026-06-08T09:39:47.0000000Z;96.07;96.452;41;475
2026-06-08T09:39:51.0000000Z;96.07;96.45;41;450
2026-06-08T09:39:52.0000000Z;96.072;96.45;450;450
2026-06-08T09:39:54.0000000Z;96.074;96.452;2552;475
2026-06-08T09:39:55.0000000Z;96.078;96.452;450;475
2026-06-08T09:39:56.0000000Z;96.078;96.452;450;475
2026-06-08T09:39:59.0000000Z;96.076;96.452;41;475
2026-06-08T09:39:59.0000000Z;96.076;96.452;41;475
2026-06-08T09:40:03.0000000Z;96.078;96.452;450;475
2026-06-08T09:40:06.0000000Z;96.076;96.452;41;475
2026-06-08T09:40:07.0000000Z;96.078;96.452;450;475
2026-06-08T09:40:18.0000000Z;96.076;96.452;41;475
2026-06-08T09:40:19.0000000Z;96.078;96.452;450;475
2026-06-08T09:40:30.0000000Z;96.082;96.452;41;475
2026-06-08T09:40:31.0000000Z;96.084;96.452;450;475
2026-06-08T09:40:35.0000000Z;96.082;96.452;41;475
2026-06-08T09:40:40.0000000Z;96.084;96.452;450;475
2026-06-08T09:40:42.0000000Z;96.082;96.452;3000;475
2026-06-08T09:40:43.0000000Z;96.084;96.452;450;475
2026-06-08T09:40:54.0000000Z;96.088;96.452;41;475
2026-06-08T09:40:55.0000000Z;96.09;96.452;450;475
2026-06-08T09:40:59.0000000Z;96.088;96.452;41;475
2026-06-08T09:40:59.0000000Z;96.088;96.452;41;475
2026-06-08T09:41:03.0000000Z;96.09;96.452;450;475
2026-06-08T09:41:06.0000000Z;96.094;96.452;41;475
2026-06-08T09:41:07.0000000Z;96.094;96.452;3000;475
2026-06-08T09:41:08.0000000Z;96.096;96.452;450;475
2026-06-08T09:41:11.0000000Z;96.094;96.452;41;475
2026-06-08T09:41:14.0000000Z;96.094;96.452;41;475
2026-06-08T09:41:16.0000000Z;96.096;96.452;450;475
2026-06-08T09:41:18.0000000Z;96.1;96.452;41;475
2026-06-08T09:41:19.0000000Z;96.102;96.452;450;475
2026-06-08T09:41:23.0000000Z;96.094;96.452;41;475
2026-06-08T09:41:24.0000000Z;96.1;96.452;3000;475
2026-06-08T09:41:25.0000000Z;96.096;96.452;450;475
2026-06-08T09:41:30.0000000Z;96.094;96.452;41;475
2026-06-08T09:41:31.0000000Z;96.096;96.452;450;475
2026-06-08T09:41:35.0000000Z;96.094;96.452;41;475
2026-06-08T09:41:38.0000000Z;96.094;96.452;41;475
2026-06-08T09:41:40.0000000Z;96.094;96.452;41;475
2026-06-08T09:41:41.0000000Z;96.094;96.452;41;475
2026-06-08T09:41:42.0000000Z;96.094;96.452;3000;475
2026-06-08T09:41:43.0000000Z;96.096;96.452;450;475
2026-06-08T09:41:54.0000000Z;96.094;96.452;41;475
2026-06-08T09:41:55.0000000Z;96.096;96.452;450;475
2026-06-08T09:42:06.0000000Z;96.1;96.452;41;475
2026-06-08T09:42:07.0000000Z;96.102;96.452;450;475
2026-06-08T09:42:08.0000000Z;96.1;96.452;41;475
2026-06-08T09:42:11.0000000Z;96.1;96.452;41;475
2026-06-08T09:42:12.0000000Z;96.1;96.452;41;475
2026-06-08T09:42:14.0000000Z;96.102;96.452;450;475
2026-06-08T09:42:18.0000000Z;96.1;96.452;41;475
2026-06-08T09:42:19.0000000Z;96.102;96.452;450;475
2026-06-08T09:42:21.0000000Z;96.1;96.452;41;475
2026-06-08T09:42:30.0000000Z;96.106;96.452;41;475
2026-06-08T09:42:31.0000000Z;96.108;96.452;450;475
2026-06-08T09:42:35.0000000Z;96.106;96.452;41;475
2026-06-08T09:42:37.0000000Z;96.108;96.452;450;475
2026-06-08T09:42:42.0000000Z;96.112;96.452;41;475
2026-06-08T09:42:43.0000000Z;96.114;96.452;450;475
2026-06-08T09:42:47.0000000Z;96.106;96.452;41;475
2026-06-08T09:42:48.0000000Z;96.112;96.452;3000;475
2026-06-08T09:42:49.0000000Z;96.106;96.452;41;475
2026-06-08T09:42:54.0000000Z;96.106;96.452;41;475
2026-06-08T09:42:56.0000000Z;96.108;96.452;450;475
2026-06-08T09:43:02.0000000Z;96.106;96.452;41;475
2026-06-08T09:43:06.0000000Z;96.106;96.452;3000;475
2026-06-08T09:43:07.0000000Z;96.112;96.452;3000;475
2026-06-08T09:43:08.0000000Z;96.114;96.452;450;475
2026-06-08T09:43:11.0000000Z;96.112;96.452;41;475
2026-06-08T09:43:12.0000000Z;96.112;96.452;41;475
2026-06-08T09:43:16.0000000Z;96.146;96.452;41;475
2026-06-08T09:43:17.0000000Z;96.148;96.452;450;475
2026-06-08T09:43:18.0000000Z;96.152;96.452;41;475
2026-06-08T09:43:19.0000000Z;96.154;96.452;450;475
2026-06-08T09:43:23.0000000Z;96.148;96.452;41;475
2026-06-08T09:43:24.0000000Z;96.152;96.452;3000;475
2026-06-08T09:43:25.0000000Z;96.15;96.452;450;475
2026-06-08T09:43:27.0000000Z;96.15;96.452;450;475
2026-06-08T09:43:31.0000000Z;96.154;96.452;41;475
2026-06-08T09:43:32.0000000Z;96.156;96.452;450;475
2026-06-08T09:43:36.0000000Z;96.154;96.452;41;475
2026-06-08T09:43:40.0000000Z;96.156;96.452;450;475
2026-06-08T09:43:42.0000000Z;96.16;96.452;41;475
2026-06-08T09:43:43.0000000Z;96.162;96.452;450;475
2026-06-08T09:43:47.0000000Z;96.154;96.452;41;475
2026-06-08T09:43:48.0000000Z;96.16;96.452;3000;475
2026-06-08T09:43:49.0000000Z;96.156;96.452;450;475
2026-06-08T09:43:54.0000000Z;96.16;96.452;41;475
2026-06-08T09:43:55.0000000Z;96.162;96.452;450;475
2026-06-08T09:43:59.0000000Z;96.16;96.452;3000;475
2026-06-08T09:44:00.0000000Z;96.16;96.452;3000;475
2026-06-08T09:44:01.0000000Z;96.154;96.452;41;475
2026-06-08T09:44:06.0000000Z;96.16;96.452;41;475
2026-06-08T09:44:07.0000000Z;96.162;96.452;450;475
2026-06-08T09:44:08.0000000Z;96.16;96.452;41;475
2026-06-08T09:44:11.0000000Z;96.16;96.452;41;475
2026-06-08T09:44:15.0000000Z;96.162;96.452;450;475
2026-06-08T09:44:19.0000000Z;96.166;96.452;41;475
2026-06-08T09:44:20.0000000Z;96.168;96.452;450;475
2026-06-08T09:44:24.0000000Z;96.166;96.452;41;475
2026-06-08T09:44:26.0000000Z;96.168;96.452;450;475
2026-06-08T09:44:30.0000000Z;96.172;96.452;41;475
2026-06-08T09:44:31.0000000Z;96.174;96.452;450;475
2026-06-08T09:44:35.0000000Z;96.166;96.452;41;475
2026-06-08T09:44:37.0000000Z;96.172;96.452;3000;475
2026-06-08T09:44:38.0000000Z;96.168;96.452;450;475
2026-06-08T09:44:42.0000000Z;96.172;96.452;41;475
2026-06-08T09:44:43.0000000Z;96.194;96.448;41;475
2026-06-08T09:44:44.0000000Z;96.194;96.412;41;475
2026-06-08T09:44:45.0000000Z;96.194;96.412;41;3000
2026-06-08T09:44:46.0000000Z;96.194;96.41;41;41
2026-06-08T09:44:47.0000000Z;96.194;96.41;41;41
2026-06-08T09:44:50.0000000Z;96.196;96.41;450;3450
2026-06-08T09:44:54.0000000Z;96.2;96.41;41;41
2026-06-08T09:44:55.0000000Z;96.2;96.41;3000;41
2026-06-08T09:44:56.0000000Z;96.2;96.41;41;41
2026-06-08T09:44:59.0000000Z;96.2;96.406;3000;3000
2026-06-08T09:44:59.0000000Z;96.194;96.406;41;41
2026-06-08T09:45:00.0000000Z;96.2;96.404;3000;450
2026-06-08T09:45:02.0000000Z;96.196;96.404;450;450
2026-06-08T09:45:03.0000000Z;96.194;96.468;41;41
2026-06-08T09:45:04.0000000Z;96.194;96.406;41;3000
2026-06-08T09:45:06.0000000Z;96.2;96.468;41;41
2026-06-08T09:45:07.0000000Z;96.2;96.468;41;41
2026-06-08T09:45:08.0000000Z;96.202;96.408;450;41
2026-06-08T09:45:11.0000000Z;96.194;96.468;41;41
2026-06-08T09:45:12.0000000Z;96.2;96.466;3000;450
2026-06-08T09:45:14.0000000Z;96.196;96.466;450;450
2026-06-08T09:45:18.0000000Z;96.2;96.468;41;41
2026-06-08T09:45:19.0000000Z;96.202;96.468;450;41
2026-06-08T09:45:20.0000000Z;96.202;96.466;450;450
2026-06-08T09:45:23.0000000Z;96.194;96.468;41;41
2026-06-08T09:45:24.0000000Z;96.2;96.468;3000;41
2026-06-08T09:45:26.0000000Z;96.196;96.468;450;41
2026-06-08T09:45:30.0000000Z;96.2;96.468;41;41
2026-06-08T09:45:31.0000000Z;96.202;96.468;450;41
2026-06-08T09:45:32.0000000Z;96.202;96.466;450;450
2026-06-08T09:45:35.0000000Z;96.194;96.468;41;41
2026-06-08T09:45:36.0000000Z;96.2;96.468;3000;41
2026-06-08T09:45:38.0000000Z;96.196;96.468;450;41
2026-06-08T09:45:42.0000000Z;96.2;96.468;41;41
2026-06-08T09:45:43.0000000Z;96.202;96.468;450;41
2026-06-08T09:45:44.0000000Z;96.202;96.466;450;450
2026-06-08T09:45:45.0000000Z;96.2;96.468;41;41
2026-06-08T09:45:47.0000000Z;96.218;96.468;3000;41
2026-06-08T09:45:48.0000000Z;96.22;96.468;450;41
2026-06-08T09:45:51.0000000Z;96.22;96.468;450;41
2026-06-08T09:45:52.0000000Z;96.218;96.468;41;41
2026-06-08T09:45:54.0000000Z;96.224;96.468;41;41
2026-06-08T09:45:55.0000000Z;96.226;96.468;450;41
2026-06-08T09:45:56.0000000Z;96.226;96.466;450;450
2026-06-08T09:45:59.0000000Z;96.224;96.468;3000;41
2026-06-08T09:45:59.0000000Z;96.218;96.468;41;41
2026-06-08T09:46:00.0000000Z;96.224;96.468;3000;41
2026-06-08T09:46:02.0000000Z;96.22;96.468;450;41
2026-06-08T09:46:06.0000000Z;96.224;96.468;41;41
2026-06-08T09:46:07.0000000Z;96.226;96.468;450;41
2026-06-08T09:46:08.0000000Z;96.226;96.466;450;450
2026-06-08T09:46:11.0000000Z;96.218;96.468;41;41
2026-06-08T09:46:12.0000000Z;96.224;96.468;3000;41
2026-06-08T09:46:14.0000000Z;96.22;96.468;450;41
2026-06-08T09:46:18.0000000Z;96.224;96.468;41;41
2026-06-08T09:46:19.0000000Z;96.226;96.468;450;41
2026-06-08T09:46:20.0000000Z;96.226;96.466;450;450
2026-06-08T09:46:23.0000000Z;96.218;96.468;41;41
2026-06-08T09:46:25.0000000Z;96.224;96.468;3000;41
2026-06-08T09:46:26.0000000Z;96.22;96.468;450;41
2026-06-08T09:46:30.0000000Z;96.224;96.468;41;41
2026-06-08T09:46:31.0000000Z;96.226;96.468;450;41
2026-06-08T09:46:32.0000000Z;96.226;96.466;450;450
2026-06-08T09:46:35.0000000Z;96.218;96.468;41;41
2026-06-08T09:46:36.0000000Z;96.224;96.468;3000;41
2026-06-08T09:46:38.0000000Z;96.22;96.468;450;41
2026-06-08T09:46:43.0000000Z;96.224;96.468;41;41
2026-06-08T09:46:44.0000000Z;96.226;96.466;450;450
2026-06-08T09:46:48.0000000Z;96.224;96.468;3000;41
2026-06-08T09:46:49.0000000Z;96.224;96.468;3000;41
2026-06-08T09:46:50.0000000Z;96.222;96.468;41;41
2026-06-08T09:46:54.0000000Z;96.224;96.468;41;41
2026-06-08T09:46:55.0000000Z;96.226;96.468;450;41
2026-06-08T09:46:56.0000000Z;96.226;96.466;450;450
2026-06-08T09:46:59.0000000Z;96.224;96.468;3000;41
2026-06-08T09:46:59.0000000Z;96.218;96.468;41;41
2026-06-08T09:47:00.0000000Z;96.224;96.468;3000;41
2026-06-08T09:47:02.0000000Z;96.22;96.468;450;41
2026-06-08T09:47:06.0000000Z;96.224;96.468;41;41
2026-06-08T09:47:07.0000000Z;96.226;96.468;450;41
2026-06-08T09:47:09.0000000Z;96.226;96.466;450;450
2026-06-08T09:47:11.0000000Z;96.218;96.468;41;41
2026-06-08T09:47:12.0000000Z;96.224;96.468;3000;41
2026-06-08T09:47:13.0000000Z;96.218;96.476;41;41
2026-06-08T09:47:14.0000000Z;96.22;96.468;450;3000
2026-06-08T09:47:16.0000000Z;96.22;96.47;450;41
2026-06-08T09:47:18.0000000Z;96.224;96.476;41;41
2026-06-08T09:47:19.0000000Z;96.224;96.476;41;41
2026-06-08T09:47:20.0000000Z;96.226;96.474;450;450
2026-06-08T09:47:23.0000000Z;96.218;96.476;41;41
2026-06-08T09:47:25.0000000Z;96.218;96.476;41;41
2026-06-08T09:47:26.0000000Z;96.222;96.476;41;41
2026-06-08T09:47:28.0000000Z;96.22;96.476;450;41
2026-06-08T09:47:31.0000000Z;96.224;96.476;41;41
2026-06-08T09:47:32.0000000Z;96.226;96.474;450;450
2026-06-08T09:47:34.0000000Z;96.226;96.474;450;450
2026-06-08T09:47:36.0000000Z;96.218;96.476;41;41
2026-06-08T09:47:37.0000000Z;96.224;96.476;3000;41
2026-06-08T09:47:38.0000000Z;96.22;96.476;450;41
2026-06-08T09:47:42.0000000Z;96.224;96.476;41;41
2026-06-08T09:47:43.0000000Z;96.224;96.476;41;41
2026-06-08T09:47:44.0000000Z;96.226;96.474;450;450
2026-06-08T09:47:47.0000000Z;96.218;96.476;41;41
2026-06-08T09:47:48.0000000Z;96.224;96.476;3000;41
2026-06-08T09:47:50.0000000Z;96.22;96.476;450;41
2026-06-08T09:47:54.0000000Z;96.224;96.476;41;41
2026-06-08T09:47:55.0000000Z;96.226;96.476;450;41
2026-06-08T09:47:56.0000000Z;96.226;96.474;450;450
2026-06-08T09:47:59.0000000Z;96.224;96.476;3000;41
2026-06-08T09:47:59.0000000Z;96.218;96.476;41;41
2026-06-08T09:48:01.0000000Z;96.224;96.476;3000;41
2026-06-08T09:48:02.0000000Z;96.22;96.476;450;41
2026-06-08T09:48:06.0000000Z;96.224;96.476;41;41
2026-06-08T09:48:07.0000000Z;96.224;96.476;41;41
2026-06-08T09:48:08.0000000Z;96.226;96.474;450;450
2026-06-08T09:48:11.0000000Z;96.218;96.476;41;41
2026-06-08T09:48:12.0000000Z;96.224;96.476;3000;41
2026-06-08T09:48:14.0000000Z;96.222;96.476;41;41
2026-06-08T09:48:17.0000000Z;96.22;96.476;450;41
2026-06-08T09:48:18.0000000Z;96.224;96.476;41;41
2026-06-08T09:48:19.0000000Z;96.224;96.476;41;41
2026-06-08T09:48:20.0000000Z;96.226;96.476;450;41
2026-06-08T09:48:21.0000000Z;96.226;96.474;450;450
2026-06-08T09:48:23.0000000Z;96.218;96.476;41;41
2026-06-08T09:48:25.0000000Z;96.224;96.476;3000;41
2026-06-08T09:48:26.0000000Z;96.22;96.476;450;41
2026-06-08T09:48:30.0000000Z;96.224;96.476;41;41
2026-06-08T09:48:31.0000000Z;96.224;96.476;41;41
2026-06-08T09:48:32.0000000Z;96.226;96.474;450;450
2026-06-08T09:48:35.0000000Z;96.218;96.476;41;41
2026-06-08T09:48:36.0000000Z;96.224;96.476;3000;41
2026-06-08T09:48:38.0000000Z;96.22;96.476;450;41
2026-06-08T09:48:42.0000000Z;96.224;96.476;41;41
2026-06-08T09:48:43.0000000Z;96.226;96.476;450;41
2026-06-08T09:48:44.0000000Z;96.224;96.474;41;450
2026-06-08T09:48:47.0000000Z;96.218;96.476;41;41
2026-06-08T09:48:48.0000000Z;96.222;96.476;41;41
2026-06-08T09:48:49.0000000Z;96.222;96.476;41;41
2026-06-08T09:48:54.0000000Z;96.218;96.476;3000;41
2026-06-08T09:48:55.0000000Z;96.22;96.472;450;41
2026-06-08T09:48:56.0000000Z;96.22;96.47;450;450
2026-06-08T09:48:57.0000000Z;96.22;96.47;450;450
2026-06-08T09:49:07.0000000Z;96.224;96.542;41;528
2026-06-08T09:49:08.0000000Z;96.224;96.488;41;41
2026-06-08T09:49:09.0000000Z;96.224;96.488;41;41
2026-06-08T09:49:10.0000000Z;96.224;96.488;41;41
2026-06-08T09:49:11.0000000Z;96.224;96.488;41;41
2026-06-08T09:49:12.0000000Z;96.218;96.488;41;41
2026-06-08T09:49:13.0000000Z;96.218;96.488;41;41
2026-06-08T09:49:14.0000000Z;96.218;96.488;41;41
2026-06-08T09:49:15.0000000Z;96.218;96.488;41;41
2026-06-08T09:49:16.0000000Z;96.218;96.488;41;41
2026-06-08T09:49:17.0000000Z;96.218;96.488;41;41
2026-06-08T09:49:18.0000000Z;96.224;96.488;41;41
2026-06-08T09:49:19.0000000Z;96.224;96.488;41;41
2026-06-08T09:49:20.0000000Z;96.224;96.488;41;41
2026-06-08T09:49:21.0000000Z;96.224;96.488;41;41
2026-06-08T09:49:22.0000000Z;96.224;96.488;41;41
2026-06-08T09:49:23.0000000Z;96.218;96.488;41;41
2026-06-08T09:49:24.0000000Z;96.218;96.488;41;41
2026-06-08T09:49:25.0000000Z;96.218;96.488;41;41
2026-06-08T09:49:26.0000000Z;96.218;96.488;41;41
2026-06-08T09:49:27.0000000Z;96.218;96.488;41;41
2026-06-08T09:49:29.0000000Z;96.22;96.488;450;41
2026-06-08T09:49:30.0000000Z;96.224;96.488;41;41
2026-06-08T09:49:31.0000000Z;96.224;96.488;41;41
2026-06-08T09:49:32.0000000Z;96.226;96.486;450;450
2026-06-08T09:49:35.0000000Z;96.218;96.488;41;41
2026-06-08T09:49:37.0000000Z;96.224;96.488;3000;41
2026-06-08T09:49:38.0000000Z;96.22;96.488;450;41
2026-06-08T09:49:43.0000000Z;96.224;96.488;41;41
2026-06-08T09:49:44.0000000Z;96.226;96.486;450;450
2026-06-08T09:49:48.0000000Z;96.218;96.488;41;41
2026-06-08T09:49:49.0000000Z;96.224;96.488;3000;41
2026-06-08T09:49:51.0000000Z;96.22;96.488;450;41
2026-06-08T09:49:54.0000000Z;96.224;96.488;41;41
2026-06-08T09:49:55.0000000Z;96.226;96.488;450;41
2026-06-08T09:49:56.0000000Z;96.226;96.486;450;450
2026-06-08T09:49:57.0000000Z;96.226;96.484;450;3000
2026-06-08T09:49:58.0000000Z;96.226;96.484;450;3000
2026-06-08T09:49:59.0000000Z;96.224;96.488;3000;41
2026-06-08T09:49:59.0000000Z;96.218;96.488;41;41
2026-06-08T09:50:00.0000000Z;96.224;96.488;3000;41
2026-06-08T09:50:01.0000000Z;96.222;96.488;41;41
2026-06-08T09:50:04.0000000Z;96.22;96.488;450;41
2026-06-08T09:50:05.0000000Z;96.218;96.484;41;41
2026-06-08T09:50:06.0000000Z;96.218;96.484;3000;41
2026-06-08T09:50:07.0000000Z;96.226;96.48;450;41
2026-06-08T09:50:08.0000000Z;96.226;96.478;450;450
2026-06-08T09:50:11.0000000Z;96.218;96.48;41;41
2026-06-08T09:50:13.0000000Z;96.22;96.48;450;41
2026-06-08T09:50:15.0000000Z;96.22;96.478;450;450
2026-06-08T09:50:16.0000000Z;96.22;96.478;450;450
2026-06-08T09:50:18.0000000Z;96.218;96.48;3000;41
2026-06-08T09:50:19.0000000Z;96.226;96.476;450;41
2026-06-08T09:50:20.0000000Z;96.226;96.474;450;450
2026-06-08T09:50:23.0000000Z;96.218;96.476;41;41
2026-06-08T09:50:24.0000000Z;96.224;96.476;3000;41
2026-06-08T09:50:27.0000000Z;96.22;96.474;450;450
2026-06-08T09:50:30.0000000Z;96.224;96.476;41;41
2026-06-08T09:50:31.0000000Z;96.224;96.476;41;41
2026-06-08T09:50:32.0000000Z;96.226;96.474;450;450
2026-06-08T09:50:35.0000000Z;96.218;96.476;41;41
2026-06-08T09:50:37.0000000Z;96.218;96.476;41;41
2026-06-08T09:50:43.0000000Z;96.224;96.476;41;41
2026-06-08T09:50:44.0000000Z;96.226;96.474;450;450
2026-06-08T09:50:48.0000000Z;96.218;96.476;41;41
2026-06-08T09:50:49.0000000Z;96.218;96.476;41;41
2026-06-08T09:50:50.0000000Z;96.218;96.476;41;41
2026-06-08T09:50:51.0000000Z;96.218;96.476;41;41
2026-06-08T09:50:52.0000000Z;96.218;96.476;41;41
2026-06-08T09:50:53.0000000Z;96.218;96.476;41;41
2026-06-08T09:50:54.0000000Z;96.224;96.476;41;41
2026-06-08T09:50:55.0000000Z;96.224;96.476;41;41
2026-06-08T09:50:56.0000000Z;96.224;96.476;41;41
2026-06-08T09:50:57.0000000Z;96.224;96.476;41;41
2026-06-08T09:50:58.0000000Z;96.224;96.476;41;41
2026-06-08T09:50:59.0000000Z;96.224;96.476;3000;41
2026-06-08T09:50:59.0000000Z;96.218;96.476;41;41
2026-06-08T09:51:00.0000000Z;96.224;96.476;3000;41
2026-06-08T09:51:01.0000000Z;96.22;96.476;450;41
2026-06-08T09:51:06.0000000Z;96.224;96.476;41;41
2026-06-08T09:51:07.0000000Z;96.226;96.476;450;41
2026-06-08T09:51:08.0000000Z;96.226;96.474;450;450
2026-06-08T09:51:11.0000000Z;96.218;96.476;41;41
2026-06-08T09:51:12.0000000Z;96.224;96.476;3000;41
2026-06-08T09:51:13.0000000Z;96.22;96.476;450;41
2026-06-08T09:51:16.0000000Z;96.218;96.472;41;41
2026-06-08T09:51:17.0000000Z;96.218;96.472;41;3000
2026-06-08T09:51:18.0000000Z;96.224;96.472;41;41
2026-06-08T09:51:19.0000000Z;96.226;96.472;450;41
2026-06-08T09:51:20.0000000Z;96.224;96.47;41;450
2026-06-08T09:51:23.0000000Z;96.218;96.472;41;41
2026-06-08T09:51:24.0000000Z;96.224;96.47;3000;450
2026-06-08T09:51:25.0000000Z;96.22;96.47;450;450
2026-06-08T09:51:31.0000000Z;96.224;96.472;41;41
2026-06-08T09:51:32.0000000Z;96.226;96.47;450;450
2026-06-08T09:51:36.0000000Z;96.218;96.472;41;41
2026-06-08T09:51:37.0000000Z;96.22;96.472;450;41
2026-06-08T09:51:42.0000000Z;96.224;96.472;41;41
2026-06-08T09:51:43.0000000Z;96.226;96.472;450;41
2026-06-08T09:51:44.0000000Z;96.226;96.47;450;450
2026-06-08T09:51:47.0000000Z;96.218;96.472;41;41
2026-06-08T09:51:48.0000000Z;96.224;96.472;3000;41
2026-06-08T09:51:49.0000000Z;96.22;96.472;450;41
2026-06-08T09:51:55.0000000Z;96.224;96.472;41;41
2026-06-08T09:51:56.0000000Z;96.226;96.47;450;450
2026-06-08T09:51:59.0000000Z;96.226;96.47;450;450
2026-06-08T09:52:00.0000000Z;96.218;96.472;41;41
2026-06-08T09:52:01.0000000Z;96.222;96.472;41;41
2026-06-08T09:52:05.0000000Z;96.22;96.472;450;41
2026-06-08T09:52:06.0000000Z;96.224;96.472;41;41
2026-06-08T09:52:07.0000000Z;96.224;96.472;41;41
2026-06-08T09:52:08.0000000Z;96.226;96.47;450;450
2026-06-08T09:52:11.0000000Z;96.218;96.472;41;41
2026-06-08T09:52:12.0000000Z;96.224;96.472;3000;41
2026-06-08T09:52:13.0000000Z;96.22;96.472;450;41
2026-06-08T09:52:18.0000000Z;96.224;96.472;41;41
2026-06-08T09:52:19.0000000Z;96.226;96.472;450;41
2026-06-08T09:52:20.0000000Z;96.226;96.47;450;450
2026-06-08T09:52:23.0000000Z;96.218;96.472;41;41
2026-06-08T09:52:24.0000000Z;96.224;96.472;3000;41
2026-06-08T09:52:25.0000000Z;96.22;96.472;450;41
2026-06-08T09:52:30.0000000Z;96.224;96.472;41;41
2026-06-08T09:52:31.0000000Z;96.224;96.472;41;41
2026-06-08T09:52:32.0000000Z;96.226;96.47;450;450
2026-06-08T09:52:35.0000000Z;96.218;96.472;41;41
2026-06-08T09:52:37.0000000Z;96.22;96.472;450;41
2026-06-08T09:52:43.0000000Z;96.224;96.472;41;41
2026-06-08T09:52:45.0000000Z;96.224;96.472;41;41
2026-06-08T09:52:46.0000000Z;96.224;96.47;41;450
2026-06-08T09:52:48.0000000Z;96.218;96.472;41;41
2026-06-08T09:52:49.0000000Z;96.22;96.472;450;41
2026-06-08T09:52:54.0000000Z;96.224;96.472;41;41
2026-06-08T09:52:55.0000000Z;96.226;96.472;450;41
2026-06-08T09:52:56.0000000Z;96.226;96.47;450;450
2026-06-08T09:52:59.0000000Z;96.224;96.472;3000;41
2026-06-08T09:52:59.0000000Z;96.218;96.472;41;41
2026-06-08T09:53:01.0000000Z;96.22;96.472;450;41
2026-06-08T09:53:06.0000000Z;96.222;96.472;41;41
2026-06-08T09:53:07.0000000Z;96.224;96.47;450;475
2026-06-08T09:53:08.0000000Z;96.218;96.472;41;41
2026-06-08T09:53:09.0000000Z;96.22;96.47;450;450
2026-06-08T09:53:19.0000000Z;96.224;96.472;3000;41
2026-06-08T09:53:20.0000000Z;96.226;96.47;450;450
2026-06-08T09:53:24.0000000Z;96.218;96.472;41;41
2026-06-08T09:53:25.0000000Z;96.22;96.472;450;41
2026-06-08T09:53:30.0000000Z;96.224;96.472;41;41
2026-06-08T09:53:31.0000000Z;96.226;96.472;450;41
2026-06-08T09:53:32.0000000Z;96.226;96.47;450;450
2026-06-08T09:53:35.0000000Z;96.218;96.472;41;41
2026-06-08T09:53:36.0000000Z;96.224;96.472;3000;41
2026-06-08T09:53:37.0000000Z;96.22;96.472;450;41
2026-06-08T09:53:43.0000000Z;96.224;96.472;41;41
2026-06-08T09:53:44.0000000Z;96.226;96.47;450;450
2026-06-08T09:53:48.0000000Z;96.218;96.472;41;41
2026-06-08T09:53:49.0000000Z;96.224;96.472;3000;41
2026-06-08T09:53:50.0000000Z;96.22;96.472;450;41
2026-06-08T09:53:54.0000000Z;96.224;96.472;41;41
2026-06-08T09:53:55.0000000Z;96.224;96.472;41;41
2026-06-08T09:53:56.0000000Z;96.226;96.47;450;450
2026-06-08T09:53:59.0000000Z;96.224;96.472;3000;41
2026-06-08T09:53:59.0000000Z;96.218;96.472;41;41
2026-06-08T09:54:00.0000000Z;96.224;96.472;3000;41
2026-06-08T09:54:02.0000000Z;96.222;96.472;41;41
2026-06-08T09:54:06.0000000Z;96.224;96.472;41;41
2026-06-08T09:54:07.0000000Z;96.224;96.472;41;41
2026-06-08T09:54:08.0000000Z;96.226;96.47;450;450
2026-06-08T09:54:11.0000000Z;96.218;96.472;41;41
2026-06-08T09:54:12.0000000Z;96.224;96.472;3000;41
2026-06-08T09:54:14.0000000Z;96.22;96.472;450;41
2026-06-08T09:54:19.0000000Z;96.224;96.472;3000;41
2026-06-08T09:54:20.0000000Z;96.226;96.47;450;450
2026-06-08T09:54:24.0000000Z;96.218;96.472;41;41
2026-06-08T09:54:25.0000000Z;96.224;96.472;3000;41
2026-06-08T09:54:26.0000000Z;96.22;96.472;450;41
2026-06-08T09:54:30.0000000Z;96.224;96.472;41;41
2026-06-08T09:54:31.0000000Z;96.226;96.472;450;41
2026-06-08T09:54:32.0000000Z;96.226;96.47;450;450
2026-06-08T09:54:35.0000000Z;96.218;96.472;41;41
2026-06-08T09:54:37.0000000Z;96.224;96.472;3000;41
2026-06-08T09:54:38.0000000Z;96.22;96.472;450;41
2026-06-08T09:54:42.0000000Z;96.222;96.472;753;41
2026-06-08T09:54:43.0000000Z;96.224;96.472;41;41
2026-06-08T09:54:44.0000000Z;96.226;96.472;450;3000
2026-06-08T09:54:45.0000000Z;96.224;96.47;41;450
2026-06-08T09:54:47.0000000Z;96.218;96.472;41;41
2026-06-08T09:54:48.0000000Z;96.224;96.472;3000;41
2026-06-08T09:54:50.0000000Z;96.22;96.472;450;41
2026-06-08T09:54:54.0000000Z;96.218;96.472;3000;41
2026-06-08T09:54:55.0000000Z;96.224;96.472;41;41
2026-06-08T09:54:56.0000000Z;96.226;96.47;450;450
2026-06-08T09:54:58.0000000Z;96.226;96.47;450;450
2026-06-08T09:54:59.0000000Z;96.224;96.472;3000;41
2026-06-08T09:54:59.0000000Z;96.218;96.472;41;41
2026-06-08T09:55:01.0000000Z;96.224;96.472;3000;41
2026-06-08T09:55:02.0000000Z;96.222;96.472;41;41
2026-06-08T09:55:04.0000000Z;96.22;96.472;450;41
2026-06-08T09:55:06.0000000Z;96.224;96.472;41;41
2026-06-08T09:55:07.0000000Z;96.226;96.472;450;41
2026-06-08T09:55:08.0000000Z;96.226;96.47;450;450
2026-06-08T09:55:11.0000000Z;96.218;96.472;41;41
2026-06-08T09:55:12.0000000Z;96.224;96.472;3000;41
2026-06-08T09:55:14.0000000Z;96.22;96.472;450;41
2026-06-08T09:55:18.0000000Z;96.224;96.472;41;41
2026-06-08T09:55:19.0000000Z;96.224;96.472;41;41
2026-06-08T09:55:20.0000000Z;96.226;96.472;450;41
2026-06-08T09:55:21.0000000Z;96.226;96.47;450;450
2026-06-08T09:55:23.0000000Z;96.218;96.472;41;41
2026-06-08T09:55:24.0000000Z;96.224;96.472;3000;41
2026-06-08T09:55:26.0000000Z;96.22;96.472;450;41
2026-06-08T09:55:30.0000000Z;96.224;96.472;41;41
2026-06-08T09:55:31.0000000Z;96.226;96.472;450;41
2026-06-08T09:55:32.0000000Z;96.224;96.482;41;41
2026-06-08T09:55:34.0000000Z;96.224;96.474;41;41
2026-06-08T09:55:35.0000000Z;96.218;96.482;41;41
2026-06-08T09:55:36.0000000Z;96.224;96.478;3000;41
2026-06-08T09:55:37.0000000Z;96.224;96.474;3000;41
2026-06-08T09:55:38.0000000Z;96.22;96.476;450;450
2026-06-08T09:55:42.0000000Z;96.224;96.478;41;41
2026-06-08T09:55:43.0000000Z;96.224;96.478;41;41
2026-06-08T09:55:44.0000000Z;96.226;96.476;450;450
2026-06-08T09:55:47.0000000Z;96.218;96.478;41;41
2026-06-08T09:55:49.0000000Z;96.224;96.478;3000;41
2026-06-08T09:55:50.0000000Z;96.22;96.478;450;41
2026-06-08T09:55:54.0000000Z;96.224;96.478;41;41
2026-06-08T09:55:55.0000000Z;96.224;96.478;41;41
2026-06-08T09:55:56.0000000Z;96.226;96.476;450;450
2026-06-08T09:55:59.0000000Z;96.224;96.478;3000;41
2026-06-08T09:55:59.0000000Z;96.218;96.478;41;41
2026-06-08T09:56:00.0000000Z;96.224;96.478;3000;41
2026-06-08T09:56:02.0000000Z;96.22;96.478;450;41
2026-06-08T09:56:06.0000000Z;96.224;96.478;41;41
2026-06-08T09:56:07.0000000Z;96.224;96.478;41;41
2026-06-08T09:56:08.0000000Z;96.226;96.476;450;450
2026-06-08T09:56:11.0000000Z;96.218;96.478;41;41
2026-06-08T09:56:13.0000000Z;96.224;96.478;3000;41
2026-06-08T09:56:14.0000000Z;96.22;96.478;450;41
2026-06-08T09:56:19.0000000Z;96.224;96.478;41;41
2026-06-08T09:56:20.0000000Z;96.226;96.478;450;41
2026-06-08T09:56:21.0000000Z;96.226;96.476;450;450
2026-06-08T09:56:23.0000000Z;96.226;96.476;450;450
2026-06-08T09:56:24.0000000Z;96.218;96.478;41;41
2026-06-08T09:56:25.0000000Z;96.224;96.478;3000;41
2026-06-08T09:56:26.0000000Z;96.222;96.478;41;41
2026-06-08T09:56:28.0000000Z;96.22;96.478;450;41
2026-06-08T09:56:30.0000000Z;96.224;96.478;41;41
2026-06-08T09:56:31.0000000Z;96.226;96.478;450;41
2026-06-08T09:56:32.0000000Z;96.226;96.476;450;450
2026-06-08T09:56:35.0000000Z;96.218;96.478;41;41
2026-06-08T09:56:37.0000000Z;96.224;96.478;3000;41
2026-06-08T09:56:38.0000000Z;96.22;96.478;450;41
2026-06-08T09:56:43.0000000Z;96.224;96.478;41;41
2026-06-08T09:56:44.0000000Z;96.226;96.476;450;450
2026-06-08T09:56:48.0000000Z;96.218;96.478;41;41
2026-06-08T09:56:49.0000000Z;96.224;96.478;3000;41
2026-06-08T09:56:50.0000000Z;96.22;96.478;450;41
2026-06-08T09:56:54.0000000Z;96.224;96.478;41;41
2026-06-08T09:56:55.0000000Z;96.224;96.478;41;41
2026-06-08T09:56:56.0000000Z;96.226;96.476;450;450
2026-06-08T09:56:59.0000000Z;96.224;96.478;3000;41
2026-06-08T09:56:59.0000000Z;96.218;96.478;41;41
2026-06-08T09:57:00.0000000Z;96.224;96.478;3000;41
2026-06-08T09:57:01.0000000Z;96.218;96.474;41;41
2026-06-08T09:57:02.0000000Z;96.22;96.472;450;450
2026-06-08T09:57:06.0000000Z;96.224;96.474;41;41
2026-06-08T09:57:07.0000000Z;96.224;96.474;41;41
2026-06-08T09:57:08.0000000Z;96.226;96.472;450;450
2026-06-08T09:57:11.0000000Z;96.218;96.474;41;41
2026-06-08T09:57:13.0000000Z;96.224;96.474;3000;41
2026-06-08T09:57:14.0000000Z;96.22;96.474;450;41
2026-06-08T09:57:19.0000000Z;96.224;96.474;41;41
2026-06-08T09:57:20.0000000Z;96.226;96.472;450;450
2026-06-08T09:57:23.0000000Z;96.226;96.472;450;450
2026-06-08T09:57:24.0000000Z;96.218;96.474;41;41
2026-06-08T09:57:25.0000000Z;96.224;96.474;3000;41
2026-06-08T09:57:26.0000000Z;96.222;96.474;41;41
2026-06-08T09:57:28.0000000Z;96.22;96.474;450;41
2026-06-08T09:57:30.0000000Z;96.224;96.474;41;41
2026-06-08T09:57:31.0000000Z;96.224;96.474;41;41
2026-06-08T09:57:32.0000000Z;96.226;96.472;450;450
2026-06-08T09:57:35.0000000Z;96.218;96.474;41;41
2026-06-08T09:57:37.0000000Z;96.22;96.474;450;41
2026-06-08T09:57:42.0000000Z;96.224;96.474;41;41
2026-06-08T09:57:43.0000000Z;96.224;96.474;41;41
2026-06-08T09:57:44.0000000Z;96.226;96.472;450;450
2026-06-08T09:57:47.0000000Z;96.218;96.474;41;41
2026-06-08T09:57:48.0000000Z;96.224;96.474;3000;41
2026-06-08T09:57:49.0000000Z;96.222;96.474;41;41
2026-06-08T09:57:53.0000000Z;96.22;96.474;450;41
2026-06-08T09:57:54.0000000Z;96.224;96.474;41;41
2026-06-08T09:57:55.0000000Z;96.226;96.474;450;41
2026-06-08T09:57:56.0000000Z;96.226;96.472;450;450
2026-06-08T09:57:59.0000000Z;96.224;96.474;3000;41
2026-06-08T09:57:59.0000000Z;96.218;96.474;41;41
2026-06-08T09:58:01.0000000Z;96.222;96.474;41;41
2026-06-08T09:58:06.0000000Z;96.224;96.474;41;41
2026-06-08T09:58:07.0000000Z;96.224;96.474;41;41
2026-06-08T09:58:08.0000000Z;96.226;96.472;450;450
2026-06-08T09:58:11.0000000Z;96.218;96.474;41;41
2026-06-08T09:58:13.0000000Z;96.22;96.474;450;41
2026-06-08T09:58:18.0000000Z;96.224;96.474;41;41
2026-06-08T09:58:19.0000000Z;96.226;96.474;450;41
2026-06-08T09:58:20.0000000Z;96.226;96.472;450;450
2026-06-08T09:58:23.0000000Z;96.218;96.474;41;41
2026-06-08T09:58:24.0000000Z;96.224;96.474;3000;41
2026-06-08T09:58:27.0000000Z;96.22;96.474;450;41
2026-06-08T09:58:30.0000000Z;96.224;96.474;41;41
2026-06-08T09:58:31.0000000Z;96.224;96.474;41;41
2026-06-08T09:58:32.0000000Z;96.226;96.472;450;450
2026-06-08T09:58:35.0000000Z;96.218;96.474;41;41
2026-06-08T09:58:36.0000000Z;96.224;96.474;3000;41
2026-06-08T09:58:39.0000000Z;96.22;96.474;450;41
2026-06-08T09:58:42.0000000Z;96.224;96.474;41;41
2026-06-08T09:58:43.0000000Z;96.226;96.474;450;41
2026-06-08T09:58:44.0000000Z;96.226;96.472;450;450
2026-06-08T09:58:47.0000000Z;96.218;96.474;41;41
2026-06-08T09:58:48.0000000Z;96.224;96.474;3000;41
2026-06-08T09:58:49.0000000Z;96.22;96.474;450;41
2026-06-08T09:58:54.0000000Z;96.224;96.474;41;41
2026-06-08T09:58:55.0000000Z;96.226;96.474;450;41
2026-06-08T09:58:56.0000000Z;96.226;96.472;450;450
2026-06-08T09:58:59.0000000Z;96.224;96.474;3000;41
2026-06-08T09:58:59.0000000Z;96.218;96.474;41;41
2026-06-08T09:59:00.0000000Z;96.224;96.474;3000;41
2026-06-08T09:59:01.0000000Z;96.222;96.474;41;41
2026-06-08T09:59:04.0000000Z;96.22;96.474;450;41
2026-06-08T09:59:06.0000000Z;96.224;96.474;41;41
2026-06-08T09:59:07.0000000Z;96.224;96.474;41;41
2026-06-08T09:59:08.0000000Z;96.226;96.472;450;450
2026-06-08T09:59:11.0000000Z;96.218;96.474;41;41
2026-06-08T09:59:12.0000000Z;96.224;96.474;3000;41
2026-06-08T09:59:13.0000000Z;96.22;96.474;450;41
2026-06-08T09:59:18.0000000Z;96.224;96.474;41;41
2026-06-08T09:59:19.0000000Z;96.224;96.474;41;41
2026-06-08T09:59:20.0000000Z;96.226;96.472;450;450
2026-06-08T09:59:23.0000000Z;96.218;96.474;41;41
2026-06-08T09:59:25.0000000Z;96.22;96.474;450;41
2026-06-08T09:59:30.0000000Z;96.224;96.474;41;41
2026-06-08T09:59:31.0000000Z;96.226;96.474;450;41
2026-06-08T09:59:32.0000000Z;96.226;96.472;450;450
2026-06-08T09:59:35.0000000Z;96.218;96.474;41;41
2026-06-08T09:59:37.0000000Z;96.222;96.474;41;41
2026-06-08T09:59:40.0000000Z;96.22;96.474;450;41
2026-06-08T09:59:42.0000000Z;96.224;96.474;41;41
2026-06-08T09:59:43.0000000Z;96.226;96.474;450;41
2026-06-08T09:59:45.0000000Z;96.226;96.472;450;450
2026-06-08T09:59:46.0000000Z;96.226;96.472;450;450
2026-06-08T09:59:47.0000000Z;96.218;96.474;41;41
2026-06-08T09:59:48.0000000Z;96.224;96.474;3000;41
2026-06-08T09:59:49.0000000Z;96.222;96.474;41;41
2026-06-08T09:59:52.0000000Z;96.22;96.474;450;41
2026-06-08T09:59:54.0000000Z;96.224;96.474;41;41
2026-06-08T09:59:55.0000000Z;96.224;96.474;41;41
2026-06-08T09:59:56.0000000Z;96.226;96.474;450;41
2026-06-08T09:59:57.0000000Z;96.226;96.472;450;450
2026-06-08T09:59:59.0000000Z;96.224;96.474;3000;41
2026-06-08T09:59:59.0000000Z;96.218;96.474;41;41
2026-06-08T10:00:00.0000000Z;96.224;96.474;3000;41
2026-06-08T10:00:01.0000000Z;96.22;96.474;450;41
2026-06-08T10:00:03.0000000Z;96.218;96.474;41;41
2026-06-08T10:00:04.0000000Z;96.218;96.474;41;41
2026-06-08T10:00:05.0000000Z;96.218;96.474;41;41
2026-06-08T10:00:06.0000000Z;96.224;96.474;41;41
2026-06-08T10:00:07.0000000Z;96.224;96.474;41;41
2026-06-08T10:00:08.0000000Z;96.224;96.474;41;41
2026-06-08T10:00:09.0000000Z;96.224;96.474;41;41
2026-06-08T10:00:10.0000000Z;96.224;96.474;41;41
2026-06-08T10:00:11.0000000Z;96.218;96.474;41;41
2026-06-08T10:00:12.0000000Z;96.218;96.474;41;41
2026-06-08T10:00:13.0000000Z;96.218;96.474;41;41
2026-06-08T10:00:14.0000000Z;96.218;96.474;41;41
2026-06-08T10:00:15.0000000Z;96.218;96.474;41;41
2026-06-08T10:00:16.0000000Z;96.218;96.474;41;41
2026-06-08T10:00:18.0000000Z;96.224;96.474;41;41
2026-06-08T10:00:19.0000000Z;96.226;96.474;450;41
2026-06-08T10:00:21.0000000Z;96.226;96.472;450;450
2026-06-08T10:00:23.0000000Z;96.218;96.474;41;41
2026-06-08T10:00:25.0000000Z;96.22;96.474;450;41
2026-06-08T10:00:30.0000000Z;96.224;96.474;41;41
2026-06-08T10:00:31.0000000Z;96.226;96.474;450;41
2026-06-08T10:00:32.0000000Z;96.226;96.472;450;450
2026-06-08T10:00:35.0000000Z;96.218;96.474;41;41
2026-06-08T10:00:37.0000000Z;96.22;96.474;450;41
2026-06-08T10:00:42.0000000Z;96.224;96.474;41;41
2026-06-08T10:00:43.0000000Z;96.224;96.474;41;41
2026-06-08T10:00:44.0000000Z;96.226;96.474;450;41
2026-06-08T10:00:45.0000000Z;96.226;96.472;450;450
2026-06-08T10:00:47.0000000Z;96.218;96.474;41;41
2026-06-08T10:00:49.0000000Z;96.22;96.474;450;41
2026-06-08T10:00:54.0000000Z;96.224;96.474;41;41
2026-06-08T10:00:55.0000000Z;96.224;96.474;41;41
2026-06-08T10:00:56.0000000Z;96.226;96.472;450;450
2026-06-08T10:00:59.0000000Z;96.224;96.474;3000;41
2026-06-08T10:00:59.0000000Z;96.218;96.474;41;41
2026-06-08T10:01:00.0000000Z;96.224;96.474;3000;41
2026-06-08T10:01:01.0000000Z;96.22;96.474;450;41
2026-06-08T10:01:05.0000000Z;96.218;96.474;41;41
2026-06-08T10:01:06.0000000Z;96.218;96.474;41;41
2026-06-08T10:01:07.0000000Z;96.224;96.474;41;41
2026-06-08T10:01:08.0000000Z;96.224;96.474;41;41
2026-06-08T10:01:09.0000000Z;96.224;96.474;41;41
2026-06-08T10:01:10.0000000Z;96.224;96.474;41;41
2026-06-08T10:01:11.0000000Z;96.224;96.474;41;41
2026-06-08T10:01:12.0000000Z;96.218;96.474;41;41
2026-06-08T10:01:13.0000000Z;96.224;96.474;3000;41
2026-06-08T10:01:15.0000000Z;96.22;96.474;450;41
2026-06-08T10:01:18.0000000Z;96.224;96.474;41;41
2026-06-08T10:01:19.0000000Z;96.224;96.474;41;41
2026-06-08T10:01:20.0000000Z;96.226;96.472;450;450
2026-06-08T10:01:23.0000000Z;96.218;96.474;41;41
2026-06-08T10:01:24.0000000Z;96.224;96.474;3000;41
2026-06-08T10:01:25.0000000Z;96.22;96.474;450;41
2026-06-08T10:01:30.0000000Z;96.224;96.474;41;41
2026-06-08T10:01:31.0000000Z;96.226;96.474;450;41
2026-06-08T10:01:32.0000000Z;96.226;96.472;450;450
2026-06-08T10:01:34.0000000Z;96.226;96.472;450;450
2026-06-08T10:01:35.0000000Z;96.218;96.474;41;41
2026-06-08T10:01:36.0000000Z;96.224;96.474;3000;41
2026-06-08T10:01:37.0000000Z;96.222;96.474;41;41
2026-06-08T10:01:40.0000000Z;96.22;96.474;450;41
2026-06-08T10:01:42.0000000Z;96.224;96.474;41;41
2026-06-08T10:01:43.0000000Z;96.224;96.474;41;41
2026-06-08T10:01:44.0000000Z;96.226;96.472;450;450
2026-06-08T10:01:46.0000000Z;96.224;96.474;41;41
2026-06-08T10:01:47.0000000Z;96.218;96.474;41;41
2026-06-08T10:01:49.0000000Z;96.224;96.474;3000;41
2026-06-08T10:01:51.0000000Z;96.222;96.474;41;41
2026-06-08T10:01:54.0000000Z;96.224;96.474;41;41
2026-06-08T10:01:55.0000000Z;96.226;96.474;450;41
2026-06-08T10:01:56.0000000Z;96.226;96.472;450;450
2026-06-08T10:01:57.0000000Z;96.224;96.474;41;41
2026-06-08T10:01:58.0000000Z;96.224;96.474;41;41
2026-06-08T10:01:59.0000000Z;96.224;96.474;41;41
2026-06-08T10:02:00.0000000Z;96.224;96.472;3000;528
2026-06-08T10:02:01.0000000Z;96.224;96.47;3000;41
2026-06-08T10:02:02.0000000Z;96.224;96.468;3000;450
2026-06-08T10:02:03.0000000Z;96.218;96.466;41;41
2026-06-08T10:02:04.0000000Z;96.218;96.46;41;528
2026-06-08T10:02:05.0000000Z;96.218;96.558;41;41
2026-06-08T10:02:06.0000000Z;96.218;96.558;41;41
2026-06-08T10:02:07.0000000Z;96.218;96.558;41;41
2026-06-08T10:02:08.0000000Z;96.218;96.558;41;41
2026-06-08T10:02:10.0000000Z;96.218;96.476;41;41
2026-06-08T10:02:11.0000000Z;96.216;96.558;41;41
2026-06-08T10:02:12.0000000Z;96.222;96.558;41;41
2026-06-08T10:02:13.0000000Z;96.216;96.558;180;41
2026-06-08T10:02:14.0000000Z;96.222;96.558;41;41
2026-06-08T10:02:16.0000000Z;96.216;96.464;180;528
2026-06-08T10:02:17.0000000Z;96.216;96.462;180;450
2026-06-08T10:02:18.0000000Z;96.222;96.454;41;41
2026-06-08T10:02:19.0000000Z;96.224;96.452;450;450
2026-06-08T10:02:21.0000000Z;96.222;96.454;41;41
2026-06-08T10:02:23.0000000Z;96.218;96.454;41;41
2026-06-08T10:02:24.0000000Z;96.222;96.454;3000;41
2026-06-08T10:02:26.0000000Z;96.22;96.454;450;41
2026-06-08T10:02:30.0000000Z;96.224;96.454;41;41
2026-06-08T10:02:31.0000000Z;96.224;96.454;41;41
2026-06-08T10:02:32.0000000Z;96.226;96.452;450;450
2026-06-08T10:02:33.0000000Z;96.226;96.452;450;450
2026-06-08T10:02:35.0000000Z;96.218;96.454;41;41
2026-06-08T10:02:36.0000000Z;96.224;96.454;3000;41
2026-06-08T10:02:38.0000000Z;96.222;96.454;41;41
2026-06-08T10:02:42.0000000Z;96.222;96.454;41;41
2026-06-08T10:02:43.0000000Z;96.218;96.454;41;41
2026-06-08T10:02:44.0000000Z;96.222;96.452;41;450
2026-06-08T10:02:46.0000000Z;96.22;96.452;450;450
2026-06-08T10:02:54.0000000Z;96.224;96.454;41;41
2026-06-08T10:02:55.0000000Z;96.226;96.454;450;41
2026-06-08T10:02:56.0000000Z;96.226;96.452;450;450
2026-06-08T10:02:59.0000000Z;96.224;96.454;3000;41
2026-06-08T10:02:59.0000000Z;96.218;96.454;41;41
2026-06-08T10:03:00.0000000Z;96.224;96.454;3000;41
2026-06-08T10:03:01.0000000Z;96.224;96.454;3000;41
2026-06-08T10:03:02.0000000Z;96.222;96.454;41;41
2026-06-08T10:03:03.0000000Z;96.218;96.454;41;41
2026-06-08T10:03:05.0000000Z;96.218;96.482;41;41
2026-06-08T10:03:06.0000000Z;96.224;96.482;41;41
2026-06-08T10:03:07.0000000Z;96.226;96.482;450;41
2026-06-08T10:03:08.0000000Z;96.224;96.478;41;41
2026-06-08T10:03:09.0000000Z;96.224;96.478;41;41
2026-06-08T10:03:10.0000000Z;96.224;96.478;41;41
2026-06-08T10:03:11.0000000Z;96.218;96.478;41;41
2026-06-08T10:03:12.0000000Z;96.218;96.478;41;41
2026-06-08T10:03:13.0000000Z;96.218;96.478;41;41
2026-06-08T10:03:14.0000000Z;96.218;96.478;41;41
2026-06-08T10:03:15.0000000Z;96.218;96.478;41;41
2026-06-08T10:03:16.0000000Z;96.218;96.478;41;41
2026-06-08T10:03:17.0000000Z;96.218;96.478;41;41
2026-06-08T10:03:18.0000000Z;96.224;96.478;41;41
2026-06-08T10:03:19.0000000Z;96.224;96.478;41;41
2026-06-08T10:03:20.0000000Z;96.226;96.476;450;450
2026-06-08T10:03:23.0000000Z;96.218;96.478;41;41
2026-06-08T10:03:24.0000000Z;96.224;96.478;3000;41
2026-06-08T10:03:26.0000000Z;96.22;96.478;450;41
2026-06-08T10:03:30.0000000Z;96.224;96.478;41;41
2026-06-08T10:03:31.0000000Z;96.226;96.478;450;41
2026-06-08T10:03:32.0000000Z;96.226;96.476;450;450
2026-06-08T10:03:35.0000000Z;96.218;96.478;41;41
2026-06-08T10:03:37.0000000Z;96.224;96.478;3000;41
2026-06-08T10:03:38.0000000Z;96.22;96.478;450;41
2026-06-08T10:03:42.0000000Z;96.224;96.478;41;41
2026-06-08T10:03:43.0000000Z;96.226;96.478;450;41
2026-06-08T10:03:44.0000000Z;96.226;96.476;450;450
2026-06-08T10:03:47.0000000Z;96.218;96.478;41;41
2026-06-08T10:03:48.0000000Z;96.224;96.478;3000;41
2026-06-08T10:03:49.0000000Z;96.218;96.478;41;41
2026-06-08T10:03:50.0000000Z;96.222;96.478;41;41
2026-06-08T10:03:54.0000000Z;96.224;96.478;41;41
2026-06-08T10:03:55.0000000Z;96.224;96.478;41;41
2026-06-08T10:03:56.0000000Z;96.226;96.476;450;450
2026-06-08T10:03:59.0000000Z;96.224;96.478;3000;41
2026-06-08T10:03:59.0000000Z;96.218;96.478;41;41
2026-06-08T10:04:01.0000000Z;96.224;96.478;3000;41
2026-06-08T10:04:02.0000000Z;96.222;96.478;41;41
2026-06-08T10:04:04.0000000Z;96.218;96.474;41;3000
2026-06-08T10:04:05.0000000Z;96.218;96.472;41;450
2026-06-08T10:04:06.0000000Z;96.222;96.474;712;41
2026-06-08T10:04:07.0000000Z;96.224;96.474;41;41
2026-06-08T10:04:08.0000000Z;96.224;96.472;3450;450
2026-06-08T10:04:11.0000000Z;96.218;96.474;41;41
2026-06-08T10:04:12.0000000Z;96.224;96.474;3000;41
2026-06-08T10:04:14.0000000Z;96.22;96.474;450;41
2026-06-08T10:04:18.0000000Z;96.224;96.474;41;41
2026-06-08T10:04:19.0000000Z;96.224;96.474;41;41
2026-06-08T10:04:20.0000000Z;96.226;96.472;450;450
2026-06-08T10:04:23.0000000Z;96.218;96.474;41;41
2026-06-08T10:04:25.0000000Z;96.224;96.474;3000;41
2026-06-08T10:04:26.0000000Z;96.22;96.474;450;41
2026-06-08T10:04:30.0000000Z;96.224;96.474;41;41
2026-06-08T10:04:31.0000000Z;96.226;96.474;450;41
2026-06-08T10:04:32.0000000Z;96.226;96.472;450;450
2026-06-08T10:04:34.0000000Z;96.224;96.474;41;41
2026-06-08T10:04:35.0000000Z;96.218;96.474;41;41
2026-06-08T10:04:36.0000000Z;96.218;96.474;41;41
2026-06-08T10:04:37.0000000Z;96.218;96.474;41;41
2026-06-08T10:04:38.0000000Z;96.218;96.474;41;41
2026-06-08T10:04:39.0000000Z;96.218;96.474;41;41
2026-06-08T10:04:40.0000000Z;96.218;96.474;41;41
2026-06-08T10:04:41.0000000Z;96.218;96.474;41;41
2026-06-08T10:04:42.0000000Z;96.224;96.474;41;41
2026-06-08T10:04:43.0000000Z;96.224;96.474;41;41
2026-06-08T10:04:44.0000000Z;96.224;96.474;41;41
2026-06-08T10:04:45.0000000Z;96.224;96.474;41;41
2026-06-08T10:04:46.0000000Z;96.224;96.474;41;41
2026-06-08T10:04:47.0000000Z;96.218;96.474;41;41
2026-06-08T10:04:48.0000000Z;96.224;96.474;3000;41
2026-06-08T10:04:50.0000000Z;96.22;96.474;450;41
2026-06-08T10:04:55.0000000Z;96.224;96.474;41;41
2026-06-08T10:04:56.0000000Z;96.226;96.472;450;450
2026-06-08T10:05:00.0000000Z;96.218;96.474;41;41
2026-06-08T10:05:01.0000000Z;96.224;96.474;3000;41
2026-06-08T10:05:02.0000000Z;96.22;96.474;450;41
2026-06-08T10:05:06.0000000Z;96.224;96.474;41;41
2026-06-08T10:05:07.0000000Z;96.226;96.474;450;41
2026-06-08T10:05:08.0000000Z;96.226;96.472;450;450
2026-06-08T10:05:11.0000000Z;96.218;96.474;41;41
2026-06-08T10:05:12.0000000Z;96.224;96.474;3000;41
2026-06-08T10:05:14.0000000Z;96.218;96.474;41;41
2026-06-08T10:05:18.0000000Z;96.224;96.474;41;41
2026-06-08T10:05:19.0000000Z;96.224;96.474;3000;41
2026-06-08T10:05:20.0000000Z;96.224;96.482;41;41
2026-06-08T10:05:21.0000000Z;96.224;96.474;41;3000
2026-06-08T10:05:22.0000000Z;96.224;96.476;41;41
2026-06-08T10:05:23.0000000Z;96.218;96.482;41;41
2026-06-08T10:05:24.0000000Z;96.224;96.482;3000;41
2026-06-08T10:05:25.0000000Z;96.224;96.48;3000;450
2026-06-08T10:05:26.0000000Z;96.22;96.48;450;450
2026-06-08T10:05:30.0000000Z;96.224;96.482;41;41
2026-06-08T10:05:31.0000000Z;96.226;96.482;450;41
2026-06-08T10:05:32.0000000Z;96.226;96.48;450;450
2026-06-08T10:05:35.0000000Z;96.218;96.482;41;41
2026-06-08T10:05:37.0000000Z;96.224;96.482;3000;41
2026-06-08T10:05:38.0000000Z;96.22;96.482;450;41
2026-06-08T10:05:42.0000000Z;96.224;96.482;41;41
2026-06-08T10:05:43.0000000Z;96.226;96.482;450;41
2026-06-08T10:05:44.0000000Z;96.226;96.48;450;450
2026-06-08T10:05:47.0000000Z;96.218;96.482;41;41
2026-06-08T10:05:49.0000000Z;96.224;96.482;3000;41
2026-06-08T10:05:50.0000000Z;96.22;96.482;450;41
2026-06-08T10:05:54.0000000Z;96.224;96.482;41;41
2026-06-08T10:05:55.0000000Z;96.224;96.482;3000;41
2026-06-08T10:05:56.0000000Z;96.224;96.482;41;41
2026-06-08T10:05:57.0000000Z;96.224;96.48;41;450
2026-06-08T10:05:59.0000000Z;96.224;96.482;3000;41
2026-06-08T10:05:59.0000000Z;96.218;96.482;41;41
2026-06-08T10:06:00.0000000Z;96.218;96.482;3000;41
2026-06-08T10:06:01.0000000Z;96.22;96.482;450;41
2026-06-08T10:06:06.0000000Z;96.224;96.482;41;41
2026-06-08T10:06:07.0000000Z;96.224;96.482;41;41
2026-06-08T10:06:08.0000000Z;96.226;96.48;450;450
2026-06-08T10:06:11.0000000Z;96.218;96.482;41;41
2026-06-08T10:06:12.0000000Z;96.224;96.482;3000;41
2026-06-08T10:06:13.0000000Z;96.222;96.482;41;41
2026-06-08T10:06:16.0000000Z;96.22;96.482;450;41
2026-06-08T10:06:19.0000000Z;96.224;96.482;41;41
2026-06-08T10:06:20.0000000Z;96.226;96.48;450;450
2026-06-08T10:06:23.0000000Z;96.224;96.478;41;41
2026-06-08T10:06:24.0000000Z;96.218;96.478;41;41
2026-06-08T10:06:25.0000000Z;96.224;96.476;3000;450
2026-06-08T10:06:27.0000000Z;96.218;96.478;41;41
2026-06-08T10:06:30.0000000Z;96.224;96.478;41;41
2026-06-08T10:06:31.0000000Z;96.226;96.478;450;41
2026-06-08T10:06:32.0000000Z;96.226;96.476;450;450
2026-06-08T10:06:33.0000000Z;96.226;96.476;450;450
2026-06-08T10:06:35.0000000Z;96.224;96.478;3000;3000
2026-06-08T10:06:36.0000000Z;96.218;96.478;41;3000
2026-06-08T10:06:37.0000000Z;96.224;96.478;3000;3000
2026-06-08T10:06:39.0000000Z;96.22;96.486;450;450
2026-06-08T10:06:42.0000000Z;96.224;96.488;41;41
2026-06-08T10:06:43.0000000Z;96.224;96.488;41;41
2026-06-08T10:06:44.0000000Z;96.226;96.486;450;450
2026-06-08T10:06:47.0000000Z;96.218;96.488;41;41
2026-06-08T10:06:49.0000000Z;96.22;96.488;450;41
2026-06-08T10:06:54.0000000Z;96.224;96.488;41;41
2026-06-08T10:06:55.0000000Z;96.226;96.488;450;41
2026-06-08T10:06:56.0000000Z;96.226;96.486;450;450
2026-06-08T10:06:59.0000000Z;96.224;96.488;3000;41
2026-06-08T10:06:59.0000000Z;96.218;96.488;41;41
2026-06-08T10:07:01.0000000Z;96.22;96.488;450;41
2026-06-08T10:07:04.0000000Z;96.218;96.488;41;3000
2026-06-08T10:07:05.0000000Z;96.218;96.488;41;450
2026-06-08T10:07:06.0000000Z;96.224;96.49;41;41
2026-06-08T10:07:07.0000000Z;96.224;96.49;41;41
2026-06-08T10:07:08.0000000Z;96.226;96.488;450;450
2026-06-08T10:07:11.0000000Z;96.218;96.49;41;41
2026-06-08T10:07:13.0000000Z;96.224;96.49;3000;41
2026-06-08T10:07:15.0000000Z;96.22;96.49;450;41
2026-06-08T10:07:18.0000000Z;96.224;96.49;41;41
2026-06-08T10:07:19.0000000Z;96.224;96.49;41;41
2026-06-08T10:07:20.0000000Z;96.226;96.488;450;450
2026-06-08T10:07:23.0000000Z;96.218;96.49;41;41
2026-06-08T10:07:24.0000000Z;96.224;96.49;3000;41
2026-06-08T10:07:27.0000000Z;96.22;96.49;450;41
2026-06-08T10:07:30.0000000Z;96.224;96.49;41;41
2026-06-08T10:07:31.0000000Z;96.226;96.49;450;41
2026-06-08T10:07:32.0000000Z;96.226;96.488;450;450
2026-06-08T10:07:35.0000000Z;96.218;96.49;41;41
2026-06-08T10:07:36.0000000Z;96.224;96.49;3000;41
2026-06-08T10:07:39.0000000Z;96.22;96.49;450;41
2026-06-08T10:07:42.0000000Z;96.224;96.49;41;41
2026-06-08T10:07:43.0000000Z;96.226;96.49;450;41
2026-06-08T10:07:44.0000000Z;96.226;96.488;450;450
2026-06-08T10:07:47.0000000Z;96.218;96.49;41;41
2026-06-08T10:07:49.0000000Z;96.22;96.49;450;41
2026-06-08T10:07:54.0000000Z;96.224;96.49;41;41
2026-06-08T10:07:55.0000000Z;96.224;96.49;41;41
2026-06-08T10:07:56.0000000Z;96.226;96.488;450;450
2026-06-08T10:07:59.0000000Z;96.224;96.49;41;41
2026-06-08T10:08:00.0000000Z;96.218;96.486;41;3000
2026-06-08T10:08:01.0000000Z;96.224;96.484;3000;450
2026-06-08T10:08:03.0000000Z;96.222;96.484;41;450
2026-06-08T10:08:06.0000000Z;96.224;96.486;41;41
2026-06-08T10:08:07.0000000Z;96.226;96.486;450;41
2026-06-08T10:08:08.0000000Z;96.226;96.484;450;450
2026-06-08T10:08:10.0000000Z;96.224;96.496;41;41
2026-06-08T10:08:11.0000000Z;96.218;96.496;41;41
2026-06-08T10:08:13.0000000Z;96.222;96.496;41;41
2026-06-08T10:08:17.0000000Z;96.22;96.494;450;450
2026-06-08T10:08:19.0000000Z;96.224;96.496;41;41
2026-06-08T10:08:20.0000000Z;96.226;96.496;450;41
2026-06-08T10:08:21.0000000Z;96.226;96.494;450;450
2026-06-08T10:08:24.0000000Z;96.218;96.492;41;41
2026-06-08T10:08:25.0000000Z;96.22;96.49;450;450
2026-06-08T10:08:26.0000000Z;96.22;96.49;450;450
2026-06-08T10:08:30.0000000Z;96.224;96.492;41;41
2026-06-08T10:08:31.0000000Z;96.224;96.492;41;41
2026-06-08T10:08:32.0000000Z;96.226;96.49;450;450
2026-06-08T10:08:35.0000000Z;96.218;96.492;41;41
2026-06-08T10:08:36.0000000Z;96.224;96.492;3000;41
2026-06-08T10:08:37.0000000Z;96.22;96.492;450;41
2026-06-08T10:08:42.0000000Z;96.224;96.492;41;41
2026-06-08T10:08:43.0000000Z;96.226;96.492;450;41
2026-06-08T10:08:44.0000000Z;96.226;96.49;450;450
2026-06-08T10:08:47.0000000Z;96.218;96.492;41;41
2026-06-08T10:08:48.0000000Z;96.224;96.492;3000;41
2026-06-08T10:08:49.0000000Z;96.222;96.492;41;41
2026-06-08T10:08:55.0000000Z;96.224;96.492;41;41
2026-06-08T10:08:56.0000000Z;96.226;96.49;450;450
2026-06-08T10:09:00.0000000Z;96.218;96.488;41;3000
2026-06-08T10:09:01.0000000Z;96.222;96.486;41;450
2026-06-08T10:09:05.0000000Z;96.22;96.486;450;450
2026-06-08T10:09:06.0000000Z;96.224;96.488;41;41
2026-06-08T10:09:07.0000000Z;96.226;96.488;450;41
2026-06-08T10:09:08.0000000Z;96.226;96.486;450;450
2026-06-08T10:09:11.0000000Z;96.218;96.488;41;41
2026-06-08T10:09:12.0000000Z;96.224;96.488;3000;41
2026-06-08T10:09:13.0000000Z;96.222;96.488;41;41
2026-06-08T10:09:18.0000000Z;96.224;96.488;41;41
2026-06-08T10:09:19.0000000Z;96.226;96.488;450;41
2026-06-08T10:09:20.0000000Z;96.226;96.486;450;450
2026-06-08T10:09:23.0000000Z;96.218;96.488;41;41
2026-06-08T10:09:24.0000000Z;96.224;96.488;3000;41
2026-06-08T10:09:25.0000000Z;96.22;96.488;450;41
2026-06-08T10:09:31.0000000Z;96.224;96.488;41;41
2026-06-08T10:09:32.0000000Z;96.226;96.486;450;450
2026-06-08T10:09:36.0000000Z;96.218;96.488;41;41
2026-06-08T10:09:37.0000000Z;96.224;96.488;3000;41
2026-06-08T10:09:38.0000000Z;96.22;96.488;450;41
2026-06-08T10:09:43.0000000Z;96.224;96.488;3000;41
2026-06-08T10:09:44.0000000Z;96.226;96.486;450;450
2026-06-08T10:09:48.0000000Z;96.218;96.488;41;41
2026-06-08T10:09:49.0000000Z;96.224;96.488;3000;41
2026-06-08T10:09:50.0000000Z;96.22;96.488;450;41
2026-06-08T10:09:54.0000000Z;96.224;96.488;41;41
2026-06-08T10:09:55.0000000Z;96.226;96.488;450;41
2026-06-08T10:09:56.0000000Z;96.226;96.486;450;450
2026-06-08T10:09:59.0000000Z;96.224;96.488;3000;41
2026-06-08T10:09:59.0000000Z;96.218;96.488;41;41
2026-06-08T10:10:01.0000000Z;96.224;96.488;3000;41
2026-06-08T10:10:02.0000000Z;96.22;96.488;450;41
2026-06-08T10:10:06.0000000Z;96.224;96.488;41;41
2026-06-08T10:10:07.0000000Z;96.226;96.488;450;41
2026-06-08T10:10:08.0000000Z;96.226;96.486;450;450
2026-06-08T10:10:11.0000000Z;96.218;96.488;41;41
2026-06-08T10:10:13.0000000Z;96.224;96.488;3000;41
2026-06-08T10:10:14.0000000Z;96.22;96.488;450;41
2026-06-08T10:10:19.0000000Z;96.224;96.488;41;41
2026-06-08T10:10:20.0000000Z;96.226;96.488;450;41
2026-06-08T10:10:21.0000000Z;96.226;96.486;450;450
2026-06-08T10:10:24.0000000Z;96.218;96.488;41;41
2026-06-08T10:10:25.0000000Z;96.224;96.488;3000;41
2026-06-08T10:10:26.0000000Z;96.22;96.488;450;41
2026-06-08T10:10:31.0000000Z;96.224;96.488;41;41
2026-06-08T10:10:32.0000000Z;96.226;96.486;450;450
2026-06-08T10:10:36.0000000Z;96.218;96.488;41;41
2026-06-08T10:10:37.0000000Z;96.224;96.488;3000;41
2026-06-08T10:10:38.0000000Z;96.22;96.488;450;41
2026-06-08T10:10:42.0000000Z;96.224;96.488;41;41
2026-06-08T10:10:43.0000000Z;96.226;96.488;450;41
2026-06-08T10:10:44.0000000Z;96.226;96.486;450;450
2026-06-08T10:10:47.0000000Z;96.218;96.488;41;41
2026-06-08T10:10:49.0000000Z;96.224;96.488;3000;41
2026-06-08T10:10:50.0000000Z;96.22;96.488;450;41
2026-06-08T10:10:54.0000000Z;96.224;96.488;41;41
2026-06-08T10:10:55.0000000Z;96.226;96.488;450;41
2026-06-08T10:10:56.0000000Z;96.226;96.486;450;450
2026-06-08T10:10:59.0000000Z;96.224;96.488;3000;41
2026-06-08T10:10:59.0000000Z;96.218;96.488;41;41
2026-06-08T10:11:00.0000000Z;96.224;96.488;3000;41
2026-06-08T10:11:02.0000000Z;96.22;96.488;450;41
2026-06-08T10:11:06.0000000Z;96.224;96.488;41;41
2026-06-08T10:11:07.0000000Z;96.226;96.488;450;41
2026-06-08T10:11:08.0000000Z;96.226;96.486;450;450
2026-06-08T10:11:11.0000000Z;96.218;96.488;41;41
2026-06-08T10:11:13.0000000Z;96.224;96.488;3000;41
2026-06-08T10:11:14.0000000Z;96.222;96.488;41;41
2026-06-08T10:11:16.0000000Z;96.22;96.488;450;41
2026-06-08T10:11:19.0000000Z;96.224;96.488;41;41
2026-06-08T10:11:20.0000000Z;96.226;96.486;450;450
2026-06-08T10:11:23.0000000Z;96.226;96.486;450;450
2026-06-08T10:11:24.0000000Z;96.218;96.488;41;41
2026-06-08T10:11:25.0000000Z;96.224;96.488;3000;41
2026-06-08T10:11:26.0000000Z;96.222;96.488;41;41
2026-06-08T10:11:29.0000000Z;96.22;96.488;450;41
2026-06-08T10:11:30.0000000Z;96.224;96.488;41;41
2026-06-08T10:11:31.0000000Z;96.224;96.488;41;41
2026-06-08T10:11:32.0000000Z;96.226;96.488;450;41
2026-06-08T10:11:33.0000000Z;96.226;96.486;450;450
2026-06-08T10:11:35.0000000Z;96.218;96.488;41;41
2026-06-08T10:11:37.0000000Z;96.224;96.488;3000;41
2026-06-08T10:11:38.0000000Z;96.222;96.488;41;41
2026-06-08T10:11:39.0000000Z;96.22;96.488;450;41
2026-06-08T10:11:42.0000000Z;96.224;96.488;41;41
2026-06-08T10:11:43.0000000Z;96.226;96.488;450;41
2026-06-08T10:11:44.0000000Z;96.226;96.486;450;450
2026-06-08T10:11:46.0000000Z;96.226;96.486;450;450
2026-06-08T10:11:47.0000000Z;96.218;96.488;41;41
2026-06-08T10:11:48.0000000Z;96.224;96.488;3000;41
2026-06-08T10:11:50.0000000Z;96.222;96.488;41;41
2026-06-08T10:11:52.0000000Z;96.22;96.488;450;41
2026-06-08T10:11:54.0000000Z;96.224;96.488;41;41
2026-06-08T10:11:55.0000000Z;96.224;96.488;41;41
2026-06-08T10:11:56.0000000Z;96.226;96.486;450;450
2026-06-08T10:11:59.0000000Z;96.224;96.488;3000;41
2026-06-08T10:11:59.0000000Z;96.218;96.488;41;41
2026-06-08T10:12:00.0000000Z;96.224;96.488;3000;41
2026-06-08T10:12:02.0000000Z;96.222;96.488;41;41
2026-06-08T10:12:03.0000000Z;96.22;96.488;450;41
2026-06-08T10:12:06.0000000Z;96.224;96.488;41;41
2026-06-08T10:12:07.0000000Z;96.226;96.488;450;41
2026-06-08T10:12:09.0000000Z;96.226;96.486;450;450
2026-06-08T10:12:11.0000000Z;96.218;96.488;41;41
2026-06-08T10:12:12.0000000Z;96.224;96.488;3000;41
2026-06-08T10:12:14.0000000Z;96.22;96.488;450;41
2026-06-08T10:12:18.0000000Z;96.224;96.488;41;41
2026-06-08T10:12:19.0000000Z;96.224;96.488;41;41
2026-06-08T10:12:20.0000000Z;96.226;96.486;450;450
2026-06-08T10:12:23.0000000Z;96.218;96.488;41;41
2026-06-08T10:12:25.0000000Z;96.224;96.488;3000;41
2026-06-08T10:12:26.0000000Z;96.22;96.488;450;41
2026-06-08T10:12:30.0000000Z;96.224;96.488;41;41
2026-06-08T10:12:31.0000000Z;96.224;96.488;41;41
2026-06-08T10:12:32.0000000Z;96.226;96.486;450;450
2026-06-08T10:12:35.0000000Z;96.218;96.488;41;41
2026-06-08T10:12:36.0000000Z;96.224;96.488;3000;41
2026-06-08T10:12:38.0000000Z;96.222;96.488;41;41
2026-06-08T10:12:40.0000000Z;96.22;96.488;450;41
2026-06-08T10:12:42.0000000Z;96.224;96.488;41;41
2026-06-08T10:12:43.0000000Z;96.226;96.488;450;41
2026-06-08T10:12:44.0000000Z;96.226;96.486;450;450
2026-06-08T10:12:47.0000000Z;96.218;96.488;41;41
2026-06-08T10:12:48.0000000Z;96.224;96.488;3000;41
2026-06-08T10:12:50.0000000Z;96.22;96.488;450;41
2026-06-08T10:12:54.0000000Z;96.224;96.488;41;41
2026-06-08T10:12:55.0000000Z;96.224;96.488;41;41
2026-06-08T10:12:56.0000000Z;96.226;96.486;450;450
2026-06-08T10:12:59.0000000Z;96.224;96.488;3000;41
2026-06-08T10:12:59.0000000Z;96.218;96.488;41;41
2026-06-08T10:13:00.0000000Z;96.224;96.488;3000;41
2026-06-08T10:13:02.0000000Z;96.22;96.488;450;41
2026-06-08T10:13:07.0000000Z;96.224;96.488;41;41
2026-06-08T10:13:08.0000000Z;96.226;96.486;450;450
2026-06-08T10:13:12.0000000Z;96.218;96.488;41;41
2026-06-08T10:13:13.0000000Z;96.224;96.488;3000;41
2026-06-08T10:13:15.0000000Z;96.22;96.488;450;41
2026-06-08T10:13:19.0000000Z;96.224;96.488;41;41
2026-06-08T10:13:20.0000000Z;96.224;96.488;41;41
2026-06-08T10:13:21.0000000Z;96.224;96.486;41;450
2026-06-08T10:13:24.0000000Z;96.218;96.488;41;41
2026-06-08T10:13:25.0000000Z;96.224;96.488;3000;41
2026-06-08T10:13:27.0000000Z;96.22;96.488;450;41
2026-06-08T10:13:30.0000000Z;96.224;96.488;41;41
2026-06-08T10:13:31.0000000Z;96.226;96.488;450;41
2026-06-08T10:13:32.0000000Z;96.226;96.486;450;450
2026-06-08T10:13:35.0000000Z;96.218;96.488;41;41
2026-06-08T10:13:37.0000000Z;96.222;96.488;41;41
2026-06-08T10:13:40.0000000Z;96.22;96.488;450;41
2026-06-08T10:13:42.0000000Z;96.224;96.488;41;41
2026-06-08T10:13:43.0000000Z;96.224;96.488;41;41
2026-06-08T10:13:44.0000000Z;96.226;96.486;450;450
2026-06-08T10:13:46.0000000Z;96.226;96.486;450;450
2026-06-08T10:13:47.0000000Z;96.218;96.488;41;41
2026-06-08T10:13:49.0000000Z;96.222;96.488;41;41
2026-06-08T10:13:51.0000000Z;96.22;96.488;450;41
2026-06-08T10:13:55.0000000Z;96.224;96.488;41;41
2026-06-08T10:13:56.0000000Z;96.226;96.486;450;450
2026-06-08T10:14:00.0000000Z;96.218;96.488;41;41
2026-06-08T10:14:01.0000000Z;96.22;96.488;450;41
2026-06-08T10:14:06.0000000Z;96.224;96.488;41;41
2026-06-08T10:14:07.0000000Z;96.226;96.488;450;41
2026-06-08T10:14:09.0000000Z;96.226;96.486;450;450
2026-06-08T10:14:11.0000000Z;96.218;96.488;41;41
2026-06-08T10:14:12.0000000Z;96.224;96.488;3000;41
2026-06-08T10:14:13.0000000Z;96.22;96.488;450;41
2026-06-08T10:14:18.0000000Z;96.224;96.488;41;41
2026-06-08T10:14:19.0000000Z;96.226;96.488;450;41
2026-06-08T10:14:20.0000000Z;96.226;96.486;450;450
2026-06-08T10:14:23.0000000Z;96.218;96.488;41;41
2026-06-08T10:14:24.0000000Z;96.224;96.488;3000;41
2026-06-08T10:14:25.0000000Z;96.22;96.488;450;41
2026-06-08T10:14:30.0000000Z;96.224;96.488;41;41
2026-06-08T10:14:31.0000000Z;96.226;96.488;450;41
2026-06-08T10:14:32.0000000Z;96.226;96.486;450;450
2026-06-08T10:14:34.0000000Z;96.226;96.486;450;450
2026-06-08T10:14:35.0000000Z;96.218;96.488;41;41
2026-06-08T10:14:36.0000000Z;96.224;96.488;3000;41
2026-06-08T10:14:37.0000000Z;96.222;96.488;41;41
2026-06-08T10:14:39.0000000Z;96.22;96.488;450;41
2026-06-08T10:14:43.0000000Z;96.224;96.488;41;41
2026-06-08T10:14:44.0000000Z;96.226;96.488;450;41
2026-06-08T10:14:45.0000000Z;96.226;96.486;450;450
2026-06-08T10:14:48.0000000Z;96.218;96.488;41;41
2026-06-08T10:14:49.0000000Z;96.22;96.488;450;41
2026-06-08T10:14:54.0000000Z;96.224;96.488;41;41
2026-06-08T10:14:55.0000000Z;96.226;96.488;450;41
2026-06-08T10:14:56.0000000Z;96.226;96.486;450;450
2026-06-08T10:14:59.0000000Z;96.224;96.488;3000;41
2026-06-08T10:14:59.0000000Z;96.218;96.488;41;41
2026-06-08T10:15:00.0000000Z;96.224;96.488;3000;41
2026-06-08T10:15:01.0000000Z;96.222;96.488;41;41
2026-06-08T10:15:05.0000000Z;96.22;96.488;450;41
2026-06-08T10:15:07.0000000Z;96.224;96.488;41;41
2026-06-08T10:15:08.0000000Z;96.226;96.486;450;450
2026-06-08T10:15:11.0000000Z;96.226;96.486;450;450
2026-06-08T10:15:12.0000000Z;96.218;96.488;41;41
2026-06-08T10:15:13.0000000Z;96.222;96.488;41;41
2026-06-08T10:15:15.0000000Z;96.22;96.488;450;41
2026-06-08T10:15:18.0000000Z;96.224;96.488;41;41
2026-06-08T10:15:19.0000000Z;96.224;96.488;41;41
2026-06-08T10:15:20.0000000Z;96.226;96.486;450;450
2026-06-08T10:15:23.0000000Z;96.218;96.488;41;41
2026-06-08T10:15:24.0000000Z;96.224;96.488;3000;41
2026-06-08T10:15:25.0000000Z;96.222;96.488;41;41
2026-06-08T10:15:27.0000000Z;96.22;96.488;450;41
2026-06-08T10:15:31.0000000Z;96.224;96.488;41;41
2026-06-08T10:15:32.0000000Z;96.226;96.486;450;450
2026-06-08T10:15:34.0000000Z;96.226;96.486;450;450
2026-06-08T10:15:36.0000000Z;96.218;96.488;41;41
2026-06-08T10:15:37.0000000Z;96.222;96.488;41;41
2026-06-08T10:15:40.0000000Z;96.22;96.488;450;41
2026-06-08T10:15:42.0000000Z;96.218;96.488;41;41
2026-06-08T10:15:43.0000000Z;96.218;96.488;41;41
2026-06-08T10:15:44.0000000Z;96.22;96.486;450;450
2026-06-08T10:15:55.0000000Z;96.224;96.488;41;41
2026-06-08T10:15:56.0000000Z;96.226;96.486;450;450
2026-06-08T10:15:58.0000000Z;96.226;96.486;450;450
2026-06-08T10:16:00.0000000Z;96.218;96.488;41;41
2026-06-08T10:16:01.0000000Z;96.222;96.488;41;41
2026-06-08T10:16:04.0000000Z;96.22;96.488;450;41
2026-06-08T10:16:06.0000000Z;96.218;96.488;3000;41
2026-06-08T10:16:07.0000000Z;96.224;96.488;41;41
2026-06-08T10:16:08.0000000Z;96.226;96.486;450;450
2026-06-08T10:16:11.0000000Z;96.224;96.488;41;41
2026-06-08T10:16:12.0000000Z;96.218;96.488;41;41
2026-06-08T10:16:13.0000000Z;96.22;96.488;450;41
2026-06-08T10:16:18.0000000Z;96.222;96.488;712;41
2026-06-08T10:16:19.0000000Z;96.224;96.488;41;41
2026-06-08T10:16:20.0000000Z;96.226;96.488;450;3000
2026-06-08T10:16:21.0000000Z;96.226;96.486;450;450
2026-06-08T10:16:23.0000000Z;96.218;96.488;41;41
2026-06-08T10:16:25.0000000Z;96.224;96.488;3000;41
2026-06-08T10:16:26.0000000Z;96.22;96.488;450;41
2026-06-08T10:16:30.0000000Z;96.224;96.488;41;41
2026-06-08T10:16:31.0000000Z;96.226;96.488;450;41
2026-06-08T10:16:32.0000000Z;96.226;96.486;450;450
2026-06-08T10:16:35.0000000Z;96.218;96.488;41;41
2026-06-08T10:16:36.0000000Z;96.224;96.488;3000;41
2026-06-08T10:16:38.0000000Z;96.22;96.488;450;41
2026-06-08T10:16:42.0000000Z;96.224;96.488;41;41
2026-06-08T10:16:43.0000000Z;96.226;96.488;450;41
2026-06-08T10:16:44.0000000Z;96.226;96.486;450;450
2026-06-08T10:16:47.0000000Z;96.218;96.488;41;41
2026-06-08T10:16:48.0000000Z;96.224;96.488;3000;41
2026-06-08T10:16:50.0000000Z;96.22;96.488;450;41
2026-06-08T10:16:54.0000000Z;96.224;96.488;41;41
2026-06-08T10:16:55.0000000Z;96.226;96.488;450;41
2026-06-08T10:16:56.0000000Z;96.226;96.486;450;450
2026-06-08T10:16:59.0000000Z;96.224;96.488;3000;41
2026-06-08T10:16:59.0000000Z;96.218;96.488;41;41
2026-06-08T10:17:00.0000000Z;96.224;96.488;3000;41
2026-06-08T10:17:02.0000000Z;96.22;96.488;450;41
2026-06-08T10:17:06.0000000Z;96.224;96.488;41;41
2026-06-08T10:17:07.0000000Z;96.226;96.488;450;41
2026-06-08T10:17:08.0000000Z;96.226;96.486;450;450
2026-06-08T10:17:11.0000000Z;96.218;96.488;41;41
2026-06-08T10:17:12.0000000Z;96.224;96.488;3000;41
2026-06-08T10:17:13.0000000Z;96.218;96.484;41;41
2026-06-08T10:17:14.0000000Z;96.22;96.482;450;450
2026-06-08T10:17:17.0000000Z;96.22;96.482;450;450
2026-06-08T10:17:18.0000000Z;96.224;96.484;41;41
2026-06-08T10:17:19.0000000Z;96.226;96.484;450;41
2026-06-08T10:17:20.0000000Z;96.226;96.482;450;450
2026-06-08T10:17:23.0000000Z;96.218;96.484;41;41
2026-06-08T10:17:25.0000000Z;96.224;96.484;3000;41
2026-06-08T10:17:26.0000000Z;96.22;96.484;450;41
2026-06-08T10:17:31.0000000Z;96.224;96.484;41;41
2026-06-08T10:17:32.0000000Z;96.226;96.482;450;450
2026-06-08T10:17:36.0000000Z;96.218;96.484;41;41
2026-06-08T10:17:37.0000000Z;96.224;96.484;3000;41
2026-06-08T10:17:38.0000000Z;96.22;96.484;450;41
2026-06-08T10:17:43.0000000Z;96.224;96.484;41;41
2026-06-08T10:17:44.0000000Z;96.226;96.482;450;450
2026-06-08T10:17:48.0000000Z;96.218;96.484;41;41
2026-06-08T10:17:49.0000000Z;96.224;96.484;3000;41
2026-06-08T10:17:50.0000000Z;96.22;96.484;450;41
2026-06-08T10:17:54.0000000Z;96.224;96.484;41;41
2026-06-08T10:17:55.0000000Z;96.226;96.484;450;41
2026-06-08T10:17:56.0000000Z;96.226;96.482;450;450
2026-06-08T10:17:59.0000000Z;96.224;96.484;3000;41
2026-06-08T10:17:59.0000000Z;96.218;96.484;41;41
2026-06-08T10:18:00.0000000Z;96.224;96.484;3000;41
2026-06-08T10:18:02.0000000Z;96.222;96.484;41;41
2026-06-08T10:18:04.0000000Z;96.22;96.484;450;41
2026-06-08T10:18:06.0000000Z;96.224;96.484;41;41
2026-06-08T10:18:07.0000000Z;96.226;96.484;450;41
2026-06-08T10:18:08.0000000Z;96.226;96.482;450;450
2026-06-08T10:18:11.0000000Z;96.218;96.484;41;41
2026-06-08T10:18:13.0000000Z;96.224;96.484;3000;41
2026-06-08T10:18:14.0000000Z;96.22;96.484;450;41
2026-06-08T10:18:18.0000000Z;96.224;96.484;41;41
2026-06-08T10:18:19.0000000Z;96.226;96.484;450;41
2026-06-08T10:18:20.0000000Z;96.226;96.482;450;450
2026-06-08T10:18:22.0000000Z;96.226;96.482;450;450
2026-06-08T10:18:23.0000000Z;96.218;96.484;41;41
2026-06-08T10:18:24.0000000Z;96.224;96.484;3000;41
2026-06-08T10:18:26.0000000Z;96.222;96.484;41;41
2026-06-08T10:18:27.0000000Z;96.22;96.484;450;41
2026-06-08T10:18:30.0000000Z;96.224;96.484;41;41
2026-06-08T10:18:31.0000000Z;96.224;96.484;41;41
2026-06-08T10:18:32.0000000Z;96.226;96.482;450;450
2026-06-08T10:18:35.0000000Z;96.218;96.484;41;41
2026-06-08T10:18:37.0000000Z;96.224;96.484;3000;41
2026-06-08T10:18:39.0000000Z;96.22;96.484;450;41
2026-06-08T10:18:42.0000000Z;96.224;96.484;41;41
2026-06-08T10:18:43.0000000Z;96.224;96.484;41;41
2026-06-08T10:18:44.0000000Z;96.226;96.482;450;450
2026-06-08T10:18:45.0000000Z;96.226;96.482;450;450
2026-06-08T10:18:47.0000000Z;96.218;96.484;41;41
2026-06-08T10:18:48.0000000Z;96.224;96.484;3000;41
2026-06-08T10:18:50.0000000Z;96.222;96.484;41;41
2026-06-08T10:18:51.0000000Z;96.22;96.484;450;41
2026-06-08T10:18:54.0000000Z;96.224;96.484;41;41
2026-06-08T10:18:55.0000000Z;96.226;96.484;450;41
2026-06-08T10:18:56.0000000Z;96.226;96.482;450;450
2026-06-08T10:18:58.0000000Z;96.226;96.482;450;450
2026-06-08T10:18:59.0000000Z;96.224;96.484;3000;41
2026-06-08T10:18:59.0000000Z;96.218;96.484;41;41
2026-06-08T10:19:00.0000000Z;96.224;96.484;3000;41
2026-06-08T10:19:03.0000000Z;96.22;96.484;450;41
2026-06-08T10:19:07.0000000Z;96.224;96.484;41;41
2026-06-08T10:19:08.0000000Z;96.226;96.482;450;450
2026-06-08T10:19:12.0000000Z;96.218;96.484;41;41
2026-06-08T10:19:13.0000000Z;96.224;96.484;3000;41
2026-06-08T10:19:15.0000000Z;96.22;96.484;450;41
2026-06-08T10:19:19.0000000Z;96.224;96.484;41;41
2026-06-08T10:19:20.0000000Z;96.226;96.482;450;450
2026-06-08T10:19:23.0000000Z;96.226;96.482;450;450
2026-06-08T10:19:24.0000000Z;96.218;96.484;41;41
2026-06-08T10:19:25.0000000Z;96.224;96.484;3000;41
2026-06-08T10:19:27.0000000Z;96.218;96.48;41;3000
2026-06-08T10:19:28.0000000Z;96.22;96.478;450;450
2026-06-08T10:19:30.0000000Z;96.224;96.48;41;41
2026-06-08T10:19:31.0000000Z;96.226;96.48;450;41
2026-06-08T10:19:32.0000000Z;96.226;96.478;450;450
2026-06-08T10:19:35.0000000Z;96.218;96.48;41;41
2026-06-08T10:19:36.0000000Z;96.224;96.48;3000;41
2026-06-08T10:19:37.0000000Z;96.22;96.48;450;41
2026-06-08T10:19:39.0000000Z;96.218;96.488;41;41
2026-06-08T10:19:40.0000000Z;96.218;96.48;41;3000
2026-06-08T10:19:41.0000000Z;96.218;96.482;41;41
2026-06-08T10:19:42.0000000Z;96.224;96.488;41;41
2026-06-08T10:19:43.0000000Z;96.224;96.488;41;41
2026-06-08T10:19:44.0000000Z;96.226;96.482;450;41
2026-06-08T10:19:45.0000000Z;96.226;96.486;450;450
2026-06-08T10:19:47.0000000Z;96.218;96.488;41;41
2026-06-08T10:19:49.0000000Z;96.222;96.488;41;41
2026-06-08T10:19:52.0000000Z;96.22;96.488;450;41
2026-06-08T10:19:54.0000000Z;96.224;96.488;41;41
2026-06-08T10:19:55.0000000Z;96.226;96.488;450;41
2026-06-08T10:19:56.0000000Z;96.226;96.486;450;450
2026-06-08T10:19:59.0000000Z;96.224;96.488;3000;41
2026-06-08T10:19:59.0000000Z;96.218;96.488;41;41
2026-06-08T10:20:00.0000000Z;96.224;96.488;3000;41
2026-06-08T10:20:01.0000000Z;96.22;96.488;450;41
2026-06-08T10:20:03.0000000Z;96.218;96.484;41;41
2026-06-08T10:20:04.0000000Z;96.218;96.482;41;450
2026-06-08T10:20:07.0000000Z;96.224;96.484;41;41
2026-06-08T10:20:08.0000000Z;96.226;96.482;450;450
2026-06-08T10:20:12.0000000Z;96.218;96.484;41;41
2026-06-08T10:20:13.0000000Z;96.222;96.484;41;41
2026-06-08T10:20:19.0000000Z;96.224;96.484;41;41
2026-06-08T10:20:20.0000000Z;96.226;96.482;450;450
2026-06-08T10:20:24.0000000Z;96.218;96.484;41;41
2026-06-08T10:20:25.0000000Z;96.222;96.484;41;41
2026-06-08T10:20:29.0000000Z;96.22;96.484;450;41
2026-06-08T10:20:30.0000000Z;96.224;96.484;41;41
2026-06-08T10:20:31.0000000Z;96.224;96.484;41;41
2026-06-08T10:20:32.0000000Z;96.226;96.482;450;450
2026-06-08T10:20:35.0000000Z;96.218;96.484;41;41
2026-06-08T10:20:36.0000000Z;96.224;96.484;3000;41
2026-06-08T10:20:37.0000000Z;96.222;96.484;41;41
2026-06-08T10:20:38.0000000Z;96.218;96.48;41;41
2026-06-08T10:20:39.0000000Z;96.218;96.478;41;450
2026-06-08T10:20:40.0000000Z;96.22;96.478;450;450
2026-06-08T10:20:42.0000000Z;96.224;96.48;41;41
2026-06-08T10:20:43.0000000Z;96.224;96.48;41;41
2026-06-08T10:20:44.0000000Z;96.226;96.478;450;450
2026-06-08T10:20:46.0000000Z;96.226;96.478;450;450
2026-06-08T10:20:47.0000000Z;96.218;96.48;41;41
2026-06-08T10:20:49.0000000Z;96.222;96.48;41;41
2026-06-08T10:20:51.0000000Z;96.22;96.48;450;41
2026-06-08T10:20:54.0000000Z;96.224;96.48;41;41
2026-06-08T10:20:55.0000000Z;96.224;96.48;41;41
2026-06-08T10:20:56.0000000Z;96.226;96.478;450;450
2026-06-08T10:20:59.0000000Z;96.224;96.48;3000;41
2026-06-08T10:20:59.0000000Z;96.218;96.48;41;41
2026-06-08T10:21:00.0000000Z;96.224;96.48;3000;41
2026-06-08T10:21:01.0000000Z;96.222;96.48;41;41
2026-06-08T10:21:03.0000000Z;96.218;96.472;41;41
2026-06-08T10:21:04.0000000Z;96.218;96.47;41;450
2026-06-08T10:21:06.0000000Z;96.224;96.472;41;41
2026-06-08T10:21:07.0000000Z;96.226;96.472;450;41
2026-06-08T10:21:08.0000000Z;96.226;96.47;450;450
2026-06-08T10:21:11.0000000Z;96.218;96.472;41;41
2026-06-08T10:21:12.0000000Z;96.224;96.472;3000;41
2026-06-08T10:21:13.0000000Z;96.222;96.472;41;41
2026-06-08T10:21:18.0000000Z;96.224;96.472;41;41
2026-06-08T10:21:19.0000000Z;96.224;96.472;41;41
2026-06-08T10:21:20.0000000Z;96.226;96.47;450;450
2026-06-08T10:21:23.0000000Z;96.218;96.472;41;41
2026-06-08T10:21:25.0000000Z;96.222;96.472;41;41
2026-06-08T10:21:28.0000000Z;96.22;96.472;450;41
2026-06-08T10:21:31.0000000Z;96.224;96.472;41;41
2026-06-08T10:21:32.0000000Z;96.226;96.47;450;450
2026-06-08T10:21:33.0000000Z;96.224;96.488;41;41
2026-06-08T10:21:34.0000000Z;96.224;96.472;41;3000
2026-06-08T10:21:35.0000000Z;96.224;96.474;41;41
2026-06-08T10:21:36.0000000Z;96.218;96.488;41;3000
2026-06-08T10:21:37.0000000Z;96.222;96.49;41;41
2026-06-08T10:21:41.0000000Z;96.22;96.492;450;450
2026-06-08T10:21:43.0000000Z;96.224;96.494;41;41
2026-06-08T10:21:44.0000000Z;96.226;96.492;450;450
2026-06-08T10:21:48.0000000Z;96.218;96.494;41;41
2026-06-08T10:21:49.0000000Z;96.222;96.494;41;41
2026-06-08T10:21:53.0000000Z;96.22;96.494;450;41
2026-06-08T10:21:55.0000000Z;96.224;96.494;41;41
2026-06-08T10:21:56.0000000Z;96.226;96.492;450;450
2026-06-08T10:21:59.0000000Z;96.226;96.492;450;450
2026-06-08T10:22:00.0000000Z;96.218;96.494;41;41
2026-06-08T10:22:01.0000000Z;96.224;96.494;3000;41
2026-06-08T10:22:03.0000000Z;96.218;96.482;41;41
2026-06-08T10:22:04.0000000Z;96.218;96.48;41;450
2026-06-08T10:22:06.0000000Z;96.224;96.482;41;41
2026-06-08T10:22:07.0000000Z;96.224;96.482;41;41
2026-06-08T10:22:08.0000000Z;96.226;96.48;450;450
2026-06-08T10:22:11.0000000Z;96.218;96.482;41;41
2026-06-08T10:22:12.0000000Z;96.224;96.482;3000;41
2026-06-08T10:22:13.0000000Z;96.222;96.482;41;41
2026-06-08T10:22:17.0000000Z;96.22;96.482;450;41
2026-06-08T10:22:18.0000000Z;96.224;96.482;41;41
2026-06-08T10:22:19.0000000Z;96.226;96.482;450;41
2026-06-08T10:22:20.0000000Z;96.226;96.48;450;450
2026-06-08T10:22:23.0000000Z;96.218;96.482;41;41
2026-06-08T10:22:25.0000000Z;96.222;96.482;41;41
2026-06-08T10:22:30.0000000Z;96.22;96.482;450;41
2026-06-08T10:22:31.0000000Z;96.224;96.482;41;41
2026-06-08T10:22:32.0000000Z;96.226;96.48;450;450
2026-06-08T10:22:36.0000000Z;96.218;96.482;41;41
2026-06-08T10:22:37.0000000Z;96.222;96.482;41;41
2026-06-08T10:22:42.0000000Z;96.224;96.482;41;41
2026-06-08T10:22:43.0000000Z;96.226;96.482;450;41
2026-06-08T10:22:44.0000000Z;96.226;96.48;450;450
2026-06-08T10:22:47.0000000Z;96.218;96.482;41;41
2026-06-08T10:22:48.0000000Z;96.224;96.482;3000;41
2026-06-08T10:22:49.0000000Z;96.222;96.482;41;41
2026-06-08T10:22:54.0000000Z;96.224;96.482;41;41
2026-06-08T10:22:55.0000000Z;96.226;96.482;450;41
2026-06-08T10:22:56.0000000Z;96.226;96.48;450;450
2026-06-08T10:22:59.0000000Z;96.224;96.482;3000;41
2026-06-08T10:22:59.0000000Z;96.218;96.482;41;41
2026-06-08T10:23:01.0000000Z;96.222;96.482;41;41
2026-06-08T10:23:06.0000000Z;96.224;96.482;41;41
2026-06-08T10:23:07.0000000Z;96.224;96.482;41;41
2026-06-08T10:23:09.0000000Z;96.224;96.48;41;450
2026-06-08T10:23:11.0000000Z;96.218;96.482;41;41
2026-06-08T10:23:12.0000000Z;96.224;96.482;3000;41
2026-06-08T10:23:13.0000000Z;96.222;96.482;41;41
2026-06-08T10:23:18.0000000Z;96.22;96.482;450;41
2026-06-08T10:23:19.0000000Z;96.224;96.482;41;41
2026-06-08T10:23:20.0000000Z;96.226;96.482;450;41
2026-06-08T10:23:21.0000000Z;96.226;96.48;450;450
2026-06-08T10:23:24.0000000Z;96.218;96.482;41;41
2026-06-08T10:23:25.0000000Z;96.22;96.482;450;41
2026-06-08T10:23:31.0000000Z;96.224;96.482;41;41
2026-06-08T10:23:32.0000000Z;96.226;96.48;450;450
2026-06-08T10:23:36.0000000Z;96.218;96.482;41;41
2026-06-08T10:23:37.0000000Z;96.224;96.482;3000;41
2026-06-08T10:23:38.0000000Z;96.222;96.482;41;41
2026-06-08T10:23:42.0000000Z;96.224;96.482;41;41
2026-06-08T10:23:43.0000000Z;96.226;96.482;450;41
2026-06-08T10:23:44.0000000Z;96.226;96.48;450;450
2026-06-08T10:23:47.0000000Z;96.218;96.482;41;41
2026-06-08T10:23:48.0000000Z;96.224;96.482;3000;41
2026-06-08T10:23:50.0000000Z;96.22;96.482;450;41
2026-06-08T10:23:53.0000000Z;96.218;96.482;41;41
2026-06-08T10:23:54.0000000Z;96.224;96.482;41;41
2026-06-08T10:23:55.0000000Z;96.226;96.482;450;41
2026-06-08T10:23:57.0000000Z;96.226;96.48;450;450
2026-06-08T10:23:59.0000000Z;96.224;96.482;3000;41
2026-06-08T10:23:59.0000000Z;96.218;96.482;41;41
2026-06-08T10:24:00.0000000Z;96.224;96.482;3000;41
2026-06-08T10:24:02.0000000Z;96.222;96.482;41;41
2026-06-08T10:24:03.0000000Z;96.218;96.494;41;41
2026-06-08T10:24:04.0000000Z;96.218;96.492;41;450
2026-06-08T10:24:06.0000000Z;96.224;96.494;41;41
2026-06-08T10:24:07.0000000Z;96.226;96.49;450;41
2026-06-08T10:24:08.0000000Z;96.224;96.49;41;3000
2026-06-08T10:24:09.0000000Z;96.224;96.494;41;3000
2026-06-08T10:24:10.0000000Z;96.224;96.492;41;450
2026-06-08T10:24:11.0000000Z;96.218;96.494;41;41
2026-06-08T10:24:12.0000000Z;96.224;96.494;3000;41
2026-06-08T10:24:14.0000000Z;96.222;96.494;41;41
2026-06-08T10:24:18.0000000Z;96.224;96.494;41;41
2026-06-08T10:24:19.0000000Z;96.224;96.494;41;41
2026-06-08T10:24:20.0000000Z;96.226;96.492;450;450
2026-06-08T10:24:23.0000000Z;96.218;96.494;41;41
2026-06-08T10:24:24.0000000Z;96.224;96.494;3000;41
2026-06-08T10:24:26.0000000Z;96.22;96.494;450;41
2026-06-08T10:24:30.0000000Z;96.224;96.494;41;41
2026-06-08T10:24:31.0000000Z;96.226;96.494;450;41
2026-06-08T10:24:32.0000000Z;96.226;96.492;450;450
2026-06-08T10:24:35.0000000Z;96.218;96.494;41;41
2026-06-08T10:24:36.0000000Z;96.224;96.494;3000;41
2026-06-08T10:24:38.0000000Z;96.222;96.494;41;41
2026-06-08T10:24:40.0000000Z;96.22;96.494;450;41
2026-06-08T10:24:42.0000000Z;96.224;96.494;41;41
2026-06-08T10:24:43.0000000Z;96.226;96.494;450;41
2026-06-08T10:24:44.0000000Z;96.224;96.488;41;450
2026-06-08T10:24:47.0000000Z;96.218;96.49;41;41
2026-06-08T10:24:48.0000000Z;96.218;96.488;41;450
2026-06-08T10:24:49.0000000Z;96.224;96.488;3000;450
2026-06-08T10:24:50.0000000Z;96.22;96.488;450;450
2026-06-08T10:24:54.0000000Z;96.224;96.49;41;41
2026-06-08T10:24:55.0000000Z;96.224;96.49;41;41
2026-06-08T10:24:56.0000000Z;96.226;96.488;450;450
2026-06-08T10:24:59.0000000Z;96.224;96.49;3000;41
2026-06-08T10:24:59.0000000Z;96.218;96.49;41;41
2026-06-08T10:25:00.0000000Z;96.224;96.49;3000;41
2026-06-08T10:25:02.0000000Z;96.22;96.49;450;41
2026-06-08T10:25:06.0000000Z;96.224;96.49;41;41
2026-06-08T10:25:07.0000000Z;96.224;96.49;41;41
2026-06-08T10:25:08.0000000Z;96.226;96.49;450;41
2026-06-08T10:25:09.0000000Z;96.226;96.488;450;450
2026-06-08T10:25:10.0000000Z;96.226;96.488;450;450
2026-06-08T10:25:11.0000000Z;96.218;96.49;41;41
2026-06-08T10:25:13.0000000Z;96.224;96.49;3000;41
2026-06-08T10:25:14.0000000Z;96.222;96.49;41;41
2026-06-08T10:25:16.0000000Z;96.22;96.49;450;41
2026-06-08T10:25:18.0000000Z;96.224;96.49;41;41
2026-06-08T10:25:19.0000000Z;96.224;96.49;41;41
2026-06-08T10:25:20.0000000Z;96.226;96.488;450;450
2026-06-08T10:25:23.0000000Z;96.218;96.49;41;41
2026-06-08T10:25:24.0000000Z;96.224;96.49;3000;41
2026-06-08T10:25:26.0000000Z;96.22;96.49;450;41
2026-06-08T10:25:30.0000000Z;96.218;96.49;3000;41
2026-06-08T10:25:31.0000000Z;96.224;96.488;450;475
2026-06-08T10:25:32.0000000Z;96.224;96.49;3450;3000
2026-06-08T10:25:33.0000000Z;96.224;96.488;3450;450
2026-06-08T10:25:35.0000000Z;96.218;96.49;41;41
2026-06-08T10:25:36.0000000Z;96.224;96.49;3000;41
2026-06-08T10:25:38.0000000Z;96.22;96.49;450;41
2026-06-08T10:25:42.0000000Z;96.224;96.49;41;41
2026-06-08T10:25:43.0000000Z;96.224;96.49;41;41
2026-06-08T10:25:44.0000000Z;96.226;96.488;450;450
2026-06-08T10:25:47.0000000Z;96.218;96.49;41;41
2026-06-08T10:25:49.0000000Z;96.224;96.49;3000;41
2026-06-08T10:25:50.0000000Z;96.22;96.49;450;41
2026-06-08T10:25:54.0000000Z;96.224;96.49;41;41
2026-06-08T10:25:55.0000000Z;96.226;96.49;450;41
2026-06-08T10:25:56.0000000Z;96.226;96.488;450;450
2026-06-08T10:25:59.0000000Z;96.224;96.49;3000;41
2026-06-08T10:25:59.0000000Z;96.218;96.49;41;41
2026-06-08T10:26:00.0000000Z;96.224;96.49;3000;41
2026-06-08T10:26:02.0000000Z;96.22;96.49;450;41
2026-06-08T10:26:07.0000000Z;96.224;96.49;41;41
2026-06-08T10:26:08.0000000Z;96.226;96.488;450;450
2026-06-08T10:26:12.0000000Z;96.218;96.49;41;41
2026-06-08T10:26:13.0000000Z;96.224;96.49;3000;41
2026-06-08T10:26:14.0000000Z;96.22;96.49;450;41
2026-06-08T10:26:19.0000000Z;96.224;96.49;41;41
2026-06-08T10:26:20.0000000Z;96.226;96.488;450;450
2026-06-08T10:26:24.0000000Z;96.218;96.49;41;41
2026-06-08T10:26:25.0000000Z;96.224;96.49;3000;41
2026-06-08T10:26:26.0000000Z;96.22;96.49;450;41
2026-06-08T10:26:31.0000000Z;96.224;96.49;41;41
2026-06-08T10:26:32.0000000Z;96.226;96.488;450;450
2026-06-08T10:26:36.0000000Z;96.218;96.49;41;41
2026-06-08T10:26:37.0000000Z;96.224;96.49;3000;41
2026-06-08T10:26:38.0000000Z;96.222;96.49;41;41
2026-06-08T10:26:40.0000000Z;96.22;96.49;450;41
2026-06-08T10:26:42.0000000Z;96.224;96.49;41;41
2026-06-08T10:26:43.0000000Z;96.226;96.49;450;41
2026-06-08T10:26:44.0000000Z;96.226;96.488;450;450
2026-06-08T10:26:47.0000000Z;96.218;96.49;41;41
2026-06-08T10:26:49.0000000Z;96.224;96.49;3000;41
2026-06-08T10:26:50.0000000Z;96.222;96.49;41;41
2026-06-08T10:26:52.0000000Z;96.22;96.49;450;41
2026-06-08T10:26:55.0000000Z;96.224;96.49;41;41
2026-06-08T10:26:56.0000000Z;96.226;96.488;450;450
2026-06-08T10:27:00.0000000Z;96.218;96.49;41;41
2026-06-08T10:27:01.0000000Z;96.224;96.49;3000;41
2026-06-08T10:27:02.0000000Z;96.22;96.49;450;41
2026-06-08T10:27:07.0000000Z;96.224;96.49;41;41
2026-06-08T10:27:08.0000000Z;96.226;96.488;450;450
2026-06-08T10:27:12.0000000Z;96.218;96.49;41;41
2026-06-08T10:27:13.0000000Z;96.224;96.49;3000;41
2026-06-08T10:27:18.0000000Z;96.224;96.49;41;41
2026-06-08T10:27:19.0000000Z;96.226;96.49;450;41
2026-06-08T10:27:20.0000000Z;96.226;96.488;450;450
2026-06-08T10:27:23.0000000Z;96.218;96.49;41;41
2026-06-08T10:27:24.0000000Z;96.218;96.49;3000;41
2026-06-08T10:27:25.0000000Z;96.22;96.49;450;41
2026-06-08T10:27:30.0000000Z;96.224;96.49;41;41
2026-06-08T10:27:31.0000000Z;96.224;96.49;41;41
2026-06-08T10:27:32.0000000Z;96.226;96.488;450;450
2026-06-08T10:27:34.0000000Z;96.226;96.488;450;450
2026-06-08T10:27:35.0000000Z;96.218;96.49;41;41
2026-06-08T10:27:36.0000000Z;96.222;96.49;41;41
2026-06-08T10:27:37.0000000Z;96.222;96.49;41;41
2026-06-08T10:27:41.0000000Z;96.22;96.49;450;41
2026-06-08T10:27:42.0000000Z;96.224;96.49;41;41
2026-06-08T10:27:43.0000000Z;96.226;96.49;450;41
2026-06-08T10:27:45.0000000Z;96.226;96.488;450;450
2026-06-08T10:27:47.0000000Z;96.218;96.49;41;41
2026-06-08T10:27:48.0000000Z;96.218;96.49;3000;41
2026-06-08T10:27:49.0000000Z;96.22;96.49;450;41
2026-06-08T10:27:55.0000000Z;96.224;96.49;41;41
2026-06-08T10:27:56.0000000Z;96.226;96.488;450;450
2026-06-08T10:27:59.0000000Z;96.226;96.488;450;450
2026-06-08T10:28:00.0000000Z;96.218;96.49;41;41
2026-06-08T10:28:01.0000000Z;96.222;96.49;41;41
2026-06-08T10:28:04.0000000Z;96.22;96.49;450;41
2026-06-08T10:28:06.0000000Z;96.224;96.49;41;41
2026-06-08T10:28:07.0000000Z;96.226;96.49;450;41
2026-06-08T10:28:08.0000000Z;96.226;96.488;450;450
2026-06-08T10:28:11.0000000Z;96.218;96.49;41;41
2026-06-08T10:28:12.0000000Z;96.224;96.49;3000;41
2026-06-08T10:28:15.0000000Z;96.22;96.49;450;41
2026-06-08T10:28:19.0000000Z;96.224;96.49;41;41
2026-06-08T10:28:20.0000000Z;96.226;96.488;450;450
2026-06-08T10:28:23.0000000Z;96.226;96.488;450;450
2026-06-08T10:28:24.0000000Z;96.218;96.49;41;41
2026-06-08T10:28:25.0000000Z;96.222;96.49;41;41
2026-06-08T10:28:30.0000000Z;96.22;96.49;450;41
2026-06-08T10:28:31.0000000Z;96.224;96.49;41;41
2026-06-08T10:28:32.0000000Z;96.226;96.488;450;450
2026-06-08T10:28:35.0000000Z;96.226;96.488;450;450
2026-06-08T10:28:36.0000000Z;96.218;96.49;41;41
2026-06-08T10:28:38.0000000Z;96.224;96.49;3000;41
2026-06-08T10:28:39.0000000Z;96.222;96.49;41;41
2026-06-08T10:28:40.0000000Z;96.22;96.49;450;41
2026-06-08T10:28:43.0000000Z;96.224;96.49;41;41
2026-06-08T10:28:44.0000000Z;96.226;96.488;450;450
2026-06-08T10:28:47.0000000Z;96.226;96.488;450;450
2026-06-08T10:28:48.0000000Z;96.218;96.49;41;41
2026-06-08T10:28:49.0000000Z;96.224;96.49;3000;41
2026-06-08T10:28:51.0000000Z;96.22;96.49;450;41
2026-06-08T10:28:54.0000000Z;96.224;96.49;41;41
2026-06-08T10:28:55.0000000Z;96.224;96.49;41;41
2026-06-08T10:28:56.0000000Z;96.226;96.49;450;41
2026-06-08T10:28:57.0000000Z;96.226;96.488;450;450
2026-06-08T10:28:59.0000000Z;96.224;96.49;3000;41
2026-06-08T10:28:59.0000000Z;96.218;96.49;41;41
2026-06-08T10:29:01.0000000Z;96.222;96.49;41;41
2026-06-08T10:29:02.0000000Z;96.22;96.49;450;41
2026-06-08T10:29:06.0000000Z;96.218;96.49;41;41
2026-06-08T10:29:07.0000000Z;96.22;96.49;450;41
2026-06-08T10:29:08.0000000Z;96.22;96.488;450;450
2026-06-08T10:29:15.0000000Z;96.218;96.49;41;3000
2026-06-08T10:29:16.0000000Z;96.218;96.49;41;3000
2026-06-08T10:29:17.0000000Z;96.218;96.562;41;41
2026-06-08T10:29:18.0000000Z;96.224;96.49;41;3000
2026-06-08T10:29:19.0000000Z;96.224;96.562;41;41
2026-06-08T10:29:20.0000000Z;96.224;96.492;41;41
2026-06-08T10:29:23.0000000Z;96.218;96.562;41;41
2026-06-08T10:29:24.0000000Z;96.218;96.562;41;41
2026-06-08T10:29:25.0000000Z;96.218;96.562;41;41
2026-06-08T10:29:26.0000000Z;96.218;96.502;41;41
2026-06-08T10:29:27.0000000Z;96.218;96.502;41;41
2026-06-08T10:29:28.0000000Z;96.218;96.502;41;41
2026-06-08T10:29:29.0000000Z;96.218;96.502;41;41
2026-06-08T10:29:30.0000000Z;96.218;96.502;41;41
2026-06-08T10:29:31.0000000Z;96.224;96.502;41;41
2026-06-08T10:29:32.0000000Z;96.224;96.498;41;41
2026-06-08T10:29:33.0000000Z;96.224;96.498;41;41
2026-06-08T10:29:36.0000000Z;96.218;96.498;41;41
2026-06-08T10:29:37.0000000Z;96.22;96.496;450;450
2026-06-08T10:29:42.0000000Z;96.224;96.498;41;41
2026-06-08T10:29:43.0000000Z;96.226;96.498;450;41
2026-06-08T10:29:44.0000000Z;96.226;96.496;450;450
2026-06-08T10:29:47.0000000Z;96.218;96.498;41;41
2026-06-08T10:29:49.0000000Z;96.224;96.498;3000;41
2026-06-08T10:29:51.0000000Z;96.22;96.498;450;41
2026-06-08T10:29:53.0000000Z;96.22;96.496;450;450
2026-06-08T10:29:54.0000000Z;96.224;96.498;41;41
2026-06-08T10:29:55.0000000Z;96.226;96.498;450;41
2026-06-08T10:29:56.0000000Z;96.226;96.496;450;450
2026-06-08T10:29:59.0000000Z;96.224;96.512;3000;528
2026-06-08T10:29:59.0000000Z;96.218;96.508;41;528
2026-06-08T10:30:00.0000000Z;96.218;96.504;41;528
2026-06-08T10:30:01.0000000Z;96.218;96.498;41;41
2026-06-08T10:30:07.0000000Z;96.224;96.498;41;41
2026-06-08T10:30:08.0000000Z;96.224;96.492;41;450
2026-06-08T10:30:12.0000000Z;96.218;96.494;41;41
2026-06-08T10:30:13.0000000Z;96.22;96.494;450;41
2026-06-08T10:30:14.0000000Z;96.22;96.492;450;450
2026-06-08T10:30:19.0000000Z;96.224;96.494;41;41
2026-06-08T10:30:20.0000000Z;96.226;96.492;450;450
2026-06-08T10:30:22.0000000Z;96.226;96.492;450;450
2026-06-08T10:30:24.0000000Z;96.218;96.494;41;41
2026-06-08T10:30:25.0000000Z;96.222;96.494;41;41
2026-06-08T10:30:29.0000000Z;96.22;96.494;450;41
2026-06-08T10:30:30.0000000Z;96.224;96.494;41;41
2026-06-08T10:30:31.0000000Z;96.226;96.49;450;41
2026-06-08T10:30:32.0000000Z;96.226;96.488;450;450
2026-06-08T10:30:35.0000000Z;96.218;96.49;41;41
2026-06-08T10:30:36.0000000Z;96.224;96.49;3000;41
2026-06-08T10:30:37.0000000Z;96.224;96.488;3000;450
2026-06-08T10:30:38.0000000Z;96.22;96.488;450;450
2026-06-08T10:30:42.0000000Z;96.224;96.49;41;41
2026-06-08T10:30:43.0000000Z;96.224;96.49;41;41
2026-06-08T10:30:44.0000000Z;96.226;96.488;450;450
2026-06-08T10:30:47.0000000Z;96.218;96.49;41;41
2026-06-08T10:30:49.0000000Z;96.224;96.49;3000;41
2026-06-08T10:30:50.0000000Z;96.222;96.49;41;41
2026-06-08T10:30:51.0000000Z;96.218;96.49;41;41
2026-06-08T10:30:52.0000000Z;96.218;96.49;41;41
2026-06-08T10:30:53.0000000Z;96.218;96.49;41;41
2026-06-08T10:30:54.0000000Z;96.224;96.49;41;41
2026-06-08T10:30:55.0000000Z;96.224;96.49;41;41
2026-06-08T10:30:56.0000000Z;96.224;96.49;41;41
2026-06-08T10:30:57.0000000Z;96.224;96.49;41;41
2026-06-08T10:30:59.0000000Z;96.224;96.49;3000;41
2026-06-08T10:30:59.0000000Z;96.218;96.49;41;41
2026-06-08T10:31:01.0000000Z;96.224;96.49;3000;41
2026-06-08T10:31:02.0000000Z;96.222;96.49;41;41
2026-06-08T10:31:03.0000000Z;96.22;96.49;450;41
2026-06-08T10:31:07.0000000Z;96.224;96.49;41;41
2026-06-08T10:31:08.0000000Z;96.226;96.488;450;450
2026-06-08T10:31:11.0000000Z;96.224;96.49;41;41
2026-06-08T10:31:12.0000000Z;96.218;96.49;41;41
2026-06-08T10:31:13.0000000Z;96.224;96.49;3000;41
2026-06-08T10:31:14.0000000Z;96.222;96.49;41;41
2026-06-08T10:31:17.0000000Z;96.22;96.49;450;41
2026-06-08T10:31:18.0000000Z;96.224;96.49;41;41
2026-06-08T10:31:19.0000000Z;96.224;96.49;41;41
2026-06-08T10:31:20.0000000Z;96.226;96.49;450;41
2026-06-08T10:31:21.0000000Z;96.226;96.488;450;450
2026-06-08T10:31:23.0000000Z;96.218;96.49;41;41
2026-06-08T10:31:25.0000000Z;96.224;96.49;3000;41
2026-06-08T10:31:26.0000000Z;96.22;96.49;450;41
2026-06-08T10:31:30.0000000Z;96.224;96.49;41;41
2026-06-08T10:31:31.0000000Z;96.226;96.49;450;41
2026-06-08T10:31:32.0000000Z;96.226;96.488;450;450
2026-06-08T10:31:35.0000000Z;96.218;96.49;41;41
2026-06-08T10:31:36.0000000Z;96.224;96.49;3000;41
2026-06-08T10:31:38.0000000Z;96.22;96.49;450;41
2026-06-08T10:31:41.0000000Z;96.218;96.49;41;41
2026-06-08T10:31:42.0000000Z;96.224;96.49;41;41
2026-06-08T10:31:43.0000000Z;96.226;96.49;450;41
2026-06-08T10:31:44.0000000Z;96.226;96.488;450;450
2026-06-08T10:31:47.0000000Z;96.218;96.49;41;41
2026-06-08T10:31:48.0000000Z;96.224;96.49;3000;41
2026-06-08T10:31:50.0000000Z;96.222;96.49;41;41
2026-06-08T10:31:52.0000000Z;96.22;96.49;450;41
2026-06-08T10:31:54.0000000Z;96.224;96.49;41;41
2026-06-08T10:31:55.0000000Z;96.224;96.49;41;41
2026-06-08T10:31:56.0000000Z;96.226;96.49;450;41
2026-06-08T10:31:57.0000000Z;96.226;96.488;450;450
2026-06-08T10:31:59.0000000Z;96.224;96.49;3000;41
2026-06-08T10:31:59.0000000Z;96.218;96.49;41;41
2026-06-08T10:32:00.0000000Z;96.224;96.49;3000;41
2026-06-08T10:32:02.0000000Z;96.218;96.49;41;41
2026-06-08T10:32:06.0000000Z;96.224;96.49;41;41
2026-06-08T10:32:07.0000000Z;96.224;96.49;41;41
2026-06-08T10:32:08.0000000Z;96.226;96.488;450;450
2026-06-08T10:32:11.0000000Z;96.218;96.49;41;41
2026-06-08T10:32:13.0000000Z;96.224;96.49;3000;41
2026-06-08T10:32:14.0000000Z;96.22;96.49;450;41
2026-06-08T10:32:18.0000000Z;96.224;96.49;41;41
2026-06-08T10:32:19.0000000Z;96.226;96.49;450;41
2026-06-08T10:32:20.0000000Z;96.224;96.49;41;41
2026-06-08T10:32:21.0000000Z;96.224;96.49;41;41
2026-06-08T10:32:22.0000000Z;96.224;96.49;41;41
2026-06-08T10:32:23.0000000Z;96.218;96.49;41;41
2026-06-08T10:32:24.0000000Z;96.218;96.49;41;41
2026-06-08T10:32:25.0000000Z;96.218;96.49;41;41
2026-06-08T10:32:26.0000000Z;96.218;96.49;41;41
2026-06-08T10:32:27.0000000Z;96.218;96.49;41;41
2026-06-08T10:32:28.0000000Z;96.218;96.49;41;41
2026-06-08T10:32:29.0000000Z;96.218;96.49;41;41
2026-06-08T10:32:30.0000000Z;96.224;96.49;41;41
2026-06-08T10:32:31.0000000Z;96.224;96.49;41;41
2026-06-08T10:32:32.0000000Z;96.224;96.49;41;41
2026-06-08T10:32:33.0000000Z;96.224;96.488;41;450
2026-06-08T10:32:35.0000000Z;96.218;96.49;41;41
2026-06-08T10:32:36.0000000Z;96.224;96.49;3000;41
2026-06-08T10:32:38.0000000Z;96.222;96.49;41;41
2026-06-08T10:32:43.0000000Z;96.224;96.49;41;41
2026-06-08T10:32:44.0000000Z;96.226;96.49;450;41
2026-06-08T10:32:45.0000000Z;96.226;96.488;450;450
2026-06-08T10:32:48.0000000Z;96.222;96.49;41;41
2026-06-08T10:32:50.0000000Z;96.222;96.49;41;41
2026-06-08T10:32:54.0000000Z;96.224;96.49;41;41
2026-06-08T10:32:55.0000000Z;96.226;96.49;450;41
2026-06-08T10:32:56.0000000Z;96.226;96.488;450;450
2026-06-08T10:32:59.0000000Z;96.224;96.49;3000;41
2026-06-08T10:32:59.0000000Z;96.218;96.49;41;41
2026-06-08T10:33:00.0000000Z;96.222;96.49;41;41
2026-06-08T10:33:01.0000000Z;96.222;96.49;41;41
2026-06-08T10:33:02.0000000Z;96.22;96.49;450;41
2026-06-08T10:33:06.0000000Z;96.224;96.49;41;41
2026-06-08T10:33:07.0000000Z;96.226;96.49;450;41
2026-06-08T10:33:08.0000000Z;96.226;96.488;450;450
2026-06-08T10:33:11.0000000Z;96.218;96.49;41;41
2026-06-08T10:33:12.0000000Z;96.224;96.49;3000;41
2026-06-08T10:33:14.0000000Z;96.222;96.49;41;41
2026-06-08T10:33:16.0000000Z;96.22;96.49;450;41
2026-06-08T10:33:18.0000000Z;96.224;96.49;41;41
2026-06-08T10:33:19.0000000Z;96.226;96.49;450;41
2026-06-08T10:33:20.0000000Z;96.226;96.488;450;450
2026-06-08T10:33:22.0000000Z;96.224;96.49;41;41
2026-06-08T10:33:23.0000000Z;96.218;96.49;41;41
2026-06-08T10:33:24.0000000Z;96.218;96.49;41;41
2026-06-08T10:33:25.0000000Z;96.218;96.49;41;41
2026-06-08T10:33:26.0000000Z;96.218;96.49;41;41
2026-06-08T10:33:27.0000000Z;96.218;96.49;41;41
2026-06-08T10:33:28.0000000Z;96.218;96.49;41;41
2026-06-08T10:33:29.0000000Z;96.218;96.49;41;41
2026-06-08T10:33:30.0000000Z;96.224;96.49;41;41
2026-06-08T10:33:31.0000000Z;96.224;96.49;41;41
2026-06-08T10:33:32.0000000Z;96.224;96.49;41;41
2026-06-08T10:33:33.0000000Z;96.224;96.49;41;41
2026-06-08T10:33:34.0000000Z;96.224;96.49;41;41
2026-06-08T10:33:35.0000000Z;96.218;96.49;41;41
2026-06-08T10:33:36.0000000Z;96.218;96.49;41;41
2026-06-08T10:33:37.0000000Z;96.218;96.49;41;41
2026-06-08T10:33:38.0000000Z;96.218;96.49;41;41
2026-06-08T10:33:39.0000000Z;96.218;96.49;41;41
2026-06-08T10:33:40.0000000Z;96.218;96.49;41;41
2026-06-08T10:33:42.0000000Z;96.222;96.49;41;41
2026-06-08T10:33:43.0000000Z;96.224;96.488;450;475
2026-06-08T10:33:44.0000000Z;96.218;96.486;41;41
2026-06-08T10:33:45.0000000Z;96.218;96.486;41;3000
2026-06-08T10:33:46.0000000Z;96.22;96.486;450;3000
2026-06-08T10:33:48.0000000Z;96.22;96.488;450;450
2026-06-08T10:33:54.0000000Z;96.224;96.49;41;41
2026-06-08T10:33:55.0000000Z;96.226;96.49;450;41
2026-06-08T10:33:56.0000000Z;96.226;96.488;450;450
2026-06-08T10:33:59.0000000Z;96.224;96.49;3000;41
2026-06-08T10:33:59.0000000Z;96.218;96.49;41;41
2026-06-08T10:34:00.0000000Z;96.224;96.49;3000;41
2026-06-08T10:34:02.0000000Z;96.218;96.506;41;41
2026-06-08T10:34:03.0000000Z;96.218;96.502;41;41
2026-06-08T10:34:04.0000000Z;96.218;96.49;41;3000
2026-06-08T10:34:05.0000000Z;96.218;96.5;41;450
2026-06-08T10:34:06.0000000Z;96.224;96.502;41;41
2026-06-08T10:34:07.0000000Z;96.226;96.502;450;41
2026-06-08T10:34:08.0000000Z;96.226;96.5;450;450
2026-06-08T10:34:12.0000000Z;96.218;96.502;41;41
2026-06-08T10:34:13.0000000Z;96.218;96.564;41;1700
2026-06-08T10:34:14.0000000Z;96.216;96.564;41;1700
2026-06-08T10:34:15.0000000Z;96.216;96.564;180;1700
2026-06-08T10:34:16.0000000Z;96.216;96.564;180;1700
2026-06-08T10:34:17.0000000Z;96.222;96.504;41;41
2026-06-08T10:34:18.0000000Z;96.218;96.564;41;1700
2026-06-08T10:34:19.0000000Z;96.222;96.562;41;475
2026-06-08T10:34:21.0000000Z;96.216;96.562;319;475
2026-06-08T10:34:22.0000000Z;96.222;96.504;41;41
2026-06-08T10:34:23.0000000Z;96.216;96.56;319;528
2026-06-08T10:34:24.0000000Z;96.248;96.504;41;41
2026-06-08T10:34:25.0000000Z;96.25;96.504;450;41
2026-06-08T10:34:27.0000000Z;96.248;96.564;319;1700
2026-06-08T10:34:28.0000000Z;96.248;96.562;319;528
2026-06-08T10:34:30.0000000Z;96.25;96.614;41;52
2026-06-08T10:34:31.0000000Z;96.252;96.614;450;527
2026-06-08T10:34:32.0000000Z;96.25;96.614;41;527
2026-06-08T10:34:33.0000000Z;96.25;96.614;41;527
2026-06-08T10:34:35.0000000Z;96.25;96.614;41;52
2026-06-08T10:34:46.0000000Z;96.25;96.614;3000;3000
2026-06-08T10:34:51.0000000Z;96.276;96.644;93;52
2026-06-08T10:34:52.0000000Z;96.28;96.644;41;52
2026-06-08T10:34:54.0000000Z;96.28;96.644;3000;52
2026-06-08T10:34:57.0000000Z;96.276;96.644;93;52
2026-06-08T10:34:59.0000000Z;96.278;96.644;139;52
2026-06-08T10:35:00.0000000Z;96.278;96.642;139;41
2026-06-08T10:35:01.0000000Z;96.278;96.616;3000;52
2026-06-08T10:35:03.0000000Z;96.278;96.642;139;41
2026-06-08T10:35:06.0000000Z;96.278;96.616;139;52
2026-06-08T10:35:08.0000000Z;96.278;96.64;3000;528
2026-06-08T10:35:24.0000000Z;96.278;96.616;139;528
2026-06-08T10:35:25.0000000Z;96.278;96.614;139;41
2026-06-08T10:35:26.0000000Z;96.278;96.548;139;528
2026-06-08T10:35:27.0000000Z;96.278;96.548;139;528
2026-06-08T10:35:28.0000000Z;96.278;96.544;139;528
2026-06-08T10:35:29.0000000Z;96.278;96.548;139;3000
2026-06-08T10:35:30.0000000Z;96.278;96.558;139;41
2026-06-08T10:35:31.0000000Z;96.278;96.554;139;41
2026-06-08T10:35:33.0000000Z;96.278;96.554;139;3000
2026-06-08T10:35:39.0000000Z;96.278;96.554;139;3000
2026-06-08T10:35:40.0000000Z;96.278;96.528;139;528
2026-06-08T10:35:41.0000000Z;96.278;96.528;139;3000
2026-06-08T10:35:42.0000000Z;96.278;96.554;139;3000
2026-06-08T10:35:43.0000000Z;96.278;96.546;139;41
2026-06-08T10:35:44.0000000Z;96.278;96.546;139;41
2026-06-08T10:35:45.0000000Z;96.278;96.546;139;41
2026-06-08T10:35:46.0000000Z;96.278;96.546;139;41
2026-06-08T10:35:49.0000000Z;96.278;96.546;139;41
2026-06-08T10:35:50.0000000Z;96.278;96.548;139;528
2026-06-08T10:35:51.0000000Z;95.982;96.546;41;41
2026-06-08T10:35:52.0000000Z;96.278;96.538;3000;41
2026-06-08T10:35:53.0000000Z;96.276;96.538;139;3000
2026-06-08T10:35:54.0000000Z;96.128;96.54;41;528
2026-06-08T10:35:55.0000000Z;96.13;96.54;450;528
2026-06-08T10:35:57.0000000Z;96.13;96.54;450;3041
2026-06-08T10:36:02.0000000Z;96.128;96.558;180;528
2026-06-08T10:36:03.0000000Z;96.128;96.54;180;41
2026-06-08T10:36:04.0000000Z;96.128;96.54;180;41
2026-06-08T10:36:06.0000000Z;96.13;96.558;41;528
2026-06-08T10:36:07.0000000Z;96.132;96.558;450;528
2026-06-08T10:36:11.0000000Z;96.128;96.558;180;528
2026-06-08T10:36:12.0000000Z;96.128;96.752;180;41
2026-06-08T10:36:13.0000000Z;96.128;96.752;180;218
2026-06-08T10:36:15.0000000Z;96.128;96.56;180;259
2026-06-08T10:36:18.0000000Z;96.13;96.752;41;218
2026-06-08T10:36:19.0000000Z;96.132;96.752;450;218
2026-06-08T10:36:23.0000000Z;96.13;96.552;3000;41
2026-06-08T10:36:24.0000000Z;96.13;96.542;3450;528
2026-06-08T10:36:25.0000000Z;96.13;96.542;450;528
2026-06-08T10:36:26.0000000Z;96.128;96.556;180;41
2026-06-08T10:36:27.0000000Z;96.128;96.546;180;528
2026-06-08T10:36:28.0000000Z;96.128;96.546;180;3000
2026-06-08T10:36:29.0000000Z;96.128;96.546;180;528
2026-06-08T10:36:30.0000000Z;96.128;96.546;3000;528
2026-06-08T10:36:31.0000000Z;96.132;96.546;450;528
2026-06-08T10:36:35.0000000Z;96.128;96.546;180;528
2026-06-08T10:36:37.0000000Z;96.128;96.628;180;528
2026-06-08T10:36:38.0000000Z;96.128;96.546;180;3000
2026-06-08T10:36:39.0000000Z;96.128;96.548;180;259
2026-06-08T10:36:41.0000000Z;96.128;96.626;180;450
2026-06-08T10:36:42.0000000Z;96.13;96.628;41;528
2026-06-08T10:36:43.0000000Z;96.132;96.628;450;528
2026-06-08T10:36:44.0000000Z;96.132;96.626;450;450
2026-06-08T10:36:47.0000000Z;96.128;96.628;180;528
2026-06-08T10:36:48.0000000Z;96.13;96.626;3450;450
2026-06-08T10:36:49.0000000Z;96.128;96.624;180;528
2026-06-08T10:36:50.0000000Z;96.128;96.622;180;450
2026-06-08T10:36:52.0000000Z;96.128;96.624;180;528
2026-06-08T10:36:54.0000000Z;96.134;96.58;41;528
2026-06-08T10:36:55.0000000Z;96.134;96.58;3000;3000
2026-06-08T10:36:56.0000000Z;96.136;96.578;450;450
2026-06-08T10:36:59.0000000Z;96.134;96.58;41;528
2026-06-08T10:36:59.0000000Z;96.134;96.58;41;528
2026-06-08T10:37:01.0000000Z;96.134;96.572;41;528
2026-06-08T10:37:02.0000000Z;96.134;96.57;41;450
2026-06-08T10:37:06.0000000Z;96.134;96.568;41;528
2026-06-08T10:37:07.0000000Z;96.136;96.566;450;450
2026-06-08T10:37:11.0000000Z;96.136;96.566;450;450
2026-06-08T10:37:12.0000000Z;96.136;96.566;450;450
2026-06-08T10:37:13.0000000Z;96.134;96.568;41;528
2026-06-08T10:37:14.0000000Z;96.134;96.566;41;450
2026-06-08T10:37:16.0000000Z;96.134;96.568;41;3000
2026-06-08T10:37:17.0000000Z;96.134;96.568;41;3000
2026-06-08T10:37:18.0000000Z;96.14;96.576;41;528
2026-06-08T10:37:19.0000000Z;96.142;96.57;450;528
2026-06-08T10:37:23.0000000Z;96.14;96.576;41;528
2026-06-08T10:37:25.0000000Z;96.14;96.568;41;528
2026-06-08T10:37:26.0000000Z;96.142;96.566;450;450
2026-06-08T10:37:30.0000000Z;96.146;96.568;41;528
2026-06-08T10:37:31.0000000Z;96.148;96.568;450;528
2026-06-08T10:37:35.0000000Z;96.146;96.584;41;528
2026-06-08T10:37:36.0000000Z;96.146;96.568;41;3000
2026-06-08T10:37:37.0000000Z;96.146;96.576;41;528
2026-06-08T10:37:38.0000000Z;96.146;96.57;41;528
2026-06-08T10:37:39.0000000Z;96.146;96.576;41;528
2026-06-08T10:37:40.0000000Z;96.146;96.576;41;528
2026-06-08T10:37:42.0000000Z;96.152;96.572;41;528
2026-06-08T10:37:43.0000000Z;96.154;96.57;450;450
2026-06-08T10:37:47.0000000Z;96.152;96.572;41;528
2026-06-08T10:37:49.0000000Z;96.152;96.564;41;528
2026-06-08T10:37:50.0000000Z;96.152;96.562;41;450
2026-06-08T10:37:54.0000000Z;96.158;96.564;41;528
2026-06-08T10:37:55.0000000Z;96.16;96.564;450;528
2026-06-08T10:37:58.0000000Z;96.16;96.562;450;450
2026-06-08T10:37:59.0000000Z;96.158;96.564;3000;3000
2026-06-08T10:37:59.0000000Z;96.152;96.578;41;528
2026-06-08T10:38:00.0000000Z;96.158;96.564;3000;3000
2026-06-08T10:38:01.0000000Z;96.152;96.57;41;528
2026-06-08T10:38:02.0000000Z;96.156;96.566;41;528
2026-06-08T10:38:04.0000000Z;96.152;96.57;41;528
2026-06-08T10:38:07.0000000Z;96.158;96.568;41;450
2026-06-08T10:38:08.0000000Z;96.16;96.568;450;450
2026-06-08T10:38:12.0000000Z;96.158;96.588;41;528
2026-06-08T10:38:13.0000000Z;96.158;96.58;41;528
2026-06-08T10:38:14.0000000Z;96.158;96.572;41;528
2026-06-08T10:38:18.0000000Z;96.164;96.58;41;528
2026-06-08T10:38:19.0000000Z;96.166;96.578;450;450
2026-06-08T10:38:23.0000000Z;96.158;96.59;41;528
2026-06-08T10:38:24.0000000Z;96.164;96.58;3000;3000
2026-06-08T10:38:25.0000000Z;96.158;96.582;41;528
2026-06-08T10:38:26.0000000Z;96.162;96.58;41;450
2026-06-08T10:38:28.0000000Z;96.158;96.582;41;528
2026-06-08T10:38:30.0000000Z;96.158;96.582;41;528
2026-06-08T10:38:31.0000000Z;96.162;96.582;41;528
2026-06-08T10:38:32.0000000Z;96.16;96.58;450;450
2026-06-08T10:38:34.0000000Z;96.158;96.582;41;528
2026-06-08T10:38:37.0000000Z;96.158;96.574;41;528
2026-06-08T10:38:38.0000000Z;96.158;96.572;41;450
2026-06-08T10:38:42.0000000Z;96.164;96.574;41;528
2026-06-08T10:38:43.0000000Z;96.166;96.574;450;528
2026-06-08T10:38:44.0000000Z;96.166;96.574;450;528
2026-06-08T10:38:46.0000000Z;96.166;96.572;450;450
2026-06-08T10:38:47.0000000Z;96.164;96.602;41;528
2026-06-08T10:38:48.0000000Z;96.164;96.574;41;3000
2026-06-08T10:38:49.0000000Z;96.164;96.594;41;528
2026-06-08T10:38:50.0000000Z;96.164;96.576;41;528
2026-06-08T10:38:52.0000000Z;96.164;96.552;41;3000
2026-06-08T10:38:53.0000000Z;96.164;96.548;41;450
2026-06-08T10:38:54.0000000Z;96.164;96.55;41;528
2026-06-08T10:38:56.0000000Z;96.166;96.55;450;528
2026-06-08T10:38:57.0000000Z;96.166;96.548;450;450
2026-06-08T10:39:01.0000000Z;96.164;96.55;41;528
2026-06-08T10:39:02.0000000Z;96.164;96.548;41;450
2026-06-08T10:39:03.0000000Z;96.164;96.55;41;3000
2026-06-08T10:39:04.0000000Z;96.164;96.552;41;41
2026-06-08T10:39:05.0000000Z;96.164;96.55;41;3450
2026-06-08T10:39:06.0000000Z;96.164;96.552;41;41
2026-06-08T10:39:07.0000000Z;96.166;96.552;450;41
2026-06-08T10:39:08.0000000Z;96.164;96.552;41;41
2026-06-08T10:39:10.0000000Z;96.164;96.552;41;3000
2026-06-08T10:39:11.0000000Z;96.164;96.55;41;528
2026-06-08T10:39:14.0000000Z;96.164;96.55;41;3000
2026-06-08T10:39:18.0000000Z;96.17;96.55;41;528
2026-06-08T10:39:19.0000000Z;96.17;96.55;3000;3000
2026-06-08T10:39:20.0000000Z;96.172;96.55;450;3000
2026-06-08T10:39:21.0000000Z;96.17;96.552;41;528
2026-06-08T10:39:23.0000000Z;96.17;96.55;41;41
2026-06-08T10:39:26.0000000Z;96.17;96.552;41;528
2026-06-08T10:39:28.0000000Z;96.17;96.552;41;3528
2026-06-08T10:39:29.0000000Z;96.17;96.552;41;3000
2026-06-08T10:39:30.0000000Z;96.17;96.552;41;528
2026-06-08T10:39:32.0000000Z;96.17;96.558;41;41
2026-06-08T10:39:33.0000000Z;96.17;96.552;41;3000
2026-06-08T10:39:34.0000000Z;96.17;96.554;41;528
2026-06-08T10:39:35.0000000Z;96.17;96.558;41;41
2026-06-08T10:39:37.0000000Z;96.17;96.558;41;41
2026-06-08T10:39:38.0000000Z;96.17;96.556;41;450
2026-06-08T10:39:42.0000000Z;96.17;96.558;3000;41
2026-06-08T10:39:43.0000000Z;96.178;96.556;450;528
2026-06-08T10:39:44.0000000Z;96.178;96.554;450;450
2026-06-08T10:39:47.0000000Z;96.176;96.554;41;41
2026-06-08T10:39:48.0000000Z;96.176;96.554;41;3450
2026-06-08T10:39:53.0000000Z;96.176;96.554;41;3000
2026-06-08T10:39:54.0000000Z;96.182;96.558;41;41
2026-06-08T10:39:55.0000000Z;96.182;96.554;3000;3000
2026-06-08T10:39:56.0000000Z;96.184;96.556;450;491
2026-06-08T10:39:59.0000000Z;96.182;96.558;41;3000
2026-06-08T10:39:59.0000000Z;96.182;96.56;41;528
2026-06-08T10:40:00.0000000Z;96.182;96.558;41;3450
2026-06-08T10:40:02.0000000Z;96.182;96.558;41;450
2026-06-08T10:40:04.0000000Z;96.182;96.558;41;450
2026-06-08T10:40:05.0000000Z;96.182;96.55;41;41
2026-06-08T10:40:06.0000000Z;96.182;96.55;41;41
2026-06-08T10:40:08.0000000Z;96.184;96.55;450;41
2026-06-08T10:40:10.0000000Z;96.182;96.55;41;41
2026-06-08T10:40:11.0000000Z;96.182;96.548;41;450
2026-06-08T10:40:12.0000000Z;96.182;96.548;41;528
2026-06-08T10:40:15.0000000Z;96.182;96.548;41;3450
2026-06-08T10:40:18.0000000Z;96.182;96.548;41;528
2026-06-08T10:40:19.0000000Z;96.182;96.544;41;528
2026-06-08T10:40:20.0000000Z;96.182;96.544;41;3528
2026-06-08T10:40:21.0000000Z;96.182;96.544;41;3528
2026-06-08T10:40:30.0000000Z;96.188;96.548;41;528
2026-06-08T10:40:31.0000000Z;96.19;96.546;450;41
2026-06-08T10:40:32.0000000Z;96.19;96.546;450;528
2026-06-08T10:40:35.0000000Z;96.188;96.548;41;528
2026-06-08T10:40:37.0000000Z;96.19;96.548;450;3528
2026-06-08T10:40:41.0000000Z;96.188;96.55;41;41
2026-06-08T10:40:42.0000000Z;96.188;96.55;41;41
2026-06-08T10:40:44.0000000Z;96.19;96.55;450;3528
2026-06-08T10:40:46.0000000Z;96.188;96.552;41;528
2026-06-08T10:40:47.0000000Z;96.188;96.55;41;3000
2026-06-08T10:40:48.0000000Z;96.188;96.552;41;3000
2026-06-08T10:40:52.0000000Z;96.188;96.552;41;528
2026-06-08T10:40:55.0000000Z;96.194;96.552;41;528
2026-06-08T10:40:56.0000000Z;96.196;96.552;450;528
2026-06-08T10:41:00.0000000Z;96.194;96.552;41;528
2026-06-08T10:41:01.0000000Z;96.196;96.552;450;528
2026-06-08T10:41:02.0000000Z;96.194;96.564;41;528
2026-06-08T10:41:03.0000000Z;96.194;96.552;41;3000
2026-06-08T10:41:04.0000000Z;96.194;96.554;41;528
2026-06-08T10:41:05.0000000Z;96.194;96.564;41;528
2026-06-08T10:41:06.0000000Z;96.194;96.554;41;528
2026-06-08T10:41:07.0000000Z;96.2;96.554;41;978
2026-06-08T10:41:08.0000000Z;96.202;96.554;450;978
2026-06-08T10:41:09.0000000Z;96.222;96.556;180;528
2026-06-08T10:41:10.0000000Z;96.222;96.556;180;528
2026-06-08T10:41:12.0000000Z;96.222;96.556;180;528
2026-06-08T10:41:14.0000000Z;96.222;96.552;180;528
2026-06-08T10:41:15.0000000Z;96.222;96.55;180;450
2026-06-08T10:41:16.0000000Z;96.222;96.55;180;450
2026-06-08T10:41:17.0000000Z;96.224;96.55;450;450
2026-06-08T10:41:18.0000000Z;96.224;96.552;41;528
2026-06-08T10:41:19.0000000Z;96.226;96.552;450;528
2026-06-08T10:41:23.0000000Z;96.2;96.55;41;41
2026-06-08T10:41:24.0000000Z;96.224;96.55;3000;3450
2026-06-08T10:41:25.0000000Z;96.282;96.566;41;528
2026-06-08T10:41:26.0000000Z;96.284;96.552;450;528
2026-06-08T10:41:30.0000000Z;96.282;96.562;41;528
2026-06-08T10:41:31.0000000Z;96.288;96.552;41;528
2026-06-08T10:41:32.0000000Z;96.29;96.552;450;528
2026-06-08T10:41:34.0000000Z;96.288;96.56;41;450
2026-06-08T10:41:36.0000000Z;96.282;96.562;41;528
2026-06-08T10:41:37.0000000Z;96.282;96.554;41;528
2026-06-08T10:41:38.0000000Z;96.282;96.552;41;450
2026-06-08T10:41:39.0000000Z;96.284;96.552;450;450
2026-06-08T10:41:42.0000000Z;96.288;96.55;41;528
2026-06-08T10:41:43.0000000Z;96.29;96.55;450;3528
2026-06-08T10:41:44.0000000Z;96.29;96.548;450;450
2026-06-08T10:41:47.0000000Z;96.282;96.55;41;528
2026-06-08T10:41:49.0000000Z;96.282;96.55;41;528
2026-06-08T10:41:50.0000000Z;96.282;96.548;41;450
2026-06-08T10:41:51.0000000Z;96.286;96.548;41;450
2026-06-08T10:41:53.0000000Z;96.282;96.562;41;528
2026-06-08T10:41:54.0000000Z;96.288;96.562;41;528
2026-06-08T10:41:55.0000000Z;96.288;96.56;3000;450
2026-06-08T10:41:56.0000000Z;96.29;96.562;450;528
2026-06-08T10:41:59.0000000Z;96.288;96.562;3000;528
2026-06-08T10:41:59.0000000Z;96.282;96.562;41;528
2026-06-08T10:42:00.0000000Z;96.282;96.562;41;528
2026-06-08T10:42:01.0000000Z;96.282;96.558;41;528
2026-06-08T10:42:02.0000000Z;96.282;96.558;41;528
2026-06-08T10:42:03.0000000Z;96.282;96.558;41;528
2026-06-08T10:42:04.0000000Z;96.282;96.558;41;528
2026-06-08T10:42:05.0000000Z;96.282;96.558;41;528
2026-06-08T10:42:06.0000000Z;96.288;96.558;41;528
2026-06-08T10:42:07.0000000Z;96.288;96.558;41;528
2026-06-08T10:42:08.0000000Z;96.288;96.558;41;528
2026-06-08T10:42:09.0000000Z;96.288;96.558;41;528
2026-06-08T10:42:10.0000000Z;96.288;96.558;41;528
2026-06-08T10:42:11.0000000Z;96.282;96.57;41;528
2026-06-08T10:42:13.0000000Z;96.286;96.56;41;528
2026-06-08T10:42:15.0000000Z;96.282;96.562;41;528
2026-06-08T10:42:16.0000000Z;96.284;96.56;450;450
2026-06-08T10:42:18.0000000Z;96.288;96.562;41;528
2026-06-08T10:42:19.0000000Z;96.29;96.562;450;528
2026-06-08T10:42:21.0000000Z;96.29;96.56;450;450
2026-06-08T10:42:23.0000000Z;96.282;96.562;41;528
2026-06-08T10:42:25.0000000Z;96.282;96.554;41;528
2026-06-08T10:42:26.0000000Z;96.282;96.552;41;450
2026-06-08T10:42:28.0000000Z;96.284;96.552;450;450
2026-06-08T10:42:30.0000000Z;96.288;96.554;41;528
2026-06-08T10:42:31.0000000Z;96.29;96.554;450;528
2026-06-08T10:42:35.0000000Z;96.282;96.544;41;41
2026-06-08T10:42:36.0000000Z;96.288;96.542;3000;450
2026-06-08T10:42:37.0000000Z;96.286;96.542;41;450
2026-06-08T10:42:38.0000000Z;96.282;96.544;41;41
2026-06-08T10:42:39.0000000Z;96.282;96.542;41;450
2026-06-08T10:42:41.0000000Z;96.284;96.542;450;450
2026-06-08T10:42:43.0000000Z;96.288;96.546;41;528
2026-06-08T10:42:44.0000000Z;96.29;96.544;450;3450
2026-06-08T10:42:45.0000000Z;96.288;96.546;41;3041
2026-06-08T10:42:46.0000000Z;96.288;96.554;41;528
2026-06-08T10:42:47.0000000Z;96.288;96.546;41;41
2026-06-08T10:42:48.0000000Z;96.282;96.546;41;3528
2026-06-08T10:42:49.0000000Z;96.282;96.546;41;528
2026-06-08T10:42:50.0000000Z;96.282;96.546;41;528
2026-06-08T10:42:51.0000000Z;96.282;96.546;41;528
2026-06-08T10:42:52.0000000Z;96.282;96.546;41;528
2026-06-08T10:42:53.0000000Z;96.282;96.546;41;528
2026-06-08T10:42:54.0000000Z;96.288;96.546;41;528
2026-06-08T10:42:55.0000000Z;96.288;96.546;41;528
2026-06-08T10:42:56.0000000Z;96.288;96.546;41;528
2026-06-08T10:42:57.0000000Z;96.288;96.546;41;528
2026-06-08T10:42:58.0000000Z;96.288;96.558;41;528
2026-06-08T10:42:59.0000000Z;96.288;96.546;3000;3000
2026-06-08T10:43:00.0000000Z;96.282;96.546;41;528
2026-06-08T10:43:01.0000000Z;96.282;96.546;41;528
2026-06-08T10:43:02.0000000Z;96.282;96.544;41;450
2026-06-08T10:43:03.0000000Z;96.284;96.544;450;450
2026-06-08T10:43:05.0000000Z;96.282;96.546;41;528
2026-06-08T10:43:06.0000000Z;96.288;96.546;41;528
2026-06-08T10:43:07.0000000Z;96.288;96.546;41;528
2026-06-08T10:43:08.0000000Z;96.288;96.546;41;528
2026-06-08T10:43:09.0000000Z;96.288;96.546;41;528
2026-06-08T10:43:10.0000000Z;96.288;96.566;41;528
2026-06-08T10:43:11.0000000Z;96.282;96.554;41;528
2026-06-08T10:43:12.0000000Z;96.282;96.554;41;528
2026-06-08T10:43:13.0000000Z;96.282;96.546;41;528
2026-06-08T10:43:14.0000000Z;96.282;96.546;41;528
2026-06-08T10:43:15.0000000Z;96.282;96.546;41;528
2026-06-08T10:43:18.0000000Z;96.282;96.544;41;450
2026-06-08T10:43:19.0000000Z;96.288;96.546;41;528
2026-06-08T10:43:20.0000000Z;96.29;96.546;450;528
2026-06-08T10:43:23.0000000Z;96.288;96.558;41;528
2026-06-08T10:43:24.0000000Z;96.282;96.544;41;450
2026-06-08T10:43:25.0000000Z;96.282;96.546;41;528
2026-06-08T10:43:26.0000000Z;96.282;96.544;41;450
2026-06-08T10:43:27.0000000Z;96.284;96.544;450;450
2026-06-08T10:43:30.0000000Z;96.288;96.546;41;528
2026-06-08T10:43:31.0000000Z;96.29;96.546;450;528
2026-06-08T10:43:33.0000000Z;96.29;96.546;450;528
2026-06-08T10:43:34.0000000Z;96.288;96.558;41;528
2026-06-08T10:43:35.0000000Z;96.282;96.546;41;528
2026-06-08T10:43:36.0000000Z;96.288;96.544;3000;450
2026-06-08T10:43:37.0000000Z;96.282;96.546;41;528
2026-06-08T10:43:38.0000000Z;96.282;96.546;41;528
2026-06-08T10:43:39.0000000Z;96.282;96.546;41;528
2026-06-08T10:43:40.0000000Z;96.282;96.546;41;528
2026-06-08T10:43:41.0000000Z;96.282;96.546;41;528
2026-06-08T10:43:42.0000000Z;96.282;96.546;41;528
2026-06-08T10:43:43.0000000Z;96.288;96.546;41;528
2026-06-08T10:43:44.0000000Z;96.288;96.546;41;528
2026-06-08T10:43:45.0000000Z;96.288;96.546;41;528
2026-06-08T10:43:46.0000000Z;96.288;96.566;41;528
2026-06-08T10:43:47.0000000Z;96.288;96.548;41;528
2026-06-08T10:43:48.0000000Z;96.282;96.546;41;450
2026-06-08T10:43:49.0000000Z;96.282;96.548;41;3000
2026-06-08T10:43:50.0000000Z;96.282;96.548;41;3450
2026-06-08T10:43:51.0000000Z;96.282;96.55;41;528
2026-06-08T10:43:55.0000000Z;96.288;96.548;3000;450
2026-06-08T10:43:56.0000000Z;96.29;96.548;450;450
2026-06-08T10:43:58.0000000Z;96.288;96.57;41;528
2026-06-08T10:43:59.0000000Z;96.288;96.552;41;528
2026-06-08T10:44:00.0000000Z;96.282;96.558;41;528
2026-06-08T10:44:01.0000000Z;96.282;96.554;41;41
2026-06-08T10:44:02.0000000Z;96.284;96.552;450;450
2026-06-08T10:44:07.0000000Z;96.288;96.558;41;528
2026-06-08T10:44:08.0000000Z;96.29;96.554;450;3000
2026-06-08T10:44:09.0000000Z;96.29;96.556;450;491
2026-06-08T10:44:10.0000000Z;96.288;96.57;41;528
2026-06-08T10:44:11.0000000Z;96.29;96.558;450;3000
2026-06-08T10:44:12.0000000Z;96.282;96.558;41;528
2026-06-08T10:44:13.0000000Z;96.282;96.552;41;41
2026-06-08T10:44:14.0000000Z;96.282;96.552;41;3000
2026-06-08T10:44:15.0000000Z;96.286;96.552;41;3450
2026-06-08T10:44:17.0000000Z;96.286;96.552;41;450
2026-06-08T10:44:18.0000000Z;96.288;96.554;41;528
2026-06-08T10:44:19.0000000Z;96.29;96.552;450;450
2026-06-08T10:44:22.0000000Z;96.29;96.552;450;450
2026-06-08T10:44:23.0000000Z;96.282;96.558;41;528
2026-06-08T10:44:25.0000000Z;96.282;96.554;41;528
2026-06-08T10:44:26.0000000Z;96.282;96.552;41;450
2026-06-08T10:44:28.0000000Z;96.284;96.552;450;450
2026-06-08T10:44:30.0000000Z;96.288;96.554;41;528
2026-06-08T10:44:31.0000000Z;96.29;96.554;450;528
2026-06-08T10:44:35.0000000Z;96.282;96.554;41;528
2026-06-08T10:44:37.0000000Z;96.282;96.546;41;528
2026-06-08T10:44:38.0000000Z;96.282;96.544;41;450
2026-06-08T10:44:41.0000000Z;96.282;96.546;41;528
2026-06-08T10:44:42.0000000Z;96.288;96.546;41;528
2026-06-08T10:44:43.0000000Z;96.288;96.546;41;528
2026-06-08T10:44:44.0000000Z;96.288;96.546;41;528
2026-06-08T10:44:47.0000000Z;96.282;96.562;41;528
2026-06-08T10:44:48.0000000Z;96.282;96.562;41;528
2026-06-08T10:44:49.0000000Z;96.282;96.55;41;528
2026-06-08T10:44:50.0000000Z;96.282;96.55;41;528
2026-06-08T10:44:51.0000000Z;96.282;96.55;41;528
2026-06-08T10:44:54.0000000Z;96.288;96.55;41;528
2026-06-08T10:44:55.0000000Z;96.29;96.548;450;450
2026-06-08T10:44:59.0000000Z;96.288;96.55;3000;3000
2026-06-08T10:44:59.0000000Z;96.282;96.55;41;528
2026-06-08T10:45:00.0000000Z;96.288;96.548;3000;450
2026-06-08T10:45:01.0000000Z;96.282;96.542;41;528
2026-06-08T10:45:02.0000000Z;96.286;96.54;41;450
2026-06-08T10:45:05.0000000Z;96.284;96.54;450;450
2026-06-08T10:45:06.0000000Z;96.288;96.542;41;528
2026-06-08T10:45:07.0000000Z;96.29;96.542;450;528
2026-06-08T10:45:11.0000000Z;96.282;96.566;41;528
2026-06-08T10:45:12.0000000Z;96.282;96.562;41;528
2026-06-08T10:45:13.0000000Z;96.282;96.554;41;528
2026-06-08T10:45:14.0000000Z;96.282;96.554;41;528
2026-06-08T10:45:15.0000000Z;96.282;96.554;41;528
2026-06-08T10:45:16.0000000Z;96.282;96.554;41;528
2026-06-08T10:45:17.0000000Z;96.282;96.554;41;528
2026-06-08T10:45:18.0000000Z;96.288;96.554;41;528
2026-06-08T10:45:19.0000000Z;96.288;96.554;41;528
2026-06-08T10:45:20.0000000Z;96.288;96.554;41;528
2026-06-08T10:45:23.0000000Z;96.282;96.55;41;528
2026-06-08T10:45:24.0000000Z;96.288;96.55;3000;3000
2026-06-08T10:45:25.0000000Z;96.282;96.546;41;528
2026-06-08T10:45:26.0000000Z;96.284;96.546;450;528
2026-06-08T10:45:27.0000000Z;96.284;96.544;450;450
2026-06-08T10:45:28.0000000Z;96.282;96.546;41;528
2026-06-08T10:45:29.0000000Z;96.282;96.544;41;41
2026-06-08T10:45:30.0000000Z;96.288;96.556;41;41
2026-06-08T10:45:31.0000000Z;96.29;96.546;450;3000
2026-06-08T10:45:32.0000000Z;96.288;96.552;41;41
2026-06-08T10:45:33.0000000Z;96.288;96.548;41;528
2026-06-08T10:45:35.0000000Z;96.282;96.552;41;41
2026-06-08T10:45:36.0000000Z;96.288;96.552;3000;41
2026-06-08T10:45:37.0000000Z;96.282;96.552;41;41
2026-06-08T10:45:38.0000000Z;96.282;96.55;41;450
2026-06-08T10:45:41.0000000Z;96.282;96.55;41;450
2026-06-08T10:45:42.0000000Z;96.288;96.552;41;41
2026-06-08T10:45:43.0000000Z;96.29;96.552;450;41
2026-06-08T10:45:47.0000000Z;96.282;96.552;41;41
2026-06-08T10:45:49.0000000Z;96.282;96.552;41;41
2026-06-08T10:45:50.0000000Z;96.282;96.55;41;450
2026-06-08T10:45:51.0000000Z;96.282;96.548;41;41
2026-06-08T10:45:52.0000000Z;96.282;96.548;41;41
2026-06-08T10:45:53.0000000Z;96.282;96.548;41;41
2026-06-08T10:45:54.0000000Z;96.288;96.548;41;41
2026-06-08T10:45:55.0000000Z;96.288;96.548;3000;41
2026-06-08T10:45:56.0000000Z;96.29;96.548;450;41
2026-06-08T10:45:59.0000000Z;96.288;96.544;3000;3000
2026-06-08T10:45:59.0000000Z;96.282;96.544;41;41
2026-06-08T10:46:00.0000000Z;96.288;96.542;3000;450
2026-06-08T10:46:01.0000000Z;96.282;96.544;41;41
2026-06-08T10:46:02.0000000Z;96.282;96.542;41;450
2026-06-08T10:46:06.0000000Z;96.288;96.544;41;41
2026-06-08T10:46:07.0000000Z;96.288;96.544;3000;41
2026-06-08T10:46:08.0000000Z;96.29;96.544;450;41
2026-06-08T10:46:10.0000000Z;96.29;96.542;450;450
2026-06-08T10:46:11.0000000Z;96.282;96.544;41;41
2026-06-08T10:46:13.0000000Z;96.282;96.544;41;41
2026-06-08T10:46:14.0000000Z;96.282;96.542;41;450
2026-06-08T10:46:19.0000000Z;96.288;96.544;41;41
2026-06-08T10:46:20.0000000Z;96.29;96.544;450;41
2026-06-08T10:46:22.0000000Z;96.29;96.544;450;41
2026-06-08T10:46:24.0000000Z;96.282;96.544;41;41
2026-06-08T10:46:25.0000000Z;96.282;96.544;41;41
2026-06-08T10:46:26.0000000Z;96.282;96.542;41;450
2026-06-08T10:46:28.0000000Z;96.284;96.542;450;450
2026-06-08T10:46:30.0000000Z;96.288;96.532;41;41
2026-06-08T10:46:31.0000000Z;96.29;96.53;450;450
2026-06-08T10:46:35.0000000Z;96.282;96.532;41;41
2026-06-08T10:46:36.0000000Z;96.288;96.532;3000;41
2026-06-08T10:46:37.0000000Z;96.282;96.532;41;41
2026-06-08T10:46:38.0000000Z;96.282;96.53;41;450
2026-06-08T10:46:39.0000000Z;96.282;96.53;41;450
2026-06-08T10:46:40.0000000Z;96.284;96.53;450;450
2026-06-08T10:46:42.0000000Z;96.288;96.532;41;41
2026-06-08T10:46:43.0000000Z;96.288;96.532;3000;41
2026-06-08T10:46:44.0000000Z;96.29;96.532;450;41
2026-06-08T10:46:47.0000000Z;96.282;96.532;41;41
2026-06-08T10:46:48.0000000Z;96.288;96.532;3000;41
2026-06-08T10:46:49.0000000Z;96.282;96.532;41;41
2026-06-08T10:46:50.0000000Z;96.282;96.53;41;450
2026-06-08T10:46:51.0000000Z;96.284;96.53;450;450
2026-06-08T10:46:54.0000000Z;96.288;96.532;41;41
2026-06-08T10:46:55.0000000Z;96.29;96.532;450;41
2026-06-08T10:46:59.0000000Z;96.288;96.532;3000;41
2026-06-08T10:46:59.0000000Z;96.282;96.532;41;41
2026-06-08T10:47:00.0000000Z;96.288;96.532;3000;41
2026-06-08T10:47:01.0000000Z;96.282;96.532;41;41
2026-06-08T10:47:02.0000000Z;96.282;96.53;41;450
2026-06-08T10:47:06.0000000Z;96.288;96.524;41;41
2026-06-08T10:47:07.0000000Z;96.29;96.522;450;450
2026-06-08T10:47:10.0000000Z;96.29;96.522;450;450
2026-06-08T10:47:11.0000000Z;96.282;96.524;41;41
2026-06-08T10:47:12.0000000Z;96.288;96.524;3000;41
2026-06-08T10:47:13.0000000Z;96.282;96.526;41;528
2026-06-08T10:47:14.0000000Z;96.282;96.524;41;3450
2026-06-08T10:47:15.0000000Z;96.282;96.524;41;450
2026-06-08T10:47:16.0000000Z;96.282;96.526;41;3041
2026-06-08T10:47:17.0000000Z;96.282;96.524;41;450
2026-06-08T10:47:18.0000000Z;96.282;96.524;41;41
2026-06-08T10:47:19.0000000Z;96.286;96.524;41;3450
2026-06-08T10:47:20.0000000Z;96.284;96.524;450;3450
2026-06-08T10:47:25.0000000Z;96.282;96.526;41;528
2026-06-08T10:47:26.0000000Z;96.282;96.526;41;528
2026-06-08T10:47:27.0000000Z;96.282;96.524;41;450
2026-06-08T10:47:31.0000000Z;96.282;96.524;41;41
2026-06-08T10:47:32.0000000Z;96.284;96.524;450;41
2026-06-08T10:47:33.0000000Z;96.282;96.54;41;41
2026-06-08T10:47:34.0000000Z;96.282;96.524;41;3000
2026-06-08T10:47:35.0000000Z;96.282;96.538;41;450
2026-06-08T10:47:36.0000000Z;96.282;96.536;41;41
2026-06-08T10:47:37.0000000Z;96.282;96.536;41;41
2026-06-08T10:47:38.0000000Z;96.282;96.534;41;450
2026-06-08T10:47:42.0000000Z;96.288;96.536;41;41
2026-06-08T10:47:43.0000000Z;96.288;96.536;3000;41
2026-06-08T10:47:44.0000000Z;96.29;96.536;450;41
2026-06-08T10:47:47.0000000Z;96.282;96.536;41;41
2026-06-08T10:47:48.0000000Z;96.288;96.536;3000;41
2026-06-08T10:47:49.0000000Z;96.282;96.536;41;41
2026-06-08T10:47:50.0000000Z;96.282;96.534;41;450
2026-06-08T10:47:54.0000000Z;96.282;96.534;41;450
2026-06-08T10:47:55.0000000Z;96.288;96.536;41;41
2026-06-08T10:47:56.0000000Z;96.29;96.536;450;41
2026-06-08T10:47:58.0000000Z;96.29;96.536;450;41
2026-06-08T10:48:00.0000000Z;96.282;96.536;41;41
2026-06-08T10:48:01.0000000Z;96.282;96.536;41;41
2026-06-08T10:48:02.0000000Z;96.282;96.53;41;450
2026-06-08T10:48:03.0000000Z;96.284;96.53;450;450
2026-06-08T10:48:07.0000000Z;96.288;96.532;41;41
2026-06-08T10:48:08.0000000Z;96.29;96.532;450;41
2026-06-08T10:48:11.0000000Z;96.29;96.532;450;41
2026-06-08T10:48:12.0000000Z;96.282;96.532;41;41
2026-06-08T10:48:13.0000000Z;96.282;96.532;41;41
2026-06-08T10:48:14.0000000Z;96.282;96.53;41;450
2026-06-08T10:48:16.0000000Z;96.284;96.53;450;450
2026-06-08T10:48:19.0000000Z;96.288;96.532;41;41
2026-06-08T10:48:20.0000000Z;96.29;96.532;450;41
2026-06-08T10:48:22.0000000Z;96.29;96.532;450;41
2026-06-08T10:48:24.0000000Z;96.282;96.532;41;41
2026-06-08T10:48:25.0000000Z;96.282;96.532;41;41
2026-06-08T10:48:26.0000000Z;96.282;96.53;41;450
2026-06-08T10:48:27.0000000Z;96.284;96.53;450;450
2026-06-08T10:48:31.0000000Z;96.288;96.532;41;41
2026-06-08T10:48:32.0000000Z;96.29;96.532;450;41
2026-06-08T10:48:34.0000000Z;96.29;96.532;450;41
2026-06-08T10:48:36.0000000Z;96.282;96.532;41;41
2026-06-08T10:48:37.0000000Z;96.282;96.532;41;41
2026-06-08T10:48:38.0000000Z;96.282;96.53;41;450
2026-06-08T10:48:39.0000000Z;96.284;96.53;450;450
2026-06-08T10:48:42.0000000Z;96.288;96.532;41;41
2026-06-08T10:48:43.0000000Z;96.29;96.532;450;41
2026-06-08T10:48:47.0000000Z;96.282;96.532;41;41
2026-06-08T10:48:48.0000000Z;96.288;96.532;3000;41
2026-06-08T10:48:49.0000000Z;96.282;96.532;41;3000
2026-06-08T10:48:50.0000000Z;96.282;96.532;41;41
2026-06-08T10:48:51.0000000Z;96.282;96.53;41;450
2026-06-08T10:48:54.0000000Z;96.288;96.532;41;41
2026-06-08T10:48:55.0000000Z;96.29;96.532;450;41
2026-06-08T10:48:59.0000000Z;96.288;96.532;3000;41
2026-06-08T10:48:59.0000000Z;96.282;96.532;41;41
2026-06-08T10:49:01.0000000Z;96.282;96.532;41;41
2026-06-08T10:49:02.0000000Z;96.282;96.53;41;450
2026-06-08T10:49:06.0000000Z;96.288;96.532;41;41
2026-06-08T10:49:07.0000000Z;96.29;96.532;450;41
2026-06-08T10:49:11.0000000Z;96.282;96.532;41;41
2026-06-08T10:49:12.0000000Z;96.288;96.532;3000;41
2026-06-08T10:49:13.0000000Z;96.282;96.532;41;41
2026-06-08T10:49:14.0000000Z;96.282;96.53;41;450
2026-06-08T10:49:18.0000000Z;96.282;96.532;3000;41
2026-06-08T10:49:19.0000000Z;96.29;96.528;450;3000
2026-06-08T10:49:20.0000000Z;96.29;96.526;450;450
2026-06-08T10:49:23.0000000Z;96.282;96.528;41;41
2026-06-08T10:49:24.0000000Z;96.288;96.526;3000;450
2026-06-08T10:49:25.0000000Z;96.282;96.528;41;41
2026-06-08T10:49:26.0000000Z;96.286;96.526;41;450
2026-06-08T10:49:29.0000000Z;96.284;96.526;450;450
2026-06-08T10:49:30.0000000Z;96.288;96.528;41;41
2026-06-08T10:49:31.0000000Z;96.29;96.528;450;41
2026-06-08T10:49:35.0000000Z;96.282;96.528;41;41
2026-06-08T10:49:36.0000000Z;96.288;96.528;3000;41
2026-06-08T10:49:37.0000000Z;96.282;96.528;41;41
2026-06-08T10:49:38.0000000Z;96.284;96.526;450;450
2026-06-08T10:49:42.0000000Z;96.288;96.528;41;41
2026-06-08T10:49:43.0000000Z;96.29;96.528;450;41
2026-06-08T10:49:47.0000000Z;96.282;96.528;41;41
2026-06-08T10:49:48.0000000Z;96.288;96.528;3000;41
2026-06-08T10:49:49.0000000Z;96.282;96.528;41;41
2026-06-08T10:49:50.0000000Z;96.284;96.526;450;450
2026-06-08T10:49:54.0000000Z;96.288;96.528;41;41
2026-06-08T10:49:55.0000000Z;96.29;96.528;450;41
2026-06-08T10:49:59.0000000Z;96.288;96.528;3000;41
2026-06-08T10:49:59.0000000Z;96.282;96.528;41;41
2026-06-08T10:50:00.0000000Z;96.288;96.528;3000;41
2026-06-08T10:50:01.0000000Z;96.282;96.528;41;41
2026-06-08T10:50:02.0000000Z;96.284;96.526;450;450
2026-06-08T10:50:06.0000000Z;96.288;96.528;41;41
2026-06-08T10:50:07.0000000Z;96.288;96.528;3000;41
2026-06-08T10:50:08.0000000Z;96.29;96.528;450;41
2026-06-08T10:50:11.0000000Z;96.282;96.528;41;41
2026-06-08T10:50:12.0000000Z;96.288;96.528;3000;41
2026-06-08T10:50:13.0000000Z;96.282;96.528;41;41
2026-06-08T10:50:14.0000000Z;96.286;96.526;41;450
2026-06-08T10:50:19.0000000Z;96.288;96.528;41;41
2026-06-08T10:50:20.0000000Z;96.29;96.528;450;41
2026-06-08T10:50:24.0000000Z;96.282;96.528;41;41
2026-06-08T10:50:25.0000000Z;96.282;96.528;41;41
2026-06-08T10:50:26.0000000Z;96.286;96.526;41;450
2026-06-08T10:50:31.0000000Z;96.288;96.528;41;41
2026-06-08T10:50:32.0000000Z;96.29;96.528;450;41
2026-06-08T10:50:36.0000000Z;96.282;96.528;41;41
2026-06-08T10:50:37.0000000Z;96.282;96.528;41;41
2026-06-08T10:50:38.0000000Z;96.286;96.528;41;41
2026-06-08T10:50:39.0000000Z;96.286;96.526;41;450
2026-06-08T10:50:41.0000000Z;96.284;96.526;450;450
2026-06-08T10:50:42.0000000Z;96.288;96.528;41;41
2026-06-08T10:50:43.0000000Z;96.288;96.528;3000;41
2026-06-08T10:50:44.0000000Z;96.29;96.528;450;41
2026-06-08T10:50:47.0000000Z;96.282;96.528;41;41
2026-06-08T10:50:48.0000000Z;96.288;96.528;3000;41
2026-06-08T10:50:49.0000000Z;96.282;96.528;41;41
2026-06-08T10:50:50.0000000Z;96.284;96.528;450;3000
2026-06-08T10:50:51.0000000Z;96.282;96.526;41;450
2026-06-08T10:50:54.0000000Z;96.288;96.528;41;41
2026-06-08T10:50:55.0000000Z;96.29;96.528;450;41
2026-06-08T10:50:58.0000000Z;96.29;96.528;450;41
2026-06-08T10:50:59.0000000Z;96.288;96.528;3000;41
2026-06-08T10:50:59.0000000Z;96.282;96.528;41;41
2026-06-08T10:51:00.0000000Z;96.288;96.528;3000;41
2026-06-08T10:51:01.0000000Z;96.282;96.526;41;528
2026-06-08T10:51:02.0000000Z;96.284;96.524;450;450
2026-06-08T10:51:06.0000000Z;96.288;96.524;41;41
2026-06-08T10:51:07.0000000Z;96.29;96.524;450;3450
2026-06-08T10:51:11.0000000Z;96.282;96.524;41;41
2026-06-08T10:51:12.0000000Z;96.288;96.524;3000;3450
2026-06-08T10:51:13.0000000Z;96.282;96.526;41;528
2026-06-08T10:51:14.0000000Z;96.284;96.524;450;3450
2026-06-08T10:51:16.0000000Z;96.284;96.524;450;450
2026-06-08T10:51:18.0000000Z;96.288;96.524;41;41
2026-06-08T10:51:19.0000000Z;96.288;96.524;3000;3450
2026-06-08T10:51:20.0000000Z;96.29;96.524;450;41
2026-06-08T10:51:23.0000000Z;96.282;96.524;41;41
2026-06-08T10:51:25.0000000Z;96.282;96.532;41;41
2026-06-08T10:51:26.0000000Z;96.284;96.524;450;3000
2026-06-08T10:51:28.0000000Z;96.284;96.526;450;41
2026-06-08T10:51:30.0000000Z;96.288;96.532;41;41
2026-06-08T10:51:31.0000000Z;96.29;96.532;450;41
2026-06-08T10:51:32.0000000Z;96.29;96.53;450;450
2026-06-08T10:51:35.0000000Z;96.282;96.532;41;41
2026-06-08T10:51:36.0000000Z;96.288;96.532;3000;41
2026-06-08T10:51:37.0000000Z;96.282;96.532;41;41
2026-06-08T10:51:38.0000000Z;96.282;96.526;41;450
2026-06-08T10:51:40.0000000Z;96.284;96.526;450;450
2026-06-08T10:51:42.0000000Z;96.288;96.528;41;41
2026-06-08T10:51:43.0000000Z;96.29;96.528;450;41
2026-06-08T10:51:47.0000000Z;96.282;96.528;41;41
2026-06-08T10:51:48.0000000Z;96.282;96.526;41;450
2026-06-08T10:51:49.0000000Z;96.282;96.528;41;41
2026-06-08T10:51:50.0000000Z;96.284;96.526;450;450
2026-06-08T10:51:55.0000000Z;96.288;96.528;41;41
2026-06-08T10:51:56.0000000Z;96.29;96.528;450;41
2026-06-08T10:52:00.0000000Z;96.282;96.528;41;41
2026-06-08T10:52:01.0000000Z;96.282;96.528;41;41
2026-06-08T10:52:02.0000000Z;96.284;96.526;450;450
2026-06-08T10:52:06.0000000Z;96.288;96.528;41;41
2026-06-08T10:52:07.0000000Z;96.29;96.528;450;41
2026-06-08T10:52:11.0000000Z;96.282;96.528;41;41
2026-06-08T10:52:12.0000000Z;96.286;96.528;41;41
2026-06-08T10:52:13.0000000Z;96.282;96.528;41;41
2026-06-08T10:52:14.0000000Z;96.282;96.526;41;450
2026-06-08T10:52:16.0000000Z;96.284;96.526;450;450
2026-06-08T10:52:18.0000000Z;96.288;96.528;41;41
2026-06-08T10:52:19.0000000Z;96.29;96.528;450;41
2026-06-08T10:52:23.0000000Z;96.282;96.528;41;41
2026-06-08T10:52:24.0000000Z;96.288;96.528;3000;41
2026-06-08T10:52:25.0000000Z;96.282;96.528;41;41
2026-06-08T10:52:26.0000000Z;96.286;96.528;41;41
2026-06-08T10:52:27.0000000Z;96.286;96.526;41;450
2026-06-08T10:52:28.0000000Z;96.284;96.526;450;450
2026-06-08T10:52:30.0000000Z;96.288;96.528;41;41
2026-06-08T10:52:31.0000000Z;96.29;96.528;450;41
2026-06-08T10:52:35.0000000Z;96.282;96.528;41;41
2026-06-08T10:52:38.0000000Z;96.282;96.528;41;41
2026-06-08T10:52:39.0000000Z;96.282;96.526;41;450
2026-06-08T10:52:41.0000000Z;96.284;96.526;450;450
2026-06-08T10:52:43.0000000Z;96.288;96.528;41;41
2026-06-08T10:52:44.0000000Z;96.29;96.528;450;41
2026-06-08T10:52:47.0000000Z;96.29;96.528;450;41
2026-06-08T10:52:48.0000000Z;96.282;96.528;41;41
2026-06-08T10:52:49.0000000Z;96.282;96.528;41;41
2026-06-08T10:52:50.0000000Z;96.286;96.526;41;450
2026-06-08T10:52:53.0000000Z;96.284;96.526;450;450
2026-06-08T10:52:54.0000000Z;96.288;96.528;41;41
2026-06-08T10:52:55.0000000Z;96.29;96.528;450;41
2026-06-08T10:52:59.0000000Z;96.288;96.528;3000;41
2026-06-08T10:52:59.0000000Z;96.282;96.528;41;41
2026-06-08T10:53:00.0000000Z;96.288;96.528;3000;41
2026-06-08T10:53:01.0000000Z;96.282;96.528;41;41
2026-06-08T10:53:02.0000000Z;96.284;96.526;450;450
2026-06-08T10:53:07.0000000Z;96.288;96.528;41;41
2026-06-08T10:53:08.0000000Z;96.29;96.528;450;41
2026-06-08T10:53:12.0000000Z;96.282;96.528;41;41
2026-06-08T10:53:13.0000000Z;96.282;96.528;41;41
2026-06-08T10:53:14.0000000Z;96.286;96.526;41;450
2026-06-08T10:53:18.0000000Z;96.288;96.528;41;41
2026-06-08T10:53:19.0000000Z;96.29;96.528;450;41
2026-06-08T10:53:23.0000000Z;96.282;96.528;41;41
2026-06-08T10:53:25.0000000Z;96.282;96.528;41;41
2026-06-08T10:53:26.0000000Z;96.286;96.526;41;450
2026-06-08T10:53:30.0000000Z;96.288;96.528;41;41
2026-06-08T10:53:31.0000000Z;96.29;96.528;450;41
2026-06-08T10:53:35.0000000Z;96.282;96.528;41;41
2026-06-08T10:53:37.0000000Z;96.282;96.528;41;41
2026-06-08T10:53:38.0000000Z;96.284;96.526;450;450
2026-06-08T10:53:42.0000000Z;96.288;96.528;41;41
2026-06-08T10:53:43.0000000Z;96.29;96.528;450;41
2026-06-08T10:53:47.0000000Z;96.282;96.528;41;41
2026-06-08T10:53:48.0000000Z;96.288;96.528;3000;41
2026-06-08T10:53:49.0000000Z;96.282;96.528;41;41
2026-06-08T10:53:50.0000000Z;96.286;96.526;41;450
2026-06-08T10:53:53.0000000Z;96.284;96.526;450;450
2026-06-08T10:53:54.0000000Z;96.288;96.528;41;41
2026-06-08T10:53:55.0000000Z;96.29;96.528;450;41
2026-06-08T10:53:59.0000000Z;96.288;96.528;3000;41
2026-06-08T10:53:59.0000000Z;96.282;96.528;41;41
2026-06-08T10:54:00.0000000Z;96.288;96.528;3000;41
2026-06-08T10:54:01.0000000Z;96.282;96.528;41;41
2026-06-08T10:54:02.0000000Z;96.286;96.526;41;450
2026-06-08T10:54:06.0000000Z;96.288;96.528;41;41
2026-06-08T10:54:07.0000000Z;96.29;96.528;450;41
2026-06-08T10:54:11.0000000Z;96.282;96.528;41;41
2026-06-08T10:54:12.0000000Z;96.286;96.528;41;41
2026-06-08T10:54:13.0000000Z;96.282;96.528;41;41
2026-06-08T10:54:14.0000000Z;96.282;96.526;41;450
2026-06-08T10:54:18.0000000Z;96.284;96.526;450;450
2026-06-08T10:54:20.0000000Z;96.288;96.528;41;41
2026-06-08T10:54:21.0000000Z;96.29;96.528;450;41
2026-06-08T10:54:24.0000000Z;96.29;96.528;450;41
2026-06-08T10:54:25.0000000Z;96.282;96.528;41;41
2026-06-08T10:54:26.0000000Z;96.286;96.526;41;450
2026-06-08T10:54:31.0000000Z;96.288;96.528;41;41
2026-06-08T10:54:32.0000000Z;96.29;96.528;450;41
2026-06-08T10:54:36.0000000Z;96.282;96.528;41;41
2026-06-08T10:54:37.0000000Z;96.282;96.528;41;41
2026-06-08T10:54:38.0000000Z;96.286;96.526;41;450
2026-06-08T10:54:42.0000000Z;96.288;96.528;41;41
2026-06-08T10:54:43.0000000Z;96.29;96.528;450;41
2026-06-08T10:54:47.0000000Z;96.282;96.528;41;41
2026-06-08T10:54:48.0000000Z;96.288;96.528;3000;41
2026-06-08T10:54:49.0000000Z;96.282;96.528;41;41
2026-06-08T10:54:50.0000000Z;96.282;96.526;41;450
2026-06-08T10:54:54.0000000Z;96.288;96.528;41;41
2026-06-08T10:54:55.0000000Z;96.29;96.528;450;41
2026-06-08T10:54:59.0000000Z;96.288;96.528;3000;41
2026-06-08T10:54:59.0000000Z;96.282;96.528;41;41
2026-06-08T10:55:01.0000000Z;96.282;96.528;41;41
2026-06-08T10:55:02.0000000Z;96.282;96.526;41;450
2026-06-08T10:55:04.0000000Z;96.284;96.526;450;450
2026-06-08T10:55:06.0000000Z;96.288;96.528;41;41
2026-06-08T10:55:07.0000000Z;96.29;96.528;450;41
2026-06-08T10:55:11.0000000Z;96.282;96.528;41;41
2026-06-08T10:55:12.0000000Z;96.288;96.528;3000;41
2026-06-08T10:55:13.0000000Z;96.282;96.528;41;41
2026-06-08T10:55:14.0000000Z;96.282;96.526;41;450
2026-06-08T10:55:17.0000000Z;96.284;96.526;450;450
2026-06-08T10:55:18.0000000Z;96.288;96.528;41;41
2026-06-08T10:55:19.0000000Z;96.288;96.528;3000;41
2026-06-08T10:55:20.0000000Z;96.29;96.528;450;41
2026-06-08T10:55:22.0000000Z;96.288;96.528;41;41
2026-06-08T10:55:23.0000000Z;96.282;96.528;41;41
2026-06-08T10:55:25.0000000Z;96.282;96.528;41;41
2026-06-08T10:55:26.0000000Z;96.282;96.526;41;450
2026-06-08T10:55:27.0000000Z;96.284;96.526;450;450
2026-06-08T10:55:30.0000000Z;96.288;96.528;41;41
2026-06-08T10:55:31.0000000Z;96.29;96.528;450;41
2026-06-08T10:55:35.0000000Z;96.282;96.528;41;41
2026-06-08T10:55:36.0000000Z;96.288;96.528;3000;41
2026-06-08T10:55:37.0000000Z;96.282;96.528;41;41
2026-06-08T10:55:38.0000000Z;96.282;96.526;41;450
2026-06-08T10:55:39.0000000Z;96.284;96.526;450;450
2026-06-08T10:55:42.0000000Z;96.288;96.528;41;41
2026-06-08T10:55:43.0000000Z;96.29;96.528;450;41
2026-06-08T10:55:47.0000000Z;96.282;96.528;41;41
2026-06-08T10:55:48.0000000Z;96.288;96.528;3000;41
2026-06-08T10:55:49.0000000Z;96.282;96.528;41;41
2026-06-08T10:55:51.0000000Z;96.284;96.526;450;450
2026-06-08T10:55:54.0000000Z;96.288;96.528;41;41
2026-06-08T10:55:55.0000000Z;96.29;96.528;450;41
2026-06-08T10:55:59.0000000Z;96.288;96.528;3000;41
2026-06-08T10:55:59.0000000Z;96.282;96.528;41;41
2026-06-08T10:56:01.0000000Z;96.282;96.528;41;41
2026-06-08T10:56:02.0000000Z;96.282;96.526;41;450
2026-06-08T10:56:03.0000000Z;96.284;96.526;450;450
2026-06-08T10:56:06.0000000Z;96.288;96.528;41;41
2026-06-08T10:56:07.0000000Z;96.29;96.528;450;41
2026-06-08T10:56:11.0000000Z;96.282;96.528;41;41
2026-06-08T10:56:13.0000000Z;96.282;96.528;41;41
2026-06-08T10:56:14.0000000Z;96.282;96.526;41;450
2026-06-08T10:56:18.0000000Z;96.288;96.528;41;41
2026-06-08T10:56:19.0000000Z;96.29;96.528;450;41
2026-06-08T10:56:23.0000000Z;96.282;96.528;41;41
2026-06-08T10:56:24.0000000Z;96.288;96.528;3000;41
2026-06-08T10:56:25.0000000Z;96.282;96.528;41;41
2026-06-08T10:56:26.0000000Z;96.282;96.526;41;450
2026-06-08T10:56:27.0000000Z;96.284;96.526;450;450
2026-06-08T10:56:30.0000000Z;96.288;96.528;41;41
2026-06-08T10:56:31.0000000Z;96.29;96.528;450;41
2026-06-08T10:56:35.0000000Z;96.282;96.528;41;41
2026-06-08T10:56:36.0000000Z;96.288;96.528;3000;41
2026-06-08T10:56:37.0000000Z;96.282;96.528;41;41
2026-06-08T10:56:38.0000000Z;96.282;96.526;41;450
2026-06-08T10:56:42.0000000Z;96.288;96.528;41;41
2026-06-08T10:56:43.0000000Z;96.29;96.528;450;41
2026-06-08T10:56:47.0000000Z;96.282;96.528;41;41
2026-06-08T10:56:49.0000000Z;96.282;96.528;41;41
2026-06-08T10:56:50.0000000Z;96.282;96.526;41;450
2026-06-08T10:56:54.0000000Z;96.288;96.528;41;41
2026-06-08T10:56:55.0000000Z;96.29;96.528;450;41
2026-06-08T10:56:59.0000000Z;96.288;96.528;3000;41
2026-06-08T10:56:59.0000000Z;96.282;96.528;41;41
2026-06-08T10:57:00.0000000Z;96.288;96.528;3000;41
2026-06-08T10:57:01.0000000Z;96.282;96.528;41;41
2026-06-08T10:57:02.0000000Z;96.282;96.526;41;450
2026-06-08T10:57:06.0000000Z;96.288;96.528;41;41
2026-06-08T10:57:07.0000000Z;96.288;96.528;3000;41
2026-06-08T10:57:08.0000000Z;96.29;96.528;450;41
2026-06-08T10:57:11.0000000Z;96.282;96.528;41;41
2026-06-08T10:57:13.0000000Z;96.282;96.528;41;41
2026-06-08T10:57:14.0000000Z;96.282;96.526;41;450
2026-06-08T10:57:18.0000000Z;96.288;96.528;41;41
2026-06-08T10:57:19.0000000Z;96.288;96.528;3000;41
2026-06-08T10:57:20.0000000Z;96.29;96.528;450;41
2026-06-08T10:57:23.0000000Z;96.282;96.528;41;41
2026-06-08T10:57:25.0000000Z;96.282;96.528;41;41
2026-06-08T10:57:26.0000000Z;96.282;96.526;41;450
2026-06-08T10:57:30.0000000Z;96.288;96.528;41;41
2026-06-08T10:57:31.0000000Z;96.29;96.528;450;41
2026-06-08T10:57:35.0000000Z;96.282;96.528;41;41
2026-06-08T10:57:36.0000000Z;96.288;96.528;3000;41
2026-06-08T10:57:37.0000000Z;96.282;96.528;41;41
2026-06-08T10:57:38.0000000Z;96.282;96.526;41;450
2026-06-08T10:57:42.0000000Z;96.288;96.528;41;41
2026-06-08T10:57:43.0000000Z;96.29;96.528;450;41
2026-06-08T10:57:47.0000000Z;96.282;96.528;41;41
2026-06-08T10:57:48.0000000Z;96.288;96.528;3000;41
2026-06-08T10:57:49.0000000Z;96.282;96.528;41;41
2026-06-08T10:57:50.0000000Z;96.282;96.526;41;450
2026-06-08T10:57:54.0000000Z;96.288;96.528;41;41
2026-06-08T10:57:55.0000000Z;96.288;96.528;3000;41
2026-06-08T10:57:56.0000000Z;96.29;96.528;450;41
2026-06-08T10:57:59.0000000Z;96.288;96.528;3000;41
2026-06-08T10:57:59.0000000Z;96.282;96.528;41;41
2026-06-08T10:58:00.0000000Z;96.288;96.528;3000;41
2026-06-08T10:58:01.0000000Z;96.282;96.528;41;41
2026-06-08T10:58:02.0000000Z;96.282;96.526;41;450
2026-06-08T10:58:06.0000000Z;96.288;96.528;41;41
2026-06-08T10:58:07.0000000Z;96.288;96.528;3000;41
2026-06-08T10:58:08.0000000Z;96.29;96.528;450;41
2026-06-08T10:58:11.0000000Z;96.282;96.528;41;41
2026-06-08T10:58:12.0000000Z;96.288;96.528;3000;41
2026-06-08T10:58:13.0000000Z;96.282;96.528;41;41
2026-06-08T10:58:14.0000000Z;96.282;96.526;41;450
2026-06-08T10:58:17.0000000Z;96.284;96.526;450;450
2026-06-08T10:58:18.0000000Z;96.288;96.528;41;41
2026-06-08T10:58:19.0000000Z;96.29;96.528;450;41
2026-06-08T10:58:22.0000000Z;96.288;96.536;41;41
2026-06-08T10:58:23.0000000Z;96.282;96.536;41;41
2026-06-08T10:58:24.0000000Z;96.288;96.536;3000;41
2026-06-08T10:58:25.0000000Z;96.284;96.536;450;41
2026-06-08T10:58:26.0000000Z;96.282;96.536;41;41
2026-06-08T10:58:27.0000000Z;96.282;96.534;41;450
2026-06-08T10:58:31.0000000Z;96.288;96.536;41;41
2026-06-08T10:58:32.0000000Z;96.29;96.536;450;41
2026-06-08T10:58:36.0000000Z;96.282;96.536;41;41
2026-06-08T10:58:37.0000000Z;96.282;96.536;41;41
2026-06-08T10:58:38.0000000Z;96.282;96.532;41;41
2026-06-08T10:58:39.0000000Z;96.282;96.532;41;3000
2026-06-08T10:58:40.0000000Z;96.282;96.53;41;450
2026-06-08T10:58:42.0000000Z;96.288;96.532;41;41
2026-06-08T10:58:43.0000000Z;96.29;96.532;450;41
2026-06-08T10:58:44.0000000Z;96.29;96.53;450;450
2026-06-08T10:58:47.0000000Z;96.282;96.532;41;41
2026-06-08T10:58:49.0000000Z;96.282;96.532;41;41
2026-06-08T10:58:50.0000000Z;96.286;96.53;41;450
2026-06-08T10:58:52.0000000Z;96.284;96.53;450;450
2026-06-08T10:58:54.0000000Z;96.288;96.532;41;41
2026-06-08T10:58:55.0000000Z;96.29;96.532;450;41
2026-06-08T10:58:58.0000000Z;96.29;96.532;450;41
2026-06-08T10:58:59.0000000Z;96.288;96.532;3000;41
2026-06-08T10:58:59.0000000Z;96.282;96.532;41;41
2026-06-08T10:59:00.0000000Z;96.288;96.532;3000;41
2026-06-08T10:59:01.0000000Z;96.282;96.532;41;41
2026-06-08T10:59:02.0000000Z;96.286;96.53;41;450
2026-06-08T10:59:04.0000000Z;96.284;96.53;450;450
2026-06-08T10:59:06.0000000Z;96.288;96.532;41;41
2026-06-08T10:59:07.0000000Z;96.288;96.532;3000;41
2026-06-08T10:59:08.0000000Z;96.29;96.532;450;41
2026-06-08T10:59:11.0000000Z;96.282;96.532;41;41
2026-06-08T10:59:12.0000000Z;96.288;96.532;3000;41
2026-06-08T10:59:13.0000000Z;96.282;96.532;41;41
2026-06-08T10:59:14.0000000Z;96.284;96.53;450;450
2026-06-08T10:59:18.0000000Z;96.288;96.532;41;41
2026-06-08T10:59:19.0000000Z;96.288;96.532;3000;41
2026-06-08T10:59:20.0000000Z;96.29;96.532;450;41
2026-06-08T10:59:23.0000000Z;96.282;96.532;41;41
2026-06-08T10:59:24.0000000Z;96.288;96.532;3000;41
2026-06-08T10:59:25.0000000Z;96.282;96.532;41;41
2026-06-08T10:59:26.0000000Z;96.284;96.53;450;450
2026-06-08T10:59:31.0000000Z;96.288;96.532;41;41
2026-06-08T10:59:32.0000000Z;96.29;96.532;450;41
2026-06-08T10:59:35.0000000Z;96.28;96.532;41;41
2026-06-08T10:59:36.0000000Z;96.288;96.532;3000;41
2026-06-08T10:59:37.0000000Z;96.28;96.532;41;41
2026-06-08T10:59:38.0000000Z;96.28;96.532;41;41
2026-06-08T10:59:39.0000000Z;96.28;96.53;41;450
2026-06-08T10:59:40.0000000Z;96.28;96.532;41;41
2026-06-08T10:59:42.0000000Z;96.28;96.532;41;41
2026-06-08T10:59:44.0000000Z;96.282;96.532;450;41
2026-06-08T10:59:47.0000000Z;96.28;96.532;41;41
2026-06-08T10:59:49.0000000Z;96.28;96.532;41;41
2026-06-08T10:59:50.0000000Z;96.28;96.53;41;450
2026-06-08T10:59:54.0000000Z;96.28;96.532;41;41
2026-06-08T10:59:56.0000000Z;96.282;96.532;450;41
2026-06-08T10:59:58.0000000Z;96.28;96.568;41;41
2026-06-08T10:59:59.0000000Z;96.28;96.532;41;3000
2026-06-08T11:00:01.0000000Z;96.28;96.568;41;41
2026-06-08T11:00:02.0000000Z;96.28;96.534;41;41
2026-06-08T11:00:06.0000000Z;96.28;96.568;41;41
2026-06-08T11:00:07.0000000Z;96.282;96.568;450;41
2026-06-08T11:00:13.0000000Z;96.28;96.568;41;41
2026-06-08T11:00:14.0000000Z;96.28;96.566;41;450
2026-06-08T11:00:19.0000000Z;96.28;96.568;41;41
2026-06-08T11:00:20.0000000Z;96.282;96.568;450;41
2026-06-08T11:00:25.0000000Z;96.28;96.568;41;41
2026-06-08T11:00:26.0000000Z;96.28;96.566;41;450
2026-06-08T11:00:30.0000000Z;96.28;96.568;41;41
2026-06-08T11:00:31.0000000Z;96.282;96.568;450;41
2026-06-08T11:00:37.0000000Z;96.28;96.568;41;41
2026-06-08T11:00:38.0000000Z;96.28;96.566;41;450
2026-06-08T11:00:40.0000000Z;96.28;96.568;41;41
2026-06-08T11:00:42.0000000Z;96.282;96.568;41;41
2026-06-08T11:00:43.0000000Z;96.284;96.568;450;41
2026-06-08T11:00:45.0000000Z;96.282;96.568;41;41
2026-06-08T11:00:48.0000000Z;96.282;96.568;41;41
2026-06-08T11:00:49.0000000Z;96.282;96.568;41;41
2026-06-08T11:00:50.0000000Z;96.284;96.566;450;450
2026-06-08T11:00:53.0000000Z;96.282;96.564;41;41
2026-06-08T11:00:54.0000000Z;96.288;96.564;41;41
2026-06-08T11:00:55.0000000Z;96.29;96.564;450;41
2026-06-08T11:00:56.0000000Z;96.288;96.564;41;41
2026-06-08T11:00:58.0000000Z;96.288;96.544;41;41
2026-06-08T11:00:59.0000000Z;96.288;96.544;3000;41
2026-06-08T11:00:59.0000000Z;96.282;96.544;41;41
2026-06-08T11:01:00.0000000Z;96.288;96.544;3000;41
2026-06-08T11:01:01.0000000Z;96.282;96.544;41;41
2026-06-08T11:01:02.0000000Z;96.284;96.542;450;450
2026-06-08T11:01:03.0000000Z;96.282;96.544;41;41
2026-06-08T11:01:05.0000000Z;96.282;96.544;41;41
2026-06-08T11:01:06.0000000Z;96.282;96.544;41;41
2026-06-08T11:01:07.0000000Z;96.28;96.544;41;41
2026-06-08T11:01:08.0000000Z;96.282;96.544;450;41
2026-06-08T11:01:13.0000000Z;96.28;96.544;41;41
2026-06-08T11:01:14.0000000Z;96.28;96.542;41;450
2026-06-08T11:01:15.0000000Z;96.28;96.544;180;41
2026-06-08T11:01:16.0000000Z;96.282;96.544;450;41
2026-06-08T11:01:18.0000000Z;96.286;96.544;41;41
2026-06-08T11:01:19.0000000Z;96.286;96.544;3000;41
2026-06-08T11:01:20.0000000Z;96.288;96.544;450;41
2026-06-08T11:01:23.0000000Z;96.282;96.544;41;41
2026-06-08T11:01:24.0000000Z;96.286;96.544;3000;41
2026-06-08T11:01:25.0000000Z;96.282;96.544;41;41
2026-06-08T11:01:26.0000000Z;96.282;96.542;41;450
2026-06-08T11:01:27.0000000Z;96.284;96.542;450;450
2026-06-08T11:01:28.0000000Z;96.282;96.544;41;41
2026-06-08T11:01:30.0000000Z;96.282;96.544;3000;41
2026-06-08T11:01:31.0000000Z;96.29;96.544;450;41
2026-06-08T11:01:33.0000000Z;96.288;96.544;41;41
2026-06-08T11:01:35.0000000Z;96.288;96.544;3000;41
2026-06-08T11:01:36.0000000Z;96.288;96.544;3000;41
2026-06-08T11:01:37.0000000Z;96.282;96.544;41;41
2026-06-08T11:01:38.0000000Z;96.282;96.544;41;41
2026-06-08T11:01:39.0000000Z;96.282;96.542;41;450
2026-06-08T11:01:41.0000000Z;96.282;96.544;41;41
2026-06-08T11:01:42.0000000Z;96.288;96.544;41;41
2026-06-08T11:01:43.0000000Z;96.288;96.544;41;41
2026-06-08T11:01:46.0000000Z;96.288;96.544;41;41
2026-06-08T11:01:47.0000000Z;96.282;96.544;41;41
2026-06-08T11:01:48.0000000Z;96.282;96.544;41;41
2026-06-08T11:01:49.0000000Z;96.282;96.544;41;41
2026-06-08T11:01:50.0000000Z;96.282;96.542;41;450
2026-06-08T11:01:51.0000000Z;96.282;96.544;41;41
2026-06-08T11:01:53.0000000Z;96.282;96.544;41;41
2026-06-08T11:01:54.0000000Z;96.288;96.544;41;41
2026-06-08T11:01:55.0000000Z;96.29;96.544;450;41
2026-06-08T11:01:56.0000000Z;96.288;96.544;41;41
2026-06-08T11:01:58.0000000Z;96.288;96.544;41;41
2026-06-08T11:01:59.0000000Z;96.282;96.544;41;41
2026-06-08T11:02:00.0000000Z;96.284;96.544;450;41
2026-06-08T11:02:01.0000000Z;96.282;96.544;41;41
2026-06-08T11:02:02.0000000Z;96.282;96.542;41;450
2026-06-08T11:02:03.0000000Z;96.282;96.544;41;41
2026-06-08T11:02:06.0000000Z;96.288;96.544;41;41
2026-06-08T11:02:07.0000000Z;96.29;96.544;450;41
2026-06-08T11:02:08.0000000Z;96.288;96.544;41;41
2026-06-08T11:02:11.0000000Z;96.282;96.544;41;41
2026-06-08T11:02:13.0000000Z;96.282;96.544;41;41
2026-06-08T11:02:14.0000000Z;96.284;96.542;450;450
2026-06-08T11:02:16.0000000Z;96.282;96.544;41;41
2026-06-08T11:02:18.0000000Z;96.288;96.544;41;41
2026-06-08T11:02:19.0000000Z;96.288;96.544;3000;41
2026-06-08T11:02:20.0000000Z;96.29;96.544;450;41
2026-06-08T11:02:21.0000000Z;96.288;96.544;41;41
2026-06-08T11:02:23.0000000Z;96.288;96.544;41;41
2026-06-08T11:02:24.0000000Z;96.288;96.544;3000;41
2026-06-08T11:02:25.0000000Z;96.282;96.544;41;41
2026-06-08T11:02:26.0000000Z;96.286;96.542;41;450
2026-06-08T11:02:28.0000000Z;96.282;96.544;41;41
2026-06-08T11:02:30.0000000Z;96.286;96.544;41;41
2026-06-08T11:02:31.0000000Z;96.29;96.544;450;41
2026-06-08T11:02:33.0000000Z;96.288;96.544;41;41
2026-06-08T11:02:35.0000000Z;96.288;96.544;3000;41
2026-06-08T11:02:36.0000000Z;96.288;96.544;3000;41
2026-06-08T11:02:37.0000000Z;96.282;96.544;41;41
2026-06-08T11:02:38.0000000Z;96.282;96.544;41;41
2026-06-08T11:02:40.0000000Z;96.284;96.544;450;41
2026-06-08T11:02:41.0000000Z;96.282;96.544;41;41
2026-06-08T11:02:42.0000000Z;96.288;96.544;41;41
2026-06-08T11:02:43.0000000Z;96.29;96.544;450;41
2026-06-08T11:02:46.0000000Z;96.29;96.544;450;41
2026-06-08T11:02:47.0000000Z;96.282;96.544;41;41
2026-06-08T11:02:48.0000000Z;96.288;96.544;3000;41
2026-06-08T11:02:49.0000000Z;96.282;96.544;41;41
2026-06-08T11:02:50.0000000Z;96.286;96.542;41;450
2026-06-08T11:02:51.0000000Z;96.284;96.544;450;41
2026-06-08T11:02:53.0000000Z;96.282;96.544;41;41
2026-06-08T11:02:54.0000000Z;96.288;96.544;41;41
2026-06-08T11:02:55.0000000Z;96.288;96.544;3000;41
2026-06-08T11:02:56.0000000Z;96.288;96.544;41;41
2026-06-08T11:02:58.0000000Z;96.288;96.544;41;41
2026-06-08T11:02:59.0000000Z;96.288;96.544;3000;41
2026-06-08T11:02:59.0000000Z;96.282;96.544;41;41
2026-06-08T11:03:00.0000000Z;96.288;96.544;3000;41
2026-06-08T11:03:01.0000000Z;96.282;96.544;41;41
2026-06-08T11:03:02.0000000Z;96.286;96.542;41;450
2026-06-08T11:03:03.0000000Z;96.282;96.544;41;41
2026-06-08T11:03:06.0000000Z;96.288;96.544;41;41
2026-06-08T11:03:07.0000000Z;96.29;96.544;450;41
2026-06-08T11:03:08.0000000Z;96.288;96.544;41;41
2026-06-08T11:03:11.0000000Z;96.282;96.544;41;41
2026-06-08T11:03:13.0000000Z;96.282;96.544;41;41
2026-06-08T11:03:14.0000000Z;96.284;96.542;450;450
2026-06-08T11:03:16.0000000Z;96.282;96.544;41;41
2026-06-08T11:03:18.0000000Z;96.288;96.544;41;41
2026-06-08T11:03:19.0000000Z;96.29;96.544;450;41
2026-06-08T11:03:21.0000000Z;96.288;96.544;41;41
2026-06-08T11:03:23.0000000Z;96.282;96.544;41;41
2026-06-08T11:03:25.0000000Z;96.282;96.544;41;41
2026-06-08T11:03:26.0000000Z;96.282;96.542;41;450
2026-06-08T11:03:27.0000000Z;96.284;96.542;450;450
2026-06-08T11:03:29.0000000Z;96.284;96.542;450;450
2026-06-08T11:03:30.0000000Z;96.288;96.544;41;41
2026-06-08T11:03:31.0000000Z;96.29;96.544;450;41
2026-06-08T11:03:35.0000000Z;96.282;96.544;41;41
2026-06-08T11:03:37.0000000Z;96.282;96.544;41;41
2026-06-08T11:03:38.0000000Z;96.282;96.542;41;450
2026-06-08T11:03:39.0000000Z;96.284;96.542;450;450
2026-06-08T11:03:42.0000000Z;96.288;96.544;41;41
2026-06-08T11:03:43.0000000Z;96.29;96.544;450;41
2026-06-08T11:03:47.0000000Z;96.282;96.544;41;41
2026-06-08T11:03:48.0000000Z;96.288;96.544;3000;41
2026-06-08T11:03:49.0000000Z;96.282;96.544;41;41
2026-06-08T11:03:50.0000000Z;96.282;96.542;41;450
2026-06-08T11:03:54.0000000Z;96.288;96.544;41;41
2026-06-08T11:03:55.0000000Z;96.288;96.544;3000;41
2026-06-08T11:03:56.0000000Z;96.29;96.544;450;41
2026-06-08T11:03:59.0000000Z;96.288;96.544;3000;41
2026-06-08T11:03:59.0000000Z;96.282;96.544;41;41
2026-06-08T11:04:01.0000000Z;96.282;96.544;41;41
2026-06-08T11:04:02.0000000Z;96.282;96.542;41;450
2026-06-08T11:04:03.0000000Z;96.284;96.542;450;450
2026-06-08T11:04:06.0000000Z;96.288;96.544;41;41
2026-06-08T11:04:07.0000000Z;96.288;96.544;3000;41
2026-06-08T11:04:08.0000000Z;96.29;96.544;450;41
2026-06-08T11:04:10.0000000Z;96.288;96.544;41;3000
2026-06-08T11:04:11.0000000Z;96.282;96.628;41;41
2026-06-08T11:04:12.0000000Z;96.288;96.628;3000;41
2026-06-08T11:04:13.0000000Z;96.282;96.628;41;41
2026-06-08T11:04:14.0000000Z;96.282;96.626;41;450
2026-06-08T11:04:16.0000000Z;96.282;96.628;41;41
2026-06-08T11:04:17.0000000Z;96.282;96.628;41;41
2026-06-08T11:04:18.0000000Z;96.282;96.628;41;41
2026-06-08T11:04:19.0000000Z;96.284;96.628;450;41
2026-06-08T11:04:20.0000000Z;96.282;96.528;41;41
2026-06-08T11:04:21.0000000Z;96.282;96.526;41;450
2026-06-08T11:04:25.0000000Z;96.282;96.528;41;41
2026-06-08T11:04:26.0000000Z;96.282;96.526;41;450
2026-06-08T11:04:28.0000000Z;96.282;96.524;41;41
2026-06-08T11:04:29.0000000Z;96.282;96.522;41;450
2026-06-08T11:04:30.0000000Z;96.288;96.524;41;41
2026-06-08T11:04:31.0000000Z;96.29;96.524;450;41
2026-06-08T11:04:34.0000000Z;96.29;96.522;450;450
2026-06-08T11:04:35.0000000Z;96.282;96.524;41;41
2026-06-08T11:04:36.0000000Z;96.288;96.524;3000;41
2026-06-08T11:04:37.0000000Z;96.282;96.524;41;41
2026-06-08T11:04:38.0000000Z;96.282;96.522;41;450
2026-06-08T11:04:42.0000000Z;96.288;96.524;41;41
2026-06-08T11:04:43.0000000Z;96.29;96.524;450;41
2026-06-08T11:04:47.0000000Z;96.282;96.524;41;41
2026-06-08T11:04:48.0000000Z;96.288;96.524;3000;41
2026-06-08T11:04:49.0000000Z;96.282;96.524;41;41
2026-06-08T11:04:50.0000000Z;96.282;96.522;41;450
2026-06-08T11:04:52.0000000Z;96.284;96.522;450;450
2026-06-08T11:04:54.0000000Z;96.288;96.524;41;41
2026-06-08T11:04:55.0000000Z;96.29;96.524;450;41
2026-06-08T11:04:59.0000000Z;96.288;96.524;3000;41
2026-06-08T11:04:59.0000000Z;96.282;96.524;41;41
2026-06-08T11:05:00.0000000Z;96.288;96.524;3000;41
2026-06-08T11:05:01.0000000Z;96.282;96.524;41;41
2026-06-08T11:05:02.0000000Z;96.282;96.524;41;41
2026-06-08T11:05:03.0000000Z;96.282;96.524;41;41
2026-06-08T11:05:04.0000000Z;96.282;96.524;41;41
2026-06-08T11:05:05.0000000Z;96.282;96.524;41;41
2026-06-08T11:05:06.0000000Z;96.288;96.524;41;41
2026-06-08T11:05:07.0000000Z;96.288;96.524;41;41
2026-06-08T11:05:08.0000000Z;96.288;96.524;41;41
2026-06-08T11:05:09.0000000Z;96.288;96.524;41;41
2026-06-08T11:05:10.0000000Z;96.288;96.532;41;41
2026-06-08T11:05:11.0000000Z;96.282;96.532;41;41
2026-06-08T11:05:12.0000000Z;96.282;96.532;41;41
2026-06-08T11:05:13.0000000Z;96.282;96.532;41;41
2026-06-08T11:05:15.0000000Z;96.282;96.53;41;450
2026-06-08T11:05:17.0000000Z;96.282;96.532;41;41
2026-06-08T11:05:18.0000000Z;96.288;96.528;41;41
2026-06-08T11:05:19.0000000Z;96.288;96.528;41;41
2026-06-08T11:05:20.0000000Z;96.288;96.528;41;41
2026-06-08T11:05:22.0000000Z;96.29;96.526;450;450
2026-06-08T11:05:23.0000000Z;96.288;96.528;41;41
2026-06-08T11:05:24.0000000Z;96.282;96.528;41;41
2026-06-08T11:05:25.0000000Z;96.282;96.528;41;41
2026-06-08T11:05:26.0000000Z;96.282;96.528;41;41
2026-06-08T11:05:27.0000000Z;96.286;96.528;41;41
2026-06-08T11:05:28.0000000Z;96.282;96.524;41;41
2026-06-08T11:05:29.0000000Z;96.282;96.524;41;41
2026-06-08T11:05:30.0000000Z;96.288;96.524;41;41
2026-06-08T11:05:31.0000000Z;96.29;96.524;450;41
2026-06-08T11:05:35.0000000Z;96.282;96.524;41;41
2026-06-08T11:05:36.0000000Z;96.288;96.524;3000;41
2026-06-08T11:05:37.0000000Z;96.282;96.524;41;41
2026-06-08T11:05:38.0000000Z;96.282;96.522;41;450
2026-06-08T11:05:43.0000000Z;96.288;96.524;41;41
2026-06-08T11:05:44.0000000Z;96.29;96.524;450;41
2026-06-08T11:05:48.0000000Z;96.282;96.524;41;41
2026-06-08T11:05:49.0000000Z;96.282;96.524;41;41
2026-06-08T11:05:50.0000000Z;96.282;96.522;41;450
2026-06-08T11:05:51.0000000Z;96.282;96.52;41;41
2026-06-08T11:05:52.0000000Z;96.282;96.518;41;450
2026-06-08T11:05:53.0000000Z;96.284;96.518;450;450
2026-06-08T11:05:54.0000000Z;96.288;96.52;41;41
2026-06-08T11:05:55.0000000Z;96.288;96.52;41;41
2026-06-08T11:05:56.0000000Z;96.29;96.52;450;41
2026-06-08T11:05:58.0000000Z;96.29;96.52;450;3000
2026-06-08T11:05:59.0000000Z;96.288;96.532;3000;41
2026-06-08T11:05:59.0000000Z;96.282;96.532;41;41
2026-06-08T11:06:00.0000000Z;96.282;96.532;41;41
2026-06-08T11:06:01.0000000Z;96.282;96.532;41;41
2026-06-08T11:06:02.0000000Z;96.282;96.532;41;41
2026-06-08T11:06:03.0000000Z;96.282;96.532;41;41
2026-06-08T11:06:04.0000000Z;96.282;96.528;41;41
2026-06-08T11:06:05.0000000Z;96.282;96.528;41;41
2026-06-08T11:06:06.0000000Z;96.288;96.528;41;41
2026-06-08T11:06:07.0000000Z;96.288;96.528;41;41
2026-06-08T11:06:08.0000000Z;96.288;96.528;41;41
2026-06-08T11:06:09.0000000Z;96.288;96.528;41;41
2026-06-08T11:06:11.0000000Z;96.282;96.528;41;41
2026-06-08T11:06:12.0000000Z;96.288;96.528;3000;41
2026-06-08T11:06:13.0000000Z;96.282;96.528;41;41
2026-06-08T11:06:14.0000000Z;96.282;96.526;41;450
2026-06-08T11:06:15.0000000Z;96.286;96.526;41;450
2026-06-08T11:06:16.0000000Z;96.282;96.524;41;41
2026-06-08T11:06:17.0000000Z;96.282;96.522;41;450
2026-06-08T11:06:18.0000000Z;96.288;96.524;41;41
2026-06-08T11:06:19.0000000Z;96.288;96.522;3000;450
2026-06-08T11:06:20.0000000Z;96.29;96.522;450;450
2026-06-08T11:06:21.0000000Z;96.288;96.52;41;41
2026-06-08T11:06:22.0000000Z;96.288;96.52;41;41
2026-06-08T11:06:23.0000000Z;96.282;96.52;41;41
2026-06-08T11:06:24.0000000Z;96.282;96.52;41;41
2026-06-08T11:06:25.0000000Z;96.282;96.52;41;41
2026-06-08T11:06:26.0000000Z;96.282;96.52;41;41
2026-06-08T11:06:27.0000000Z;96.282;96.52;41;41
2026-06-08T11:06:28.0000000Z;96.282;96.52;41;41
2026-06-08T11:06:29.0000000Z;96.282;96.52;41;41
2026-06-08T11:06:30.0000000Z;96.282;96.52;41;41
2026-06-08T11:06:31.0000000Z;96.282;96.52;41;41
2026-06-08T11:06:32.0000000Z;96.282;96.52;41;41
2026-06-08T11:06:33.0000000Z;96.282;96.52;41;41
2026-06-08T11:06:34.0000000Z;96.282;96.52;41;41
2026-06-08T11:06:37.0000000Z;96.282;96.52;41;41
2026-06-08T11:06:39.0000000Z;96.282;96.518;41;450
2026-06-08T11:06:42.0000000Z;96.288;96.52;41;41
2026-06-08T11:06:43.0000000Z;96.29;96.52;450;41
2026-06-08T11:06:47.0000000Z;96.282;96.52;41;41
2026-06-08T11:06:48.0000000Z;96.288;96.52;3000;41
2026-06-08T11:06:49.0000000Z;96.282;96.52;41;41
2026-06-08T11:06:50.0000000Z;96.282;96.518;41;450
2026-06-08T11:06:55.0000000Z;96.288;96.52;41;41
2026-06-08T11:06:56.0000000Z;96.29;96.52;450;41
2026-06-08T11:06:58.0000000Z;96.29;96.52;450;41
2026-06-08T11:07:00.0000000Z;96.282;96.52;41;41
2026-06-08T11:07:01.0000000Z;96.288;96.52;3000;41
2026-06-08T11:07:02.0000000Z;96.288;96.518;3000;450
2026-06-08T11:07:03.0000000Z;96.286;96.518;41;450
2026-06-08T11:07:04.0000000Z;96.284;96.518;450;450
2026-06-08T11:07:06.0000000Z;96.288;96.52;41;41
2026-06-08T11:07:07.0000000Z;96.288;96.52;3000;41
2026-06-08T11:07:08.0000000Z;96.29;96.52;450;41
2026-06-08T11:07:10.0000000Z;96.29;96.518;450;450
2026-06-08T11:07:11.0000000Z;96.282;96.52;41;41
2026-06-08T11:07:13.0000000Z;96.282;96.52;41;41
2026-06-08T11:07:14.0000000Z;96.282;96.518;41;450
2026-06-08T11:07:18.0000000Z;96.282;96.52;41;41
2026-06-08T11:07:19.0000000Z;96.284;96.52;450;41
2026-06-08T11:07:25.0000000Z;96.282;96.52;41;41
2026-06-08T11:07:26.0000000Z;96.282;96.518;41;450
2026-06-08T11:07:30.0000000Z;96.288;96.52;41;41
2026-06-08T11:07:31.0000000Z;96.288;96.52;3000;41
2026-06-08T11:07:32.0000000Z;96.29;96.52;450;41
2026-06-08T11:07:35.0000000Z;96.282;96.52;41;41
2026-06-08T11:07:37.0000000Z;96.284;96.52;450;41
2026-06-08T11:07:38.0000000Z;96.282;96.52;41;41
2026-06-08T11:07:39.0000000Z;96.282;96.518;41;450
2026-06-08T11:07:42.0000000Z;96.288;96.52;41;41
2026-06-08T11:07:44.0000000Z;96.29;96.52;450;41
2026-06-08T11:07:46.0000000Z;96.29;96.52;450;41
2026-06-08T11:07:47.0000000Z;96.282;96.52;41;41
2026-06-08T11:07:48.0000000Z;96.288;96.52;3000;41
2026-06-08T11:07:49.0000000Z;96.282;96.52;41;41
2026-06-08T11:07:50.0000000Z;96.282;96.518;41;450
2026-06-08T11:07:53.0000000Z;96.284;96.518;450;450
2026-06-08T11:07:54.0000000Z;96.288;96.52;41;41
2026-06-08T11:07:55.0000000Z;96.29;96.52;450;41
2026-06-08T11:07:59.0000000Z;96.288;96.52;3000;41
2026-06-08T11:07:59.0000000Z;96.282;96.52;41;41
2026-06-08T11:08:00.0000000Z;96.288;96.52;3000;41
2026-06-08T11:08:01.0000000Z;96.282;96.52;41;41
2026-06-08T11:08:02.0000000Z;96.282;96.518;41;450
2026-06-08T11:08:06.0000000Z;96.288;96.52;41;41
2026-06-08T11:08:07.0000000Z;96.29;96.52;450;41
2026-06-08T11:08:11.0000000Z;96.282;96.52;41;41
2026-06-08T11:08:13.0000000Z;96.282;96.52;41;41
2026-06-08T11:08:14.0000000Z;96.282;96.518;41;450
2026-06-08T11:08:18.0000000Z;96.288;96.52;41;41
2026-06-08T11:08:19.0000000Z;96.288;96.52;3000;41
2026-06-08T11:08:20.0000000Z;96.29;96.52;450;41
2026-06-08T11:08:23.0000000Z;96.282;96.52;41;41
2026-06-08T11:08:24.0000000Z;96.288;96.52;3000;41
2026-06-08T11:08:25.0000000Z;96.282;96.52;41;41
2026-06-08T11:08:27.0000000Z;96.282;96.518;41;450
2026-06-08T11:08:30.0000000Z;96.288;96.52;41;41
2026-06-08T11:08:31.0000000Z;96.29;96.52;450;41
2026-06-08T11:08:35.0000000Z;96.282;96.52;41;41
2026-06-08T11:08:37.0000000Z;96.282;96.52;41;41
2026-06-08T11:08:38.0000000Z;96.282;96.518;41;450
2026-06-08T11:08:42.0000000Z;96.288;96.52;41;41
2026-06-08T11:08:43.0000000Z;96.29;96.52;450;41
2026-06-08T11:08:47.0000000Z;96.282;96.52;41;41
2026-06-08T11:08:48.0000000Z;96.288;96.52;3000;41
2026-06-08T11:08:49.0000000Z;96.282;96.52;41;41
2026-06-08T11:08:50.0000000Z;96.282;96.518;41;450
2026-06-08T11:08:53.0000000Z;96.284;96.518;450;450
2026-06-08T11:08:54.0000000Z;96.288;96.52;41;41
2026-06-08T11:08:55.0000000Z;96.288;96.52;3000;41
2026-06-08T11:08:56.0000000Z;96.29;96.52;450;41
2026-06-08T11:08:59.0000000Z;96.288;96.52;3000;41
2026-06-08T11:08:59.0000000Z;96.282;96.52;41;41
2026-06-08T11:09:00.0000000Z;96.288;96.52;3000;41
2026-06-08T11:09:01.0000000Z;96.282;96.52;41;41
2026-06-08T11:09:02.0000000Z;96.286;96.518;41;450
2026-06-08T11:09:03.0000000Z;96.284;96.518;450;450
2026-06-08T11:09:07.0000000Z;96.288;96.52;41;41
2026-06-08T11:09:08.0000000Z;96.29;96.52;450;41
2026-06-08T11:09:09.0000000Z;96.29;96.52;450;41
2026-06-08T11:09:12.0000000Z;96.282;96.52;41;41
2026-06-08T11:09:13.0000000Z;96.282;96.52;41;41
2026-06-08T11:09:14.0000000Z;96.286;96.518;41;450
2026-06-08T11:09:15.0000000Z;96.284;96.518;450;450
2026-06-08T11:09:19.0000000Z;96.288;96.52;41;41
2026-06-08T11:09:20.0000000Z;96.29;96.52;450;41
2026-06-08T11:09:23.0000000Z;96.29;96.52;450;41
2026-06-08T11:09:24.0000000Z;96.282;96.52;41;41
2026-06-08T11:09:25.0000000Z;96.282;96.52;41;41
2026-06-08T11:09:26.0000000Z;96.286;96.518;41;450
2026-06-08T11:09:27.0000000Z;96.284;96.518;450;450
2026-06-08T11:09:30.0000000Z;96.288;96.52;41;41
2026-06-08T11:09:31.0000000Z;96.29;96.52;450;41
2026-06-08T11:09:34.0000000Z;96.29;96.52;450;41
2026-06-08T11:09:35.0000000Z;96.282;96.52;41;41
2026-06-08T11:09:37.0000000Z;96.282;96.52;41;41
2026-06-08T11:09:38.0000000Z;96.286;96.52;41;3000
2026-06-08T11:09:39.0000000Z;96.284;96.518;450;450
2026-06-08T11:09:42.0000000Z;96.288;96.52;41;41
2026-06-08T11:09:43.0000000Z;96.29;96.52;450;41
2026-06-08T11:09:47.0000000Z;96.282;96.52;41;41
2026-06-08T11:09:48.0000000Z;96.288;96.52;3000;41
2026-06-08T11:09:50.0000000Z;96.282;96.52;41;41
2026-06-08T11:09:51.0000000Z;96.284;96.518;450;450
2026-06-08T11:09:54.0000000Z;96.288;96.52;41;41
2026-06-08T11:09:55.0000000Z;96.29;96.52;450;41
2026-06-08T11:09:59.0000000Z;96.288;96.52;3000;3000
2026-06-08T11:09:59.0000000Z;96.282;96.53;41;41
2026-06-08T11:10:00.0000000Z;96.288;96.52;3000;3000
2026-06-08T11:10:01.0000000Z;96.282;96.53;41;41
2026-06-08T11:10:02.0000000Z;96.286;96.522;41;41
2026-06-08T11:10:06.0000000Z;96.288;96.53;41;41
2026-06-08T11:10:07.0000000Z;96.29;96.53;450;41
2026-06-08T11:10:10.0000000Z;96.29;96.522;450;41
2026-06-08T11:10:11.0000000Z;96.282;96.53;41;41
2026-06-08T11:10:12.0000000Z;96.288;96.53;3000;41
2026-06-08T11:10:14.0000000Z;96.282;96.53;41;41
2026-06-08T11:10:15.0000000Z;96.282;96.528;41;450
2026-06-08T11:10:18.0000000Z;96.288;96.53;41;41
2026-06-08T11:10:19.0000000Z;96.29;96.526;450;41
2026-06-08T11:10:20.0000000Z;96.288;96.52;41;450
2026-06-08T11:10:21.0000000Z;96.288;96.52;41;450
2026-06-08T11:10:23.0000000Z;96.282;96.522;41;41
2026-06-08T11:10:24.0000000Z;96.288;96.522;3000;41
2026-06-08T11:10:25.0000000Z;96.282;96.522;41;41
2026-06-08T11:10:26.0000000Z;96.286;96.52;41;450
2026-06-08T11:10:29.0000000Z;96.284;96.52;450;450
2026-06-08T11:10:30.0000000Z;96.288;96.522;41;41
2026-06-08T11:10:31.0000000Z;96.29;96.522;450;41
2026-06-08T11:10:35.0000000Z;96.282;96.522;41;41
2026-06-08T11:10:36.0000000Z;96.288;96.522;3000;41
2026-06-08T11:10:37.0000000Z;96.282;96.522;41;41
2026-06-08T11:10:38.0000000Z;96.282;96.532;41;41
2026-06-08T11:10:39.0000000Z;96.282;96.522;41;3000
2026-06-08T11:10:40.0000000Z;96.282;96.524;41;41
2026-06-08T11:10:42.0000000Z;96.282;96.532;41;41
2026-06-08T11:10:43.0000000Z;96.286;96.532;41;41
2026-06-08T11:10:45.0000000Z;96.28;96.63;139;1700
2026-06-08T11:10:46.0000000Z;96.28;96.63;139;1700
2026-06-08T11:10:47.0000000Z;96.28;96.63;139;1700
2026-06-08T11:10:48.0000000Z;96.28;96.63;139;1700
2026-06-08T11:10:50.0000000Z;96.28;96.63;139;1700
2026-06-08T11:10:54.0000000Z;96.278;96.63;93;1700
2026-06-08T11:10:55.0000000Z;96.278;96.63;93;1700
2026-06-08T11:10:59.0000000Z;96.278;96.646;93;52
2026-06-08T11:11:01.0000000Z;96.278;96.626;93;1700
2026-06-08T11:11:06.0000000Z;96.278;96.626;93;1700
2026-06-08T11:11:24.0000000Z;96.278;96.646;93;52
2026-06-08T11:11:26.0000000Z;96.278;96.646;93;52
2026-06-08T11:11:27.0000000Z;96.278;96.646;93;52
2026-06-08T11:11:28.0000000Z;96.144;96.786;93;1700
2026-06-08T11:11:30.0000000Z;96.144;96.786;93;1700
2026-06-08T11:11:31.0000000Z;96.144;96.786;93;1700
2026-06-08T11:11:47.0000000Z;96.144;96.786;93;1700
2026-06-08T11:11:50.0000000Z;96.108;96.786;1700;1700
2026-06-08T11:11:51.0000000Z;96.108;96.786;1700;1700
2026-06-08T11:11:52.0000000Z;96.108;96.786;1700;1700
2026-06-08T11:12:08.0000000Z;96.108;96.786;1700;1700
2026-06-08T11:12:16.0000000Z;96.108;96.786;1700;1700
2026-06-08T11:12:17.0000000Z;96.108;96.786;1700;1700
2026-06-08T11:12:23.0000000Z;96.108;96.786;1700;1700
2026-06-08T11:12:24.0000000Z;96.108;96.786;1700;1700
2026-06-08T11:12:25.0000000Z;96.108;96.786;1700;1700
2026-06-08T11:12:26.0000000Z;96.108;96.786;1700;1700
2026-06-08T11:12:27.0000000Z;96.108;96.786;1700;1700
2026-06-08T11:12:50.0000000Z;96.116;96.732;450;450
2026-06-08T11:12:51.0000000Z;96.116;96.732;450;450
2026-06-08T11:12:52.0000000Z;96.114;96.734;41;41
2026-06-08T11:12:54.0000000Z;96.11;96.78;41;41
2026-06-08T11:12:55.0000000Z;96.112;96.736;491;41
2026-06-08T11:12:57.0000000Z;96.112;96.778;450;450
2026-06-08T11:13:01.0000000Z;96.11;96.78;41;41
2026-06-08T11:13:02.0000000Z;96.112;96.778;450;450
2026-06-08T11:13:09.0000000Z;96.11;96.78;41;41
2026-06-08T11:13:12.0000000Z;96.11;96.78;41;41
2026-06-08T11:13:13.0000000Z;96.112;96.776;475;41
2026-06-08T11:13:14.0000000Z;96.11;96.78;41;41
2026-06-08T11:13:16.0000000Z;96.112;96.778;450;450
2026-06-08T11:13:22.0000000Z;96.11;96.654;41;528
2026-06-08T11:13:23.0000000Z;96.11;96.584;41;41
2026-06-08T11:13:25.0000000Z;96.11;96.584;41;41
2026-06-08T11:13:26.0000000Z;96.108;96.582;41;450
2026-06-08T11:13:27.0000000Z;96.112;96.584;450;41
2026-06-08T11:13:28.0000000Z;96.112;96.582;450;450
2026-06-08T11:13:30.0000000Z;96.112;96.586;450;41
2026-06-08T11:13:31.0000000Z;96.112;96.582;450;450
2026-06-08T11:13:35.0000000Z;96.112;96.586;450;41
2026-06-08T11:13:36.0000000Z;96.112;96.582;450;450
2026-06-08T11:13:37.0000000Z;96.11;96.584;41;41
2026-06-08T11:13:39.0000000Z;96.112;96.584;450;41
2026-06-08T11:13:49.0000000Z;96.116;96.58;41;41
2026-06-08T11:13:50.0000000Z;96.118;96.58;450;41
2026-06-08T11:13:51.0000000Z;96.118;96.578;450;450
2026-06-08T11:13:54.0000000Z;96.116;96.58;41;41
2026-06-08T11:13:56.0000000Z;96.118;96.578;450;450
2026-06-08T11:13:57.0000000Z;96.116;96.572;41;41
2026-06-08T11:14:01.0000000Z;96.122;96.572;41;41
2026-06-08T11:14:02.0000000Z;96.12;96.574;41;41
2026-06-08T11:14:03.0000000Z;96.124;96.574;450;41
2026-06-08T11:14:06.0000000Z;96.122;96.572;41;41
2026-06-08T11:14:13.0000000Z;96.128;96.572;41;41
2026-06-08T11:14:14.0000000Z;96.13;96.572;450;41
2026-06-08T11:14:18.0000000Z;96.128;96.572;41;41
2026-06-08T11:14:24.0000000Z;96.13;96.572;450;41
2026-06-08T11:14:25.0000000Z;96.128;96.572;41;41
2026-06-08T11:14:26.0000000Z;96.13;96.572;450;41
2026-06-08T11:14:31.0000000Z;96.128;96.582;41;41
2026-06-08T11:14:33.0000000Z;96.128;96.578;41;41
2026-06-08T11:14:37.0000000Z;96.126;96.578;41;41
2026-06-08T11:14:38.0000000Z;96.13;96.588;450;41
2026-06-08T11:14:43.0000000Z;96.13;96.59;450;41
2026-06-08T11:14:49.0000000Z;96.128;96.588;41;41
2026-06-08T11:14:50.0000000Z;96.13;96.588;450;41
2026-06-08T11:14:57.0000000Z;96.128;96.762;41;528
2026-06-08T11:14:58.0000000Z;96.128;96.78;41;41
2026-06-08T11:14:59.0000000Z;96.128;96.59;41;41
2026-06-08T11:15:00.0000000Z;96.128;96.59;41;41
2026-06-08T11:15:01.0000000Z;96.128;96.782;41;41
2026-06-08T11:15:02.0000000Z;96.13;96.59;450;41
2026-06-08T11:15:05.0000000Z;96.128;96.782;41;41
2026-06-08T11:15:08.0000000Z;96.128;96.782;41;833
2026-06-08T11:15:09.0000000Z;96.128;96.764;41;528
2026-06-08T11:15:10.0000000Z;96.128;96.762;41;41
2026-06-08T11:15:11.0000000Z;96.128;96.766;41;528
2026-06-08T11:15:12.0000000Z;96.128;96.642;41;41
2026-06-08T11:15:13.0000000Z;96.128;96.642;41;41
2026-06-08T11:15:14.0000000Z;96.13;96.642;450;41
2026-06-08T11:15:16.0000000Z;96.128;96.642;41;41
2026-06-08T11:15:17.0000000Z;96.128;96.64;41;528
2026-06-08T11:15:18.0000000Z;96.128;96.64;41;528
2026-06-08T11:15:25.0000000Z;96.13;96.64;475;528
2026-06-08T11:15:26.0000000Z;96.126;96.766;41;528
2026-06-08T11:15:27.0000000Z;96.128;96.636;41;528
2026-06-08T11:15:28.0000000Z;96.13;96.634;450;450
2026-06-08T11:15:29.0000000Z;96.13;96.634;450;450
2026-06-08T11:15:32.0000000Z;96.128;96.636;41;1003
2026-06-08T11:15:35.0000000Z;96.128;96.636;41;528
2026-06-08T11:15:37.0000000Z;96.13;96.874;475;528
2026-06-08T11:15:38.0000000Z;96.126;96.874;41;528
2026-06-08T11:15:39.0000000Z;96.128;96.862;41;528
2026-06-08T11:15:40.0000000Z;96.128;96.644;41;528
2026-06-08T11:15:41.0000000Z;96.128;96.64;41;528
2026-06-08T11:15:44.0000000Z;96.128;96.638;41;978
2026-06-08T11:15:46.0000000Z;96.128;96.64;41;528
2026-06-08T11:15:49.0000000Z;96.128;96.64;41;528
2026-06-08T11:15:50.0000000Z;96.13;96.64;450;528
2026-06-08T11:15:52.0000000Z;96.128;96.716;41;528
2026-06-08T11:15:53.0000000Z;96.128;96.708;41;528
2026-06-08T11:15:54.0000000Z;96.128;96.706;41;41
2026-06-08T11:15:55.0000000Z;96.128;96.77;41;41
2026-06-08T11:15:56.0000000Z;96.128;96.71;41;528
2026-06-08T11:16:01.0000000Z;96.126;96.71;41;528
2026-06-08T11:16:02.0000000Z;96.136;96.71;450;528
2026-06-08T11:16:05.0000000Z;96.134;96.726;41;528
2026-06-08T11:16:06.0000000Z;96.134;96.726;41;528
2026-06-08T11:16:07.0000000Z;96.134;96.642;41;528
2026-06-08T11:16:08.0000000Z;96.136;96.64;450;450
2026-06-08T11:16:13.0000000Z;96.134;96.638;41;569
2026-06-08T11:16:14.0000000Z;96.136;96.636;450;450
2026-06-08T11:16:25.0000000Z;96.138;96.638;2511;569
2026-06-08T11:16:26.0000000Z;96.142;96.638;450;569
2026-06-08T11:16:29.0000000Z;96.142;96.636;450;450
2026-06-08T11:16:37.0000000Z;96.14;96.638;41;569
2026-06-08T11:16:38.0000000Z;96.142;96.638;450;569
2026-06-08T11:16:46.0000000Z;96.14;96.638;41;528
2026-06-08T11:16:49.0000000Z;96.146;96.638;41;528
2026-06-08T11:16:50.0000000Z;96.148;96.638;450;528
2026-06-08T11:16:51.0000000Z;96.146;96.76;41;528
2026-06-08T11:16:52.0000000Z;96.146;96.64;41;569
2026-06-08T11:16:54.0000000Z;96.146;96.76;41;528
2026-06-08T11:16:56.0000000Z;96.148;96.64;450;569
2026-06-08T11:16:58.0000000Z;96.148;96.758;450;450
2026-06-08T11:17:01.0000000Z;96.152;96.756;41;528
2026-06-08T11:17:02.0000000Z;96.154;96.754;450;450
2026-06-08T11:17:06.0000000Z;96.152;96.748;41;528
2026-06-08T11:17:07.0000000Z;96.152;96.748;41;528
2026-06-08T11:17:12.0000000Z;96.154;96.746;450;450
2026-06-08T11:17:13.0000000Z;96.152;96.744;41;528
2026-06-08T11:17:14.0000000Z;96.154;96.742;450;450
2026-06-08T11:17:24.0000000Z;96.152;96.76;41;528
2026-06-08T11:17:25.0000000Z;96.152;96.756;41;528
2026-06-08T11:17:26.0000000Z;96.154;96.744;450;3000
2026-06-08T11:17:27.0000000Z;96.154;96.746;450;528
2026-06-08T11:17:29.0000000Z;96.152;96.756;41;528
2026-06-08T11:17:35.0000000Z;96.152;96.746;41;528
2026-06-08T11:17:36.0000000Z;96.152;96.784;41;792
2026-06-08T11:17:37.0000000Z;96.156;96.766;2511;528
2026-06-08T11:17:38.0000000Z;96.158;96.622;41;528
2026-06-08T11:17:39.0000000Z;96.16;96.62;450;450
2026-06-08T11:17:42.0000000Z;96.158;96.622;41;528
2026-06-08T11:17:43.0000000Z;96.158;96.622;41;528
2026-06-08T11:17:47.0000000Z;96.16;96.62;450;450
2026-06-08T11:17:49.0000000Z;96.158;96.622;3000;3000
2026-06-08T11:17:50.0000000Z;96.16;96.622;450;3000
2026-06-08T11:17:53.0000000Z;96.158;96.938;41;41
2026-06-08T11:18:00.0000000Z;96.158;96.938;41;3000
2026-06-08T11:18:01.0000000Z;96.158;96.936;41;41
2026-06-08T11:18:02.0000000Z;96.16;96.934;450;450
2026-06-08T11:18:05.0000000Z;96.158;96.93;41;41
2026-06-08T11:18:06.0000000Z;96.158;96.928;41;450
2026-06-08T11:18:10.0000000Z;96.158;96.928;41;833
2026-06-08T11:18:11.0000000Z;96.158;96.926;41;450
2026-06-08T11:18:13.0000000Z;96.158;96.926;41;41
2026-06-08T11:18:14.0000000Z;96.16;96.924;450;450
2026-06-08T11:18:18.0000000Z;96.158;96.928;41;41
2026-06-08T11:18:19.0000000Z;96.158;96.926;41;3450
2026-06-08T11:18:21.0000000Z;96.158;96.926;41;450
2026-06-08T11:18:23.0000000Z;96.158;96.922;41;41
2026-06-08T11:18:24.0000000Z;96.158;96.92;41;450
2026-06-08T11:18:25.0000000Z;96.164;96.916;41;41
2026-06-08T11:18:26.0000000Z;96.166;96.914;450;450
2026-06-08T11:18:29.0000000Z;96.164;96.916;41;41
2026-06-08T11:18:30.0000000Z;96.164;96.924;41;833
2026-06-08T11:18:31.0000000Z;96.164;96.916;41;3000
2026-06-08T11:18:33.0000000Z;96.164;96.922;41;450
2026-06-08T11:18:37.0000000Z;96.17;96.918;41;41
2026-06-08T11:18:38.0000000Z;96.172;96.916;450;450
2026-06-08T11:18:42.0000000Z;96.164;96.924;41;41
2026-06-08T11:18:44.0000000Z;96.164;96.924;41;833
2026-06-08T11:18:45.0000000Z;96.166;96.922;450;450
2026-06-08T11:18:49.0000000Z;96.164;96.916;41;41
2026-06-08T11:18:50.0000000Z;96.166;96.914;450;450
2026-06-08T11:18:51.0000000Z;96.164;96.624;41;41
2026-06-08T11:18:52.0000000Z;96.164;96.622;41;450
2026-06-08T11:18:53.0000000Z;96.164;96.622;41;450
2026-06-08T11:18:56.0000000Z;96.164;96.62;41;41
2026-06-08T11:18:57.0000000Z;96.164;96.616;41;41
2026-06-08T11:18:59.0000000Z;96.164;96.614;41;450
2026-06-08T11:19:01.0000000Z;96.17;96.612;41;41
2026-06-08T11:19:02.0000000Z;96.172;96.612;450;3000
2026-06-08T11:19:03.0000000Z;96.172;96.614;450;450
2026-06-08T11:19:06.0000000Z;96.17;96.618;41;528
2026-06-08T11:19:07.0000000Z;96.17;96.862;41;41
2026-06-08T11:19:08.0000000Z;96.17;96.862;41;41
2026-06-08T11:19:09.0000000Z;96.17;96.618;41;3041
2026-06-08T11:19:11.0000000Z;96.17;96.618;41;41
2026-06-08T11:19:12.0000000Z;96.17;96.912;41;41
2026-06-08T11:19:13.0000000Z;96.176;96.906;41;41
2026-06-08T11:19:14.0000000Z;96.178;96.862;450;3000
2026-06-08T11:19:15.0000000Z;96.176;96.906;41;41
2026-06-08T11:19:17.0000000Z;96.176;96.906;41;41
2026-06-08T11:19:18.0000000Z;96.176;96.906;41;41
2026-06-08T11:19:19.0000000Z;96.176;96.912;41;833
2026-06-08T11:19:20.0000000Z;96.176;96.912;41;833
2026-06-08T11:19:21.0000000Z;96.176;96.864;41;41
2026-06-08T11:19:23.0000000Z;96.178;96.91;450;450
2026-06-08T11:19:25.0000000Z;96.176;96.91;41;41
2026-06-08T11:19:26.0000000Z;96.176;96.914;41;41
2026-06-08T11:19:27.0000000Z;96.176;96.91;41;3000
2026-06-08T11:19:28.0000000Z;96.176;96.914;41;41
2026-06-08T11:19:29.0000000Z;96.176;96.912;41;450
2026-06-08T11:19:36.0000000Z;96.176;96.914;41;41
2026-06-08T11:19:37.0000000Z;96.182;96.908;41;41
2026-06-08T11:19:38.0000000Z;96.182;96.908;41;41
2026-06-08T11:19:39.0000000Z;96.184;96.906;450;450
2026-06-08T11:19:40.0000000Z;96.182;96.908;41;41
2026-06-08T11:19:41.0000000Z;96.182;96.908;41;41
2026-06-08T11:19:42.0000000Z;96.182;96.908;41;41
2026-06-08T11:19:43.0000000Z;96.182;96.908;41;41
2026-06-08T11:19:45.0000000Z;96.182;96.912;41;41
2026-06-08T11:19:46.0000000Z;96.182;96.912;41;833
2026-06-08T11:19:47.0000000Z;96.182;96.91;41;491
2026-06-08T11:19:49.0000000Z;96.182;96.908;41;41
2026-06-08T11:19:50.0000000Z;96.182;96.908;41;833
2026-06-08T11:19:52.0000000Z;96.182;96.908;41;833
2026-06-08T11:19:58.0000000Z;96.182;96.906;41;450
2026-06-08T11:20:00.0000000Z;96.182;96.898;41;41
2026-06-08T11:20:01.0000000Z;96.182;96.896;41;41
2026-06-08T11:20:02.0000000Z;96.184;96.894;450;450
2026-06-08T11:20:03.0000000Z;96.182;96.896;41;833
2026-06-08T11:20:12.0000000Z;96.182;96.896;41;3000
2026-06-08T11:20:13.0000000Z;96.184;96.686;475;528
2026-06-08T11:20:14.0000000Z;96.182;96.626;41;450
2026-06-08T11:20:15.0000000Z;96.184;96.626;450;450
2026-06-08T11:20:18.0000000Z;96.182;96.628;41;41
2026-06-08T11:20:21.0000000Z;96.182;96.624;41;41
2026-06-08T11:20:22.0000000Z;96.182;96.624;41;41
2026-06-08T11:20:25.0000000Z;96.188;96.624;41;41
2026-06-08T11:20:26.0000000Z;96.19;96.622;450;450
2026-06-08T11:20:27.0000000Z;96.19;96.622;450;450
2026-06-08T11:20:30.0000000Z;96.188;96.624;41;41
2026-06-08T11:20:31.0000000Z;96.188;96.624;41;41
2026-06-08T11:20:37.0000000Z;96.188;96.624;41;41
2026-06-08T11:20:38.0000000Z;96.19;96.622;450;450
2026-06-08T11:20:48.0000000Z;96.188;96.624;41;41
2026-06-08T11:20:49.0000000Z;96.188;96.62;41;41
2026-06-08T11:20:51.0000000Z;96.188;96.62;41;3000
2026-06-08T11:20:52.0000000Z;96.188;96.62;41;3000
2026-06-08T11:20:55.0000000Z;96.188;96.622;41;450
2026-06-08T11:21:01.0000000Z;96.194;96.624;41;41
2026-06-08T11:21:02.0000000Z;96.196;96.622;450;450
2026-06-08T11:21:04.0000000Z;96.196;96.622;450;450
2026-06-08T11:21:06.0000000Z;96.194;96.624;41;41
2026-06-08T11:21:13.0000000Z;96.194;96.632;41;41
2026-06-08T11:21:14.0000000Z;96.196;96.624;450;3000
2026-06-08T11:21:17.0000000Z;96.196;96.626;450;41
2026-06-08T11:21:25.0000000Z;96.2;96.632;41;41
2026-06-08T11:21:26.0000000Z;96.202;96.63;450;450
2026-06-08T11:21:27.0000000Z;96.2;96.628;41;3000
2026-06-08T11:21:28.0000000Z;96.2;96.626;41;450
2026-06-08T11:21:30.0000000Z;96.2;96.628;41;41
2026-06-08T11:21:37.0000000Z;96.206;96.628;41;41
2026-06-08T11:21:38.0000000Z;96.208;96.626;450;450
2026-06-08T11:21:39.0000000Z;96.208;96.626;450;450
2026-06-08T11:21:43.0000000Z;96.206;96.628;41;41
2026-06-08T11:21:49.0000000Z;96.212;96.628;41;41
2026-06-08T11:21:50.0000000Z;96.214;96.626;450;450
2026-06-08T11:21:51.0000000Z;96.214;96.626;450;450
2026-06-08T11:21:54.0000000Z;96.212;96.628;41;41
2026-06-08T11:21:56.0000000Z;96.212;96.644;41;41
2026-06-08T11:21:57.0000000Z;96.212;96.628;41;3000
2026-06-08T11:21:58.0000000Z;96.212;96.63;41;41
2026-06-08T11:22:01.0000000Z;96.218;96.644;41;41
2026-06-08T11:22:02.0000000Z;96.22;96.63;450;41
2026-06-08T11:22:06.0000000Z;96.218;96.644;41;41
2026-06-08T11:22:07.0000000Z;96.22;96.642;450;450
2026-06-08T11:22:08.0000000Z;96.218;96.64;41;41
2026-06-08T11:22:09.0000000Z;96.218;96.638;41;450
2026-06-08T11:22:11.0000000Z;96.218;96.636;41;41
2026-06-08T11:22:12.0000000Z;96.218;96.634;41;450
2026-06-08T11:22:13.0000000Z;96.224;96.636;41;41
2026-06-08T11:22:14.0000000Z;96.226;96.634;450;450
2026-06-08T11:22:18.0000000Z;96.218;96.636;41;41
2026-06-08T11:22:19.0000000Z;96.224;96.636;3000;41
2026-06-08T11:22:21.0000000Z;96.224;96.634;3000;450
2026-06-08T11:22:22.0000000Z;96.22;96.634;450;450
2026-06-08T11:22:25.0000000Z;96.218;96.636;3000;3000
2026-06-08T11:22:26.0000000Z;96.224;96.636;3000;41
2026-06-08T11:22:27.0000000Z;96.226;96.634;450;450
2026-06-08T11:22:28.0000000Z;96.224;96.636;41;41
2026-06-08T11:22:29.0000000Z;96.224;96.636;41;41
2026-06-08T11:22:30.0000000Z;96.224;96.636;41;41
2026-06-08T11:22:37.0000000Z;96.224;96.636;41;41
2026-06-08T11:22:38.0000000Z;96.226;96.634;450;450
2026-06-08T11:22:49.0000000Z;96.23;96.636;41;41
2026-06-08T11:22:50.0000000Z;96.232;96.634;450;450
2026-06-08T11:22:53.0000000Z;96.23;96.632;41;41
2026-06-08T11:22:54.0000000Z;96.23;96.628;41;41
2026-06-08T11:22:55.0000000Z;96.23;96.626;41;450
2026-06-08T11:22:59.0000000Z;96.232;96.626;450;450
2026-06-08T11:23:01.0000000Z;96.236;96.628;41;41
2026-06-08T11:23:02.0000000Z;96.238;96.626;450;450
2026-06-08T11:23:06.0000000Z;96.236;96.628;41;41
2026-06-08T11:23:13.0000000Z;96.236;96.628;41;41
2026-06-08T11:23:14.0000000Z;96.238;96.626;450;450
2026-06-08T11:23:25.0000000Z;96.236;96.628;3000;3000
2026-06-08T11:23:26.0000000Z;96.244;96.618;450;450
2026-06-08T11:23:30.0000000Z;96.242;96.62;41;41
2026-06-08T11:23:35.0000000Z;96.244;96.618;450;450
2026-06-08T11:23:37.0000000Z;96.248;96.62;41;41
2026-06-08T11:23:38.0000000Z;96.25;96.618;450;450
2026-06-08T11:23:41.0000000Z;96.248;96.62;41;41
2026-06-08T11:23:42.0000000Z;96.242;96.62;41;41
2026-06-08T11:23:44.0000000Z;96.244;96.62;450;41
2026-06-08T11:23:49.0000000Z;96.248;96.62;41;41
2026-06-08T11:23:50.0000000Z;96.25;96.618;450;450
2026-06-08T11:23:54.0000000Z;96.248;96.62;41;41
2026-06-08T11:23:55.0000000Z;96.248;96.616;41;3000
2026-06-08T11:23:56.0000000Z;96.248;96.614;41;450
2026-06-08T11:24:00.0000000Z;96.25;96.614;450;450
2026-06-08T11:24:01.0000000Z;96.254;96.618;41;528
2026-06-08T11:24:02.0000000Z;96.256;96.616;450;450
2026-06-08T11:24:05.0000000Z;96.254;96.618;41;3041
2026-06-08T11:24:06.0000000Z;96.254;96.808;41;41
2026-06-08T11:24:07.0000000Z;96.254;96.618;41;41
2026-06-08T11:24:10.0000000Z;96.254;96.822;41;41
2026-06-08T11:24:11.0000000Z;96.254;96.808;41;3000
2026-06-08T11:24:12.0000000Z;96.254;96.81;41;41
2026-06-08T11:24:14.0000000Z;96.26;96.816;41;41
2026-06-08T11:24:15.0000000Z;96.262;96.81;450;41
2026-06-08T11:24:16.0000000Z;96.26;96.632;41;41
2026-06-08T11:24:17.0000000Z;96.26;96.632;41;3000
2026-06-08T11:24:19.0000000Z;96.254;96.81;41;41
2026-06-08T11:24:20.0000000Z;96.26;96.808;3000;450
2026-06-08T11:24:21.0000000Z;96.254;96.822;41;41
2026-06-08T11:24:22.0000000Z;96.256;96.81;450;3000
2026-06-08T11:24:24.0000000Z;96.256;96.812;450;41
2026-06-08T11:24:25.0000000Z;96.26;96.816;41;41
2026-06-08T11:24:26.0000000Z;96.262;96.812;450;41
2026-06-08T11:24:30.0000000Z;96.26;96.822;41;41
2026-06-08T11:24:31.0000000Z;96.26;96.822;41;41
2026-06-08T11:24:32.0000000Z;96.26;96.818;41;41
2026-06-08T11:24:33.0000000Z;96.264;96.772;41;41
2026-06-08T11:24:34.0000000Z;96.266;96.77;450;450
2026-06-08T11:24:35.0000000Z;96.264;96.772;41;41
2026-06-08T11:24:37.0000000Z;96.264;96.772;3000;3000
2026-06-08T11:24:38.0000000Z;96.272;96.624;450;450
2026-06-08T11:24:39.0000000Z;96.27;96.622;41;41
2026-06-08T11:24:40.0000000Z;96.27;96.62;41;450
2026-06-08T11:24:42.0000000Z;96.27;96.622;3000;41
2026-06-08T11:24:43.0000000Z;96.264;96.622;41;41
2026-06-08T11:24:44.0000000Z;96.268;96.622;41;41
2026-06-08T11:24:45.0000000Z;96.266;96.62;450;450
2026-06-08T11:24:49.0000000Z;96.27;96.622;41;41
2026-06-08T11:24:50.0000000Z;96.272;96.62;450;450
2026-06-08T11:24:54.0000000Z;96.27;96.622;41;41
2026-06-08T11:24:55.0000000Z;96.27;96.614;41;41
2026-06-08T11:24:56.0000000Z;96.27;96.612;41;450
2026-06-08T11:24:58.0000000Z;96.272;96.612;450;450
2026-06-08T11:25:01.0000000Z;96.276;96.614;41;41
2026-06-08T11:25:02.0000000Z;96.278;96.612;450;450
2026-06-08T11:25:04.0000000Z;96.276;96.614;41;41
2026-06-08T11:25:06.0000000Z;96.27;96.614;41;41
2026-06-08T11:25:07.0000000Z;96.276;96.614;3000;41
2026-06-08T11:25:08.0000000Z;96.272;96.614;450;41
2026-06-08T11:25:13.0000000Z;96.276;96.614;41;41
2026-06-08T11:25:14.0000000Z;96.278;96.612;450;450
2026-06-08T11:25:15.0000000Z;96.276;96.614;41;41
2026-06-08T11:25:18.0000000Z;96.27;96.77;41;528
2026-06-08T11:25:19.0000000Z;96.27;96.614;41;3000
2026-06-08T11:25:20.0000000Z;96.27;96.616;41;41
2026-06-08T11:25:21.0000000Z;96.27;96.616;41;41
2026-06-08T11:25:22.0000000Z;96.272;96.77;450;450
2026-06-08T11:25:25.0000000Z;96.276;96.766;41;41
2026-06-08T11:25:26.0000000Z;96.278;96.764;450;450
2026-06-08T11:25:30.0000000Z;96.276;96.63;41;41
2026-06-08T11:25:31.0000000Z;96.276;96.624;41;450
2026-06-08T11:25:34.0000000Z;96.278;96.624;450;450
2026-06-08T11:25:38.0000000Z;96.282;96.626;41;41
2026-06-08T11:25:39.0000000Z;96.284;96.624;450;450
2026-06-08T11:25:41.0000000Z;96.282;96.626;41;41
2026-06-08T11:25:43.0000000Z;96.276;96.626;41;41
2026-06-08T11:25:44.0000000Z;96.278;96.626;450;41
2026-06-08T11:25:49.0000000Z;96.282;96.626;41;41
2026-06-08T11:25:50.0000000Z;96.282;96.626;3000;3000
2026-06-08T11:25:51.0000000Z;96.284;96.624;450;450
2026-06-08T11:25:53.0000000Z;96.282;96.622;41;3000
2026-06-08T11:25:54.0000000Z;96.282;96.622;41;41
2026-06-08T11:25:55.0000000Z;96.282;96.622;41;41
2026-06-08T11:25:58.0000000Z;96.284;96.62;450;450
2026-06-08T11:26:01.0000000Z;96.3;96.618;41;41
2026-06-08T11:26:02.0000000Z;96.3;96.622;3000;41
2026-06-08T11:26:03.0000000Z;96.302;96.62;450;450
2026-06-08T11:26:04.0000000Z;96.3;96.622;41;41
2026-06-08T11:26:06.0000000Z;96.294;96.622;41;41
2026-06-08T11:26:07.0000000Z;96.3;96.622;3000;41
2026-06-08T11:26:09.0000000Z;96.296;96.622;450;41
2026-06-08T11:26:10.0000000Z;96.296;96.622;450;41
2026-06-08T11:26:14.0000000Z;96.3;96.622;41;41
2026-06-08T11:26:15.0000000Z;96.302;96.62;450;450
2026-06-08T11:26:18.0000000Z;96.3;96.622;41;41
2026-06-08T11:26:19.0000000Z;96.294;96.622;41;41
2026-06-08T11:26:20.0000000Z;96.3;96.622;3000;41
2026-06-08T11:26:21.0000000Z;96.296;96.622;450;41
2026-06-08T11:26:26.0000000Z;96.294;96.622;41;41
2026-06-08T11:26:27.0000000Z;96.296;96.62;450;450
2026-06-08T11:26:31.0000000Z;96.294;96.622;41;41
2026-06-08T11:26:32.0000000Z;96.294;96.622;41;41
2026-06-08T11:26:33.0000000Z;96.33;96.622;41;41
2026-06-08T11:26:34.0000000Z;96.332;96.622;450;41
2026-06-08T11:26:37.0000000Z;96.336;96.622;41;41
2026-06-08T11:26:38.0000000Z;96.338;96.62;450;450
2026-06-08T11:26:42.0000000Z;96.328;96.622;139;41
2026-06-08T11:26:43.0000000Z;96.336;96.622;3000;41
2026-06-08T11:26:45.0000000Z;96.334;96.622;41;41
2026-06-08T11:26:49.0000000Z;96.334;96.622;41;41
2026-06-08T11:26:50.0000000Z;96.336;96.62;450;450
2026-06-08T11:26:51.0000000Z;96.336;96.62;450;450
2026-06-08T11:26:54.0000000Z;96.328;96.622;139;41
2026-06-08T11:26:55.0000000Z;96.334;96.622;3000;41
2026-06-08T11:26:57.0000000Z;96.33;96.622;450;41
2026-06-08T11:27:01.0000000Z;96.334;96.622;41;41
2026-06-08T11:27:02.0000000Z;96.336;96.62;450;450
2026-06-08T11:27:03.0000000Z;96.336;96.62;450;450
2026-06-08T11:27:06.0000000Z;96.328;96.622;139;41
2026-06-08T11:27:07.0000000Z;96.334;96.622;3000;41
2026-06-08T11:27:09.0000000Z;96.332;96.622;41;41
2026-06-08T11:27:13.0000000Z;96.334;96.622;41;41
2026-06-08T11:27:14.0000000Z;96.336;96.62;450;450
2026-06-08T11:27:18.0000000Z;96.328;96.622;139;41
2026-06-08T11:27:19.0000000Z;96.334;96.622;3000;41
2026-06-08T11:27:21.0000000Z;96.332;96.622;41;41
2026-06-08T11:27:23.0000000Z;96.328;96.622;139;41
2026-06-08T11:27:25.0000000Z;96.334;96.622;41;41
2026-06-08T11:27:26.0000000Z;96.334;96.622;3000;3000
2026-06-08T11:27:27.0000000Z;96.336;96.62;450;450
2026-06-08T11:27:30.0000000Z;96.328;96.622;139;41
2026-06-08T11:27:31.0000000Z;96.334;96.622;3000;41
2026-06-08T11:27:33.0000000Z;96.332;96.622;41;41
2026-06-08T11:27:37.0000000Z;96.334;96.622;41;41
2026-06-08T11:27:38.0000000Z;96.336;96.62;450;450
2026-06-08T11:27:41.0000000Z;96.334;96.622;41;41
2026-06-08T11:27:42.0000000Z;96.328;96.622;139;41
2026-06-08T11:27:43.0000000Z;96.334;96.622;3000;41
2026-06-08T11:27:45.0000000Z;96.33;96.622;450;41
2026-06-08T11:27:49.0000000Z;96.334;96.622;41;41
2026-06-08T11:27:50.0000000Z;96.336;96.62;450;450
2026-06-08T11:27:54.0000000Z;96.328;96.622;139;41
2026-06-08T11:27:55.0000000Z;96.334;96.622;3000;41
2026-06-08T11:27:57.0000000Z;96.332;96.622;41;41
2026-06-08T11:28:01.0000000Z;96.334;96.622;41;41
2026-06-08T11:28:02.0000000Z;96.336;96.62;450;450
2026-06-08T11:28:03.0000000Z;96.336;96.62;450;450
2026-06-08T11:28:06.0000000Z;96.328;96.622;139;41
2026-06-08T11:28:08.0000000Z;96.334;96.622;3000;41
2026-06-08T11:28:09.0000000Z;96.33;96.622;450;41
2026-06-08T11:28:14.0000000Z;96.334;96.622;41;41
2026-06-08T11:28:15.0000000Z;96.336;96.62;450;450
2026-06-08T11:28:19.0000000Z;96.328;96.622;139;41
2026-06-08T11:28:20.0000000Z;96.334;96.622;3000;41
2026-06-08T11:28:21.0000000Z;96.33;96.622;450;41
2026-06-08T11:28:25.0000000Z;96.334;96.622;41;41
2026-06-08T11:28:26.0000000Z;96.336;96.62;450;450
2026-06-08T11:28:30.0000000Z;96.328;96.622;139;41
2026-06-08T11:28:31.0000000Z;96.334;96.622;3000;41
2026-06-08T11:28:33.0000000Z;96.33;96.622;450;41
2026-06-08T11:28:37.0000000Z;96.334;96.622;41;41
2026-06-08T11:28:38.0000000Z;96.336;96.62;450;450
2026-06-08T11:28:41.0000000Z;96.334;96.618;41;41
2026-06-08T11:28:42.0000000Z;96.328;96.618;139;41
2026-06-08T11:28:43.0000000Z;96.334;96.618;3000;41
2026-06-08T11:28:45.0000000Z;96.33;96.618;450;41
2026-06-08T11:28:46.0000000Z;96.33;96.616;450;450
2026-06-08T11:28:49.0000000Z;96.334;96.618;41;41
2026-06-08T11:28:50.0000000Z;96.336;96.616;450;450
2026-06-08T11:28:54.0000000Z;96.328;96.618;139;41
2026-06-08T11:28:55.0000000Z;96.334;96.618;3000;41
2026-06-08T11:28:57.0000000Z;96.33;96.618;450;41
2026-06-08T11:29:01.0000000Z;96.334;96.618;41;41
2026-06-08T11:29:02.0000000Z;96.336;96.616;450;450
2026-06-08T11:29:06.0000000Z;96.328;96.618;139;41
2026-06-08T11:29:08.0000000Z;96.334;96.618;3000;41
2026-06-08T11:29:09.0000000Z;96.33;96.618;450;41
2026-06-08T11:29:13.0000000Z;96.334;96.618;41;41
2026-06-08T11:29:14.0000000Z;96.334;96.618;3000;3000
2026-06-08T11:29:15.0000000Z;96.336;96.616;450;450
2026-06-08T11:29:18.0000000Z;96.328;96.618;139;41
2026-06-08T11:29:20.0000000Z;96.334;96.618;3000;41
2026-06-08T11:29:21.0000000Z;96.33;96.618;450;41
2026-06-08T11:29:25.0000000Z;96.334;96.618;41;41
2026-06-08T11:29:26.0000000Z;96.334;96.618;3000;3000
2026-06-08T11:29:27.0000000Z;96.336;96.616;450;450
2026-06-08T11:29:30.0000000Z;96.328;96.618;139;41
2026-06-08T11:29:31.0000000Z;96.334;96.618;3000;41
2026-06-08T11:29:33.0000000Z;96.33;96.618;450;41
2026-06-08T11:29:34.0000000Z;96.328;96.626;139;41
2026-06-08T11:29:35.0000000Z;96.328;96.618;139;3000
2026-06-08T11:29:37.0000000Z;96.334;96.626;41;41
2026-06-08T11:29:38.0000000Z;96.334;96.62;3000;41
2026-06-08T11:29:39.0000000Z;96.336;96.62;450;41
2026-06-08T11:29:40.0000000Z;96.334;96.626;41;41
2026-06-08T11:29:42.0000000Z;96.328;96.626;139;41
2026-06-08T11:29:44.0000000Z;96.334;96.626;3000;41
2026-06-08T11:29:45.0000000Z;96.33;96.626;450;41
2026-06-08T11:29:46.0000000Z;96.33;96.624;450;450
2026-06-08T11:29:49.0000000Z;96.334;96.626;41;41
2026-06-08T11:29:50.0000000Z;96.336;96.624;450;450
2026-06-08T11:29:54.0000000Z;96.328;96.626;139;41
2026-06-08T11:29:55.0000000Z;96.33;96.626;450;41
2026-06-08T11:30:01.0000000Z;96.33;96.626;475;41
2026-06-08T11:30:02.0000000Z;96.328;96.622;139;41
2026-06-08T11:30:03.0000000Z;96.328;96.622;139;3000
2026-06-08T11:30:05.0000000Z;96.328;96.622;139;3000
2026-06-08T11:30:06.0000000Z;96.328;96.624;139;450
2026-06-08T11:30:13.0000000Z;96.334;96.626;41;41
2026-06-08T11:30:14.0000000Z;96.336;96.624;450;450
2026-06-08T11:30:18.0000000Z;96.328;96.626;139;41
2026-06-08T11:30:19.0000000Z;96.334;96.626;3000;41
2026-06-08T11:30:22.0000000Z;96.33;96.626;450;41
2026-06-08T11:30:25.0000000Z;96.334;96.626;41;41
2026-06-08T11:30:26.0000000Z;96.336;96.624;450;450
2026-06-08T11:30:30.0000000Z;96.328;96.626;139;41
2026-06-08T11:30:31.0000000Z;96.334;96.626;3000;41
2026-06-08T11:30:34.0000000Z;96.33;96.626;450;41
2026-06-08T11:30:37.0000000Z;96.334;96.626;41;41
2026-06-08T11:30:38.0000000Z;96.336;96.624;450;450
2026-06-08T11:30:42.0000000Z;96.328;96.626;139;41
2026-06-08T11:30:43.0000000Z;96.334;96.626;3000;41
2026-06-08T11:30:46.0000000Z;96.33;96.626;450;41
2026-06-08T11:30:50.0000000Z;96.334;96.626;41;41
2026-06-08T11:30:51.0000000Z;96.336;96.624;450;450
2026-06-08T11:30:55.0000000Z;96.328;96.626;139;41
2026-06-08T11:30:56.0000000Z;96.334;96.626;3000;41
2026-06-08T11:30:58.0000000Z;96.33;96.626;450;41
2026-06-08T11:31:01.0000000Z;96.328;96.626;139;41
2026-06-08T11:31:02.0000000Z;96.33;96.624;450;450
2026-06-08T11:31:13.0000000Z;96.334;96.626;41;41
2026-06-08T11:31:14.0000000Z;96.336;96.624;450;450
2026-06-08T11:31:18.0000000Z;96.328;96.626;139;41
2026-06-08T11:31:20.0000000Z;96.334;96.626;3000;41
2026-06-08T11:31:22.0000000Z;96.33;96.626;450;41
2026-06-08T11:31:25.0000000Z;96.334;96.626;41;41
2026-06-08T11:31:26.0000000Z;96.336;96.624;450;450
2026-06-08T11:31:30.0000000Z;96.328;96.626;139;41
2026-06-08T11:31:31.0000000Z;96.334;96.626;3000;41
2026-06-08T11:31:32.0000000Z;96.33;96.626;450;41
2026-06-08T11:31:37.0000000Z;96.334;96.626;41;41
2026-06-08T11:31:38.0000000Z;96.336;96.624;450;450
2026-06-08T11:31:42.0000000Z;96.328;96.626;139;41
2026-06-08T11:31:43.0000000Z;96.334;96.626;3000;41
2026-06-08T11:31:44.0000000Z;96.33;96.626;450;41
2026-06-08T11:31:49.0000000Z;96.334;96.626;41;41
2026-06-08T11:31:50.0000000Z;96.336;96.624;450;450
2026-06-08T11:31:54.0000000Z;96.334;96.626;3000;41
2026-06-08T11:31:55.0000000Z;96.334;96.636;3000;41
2026-06-08T11:31:56.0000000Z;96.33;96.628;450;41
2026-06-08T11:31:57.0000000Z;96.33;96.634;450;450
2026-06-08T11:32:01.0000000Z;96.334;96.636;41;41
2026-06-08T11:32:02.0000000Z;96.336;96.634;450;450
2026-06-08T11:32:06.0000000Z;96.334;96.636;41;41
2026-06-08T11:32:07.0000000Z;96.334;96.636;3000;41
2026-06-08T11:32:08.0000000Z;96.334;96.636;3000;41
2026-06-08T11:32:10.0000000Z;96.33;96.636;450;41
2026-06-08T11:32:13.0000000Z;96.334;96.636;41;41
2026-06-08T11:32:14.0000000Z;96.336;96.634;450;450
2026-06-08T11:32:18.0000000Z;96.328;96.636;139;41
2026-06-08T11:32:19.0000000Z;96.334;96.636;3000;41
2026-06-08T11:32:22.0000000Z;96.33;96.636;450;41
2026-06-08T11:32:25.0000000Z;96.334;96.636;41;41
2026-06-08T11:32:26.0000000Z;96.336;96.634;450;450
2026-06-08T11:32:30.0000000Z;96.334;96.632;3000;41
2026-06-08T11:32:31.0000000Z;96.334;96.628;3000;41
2026-06-08T11:32:32.0000000Z;96.33;96.628;450;3450
2026-06-08T11:32:36.0000000Z;96.33;96.628;450;3450
2026-06-08T11:32:38.0000000Z;96.334;96.628;3000;41
2026-06-08T11:32:39.0000000Z;96.336;96.626;450;450
2026-06-08T11:32:43.0000000Z;96.328;96.628;139;41
2026-06-08T11:32:44.0000000Z;96.33;96.628;450;41
2026-06-08T11:32:49.0000000Z;96.334;96.628;41;41
2026-06-08T11:32:50.0000000Z;96.336;96.626;450;450
2026-06-08T11:32:54.0000000Z;96.328;96.628;139;41
2026-06-08T11:32:55.0000000Z;96.334;96.628;3000;41
2026-06-08T11:32:56.0000000Z;96.33;96.628;450;41
2026-06-08T11:33:01.0000000Z;96.334;96.628;41;41
2026-06-08T11:33:02.0000000Z;96.336;96.626;450;450
2026-06-08T11:33:06.0000000Z;96.328;96.628;139;41
2026-06-08T11:33:07.0000000Z;96.334;96.628;3000;41
2026-06-08T11:33:08.0000000Z;96.33;96.628;450;41
2026-06-08T11:33:11.0000000Z;96.328;96.64;139;41
2026-06-08T11:33:12.0000000Z;96.328;96.63;139;41
2026-06-08T11:33:13.0000000Z;96.328;96.64;139;41
2026-06-08T11:33:14.0000000Z;96.33;96.63;450;41
2026-06-08T11:33:20.0000000Z;96.328;96.64;139;41
2026-06-08T11:33:24.0000000Z;96.328;96.636;139;41
2026-06-08T11:33:25.0000000Z;96.328;96.636;139;3000
2026-06-08T11:33:26.0000000Z;96.328;96.636;139;41
2026-06-08T11:33:27.0000000Z;96.334;96.632;41;41
2026-06-08T11:33:28.0000000Z;96.334;96.632;41;41
2026-06-08T11:33:29.0000000Z;96.334;96.632;41;41
2026-06-08T11:33:30.0000000Z;96.334;96.632;41;41
2026-06-08T11:33:31.0000000Z;96.334;96.632;41;41
2026-06-08T11:33:32.0000000Z;96.334;96.632;41;41
2026-06-08T11:33:33.0000000Z;96.334;96.632;41;41
2026-06-08T11:33:34.0000000Z;96.334;96.632;41;41
2026-06-08T11:33:35.0000000Z;96.334;96.632;41;41
2026-06-08T11:33:37.0000000Z;96.34;96.632;41;41
2026-06-08T11:33:38.0000000Z;96.342;96.63;450;450
2026-06-08T11:33:39.0000000Z;96.34;96.632;41;41
2026-06-08T11:33:42.0000000Z;96.334;96.632;41;41
2026-06-08T11:33:43.0000000Z;96.34;96.632;3000;41
2026-06-08T11:33:44.0000000Z;96.336;96.632;450;41
2026-06-08T11:33:49.0000000Z;96.34;96.632;41;41
2026-06-08T11:33:50.0000000Z;96.342;96.63;450;450
2026-06-08T11:33:54.0000000Z;96.334;96.632;41;41
2026-06-08T11:33:55.0000000Z;96.34;96.632;3000;41
2026-06-08T11:33:56.0000000Z;96.334;96.628;41;41
2026-06-08T11:33:57.0000000Z;96.334;96.628;41;41
2026-06-08T11:33:58.0000000Z;96.334;96.628;41;41
2026-06-08T11:33:59.0000000Z;96.334;96.628;41;41
2026-06-08T11:33:59.0000000Z;96.334;96.628;41;41
2026-06-08T11:34:00.0000000Z;96.334;96.628;41;41
2026-06-08T11:34:01.0000000Z;96.34;96.628;41;41
2026-06-08T11:34:02.0000000Z;96.34;96.628;41;41
2026-06-08T11:34:03.0000000Z;96.34;96.628;41;41
2026-06-08T11:34:04.0000000Z;96.34;96.628;41;41
2026-06-08T11:34:05.0000000Z;96.34;96.628;41;41
2026-06-08T11:34:06.0000000Z;96.334;96.628;41;41
2026-06-08T11:34:07.0000000Z;96.334;96.628;41;41
2026-06-08T11:34:08.0000000Z;96.334;96.628;41;41
2026-06-08T11:34:09.0000000Z;96.338;96.628;41;41
2026-06-08T11:34:14.0000000Z;96.34;96.628;41;41
2026-06-08T11:34:15.0000000Z;96.342;96.626;450;450
2026-06-08T11:34:19.0000000Z;96.334;96.628;41;41
2026-06-08T11:34:20.0000000Z;96.34;96.628;3000;41
2026-06-08T11:34:21.0000000Z;96.338;96.628;41;41
2026-06-08T11:34:25.0000000Z;96.34;96.624;41;41
2026-06-08T11:34:26.0000000Z;96.34;96.624;41;3000
2026-06-08T11:34:27.0000000Z;96.34;96.628;41;3000
2026-06-08T11:34:28.0000000Z;96.34;96.626;41;450
2026-06-08T11:34:30.0000000Z;96.334;96.628;41;41
2026-06-08T11:34:32.0000000Z;96.34;96.628;3000;41
2026-06-08T11:34:33.0000000Z;96.338;96.628;41;41
2026-06-08T11:34:37.0000000Z;96.34;96.628;41;41
2026-06-08T11:34:38.0000000Z;96.342;96.626;450;450
2026-06-08T11:34:42.0000000Z;96.334;96.628;41;41
2026-06-08T11:34:43.0000000Z;96.34;96.628;3000;41
2026-06-08T11:34:45.0000000Z;96.336;96.628;450;41
2026-06-08T11:34:49.0000000Z;96.34;96.628;41;41
2026-06-08T11:34:50.0000000Z;96.342;96.626;450;450
2026-06-08T11:34:54.0000000Z;96.334;96.628;41;41
2026-06-08T11:34:55.0000000Z;96.34;96.628;3000;41
2026-06-08T11:34:57.0000000Z;96.334;96.628;41;41
2026-06-08T11:35:01.0000000Z;96.34;96.628;41;41
2026-06-08T11:35:02.0000000Z;96.342;96.626;450;450
2026-06-08T11:35:06.0000000Z;96.334;96.628;41;41
2026-06-08T11:35:07.0000000Z;96.34;96.628;3000;41
2026-06-08T11:35:09.0000000Z;96.336;96.628;450;41
2026-06-08T11:35:11.0000000Z;96.334;96.636;41;41
2026-06-08T11:35:12.0000000Z;96.334;96.628;41;3000
2026-06-08T11:35:13.0000000Z;96.34;96.636;41;41
2026-06-08T11:35:14.0000000Z;96.342;96.63;450;41
2026-06-08T11:35:18.0000000Z;96.334;96.636;41;41
2026-06-08T11:35:19.0000000Z;96.34;96.636;3000;41
2026-06-08T11:35:21.0000000Z;96.338;96.636;41;41
2026-06-08T11:35:26.0000000Z;96.34;96.636;3000;41
2026-06-08T11:35:27.0000000Z;96.342;96.634;450;450
2026-06-08T11:35:29.0000000Z;96.34;96.634;41;3450
2026-06-08T11:35:30.0000000Z;96.34;96.634;41;3000
2026-06-08T11:35:31.0000000Z;96.334;96.632;41;41
2026-06-08T11:35:32.0000000Z;96.34;96.632;3000;41
2026-06-08T11:35:33.0000000Z;96.338;96.632;41;41
2026-06-08T11:35:37.0000000Z;96.334;96.632;3000;3000
2026-06-08T11:35:38.0000000Z;96.342;96.626;450;450
2026-06-08T11:35:41.0000000Z;96.34;96.628;41;41
2026-06-08T11:35:42.0000000Z;96.334;96.628;41;41
2026-06-08T11:35:43.0000000Z;96.34;96.628;3000;41
2026-06-08T11:35:45.0000000Z;96.336;96.626;450;450
2026-06-08T11:35:49.0000000Z;96.34;96.624;41;41
2026-06-08T11:35:50.0000000Z;96.342;96.622;450;450
2026-06-08T11:35:54.0000000Z;96.334;96.624;41;41
2026-06-08T11:35:55.0000000Z;96.34;96.624;3000;41
2026-06-08T11:35:57.0000000Z;96.336;96.624;450;41
2026-06-08T11:35:59.0000000Z;96.336;96.622;450;450
2026-06-08T11:36:01.0000000Z;96.34;96.624;41;41
2026-06-08T11:36:02.0000000Z;96.342;96.624;450;41
2026-06-08T11:36:03.0000000Z;96.34;96.624;41;41
2026-06-08T11:36:05.0000000Z;96.34;96.624;41;41
2026-06-08T11:36:06.0000000Z;96.334;96.624;41;41
2026-06-08T11:36:07.0000000Z;96.34;96.624;3000;41
2026-06-08T11:36:08.0000000Z;96.334;96.624;41;41
2026-06-08T11:36:09.0000000Z;96.336;96.624;450;41
2026-06-08T11:36:13.0000000Z;96.34;96.624;41;41
2026-06-08T11:36:14.0000000Z;96.342;96.624;450;41
2026-06-08T11:36:18.0000000Z;96.334;96.624;41;41
2026-06-08T11:36:20.0000000Z;96.34;96.624;3000;41
2026-06-08T11:36:21.0000000Z;96.336;96.624;450;41
2026-06-08T11:36:25.0000000Z;96.334;96.624;3000;41
2026-06-08T11:36:26.0000000Z;96.342;96.624;450;41
2026-06-08T11:36:30.0000000Z;96.334;96.624;41;41
2026-06-08T11:36:31.0000000Z;96.334;96.62;41;41
2026-06-08T11:36:33.0000000Z;96.336;96.618;450;450
2026-06-08T11:36:35.0000000Z;96.334;96.62;41;41
2026-06-08T11:36:37.0000000Z;96.34;96.62;41;41
2026-06-08T11:36:38.0000000Z;96.34;96.62;3000;41
2026-06-08T11:36:39.0000000Z;96.342;96.62;450;41
2026-06-08T11:36:42.0000000Z;96.334;96.62;41;41
2026-06-08T11:36:43.0000000Z;96.34;96.62;3000;41
2026-06-08T11:36:45.0000000Z;96.334;96.62;41;41
2026-06-08T11:36:47.0000000Z;96.334;96.62;41;41
2026-06-08T11:36:49.0000000Z;96.34;96.62;41;41
2026-06-08T11:36:50.0000000Z;96.342;96.62;450;41
2026-06-08T11:36:54.0000000Z;96.334;96.62;41;41
2026-06-08T11:36:55.0000000Z;96.34;96.62;3000;41
2026-06-08T11:36:57.0000000Z;96.334;96.62;41;41
2026-06-08T11:37:01.0000000Z;96.34;96.62;41;41
2026-06-08T11:37:02.0000000Z;96.342;96.62;450;41
2026-06-08T11:37:06.0000000Z;96.334;96.62;41;41
2026-06-08T11:37:07.0000000Z;96.34;96.62;3000;41
2026-06-08T11:37:08.0000000Z;96.336;96.62;450;41
2026-06-08T11:37:14.0000000Z;96.34;96.62;41;41
2026-06-08T11:37:15.0000000Z;96.342;96.62;450;41
2026-06-08T11:37:16.0000000Z;96.342;96.62;450;41
2026-06-08T11:37:19.0000000Z;96.334;96.62;41;41
2026-06-08T11:37:20.0000000Z;96.34;96.62;3000;41
2026-06-08T11:37:22.0000000Z;96.336;96.62;450;41
2026-06-08T11:37:25.0000000Z;96.334;96.62;3000;41
2026-06-08T11:37:26.0000000Z;96.34;96.632;41;41
2026-06-08T11:37:27.0000000Z;96.34;96.632;41;41
2026-06-08T11:37:28.0000000Z;96.34;96.632;41;41
2026-06-08T11:37:30.0000000Z;96.334;96.632;41;41
2026-06-08T11:37:31.0000000Z;96.34;96.632;3000;41
2026-06-08T11:37:32.0000000Z;96.334;96.632;41;41
2026-06-08T11:37:33.0000000Z;96.334;96.632;41;41
2026-06-08T11:37:34.0000000Z;96.334;96.632;41;41
2026-06-08T11:37:35.0000000Z;96.334;96.632;41;41
2026-06-08T11:37:36.0000000Z;96.334;96.632;41;41
2026-06-08T11:37:37.0000000Z;96.34;96.632;41;41
2026-06-08T11:37:38.0000000Z;96.34;96.632;41;41
2026-06-08T11:37:39.0000000Z;96.34;96.632;41;41
2026-06-08T11:37:40.0000000Z;96.34;96.632;41;41
2026-06-08T11:37:42.0000000Z;96.34;96.632;3000;41
2026-06-08T11:37:43.0000000Z;96.34;96.632;3000;41
2026-06-08T11:37:44.0000000Z;96.336;96.632;450;41
2026-06-08T11:37:49.0000000Z;96.364;96.632;41;41
2026-06-08T11:37:50.0000000Z;96.366;96.632;450;41
2026-06-08T11:37:54.0000000Z;96.36;96.632;41;41
2026-06-08T11:37:55.0000000Z;96.364;96.632;3000;41
2026-06-08T11:37:56.0000000Z;96.364;96.632;3000;41
2026-06-08T11:37:58.0000000Z;96.362;96.632;450;41
2026-06-08T11:38:01.0000000Z;96.366;96.632;41;41
2026-06-08T11:38:02.0000000Z;96.368;96.632;450;41
2026-06-08T11:38:06.0000000Z;96.36;96.632;41;41
2026-06-08T11:38:08.0000000Z;96.366;96.632;3000;41
2026-06-08T11:38:10.0000000Z;96.362;96.632;450;41
2026-06-08T11:38:13.0000000Z;96.366;96.632;41;41
2026-06-08T11:38:14.0000000Z;96.368;96.632;450;41
2026-06-08T11:38:18.0000000Z;96.36;96.632;41;41
2026-06-08T11:38:19.0000000Z;96.366;96.632;3000;41
2026-06-08T11:38:20.0000000Z;96.366;96.632;3000;41
2026-06-08T11:38:22.0000000Z;96.364;96.632;41;41
2026-06-08T11:38:24.0000000Z;96.362;96.632;450;41
2026-06-08T11:38:25.0000000Z;96.366;96.632;41;41
2026-06-08T11:38:26.0000000Z;96.368;96.632;450;41
2026-06-08T11:38:30.0000000Z;96.36;96.632;41;41
2026-06-08T11:38:31.0000000Z;96.366;96.632;3000;41
2026-06-08T11:38:34.0000000Z;96.362;96.632;450;41
2026-06-08T11:38:37.0000000Z;96.366;96.632;41;41
2026-06-08T11:38:38.0000000Z;96.366;96.632;3000;41
2026-06-08T11:38:39.0000000Z;96.366;96.632;41;41
2026-06-08T11:38:42.0000000Z;96.358;96.632;41;41
2026-06-08T11:38:44.0000000Z;96.366;96.632;3000;41
2026-06-08T11:38:45.0000000Z;96.366;96.632;3000;41
2026-06-08T11:38:46.0000000Z;96.36;96.632;450;41
2026-06-08T11:38:49.0000000Z;96.358;96.632;41;41
2026-06-08T11:38:51.0000000Z;96.36;96.632;450;41
2026-06-08T11:39:00.0000000Z;96.358;96.632;41;41
2026-06-08T11:39:01.0000000Z;96.364;96.632;41;41
2026-06-08T11:39:02.0000000Z;96.366;96.632;450;41
2026-06-08T11:39:06.0000000Z;96.358;96.632;41;41
2026-06-08T11:39:07.0000000Z;96.364;96.632;3000;41
2026-06-08T11:39:08.0000000Z;96.36;96.632;450;41
2026-06-08T11:39:13.0000000Z;96.364;96.632;41;41
2026-06-08T11:39:14.0000000Z;96.366;96.632;450;41
2026-06-08T11:39:18.0000000Z;96.358;96.632;41;41
2026-06-08T11:39:19.0000000Z;96.364;96.632;3000;41
2026-06-08T11:39:20.0000000Z;96.36;96.632;450;41
2026-06-08T11:39:26.0000000Z;96.364;96.632;41;41
2026-06-08T11:39:27.0000000Z;96.366;96.632;450;41
2026-06-08T11:39:31.0000000Z;96.358;96.632;41;41
2026-06-08T11:39:32.0000000Z;96.364;96.632;3000;41
2026-06-08T11:39:34.0000000Z;96.358;96.644;41;516
2026-06-08T11:39:35.0000000Z;96.358;96.632;41;3000
2026-06-08T11:39:36.0000000Z;96.358;96.634;41;41
2026-06-08T11:39:37.0000000Z;96.364;96.644;41;516
2026-06-08T11:39:38.0000000Z;96.366;96.644;450;516
2026-06-08T11:39:42.0000000Z;96.358;96.644;41;516
2026-06-08T11:39:43.0000000Z;96.364;96.642;3000;450
2026-06-08T11:39:44.0000000Z;96.362;96.642;41;450
2026-06-08T11:39:49.0000000Z;96.364;96.644;41;516
2026-06-08T11:39:50.0000000Z;96.366;96.644;450;516
2026-06-08T11:39:54.0000000Z;96.358;96.644;41;516
2026-06-08T11:39:55.0000000Z;96.364;96.644;3000;516
2026-06-08T11:39:56.0000000Z;96.362;96.644;41;516
2026-06-08T11:40:01.0000000Z;96.364;96.644;41;516
2026-06-08T11:40:02.0000000Z;96.364;96.644;3000;516
2026-06-08T11:40:03.0000000Z;96.366;96.644;450;516
2026-06-08T11:40:06.0000000Z;96.358;96.644;41;516
2026-06-08T11:40:07.0000000Z;96.364;96.644;3000;516
2026-06-08T11:40:08.0000000Z;96.36;96.644;450;516
2026-06-08T11:40:13.0000000Z;96.364;96.644;41;516
2026-06-08T11:40:14.0000000Z;96.364;96.644;3000;516
2026-06-08T11:40:15.0000000Z;96.366;96.644;450;516
2026-06-08T11:40:18.0000000Z;96.358;96.644;41;516
2026-06-08T11:40:19.0000000Z;96.364;96.644;3000;516
2026-06-08T11:40:20.0000000Z;96.36;96.644;450;516
2026-06-08T11:40:25.0000000Z;96.364;96.644;41;516
2026-06-08T11:40:26.0000000Z;96.366;96.644;450;516
2026-06-08T11:40:30.0000000Z;96.358;96.644;41;516
2026-06-08T11:40:31.0000000Z;96.364;96.644;3000;516
2026-06-08T11:40:32.0000000Z;96.36;96.644;450;516
2026-06-08T11:40:37.0000000Z;96.364;96.644;41;516
2026-06-08T11:40:38.0000000Z;96.366;96.644;450;516
2026-06-08T11:40:42.0000000Z;96.358;96.644;41;516
2026-06-08T11:40:43.0000000Z;96.364;96.644;3000;516
2026-06-08T11:40:44.0000000Z;96.36;96.644;450;516
2026-06-08T11:40:49.0000000Z;96.364;96.644;41;516
2026-06-08T11:40:50.0000000Z;96.366;96.644;450;516
2026-06-08T11:40:53.0000000Z;96.364;96.644;41;516
2026-06-08T11:40:54.0000000Z;96.358;96.644;41;516
2026-06-08T11:40:55.0000000Z;96.364;96.644;3000;516
2026-06-08T11:40:56.0000000Z;96.36;96.644;450;516
2026-06-08T11:41:01.0000000Z;96.364;96.644;41;516
2026-06-08T11:41:02.0000000Z;96.366;96.644;450;516
2026-06-08T11:41:06.0000000Z;96.358;96.644;41;516
2026-06-08T11:41:07.0000000Z;96.364;96.644;3000;516
2026-06-08T11:41:08.0000000Z;96.36;96.644;450;516
2026-06-08T11:41:13.0000000Z;96.364;96.644;41;516
2026-06-08T11:41:14.0000000Z;96.366;96.644;450;516
2026-06-08T11:41:18.0000000Z;96.358;96.644;41;516
2026-06-08T11:41:19.0000000Z;96.364;96.644;3000;516
2026-06-08T11:41:23.0000000Z;96.358;96.644;41;516
2026-06-08T11:41:24.0000000Z;96.36;96.644;450;516
2026-06-08T11:41:25.0000000Z;96.364;96.644;41;516
2026-06-08T11:41:26.0000000Z;96.366;96.644;450;516
2026-06-08T11:41:30.0000000Z;96.358;96.644;41;516
2026-06-08T11:41:31.0000000Z;96.364;96.644;3000;516
2026-06-08T11:41:32.0000000Z;96.36;96.644;450;516
2026-06-08T11:41:37.0000000Z;96.364;96.644;41;516
2026-06-08T11:41:38.0000000Z;96.366;96.644;450;516
2026-06-08T11:41:42.0000000Z;96.358;96.644;41;516
2026-06-08T11:41:43.0000000Z;96.364;96.644;3000;516
2026-06-08T11:41:44.0000000Z;96.36;96.644;450;516
2026-06-08T11:41:49.0000000Z;96.364;96.644;41;516
2026-06-08T11:41:50.0000000Z;96.364;96.644;3000;516
2026-06-08T11:41:51.0000000Z;96.366;96.644;450;516
2026-06-08T11:41:54.0000000Z;96.358;96.644;41;516
2026-06-08T11:41:56.0000000Z;96.36;96.644;450;516
2026-06-08T11:42:01.0000000Z;96.364;96.644;41;516
2026-06-08T11:42:02.0000000Z;96.366;96.644;450;516
2026-06-08T11:42:06.0000000Z;96.358;96.644;41;516
2026-06-08T11:42:07.0000000Z;96.364;96.644;3000;516
2026-06-08T11:42:09.0000000Z;96.36;96.644;450;516
2026-06-08T11:42:13.0000000Z;96.364;96.644;41;516
2026-06-08T11:42:14.0000000Z;96.364;96.644;3000;516
2026-06-08T11:42:15.0000000Z;96.366;96.644;450;516
2026-06-08T11:42:18.0000000Z;96.358;96.644;41;516
2026-06-08T11:42:19.0000000Z;96.364;96.644;3000;516
2026-06-08T11:42:23.0000000Z;96.36;96.644;450;516
2026-06-08T11:42:26.0000000Z;96.364;96.644;41;516
2026-06-08T11:42:27.0000000Z;96.366;96.644;450;516
2026-06-08T11:42:31.0000000Z;96.358;96.644;41;516
2026-06-08T11:42:32.0000000Z;96.364;96.644;3000;516
2026-06-08T11:42:33.0000000Z;96.36;96.644;450;516
2026-06-08T11:42:37.0000000Z;96.364;96.644;41;516
2026-06-08T11:42:38.0000000Z;96.366;96.644;450;516
2026-06-08T11:42:42.0000000Z;96.358;96.644;41;516
2026-06-08T11:42:44.0000000Z;96.364;96.644;3000;516
2026-06-08T11:42:45.0000000Z;96.36;96.644;450;516
2026-06-08T11:42:49.0000000Z;96.364;96.644;41;516
2026-06-08T11:42:50.0000000Z;96.366;96.644;450;516
2026-06-08T11:42:54.0000000Z;96.358;96.644;41;516
2026-06-08T11:42:55.0000000Z;96.364;96.644;3000;516
2026-06-08T11:42:57.0000000Z;96.36;96.644;450;516
2026-06-08T11:43:01.0000000Z;96.364;96.644;41;516
2026-06-08T11:43:02.0000000Z;96.366;96.644;450;516
2026-06-08T11:43:06.0000000Z;96.358;96.644;41;516
2026-06-08T11:43:07.0000000Z;96.364;96.644;3000;516
2026-06-08T11:43:09.0000000Z;96.36;96.644;450;516
2026-06-08T11:43:13.0000000Z;96.364;96.644;41;516
2026-06-08T11:43:14.0000000Z;96.366;96.644;450;516
2026-06-08T11:43:18.0000000Z;96.358;96.644;41;516
2026-06-08T11:43:19.0000000Z;96.364;96.644;3000;516
2026-06-08T11:43:21.0000000Z;96.36;96.644;450;516
2026-06-08T11:43:25.0000000Z;96.364;96.644;41;516
2026-06-08T11:43:26.0000000Z;96.366;96.644;450;516
2026-06-08T11:43:30.0000000Z;96.358;96.644;41;516
2026-06-08T11:43:31.0000000Z;96.364;96.644;3000;516
2026-06-08T11:43:33.0000000Z;96.362;96.644;41;516
2026-06-08T11:43:37.0000000Z;96.364;96.644;41;516
2026-06-08T11:43:38.0000000Z;96.366;96.644;450;516
2026-06-08T11:43:42.0000000Z;96.358;96.644;41;516
2026-06-08T11:43:43.0000000Z;96.364;96.644;3000;516
2026-06-08T11:43:45.0000000Z;96.362;96.644;41;516
2026-06-08T11:43:48.0000000Z;96.358;96.64;41;41
2026-06-08T11:43:49.0000000Z;96.364;96.64;41;41
2026-06-08T11:43:50.0000000Z;96.364;96.638;3000;450
2026-06-08T11:43:51.0000000Z;96.366;96.638;450;450
2026-06-08T11:43:53.0000000Z;96.364;96.65;41;41
2026-06-08T11:43:54.0000000Z;96.358;96.65;41;41
2026-06-08T11:43:55.0000000Z;96.358;96.642;41;41
2026-06-08T11:43:56.0000000Z;96.364;96.642;3000;41
2026-06-08T11:43:57.0000000Z;96.362;96.642;41;41
2026-06-08T11:44:00.0000000Z;96.358;96.65;41;41
2026-06-08T11:44:01.0000000Z;96.364;96.65;41;41
2026-06-08T11:44:02.0000000Z;96.366;96.65;450;41
2026-06-08T11:44:03.0000000Z;96.364;96.646;41;41
2026-06-08T11:44:04.0000000Z;96.364;96.644;41;450
2026-06-08T11:44:05.0000000Z;96.364;96.644;41;450
2026-06-08T11:44:06.0000000Z;96.358;96.646;41;41
2026-06-08T11:44:07.0000000Z;96.364;96.646;3000;41
2026-06-08T11:44:09.0000000Z;96.36;96.646;450;41
2026-06-08T11:44:11.0000000Z;96.36;96.644;450;450
2026-06-08T11:44:12.0000000Z;96.358;96.646;41;41
2026-06-08T11:44:13.0000000Z;96.364;96.646;41;41
2026-06-08T11:44:14.0000000Z;96.366;96.646;450;41
2026-06-08T11:44:18.0000000Z;96.358;96.646;41;41
2026-06-08T11:44:19.0000000Z;96.364;96.646;3000;41
2026-06-08T11:44:21.0000000Z;96.36;96.646;450;41
2026-06-08T11:44:24.0000000Z;96.358;96.646;41;41
2026-06-08T11:44:25.0000000Z;96.364;96.646;41;41
2026-06-08T11:44:26.0000000Z;96.366;96.646;450;41
2026-06-08T11:44:30.0000000Z;96.358;96.646;41;41
2026-06-08T11:44:31.0000000Z;96.364;96.646;3000;41
2026-06-08T11:44:33.0000000Z;96.36;96.646;450;41
2026-06-08T11:44:36.0000000Z;96.358;96.646;41;41
2026-06-08T11:44:37.0000000Z;96.364;96.646;41;41
2026-06-08T11:44:38.0000000Z;96.364;96.646;3000;41
2026-06-08T11:44:39.0000000Z;96.366;96.646;450;41
2026-06-08T11:44:42.0000000Z;96.358;96.646;41;41
2026-06-08T11:44:43.0000000Z;96.364;96.646;3000;41
2026-06-08T11:44:45.0000000Z;96.36;96.646;450;41
2026-06-08T11:44:48.0000000Z;96.358;96.646;41;41
2026-06-08T11:44:49.0000000Z;96.364;96.646;41;41
2026-06-08T11:44:50.0000000Z;96.366;96.646;450;41
2026-06-08T11:44:54.0000000Z;96.358;96.646;41;41
2026-06-08T11:44:55.0000000Z;96.364;96.646;3000;41
2026-06-08T11:44:57.0000000Z;96.36;96.646;450;41
2026-06-08T11:45:00.0000000Z;96.358;96.646;41;41
2026-06-08T11:45:01.0000000Z;96.364;96.646;41;41
2026-06-08T11:45:02.0000000Z;96.366;96.646;450;41
2026-06-08T11:45:06.0000000Z;96.358;96.646;41;41
2026-06-08T11:45:07.0000000Z;96.364;96.646;3000;41
2026-06-08T11:45:09.0000000Z;96.36;96.646;450;41
2026-06-08T11:45:12.0000000Z;96.358;96.646;41;41
2026-06-08T11:45:13.0000000Z;96.364;96.646;41;41
2026-06-08T11:45:14.0000000Z;96.366;96.646;450;41
2026-06-08T11:45:18.0000000Z;96.358;96.646;41;41
2026-06-08T11:45:19.0000000Z;96.36;96.646;450;41
2026-06-08T11:45:24.0000000Z;96.358;96.646;41;41
2026-06-08T11:45:25.0000000Z;96.364;96.646;41;41
2026-06-08T11:45:26.0000000Z;96.366;96.646;450;41
2026-06-08T11:45:30.0000000Z;96.358;96.646;41;41
2026-06-08T11:45:31.0000000Z;96.364;96.646;3000;41
2026-06-08T11:45:33.0000000Z;96.36;96.646;450;41
2026-06-08T11:45:36.0000000Z;96.358;96.646;41;41
2026-06-08T11:45:37.0000000Z;96.358;96.646;41;41
2026-06-08T11:45:38.0000000Z;96.36;96.646;450;41
2026-06-08T11:45:48.0000000Z;96.358;96.646;41;41
2026-06-08T11:45:49.0000000Z;96.364;96.646;41;41
2026-06-08T11:45:50.0000000Z;96.366;96.646;450;41
2026-06-08T11:45:54.0000000Z;96.358;96.646;41;41
2026-06-08T11:45:55.0000000Z;96.364;96.646;3000;41
2026-06-08T11:45:57.0000000Z;96.36;96.646;450;41
2026-06-08T11:46:00.0000000Z;96.358;96.646;41;41
2026-06-08T11:46:01.0000000Z;96.364;96.646;41;41
2026-06-08T11:46:02.0000000Z;96.366;96.646;450;41
2026-06-08T11:46:03.0000000Z;96.364;96.646;41;41
2026-06-08T11:46:06.0000000Z;96.358;96.646;41;41
2026-06-08T11:46:07.0000000Z;96.364;96.646;3000;41
2026-06-08T11:46:09.0000000Z;96.36;96.646;450;41
2026-06-08T11:46:12.0000000Z;96.358;96.646;41;41
2026-06-08T11:46:13.0000000Z;96.364;96.646;41;41
2026-06-08T11:46:14.0000000Z;96.366;96.646;450;41
2026-06-08T11:46:18.0000000Z;96.358;96.646;41;41
2026-06-08T11:46:19.0000000Z;96.364;96.646;3000;41
2026-06-08T11:46:22.0000000Z;96.36;96.646;450;41
2026-06-08T11:46:24.0000000Z;96.358;96.646;41;41
2026-06-08T11:46:25.0000000Z;96.364;96.646;41;41
2026-06-08T11:46:26.0000000Z;96.366;96.646;450;41
2026-06-08T11:46:30.0000000Z;96.358;96.646;41;41
2026-06-08T11:46:32.0000000Z;96.36;96.646;450;41
2026-06-08T11:46:36.0000000Z;96.358;96.646;41;41
2026-06-08T11:46:37.0000000Z;96.364;96.646;41;41
2026-06-08T11:46:38.0000000Z;96.366;96.646;450;41
2026-06-08T11:46:42.0000000Z;96.358;96.646;41;41
2026-06-08T11:46:43.0000000Z;96.364;96.646;3000;41
2026-06-08T11:46:44.0000000Z;96.36;96.646;450;41
2026-06-08T11:46:48.0000000Z;96.358;96.646;41;41
2026-06-08T11:46:49.0000000Z;96.364;96.646;41;41
2026-06-08T11:46:50.0000000Z;96.364;96.646;3000;41
2026-06-08T11:46:51.0000000Z;96.366;96.646;450;41
2026-06-08T11:46:54.0000000Z;96.358;96.646;41;41
2026-06-08T11:46:55.0000000Z;96.364;96.646;3000;41
2026-06-08T11:46:58.0000000Z;96.36;96.646;450;41
2026-06-08T11:47:00.0000000Z;96.358;96.646;41;41
2026-06-08T11:47:01.0000000Z;96.364;96.646;41;41
2026-06-08T11:47:02.0000000Z;96.366;96.646;450;41
2026-06-08T11:47:05.0000000Z;96.364;96.644;41;528
2026-06-08T11:47:06.0000000Z;96.358;96.642;41;41
2026-06-08T11:47:07.0000000Z;96.358;96.642;41;3000
2026-06-08T11:47:08.0000000Z;96.364;96.64;3000;450
2026-06-08T11:47:10.0000000Z;96.36;96.64;450;450
2026-06-08T11:47:12.0000000Z;96.358;96.642;41;41
2026-06-08T11:47:13.0000000Z;96.364;96.642;41;41
2026-06-08T11:47:14.0000000Z;96.366;96.642;450;41
2026-06-08T11:47:18.0000000Z;96.358;96.642;41;41
2026-06-08T11:47:19.0000000Z;96.364;96.642;3000;41
2026-06-08T11:47:21.0000000Z;96.36;96.642;450;41
2026-06-08T11:47:24.0000000Z;96.358;96.642;41;41
2026-06-08T11:47:25.0000000Z;96.364;96.642;41;41
2026-06-08T11:47:26.0000000Z;96.366;96.642;450;41
2026-06-08T11:47:30.0000000Z;96.358;96.642;41;41
2026-06-08T11:47:31.0000000Z;96.364;96.642;3000;41
2026-06-08T11:47:32.0000000Z;96.36;96.642;450;41
2026-06-08T11:47:36.0000000Z;96.358;96.642;41;41
2026-06-08T11:47:37.0000000Z;96.358;96.64;41;450
2026-06-08T11:47:38.0000000Z;96.364;96.642;41;41
2026-06-08T11:47:39.0000000Z;96.366;96.642;450;41
2026-06-08T11:47:43.0000000Z;96.358;96.642;41;41
2026-06-08T11:47:44.0000000Z;96.36;96.642;450;41
2026-06-08T11:47:48.0000000Z;96.358;96.642;41;41
2026-06-08T11:47:49.0000000Z;96.364;96.642;41;41
2026-06-08T11:47:50.0000000Z;96.364;96.642;3000;41
2026-06-08T11:47:51.0000000Z;96.366;96.642;450;41
2026-06-08T11:47:54.0000000Z;96.358;96.642;41;41
2026-06-08T11:47:55.0000000Z;96.364;96.642;3000;41
2026-06-08T11:47:56.0000000Z;96.36;96.642;450;41
2026-06-08T11:48:00.0000000Z;96.358;96.642;41;41
2026-06-08T11:48:01.0000000Z;96.364;96.642;41;41
2026-06-08T11:48:02.0000000Z;96.366;96.642;450;41
2026-06-08T11:48:06.0000000Z;96.358;96.642;41;41
2026-06-08T11:48:07.0000000Z;96.364;96.642;3000;41
2026-06-08T11:48:08.0000000Z;96.36;96.642;450;41
2026-06-08T11:48:12.0000000Z;96.358;96.642;41;41
2026-06-08T11:48:13.0000000Z;96.364;96.642;41;41
2026-06-08T11:48:14.0000000Z;96.366;96.642;450;41
2026-06-08T11:48:18.0000000Z;96.358;96.642;41;41
2026-06-08T11:48:19.0000000Z;96.364;96.642;3000;41
2026-06-08T11:48:20.0000000Z;96.362;96.642;41;41
2026-06-08T11:48:24.0000000Z;96.358;96.642;41;41
2026-06-08T11:48:25.0000000Z;96.36;96.64;450;450
2026-06-08T11:48:26.0000000Z;96.364;96.642;41;41
2026-06-08T11:48:27.0000000Z;96.366;96.642;450;41
2026-06-08T11:48:31.0000000Z;96.358;96.642;41;41
2026-06-08T11:48:32.0000000Z;96.36;96.642;450;41
2026-06-08T11:48:36.0000000Z;96.358;96.642;41;41
2026-06-08T11:48:37.0000000Z;96.364;96.642;41;41
2026-06-08T11:48:38.0000000Z;96.366;96.642;450;41
2026-06-08T11:48:42.0000000Z;96.358;96.642;41;41
2026-06-08T11:48:43.0000000Z;96.364;96.642;3000;41
2026-06-08T11:48:44.0000000Z;96.362;96.642;41;41
2026-06-08T11:48:47.0000000Z;96.36;96.642;450;41
2026-06-08T11:48:48.0000000Z;96.358;96.642;41;41
2026-06-08T11:48:49.0000000Z;96.364;96.638;41;41
2026-06-08T11:48:50.0000000Z;96.366;96.638;450;41
2026-06-08T11:48:54.0000000Z;96.358;96.638;41;41
2026-06-08T11:48:55.0000000Z;96.364;96.638;3000;41
2026-06-08T11:48:56.0000000Z;96.36;96.638;450;41
2026-06-08T11:48:58.0000000Z;96.358;96.648;41;41
2026-06-08T11:48:59.0000000Z;96.358;96.638;41;3000
2026-06-08T11:49:00.0000000Z;96.358;96.648;41;3000
2026-06-08T11:49:01.0000000Z;96.364;96.648;41;41
2026-06-08T11:49:02.0000000Z;96.366;96.648;450;41
2026-06-08T11:49:06.0000000Z;96.358;96.648;41;41
2026-06-08T11:49:07.0000000Z;96.364;96.648;3000;41
2026-06-08T11:49:08.0000000Z;96.36;96.648;450;41
2026-06-08T11:49:12.0000000Z;96.358;96.648;41;41
2026-06-08T11:49:13.0000000Z;96.364;96.648;41;41
2026-06-08T11:49:14.0000000Z;96.366;96.648;450;41
2026-06-08T11:49:18.0000000Z;96.358;96.648;41;41
2026-06-08T11:49:19.0000000Z;96.364;96.648;3000;41
2026-06-08T11:49:20.0000000Z;96.36;96.648;450;41
2026-06-08T11:49:22.0000000Z;96.358;96.644;41;41
2026-06-08T11:49:23.0000000Z;96.358;96.644;41;3000
2026-06-08T11:49:24.0000000Z;96.358;96.644;41;41
2026-06-08T11:49:25.0000000Z;96.364;96.644;41;41
2026-06-08T11:49:26.0000000Z;96.366;96.644;450;41
2026-06-08T11:49:29.0000000Z;96.366;96.642;450;450
2026-06-08T11:49:30.0000000Z;96.358;96.644;41;41
2026-06-08T11:49:31.0000000Z;96.364;96.644;3000;41
2026-06-08T11:49:32.0000000Z;96.362;96.644;41;41
2026-06-08T11:49:36.0000000Z;96.358;96.644;41;3000
2026-06-08T11:49:37.0000000Z;96.364;96.644;41;41
2026-06-08T11:49:38.0000000Z;96.366;96.644;450;41
2026-06-08T11:49:42.0000000Z;96.358;96.644;41;41
2026-06-08T11:49:43.0000000Z;96.364;96.644;3000;41
2026-06-08T11:49:44.0000000Z;96.36;96.644;450;41
2026-06-08T11:49:48.0000000Z;96.358;96.644;41;41
2026-06-08T11:49:49.0000000Z;96.364;96.644;41;41
2026-06-08T11:49:50.0000000Z;96.364;96.644;3000;41
2026-06-08T11:49:51.0000000Z;96.366;96.644;450;41
2026-06-08T11:49:54.0000000Z;96.358;96.644;41;41
2026-06-08T11:49:55.0000000Z;96.364;96.644;3000;41
2026-06-08T11:49:56.0000000Z;96.362;96.644;41;41
2026-06-08T11:50:00.0000000Z;96.358;96.644;41;41
2026-06-08T11:50:01.0000000Z;96.364;96.644;41;41
2026-06-08T11:50:02.0000000Z;96.366;96.642;450;450
2026-06-08T11:50:03.0000000Z;96.366;96.64;450;3000
2026-06-08T11:50:06.0000000Z;96.358;96.644;41;41
2026-06-08T11:50:07.0000000Z;96.364;96.644;3000;41
2026-06-08T11:50:08.0000000Z;96.364;96.642;3000;450
2026-06-08T11:50:11.0000000Z;96.362;96.642;41;450
2026-06-08T11:50:12.0000000Z;96.358;96.644;41;41
2026-06-08T11:50:13.0000000Z;96.358;96.642;41;450
2026-06-08T11:50:14.0000000Z;96.364;96.644;41;41
2026-06-08T11:50:15.0000000Z;96.366;96.644;450;41
2026-06-08T11:50:19.0000000Z;96.358;96.644;41;41
2026-06-08T11:50:20.0000000Z;96.364;96.644;3000;41
2026-06-08T11:50:21.0000000Z;96.362;96.644;41;41
2026-06-08T11:50:24.0000000Z;96.358;96.644;41;41
2026-06-08T11:50:25.0000000Z;96.364;96.644;41;41
2026-06-08T11:50:26.0000000Z;96.364;96.644;3000;41
2026-06-08T11:50:27.0000000Z;96.366;96.644;450;41
2026-06-08T11:50:30.0000000Z;96.358;96.644;41;41
2026-06-08T11:50:32.0000000Z;96.364;96.644;3000;41
2026-06-08T11:50:33.0000000Z;96.362;96.644;41;41
2026-06-08T11:50:34.0000000Z;96.358;96.644;41;41
2026-06-08T11:50:36.0000000Z;96.358;96.644;41;41
2026-06-08T11:50:37.0000000Z;96.364;96.644;41;41
2026-06-08T11:50:38.0000000Z;96.366;96.644;450;41
2026-06-08T11:50:42.0000000Z;96.358;96.644;41;41
2026-06-08T11:50:44.0000000Z;96.364;96.644;3000;41
2026-06-08T11:50:45.0000000Z;96.362;96.644;41;41
2026-06-08T11:50:48.0000000Z;96.358;96.644;41;41
2026-06-08T11:50:49.0000000Z;96.358;96.642;41;450
2026-06-08T11:50:50.0000000Z;96.364;96.644;41;41
2026-06-08T11:50:51.0000000Z;96.366;96.644;450;41
2026-06-08T11:50:55.0000000Z;96.358;96.644;41;41
2026-06-08T11:50:56.0000000Z;96.364;96.644;3000;41
2026-06-08T11:50:57.0000000Z;96.362;96.644;41;41
2026-06-08T11:51:00.0000000Z;96.36;96.644;450;41
2026-06-08T11:51:01.0000000Z;96.364;96.644;41;41
2026-06-08T11:51:02.0000000Z;96.366;96.644;450;41
2026-06-08T11:51:06.0000000Z;96.358;96.644;41;41
2026-06-08T11:51:07.0000000Z;96.364;96.644;3000;41
2026-06-08T11:51:09.0000000Z;96.36;96.644;450;41
2026-06-08T11:51:12.0000000Z;96.358;96.644;41;41
2026-06-08T11:51:13.0000000Z;96.358;96.642;41;450
2026-06-08T11:51:14.0000000Z;96.364;96.644;41;41
2026-06-08T11:51:15.0000000Z;96.366;96.644;450;41
2026-06-08T11:51:19.0000000Z;96.358;96.644;41;41
2026-06-08T11:51:20.0000000Z;96.364;96.644;3000;41
2026-06-08T11:51:21.0000000Z;96.362;96.644;41;41
2026-06-08T11:51:24.0000000Z;96.358;96.644;41;41
2026-06-08T11:51:25.0000000Z;96.364;96.644;41;41
2026-06-08T11:51:26.0000000Z;96.366;96.644;450;41
2026-06-08T11:51:30.0000000Z;96.358;96.644;41;41
2026-06-08T11:51:32.0000000Z;96.364;96.644;3000;41
2026-06-08T11:51:33.0000000Z;96.362;96.644;41;41
2026-06-08T11:51:36.0000000Z;96.358;96.644;41;41
2026-06-08T11:51:37.0000000Z;96.358;96.642;41;450
2026-06-08T11:51:38.0000000Z;96.364;96.644;41;41
2026-06-08T11:51:39.0000000Z;96.366;96.644;450;41
2026-06-08T11:51:43.0000000Z;96.358;96.644;41;41
2026-06-08T11:51:44.0000000Z;96.364;96.644;3000;41
2026-06-08T11:51:45.0000000Z;96.362;96.644;41;41
2026-06-08T11:51:48.0000000Z;96.358;96.644;41;41
2026-06-08T11:51:49.0000000Z;96.364;96.644;41;41
2026-06-08T11:51:50.0000000Z;96.364;96.644;3000;41
2026-06-08T11:51:51.0000000Z;96.366;96.644;450;41
2026-06-08T11:51:54.0000000Z;96.358;96.644;41;41
2026-06-08T11:51:55.0000000Z;96.364;96.644;3000;41
2026-06-08T11:51:57.0000000Z;96.362;96.644;41;41
2026-06-08T11:52:00.0000000Z;96.358;96.644;41;41
2026-06-08T11:52:01.0000000Z;96.364;96.644;41;41
2026-06-08T11:52:02.0000000Z;96.366;96.644;450;41
2026-06-08T11:52:06.0000000Z;96.358;96.644;41;41
2026-06-08T11:52:07.0000000Z;96.364;96.644;3000;41
2026-06-08T11:52:09.0000000Z;96.36;96.644;450;41
2026-06-08T11:52:12.0000000Z;96.358;96.644;41;41
2026-06-08T11:52:13.0000000Z;96.364;96.644;41;41
2026-06-08T11:52:14.0000000Z;96.364;96.644;3000;41
2026-06-08T11:52:15.0000000Z;96.366;96.644;450;41
2026-06-08T11:52:18.0000000Z;96.358;96.644;41;41
2026-06-08T11:52:19.0000000Z;96.364;96.644;3000;41
2026-06-08T11:52:21.0000000Z;96.36;96.644;450;41
2026-06-08T11:52:24.0000000Z;96.358;96.644;41;41
2026-06-08T11:52:25.0000000Z;96.364;96.644;41;41
2026-06-08T11:52:26.0000000Z;96.366;96.644;450;41
2026-06-08T11:52:30.0000000Z;96.358;96.644;41;41
2026-06-08T11:52:32.0000000Z;96.364;96.644;3000;41
2026-06-08T11:52:33.0000000Z;96.36;96.644;450;41
2026-06-08T11:52:36.0000000Z;96.358;96.644;41;41
2026-06-08T11:52:37.0000000Z;96.364;96.644;41;41
2026-06-08T11:52:38.0000000Z;96.366;96.644;450;41
2026-06-08T11:52:42.0000000Z;96.358;96.644;41;41
2026-06-08T11:52:43.0000000Z;96.364;96.644;3000;41
2026-06-08T11:52:46.0000000Z;96.36;96.644;450;41
2026-06-08T11:52:48.0000000Z;96.358;96.644;41;41
2026-06-08T11:52:49.0000000Z;96.358;96.642;41;450
2026-06-08T11:52:50.0000000Z;96.364;96.644;41;41
2026-06-08T11:52:51.0000000Z;96.366;96.644;450;41
2026-06-08T11:52:55.0000000Z;96.358;96.644;41;41
2026-06-08T11:52:56.0000000Z;96.364;96.644;3000;41
2026-06-08T11:52:58.0000000Z;96.36;96.644;450;41
2026-06-08T11:53:00.0000000Z;96.358;96.644;41;41
2026-06-08T11:53:01.0000000Z;96.364;96.644;41;41
2026-06-08T11:53:02.0000000Z;96.364;96.644;3000;41
2026-06-08T11:53:03.0000000Z;96.366;96.644;450;41
2026-06-08T11:53:06.0000000Z;96.358;96.644;41;41
2026-06-08T11:53:07.0000000Z;96.364;96.644;3000;41
2026-06-08T11:53:08.0000000Z;96.36;96.644;450;41
2026-06-08T11:53:12.0000000Z;96.358;96.644;41;41
2026-06-08T11:53:13.0000000Z;96.364;96.644;41;41
2026-06-08T11:53:14.0000000Z;96.364;96.644;3000;41
2026-06-08T11:53:15.0000000Z;96.366;96.644;450;41
2026-06-08T11:53:18.0000000Z;96.358;96.644;41;41
2026-06-08T11:53:19.0000000Z;96.364;96.644;3000;41
2026-06-08T11:53:20.0000000Z;96.36;96.644;450;41
2026-06-08T11:53:24.0000000Z;96.358;96.644;41;41
2026-06-08T11:53:25.0000000Z;96.358;96.642;41;450
2026-06-08T11:53:26.0000000Z;96.364;96.644;41;41
2026-06-08T11:53:27.0000000Z;96.366;96.644;450;41
2026-06-08T11:53:31.0000000Z;96.358;96.644;41;41
2026-06-08T11:53:32.0000000Z;96.36;96.644;450;41
2026-06-08T11:53:36.0000000Z;96.358;96.644;41;41
2026-06-08T11:53:37.0000000Z;96.364;96.644;41;41
2026-06-08T11:53:39.0000000Z;96.366;96.644;450;41
2026-06-08T11:53:40.0000000Z;96.366;96.644;450;41
2026-06-08T11:53:42.0000000Z;96.358;96.644;41;41
2026-06-08T11:53:43.0000000Z;96.364;96.644;3000;41
2026-06-08T11:53:44.0000000Z;96.36;96.644;450;41
2026-06-08T11:53:48.0000000Z;96.358;96.644;41;41
2026-06-08T11:53:49.0000000Z;96.358;96.642;41;450
2026-06-08T11:53:50.0000000Z;96.364;96.644;41;41
2026-06-08T11:53:51.0000000Z;96.366;96.644;450;41
2026-06-08T11:53:55.0000000Z;96.358;96.644;41;41
2026-06-08T11:53:56.0000000Z;96.362;96.644;41;41
2026-06-08T11:54:00.0000000Z;96.358;96.644;41;41
2026-06-08T11:54:01.0000000Z;96.364;96.644;41;41
2026-06-08T11:54:02.0000000Z;96.364;96.644;3000;41
2026-06-08T11:54:03.0000000Z;96.366;96.644;450;41
2026-06-08T11:54:06.0000000Z;96.358;96.644;41;41
2026-06-08T11:54:08.0000000Z;96.36;96.644;450;41
2026-06-08T11:54:12.0000000Z;96.358;96.644;41;41
2026-06-08T11:54:13.0000000Z;96.364;96.644;41;41
2026-06-08T11:54:14.0000000Z;96.366;96.644;450;41
2026-06-08T11:54:18.0000000Z;96.358;96.644;41;41
2026-06-08T11:54:19.0000000Z;96.364;96.644;3000;41
2026-06-08T11:54:20.0000000Z;96.36;96.644;450;41
2026-06-08T11:54:24.0000000Z;96.358;96.644;41;41
2026-06-08T11:54:25.0000000Z;96.364;96.644;41;41
2026-06-08T11:54:26.0000000Z;96.366;96.644;450;41
2026-06-08T11:54:30.0000000Z;96.358;96.644;41;41
2026-06-08T11:54:31.0000000Z;96.364;96.644;3000;41
2026-06-08T11:54:32.0000000Z;96.36;96.644;450;41
2026-06-08T11:54:36.0000000Z;96.358;96.644;41;41
2026-06-08T11:54:37.0000000Z;96.364;96.644;41;41
2026-06-08T11:54:38.0000000Z;96.366;96.644;450;41
2026-06-08T11:54:42.0000000Z;96.358;96.644;41;41
2026-06-08T11:54:43.0000000Z;96.364;96.644;3000;41
2026-06-08T11:54:44.0000000Z;96.362;96.644;41;41
2026-06-08T11:54:48.0000000Z;96.358;96.644;41;41
2026-06-08T11:54:49.0000000Z;96.364;96.644;41;41
2026-06-08T11:54:50.0000000Z;96.366;96.644;450;41
2026-06-08T11:54:54.0000000Z;96.358;96.644;41;41
2026-06-08T11:54:55.0000000Z;96.364;96.644;3000;41
2026-06-08T11:54:56.0000000Z;96.362;96.644;41;41
2026-06-08T11:55:00.0000000Z;96.358;96.644;41;41
2026-06-08T11:55:01.0000000Z;96.364;96.644;41;41
2026-06-08T11:55:02.0000000Z;96.364;96.644;3000;41
2026-06-08T11:55:03.0000000Z;96.366;96.644;450;41
2026-06-08T11:55:06.0000000Z;96.358;96.644;41;41
2026-06-08T11:55:07.0000000Z;96.364;96.644;3000;41
2026-06-08T11:55:08.0000000Z;96.36;96.644;450;41
2026-06-08T11:55:12.0000000Z;96.358;96.644;41;41
2026-06-08T11:55:13.0000000Z;96.364;96.644;41;41
2026-06-08T11:55:14.0000000Z;96.366;96.644;450;41
2026-06-08T11:55:18.0000000Z;96.358;96.644;41;41
2026-06-08T11:55:19.0000000Z;96.364;96.644;3000;41
2026-06-08T11:55:21.0000000Z;96.36;96.644;450;41
2026-06-08T11:55:24.0000000Z;96.358;96.644;41;41
2026-06-08T11:55:25.0000000Z;96.364;96.644;41;41
2026-06-08T11:55:26.0000000Z;96.366;96.644;450;41
2026-06-08T11:55:30.0000000Z;96.358;96.644;41;41
2026-06-08T11:55:31.0000000Z;96.364;96.644;3000;41
2026-06-08T11:55:33.0000000Z;96.36;96.644;450;41
2026-06-08T11:55:36.0000000Z;96.358;96.644;41;41
2026-06-08T11:55:37.0000000Z;96.364;96.644;41;41
2026-06-08T11:55:38.0000000Z;96.364;96.644;3000;41
2026-06-08T11:55:39.0000000Z;96.366;96.644;450;41
2026-06-08T11:55:42.0000000Z;96.358;96.644;41;41
2026-06-08T11:55:43.0000000Z;96.364;96.644;3000;41
2026-06-08T11:55:45.0000000Z;96.36;96.644;450;41
2026-06-08T11:55:48.0000000Z;96.358;96.644;41;41
2026-06-08T11:55:49.0000000Z;96.358;96.642;41;450
2026-06-08T11:55:50.0000000Z;96.364;96.644;41;41
2026-06-08T11:55:51.0000000Z;96.366;96.644;450;41
2026-06-08T11:55:52.0000000Z;96.364;96.664;41;41
2026-06-08T11:55:53.0000000Z;96.364;96.646;41;41
2026-06-08T11:55:55.0000000Z;96.358;96.66;41;41
2026-06-08T11:55:56.0000000Z;96.364;96.66;3000;41
2026-06-08T11:55:57.0000000Z;96.36;96.658;450;450
2026-06-08T11:56:00.0000000Z;96.358;96.66;41;41
2026-06-08T11:56:01.0000000Z;96.364;96.66;41;41
2026-06-08T11:56:02.0000000Z;96.366;96.66;450;41
2026-06-08T11:56:06.0000000Z;96.358;96.66;41;41
2026-06-08T11:56:08.0000000Z;96.364;96.66;3000;41
2026-06-08T11:56:09.0000000Z;96.36;96.66;450;41
2026-06-08T11:56:12.0000000Z;96.358;96.66;41;41
2026-06-08T11:56:13.0000000Z;96.364;96.66;41;41
2026-06-08T11:56:15.0000000Z;96.366;96.66;450;41
2026-06-08T11:56:18.0000000Z;96.358;96.66;41;41
2026-06-08T11:56:19.0000000Z;96.364;96.66;3000;41
2026-06-08T11:56:24.0000000Z;96.358;96.66;41;41
2026-06-08T11:56:25.0000000Z;96.364;96.66;41;41
2026-06-08T11:56:27.0000000Z;96.366;96.66;450;41
2026-06-08T11:56:30.0000000Z;96.358;96.66;41;41
2026-06-08T11:56:32.0000000Z;96.364;96.66;3000;41
2026-06-08T11:56:33.0000000Z;96.362;96.66;41;41
2026-06-08T11:56:36.0000000Z;96.358;96.66;41;41
2026-06-08T11:56:37.0000000Z;96.364;96.66;41;41
2026-06-08T11:56:38.0000000Z;96.366;96.66;450;41
2026-06-08T11:56:42.0000000Z;96.358;96.66;41;41
2026-06-08T11:56:43.0000000Z;96.364;96.66;3000;41
2026-06-08T11:56:45.0000000Z;96.362;96.66;41;41
2026-06-08T11:56:48.0000000Z;96.358;96.66;41;41
2026-06-08T11:56:49.0000000Z;96.358;96.658;41;450
2026-06-08T11:56:50.0000000Z;96.364;96.66;41;41
2026-06-08T11:56:51.0000000Z;96.366;96.66;450;41
2026-06-08T11:56:55.0000000Z;96.358;96.66;41;41
2026-06-08T11:56:56.0000000Z;96.364;96.66;3000;41
2026-06-08T11:56:57.0000000Z;96.36;96.66;450;41
2026-06-08T11:57:00.0000000Z;96.358;96.66;41;41
2026-06-08T11:57:01.0000000Z;96.364;96.66;41;41
2026-06-08T11:57:02.0000000Z;96.366;96.66;450;41
2026-06-08T11:57:06.0000000Z;96.358;96.66;41;41
2026-06-08T11:57:07.0000000Z;96.364;96.66;3000;41
2026-06-08T11:57:09.0000000Z;96.36;96.66;450;41
2026-06-08T11:57:12.0000000Z;96.358;96.66;41;41
2026-06-08T11:57:13.0000000Z;96.358;96.658;41;450
2026-06-08T11:57:14.0000000Z;96.364;96.66;41;41
2026-06-08T11:57:15.0000000Z;96.366;96.66;450;41
2026-06-08T11:57:19.0000000Z;96.358;96.66;41;41
2026-06-08T11:57:20.0000000Z;96.364;96.66;3000;41
2026-06-08T11:57:21.0000000Z;96.36;96.66;450;41
2026-06-08T11:57:24.0000000Z;96.358;96.66;41;41
2026-06-08T11:57:25.0000000Z;96.364;96.66;41;41
2026-06-08T11:57:26.0000000Z;96.366;96.66;450;41
2026-06-08T11:57:30.0000000Z;96.358;96.66;41;41
2026-06-08T11:57:31.0000000Z;96.364;96.66;3000;41
2026-06-08T11:57:33.0000000Z;96.36;96.66;450;41
2026-06-08T11:57:36.0000000Z;96.358;96.66;41;41
2026-06-08T11:57:37.0000000Z;96.364;96.66;41;41
2026-06-08T11:57:38.0000000Z;96.366;96.66;450;41
2026-06-08T11:57:42.0000000Z;96.358;96.66;41;41
2026-06-08T11:57:43.0000000Z;96.364;96.66;3000;41
2026-06-08T11:57:45.0000000Z;96.36;96.66;450;41
2026-06-08T11:57:48.0000000Z;96.358;96.66;41;41
2026-06-08T11:57:49.0000000Z;96.364;96.66;41;41
2026-06-08T11:57:50.0000000Z;96.366;96.66;450;41
2026-06-08T11:57:54.0000000Z;96.358;96.66;41;41
2026-06-08T11:57:55.0000000Z;96.364;96.66;3000;41
2026-06-08T11:57:57.0000000Z;96.36;96.66;450;41
2026-06-08T11:58:00.0000000Z;96.358;96.66;41;41
2026-06-08T11:58:01.0000000Z;96.364;96.66;41;41
2026-06-08T11:58:02.0000000Z;96.364;96.66;3000;41
2026-06-08T11:58:03.0000000Z;96.366;96.66;450;41
2026-06-08T11:58:06.0000000Z;96.364;96.66;41;41
2026-06-08T11:58:08.0000000Z;96.366;96.66;450;41
2026-06-08T11:58:12.0000000Z;96.364;96.656;41;41
2026-06-08T11:58:13.0000000Z;96.37;96.656;41;41
2026-06-08T11:58:14.0000000Z;96.37;96.656;3000;41
2026-06-08T11:58:15.0000000Z;96.372;96.656;450;41
2026-06-08T11:58:17.0000000Z;96.372;96.654;450;450
2026-06-08T11:58:18.0000000Z;96.37;96.656;41;41
2026-06-08T11:58:24.0000000Z;96.37;96.652;41;41
2026-06-08T11:58:25.0000000Z;96.376;96.652;41;41
2026-06-08T11:58:26.0000000Z;96.378;96.652;450;41
2026-06-08T11:58:29.0000000Z;96.378;96.65;450;450
2026-06-08T11:58:30.0000000Z;96.376;96.652;41;41
2026-06-08T11:58:36.0000000Z;96.376;96.648;41;41
2026-06-08T11:58:37.0000000Z;96.382;96.648;41;41
2026-06-08T11:58:38.0000000Z;96.384;96.648;450;41
2026-06-08T11:58:42.0000000Z;96.382;96.648;41;41
2026-06-08T11:58:48.0000000Z;96.382;96.644;41;41
2026-06-08T11:58:49.0000000Z;96.388;96.644;41;41
2026-06-08T11:58:50.0000000Z;96.388;96.644;3000;41
2026-06-08T11:58:51.0000000Z;96.39;96.644;450;41
2026-06-08T11:58:53.0000000Z;96.39;96.642;450;450
2026-06-08T11:58:54.0000000Z;96.388;96.644;41;41
2026-06-08T11:59:00.0000000Z;96.388;96.64;41;41
2026-06-08T11:59:01.0000000Z;96.388;96.638;41;450
2026-06-08T11:59:02.0000000Z;96.394;96.64;41;41
2026-06-08T11:59:03.0000000Z;96.396;96.64;450;41
2026-06-08T11:59:04.0000000Z;96.394;96.64;41;41
2026-06-08T11:59:06.0000000Z;96.394;96.64;41;41
2026-06-08T11:59:12.0000000Z;96.394;96.636;41;3000
2026-06-08T11:59:13.0000000Z;96.394;96.634;41;450
2026-06-08T11:59:14.0000000Z;96.398;96.636;3000;41
2026-06-08T11:59:15.0000000Z;96.4;96.636;450;41
2026-06-08T11:59:23.0000000Z;96.4;96.634;450;450
2026-06-08T11:59:24.0000000Z;96.398;96.632;41;41
2026-06-08T11:59:25.0000000Z;96.358;96.632;41;41
2026-06-08T11:59:27.0000000Z;96.398;96.632;3000;41
2026-06-08T11:59:28.0000000Z;96.396;96.632;41;41
2026-06-08T11:59:32.0000000Z;96.36;96.63;450;450
2026-06-08T11:59:36.0000000Z;96.358;96.628;41;41
2026-06-08T11:59:37.0000000Z;96.364;96.628;41;41
2026-06-08T11:59:38.0000000Z;96.364;96.628;3000;41
2026-06-08T11:59:39.0000000Z;96.366;96.628;450;41
2026-06-08T11:59:42.0000000Z;96.364;96.628;41;41
2026-06-08T11:59:43.0000000Z;96.366;96.626;450;450
2026-06-08T11:59:48.0000000Z;96.364;96.624;41;41
2026-06-08T11:59:49.0000000Z;96.37;96.624;41;41
2026-06-08T11:59:50.0000000Z;96.372;96.624;450;41
2026-06-08T11:59:54.0000000Z;96.37;96.624;41;41
2026-06-08T11:59:59.0000000Z;96.354;96.644;93;41
2026-06-08T12:00:00.0000000Z;96.356;96.64;139;41
2026-06-08T12:00:01.0000000Z;96.362;96.64;41;41
2026-06-08T12:00:02.0000000Z;96.368;96.626;41;41
2026-06-08T12:00:03.0000000Z;96.368;96.626;41;41
2026-06-08T12:00:06.0000000Z;96.362;96.64;41;41
2026-06-08T12:00:09.0000000Z;96.364;96.638;450;450
2026-06-08T12:00:12.0000000Z;96.362;96.636;41;41
2026-06-08T12:00:13.0000000Z;96.368;96.636;41;41
2026-06-08T12:00:14.0000000Z;96.37;96.636;450;41
2026-06-08T12:00:18.0000000Z;96.368;96.636;41;41
2026-06-08T12:00:20.0000000Z;96.37;96.634;450;450
2026-06-08T12:00:21.0000000Z;96.368;96.636;41;41
2026-06-08T12:00:24.0000000Z;96.368;96.632;41;41
2026-06-08T12:00:25.0000000Z;96.374;96.632;41;41
2026-06-08T12:00:26.0000000Z;96.376;96.632;450;41
2026-06-08T12:00:30.0000000Z;96.374;96.632;41;41
2026-06-08T12:00:32.0000000Z;96.376;96.63;450;450
2026-06-08T12:00:36.0000000Z;96.374;96.628;41;41
2026-06-08T12:00:37.0000000Z;96.374;96.626;41;450
2026-06-08T12:00:38.0000000Z;96.38;96.628;41;41
2026-06-08T12:00:39.0000000Z;96.382;96.628;450;41
2026-06-08T12:00:43.0000000Z;96.38;96.628;41;41
2026-06-08T12:00:45.0000000Z;96.382;96.626;450;450
2026-06-08T12:00:48.0000000Z;96.38;96.624;41;41
2026-06-08T12:00:49.0000000Z;96.386;96.624;41;41
2026-06-08T12:00:50.0000000Z;96.386;96.624;3000;41
2026-06-08T12:00:51.0000000Z;96.388;96.624;450;41
2026-06-08T12:00:54.0000000Z;96.386;96.624;41;41
2026-06-08T12:00:59.0000000Z;96.388;96.622;450;450
2026-06-08T12:01:00.0000000Z;96.386;96.62;41;41
2026-06-08T12:01:01.0000000Z;96.392;96.62;41;41
2026-06-08T12:01:02.0000000Z;96.394;96.62;450;41
2026-06-08T12:01:06.0000000Z;96.392;96.62;41;41
2026-06-08T12:01:11.0000000Z;96.394;96.618;450;450
2026-06-08T12:01:12.0000000Z;96.392;96.616;41;41
2026-06-08T12:01:13.0000000Z;96.398;96.616;41;41
2026-06-08T12:01:14.0000000Z;96.398;96.616;3000;41
2026-06-08T12:01:15.0000000Z;96.4;96.616;450;41
2026-06-08T12:01:17.0000000Z;96.398;96.616;41;41
2026-06-08T12:01:20.0000000Z;96.4;96.614;450;450
2026-06-08T12:01:24.0000000Z;96.398;96.612;41;41
2026-06-08T12:01:25.0000000Z;96.402;96.612;41;41
2026-06-08T12:01:26.0000000Z;96.404;96.612;450;41
2026-06-08T12:01:30.0000000Z;96.404;96.61;450;450
2026-06-08T12:01:36.0000000Z;96.402;96.608;41;3000
2026-06-08T12:01:37.0000000Z;96.358;96.608;41;41
2026-06-08T12:01:38.0000000Z;96.402;96.608;3000;41
2026-06-08T12:01:40.0000000Z;96.4;96.608;41;41
2026-06-08T12:01:44.0000000Z;96.36;96.606;450;450
2026-06-08T12:01:48.0000000Z;96.358;96.604;41;41
2026-06-08T12:01:49.0000000Z;96.364;96.604;41;41
2026-06-08T12:01:50.0000000Z;96.366;96.604;450;41
2026-06-08T12:01:54.0000000Z;96.364;96.604;41;41
2026-06-08T12:02:00.0000000Z;96.364;96.6;41;3000
2026-06-08T12:02:01.0000000Z;96.37;96.6;41;41
2026-06-08T12:02:02.0000000Z;96.372;96.598;450;450
2026-06-08T12:02:06.0000000Z;96.37;96.6;41;41
2026-06-08T12:02:12.0000000Z;96.37;96.596;41;3000
2026-06-08T12:02:13.0000000Z;96.376;96.596;41;41
2026-06-08T12:02:14.0000000Z;96.378;96.596;450;41
2026-06-08T12:02:18.0000000Z;96.376;96.596;41;41
2026-06-08T12:02:21.0000000Z;96.378;96.594;450;450
2026-06-08T12:02:24.0000000Z;96.376;96.592;41;41
2026-06-08T12:02:25.0000000Z;96.382;96.592;41;41
2026-06-08T12:02:26.0000000Z;96.384;96.592;450;41
2026-06-08T12:02:30.0000000Z;96.382;96.592;41;41
2026-06-08T12:02:32.0000000Z;96.384;96.59;450;450
2026-06-08T12:02:36.0000000Z;96.382;96.588;41;41
2026-06-08T12:02:37.0000000Z;96.382;96.586;41;450
2026-06-08T12:02:38.0000000Z;96.386;96.594;41;41
2026-06-08T12:02:39.0000000Z;96.388;96.594;450;41
2026-06-08T12:02:45.0000000Z;96.388;96.656;450;450
2026-06-08T12:02:48.0000000Z;96.386;96.654;41;41
2026-06-08T12:02:49.0000000Z;96.39;96.654;41;41
2026-06-08T12:02:50.0000000Z;96.39;96.654;3000;41
2026-06-08T12:02:51.0000000Z;96.392;96.654;450;41
2026-06-08T12:02:54.0000000Z;96.354;96.654;93;41
2026-06-08T12:02:55.0000000Z;96.39;96.652;3000;450
2026-06-08T12:02:56.0000000Z;96.354;96.654;93;41
2026-06-08T12:02:57.0000000Z;96.356;96.654;139;41
2026-06-08T12:02:58.0000000Z;96.356;96.654;3450;41
2026-06-08T12:02:59.0000000Z;96.356;96.654;139;41
2026-06-08T12:03:00.0000000Z;96.356;96.65;139;41
2026-06-08T12:03:01.0000000Z;96.362;96.65;41;41
2026-06-08T12:03:02.0000000Z;96.364;96.65;450;41
2026-06-08T12:03:05.0000000Z;96.364;96.648;450;450
2026-06-08T12:03:06.0000000Z;96.362;96.65;41;41
2026-06-08T12:03:12.0000000Z;96.356;96.646;139;3000
2026-06-08T12:03:13.0000000Z;96.362;96.644;3000;450
2026-06-08T12:03:14.0000000Z;96.362;96.646;41;41
2026-06-08T12:03:15.0000000Z;96.364;96.646;450;41
2026-06-08T12:03:19.0000000Z;96.356;96.646;139;41
2026-06-08T12:03:20.0000000Z;96.362;96.646;3000;41
2026-06-08T12:03:21.0000000Z;96.358;96.644;450;450
2026-06-08T12:03:24.0000000Z;96.356;96.642;139;41
2026-06-08T12:03:25.0000000Z;96.362;96.642;41;41
2026-06-08T12:03:26.0000000Z;96.364;96.642;450;41
2026-06-08T12:03:30.0000000Z;96.356;96.642;139;41
2026-06-08T12:03:31.0000000Z;96.362;96.64;3000;450
2026-06-08T12:03:33.0000000Z;96.358;96.64;450;450
2026-06-08T12:03:36.0000000Z;96.356;96.638;139;41
2026-06-08T12:03:37.0000000Z;96.362;96.638;41;41
2026-06-08T12:03:38.0000000Z;96.364;96.638;450;41
2026-06-08T12:03:41.0000000Z;96.364;96.636;450;450
2026-06-08T12:03:42.0000000Z;96.356;96.638;139;41
2026-06-08T12:03:43.0000000Z;96.362;96.638;3000;41
2026-06-08T12:03:45.0000000Z;96.36;96.638;41;41
2026-06-08T12:03:48.0000000Z;96.356;96.634;139;3000
2026-06-08T12:03:49.0000000Z;96.362;96.634;41;41
2026-06-08T12:03:50.0000000Z;96.364;96.634;450;41
2026-06-08T12:03:53.0000000Z;96.362;96.634;41;41
2026-06-08T12:03:54.0000000Z;96.356;96.634;139;41
2026-06-08T12:03:55.0000000Z;96.362;96.632;3000;450
2026-06-08T12:03:57.0000000Z;96.36;96.632;41;450
2026-06-08T12:04:00.0000000Z;96.356;96.63;139;3000
2026-06-08T12:04:01.0000000Z;96.362;96.63;41;41
2026-06-08T12:04:02.0000000Z;96.364;96.63;450;41
2026-06-08T12:04:03.0000000Z;96.364;96.63;450;41
2026-06-08T12:04:06.0000000Z;96.356;96.63;139;41
2026-06-08T12:04:07.0000000Z;96.362;96.63;3000;41
2026-06-08T12:04:09.0000000Z;96.358;96.628;450;450
2026-06-08T12:04:12.0000000Z;96.356;96.626;139;41
2026-06-08T12:04:13.0000000Z;96.362;96.626;41;41
2026-06-08T12:04:15.0000000Z;96.364;96.626;450;41
2026-06-08T12:04:18.0000000Z;96.356;96.626;139;41
2026-06-08T12:04:19.0000000Z;96.362;96.626;3000;41
2026-06-08T12:04:21.0000000Z;96.358;96.626;450;41
2026-06-08T12:04:23.0000000Z;96.358;96.624;450;450
2026-06-08T12:04:24.0000000Z;96.356;96.622;139;41
2026-06-08T12:04:25.0000000Z;96.356;96.622;3000;41
2026-06-08T12:04:26.0000000Z;96.364;96.622;450;41
2026-06-08T12:04:30.0000000Z;96.356;96.622;139;41
2026-06-08T12:04:31.0000000Z;96.362;96.622;3000;41
2026-06-08T12:04:32.0000000Z;96.362;96.62;3000;450
2026-06-08T12:04:33.0000000Z;96.358;96.62;450;450
2026-06-08T12:04:36.0000000Z;96.356;96.618;139;41
2026-06-08T12:04:37.0000000Z;96.362;96.618;41;41
2026-06-08T12:04:38.0000000Z;96.364;96.618;450;41
2026-06-08T12:04:42.0000000Z;96.356;96.618;139;41
2026-06-08T12:04:43.0000000Z;96.362;96.618;3000;41
2026-06-08T12:04:45.0000000Z;96.358;96.616;450;450
2026-06-08T12:04:48.0000000Z;96.356;96.614;139;41
2026-06-08T12:04:49.0000000Z;96.362;96.614;41;41
2026-06-08T12:04:50.0000000Z;96.364;96.614;450;41
2026-06-08T12:04:51.0000000Z;96.362;96.65;41;41
2026-06-08T12:04:52.0000000Z;96.362;96.614;41;3000
2026-06-08T12:04:53.0000000Z;96.362;96.62;41;41
2026-06-08T12:04:54.0000000Z;96.356;96.646;139;41
2026-06-08T12:04:55.0000000Z;96.362;96.62;3000;41
2026-06-08T12:04:56.0000000Z;96.362;96.644;3000;450
2026-06-08T12:04:59.0000000Z;96.36;96.644;41;450
2026-06-08T12:05:00.0000000Z;96.356;96.642;139;41
2026-06-08T12:05:01.0000000Z;96.358;96.642;475;41
2026-06-08T12:05:02.0000000Z;96.356;96.642;139;41
2026-06-08T12:05:03.0000000Z;96.36;96.642;41;41
2026-06-08T12:05:08.0000000Z;96.358;96.64;450;450
2026-06-08T12:05:12.0000000Z;96.356;96.638;139;41
2026-06-08T12:05:13.0000000Z;96.362;96.638;41;41
2026-06-08T12:05:14.0000000Z;96.364;96.638;450;41
2026-06-08T12:05:16.0000000Z;96.362;96.638;41;41
2026-06-08T12:05:17.0000000Z;96.362;96.638;41;41
2026-06-08T12:05:18.0000000Z;96.362;96.638;41;41
2026-06-08T12:05:23.0000000Z;96.364;96.636;450;450
2026-06-08T12:05:24.0000000Z;96.362;96.634;41;41
2026-06-08T12:05:25.0000000Z;96.368;96.634;41;41
2026-06-08T12:05:26.0000000Z;96.368;96.634;3000;41
2026-06-08T12:05:27.0000000Z;96.37;96.634;450;41
2026-06-08T12:05:30.0000000Z;96.368;96.634;41;41
2026-06-08T12:05:34.0000000Z;96.37;96.632;450;450
2026-06-08T12:05:36.0000000Z;96.368;96.63;41;41
2026-06-08T12:05:37.0000000Z;96.374;96.63;41;41
2026-06-08T12:05:38.0000000Z;96.376;96.63;450;41
2026-06-08T12:05:42.0000000Z;96.374;96.63;41;41
2026-06-08T12:05:45.0000000Z;96.376;96.628;450;450
2026-06-08T12:05:48.0000000Z;96.358;96.722;41;41
2026-06-08T12:05:49.0000000Z;96.362;96.722;41;41
2026-06-08T12:05:50.0000000Z;96.374;96.722;3000;41
2026-06-08T12:05:51.0000000Z;96.372;96.632;41;41
2026-06-08T12:05:54.0000000Z;96.362;96.722;41;41
2026-06-08T12:05:58.0000000Z;96.362;96.646;41;41
2026-06-08T12:05:59.0000000Z;96.362;96.632;41;41
2026-06-08T12:06:00.0000000Z;96.362;96.642;41;41
2026-06-08T12:06:01.0000000Z;96.368;96.642;41;41
2026-06-08T12:06:02.0000000Z;96.37;96.642;450;41
2026-06-08T12:06:06.0000000Z;96.368;96.642;41;569
2026-06-08T12:06:12.0000000Z;96.368;96.638;41;3000
2026-06-08T12:06:13.0000000Z;96.374;96.638;41;41
2026-06-08T12:06:14.0000000Z;96.376;96.638;450;41
2026-06-08T12:06:15.0000000Z;96.376;96.636;450;450
2026-06-08T12:06:18.0000000Z;96.374;96.638;41;41
2026-06-08T12:06:24.0000000Z;96.358;96.634;41;3000
2026-06-08T12:06:25.0000000Z;96.364;96.634;41;41
2026-06-08T12:06:26.0000000Z;96.372;96.654;41;41
2026-06-08T12:06:27.0000000Z;96.372;96.64;41;41
2026-06-08T12:06:28.0000000Z;96.364;96.64;41;41
2026-06-08T12:06:29.0000000Z;96.364;96.64;41;41
2026-06-08T12:06:30.0000000Z;96.364;96.65;41;41
2026-06-08T12:06:33.0000000Z;96.366;96.648;450;450
2026-06-08T12:06:36.0000000Z;96.364;96.646;41;3000
2026-06-08T12:06:37.0000000Z;96.37;96.646;41;41
2026-06-08T12:06:38.0000000Z;96.37;96.646;41;41
2026-06-08T12:06:39.0000000Z;96.372;96.646;450;41
2026-06-08T12:06:42.0000000Z;96.37;96.646;41;41
2026-06-08T12:06:45.0000000Z;96.372;96.644;450;450
2026-06-08T12:06:48.0000000Z;96.37;96.642;41;41
2026-06-08T12:06:49.0000000Z;96.376;96.642;41;41
2026-06-08T12:06:50.0000000Z;96.376;96.642;3000;41
2026-06-08T12:06:51.0000000Z;96.378;96.642;450;41
2026-06-08T12:06:54.0000000Z;96.376;96.642;41;41
2026-06-08T12:06:57.0000000Z;96.378;96.64;450;450
2026-06-08T12:07:00.0000000Z;96.358;96.638;41;41
2026-06-08T12:07:01.0000000Z;96.364;96.638;41;41
2026-06-08T12:07:02.0000000Z;96.374;96.638;41;41
2026-06-08T12:07:06.0000000Z;96.364;96.638;41;41
2026-06-08T12:07:12.0000000Z;96.364;96.634;41;3000
2026-06-08T12:07:13.0000000Z;96.37;96.634;41;41
2026-06-08T12:07:14.0000000Z;96.372;96.634;450;41
2026-06-08T12:07:18.0000000Z;96.37;96.634;41;41
2026-06-08T12:07:20.0000000Z;96.372;96.632;450;450
2026-06-08T12:07:24.0000000Z;96.37;96.63;41;41
2026-06-08T12:07:25.0000000Z;96.376;96.63;41;41
2026-06-08T12:07:26.0000000Z;96.378;96.63;450;41
2026-06-08T12:07:30.0000000Z;96.376;96.63;41;41
2026-06-08T12:07:31.0000000Z;96.378;96.628;450;450
2026-06-08T12:07:36.0000000Z;96.358;96.626;41;41
2026-06-08T12:07:37.0000000Z;96.364;96.626;41;41
2026-06-08T12:07:38.0000000Z;96.374;96.626;41;41
2026-06-08T12:07:42.0000000Z;96.364;96.626;41;41
2026-06-08T12:07:43.0000000Z;96.366;96.624;450;450
2026-06-08T12:07:48.0000000Z;96.364;96.622;41;41
2026-06-08T12:07:49.0000000Z;96.364;96.62;41;450
2026-06-08T12:07:50.0000000Z;96.37;96.622;41;41
2026-06-08T12:07:51.0000000Z;96.372;96.622;450;41
2026-06-08T12:07:55.0000000Z;96.37;96.622;41;41
2026-06-08T12:08:00.0000000Z;96.37;96.618;41;41
2026-06-08T12:08:01.0000000Z;96.376;96.618;41;41
2026-06-08T12:08:02.0000000Z;96.378;96.616;450;450
2026-06-08T12:08:06.0000000Z;96.376;96.618;41;41
2026-06-08T12:08:12.0000000Z;96.358;96.614;41;3000
2026-06-08T12:08:13.0000000Z;96.364;96.614;41;41
2026-06-08T12:08:14.0000000Z;96.374;96.614;41;41
2026-06-08T12:08:18.0000000Z;96.364;96.614;41;41
2026-06-08T12:08:21.0000000Z;96.366;96.612;450;450
2026-06-08T12:08:23.0000000Z;96.364;96.614;41;41
2026-06-08T12:08:24.0000000Z;96.364;96.61;41;3000
2026-06-08T12:08:25.0000000Z;96.37;96.642;41;41
2026-06-08T12:08:26.0000000Z;96.372;96.61;450;3000
2026-06-08T12:08:28.0000000Z;96.37;96.616;41;41
2026-06-08T12:08:30.0000000Z;96.37;96.642;41;41
2026-06-08T12:08:32.0000000Z;96.372;96.64;450;450
2026-06-08T12:08:36.0000000Z;96.37;96.638;41;41
2026-06-08T12:08:37.0000000Z;96.376;96.638;41;41
2026-06-08T12:08:38.0000000Z;96.378;96.638;450;41
2026-06-08T12:08:39.0000000Z;96.378;96.638;450;41
2026-06-08T12:08:42.0000000Z;96.376;96.638;41;41
2026-06-08T12:08:46.0000000Z;96.378;96.636;450;450
2026-06-08T12:08:48.0000000Z;96.376;96.634;41;41
2026-06-08T12:08:49.0000000Z;96.382;96.634;41;41
2026-06-08T12:08:50.0000000Z;96.384;96.634;450;41
2026-06-08T12:08:51.0000000Z;96.384;96.634;450;41
2026-06-08T12:08:54.0000000Z;96.382;96.634;41;41
2026-06-08T12:08:57.0000000Z;96.384;96.632;450;450
2026-06-08T12:09:00.0000000Z;96.382;96.63;41;41
2026-06-08T12:09:01.0000000Z;96.386;96.63;41;41
2026-06-08T12:09:02.0000000Z;96.388;96.63;450;41
2026-06-08T12:09:07.0000000Z;96.388;96.628;450;450
2026-06-08T12:09:12.0000000Z;96.386;96.626;41;41
2026-06-08T12:09:13.0000000Z;96.392;96.626;41;41
2026-06-08T12:09:14.0000000Z;96.394;96.626;450;41
2026-06-08T12:09:18.0000000Z;96.394;96.624;450;450
2026-06-08T12:09:20.0000000Z;96.392;96.626;41;41
2026-06-08T12:09:24.0000000Z;96.392;96.622;41;41
2026-06-08T12:09:25.0000000Z;96.396;96.622;41;41
2026-06-08T12:09:26.0000000Z;96.396;96.622;3000;41
2026-06-08T12:09:27.0000000Z;96.398;96.622;450;41
2026-06-08T12:09:30.0000000Z;96.398;96.62;450;450
2026-06-08T12:09:36.0000000Z;96.396;96.618;41;41
2026-06-08T12:09:37.0000000Z;96.4;96.618;41;41
2026-06-08T12:09:38.0000000Z;96.402;96.618;450;41
2026-06-08T12:09:43.0000000Z;96.402;96.616;450;450
2026-06-08T12:09:48.0000000Z;96.4;96.614;41;3000
2026-06-08T12:09:49.0000000Z;96.404;96.614;41;41
2026-06-08T12:09:50.0000000Z;96.406;96.614;450;41
2026-06-08T12:09:56.0000000Z;96.406;96.612;450;450
2026-06-08T12:10:00.0000000Z;96.358;96.61;41;41
2026-06-08T12:10:01.0000000Z;96.364;96.61;41;41
2026-06-08T12:10:02.0000000Z;96.402;96.61;41;41
2026-06-08T12:10:03.0000000Z;96.402;96.61;41;41
2026-06-08T12:10:06.0000000Z;96.364;96.61;41;41
2026-06-08T12:10:07.0000000Z;96.366;96.608;450;450
2026-06-08T12:10:12.0000000Z;96.364;96.606;41;41
2026-06-08T12:10:13.0000000Z;96.364;96.604;41;450
2026-06-08T12:10:14.0000000Z;96.37;96.606;41;41
2026-06-08T12:10:15.0000000Z;96.372;96.606;450;41
2026-06-08T12:10:19.0000000Z;96.37;96.606;41;41
2026-06-08T12:10:20.0000000Z;96.372;96.604;450;450
2026-06-08T12:10:22.0000000Z;96.37;96.606;41;41
2026-06-08T12:10:23.0000000Z;96.37;96.606;41;41
2026-06-08T12:10:24.0000000Z;96.37;96.602;41;3000
2026-06-08T12:10:25.0000000Z;96.374;96.602;41;41
2026-06-08T12:10:26.0000000Z;96.376;96.602;450;41
2026-06-08T12:10:31.0000000Z;96.376;96.6;450;450
2026-06-08T12:10:36.0000000Z;96.374;96.598;41;41
2026-06-08T12:10:37.0000000Z;96.378;96.598;41;41
2026-06-08T12:10:38.0000000Z;96.378;96.598;3000;41
2026-06-08T12:10:39.0000000Z;96.38;96.598;450;41
2026-06-08T12:10:44.0000000Z;96.38;96.596;450;450
2026-06-08T12:10:48.0000000Z;96.378;96.594;41;41
2026-06-08T12:10:49.0000000Z;96.378;96.592;41;450
2026-06-08T12:10:50.0000000Z;96.382;96.594;41;41
2026-06-08T12:10:51.0000000Z;96.384;96.594;450;41
2026-06-08T12:10:56.0000000Z;96.384;96.592;450;450
2026-06-08T12:11:00.0000000Z;96.382;96.59;41;41
2026-06-08T12:11:01.0000000Z;96.386;96.642;41;41
2026-06-08T12:11:02.0000000Z;96.386;96.59;3000;3000
2026-06-08T12:11:03.0000000Z;96.388;96.596;450;41
2026-06-08T12:11:08.0000000Z;96.388;96.64;450;450
2026-06-08T12:11:12.0000000Z;96.386;96.638;41;41
2026-06-08T12:11:13.0000000Z;96.386;96.636;41;450
2026-06-08T12:11:14.0000000Z;96.39;96.638;41;41
2026-06-08T12:11:15.0000000Z;96.392;96.638;450;41
2026-06-08T12:11:16.0000000Z;96.392;96.638;450;41
2026-06-08T12:11:18.0000000Z;96.392;96.636;450;450
2026-06-08T12:11:19.0000000Z;96.39;96.634;41;41
2026-06-08T12:11:20.0000000Z;96.39;96.634;41;41
2026-06-08T12:11:21.0000000Z;96.39;96.632;41;450
2026-06-08T12:11:24.0000000Z;96.39;96.63;41;3000
2026-06-08T12:11:25.0000000Z;96.39;96.628;41;450
2026-06-08T12:11:31.0000000Z;96.39;96.63;41;41
2026-06-08T12:11:34.0000000Z;96.39;96.628;41;450
2026-06-08T12:11:35.0000000Z;96.39;96.63;41;41
2026-06-08T12:11:36.0000000Z;96.39;96.626;41;3000
2026-06-08T12:11:37.0000000Z;96.39;96.624;41;450
2026-06-08T12:11:42.0000000Z;96.39;96.626;41;41
2026-06-08T12:11:43.0000000Z;96.39;96.626;41;41
2026-06-08T12:11:46.0000000Z;96.39;96.624;41;450
2026-06-08T12:11:47.0000000Z;96.39;96.626;41;41
2026-06-08T12:11:48.0000000Z;96.39;96.622;41;3000
2026-06-08T12:11:49.0000000Z;96.39;96.62;41;450
2026-06-08T12:11:51.0000000Z;96.39;96.622;41;41
2026-06-08T12:11:52.0000000Z;96.39;96.622;41;41
2026-06-08T12:11:54.0000000Z;96.39;96.62;41;450
2026-06-08T12:12:00.0000000Z;96.39;96.618;41;41
2026-06-08T12:12:01.0000000Z;96.39;96.618;41;41
2026-06-08T12:12:02.0000000Z;96.39;96.618;41;41
2026-06-08T12:12:03.0000000Z;96.39;96.618;41;41
2026-06-08T12:12:04.0000000Z;96.39;96.618;41;41
2026-06-08T12:12:05.0000000Z;96.39;96.618;41;41
2026-06-08T12:12:06.0000000Z;96.39;96.618;41;41
2026-06-08T12:12:07.0000000Z;96.39;96.618;41;41
2026-06-08T12:12:08.0000000Z;96.39;96.616;41;450
2026-06-08T12:12:12.0000000Z;96.39;96.614;41;41
2026-06-08T12:12:13.0000000Z;96.39;96.612;41;450
2026-06-08T12:12:18.0000000Z;96.39;96.612;41;450
2026-06-08T12:12:20.0000000Z;96.39;96.614;41;41
2026-06-08T12:12:23.0000000Z;96.39;96.614;41;41
2026-06-08T12:12:24.0000000Z;96.372;96.61;41;41
2026-06-08T12:12:25.0000000Z;96.372;96.61;41;41
2026-06-08T12:12:26.0000000Z;96.372;96.61;41;41
2026-06-08T12:12:27.0000000Z;96.372;96.61;41;41
2026-06-08T12:12:28.0000000Z;96.372;96.61;41;41
2026-06-08T12:12:29.0000000Z;96.372;96.61;41;41
2026-06-08T12:12:30.0000000Z;96.372;96.61;41;41
2026-06-08T12:12:31.0000000Z;96.372;96.61;41;41
2026-06-08T12:12:32.0000000Z;96.372;96.61;41;41
2026-06-08T12:12:33.0000000Z;96.372;96.61;41;41
2026-06-08T12:12:34.0000000Z;96.372;96.61;41;41
2026-06-08T12:12:36.0000000Z;96.372;96.606;41;41
2026-06-08T12:12:37.0000000Z;96.372;96.606;41;41
2026-06-08T12:12:41.0000000Z;96.372;96.604;41;450
2026-06-08T12:12:48.0000000Z;96.372;96.602;41;3000
2026-06-08T12:12:49.0000000Z;96.372;96.6;41;450
2026-06-08T12:12:54.0000000Z;96.372;96.6;41;450
2026-06-08T12:12:56.0000000Z;96.374;96.6;450;450
2026-06-08T12:12:57.0000000Z;96.374;96.6;450;450
2026-06-08T12:13:00.0000000Z;96.372;96.598;41;41
2026-06-08T12:13:01.0000000Z;96.372;96.596;41;450
2026-06-08T12:13:02.0000000Z;96.38;96.598;41;41
2026-06-08T12:13:03.0000000Z;96.382;96.598;450;41
2026-06-08T12:13:06.0000000Z;96.382;96.596;450;450
2026-06-08T12:13:12.0000000Z;96.38;96.594;41;41
2026-06-08T12:13:13.0000000Z;96.38;96.594;41;41
2026-06-08T12:13:14.0000000Z;96.38;96.594;41;41
2026-06-08T12:13:15.0000000Z;96.38;96.594;41;41
2026-06-08T12:13:16.0000000Z;96.38;96.594;41;41
2026-06-08T12:13:17.0000000Z;96.38;96.594;41;41
2026-06-08T12:13:18.0000000Z;96.38;96.594;41;41
2026-06-08T12:13:19.0000000Z;96.38;96.594;41;41
2026-06-08T12:13:20.0000000Z;96.38;96.594;41;41
2026-06-08T12:13:21.0000000Z;96.38;96.594;41;41
2026-06-08T12:13:22.0000000Z;96.38;96.594;41;41
2026-06-08T12:13:23.0000000Z;96.38;96.594;41;41
2026-06-08T12:13:24.0000000Z;96.38;96.654;41;41
2026-06-08T12:13:25.0000000Z;96.38;96.654;41;41
2026-06-08T12:13:26.0000000Z;96.38;96.654;41;41
2026-06-08T12:13:27.0000000Z;96.38;96.654;41;41
2026-06-08T12:13:28.0000000Z;96.38;96.654;41;41
2026-06-08T12:13:29.0000000Z;96.38;96.654;41;41
2026-06-08T12:13:30.0000000Z;96.38;96.654;41;41
2026-06-08T12:13:31.0000000Z;96.38;96.654;41;41
2026-06-08T12:13:36.0000000Z;96.38;96.65;41;3000
2026-06-08T12:13:37.0000000Z;96.38;96.648;41;450
2026-06-08T12:13:38.0000000Z;96.38;96.65;41;41
2026-06-08T12:13:39.0000000Z;96.38;96.65;41;41
2026-06-08T12:13:40.0000000Z;96.38;96.65;41;41
2026-06-08T12:13:41.0000000Z;96.38;96.65;41;41
2026-06-08T12:13:42.0000000Z;96.38;96.65;41;41
2026-06-08T12:13:43.0000000Z;96.38;96.65;41;41
2026-06-08T12:13:44.0000000Z;96.38;96.65;41;41
2026-06-08T12:13:45.0000000Z;96.38;96.65;41;41
2026-06-08T12:13:46.0000000Z;96.38;96.65;41;41
2026-06-08T12:13:47.0000000Z;96.38;96.65;41;41
2026-06-08T12:13:48.0000000Z;96.38;96.646;41;3000
2026-06-08T12:13:49.0000000Z;96.38;96.646;41;41
2026-06-08T12:13:50.0000000Z;96.38;96.646;41;41
2026-06-08T12:13:52.0000000Z;96.38;96.646;41;41
2026-06-08T12:13:57.0000000Z;96.38;96.644;41;450
2026-06-08T12:14:00.0000000Z;96.38;96.644;41;3450
2026-06-08T12:14:01.0000000Z;96.38;96.642;41;41
2026-06-08T12:14:02.0000000Z;96.38;96.642;41;41
2026-06-08T12:14:03.0000000Z;96.38;96.642;41;41
2026-06-08T12:14:04.0000000Z;96.38;96.642;41;41
2026-06-08T12:14:05.0000000Z;96.38;96.642;41;41
2026-06-08T12:14:06.0000000Z;96.38;96.642;41;41
2026-06-08T12:14:07.0000000Z;96.38;96.642;41;41
2026-06-08T12:14:08.0000000Z;96.38;96.642;41;41
2026-06-08T12:14:09.0000000Z;96.38;96.642;41;41
2026-06-08T12:14:10.0000000Z;96.38;96.642;41;41
2026-06-08T12:14:11.0000000Z;96.38;96.642;41;41
2026-06-08T12:14:12.0000000Z;96.38;96.638;41;41
2026-06-08T12:14:13.0000000Z;96.38;96.638;41;41
2026-06-08T12:14:14.0000000Z;96.38;96.638;41;41
2026-06-08T12:14:15.0000000Z;96.38;96.638;41;41
2026-06-08T12:14:16.0000000Z;96.38;96.638;41;41
2026-06-08T12:14:17.0000000Z;96.38;96.638;41;41
2026-06-08T12:14:18.0000000Z;96.38;96.638;41;41
2026-06-08T12:14:19.0000000Z;96.38;96.638;41;41
2026-06-08T12:14:20.0000000Z;96.38;96.638;41;41
2026-06-08T12:14:21.0000000Z;96.38;96.638;41;41
2026-06-08T12:14:22.0000000Z;96.38;96.638;41;41
2026-06-08T12:14:23.0000000Z;96.38;96.638;41;41
2026-06-08T12:14:24.0000000Z;96.38;96.634;41;3000
2026-06-08T12:14:25.0000000Z;96.38;96.634;41;41
2026-06-08T12:14:26.0000000Z;96.38;96.634;41;41
2026-06-08T12:14:27.0000000Z;96.38;96.634;41;41
2026-06-08T12:14:28.0000000Z;96.38;96.634;41;41
2026-06-08T12:14:31.0000000Z;96.38;96.634;41;41
2026-06-08T12:14:36.0000000Z;96.38;96.63;41;41
2026-06-08T12:14:37.0000000Z;96.38;96.628;41;450
2026-06-08T12:14:44.0000000Z;96.38;96.628;41;450
2026-06-08T12:14:48.0000000Z;96.38;96.626;41;41
2026-06-08T12:14:49.0000000Z;96.38;96.626;41;41
2026-06-08T12:14:57.0000000Z;96.38;96.624;41;450
2026-06-08T12:15:00.0000000Z;96.38;96.622;41;41
2026-06-08T12:15:01.0000000Z;96.38;96.62;41;450
2026-06-08T12:15:07.0000000Z;96.38;96.62;41;450
2026-06-08T12:15:12.0000000Z;96.38;96.618;41;41
2026-06-08T12:15:13.0000000Z;96.38;96.616;41;450
2026-06-08T12:15:17.0000000Z;96.38;96.616;41;450
2026-06-08T12:15:24.0000000Z;96.38;96.614;41;41
2026-06-08T12:15:25.0000000Z;96.38;96.612;41;450
2026-06-08T12:15:30.0000000Z;96.38;96.612;41;450
2026-06-08T12:15:36.0000000Z;96.38;96.61;41;41
2026-06-08T12:15:37.0000000Z;96.38;96.608;41;450
2026-06-08T12:15:40.0000000Z;96.38;96.608;41;450
2026-06-08T12:15:48.0000000Z;96.38;96.606;41;41
2026-06-08T12:15:49.0000000Z;96.38;96.604;41;450
2026-06-08T12:15:51.0000000Z;96.38;96.606;3000;41
2026-06-08T12:15:54.0000000Z;96.38;96.604;3000;450
2026-06-08T12:15:59.0000000Z;96.382;96.604;450;450
2026-06-08T12:16:00.0000000Z;96.38;96.634;41;41
2026-06-08T12:16:01.0000000Z;96.38;96.606;41;3000
2026-06-08T12:16:02.0000000Z;96.38;96.608;41;41
2026-06-08T12:16:09.0000000Z;96.38;96.632;41;450
2026-06-08T12:16:12.0000000Z;96.38;96.63;41;41
2026-06-08T12:16:13.0000000Z;96.38;96.628;41;450
2026-06-08T12:16:14.0000000Z;96.38;96.63;41;41
2026-06-08T12:16:19.0000000Z;96.38;96.622;41;41
2026-06-08T12:16:20.0000000Z;96.38;96.62;41;450
2026-06-08T12:16:24.0000000Z;96.38;96.618;41;3000
2026-06-08T12:16:25.0000000Z;96.38;96.616;41;450
2026-06-08T12:16:33.0000000Z;96.38;96.616;41;450
2026-06-08T12:16:36.0000000Z;96.38;96.614;41;41
2026-06-08T12:16:37.0000000Z;96.38;96.612;41;450
2026-06-08T12:16:42.0000000Z;96.38;96.612;41;450
2026-06-08T12:16:48.0000000Z;96.38;96.61;41;41
2026-06-08T12:16:49.0000000Z;96.38;96.608;41;450
2026-06-08T12:16:53.0000000Z;96.38;96.608;41;450
2026-06-08T12:17:00.0000000Z;96.38;96.606;41;3000
2026-06-08T12:17:01.0000000Z;96.38;96.604;41;450
2026-06-08T12:17:05.0000000Z;96.38;96.604;41;450
2026-06-08T12:17:12.0000000Z;96.38;96.602;41;41
2026-06-08T12:17:13.0000000Z;96.38;96.6;41;450
2026-06-08T12:17:20.0000000Z;96.38;96.6;41;450
2026-06-08T12:17:24.0000000Z;96.38;96.598;41;3000
2026-06-08T12:17:25.0000000Z;96.38;96.596;41;450
2026-06-08T12:17:26.0000000Z;96.38;96.598;41;41
2026-06-08T12:17:32.0000000Z;96.38;96.596;41;450
2026-06-08T12:17:36.0000000Z;96.38;96.594;41;41
2026-06-08T12:17:37.0000000Z;96.38;96.592;41;450
2026-06-08T12:17:42.0000000Z;96.38;96.592;41;450
2026-06-08T12:17:48.0000000Z;96.38;96.59;41;41
2026-06-08T12:17:49.0000000Z;96.38;96.588;41;450
2026-06-08T12:17:53.0000000Z;96.38;96.588;41;450
2026-06-08T12:18:00.0000000Z;96.38;96.586;41;3000
2026-06-08T12:18:01.0000000Z;96.38;96.584;41;450
2026-06-08T12:18:02.0000000Z;96.38;96.63;41;41
2026-06-08T12:18:04.0000000Z;96.38;96.586;41;3000
2026-06-08T12:18:05.0000000Z;96.38;96.592;41;41
2026-06-08T12:18:06.0000000Z;96.38;96.628;41;450
2026-06-08T12:18:12.0000000Z;96.38;96.626;41;41
2026-06-08T12:18:13.0000000Z;96.38;96.624;41;450
2026-06-08T12:18:20.0000000Z;96.38;96.624;41;450
2026-06-08T12:18:24.0000000Z;96.38;96.622;41;41
2026-06-08T12:18:25.0000000Z;96.38;96.62;41;450
2026-06-08T12:18:26.0000000Z;96.38;96.622;41;41
2026-06-08T12:18:31.0000000Z;96.38;96.62;41;450
2026-06-08T12:18:36.0000000Z;96.38;96.618;41;41
2026-06-08T12:18:37.0000000Z;96.38;96.616;41;450
2026-06-08T12:18:41.0000000Z;96.38;96.616;41;450
2026-06-08T12:18:48.0000000Z;96.38;96.614;41;41
2026-06-08T12:18:49.0000000Z;96.38;96.612;41;450
2026-06-08T12:18:50.0000000Z;96.38;96.614;41;41
2026-06-08T12:18:53.0000000Z;96.38;96.612;41;450
2026-06-08T12:19:00.0000000Z;96.38;96.61;41;3000
2026-06-08T12:19:01.0000000Z;96.38;96.608;41;450
2026-06-08T12:19:05.0000000Z;96.38;96.608;41;450
2026-06-08T12:19:12.0000000Z;96.38;96.606;41;41
2026-06-08T12:19:13.0000000Z;96.38;96.604;41;450
2026-06-08T12:19:17.0000000Z;96.38;96.604;41;450
2026-06-08T12:19:24.0000000Z;96.38;96.602;41;41
2026-06-08T12:19:25.0000000Z;96.38;96.6;41;450
2026-06-08T12:19:31.0000000Z;96.38;96.6;41;450
2026-06-08T12:19:36.0000000Z;96.38;96.598;41;3000
2026-06-08T12:19:37.0000000Z;96.38;96.596;41;450
2026-06-08T12:19:42.0000000Z;96.38;96.596;41;450
2026-06-08T12:19:48.0000000Z;96.38;96.594;41;41
2026-06-08T12:19:49.0000000Z;96.38;96.592;41;450
2026-06-08T12:19:53.0000000Z;96.38;96.592;41;450
2026-06-08T12:20:00.0000000Z;96.38;96.59;41;41
2026-06-08T12:20:01.0000000Z;96.38;96.588;41;450
2026-06-08T12:20:02.0000000Z;96.38;96.59;3000;3000
2026-06-08T12:20:03.0000000Z;96.39;96.59;450;3000
2026-06-08T12:20:04.0000000Z;96.39;96.596;450;41
2026-06-08T12:20:05.0000000Z;96.392;96.63;41;41
2026-06-08T12:20:06.0000000Z;96.398;96.628;450;450
2026-06-08T12:20:11.0000000Z;96.396;96.63;41;41
2026-06-08T12:20:12.0000000Z;96.396;96.626;41;3000
2026-06-08T12:20:13.0000000Z;96.396;96.624;41;450
2026-06-08T12:20:15.0000000Z;96.398;96.624;450;450
2026-06-08T12:20:24.0000000Z;96.396;96.622;41;41
2026-06-08T12:20:25.0000000Z;96.396;96.62;41;450
2026-06-08T12:20:27.0000000Z;96.4;96.622;41;41
2026-06-08T12:20:28.0000000Z;96.402;96.622;450;41
2026-06-08T12:20:30.0000000Z;96.402;96.62;450;450
2026-06-08T12:20:31.0000000Z;96.4;96.622;41;41
2026-06-08T12:20:32.0000000Z;96.404;96.622;3000;41
2026-06-08T12:20:33.0000000Z;96.406;96.622;450;41
2026-06-08T12:20:35.0000000Z;96.406;96.622;774;41
2026-06-08T12:20:36.0000000Z;96.408;96.618;41;41
2026-06-08T12:20:37.0000000Z;96.406;96.62;3000;3000
2026-06-08T12:20:38.0000000Z;96.408;96.656;41;41
2026-06-08T12:20:39.0000000Z;96.41;96.62;450;3000
2026-06-08T12:20:40.0000000Z;96.408;96.648;41;41
2026-06-08T12:20:41.0000000Z;96.408;96.646;41;450
2026-06-08T12:20:46.0000000Z;96.408;96.644;41;41
2026-06-08T12:20:47.0000000Z;96.408;96.642;41;450
2026-06-08T12:20:48.0000000Z;96.408;96.64;41;41
2026-06-08T12:20:49.0000000Z;96.408;96.638;41;450
2026-06-08T12:20:50.0000000Z;96.408;96.638;41;450
2026-06-08T12:20:51.0000000Z;96.408;96.64;41;41
2026-06-08T12:20:59.0000000Z;96.408;96.64;3000;41
2026-06-08T12:21:00.0000000Z;96.418;96.656;41;41
2026-06-08T12:21:01.0000000Z;96.418;96.656;41;41
2026-06-08T12:21:02.0000000Z;96.418;96.656;41;41
2026-06-08T12:21:03.0000000Z;96.418;96.656;41;41
2026-06-08T12:21:04.0000000Z;96.426;96.652;41;41
2026-06-08T12:21:05.0000000Z;96.428;96.642;450;41
2026-06-08T12:21:06.0000000Z;96.428;96.65;450;450
2026-06-08T12:21:09.0000000Z;96.426;96.652;41;41
2026-06-08T12:21:12.0000000Z;96.426;96.648;41;41
2026-06-08T12:21:13.0000000Z;96.426;96.646;41;450
2026-06-08T12:21:15.0000000Z;96.426;96.648;41;41
2026-06-08T12:21:16.0000000Z;96.426;96.648;41;41
2026-06-08T12:21:19.0000000Z;96.426;96.648;41;41
2026-06-08T12:21:23.0000000Z;96.426;96.646;41;450
2026-06-08T12:21:24.0000000Z;96.426;96.644;41;41
2026-06-08T12:21:25.0000000Z;96.426;96.644;41;41
2026-06-08T12:21:26.0000000Z;96.426;96.644;41;41
2026-06-08T12:21:31.0000000Z;96.426;96.642;41;450
2026-06-08T12:21:36.0000000Z;96.426;96.64;41;41
2026-06-08T12:21:37.0000000Z;96.426;96.638;41;450
2026-06-08T12:21:41.0000000Z;96.426;96.64;41;41
2026-06-08T12:21:43.0000000Z;96.426;96.64;41;41
2026-06-08T12:21:44.0000000Z;96.426;96.64;41;41
2026-06-08T12:21:45.0000000Z;96.426;96.638;41;450
2026-06-08T12:21:46.0000000Z;96.426;96.64;41;41
2026-06-08T12:21:48.0000000Z;96.426;96.636;41;3000
2026-06-08T12:21:49.0000000Z;96.426;96.636;41;41
2026-06-08T12:21:54.0000000Z;96.426;96.636;41;41
2026-06-08T12:21:55.0000000Z;96.426;96.636;41;41
2026-06-08T12:21:56.0000000Z;96.426;96.636;41;41
2026-06-08T12:21:57.0000000Z;96.426;96.636;41;41
2026-06-08T12:21:58.0000000Z;96.414;96.636;753;41
2026-06-08T12:21:59.0000000Z;96.414;96.636;753;41
2026-06-08T12:22:00.0000000Z;96.414;96.632;753;41
2026-06-08T12:22:01.0000000Z;96.424;96.63;41;450
2026-06-08T12:22:07.0000000Z;96.416;96.63;450;450
2026-06-08T12:22:12.0000000Z;96.414;96.628;753;41
2026-06-08T12:22:13.0000000Z;96.414;96.626;753;450
2026-06-08T12:22:15.0000000Z;96.414;96.628;41;41
2026-06-08T12:22:19.0000000Z;96.416;96.626;450;450
2026-06-08T12:22:23.0000000Z;96.416;96.626;450;450
2026-06-08T12:22:24.0000000Z;96.414;96.624;41;41
2026-06-08T12:22:25.0000000Z;96.418;96.624;753;41
2026-06-08T12:22:26.0000000Z;96.422;96.624;41;41
2026-06-08T12:22:27.0000000Z;96.424;96.624;450;41
2026-06-08T12:22:28.0000000Z;96.422;96.624;753;41
2026-06-08T12:22:29.0000000Z;96.428;96.624;41;41
2026-06-08T12:22:30.0000000Z;96.428;96.624;516;41
2026-06-08T12:22:36.0000000Z;96.432;96.62;41;41
2026-06-08T12:22:37.0000000Z;96.432;96.684;41;41
2026-06-08T12:22:38.0000000Z;96.436;96.684;41;41
2026-06-08T12:22:39.0000000Z;96.438;96.682;450;450
2026-06-08T12:22:41.0000000Z;96.436;96.684;41;41
2026-06-08T12:22:45.0000000Z;96.436;96.684;41;41
2026-06-08T12:22:48.0000000Z;96.436;96.676;41;41
2026-06-08T12:22:49.0000000Z;96.436;96.674;41;450
2026-06-08T12:22:51.0000000Z;96.436;96.672;41;41
2026-06-08T12:22:52.0000000Z;96.436;96.672;41;41
2026-06-08T12:22:53.0000000Z;96.44;96.656;753;41
2026-06-08T12:22:54.0000000Z;96.442;96.654;450;450
2026-06-08T12:22:55.0000000Z;96.442;96.654;450;450
2026-06-08T12:22:57.0000000Z;96.44;96.656;753;41
2026-06-08T12:22:58.0000000Z;96.44;96.656;41;41
2026-06-08T12:23:00.0000000Z;96.44;96.652;41;3000
2026-06-08T12:23:01.0000000Z;96.44;96.65;41;450
2026-06-08T12:23:02.0000000Z;96.44;96.652;3000;41
2026-06-08T12:23:03.0000000Z;96.446;96.652;450;41
2026-06-08T12:23:06.0000000Z;96.446;96.65;450;450
2026-06-08T12:23:12.0000000Z;96.444;96.648;41;41
2026-06-08T12:23:13.0000000Z;96.444;96.646;41;450
2026-06-08T12:23:14.0000000Z;96.444;96.648;41;41
2026-06-08T12:23:18.0000000Z;96.444;96.648;41;41
2026-06-08T12:23:20.0000000Z;96.444;96.646;41;450
2026-06-08T12:23:24.0000000Z;96.396;96.644;41;41
2026-06-08T12:23:25.0000000Z;96.396;96.644;41;41
2026-06-08T12:23:26.0000000Z;96.402;96.644;41;41
2026-06-08T12:23:27.0000000Z;96.442;96.644;41;41
2026-06-08T12:23:30.0000000Z;96.402;96.644;41;41
2026-06-08T12:23:31.0000000Z;96.402;96.644;41;41
2026-06-08T12:23:33.0000000Z;96.402;96.644;41;41
2026-06-08T12:23:36.0000000Z;96.402;96.64;41;41
2026-06-08T12:23:37.0000000Z;96.402;96.638;41;450
2026-06-08T12:23:39.0000000Z;96.408;96.64;41;41
2026-06-08T12:23:40.0000000Z;96.41;96.64;450;41
2026-06-08T12:23:44.0000000Z;96.408;96.64;41;41
2026-06-08T12:23:45.0000000Z;96.41;96.638;450;450
2026-06-08T12:23:48.0000000Z;96.408;96.636;41;41
2026-06-08T12:23:49.0000000Z;96.408;96.634;41;450
2026-06-08T12:23:51.0000000Z;96.414;96.642;41;41
2026-06-08T12:23:52.0000000Z;96.416;96.642;450;41
2026-06-08T12:23:54.0000000Z;96.416;96.686;450;450
2026-06-08T12:23:56.0000000Z;96.414;96.688;41;41
2026-06-08T12:24:00.0000000Z;96.414;96.684;41;41
2026-06-08T12:24:01.0000000Z;96.414;96.682;41;450
2026-06-08T12:24:02.0000000Z;96.42;96.684;41;41
2026-06-08T12:24:03.0000000Z;96.422;96.684;450;41
2026-06-08T12:24:05.0000000Z;96.422;96.682;450;450
2026-06-08T12:24:07.0000000Z;96.42;96.68;41;41
2026-06-08T12:24:08.0000000Z;96.42;96.678;41;450
2026-06-08T12:24:12.0000000Z;96.42;96.676;41;41
2026-06-08T12:24:13.0000000Z;96.42;96.674;41;450
2026-06-08T12:24:15.0000000Z;96.426;96.676;41;41
2026-06-08T12:24:16.0000000Z;96.426;96.676;41;41
2026-06-08T12:24:17.0000000Z;96.426;96.676;41;41
2026-06-08T12:24:18.0000000Z;96.426;96.676;41;41
2026-06-08T12:24:19.0000000Z;96.428;96.674;450;450
2026-06-08T12:24:20.0000000Z;96.426;96.676;41;41
2026-06-08T12:24:24.0000000Z;96.426;96.672;41;41
2026-06-08T12:24:25.0000000Z;96.426;96.67;41;450
2026-06-08T12:24:27.0000000Z;96.43;96.672;41;41
2026-06-08T12:24:28.0000000Z;96.43;96.672;41;41
2026-06-08T12:24:29.0000000Z;96.43;96.672;41;41
2026-06-08T12:24:30.0000000Z;96.43;96.672;41;41
2026-06-08T12:24:31.0000000Z;96.43;96.672;41;41
2026-06-08T12:24:32.0000000Z;96.43;96.672;41;41
2026-06-08T12:24:33.0000000Z;96.43;96.672;41;41
2026-06-08T12:24:34.0000000Z;96.43;96.672;41;41
2026-06-08T12:24:35.0000000Z;96.43;96.672;41;41
2026-06-08T12:24:36.0000000Z;96.39;96.668;41;41
2026-06-08T12:24:37.0000000Z;96.428;96.666;41;450
2026-06-08T12:24:38.0000000Z;96.428;96.668;41;41
2026-06-08T12:24:39.0000000Z;96.428;96.668;41;41
2026-06-08T12:24:40.0000000Z;96.428;96.668;41;41
2026-06-08T12:24:41.0000000Z;96.398;96.666;450;450
2026-06-08T12:24:43.0000000Z;96.396;96.668;41;41
2026-06-08T12:24:48.0000000Z;96.396;96.664;41;41
2026-06-08T12:24:49.0000000Z;96.396;96.662;41;450
2026-06-08T12:24:51.0000000Z;96.402;96.664;41;41
2026-06-08T12:24:52.0000000Z;96.404;96.664;450;41
2026-06-08T12:24:53.0000000Z;96.404;96.662;450;450
2026-06-08T12:24:56.0000000Z;96.402;96.664;41;41
2026-06-08T12:25:00.0000000Z;96.402;96.66;41;41
2026-06-08T12:25:01.0000000Z;96.402;96.658;41;450
2026-06-08T12:25:02.0000000Z;96.408;96.66;41;41
2026-06-08T12:25:03.0000000Z;96.408;96.66;3000;41
2026-06-08T12:25:04.0000000Z;96.41;96.66;450;41
2026-06-08T12:25:06.0000000Z;96.422;96.66;41;41
2026-06-08T12:25:07.0000000Z;96.424;96.658;450;450
2026-06-08T12:25:11.0000000Z;96.422;96.66;41;41
2026-06-08T12:25:12.0000000Z;96.422;96.656;41;3000
2026-06-08T12:25:13.0000000Z;96.422;96.654;41;450
2026-06-08T12:25:15.0000000Z;96.428;96.656;41;41
2026-06-08T12:25:16.0000000Z;96.43;96.656;450;41
2026-06-08T12:25:20.0000000Z;96.43;96.654;450;450
2026-06-08T12:25:24.0000000Z;96.428;96.652;41;41
2026-06-08T12:25:25.0000000Z;96.428;96.65;41;450
2026-06-08T12:25:27.0000000Z;96.434;96.652;41;41
2026-06-08T12:25:28.0000000Z;96.436;96.652;450;41
2026-06-08T12:25:30.0000000Z;96.436;96.65;450;450
2026-06-08T12:25:32.0000000Z;96.422;96.652;41;41
2026-06-08T12:25:33.0000000Z;96.434;96.652;3000;41
2026-06-08T12:25:34.0000000Z;96.432;96.652;41;41
2026-06-08T12:25:36.0000000Z;96.422;96.648;41;41
2026-06-08T12:25:37.0000000Z;96.424;96.646;450;450
2026-06-08T12:25:39.0000000Z;96.428;96.648;41;41
2026-06-08T12:25:40.0000000Z;96.43;96.648;450;41
2026-06-08T12:25:44.0000000Z;96.43;96.648;450;41
2026-06-08T12:25:48.0000000Z;96.428;96.644;41;41
2026-06-08T12:25:49.0000000Z;96.428;96.642;41;450
2026-06-08T12:25:50.0000000Z;96.434;96.644;41;41
2026-06-08T12:25:51.0000000Z;96.436;96.644;450;41
2026-06-08T12:25:52.0000000Z;96.436;96.642;450;450
2026-06-08T12:25:55.0000000Z;96.422;96.644;41;41
2026-06-08T12:25:56.0000000Z;96.434;96.644;3000;41
2026-06-08T12:25:58.0000000Z;96.432;96.644;41;41
2026-06-08T12:26:00.0000000Z;96.424;96.64;450;3000
2026-06-08T12:26:01.0000000Z;96.424;96.638;450;450
2026-06-08T12:26:02.0000000Z;96.426;96.64;712;41
2026-06-08T12:26:03.0000000Z;96.43;96.64;450;41
2026-06-08T12:26:04.0000000Z;96.43;96.64;450;41
2026-06-08T12:26:07.0000000Z;96.428;96.64;41;41
2026-06-08T12:26:08.0000000Z;96.43;96.64;450;41
2026-06-08T12:26:12.0000000Z;96.428;96.636;41;41
2026-06-08T12:26:13.0000000Z;96.428;96.634;41;450
2026-06-08T12:26:14.0000000Z;96.434;96.636;41;41
2026-06-08T12:26:15.0000000Z;96.434;96.636;3000;41
2026-06-08T12:26:16.0000000Z;96.436;96.634;450;450
2026-06-08T12:26:19.0000000Z;96.422;96.636;41;41
2026-06-08T12:26:20.0000000Z;96.434;96.636;3000;41
2026-06-08T12:26:22.0000000Z;96.432;96.636;41;41
2026-06-08T12:26:24.0000000Z;96.422;96.632;41;3000
2026-06-08T12:26:25.0000000Z;96.424;96.63;450;450
2026-06-08T12:26:26.0000000Z;96.428;96.632;41;41
2026-06-08T12:26:27.0000000Z;96.43;96.632;450;41
2026-06-08T12:26:31.0000000Z;96.428;96.632;41;41
2026-06-08T12:26:36.0000000Z;96.428;96.628;41;41
2026-06-08T12:26:37.0000000Z;96.428;96.626;41;450
2026-06-08T12:26:38.0000000Z;96.428;96.628;3000;3000
2026-06-08T12:26:39.0000000Z;96.436;96.628;450;3000
2026-06-08T12:26:40.0000000Z;96.436;96.686;450;450
2026-06-08T12:26:43.0000000Z;96.422;96.688;41;41
2026-06-08T12:26:44.0000000Z;96.434;96.688;3000;41
2026-06-08T12:26:46.0000000Z;96.432;96.688;41;41
2026-06-08T12:26:48.0000000Z;96.424;96.684;450;3000
2026-06-08T12:26:49.0000000Z;96.424;96.682;450;450
2026-06-08T12:26:51.0000000Z;96.428;96.684;41;41
2026-06-08T12:26:52.0000000Z;96.43;96.684;450;41
2026-06-08T12:26:56.0000000Z;96.43;96.684;450;41
2026-06-08T12:27:00.0000000Z;96.428;96.68;41;41
2026-06-08T12:27:01.0000000Z;96.428;96.678;41;450
2026-06-08T12:27:02.0000000Z;96.434;96.68;41;41
2026-06-08T12:27:03.0000000Z;96.436;96.68;450;41
2026-06-08T12:27:04.0000000Z;96.436;96.678;450;450
2026-06-08T12:27:07.0000000Z;96.422;96.68;41;41
2026-06-08T12:27:08.0000000Z;96.434;96.68;3000;41
2026-06-08T12:27:09.0000000Z;96.422;96.68;41;41
2026-06-08T12:27:10.0000000Z;96.432;96.68;41;41
2026-06-08T12:27:12.0000000Z;96.422;96.676;41;41
2026-06-08T12:27:13.0000000Z;96.422;96.674;41;450
2026-06-08T12:27:14.0000000Z;96.428;96.676;41;41
2026-06-08T12:27:15.0000000Z;96.43;96.676;450;41
2026-06-08T12:27:18.0000000Z;96.428;96.676;41;41
2026-06-08T12:27:19.0000000Z;96.428;96.676;41;41
2026-06-08T12:27:20.0000000Z;96.428;96.676;41;41
2026-06-08T12:27:22.0000000Z;96.43;96.676;450;41
2026-06-08T12:27:24.0000000Z;96.428;96.672;41;41
2026-06-08T12:27:25.0000000Z;96.428;96.67;41;450
2026-06-08T12:27:27.0000000Z;96.434;96.672;41;41
2026-06-08T12:27:28.0000000Z;96.436;96.672;450;41
2026-06-08T12:27:31.0000000Z;96.436;96.67;450;450
2026-06-08T12:27:32.0000000Z;96.422;96.672;41;41
2026-06-08T12:27:33.0000000Z;96.434;96.672;3000;41
2026-06-08T12:27:34.0000000Z;96.432;96.672;41;41
2026-06-08T12:27:36.0000000Z;96.422;96.668;41;41
2026-06-08T12:27:37.0000000Z;96.424;96.666;450;450
2026-06-08T12:27:39.0000000Z;96.428;96.668;41;41
2026-06-08T12:27:40.0000000Z;96.43;96.668;450;41
2026-06-08T12:27:43.0000000Z;96.43;96.668;450;41
2026-06-08T12:27:44.0000000Z;96.428;96.668;41;41
2026-06-08T12:27:48.0000000Z;96.428;96.664;41;41
2026-06-08T12:27:49.0000000Z;96.428;96.662;41;450
2026-06-08T12:27:51.0000000Z;96.434;96.664;41;41
2026-06-08T12:27:52.0000000Z;96.436;96.664;450;41
2026-06-08T12:27:56.0000000Z;96.436;96.662;450;450
2026-06-08T12:27:57.0000000Z;96.434;96.664;3000;41
2026-06-08T12:27:58.0000000Z;96.434;96.664;3000;41
2026-06-08T12:28:00.0000000Z;96.432;96.66;41;41
2026-06-08T12:28:01.0000000Z;96.432;96.658;41;450
2026-06-08T12:28:02.0000000Z;96.428;96.66;41;41
2026-06-08T12:28:03.0000000Z;96.428;96.66;3000;41
2026-06-08T12:28:04.0000000Z;96.43;96.66;450;41
2026-06-08T12:28:07.0000000Z;96.428;96.66;41;41
2026-06-08T12:28:08.0000000Z;96.43;96.66;450;41
2026-06-08T12:28:12.0000000Z;96.428;96.656;41;41
2026-06-08T12:28:13.0000000Z;96.428;96.654;41;450
2026-06-08T12:28:14.0000000Z;96.434;96.656;41;41
2026-06-08T12:28:15.0000000Z;96.436;96.656;450;41
2026-06-08T12:28:17.0000000Z;96.436;96.654;450;450
2026-06-08T12:28:19.0000000Z;96.422;96.656;41;41
2026-06-08T12:28:20.0000000Z;96.434;96.656;3000;41
2026-06-08T12:28:22.0000000Z;96.432;96.656;41;41
2026-06-08T12:28:24.0000000Z;96.422;96.652;41;41
2026-06-08T12:28:25.0000000Z;96.424;96.65;450;450
2026-06-08T12:28:27.0000000Z;96.428;96.652;41;41
2026-06-08T12:28:28.0000000Z;96.43;96.652;450;41
2026-06-08T12:28:32.0000000Z;96.428;96.652;41;41
2026-06-08T12:28:33.0000000Z;96.43;96.652;450;41
2026-06-08T12:28:36.0000000Z;96.428;96.648;41;41
2026-06-08T12:28:37.0000000Z;96.428;96.646;41;450
2026-06-08T12:28:39.0000000Z;96.434;96.648;41;41
2026-06-08T12:28:40.0000000Z;96.436;96.648;450;41
2026-06-08T12:28:41.0000000Z;96.436;96.646;450;450
2026-06-08T12:28:44.0000000Z;96.422;96.648;41;41
2026-06-08T12:28:45.0000000Z;96.434;96.648;3000;41
2026-06-08T12:28:47.0000000Z;96.432;96.648;41;41
2026-06-08T12:28:48.0000000Z;96.422;96.644;41;41
2026-06-08T12:28:49.0000000Z;96.422;96.642;41;450
2026-06-08T12:28:51.0000000Z;96.428;96.644;41;41
2026-06-08T12:28:52.0000000Z;96.43;96.644;450;41
2026-06-08T12:28:53.0000000Z;96.43;96.642;450;450
2026-06-08T12:28:56.0000000Z;96.428;96.644;41;41
2026-06-08T12:29:00.0000000Z;96.428;96.64;41;41
2026-06-08T12:29:01.0000000Z;96.428;96.638;41;450
2026-06-08T12:29:02.0000000Z;96.434;96.64;41;41
2026-06-08T12:29:03.0000000Z;96.436;96.64;450;41
2026-06-08T12:29:05.0000000Z;96.436;96.638;450;450
2026-06-08T12:29:07.0000000Z;96.422;96.64;41;41
2026-06-08T12:29:08.0000000Z;96.434;96.64;3000;41
2026-06-08T12:29:09.0000000Z;96.432;96.64;41;41
2026-06-08T12:29:12.0000000Z;96.424;96.636;450;3000
2026-06-08T12:29:13.0000000Z;96.424;96.634;450;450
2026-06-08T12:29:14.0000000Z;96.428;96.636;41;41
2026-06-08T12:29:15.0000000Z;96.428;96.636;3000;41
2026-06-08T12:29:16.0000000Z;96.428;96.636;41;41
2026-06-08T12:29:19.0000000Z;96.43;96.636;450;41
2026-06-08T12:29:24.0000000Z;96.428;96.632;41;41
2026-06-08T12:29:25.0000000Z;96.428;96.63;41;450
2026-06-08T12:29:26.0000000Z;96.428;96.632;3000;41
2026-06-08T12:29:27.0000000Z;96.434;96.632;41;41
2026-06-08T12:29:28.0000000Z;96.434;96.632;41;41
2026-06-08T12:29:29.0000000Z;96.434;96.632;41;41
2026-06-08T12:29:30.0000000Z;96.434;96.632;41;41
2026-06-08T12:29:31.0000000Z;96.422;96.632;41;41
2026-06-08T12:29:32.0000000Z;96.422;96.632;41;41
2026-06-08T12:29:33.0000000Z;96.422;96.632;41;41
2026-06-08T12:29:34.0000000Z;96.422;96.632;41;41
2026-06-08T12:29:35.0000000Z;96.422;96.632;41;41
2026-06-08T12:29:36.0000000Z;96.422;96.632;41;41
2026-06-08T12:29:37.0000000Z;96.422;96.632;41;41
2026-06-08T12:29:38.0000000Z;96.422;96.632;41;41
2026-06-08T12:29:39.0000000Z;96.428;96.632;41;41
2026-06-08T12:29:40.0000000Z;96.428;96.628;41;41
2026-06-08T12:29:41.0000000Z;96.428;96.628;41;41
2026-06-08T12:29:42.0000000Z;96.428;96.628;41;41
2026-06-08T12:29:43.0000000Z;96.428;96.628;41;41
2026-06-08T12:29:44.0000000Z;96.428;96.628;41;41
2026-06-08T12:29:45.0000000Z;96.43;96.626;450;450
2026-06-08T12:29:48.0000000Z;96.428;96.628;41;41
2026-06-08T12:29:51.0000000Z;96.434;96.628;41;41
2026-06-08T12:29:52.0000000Z;96.436;96.628;450;41
2026-06-08T12:29:56.0000000Z;96.422;96.628;41;41
2026-06-08T12:29:57.0000000Z;96.426;96.628;41;41
2026-06-08T12:29:59.0000000Z;96.424;96.628;450;41
2026-06-08T12:30:02.0000000Z;96.428;96.628;41;41
2026-06-08T12:30:03.0000000Z;96.428;96.68;41;41
2026-06-08T12:30:04.0000000Z;96.428;96.68;41;41
2026-06-08T12:30:05.0000000Z;96.428;96.68;41;41
2026-06-08T12:30:06.0000000Z;96.428;96.68;41;41
2026-06-08T12:30:07.0000000Z;96.428;96.68;41;41
2026-06-08T12:30:08.0000000Z;96.428;96.68;41;41
2026-06-08T12:30:09.0000000Z;96.428;96.68;41;41
2026-06-08T12:30:10.0000000Z;96.428;96.68;41;41
2026-06-08T12:30:11.0000000Z;96.428;96.68;41;41
2026-06-08T12:30:12.0000000Z;96.428;96.676;41;3000
2026-06-08T12:30:13.0000000Z;96.428;96.674;41;450
2026-06-08T12:30:14.0000000Z;96.434;96.676;41;41
2026-06-08T12:30:15.0000000Z;96.436;96.676;450;41
2026-06-08T12:30:16.0000000Z;96.436;96.676;450;41
2026-06-08T12:30:18.0000000Z;96.436;96.674;450;450
2026-06-08T12:30:19.0000000Z;96.422;96.676;41;41
2026-06-08T12:30:20.0000000Z;96.434;96.676;3000;41
2026-06-08T12:30:21.0000000Z;96.432;96.676;41;41
2026-06-08T12:30:24.0000000Z;96.422;96.672;41;3000
2026-06-08T12:30:25.0000000Z;96.422;96.67;41;450
2026-06-08T12:30:27.0000000Z;96.428;96.672;41;41
2026-06-08T12:30:28.0000000Z;96.432;96.672;41;41
2026-06-08T12:30:32.0000000Z;96.43;96.67;450;450
2026-06-08T12:30:36.0000000Z;96.428;96.668;41;41
2026-06-08T12:30:37.0000000Z;96.428;96.666;41;450
2026-06-08T12:30:38.0000000Z;96.434;96.668;41;41
2026-06-08T12:30:39.0000000Z;96.436;96.668;450;41
2026-06-08T12:30:43.0000000Z;96.422;96.668;41;41
2026-06-08T12:30:44.0000000Z;96.434;96.666;3000;450
2026-06-08T12:30:45.0000000Z;96.434;96.666;3000;450
2026-06-08T12:30:47.0000000Z;96.424;96.666;450;450
2026-06-08T12:30:48.0000000Z;96.422;96.664;41;3000
2026-06-08T12:30:49.0000000Z;96.422;96.662;41;450
2026-06-08T12:30:51.0000000Z;96.428;96.664;41;41
2026-06-08T12:30:52.0000000Z;96.43;96.664;450;41
2026-06-08T12:30:56.0000000Z;96.43;96.662;450;450
2026-06-08T12:31:00.0000000Z;96.428;96.66;41;41
2026-06-08T12:31:01.0000000Z;96.428;96.658;41;450
2026-06-08T12:31:03.0000000Z;96.434;96.66;41;41
2026-06-08T12:31:04.0000000Z;96.436;96.66;450;41
2026-06-08T12:31:05.0000000Z;96.436;96.658;450;450
2026-06-08T12:31:08.0000000Z;96.422;96.66;41;41
2026-06-08T12:31:09.0000000Z;96.432;96.66;41;41
2026-06-08T12:31:12.0000000Z;96.422;96.656;41;41
2026-06-08T12:31:13.0000000Z;96.422;96.654;41;450
2026-06-08T12:31:14.0000000Z;96.428;96.656;41;41
2026-06-08T12:31:15.0000000Z;96.43;96.654;450;450
2026-06-08T12:31:19.0000000Z;96.428;96.656;41;41
2026-06-08T12:31:24.0000000Z;96.428;96.652;41;41
2026-06-08T12:31:25.0000000Z;96.428;96.65;41;450
2026-06-08T12:31:27.0000000Z;96.434;96.652;41;41
2026-06-08T12:31:28.0000000Z;96.436;96.652;450;41
2026-06-08T12:31:29.0000000Z;96.436;96.65;450;450
2026-06-08T12:31:32.0000000Z;96.422;96.652;41;41
2026-06-08T12:31:33.0000000Z;96.422;96.652;41;41
2026-06-08T12:31:35.0000000Z;96.432;96.652;41;41
2026-06-08T12:31:36.0000000Z;96.422;96.648;41;41
2026-06-08T12:31:37.0000000Z;96.422;96.646;41;450
2026-06-08T12:31:38.0000000Z;96.428;96.648;41;41
2026-06-08T12:31:39.0000000Z;96.43;96.646;450;450
2026-06-08T12:31:43.0000000Z;96.428;96.648;41;41
2026-06-08T12:31:47.0000000Z;96.428;96.648;41;41
2026-06-08T12:31:48.0000000Z;96.428;96.644;41;41
2026-06-08T12:31:49.0000000Z;96.428;96.642;41;450
2026-06-08T12:31:51.0000000Z;96.434;96.644;41;41
2026-06-08T12:31:52.0000000Z;96.436;96.644;450;41
2026-06-08T12:31:54.0000000Z;96.436;96.642;450;450
2026-06-08T12:31:56.0000000Z;96.422;96.644;41;41
2026-06-08T12:31:57.0000000Z;96.432;96.644;41;41
2026-06-08T12:32:00.0000000Z;96.422;96.64;41;3000
2026-06-08T12:32:01.0000000Z;96.424;96.638;450;450
2026-06-08T12:32:02.0000000Z;96.428;96.64;41;41
2026-06-08T12:32:03.0000000Z;96.43;96.64;450;41
2026-06-08T12:32:07.0000000Z;96.428;96.64;41;41
2026-06-08T12:32:11.0000000Z;96.43;96.64;450;41
2026-06-08T12:32:12.0000000Z;96.428;96.636;41;41
2026-06-08T12:32:13.0000000Z;96.428;96.634;41;450
2026-06-08T12:32:14.0000000Z;96.434;96.636;41;41
2026-06-08T12:32:15.0000000Z;96.436;96.636;450;41
2026-06-08T12:32:19.0000000Z;96.422;96.636;41;41
2026-06-08T12:32:20.0000000Z;96.434;96.634;3000;450
2026-06-08T12:32:21.0000000Z;96.424;96.634;450;450
2026-06-08T12:32:24.0000000Z;96.422;96.632;41;41
2026-06-08T12:32:25.0000000Z;96.422;96.63;41;450
2026-06-08T12:32:26.0000000Z;96.428;96.632;41;41
2026-06-08T12:32:27.0000000Z;96.428;96.632;3000;41
2026-06-08T12:32:28.0000000Z;96.43;96.632;450;41
2026-06-08T12:32:31.0000000Z;96.428;96.632;41;41
2026-06-08T12:32:32.0000000Z;96.43;96.63;450;450
2026-06-08T12:32:36.0000000Z;96.428;96.628;41;41
2026-06-08T12:32:37.0000000Z;96.428;96.626;41;450
2026-06-08T12:32:38.0000000Z;96.434;96.628;41;41
2026-06-08T12:32:39.0000000Z;96.434;96.628;3000;41
2026-06-08T12:32:40.0000000Z;96.436;96.628;450;41
2026-06-08T12:32:42.0000000Z;96.436;96.626;450;450
2026-06-08T12:32:43.0000000Z;96.422;96.628;41;41
2026-06-08T12:32:44.0000000Z;96.434;96.628;3000;41
2026-06-08T12:32:45.0000000Z;96.432;96.628;41;41
2026-06-08T12:32:48.0000000Z;96.422;96.628;41;516
2026-06-08T12:32:50.0000000Z;96.428;96.628;41;516
2026-06-08T12:32:51.0000000Z;96.428;96.628;41;516
2026-06-08T12:32:52.0000000Z;96.428;96.628;41;516
2026-06-08T12:32:53.0000000Z;96.428;96.628;41;516
2026-06-08T12:32:54.0000000Z;96.428;96.628;41;516
2026-06-08T12:32:55.0000000Z;96.428;96.628;41;516
2026-06-08T12:32:56.0000000Z;96.428;96.628;41;516
2026-06-08T12:32:57.0000000Z;96.428;96.628;41;516
2026-06-08T12:32:58.0000000Z;96.428;96.628;41;516
2026-06-08T12:32:59.0000000Z;96.428;96.628;41;516
2026-06-08T12:33:02.0000000Z;96.434;96.628;41;516
2026-06-08T12:33:03.0000000Z;96.436;96.628;450;516
2026-06-08T12:33:07.0000000Z;96.422;96.628;41;516
2026-06-08T12:33:09.0000000Z;96.434;96.628;3000;516
2026-06-08T12:33:10.0000000Z;96.424;96.628;450;516
2026-06-08T12:33:14.0000000Z;96.428;96.628;41;516
2026-06-08T12:33:15.0000000Z;96.43;96.628;450;516
2026-06-08T12:33:19.0000000Z;96.428;96.628;41;516
2026-06-08T12:33:20.0000000Z;96.43;96.628;450;516
2026-06-08T12:33:26.0000000Z;96.434;96.628;41;516
2026-06-08T12:33:27.0000000Z;96.436;96.628;450;516
2026-06-08T12:33:31.0000000Z;96.422;96.628;41;516
2026-06-08T12:33:32.0000000Z;96.434;96.628;3000;516
2026-06-08T12:33:34.0000000Z;96.424;96.628;450;516
2026-06-08T12:33:36.0000000Z;96.422;96.628;41;516
2026-06-08T12:33:37.0000000Z;96.422;96.628;41;516
2026-06-08T12:33:38.0000000Z;96.428;96.628;41;516
2026-06-08T12:33:39.0000000Z;96.43;96.628;450;516
2026-06-08T12:33:43.0000000Z;96.428;96.628;41;516
2026-06-08T12:33:44.0000000Z;96.43;96.628;450;516
2026-06-08T12:33:50.0000000Z;96.434;96.628;41;516
2026-06-08T12:33:51.0000000Z;96.436;96.628;450;516
2026-06-08T12:33:52.0000000Z;96.434;96.628;41;516
2026-06-08T12:33:55.0000000Z;96.434;96.628;41;516
2026-06-08T12:33:59.0000000Z;96.436;96.628;450;516
2026-06-08T12:34:01.0000000Z;96.434;96.628;41;516
2026-06-08T12:34:03.0000000Z;96.44;96.628;3000;516
2026-06-08T12:34:04.0000000Z;96.442;96.628;450;516
2026-06-08T12:34:08.0000000Z;96.422;96.628;41;516
2026-06-08T12:34:09.0000000Z;96.44;96.628;3000;516
2026-06-08T12:34:10.0000000Z;96.424;96.628;450;516
2026-06-08T12:34:14.0000000Z;96.428;96.628;41;516
2026-06-08T12:34:15.0000000Z;96.43;96.628;450;516
2026-06-08T12:34:19.0000000Z;96.43;96.628;450;516
2026-06-08T12:34:26.0000000Z;96.434;96.628;41;516
2026-06-08T12:34:27.0000000Z;96.434;96.628;3000;516
2026-06-08T12:34:28.0000000Z;96.436;96.628;450;516
2026-06-08T12:34:31.0000000Z;96.434;96.628;41;516
2026-06-08T12:34:36.0000000Z;96.436;96.628;450;516
2026-06-08T12:34:38.0000000Z;96.438;96.628;41;516
2026-06-08T12:34:39.0000000Z;96.44;96.628;450;516
2026-06-08T12:34:42.0000000Z;96.438;96.628;753;516
2026-06-08T12:34:45.0000000Z;96.44;96.626;450;450
2026-06-08T12:34:47.0000000Z;96.422;96.628;41;516
2026-06-08T12:34:48.0000000Z;96.438;96.628;3000;516
2026-06-08T12:34:50.0000000Z;96.428;96.628;41;516
2026-06-08T12:34:51.0000000Z;96.436;96.628;260;516
2026-06-08T12:34:52.0000000Z;96.436;96.628;260;516
2026-06-08T12:34:53.0000000Z;96.43;96.626;450;450
2026-06-08T12:34:55.0000000Z;96.428;96.628;41;516
2026-06-08T12:35:02.0000000Z;96.432;96.628;41;516
2026-06-08T12:35:03.0000000Z;96.434;96.628;450;516
2026-06-08T12:35:09.0000000Z;96.434;96.628;450;516
2026-06-08T12:35:29.0000000Z;96.434;96.628;475;516
2026-06-08T12:35:30.0000000Z;96.436;96.628;3000;516
2026-06-08T12:35:31.0000000Z;96.438;96.628;450;516
2026-06-08T12:35:34.0000000Z;96.438;96.628;450;516
2026-06-08T12:35:48.0000000Z;96.436;96.628;41;516
2026-06-08T12:36:13.0000000Z;96.44;96.628;41;516
2026-06-08T12:36:14.0000000Z;96.442;96.628;450;516
2026-06-08T12:36:21.0000000Z;96.442;96.628;450;516
2026-06-08T12:36:22.0000000Z;96.44;96.628;41;516
2026-06-08T12:36:32.0000000Z;96.44;96.628;41;516
2026-06-08T12:37:02.0000000Z;96.444;96.628;41;516
2026-06-08T12:37:03.0000000Z;96.446;96.628;450;516
2026-06-08T12:37:09.0000000Z;96.446;96.628;450;516
2026-06-08T12:38:39.0000000Z;96.434;96.628;41;516
2026-06-08T12:38:40.0000000Z;96.444;96.628;3000;516
2026-06-08T12:38:41.0000000Z;96.442;96.628;41;516
2026-06-08T12:38:44.0000000Z;96.434;96.628;41;516
2026-06-08T12:38:46.0000000Z;96.436;96.628;450;516
2026-06-08T12:39:07.0000000Z;96.434;96.628;753;516
2026-06-08T12:39:08.0000000Z;96.438;96.628;3000;516
2026-06-08T12:39:09.0000000Z;96.44;96.628;450;516
2026-06-08T12:39:14.0000000Z;96.44;96.628;450;516
2026-06-08T12:39:21.0000000Z;96.426;96.628;41;516
2026-06-08T12:39:22.0000000Z;96.438;96.628;3000;516
2026-06-08T12:39:23.0000000Z;96.436;96.628;41;516
2026-06-08T12:39:24.0000000Z;96.43;96.628;41;516
2026-06-08T12:39:25.0000000Z;96.436;96.628;41;516
2026-06-08T12:39:27.0000000Z;96.432;96.628;450;516
2026-06-08T12:39:30.0000000Z;96.434;96.628;41;516
2026-06-08T12:39:31.0000000Z;96.436;96.628;450;516
2026-06-08T12:39:32.0000000Z;96.434;96.628;41;516
2026-06-08T12:39:34.0000000Z;96.434;96.628;41;516
2026-06-08T12:39:35.0000000Z;96.434;96.628;41;516
2026-06-08T12:39:36.0000000Z;96.436;96.628;450;516
2026-06-08T12:39:42.0000000Z;96.434;96.628;3000;516
2026-06-08T12:39:43.0000000Z;96.438;96.628;41;516
2026-06-08T12:39:44.0000000Z;96.44;96.628;450;516
2026-06-08T12:39:45.0000000Z;96.442;96.628;41;516
2026-06-08T12:39:46.0000000Z;96.444;96.628;450;516
2026-06-08T12:39:47.0000000Z;96.444;96.628;450;516
2026-06-08T12:39:59.0000000Z;96.442;96.628;3000;516
2026-06-08T12:39:59.0000000Z;96.442;96.628;41;475
2026-06-08T12:40:00.0000000Z;96.42;96.628;475;475
2026-06-08T12:40:01.0000000Z;96.42;96.628;475;475
2026-06-08T12:40:02.0000000Z;96.43;96.616;41;475
2026-06-08T12:40:03.0000000Z;96.442;96.614;3000;450
2026-06-08T12:40:06.0000000Z;96.44;96.616;41;475
2026-06-08T12:40:07.0000000Z;96.442;96.616;41;475
2026-06-08T12:40:08.0000000Z;96.444;96.616;450;475
2026-06-08T12:40:09.0000000Z;96.444;96.616;450;475
2026-06-08T12:40:10.0000000Z;96.442;96.614;41;41
2026-06-08T12:40:11.0000000Z;96.442;96.614;41;41
2026-06-08T12:40:12.0000000Z;96.442;96.614;41;41
2026-06-08T12:40:13.0000000Z;96.442;96.614;41;41
2026-06-08T12:40:14.0000000Z;96.442;96.614;41;41
2026-06-08T12:40:15.0000000Z;96.442;96.614;41;41
2026-06-08T12:40:16.0000000Z;96.442;96.614;41;41
2026-06-08T12:40:17.0000000Z;96.442;96.614;41;41
2026-06-08T12:40:18.0000000Z;96.442;96.614;41;41
2026-06-08T12:40:19.0000000Z;96.442;96.614;41;41
2026-06-08T12:40:20.0000000Z;96.442;96.614;41;41
2026-06-08T12:40:47.0000000Z;96.442;96.614;41;41
2026-06-08T12:40:49.0000000Z;96.442;96.614;41;41
2026-06-08T12:41:06.0000000Z;96.446;96.614;41;41
2026-06-08T12:41:07.0000000Z;96.446;96.614;41;41
2026-06-08T12:41:11.0000000Z;96.448;96.614;450;41
2026-06-08T12:41:17.0000000Z;96.446;96.614;41;41
2026-06-08T12:41:18.0000000Z;96.446;96.614;41;41
2026-06-08T12:41:19.0000000Z;96.446;96.614;41;41
2026-06-08T12:41:20.0000000Z;96.446;96.614;41;41
2026-06-08T12:41:21.0000000Z;96.446;96.614;41;41
2026-06-08T12:41:22.0000000Z;96.446;96.614;41;41
2026-06-08T12:41:23.0000000Z;96.446;96.614;41;41
2026-06-08T12:41:24.0000000Z;96.446;96.614;41;41
2026-06-08T12:41:25.0000000Z;96.446;96.614;41;41
2026-06-08T12:41:45.0000000Z;96.446;96.61;41;41
2026-06-08T12:41:46.0000000Z;96.446;96.61;41;3000
2026-06-08T12:41:47.0000000Z;96.446;96.608;41;450
2026-06-08T12:41:51.0000000Z;96.446;96.608;41;450
2026-06-08T12:41:56.0000000Z;96.446;96.61;41;41
2026-06-08T12:41:57.0000000Z;96.446;96.608;41;450
2026-06-08T12:42:15.0000000Z;96.446;96.61;41;41
2026-06-08T12:42:32.0000000Z;96.446;96.61;41;41
2026-06-08T12:42:33.0000000Z;96.448;96.61;475;41
2026-06-08T12:42:34.0000000Z;96.448;96.61;475;41
2026-06-08T12:42:35.0000000Z;96.464;96.708;3000;475
2026-06-08T12:42:36.0000000Z;96.422;96.686;41;41
2026-06-08T12:42:37.0000000Z;96.464;96.61;3000;3000
2026-06-08T12:42:38.0000000Z;96.464;96.612;3000;41
2026-06-08T12:42:40.0000000Z;96.42;96.786;139;52
2026-06-08T12:42:41.0000000Z;96.422;96.764;41;41
2026-06-08T12:42:42.0000000Z;96.422;96.764;41;41
2026-06-08T12:42:43.0000000Z;96.422;96.764;41;41
2026-06-08T12:42:44.0000000Z;96.424;96.762;450;450
2026-06-08T12:42:45.0000000Z;96.426;96.764;41;41
2026-06-08T12:42:46.0000000Z;96.426;96.72;41;41
2026-06-08T12:42:47.0000000Z;96.42;96.718;139;528
2026-06-08T12:42:48.0000000Z;96.426;96.712;3000;3000
2026-06-08T12:42:50.0000000Z;96.418;96.716;93;41
2026-06-08T12:42:51.0000000Z;96.42;96.716;3491;41
2026-06-08T12:42:52.0000000Z;96.42;96.716;491;41
2026-06-08T12:42:53.0000000Z;96.42;96.716;139;41
2026-06-08T12:42:54.0000000Z;96.42;96.708;139;41
2026-06-08T12:42:55.0000000Z;96.42;96.706;139;450
2026-06-08T12:42:57.0000000Z;96.42;96.708;139;41
2026-06-08T12:42:58.0000000Z;96.422;96.708;450;41
2026-06-08T12:42:59.0000000Z;96.42;96.704;139;3000
2026-06-08T12:43:00.0000000Z;96.42;96.702;139;450
2026-06-08T12:43:02.0000000Z;96.42;96.702;3000;450
2026-06-08T12:43:03.0000000Z;96.42;96.702;3450;450
2026-06-08T12:43:04.0000000Z;96.42;96.704;139;41
2026-06-08T12:43:06.0000000Z;96.42;96.704;3450;41
2026-06-08T12:43:09.0000000Z;96.426;96.704;3000;41
2026-06-08T12:43:10.0000000Z;96.426;96.704;41;41
2026-06-08T12:43:11.0000000Z;96.426;96.7;41;41
2026-06-08T12:43:12.0000000Z;96.426;96.7;41;41
2026-06-08T12:43:14.0000000Z;96.254;96.7;41;41
2026-06-08T12:43:15.0000000Z;96.426;96.7;3000;41
2026-06-08T12:43:16.0000000Z;96.288;96.7;41;41
2026-06-08T12:43:17.0000000Z;96.29;96.698;450;450
2026-06-08T12:43:20.0000000Z;96.288;96.7;41;41
2026-06-08T12:43:21.0000000Z;96.294;96.7;41;41
2026-06-08T12:43:22.0000000Z;96.294;96.7;41;41
2026-06-08T12:43:23.0000000Z;96.294;96.696;41;3000
2026-06-08T12:43:24.0000000Z;96.294;96.694;41;450
2026-06-08T12:43:26.0000000Z;96.294;96.696;41;41
2026-06-08T12:43:27.0000000Z;96.294;96.696;41;41
2026-06-08T12:43:30.0000000Z;96.296;96.694;450;450
2026-06-08T12:43:33.0000000Z;96.3;96.696;41;41
2026-06-08T12:43:34.0000000Z;96.302;96.696;450;41
2026-06-08T12:43:35.0000000Z;96.3;96.692;41;3000
2026-06-08T12:43:36.0000000Z;96.3;96.69;41;450
2026-06-08T12:43:38.0000000Z;96.3;96.692;41;41
2026-06-08T12:43:42.0000000Z;96.302;96.69;450;450
2026-06-08T12:43:45.0000000Z;96.306;96.72;41;41
2026-06-08T12:43:46.0000000Z;96.308;96.694;450;41
2026-06-08T12:43:47.0000000Z;96.306;96.716;41;41
2026-06-08T12:43:48.0000000Z;96.306;96.694;41;41
2026-06-08T12:43:50.0000000Z;96.306;96.694;41;41
2026-06-08T12:43:53.0000000Z;96.306;96.724;41;41
2026-06-08T12:43:54.0000000Z;96.306;96.722;41;450
2026-06-08T12:43:57.0000000Z;96.312;96.724;41;41
2026-06-08T12:43:58.0000000Z;96.314;96.724;450;41
2026-06-08T12:43:59.0000000Z;96.312;96.72;41;41
2026-06-08T12:44:00.0000000Z;96.314;96.718;450;450
2026-06-08T12:44:02.0000000Z;96.312;96.72;41;41
2026-06-08T12:44:09.0000000Z;96.318;96.728;41;41
2026-06-08T12:44:10.0000000Z;96.32;96.72;450;3000
2026-06-08T12:44:11.0000000Z;96.318;96.724;41;569
2026-06-08T12:44:12.0000000Z;96.318;96.722;41;491
2026-06-08T12:44:13.0000000Z;96.318;96.724;41;569
2026-06-08T12:44:14.0000000Z;96.318;96.724;41;569
2026-06-08T12:44:17.0000000Z;96.32;96.722;450;450
2026-06-08T12:44:21.0000000Z;96.324;96.724;41;569
2026-06-08T12:44:22.0000000Z;96.326;96.724;450;569
2026-06-08T12:44:23.0000000Z;96.324;96.728;41;41
2026-06-08T12:44:24.0000000Z;96.324;96.724;41;3000
2026-06-08T12:44:25.0000000Z;96.324;96.726;41;1019
2026-06-08T12:44:26.0000000Z;96.324;96.728;41;41
2026-06-08T12:44:28.0000000Z;96.326;96.726;450;450
2026-06-08T12:44:30.0000000Z;96.324;96.728;41;41
2026-06-08T12:44:33.0000000Z;96.33;96.728;41;41
2026-06-08T12:44:34.0000000Z;96.332;96.728;450;41
2026-06-08T12:44:35.0000000Z;96.33;96.724;41;41
2026-06-08T12:44:36.0000000Z;96.33;96.722;41;450
2026-06-08T12:44:38.0000000Z;96.33;96.724;3000;41
2026-06-08T12:44:39.0000000Z;96.416;96.724;450;41
2026-06-08T12:44:44.0000000Z;96.414;96.724;41;41
2026-06-08T12:44:45.0000000Z;96.418;96.728;41;41
2026-06-08T12:44:46.0000000Z;96.418;96.77;41;41
2026-06-08T12:44:47.0000000Z;96.418;96.766;41;41
2026-06-08T12:44:48.0000000Z;96.418;96.726;41;41
2026-06-08T12:44:49.0000000Z;96.418;96.766;41;41
2026-06-08T12:44:50.0000000Z;96.418;96.766;41;41
2026-06-08T12:44:53.0000000Z;96.42;96.764;450;450
2026-06-08T12:44:56.0000000Z;96.418;96.718;41;3000
2026-06-08T12:44:57.0000000Z;96.424;96.708;3000;450
2026-06-08T12:44:58.0000000Z;96.424;96.71;41;41
2026-06-08T12:44:59.0000000Z;96.424;96.706;41;3000
2026-06-08T12:45:00.0000000Z;96.424;96.704;41;450
2026-06-08T12:45:02.0000000Z;96.424;96.706;41;41
2026-06-08T12:45:04.0000000Z;96.426;96.704;450;450
2026-06-08T12:45:09.0000000Z;96.43;96.706;41;41
2026-06-08T12:45:10.0000000Z;96.432;96.706;450;41
2026-06-08T12:45:11.0000000Z;96.43;96.702;41;41
2026-06-08T12:45:12.0000000Z;96.43;96.7;41;450
2026-06-08T12:45:14.0000000Z;96.43;96.702;41;41
2026-06-08T12:45:15.0000000Z;96.432;96.7;450;450
2026-06-08T12:45:21.0000000Z;96.436;96.702;41;41
2026-06-08T12:45:22.0000000Z;96.438;96.702;450;41
2026-06-08T12:45:23.0000000Z;96.436;96.698;41;41
2026-06-08T12:45:24.0000000Z;96.436;96.696;41;450
2026-06-08T12:45:26.0000000Z;96.438;96.696;450;450
2026-06-08T12:45:33.0000000Z;96.442;96.698;41;41
2026-06-08T12:45:34.0000000Z;96.444;96.698;450;41
2026-06-08T12:45:35.0000000Z;96.442;96.694;41;41
2026-06-08T12:45:36.0000000Z;96.442;96.694;41;41
2026-06-08T12:45:37.0000000Z;96.442;96.694;41;41
2026-06-08T12:45:38.0000000Z;96.442;96.694;41;41
2026-06-08T12:45:39.0000000Z;96.442;96.694;41;41
2026-06-08T12:45:45.0000000Z;96.446;96.694;41;41
2026-06-08T12:45:46.0000000Z;96.448;96.694;450;41
2026-06-08T12:45:47.0000000Z;96.446;96.69;41;41
2026-06-08T12:45:48.0000000Z;96.446;96.688;41;450
2026-06-08T12:45:49.0000000Z;96.446;96.69;41;41
2026-06-08T12:45:50.0000000Z;96.448;96.688;450;450
2026-06-08T12:45:57.0000000Z;96.446;96.69;516;41
2026-06-08T12:45:59.0000000Z;96.45;96.686;41;41
2026-06-08T12:46:00.0000000Z;96.452;96.684;450;450
2026-06-08T12:46:02.0000000Z;96.45;96.686;41;41
2026-06-08T12:46:04.0000000Z;96.45;96.686;41;41
2026-06-08T12:46:11.0000000Z;96.45;96.682;41;41
2026-06-08T12:46:12.0000000Z;96.45;96.68;41;450
2026-06-08T12:46:17.0000000Z;96.45;96.68;41;450
2026-06-08T12:46:23.0000000Z;96.45;96.678;41;41
2026-06-08T12:46:24.0000000Z;96.45;96.676;41;450
2026-06-08T12:46:28.0000000Z;96.45;96.676;41;450
2026-06-08T12:46:29.0000000Z;96.45;96.678;41;41
2026-06-08T12:46:35.0000000Z;96.45;96.674;41;41
2026-06-08T12:46:36.0000000Z;96.45;96.672;41;450
2026-06-08T12:46:37.0000000Z;96.45;96.674;41;41
2026-06-08T12:46:41.0000000Z;96.45;96.672;41;450
2026-06-08T12:46:47.0000000Z;96.45;96.67;41;41
2026-06-08T12:46:48.0000000Z;96.45;96.67;41;41
2026-06-08T12:46:50.0000000Z;96.45;96.67;41;3000
2026-06-08T12:46:51.0000000Z;96.45;96.67;41;3000
2026-06-08T12:46:53.0000000Z;96.45;96.706;41;41
2026-06-08T12:46:54.0000000Z;96.45;96.676;41;41
2026-06-08T12:46:55.0000000Z;96.45;96.704;41;450
2026-06-08T12:46:59.0000000Z;96.45;96.702;41;41
2026-06-08T12:47:00.0000000Z;96.45;96.7;41;450
2026-06-08T12:47:01.0000000Z;96.45;96.702;41;41
2026-06-08T12:47:05.0000000Z;96.45;96.7;41;450
2026-06-08T12:47:11.0000000Z;96.45;96.698;41;41
2026-06-08T12:47:12.0000000Z;96.45;96.696;41;450
2026-06-08T12:47:18.0000000Z;96.45;96.718;516;41
2026-06-08T12:47:19.0000000Z;96.45;96.7;516;41
2026-06-08T12:47:23.0000000Z;96.45;96.714;516;41
2026-06-08T12:47:24.0000000Z;96.452;96.712;450;450
2026-06-08T12:47:35.0000000Z;96.45;96.71;516;41
2026-06-08T12:47:36.0000000Z;96.45;96.708;516;450
2026-06-08T12:47:42.0000000Z;96.45;96.708;516;450
2026-06-08T12:47:45.0000000Z;96.45;96.71;516;41
2026-06-08T12:47:47.0000000Z;96.45;96.706;516;41
2026-06-08T12:47:48.0000000Z;96.45;96.704;516;450
2026-06-08T12:47:50.0000000Z;96.45;96.706;516;41
2026-06-08T12:47:53.0000000Z;96.45;96.704;516;450
2026-06-08T12:47:59.0000000Z;96.45;96.702;516;3000
2026-06-08T12:48:00.0000000Z;96.45;96.7;516;450
2026-06-08T12:48:05.0000000Z;96.45;96.702;41;41
2026-06-08T12:48:06.0000000Z;96.452;96.7;450;450
2026-06-08T12:48:11.0000000Z;96.45;96.698;41;41
2026-06-08T12:48:12.0000000Z;96.45;96.696;41;450
2026-06-08T12:48:18.0000000Z;96.45;96.696;41;450
2026-06-08T12:48:23.0000000Z;96.45;96.694;41;41
2026-06-08T12:48:24.0000000Z;96.45;96.692;41;450
2026-06-08T12:48:28.0000000Z;96.45;96.692;41;450
2026-06-08T12:48:29.0000000Z;96.45;96.694;41;41
2026-06-08T12:48:30.0000000Z;96.45;96.694;41;41
2026-06-08T12:48:35.0000000Z;96.45;96.69;41;41
2026-06-08T12:48:36.0000000Z;96.45;96.688;41;450
2026-06-08T12:48:41.0000000Z;96.45;96.69;41;41
2026-06-08T12:48:46.0000000Z;96.45;96.69;41;41
2026-06-08T12:48:47.0000000Z;96.45;96.686;41;3000
2026-06-08T12:48:48.0000000Z;96.45;96.684;41;450
2026-06-08T12:48:52.0000000Z;96.45;96.684;41;450
2026-06-08T12:48:59.0000000Z;96.45;96.682;41;41
2026-06-08T12:49:00.0000000Z;96.45;96.68;41;450
2026-06-08T12:49:05.0000000Z;96.45;96.68;41;450
2026-06-08T12:49:11.0000000Z;96.45;96.678;41;41
2026-06-08T12:49:12.0000000Z;96.45;96.676;41;450
2026-06-08T12:49:19.0000000Z;96.45;96.676;41;450
2026-06-08T12:49:23.0000000Z;96.45;96.674;41;41
2026-06-08T12:49:24.0000000Z;96.45;96.672;41;450
2026-06-08T12:49:29.0000000Z;96.45;96.672;41;450
2026-06-08T12:49:35.0000000Z;96.45;96.67;41;41
2026-06-08T12:49:36.0000000Z;96.45;96.668;41;450
2026-06-08T12:49:39.0000000Z;96.45;96.67;41;41
2026-06-08T12:49:40.0000000Z;96.45;96.668;41;450
2026-06-08T12:49:47.0000000Z;96.45;96.666;41;41
2026-06-08T12:49:48.0000000Z;96.45;96.664;41;450
2026-06-08T12:49:51.0000000Z;96.45;96.664;41;450
2026-06-08T12:49:56.0000000Z;96.45;96.666;41;41
2026-06-08T12:49:59.0000000Z;96.45;96.662;41;41
2026-06-08T12:50:00.0000000Z;96.45;96.66;41;450
2026-06-08T12:50:03.0000000Z;96.45;96.66;41;450
2026-06-08T12:50:11.0000000Z;96.45;96.706;41;41
2026-06-08T12:50:12.0000000Z;96.45;96.662;41;3000
2026-06-08T12:50:14.0000000Z;96.45;96.664;41;41
2026-06-08T12:50:17.0000000Z;96.45;96.704;41;450
2026-06-08T12:50:23.0000000Z;96.45;96.702;41;41
2026-06-08T12:50:24.0000000Z;96.45;96.7;41;450
2026-06-08T12:50:30.0000000Z;96.45;96.7;41;450
2026-06-08T12:50:35.0000000Z;96.45;96.698;41;41
2026-06-08T12:50:36.0000000Z;96.45;96.696;41;450
2026-06-08T12:50:40.0000000Z;96.45;96.696;41;450
2026-06-08T12:50:47.0000000Z;96.45;96.694;41;41
2026-06-08T12:50:48.0000000Z;96.45;96.692;41;450
2026-06-08T12:50:51.0000000Z;96.45;96.694;41;41
2026-06-08T12:50:53.0000000Z;96.45;96.692;41;450
2026-06-08T12:50:59.0000000Z;96.45;96.69;41;3000
2026-06-08T12:51:00.0000000Z;96.45;96.688;41;450
2026-06-08T12:51:07.0000000Z;96.45;96.688;41;450
2026-06-08T12:51:11.0000000Z;96.45;96.686;41;41
2026-06-08T12:51:12.0000000Z;96.45;96.684;41;450
2026-06-08T12:51:18.0000000Z;96.45;96.684;41;450
2026-06-08T12:51:21.0000000Z;96.45;96.684;3000;450
2026-06-08T12:51:23.0000000Z;96.45;96.682;41;41
2026-06-08T12:51:24.0000000Z;96.45;96.682;41;41
2026-06-08T12:51:25.0000000Z;96.45;96.682;41;41
2026-06-08T12:51:26.0000000Z;96.45;96.682;41;41
2026-06-08T12:51:29.0000000Z;96.45;96.68;3000;450
2026-06-08T12:51:30.0000000Z;96.45;96.682;41;41
2026-06-08T12:51:35.0000000Z;96.45;96.678;41;41
2026-06-08T12:51:36.0000000Z;96.45;96.678;41;41
2026-06-08T12:51:41.0000000Z;96.45;96.676;41;450
2026-06-08T12:51:45.0000000Z;96.45;96.678;41;41
2026-06-08T12:51:47.0000000Z;96.45;96.674;41;41
2026-06-08T12:51:48.0000000Z;96.45;96.672;41;450
2026-06-08T12:51:52.0000000Z;96.45;96.672;41;450
2026-06-08T12:51:54.0000000Z;96.45;96.672;3000;450
2026-06-08T12:51:58.0000000Z;96.452;96.672;450;450
2026-06-08T12:51:59.0000000Z;96.45;96.67;41;3000
2026-06-08T12:52:00.0000000Z;96.45;96.67;41;41
2026-06-08T12:52:07.0000000Z;96.45;96.668;41;450
2026-06-08T12:52:11.0000000Z;96.45;96.666;41;41
2026-06-08T12:52:12.0000000Z;96.45;96.664;41;450
2026-06-08T12:52:15.0000000Z;96.452;96.664;450;450
2026-06-08T12:52:16.0000000Z;96.452;96.664;450;450
2026-06-08T12:52:17.0000000Z;96.45;96.664;3000;450
2026-06-08T12:52:23.0000000Z;96.45;96.662;41;41
2026-06-08T12:52:24.0000000Z;96.45;96.66;41;450
2026-06-08T12:52:29.0000000Z;96.45;96.66;41;450
2026-06-08T12:52:34.0000000Z;96.45;96.684;41;41
2026-06-08T12:52:35.0000000Z;96.45;96.68;41;41
2026-06-08T12:52:36.0000000Z;96.45;96.664;41;41
2026-06-08T12:52:38.0000000Z;96.45;96.678;41;450
2026-06-08T12:52:47.0000000Z;96.45;96.676;41;41
2026-06-08T12:52:48.0000000Z;96.45;96.674;41;450
2026-06-08T12:52:51.0000000Z;96.45;96.674;41;450
2026-06-08T12:52:59.0000000Z;96.45;96.672;41;41
2026-06-08T12:53:00.0000000Z;96.45;96.67;41;450
2026-06-08T12:53:03.0000000Z;96.45;96.672;41;41
2026-06-08T12:53:04.0000000Z;96.45;96.668;41;3000
2026-06-08T12:53:05.0000000Z;96.45;96.666;41;450
2026-06-08T12:53:10.0000000Z;96.45;96.666;41;450
2026-06-08T12:53:11.0000000Z;96.45;96.664;41;3000
2026-06-08T12:53:12.0000000Z;96.45;96.662;41;450
2026-06-08T12:53:19.0000000Z;96.45;96.662;41;450
2026-06-08T12:53:23.0000000Z;96.45;96.66;41;41
2026-06-08T12:53:24.0000000Z;96.45;96.658;41;450
2026-06-08T12:53:28.0000000Z;96.45;96.658;41;450
2026-06-08T12:53:33.0000000Z;96.45;96.686;41;41
2026-06-08T12:53:34.0000000Z;96.45;96.66;41;3000
2026-06-08T12:53:35.0000000Z;96.45;96.662;41;41
2026-06-08T12:53:36.0000000Z;96.45;96.662;41;41
2026-06-08T12:53:37.0000000Z;96.452;96.662;450;41
2026-06-08T12:53:40.0000000Z;96.452;96.676;450;450
2026-06-08T12:53:47.0000000Z;96.45;96.674;41;41
2026-06-08T12:53:48.0000000Z;96.45;96.672;41;450
2026-06-08T12:53:56.0000000Z;96.45;96.672;41;450
2026-06-08T12:53:59.0000000Z;96.45;96.67;41;3000
2026-06-08T12:54:00.0000000Z;96.45;96.668;41;450
2026-06-08T12:54:06.0000000Z;96.45;96.668;41;450
2026-06-08T12:54:11.0000000Z;96.45;96.666;41;41
2026-06-08T12:54:12.0000000Z;96.45;96.664;41;450
2026-06-08T12:54:14.0000000Z;96.45;96.666;41;41
2026-06-08T12:54:15.0000000Z;96.45;96.666;41;41
2026-06-08T12:54:19.0000000Z;96.45;96.664;41;450
2026-06-08T12:54:23.0000000Z;96.45;96.662;41;41
2026-06-08T12:54:24.0000000Z;96.45;96.66;41;450
2026-06-08T12:54:29.0000000Z;96.45;96.66;41;450
2026-06-08T12:54:30.0000000Z;96.45;96.662;41;41
2026-06-08T12:54:35.0000000Z;96.45;96.658;41;3000
2026-06-08T12:54:36.0000000Z;96.45;96.656;41;450
2026-06-08T12:54:43.0000000Z;96.45;96.656;41;450
2026-06-08T12:54:44.0000000Z;96.45;96.658;41;41
2026-06-08T12:54:45.0000000Z;96.45;96.686;41;41
2026-06-08T12:54:46.0000000Z;96.45;96.658;41;3000
2026-06-08T12:54:47.0000000Z;96.45;96.66;41;41
2026-06-08T12:54:48.0000000Z;96.45;96.66;41;41
2026-06-08T12:54:53.0000000Z;96.45;96.68;41;450
2026-06-08T12:54:57.0000000Z;96.45;96.678;41;41
2026-06-08T12:54:58.0000000Z;96.45;96.676;41;450
2026-06-08T12:54:59.0000000Z;96.45;96.674;41;41
2026-06-08T12:55:00.0000000Z;96.45;96.672;41;450
2026-06-08T12:55:04.0000000Z;96.45;96.672;41;450
2026-06-08T12:55:11.0000000Z;96.45;96.67;41;3000
2026-06-08T12:55:12.0000000Z;96.45;96.668;41;450
2026-06-08T12:55:16.0000000Z;96.45;96.668;41;450
2026-06-08T12:55:23.0000000Z;96.45;96.666;41;41
2026-06-08T12:55:24.0000000Z;96.45;96.664;41;450
2026-06-08T12:55:28.0000000Z;96.45;96.664;41;450
2026-06-08T12:55:35.0000000Z;96.45;96.662;41;41
2026-06-08T12:55:36.0000000Z;96.45;96.66;41;450
2026-06-08T12:55:39.0000000Z;96.45;96.66;41;450
2026-06-08T12:55:47.0000000Z;96.45;96.658;41;41
2026-06-08T12:55:48.0000000Z;96.45;96.656;41;450
2026-06-08T12:55:54.0000000Z;96.45;96.656;41;450
2026-06-08T12:55:59.0000000Z;96.45;96.654;41;41
2026-06-08T12:56:00.0000000Z;96.45;96.652;41;450
2026-06-08T12:56:04.0000000Z;96.45;96.686;41;41
2026-06-08T12:56:05.0000000Z;96.45;96.656;41;41
2026-06-08T12:56:09.0000000Z;96.45;96.682;41;41
2026-06-08T12:56:10.0000000Z;96.45;96.68;41;450
2026-06-08T12:56:11.0000000Z;96.45;96.678;41;41
2026-06-08T12:56:12.0000000Z;96.45;96.676;41;450
2026-06-08T12:56:18.0000000Z;96.45;96.676;41;450
2026-06-08T12:56:23.0000000Z;96.45;96.674;41;41
2026-06-08T12:56:24.0000000Z;96.45;96.672;41;450
2026-06-08T12:56:30.0000000Z;96.45;96.672;41;450
2026-06-08T12:56:35.0000000Z;96.45;96.67;41;41
2026-06-08T12:56:36.0000000Z;96.45;96.668;41;450
2026-06-08T12:56:39.0000000Z;96.45;96.668;41;450
2026-06-08T12:56:47.0000000Z;96.45;96.666;41;41
2026-06-08T12:56:48.0000000Z;96.45;96.664;41;450
2026-06-08T12:56:52.0000000Z;96.45;96.664;41;450
2026-06-08T12:56:59.0000000Z;96.45;96.662;41;41
2026-06-08T12:57:00.0000000Z;96.45;96.66;41;450
2026-06-08T12:57:03.0000000Z;96.45;96.66;41;450
2026-06-08T12:57:11.0000000Z;96.45;96.658;41;41
2026-06-08T12:57:12.0000000Z;96.45;96.656;41;450
2026-06-08T12:57:18.0000000Z;96.45;96.656;41;450
2026-06-08T12:57:23.0000000Z;96.45;96.654;41;41
2026-06-08T12:57:24.0000000Z;96.45;96.652;41;450
2026-06-08T12:57:28.0000000Z;96.45;96.652;41;450
2026-06-08T12:57:31.0000000Z;96.45;96.69;41;41
2026-06-08T12:57:32.0000000Z;96.45;96.656;41;41
2026-06-08T12:57:35.0000000Z;96.45;96.686;41;41
2026-06-08T12:57:36.0000000Z;96.45;96.656;41;41
2026-06-08T12:57:37.0000000Z;96.45;96.684;41;450
2026-06-08T12:57:44.0000000Z;96.45;96.686;41;41
2026-06-08T12:57:47.0000000Z;96.45;96.682;41;41
2026-06-08T12:57:48.0000000Z;96.45;96.68;41;450
2026-06-08T12:57:54.0000000Z;96.45;96.68;41;450
2026-06-08T12:57:59.0000000Z;96.45;96.678;41;41
2026-06-08T12:58:00.0000000Z;96.45;96.676;41;450
2026-06-08T12:58:05.0000000Z;96.45;96.676;41;450
2026-06-08T12:58:11.0000000Z;96.45;96.674;41;41
2026-06-08T12:58:12.0000000Z;96.45;96.672;41;450
2026-06-08T12:58:16.0000000Z;96.45;96.672;41;450
2026-06-08T12:58:23.0000000Z;96.45;96.67;41;41
2026-06-08T12:58:24.0000000Z;96.45;96.668;41;450
2026-06-08T12:58:29.0000000Z;96.45;96.668;41;450
2026-06-08T12:58:35.0000000Z;96.45;96.666;41;41
2026-06-08T12:58:36.0000000Z;96.45;96.664;41;450
2026-06-08T12:58:42.0000000Z;96.45;96.664;41;450
2026-06-08T12:58:47.0000000Z;96.45;96.662;41;41
2026-06-08T12:58:48.0000000Z;96.45;96.66;41;450
2026-06-08T12:58:54.0000000Z;96.45;96.66;41;450
2026-06-08T12:58:59.0000000Z;96.45;96.658;41;41
2026-06-08T12:59:00.0000000Z;96.45;96.656;41;450
2026-06-08T12:59:05.0000000Z;96.45;96.656;41;450
2026-06-08T12:59:11.0000000Z;96.45;96.654;41;41
2026-06-08T12:59:12.0000000Z;96.45;96.654;3000;3000
2026-06-08T12:59:13.0000000Z;96.45;96.654;3000;3000
2026-06-08T12:59:14.0000000Z;96.438;96.694;41;41
2026-06-08T12:59:15.0000000Z;96.438;96.66;41;41
2026-06-08T12:59:18.0000000Z;96.438;96.692;3450;450
2026-06-08T12:59:23.0000000Z;96.438;96.69;41;41
2026-06-08T12:59:24.0000000Z;96.438;96.688;41;450
2026-06-08T12:59:30.0000000Z;96.438;96.688;41;450
2026-06-08T12:59:35.0000000Z;96.438;96.686;41;41
2026-06-08T12:59:36.0000000Z;96.438;96.684;41;450
2026-06-08T12:59:40.0000000Z;96.438;96.684;41;450
2026-06-08T12:59:45.0000000Z;96.438;96.686;41;41
2026-06-08T12:59:47.0000000Z;96.438;96.682;41;41
2026-06-08T12:59:48.0000000Z;96.438;96.68;41;450
2026-06-08T12:59:54.0000000Z;96.438;96.68;41;450
2026-06-08T12:59:59.0000000Z;96.438;96.678;41;41
2026-06-08T13:00:00.0000000Z;96.438;96.676;41;450
2026-06-08T13:00:05.0000000Z;96.438;96.676;41;450
2026-06-08T13:00:11.0000000Z;96.438;96.674;41;41
2026-06-08T13:00:12.0000000Z;96.438;96.672;41;450
2026-06-08T13:00:14.0000000Z;96.442;96.674;41;41
2026-06-08T13:00:15.0000000Z;96.444;96.674;450;41
2026-06-08T13:00:19.0000000Z;96.442;96.674;41;41
2026-06-08T13:00:20.0000000Z;96.448;96.674;3000;41
2026-06-08T13:00:21.0000000Z;96.45;96.674;41;41
2026-06-08T13:00:23.0000000Z;96.45;96.67;41;41
2026-06-08T13:00:24.0000000Z;96.45;96.668;41;450
2026-06-08T13:00:25.0000000Z;96.45;96.668;3450;450
2026-06-08T13:00:26.0000000Z;96.454;96.67;41;41
2026-06-08T13:00:27.0000000Z;96.456;96.67;450;41
2026-06-08T13:00:28.0000000Z;96.458;96.67;41;41
2026-06-08T13:00:29.0000000Z;96.46;96.67;450;41
2026-06-08T13:00:33.0000000Z;96.458;96.67;41;41
2026-06-08T13:00:35.0000000Z;96.458;96.666;41;41
2026-06-08T13:00:36.0000000Z;96.458;96.664;41;450
2026-06-08T13:00:43.0000000Z;96.46;96.664;450;450
2026-06-08T13:00:47.0000000Z;96.458;96.662;41;41
2026-06-08T13:00:48.0000000Z;96.458;96.66;41;450
2026-06-08T13:00:53.0000000Z;96.458;96.662;41;41
2026-06-08T13:00:57.0000000Z;96.458;96.66;41;450
2026-06-08T13:00:59.0000000Z;96.458;96.658;41;3000
2026-06-08T13:01:00.0000000Z;96.458;96.656;41;450
2026-06-08T13:01:10.0000000Z;96.458;96.656;41;450
2026-06-08T13:01:11.0000000Z;96.458;96.654;41;41
2026-06-08T13:01:12.0000000Z;96.458;96.652;41;450
2026-06-08T13:01:13.0000000Z;96.458;96.654;41;41
2026-06-08T13:01:14.0000000Z;96.458;96.69;41;41
2026-06-08T13:01:15.0000000Z;96.458;96.654;41;3000
2026-06-08T13:01:16.0000000Z;96.458;96.69;41;41
2026-06-08T13:01:17.0000000Z;96.458;96.66;41;41
2026-06-08T13:01:21.0000000Z;96.458;96.688;41;450
2026-06-08T13:01:23.0000000Z;96.458;96.686;41;3000
2026-06-08T13:01:24.0000000Z;96.458;96.684;41;450
2026-06-08T13:01:32.0000000Z;96.458;96.684;41;450
2026-06-08T13:01:35.0000000Z;96.458;96.682;41;41
2026-06-08T13:01:36.0000000Z;96.458;96.68;41;450
2026-06-08T13:01:42.0000000Z;96.458;96.68;41;450
2026-06-08T13:01:47.0000000Z;96.458;96.678;41;3000
2026-06-08T13:01:48.0000000Z;96.458;96.676;41;450
2026-06-08T13:01:55.0000000Z;96.458;96.676;41;450
2026-06-08T13:01:59.0000000Z;96.458;96.674;41;41
2026-06-08T13:02:00.0000000Z;96.458;96.672;41;450
2026-06-08T13:02:04.0000000Z;96.458;96.672;41;450
2026-06-08T13:02:11.0000000Z;96.458;96.67;41;41
2026-06-08T13:02:12.0000000Z;96.458;96.668;41;450
2026-06-08T13:02:13.0000000Z;96.458;96.67;41;41
2026-06-08T13:02:17.0000000Z;96.458;96.668;41;450
2026-06-08T13:02:23.0000000Z;96.458;96.666;41;41
2026-06-08T13:02:24.0000000Z;96.458;96.664;41;450
2026-06-08T13:02:27.0000000Z;96.458;96.666;41;41
2026-06-08T13:02:28.0000000Z;96.458;96.664;41;450
2026-06-08T13:02:35.0000000Z;96.458;96.662;41;41
2026-06-08T13:02:36.0000000Z;96.458;96.66;41;450
2026-06-08T13:02:41.0000000Z;96.458;96.66;41;450
2026-06-08T13:02:44.0000000Z;96.458;96.706;41;41
2026-06-08T13:02:45.0000000Z;96.458;96.662;41;3000
2026-06-08T13:02:47.0000000Z;96.458;96.664;41;41
2026-06-08T13:02:48.0000000Z;96.458;96.664;41;41
2026-06-08T13:02:52.0000000Z;96.458;96.7;41;450
2026-06-08T13:02:59.0000000Z;96.458;96.698;41;41
2026-06-08T13:03:00.0000000Z;96.458;96.696;41;450
2026-06-08T13:03:06.0000000Z;96.458;96.696;41;450
2026-06-08T13:03:11.0000000Z;96.458;96.694;41;3000
2026-06-08T13:03:12.0000000Z;96.458;96.692;41;450
2026-06-08T13:03:19.0000000Z;96.458;96.692;41;450
2026-06-08T13:03:23.0000000Z;96.458;96.69;41;41
2026-06-08T13:03:24.0000000Z;96.458;96.688;41;450
2026-06-08T13:03:30.0000000Z;96.458;96.688;41;450
2026-06-08T13:03:31.0000000Z;96.458;96.69;41;41
2026-06-08T13:03:33.0000000Z;96.458;96.69;41;41
2026-06-08T13:03:34.0000000Z;96.458;96.69;516;41
2026-06-08T13:03:35.0000000Z;96.458;96.686;516;41
2026-06-08T13:03:36.0000000Z;96.458;96.684;516;450
2026-06-08T13:03:44.0000000Z;96.46;96.684;450;450
2026-06-08T13:03:47.0000000Z;96.458;96.682;516;41
2026-06-08T13:03:48.0000000Z;96.458;96.68;516;450
2026-06-08T13:03:55.0000000Z;96.458;96.68;516;450
2026-06-08T13:03:59.0000000Z;96.458;96.678;516;41
2026-06-08T13:04:00.0000000Z;96.458;96.678;41;41
2026-06-08T13:04:05.0000000Z;96.46;96.676;450;450
2026-06-08T13:04:11.0000000Z;96.458;96.674;41;41
2026-06-08T13:04:12.0000000Z;96.458;96.672;41;450
2026-06-08T13:04:19.0000000Z;96.458;96.672;41;450
2026-06-08T13:04:23.0000000Z;96.458;96.67;41;41
2026-06-08T13:04:24.0000000Z;96.458;96.668;41;450
2026-06-08T13:04:29.0000000Z;96.458;96.668;41;450
2026-06-08T13:04:35.0000000Z;96.458;96.666;41;41
2026-06-08T13:04:36.0000000Z;96.458;96.664;41;450
2026-06-08T13:04:40.0000000Z;96.458;96.664;41;450
2026-06-08T13:04:47.0000000Z;96.458;96.662;41;41
2026-06-08T13:04:48.0000000Z;96.458;96.66;41;450
2026-06-08T13:04:53.0000000Z;96.458;96.66;41;450
2026-06-08T13:04:59.0000000Z;96.458;96.658;41;41
2026-06-08T13:05:00.0000000Z;96.458;96.656;41;450
2026-06-08T13:05:06.0000000Z;96.458;96.656;41;450
2026-06-08T13:05:11.0000000Z;96.458;96.654;41;41
2026-06-08T13:05:12.0000000Z;96.458;96.652;41;450
2026-06-08T13:05:18.0000000Z;96.458;96.652;41;450
2026-06-08T13:05:23.0000000Z;96.458;96.65;41;41
2026-06-08T13:05:24.0000000Z;96.458;96.648;41;450
2026-06-08T13:05:30.0000000Z;96.458;96.648;41;450
2026-06-08T13:05:35.0000000Z;96.458;96.646;41;41
2026-06-08T13:05:36.0000000Z;96.458;96.644;41;450
2026-06-08T13:05:43.0000000Z;96.458;96.644;41;450
2026-06-08T13:05:47.0000000Z;96.458;96.642;41;41
2026-06-08T13:05:48.0000000Z;96.458;96.64;41;450
2026-06-08T13:05:54.0000000Z;96.458;96.64;41;450
2026-06-08T13:05:59.0000000Z;96.458;96.706;41;41
2026-06-08T13:06:00.0000000Z;96.458;96.644;41;41
2026-06-08T13:06:07.0000000Z;96.458;96.704;41;450
2026-06-08T13:06:11.0000000Z;96.458;96.702;41;569
2026-06-08T13:06:12.0000000Z;96.458;96.7;41;450
2026-06-08T13:06:18.0000000Z;96.458;96.7;41;450
2026-06-08T13:06:23.0000000Z;96.458;96.698;41;41
2026-06-08T13:06:24.0000000Z;96.458;96.696;41;450
2026-06-08T13:06:29.0000000Z;96.458;96.696;41;450
2026-06-08T13:06:35.0000000Z;96.458;96.694;41;41
2026-06-08T13:06:36.0000000Z;96.458;96.692;41;450
2026-06-08T13:06:41.0000000Z;96.458;96.692;41;450
2026-06-08T13:06:46.0000000Z;96.458;96.694;41;41
2026-06-08T13:06:47.0000000Z;96.458;96.69;41;3000
2026-06-08T13:06:48.0000000Z;96.458;96.688;41;450
2026-06-08T13:06:54.0000000Z;96.458;96.688;41;450
2026-06-08T13:06:59.0000000Z;96.458;96.686;41;41
2026-06-08T13:07:00.0000000Z;96.458;96.684;41;450
2026-06-08T13:07:04.0000000Z;96.458;96.684;41;450
2026-06-08T13:07:11.0000000Z;96.458;96.682;41;3000
2026-06-08T13:07:12.0000000Z;96.458;96.68;41;450
2026-06-08T13:07:18.0000000Z;96.458;96.68;41;450
2026-06-08T13:07:23.0000000Z;96.458;96.678;41;41
2026-06-08T13:07:24.0000000Z;96.458;96.676;41;450
2026-06-08T13:07:28.0000000Z;96.458;96.676;41;450
2026-06-08T13:07:35.0000000Z;96.458;96.674;41;41
2026-06-08T13:07:36.0000000Z;96.458;96.672;41;450
2026-06-08T13:07:41.0000000Z;96.458;96.672;41;450
2026-06-08T13:07:47.0000000Z;96.458;96.67;41;41
2026-06-08T13:07:48.0000000Z;96.458;96.668;41;450
2026-06-08T13:07:52.0000000Z;96.458;96.668;41;450
2026-06-08T13:07:59.0000000Z;96.458;96.666;41;41
2026-06-08T13:08:00.0000000Z;96.458;96.666;41;41
2026-06-08T13:08:04.0000000Z;96.458;96.664;41;450
2026-06-08T13:08:11.0000000Z;96.458;96.662;41;41
2026-06-08T13:08:12.0000000Z;96.458;96.66;41;450
2026-06-08T13:08:16.0000000Z;96.458;96.66;41;450
2026-06-08T13:08:17.0000000Z;96.458;96.706;41;41
2026-06-08T13:08:18.0000000Z;96.458;96.664;41;41
2026-06-08T13:08:23.0000000Z;96.458;96.702;41;41
2026-06-08T13:08:24.0000000Z;96.458;96.7;41;450
2026-06-08T13:08:29.0000000Z;96.458;96.698;41;41
2026-06-08T13:08:30.0000000Z;96.458;96.696;41;450
2026-06-08T13:08:35.0000000Z;96.458;96.694;41;41
2026-06-08T13:08:36.0000000Z;96.458;96.692;41;450
2026-06-08T13:08:47.0000000Z;96.458;96.69;41;3000
2026-06-08T13:08:48.0000000Z;96.458;96.688;41;450
2026-06-08T13:08:53.0000000Z;96.458;96.688;41;450
2026-06-08T13:08:59.0000000Z;96.458;96.686;41;3000
2026-06-08T13:09:00.0000000Z;96.458;96.684;41;450
2026-06-08T13:09:07.0000000Z;96.458;96.684;41;450
2026-06-08T13:09:11.0000000Z;96.458;96.682;41;41
2026-06-08T13:09:12.0000000Z;96.458;96.68;41;450
2026-06-08T13:09:20.0000000Z;96.458;96.68;41;450
2026-06-08T13:09:23.0000000Z;96.458;96.678;41;41
2026-06-08T13:09:24.0000000Z;96.458;96.676;41;450
2026-06-08T13:09:29.0000000Z;96.458;96.676;41;450
2026-06-08T13:09:35.0000000Z;96.458;96.674;41;41
2026-06-08T13:09:36.0000000Z;96.458;96.672;41;450
2026-06-08T13:09:40.0000000Z;96.458;96.672;41;450
2026-06-08T13:09:47.0000000Z;96.458;96.67;41;41
2026-06-08T13:09:48.0000000Z;96.458;96.668;41;450
2026-06-08T13:09:49.0000000Z;96.458;96.668;41;450
2026-06-08T13:09:53.0000000Z;96.458;96.668;41;450
2026-06-08T13:09:59.0000000Z;96.458;96.666;41;3000
2026-06-08T13:10:00.0000000Z;96.458;96.664;41;450
2026-06-08T13:10:06.0000000Z;96.458;96.664;41;450
2026-06-08T13:10:11.0000000Z;96.458;96.662;41;41
2026-06-08T13:10:12.0000000Z;96.458;96.66;41;450
2026-06-08T13:10:13.0000000Z;96.458;96.662;41;41
2026-06-08T13:10:20.0000000Z;96.458;96.66;41;450
2026-06-08T13:10:23.0000000Z;96.458;96.658;41;41
2026-06-08T13:10:24.0000000Z;96.458;96.656;41;450
2026-06-08T13:10:30.0000000Z;96.458;96.656;41;450
2026-06-08T13:10:35.0000000Z;96.458;96.654;41;41
2026-06-08T13:10:36.0000000Z;96.458;96.652;41;450
2026-06-08T13:10:44.0000000Z;96.458;96.652;41;450
2026-06-08T13:10:47.0000000Z;96.458;96.65;41;41
2026-06-08T13:10:48.0000000Z;96.458;96.648;41;450
2026-06-08T13:10:54.0000000Z;96.458;96.648;41;450
2026-06-08T13:10:59.0000000Z;96.458;96.646;41;41
2026-06-08T13:11:00.0000000Z;96.458;96.644;41;450
2026-06-08T13:11:06.0000000Z;96.458;96.644;41;450
2026-06-08T13:11:11.0000000Z;96.458;96.642;41;41
2026-06-08T13:11:12.0000000Z;96.458;96.64;41;450
2026-06-08T13:11:17.0000000Z;96.458;96.64;41;450
2026-06-08T13:11:23.0000000Z;96.458;96.69;41;41
2026-06-08T13:11:24.0000000Z;96.458;96.642;41;3000
2026-06-08T13:11:25.0000000Z;96.458;96.644;41;41
2026-06-08T13:11:28.0000000Z;96.458;96.688;41;450
2026-06-08T13:11:35.0000000Z;96.458;96.686;41;41
2026-06-08T13:11:36.0000000Z;96.458;96.684;41;450
2026-06-08T13:11:41.0000000Z;96.458;96.684;41;450
2026-06-08T13:11:47.0000000Z;96.458;96.682;41;41
2026-06-08T13:11:48.0000000Z;96.458;96.68;41;450
2026-06-08T13:11:51.0000000Z;96.458;96.682;516;41
2026-06-08T13:11:54.0000000Z;96.46;96.68;450;450
2026-06-08T13:11:59.0000000Z;96.458;96.678;516;41
2026-06-08T13:12:00.0000000Z;96.458;96.676;516;450
2026-06-08T13:12:05.0000000Z;96.458;96.676;516;450
2026-06-08T13:12:11.0000000Z;96.458;96.674;516;41
2026-06-08T13:12:12.0000000Z;96.458;96.672;516;450
2026-06-08T13:12:17.0000000Z;96.458;96.672;516;450
2026-06-08T13:12:23.0000000Z;96.458;96.67;516;41
2026-06-08T13:12:24.0000000Z;96.458;96.668;516;450
2026-06-08T13:12:28.0000000Z;96.458;96.668;516;450
2026-06-08T13:12:35.0000000Z;96.458;96.666;516;41
2026-06-08T13:12:36.0000000Z;96.458;96.664;516;450
2026-06-08T13:12:37.0000000Z;96.458;96.666;516;41
2026-06-08T13:12:41.0000000Z;96.458;96.664;516;450
2026-06-08T13:12:44.0000000Z;96.458;96.666;516;41
2026-06-08T13:12:47.0000000Z;96.458;96.662;516;41
2026-06-08T13:12:48.0000000Z;96.458;96.66;516;450
2026-06-08T13:12:54.0000000Z;96.458;96.66;516;450
2026-06-08T13:12:59.0000000Z;96.458;96.658;516;41
2026-06-08T13:13:00.0000000Z;96.458;96.656;516;450
2026-06-08T13:13:04.0000000Z;96.458;96.656;516;450
2026-06-08T13:13:11.0000000Z;96.458;96.654;516;41
2026-06-08T13:13:12.0000000Z;96.458;96.652;516;450
2026-06-08T13:13:18.0000000Z;96.458;96.652;516;450
2026-06-08T13:13:23.0000000Z;96.458;96.65;516;3000
2026-06-08T13:13:24.0000000Z;96.458;96.648;516;450
2026-06-08T13:13:28.0000000Z;96.458;96.648;516;450
2026-06-08T13:13:35.0000000Z;96.458;96.646;516;41
2026-06-08T13:13:36.0000000Z;96.458;96.644;516;450
2026-06-08T13:13:41.0000000Z;96.458;96.644;516;450
2026-06-08T13:13:47.0000000Z;96.458;96.642;516;41
2026-06-08T13:13:48.0000000Z;96.458;96.64;516;450
2026-06-08T13:13:51.0000000Z;96.458;96.64;516;450
2026-06-08T13:13:59.0000000Z;96.458;96.702;516;41
2026-06-08T13:14:00.0000000Z;96.458;96.644;516;41
2026-06-08T13:14:04.0000000Z;96.458;96.7;516;450
2026-06-08T13:14:10.0000000Z;96.458;96.698;516;41
2026-06-08T13:14:11.0000000Z;96.458;96.692;516;450
2026-06-08T13:14:16.0000000Z;96.458;96.692;516;450
2026-06-08T13:14:23.0000000Z;96.458;96.69;516;41
2026-06-08T13:14:24.0000000Z;96.458;96.688;516;450
2026-06-08T13:14:28.0000000Z;96.458;96.688;516;450
2026-06-08T13:14:35.0000000Z;96.458;96.686;516;41
2026-06-08T13:14:36.0000000Z;96.458;96.684;516;450
2026-06-08T13:14:40.0000000Z;96.458;96.684;516;450
2026-06-08T13:14:47.0000000Z;96.458;96.682;516;41
2026-06-08T13:14:48.0000000Z;96.458;96.68;516;450
2026-06-08T13:14:52.0000000Z;96.458;96.68;516;450
2026-06-08T13:14:59.0000000Z;96.458;96.678;516;41
2026-06-08T13:15:00.0000000Z;96.458;96.676;516;450
2026-06-08T13:15:03.0000000Z;96.458;96.676;516;450
2026-06-08T13:15:11.0000000Z;96.458;96.674;516;41
2026-06-08T13:15:12.0000000Z;96.458;96.672;516;450
2026-06-08T13:15:16.0000000Z;96.458;96.672;516;450
2026-06-08T13:15:23.0000000Z;96.458;96.67;516;41
2026-06-08T13:15:24.0000000Z;96.458;96.668;516;450
2026-06-08T13:15:29.0000000Z;96.458;96.668;516;450
2026-06-08T13:15:30.0000000Z;96.458;96.67;516;41
2026-06-08T13:15:35.0000000Z;96.458;96.666;516;41
2026-06-08T13:15:36.0000000Z;96.458;96.664;516;450
2026-06-08T13:15:40.0000000Z;96.458;96.664;516;450
2026-06-08T13:15:47.0000000Z;96.458;96.662;516;41
2026-06-08T13:15:48.0000000Z;96.458;96.66;516;450
2026-06-08T13:15:52.0000000Z;96.458;96.66;516;450
2026-06-08T13:15:55.0000000Z;96.458;96.662;516;41
2026-06-08T13:15:59.0000000Z;96.458;96.658;516;41
2026-06-08T13:16:00.0000000Z;96.458;96.656;516;450
2026-06-08T13:16:06.0000000Z;96.458;96.656;516;450
2026-06-08T13:16:11.0000000Z;96.458;96.654;516;41
2026-06-08T13:16:12.0000000Z;96.458;96.652;516;450
2026-06-08T13:16:18.0000000Z;96.458;96.652;516;450
2026-06-08T13:16:23.0000000Z;96.458;96.65;516;41
2026-06-08T13:16:24.0000000Z;96.458;96.648;516;450
2026-06-08T13:16:26.0000000Z;96.458;96.65;41;41
2026-06-08T13:16:27.0000000Z;96.458;96.65;41;41
2026-06-08T13:16:28.0000000Z;96.46;96.648;450;450
2026-06-08T13:16:35.0000000Z;96.458;96.646;41;41
2026-06-08T13:16:36.0000000Z;96.458;96.644;41;450
2026-06-08T13:16:40.0000000Z;96.458;96.644;41;450
2026-06-08T13:16:47.0000000Z;96.458;96.642;41;41
2026-06-08T13:16:48.0000000Z;96.458;96.64;41;450
2026-06-08T13:16:53.0000000Z;96.458;96.64;41;450
2026-06-08T13:16:59.0000000Z;96.458;96.638;41;41
2026-06-08T13:17:00.0000000Z;96.458;96.636;41;450
2026-06-08T13:17:03.0000000Z;96.458;96.636;41;450
2026-06-08T13:17:10.0000000Z;96.458;96.698;41;41
2026-06-08T13:17:11.0000000Z;96.458;96.638;41;3000
2026-06-08T13:17:12.0000000Z;96.458;96.64;41;41
2026-06-08T13:17:17.0000000Z;96.458;96.676;41;450
2026-06-08T13:17:21.0000000Z;96.458;96.676;3000;450
2026-06-08T13:17:23.0000000Z;96.46;96.674;450;41
2026-06-08T13:17:24.0000000Z;96.46;96.672;450;450
2026-06-08T13:17:27.0000000Z;96.458;96.674;41;41
2026-06-08T13:17:30.0000000Z;96.458;96.672;41;450
2026-06-08T13:17:35.0000000Z;96.458;96.67;41;41
2026-06-08T13:17:36.0000000Z;96.458;96.668;41;450
2026-06-08T13:17:41.0000000Z;96.458;96.668;41;450
2026-06-08T13:17:42.0000000Z;96.458;96.67;41;41
2026-06-08T13:17:47.0000000Z;96.458;96.666;41;41
2026-06-08T13:17:48.0000000Z;96.458;96.664;41;450
2026-06-08T13:17:52.0000000Z;96.458;96.664;41;450
2026-06-08T13:17:56.0000000Z;96.458;96.666;41;41
2026-06-08T13:17:59.0000000Z;96.458;96.662;41;41
2026-06-08T13:18:00.0000000Z;96.458;96.66;41;450
2026-06-08T13:18:05.0000000Z;96.458;96.66;41;450
2026-06-08T13:18:11.0000000Z;96.458;96.658;41;41
2026-06-08T13:18:12.0000000Z;96.458;96.656;41;450
2026-06-08T13:18:17.0000000Z;96.458;96.656;41;450
2026-06-08T13:18:23.0000000Z;96.458;96.654;41;41
2026-06-08T13:18:24.0000000Z;96.458;96.652;41;450
2026-06-08T13:18:29.0000000Z;96.46;96.652;450;450
2026-06-08T13:18:35.0000000Z;96.458;96.65;516;41
2026-06-08T13:18:36.0000000Z;96.458;96.648;516;450
2026-06-08T13:18:39.0000000Z;96.458;96.648;516;450
2026-06-08T13:18:47.0000000Z;96.458;96.646;516;41
2026-06-08T13:18:48.0000000Z;96.458;96.644;516;450
2026-06-08T13:18:52.0000000Z;96.458;96.644;516;450
2026-06-08T13:18:59.0000000Z;96.458;96.642;516;41
2026-06-08T13:19:00.0000000Z;96.458;96.64;516;450
2026-06-08T13:19:03.0000000Z;96.458;96.64;516;450
2026-06-08T13:19:11.0000000Z;96.458;96.638;516;41
2026-06-08T13:19:12.0000000Z;96.458;96.636;516;450
2026-06-08T13:19:17.0000000Z;96.458;96.636;516;450
2026-06-08T13:19:23.0000000Z;96.458;96.686;516;41
2026-06-08T13:19:24.0000000Z;96.458;96.638;516;3000
2026-06-08T13:19:25.0000000Z;96.458;96.64;516;41
2026-06-08T13:19:30.0000000Z;96.458;96.684;516;450
2026-06-08T13:19:35.0000000Z;96.458;96.682;516;41
2026-06-08T13:19:36.0000000Z;96.458;96.68;516;450
2026-06-08T13:19:40.0000000Z;96.458;96.68;516;450
2026-06-08T13:19:42.0000000Z;96.458;96.682;516;41
2026-06-08T13:19:47.0000000Z;96.458;96.678;516;41
2026-06-08T13:19:48.0000000Z;96.458;96.676;516;450
2026-06-08T13:19:54.0000000Z;96.458;96.676;516;450
2026-06-08T13:19:59.0000000Z;96.458;96.674;516;41
2026-06-08T13:20:00.0000000Z;96.458;96.672;516;450
2026-06-08T13:20:05.0000000Z;96.458;96.672;516;450
2026-06-08T13:20:11.0000000Z;96.458;96.67;516;3000
2026-06-08T13:20:12.0000000Z;96.458;96.668;516;450
2026-06-08T13:20:17.0000000Z;96.458;96.668;516;450
2026-06-08T13:20:23.0000000Z;96.458;96.666;516;3000
2026-06-08T13:20:24.0000000Z;96.458;96.664;516;450
2026-06-08T13:20:28.0000000Z;96.458;96.666;516;41
2026-06-08T13:20:30.0000000Z;96.458;96.664;516;450
2026-06-08T13:20:35.0000000Z;96.458;96.662;516;41
2026-06-08T13:20:36.0000000Z;96.458;96.66;516;450
2026-06-08T13:20:37.0000000Z;96.458;96.662;516;41
2026-06-08T13:20:38.0000000Z;96.458;96.71;516;41
2026-06-08T13:20:39.0000000Z;96.458;96.668;516;41
2026-06-08T13:20:42.0000000Z;96.458;96.668;516;41
2026-06-08T13:20:43.0000000Z;96.458;96.668;516;41
2026-06-08T13:20:46.0000000Z;96.458;96.704;516;450
2026-06-08T13:20:47.0000000Z;96.458;96.702;516;41
2026-06-08T13:20:48.0000000Z;96.458;96.7;516;450
2026-06-08T13:20:49.0000000Z;96.458;96.702;516;41
2026-06-08T13:20:50.0000000Z;96.458;96.702;516;41
2026-06-08T13:20:51.0000000Z;96.458;96.702;516;41
2026-06-08T13:20:57.0000000Z;96.458;96.702;516;41
2026-06-08T13:20:59.0000000Z;96.458;96.698;516;41
2026-06-08T13:21:00.0000000Z;96.458;96.696;516;450
2026-06-08T13:21:09.0000000Z;96.458;96.696;516;450
2026-06-08T13:21:11.0000000Z;96.458;96.694;516;41
2026-06-08T13:21:12.0000000Z;96.458;96.692;516;450
2026-06-08T13:21:18.0000000Z;96.458;96.692;516;450
2026-06-08T13:21:23.0000000Z;96.458;96.69;516;3000
2026-06-08T13:21:24.0000000Z;96.458;96.688;516;450
2026-06-08T13:21:27.0000000Z;96.458;96.69;516;41
2026-06-08T13:21:29.0000000Z;96.458;96.69;516;41
2026-06-08T13:21:30.0000000Z;96.5;96.69;41;41
2026-06-08T13:21:31.0000000Z;96.502;96.688;450;450
2026-06-08T13:21:35.0000000Z;96.5;96.688;41;3450
2026-06-08T13:21:36.0000000Z;96.5;96.686;41;41
2026-06-08T13:21:37.0000000Z;96.5;96.684;41;450
2026-06-08T13:21:43.0000000Z;96.5;96.684;41;450
2026-06-08T13:21:44.0000000Z;96.5;96.686;41;41
2026-06-08T13:21:46.0000000Z;96.414;96.686;41;41
2026-06-08T13:21:47.0000000Z;96.5;96.682;3000;3000
2026-06-08T13:21:48.0000000Z;96.502;96.68;3000;450
2026-06-08T13:21:50.0000000Z;96.414;96.682;41;41
2026-06-08T13:21:53.0000000Z;96.416;96.68;450;450
2026-06-08T13:21:54.0000000Z;96.418;96.682;41;41
2026-06-08T13:21:55.0000000Z;96.448;96.682;41;41
2026-06-08T13:21:56.0000000Z;96.45;96.682;450;41
2026-06-08T13:21:57.0000000Z;96.448;96.682;41;41
2026-06-08T13:21:59.0000000Z;96.448;96.678;41;41
2026-06-08T13:22:00.0000000Z;96.448;96.678;41;41
2026-06-08T13:22:04.0000000Z;96.45;96.676;450;450
2026-06-08T13:22:06.0000000Z;96.452;96.678;41;41
2026-06-08T13:22:07.0000000Z;96.454;96.678;450;41
2026-06-08T13:22:08.0000000Z;96.452;96.678;41;41
2026-06-08T13:22:11.0000000Z;96.452;96.674;41;41
2026-06-08T13:22:12.0000000Z;96.452;96.672;41;450
2026-06-08T13:22:13.0000000Z;96.452;96.674;41;41
2026-06-08T13:22:18.0000000Z;96.458;96.674;3000;41
2026-06-08T13:22:19.0000000Z;96.46;96.674;450;41
2026-06-08T13:22:23.0000000Z;96.458;96.67;41;41
2026-06-08T13:22:24.0000000Z;96.458;96.668;41;450
2026-06-08T13:22:30.0000000Z;96.464;96.67;41;41
2026-06-08T13:22:31.0000000Z;96.466;96.67;450;41
2026-06-08T13:22:32.0000000Z;96.466;96.668;450;450
2026-06-08T13:22:35.0000000Z;96.464;96.666;41;41
2026-06-08T13:22:36.0000000Z;96.464;96.664;41;450
2026-06-08T13:22:42.0000000Z;96.468;96.666;3000;41
2026-06-08T13:22:43.0000000Z;96.47;96.666;450;41
2026-06-08T13:22:44.0000000Z;96.468;96.666;41;41
2026-06-08T13:22:46.0000000Z;96.468;96.666;41;41
2026-06-08T13:22:47.0000000Z;96.468;96.662;41;3000
2026-06-08T13:22:48.0000000Z;96.468;96.66;41;450
2026-06-08T13:22:50.0000000Z;96.468;96.75;41;41
2026-06-08T13:22:51.0000000Z;96.47;96.662;450;3000
2026-06-08T13:22:54.0000000Z;96.472;96.664;41;41
2026-06-08T13:22:55.0000000Z;96.474;96.664;450;41
2026-06-08T13:22:59.0000000Z;96.472;96.664;41;41
2026-06-08T13:23:00.0000000Z;96.472;96.746;41;41
2026-06-08T13:23:01.0000000Z;96.472;96.746;41;569
2026-06-08T13:23:02.0000000Z;96.472;96.746;41;569
2026-06-08T13:23:03.0000000Z;96.472;96.746;41;569
2026-06-08T13:23:04.0000000Z;96.472;96.742;41;41
2026-06-08T13:23:05.0000000Z;96.472;96.742;41;41
2026-06-08T13:23:06.0000000Z;96.476;96.742;41;41
2026-06-08T13:23:07.0000000Z;96.476;96.742;41;41
2026-06-08T13:23:11.0000000Z;96.476;96.734;41;41
2026-06-08T13:23:12.0000000Z;96.476;96.734;41;41
2026-06-08T13:23:17.0000000Z;96.478;96.732;450;450
2026-06-08T13:23:18.0000000Z;96.48;96.734;3000;41
2026-06-08T13:23:19.0000000Z;96.482;96.734;450;41
2026-06-08T13:23:22.0000000Z;96.48;96.734;41;41
2026-06-08T13:23:23.0000000Z;96.48;96.73;41;41
2026-06-08T13:23:24.0000000Z;96.48;96.728;41;450
2026-06-08T13:23:28.0000000Z;96.482;96.728;450;450
2026-06-08T13:23:29.0000000Z;96.48;96.73;41;569
2026-06-08T13:23:30.0000000Z;96.484;96.73;3000;569
2026-06-08T13:23:31.0000000Z;96.486;96.73;450;569
2026-06-08T13:23:35.0000000Z;96.484;96.726;41;3000
2026-06-08T13:23:36.0000000Z;96.484;96.724;41;450
2026-06-08T13:23:39.0000000Z;96.486;96.724;450;450
2026-06-08T13:23:42.0000000Z;96.488;96.726;41;41
2026-06-08T13:23:43.0000000Z;96.488;96.726;41;41
2026-06-08T13:23:47.0000000Z;96.488;96.722;41;41
2026-06-08T13:23:48.0000000Z;96.488;96.72;41;450
2026-06-08T13:23:52.0000000Z;96.49;96.72;450;450
2026-06-08T13:23:54.0000000Z;96.492;96.722;41;41
2026-06-08T13:23:55.0000000Z;96.494;96.722;450;41
2026-06-08T13:23:59.0000000Z;96.492;96.718;41;41
2026-06-08T13:24:00.0000000Z;96.492;96.716;41;450
2026-06-08T13:24:02.0000000Z;96.494;96.716;450;450
2026-06-08T13:24:06.0000000Z;96.496;96.718;41;41
2026-06-08T13:24:07.0000000Z;96.498;96.718;450;41
2026-06-08T13:24:11.0000000Z;96.448;96.714;41;41
2026-06-08T13:24:12.0000000Z;96.496;96.712;3000;450
2026-06-08T13:24:13.0000000Z;96.45;96.712;450;450
2026-06-08T13:24:18.0000000Z;96.454;96.714;41;41
2026-06-08T13:24:19.0000000Z;96.456;96.714;450;41
2026-06-08T13:24:23.0000000Z;96.454;96.71;41;3000
2026-06-08T13:24:24.0000000Z;96.454;96.708;41;450
2026-06-08T13:24:25.0000000Z;96.454;96.71;41;41
2026-06-08T13:24:26.0000000Z;96.456;96.708;450;450
2026-06-08T13:24:30.0000000Z;96.458;96.71;41;41
2026-06-08T13:24:31.0000000Z;96.46;96.71;450;41
2026-06-08T13:24:35.0000000Z;96.458;96.706;41;41
2026-06-08T13:24:36.0000000Z;96.458;96.704;41;450
2026-06-08T13:24:37.0000000Z;96.46;96.704;450;450
2026-06-08T13:24:42.0000000Z;96.462;96.706;41;41
2026-06-08T13:24:43.0000000Z;96.464;96.706;450;41
2026-06-08T13:24:47.0000000Z;96.462;96.702;41;41
2026-06-08T13:24:48.0000000Z;96.462;96.7;41;450
2026-06-08T13:24:49.0000000Z;96.464;96.7;450;450
2026-06-08T13:24:54.0000000Z;96.466;96.702;41;41
2026-06-08T13:24:55.0000000Z;96.468;96.702;450;41
2026-06-08T13:24:59.0000000Z;96.466;96.698;41;3000
2026-06-08T13:25:00.0000000Z;96.466;96.696;41;450
2026-06-08T13:25:01.0000000Z;96.468;96.696;450;450
2026-06-08T13:25:06.0000000Z;96.47;96.698;41;41
2026-06-08T13:25:07.0000000Z;96.472;96.698;450;41
2026-06-08T13:25:11.0000000Z;96.47;96.69;41;41
2026-06-08T13:25:12.0000000Z;96.47;96.69;41;41
2026-06-08T13:25:15.0000000Z;96.472;96.688;450;450
2026-06-08T13:25:18.0000000Z;96.474;96.69;41;41
2026-06-08T13:25:19.0000000Z;96.476;96.69;450;41
2026-06-08T13:25:23.0000000Z;96.474;96.686;41;41
2026-06-08T13:25:24.0000000Z;96.474;96.684;41;450
2026-06-08T13:25:25.0000000Z;96.476;96.684;450;450
2026-06-08T13:25:30.0000000Z;96.478;96.686;41;41
2026-06-08T13:25:31.0000000Z;96.48;96.686;450;41
2026-06-08T13:25:35.0000000Z;96.478;96.682;41;41
2026-06-08T13:25:36.0000000Z;96.478;96.68;41;450
2026-06-08T13:25:38.0000000Z;96.48;96.68;450;450
2026-06-08T13:25:41.0000000Z;96.478;96.682;41;41
2026-06-08T13:25:42.0000000Z;96.482;96.682;41;41
2026-06-08T13:25:43.0000000Z;96.484;96.682;450;41
2026-06-08T13:25:47.0000000Z;96.482;96.678;41;41
2026-06-08T13:25:48.0000000Z;96.482;96.678;41;41
2026-06-08T13:25:54.0000000Z;96.486;96.678;3000;41
2026-06-08T13:25:55.0000000Z;96.488;96.678;450;41
2026-06-08T13:25:59.0000000Z;96.486;96.674;41;41
2026-06-08T13:26:00.0000000Z;96.488;96.672;450;450
2026-06-08T13:26:02.0000000Z;96.486;96.674;41;41
2026-06-08T13:26:03.0000000Z;96.486;96.674;41;41
2026-06-08T13:26:04.0000000Z;96.486;96.674;41;41
2026-06-08T13:26:05.0000000Z;96.486;96.674;41;41
2026-06-08T13:26:06.0000000Z;96.49;96.674;41;41
2026-06-08T13:26:07.0000000Z;96.49;96.674;41;41
2026-06-08T13:26:08.0000000Z;96.49;96.674;41;41
2026-06-08T13:26:11.0000000Z;96.448;96.67;41;3000
2026-06-08T13:26:12.0000000Z;96.49;96.668;3000;450
2026-06-08T13:26:13.0000000Z;96.45;96.668;450;450
2026-06-08T13:26:18.0000000Z;96.454;96.67;41;41
2026-06-08T13:26:19.0000000Z;96.456;96.67;450;41
2026-06-08T13:26:23.0000000Z;96.454;96.666;41;41
2026-06-08T13:26:24.0000000Z;96.456;96.664;450;450
2026-06-08T13:26:26.0000000Z;96.454;96.666;41;41
2026-06-08T13:26:30.0000000Z;96.46;96.666;41;41
2026-06-08T13:26:31.0000000Z;96.462;96.666;450;41
2026-06-08T13:26:35.0000000Z;96.46;96.662;41;3000
2026-06-08T13:26:36.0000000Z;96.462;96.66;450;450
2026-06-08T13:26:42.0000000Z;96.464;96.662;41;41
2026-06-08T13:26:43.0000000Z;96.466;96.662;450;41
2026-06-08T13:26:47.0000000Z;96.464;96.658;41;41
2026-06-08T13:26:48.0000000Z;96.466;96.656;450;450
2026-06-08T13:26:54.0000000Z;96.47;96.658;41;41
2026-06-08T13:26:55.0000000Z;96.472;96.658;450;41
2026-06-08T13:26:59.0000000Z;96.47;96.654;41;41
2026-06-08T13:27:00.0000000Z;96.47;96.652;41;450
2026-06-08T13:27:01.0000000Z;96.472;96.652;450;450
2026-06-08T13:27:06.0000000Z;96.474;96.654;3000;41
2026-06-08T13:27:07.0000000Z;96.476;96.654;450;41
2026-06-08T13:27:11.0000000Z;96.474;96.65;41;41
2026-06-08T13:27:12.0000000Z;96.474;96.65;41;41
2026-06-08T13:27:13.0000000Z;96.474;96.65;41;41
2026-06-08T13:27:14.0000000Z;96.474;96.65;41;41
2026-06-08T13:27:15.0000000Z;96.474;96.65;41;41
2026-06-08T13:27:16.0000000Z;96.474;96.65;41;41
2026-06-08T13:27:17.0000000Z;96.474;96.65;41;41
2026-06-08T13:27:18.0000000Z;96.478;96.684;41;41
2026-06-08T13:27:19.0000000Z;96.478;96.684;41;41
2026-06-08T13:27:20.0000000Z;96.478;96.684;41;41
2026-06-08T13:27:21.0000000Z;96.478;96.684;41;41
2026-06-08T13:27:22.0000000Z;96.478;96.684;41;41
2026-06-08T13:27:23.0000000Z;96.478;96.68;41;41
2026-06-08T13:27:24.0000000Z;96.478;96.652;41;41
2026-06-08T13:27:26.0000000Z;96.48;96.678;450;450
2026-06-08T13:27:27.0000000Z;96.478;96.68;3000;3000
2026-06-08T13:27:37.0000000Z;96.478;96.68;41;41
2026-06-08T13:27:38.0000000Z;96.478;96.68;41;41
2026-06-08T13:27:39.0000000Z;96.478;96.68;41;41
2026-06-08T13:27:44.0000000Z;96.478;96.68;41;41
2026-06-08T13:27:47.0000000Z;96.478;96.678;41;528
2026-06-08T13:27:48.0000000Z;96.478;96.686;41;41
2026-06-08T13:27:50.0000000Z;96.478;96.682;41;41
2026-06-08T13:27:57.0000000Z;96.478;96.686;41;3000
2026-06-08T13:28:00.0000000Z;96.446;96.752;139;1700
2026-06-08T13:28:04.0000000Z;96.446;96.752;139;1700
2026-06-08T13:28:06.0000000Z;96.476;96.688;41;41
2026-06-08T13:28:11.0000000Z;96.446;96.688;139;41
2026-06-08T13:28:12.0000000Z;96.446;96.75;139;528
2026-06-08T13:28:15.0000000Z;96.446;96.75;139;528
2026-06-08T13:28:16.0000000Z;96.446;96.75;139;528
2026-06-08T13:28:17.0000000Z;96.446;96.75;139;528
2026-06-08T13:28:18.0000000Z;96.446;96.75;139;528
2026-06-08T13:28:19.0000000Z;96.446;96.75;139;528
2026-06-08T13:28:20.0000000Z;96.446;96.75;139;528
2026-06-08T13:28:21.0000000Z;96.446;96.75;139;528
2026-06-08T13:28:22.0000000Z;96.446;96.75;139;528
2026-06-08T13:28:23.0000000Z;96.446;96.75;139;528
2026-06-08T13:28:24.0000000Z;96.446;96.75;139;528
2026-06-08T13:28:25.0000000Z;96.446;96.75;139;528
2026-06-08T13:28:26.0000000Z;96.446;96.75;139;528
2026-06-08T13:28:29.0000000Z;96.446;96.75;139;528
2026-06-08T13:29:04.0000000Z;96.446;96.812;139;528
2026-06-08T13:29:05.0000000Z;96.446;96.812;139;528
2026-06-08T13:29:06.0000000Z;96.446;96.812;139;528
2026-06-08T13:29:09.0000000Z;96.446;96.812;139;528
2026-06-08T13:29:11.0000000Z;96.446;96.812;139;528
2026-06-08T13:29:14.0000000Z;96.446;96.812;139;528
2026-06-08T13:29:24.0000000Z;96.446;96.812;139;528
2026-06-08T13:29:35.0000000Z;96.446;96.812;139;528
2026-06-08T13:29:46.0000000Z;96.096;96.934;41;528
2026-06-08T13:29:47.0000000Z;96.096;96.926;41;528
2026-06-08T13:29:48.0000000Z;96.096;96.924;41;792
2026-06-08T13:29:49.0000000Z;96.096;96.814;41;259
2026-06-08T13:29:50.0000000Z;96.096;96.898;41;528
2026-06-08T13:29:51.0000000Z;96.322;96.854;139;528
2026-06-08T13:29:54.0000000Z;96.322;96.854;3000;3000
2026-06-08T13:29:56.0000000Z;96.322;96.854;139;528
2026-06-08T13:30:00.0000000Z;96.322;96.85;139;528
2026-06-08T13:30:01.0000000Z;96.322;96.85;139;528
2026-06-08T13:30:04.0000000Z;96.322;96.85;139;3000
2026-06-08T13:30:08.0000000Z;96.322;96.85;139;528
2026-06-08T13:30:10.0000000Z;96.322;96.978;139;52
2026-06-08T13:30:12.0000000Z;96.322;96.856;139;259
2026-06-08T13:30:15.0000000Z;96.322;96.978;139;3000
2026-06-08T13:30:21.0000000Z;96.322;96.978;139;52
2026-06-08T13:30:30.0000000Z;96.466;96.834;139;52
2026-06-08T13:30:32.0000000Z;96.466;96.834;3000;3000
2026-06-08T13:30:35.0000000Z;96.466;96.834;139;52
2026-06-08T13:30:44.0000000Z;96.466;96.834;3000;3000
2026-06-08T13:31:10.0000000Z;96.466;96.834;139;52
2026-06-08T13:31:15.0000000Z;96.466;96.834;139;52
2026-06-08T13:31:20.0000000Z;96.466;96.834;139;52
2026-06-08T13:31:21.0000000Z;96.466;96.832;139;528
2026-06-08T13:31:23.0000000Z;96.466;96.832;139;3000
2026-06-08T13:31:25.0000000Z;96.466;96.832;139;528
2026-06-08T13:31:32.0000000Z;96.466;96.832;139;3000
2026-06-08T13:31:44.0000000Z;96.466;96.832;139;528
2026-06-08T13:31:48.0000000Z;96.466;96.832;139;528
2026-06-08T13:32:00.0000000Z;96.468;96.83;41;41
2026-06-08T13:32:01.0000000Z;96.468;96.83;3000;3000
2026-06-08T13:32:11.0000000Z;96.468;96.788;41;528
2026-06-08T13:32:12.0000000Z;96.468;96.83;3000;3000
2026-06-08T13:32:13.0000000Z;96.468;96.788;3000;3000
2026-06-08T13:32:18.0000000Z;96.468;96.788;41;528
2026-06-08T13:32:25.0000000Z;96.468;96.784;41;528
2026-06-08T13:32:26.0000000Z;96.468;96.784;41;3000
2026-06-08T13:32:27.0000000Z;96.468;96.784;41;3000
2026-06-08T13:32:32.0000000Z;96.468;96.784;41;528
2026-06-08T13:32:38.0000000Z;96.468;96.764;41;528
2026-06-08T13:32:39.0000000Z;96.468;96.764;41;3000
2026-06-08T13:32:51.0000000Z;96.468;96.764;41;3000
2026-06-08T13:33:05.0000000Z;96.468;96.768;41;528
2026-06-08T13:33:09.0000000Z;96.468;96.766;41;528
2026-06-08T13:33:17.0000000Z;96.468;96.768;41;3000
2026-06-08T13:33:18.0000000Z;96.468;96.76;41;528
2026-06-08T13:33:19.0000000Z;96.496;96.76;139;528
2026-06-08T13:33:21.0000000Z;96.496;96.76;3000;3000
2026-06-08T13:33:23.0000000Z;96.494;96.732;93;528
2026-06-08T13:33:25.0000000Z;96.494;96.732;93;3000
2026-06-08T13:33:27.0000000Z;96.494;96.732;3000;3000
2026-06-08T13:33:30.0000000Z;96.494;96.732;3000;3000
2026-06-08T13:34:05.0000000Z;96.494;96.732;93;528
2026-06-08T13:34:06.0000000Z;96.496;96.69;41;41
2026-06-08T13:34:08.0000000Z;96.496;96.69;3000;3000
2026-06-08T13:34:11.0000000Z;96.496;96.69;41;41
2026-06-08T13:34:12.0000000Z;96.496;96.804;41;41
2026-06-08T13:34:13.0000000Z;96.496;96.692;41;41
2026-06-08T13:34:15.0000000Z;96.496;96.692;41;3000
2026-06-08T13:34:21.0000000Z;96.496;96.692;3000;3000
2026-06-08T13:34:40.0000000Z;96.496;96.686;41;3000
2026-06-08T13:34:52.0000000Z;96.496;96.686;41;3000
2026-06-08T13:35:16.0000000Z;96.496;96.804;41;41
2026-06-08T13:35:19.0000000Z;96.496;96.688;41;528
2026-06-08T13:35:26.0000000Z;96.496;96.686;41;528
2026-06-08T13:35:28.0000000Z;96.496;96.686;41;3000
2026-06-08T13:35:51.0000000Z;96.496;96.686;41;528
2026-06-08T13:36:17.0000000Z;96.496;96.686;41;528
2026-06-08T13:36:18.0000000Z;96.496;96.686;41;528
2026-06-08T13:37:15.0000000Z;96.496;96.782;41;528
2026-06-08T13:37:16.0000000Z;96.496;96.78;41;41
2026-06-08T13:37:17.0000000Z;96.496;96.724;41;41
2026-06-08T13:37:18.0000000Z;96.496;96.688;41;528
2026-06-08T13:37:25.0000000Z;96.496;96.724;41;3000
2026-06-08T13:37:27.0000000Z;96.496;96.686;41;528
2026-06-08T13:37:29.0000000Z;96.496;96.686;41;3000
2026-06-08T13:37:31.0000000Z;96.496;96.686;41;528
2026-06-08T13:37:38.0000000Z;96.496;96.686;41;3000
2026-06-08T13:37:41.0000000Z;96.496;96.686;41;528
2026-06-08T13:37:52.0000000Z;96.496;96.686;41;528
2026-06-08T13:38:11.0000000Z;96.496;96.686;41;528
2026-06-08T13:38:18.0000000Z;96.496;96.686;41;528
2026-06-08T13:38:21.0000000Z;96.496;96.686;41;528
2026-06-08T13:38:31.0000000Z;96.496;96.804;41;41
2026-06-08T13:38:32.0000000Z;96.496;96.734;41;528
2026-06-08T13:38:33.0000000Z;96.496;96.686;41;528
2026-06-08T13:38:34.0000000Z;96.496;96.686;41;3000
2026-06-08T13:38:46.0000000Z;96.496;96.744;41;41
2026-06-08T13:38:48.0000000Z;96.496;96.688;41;528
2026-06-08T13:38:56.0000000Z;96.496;96.692;41;41
2026-06-08T13:38:57.0000000Z;96.496;96.688;41;528
2026-06-08T13:38:59.0000000Z;96.496;96.692;41;3000
2026-06-08T13:39:25.0000000Z;96.496;96.688;41;41
2026-06-08T13:39:26.0000000Z;96.496;96.686;41;528
2026-06-08T13:39:28.0000000Z;96.496;96.686;41;3000
2026-06-08T13:39:37.0000000Z;96.496;96.688;41;41
2026-06-08T13:39:38.0000000Z;96.496;96.686;41;3000
2026-06-08T13:39:39.0000000Z;96.496;96.686;41;528
2026-06-08T13:39:49.0000000Z;96.496;96.69;41;528
2026-06-08T13:39:50.0000000Z;96.496;96.688;41;41
2026-06-08T13:39:52.0000000Z;96.496;96.688;41;3000
2026-06-08T13:40:04.0000000Z;96.496;96.688;41;3000
2026-06-08T13:40:09.0000000Z;96.496;96.686;41;528
2026-06-08T13:40:10.0000000Z;96.496;96.686;41;3000
2026-06-08T13:40:19.0000000Z;96.496;96.686;41;528
2026-06-08T13:40:20.0000000Z;96.496;96.686;41;3000
2026-06-08T13:41:14.0000000Z;96.496;96.686;41;528
2026-06-08T13:41:15.0000000Z;96.496;96.686;41;528
2026-06-08T13:41:49.0000000Z;96.496;96.686;41;528
2026-06-08T13:42:16.0000000Z;96.496;96.686;41;528
2026-06-08T13:42:17.0000000Z;96.496;96.686;41;528
2026-06-08T13:42:49.0000000Z;96.496;96.686;41;528
2026-06-08T13:42:51.0000000Z;96.496;96.686;41;528
2026-06-08T13:42:54.0000000Z;96.496;96.686;41;528
2026-06-08T13:42:56.0000000Z;96.496;96.686;41;528
2026-06-08T13:42:59.0000000Z;96.496;96.686;41;528
2026-06-08T13:43:00.0000000Z;96.494;96.738;93;41
2026-06-08T13:43:01.0000000Z;96.494;96.688;3041;528
2026-06-08T13:43:03.0000000Z;96.496;96.688;3000;528
2026-06-08T13:43:05.0000000Z;96.496;96.738;41;41
2026-06-08T13:43:10.0000000Z;96.496;96.67;41;41
2026-06-08T13:43:12.0000000Z;96.496;96.67;41;3000
2026-06-08T13:43:18.0000000Z;96.496;96.666;41;41
2026-06-08T13:43:20.0000000Z;96.496;96.666;41;3000
2026-06-08T13:43:24.0000000Z;96.496;96.666;41;41
2026-06-08T13:43:25.0000000Z;96.496;96.664;41;528
2026-06-08T13:43:27.0000000Z;96.496;96.664;41;3000
2026-06-08T13:43:32.0000000Z;96.496;96.664;41;3000
2026-06-08T13:43:35.0000000Z;96.496;96.664;41;528
2026-06-08T13:44:16.0000000Z;96.468;96.664;41;528
2026-06-08T13:44:17.0000000Z;96.468;96.664;41;528
2026-06-08T13:44:19.0000000Z;96.494;96.664;41;528
2026-06-08T13:44:29.0000000Z;96.468;96.664;3000;528
2026-06-08T13:45:04.0000000Z;96.468;96.828;41;41
2026-06-08T13:45:05.0000000Z;96.468;96.666;41;528
2026-06-08T13:45:06.0000000Z;96.468;96.666;41;528
2026-06-08T13:45:15.0000000Z;96.468;96.716;41;528
2026-06-08T13:45:16.0000000Z;96.468;96.64;41;528
2026-06-08T13:45:18.0000000Z;96.468;96.64;41;3000
2026-06-08T13:45:19.0000000Z;96.468;96.64;41;528
2026-06-08T13:45:26.0000000Z;96.468;96.64;41;528
2026-06-08T13:45:28.0000000Z;96.468;96.64;41;3000
2026-06-08T13:46:17.0000000Z;96.468;96.642;41;41
2026-06-08T13:46:20.0000000Z;96.468;96.642;41;3528
2026-06-08T13:46:22.0000000Z;96.468;96.64;41;3000
2026-06-08T13:47:17.0000000Z;96.468;96.64;41;528
2026-06-08T13:48:18.0000000Z;96.468;96.64;41;528
2026-06-08T13:49:17.0000000Z;96.468;96.64;41;528
2026-06-08T13:49:18.0000000Z;96.468;96.64;41;528
2026-06-08T13:49:45.0000000Z;96.468;96.648;41;528
2026-06-08T13:49:47.0000000Z;96.468;96.642;41;528
2026-06-08T13:49:55.0000000Z;96.468;96.648;41;3000
2026-06-08T13:49:58.0000000Z;96.468;96.648;41;528
2026-06-08T13:50:18.0000000Z;96.434;96.648;41;528
2026-06-08T13:50:19.0000000Z;96.434;96.648;41;528
2026-06-08T13:50:21.0000000Z;96.466;96.648;41;528
2026-06-08T13:50:28.0000000Z;96.434;96.648;3000;528
2026-06-08T13:51:16.0000000Z;96.434;96.684;41;528
2026-06-08T13:51:17.0000000Z;96.434;96.648;41;528
2026-06-08T13:51:18.0000000Z;96.434;96.648;41;3000
2026-06-08T13:53:15.0000000Z;96.434;96.648;41;528
2026-06-08T13:54:18.0000000Z;96.434;96.648;41;528
2026-06-08T13:54:55.0000000Z;96.434;96.648;41;528
2026-06-08T13:55:15.0000000Z;96.406;96.648;41;528
2026-06-08T13:55:16.0000000Z;96.406;96.648;41;528
2026-06-08T13:55:18.0000000Z;96.432;96.648;41;528
2026-06-08T13:55:27.0000000Z;96.406;96.648;3000;528
2026-06-08T13:56:14.0000000Z;96.406;96.648;41;528
2026-06-08T13:56:15.0000000Z;96.406;96.648;41;528
2026-06-08T13:56:25.0000000Z;96.406;96.648;41;528
2026-06-08T13:57:16.0000000Z;96.406;96.648;41;528
2026-06-08T13:58:16.0000000Z;96.406;96.72;41;528
2026-06-08T13:58:17.0000000Z;96.406;96.718;41;41
2026-06-08T13:58:18.0000000Z;96.406;96.648;41;528
2026-06-08T13:58:28.0000000Z;96.406;96.648;41;528
2026-06-08T13:59:17.0000000Z;96.406;96.648;41;528
2026-06-08T13:59:42.0000000Z;96.406;96.636;41;528
2026-06-08T13:59:45.0000000Z;96.406;96.636;41;528
2026-06-08T13:59:52.0000000Z;96.406;96.636;41;3000
2026-06-08T13:59:57.0000000Z;96.404;96.766;93;41
2026-06-08T13:59:59.0000000Z;96.404;96.716;93;1700
2026-06-08T14:00:00.0000000Z;96.406;96.714;41;41
2026-06-08T14:00:02.0000000Z;96.406;96.714;41;41
2026-06-08T14:00:08.0000000Z;96.406;96.6;41;528
2026-06-08T14:00:09.0000000Z;96.406;96.596;41;528
2026-06-08T14:00:11.0000000Z;96.406;96.596;41;3000
2026-06-08T14:00:12.0000000Z;96.406;96.596;41;3000
2026-06-08T14:00:25.0000000Z;96.406;96.596;41;528
2026-06-08T14:00:26.0000000Z;96.406;96.596;41;528
2026-06-08T14:01:16.0000000Z;96.406;96.714;41;41
2026-06-08T14:01:20.0000000Z;96.406;96.598;41;528
2026-06-08T14:01:22.0000000Z;96.406;96.714;41;41
2026-06-08T14:01:26.0000000Z;96.406;96.596;41;528
2026-06-08T14:01:27.0000000Z;96.406;96.596;41;3000
2026-06-08T14:01:42.0000000Z;96.406;96.604;41;528
2026-06-08T14:01:44.0000000Z;96.406;96.598;41;528
2026-06-08T14:01:52.0000000Z;96.406;96.596;41;528
2026-06-08T14:01:53.0000000Z;96.406;96.596;41;528
2026-06-08T14:01:54.0000000Z;96.406;96.596;41;528
2026-06-08T14:02:05.0000000Z;96.406;96.65;41;41
2026-06-08T14:02:06.0000000Z;96.406;96.65;41;41
2026-06-08T14:02:10.0000000Z;96.406;96.598;41;528
2026-06-08T14:02:16.0000000Z;96.406;96.596;41;528
2026-06-08T14:02:26.0000000Z;96.406;96.596;41;528
2026-06-08T14:03:00.0000000Z;96.406;96.596;41;528
2026-06-08T14:03:13.0000000Z;96.406;96.596;41;528
2026-06-08T14:03:16.0000000Z;96.376;96.596;41;528
2026-06-08T14:03:17.0000000Z;96.376;96.596;41;528
2026-06-08T14:03:18.0000000Z;96.404;96.596;41;528
2026-06-08T14:03:28.0000000Z;96.376;96.596;3000;528
2026-06-08T14:03:56.0000000Z;96.376;96.596;41;528
2026-06-08T14:04:17.0000000Z;96.376;96.6;41;528
2026-06-08T14:04:18.0000000Z;96.376;96.598;41;528
2026-06-08T14:04:29.0000000Z;96.376;96.6;41;3000
2026-06-08T14:06:16.0000000Z;96.376;96.618;41;41
2026-06-08T14:06:18.0000000Z;96.376;96.618;41;41
2026-06-08T14:06:26.0000000Z;96.376;96.6;41;528
2026-06-08T14:06:28.0000000Z;96.376;96.6;41;3000
2026-06-08T14:06:39.0000000Z;96.376;96.6;41;3000
2026-06-08T14:07:17.0000000Z;96.376;96.6;41;528
2026-06-08T14:08:17.0000000Z;96.376;96.6;41;528
2026-06-08T14:08:18.0000000Z;96.376;96.592;41;3000
2026-06-08T14:08:22.0000000Z;96.376;96.592;41;528
2026-06-08T14:08:28.0000000Z;96.376;96.596;41;528
2026-06-08T14:08:32.0000000Z;96.376;96.592;41;528
2026-06-08T14:08:33.0000000Z;96.376;96.592;41;3000
2026-06-08T14:08:43.0000000Z;96.376;96.592;41;528
2026-06-08T14:08:53.0000000Z;96.376;96.592;41;528
2026-06-08T14:09:06.0000000Z;96.376;96.592;41;528
2026-06-08T14:09:16.0000000Z;96.376;96.612;41;528
2026-06-08T14:09:17.0000000Z;96.376;96.592;41;528
2026-06-08T14:09:18.0000000Z;96.376;96.592;41;3000
2026-06-08T14:09:24.0000000Z;96.376;96.592;41;528
2026-06-08T14:09:28.0000000Z;96.376;96.592;41;528
2026-06-08T14:09:34.0000000Z;96.376;96.588;41;528
2026-06-08T14:09:36.0000000Z;96.376;96.588;41;3000
2026-06-08T14:09:44.0000000Z;96.376;96.588;41;528
2026-06-08T14:09:45.0000000Z;96.376;96.588;41;3000
2026-06-08T14:09:56.0000000Z;96.376;96.588;41;528
2026-06-08T14:10:08.0000000Z;96.376;96.714;41;41
2026-06-08T14:10:09.0000000Z;96.376;96.592;41;528
2026-06-08T14:10:12.0000000Z;96.376;96.59;41;528
2026-06-08T14:10:18.0000000Z;96.376;96.592;41;3000
2026-06-08T14:10:19.0000000Z;96.376;96.588;41;528
2026-06-08T14:10:21.0000000Z;96.376;96.588;41;3000
2026-06-08T14:10:31.0000000Z;96.376;96.592;41;528
2026-06-08T14:10:32.0000000Z;96.376;96.588;41;3000
2026-06-08T14:10:34.0000000Z;96.376;96.59;41;528
2026-06-08T14:10:41.0000000Z;96.376;96.592;41;528
2026-06-08T14:10:42.0000000Z;96.376;96.592;41;528
2026-06-08T14:10:51.0000000Z;96.376;96.714;41;41
2026-06-08T14:10:56.0000000Z;96.376;96.594;41;528
2026-06-08T14:11:02.0000000Z;96.376;96.604;41;528
2026-06-08T14:11:03.0000000Z;96.376;96.594;41;528
2026-06-08T14:11:04.0000000Z;96.376;96.604;41;3000
2026-06-08T14:11:13.0000000Z;96.376;96.604;41;528
2026-06-08T14:11:25.0000000Z;96.376;96.604;41;528
2026-06-08T14:11:35.0000000Z;96.376;96.604;41;528
2026-06-08T14:11:45.0000000Z;96.376;96.606;41;528
2026-06-08T14:11:48.0000000Z;96.376;96.606;41;3528
2026-06-08T14:11:49.0000000Z;96.376;96.606;41;528
2026-06-08T14:11:54.0000000Z;96.376;96.606;41;3000
2026-06-08T14:11:55.0000000Z;96.376;96.606;41;528
2026-06-08T14:12:05.0000000Z;96.376;96.606;41;528
2026-06-08T14:12:16.0000000Z;96.36;96.606;41;528
2026-06-08T14:12:19.0000000Z;96.374;96.606;41;528
2026-06-08T14:12:26.0000000Z;96.36;96.606;3000;528
2026-06-08T14:12:27.0000000Z;96.36;96.606;41;528
2026-06-08T14:12:39.0000000Z;96.36;96.606;41;528
2026-06-08T14:12:49.0000000Z;96.36;96.606;41;528
2026-06-08T14:13:00.0000000Z;96.36;96.582;41;3000
2026-06-08T14:13:05.0000000Z;96.36;96.582;41;528
2026-06-08T14:13:09.0000000Z;96.36;96.582;41;3000
2026-06-08T14:13:10.0000000Z;96.36;96.596;41;528
2026-06-08T14:13:13.0000000Z;96.36;96.584;41;528
2026-06-08T14:13:16.0000000Z;96.36;96.596;41;528
2026-06-08T14:13:20.0000000Z;96.36;96.582;41;528
2026-06-08T14:13:21.0000000Z;96.36;96.582;41;3000
2026-06-08T14:13:22.0000000Z;96.36;96.582;41;528
2026-06-08T14:13:35.0000000Z;96.36;96.596;41;528
2026-06-08T14:13:37.0000000Z;96.36;96.584;41;528
2026-06-08T14:13:45.0000000Z;96.36;96.596;41;3000
2026-06-08T14:13:49.0000000Z;96.36;96.606;41;528
2026-06-08T14:13:53.0000000Z;96.36;96.598;41;528
2026-06-08T14:14:00.0000000Z;96.36;96.606;41;528
2026-06-08T14:14:01.0000000Z;96.36;96.606;41;3000
2026-06-08T14:14:10.0000000Z;96.36;96.606;41;528
2026-06-08T14:14:20.0000000Z;96.36;96.606;41;528
2026-06-08T14:14:30.0000000Z;96.36;96.606;41;528
2026-06-08T14:14:40.0000000Z;96.36;96.598;41;528
2026-06-08T14:14:51.0000000Z;96.36;96.598;41;3000
2026-06-08T14:14:55.0000000Z;96.36;96.606;41;528
2026-06-08T14:14:57.0000000Z;96.36;96.6;41;528
2026-06-08T14:15:05.0000000Z;96.36;96.606;41;3000
2026-06-08T14:15:06.0000000Z;96.36;96.598;41;528
2026-06-08T14:15:07.0000000Z;96.36;96.598;41;3000
2026-06-08T14:15:15.0000000Z;96.36;96.598;41;3000
2026-06-08T14:15:16.0000000Z;96.36;96.598;41;528
2026-06-08T14:15:17.0000000Z;96.36;96.582;41;3000
2026-06-08T14:15:21.0000000Z;96.36;96.582;41;528
2026-06-08T14:15:27.0000000Z;96.36;96.576;41;528
2026-06-08T14:15:28.0000000Z;96.36;96.704;41;41
2026-06-08T14:15:32.0000000Z;96.36;96.704;41;41
2026-06-08T14:15:33.0000000Z;96.36;96.584;41;528
2026-06-08T14:15:37.0000000Z;96.36;96.704;41;3000
2026-06-08T14:15:38.0000000Z;96.36;96.702;41;528
2026-06-08T14:15:39.0000000Z;96.36;96.574;41;528
2026-06-08T14:15:43.0000000Z;96.36;96.574;41;528
2026-06-08T14:15:49.0000000Z;96.36;96.574;41;3000
2026-06-08T14:15:50.0000000Z;96.36;96.694;41;41
2026-06-08T14:15:51.0000000Z;96.36;96.694;41;41
2026-06-08T14:15:53.0000000Z;96.36;96.576;41;528
2026-06-08T14:16:00.0000000Z;96.36;96.592;41;528
2026-06-08T14:16:01.0000000Z;96.36;96.576;41;528
2026-06-08T14:16:02.0000000Z;96.36;96.592;41;3000
2026-06-08T14:16:09.0000000Z;96.36;96.58;41;3000
2026-06-08T14:16:17.0000000Z;96.36;96.58;41;528
2026-06-08T14:16:19.0000000Z;96.36;96.58;41;3000
2026-06-08T14:16:20.0000000Z;96.36;96.578;41;528
2026-06-08T14:16:22.0000000Z;96.36;96.578;41;3000
2026-06-08T14:16:28.0000000Z;96.36;96.578;41;528
2026-06-08T14:16:31.0000000Z;96.36;96.574;41;528
2026-06-08T14:16:32.0000000Z;96.36;96.574;41;3000
2026-06-08T14:16:35.0000000Z;96.36;96.574;41;528
2026-06-08T14:16:36.0000000Z;96.36;96.574;41;528
2026-06-08T14:16:42.0000000Z;96.36;96.57;41;528
2026-06-08T14:16:43.0000000Z;96.36;96.57;41;3000
2026-06-08T14:16:47.0000000Z;96.36;96.57;41;528
2026-06-08T14:16:48.0000000Z;96.36;96.57;41;528
2026-06-08T14:16:52.0000000Z;96.36;96.57;41;3000
2026-06-08T14:16:57.0000000Z;96.36;96.57;41;528
2026-06-08T14:17:02.0000000Z;96.36;96.57;41;528
2026-06-08T14:17:10.0000000Z;96.36;96.57;41;528
2026-06-08T14:17:17.0000000Z;96.36;96.57;41;528
2026-06-08T14:17:20.0000000Z;96.36;96.57;41;528
2026-06-08T14:17:32.0000000Z;96.36;96.57;41;528
2026-06-08T14:17:39.0000000Z;96.36;96.708;41;41
2026-06-08T14:17:42.0000000Z;96.36;96.572;41;528
2026-06-08T14:17:43.0000000Z;96.36;96.708;41;41
2026-06-08T14:17:49.0000000Z;96.36;96.59;41;528
2026-06-08T14:17:50.0000000Z;96.36;96.59;41;528
2026-06-08T14:17:51.0000000Z;96.36;96.59;41;3000
2026-06-08T14:17:59.0000000Z;96.36;96.7;41;41
2026-06-08T14:18:00.0000000Z;96.36;96.598;41;528
2026-06-08T14:18:02.0000000Z;96.36;96.592;41;528
2026-06-08T14:18:09.0000000Z;96.36;96.598;41;3000
2026-06-08T14:18:17.0000000Z;96.36;96.598;41;528
2026-06-08T14:18:18.0000000Z;96.36;96.596;41;3000
2026-06-08T14:18:23.0000000Z;96.36;96.596;41;528
2026-06-08T14:18:29.0000000Z;96.36;96.596;41;3000
2026-06-08T14:19:13.0000000Z;96.358;96.7;1700;528
2026-06-08T14:19:14.0000000Z;96.358;96.598;3041;528
2026-06-08T14:19:18.0000000Z;96.358;96.7;1700;528
2026-06-08T14:19:22.0000000Z;96.358;96.7;3000;3000
2026-06-08T14:19:23.0000000Z;96.358;96.7;1700;528
2026-06-08T14:19:28.0000000Z;96.358;96.7;1700;528
2026-06-08T14:19:34.0000000Z;96.358;96.7;1700;528
2026-06-08T14:19:39.0000000Z;96.358;96.7;1700;528
2026-06-08T14:19:45.0000000Z;96.358;96.7;1700;528
2026-06-08T14:19:50.0000000Z;96.36;96.564;41;528
2026-06-08T14:20:00.0000000Z;96.36;96.588;41;528
2026-06-08T14:20:02.0000000Z;96.36;96.566;41;528
2026-06-08T14:20:10.0000000Z;96.36;96.588;41;3000
2026-06-08T14:20:14.0000000Z;96.36;96.588;41;528
2026-06-08T14:20:20.0000000Z;96.36;96.586;41;528
2026-06-08T14:20:25.0000000Z;96.36;96.586;41;528
2026-06-08T14:20:30.0000000Z;96.36;96.586;41;3000
2026-06-08T14:20:38.0000000Z;96.36;96.66;41;528
2026-06-08T14:20:39.0000000Z;96.36;96.592;41;528
2026-06-08T14:20:40.0000000Z;96.36;96.588;41;528
2026-06-08T14:20:48.0000000Z;96.36;96.592;41;3000
2026-06-08T14:21:16.0000000Z;96.36;96.588;41;528
2026-06-08T14:21:17.0000000Z;96.36;96.704;41;41
2026-06-08T14:21:18.0000000Z;96.36;96.592;41;3000
2026-06-08T14:21:20.0000000Z;96.36;96.588;41;3000
2026-06-08T14:21:21.0000000Z;96.36;96.704;41;41
2026-06-08T14:21:25.0000000Z;96.36;96.704;41;41
2026-06-08T14:21:27.0000000Z;96.36;96.586;41;528
2026-06-08T14:21:28.0000000Z;96.36;96.586;41;528
2026-06-08T14:21:32.0000000Z;96.36;96.586;41;528
2026-06-08T14:21:36.0000000Z;96.36;96.586;41;3000
2026-06-08T14:21:37.0000000Z;96.36;96.582;41;528
2026-06-08T14:21:38.0000000Z;96.36;96.582;41;3000
2026-06-08T14:21:39.0000000Z;96.36;96.582;41;528
2026-06-08T14:21:42.0000000Z;96.36;96.582;41;528
2026-06-08T14:21:48.0000000Z;96.36;96.584;41;528
2026-06-08T14:21:49.0000000Z;96.36;96.584;41;528
2026-06-08T14:21:51.0000000Z;96.36;96.584;41;3528
2026-06-08T14:21:52.0000000Z;96.36;96.584;41;528
2026-06-08T14:21:54.0000000Z;96.36;96.584;41;528
2026-06-08T14:21:55.0000000Z;96.36;96.584;41;528
2026-06-08T14:21:58.0000000Z;96.36;96.584;41;3000
2026-06-08T14:21:59.0000000Z;96.36;96.682;41;41
2026-06-08T14:21:59.0000000Z;96.36;96.588;41;528
2026-06-08T14:22:03.0000000Z;96.36;96.586;41;528
2026-06-08T14:22:07.0000000Z;96.36;96.588;41;3000
2026-06-08T14:22:17.0000000Z;96.36;96.584;41;528
2026-06-08T14:22:18.0000000Z;96.36;96.584;41;528
2026-06-08T14:22:27.0000000Z;96.36;96.584;41;528
2026-06-08T14:23:14.0000000Z;96.36;96.584;41;528
2026-06-08T14:23:15.0000000Z;96.36;96.584;41;3000
2026-06-08T14:24:09.0000000Z;96.36;96.596;41;528
2026-06-08T14:24:10.0000000Z;96.36;96.592;41;528
2026-06-08T14:24:11.0000000Z;96.36;96.586;41;528
2026-06-08T14:24:19.0000000Z;96.36;96.592;41;3000
2026-06-08T14:24:28.0000000Z;96.36;96.588;41;528
2026-06-08T14:24:37.0000000Z;96.36;96.588;41;3000
2026-06-08T14:25:18.0000000Z;96.36;96.588;41;528
2026-06-08T14:25:46.0000000Z;96.36;96.596;41;528
2026-06-08T14:25:47.0000000Z;96.36;96.596;41;528
2026-06-08T14:25:48.0000000Z;96.36;96.59;41;528
2026-06-08T14:25:58.0000000Z;96.36;96.596;41;3000
2026-06-08T14:26:18.0000000Z;96.36;96.596;41;528
2026-06-08T14:26:19.0000000Z;96.36;96.596;41;528
2026-06-08T14:27:17.0000000Z;96.36;96.596;41;528
2026-06-08T14:28:16.0000000Z;96.36;96.596;41;528
2026-06-08T14:28:17.0000000Z;96.36;96.596;41;528
2026-06-08T14:29:13.0000000Z;96.36;96.596;41;528
2026-06-08T14:29:14.0000000Z;96.36;96.596;41;528
2026-06-08T14:29:15.0000000Z;96.36;96.596;41;528
2026-06-08T14:30:06.0000000Z;96.36;96.596;41;528
2026-06-08T14:30:07.0000000Z;96.36;96.596;41;528
2026-06-08T14:30:23.0000000Z;96.36;96.596;41;528
2026-06-08T14:31:16.0000000Z;96.36;96.596;41;528
2026-06-08T14:31:17.0000000Z;96.36;96.596;41;528
2026-06-08T14:32:17.0000000Z;96.36;96.676;41;528
2026-06-08T14:32:19.0000000Z;96.36;96.674;41;41
2026-06-08T14:32:20.0000000Z;96.36;96.598;41;528
2026-06-08T14:32:22.0000000Z;96.36;96.598;41;528
2026-06-08T14:32:26.0000000Z;96.36;96.674;41;3000
2026-06-08T14:32:30.0000000Z;96.36;96.596;41;528
2026-06-08T14:32:40.0000000Z;96.36;96.596;41;3000
2026-06-08T14:32:54.0000000Z;96.36;96.592;41;528
2026-06-08T14:32:55.0000000Z;96.36;96.592;41;3000
2026-06-08T14:33:02.0000000Z;96.36;96.592;41;3000
2026-06-08T14:33:05.0000000Z;96.36;96.588;41;528
2026-06-08T14:33:06.0000000Z;96.36;96.588;41;3000
2026-06-08T14:33:13.0000000Z;96.36;96.588;41;3000
2026-06-08T14:33:18.0000000Z;96.36;96.588;41;528
2026-06-08T14:34:17.0000000Z;96.36;96.596;41;528
2026-06-08T14:34:18.0000000Z;96.36;96.588;41;528
2026-06-08T14:34:50.0000000Z;96.36;96.592;41;528
2026-06-08T14:34:52.0000000Z;96.36;96.59;41;528
2026-06-08T14:34:58.0000000Z;96.36;96.592;41;3000
2026-06-08T14:35:13.0000000Z;96.36;96.682;41;41
2026-06-08T14:35:16.0000000Z;96.36;96.594;41;528
2026-06-08T14:35:23.0000000Z;96.36;96.596;41;528
2026-06-08T14:35:24.0000000Z;96.36;96.594;41;528
2026-06-08T14:35:25.0000000Z;96.36;96.596;41;3000
2026-06-08T14:35:49.0000000Z;96.36;96.596;41;528
2026-06-08T14:35:50.0000000Z;96.36;96.588;41;528
2026-06-08T14:35:51.0000000Z;96.36;96.588;41;3000
2026-06-08T14:35:53.0000000Z;96.36;96.588;41;528
2026-06-08T14:36:00.0000000Z;96.36;96.588;41;528
2026-06-08T14:36:01.0000000Z;96.36;96.588;41;3000
2026-06-08T14:36:16.0000000Z;96.36;96.588;41;528
2026-06-08T14:36:17.0000000Z;96.36;96.584;41;3000
2026-06-08T14:36:26.0000000Z;96.36;96.584;41;528
2026-06-08T14:36:27.0000000Z;96.36;96.596;41;528
2026-06-08T14:36:29.0000000Z;96.36;96.586;41;528
2026-06-08T14:36:32.0000000Z;96.36;96.592;41;528
2026-06-08T14:36:33.0000000Z;96.36;96.592;41;528
2026-06-08T14:36:39.0000000Z;96.36;96.592;41;3000
2026-06-08T14:36:42.0000000Z;96.36;96.654;41;41
2026-06-08T14:36:44.0000000Z;96.36;96.654;41;41
2026-06-08T14:36:45.0000000Z;96.36;96.594;41;528
2026-06-08T14:36:53.0000000Z;96.36;96.588;41;3000
2026-06-08T14:37:14.0000000Z;96.36;96.588;41;528
2026-06-08T14:37:15.0000000Z;96.36;96.588;41;528
2026-06-08T14:38:14.0000000Z;96.36;96.674;41;41
2026-06-08T14:38:17.0000000Z;96.36;96.682;41;41
2026-06-08T14:38:21.0000000Z;96.36;96.59;41;528
2026-06-08T14:38:22.0000000Z;96.36;96.682;41;3000
2026-06-08T14:38:25.0000000Z;96.36;96.592;41;528
2026-06-08T14:38:26.0000000Z;96.36;96.592;41;3000
2026-06-08T14:38:34.0000000Z;96.36;96.592;41;3000
2026-06-08T14:38:35.0000000Z;96.36;96.596;41;528
2026-06-08T14:38:37.0000000Z;96.36;96.594;41;528
2026-06-08T14:38:42.0000000Z;96.36;96.596;41;3000
2026-06-08T14:38:56.0000000Z;96.36;96.596;41;528
2026-06-08T14:39:07.0000000Z;96.36;96.596;41;528
2026-06-08T14:39:09.0000000Z;96.36;96.588;41;528
2026-06-08T14:39:10.0000000Z;96.36;96.588;41;3000
2026-06-08T14:39:16.0000000Z;96.36;96.584;41;528
2026-06-08T14:39:17.0000000Z;96.36;96.584;41;3000
2026-06-08T14:39:25.0000000Z;96.36;96.584;41;3000
2026-06-08T14:39:27.0000000Z;96.36;96.584;41;528
2026-06-08T14:39:37.0000000Z;96.36;96.682;41;41
2026-06-08T14:39:39.0000000Z;96.36;96.586;41;528
2026-06-08T14:39:46.0000000Z;96.36;96.682;41;41
2026-06-08T14:39:48.0000000Z;96.36;96.68;41;528
2026-06-08T14:39:49.0000000Z;96.36;96.552;41;528
2026-06-08T14:39:51.0000000Z;96.36;96.552;41;3000
2026-06-08T14:39:59.0000000Z;96.36;96.676;41;528
2026-06-08T14:40:00.0000000Z;96.36;96.552;41;528
2026-06-08T14:40:01.0000000Z;96.36;96.676;41;3000
2026-06-08T14:40:02.0000000Z;96.36;96.552;41;3000
2026-06-08T14:40:07.0000000Z;96.36;96.552;41;3000
2026-06-08T14:40:10.0000000Z;96.36;96.552;41;528
2026-06-08T14:40:20.0000000Z;96.36;96.69;41;41
2026-06-08T14:40:21.0000000Z;96.36;96.556;41;528
2026-06-08T14:40:22.0000000Z;96.36;96.554;41;41
2026-06-08T14:40:23.0000000Z;96.36;96.554;41;41
2026-06-08T14:40:24.0000000Z;96.286;96.644;1700;1700
2026-06-08T14:40:25.0000000Z;96.288;96.642;41;41
2026-06-08T14:40:29.0000000Z;96.358;96.554;41;528
2026-06-08T14:40:32.0000000Z;96.288;96.642;3000;3000
2026-06-08T14:40:33.0000000Z;96.288;96.504;41;528
2026-06-08T14:40:34.0000000Z;96.288;96.504;41;528
2026-06-08T14:40:35.0000000Z;96.288;96.504;41;528
2026-06-08T14:40:43.0000000Z;96.288;96.5;41;528
2026-06-08T14:40:44.0000000Z;96.288;96.5;41;3000
2026-06-08T14:40:45.0000000Z;96.288;96.5;41;3000
2026-06-08T14:40:46.0000000Z;96.288;96.5;41;528
2026-06-08T14:40:51.0000000Z;96.288;96.5;41;528
2026-06-08T14:40:54.0000000Z;96.288;96.524;41;528
2026-06-08T14:40:58.0000000Z;96.288;96.502;41;528
2026-06-08T14:41:05.0000000Z;96.288;96.524;41;3000
2026-06-08T14:41:14.0000000Z;96.288;96.516;41;528
2026-06-08T14:41:15.0000000Z;96.288;96.516;41;3000
2026-06-08T14:41:19.0000000Z;96.288;96.516;41;528
2026-06-08T14:41:25.0000000Z;96.288;96.504;41;3000
2026-06-08T14:41:28.0000000Z;96.288;96.504;41;528
2026-06-08T14:41:32.0000000Z;96.288;96.504;41;528
2026-06-08T14:41:35.0000000Z;96.288;96.6;41;528
2026-06-08T14:41:36.0000000Z;96.288;96.554;41;41
2026-06-08T14:41:38.0000000Z;96.288;96.506;41;528
2026-06-08T14:41:43.0000000Z;96.288;96.554;41;41
2026-06-08T14:41:45.0000000Z;96.288;96.554;41;41
2026-06-08T14:41:47.0000000Z;96.288;96.516;41;528
2026-06-08T14:41:48.0000000Z;96.288;96.516;41;528
2026-06-08T14:41:50.0000000Z;96.288;96.516;41;528
2026-06-08T14:41:53.0000000Z;96.288;96.504;41;528
2026-06-08T14:41:54.0000000Z;96.288;96.504;41;528
2026-06-08T14:41:55.0000000Z;96.288;96.504;41;528
2026-06-08T14:41:56.0000000Z;96.288;96.504;41;528
2026-06-08T14:41:57.0000000Z;96.288;96.504;41;528
2026-06-08T14:41:58.0000000Z;96.288;96.504;41;528
2026-06-08T14:41:59.0000000Z;96.288;96.504;41;528
2026-06-08T14:41:59.0000000Z;96.288;96.504;41;528
2026-06-08T14:42:00.0000000Z;96.288;96.504;41;528
2026-06-08T14:42:01.0000000Z;96.288;96.504;41;528
2026-06-08T14:42:02.0000000Z;96.288;96.504;41;528
2026-06-08T14:42:03.0000000Z;96.288;96.504;41;528
2026-06-08T14:42:04.0000000Z;96.288;96.504;41;528
2026-06-08T14:42:05.0000000Z;96.288;96.504;41;528
2026-06-08T14:42:08.0000000Z;96.288;96.504;41;528
2026-06-08T14:42:10.0000000Z;96.288;96.504;41;528
2026-06-08T14:42:11.0000000Z;96.288;96.504;41;528
2026-06-08T14:42:12.0000000Z;96.288;96.504;41;528
2026-06-08T14:42:13.0000000Z;96.288;96.618;41;41
2026-06-08T14:42:14.0000000Z;96.288;96.618;41;41
2026-06-08T14:42:15.0000000Z;96.288;96.618;41;41
2026-06-08T14:42:16.0000000Z;96.288;96.618;41;41
2026-06-08T14:42:17.0000000Z;96.288;96.642;41;41
2026-06-08T14:42:18.0000000Z;96.288;96.642;41;41
2026-06-08T14:42:19.0000000Z;96.288;96.642;41;41
2026-06-08T14:42:20.0000000Z;96.288;96.642;41;41
2026-06-08T14:42:21.0000000Z;96.288;96.642;41;41
2026-06-08T14:42:23.0000000Z;96.288;96.642;41;41
2026-06-08T14:42:24.0000000Z;96.288;96.504;41;528
2026-06-08T14:42:25.0000000Z;96.288;96.504;41;3000
2026-06-08T14:42:26.0000000Z;96.288;96.504;41;528
2026-06-08T14:42:28.0000000Z;96.288;96.504;41;528
2026-06-08T14:42:29.0000000Z;96.288;96.504;41;528
2026-06-08T14:42:31.0000000Z;96.288;96.504;41;528
2026-06-08T14:42:32.0000000Z;96.288;96.504;41;528
2026-06-08T14:42:33.0000000Z;96.288;96.504;41;528
2026-06-08T14:42:34.0000000Z;96.288;96.504;41;528
2026-06-08T14:42:36.0000000Z;96.288;96.504;41;3000
2026-06-08T14:42:37.0000000Z;96.288;96.504;41;528
2026-06-08T14:42:56.0000000Z;96.288;96.502;41;528
2026-06-08T14:42:57.0000000Z;96.288;96.502;41;3000
2026-06-08T14:43:06.0000000Z;96.288;96.502;41;3000
2026-06-08T14:43:09.0000000Z;96.288;96.502;41;528
2026-06-08T14:43:19.0000000Z;96.288;96.502;41;528
2026-06-08T14:43:20.0000000Z;96.288;96.502;41;528
2026-06-08T14:43:24.0000000Z;96.288;96.502;41;528
2026-06-08T14:43:30.0000000Z;96.288;96.54;41;41
2026-06-08T14:43:32.0000000Z;96.288;96.504;41;528
2026-06-08T14:43:39.0000000Z;96.288;96.54;41;3000
2026-06-08T14:43:41.0000000Z;96.288;96.514;41;528
2026-06-08T14:43:42.0000000Z;96.288;96.514;41;3000
2026-06-08T14:43:49.0000000Z;96.288;96.514;41;3000
2026-06-08T14:43:52.0000000Z;96.288;96.514;41;528
2026-06-08T14:44:02.0000000Z;96.288;96.514;41;528
2026-06-08T14:44:14.0000000Z;96.288;96.514;41;528
2026-06-08T14:44:25.0000000Z;96.288;96.514;41;528
2026-06-08T14:44:39.0000000Z;96.288;96.514;41;528
2026-06-08T14:44:49.0000000Z;96.288;96.514;41;528
2026-06-08T14:44:59.0000000Z;96.288;96.514;41;528
2026-06-08T14:45:04.0000000Z;96.288;96.514;41;528
2026-06-08T14:45:10.0000000Z;96.288;96.514;41;528
2026-06-08T14:45:21.0000000Z;96.288;96.514;41;528
2026-06-08T14:45:31.0000000Z;96.288;96.514;41;528
2026-06-08T14:45:43.0000000Z;96.288;96.514;41;528
2026-06-08T14:45:57.0000000Z;96.288;96.518;41;528
2026-06-08T14:45:58.0000000Z;96.288;96.518;41;528
2026-06-08T14:45:59.0000000Z;96.288;96.518;41;528
2026-06-08T14:45:59.0000000Z;96.288;96.518;41;528
2026-06-08T14:46:00.0000000Z;96.288;96.514;41;528
2026-06-08T14:46:01.0000000Z;96.288;96.514;41;528
2026-06-08T14:46:02.0000000Z;96.288;96.502;41;528
2026-06-08T14:46:03.0000000Z;96.288;96.502;41;528
2026-06-08T14:46:04.0000000Z;96.288;96.502;41;528
2026-06-08T14:46:05.0000000Z;96.288;96.502;41;528
2026-06-08T14:46:06.0000000Z;96.288;96.502;41;528
2026-06-08T14:46:07.0000000Z;96.288;96.494;41;528
2026-06-08T14:46:08.0000000Z;96.288;96.494;41;3000
2026-06-08T14:46:15.0000000Z;96.288;96.494;41;3000
2026-06-08T14:46:17.0000000Z;96.288;96.492;41;528
2026-06-08T14:46:18.0000000Z;96.288;96.492;41;3000
2026-06-08T14:46:22.0000000Z;96.288;96.492;41;528
2026-06-08T14:46:26.0000000Z;96.288;96.492;41;3000
2026-06-08T14:46:27.0000000Z;96.288;96.504;41;528
2026-06-08T14:46:29.0000000Z;96.288;96.494;41;528
2026-06-08T14:46:36.0000000Z;96.288;96.504;41;3000
2026-06-08T14:46:43.0000000Z;96.288;96.504;41;528
2026-06-08T14:46:44.0000000Z;96.288;96.504;41;528
2026-06-08T14:46:45.0000000Z;96.288;96.504;41;528
2026-06-08T14:46:46.0000000Z;96.288;96.504;41;528
2026-06-08T14:46:50.0000000Z;96.288;96.504;41;528
2026-06-08T14:46:54.0000000Z;96.288;96.52;41;528
2026-06-08T14:46:55.0000000Z;96.288;96.506;41;528
2026-06-08T14:47:04.0000000Z;96.288;96.52;41;528
2026-06-08T14:47:06.0000000Z;96.288;96.52;41;3000
2026-06-08T14:47:14.0000000Z;96.288;96.52;41;528
2026-06-08T14:47:25.0000000Z;96.288;96.516;41;528
2026-06-08T14:47:26.0000000Z;96.288;96.516;41;528
2026-06-08T14:47:27.0000000Z;96.288;96.516;41;528
2026-06-08T14:47:28.0000000Z;96.288;96.516;41;528
2026-06-08T14:47:29.0000000Z;96.288;96.508;41;528
2026-06-08T14:47:30.0000000Z;96.288;96.504;41;528
2026-06-08T14:47:31.0000000Z;96.288;96.504;41;528
2026-06-08T14:47:32.0000000Z;96.288;96.504;41;528
2026-06-08T14:47:33.0000000Z;96.288;96.504;41;528
2026-06-08T14:47:34.0000000Z;96.288;96.504;41;528
2026-06-08T14:47:35.0000000Z;96.288;96.504;41;528
2026-06-08T14:47:36.0000000Z;96.288;96.504;41;528
2026-06-08T14:47:37.0000000Z;96.288;96.504;41;528
2026-06-08T14:47:45.0000000Z;96.288;96.504;41;528
2026-06-08T14:47:47.0000000Z;96.288;96.504;41;528
2026-06-08T14:47:55.0000000Z;96.288;96.642;41;41
2026-06-08T14:47:56.0000000Z;96.288;96.642;41;41
2026-06-08T14:47:58.0000000Z;96.288;96.642;41;41
2026-06-08T14:47:59.0000000Z;96.288;96.642;41;41
2026-06-08T14:47:59.0000000Z;96.288;96.642;41;41
2026-06-08T14:48:00.0000000Z;96.288;96.642;41;41
2026-06-08T14:48:01.0000000Z;96.288;96.642;41;41
2026-06-08T14:48:02.0000000Z;96.288;96.642;41;41
2026-06-08T14:48:03.0000000Z;96.288;96.642;41;41
2026-06-08T14:48:04.0000000Z;96.288;96.642;41;41
2026-06-08T14:48:06.0000000Z;96.288;96.504;41;528
2026-06-08T14:48:07.0000000Z;96.288;96.504;41;3000
2026-06-08T14:48:17.0000000Z;96.288;96.504;41;528
2026-06-08T14:48:18.0000000Z;96.288;96.504;41;528
2026-06-08T14:48:30.0000000Z;96.288;96.5;41;3000
2026-06-08T14:48:31.0000000Z;96.288;96.492;41;528
2026-06-08T14:48:32.0000000Z;96.288;96.492;41;3000
2026-06-08T14:48:38.0000000Z;96.288;96.492;41;3000
2026-06-08T14:48:39.0000000Z;96.288;96.492;41;528
2026-06-08T14:48:41.0000000Z;96.288;96.492;41;528
2026-06-08T14:48:51.0000000Z;96.288;96.492;41;528
2026-06-08T14:48:52.0000000Z;96.288;96.642;41;41
2026-06-08T14:48:53.0000000Z;96.288;96.492;41;528
2026-06-08T14:49:06.0000000Z;96.288;96.492;41;528
2026-06-08T14:49:11.0000000Z;96.288;96.492;41;528
2026-06-08T14:49:16.0000000Z;96.288;96.504;41;528
2026-06-08T14:49:20.0000000Z;96.288;96.494;41;528
2026-06-08T14:49:25.0000000Z;96.288;96.504;41;3000
2026-06-08T14:49:27.0000000Z;96.288;96.504;41;528
2026-06-08T14:49:38.0000000Z;96.288;96.504;41;528
2026-06-08T14:49:40.0000000Z;96.288;96.504;41;528
2026-06-08T14:49:42.0000000Z;96.288;96.504;41;528
2026-06-08T14:49:44.0000000Z;96.288;96.504;41;528
2026-06-08T14:49:45.0000000Z;96.288;96.504;41;528
2026-06-08T14:49:51.0000000Z;96.288;96.504;41;528
2026-06-08T14:49:52.0000000Z;96.288;96.504;41;528
2026-06-08T14:50:02.0000000Z;96.288;96.504;41;528
2026-06-08T14:50:03.0000000Z;96.3;96.504;41;528
2026-06-08T14:50:04.0000000Z;96.3;96.504;3000;528
2026-06-08T14:50:08.0000000Z;96.3;96.504;41;528
2026-06-08T14:50:15.0000000Z;96.3;96.512;41;528
2026-06-08T14:50:18.0000000Z;96.3;96.506;41;528
2026-06-08T14:50:24.0000000Z;96.3;96.512;41;3000
2026-06-08T14:50:25.0000000Z;96.3;96.504;41;528
2026-06-08T14:50:26.0000000Z;96.3;96.504;41;3000
2026-06-08T14:50:35.0000000Z;96.3;96.504;41;3000
2026-06-08T14:50:48.0000000Z;96.3;96.516;41;528
2026-06-08T14:50:50.0000000Z;96.3;96.506;41;528
2026-06-08T14:50:57.0000000Z;96.3;96.516;41;3000
2026-06-08T14:50:59.0000000Z;96.3;96.516;41;528
2026-06-08T14:51:16.0000000Z;96.3;96.524;41;528
2026-06-08T14:51:18.0000000Z;96.3;96.524;41;528
2026-06-08T14:51:24.0000000Z;96.3;96.524;41;3000
2026-06-08T14:52:08.0000000Z;96.3;96.524;41;528
2026-06-08T14:52:17.0000000Z;96.3;96.524;41;528
2026-06-08T14:53:15.0000000Z;96.3;96.524;41;528
2026-06-08T14:53:16.0000000Z;96.3;96.524;41;528
2026-06-08T14:53:48.0000000Z;96.3;96.524;41;528
2026-06-08T14:53:49.0000000Z;96.3;96.524;41;528
2026-06-08T14:54:20.0000000Z;96.3;96.538;41;41
2026-06-08T14:54:23.0000000Z;96.3;96.526;41;528
2026-06-08T14:54:29.0000000Z;96.3;96.538;41;3000
2026-06-08T14:54:31.0000000Z;96.3;96.524;41;528
2026-06-08T14:54:38.0000000Z;96.3;96.524;41;3000
2026-06-08T14:54:43.0000000Z;96.3;96.524;41;528
2026-06-08T14:55:18.0000000Z;96.3;96.524;41;528
2026-06-08T14:56:17.0000000Z;96.3;96.524;41;528
2026-06-08T14:56:18.0000000Z;96.3;96.526;41;528
2026-06-08T14:56:22.0000000Z;96.3;96.526;41;3528
2026-06-08T14:56:27.0000000Z;96.3;96.526;41;3000
2026-06-08T14:57:17.0000000Z;96.3;96.524;41;528
2026-06-08T14:57:18.0000000Z;96.3;96.524;41;3000
2026-06-08T14:57:26.0000000Z;96.3;96.524;41;3000
2026-06-08T14:58:14.0000000Z;96.3;96.524;41;528
2026-06-08T14:58:15.0000000Z;96.3;96.584;41;528
2026-06-08T14:58:16.0000000Z;96.3;96.524;41;528
2026-06-08T14:59:15.0000000Z;96.3;96.524;41;528
2026-06-08T14:59:20.0000000Z;96.3;96.524;41;528
2026-06-08T14:59:21.0000000Z;96.3;96.524;41;528
2026-06-08T14:59:24.0000000Z;96.3;96.642;41;127
2026-06-08T14:59:25.0000000Z;96.3;96.642;41;41
2026-06-08T14:59:29.0000000Z;96.3;96.526;41;528
2026-06-08T14:59:37.0000000Z;96.3;96.642;41;3000
2026-06-08T14:59:53.0000000Z;96.3;96.642;41;41
