2026-06-08T08:00:00.0000000Z;5.363;5.372;2848;900
2026-06-08T08:00:01.0000000Z;5.363;5.37;900;1589
2026-06-08T08:00:02.0000000Z;5.363;5.372;900;900
2026-06-08T08:00:03.0000000Z;5.3635;5.372;2521;900
2026-06-08T08:00:04.0000000Z;5.3615;5.372;900;900
2026-06-08T08:00:05.0000000Z;5.3635;5.3715;2521;2390
2026-06-08T08:00:06.0000000Z;5.3615;5.372;16736;900
2026-06-08T08:00:07.0000000Z;5.363;5.372;2531;900
2026-06-08T08:00:10.0000000Z;5.3615;5.372;900;900
2026-06-08T08:00:11.0000000Z;5.3615;5.3715;900;2563
2026-06-08T08:00:15.0000000Z;5.3615;5.372;900;900
2026-06-08T08:00:16.0000000Z;5.362;5.372;2905;900
2026-06-08T08:00:17.0000000Z;5.3615;5.372;900;900
2026-06-08T08:00:18.0000000Z;5.3615;5.372;900;900
2026-06-08T08:00:19.0000000Z;5.3615;5.3705;900;900
2026-06-08T08:00:20.0000000Z;5.362;5.367;1792;1530
2026-06-08T08:00:21.0000000Z;5.358;5.3685;466;11177
2026-06-08T08:00:22.0000000Z;5.359;5.3675;900;900
2026-06-08T08:00:23.0000000Z;5.359;5.367;900;1877
2026-06-08T08:00:24.0000000Z;5.3585;5.3675;26727;900
2026-06-08T08:00:25.0000000Z;5.3595;5.3665;900;11181
2026-06-08T08:00:26.0000000Z;5.3595;5.3665;900;12081
2026-06-08T08:00:27.0000000Z;5.3585;5.3655;11198;1582
2026-06-08T08:00:28.0000000Z;5.3585;5.3665;11198;11181
2026-06-08T08:00:29.0000000Z;5.36;5.366;2023;1755
2026-06-08T08:00:30.0000000Z;5.3595;5.3655;900;1442
2026-06-08T08:00:31.0000000Z;5.3595;5.3665;900;12081
2026-06-08T08:00:32.0000000Z;5.3595;5.366;900;900
2026-06-08T08:00:33.0000000Z;5.3595;5.3655;900;1442
2026-06-08T08:00:34.0000000Z;5.3595;5.3665;900;12081
2026-06-08T08:00:35.0000000Z;5.3595;5.3655;900;1582
2026-06-08T08:00:36.0000000Z;5.3595;5.366;900;900
2026-06-08T08:00:37.0000000Z;5.3595;5.366;900;900
2026-06-08T08:00:39.0000000Z;5.3595;5.3655;900;1582
2026-06-08T08:00:40.0000000Z;5.3595;5.366;900;900
2026-06-08T08:00:42.0000000Z;5.36;5.3665;2023;11181
2026-06-08T08:00:43.0000000Z;5.3595;5.366;900;1614
2026-06-08T08:00:44.0000000Z;5.36;5.366;2023;1614
2026-06-08T08:00:45.0000000Z;5.3595;5.3665;900;11181
2026-06-08T08:00:46.0000000Z;5.3595;5.3665;900;11181
2026-06-08T08:00:47.0000000Z;5.3595;5.3665;900;11181
2026-06-08T08:00:48.0000000Z;5.3595;5.3665;900;12081
2026-06-08T08:00:49.0000000Z;5.3595;5.3665;900;12081
2026-06-08T08:00:50.0000000Z;5.3595;5.3665;900;12081
2026-06-08T08:00:51.0000000Z;5.3595;5.366;900;900
2026-06-08T08:00:52.0000000Z;5.3585;5.3655;11198;1582
2026-06-08T08:00:53.0000000Z;5.3595;5.366;900;900
2026-06-08T08:00:54.0000000Z;5.3595;5.3655;900;1582
2026-06-08T08:00:57.0000000Z;5.3595;5.3655;900;1582
2026-06-08T08:00:58.0000000Z;5.3595;5.366;900;900
2026-06-08T08:00:59.0000000Z;5.36;5.366;2023;900
2026-06-08T08:00:59.0000000Z;5.3585;5.3665;11198;11181
2026-06-08T08:01:00.0000000Z;5.3595;5.3665;2119;11181
2026-06-08T08:01:01.0000000Z;5.36;5.3665;2023;11181
2026-06-08T08:01:02.0000000Z;5.3595;5.366;900;1614
2026-06-08T08:01:03.0000000Z;5.3585;5.3665;11198;11181
2026-06-08T08:01:04.0000000Z;5.36;5.3665;2023;11181
2026-06-08T08:01:05.0000000Z;5.3585;5.3665;11198;11181
2026-06-08T08:01:06.0000000Z;5.3595;5.365;900;1410
2026-06-08T08:01:07.0000000Z;5.36;5.365;2023;1410
2026-06-08T08:01:08.0000000Z;5.3595;5.3655;900;900
2026-06-08T08:01:09.0000000Z;5.3585;5.366;900;11182
2026-06-08T08:01:10.0000000Z;5.3585;5.365;900;19649
2026-06-08T08:01:11.0000000Z;5.3585;5.364;900;900
2026-06-08T08:01:12.0000000Z;5.359;5.364;900;900
2026-06-08T08:01:13.0000000Z;5.359;5.364;900;900
2026-06-08T08:01:14.0000000Z;5.359;5.364;900;900
2026-06-08T08:01:16.0000000Z;5.359;5.3645;900;900
2026-06-08T08:01:18.0000000Z;5.359;5.364;51831;2466
2026-06-08T08:01:19.0000000Z;5.3595;5.3635;1260;2122
2026-06-08T08:01:20.0000000Z;5.3585;5.364;872;11186
2026-06-08T08:01:21.0000000Z;5.358;5.364;29;12086
2026-06-08T08:01:22.0000000Z;5.358;5.364;29;12086
2026-06-08T08:01:24.0000000Z;5.359;5.3635;900;900
2026-06-08T08:01:26.0000000Z;5.359;5.363;900;44438
2026-06-08T08:01:27.0000000Z;5.359;5.3635;900;900
2026-06-08T08:01:28.0000000Z;5.358;5.364;29;12086
2026-06-08T08:01:29.0000000Z;5.3585;5.3635;872;2122
2026-06-08T08:01:30.0000000Z;5.359;5.3635;900;5400
2026-06-08T08:01:32.0000000Z;5.359;5.364;900;11186
2026-06-08T08:01:33.0000000Z;5.359;5.363;900;12088
2026-06-08T08:01:34.0000000Z;5.359;5.363;900;12088
2026-06-08T08:01:36.0000000Z;5.359;5.3625;42500;1881
2026-06-08T08:01:37.0000000Z;5.3545;5.363;11206;11188
2026-06-08T08:01:38.0000000Z;5.3545;5.363;11206;11188
2026-06-08T08:01:39.0000000Z;5.3555;5.362;900;900
2026-06-08T08:01:41.0000000Z;5.356;5.3615;2008;1534
2026-06-08T08:01:42.0000000Z;5.3555;5.362;900;900
2026-06-08T08:01:43.0000000Z;5.356;5.3615;2008;1534
2026-06-08T08:01:45.0000000Z;5.3555;5.362;900;900
2026-06-08T08:01:46.0000000Z;5.352;5.3605;900;2042
2026-06-08T08:01:47.0000000Z;5.352;5.3615;900;11191
2026-06-08T08:01:48.0000000Z;5.352;5.3615;900;11191
2026-06-08T08:01:49.0000000Z;5.352;5.3605;900;900
2026-06-08T08:01:50.0000000Z;5.352;5.36;900;2033
2026-06-08T08:01:51.0000000Z;5.352;5.3605;900;900
2026-06-08T08:01:52.0000000Z;5.3555;5.3605;995;900
2026-06-08T08:01:53.0000000Z;5.3555;5.36;883;2033
2026-06-08T08:01:54.0000000Z;5.352;5.3605;2560;900
2026-06-08T08:01:55.0000000Z;5.3525;5.3605;2464;900
2026-06-08T08:01:56.0000000Z;5.3525;5.3575;380;2219
2026-06-08T08:01:57.0000000Z;5.349;5.3585;900;12098
2026-06-08T08:01:58.0000000Z;5.3525;5.3585;1071;12098
2026-06-08T08:01:59.0000000Z;5.349;5.358;900;2229
2026-06-08T08:02:00.0000000Z;5.349;5.3575;900;2045
2026-06-08T08:02:01.0000000Z;5.3495;5.3575;2553;2045
2026-06-08T08:02:02.0000000Z;5.349;5.358;900;900
2026-06-08T08:02:03.0000000Z;5.349;5.3575;900;2045
2026-06-08T08:02:04.0000000Z;5.349;5.3585;900;12098
2026-06-08T08:02:07.0000000Z;5.349;5.358;900;2229
2026-06-08T08:02:09.0000000Z;5.3495;5.3585;900;12098
2026-06-08T08:02:10.0000000Z;5.3495;5.3585;900;12098
2026-06-08T08:02:11.0000000Z;5.35;5.3585;2457;12098
2026-06-08T08:02:12.0000000Z;5.348;5.3585;11220;11198
2026-06-08T08:02:13.0000000Z;5.348;5.3575;10729;19665
2026-06-08T08:02:14.0000000Z;5.3445;5.3575;11227;11200
2026-06-08T08:02:15.0000000Z;5.3445;5.357;11227;8465
2026-06-08T08:02:16.0000000Z;5.3445;5.3565;11227;2906
2026-06-08T08:02:17.0000000Z;5.349;5.3555;1701;2556
2026-06-08T08:02:18.0000000Z;5.3455;5.3555;900;900
2026-06-08T08:02:19.0000000Z;5.3455;5.3555;900;900
2026-06-08T08:02:20.0000000Z;5.3455;5.3555;900;900
2026-06-08T08:02:22.0000000Z;5.3455;5.3555;900;14588
2026-06-08T08:02:23.0000000Z;5.3455;5.3535;900;900
2026-06-08T08:02:24.0000000Z;5.3455;5.353;900;1742
2026-06-08T08:02:25.0000000Z;5.3455;5.354;10532;6960
2026-06-08T08:02:26.0000000Z;5.346;5.3535;3012;1888
2026-06-08T08:02:27.0000000Z;5.3475;5.356;900;19500
2026-06-08T08:02:28.0000000Z;5.3475;5.3565;900;22817
2026-06-08T08:02:29.0000000Z;5.3475;5.3565;900;22772
2026-06-08T08:02:30.0000000Z;5.3475;5.356;900;14314
2026-06-08T08:02:31.0000000Z;5.3485;5.3555;2698;1971
2026-06-08T08:02:32.0000000Z;5.349;5.3575;12380;11200
2026-06-08T08:02:33.0000000Z;5.35;5.357;2256;1842
2026-06-08T08:02:35.0000000Z;5.3495;5.3575;900;12100
2026-06-08T08:02:37.0000000Z;5.35;5.3575;2256;12100
2026-06-08T08:02:38.0000000Z;5.3495;5.3575;900;11200
2026-06-08T08:02:39.0000000Z;5.3495;5.3565;900;900
2026-06-08T08:02:40.0000000Z;5.3495;5.3565;900;900
2026-06-08T08:02:42.0000000Z;5.3495;5.3565;900;900
2026-06-08T08:02:43.0000000Z;5.3495;5.3575;900;11200
2026-06-08T08:02:44.0000000Z;5.3465;5.3555;900;900
2026-06-08T08:02:45.0000000Z;5.35;5.355;960;2221
2026-06-08T08:02:46.0000000Z;5.3465;5.3555;900;2231
2026-06-08T08:02:47.0000000Z;5.3465;5.356;900;12103
2026-06-08T08:02:48.0000000Z;5.3495;5.356;1597;11203
2026-06-08T08:02:49.0000000Z;5.347;5.356;900;11203
2026-06-08T08:02:50.0000000Z;5.3495;5.356;2697;42500
2026-06-08T08:02:51.0000000Z;5.3495;5.3585;900;900
2026-06-08T08:02:52.0000000Z;5.3495;5.359;900;900
2026-06-08T08:02:53.0000000Z;5.3495;5.358;900;1969
2026-06-08T08:02:54.0000000Z;5.3495;5.3585;900;11198
2026-06-08T08:02:55.0000000Z;5.35;5.3585;12607;11198
2026-06-08T08:02:56.0000000Z;5.3495;5.3585;900;11198
2026-06-08T08:02:57.0000000Z;5.3515;5.3585;900;42500
2026-06-08T08:02:58.0000000Z;5.3535;5.362;900;12090
2026-06-08T08:02:59.0000000Z;5.3535;5.3595;900;981
2026-06-08T08:02:59.0000000Z;5.3535;5.362;900;11190
2026-06-08T08:03:00.0000000Z;5.354;5.3615;900;11439
2026-06-08T08:03:01.0000000Z;5.354;5.3645;900;4286
2026-06-08T08:03:02.0000000Z;5.356;5.3615;2366;1322
2026-06-08T08:03:03.0000000Z;5.356;5.3615;2366;1322
2026-06-08T08:03:04.0000000Z;5.3555;5.364;900;11186
2026-06-08T08:03:05.0000000Z;5.3555;5.3615;900;1322
2026-06-08T08:03:07.0000000Z;5.3555;5.3615;900;1322
2026-06-08T08:03:09.0000000Z;5.3545;5.363;900;900
2026-06-08T08:03:11.0000000Z;5.355;5.363;2462;900
2026-06-08T08:03:13.0000000Z;5.3545;5.363;900;900
2026-06-08T08:03:14.0000000Z;5.3545;5.363;900;860
2026-06-08T08:03:18.0000000Z;5.3545;5.3625;900;2030
2026-06-08T08:03:19.0000000Z;5.3545;5.363;900;900
2026-06-08T08:03:23.0000000Z;5.355;5.363;2593;900
2026-06-08T08:03:24.0000000Z;5.3535;5.363;11208;900
2026-06-08T08:03:25.0000000Z;5.3545;5.363;900;900
2026-06-08T08:03:28.0000000Z;5.3545;5.363;900;900
2026-06-08T08:03:32.0000000Z;5.3545;5.363;900;900
2026-06-08T08:03:34.0000000Z;5.3545;5.363;900;714
2026-06-08T08:03:35.0000000Z;5.3545;5.363;900;714
2026-06-08T08:03:37.0000000Z;5.3545;5.364;900;11186
2026-06-08T08:03:38.0000000Z;5.3545;5.363;900;900
2026-06-08T08:03:39.0000000Z;5.3545;5.363;900;900
2026-06-08T08:03:42.0000000Z;5.3535;5.363;11208;900
2026-06-08T08:03:43.0000000Z;5.3545;5.363;900;900
2026-06-08T08:03:46.0000000Z;5.355;5.363;2593;900
2026-06-08T08:03:47.0000000Z;5.3545;5.363;900;900
2026-06-08T08:03:48.0000000Z;5.3545;5.363;900;900
2026-06-08T08:03:49.0000000Z;5.3545;5.3625;900;2030
2026-06-08T08:03:50.0000000Z;5.3535;5.364;11208;11186
2026-06-08T08:03:51.0000000Z;5.3545;5.363;900;900
2026-06-08T08:03:52.0000000Z;5.355;5.3625;2593;2030
2026-06-08T08:03:54.0000000Z;5.355;5.3625;2593;2030
2026-06-08T08:03:55.0000000Z;5.355;5.3625;2593;2030
2026-06-08T08:04:02.0000000Z;5.3545;5.363;900;900
2026-06-08T08:04:03.0000000Z;5.3545;5.363;900;900
2026-06-08T08:04:04.0000000Z;5.355;5.363;2593;900
2026-06-08T08:04:06.0000000Z;5.355;5.363;2593;900
2026-06-08T08:04:07.0000000Z;5.3455;5.364;3853;466
2026-06-08T08:04:08.0000000Z;5.3475;5.358;34327;2003
2026-06-08T08:04:09.0000000Z;5.35;5.3585;900;900
2026-06-08T08:04:10.0000000Z;5.354;5.358;9339;2003
2026-06-08T08:04:11.0000000Z;5.35;5.3585;900;900
2026-06-08T08:04:12.0000000Z;5.354;5.3585;9339;900
2026-06-08T08:04:13.0000000Z;5.35;5.3585;900;900
2026-06-08T08:04:14.0000000Z;5.35;5.3595;900;11196
2026-06-08T08:04:15.0000000Z;5.35;5.3585;900;900
2026-06-08T08:04:16.0000000Z;5.351;5.3595;2937;11196
2026-06-08T08:04:17.0000000Z;5.3515;5.359;900;17800
2026-06-08T08:04:18.0000000Z;5.3515;5.36;900;21910
2026-06-08T08:04:19.0000000Z;5.352;5.36;2551;21910
2026-06-08T08:04:20.0000000Z;5.352;5.3595;2551;900
2026-06-08T08:04:21.0000000Z;5.3515;5.3595;900;900
2026-06-08T08:04:23.0000000Z;5.3505;5.359;11214;900
2026-06-08T08:04:24.0000000Z;5.352;5.3585;2551;1780
2026-06-08T08:04:27.0000000Z;5.3515;5.359;900;900
2026-06-08T08:04:28.0000000Z;5.3515;5.359;900;900
2026-06-08T08:04:29.0000000Z;5.352;5.36;2551;11195
2026-06-08T08:04:30.0000000Z;5.3515;5.36;900;11195
2026-06-08T08:04:31.0000000Z;5.352;5.3585;2551;1780
2026-06-08T08:04:35.0000000Z;5.352;5.3585;2551;1780
2026-06-08T08:04:36.0000000Z;5.3515;5.359;900;900
2026-06-08T08:04:37.0000000Z;5.3515;5.359;900;900
2026-06-08T08:04:38.0000000Z;5.3515;5.359;900;900
2026-06-08T08:04:39.0000000Z;5.3515;5.36;900;11195
2026-06-08T08:04:41.0000000Z;5.3515;5.359;900;1718
2026-06-08T08:04:42.0000000Z;5.3515;5.36;900;11195
2026-06-08T08:04:43.0000000Z;5.352;5.359;2551;1883
2026-06-08T08:04:44.0000000Z;5.351;5.3585;15867;900
2026-06-08T08:04:45.0000000Z;5.3515;5.3585;1918;900
2026-06-08T08:04:47.0000000Z;5.3495;5.3585;900;900
2026-06-08T08:04:48.0000000Z;5.3515;5.3585;1918;900
2026-06-08T08:04:49.0000000Z;5.3495;5.3595;900;900
2026-06-08T08:04:51.0000000Z;5.3495;5.3585;900;1989
2026-06-08T08:04:59.0000000Z;5.35;5.3605;2980;11193
2026-06-08T08:05:00.0000000Z;5.3495;5.359;900;2357
2026-06-08T08:05:01.0000000Z;5.3495;5.3595;900;23047
2026-06-08T08:05:02.0000000Z;5.3495;5.359;900;900
2026-06-08T08:05:04.0000000Z;5.3495;5.359;900;10715
2026-06-08T08:05:05.0000000Z;5.3515;5.359;900;10715
2026-06-08T08:05:06.0000000Z;5.3515;5.359;900;10715
2026-06-08T08:05:07.0000000Z;5.3515;5.359;900;10715
2026-06-08T08:05:08.0000000Z;5.3515;5.359;900;8465
2026-06-08T08:05:09.0000000Z;5.3515;5.3595;900;11196
2026-06-08T08:05:10.0000000Z;5.3515;5.3595;900;11196
2026-06-08T08:05:11.0000000Z;5.352;5.363;3884;13544
2026-06-08T08:05:12.0000000Z;5.353;5.362;900;900
2026-06-08T08:05:13.0000000Z;5.3535;5.3595;2856;978
2026-06-08T08:05:14.0000000Z;5.353;5.3625;900;900
2026-06-08T08:05:16.0000000Z;5.3525;5.3635;467;11187
2026-06-08T08:05:17.0000000Z;5.3535;5.3625;900;900
2026-06-08T08:05:18.0000000Z;5.354;5.3625;2528;900
2026-06-08T08:05:19.0000000Z;5.354;5.363;2763;900
2026-06-08T08:05:21.0000000Z;5.3535;5.3625;900;900
2026-06-08T08:05:22.0000000Z;5.3535;5.3625;900;900
2026-06-08T08:05:23.0000000Z;5.3535;5.363;900;900
2026-06-08T08:05:24.0000000Z;5.3535;5.3625;900;2140
2026-06-08T08:05:25.0000000Z;5.354;5.3625;900;900
2026-06-08T08:05:26.0000000Z;5.354;5.3625;900;900
2026-06-08T08:05:27.0000000Z;5.354;5.3625;900;900
2026-06-08T08:05:28.0000000Z;5.354;5.3625;900;900
2026-06-08T08:05:29.0000000Z;5.354;5.3625;900;900
2026-06-08T08:05:30.0000000Z;5.354;5.362;900;1905
2026-06-08T08:05:31.0000000Z;5.3535;5.3625;8542;900
2026-06-08T08:05:32.0000000Z;5.355;5.361;900;900
2026-06-08T08:05:33.0000000Z;5.3505;5.361;19683;12092
2026-06-08T08:05:34.0000000Z;5.349;5.361;11218;12092
2026-06-08T08:05:35.0000000Z;5.355;5.36;42500;900
2026-06-08T08:05:36.0000000Z;5.35;5.36;900;900
2026-06-08T08:05:37.0000000Z;5.35;5.36;900;900
2026-06-08T08:05:38.0000000Z;5.3505;5.36;2817;900
2026-06-08T08:05:39.0000000Z;5.3515;5.36;900;900
2026-06-08T08:05:40.0000000Z;5.3515;5.36;900;900
2026-06-08T08:05:42.0000000Z;5.3515;5.3605;900;12093
2026-06-08T08:05:43.0000000Z;5.3515;5.3595;900;2248
2026-06-08T08:05:44.0000000Z;5.3515;5.36;900;2097
2026-06-08T08:05:45.0000000Z;5.352;5.36;2482;2097
2026-06-08T08:05:46.0000000Z;5.3515;5.3605;900;12093
2026-06-08T08:05:47.0000000Z;5.3515;5.3605;900;11193
2026-06-08T08:05:50.0000000Z;5.3515;5.3605;900;12093
2026-06-08T08:05:52.0000000Z;5.3515;5.3605;900;11193
2026-06-08T08:05:53.0000000Z;5.3515;5.36;900;5400
2026-06-08T08:05:54.0000000Z;5.352;5.3595;2482;1968
2026-06-08T08:05:56.0000000Z;5.3515;5.3595;900;1968
2026-06-08T08:05:59.0000000Z;5.352;5.36;2482;5400
2026-06-08T08:06:00.0000000Z;5.3515;5.3605;900;11193
2026-06-08T08:06:01.0000000Z;5.3515;5.3605;900;12093
2026-06-08T08:06:02.0000000Z;5.3515;5.36;900;2097
2026-06-08T08:06:06.0000000Z;5.3515;5.3605;900;9663
2026-06-08T08:06:08.0000000Z;5.3515;5.36;900;18217
2026-06-08T08:06:09.0000000Z;5.352;5.3595;2857;1968
2026-06-08T08:06:10.0000000Z;5.352;5.362;2857;11190
2026-06-08T08:06:11.0000000Z;5.3515;5.36;900;44383
2026-06-08T08:06:12.0000000Z;5.3515;5.361;900;900
2026-06-08T08:06:14.0000000Z;5.3515;5.3605;900;2117
2026-06-08T08:06:15.0000000Z;5.3515;5.3605;900;2117
2026-06-08T08:06:19.0000000Z;5.3515;5.3615;900;900
2026-06-08T08:06:20.0000000Z;5.3515;5.361;900;21907
2026-06-08T08:06:21.0000000Z;5.3515;5.361;900;15692
2026-06-08T08:06:22.0000000Z;5.3515;5.361;900;15692
2026-06-08T08:06:23.0000000Z;5.3515;5.361;900;15692
2026-06-08T08:06:24.0000000Z;5.3515;5.361;900;15692
2026-06-08T08:06:25.0000000Z;5.352;5.361;2857;15692
2026-06-08T08:06:26.0000000Z;5.352;5.361;2857;15692
2026-06-08T08:06:27.0000000Z;5.3515;5.361;900;11192
2026-06-08T08:06:28.0000000Z;5.3515;5.361;900;11192
2026-06-08T08:06:33.0000000Z;5.3515;5.361;900;11192
2026-06-08T08:06:34.0000000Z;5.3515;5.361;900;11192
2026-06-08T08:06:35.0000000Z;5.3515;5.361;900;11192
2026-06-08T08:06:37.0000000Z;5.3515;5.361;900;11192
2026-06-08T08:06:40.0000000Z;5.352;5.361;2857;11192
2026-06-08T08:06:41.0000000Z;5.352;5.361;12657;11192
2026-06-08T08:06:42.0000000Z;5.3515;5.361;900;11192
2026-06-08T08:06:43.0000000Z;5.3515;5.361;900;11192
2026-06-08T08:06:44.0000000Z;5.3515;5.361;900;11192
2026-06-08T08:06:48.0000000Z;5.3515;5.361;900;11192
2026-06-08T08:06:50.0000000Z;5.355;5.3605;2026;1515
2026-06-08T08:06:51.0000000Z;5.3545;5.3645;900;4312
2026-06-08T08:06:52.0000000Z;5.357;5.365;900;900
2026-06-08T08:06:53.0000000Z;5.357;5.3655;900;900
2026-06-08T08:06:54.0000000Z;5.357;5.3615;900;9326
2026-06-08T08:06:59.0000000Z;5.3575;5.3645;2451;900
2026-06-08T08:06:59.0000000Z;5.3565;5.365;900;22799
2026-06-08T08:07:00.0000000Z;5.3565;5.365;900;11184
2026-06-08T08:07:01.0000000Z;5.357;5.3645;2386;44464
2026-06-08T08:07:02.0000000Z;5.3565;5.365;900;12084
2026-06-08T08:07:03.0000000Z;5.3565;5.365;900;12084
2026-06-08T08:07:04.0000000Z;5.3565;5.365;900;12084
2026-06-08T08:07:05.0000000Z;5.357;5.365;2386;12084
2026-06-08T08:07:06.0000000Z;5.3565;5.364;900;900
2026-06-08T08:07:07.0000000Z;5.3565;5.364;900;900
2026-06-08T08:07:12.0000000Z;5.3565;5.364;900;900
2026-06-08T08:07:13.0000000Z;5.3565;5.3635;900;1776
2026-06-08T08:07:14.0000000Z;5.3565;5.364;900;900
2026-06-08T08:07:18.0000000Z;5.3565;5.364;900;900
2026-06-08T08:07:22.0000000Z;5.357;5.364;2386;900
2026-06-08T08:07:23.0000000Z;5.3565;5.3625;42500;2777
2026-06-08T08:07:24.0000000Z;5.3545;5.3625;900;900
2026-06-08T08:07:25.0000000Z;5.3565;5.3625;1635;45277
2026-06-08T08:07:26.0000000Z;5.3545;5.3625;900;900
2026-06-08T08:07:30.0000000Z;5.3565;5.3625;1635;900
2026-06-08T08:07:31.0000000Z;5.3525;5.3625;900;900
2026-06-08T08:07:32.0000000Z;5.354;5.3625;900;900
2026-06-08T08:07:33.0000000Z;5.3545;5.3625;2436;900
2026-06-08T08:07:37.0000000Z;5.354;5.3625;900;900
2026-06-08T08:07:39.0000000Z;5.354;5.3625;860;900
2026-06-08T08:07:40.0000000Z;5.354;5.3625;900;900
2026-06-08T08:07:41.0000000Z;5.353;5.3625;11209;900
2026-06-08T08:07:42.0000000Z;5.3485;5.361;11219;900
2026-06-08T08:07:43.0000000Z;5.349;5.361;467;900
2026-06-08T08:07:44.0000000Z;5.35;5.361;900;900
2026-06-08T08:07:45.0000000Z;5.354;5.361;1300;900
2026-06-08T08:07:46.0000000Z;5.3505;5.36;3049;2450
2026-06-08T08:07:47.0000000Z;5.35;5.359;900;900
2026-06-08T08:07:48.0000000Z;5.3505;5.3585;3049;2293
2026-06-08T08:07:49.0000000Z;5.35;5.36;2837;11195
2026-06-08T08:07:50.0000000Z;5.3495;5.359;900;900
2026-06-08T08:07:51.0000000Z;5.3495;5.359;900;900
2026-06-08T08:07:52.0000000Z;5.35;5.3585;2837;2293
2026-06-08T08:07:53.0000000Z;5.3495;5.359;900;900
2026-06-08T08:07:54.0000000Z;5.3495;5.359;900;900
2026-06-08T08:07:55.0000000Z;5.3495;5.359;900;900
2026-06-08T08:07:56.0000000Z;5.35;5.359;2837;900
2026-06-08T08:07:57.0000000Z;5.3495;5.359;900;900
2026-06-08T08:07:58.0000000Z;5.3495;5.359;900;900
2026-06-08T08:07:59.0000000Z;5.3495;5.359;900;896
2026-06-08T08:08:00.0000000Z;5.3495;5.359;900;900
2026-06-08T08:08:02.0000000Z;5.3495;5.359;900;900
2026-06-08T08:08:03.0000000Z;5.3495;5.359;900;900
2026-06-08T08:08:05.0000000Z;5.3495;5.359;900;900
2026-06-08T08:08:06.0000000Z;5.35;5.359;2837;900
2026-06-08T08:08:07.0000000Z;5.35;5.3555;380;2535
2026-06-08T08:08:08.0000000Z;5.345;5.356;467;11203
2026-06-08T08:08:09.0000000Z;5.3495;5.356;906;11203
2026-06-08T08:08:10.0000000Z;5.3495;5.3545;906;2147
2026-06-08T08:08:11.0000000Z;5.3465;5.354;900;900
2026-06-08T08:08:12.0000000Z;5.3465;5.3535;900;1783
2026-06-08T08:08:15.0000000Z;5.3465;5.354;900;900
2026-06-08T08:08:18.0000000Z;5.3465;5.3535;900;1783
2026-06-08T08:08:19.0000000Z;5.3465;5.355;900;11205
2026-06-08T08:08:20.0000000Z;5.3465;5.354;900;900
2026-06-08T08:08:21.0000000Z;5.3465;5.354;900;900
2026-06-08T08:08:22.0000000Z;5.3465;5.354;900;900
2026-06-08T08:08:23.0000000Z;5.3465;5.355;900;11205
2026-06-08T08:08:24.0000000Z;5.3465;5.355;900;12105
2026-06-08T08:08:25.0000000Z;5.3465;5.355;900;12105
2026-06-08T08:08:26.0000000Z;5.3465;5.355;900;12105
2026-06-08T08:08:27.0000000Z;5.3465;5.355;900;11205
2026-06-08T08:08:29.0000000Z;5.3465;5.355;900;11205
2026-06-08T08:08:32.0000000Z;5.3465;5.3545;900;1972
2026-06-08T08:08:34.0000000Z;5.3465;5.355;900;15705
2026-06-08T08:08:35.0000000Z;5.3465;5.355;900;11205
2026-06-08T08:08:36.0000000Z;5.3465;5.355;900;11205
2026-06-08T08:08:39.0000000Z;5.3465;5.355;900;11205
2026-06-08T08:08:40.0000000Z;5.3465;5.355;900;11205
2026-06-08T08:08:41.0000000Z;5.3465;5.355;900;11205
2026-06-08T08:08:42.0000000Z;5.348;5.355;1937;11205
2026-06-08T08:08:44.0000000Z;5.348;5.355;11737;11205
2026-06-08T08:08:45.0000000Z;5.3465;5.355;900;11205
2026-06-08T08:08:48.0000000Z;5.3465;5.355;900;11205
2026-06-08T08:08:50.0000000Z;5.3465;5.355;900;11205
2026-06-08T08:08:51.0000000Z;5.3465;5.355;900;11205
2026-06-08T08:08:53.0000000Z;5.347;5.355;2393;11205
2026-06-08T08:08:54.0000000Z;5.3465;5.3545;900;2147
2026-06-08T08:08:55.0000000Z;5.3465;5.355;900;11205
2026-06-08T08:08:56.0000000Z;5.3465;5.355;900;11205
2026-06-08T08:08:59.0000000Z;5.3465;5.355;900;11205
2026-06-08T08:09:00.0000000Z;5.3465;5.355;900;11205
2026-06-08T08:09:01.0000000Z;5.3465;5.355;900;11205
2026-06-08T08:09:02.0000000Z;5.3465;5.355;900;11205
2026-06-08T08:09:03.0000000Z;5.3465;5.3545;900;2147
2026-06-08T08:09:04.0000000Z;5.3455;5.355;11225;11205
2026-06-08T08:09:05.0000000Z;5.3465;5.3545;900;900
2026-06-08T08:09:06.0000000Z;5.3465;5.354;900;1792
2026-06-08T08:09:07.0000000Z;5.3465;5.3545;900;900
2026-06-08T08:09:08.0000000Z;5.3465;5.3545;900;900
2026-06-08T08:09:09.0000000Z;5.3465;5.355;900;11205
2026-06-08T08:09:10.0000000Z;5.3465;5.3545;900;1972
2026-06-08T08:09:12.0000000Z;5.3465;5.355;900;11205
2026-06-08T08:09:15.0000000Z;5.3465;5.355;900;11205
2026-06-08T08:09:18.0000000Z;5.3465;5.355;900;11205
2026-06-08T08:09:19.0000000Z;5.3455;5.355;32907;11205
2026-06-08T08:09:20.0000000Z;5.3455;5.355;36293;11205
2026-06-08T08:09:21.0000000Z;5.3465;5.355;900;11205
2026-06-08T08:09:22.0000000Z;5.3465;5.355;900;11205
2026-06-08T08:09:23.0000000Z;5.3465;5.3645;900;466
2026-06-08T08:09:24.0000000Z;5.3465;5.3635;900;466
2026-06-08T08:09:25.0000000Z;5.3485;5.358;900;900
2026-06-08T08:09:26.0000000Z;5.349;5.358;2698;900
2026-06-08T08:09:27.0000000Z;5.349;5.3575;2698;2144
2026-06-08T08:09:31.0000000Z;5.349;5.3575;2888;2144
2026-06-08T08:09:32.0000000Z;5.3485;5.358;900;900
2026-06-08T08:09:34.0000000Z;5.3485;5.358;900;900
2026-06-08T08:09:35.0000000Z;5.349;5.3585;21933;22680
2026-06-08T08:09:36.0000000Z;5.3505;5.358;900;11199
2026-06-08T08:09:37.0000000Z;5.351;5.3575;2142;2274
2026-06-08T08:09:39.0000000Z;5.3505;5.358;900;11199
2026-06-08T08:09:41.0000000Z;5.349;5.358;900;11199
2026-06-08T08:09:42.0000000Z;5.349;5.358;900;11199
2026-06-08T08:09:43.0000000Z;5.3515;5.361;900;900
2026-06-08T08:09:44.0000000Z;5.3515;5.362;900;900
2026-06-08T08:09:45.0000000Z;5.3515;5.362;900;900
2026-06-08T08:09:46.0000000Z;5.3515;5.3585;900;9331
2026-06-08T08:09:47.0000000Z;5.3515;5.3585;900;9331
2026-06-08T08:09:48.0000000Z;5.3515;5.362;900;880
2026-06-08T08:09:55.0000000Z;5.3515;5.362;900;900
2026-06-08T08:09:57.0000000Z;5.3515;5.362;900;900
2026-06-08T08:09:58.0000000Z;5.3515;5.363;900;11188
2026-06-08T08:09:59.0000000Z;5.3545;5.363;2367;11188
2026-06-08T08:10:00.0000000Z;5.355;5.3615;3153;878
2026-06-08T08:10:01.0000000Z;5.356;5.3645;900;900
2026-06-08T08:10:02.0000000Z;5.356;5.3645;900;900
2026-06-08T08:10:03.0000000Z;5.3565;5.362;2592;916
2026-06-08T08:10:04.0000000Z;5.355;5.3645;11205;900
2026-06-08T08:10:05.0000000Z;5.356;5.362;42500;1056
2026-06-08T08:10:06.0000000Z;5.3505;5.362;467;11190
2026-06-08T08:10:07.0000000Z;5.3555;5.3605;1025;2141
2026-06-08T08:10:08.0000000Z;5.3515;5.361;900;900
2026-06-08T08:10:09.0000000Z;5.3515;5.361;900;900
2026-06-08T08:10:10.0000000Z;5.351;5.3605;900;2551
2026-06-08T08:10:11.0000000Z;5.351;5.361;900;900
2026-06-08T08:10:12.0000000Z;5.351;5.361;900;900
2026-06-08T08:10:13.0000000Z;5.351;5.3605;900;2551
2026-06-08T08:10:15.0000000Z;5.351;5.361;900;900
2026-06-08T08:10:16.0000000Z;5.3505;5.361;900;900
2026-06-08T08:10:17.0000000Z;5.3495;5.361;11217;900
2026-06-08T08:10:18.0000000Z;5.3515;5.361;2766;900
2026-06-08T08:10:19.0000000Z;5.3515;5.361;2766;900
2026-06-08T08:10:20.0000000Z;5.3515;5.3595;2835;2227
2026-06-08T08:10:21.0000000Z;5.3515;5.3575;2835;2274
2026-06-08T08:10:22.0000000Z;5.3475;5.357;900;900
2026-06-08T08:10:23.0000000Z;5.3515;5.3565;380;2680
2026-06-08T08:10:25.0000000Z;5.348;5.3565;2670;2680
2026-06-08T08:10:26.0000000Z;5.3475;5.357;900;900
2026-06-08T08:10:27.0000000Z;5.3475;5.357;900;900
2026-06-08T08:10:28.0000000Z;5.347;5.357;8932;900
2026-06-08T08:10:29.0000000Z;5.347;5.357;8465;900
2026-06-08T08:10:30.0000000Z;5.348;5.3565;900;900
2026-06-08T08:10:31.0000000Z;5.3485;5.3565;2619;45180
2026-06-08T08:10:32.0000000Z;5.348;5.357;900;900
2026-06-08T08:10:33.0000000Z;5.348;5.3565;900;2680
2026-06-08T08:10:34.0000000Z;5.348;5.357;900;900
2026-06-08T08:10:35.0000000Z;5.348;5.357;900;900
2026-06-08T08:10:36.0000000Z;5.348;5.357;900;900
2026-06-08T08:10:38.0000000Z;5.348;5.357;900;900
2026-06-08T08:10:39.0000000Z;5.348;5.357;900;900
2026-06-08T08:10:41.0000000Z;5.348;5.357;900;900
2026-06-08T08:10:42.0000000Z;5.348;5.3565;900;900
2026-06-08T08:10:43.0000000Z;5.348;5.357;900;900
2026-06-08T08:10:44.0000000Z;5.348;5.357;900;10715
2026-06-08T08:10:45.0000000Z;5.348;5.3575;900;11200
2026-06-08T08:10:46.0000000Z;5.348;5.3575;900;11200
2026-06-08T08:10:47.0000000Z;5.348;5.3575;900;15700
2026-06-08T08:10:49.0000000Z;5.348;5.3575;900;11200
2026-06-08T08:10:50.0000000Z;5.348;5.3575;900;11200
2026-06-08T08:10:51.0000000Z;5.348;5.3575;900;11200
2026-06-08T08:10:52.0000000Z;5.348;5.357;900;2199
2026-06-08T08:10:53.0000000Z;5.348;5.3575;900;15700
2026-06-08T08:10:54.0000000Z;5.348;5.3575;900;11200
2026-06-08T08:10:56.0000000Z;5.348;5.357;900;2230
2026-06-08T08:10:57.0000000Z;5.348;5.357;900;13500
2026-06-08T08:10:58.0000000Z;5.348;5.3575;900;12100
2026-06-08T08:10:59.0000000Z;5.348;5.3565;900;2046
2026-06-08T08:11:00.0000000Z;5.348;5.3575;900;11200
2026-06-08T08:11:01.0000000Z;5.348;5.3575;900;11200
2026-06-08T08:11:02.0000000Z;5.35;5.3575;2256;11200
2026-06-08T08:11:03.0000000Z;5.3495;5.3575;900;11188
2026-06-08T08:11:04.0000000Z;5.3495;5.357;900;13302
2026-06-08T08:11:05.0000000Z;5.3495;5.359;900;900
2026-06-08T08:11:06.0000000Z;5.3495;5.359;900;900
2026-06-08T08:11:07.0000000Z;5.3495;5.3595;900;900
2026-06-08T08:11:08.0000000Z;5.3495;5.3595;900;893
2026-06-08T08:11:09.0000000Z;5.3495;5.3595;900;900
2026-06-08T08:11:11.0000000Z;5.3495;5.3595;900;900
2026-06-08T08:11:14.0000000Z;5.35;5.3595;2980;900
2026-06-08T08:11:15.0000000Z;5.3495;5.359;900;2248
2026-06-08T08:11:16.0000000Z;5.3495;5.3595;900;900
2026-06-08T08:11:17.0000000Z;5.3495;5.3595;900;900
2026-06-08T08:11:19.0000000Z;5.3495;5.3595;900;900
2026-06-08T08:11:21.0000000Z;5.3495;5.3595;900;900
2026-06-08T08:11:25.0000000Z;5.3495;5.3595;900;900
2026-06-08T08:11:26.0000000Z;5.35;5.3595;2980;900
2026-06-08T08:11:30.0000000Z;5.3495;5.3595;900;900
2026-06-08T08:11:31.0000000Z;5.35;5.359;2980;2422
2026-06-08T08:11:33.0000000Z;5.3495;5.3595;900;900
2026-06-08T08:11:34.0000000Z;5.3495;5.3595;900;900
2026-06-08T08:11:38.0000000Z;5.3495;5.3595;900;900
2026-06-08T08:11:41.0000000Z;5.3495;5.359;900;2422
2026-06-08T08:11:42.0000000Z;5.3495;5.359;900;2422
2026-06-08T08:11:43.0000000Z;5.3495;5.358;900;12099
2026-06-08T08:11:44.0000000Z;5.3495;5.3575;900;1994
2026-06-08T08:11:45.0000000Z;5.3495;5.358;900;11199
2026-06-08T08:11:46.0000000Z;5.3495;5.3575;900;1994
2026-06-08T08:11:47.0000000Z;5.3495;5.358;900;11199
2026-06-08T08:11:48.0000000Z;5.3495;5.358;900;11199
2026-06-08T08:11:49.0000000Z;5.3495;5.358;900;11199
2026-06-08T08:11:50.0000000Z;5.35;5.358;12780;11199
2026-06-08T08:11:53.0000000Z;5.351;5.358;9800;11199
2026-06-08T08:11:54.0000000Z;5.3515;5.3575;900;44494
2026-06-08T08:11:55.0000000Z;5.3515;5.3605;900;8465
2026-06-08T08:11:56.0000000Z;5.3515;5.36;900;900
2026-06-08T08:11:57.0000000Z;5.3515;5.358;900;1202
2026-06-08T08:11:59.0000000Z;5.3515;5.3605;900;8465
2026-06-08T08:12:00.0000000Z;5.3515;5.36;900;11195
2026-06-08T08:12:01.0000000Z;5.3515;5.36;900;15695
2026-06-08T08:12:02.0000000Z;5.3515;5.358;900;1324
2026-06-08T08:12:03.0000000Z;5.3515;5.3595;900;900
2026-06-08T08:12:04.0000000Z;5.3515;5.3595;900;900
2026-06-08T08:12:05.0000000Z;5.352;5.359;2595;1811
2026-06-08T08:12:08.0000000Z;5.3515;5.3595;900;893
2026-06-08T08:12:09.0000000Z;5.3515;5.36;900;12095
2026-06-08T08:12:10.0000000Z;5.3515;5.3595;900;900
2026-06-08T08:12:12.0000000Z;5.3515;5.36;900;11195
2026-06-08T08:12:13.0000000Z;5.3515;5.36;900;12095
2026-06-08T08:12:14.0000000Z;5.3515;5.36;900;11195
2026-06-08T08:12:15.0000000Z;5.3515;5.3595;900;1992
2026-06-08T08:12:17.0000000Z;5.3515;5.3595;900;1992
2026-06-08T08:12:18.0000000Z;5.3515;5.36;900;11195
2026-06-08T08:12:20.0000000Z;5.3525;5.36;9800;11195
2026-06-08T08:12:21.0000000Z;5.3515;5.36;900;11195
2026-06-08T08:12:22.0000000Z;5.353;5.36;1935;11195
2026-06-08T08:12:23.0000000Z;5.3515;5.36;900;11195
2026-06-08T08:12:25.0000000Z;5.3515;5.36;900;11195
2026-06-08T08:12:27.0000000Z;5.3515;5.3595;900;1992
2026-06-08T08:12:28.0000000Z;5.352;5.36;2390;11195
2026-06-08T08:12:29.0000000Z;5.3515;5.36;900;11195
2026-06-08T08:12:36.0000000Z;5.3515;5.36;900;15695
2026-06-08T08:12:38.0000000Z;5.3515;5.3595;900;900
2026-06-08T08:12:39.0000000Z;5.3515;5.3595;900;900
2026-06-08T08:12:40.0000000Z;5.3515;5.3595;900;900
2026-06-08T08:12:41.0000000Z;5.3515;5.359;900;1958
2026-06-08T08:12:42.0000000Z;5.3515;5.36;900;11195
2026-06-08T08:12:44.0000000Z;5.3515;5.359;900;900
2026-06-08T08:12:46.0000000Z;5.3515;5.359;900;900
2026-06-08T08:12:48.0000000Z;5.3515;5.359;900;900
2026-06-08T08:12:49.0000000Z;5.3505;5.359;900;900
2026-06-08T08:12:50.0000000Z;5.3505;5.357;900;1495
2026-06-08T08:12:52.0000000Z;5.351;5.357;2145;1495
2026-06-08T08:12:57.0000000Z;5.3505;5.3585;900;11198
2026-06-08T08:12:58.0000000Z;5.3505;5.3585;900;11198
2026-06-08T08:13:00.0000000Z;5.3505;5.3575;900;1597
2026-06-08T08:13:01.0000000Z;5.3505;5.3585;900;11198
2026-06-08T08:13:04.0000000Z;5.3505;5.3585;900;12098
2026-06-08T08:13:05.0000000Z;5.3505;5.3585;900;11198
2026-06-08T08:13:06.0000000Z;5.3505;5.3585;900;11198
2026-06-08T08:13:08.0000000Z;5.3505;5.3585;900;15698
2026-06-08T08:13:09.0000000Z;5.3505;5.3585;900;11198
2026-06-08T08:13:11.0000000Z;5.3505;5.3585;900;11198
2026-06-08T08:13:12.0000000Z;5.3505;5.3585;900;15698
2026-06-08T08:13:13.0000000Z;5.3505;5.3585;900;11198
2026-06-08T08:13:17.0000000Z;5.3505;5.3585;900;11198
2026-06-08T08:13:18.0000000Z;5.3505;5.3585;900;11198
2026-06-08T08:13:21.0000000Z;5.3505;5.3585;900;11198
2026-06-08T08:13:22.0000000Z;5.3505;5.3585;900;11198
2026-06-08T08:13:23.0000000Z;5.3505;5.3585;900;11184
2026-06-08T08:13:24.0000000Z;5.352;5.358;900;12107
2026-06-08T08:13:25.0000000Z;5.352;5.36;900;900
2026-06-08T08:13:26.0000000Z;5.352;5.3585;900;1198
2026-06-08T08:13:27.0000000Z;5.352;5.36;900;900
2026-06-08T08:13:29.0000000Z;5.352;5.3605;900;900
2026-06-08T08:13:30.0000000Z;5.352;5.3585;900;1198
2026-06-08T08:13:31.0000000Z;5.3505;5.3585;900;1442
2026-06-08T08:13:32.0000000Z;5.3505;5.3605;900;900
2026-06-08T08:13:33.0000000Z;5.3505;5.36;900;2217
2026-06-08T08:13:36.0000000Z;5.3505;5.36;900;2217
2026-06-08T08:13:37.0000000Z;5.3505;5.3605;900;900
2026-06-08T08:13:40.0000000Z;5.3505;5.3605;900;900
2026-06-08T08:13:44.0000000Z;5.3505;5.3605;900;900
2026-06-08T08:13:46.0000000Z;5.3505;5.3605;900;873
2026-06-08T08:13:47.0000000Z;5.3505;5.3605;900;900
2026-06-08T08:13:48.0000000Z;5.3505;5.3605;900;900
2026-06-08T08:13:49.0000000Z;5.3505;5.3605;900;900
2026-06-08T08:13:50.0000000Z;5.3505;5.3605;900;900
2026-06-08T08:13:51.0000000Z;5.3505;5.3605;900;900
2026-06-08T08:13:52.0000000Z;5.3505;5.36;900;2217
2026-06-08T08:13:58.0000000Z;5.3505;5.36;900;2217
2026-06-08T08:13:59.0000000Z;5.3505;5.36;900;2217
2026-06-08T08:13:59.0000000Z;5.3505;5.3605;900;900
2026-06-08T08:14:00.0000000Z;5.3505;5.3605;900;900
2026-06-08T08:14:01.0000000Z;5.3505;5.3615;900;11191
2026-06-08T08:14:02.0000000Z;5.3505;5.3605;900;900
2026-06-08T08:14:03.0000000Z;5.3505;5.3605;900;900
2026-06-08T08:14:06.0000000Z;5.3505;5.3605;900;900
2026-06-08T08:14:08.0000000Z;5.352;5.3605;900;900
2026-06-08T08:14:09.0000000Z;5.352;5.3605;900;900
2026-06-08T08:14:11.0000000Z;5.3525;5.36;2503;2217
2026-06-08T08:14:12.0000000Z;5.352;5.36;900;900
2026-06-08T08:14:13.0000000Z;5.352;5.36;900;1913
2026-06-08T08:14:16.0000000Z;5.3525;5.36;2503;1913
2026-06-08T08:14:17.0000000Z;5.3525;5.36;2503;1913
2026-06-08T08:14:18.0000000Z;5.352;5.36;900;900
2026-06-08T08:14:19.0000000Z;5.352;5.36;900;900
2026-06-08T08:14:22.0000000Z;5.352;5.36;900;900
2026-06-08T08:14:23.0000000Z;5.352;5.3605;900;900
2026-06-08T08:14:26.0000000Z;5.352;5.36;900;1913
2026-06-08T08:14:28.0000000Z;5.352;5.361;900;11192
2026-06-08T08:14:30.0000000Z;5.352;5.3605;900;2097
2026-06-08T08:14:31.0000000Z;5.352;5.361;900;11192
2026-06-08T08:14:35.0000000Z;5.352;5.361;900;11192
2026-06-08T08:14:36.0000000Z;5.3525;5.361;2503;11192
2026-06-08T08:14:37.0000000Z;5.352;5.361;900;11192
2026-06-08T08:14:39.0000000Z;5.352;5.361;900;11192
2026-06-08T08:14:41.0000000Z;5.354;5.3605;900;14456
2026-06-08T08:14:42.0000000Z;5.354;5.36;900;11195
2026-06-08T08:14:43.0000000Z;5.354;5.36;900;11195
2026-06-08T08:14:44.0000000Z;5.354;5.36;900;11195
2026-06-08T08:14:47.0000000Z;5.354;5.36;900;11195
2026-06-08T08:14:48.0000000Z;5.354;5.36;900;11195
2026-06-08T08:14:53.0000000Z;5.354;5.36;900;11195
2026-06-08T08:14:54.0000000Z;5.354;5.36;900;11195
2026-06-08T08:14:55.0000000Z;5.354;5.36;900;11195
2026-06-08T08:15:01.0000000Z;5.354;5.36;900;11195
2026-06-08T08:15:03.0000000Z;5.354;5.36;900;11195
2026-06-08T08:15:04.0000000Z;5.354;5.36;900;11195
2026-06-08T08:15:05.0000000Z;5.354;5.36;900;11195
2026-06-08T08:15:06.0000000Z;5.354;5.36;900;11195
2026-06-08T08:15:07.0000000Z;5.354;5.36;900;11195
2026-06-08T08:15:08.0000000Z;5.354;5.36;900;11095
2026-06-08T08:15:10.0000000Z;5.354;5.3625;900;900
2026-06-08T08:15:11.0000000Z;5.354;5.363;900;12088
2026-06-08T08:15:12.0000000Z;5.354;5.3595;900;42500
2026-06-08T08:15:13.0000000Z;5.354;5.3625;900;900
2026-06-08T08:15:14.0000000Z;5.354;5.3625;900;900
2026-06-08T08:15:16.0000000Z;5.354;5.3625;900;900
2026-06-08T08:15:17.0000000Z;5.354;5.362;900;1936
2026-06-08T08:15:18.0000000Z;5.354;5.3625;900;900
2026-06-08T08:15:20.0000000Z;5.354;5.363;900;11188
2026-06-08T08:15:21.0000000Z;5.354;5.3625;900;2119
2026-06-08T08:15:22.0000000Z;5.354;5.363;900;12088
2026-06-08T08:15:23.0000000Z;5.354;5.363;900;11188
2026-06-08T08:15:24.0000000Z;5.354;5.363;900;11188
2026-06-08T08:15:26.0000000Z;5.354;5.363;900;11188
2026-06-08T08:15:27.0000000Z;5.354;5.3625;900;2119
2026-06-08T08:15:28.0000000Z;5.354;5.363;900;11188
2026-06-08T08:15:29.0000000Z;5.354;5.363;900;11188
2026-06-08T08:15:30.0000000Z;5.354;5.363;900;11188
2026-06-08T08:15:31.0000000Z;5.3555;5.363;11847;11188
2026-06-08T08:15:33.0000000Z;5.354;5.363;900;11188
2026-06-08T08:15:34.0000000Z;5.354;5.363;900;11188
2026-06-08T08:15:35.0000000Z;5.354;5.363;900;11188
2026-06-08T08:15:36.0000000Z;5.3555;5.363;2047;11188
2026-06-08T08:15:37.0000000Z;5.3555;5.363;11847;11188
2026-06-08T08:15:41.0000000Z;5.354;5.363;900;11188
2026-06-08T08:15:42.0000000Z;5.3545;5.3625;12301;2119
2026-06-08T08:15:43.0000000Z;5.354;5.3625;900;2119
2026-06-08T08:15:44.0000000Z;5.354;5.3625;900;900
2026-06-08T08:15:45.0000000Z;5.354;5.3625;900;900
2026-06-08T08:15:46.0000000Z;5.354;5.3625;900;900
2026-06-08T08:15:47.0000000Z;5.354;5.3625;900;900
2026-06-08T08:15:52.0000000Z;5.354;5.363;900;12088
2026-06-08T08:15:53.0000000Z;5.354;5.363;900;11188
2026-06-08T08:15:54.0000000Z;5.354;5.363;900;11188
2026-06-08T08:15:55.0000000Z;5.354;5.3625;900;2095
2026-06-08T08:15:57.0000000Z;5.354;5.363;900;11188
2026-06-08T08:15:58.0000000Z;5.354;5.363;900;11179
2026-06-08T08:15:59.0000000Z;5.3555;5.363;2385;11179
2026-06-08T08:16:00.0000000Z;5.3555;5.3645;900;900
2026-06-08T08:16:01.0000000Z;5.3555;5.3645;900;900
2026-06-08T08:16:02.0000000Z;5.3555;5.3625;900;1108
2026-06-08T08:16:03.0000000Z;5.3555;5.3645;900;900
2026-06-08T08:16:04.0000000Z;5.3555;5.363;900;1491
2026-06-08T08:16:05.0000000Z;5.3555;5.363;900;1491
2026-06-08T08:16:08.0000000Z;5.3555;5.3645;900;900
2026-06-08T08:16:11.0000000Z;5.3555;5.364;900;1985
2026-06-08T08:16:12.0000000Z;5.3545;5.3645;900;900
2026-06-08T08:16:13.0000000Z;5.3545;5.3645;900;900
2026-06-08T08:16:15.0000000Z;5.3555;5.3645;2575;900
2026-06-08T08:16:19.0000000Z;5.3545;5.3645;900;900
2026-06-08T08:16:20.0000000Z;5.355;5.3645;2791;900
2026-06-08T08:16:21.0000000Z;5.3545;5.3645;900;900
2026-06-08T08:16:22.0000000Z;5.355;5.3645;2791;900
2026-06-08T08:16:23.0000000Z;5.355;5.364;2953;2442
2026-06-08T08:16:24.0000000Z;5.3535;5.3645;11208;900
2026-06-08T08:16:25.0000000Z;5.355;5.3645;2791;900
2026-06-08T08:16:26.0000000Z;5.355;5.3645;2791;900
2026-06-08T08:16:30.0000000Z;5.3545;5.3645;900;900
2026-06-08T08:16:34.0000000Z;5.355;5.3605;2791;2401
2026-06-08T08:16:35.0000000Z;5.35;5.361;900;11192
2026-06-08T08:16:36.0000000Z;5.3515;5.36;900;900
2026-06-08T08:16:37.0000000Z;5.3545;5.3595;1188;1938
2026-06-08T08:16:40.0000000Z;5.3545;5.359;1300;1737
2026-06-08T08:16:41.0000000Z;5.3505;5.3605;11214;11193
2026-06-08T08:16:42.0000000Z;5.3485;5.3595;467;19661
2026-06-08T08:16:43.0000000Z;5.3515;5.359;1826;2622
2026-06-08T08:16:44.0000000Z;5.3495;5.3585;900;900
2026-06-08T08:16:45.0000000Z;5.3515;5.358;2001;2044
2026-06-08T08:16:46.0000000Z;5.349;5.3585;900;900
2026-06-08T08:16:47.0000000Z;5.3515;5.3585;2001;900
2026-06-08T08:16:48.0000000Z;5.349;5.359;900;466
2026-06-08T08:16:49.0000000Z;5.3495;5.358;2697;2294
2026-06-08T08:16:54.0000000Z;5.349;5.3585;900;900
2026-06-08T08:16:55.0000000Z;5.3475;5.3565;9937;11202
2026-06-08T08:16:56.0000000Z;5.3485;5.3565;900;12102
2026-06-08T08:16:57.0000000Z;5.3495;5.356;2697;900
2026-06-08T08:16:59.0000000Z;5.349;5.356;1775;900
2026-06-08T08:17:00.0000000Z;5.3465;5.3565;900;12102
2026-06-08T08:17:01.0000000Z;5.3465;5.3565;900;11202
2026-06-08T08:17:02.0000000Z;5.3465;5.3565;900;12102
2026-06-08T08:17:03.0000000Z;5.3465;5.3555;900;2231
2026-06-08T08:17:04.0000000Z;5.3465;5.3565;900;11202
2026-06-08T08:17:05.0000000Z;5.3465;5.355;900;1992
2026-06-08T08:17:06.0000000Z;5.3465;5.3555;900;2176
2026-06-08T08:17:08.0000000Z;5.3465;5.3565;900;11202
2026-06-08T08:17:09.0000000Z;5.3465;5.3555;900;44601
2026-06-08T08:17:10.0000000Z;5.3465;5.356;900;900
2026-06-08T08:17:11.0000000Z;5.3465;5.3555;900;2176
2026-06-08T08:17:15.0000000Z;5.347;5.3565;12541;12102
2026-06-08T08:17:16.0000000Z;5.3465;5.356;900;900
2026-06-08T08:17:18.0000000Z;5.3455;5.3565;31279;11202
2026-06-08T08:17:19.0000000Z;5.3465;5.3565;900;11202
2026-06-08T08:17:21.0000000Z;5.3465;5.3565;900;11202
2026-06-08T08:17:22.0000000Z;5.3465;5.3565;900;11182
2026-06-08T08:17:23.0000000Z;5.3465;5.357;900;900
2026-06-08T08:17:24.0000000Z;5.3465;5.3575;900;11200
2026-06-08T08:17:25.0000000Z;5.3465;5.3575;900;11200
2026-06-08T08:17:26.0000000Z;5.3465;5.357;900;900
2026-06-08T08:17:28.0000000Z;5.3465;5.3565;900;2435
2026-06-08T08:17:29.0000000Z;5.3465;5.357;900;900
2026-06-08T08:17:30.0000000Z;5.3465;5.357;900;825
2026-06-08T08:17:31.0000000Z;5.347;5.357;2918;825
2026-06-08T08:17:33.0000000Z;5.347;5.3565;2918;2435
2026-06-08T08:17:34.0000000Z;5.3465;5.3555;900;900
2026-06-08T08:17:35.0000000Z;5.3465;5.355;900;1992
2026-06-08T08:17:36.0000000Z;5.3465;5.3555;900;900
2026-06-08T08:17:37.0000000Z;5.3465;5.355;900;1992
2026-06-08T08:17:38.0000000Z;5.3465;5.355;900;1992
2026-06-08T08:17:39.0000000Z;5.3465;5.3555;900;900
2026-06-08T08:17:41.0000000Z;5.3465;5.3555;900;900
2026-06-08T08:17:42.0000000Z;5.3465;5.3555;900;900
2026-06-08T08:17:43.0000000Z;5.347;5.355;2918;1992
2026-06-08T08:17:44.0000000Z;5.3465;5.3555;900;900
2026-06-08T08:17:45.0000000Z;5.345;5.353;10492;900
2026-06-08T08:17:46.0000000Z;5.343;5.354;17380;11207
2026-06-08T08:17:47.0000000Z;5.344;5.353;900;900
2026-06-08T08:17:48.0000000Z;5.344;5.353;900;900
2026-06-08T08:17:49.0000000Z;5.344;5.3525;900;2018
2026-06-08T08:17:50.0000000Z;5.344;5.354;900;11207
2026-06-08T08:17:51.0000000Z;5.3455;5.354;900;11207
2026-06-08T08:17:52.0000000Z;5.3455;5.354;900;11207
2026-06-08T08:17:53.0000000Z;5.3455;5.354;900;11207
2026-06-08T08:17:54.0000000Z;5.3455;5.3535;900;1973
2026-06-08T08:17:58.0000000Z;5.3455;5.354;900;11207
2026-06-08T08:18:00.0000000Z;5.346;5.3535;12194;1973
2026-06-08T08:18:01.0000000Z;5.3455;5.354;900;11207
2026-06-08T08:18:02.0000000Z;5.347;5.354;1965;11207
2026-06-08T08:18:07.0000000Z;5.3455;5.354;900;11207
2026-06-08T08:18:08.0000000Z;5.3455;5.354;900;11207
2026-06-08T08:18:09.0000000Z;5.3455;5.354;900;15707
2026-06-08T08:18:10.0000000Z;5.347;5.354;900;11207
2026-06-08T08:18:11.0000000Z;5.347;5.354;900;11207
2026-06-08T08:18:12.0000000Z;5.347;5.354;900;11207
2026-06-08T08:18:13.0000000Z;5.347;5.354;900;11207
2026-06-08T08:18:14.0000000Z;5.347;5.354;900;11207
2026-06-08T08:18:19.0000000Z;5.347;5.354;900;11207
2026-06-08T08:18:20.0000000Z;5.347;5.354;900;11192
2026-06-08T08:18:21.0000000Z;5.3505;5.3605;3270;900
2026-06-08T08:18:22.0000000Z;5.35;5.357;900;900
2026-06-08T08:18:23.0000000Z;5.35;5.357;900;710
2026-06-08T08:18:24.0000000Z;5.35;5.3545;900;9338
2026-06-08T08:18:25.0000000Z;5.3485;5.357;900;900
2026-06-08T08:18:26.0000000Z;5.349;5.357;2212;900
2026-06-08T08:18:28.0000000Z;5.348;5.3565;2670;2175
2026-06-08T08:18:29.0000000Z;5.3475;5.357;900;700
2026-06-08T08:18:30.0000000Z;5.348;5.3565;2774;2175
2026-06-08T08:18:31.0000000Z;5.347;5.358;900;11199
2026-06-08T08:18:32.0000000Z;5.348;5.357;2774;900
2026-06-08T08:18:35.0000000Z;5.347;5.357;900;900
2026-06-08T08:18:37.0000000Z;5.3475;5.357;2842;900
2026-06-08T08:18:44.0000000Z;5.3475;5.358;2982;11199
2026-06-08T08:18:45.0000000Z;5.347;5.357;900;900
2026-06-08T08:18:48.0000000Z;5.347;5.357;900;900
2026-06-08T08:18:49.0000000Z;5.347;5.357;900;900
2026-06-08T08:18:50.0000000Z;5.349;5.357;900;900
2026-06-08T08:18:51.0000000Z;5.349;5.357;900;900
2026-06-08T08:18:52.0000000Z;5.349;5.358;900;11199
2026-06-08T08:18:53.0000000Z;5.349;5.358;900;11199
2026-06-08T08:18:54.0000000Z;5.349;5.357;900;900
2026-06-08T08:18:58.0000000Z;5.349;5.357;900;900
2026-06-08T08:18:59.0000000Z;5.349;5.3575;900;900
2026-06-08T08:19:00.0000000Z;5.349;5.358;900;12099
2026-06-08T08:19:01.0000000Z;5.349;5.358;900;11199
2026-06-08T08:19:04.0000000Z;5.349;5.358;900;12099
2026-06-08T08:19:05.0000000Z;5.349;5.357;900;1842
2026-06-08T08:19:06.0000000Z;5.349;5.3575;900;5400
2026-06-08T08:19:07.0000000Z;5.3495;5.3575;2484;5400
2026-06-08T08:19:08.0000000Z;5.3495;5.358;2484;11199
2026-06-08T08:19:09.0000000Z;5.349;5.357;900;900
2026-06-08T08:19:11.0000000Z;5.349;5.357;900;900
2026-06-08T08:19:12.0000000Z;5.3495;5.3565;2484;1906
2026-06-08T08:19:13.0000000Z;5.349;5.357;900;900
2026-06-08T08:19:14.0000000Z;5.3495;5.357;2484;900
2026-06-08T08:19:16.0000000Z;5.349;5.3565;900;1906
2026-06-08T08:19:17.0000000Z;5.349;5.357;900;11201
2026-06-08T08:19:18.0000000Z;5.349;5.357;900;11201
2026-06-08T08:19:19.0000000Z;5.349;5.357;900;11201
2026-06-08T08:19:20.0000000Z;5.349;5.357;900;11201
2026-06-08T08:19:22.0000000Z;5.3505;5.3575;900;9669
2026-06-08T08:19:23.0000000Z;5.3505;5.357;900;42500
2026-06-08T08:19:25.0000000Z;5.3505;5.36;900;898
2026-06-08T08:19:27.0000000Z;5.3505;5.3605;900;900
2026-06-08T08:19:28.0000000Z;5.3505;5.357;900;663
2026-06-08T08:19:29.0000000Z;5.3505;5.357;900;663
2026-06-08T08:19:31.0000000Z;5.351;5.36;3007;2217
2026-06-08T08:19:32.0000000Z;5.3505;5.3605;900;900
2026-06-08T08:19:34.0000000Z;5.3505;5.3605;900;900
2026-06-08T08:19:35.0000000Z;5.3505;5.3605;900;19658
2026-06-08T08:19:36.0000000Z;5.3505;5.359;900;2013
2026-06-08T08:19:37.0000000Z;5.351;5.359;3007;2013
2026-06-08T08:19:38.0000000Z;5.3505;5.3605;900;19658
2026-06-08T08:19:39.0000000Z;5.3505;5.36;903;900
2026-06-08T08:19:40.0000000Z;5.3505;5.36;903;900
2026-06-08T08:19:41.0000000Z;5.3505;5.3605;903;12093
2026-06-08T08:19:42.0000000Z;5.3505;5.3605;903;12083
2026-06-08T08:19:43.0000000Z;5.3505;5.3605;903;900
2026-06-08T08:19:48.0000000Z;5.3505;5.36;903;2217
2026-06-08T08:19:49.0000000Z;5.3505;5.3605;900;900
2026-06-08T08:19:50.0000000Z;5.3505;5.3605;900;900
2026-06-08T08:19:52.0000000Z;5.3505;5.3605;900;900
2026-06-08T08:19:53.0000000Z;5.3505;5.36;900;2247
2026-06-08T08:19:54.0000000Z;5.3505;5.3605;900;900
2026-06-08T08:19:55.0000000Z;5.3505;5.3605;900;900
2026-06-08T08:19:56.0000000Z;5.3505;5.3605;900;900
2026-06-08T08:19:58.0000000Z;5.3505;5.36;900;2247
2026-06-08T08:20:02.0000000Z;5.3505;5.3605;900;900
2026-06-08T08:20:03.0000000Z;5.3505;5.36;900;900
2026-06-08T08:20:04.0000000Z;5.3505;5.36;900;900
2026-06-08T08:20:05.0000000Z;5.3505;5.36;900;44796
2026-06-08T08:20:06.0000000Z;5.3505;5.3605;900;900
2026-06-08T08:20:08.0000000Z;5.3505;5.36;900;2296
2026-06-08T08:20:15.0000000Z;5.3505;5.3605;900;900
2026-06-08T08:20:17.0000000Z;5.351;5.3605;3007;900
2026-06-08T08:20:18.0000000Z;5.3505;5.3605;900;900
2026-06-08T08:20:20.0000000Z;5.3505;5.3605;900;900
2026-06-08T08:20:21.0000000Z;5.3465;5.3565;900;900
2026-06-08T08:20:22.0000000Z;5.351;5.356;380;2425
2026-06-08T08:20:24.0000000Z;5.347;5.356;2843;2425
2026-06-08T08:20:25.0000000Z;5.3465;5.3565;900;900
2026-06-08T08:20:27.0000000Z;5.3465;5.356;900;2425
2026-06-08T08:20:29.0000000Z;5.3465;5.3565;900;900
2026-06-08T08:20:30.0000000Z;5.3465;5.3565;900;900
2026-06-08T08:20:34.0000000Z;5.3465;5.3565;900;900
2026-06-08T08:20:35.0000000Z;5.3465;5.356;900;2425
2026-06-08T08:20:36.0000000Z;5.3465;5.356;900;900
2026-06-08T08:20:37.0000000Z;5.3465;5.3555;900;2122
2026-06-08T08:20:38.0000000Z;5.3465;5.356;900;12103
2026-06-08T08:20:39.0000000Z;5.3465;5.3555;900;2231
2026-06-08T08:20:40.0000000Z;5.3465;5.3555;900;2231
2026-06-08T08:20:41.0000000Z;5.3465;5.3555;900;900
2026-06-08T08:20:42.0000000Z;5.3465;5.355;900;900
2026-06-08T08:20:43.0000000Z;5.3465;5.3555;900;900
2026-06-08T08:20:44.0000000Z;5.3465;5.3545;900;2037
2026-06-08T08:20:45.0000000Z;5.3465;5.355;900;900
2026-06-08T08:20:46.0000000Z;5.3465;5.355;900;900
2026-06-08T08:20:47.0000000Z;5.3465;5.355;900;900
2026-06-08T08:20:49.0000000Z;5.3465;5.355;900;900
2026-06-08T08:20:51.0000000Z;5.3465;5.3545;900;2037
2026-06-08T08:20:52.0000000Z;5.3465;5.3525;900;900
2026-06-08T08:20:53.0000000Z;5.347;5.352;2843;1562
2026-06-08T08:20:54.0000000Z;5.344;5.3525;900;900
2026-06-08T08:20:55.0000000Z;5.344;5.352;900;1919
2026-06-08T08:20:56.0000000Z;5.3465;5.352;1578;1919
2026-06-08T08:20:57.0000000Z;5.344;5.3525;900;900
2026-06-08T08:20:59.0000000Z;5.3445;5.3515;2508;1743
2026-06-08T08:20:59.0000000Z;5.344;5.352;900;900
2026-06-08T08:21:00.0000000Z;5.3445;5.3515;2508;1743
2026-06-08T08:21:01.0000000Z;5.3445;5.3515;2508;1743
2026-06-08T08:21:02.0000000Z;5.344;5.353;900;11209
2026-06-08T08:21:03.0000000Z;5.344;5.352;900;900
2026-06-08T08:21:05.0000000Z;5.344;5.3515;900;1743
2026-06-08T08:21:06.0000000Z;5.344;5.352;900;900
2026-06-08T08:21:09.0000000Z;5.344;5.3525;900;900
2026-06-08T08:21:10.0000000Z;5.344;5.3515;900;1743
2026-06-08T08:21:12.0000000Z;5.344;5.352;900;1919
2026-06-08T08:21:13.0000000Z;5.344;5.3525;900;900
2026-06-08T08:21:14.0000000Z;5.344;5.352;900;1919
2026-06-08T08:21:15.0000000Z;5.344;5.3525;900;900
2026-06-08T08:21:17.0000000Z;5.3445;5.3515;2508;2391
2026-06-08T08:21:18.0000000Z;5.341;5.3515;11234;2430
2026-06-08T08:21:19.0000000Z;5.344;5.3515;2128;2430
2026-06-08T08:21:20.0000000Z;5.342;5.352;900;900
2026-06-08T08:21:21.0000000Z;5.342;5.353;900;11209
2026-06-08T08:21:22.0000000Z;5.342;5.352;900;900
2026-06-08T08:21:23.0000000Z;5.3425;5.349;916;2872
2026-06-08T08:21:24.0000000Z;5.339;5.349;900;900
2026-06-08T08:21:25.0000000Z;5.339;5.348;900;900
2026-06-08T08:21:26.0000000Z;5.339;5.3485;900;900
2026-06-08T08:21:27.0000000Z;5.339;5.348;900;2207
2026-06-08T08:21:28.0000000Z;5.338;5.349;1368;11218
2026-06-08T08:21:29.0000000Z;5.338;5.3475;17906;2173
2026-06-08T08:21:30.0000000Z;5.342;5.348;1622;900
2026-06-08T08:21:31.0000000Z;5.338;5.348;19457;900
2026-06-08T08:21:33.0000000Z;5.338;5.3485;19457;900
2026-06-08T08:21:34.0000000Z;5.3395;5.3485;900;900
2026-06-08T08:21:36.0000000Z;5.34;5.348;2560;2053
2026-06-08T08:21:38.0000000Z;5.3395;5.349;900;11218
2026-06-08T08:21:39.0000000Z;5.3395;5.349;900;11218
2026-06-08T08:21:40.0000000Z;5.3395;5.3485;900;2237
2026-06-08T08:21:41.0000000Z;5.3415;5.35;900;900
2026-06-08T08:21:42.0000000Z;5.342;5.3485;2441;43932
2026-06-08T08:21:43.0000000Z;5.3415;5.35;900;900
2026-06-08T08:21:44.0000000Z;5.342;5.3485;2441;1432
2026-06-08T08:21:45.0000000Z;5.3415;5.35;900;900
2026-06-08T08:21:47.0000000Z;5.342;5.3495;2441;1925
2026-06-08T08:21:49.0000000Z;5.343;5.3535;900;900
2026-06-08T08:21:50.0000000Z;5.343;5.349;900;11218
2026-06-08T08:21:51.0000000Z;5.339;5.3485;900;19724
2026-06-08T08:21:52.0000000Z;5.3395;5.349;21953;19683
2026-06-08T08:21:53.0000000Z;5.3405;5.349;900;11218
2026-06-08T08:21:54.0000000Z;5.3405;5.349;900;11218
2026-06-08T08:21:55.0000000Z;5.3405;5.349;900;11218
2026-06-08T08:21:56.0000000Z;5.3405;5.349;900;12118
2026-06-08T08:21:57.0000000Z;5.3405;5.3485;900;2001
2026-06-08T08:21:58.0000000Z;5.3405;5.349;900;11218
2026-06-08T08:21:59.0000000Z;5.3405;5.349;900;12118
2026-06-08T08:22:00.0000000Z;5.342;5.349;900;11218
2026-06-08T08:22:01.0000000Z;5.342;5.349;900;11218
2026-06-08T08:22:02.0000000Z;5.342;5.349;900;11218
2026-06-08T08:22:09.0000000Z;5.342;5.349;900;11218
2026-06-08T08:22:10.0000000Z;5.342;5.348;900;1645
2026-06-08T08:22:11.0000000Z;5.342;5.35;900;900
2026-06-08T08:22:12.0000000Z;5.342;5.3505;900;900
2026-06-08T08:22:13.0000000Z;5.342;5.3505;900;900
2026-06-08T08:22:14.0000000Z;5.342;5.35;900;900
2026-06-08T08:22:15.0000000Z;5.342;5.3505;900;900
2026-06-08T08:22:16.0000000Z;5.342;5.3505;900;900
2026-06-08T08:22:18.0000000Z;5.342;5.351;900;12113
2026-06-08T08:22:19.0000000Z;5.342;5.3505;900;900
2026-06-08T08:22:20.0000000Z;5.342;5.351;900;12113
2026-06-08T08:22:21.0000000Z;5.342;5.351;900;11213
2026-06-08T08:22:22.0000000Z;5.3425;5.3505;2489;2130
2026-06-08T08:22:23.0000000Z;5.342;5.3505;900;2130
2026-06-08T08:22:24.0000000Z;5.342;5.351;900;11213
2026-06-08T08:22:25.0000000Z;5.342;5.3505;900;2130
2026-06-08T08:22:26.0000000Z;5.342;5.3505;900;900
2026-06-08T08:22:27.0000000Z;5.342;5.3505;900;900
2026-06-08T08:22:28.0000000Z;5.342;5.35;900;900
2026-06-08T08:22:29.0000000Z;5.3425;5.3495;2489;1767
2026-06-08T08:22:31.0000000Z;5.342;5.35;900;900
2026-06-08T08:22:33.0000000Z;5.3425;5.353;900;900
2026-06-08T08:22:35.0000000Z;5.341;5.35;900;12115
2026-06-08T08:22:36.0000000Z;5.343;5.3495;3720;2326
2026-06-08T08:22:37.0000000Z;5.341;5.35;900;11215
2026-06-08T08:22:38.0000000Z;5.3395;5.35;900;11215
2026-06-08T08:22:39.0000000Z;5.3395;5.35;900;12115
2026-06-08T08:22:41.0000000Z;5.341;5.35;2349;12115
2026-06-08T08:22:43.0000000Z;5.341;5.35;2349;12115
2026-06-08T08:22:45.0000000Z;5.3395;5.35;900;11215
2026-06-08T08:22:46.0000000Z;5.3395;5.35;900;12115
2026-06-08T08:22:47.0000000Z;5.341;5.35;2349;11215
2026-06-08T08:22:48.0000000Z;5.34;5.3495;12617;2552
2026-06-08T08:22:49.0000000Z;5.3395;5.3495;900;900
2026-06-08T08:22:50.0000000Z;5.3395;5.35;900;12115
2026-06-08T08:22:52.0000000Z;5.3395;5.35;900;12115
2026-06-08T08:22:53.0000000Z;5.3395;5.3495;900;2552
2026-06-08T08:22:56.0000000Z;5.341;5.3495;2349;2552
2026-06-08T08:22:58.0000000Z;5.339;5.3495;24783;900
2026-06-08T08:22:59.0000000Z;5.339;5.349;11239;2578
2026-06-08T08:22:59.0000000Z;5.339;5.35;11239;11215
2026-06-08T08:23:00.0000000Z;5.34;5.348;900;900
2026-06-08T08:23:01.0000000Z;5.34;5.348;900;900
2026-06-08T08:23:02.0000000Z;5.34;5.3475;900;900
2026-06-08T08:23:03.0000000Z;5.34;5.347;900;1623
2026-06-08T08:23:04.0000000Z;5.34;5.347;900;1623
2026-06-08T08:23:05.0000000Z;5.34;5.3485;900;11219
2026-06-08T08:23:06.0000000Z;5.34;5.3485;900;12119
2026-06-08T08:23:08.0000000Z;5.34;5.348;900;1977
2026-06-08T08:23:09.0000000Z;5.34;5.3475;900;900
2026-06-08T08:23:10.0000000Z;5.34;5.3475;900;900
2026-06-08T08:23:11.0000000Z;5.34;5.3475;900;900
2026-06-08T08:23:14.0000000Z;5.34;5.3475;900;900
2026-06-08T08:23:15.0000000Z;5.3405;5.3475;2511;900
2026-06-08T08:23:16.0000000Z;5.34;5.3475;900;900
2026-06-08T08:23:17.0000000Z;5.34;5.3475;900;900
2026-06-08T08:23:18.0000000Z;5.34;5.3475;900;880
2026-06-08T08:23:19.0000000Z;5.34;5.3475;900;900
2026-06-08T08:23:20.0000000Z;5.34;5.348;900;900
2026-06-08T08:23:21.0000000Z;5.34;5.348;900;900
2026-06-08T08:23:22.0000000Z;5.34;5.3485;900;12119
2026-06-08T08:23:23.0000000Z;5.34;5.3485;900;11219
2026-06-08T08:23:24.0000000Z;5.34;5.3485;900;11219
2026-06-08T08:23:25.0000000Z;5.34;5.3485;900;11219
2026-06-08T08:23:26.0000000Z;5.341;5.3475;12746;1820
2026-06-08T08:23:27.0000000Z;5.3415;5.35;900;900
2026-06-08T08:23:28.0000000Z;5.3415;5.35;900;21930
2026-06-08T08:23:30.0000000Z;5.3415;5.3495;900;2000
2026-06-08T08:23:32.0000000Z;5.342;5.3495;2624;2000
2026-06-08T08:23:33.0000000Z;5.3415;5.35;900;11215
2026-06-08T08:23:35.0000000Z;5.3415;5.35;900;11215
2026-06-08T08:23:36.0000000Z;5.3415;5.35;900;11215
2026-06-08T08:23:37.0000000Z;5.3415;5.35;900;11215
2026-06-08T08:23:38.0000000Z;5.3415;5.35;900;11213
2026-06-08T08:23:39.0000000Z;5.3415;5.349;900;1848
2026-06-08T08:23:40.0000000Z;5.3415;5.3495;900;1622
2026-06-08T08:23:42.0000000Z;5.342;5.35;2726;1866
2026-06-08T08:23:44.0000000Z;5.3415;5.3515;900;11615
2026-06-08T08:23:45.0000000Z;5.3415;5.3515;900;11615
2026-06-08T08:23:46.0000000Z;5.3415;5.35;900;1866
2026-06-08T08:23:47.0000000Z;5.3415;5.3515;900;10715
2026-06-08T08:23:48.0000000Z;5.3415;5.352;900;12111
2026-06-08T08:23:49.0000000Z;5.3415;5.3515;900;5400
2026-06-08T08:23:53.0000000Z;5.342;5.3515;12545;5400
2026-06-08T08:23:55.0000000Z;5.3415;5.3515;900;5400
2026-06-08T08:23:56.0000000Z;5.3415;5.352;900;12111
2026-06-08T08:23:58.0000000Z;5.3415;5.3515;900;2495
2026-06-08T08:24:04.0000000Z;5.3415;5.3515;900;2495
2026-06-08T08:24:05.0000000Z;5.343;5.3515;12196;2495
2026-06-08T08:24:06.0000000Z;5.343;5.352;12196;12111
2026-06-08T08:24:10.0000000Z;5.342;5.352;12666;12111
2026-06-08T08:24:11.0000000Z;5.3415;5.352;900;11211
2026-06-08T08:24:12.0000000Z;5.3415;5.352;900;11211
2026-06-08T08:24:13.0000000Z;5.3445;5.352;1736;11211
2026-06-08T08:24:17.0000000Z;5.3415;5.352;900;11211
2026-06-08T08:24:19.0000000Z;5.342;5.352;2866;11211
2026-06-08T08:24:20.0000000Z;5.3415;5.352;900;12111
2026-06-08T08:24:21.0000000Z;5.3415;5.352;900;11211
2026-06-08T08:24:24.0000000Z;5.343;5.352;12196;11211
2026-06-08T08:24:27.0000000Z;5.3415;5.352;900;11211
2026-06-08T08:24:28.0000000Z;5.3415;5.352;900;11211
2026-06-08T08:24:29.0000000Z;5.3445;5.352;2260;11131
2026-06-08T08:24:30.0000000Z;5.344;5.353;900;900
2026-06-08T08:24:31.0000000Z;5.344;5.3535;900;900
2026-06-08T08:24:33.0000000Z;5.344;5.352;900;1742
2026-06-08T08:24:34.0000000Z;5.344;5.352;900;1742
2026-06-08T08:24:35.0000000Z;5.344;5.3535;900;900
2026-06-08T08:24:36.0000000Z;5.3445;5.353;2743;2178
2026-06-08T08:24:41.0000000Z;5.344;5.3535;900;885
2026-06-08T08:24:42.0000000Z;5.344;5.353;900;2178
2026-06-08T08:24:46.0000000Z;5.344;5.353;900;2178
2026-06-08T08:24:51.0000000Z;5.344;5.3535;900;885
2026-06-08T08:24:52.0000000Z;5.344;5.353;900;900
2026-06-08T08:24:53.0000000Z;5.344;5.3525;900;1994
2026-06-08T08:24:59.0000000Z;5.344;5.3525;900;1994
2026-06-08T08:25:03.0000000Z;5.344;5.3525;900;1994
2026-06-08T08:25:04.0000000Z;5.3455;5.354;900;15493
2026-06-08T08:25:05.0000000Z;5.3455;5.3535;900;10715
2026-06-08T08:25:06.0000000Z;5.3455;5.353;900;1868
2026-06-08T08:25:09.0000000Z;5.3455;5.3535;900;10715
2026-06-08T08:25:10.0000000Z;5.3455;5.3535;900;10715
2026-06-08T08:25:11.0000000Z;5.3455;5.3535;900;10715
2026-06-08T08:25:12.0000000Z;5.3455;5.3535;900;10715
2026-06-08T08:25:15.0000000Z;5.3455;5.354;900;12107
2026-06-08T08:25:16.0000000Z;5.346;5.354;2372;12107
2026-06-08T08:25:17.0000000Z;5.3455;5.354;900;11207
2026-06-08T08:25:18.0000000Z;5.3455;5.3535;900;1942
2026-06-08T08:25:19.0000000Z;5.3455;5.3535;900;1942
2026-06-08T08:25:21.0000000Z;5.3455;5.3535;900;13500
2026-06-08T08:25:22.0000000Z;5.346;5.353;2420;1845
2026-06-08T08:25:23.0000000Z;5.3455;5.3535;900;14400
2026-06-08T08:25:24.0000000Z;5.3455;5.3535;900;900
2026-06-08T08:25:25.0000000Z;5.3455;5.353;900;1845
2026-06-08T08:25:30.0000000Z;5.3455;5.353;900;1845
2026-06-08T08:25:32.0000000Z;5.3455;5.353;900;1845
2026-06-08T08:25:33.0000000Z;5.3455;5.3535;900;1973
2026-06-08T08:25:34.0000000Z;5.3455;5.354;900;11207
2026-06-08T08:25:37.0000000Z;5.3455;5.3535;900;1973
2026-06-08T08:25:44.0000000Z;5.351;5.354;900;11207
2026-06-08T08:25:45.0000000Z;5.35;5.354;50;15707
2026-06-08T08:25:46.0000000Z;5.351;5.354;900;15707
2026-06-08T08:25:48.0000000Z;5.351;5.354;42500;11207
2026-06-08T08:25:52.0000000Z;5.351;5.354;42500;11207
2026-06-08T08:25:56.0000000Z;5.351;5.3535;42500;2082
2026-06-08T08:25:57.0000000Z;5.351;5.354;900;11207
2026-06-08T08:26:01.0000000Z;5.351;5.354;900;11207
2026-06-08T08:26:02.0000000Z;5.351;5.354;42500;11207
2026-06-08T08:26:05.0000000Z;5.351;5.354;900;11207
2026-06-08T08:26:07.0000000Z;5.351;5.354;900;11207
2026-06-08T08:26:09.0000000Z;5.35;5.354;50;11207
2026-06-08T08:26:10.0000000Z;5.35;5.354;50;11207
2026-06-08T08:26:11.0000000Z;5.351;5.354;900;11207
2026-06-08T08:26:12.0000000Z;5.351;5.354;900;11207
2026-06-08T08:26:14.0000000Z;5.351;5.354;900;11207
2026-06-08T08:26:15.0000000Z;5.351;5.354;900;11207
2026-06-08T08:26:16.0000000Z;5.351;5.354;900;11207
2026-06-08T08:26:22.0000000Z;5.351;5.354;900;11207
2026-06-08T08:26:23.0000000Z;5.351;5.354;900;11207
2026-06-08T08:26:25.0000000Z;5.351;5.354;900;11207
2026-06-08T08:26:29.0000000Z;5.351;5.357;900;900
2026-06-08T08:26:30.0000000Z;5.351;5.357;900;900
2026-06-08T08:26:32.0000000Z;5.351;5.3545;900;9338
2026-06-08T08:26:34.0000000Z;5.351;5.3575;900;900
2026-06-08T08:26:36.0000000Z;5.351;5.3575;900;900
2026-06-08T08:26:37.0000000Z;5.351;5.3575;900;900
2026-06-08T08:26:38.0000000Z;5.351;5.3575;900;900
2026-06-08T08:26:39.0000000Z;5.351;5.357;900;1731
2026-06-08T08:26:40.0000000Z;5.351;5.3575;900;900
2026-06-08T08:26:46.0000000Z;5.3515;5.3575;2039;900
2026-06-08T08:26:47.0000000Z;5.351;5.3575;900;900
2026-06-08T08:26:49.0000000Z;5.351;5.3575;900;900
2026-06-08T08:26:50.0000000Z;5.351;5.3575;900;900
2026-06-08T08:26:51.0000000Z;5.351;5.357;900;2380
2026-06-08T08:26:56.0000000Z;5.351;5.355;900;900
2026-06-08T08:26:57.0000000Z;5.3515;5.355;380;900
2026-06-08T08:26:58.0000000Z;5.351;5.356;900;12103
2026-06-08T08:27:00.0000000Z;5.351;5.356;900;12103
2026-06-08T08:27:02.0000000Z;5.351;5.356;900;12103
2026-06-08T08:27:03.0000000Z;5.351;5.3555;900;1560
2026-06-08T08:27:04.0000000Z;5.351;5.355;900;1387
2026-06-08T08:27:05.0000000Z;5.351;5.355;900;1387
2026-06-08T08:27:06.0000000Z;5.351;5.3555;900;900
2026-06-08T08:27:07.0000000Z;5.351;5.3555;900;860
2026-06-08T08:27:13.0000000Z;5.351;5.3555;900;860
2026-06-08T08:27:14.0000000Z;5.351;5.355;900;900
2026-06-08T08:27:15.0000000Z;5.351;5.355;900;44684
2026-06-08T08:27:16.0000000Z;5.351;5.355;900;44684
2026-06-08T08:27:20.0000000Z;5.351;5.3545;42500;2377
2026-06-08T08:27:21.0000000Z;5.35;5.356;50;11203
2026-06-08T08:27:22.0000000Z;5.3505;5.355;994;900
2026-06-08T08:27:23.0000000Z;5.35;5.355;50;900
2026-06-08T08:27:27.0000000Z;5.35;5.355;950;900
2026-06-08T08:27:29.0000000Z;5.35;5.355;50;900
2026-06-08T08:27:31.0000000Z;5.35;5.3545;50;2377
2026-06-08T08:27:32.0000000Z;5.3495;5.355;900;900
2026-06-08T08:27:35.0000000Z;5.35;5.355;1275;900
2026-06-08T08:27:36.0000000Z;5.345;5.355;900;900
2026-06-08T08:27:37.0000000Z;5.3495;5.355;42550;900
2026-06-08T08:27:38.0000000Z;5.3495;5.3545;42550;2451
2026-06-08T08:27:39.0000000Z;5.3495;5.3545;430;2451
2026-06-08T08:27:40.0000000Z;5.3455;5.3545;2822;2451
2026-06-08T08:27:41.0000000Z;5.345;5.355;900;900
2026-06-08T08:27:44.0000000Z;5.345;5.355;900;900
2026-06-08T08:27:47.0000000Z;5.345;5.355;900;900
2026-06-08T08:27:49.0000000Z;5.345;5.355;900;900
2026-06-08T08:27:51.0000000Z;5.345;5.355;900;900
2026-06-08T08:27:55.0000000Z;5.345;5.355;900;900
2026-06-08T08:27:58.0000000Z;5.345;5.355;900;900
2026-06-08T08:28:00.0000000Z;5.345;5.355;900;900
2026-06-08T08:28:02.0000000Z;5.345;5.354;900;466
2026-06-08T08:28:04.0000000Z;5.345;5.354;900;466
2026-06-08T08:28:05.0000000Z;5.345;5.354;900;466
2026-06-08T08:28:12.0000000Z;5.345;5.353;900;900
2026-06-08T08:28:13.0000000Z;5.345;5.3525;900;1736
2026-06-08T08:28:14.0000000Z;5.345;5.353;900;900
2026-06-08T08:28:16.0000000Z;5.345;5.353;900;900
2026-06-08T08:28:17.0000000Z;5.3455;5.3525;2961;1736
2026-06-08T08:28:22.0000000Z;5.342;5.351;900;900
2026-06-08T08:28:23.0000000Z;5.3455;5.3505;1028;2105
2026-06-08T08:28:25.0000000Z;5.342;5.351;900;900
2026-06-08T08:28:26.0000000Z;5.342;5.351;900;900
2026-06-08T08:28:30.0000000Z;5.342;5.351;900;900
2026-06-08T08:28:34.0000000Z;5.342;5.3515;900;11212
2026-06-08T08:28:35.0000000Z;5.342;5.351;900;2290
2026-06-08T08:28:36.0000000Z;5.3425;5.351;12376;2290
2026-06-08T08:28:37.0000000Z;5.342;5.3515;900;15712
2026-06-08T08:28:38.0000000Z;5.342;5.3515;900;11212
2026-06-08T08:28:39.0000000Z;5.342;5.3515;900;11212
2026-06-08T08:28:42.0000000Z;5.3445;5.3515;1695;11212
2026-06-08T08:28:43.0000000Z;5.342;5.3515;900;11212
2026-06-08T08:28:47.0000000Z;5.342;5.3515;900;15712
2026-06-08T08:28:58.0000000Z;5.3435;5.3515;3307;42500
2026-06-08T08:28:59.0000000Z;5.3465;5.3515;1799;1399
2026-06-08T08:29:00.0000000Z;5.346;5.3515;900;1399
2026-06-08T08:29:01.0000000Z;5.346;5.3545;900;25454
2026-06-08T08:29:02.0000000Z;5.346;5.3545;900;25454
2026-06-08T08:29:03.0000000Z;5.3465;5.354;2420;1942
2026-06-08T08:29:04.0000000Z;5.3465;5.354;12220;1942
2026-06-08T08:29:05.0000000Z;5.3465;5.3545;12220;25454
2026-06-08T08:29:06.0000000Z;5.346;5.3545;900;25454
2026-06-08T08:29:08.0000000Z;5.346;5.3545;900;26354
2026-06-08T08:29:09.0000000Z;5.346;5.354;900;900
2026-06-08T08:29:10.0000000Z;5.346;5.354;900;900
2026-06-08T08:29:11.0000000Z;5.346;5.354;900;900
2026-06-08T08:29:12.0000000Z;5.346;5.354;900;900
2026-06-08T08:29:15.0000000Z;5.346;5.3535;900;1815
2026-06-08T08:29:16.0000000Z;5.345;5.3535;11226;1963
2026-06-08T08:29:17.0000000Z;5.341;5.3535;468;11208
2026-06-08T08:29:18.0000000Z;5.342;5.353;900;900
2026-06-08T08:29:19.0000000Z;5.342;5.353;900;900
2026-06-08T08:29:20.0000000Z;5.342;5.353;900;900
2026-06-08T08:29:22.0000000Z;5.342;5.353;900;900
2026-06-08T08:29:23.0000000Z;5.346;5.3525;1415;2523
2026-06-08T08:29:24.0000000Z;5.346;5.3525;1415;2523
2026-06-08T08:29:26.0000000Z;5.344;5.3525;2381;2523
2026-06-08T08:29:28.0000000Z;5.342;5.353;900;900
2026-06-08T08:29:29.0000000Z;5.3435;5.353;2609;900
2026-06-08T08:29:35.0000000Z;5.342;5.3535;900;12108
2026-06-08T08:29:36.0000000Z;5.3445;5.3535;2219;12108
2026-06-08T08:29:37.0000000Z;5.342;5.3535;900;11208
2026-06-08T08:29:38.0000000Z;5.342;5.3535;900;11208
2026-06-08T08:29:39.0000000Z;5.3445;5.3535;12019;11208
2026-06-08T08:29:40.0000000Z;5.342;5.3535;900;11208
2026-06-08T08:29:42.0000000Z;5.342;5.3535;900;11208
2026-06-08T08:29:44.0000000Z;5.342;5.3535;900;11208
2026-06-08T08:29:48.0000000Z;5.342;5.3535;900;11208
2026-06-08T08:29:50.0000000Z;5.3455;5.3535;1795;11208
2026-06-08T08:29:52.0000000Z;5.342;5.3535;900;11208
2026-06-08T08:29:53.0000000Z;5.342;5.3535;900;11208
2026-06-08T08:29:54.0000000Z;5.346;5.3535;1515;11208
2026-06-08T08:29:56.0000000Z;5.342;5.3535;900;11208
2026-06-08T08:29:59.0000000Z;5.346;5.3535;11315;11208
2026-06-08T08:30:00.0000000Z;5.3465;5.353;900;9658
2026-06-08T08:30:01.0000000Z;5.3465;5.3545;900;26728
2026-06-08T08:30:02.0000000Z;5.3465;5.3545;900;26728
2026-06-08T08:30:03.0000000Z;5.3465;5.3545;900;26728
2026-06-08T08:30:04.0000000Z;5.3465;5.3545;900;26728
2026-06-08T08:30:05.0000000Z;5.3465;5.3545;900;26728
2026-06-08T08:30:06.0000000Z;5.347;5.3535;2379;1627
2026-06-08T08:30:07.0000000Z;5.3465;5.3545;900;26728
2026-06-08T08:30:08.0000000Z;5.3465;5.354;900;1744
2026-06-08T08:30:09.0000000Z;5.3465;5.3545;900;27628
2026-06-08T08:30:12.0000000Z;5.3465;5.3545;900;26728
2026-06-08T08:30:16.0000000Z;5.3465;5.3545;900;26728
2026-06-08T08:30:23.0000000Z;5.3465;5.3545;900;26728
2026-06-08T08:30:24.0000000Z;5.3465;5.3545;900;26728
2026-06-08T08:30:30.0000000Z;5.3465;5.3545;900;26728
2026-06-08T08:30:32.0000000Z;5.3465;5.3545;900;26728
2026-06-08T08:30:35.0000000Z;5.347;5.3545;2379;26728
2026-06-08T08:30:37.0000000Z;5.3465;5.3545;900;26728
2026-06-08T08:30:38.0000000Z;5.3465;5.3545;900;26728
2026-06-08T08:30:39.0000000Z;5.3465;5.3545;900;26728
2026-06-08T08:30:40.0000000Z;5.3465;5.3545;900;26728
2026-06-08T08:30:41.0000000Z;5.3465;5.3545;900;26728
2026-06-08T08:30:43.0000000Z;5.3465;5.3545;900;26728
2026-06-08T08:30:46.0000000Z;5.3465;5.3545;900;26728
2026-06-08T08:30:47.0000000Z;5.347;5.3545;12179;26728
2026-06-08T08:30:48.0000000Z;5.3465;5.3545;900;26728
2026-06-08T08:30:50.0000000Z;5.347;5.3545;12179;26728
2026-06-08T08:30:53.0000000Z;5.347;5.3545;2379;26728
2026-06-08T08:31:03.0000000Z;5.3465;5.3545;900;26728
2026-06-08T08:31:09.0000000Z;5.347;5.3545;2379;26728
2026-06-08T08:31:13.0000000Z;5.3465;5.354;900;1744
2026-06-08T08:31:18.0000000Z;5.3465;5.3545;900;26728
2026-06-08T08:31:19.0000000Z;5.3465;5.3545;900;26728
2026-06-08T08:31:21.0000000Z;5.3465;5.3545;900;27628
2026-06-08T08:31:22.0000000Z;5.3465;5.3545;900;26728
2026-06-08T08:31:25.0000000Z;5.3465;5.354;900;1917
2026-06-08T08:31:26.0000000Z;5.3465;5.354;900;900
2026-06-08T08:31:27.0000000Z;5.3465;5.354;900;900
2026-06-08T08:31:28.0000000Z;5.3465;5.354;900;900
2026-06-08T08:31:29.0000000Z;5.3465;5.3545;900;26728
2026-06-08T08:31:30.0000000Z;5.3465;5.3535;900;900
2026-06-08T08:31:32.0000000Z;5.346;5.3525;900;900
2026-06-08T08:31:33.0000000Z;5.3465;5.3525;1784;900
2026-06-08T08:31:34.0000000Z;5.3425;5.3525;900;900
2026-06-08T08:31:35.0000000Z;5.3425;5.3525;900;900
2026-06-08T08:31:36.0000000Z;5.3425;5.3525;900;900
2026-06-08T08:31:37.0000000Z;5.343;5.352;2895;2420
2026-06-08T08:31:39.0000000Z;5.3425;5.3525;900;900
2026-06-08T08:31:41.0000000Z;5.3425;5.3525;900;900
2026-06-08T08:31:43.0000000Z;5.3425;5.3525;900;900
2026-06-08T08:31:45.0000000Z;5.3425;5.3525;900;900
2026-06-08T08:31:53.0000000Z;5.3425;5.352;900;2420
2026-06-08T08:31:55.0000000Z;5.3425;5.3525;900;900
2026-06-08T08:31:59.0000000Z;5.3425;5.352;900;2420
2026-06-08T08:32:01.0000000Z;5.3425;5.3525;900;900
2026-06-08T08:32:03.0000000Z;5.3425;5.3525;900;900
2026-06-08T08:32:06.0000000Z;5.343;5.3525;3035;900
2026-06-08T08:32:07.0000000Z;5.3425;5.3525;900;900
2026-06-08T08:32:08.0000000Z;5.3425;5.352;900;2420
2026-06-08T08:32:09.0000000Z;5.344;5.353;42500;900
2026-06-08T08:32:10.0000000Z;5.344;5.3525;900;19675
2026-06-08T08:32:11.0000000Z;5.3445;5.3525;2473;19675
2026-06-08T08:32:12.0000000Z;5.344;5.3525;900;11210
2026-06-08T08:32:13.0000000Z;5.3445;5.3525;12273;11210
2026-06-08T08:32:14.0000000Z;5.344;5.3525;900;11210
2026-06-08T08:32:18.0000000Z;5.3445;5.3525;12273;11210
2026-06-08T08:32:19.0000000Z;5.3455;5.3525;2018;11210
2026-06-08T08:32:20.0000000Z;5.344;5.3525;900;10279
2026-06-08T08:32:22.0000000Z;5.3455;5.352;900;13373
2026-06-08T08:32:23.0000000Z;5.3455;5.3535;900;21923
2026-06-08T08:32:24.0000000Z;5.3455;5.3535;900;11208
2026-06-08T08:32:25.0000000Z;5.3455;5.3535;900;11208
2026-06-08T08:32:27.0000000Z;5.3455;5.3535;900;11208
2026-06-08T08:32:28.0000000Z;5.346;5.3535;12342;11208
2026-06-08T08:32:32.0000000Z;5.346;5.353;12342;1716
2026-06-08T08:32:33.0000000Z;5.3455;5.3535;900;11208
2026-06-08T08:32:34.0000000Z;5.347;5.3535;1955;11208
2026-06-08T08:32:36.0000000Z;5.3455;5.3535;900;11208
2026-06-08T08:32:38.0000000Z;5.347;5.3565;900;900
2026-06-08T08:32:39.0000000Z;5.347;5.3535;900;42500
2026-06-08T08:32:41.0000000Z;5.347;5.354;900;9339
2026-06-08T08:32:42.0000000Z;5.347;5.3565;900;900
2026-06-08T08:32:43.0000000Z;5.347;5.357;900;900
2026-06-08T08:32:45.0000000Z;5.351;5.357;900;900
2026-06-08T08:32:46.0000000Z;5.3515;5.3565;1852;1352
2026-06-08T08:32:47.0000000Z;5.351;5.357;900;900
2026-06-08T08:32:48.0000000Z;5.351;5.357;900;900
2026-06-08T08:32:54.0000000Z;5.351;5.357;900;900
2026-06-08T08:32:57.0000000Z;5.351;5.357;900;900
2026-06-08T08:32:58.0000000Z;5.351;5.357;900;900
2026-06-08T08:33:00.0000000Z;5.3515;5.357;1964;900
2026-06-08T08:33:05.0000000Z;5.351;5.3575;900;900
2026-06-08T08:33:07.0000000Z;5.351;5.3575;900;900
2026-06-08T08:33:09.0000000Z;5.351;5.3575;900;900
2026-06-08T08:33:11.0000000Z;5.3515;5.357;2056;2065
2026-06-08T08:33:12.0000000Z;5.351;5.3575;900;900
2026-06-08T08:33:13.0000000Z;5.351;5.3575;900;900
2026-06-08T08:33:14.0000000Z;5.351;5.3575;900;900
2026-06-08T08:33:15.0000000Z;5.351;5.3575;900;900
2026-06-08T08:33:16.0000000Z;5.351;5.3575;900;900
2026-06-08T08:33:18.0000000Z;5.351;5.357;900;2065
2026-06-08T08:33:19.0000000Z;5.351;5.3575;900;900
2026-06-08T08:33:20.0000000Z;5.351;5.357;900;900
2026-06-08T08:33:21.0000000Z;5.347;5.357;900;900
2026-06-08T08:33:22.0000000Z;5.347;5.357;900;900
2026-06-08T08:33:23.0000000Z;5.3485;5.3565;2474;2150
2026-06-08T08:33:25.0000000Z;5.3475;5.3565;2942;2150
2026-06-08T08:33:27.0000000Z;5.347;5.3575;900;900
2026-06-08T08:33:29.0000000Z;5.347;5.357;900;2334
2026-06-08T08:33:30.0000000Z;5.349;5.3575;900;900
2026-06-08T08:33:31.0000000Z;5.3495;5.3575;2518;900
2026-06-08T08:33:32.0000000Z;5.349;5.3575;900;900
2026-06-08T08:33:33.0000000Z;5.349;5.358;900;11199
2026-06-08T08:33:34.0000000Z;5.349;5.3575;900;900
2026-06-08T08:33:35.0000000Z;5.3495;5.357;2605;2334
2026-06-08T08:33:39.0000000Z;5.348;5.357;11220;2334
2026-06-08T08:33:40.0000000Z;5.349;5.3575;900;900
2026-06-08T08:33:42.0000000Z;5.349;5.357;900;2334
2026-06-08T08:33:43.0000000Z;5.349;5.3575;900;8465
2026-06-08T08:33:44.0000000Z;5.349;5.357;900;900
2026-06-08T08:33:45.0000000Z;5.349;5.357;900;2334
2026-06-08T08:33:55.0000000Z;5.349;5.358;900;12024
2026-06-08T08:33:56.0000000Z;5.349;5.3575;900;18284
2026-06-08T08:33:57.0000000Z;5.349;5.3575;900;1835
2026-06-08T08:33:59.0000000Z;5.3495;5.3575;2960;1835
2026-06-08T08:34:00.0000000Z;5.349;5.3585;900;900
2026-06-08T08:34:01.0000000Z;5.349;5.3575;900;1835
2026-06-08T08:34:02.0000000Z;5.349;5.358;900;2019
2026-06-08T08:34:04.0000000Z;5.349;5.3595;900;11196
2026-06-08T08:34:05.0000000Z;5.349;5.3585;900;900
2026-06-08T08:34:10.0000000Z;5.349;5.358;900;2019
2026-06-08T08:34:15.0000000Z;5.349;5.3585;900;900
2026-06-08T08:34:16.0000000Z;5.349;5.3585;900;900
2026-06-08T08:34:19.0000000Z;5.349;5.3585;900;900
2026-06-08T08:34:20.0000000Z;5.3495;5.3595;2960;11196
2026-06-08T08:34:21.0000000Z;5.3495;5.358;2960;2194
2026-06-08T08:34:22.0000000Z;5.349;5.3585;900;900
2026-06-08T08:34:28.0000000Z;5.349;5.3585;900;900
2026-06-08T08:34:29.0000000Z;5.349;5.3585;900;892
2026-06-08T08:34:30.0000000Z;5.349;5.359;900;900
2026-06-08T08:34:31.0000000Z;5.349;5.3585;900;2203
2026-06-08T08:34:32.0000000Z;5.349;5.3595;900;11196
2026-06-08T08:34:33.0000000Z;5.35;5.3595;37246;11196
2026-06-08T08:34:34.0000000Z;5.3525;5.3595;2101;11196
2026-06-08T08:34:35.0000000Z;5.3515;5.359;900;1763
2026-06-08T08:34:36.0000000Z;5.3545;5.363;2835;900
2026-06-08T08:34:37.0000000Z;5.3545;5.3595;12635;42500
2026-06-08T08:34:38.0000000Z;5.354;5.363;900;900
2026-06-08T08:34:39.0000000Z;5.354;5.3635;900;900
2026-06-08T08:34:40.0000000Z;5.354;5.364;900;11186
2026-06-08T08:34:41.0000000Z;5.354;5.364;900;12086
2026-06-08T08:34:42.0000000Z;5.3555;5.363;2374;1995
2026-06-08T08:34:43.0000000Z;5.354;5.364;900;12086
2026-06-08T08:34:44.0000000Z;5.3545;5.3635;2835;2253
2026-06-08T08:34:45.0000000Z;5.3555;5.364;21214;12083
2026-06-08T08:34:46.0000000Z;5.3555;5.3635;900;17180
2026-06-08T08:34:47.0000000Z;5.3555;5.3635;900;1756
2026-06-08T08:34:48.0000000Z;5.3555;5.3635;900;44256
2026-06-08T08:34:49.0000000Z;5.3555;5.3645;900;900
2026-06-08T08:34:50.0000000Z;5.356;5.3635;2648;1756
2026-06-08T08:34:51.0000000Z;5.356;5.3635;2648;1756
2026-06-08T08:34:52.0000000Z;5.356;5.364;2648;1939
2026-06-08T08:34:55.0000000Z;5.3555;5.3645;900;900
2026-06-08T08:34:58.0000000Z;5.3555;5.3645;900;900
2026-06-08T08:35:00.0000000Z;5.3555;5.3645;900;900
2026-06-08T08:35:01.0000000Z;5.356;5.3645;900;900
2026-06-08T08:35:02.0000000Z;5.356;5.3645;900;900
2026-06-08T08:35:03.0000000Z;5.356;5.3655;900;11183
2026-06-08T08:35:04.0000000Z;5.356;5.3645;900;900
2026-06-08T08:35:06.0000000Z;5.356;5.3645;900;900
2026-06-08T08:35:07.0000000Z;5.356;5.3655;900;11183
2026-06-08T08:35:08.0000000Z;5.356;5.3645;900;900
2026-06-08T08:35:09.0000000Z;5.356;5.3645;900;900
2026-06-08T08:35:10.0000000Z;5.356;5.364;900;2188
2026-06-08T08:35:11.0000000Z;5.356;5.3645;900;900
2026-06-08T08:35:12.0000000Z;5.356;5.3645;900;900
2026-06-08T08:35:14.0000000Z;5.356;5.3645;900;900
2026-06-08T08:35:15.0000000Z;5.356;5.364;900;2188
2026-06-08T08:35:16.0000000Z;5.356;5.3645;900;830
2026-06-08T08:35:17.0000000Z;5.356;5.3645;900;830
2026-06-08T08:35:19.0000000Z;5.356;5.3645;900;830
2026-06-08T08:35:22.0000000Z;5.356;5.364;900;2188
2026-06-08T08:35:26.0000000Z;5.3565;5.3645;2692;830
2026-06-08T08:35:27.0000000Z;5.356;5.3645;900;900
2026-06-08T08:35:29.0000000Z;5.351;5.3625;467;900
2026-06-08T08:35:30.0000000Z;5.352;5.362;900;900
2026-06-08T08:35:31.0000000Z;5.3565;5.3615;480;2200
2026-06-08T08:35:32.0000000Z;5.356;5.3615;1095;2200
2026-06-08T08:35:33.0000000Z;5.352;5.362;900;900
2026-06-08T08:35:34.0000000Z;5.352;5.362;900;900
2026-06-08T08:35:35.0000000Z;5.352;5.3615;900;2200
2026-06-08T08:35:36.0000000Z;5.352;5.362;900;900
2026-06-08T08:35:37.0000000Z;5.352;5.362;900;895
2026-06-08T08:35:38.0000000Z;5.3525;5.362;2888;895
2026-06-08T08:35:42.0000000Z;5.352;5.362;900;900
2026-06-08T08:35:43.0000000Z;5.352;5.362;900;900
2026-06-08T08:35:44.0000000Z;5.352;5.362;900;900
2026-06-08T08:35:45.0000000Z;5.352;5.362;900;890
2026-06-08T08:35:46.0000000Z;5.352;5.362;900;900
2026-06-08T08:35:48.0000000Z;5.352;5.362;900;900
2026-06-08T08:35:49.0000000Z;5.352;5.362;900;900
2026-06-08T08:35:51.0000000Z;5.352;5.362;900;900
2026-06-08T08:35:59.0000000Z;5.3525;5.362;12871;900
2026-06-08T08:36:00.0000000Z;5.352;5.362;900;900
2026-06-08T08:36:01.0000000Z;5.352;5.3615;900;2450
2026-06-08T08:36:02.0000000Z;5.352;5.362;3059;900
2026-06-08T08:36:03.0000000Z;5.3515;5.362;900;900
2026-06-08T08:36:06.0000000Z;5.3515;5.3615;900;2450
2026-06-08T08:36:07.0000000Z;5.3515;5.362;900;900
2026-06-08T08:36:08.0000000Z;5.3515;5.362;900;900
2026-06-08T08:36:09.0000000Z;5.3515;5.3615;900;900
2026-06-08T08:36:10.0000000Z;5.3515;5.3615;900;900
2026-06-08T08:36:11.0000000Z;5.3515;5.362;900;900
2026-06-08T08:36:12.0000000Z;5.352;5.362;3198;900
2026-06-08T08:36:13.0000000Z;5.352;5.3615;3198;2275
2026-06-08T08:36:14.0000000Z;5.3515;5.361;900;2116
2026-06-08T08:36:15.0000000Z;5.3515;5.3615;900;900
2026-06-08T08:36:16.0000000Z;5.3515;5.362;900;900
2026-06-08T08:36:19.0000000Z;5.3515;5.362;900;900
2026-06-08T08:36:20.0000000Z;5.3515;5.3615;900;2275
2026-06-08T08:36:23.0000000Z;5.3515;5.362;900;900
2026-06-08T08:36:25.0000000Z;5.3515;5.362;900;900
2026-06-08T08:36:27.0000000Z;5.352;5.362;3198;900
2026-06-08T08:36:29.0000000Z;5.3515;5.362;900;900
2026-06-08T08:36:31.0000000Z;5.3515;5.3615;900;2474
2026-06-08T08:36:32.0000000Z;5.3515;5.362;900;900
2026-06-08T08:36:33.0000000Z;5.3515;5.3615;900;2474
2026-06-08T08:36:36.0000000Z;5.3515;5.362;900;900
2026-06-08T08:36:37.0000000Z;5.3515;5.362;900;900
2026-06-08T08:36:40.0000000Z;5.3515;5.3615;900;2474
2026-06-08T08:36:41.0000000Z;5.3515;5.362;900;900
2026-06-08T08:36:42.0000000Z;5.352;5.362;12998;900
2026-06-08T08:36:45.0000000Z;5.3515;5.362;900;900
2026-06-08T08:36:46.0000000Z;5.352;5.362;3198;900
2026-06-08T08:36:47.0000000Z;5.3515;5.362;900;900
2026-06-08T08:36:48.0000000Z;5.3515;5.362;900;900
2026-06-08T08:36:49.0000000Z;5.3515;5.362;900;900
2026-06-08T08:36:50.0000000Z;5.3515;5.362;900;900
2026-06-08T08:36:51.0000000Z;5.3515;5.362;900;900
2026-06-08T08:36:56.0000000Z;5.3515;5.362;900;900
2026-06-08T08:37:02.0000000Z;5.3515;5.362;900;900
2026-06-08T08:37:04.0000000Z;5.3515;5.362;900;900
2026-06-08T08:37:09.0000000Z;5.35;5.3635;900;900
2026-06-08T08:37:10.0000000Z;5.35;5.3585;900;1955
2026-06-08T08:37:11.0000000Z;5.3515;5.359;2245;900
2026-06-08T08:37:14.0000000Z;5.35;5.359;900;900
2026-06-08T08:37:18.0000000Z;5.3505;5.3585;2700;2224
2026-06-08T08:37:20.0000000Z;5.35;5.3595;900;900
2026-06-08T08:37:21.0000000Z;5.35;5.359;900;2073
2026-06-08T08:37:22.0000000Z;5.3515;5.3595;900;19059
2026-06-08T08:37:23.0000000Z;5.352;5.36;2585;900
2026-06-08T08:37:25.0000000Z;5.352;5.359;2716;2073
2026-06-08T08:37:26.0000000Z;5.3515;5.3605;900;900
2026-06-08T08:37:27.0000000Z;5.3515;5.359;900;2073
2026-06-08T08:37:28.0000000Z;5.352;5.36;2716;1943
2026-06-08T08:37:30.0000000Z;5.3515;5.361;900;12092
2026-06-08T08:37:31.0000000Z;5.3515;5.3605;900;10715
2026-06-08T08:37:38.0000000Z;5.3515;5.36;900;11195
2026-06-08T08:37:39.0000000Z;5.352;5.36;2716;11195
2026-06-08T08:37:40.0000000Z;5.3515;5.36;900;12095
2026-06-08T08:37:42.0000000Z;5.3515;5.3595;900;1868
2026-06-08T08:37:43.0000000Z;5.3515;5.36;900;12095
2026-06-08T08:37:49.0000000Z;5.352;5.36;2716;12095
2026-06-08T08:37:50.0000000Z;5.3515;5.36;900;12095
2026-06-08T08:37:51.0000000Z;5.3515;5.36;900;12095
2026-06-08T08:37:57.0000000Z;5.3515;5.36;900;15695
2026-06-08T08:38:01.0000000Z;5.3515;5.36;900;11195
2026-06-08T08:38:02.0000000Z;5.3515;5.36;900;11195
2026-06-08T08:38:03.0000000Z;5.354;5.36;1557;11195
2026-06-08T08:38:04.0000000Z;5.3515;5.36;900;11195
2026-06-08T08:38:05.0000000Z;5.3515;5.36;900;11195
2026-06-08T08:38:07.0000000Z;5.354;5.36;1557;11195
2026-06-08T08:38:08.0000000Z;5.3535;5.36;1814;11195
2026-06-08T08:38:09.0000000Z;5.3535;5.36;11614;11195
2026-06-08T08:38:11.0000000Z;5.3535;5.36;11614;11195
2026-06-08T08:38:13.0000000Z;5.3515;5.36;900;11195
2026-06-08T08:38:14.0000000Z;5.3515;5.36;900;11195
2026-06-08T08:38:15.0000000Z;5.3515;5.36;900;11195
2026-06-08T08:38:16.0000000Z;5.3515;5.36;900;11195
2026-06-08T08:38:18.0000000Z;5.3515;5.3595;900;2042
2026-06-08T08:38:19.0000000Z;5.352;5.3595;2468;2042
2026-06-08T08:38:20.0000000Z;5.3515;5.36;900;15695
2026-06-08T08:38:22.0000000Z;5.3515;5.36;900;12095
2026-06-08T08:38:24.0000000Z;5.3515;5.36;900;12095
2026-06-08T08:38:26.0000000Z;5.3515;5.36;900;12095
2026-06-08T08:38:28.0000000Z;5.3515;5.36;900;11195
2026-06-08T08:38:29.0000000Z;5.3515;5.36;900;11195
2026-06-08T08:38:31.0000000Z;5.3515;5.36;900;11195
2026-06-08T08:38:32.0000000Z;5.3515;5.36;900;11195
2026-06-08T08:38:37.0000000Z;5.3515;5.36;900;11195
2026-06-08T08:38:38.0000000Z;5.3515;5.36;900;15695
2026-06-08T08:38:39.0000000Z;5.3515;5.3595;900;2042
2026-06-08T08:38:40.0000000Z;5.3515;5.36;900;16595
2026-06-08T08:38:41.0000000Z;5.3515;5.359;900;1763
2026-06-08T08:38:42.0000000Z;5.3515;5.359;900;1763
2026-06-08T08:38:43.0000000Z;5.3515;5.3595;900;13500
2026-06-08T08:38:44.0000000Z;5.3515;5.3595;900;14400
2026-06-08T08:38:45.0000000Z;5.3515;5.3595;900;14400
2026-06-08T08:38:46.0000000Z;5.3515;5.3595;900;900
2026-06-08T08:38:47.0000000Z;5.3515;5.359;900;1763
2026-06-08T08:38:48.0000000Z;5.3515;5.36;900;12095
2026-06-08T08:38:49.0000000Z;5.3515;5.359;900;1641
2026-06-08T08:38:50.0000000Z;5.352;5.36;2468;11195
2026-06-08T08:38:51.0000000Z;5.3515;5.36;900;11195
2026-06-08T08:38:52.0000000Z;5.353;5.36;2014;11195
2026-06-08T08:38:53.0000000Z;5.3515;5.36;900;11195
2026-06-08T08:38:54.0000000Z;5.353;5.36;11814;11195
2026-06-08T08:38:59.0000000Z;5.3515;5.36;900;11195
2026-06-08T08:39:00.0000000Z;5.3515;5.36;900;11195
2026-06-08T08:39:01.0000000Z;5.354;5.36;1557;11195
2026-06-08T08:39:05.0000000Z;5.3515;5.36;900;11195
2026-06-08T08:39:06.0000000Z;5.3515;5.36;900;11195
2026-06-08T08:39:07.0000000Z;5.3515;5.36;900;11195
2026-06-08T08:39:11.0000000Z;5.3515;5.36;900;11195
2026-06-08T08:39:13.0000000Z;5.3515;5.36;900;11195
2026-06-08T08:39:16.0000000Z;5.3515;5.36;900;11195
2026-06-08T08:39:17.0000000Z;5.3515;5.36;900;11195
2026-06-08T08:39:21.0000000Z;5.353;5.36;2014;11195
2026-06-08T08:39:26.0000000Z;5.352;5.36;2468;11195
2026-06-08T08:39:27.0000000Z;5.352;5.36;2468;11195
2026-06-08T08:39:29.0000000Z;5.3515;5.36;900;11195
2026-06-08T08:39:30.0000000Z;5.3515;5.36;900;11195
2026-06-08T08:39:31.0000000Z;5.3515;5.36;900;11195
2026-06-08T08:39:33.0000000Z;5.3515;5.36;900;11195
2026-06-08T08:39:36.0000000Z;5.3515;5.36;900;11195
2026-06-08T08:39:37.0000000Z;5.3515;5.36;900;11195
2026-06-08T08:39:38.0000000Z;5.3515;5.36;900;11195
2026-06-08T08:39:43.0000000Z;5.352;5.36;2468;11195
2026-06-08T08:39:44.0000000Z;5.3515;5.36;900;11195
2026-06-08T08:39:45.0000000Z;5.3515;5.36;900;11195
2026-06-08T08:39:47.0000000Z;5.3515;5.36;900;11195
2026-06-08T08:39:48.0000000Z;5.3515;5.36;900;15695
2026-06-08T08:39:49.0000000Z;5.3515;5.3595;900;1892
2026-06-08T08:39:56.0000000Z;5.3515;5.3595;900;13500
2026-06-08T08:39:57.0000000Z;5.3515;5.3595;900;44392
2026-06-08T08:39:59.0000000Z;5.3515;5.3595;900;1892
2026-06-08T08:40:00.0000000Z;5.3515;5.36;900;11195
2026-06-08T08:40:01.0000000Z;5.352;5.36;2468;11195
2026-06-08T08:40:02.0000000Z;5.3515;5.36;900;11195
2026-06-08T08:40:03.0000000Z;5.3515;5.36;900;11195
2026-06-08T08:40:04.0000000Z;5.3515;5.36;900;11195
2026-06-08T08:40:05.0000000Z;5.3515;5.36;900;11195
2026-06-08T08:40:06.0000000Z;5.3515;5.36;900;11195
2026-06-08T08:40:07.0000000Z;5.3515;5.36;900;11195
2026-06-08T08:40:09.0000000Z;5.3515;5.3595;900;1892
2026-06-08T08:40:10.0000000Z;5.352;5.3595;2468;1892
2026-06-08T08:40:11.0000000Z;5.352;5.3595;2468;1892
2026-06-08T08:40:15.0000000Z;5.3515;5.36;900;15695
2026-06-08T08:40:18.0000000Z;5.3515;5.359;900;1763
2026-06-08T08:40:20.0000000Z;5.3515;5.36;900;11195
2026-06-08T08:40:21.0000000Z;5.3515;5.36;900;11195
2026-06-08T08:40:22.0000000Z;5.3515;5.359;900;1913
2026-06-08T08:40:23.0000000Z;5.3515;5.36;900;11195
2026-06-08T08:40:24.0000000Z;5.3515;5.3595;900;1892
2026-06-08T08:40:28.0000000Z;5.3515;5.36;900;11195
2026-06-08T08:40:29.0000000Z;5.3515;5.36;900;11195
2026-06-08T08:40:30.0000000Z;5.352;5.36;2468;11195
2026-06-08T08:40:31.0000000Z;5.352;5.36;12268;11195
2026-06-08T08:40:32.0000000Z;5.3515;5.36;900;11195
2026-06-08T08:40:33.0000000Z;5.353;5.36;2014;11195
2026-06-08T08:40:34.0000000Z;5.3515;5.36;900;11195
2026-06-08T08:40:35.0000000Z;5.3515;5.36;900;11195
2026-06-08T08:40:37.0000000Z;5.3515;5.36;900;11195
2026-06-08T08:40:38.0000000Z;5.352;5.36;2468;11195
2026-06-08T08:40:39.0000000Z;5.3515;5.36;900;11195
2026-06-08T08:40:40.0000000Z;5.353;5.36;2014;11195
2026-06-08T08:40:48.0000000Z;5.3515;5.36;900;11195
2026-06-08T08:40:49.0000000Z;5.3515;5.36;900;11195
2026-06-08T08:40:50.0000000Z;5.3515;5.36;900;12095
2026-06-08T08:40:52.0000000Z;5.3515;5.3595;900;5400
2026-06-08T08:40:53.0000000Z;5.3515;5.359;900;1763
2026-06-08T08:40:54.0000000Z;5.3515;5.359;900;1763
2026-06-08T08:40:59.0000000Z;5.3515;5.359;900;1763
2026-06-08T08:41:00.0000000Z;5.3495;5.358;900;900
2026-06-08T08:41:01.0000000Z;5.3495;5.359;900;12097
2026-06-08T08:41:02.0000000Z;5.352;5.3585;2468;2183
2026-06-08T08:41:03.0000000Z;5.3495;5.359;900;12097
2026-06-08T08:41:04.0000000Z;5.3515;5.358;1988;2054
2026-06-08T08:41:05.0000000Z;5.349;5.3585;900;5400
2026-06-08T08:41:06.0000000Z;5.349;5.358;900;2303
2026-06-08T08:41:07.0000000Z;5.35;5.3575;2377;1999
2026-06-08T08:41:08.0000000Z;5.3505;5.358;900;11199
2026-06-08T08:41:09.0000000Z;5.3505;5.358;900;11199
2026-06-08T08:41:14.0000000Z;5.3505;5.358;900;15699
2026-06-08T08:41:15.0000000Z;5.3505;5.358;900;11199
2026-06-08T08:41:16.0000000Z;5.3495;5.358;900;11199
2026-06-08T08:41:17.0000000Z;5.3495;5.358;900;11199
2026-06-08T08:41:18.0000000Z;5.3505;5.358;2216;11199
2026-06-08T08:41:20.0000000Z;5.3495;5.358;900;11199
2026-06-08T08:41:21.0000000Z;5.3505;5.358;12016;11199
2026-06-08T08:41:25.0000000Z;5.3505;5.358;12016;11199
2026-06-08T08:41:26.0000000Z;5.35;5.358;2443;11199
2026-06-08T08:41:27.0000000Z;5.3495;5.358;900;11199
2026-06-08T08:41:28.0000000Z;5.3495;5.358;900;11199
2026-06-08T08:41:29.0000000Z;5.3495;5.358;900;11199
2026-06-08T08:41:31.0000000Z;5.351;5.358;11788;11199
2026-06-08T08:41:32.0000000Z;5.3495;5.358;900;11199
2026-06-08T08:41:37.0000000Z;5.351;5.358;1988;11199
2026-06-08T08:41:40.0000000Z;5.3495;5.358;900;11199
2026-06-08T08:41:44.0000000Z;5.3495;5.358;900;11199
2026-06-08T08:41:45.0000000Z;5.3515;5.358;1793;11199
2026-06-08T08:41:51.0000000Z;5.351;5.358;1988;11199
2026-06-08T08:41:55.0000000Z;5.3495;5.358;900;11199
2026-06-08T08:41:56.0000000Z;5.3525;5.358;1877;11199
2026-06-08T08:41:57.0000000Z;5.352;5.358;900;11199
2026-06-08T08:41:58.0000000Z;5.352;5.358;900;11199
2026-06-08T08:42:00.0000000Z;5.352;5.3625;900;11189
2026-06-08T08:42:01.0000000Z;5.3545;5.358;1988;42500
2026-06-08T08:42:02.0000000Z;5.352;5.358;900;42500
2026-06-08T08:42:03.0000000Z;5.352;5.3625;900;11189
2026-06-08T08:42:05.0000000Z;5.352;5.3625;900;11189
2026-06-08T08:42:06.0000000Z;5.352;5.362;900;13500
2026-06-08T08:42:07.0000000Z;5.352;5.362;900;900
2026-06-08T08:42:08.0000000Z;5.3525;5.3625;12638;12089
2026-06-08T08:42:09.0000000Z;5.352;5.3625;900;12089
2026-06-08T08:42:11.0000000Z;5.352;5.3625;900;12089
2026-06-08T08:42:12.0000000Z;5.352;5.3615;900;2307
2026-06-08T08:42:13.0000000Z;5.352;5.362;900;5400
2026-06-08T08:42:14.0000000Z;5.352;5.3615;900;11191
2026-06-08T08:42:15.0000000Z;5.352;5.361;900;2082
2026-06-08T08:42:16.0000000Z;5.352;5.3615;900;11191
2026-06-08T08:42:17.0000000Z;5.352;5.3615;900;11191
2026-06-08T08:42:18.0000000Z;5.352;5.3615;900;11191
2026-06-08T08:42:21.0000000Z;5.352;5.3615;900;11191
2026-06-08T08:42:22.0000000Z;5.352;5.3615;900;11191
2026-06-08T08:42:23.0000000Z;5.352;5.3615;900;11191
2026-06-08T08:42:29.0000000Z;5.352;5.3615;900;11191
2026-06-08T08:42:33.0000000Z;5.352;5.3615;900;11191
2026-06-08T08:42:34.0000000Z;5.3535;5.3615;2313;11191
2026-06-08T08:42:36.0000000Z;5.3535;5.361;2313;2082
2026-06-08T08:42:37.0000000Z;5.352;5.3615;900;11191
2026-06-08T08:42:38.0000000Z;5.352;5.3615;900;11191
2026-06-08T08:42:39.0000000Z;5.352;5.361;900;2082
2026-06-08T08:42:42.0000000Z;5.3535;5.361;2313;2082
2026-06-08T08:42:47.0000000Z;5.353;5.361;2540;2082
2026-06-08T08:42:51.0000000Z;5.352;5.3615;900;11191
2026-06-08T08:42:52.0000000Z;5.352;5.3615;900;11191
2026-06-08T08:42:55.0000000Z;5.352;5.3615;900;15691
2026-06-08T08:42:56.0000000Z;5.3525;5.3615;12546;15691
2026-06-08T08:43:00.0000000Z;5.3545;5.3615;1890;11191
2026-06-08T08:43:01.0000000Z;5.352;5.3615;900;11191
2026-06-08T08:43:04.0000000Z;5.352;5.3615;900;11191
2026-06-08T08:43:05.0000000Z;5.3545;5.3615;11690;11191
2026-06-08T08:43:06.0000000Z;5.352;5.3615;900;11191
2026-06-08T08:43:07.0000000Z;5.352;5.3615;900;11191
2026-06-08T08:43:08.0000000Z;5.352;5.3615;900;15691
2026-06-08T08:43:09.0000000Z;5.352;5.3605;900;1952
2026-06-08T08:43:10.0000000Z;5.3515;5.361;900;13500
2026-06-08T08:43:11.0000000Z;5.3525;5.361;2702;2157
2026-06-08T08:43:12.0000000Z;5.354;5.361;11810;44657
2026-06-08T08:43:13.0000000Z;5.355;5.361;900;12536
2026-06-08T08:43:14.0000000Z;5.355;5.3635;900;900
2026-06-08T08:43:15.0000000Z;5.355;5.3615;900;950
2026-06-08T08:43:19.0000000Z;5.355;5.3635;900;900
2026-06-08T08:43:20.0000000Z;5.355;5.3635;900;900
2026-06-08T08:43:21.0000000Z;5.355;5.3635;900;900
2026-06-08T08:43:24.0000000Z;5.355;5.3635;900;895
2026-06-08T08:43:25.0000000Z;5.355;5.3635;900;900
2026-06-08T08:43:26.0000000Z;5.3555;5.363;2813;1681
2026-06-08T08:43:28.0000000Z;5.355;5.363;900;1681
2026-06-08T08:43:29.0000000Z;5.355;5.363;900;1681
2026-06-08T08:43:30.0000000Z;5.355;5.364;900;900
2026-06-08T08:43:31.0000000Z;5.355;5.364;900;900
2026-06-08T08:43:32.0000000Z;5.355;5.364;900;900
2026-06-08T08:43:35.0000000Z;5.355;5.3645;900;11185
2026-06-08T08:43:36.0000000Z;5.357;5.364;2337;20430
2026-06-08T08:43:39.0000000Z;5.357;5.3635;2337;44341
2026-06-08T08:43:40.0000000Z;5.357;5.3635;2698;1841
2026-06-08T08:43:41.0000000Z;5.3565;5.3645;900;900
2026-06-08T08:43:42.0000000Z;5.3565;5.364;900;1557
2026-06-08T08:43:43.0000000Z;5.357;5.364;2698;1701
2026-06-08T08:43:44.0000000Z;5.3565;5.3645;900;900
2026-06-08T08:43:45.0000000Z;5.3565;5.362;900;900
2026-06-08T08:43:46.0000000Z;5.3565;5.362;900;900
2026-06-08T08:43:48.0000000Z;5.354;5.3625;900;900
2026-06-08T08:43:49.0000000Z;5.3565;5.3615;900;1593
2026-06-08T08:43:50.0000000Z;5.3545;5.362;2635;1712
2026-06-08T08:43:55.0000000Z;5.3545;5.362;2635;1712
2026-06-08T08:43:56.0000000Z;5.3525;5.3625;900;900
2026-06-08T08:43:57.0000000Z;5.3525;5.3625;900;900
2026-06-08T08:43:58.0000000Z;5.354;5.3625;2474;900
2026-06-08T08:44:00.0000000Z;5.354;5.3625;900;900
2026-06-08T08:44:01.0000000Z;5.354;5.362;900;900
2026-06-08T08:44:02.0000000Z;5.354;5.362;900;900
2026-06-08T08:44:03.0000000Z;5.354;5.362;900;900
2026-06-08T08:44:04.0000000Z;5.354;5.362;900;900
2026-06-08T08:44:05.0000000Z;5.3545;5.362;2700;900
2026-06-08T08:44:06.0000000Z;5.354;5.362;900;900
2026-06-08T08:44:09.0000000Z;5.354;5.362;900;900
2026-06-08T08:44:10.0000000Z;5.354;5.362;900;900
2026-06-08T08:44:11.0000000Z;5.354;5.362;900;900
2026-06-08T08:44:12.0000000Z;5.354;5.362;900;900
2026-06-08T08:44:13.0000000Z;5.3585;5.362;900;900
2026-06-08T08:44:14.0000000Z;5.3585;5.362;900;900
2026-06-08T08:44:15.0000000Z;5.3585;5.362;900;900
2026-06-08T08:44:16.0000000Z;5.3585;5.362;900;900
2026-06-08T08:44:18.0000000Z;5.3585;5.362;900;900
2026-06-08T08:44:19.0000000Z;5.3585;5.3625;900;900
2026-06-08T08:44:20.0000000Z;5.3585;5.3625;900;900
2026-06-08T08:44:21.0000000Z;5.3585;5.363;900;11188
2026-06-08T08:44:22.0000000Z;5.3585;5.363;900;15688
2026-06-08T08:44:23.0000000Z;5.359;5.363;900;15688
2026-06-08T08:44:24.0000000Z;5.3595;5.3625;1461;721
2026-06-08T08:44:25.0000000Z;5.359;5.3625;900;43221
2026-06-08T08:44:26.0000000Z;5.359;5.3625;42500;13500
2026-06-08T08:44:29.0000000Z;5.3595;5.362;1238;737
2026-06-08T08:44:30.0000000Z;5.359;5.3625;900;900
2026-06-08T08:44:31.0000000Z;5.359;5.3625;900;900
2026-06-08T08:44:33.0000000Z;5.359;5.3625;900;900
2026-06-08T08:44:34.0000000Z;5.359;5.3625;900;900
2026-06-08T08:44:35.0000000Z;5.358;5.362;5620;668
2026-06-08T08:44:36.0000000Z;5.359;5.3625;900;900
2026-06-08T08:44:37.0000000Z;5.3585;5.3625;900;900
2026-06-08T08:44:38.0000000Z;5.3585;5.3625;900;900
2026-06-08T08:44:39.0000000Z;5.3585;5.3625;900;900
2026-06-08T08:44:40.0000000Z;5.3585;5.3625;900;900
2026-06-08T08:44:42.0000000Z;5.3585;5.3625;900;900
2026-06-08T08:44:43.0000000Z;5.3585;5.3625;900;900
2026-06-08T08:44:44.0000000Z;5.3585;5.3615;900;900
2026-06-08T08:44:47.0000000Z;5.358;5.3615;6520;900
2026-06-08T08:44:48.0000000Z;5.358;5.3615;6520;900
2026-06-08T08:44:49.0000000Z;5.3585;5.3615;44124;900
2026-06-08T08:44:50.0000000Z;5.3585;5.3615;900;900
2026-06-08T08:44:51.0000000Z;5.3585;5.3615;900;900
2026-06-08T08:44:52.0000000Z;5.3585;5.3615;900;43168
2026-06-08T08:44:53.0000000Z;5.3585;5.3615;44124;43168
2026-06-08T08:44:54.0000000Z;5.3585;5.3615;900;12366
2026-06-08T08:44:55.0000000Z;5.359;5.3615;1350;42500
2026-06-08T08:44:56.0000000Z;5.3585;5.3615;900;900
2026-06-08T08:44:57.0000000Z;5.3585;5.3615;900;900
2026-06-08T08:44:58.0000000Z;5.3585;5.3615;900;900
2026-06-08T08:44:59.0000000Z;5.3585;5.3615;900;900
2026-06-08T08:45:00.0000000Z;5.358;5.3615;6520;900
2026-06-08T08:45:01.0000000Z;5.358;5.3615;5620;900
2026-06-08T08:45:02.0000000Z;5.358;5.3605;4420;900
2026-06-08T08:45:03.0000000Z;5.358;5.3605;42500;42500
2026-06-08T08:45:04.0000000Z;5.3585;5.3605;1238;42500
2026-06-08T08:45:05.0000000Z;5.358;5.361;4420;12092
2026-06-08T08:45:06.0000000Z;5.358;5.3605;5320;42500
2026-06-08T08:45:07.0000000Z;5.3585;5.361;900;11192
2026-06-08T08:45:08.0000000Z;5.3585;5.361;43738;11192
2026-06-08T08:45:09.0000000Z;5.3585;5.361;900;11192
2026-06-08T08:45:11.0000000Z;5.3585;5.3645;900;900
2026-06-08T08:45:12.0000000Z;5.358;5.3645;4420;900
2026-06-08T08:45:13.0000000Z;5.3585;5.3615;900;42500
2026-06-08T08:45:14.0000000Z;5.3585;5.3615;900;42500
2026-06-08T08:45:15.0000000Z;5.3585;5.362;900;9325
2026-06-08T08:45:16.0000000Z;5.359;5.3645;900;900
2026-06-08T08:45:17.0000000Z;5.3595;5.362;1992;9325
2026-06-08T08:45:18.0000000Z;5.3585;5.3645;900;900
2026-06-08T08:45:19.0000000Z;5.358;5.3645;5320;900
2026-06-08T08:45:20.0000000Z;5.3585;5.3645;900;900
2026-06-08T08:45:21.0000000Z;5.358;5.3645;5320;900
2026-06-08T08:45:22.0000000Z;5.358;5.3645;5320;900
2026-06-08T08:45:23.0000000Z;5.358;5.3645;5320;900
2026-06-08T08:45:25.0000000Z;5.358;5.3645;4420;900
2026-06-08T08:45:26.0000000Z;5.358;5.3645;4420;900
2026-06-08T08:45:29.0000000Z;5.358;5.3645;4420;900
2026-06-08T08:45:30.0000000Z;5.358;5.3645;4420;900
2026-06-08T08:45:31.0000000Z;5.3585;5.364;2398;1704
2026-06-08T08:45:32.0000000Z;5.358;5.3635;42500;900
2026-06-08T08:45:33.0000000Z;5.358;5.3635;1522;900
2026-06-08T08:45:34.0000000Z;5.358;5.3635;1522;900
2026-06-08T08:45:35.0000000Z;5.3535;5.3635;900;900
2026-06-08T08:45:38.0000000Z;5.354;5.363;3013;2244
2026-06-08T08:45:41.0000000Z;5.354;5.363;3013;2244
2026-06-08T08:45:49.0000000Z;5.3535;5.3635;900;900
2026-06-08T08:45:50.0000000Z;5.3535;5.3635;900;900
2026-06-08T08:45:51.0000000Z;5.3535;5.3635;900;900
2026-06-08T08:45:59.0000000Z;5.3535;5.363;900;2244
2026-06-08T08:46:03.0000000Z;5.3535;5.363;900;2244
2026-06-08T08:46:04.0000000Z;5.3535;5.3635;900;900
2026-06-08T08:46:07.0000000Z;5.3535;5.363;900;2244
2026-06-08T08:46:09.0000000Z;5.3535;5.3635;900;900
2026-06-08T08:46:10.0000000Z;5.3535;5.363;900;2244
2026-06-08T08:46:13.0000000Z;5.3535;5.3635;900;900
2026-06-08T08:46:14.0000000Z;5.3535;5.3635;900;900
2026-06-08T08:46:16.0000000Z;5.3535;5.363;900;2244
2026-06-08T08:46:17.0000000Z;5.3535;5.3635;900;900
2026-06-08T08:46:19.0000000Z;5.3535;5.3635;900;900
2026-06-08T08:46:29.0000000Z;5.3535;5.3635;900;900
2026-06-08T08:46:34.0000000Z;5.3495;5.36;900;900
2026-06-08T08:46:36.0000000Z;5.3535;5.3595;1387;2441
2026-06-08T08:46:39.0000000Z;5.35;5.3595;3109;2441
2026-06-08T08:46:40.0000000Z;5.351;5.36;900;900
2026-06-08T08:46:41.0000000Z;5.3515;5.3595;2755;2501
2026-06-08T08:46:42.0000000Z;5.349;5.36;900;900
2026-06-08T08:46:43.0000000Z;5.349;5.36;900;900
2026-06-08T08:46:44.0000000Z;5.349;5.36;900;900
2026-06-08T08:46:45.0000000Z;5.349;5.36;900;900
2026-06-08T08:46:46.0000000Z;5.3495;5.36;3258;900
2026-06-08T08:46:48.0000000Z;5.349;5.36;900;900
2026-06-08T08:46:53.0000000Z;5.349;5.36;900;900
2026-06-08T08:46:55.0000000Z;5.3495;5.36;3420;900
2026-06-08T08:46:56.0000000Z;5.349;5.36;900;900
2026-06-08T08:46:57.0000000Z;5.349;5.36;900;900
2026-06-08T08:46:59.0000000Z;5.349;5.36;900;900
2026-06-08T08:47:00.0000000Z;5.349;5.36;900;900
2026-06-08T08:47:01.0000000Z;5.349;5.36;900;900
2026-06-08T08:47:02.0000000Z;5.349;5.36;900;900
2026-06-08T08:47:03.0000000Z;5.349;5.36;900;900
2026-06-08T08:47:05.0000000Z;5.349;5.36;900;900
2026-06-08T08:47:08.0000000Z;5.348;5.361;11220;11192
2026-06-08T08:47:09.0000000Z;5.3485;5.3555;900;900
2026-06-08T08:47:10.0000000Z;5.344;5.356;467;2793
2026-06-08T08:47:11.0000000Z;5.344;5.3565;467;11202
2026-06-08T08:47:12.0000000Z;5.345;5.3555;900;900
2026-06-08T08:47:13.0000000Z;5.345;5.3555;900;700
2026-06-08T08:47:15.0000000Z;5.345;5.356;900;8465
2026-06-08T08:47:16.0000000Z;5.347;5.3555;900;11204
2026-06-08T08:47:17.0000000Z;5.347;5.355;900;2237
2026-06-08T08:47:18.0000000Z;5.347;5.355;900;900
2026-06-08T08:47:19.0000000Z;5.347;5.355;900;900
2026-06-08T08:47:21.0000000Z;5.347;5.355;900;900
2026-06-08T08:47:23.0000000Z;5.347;5.356;900;11825
2026-06-08T08:47:24.0000000Z;5.347;5.3575;900;700
2026-06-08T08:47:25.0000000Z;5.349;5.3555;2969;1115
2026-06-08T08:47:27.0000000Z;5.349;5.3555;2969;1115
2026-06-08T08:47:28.0000000Z;5.3485;5.3585;900;900
2026-06-08T08:47:29.0000000Z;5.349;5.358;45609;2020
2026-06-08T08:47:30.0000000Z;5.349;5.3585;900;900
2026-06-08T08:47:31.0000000Z;5.349;5.3585;900;900
2026-06-08T08:47:32.0000000Z;5.349;5.358;900;2095
2026-06-08T08:47:36.0000000Z;5.349;5.3585;900;900
2026-06-08T08:47:37.0000000Z;5.3495;5.358;3036;2095
2026-06-08T08:47:38.0000000Z;5.346;5.3585;3386;14582
2026-06-08T08:47:39.0000000Z;5.346;5.3585;3386;14582
2026-06-08T08:47:40.0000000Z;5.3455;5.358;11225;11199
2026-06-08T08:47:41.0000000Z;5.349;5.3565;2552;2205
2026-06-08T08:47:42.0000000Z;5.3465;5.358;900;11199
2026-06-08T08:47:43.0000000Z;5.3465;5.357;900;900
2026-06-08T08:47:44.0000000Z;5.3465;5.357;900;900
2026-06-08T08:47:45.0000000Z;5.3465;5.358;900;11199
2026-06-08T08:47:46.0000000Z;5.3465;5.357;900;900
2026-06-08T08:47:47.0000000Z;5.3465;5.357;900;900
2026-06-08T08:47:48.0000000Z;5.3465;5.357;900;900
2026-06-08T08:47:50.0000000Z;5.3465;5.357;900;900
2026-06-08T08:47:58.0000000Z;5.3465;5.357;900;900
2026-06-08T08:48:00.0000000Z;5.3465;5.357;900;900
2026-06-08T08:48:01.0000000Z;5.3465;5.357;900;844
2026-06-08T08:48:04.0000000Z;5.3465;5.357;900;900
2026-06-08T08:48:05.0000000Z;5.3465;5.357;900;900
2026-06-08T08:48:07.0000000Z;5.3465;5.358;900;11199
2026-06-08T08:48:08.0000000Z;5.3465;5.3565;900;2356
2026-06-08T08:48:09.0000000Z;5.3465;5.357;900;895
2026-06-08T08:48:12.0000000Z;5.3465;5.357;900;900
2026-06-08T08:48:14.0000000Z;5.3465;5.357;900;900
2026-06-08T08:48:15.0000000Z;5.347;5.357;13102;900
2026-06-08T08:48:16.0000000Z;5.3465;5.357;900;900
2026-06-08T08:48:17.0000000Z;5.3465;5.357;900;900
2026-06-08T08:48:18.0000000Z;5.3495;5.3575;2617;900
2026-06-08T08:48:19.0000000Z;5.349;5.3575;900;900
2026-06-08T08:48:21.0000000Z;5.3535;5.3575;900;900
2026-06-08T08:48:23.0000000Z;5.353;5.357;900;900
2026-06-08T08:48:24.0000000Z;5.3535;5.357;900;900
2026-06-08T08:48:26.0000000Z;5.3535;5.357;42500;900
2026-06-08T08:48:27.0000000Z;5.3535;5.358;900;11199
2026-06-08T08:48:28.0000000Z;5.3535;5.3585;900;11140
2026-06-08T08:48:29.0000000Z;5.3535;5.3585;900;900
2026-06-08T08:48:30.0000000Z;5.3525;5.362;184;11190
2026-06-08T08:48:31.0000000Z;5.3535;5.3605;900;900
2026-06-08T08:48:32.0000000Z;5.3535;5.3605;900;900
2026-06-08T08:48:33.0000000Z;5.3535;5.3605;900;900
2026-06-08T08:48:34.0000000Z;5.3535;5.3605;900;900
2026-06-08T08:48:35.0000000Z;5.3535;5.3605;900;900
2026-06-08T08:48:36.0000000Z;5.3535;5.3605;900;900
2026-06-08T08:48:38.0000000Z;5.354;5.36;2440;1887
2026-06-08T08:48:39.0000000Z;5.3535;5.36;900;1887
2026-06-08T08:48:40.0000000Z;5.3535;5.3605;900;1574
2026-06-08T08:48:41.0000000Z;5.3535;5.361;900;900
2026-06-08T08:48:44.0000000Z;5.3535;5.3605;900;1686
2026-06-08T08:48:47.0000000Z;5.354;5.3605;2440;1686
2026-06-08T08:48:48.0000000Z;5.354;5.361;2440;900
2026-06-08T08:48:49.0000000Z;5.3535;5.361;900;900
2026-06-08T08:48:54.0000000Z;5.3535;5.3615;900;900
2026-06-08T08:48:56.0000000Z;5.3535;5.361;900;1607
2026-06-08T08:48:58.0000000Z;5.3535;5.3615;900;900
2026-06-08T08:49:00.0000000Z;5.3535;5.363;900;900
2026-06-08T08:49:01.0000000Z;5.3535;5.363;900;900
2026-06-08T08:49:02.0000000Z;5.3535;5.3615;900;1403
2026-06-08T08:49:04.0000000Z;5.3535;5.363;900;900
2026-06-08T08:49:07.0000000Z;5.3535;5.363;900;900
2026-06-08T08:49:08.0000000Z;5.3535;5.363;900;900
2026-06-08T08:49:09.0000000Z;5.3535;5.363;900;900
2026-06-08T08:49:10.0000000Z;5.3535;5.3625;900;1906
2026-06-08T08:49:11.0000000Z;5.3535;5.363;900;900
2026-06-08T08:49:12.0000000Z;5.3535;5.365;900;900
2026-06-08T08:49:14.0000000Z;5.3535;5.3635;900;900
2026-06-08T08:49:15.0000000Z;5.3535;5.363;900;2120
2026-06-08T08:49:16.0000000Z;5.3525;5.363;651;2358
2026-06-08T08:49:17.0000000Z;5.3535;5.364;900;900
2026-06-08T08:49:18.0000000Z;5.3535;5.363;900;2358
2026-06-08T08:49:21.0000000Z;5.3535;5.364;900;900
2026-06-08T08:49:23.0000000Z;5.3535;5.3635;900;2225
2026-06-08T08:49:29.0000000Z;5.3535;5.3625;900;900
2026-06-08T08:49:30.0000000Z;5.3535;5.364;900;900
2026-06-08T08:49:31.0000000Z;5.3535;5.3635;900;2225
2026-06-08T08:49:34.0000000Z;5.3535;5.3635;900;2225
2026-06-08T08:49:39.0000000Z;5.3535;5.3625;900;1943
2026-06-08T08:49:40.0000000Z;5.354;5.3625;3489;1943
2026-06-08T08:49:41.0000000Z;5.3535;5.363;900;900
2026-06-08T08:49:42.0000000Z;5.354;5.363;3489;900
2026-06-08T08:49:44.0000000Z;5.3535;5.3625;900;2229
2026-06-08T08:49:45.0000000Z;5.3535;5.363;900;900
2026-06-08T08:49:46.0000000Z;5.3535;5.363;900;900
2026-06-08T08:49:50.0000000Z;5.3535;5.3605;900;900
2026-06-08T08:49:51.0000000Z;5.3535;5.36;900;1637
2026-06-08T08:49:54.0000000Z;5.3535;5.36;900;1637
2026-06-08T08:49:55.0000000Z;5.3535;5.3605;900;900
2026-06-08T08:49:57.0000000Z;5.354;5.36;579;2433
2026-06-08T08:49:58.0000000Z;5.353;5.3605;900;900
2026-06-08T08:49:59.0000000Z;5.3535;5.3605;2164;900
2026-06-08T08:50:00.0000000Z;5.3535;5.3605;2164;900
2026-06-08T08:50:01.0000000Z;5.354;5.36;2155;2433
2026-06-08T08:50:02.0000000Z;5.354;5.36;2155;2433
2026-06-08T08:50:05.0000000Z;5.3535;5.3605;900;900
2026-06-08T08:50:07.0000000Z;5.354;5.3605;2155;900
2026-06-08T08:50:08.0000000Z;5.3535;5.3605;900;900
2026-06-08T08:50:09.0000000Z;5.354;5.3605;2155;900
2026-06-08T08:50:10.0000000Z;5.3535;5.36;42500;2433
2026-06-08T08:50:11.0000000Z;5.354;5.36;1310;2433
2026-06-08T08:50:12.0000000Z;5.3525;5.3595;1084;900
2026-06-08T08:50:13.0000000Z;5.3535;5.3595;2044;900
2026-06-08T08:50:14.0000000Z;5.3525;5.3595;184;900
2026-06-08T08:50:15.0000000Z;5.3525;5.3595;184;900
2026-06-08T08:50:16.0000000Z;5.3525;5.3595;184;900
2026-06-08T08:50:17.0000000Z;5.3535;5.3595;2044;900
2026-06-08T08:50:18.0000000Z;5.3525;5.3595;1084;900
2026-06-08T08:50:19.0000000Z;5.353;5.3595;2273;900
2026-06-08T08:50:21.0000000Z;5.353;5.3595;2273;900
2026-06-08T08:50:23.0000000Z;5.3525;5.3595;1084;900
2026-06-08T08:50:24.0000000Z;5.353;5.3595;900;900
2026-06-08T08:50:28.0000000Z;5.3525;5.3595;1084;900
2026-06-08T08:50:29.0000000Z;5.3535;5.3595;2124;900
2026-06-08T08:50:30.0000000Z;5.3535;5.3595;1965;900
2026-06-08T08:50:31.0000000Z;5.353;5.359;900;2215
2026-06-08T08:50:32.0000000Z;5.349;5.359;900;2353
2026-06-08T08:50:33.0000000Z;5.3535;5.3595;579;900
2026-06-08T08:50:34.0000000Z;5.349;5.3595;900;900
2026-06-08T08:50:35.0000000Z;5.349;5.3605;900;11193
2026-06-08T08:50:36.0000000Z;5.349;5.3595;900;900
2026-06-08T08:50:37.0000000Z;5.353;5.3595;1693;900
2026-06-08T08:50:38.0000000Z;5.349;5.3595;900;900
2026-06-08T08:50:39.0000000Z;5.3495;5.3595;3160;900
2026-06-08T08:50:40.0000000Z;5.349;5.3595;900;900
2026-06-08T08:50:42.0000000Z;5.349;5.3595;900;900
2026-06-08T08:50:46.0000000Z;5.3495;5.3595;13100;900
2026-06-08T08:50:47.0000000Z;5.349;5.3595;900;900
2026-06-08T08:50:48.0000000Z;5.349;5.3595;900;900
2026-06-08T08:50:49.0000000Z;5.349;5.3595;900;900
2026-06-08T08:50:50.0000000Z;5.349;5.3595;900;900
2026-06-08T08:50:51.0000000Z;5.3495;5.3595;3300;900
2026-06-08T08:50:52.0000000Z;5.3495;5.3595;3300;900
2026-06-08T08:50:54.0000000Z;5.349;5.359;900;2353
2026-06-08T08:50:55.0000000Z;5.348;5.3605;36275;14579
2026-06-08T08:50:56.0000000Z;5.3495;5.359;900;900
2026-06-08T08:50:57.0000000Z;5.3495;5.3585;900;2185
2026-06-08T08:50:58.0000000Z;5.35;5.3585;2868;2248
2026-06-08T08:50:59.0000000Z;5.348;5.359;11220;900
2026-06-08T08:51:00.0000000Z;5.348;5.3595;11220;900
2026-06-08T08:51:01.0000000Z;5.3485;5.3585;3459;2248
2026-06-08T08:51:02.0000000Z;5.349;5.3595;900;900
2026-06-08T08:51:03.0000000Z;5.349;5.358;900;900
2026-06-08T08:51:04.0000000Z;5.349;5.358;900;900
2026-06-08T08:51:05.0000000Z;5.349;5.358;900;900
2026-06-08T08:51:06.0000000Z;5.3495;5.358;3115;900
2026-06-08T08:51:07.0000000Z;5.345;5.3565;900;42500
2026-06-08T08:51:08.0000000Z;5.345;5.3555;900;900
2026-06-08T08:51:09.0000000Z;5.348;5.355;1997;2207
2026-06-08T08:51:10.0000000Z;5.345;5.354;900;900
2026-06-08T08:51:11.0000000Z;5.345;5.354;900;900
2026-06-08T08:51:12.0000000Z;5.344;5.354;900;900
2026-06-08T08:51:13.0000000Z;5.344;5.3525;900;900
2026-06-08T08:51:14.0000000Z;5.344;5.3525;900;900
2026-06-08T08:51:15.0000000Z;5.344;5.3525;900;900
2026-06-08T08:51:16.0000000Z;5.344;5.3535;900;900
2026-06-08T08:51:17.0000000Z;5.344;5.3535;900;900
2026-06-08T08:51:18.0000000Z;5.3445;5.3525;3012;1744
2026-06-08T08:51:19.0000000Z;5.344;5.3535;900;11206
2026-06-08T08:51:20.0000000Z;5.344;5.3525;900;1830
2026-06-08T08:51:21.0000000Z;5.344;5.3525;900;900
2026-06-08T08:51:22.0000000Z;5.344;5.352;900;1720
2026-06-08T08:51:23.0000000Z;5.344;5.353;900;900
2026-06-08T08:51:25.0000000Z;5.344;5.3525;900;1874
2026-06-08T08:51:27.0000000Z;5.344;5.353;900;900
2026-06-08T08:51:28.0000000Z;5.344;5.353;900;900
2026-06-08T08:51:29.0000000Z;5.344;5.353;900;900
2026-06-08T08:51:30.0000000Z;5.344;5.353;900;900
2026-06-08T08:51:31.0000000Z;5.344;5.3535;900;900
2026-06-08T08:51:32.0000000Z;5.344;5.3535;900;900
2026-06-08T08:51:33.0000000Z;5.344;5.3535;900;900
2026-06-08T08:51:34.0000000Z;5.344;5.3535;900;900
2026-06-08T08:51:35.0000000Z;5.344;5.353;900;2034
2026-06-08T08:51:36.0000000Z;5.344;5.353;900;900
2026-06-08T08:51:37.0000000Z;5.345;5.3525;2668;2100
2026-06-08T08:51:38.0000000Z;5.3445;5.354;900;11207
2026-06-08T08:51:39.0000000Z;5.3445;5.3535;900;900
2026-06-08T08:51:41.0000000Z;5.3445;5.353;900;1850
2026-06-08T08:51:42.0000000Z;5.345;5.353;2821;1850
2026-06-08T08:51:43.0000000Z;5.3445;5.353;900;1850
2026-06-08T08:51:44.0000000Z;5.3445;5.353;900;900
2026-06-08T08:51:45.0000000Z;5.3445;5.3525;900;1665
2026-06-08T08:51:46.0000000Z;5.3445;5.353;900;900
2026-06-08T08:51:50.0000000Z;5.3445;5.3525;900;1665
2026-06-08T08:51:51.0000000Z;5.3445;5.353;900;900
2026-06-08T08:51:52.0000000Z;5.3445;5.353;900;900
2026-06-08T08:51:53.0000000Z;5.3445;5.353;900;900
2026-06-08T08:51:59.0000000Z;5.3445;5.353;900;900
2026-06-08T08:52:01.0000000Z;5.3445;5.3525;900;1840
2026-06-08T08:52:02.0000000Z;5.3445;5.353;900;900
2026-06-08T08:52:03.0000000Z;5.345;5.353;2821;900
2026-06-08T08:52:05.0000000Z;5.3445;5.353;900;900
2026-06-08T08:52:07.0000000Z;5.3445;5.353;900;900
2026-06-08T08:52:09.0000000Z;5.3445;5.353;900;900
2026-06-08T08:52:12.0000000Z;5.3445;5.353;900;900
2026-06-08T08:52:13.0000000Z;5.3445;5.353;900;900
2026-06-08T08:52:15.0000000Z;5.3445;5.3535;900;900
2026-06-08T08:52:17.0000000Z;5.3445;5.353;900;1850
2026-06-08T08:52:18.0000000Z;5.3445;5.354;900;12107
2026-06-08T08:52:19.0000000Z;5.3445;5.354;900;12107
2026-06-08T08:52:20.0000000Z;5.3445;5.354;900;11207
2026-06-08T08:52:21.0000000Z;5.3445;5.354;900;11207
2026-06-08T08:52:23.0000000Z;5.3445;5.354;900;15707
2026-06-08T08:52:24.0000000Z;5.346;5.357;900;900
2026-06-08T08:52:25.0000000Z;5.346;5.354;900;1076
2026-06-08T08:52:28.0000000Z;5.346;5.357;900;900
2026-06-08T08:52:29.0000000Z;5.346;5.357;900;900
2026-06-08T08:52:31.0000000Z;5.3465;5.3565;3452;2335
2026-06-08T08:52:32.0000000Z;5.346;5.357;900;900
2026-06-08T08:52:35.0000000Z;5.346;5.3565;900;2335
2026-06-08T08:52:38.0000000Z;5.346;5.357;900;900
2026-06-08T08:52:39.0000000Z;5.346;5.3565;900;2335
2026-06-08T08:52:40.0000000Z;5.346;5.358;11226;11199
2026-06-08T08:52:41.0000000Z;5.346;5.3575;11224;8465
2026-06-08T08:52:42.0000000Z;5.3475;5.356;2898;2097
2026-06-08T08:52:44.0000000Z;5.347;5.3565;900;900
2026-06-08T08:52:47.0000000Z;5.347;5.357;900;900
2026-06-08T08:52:48.0000000Z;5.3475;5.356;3158;2097
2026-06-08T08:52:49.0000000Z;5.347;5.357;900;900
2026-06-08T08:52:50.0000000Z;5.347;5.3565;900;2076
2026-06-08T08:52:53.0000000Z;5.347;5.3565;900;2076
2026-06-08T08:52:57.0000000Z;5.346;5.357;11224;900
2026-06-08T08:52:58.0000000Z;5.347;5.357;900;900
2026-06-08T08:52:59.0000000Z;5.347;5.357;900;900
2026-06-08T08:53:01.0000000Z;5.347;5.357;900;900
2026-06-08T08:53:02.0000000Z;5.347;5.357;900;900
2026-06-08T08:53:05.0000000Z;5.347;5.3565;900;2076
2026-06-08T08:53:07.0000000Z;5.3485;5.357;900;900
2026-06-08T08:53:08.0000000Z;5.3485;5.357;900;900
2026-06-08T08:53:12.0000000Z;5.349;5.3565;2797;2076
2026-06-08T08:53:13.0000000Z;5.3485;5.357;900;900
2026-06-08T08:53:15.0000000Z;5.3485;5.357;900;900
2026-06-08T08:53:16.0000000Z;5.3475;5.357;11221;900
2026-06-08T08:53:17.0000000Z;5.3485;5.357;900;900
2026-06-08T08:53:20.0000000Z;5.3485;5.357;900;900
2026-06-08T08:53:21.0000000Z;5.3485;5.357;900;900
2026-06-08T08:53:22.0000000Z;5.3485;5.357;900;900
2026-06-08T08:53:23.0000000Z;5.349;5.357;2797;900
2026-06-08T08:53:25.0000000Z;5.3485;5.357;900;900
2026-06-08T08:53:28.0000000Z;5.3485;5.357;900;850
2026-06-08T08:53:29.0000000Z;5.3485;5.3565;900;2076
2026-06-08T08:53:30.0000000Z;5.3485;5.357;900;900
2026-06-08T08:53:31.0000000Z;5.349;5.357;2797;900
2026-06-08T08:53:32.0000000Z;5.3485;5.357;900;900
2026-06-08T08:53:33.0000000Z;5.3485;5.3575;19927;900
2026-06-08T08:53:34.0000000Z;5.3485;5.3575;19927;900
2026-06-08T08:53:35.0000000Z;5.351;5.357;2362;1761
2026-06-08T08:53:36.0000000Z;5.351;5.357;2362;1761
2026-06-08T08:53:37.0000000Z;5.3505;5.3575;900;900
2026-06-08T08:53:38.0000000Z;5.3505;5.3575;900;900
2026-06-08T08:53:39.0000000Z;5.3505;5.357;900;1761
2026-06-08T08:53:40.0000000Z;5.3505;5.3575;900;900
2026-06-08T08:53:41.0000000Z;5.3505;5.357;900;1761
2026-06-08T08:53:47.0000000Z;5.35;5.3575;900;900
2026-06-08T08:53:48.0000000Z;5.35;5.3575;900;900
2026-06-08T08:53:49.0000000Z;5.35;5.356;900;900
2026-06-08T08:53:50.0000000Z;5.35;5.356;900;900
2026-06-08T08:53:52.0000000Z;5.3465;5.356;900;900
2026-06-08T08:53:53.0000000Z;5.3465;5.356;900;900
2026-06-08T08:53:54.0000000Z;5.347;5.3555;2921;2097
2026-06-08T08:53:56.0000000Z;5.347;5.357;3061;11201
2026-06-08T08:53:57.0000000Z;5.3465;5.3565;900;900
2026-06-08T08:53:58.0000000Z;5.3465;5.356;900;2107
2026-06-08T08:53:59.0000000Z;5.3465;5.356;900;2107
2026-06-08T08:54:00.0000000Z;5.3465;5.3565;900;900
2026-06-08T08:54:01.0000000Z;5.3465;5.3565;900;900
2026-06-08T08:54:02.0000000Z;5.3465;5.3565;900;900
2026-06-08T08:54:03.0000000Z;5.3465;5.3565;900;900
2026-06-08T08:54:04.0000000Z;5.3465;5.356;900;2107
2026-06-08T08:54:06.0000000Z;5.3465;5.3565;900;900
2026-06-08T08:54:08.0000000Z;5.347;5.3565;3061;900
2026-06-08T08:54:11.0000000Z;5.3465;5.3565;900;900
2026-06-08T08:54:14.0000000Z;5.348;5.3565;2526;900
2026-06-08T08:54:19.0000000Z;5.3465;5.3565;900;900
2026-06-08T08:54:20.0000000Z;5.3465;5.3565;900;900
2026-06-08T08:54:21.0000000Z;5.3465;5.3565;900;900
2026-06-08T08:54:22.0000000Z;5.348;5.3565;2734;900
2026-06-08T08:54:23.0000000Z;5.3475;5.3565;900;900
2026-06-08T08:54:27.0000000Z;5.3475;5.3555;900;900
2026-06-08T08:54:28.0000000Z;5.3475;5.355;900;1542
2026-06-08T08:54:32.0000000Z;5.3475;5.355;900;1542
2026-06-08T08:54:34.0000000Z;5.3475;5.356;900;900
2026-06-08T08:54:35.0000000Z;5.3475;5.3555;900;1708
2026-06-08T08:54:38.0000000Z;5.3475;5.3565;900;900
2026-06-08T08:54:39.0000000Z;5.3475;5.3565;900;900
2026-06-08T08:54:40.0000000Z;5.3475;5.3555;900;1708
2026-06-08T08:54:41.0000000Z;5.3475;5.356;900;1868
2026-06-08T08:54:45.0000000Z;5.3475;5.3565;900;900
2026-06-08T08:54:51.0000000Z;5.349;5.3565;900;9599
2026-06-08T08:54:52.0000000Z;5.349;5.3595;900;900
2026-06-08T08:54:53.0000000Z;5.349;5.3565;900;42500
2026-06-08T08:54:54.0000000Z;5.349;5.3595;900;900
2026-06-08T08:54:55.0000000Z;5.349;5.3565;900;856
2026-06-08T08:54:57.0000000Z;5.3495;5.359;3374;2105
2026-06-08T08:55:00.0000000Z;5.3495;5.359;3374;2279
2026-06-08T08:55:01.0000000Z;5.349;5.359;900;2279
2026-06-08T08:55:02.0000000Z;5.349;5.3595;900;19661
2026-06-08T08:55:03.0000000Z;5.349;5.3585;900;900
2026-06-08T08:55:04.0000000Z;5.349;5.358;900;1846
2026-06-08T08:55:05.0000000Z;5.349;5.3585;900;900
2026-06-08T08:55:06.0000000Z;5.349;5.3585;900;900
2026-06-08T08:55:07.0000000Z;5.349;5.3585;900;900
2026-06-08T08:55:10.0000000Z;5.349;5.3585;900;900
2026-06-08T08:55:11.0000000Z;5.349;5.358;900;1846
2026-06-08T08:55:12.0000000Z;5.349;5.3585;900;900
2026-06-08T08:55:13.0000000Z;5.349;5.3585;900;900
2026-06-08T08:55:14.0000000Z;5.349;5.3585;900;900
2026-06-08T08:55:15.0000000Z;5.349;5.3585;900;900
2026-06-08T08:55:16.0000000Z;5.349;5.3585;900;900
2026-06-08T08:55:17.0000000Z;5.349;5.3585;900;900
2026-06-08T08:55:18.0000000Z;5.3495;5.3595;3374;11196
2026-06-08T08:55:19.0000000Z;5.349;5.3585;900;900
2026-06-08T08:55:20.0000000Z;5.349;5.3585;900;900
2026-06-08T08:55:24.0000000Z;5.349;5.3585;900;900
2026-06-08T08:55:26.0000000Z;5.349;5.3585;900;900
2026-06-08T08:55:28.0000000Z;5.349;5.358;900;2021
2026-06-08T08:55:29.0000000Z;5.349;5.358;900;2021
2026-06-08T08:55:31.0000000Z;5.3495;5.3585;3374;900
2026-06-08T08:55:33.0000000Z;5.349;5.3585;900;900
2026-06-08T08:55:36.0000000Z;5.349;5.358;900;2021
2026-06-08T08:55:39.0000000Z;5.349;5.3585;900;900
2026-06-08T08:55:40.0000000Z;5.3495;5.3585;3374;900
2026-06-08T08:55:41.0000000Z;5.3495;5.3585;3374;900
2026-06-08T08:55:43.0000000Z;5.349;5.3585;900;900
2026-06-08T08:55:44.0000000Z;5.349;5.3585;900;900
2026-06-08T08:55:45.0000000Z;5.349;5.3585;900;900
2026-06-08T08:55:47.0000000Z;5.349;5.3585;900;900
2026-06-08T08:55:49.0000000Z;5.349;5.3585;900;900
2026-06-08T08:55:50.0000000Z;5.349;5.3585;900;900
2026-06-08T08:55:52.0000000Z;5.349;5.3585;900;900
2026-06-08T08:55:56.0000000Z;5.349;5.3585;900;900
2026-06-08T08:56:03.0000000Z;5.349;5.3585;900;900
2026-06-08T08:56:05.0000000Z;5.349;5.3585;900;900
2026-06-08T08:56:07.0000000Z;5.349;5.3585;900;900
2026-06-08T08:56:08.0000000Z;5.349;5.358;900;2021
2026-06-08T08:56:10.0000000Z;5.349;5.3585;900;900
2026-06-08T08:56:11.0000000Z;5.349;5.358;900;2021
2026-06-08T08:56:12.0000000Z;5.349;5.3585;900;900
2026-06-08T08:56:14.0000000Z;5.349;5.3585;900;900
2026-06-08T08:56:18.0000000Z;5.349;5.3585;900;900
2026-06-08T08:56:19.0000000Z;5.349;5.3585;900;900
2026-06-08T08:56:20.0000000Z;5.349;5.3585;900;900
2026-06-08T08:56:29.0000000Z;5.349;5.3585;900;900
2026-06-08T08:56:31.0000000Z;5.349;5.3585;900;900
2026-06-08T08:56:32.0000000Z;5.349;5.3585;900;900
2026-06-08T08:56:33.0000000Z;5.349;5.3585;900;900
2026-06-08T08:56:34.0000000Z;5.349;5.358;900;2021
2026-06-08T08:56:41.0000000Z;5.349;5.3585;900;900
2026-06-08T08:56:44.0000000Z;5.349;5.3585;900;900
2026-06-08T08:56:45.0000000Z;5.349;5.3585;900;900
2026-06-08T08:56:52.0000000Z;5.349;5.3595;900;11196
2026-06-08T08:56:53.0000000Z;5.349;5.3585;900;900
2026-06-08T08:56:55.0000000Z;5.349;5.3585;900;900
2026-06-08T08:56:57.0000000Z;5.349;5.3585;900;900
2026-06-08T08:56:58.0000000Z;5.349;5.3585;900;900
2026-06-08T08:57:00.0000000Z;5.349;5.3585;900;900
2026-06-08T08:57:01.0000000Z;5.349;5.3585;900;900
2026-06-08T08:57:02.0000000Z;5.349;5.3595;900;11196
2026-06-08T08:57:03.0000000Z;5.349;5.3585;900;900
2026-06-08T08:57:04.0000000Z;5.349;5.3585;900;900
2026-06-08T08:57:05.0000000Z;5.3495;5.3585;3374;900
2026-06-08T08:57:08.0000000Z;5.349;5.3585;900;900
2026-06-08T08:57:09.0000000Z;5.3495;5.3585;3374;900
2026-06-08T08:57:10.0000000Z;5.3495;5.3585;3374;900
2026-06-08T08:57:13.0000000Z;5.3495;5.358;3374;2021
2026-06-08T08:57:17.0000000Z;5.3495;5.3585;3374;881
2026-06-08T08:57:18.0000000Z;5.349;5.358;900;2021
2026-06-08T08:57:22.0000000Z;5.349;5.358;900;2021
2026-06-08T08:57:23.0000000Z;5.349;5.3585;900;900
2026-06-08T08:57:24.0000000Z;5.3495;5.358;3374;2021
2026-06-08T08:57:25.0000000Z;5.349;5.3585;900;900
2026-06-08T08:57:27.0000000Z;5.349;5.3585;900;900
2026-06-08T08:57:36.0000000Z;5.349;5.3585;900;900
2026-06-08T08:57:37.0000000Z;5.349;5.3585;900;900
2026-06-08T08:57:41.0000000Z;5.349;5.3585;900;900
2026-06-08T08:57:45.0000000Z;5.349;5.3585;900;900
2026-06-08T08:57:46.0000000Z;5.349;5.3585;900;900
2026-06-08T08:57:48.0000000Z;5.3495;5.3585;3374;900
2026-06-08T08:57:49.0000000Z;5.3495;5.3585;13174;900
2026-06-08T08:57:52.0000000Z;5.349;5.3585;900;900
2026-06-08T08:57:54.0000000Z;5.3495;5.3585;13174;900
2026-06-08T08:57:58.0000000Z;5.349;5.359;900;900
2026-06-08T08:58:00.0000000Z;5.349;5.3595;900;11196
2026-06-08T08:58:01.0000000Z;5.349;5.359;900;900
2026-06-08T08:58:06.0000000Z;5.349;5.3595;900;11196
2026-06-08T08:58:07.0000000Z;5.349;5.359;900;900
2026-06-08T08:58:08.0000000Z;5.349;5.3595;900;12096
2026-06-08T08:58:09.0000000Z;5.349;5.359;900;900
2026-06-08T08:58:10.0000000Z;5.349;5.359;900;900
2026-06-08T08:58:12.0000000Z;5.349;5.359;900;900
2026-06-08T08:58:13.0000000Z;5.349;5.359;900;900
2026-06-08T08:58:15.0000000Z;5.349;5.3595;900;12096
2026-06-08T08:58:16.0000000Z;5.349;5.359;900;900
2026-06-08T08:58:17.0000000Z;5.349;5.359;900;2214
2026-06-08T08:58:18.0000000Z;5.349;5.359;900;2214
2026-06-08T08:58:22.0000000Z;5.349;5.359;900;900
2026-06-08T08:58:23.0000000Z;5.349;5.3585;900;2030
2026-06-08T08:58:29.0000000Z;5.349;5.3585;900;2030
2026-06-08T08:58:36.0000000Z;5.349;5.3585;900;900
2026-06-08T08:58:37.0000000Z;5.349;5.3585;900;900
2026-06-08T08:58:38.0000000Z;5.349;5.3585;900;900
2026-06-08T08:58:39.0000000Z;5.349;5.359;900;900
2026-06-08T08:58:41.0000000Z;5.349;5.3595;900;12096
2026-06-08T08:58:42.0000000Z;5.349;5.3595;900;15696
2026-06-08T08:58:43.0000000Z;5.352;5.3605;900;900
2026-06-08T08:58:44.0000000Z;5.3525;5.3605;2880;900
2026-06-08T08:58:45.0000000Z;5.352;5.3625;900;900
2026-06-08T08:58:46.0000000Z;5.352;5.3625;900;900
2026-06-08T08:58:47.0000000Z;5.353;5.385;6803;2600
2026-06-08T08:58:48.0000000Z;5.3555;5.3685;466;11177
2026-06-08T08:58:49.0000000Z;5.356;5.3665;10530;900
2026-06-08T08:58:50.0000000Z;5.3565;5.3665;13056;900
2026-06-08T08:58:51.0000000Z;5.357;5.3665;900;900
2026-06-08T08:59:00.0000000Z;5.3575;5.365;3168;1864
2026-06-08T08:59:01.0000000Z;5.357;5.3655;2734;11183
2026-06-08T08:59:02.0000000Z;5.357;5.365;11201;1864
2026-06-08T08:59:03.0000000Z;5.357;5.3665;11201;1482
2026-06-08T08:59:04.0000000Z;5.357;5.369;11201;14562
2026-06-08T08:59:05.0000000Z;5.3565;5.367;900;900
2026-06-08T08:59:06.0000000Z;5.3565;5.366;900;900
2026-06-08T08:59:07.0000000Z;5.3565;5.366;900;900
2026-06-08T08:59:08.0000000Z;5.3565;5.366;900;900
2026-06-08T08:59:11.0000000Z;5.3565;5.366;900;900
2026-06-08T08:59:12.0000000Z;5.3565;5.3645;900;900
2026-06-08T08:59:13.0000000Z;5.3565;5.3645;900;900
2026-06-08T08:59:14.0000000Z;5.357;5.3645;2964;900
2026-06-08T08:59:17.0000000Z;5.3565;5.3655;900;900
2026-06-08T08:59:19.0000000Z;5.357;5.3655;3006;900
2026-06-08T08:59:20.0000000Z;5.357;5.365;3006;1711
2026-06-08T08:59:21.0000000Z;5.3565;5.3655;900;900
2026-06-08T08:59:24.0000000Z;5.357;5.3655;3006;900
2026-06-08T08:59:25.0000000Z;5.357;5.3655;3006;900
2026-06-08T08:59:27.0000000Z;5.3565;5.3655;900;900
2026-06-08T08:59:32.0000000Z;5.3565;5.3655;900;900
2026-06-08T08:59:33.0000000Z;5.3565;5.3655;900;900
2026-06-08T08:59:34.0000000Z;5.3565;5.3655;900;883
2026-06-08T08:59:37.0000000Z;5.357;5.365;3006;1885
2026-06-08T08:59:38.0000000Z;5.3565;5.3655;900;883
2026-06-08T08:59:39.0000000Z;5.3565;5.3655;900;900
2026-06-08T08:59:41.0000000Z;5.3565;5.3655;900;892
2026-06-08T08:59:42.0000000Z;5.3565;5.3655;900;892
2026-06-08T08:59:46.0000000Z;5.357;5.363;3006;1587
2026-06-08T08:59:47.0000000Z;5.3535;5.3635;900;900
2026-06-08T08:59:48.0000000Z;5.3565;5.3635;1941;900
2026-06-08T08:59:49.0000000Z;5.3565;5.3635;2411;900
2026-06-08T08:59:50.0000000Z;5.3535;5.3635;900;900
2026-06-08T08:59:52.0000000Z;5.3565;5.3635;2411;900
2026-06-08T08:59:54.0000000Z;5.3535;5.363;3180;2364
2026-06-08T08:59:57.0000000Z;5.355;5.3635;2985;900
2026-06-08T09:00:01.0000000Z;5.353;5.3635;900;900
2026-06-08T09:00:02.0000000Z;5.3545;5.3635;900;900
2026-06-08T09:00:03.0000000Z;5.3545;5.3635;900;900
2026-06-08T09:00:04.0000000Z;5.355;5.3635;2985;900
2026-06-08T09:00:05.0000000Z;5.3545;5.3635;900;42500
2026-06-08T09:00:06.0000000Z;5.3545;5.3635;900;900
2026-06-08T09:00:08.0000000Z;5.3545;5.3635;900;900
2026-06-08T09:00:11.0000000Z;5.3545;5.3635;900;900
2026-06-08T09:00:12.0000000Z;5.3545;5.3635;900;900
2026-06-08T09:00:18.0000000Z;5.3545;5.3635;900;900
2026-06-08T09:00:19.0000000Z;5.3545;5.3645;900;12085
2026-06-08T09:00:20.0000000Z;5.3545;5.3645;900;12085
2026-06-08T09:00:21.0000000Z;5.3545;5.364;900;900
2026-06-08T09:00:24.0000000Z;5.3545;5.3645;900;12085
2026-06-08T09:00:25.0000000Z;5.3545;5.364;900;900
2026-06-08T09:00:26.0000000Z;5.3545;5.364;900;900
2026-06-08T09:00:28.0000000Z;5.3545;5.364;900;900
2026-06-08T09:00:29.0000000Z;5.3545;5.3635;900;1951
2026-06-08T09:00:31.0000000Z;5.3545;5.3635;900;1951
2026-06-08T09:00:32.0000000Z;5.3545;5.364;900;900
2026-06-08T09:00:34.0000000Z;5.3545;5.364;900;900
2026-06-08T09:00:36.0000000Z;5.3545;5.3635;900;900
2026-06-08T09:00:37.0000000Z;5.3545;5.3635;900;900
2026-06-08T09:00:38.0000000Z;5.3545;5.3635;900;44661
2026-06-08T09:00:39.0000000Z;5.3545;5.3635;900;900
2026-06-08T09:00:41.0000000Z;5.3545;5.3635;900;44661
2026-06-08T09:00:42.0000000Z;5.3545;5.3635;900;900
2026-06-08T09:00:44.0000000Z;5.3545;5.3635;900;900
2026-06-08T09:00:45.0000000Z;5.353;5.3635;900;900
2026-06-08T09:00:47.0000000Z;5.3545;5.363;2688;2180
2026-06-08T09:00:48.0000000Z;5.353;5.3635;900;19652
2026-06-08T09:00:49.0000000Z;5.353;5.3635;900;11187
2026-06-08T09:00:50.0000000Z;5.353;5.362;900;1897
2026-06-08T09:00:51.0000000Z;5.355;5.3625;2622;900
2026-06-08T09:00:59.0000000Z;5.355;5.3625;2622;42500
2026-06-08T09:01:00.0000000Z;5.3545;5.3625;900;900
2026-06-08T09:01:03.0000000Z;5.3545;5.3625;900;900
2026-06-08T09:01:04.0000000Z;5.3545;5.363;900;900
2026-06-08T09:01:07.0000000Z;5.3545;5.363;900;900
2026-06-08T09:01:09.0000000Z;5.3545;5.363;900;900
2026-06-08T09:01:10.0000000Z;5.3545;5.3625;900;1638
2026-06-08T09:01:12.0000000Z;5.355;5.363;2774;42500
2026-06-08T09:01:13.0000000Z;5.3545;5.363;900;900
2026-06-08T09:01:14.0000000Z;5.3545;5.3625;900;1638
2026-06-08T09:01:15.0000000Z;5.3545;5.363;900;900
2026-06-08T09:01:19.0000000Z;5.3545;5.363;900;42500
2026-06-08T09:01:20.0000000Z;5.3545;5.3635;900;12087
2026-06-08T09:01:21.0000000Z;5.3545;5.3635;900;12087
2026-06-08T09:01:22.0000000Z;5.3545;5.3635;900;12087
2026-06-08T09:01:23.0000000Z;5.3565;5.366;900;900
2026-06-08T09:01:24.0000000Z;5.3565;5.366;900;840
2026-06-08T09:01:25.0000000Z;5.3565;5.366;900;840
2026-06-08T09:01:26.0000000Z;5.3565;5.366;900;840
2026-06-08T09:01:27.0000000Z;5.357;5.3655;3126;1830
2026-06-08T09:01:29.0000000Z;5.3555;5.366;11204;840
2026-06-08T09:01:30.0000000Z;5.3565;5.366;900;840
2026-06-08T09:01:36.0000000Z;5.3565;5.366;900;900
2026-06-08T09:01:37.0000000Z;5.3565;5.3655;900;2014
2026-06-08T09:01:39.0000000Z;5.3565;5.366;900;900
2026-06-08T09:01:41.0000000Z;5.3565;5.366;900;900
2026-06-08T09:01:42.0000000Z;5.3565;5.3655;900;2014
2026-06-08T09:01:43.0000000Z;5.3565;5.367;900;11180
2026-06-08T09:01:44.0000000Z;5.3565;5.3665;900;900
2026-06-08T09:01:45.0000000Z;5.3565;5.367;900;11180
2026-06-08T09:01:46.0000000Z;5.3565;5.3665;900;900
2026-06-08T09:01:47.0000000Z;5.358;5.366;2593;2023
2026-06-08T09:01:48.0000000Z;5.3565;5.3665;900;900
2026-06-08T09:01:49.0000000Z;5.3565;5.3665;900;900
2026-06-08T09:01:50.0000000Z;5.3565;5.366;900;2023
2026-06-08T09:01:51.0000000Z;5.3565;5.3665;900;900
2026-06-08T09:01:52.0000000Z;5.358;5.3665;2593;900
2026-06-08T09:01:53.0000000Z;5.3565;5.3665;900;900
2026-06-08T09:01:55.0000000Z;5.3565;5.3665;900;900
2026-06-08T09:02:01.0000000Z;5.357;5.366;3056;2023
2026-06-08T09:02:03.0000000Z;5.3565;5.3665;900;780
2026-06-08T09:02:04.0000000Z;5.357;5.3665;12856;780
2026-06-08T09:02:09.0000000Z;5.3565;5.3665;900;900
2026-06-08T09:02:12.0000000Z;5.3565;5.366;900;2023
2026-06-08T09:02:13.0000000Z;5.357;5.366;12926;2023
2026-06-08T09:02:14.0000000Z;5.3565;5.3665;900;900
2026-06-08T09:02:15.0000000Z;5.3565;5.3665;900;900
2026-06-08T09:02:16.0000000Z;5.3565;5.3665;900;900
2026-06-08T09:02:17.0000000Z;5.3565;5.366;900;2023
2026-06-08T09:02:18.0000000Z;5.3565;5.367;900;11180
2026-06-08T09:02:19.0000000Z;5.3565;5.367;900;12080
2026-06-08T09:02:20.0000000Z;5.358;5.367;2658;12080
2026-06-08T09:02:21.0000000Z;5.3565;5.367;870;12080
2026-06-08T09:02:22.0000000Z;5.3595;5.3665;2636;1440
2026-06-08T09:02:23.0000000Z;5.359;5.3675;900;772
2026-06-08T09:02:24.0000000Z;5.359;5.3675;900;772
2026-06-08T09:02:26.0000000Z;5.359;5.367;900;9317
2026-06-08T09:02:27.0000000Z;5.359;5.3665;900;1116
2026-06-08T09:02:28.0000000Z;5.359;5.3695;900;900
2026-06-08T09:02:29.0000000Z;5.3595;5.3685;3426;1831
2026-06-08T09:02:30.0000000Z;5.359;5.3695;900;900
2026-06-08T09:02:31.0000000Z;5.359;5.37;900;900
2026-06-08T09:02:32.0000000Z;5.359;5.37;900;900
2026-06-08T09:02:33.0000000Z;5.359;5.368;900;1861
2026-06-08T09:02:34.0000000Z;5.359;5.3685;900;900
2026-06-08T09:02:35.0000000Z;5.359;5.37;900;900
2026-06-08T09:02:38.0000000Z;5.359;5.3685;900;1732
2026-06-08T09:02:41.0000000Z;5.359;5.3695;900;2248
2026-06-08T09:02:43.0000000Z;5.359;5.37;900;900
2026-06-08T09:02:47.0000000Z;5.359;5.3695;900;2248
2026-06-08T09:02:52.0000000Z;5.359;5.3705;900;465
2026-06-08T09:02:53.0000000Z;5.359;5.37;900;900
2026-06-08T09:02:58.0000000Z;5.359;5.37;900;900
2026-06-08T09:02:59.0000000Z;5.359;5.371;900;11172
2026-06-08T09:03:00.0000000Z;5.359;5.371;900;11172
2026-06-08T09:03:01.0000000Z;5.3605;5.37;30465;900
2026-06-08T09:03:02.0000000Z;5.362;5.37;900;900
2026-06-08T09:03:03.0000000Z;5.362;5.37;900;900
2026-06-08T09:03:04.0000000Z;5.362;5.37;900;900
2026-06-08T09:03:06.0000000Z;5.3625;5.37;2768;900
2026-06-08T09:03:10.0000000Z;5.362;5.37;900;900
2026-06-08T09:03:11.0000000Z;5.362;5.37;900;900
2026-06-08T09:03:12.0000000Z;5.362;5.37;900;900
2026-06-08T09:03:13.0000000Z;5.362;5.37;900;42500
2026-06-08T09:03:14.0000000Z;5.3615;5.3765;466;464
2026-06-08T09:03:15.0000000Z;5.3625;5.374;900;11851
2026-06-08T09:03:16.0000000Z;5.3625;5.372;900;900
2026-06-08T09:03:17.0000000Z;5.3625;5.37;900;42500
2026-06-08T09:03:18.0000000Z;5.364;5.3725;900;900
2026-06-08T09:03:19.0000000Z;5.364;5.3755;42500;11162
2026-06-08T09:03:20.0000000Z;5.364;5.3745;900;900
2026-06-08T09:03:21.0000000Z;5.364;5.373;900;900
2026-06-08T09:03:22.0000000Z;5.3645;5.3725;3148;1674
2026-06-08T09:03:23.0000000Z;5.364;5.3745;900;900
2026-06-08T09:03:24.0000000Z;5.364;5.3745;900;900
2026-06-08T09:03:25.0000000Z;5.364;5.3745;900;900
2026-06-08T09:03:26.0000000Z;5.364;5.373;900;1576
2026-06-08T09:03:27.0000000Z;5.364;5.3745;900;900
2026-06-08T09:03:28.0000000Z;5.364;5.373;900;1576
2026-06-08T09:03:29.0000000Z;5.364;5.374;900;2199
2026-06-08T09:03:30.0000000Z;5.364;5.373;900;900
2026-06-08T09:03:31.0000000Z;5.3645;5.373;900;900
2026-06-08T09:03:32.0000000Z;5.3645;5.3735;900;900
2026-06-08T09:03:33.0000000Z;5.3625;5.3735;900;900
2026-06-08T09:03:34.0000000Z;5.3625;5.374;900;465
2026-06-08T09:03:35.0000000Z;5.3645;5.3725;2550;2061
2026-06-08T09:03:36.0000000Z;5.3625;5.3735;900;900
2026-06-08T09:03:37.0000000Z;5.363;5.373;3319;2244
2026-06-08T09:03:41.0000000Z;5.363;5.373;3481;2244
2026-06-08T09:03:42.0000000Z;5.3625;5.3735;900;900
2026-06-08T09:03:49.0000000Z;5.3625;5.3735;900;900
2026-06-08T09:03:50.0000000Z;5.3625;5.3735;900;900
2026-06-08T09:03:51.0000000Z;5.3625;5.3735;900;890
2026-06-08T09:03:52.0000000Z;5.3625;5.3735;900;890
2026-06-08T09:03:54.0000000Z;5.364;5.3735;900;890
2026-06-08T09:03:55.0000000Z;5.3645;5.3745;3119;11164
2026-06-08T09:03:56.0000000Z;5.364;5.3745;900;11164
2026-06-08T09:03:57.0000000Z;5.364;5.3735;900;900
2026-06-08T09:03:58.0000000Z;5.364;5.3735;900;900
2026-06-08T09:04:00.0000000Z;5.364;5.3735;900;900
2026-06-08T09:04:04.0000000Z;5.364;5.374;900;900
2026-06-08T09:04:05.0000000Z;5.3665;5.374;900;905
2026-06-08T09:04:06.0000000Z;5.3665;5.374;900;905
2026-06-08T09:04:07.0000000Z;5.3665;5.374;900;42500
2026-06-08T09:04:09.0000000Z;5.367;5.376;3093;900
2026-06-08T09:04:10.0000000Z;5.367;5.3765;900;3386
2026-06-08T09:04:11.0000000Z;5.367;5.375;900;900
2026-06-08T09:04:12.0000000Z;5.367;5.374;900;1234
2026-06-08T09:04:13.0000000Z;5.3665;5.3745;900;1598
2026-06-08T09:04:14.0000000Z;5.367;5.3745;2726;1747
2026-06-08T09:04:15.0000000Z;5.3665;5.375;900;900
2026-06-08T09:04:16.0000000Z;5.3665;5.3745;900;1598
2026-06-08T09:04:17.0000000Z;5.3665;5.375;42500;900
2026-06-08T09:04:18.0000000Z;5.3665;5.375;900;900
2026-06-08T09:04:22.0000000Z;5.366;5.3735;900;900
2026-06-08T09:04:23.0000000Z;5.364;5.3735;900;900
2026-06-08T09:04:24.0000000Z;5.363;5.3735;900;900
2026-06-08T09:04:25.0000000Z;5.366;5.3735;9318;900
2026-06-08T09:04:26.0000000Z;5.3635;5.373;3149;2376
2026-06-08T09:04:31.0000000Z;5.3635;5.373;3149;2376
2026-06-08T09:04:34.0000000Z;5.3635;5.373;3310;2376
2026-06-08T09:04:35.0000000Z;5.363;5.3735;1366;900
2026-06-08T09:04:36.0000000Z;5.3645;5.3735;900;900
2026-06-08T09:04:37.0000000Z;5.3645;5.3735;900;900
2026-06-08T09:04:39.0000000Z;5.3645;5.3735;900;900
2026-06-08T09:04:40.0000000Z;5.3645;5.3735;900;900
2026-06-08T09:04:41.0000000Z;5.365;5.373;3078;44912
2026-06-08T09:04:50.0000000Z;5.3635;5.373;11187;42500
2026-06-08T09:04:51.0000000Z;5.3645;5.3735;900;900
2026-06-08T09:04:52.0000000Z;5.3635;5.374;11187;8465
2026-06-08T09:04:53.0000000Z;5.3645;5.373;900;900
2026-06-08T09:04:54.0000000Z;5.3645;5.3725;900;1600
2026-06-08T09:04:55.0000000Z;5.3645;5.373;900;1728
2026-06-08T09:04:56.0000000Z;5.3645;5.373;900;1728
2026-06-08T09:04:57.0000000Z;5.3645;5.3735;900;900
2026-06-08T09:04:58.0000000Z;5.3645;5.3735;900;900
2026-06-08T09:05:00.0000000Z;5.364;5.3735;13461;19631
2026-06-08T09:05:01.0000000Z;5.3655;5.3725;2632;42500
2026-06-08T09:05:02.0000000Z;5.365;5.3725;900;42500
2026-06-08T09:05:03.0000000Z;5.365;5.3725;900;900
2026-06-08T09:05:06.0000000Z;5.3655;5.3725;900;900
2026-06-08T09:05:07.0000000Z;5.366;5.3725;2506;42500
2026-06-08T09:05:09.0000000Z;5.366;5.3725;2540;42500
2026-06-08T09:05:10.0000000Z;5.3655;5.3725;900;1385
2026-06-08T09:05:11.0000000Z;5.3655;5.3735;900;12066
2026-06-08T09:05:12.0000000Z;5.3655;5.3735;900;12066
2026-06-08T09:05:14.0000000Z;5.3655;5.373;900;1557
2026-06-08T09:05:15.0000000Z;5.3655;5.373;900;5400
2026-06-08T09:05:16.0000000Z;5.3655;5.3735;900;12066
2026-06-08T09:05:17.0000000Z;5.3655;5.373;900;11270
2026-06-08T09:05:18.0000000Z;5.3655;5.373;900;900
2026-06-08T09:05:19.0000000Z;5.3655;5.3735;900;12066
2026-06-08T09:05:20.0000000Z;5.3655;5.3735;900;11166
2026-06-08T09:05:21.0000000Z;5.3655;5.3735;900;11166
2026-06-08T09:05:22.0000000Z;5.366;5.377;13426;900
2026-06-08T09:05:23.0000000Z;5.3655;5.3735;901;42500
2026-06-08T09:05:24.0000000Z;5.3655;5.377;901;900
2026-06-08T09:05:25.0000000Z;5.368;5.377;3066;900
2026-06-08T09:05:26.0000000Z;5.367;5.378;900;11157
2026-06-08T09:05:27.0000000Z;5.367;5.377;900;900
2026-06-08T09:05:29.0000000Z;5.3675;5.3765;3237;1959
2026-06-08T09:05:30.0000000Z;5.3675;5.377;900;900
2026-06-08T09:05:31.0000000Z;5.368;5.3765;3066;2132
2026-06-08T09:05:32.0000000Z;5.3675;5.3765;900;2132
2026-06-08T09:05:33.0000000Z;5.3675;5.377;900;900
2026-06-08T09:05:34.0000000Z;5.3675;5.3765;900;2132
2026-06-08T09:05:35.0000000Z;5.3675;5.377;900;900
2026-06-08T09:05:36.0000000Z;5.368;5.3765;3066;2132
2026-06-08T09:05:37.0000000Z;5.368;5.3765;3066;2132
2026-06-08T09:05:38.0000000Z;5.3675;5.3765;900;2132
2026-06-08T09:05:39.0000000Z;5.3675;5.377;900;900
2026-06-08T09:05:53.0000000Z;5.367;5.377;900;900
2026-06-08T09:05:54.0000000Z;5.367;5.3765;900;2132
2026-06-08T09:05:55.0000000Z;5.3675;5.3765;3237;2132
2026-06-08T09:05:56.0000000Z;5.367;5.377;900;900
2026-06-08T09:05:57.0000000Z;5.367;5.377;900;900
2026-06-08T09:05:58.0000000Z;5.367;5.377;900;800
2026-06-08T09:06:01.0000000Z;5.367;5.377;900;900
2026-06-08T09:06:02.0000000Z;5.367;5.378;900;11157
2026-06-08T09:06:03.0000000Z;5.367;5.377;900;900
2026-06-08T09:06:05.0000000Z;5.3695;5.377;2763;42500
2026-06-08T09:06:06.0000000Z;5.369;5.3775;900;900
2026-06-08T09:06:07.0000000Z;5.369;5.377;900;1627
2026-06-08T09:06:12.0000000Z;5.3695;5.377;2763;1627
2026-06-08T09:06:13.0000000Z;5.3695;5.377;2763;1627
2026-06-08T09:06:16.0000000Z;5.3695;5.377;2763;1800
2026-06-08T09:06:17.0000000Z;5.368;5.3775;11178;900
2026-06-08T09:06:18.0000000Z;5.369;5.3775;900;900
2026-06-08T09:06:19.0000000Z;5.3695;5.3775;2763;900
2026-06-08T09:06:20.0000000Z;5.3695;5.377;2763;1800
2026-06-08T09:06:21.0000000Z;5.369;5.377;900;900
2026-06-08T09:06:22.0000000Z;5.3695;5.3765;2763;1474
2026-06-08T09:06:26.0000000Z;5.369;5.377;900;900
2026-06-08T09:06:27.0000000Z;5.3695;5.3765;2742;1617
2026-06-08T09:06:28.0000000Z;5.369;5.377;900;900
2026-06-08T09:06:31.0000000Z;5.364;5.377;11178;11159
2026-06-08T09:06:32.0000000Z;5.365;5.376;900;900
2026-06-08T09:06:34.0000000Z;5.365;5.375;900;2089
2026-06-08T09:06:35.0000000Z;5.365;5.375;900;2089
2026-06-08T09:06:36.0000000Z;5.365;5.3755;900;900
2026-06-08T09:06:38.0000000Z;5.365;5.3755;900;900
2026-06-08T09:06:40.0000000Z;5.365;5.3755;900;900
2026-06-08T09:06:44.0000000Z;5.365;5.3755;900;900
2026-06-08T09:06:54.0000000Z;5.365;5.3755;900;900
2026-06-08T09:06:55.0000000Z;5.365;5.375;900;2287
2026-06-08T09:06:57.0000000Z;5.364;5.376;11186;465
2026-06-08T09:06:58.0000000Z;5.364;5.376;11186;465
2026-06-08T09:06:59.0000000Z;5.3615;5.3735;3852;9627
2026-06-08T09:07:00.0000000Z;5.363;5.3715;900;900
2026-06-08T09:07:01.0000000Z;5.363;5.372;900;900
2026-06-08T09:07:02.0000000Z;5.365;5.3715;2520;44121
2026-06-08T09:07:03.0000000Z;5.363;5.373;900;900
2026-06-08T09:07:04.0000000Z;5.363;5.3725;900;1987
2026-06-08T09:07:05.0000000Z;5.363;5.373;900;900
2026-06-08T09:07:07.0000000Z;5.363;5.3735;900;465
2026-06-08T09:07:08.0000000Z;5.363;5.373;900;900
2026-06-08T09:07:09.0000000Z;5.363;5.373;900;900
2026-06-08T09:07:10.0000000Z;5.363;5.373;900;900
2026-06-08T09:07:12.0000000Z;5.365;5.3725;2858;1558
2026-06-08T09:07:13.0000000Z;5.3645;5.3735;715;900
2026-06-08T09:07:14.0000000Z;5.3645;5.373;715;1778
2026-06-08T09:07:16.0000000Z;5.364;5.373;466;2061
2026-06-08T09:07:17.0000000Z;5.3635;5.373;11187;900
2026-06-08T09:07:18.0000000Z;5.3645;5.373;900;900
2026-06-08T09:07:20.0000000Z;5.3645;5.373;900;900
2026-06-08T09:07:21.0000000Z;5.3645;5.373;900;900
2026-06-08T09:07:23.0000000Z;5.365;5.3725;2728;1749
2026-06-08T09:07:24.0000000Z;5.3645;5.373;900;900
2026-06-08T09:07:25.0000000Z;5.3645;5.373;900;900
2026-06-08T09:07:26.0000000Z;5.3645;5.3725;900;1600
2026-06-08T09:07:27.0000000Z;5.3645;5.373;900;900
2026-06-08T09:07:29.0000000Z;5.3645;5.373;900;800
2026-06-08T09:07:31.0000000Z;5.364;5.3715;900;900
2026-06-08T09:07:32.0000000Z;5.364;5.3715;900;900
2026-06-08T09:07:37.0000000Z;5.3645;5.371;2502;1357
2026-06-08T09:07:41.0000000Z;5.364;5.372;900;900
2026-06-08T09:07:42.0000000Z;5.364;5.3715;900;1478
2026-06-08T09:07:45.0000000Z;5.361;5.372;900;900
2026-06-08T09:07:46.0000000Z;5.361;5.372;900;900
2026-06-08T09:07:48.0000000Z;5.361;5.372;900;900
2026-06-08T09:07:49.0000000Z;5.361;5.372;900;900
2026-06-08T09:07:51.0000000Z;5.361;5.372;900;900
2026-06-08T09:07:55.0000000Z;5.361;5.372;900;900
2026-06-08T09:07:56.0000000Z;5.361;5.372;900;900
2026-06-08T09:07:58.0000000Z;5.361;5.3715;900;2477
2026-06-08T09:08:03.0000000Z;5.361;5.372;900;900
2026-06-08T09:08:06.0000000Z;5.361;5.372;900;900
2026-06-08T09:08:07.0000000Z;5.361;5.3715;900;2192
2026-06-08T09:08:08.0000000Z;5.3625;5.372;900;900
2026-06-08T09:08:09.0000000Z;5.363;5.372;2937;900
2026-06-08T09:08:10.0000000Z;5.3625;5.372;900;900
2026-06-08T09:08:12.0000000Z;5.363;5.372;2937;900
2026-06-08T09:08:14.0000000Z;5.3625;5.372;900;900
2026-06-08T09:08:15.0000000Z;5.3625;5.372;900;900
2026-06-08T09:08:16.0000000Z;5.3625;5.372;900;900
2026-06-08T09:08:19.0000000Z;5.3625;5.372;900;900
2026-06-08T09:08:21.0000000Z;5.364;5.372;900;900
2026-06-08T09:08:23.0000000Z;5.364;5.3725;900;900
2026-06-08T09:08:25.0000000Z;5.364;5.3725;900;900
2026-06-08T09:08:26.0000000Z;5.3645;5.372;2767;1804
2026-06-08T09:08:28.0000000Z;5.364;5.3725;900;900
2026-06-08T09:08:30.0000000Z;5.364;5.3725;900;900
2026-06-08T09:08:31.0000000Z;5.364;5.3725;900;900
2026-06-08T09:08:32.0000000Z;5.364;5.3725;900;900
2026-06-08T09:08:33.0000000Z;5.364;5.3725;900;900
2026-06-08T09:08:38.0000000Z;5.3645;5.3725;2767;900
2026-06-08T09:08:44.0000000Z;5.364;5.372;900;1705
2026-06-08T09:08:45.0000000Z;5.364;5.3715;900;1455
2026-06-08T09:08:46.0000000Z;5.364;5.372;900;900
2026-06-08T09:08:47.0000000Z;5.364;5.372;900;900
2026-06-08T09:08:49.0000000Z;5.364;5.3715;900;1645
2026-06-08T09:08:52.0000000Z;5.364;5.372;900;900
2026-06-08T09:09:02.0000000Z;5.364;5.372;900;900
2026-06-08T09:09:03.0000000Z;5.364;5.372;900;900
2026-06-08T09:09:05.0000000Z;5.364;5.373;900;11167
2026-06-08T09:09:06.0000000Z;5.364;5.372;900;900
2026-06-08T09:09:07.0000000Z;5.364;5.372;900;900
2026-06-08T09:09:08.0000000Z;5.364;5.372;900;900
2026-06-08T09:09:09.0000000Z;5.363;5.372;900;12070
2026-06-08T09:09:10.0000000Z;5.363;5.37;900;900
2026-06-08T09:09:11.0000000Z;5.3635;5.3695;9323;1572
2026-06-08T09:09:12.0000000Z;5.359;5.3695;466;2254
2026-06-08T09:09:13.0000000Z;5.36;5.37;900;900
2026-06-08T09:09:15.0000000Z;5.3635;5.3695;9323;2254
2026-06-08T09:09:16.0000000Z;5.3605;5.3695;3053;2254
2026-06-08T09:09:17.0000000Z;5.36;5.37;900;900
2026-06-08T09:09:18.0000000Z;5.3605;5.3695;3192;2254
2026-06-08T09:09:19.0000000Z;5.36;5.3695;900;2254
2026-06-08T09:09:21.0000000Z;5.36;5.3695;900;900
2026-06-08T09:09:22.0000000Z;5.36;5.369;900;1891
2026-06-08T09:09:23.0000000Z;5.36;5.369;900;1891
2026-06-08T09:09:25.0000000Z;5.36;5.369;900;900
2026-06-08T09:09:26.0000000Z;5.36;5.369;900;900
2026-06-08T09:09:27.0000000Z;5.36;5.369;900;900
2026-06-08T09:09:30.0000000Z;5.36;5.3685;900;1762
2026-06-08T09:09:38.0000000Z;5.36;5.3685;900;1762
2026-06-08T09:09:42.0000000Z;5.36;5.369;900;900
2026-06-08T09:09:43.0000000Z;5.36;5.3685;900;1762
2026-06-08T09:09:47.0000000Z;5.3595;5.369;900;900
2026-06-08T09:09:49.0000000Z;5.3605;5.3685;3192;2011
2026-06-08T09:09:50.0000000Z;5.3595;5.369;900;900
2026-06-08T09:09:51.0000000Z;5.3595;5.369;900;900
2026-06-08T09:09:54.0000000Z;5.3595;5.369;900;900
2026-06-08T09:09:55.0000000Z;5.3595;5.369;900;900
2026-06-08T09:09:56.0000000Z;5.3595;5.369;900;900
2026-06-08T09:10:04.0000000Z;5.36;5.369;3101;900
2026-06-08T09:10:05.0000000Z;5.3555;5.3665;900;900
2026-06-08T09:10:06.0000000Z;5.3555;5.3665;900;900
2026-06-08T09:10:07.0000000Z;5.3555;5.3665;900;900
2026-06-08T09:10:08.0000000Z;5.3555;5.3665;900;900
2026-06-08T09:10:09.0000000Z;5.3555;5.3665;900;900
2026-06-08T09:10:11.0000000Z;5.3555;5.366;900;2397
2026-06-08T09:10:12.0000000Z;5.3555;5.3675;900;11179
2026-06-08T09:10:13.0000000Z;5.3555;5.3665;900;900
2026-06-08T09:10:14.0000000Z;5.356;5.366;3326;2397
2026-06-08T09:10:18.0000000Z;5.356;5.3665;900;900
2026-06-08T09:10:19.0000000Z;5.3565;5.366;3316;2397
2026-06-08T09:10:20.0000000Z;5.3565;5.366;3316;2397
2026-06-08T09:10:22.0000000Z;5.356;5.3665;900;900
2026-06-08T09:10:24.0000000Z;5.356;5.366;900;2397
2026-06-08T09:10:25.0000000Z;5.356;5.3665;900;19646
2026-06-08T09:10:26.0000000Z;5.357;5.367;11201;10028
2026-06-08T09:10:27.0000000Z;5.358;5.3705;3716;11173
2026-06-08T09:10:28.0000000Z;5.3585;5.3695;900;900
2026-06-08T09:10:30.0000000Z;5.3585;5.3695;900;900
2026-06-08T09:10:33.0000000Z;5.36;5.3705;900;10473
2026-06-08T09:10:34.0000000Z;5.36;5.3695;900;900
2026-06-08T09:10:36.0000000Z;5.36;5.3695;900;42500
2026-06-08T09:10:37.0000000Z;5.36;5.3695;900;900
2026-06-08T09:10:39.0000000Z;5.36;5.3695;900;900
2026-06-08T09:10:42.0000000Z;5.3585;5.3695;900;880
2026-06-08T09:10:43.0000000Z;5.36;5.369;900;2191
2026-06-08T09:10:45.0000000Z;5.3615;5.37;900;900
2026-06-08T09:10:46.0000000Z;5.3615;5.37;900;900
2026-06-08T09:10:51.0000000Z;5.3615;5.3705;900;11173
2026-06-08T09:10:52.0000000Z;5.3615;5.3695;900;2085
2026-06-08T09:10:53.0000000Z;5.3615;5.37;900;1816
2026-06-08T09:10:54.0000000Z;5.363;5.3725;900;900
2026-06-08T09:10:55.0000000Z;5.363;5.3725;900;900
2026-06-08T09:10:57.0000000Z;5.3645;5.374;900;900
2026-06-08T09:10:58.0000000Z;5.3645;5.374;900;900
2026-06-08T09:10:59.0000000Z;5.3645;5.374;900;900
2026-06-08T09:10:59.0000000Z;5.3645;5.374;900;900
2026-06-08T09:11:00.0000000Z;5.3645;5.371;900;9310
2026-06-08T09:11:01.0000000Z;5.3645;5.374;900;900
2026-06-08T09:11:02.0000000Z;5.3645;5.374;900;900
2026-06-08T09:11:03.0000000Z;5.3645;5.374;900;900
2026-06-08T09:11:04.0000000Z;5.3645;5.374;900;1941
2026-06-08T09:11:05.0000000Z;5.3645;5.3735;900;1833
2026-06-08T09:11:06.0000000Z;5.3645;5.3735;900;1833
2026-06-08T09:11:08.0000000Z;5.3645;5.374;900;900
2026-06-08T09:11:10.0000000Z;5.363;5.374;900;900
2026-06-08T09:11:11.0000000Z;5.3635;5.374;3341;900
2026-06-08T09:11:12.0000000Z;5.3635;5.374;3370;900
2026-06-08T09:11:13.0000000Z;5.363;5.374;900;900
2026-06-08T09:11:14.0000000Z;5.363;5.3735;900;2220
2026-06-08T09:11:15.0000000Z;5.363;5.374;900;900
2026-06-08T09:11:16.0000000Z;5.363;5.374;900;900
2026-06-08T09:11:18.0000000Z;5.3635;5.374;3508;900
2026-06-08T09:11:20.0000000Z;5.3635;5.374;13308;900
2026-06-08T09:11:21.0000000Z;5.363;5.374;1366;900
2026-06-08T09:11:22.0000000Z;5.3645;5.3735;3050;2220
2026-06-08T09:11:23.0000000Z;5.363;5.3735;1366;2220
2026-06-08T09:11:28.0000000Z;5.363;5.374;1366;900
2026-06-08T09:11:29.0000000Z;5.363;5.374;1366;900
2026-06-08T09:11:34.0000000Z;5.3645;5.374;12850;900
2026-06-08T09:11:35.0000000Z;5.363;5.3745;1366;900
2026-06-08T09:11:37.0000000Z;5.363;5.374;1366;2347
2026-06-08T09:11:38.0000000Z;5.363;5.3745;900;900
2026-06-08T09:11:39.0000000Z;5.3645;5.374;3050;2336
2026-06-08T09:11:40.0000000Z;5.3645;5.3735;12850;2190
2026-06-08T09:11:41.0000000Z;5.3645;5.3735;12850;2190
2026-06-08T09:11:42.0000000Z;5.363;5.374;900;900
2026-06-08T09:11:44.0000000Z;5.363;5.374;900;900
2026-06-08T09:11:45.0000000Z;5.363;5.374;900;900
2026-06-08T09:11:50.0000000Z;5.363;5.374;900;900
2026-06-08T09:11:51.0000000Z;5.363;5.3735;900;2268
2026-06-08T09:11:52.0000000Z;5.363;5.374;900;900
2026-06-08T09:11:53.0000000Z;5.365;5.3735;3068;2412
2026-06-08T09:11:54.0000000Z;5.3645;5.374;900;900
2026-06-08T09:11:56.0000000Z;5.365;5.374;3068;900
2026-06-08T09:11:59.0000000Z;5.365;5.3735;3068;1887
2026-06-08T09:11:59.0000000Z;5.3645;5.374;900;900
2026-06-08T09:12:00.0000000Z;5.365;5.3735;3068;1887
2026-06-08T09:12:01.0000000Z;5.3645;5.3745;900;900
2026-06-08T09:12:02.0000000Z;5.3645;5.374;900;42500
2026-06-08T09:12:03.0000000Z;5.369;5.381;900;900
2026-06-08T09:12:04.0000000Z;5.3695;5.3805;3694;2524
2026-06-08T09:12:06.0000000Z;5.3695;5.378;3542;2034
2026-06-08T09:12:07.0000000Z;5.369;5.3775;42500;900
2026-06-08T09:12:08.0000000Z;5.3685;5.3775;9314;900
2026-06-08T09:12:09.0000000Z;5.3685;5.3775;9314;900
2026-06-08T09:12:11.0000000Z;5.367;5.377;3293;2408
2026-06-08T09:12:12.0000000Z;5.3665;5.3775;900;900
2026-06-08T09:12:13.0000000Z;5.3665;5.377;900;2408
2026-06-08T09:12:18.0000000Z;5.3665;5.3775;900;880
2026-06-08T09:12:20.0000000Z;5.3665;5.3775;900;880
2026-06-08T09:12:21.0000000Z;5.3665;5.3775;900;880
2026-06-08T09:12:26.0000000Z;5.3665;5.3775;900;880
2026-06-08T09:12:27.0000000Z;5.367;5.3775;3477;880
2026-06-08T09:12:33.0000000Z;5.3665;5.3775;900;900
2026-06-08T09:12:34.0000000Z;5.3665;5.3775;900;900
2026-06-08T09:12:35.0000000Z;5.3665;5.3785;900;11156
2026-06-08T09:12:36.0000000Z;5.3665;5.3775;900;900
2026-06-08T09:12:37.0000000Z;5.3665;5.3775;900;900
2026-06-08T09:12:38.0000000Z;5.3655;5.3775;35124;900
2026-06-08T09:12:39.0000000Z;5.3665;5.3775;900;900
2026-06-08T09:12:40.0000000Z;5.3665;5.3775;900;900
2026-06-08T09:12:41.0000000Z;5.3665;5.3775;900;900
2026-06-08T09:12:42.0000000Z;5.3665;5.377;900;2408
2026-06-08T09:12:44.0000000Z;5.3665;5.3775;900;900
2026-06-08T09:12:45.0000000Z;5.3665;5.3775;900;900
2026-06-08T09:12:46.0000000Z;5.3665;5.3775;900;900
2026-06-08T09:12:50.0000000Z;5.3665;5.3775;900;900
2026-06-08T09:12:51.0000000Z;5.3665;5.377;900;2408
2026-06-08T09:12:52.0000000Z;5.3665;5.3775;900;900
2026-06-08T09:12:53.0000000Z;5.3665;5.377;900;2408
2026-06-08T09:12:54.0000000Z;5.3665;5.3775;900;900
2026-06-08T09:12:55.0000000Z;5.3665;5.3775;900;900
2026-06-08T09:13:10.0000000Z;5.3665;5.3775;900;900
2026-06-08T09:13:11.0000000Z;5.3665;5.3775;900;900
2026-06-08T09:13:12.0000000Z;5.367;5.3775;3477;900
2026-06-08T09:13:16.0000000Z;5.3665;5.377;900;2408
2026-06-08T09:13:24.0000000Z;5.3665;5.3775;900;900
2026-06-08T09:13:25.0000000Z;5.3665;5.3775;900;900
2026-06-08T09:13:28.0000000Z;5.3665;5.3775;900;900
2026-06-08T09:13:29.0000000Z;5.3665;5.377;900;2408
2026-06-08T09:13:30.0000000Z;5.3665;5.3775;900;900
2026-06-08T09:13:36.0000000Z;5.3665;5.3775;900;900
2026-06-08T09:13:37.0000000Z;5.367;5.3775;3477;900
2026-06-08T09:13:38.0000000Z;5.3665;5.3775;900;900
2026-06-08T09:13:41.0000000Z;5.367;5.3775;3477;900
2026-06-08T09:13:47.0000000Z;5.3665;5.3775;900;900
2026-06-08T09:13:54.0000000Z;5.3665;5.3775;900;900
2026-06-08T09:13:55.0000000Z;5.367;5.3775;13277;900
2026-06-08T09:13:58.0000000Z;5.367;5.377;13277;2408
2026-06-08T09:13:59.0000000Z;5.367;5.377;3477;2408
2026-06-08T09:14:04.0000000Z;5.3665;5.3775;900;900
2026-06-08T09:14:08.0000000Z;5.3665;5.3775;900;900
2026-06-08T09:14:09.0000000Z;5.367;5.3775;3477;900
2026-06-08T09:14:12.0000000Z;5.367;5.3785;13277;11156
2026-06-08T09:14:13.0000000Z;5.367;5.3775;13277;900
2026-06-08T09:14:16.0000000Z;5.3665;5.3775;900;900
2026-06-08T09:14:17.0000000Z;5.3665;5.3775;900;900
2026-06-08T09:14:18.0000000Z;5.368;5.3775;900;900
2026-06-08T09:14:19.0000000Z;5.368;5.3775;900;900
2026-06-08T09:14:20.0000000Z;5.368;5.3775;900;900
2026-06-08T09:14:21.0000000Z;5.3685;5.3775;3005;900
2026-06-08T09:14:22.0000000Z;5.3685;5.377;3005;2408
2026-06-08T09:14:23.0000000Z;5.367;5.3775;900;900
2026-06-08T09:14:25.0000000Z;5.3675;5.3775;3167;900
2026-06-08T09:14:26.0000000Z;5.367;5.3775;900;900
2026-06-08T09:14:27.0000000Z;5.367;5.377;900;2408
2026-06-08T09:14:30.0000000Z;5.367;5.3775;900;900
2026-06-08T09:14:32.0000000Z;5.367;5.3775;900;900
2026-06-08T09:14:33.0000000Z;5.367;5.3775;900;900
2026-06-08T09:14:37.0000000Z;5.369;5.377;900;900
2026-06-08T09:14:38.0000000Z;5.3695;5.377;3212;42500
2026-06-08T09:14:39.0000000Z;5.369;5.377;900;42500
2026-06-08T09:14:41.0000000Z;5.3695;5.3785;3212;1957
2026-06-08T09:14:43.0000000Z;5.369;5.379;900;900
2026-06-08T09:14:44.0000000Z;5.369;5.38;900;11153
2026-06-08T09:14:45.0000000Z;5.3695;5.3785;13012;1957
2026-06-08T09:14:46.0000000Z;5.3715;5.3835;900;464
2026-06-08T09:14:47.0000000Z;5.3715;5.384;900;11145
2026-06-08T09:14:48.0000000Z;5.3715;5.383;900;900
2026-06-08T09:14:49.0000000Z;5.3715;5.383;900;900
2026-06-08T09:14:50.0000000Z;5.372;5.3825;3542;2338
2026-06-08T09:14:51.0000000Z;5.3715;5.383;900;900
2026-06-08T09:14:53.0000000Z;5.3715;5.3825;900;900
2026-06-08T09:14:55.0000000Z;5.3715;5.382;900;900
2026-06-08T09:14:58.0000000Z;5.3715;5.3815;900;2083
2026-06-08T09:15:00.0000000Z;5.3715;5.382;900;900
2026-06-08T09:15:01.0000000Z;5.3725;5.383;900;11147
2026-06-08T09:15:02.0000000Z;5.373;5.382;3062;900
2026-06-08T09:15:03.0000000Z;5.3715;5.382;900;19614
2026-06-08T09:15:04.0000000Z;5.3715;5.3805;900;1851
2026-06-08T09:15:05.0000000Z;5.3715;5.381;900;900
2026-06-08T09:15:06.0000000Z;5.3715;5.381;900;900
2026-06-08T09:15:07.0000000Z;5.3715;5.3805;900;1851
2026-06-08T09:15:09.0000000Z;5.372;5.3805;3330;1851
2026-06-08T09:15:10.0000000Z;5.372;5.3805;3330;1851
2026-06-08T09:15:11.0000000Z;5.3715;5.381;900;900
2026-06-08T09:15:12.0000000Z;5.3715;5.381;900;900
2026-06-08T09:15:13.0000000Z;5.3715;5.381;900;900
2026-06-08T09:15:14.0000000Z;5.3715;5.381;900;900
2026-06-08T09:15:16.0000000Z;5.3715;5.3805;900;1851
2026-06-08T09:15:17.0000000Z;5.3715;5.381;900;900
2026-06-08T09:15:18.0000000Z;5.3715;5.381;900;900
2026-06-08T09:15:19.0000000Z;5.372;5.381;3330;900
2026-06-08T09:15:20.0000000Z;5.372;5.381;3330;900
2026-06-08T09:15:21.0000000Z;5.3715;5.381;900;900
2026-06-08T09:15:22.0000000Z;5.372;5.381;3330;900
2026-06-08T09:15:23.0000000Z;5.372;5.381;3330;900
2026-06-08T09:15:28.0000000Z;5.3715;5.379;42500;2588
2026-06-08T09:15:29.0000000Z;5.369;5.3785;900;2416
2026-06-08T09:15:30.0000000Z;5.368;5.3775;900;2131
2026-06-08T09:15:31.0000000Z;5.368;5.379;1365;900
2026-06-08T09:15:32.0000000Z;5.368;5.379;1365;900
2026-06-08T09:15:33.0000000Z;5.368;5.3775;1365;2131
2026-06-08T09:15:34.0000000Z;5.368;5.379;1365;900
2026-06-08T09:15:35.0000000Z;5.368;5.379;1365;900
2026-06-08T09:15:36.0000000Z;5.368;5.379;1365;900
2026-06-08T09:15:37.0000000Z;5.37;5.3785;2811;2161
2026-06-08T09:15:38.0000000Z;5.368;5.379;1365;900
2026-06-08T09:15:40.0000000Z;5.3695;5.379;2907;900
2026-06-08T09:15:42.0000000Z;5.3695;5.379;12707;900
2026-06-08T09:15:43.0000000Z;5.368;5.3785;1365;2161
2026-06-08T09:15:44.0000000Z;5.368;5.3785;1365;2161
2026-06-08T09:15:45.0000000Z;5.3695;5.3785;12707;2161
2026-06-08T09:15:46.0000000Z;5.3705;5.3785;2454;2161
2026-06-08T09:15:47.0000000Z;5.368;5.379;1365;900
2026-06-08T09:15:48.0000000Z;5.3705;5.379;2585;900
2026-06-08T09:15:50.0000000Z;5.368;5.379;1365;900
2026-06-08T09:15:51.0000000Z;5.3685;5.379;3387;900
2026-06-08T09:15:52.0000000Z;5.3705;5.379;2454;900
2026-06-08T09:15:53.0000000Z;5.368;5.379;1365;900
2026-06-08T09:15:59.0000000Z;5.368;5.3785;1365;2161
2026-06-08T09:16:00.0000000Z;5.3685;5.3785;13187;2161
2026-06-08T09:16:01.0000000Z;5.368;5.379;1365;900
2026-06-08T09:16:02.0000000Z;5.3695;5.379;12846;900
2026-06-08T09:16:04.0000000Z;5.368;5.379;900;900
2026-06-08T09:16:05.0000000Z;5.3685;5.379;900;900
2026-06-08T09:16:09.0000000Z;5.3685;5.3785;900;2164
2026-06-08T09:16:10.0000000Z;5.368;5.379;900;900
2026-06-08T09:16:12.0000000Z;5.3685;5.379;3314;900
2026-06-08T09:16:13.0000000Z;5.3685;5.3785;13326;2161
2026-06-08T09:16:14.0000000Z;5.368;5.379;1365;900
2026-06-08T09:16:17.0000000Z;5.368;5.379;1365;900
2026-06-08T09:16:18.0000000Z;5.3695;5.379;2907;900
2026-06-08T09:16:23.0000000Z;5.368;5.3785;1365;2161
2026-06-08T09:16:24.0000000Z;5.368;5.379;1365;900
2026-06-08T09:16:25.0000000Z;5.368;5.3785;1365;2161
2026-06-08T09:16:30.0000000Z;5.371;5.3785;2229;2161
2026-06-08T09:16:31.0000000Z;5.368;5.379;900;900
2026-06-08T09:16:32.0000000Z;5.368;5.379;1365;900
2026-06-08T09:16:36.0000000Z;5.371;5.3795;900;900
2026-06-08T09:16:37.0000000Z;5.371;5.38;900;11153
2026-06-08T09:16:38.0000000Z;5.3725;5.38;900;12053
2026-06-08T09:16:39.0000000Z;5.373;5.3795;2402;9295
2026-06-08T09:16:40.0000000Z;5.3725;5.38;900;11953
2026-06-08T09:16:41.0000000Z;5.3725;5.381;900;900
2026-06-08T09:16:43.0000000Z;5.3725;5.385;900;2600
2026-06-08T09:16:44.0000000Z;5.378;5.385;2475;2600
2026-06-08T09:16:45.0000000Z;5.378;5.385;12370;2600
2026-06-08T09:16:46.0000000Z;5.3795;5.385;2233;2600
2026-06-08T09:16:47.0000000Z;5.38;5.385;2124;2600
2026-06-08T09:16:48.0000000Z;5.3795;5.385;8465;2600
2026-06-08T09:16:49.0000000Z;5.3795;5.385;42500;2600
2026-06-08T09:16:50.0000000Z;5.381;5.385;900;2600
2026-06-08T09:16:51.0000000Z;5.381;5.385;900;2600
2026-06-08T09:16:52.0000000Z;5.381;5.385;42500;2600
2026-06-08T09:16:53.0000000Z;5.3805;5.385;653;2600
2026-06-08T09:16:54.0000000Z;5.381;5.385;42500;2600
2026-06-08T09:16:55.0000000Z;5.3815;5.385;3302;2600
2026-06-08T09:16:56.0000000Z;5.381;5.395;900;700
2026-06-08T09:16:57.0000000Z;5.384;5.395;3542;700
2026-06-08T09:16:58.0000000Z;5.3845;5.3855;3493;9285
2026-06-08T09:16:59.0000000Z;5.385;5.395;3542;42500
2026-06-08T09:17:00.0000000Z;5.391;5.395;11130;700
2026-06-08T09:17:01.0000000Z;5.391;5.395;10374;700
2026-06-08T09:17:02.0000000Z;5.3885;5.395;3063;700
2026-06-08T09:17:03.0000000Z;5.392;5.395;42500;700
2026-06-08T09:17:04.0000000Z;5.3815;5.395;502;700
2026-06-08T09:17:05.0000000Z;5.3825;5.394;900;900
2026-06-08T09:17:06.0000000Z;5.373;5.3935;502;2889
2026-06-08T09:17:07.0000000Z;5.384;5.392;9287;2225
2026-06-08T09:17:08.0000000Z;5.3815;5.3925;900;900
2026-06-08T09:17:09.0000000Z;5.3815;5.3925;900;900
2026-06-08T09:17:10.0000000Z;5.3815;5.3925;900;900
2026-06-08T09:17:11.0000000Z;5.3815;5.392;900;2370
2026-06-08T09:17:12.0000000Z;5.3815;5.3925;900;900
2026-06-08T09:17:13.0000000Z;5.3815;5.3925;900;900
2026-06-08T09:17:14.0000000Z;5.3815;5.3925;900;900
2026-06-08T09:17:15.0000000Z;5.3815;5.3925;900;900
2026-06-08T09:17:17.0000000Z;5.3815;5.3925;900;900
2026-06-08T09:17:18.0000000Z;5.3815;5.3925;900;900
2026-06-08T09:17:19.0000000Z;5.3835;5.393;3386;14766
2026-06-08T09:17:20.0000000Z;5.385;5.394;900;900
2026-06-08T09:17:21.0000000Z;5.385;5.393;900;51772
2026-06-08T09:17:22.0000000Z;5.386;5.395;3215;700
2026-06-08T09:17:23.0000000Z;5.388;5.395;3061;700
2026-06-08T09:17:24.0000000Z;5.3875;5.393;11137;9272
2026-06-08T09:17:25.0000000Z;5.388;5.393;2954;9272
2026-06-08T09:17:26.0000000Z;5.3885;5.395;900;700
2026-06-08T09:17:27.0000000Z;5.3885;5.395;900;700
2026-06-08T09:17:28.0000000Z;5.389;5.395;2836;700
2026-06-08T09:17:29.0000000Z;5.389;5.395;2836;700
2026-06-08T09:17:30.0000000Z;5.3885;5.395;900;1600
2026-06-08T09:17:31.0000000Z;5.3885;5.3945;900;900
2026-06-08T09:17:32.0000000Z;5.3885;5.3945;900;42500
2026-06-08T09:17:33.0000000Z;5.3885;5.3945;900;42500
2026-06-08T09:17:34.0000000Z;5.389;5.395;2836;700
2026-06-08T09:17:35.0000000Z;5.389;5.395;2836;51768
2026-06-08T09:17:36.0000000Z;5.389;5.3945;2836;42500
2026-06-08T09:17:37.0000000Z;5.3885;5.3945;900;900
2026-06-08T09:17:38.0000000Z;5.383;5.395;21557;700
2026-06-08T09:17:39.0000000Z;5.388;5.394;9280;2667
2026-06-08T09:17:40.0000000Z;5.382;5.393;11149;2262
2026-06-08T09:17:41.0000000Z;5.3825;5.394;3539;11124
2026-06-08T09:17:42.0000000Z;5.382;5.393;11149;900
2026-06-08T09:17:43.0000000Z;5.383;5.3925;3336;1968
2026-06-08T09:17:44.0000000Z;5.383;5.394;3336;11124
2026-06-08T09:17:45.0000000Z;5.383;5.394;900;11124
2026-06-08T09:17:46.0000000Z;5.383;5.3925;12982;2096
2026-06-08T09:17:47.0000000Z;5.381;5.393;3386;11126
2026-06-08T09:17:48.0000000Z;5.3825;5.395;8465;11822
2026-06-08T09:17:49.0000000Z;5.3835;5.3925;12981;44340
2026-06-08T09:17:50.0000000Z;5.383;5.3935;11147;11125
2026-06-08T09:17:51.0000000Z;5.383;5.3935;11147;11125
2026-06-08T09:17:52.0000000Z;5.383;5.3935;11147;11125
2026-06-08T09:17:53.0000000Z;5.3845;5.3925;2714;900
2026-06-08T09:17:54.0000000Z;5.384;5.3925;900;900
2026-06-08T09:17:55.0000000Z;5.384;5.3925;900;900
2026-06-08T09:17:56.0000000Z;5.384;5.391;900;900
2026-06-08T09:17:57.0000000Z;5.38;5.3905;900;900
2026-06-08T09:17:58.0000000Z;5.38;5.3905;900;900
2026-06-08T09:17:59.0000000Z;5.38;5.3905;900;900
2026-06-08T09:18:00.0000000Z;5.3835;5.3905;9288;42500
2026-06-08T09:18:01.0000000Z;5.3815;5.3905;900;42500
2026-06-08T09:18:02.0000000Z;5.3815;5.3895;900;1617
2026-06-08T09:18:03.0000000Z;5.3815;5.39;900;900
2026-06-08T09:18:04.0000000Z;5.3815;5.39;900;900
2026-06-08T09:18:05.0000000Z;5.3815;5.3895;900;900
2026-06-08T09:18:06.0000000Z;5.3815;5.3895;900;900
2026-06-08T09:18:07.0000000Z;5.3815;5.3895;900;900
2026-06-08T09:18:08.0000000Z;5.3815;5.3895;900;900
2026-06-08T09:18:09.0000000Z;5.3815;5.39;900;900
2026-06-08T09:18:10.0000000Z;5.3815;5.3895;900;900
2026-06-08T09:18:11.0000000Z;5.3815;5.3895;900;42500
2026-06-08T09:18:12.0000000Z;5.3815;5.3895;900;900
2026-06-08T09:18:13.0000000Z;5.3815;5.3895;900;900
2026-06-08T09:18:14.0000000Z;5.3815;5.3895;900;900
2026-06-08T09:18:15.0000000Z;5.3815;5.3895;900;900
2026-06-08T09:18:17.0000000Z;5.3815;5.3895;900;900
2026-06-08T09:18:18.0000000Z;5.3815;5.3895;900;900
2026-06-08T09:18:20.0000000Z;5.382;5.389;2754;1607
2026-06-08T09:18:21.0000000Z;5.382;5.3885;2379;42500
2026-06-08T09:18:22.0000000Z;5.381;5.3905;11151;11131
2026-06-08T09:18:23.0000000Z;5.381;5.39;11151;8465
2026-06-08T09:18:24.0000000Z;5.3825;5.3885;2509;1225
2026-06-08T09:18:25.0000000Z;5.382;5.3895;900;1446
2026-06-08T09:18:26.0000000Z;5.381;5.3905;11151;11131
2026-06-08T09:18:27.0000000Z;5.382;5.389;900;1345
2026-06-08T09:18:28.0000000Z;5.382;5.3895;900;900
2026-06-08T09:18:29.0000000Z;5.382;5.39;900;900
2026-06-08T09:18:30.0000000Z;5.3825;5.3895;3029;42500
2026-06-08T09:18:31.0000000Z;5.382;5.3945;900;11123
2026-06-08T09:18:32.0000000Z;5.384;5.3935;900;900
2026-06-08T09:18:33.0000000Z;5.3845;5.3935;2942;900
2026-06-08T09:18:34.0000000Z;5.384;5.3935;900;900
2026-06-08T09:18:35.0000000Z;5.384;5.3945;900;11123
2026-06-08T09:18:36.0000000Z;5.384;5.393;900;1816
2026-06-08T09:18:37.0000000Z;5.384;5.393;900;1816
2026-06-08T09:18:38.0000000Z;5.384;5.3935;900;900
2026-06-08T09:18:39.0000000Z;5.384;5.3935;900;900
2026-06-08T09:18:40.0000000Z;5.384;5.3935;900;900
2026-06-08T09:18:41.0000000Z;5.384;5.3935;900;900
2026-06-08T09:18:43.0000000Z;5.383;5.3945;11147;11123
2026-06-08T09:18:44.0000000Z;5.384;5.3935;900;900
2026-06-08T09:18:46.0000000Z;5.384;5.394;900;900
2026-06-08T09:18:47.0000000Z;5.384;5.394;900;900
2026-06-08T09:18:48.0000000Z;5.384;5.3935;900;1998
2026-06-08T09:18:49.0000000Z;5.384;5.3935;900;1998
2026-06-08T09:18:50.0000000Z;5.384;5.394;900;900
2026-06-08T09:18:51.0000000Z;5.384;5.394;900;900
2026-06-08T09:18:58.0000000Z;5.384;5.393;900;1988
2026-06-08T09:18:59.0000000Z;5.384;5.3945;900;11123
2026-06-08T09:19:00.0000000Z;5.384;5.3945;900;11123
2026-06-08T09:19:01.0000000Z;5.384;5.3935;900;900
2026-06-08T09:19:02.0000000Z;5.384;5.393;900;1840
2026-06-08T09:19:03.0000000Z;5.3845;5.393;3080;1840
2026-06-08T09:19:05.0000000Z;5.384;5.3945;900;11123
2026-06-08T09:19:06.0000000Z;5.384;5.3935;900;900
2026-06-08T09:19:08.0000000Z;5.3845;5.3935;3080;900
2026-06-08T09:19:09.0000000Z;5.3845;5.393;3080;1840
2026-06-08T09:19:10.0000000Z;5.384;5.3935;900;900
2026-06-08T09:19:11.0000000Z;5.384;5.393;900;1840
2026-06-08T09:19:12.0000000Z;5.3845;5.3935;3080;900
2026-06-08T09:19:13.0000000Z;5.384;5.3935;900;900
2026-06-08T09:19:14.0000000Z;5.384;5.3935;900;900
2026-06-08T09:19:15.0000000Z;5.384;5.393;900;1988
2026-06-08T09:19:16.0000000Z;5.384;5.3935;900;900
2026-06-08T09:19:18.0000000Z;5.384;5.3935;900;900
2026-06-08T09:19:19.0000000Z;5.384;5.393;900;900
2026-06-08T09:19:20.0000000Z;5.384;5.393;900;900
2026-06-08T09:19:21.0000000Z;5.384;5.3925;900;1712
2026-06-08T09:19:22.0000000Z;5.384;5.393;900;900
2026-06-08T09:19:23.0000000Z;5.384;5.3925;900;900
2026-06-08T09:19:24.0000000Z;5.3845;5.392;3080;1733
2026-06-08T09:19:25.0000000Z;5.384;5.392;900;1733
2026-06-08T09:19:26.0000000Z;5.384;5.3925;900;900
2026-06-08T09:19:28.0000000Z;5.384;5.3925;900;900
2026-06-08T09:19:29.0000000Z;5.384;5.3925;900;900
2026-06-08T09:19:30.0000000Z;5.384;5.3925;900;900
2026-06-08T09:19:34.0000000Z;5.384;5.3925;900;900
2026-06-08T09:19:35.0000000Z;5.384;5.3925;900;900
2026-06-08T09:19:36.0000000Z;5.384;5.3925;900;900
2026-06-08T09:19:38.0000000Z;5.3845;5.392;3080;1733
2026-06-08T09:19:39.0000000Z;5.384;5.3925;900;900
2026-06-08T09:19:42.0000000Z;5.384;5.3925;900;900
2026-06-08T09:19:43.0000000Z;5.384;5.3925;900;900
2026-06-08T09:19:45.0000000Z;5.384;5.3925;900;900
2026-06-08T09:19:53.0000000Z;5.384;5.3935;900;11125
2026-06-08T09:19:54.0000000Z;5.384;5.3925;900;900
2026-06-08T09:19:55.0000000Z;5.384;5.392;900;1733
2026-06-08T09:19:56.0000000Z;5.384;5.3925;900;900
2026-06-08T09:19:57.0000000Z;5.384;5.3925;900;900
2026-06-08T09:19:58.0000000Z;5.384;5.3925;900;900
2026-06-08T09:20:00.0000000Z;5.384;5.3935;900;11125
2026-06-08T09:20:01.0000000Z;5.384;5.393;900;900
2026-06-08T09:20:02.0000000Z;5.384;5.393;900;900
2026-06-08T09:20:03.0000000Z;5.384;5.393;900;900
2026-06-08T09:20:05.0000000Z;5.384;5.3935;900;12025
2026-06-08T09:20:06.0000000Z;5.3925;5.393;55;900
2026-06-08T09:20:07.0000000Z;5.3925;5.393;55;865
2026-06-08T09:20:08.0000000Z;5.3925;5.393;55;865
2026-06-08T09:20:09.0000000Z;5.3925;5.3935;55;11125
2026-06-08T09:20:10.0000000Z;5.3925;5.393;42500;900
2026-06-08T09:20:11.0000000Z;5.39;5.3925;42500;896
2026-06-08T09:20:13.0000000Z;5.384;5.3925;900;1914
2026-06-08T09:20:14.0000000Z;5.384;5.393;900;900
2026-06-08T09:20:15.0000000Z;5.3845;5.393;2844;900
2026-06-08T09:20:16.0000000Z;5.384;5.3935;900;12025
2026-06-08T09:20:17.0000000Z;5.384;5.3935;900;11125
2026-06-08T09:20:18.0000000Z;5.384;5.393;900;5400
2026-06-08T09:20:19.0000000Z;5.384;5.393;900;900
2026-06-08T09:20:20.0000000Z;5.384;5.393;900;900
2026-06-08T09:20:21.0000000Z;5.384;5.3925;900;1914
2026-06-08T09:20:26.0000000Z;5.384;5.393;900;900
2026-06-08T09:20:30.0000000Z;5.384;5.3935;900;8025
2026-06-08T09:20:31.0000000Z;5.384;5.393;900;16298
2026-06-08T09:20:32.0000000Z;5.384;5.394;900;900
2026-06-08T09:20:33.0000000Z;5.384;5.3925;900;1914
2026-06-08T09:20:34.0000000Z;5.3855;5.394;12552;900
2026-06-08T09:20:35.0000000Z;5.3855;5.393;12552;1688
2026-06-08T09:20:36.0000000Z;5.3855;5.3935;12552;1944
2026-06-08T09:20:39.0000000Z;5.384;5.394;900;900
2026-06-08T09:20:40.0000000Z;5.384;5.394;900;900
2026-06-08T09:20:41.0000000Z;5.384;5.3935;900;1944
2026-06-08T09:20:43.0000000Z;5.387;5.3945;900;12229
2026-06-08T09:20:44.0000000Z;5.387;5.395;900;700
2026-06-08T09:20:45.0000000Z;5.387;5.3945;900;9269
2026-06-08T09:20:46.0000000Z;5.3875;5.395;900;700
2026-06-08T09:20:47.0000000Z;5.388;5.395;2701;700
2026-06-08T09:20:48.0000000Z;5.389;5.395;900;700
2026-06-08T09:20:49.0000000Z;5.389;5.395;900;700
2026-06-08T09:20:50.0000000Z;5.389;5.395;900;700
2026-06-08T09:20:51.0000000Z;5.389;5.395;900;700
2026-06-08T09:20:52.0000000Z;5.3895;5.395;2385;700
2026-06-08T09:20:53.0000000Z;5.389;5.395;900;700
2026-06-08T09:20:54.0000000Z;5.3895;5.395;2385;700
2026-06-08T09:20:55.0000000Z;5.389;5.395;900;700
2026-06-08T09:20:57.0000000Z;5.3895;5.395;2235;700
2026-06-08T09:20:58.0000000Z;5.389;5.395;900;700
2026-06-08T09:20:59.0000000Z;5.3895;5.395;2365;700
2026-06-08T09:21:00.0000000Z;5.389;5.395;900;700
2026-06-08T09:21:01.0000000Z;5.389;5.395;900;700
2026-06-08T09:21:02.0000000Z;5.3895;5.395;2365;42500
2026-06-08T09:21:04.0000000Z;5.389;5.395;900;700
2026-06-08T09:21:05.0000000Z;5.389;5.395;900;700
2026-06-08T09:21:06.0000000Z;5.389;5.395;900;700
2026-06-08T09:21:07.0000000Z;5.389;5.395;900;700
2026-06-08T09:21:08.0000000Z;5.389;5.395;900;700
2026-06-08T09:21:09.0000000Z;5.389;5.395;900;700
2026-06-08T09:21:10.0000000Z;5.3895;5.395;2385;700
2026-06-08T09:21:11.0000000Z;5.3895;5.3945;2385;1089
2026-06-08T09:21:12.0000000Z;5.389;5.395;900;700
2026-06-08T09:21:13.0000000Z;5.3895;5.395;2385;42500
2026-06-08T09:21:14.0000000Z;5.3895;5.395;2385;42500
2026-06-08T09:21:15.0000000Z;5.389;5.395;900;700
2026-06-08T09:21:16.0000000Z;5.389;5.395;900;700
2026-06-08T09:21:17.0000000Z;5.389;5.395;900;700
2026-06-08T09:21:19.0000000Z;5.389;5.395;900;700
2026-06-08T09:21:20.0000000Z;5.3895;5.395;2385;700
2026-06-08T09:21:21.0000000Z;5.3895;5.395;2385;700
2026-06-08T09:21:25.0000000Z;5.3895;5.395;2385;42500
2026-06-08T09:21:27.0000000Z;5.388;5.395;28134;700
2026-06-08T09:21:28.0000000Z;5.388;5.395;31520;700
2026-06-08T09:21:29.0000000Z;5.389;5.3975;900;11117
2026-06-08T09:21:30.0000000Z;5.3905;5.4005;900;11111
2026-06-08T09:21:31.0000000Z;5.3905;5.3995;900;900
2026-06-08T09:21:32.0000000Z;5.3895;5.3995;11133;900
2026-06-08T09:21:33.0000000Z;5.3905;5.3995;900;900
2026-06-08T09:21:34.0000000Z;5.3905;5.3995;900;900
2026-06-08T09:21:35.0000000Z;5.392;5.401;653;3386
2026-06-08T09:21:36.0000000Z;5.391;5.3995;3293;1576
2026-06-08T09:21:37.0000000Z;5.392;5.4;2955;1706
2026-06-08T09:21:39.0000000Z;5.3915;5.4005;900;900
2026-06-08T09:21:41.0000000Z;5.3915;5.4005;900;900
2026-06-08T09:21:42.0000000Z;5.3915;5.4005;900;900
2026-06-08T09:21:43.0000000Z;5.3915;5.4;900;1706
2026-06-08T09:21:45.0000000Z;5.3915;5.4005;900;900
2026-06-08T09:21:46.0000000Z;5.3915;5.4005;900;900
2026-06-08T09:21:48.0000000Z;5.3905;5.4015;11131;11109
2026-06-08T09:21:49.0000000Z;5.3915;5.4005;900;900
2026-06-08T09:21:50.0000000Z;5.3915;5.4005;900;900
2026-06-08T09:21:51.0000000Z;5.3915;5.4005;900;900
2026-06-08T09:21:52.0000000Z;5.3905;5.4005;11131;900
2026-06-08T09:21:53.0000000Z;5.3915;5.4005;900;900
2026-06-08T09:21:55.0000000Z;5.3915;5.4005;900;900
2026-06-08T09:21:56.0000000Z;5.3915;5.4;900;1682
2026-06-08T09:21:57.0000000Z;5.3915;5.4005;900;900
2026-06-08T09:21:58.0000000Z;5.3915;5.3975;900;900
2026-06-08T09:21:59.0000000Z;5.3915;5.3975;900;900
2026-06-08T09:22:00.0000000Z;5.389;5.398;900;900
2026-06-08T09:22:01.0000000Z;5.389;5.3975;900;44182
2026-06-08T09:22:02.0000000Z;5.3915;5.3975;1935;1738
2026-06-08T09:22:03.0000000Z;5.389;5.398;900;900
2026-06-08T09:22:05.0000000Z;5.391;5.3975;9275;1910
2026-06-08T09:22:06.0000000Z;5.389;5.3975;900;1176
2026-06-08T09:22:07.0000000Z;5.389;5.4;900;900
2026-06-08T09:22:08.0000000Z;5.389;5.3995;900;2218
2026-06-08T09:22:09.0000000Z;5.389;5.4;900;900
2026-06-08T09:22:13.0000000Z;5.389;5.3985;900;900
2026-06-08T09:22:18.0000000Z;5.3895;5.3985;3098;900
2026-06-08T09:22:19.0000000Z;5.3895;5.3985;3098;900
2026-06-08T09:22:20.0000000Z;5.3885;5.3985;900;900
2026-06-08T09:22:21.0000000Z;5.3885;5.3985;900;900
2026-06-08T09:22:22.0000000Z;5.3885;5.3985;900;825
2026-06-08T09:22:23.0000000Z;5.3885;5.398;900;2135
2026-06-08T09:22:24.0000000Z;5.3885;5.3985;900;900
2026-06-08T09:22:25.0000000Z;5.3885;5.3985;900;900
2026-06-08T09:22:26.0000000Z;5.3885;5.3985;900;42500
2026-06-08T09:22:27.0000000Z;5.3885;5.3985;6328;900
2026-06-08T09:22:28.0000000Z;5.389;5.398;3195;2135
2026-06-08T09:22:29.0000000Z;5.389;5.3985;3195;900
2026-06-08T09:22:30.0000000Z;5.3885;5.3985;900;900
2026-06-08T09:22:36.0000000Z;5.3885;5.3985;900;900
2026-06-08T09:22:38.0000000Z;5.3885;5.398;900;2135
2026-06-08T09:22:39.0000000Z;5.3885;5.398;900;2135
2026-06-08T09:22:45.0000000Z;5.3885;5.3985;900;900
2026-06-08T09:22:46.0000000Z;5.3885;5.3985;900;900
2026-06-08T09:22:47.0000000Z;5.3885;5.3985;900;900
2026-06-08T09:22:49.0000000Z;5.3885;5.3985;900;900
2026-06-08T09:22:50.0000000Z;5.3885;5.3985;900;900
2026-06-08T09:22:51.0000000Z;5.389;5.398;3195;2111
2026-06-08T09:22:52.0000000Z;5.3875;5.3985;11137;900
2026-06-08T09:22:53.0000000Z;5.3885;5.3985;900;900
2026-06-08T09:22:55.0000000Z;5.3885;5.3985;900;900
2026-06-08T09:22:59.0000000Z;5.3885;5.3985;900;900
2026-06-08T09:23:00.0000000Z;5.3885;5.3985;900;900
2026-06-08T09:23:02.0000000Z;5.3885;5.3985;900;900
2026-06-08T09:23:03.0000000Z;5.3885;5.3985;900;900
2026-06-08T09:23:04.0000000Z;5.3885;5.3985;900;900
2026-06-08T09:23:05.0000000Z;5.3885;5.3985;900;900
2026-06-08T09:23:06.0000000Z;5.3885;5.3985;900;900
2026-06-08T09:23:07.0000000Z;5.389;5.3985;3035;900
2026-06-08T09:23:08.0000000Z;5.3885;5.3985;900;900
2026-06-08T09:23:11.0000000Z;5.3885;5.394;900;900
2026-06-08T09:23:12.0000000Z;5.3885;5.3935;42500;1295
2026-06-08T09:23:13.0000000Z;5.3885;5.3935;900;1295
2026-06-08T09:23:16.0000000Z;5.3835;5.394;464;42500
2026-06-08T09:23:17.0000000Z;5.3845;5.395;900;900
2026-06-08T09:23:18.0000000Z;5.3855;5.3945;2941;2095
2026-06-08T09:23:19.0000000Z;5.3845;5.395;900;900
2026-06-08T09:23:22.0000000Z;5.385;5.395;3180;900
2026-06-08T09:23:26.0000000Z;5.385;5.395;3180;900
2026-06-08T09:23:31.0000000Z;5.385;5.3945;3362;1946
2026-06-08T09:23:32.0000000Z;5.386;5.395;900;900
2026-06-08T09:23:35.0000000Z;5.3865;5.395;2980;900
2026-06-08T09:23:36.0000000Z;5.386;5.395;900;42500
2026-06-08T09:23:37.0000000Z;5.386;5.395;900;900
2026-06-08T09:23:39.0000000Z;5.386;5.395;900;900
2026-06-08T09:23:42.0000000Z;5.386;5.395;900;900
2026-06-08T09:23:43.0000000Z;5.3865;5.395;2980;900
2026-06-08T09:23:44.0000000Z;5.3865;5.395;2980;900
2026-06-08T09:23:45.0000000Z;5.386;5.3945;2713;2071
2026-06-08T09:23:46.0000000Z;5.3845;5.395;900;900
2026-06-08T09:23:47.0000000Z;5.3845;5.395;900;900
2026-06-08T09:23:48.0000000Z;5.3845;5.395;900;900
2026-06-08T09:23:52.0000000Z;5.3845;5.395;900;900
2026-06-08T09:23:56.0000000Z;5.3845;5.395;900;42500
2026-06-08T09:23:57.0000000Z;5.3865;5.395;12809;900
2026-06-08T09:23:58.0000000Z;5.385;5.395;900;900
2026-06-08T09:23:59.0000000Z;5.3855;5.395;3032;900
2026-06-08T09:24:00.0000000Z;5.3855;5.395;3032;900
2026-06-08T09:24:01.0000000Z;5.385;5.395;900;900
2026-06-08T09:24:02.0000000Z;5.3865;5.3945;900;900
2026-06-08T09:24:03.0000000Z;5.3865;5.3945;900;900
2026-06-08T09:24:04.0000000Z;5.3865;5.394;900;900
2026-06-08T09:24:05.0000000Z;5.387;5.3935;2618;1342
2026-06-08T09:24:07.0000000Z;5.3865;5.394;900;900
2026-06-08T09:24:08.0000000Z;5.387;5.3935;2618;1481
2026-06-08T09:24:09.0000000Z;5.386;5.392;900;900
2026-06-08T09:24:10.0000000Z;5.386;5.392;900;900
2026-06-08T09:24:11.0000000Z;5.3845;5.392;900;900
2026-06-08T09:24:12.0000000Z;5.3845;5.3925;900;900
2026-06-08T09:24:13.0000000Z;5.3845;5.392;900;900
2026-06-08T09:24:14.0000000Z;5.3845;5.392;900;900
2026-06-08T09:24:16.0000000Z;5.3845;5.392;900;900
2026-06-08T09:24:18.0000000Z;5.3845;5.392;900;900
2026-06-08T09:24:19.0000000Z;5.3845;5.3915;900;1483
2026-06-08T09:24:21.0000000Z;5.3845;5.392;900;900
2026-06-08T09:24:22.0000000Z;5.3845;5.392;900;900
2026-06-08T09:24:23.0000000Z;5.3845;5.392;900;900
2026-06-08T09:24:25.0000000Z;5.3845;5.392;900;900
2026-06-08T09:24:26.0000000Z;5.3845;5.392;900;900
2026-06-08T09:24:27.0000000Z;5.3845;5.392;900;900
2026-06-08T09:24:30.0000000Z;5.3845;5.392;900;900
2026-06-08T09:24:31.0000000Z;5.3845;5.392;900;900
2026-06-08T09:24:38.0000000Z;5.3845;5.392;900;880
2026-06-08T09:24:39.0000000Z;5.384;5.3905;900;900
2026-06-08T09:24:40.0000000Z;5.3845;5.3905;2266;42500
2026-06-08T09:24:41.0000000Z;5.3815;5.39;900;900
2026-06-08T09:24:42.0000000Z;5.3815;5.3905;900;900
2026-06-08T09:24:43.0000000Z;5.382;5.39;2802;1745
2026-06-08T09:24:44.0000000Z;5.382;5.39;2802;1745
2026-06-08T09:24:45.0000000Z;5.3815;5.3905;900;900
2026-06-08T09:24:46.0000000Z;5.3815;5.39;900;900
2026-06-08T09:24:47.0000000Z;5.3815;5.3895;900;1587
2026-06-08T09:24:48.0000000Z;5.3825;5.3985;900;463
2026-06-08T09:24:49.0000000Z;5.383;5.39;3542;42500
2026-06-08T09:24:50.0000000Z;5.3795;5.388;900;42500
2026-06-08T09:24:51.0000000Z;5.3795;5.388;900;900
2026-06-08T09:24:52.0000000Z;5.379;5.3875;900;900
2026-06-08T09:24:53.0000000Z;5.3795;5.3875;900;900
2026-06-08T09:24:54.0000000Z;5.38;5.3875;2626;42500
2026-06-08T09:24:55.0000000Z;5.38;5.3875;2626;900
2026-06-08T09:24:56.0000000Z;5.3795;5.3875;900;900
2026-06-08T09:24:57.0000000Z;5.3795;5.3875;900;900
2026-06-08T09:24:58.0000000Z;5.3795;5.3875;900;900
2026-06-08T09:24:59.0000000Z;5.38;5.387;2756;1609
2026-06-08T09:24:59.0000000Z;5.3785;5.3885;11156;11135
2026-06-08T09:25:00.0000000Z;5.3795;5.3885;900;11135
2026-06-08T09:25:01.0000000Z;5.3795;5.3875;900;900
2026-06-08T09:25:03.0000000Z;5.38;5.3875;2756;900
2026-06-08T09:25:04.0000000Z;5.3795;5.387;900;1609
2026-06-08T09:25:05.0000000Z;5.3795;5.3875;900;900
2026-06-08T09:25:06.0000000Z;5.3795;5.387;900;1445
2026-06-08T09:25:08.0000000Z;5.381;5.3875;900;900
2026-06-08T09:25:09.0000000Z;5.381;5.3875;900;900
2026-06-08T09:25:10.0000000Z;5.381;5.3875;900;900
2026-06-08T09:25:11.0000000Z;5.381;5.3875;900;900
2026-06-08T09:25:12.0000000Z;5.3815;5.3875;2267;900
2026-06-08T09:25:13.0000000Z;5.3815;5.3875;2329;42500
2026-06-08T09:25:14.0000000Z;5.381;5.3865;900;10715
2026-06-08T09:25:15.0000000Z;5.381;5.3865;42500;11615
2026-06-08T09:25:16.0000000Z;5.381;5.3865;900;42500
2026-06-08T09:25:17.0000000Z;5.381;5.3865;42500;42500
2026-06-08T09:25:19.0000000Z;5.381;5.3865;42500;42500
2026-06-08T09:25:21.0000000Z;5.3815;5.3865;653;900
2026-06-08T09:25:22.0000000Z;5.381;5.3875;900;11137
2026-06-08T09:25:23.0000000Z;5.381;5.3865;900;22754
2026-06-08T09:25:27.0000000Z;5.381;5.3865;900;22754
2026-06-08T09:25:28.0000000Z;5.381;5.3865;900;22754
2026-06-08T09:25:35.0000000Z;5.381;5.386;900;18744
2026-06-08T09:25:36.0000000Z;5.381;5.3865;900;42500
2026-06-08T09:25:38.0000000Z;5.381;5.3865;900;11139
2026-06-08T09:25:39.0000000Z;5.381;5.3915;900;900
2026-06-08T09:25:40.0000000Z;5.3815;5.388;3542;900
2026-06-08T09:25:41.0000000Z;5.381;5.3885;900;900
2026-06-08T09:25:45.0000000Z;5.381;5.3885;900;900
2026-06-08T09:25:46.0000000Z;5.381;5.388;900;1844
2026-06-08T09:25:47.0000000Z;5.3815;5.3885;3542;900
2026-06-08T09:25:48.0000000Z;5.381;5.3885;900;900
2026-06-08T09:25:49.0000000Z;5.3815;5.3885;2463;900
2026-06-08T09:25:50.0000000Z;5.381;5.3885;900;900
2026-06-08T09:25:51.0000000Z;5.3815;5.3885;2381;900
2026-06-08T09:25:53.0000000Z;5.381;5.3885;900;900
2026-06-08T09:25:56.0000000Z;5.3815;5.389;2463;11134
2026-06-08T09:25:57.0000000Z;5.381;5.3885;900;900
2026-06-08T09:25:59.0000000Z;5.381;5.388;900;2018
2026-06-08T09:25:59.0000000Z;5.381;5.3885;900;900
2026-06-08T09:26:03.0000000Z;5.3815;5.3885;2463;900
2026-06-08T09:26:06.0000000Z;5.381;5.388;900;900
2026-06-08T09:26:07.0000000Z;5.381;5.388;900;44518
2026-06-08T09:26:08.0000000Z;5.381;5.388;900;44518
2026-06-08T09:26:11.0000000Z;5.381;5.388;900;900
2026-06-08T09:26:12.0000000Z;5.381;5.3875;900;1836
2026-06-08T09:26:13.0000000Z;5.381;5.388;900;900
2026-06-08T09:26:16.0000000Z;5.381;5.388;900;900
2026-06-08T09:26:17.0000000Z;5.381;5.388;42500;900
2026-06-08T09:26:18.0000000Z;5.381;5.388;900;900
2026-06-08T09:26:19.0000000Z;5.381;5.388;900;900
2026-06-08T09:26:20.0000000Z;5.381;5.388;900;900
2026-06-08T09:26:24.0000000Z;5.381;5.388;900;900
2026-06-08T09:26:25.0000000Z;5.381;5.3875;42500;1836
2026-06-08T09:26:26.0000000Z;5.381;5.388;900;900
2026-06-08T09:26:33.0000000Z;5.381;5.388;900;900
2026-06-08T09:26:39.0000000Z;5.381;5.388;900;900
2026-06-08T09:26:41.0000000Z;5.381;5.3875;900;1382
2026-06-08T09:26:42.0000000Z;5.381;5.388;900;900
2026-06-08T09:26:46.0000000Z;5.381;5.388;42500;900
2026-06-08T09:26:50.0000000Z;5.3815;5.3875;653;1382
2026-06-08T09:26:51.0000000Z;5.381;5.388;900;900
2026-06-08T09:27:00.0000000Z;5.381;5.3875;42500;1874
2026-06-08T09:27:01.0000000Z;5.381;5.388;42500;900
2026-06-08T09:27:05.0000000Z;5.381;5.388;900;900
2026-06-08T09:27:06.0000000Z;5.381;5.388;900;900
2026-06-08T09:27:07.0000000Z;5.381;5.388;900;839
2026-06-08T09:27:08.0000000Z;5.381;5.388;900;839
2026-06-08T09:27:10.0000000Z;5.3815;5.3875;2415;1382
2026-06-08T09:27:11.0000000Z;5.381;5.388;900;900
2026-06-08T09:27:26.0000000Z;5.381;5.3875;900;1326
2026-06-08T09:27:27.0000000Z;5.381;5.3875;900;1726
2026-06-08T09:27:28.0000000Z;5.381;5.388;900;900
2026-06-08T09:27:29.0000000Z;5.381;5.388;900;900
2026-06-08T09:27:30.0000000Z;5.3815;5.388;2381;900
2026-06-08T09:27:32.0000000Z;5.381;5.388;900;900
2026-06-08T09:27:40.0000000Z;5.381;5.388;900;900
2026-06-08T09:27:42.0000000Z;5.381;5.388;900;900
2026-06-08T09:27:45.0000000Z;5.381;5.388;900;21851
2026-06-08T09:27:46.0000000Z;5.381;5.388;900;21851
2026-06-08T09:27:48.0000000Z;5.381;5.388;900;22751
2026-06-08T09:27:50.0000000Z;5.381;5.388;900;22751
2026-06-08T09:27:52.0000000Z;5.381;5.388;900;11136
2026-06-08T09:27:56.0000000Z;5.3815;5.388;2463;11136
2026-06-08T09:27:57.0000000Z;5.381;5.388;900;12036
2026-06-08T09:27:58.0000000Z;5.381;5.3875;900;900
2026-06-08T09:28:00.0000000Z;5.381;5.3865;900;1498
2026-06-08T09:28:02.0000000Z;5.381;5.387;900;44101
2026-06-08T09:28:04.0000000Z;5.381;5.387;900;900
2026-06-08T09:28:10.0000000Z;5.381;5.387;900;900
2026-06-08T09:28:11.0000000Z;5.381;5.387;900;900
2026-06-08T09:28:12.0000000Z;5.381;5.387;900;900
2026-06-08T09:28:13.0000000Z;5.381;5.387;900;42500
2026-06-08T09:28:15.0000000Z;5.3815;5.387;653;42500
2026-06-08T09:28:16.0000000Z;5.3815;5.387;653;900
2026-06-08T09:28:17.0000000Z;5.381;5.387;900;900
2026-06-08T09:28:19.0000000Z;5.3815;5.387;2222;42500
2026-06-08T09:28:20.0000000Z;5.381;5.386;900;1346
2026-06-08T09:28:24.0000000Z;5.38;5.386;500;1392
2026-06-08T09:28:25.0000000Z;5.381;5.3865;900;900
2026-06-08T09:28:27.0000000Z;5.381;5.386;900;1392
2026-06-08T09:28:28.0000000Z;5.381;5.386;900;1392
2026-06-08T09:28:29.0000000Z;5.381;5.3865;900;900
2026-06-08T09:28:30.0000000Z;5.381;5.3865;900;900
2026-06-08T09:28:31.0000000Z;5.381;5.3865;900;900
2026-06-08T09:28:32.0000000Z;5.381;5.3865;42500;900
2026-06-08T09:28:33.0000000Z;5.381;5.3865;900;900
2026-06-08T09:28:34.0000000Z;5.381;5.387;900;12038
2026-06-08T09:28:35.0000000Z;5.3815;5.387;1984;12038
2026-06-08T09:28:37.0000000Z;5.3815;5.387;1984;51782
2026-06-08T09:28:39.0000000Z;5.3815;5.387;1984;51782
2026-06-08T09:28:40.0000000Z;5.381;5.387;900;11138
2026-06-08T09:28:42.0000000Z;5.3815;5.387;1984;11138
2026-06-08T09:28:43.0000000Z;5.381;5.387;900;11138
2026-06-08T09:28:44.0000000Z;5.3815;5.387;1984;42500
2026-06-08T09:28:47.0000000Z;5.381;5.387;900;15638
2026-06-08T09:28:48.0000000Z;5.381;5.387;900;11138
2026-06-08T09:29:01.0000000Z;5.381;5.387;900;11138
2026-06-08T09:29:02.0000000Z;5.38;5.387;500;11138
2026-06-08T09:29:03.0000000Z;5.381;5.387;900;11138
2026-06-08T09:29:04.0000000Z;5.381;5.387;900;11138
2026-06-08T09:29:07.0000000Z;5.381;5.387;900;11138
2026-06-08T09:29:08.0000000Z;5.381;5.387;900;11138
2026-06-08T09:29:09.0000000Z;5.381;5.387;900;11138
2026-06-08T09:29:10.0000000Z;5.381;5.387;900;11108
2026-06-08T09:29:11.0000000Z;5.381;5.387;900;11108
2026-06-08T09:29:12.0000000Z;5.381;5.3865;900;13495
2026-06-08T09:29:13.0000000Z;5.381;5.389;900;900
2026-06-08T09:29:15.0000000Z;5.381;5.3875;900;9281
2026-06-08T09:29:18.0000000Z;5.381;5.389;900;900
2026-06-08T09:29:19.0000000Z;5.381;5.3885;900;1577
2026-06-08T09:29:25.0000000Z;5.381;5.3885;900;1577
2026-06-08T09:29:26.0000000Z;5.381;5.389;900;900
2026-06-08T09:29:28.0000000Z;5.381;5.389;900;21849
2026-06-08T09:29:29.0000000Z;5.381;5.389;900;11134
2026-06-08T09:29:30.0000000Z;5.381;5.389;900;11134
2026-06-08T09:29:32.0000000Z;5.381;5.389;900;11134
2026-06-08T09:29:33.0000000Z;5.381;5.389;900;11134
2026-06-08T09:29:35.0000000Z;5.381;5.389;900;42500
2026-06-08T09:29:40.0000000Z;5.3815;5.3885;2432;1655
2026-06-08T09:29:41.0000000Z;5.381;5.389;900;12034
2026-06-08T09:29:43.0000000Z;5.381;5.389;900;12034
2026-06-08T09:29:44.0000000Z;5.381;5.3885;900;1938
2026-06-08T09:29:46.0000000Z;5.381;5.389;900;42500
2026-06-08T09:29:47.0000000Z;5.381;5.389;900;12034
2026-06-08T09:29:48.0000000Z;5.381;5.389;900;12034
2026-06-08T09:29:49.0000000Z;5.3815;5.388;2480;1811
2026-06-08T09:29:50.0000000Z;5.381;5.3885;900;5400
2026-06-08T09:29:51.0000000Z;5.381;5.388;900;900
2026-06-08T09:29:52.0000000Z;5.381;5.388;900;1498
2026-06-08T09:29:53.0000000Z;5.381;5.3875;900;900
2026-06-08T09:29:54.0000000Z;5.381;5.387;900;1454
2026-06-08T09:30:01.0000000Z;5.381;5.387;900;900
2026-06-08T09:30:02.0000000Z;5.38;5.386;500;11140
2026-06-08T09:30:03.0000000Z;5.381;5.385;900;900
2026-06-08T09:30:04.0000000Z;5.3805;5.385;9293;1515
2026-06-08T09:30:05.0000000Z;5.38;5.3855;500;900
2026-06-08T09:30:06.0000000Z;5.381;5.385;900;900
2026-06-08T09:30:07.0000000Z;5.381;5.385;42500;900
2026-06-08T09:30:08.0000000Z;5.381;5.385;900;900
2026-06-08T09:30:09.0000000Z;5.381;5.385;900;900
2026-06-08T09:30:10.0000000Z;5.381;5.385;900;900
2026-06-08T09:30:11.0000000Z;5.381;5.385;900;900
2026-06-08T09:30:12.0000000Z;5.381;5.385;840;900
2026-06-08T09:30:15.0000000Z;5.38;5.3845;500;1344
2026-06-08T09:30:16.0000000Z;5.381;5.385;900;900
2026-06-08T09:30:17.0000000Z;5.381;5.3845;42500;1344
2026-06-08T09:30:18.0000000Z;5.375;5.385;900;900
2026-06-08T09:30:19.0000000Z;5.375;5.385;900;900
2026-06-08T09:30:20.0000000Z;5.3805;5.3845;9293;2148
2026-06-08T09:30:21.0000000Z;5.375;5.385;900;900
2026-06-08T09:30:22.0000000Z;5.375;5.385;900;900
2026-06-08T09:30:23.0000000Z;5.375;5.3845;900;2148
2026-06-08T09:30:24.0000000Z;5.375;5.385;900;900
2026-06-08T09:30:28.0000000Z;5.375;5.385;900;900
2026-06-08T09:30:29.0000000Z;5.375;5.385;900;900
2026-06-08T09:30:31.0000000Z;5.375;5.385;900;900
2026-06-08T09:30:32.0000000Z;5.3765;5.3855;900;11142
2026-06-08T09:30:33.0000000Z;5.376;5.3845;9800;2148
2026-06-08T09:30:34.0000000Z;5.3765;5.3845;900;2148
2026-06-08T09:30:35.0000000Z;5.3765;5.3855;900;11142
2026-06-08T09:30:36.0000000Z;5.3765;5.385;900;1803
2026-06-08T09:30:37.0000000Z;5.3765;5.3845;900;1621
2026-06-08T09:30:38.0000000Z;5.3765;5.3855;900;12042
2026-06-08T09:30:39.0000000Z;5.3765;5.385;900;1803
2026-06-08T09:30:40.0000000Z;5.3765;5.3845;900;1621
2026-06-08T09:30:41.0000000Z;5.3765;5.3855;900;12042
2026-06-08T09:30:42.0000000Z;5.3765;5.385;900;44303
2026-06-08T09:30:43.0000000Z;5.3765;5.3855;900;11142
2026-06-08T09:30:44.0000000Z;5.3765;5.385;900;1803
2026-06-08T09:30:45.0000000Z;5.3765;5.3855;900;11142
2026-06-08T09:30:47.0000000Z;5.3765;5.3855;900;11142
2026-06-08T09:30:48.0000000Z;5.3765;5.3855;900;11142
2026-06-08T09:30:49.0000000Z;5.3765;5.3855;900;11142
2026-06-08T09:30:51.0000000Z;5.3765;5.3855;900;11142
2026-06-08T09:30:53.0000000Z;5.3765;5.385;900;1803
2026-06-08T09:30:54.0000000Z;5.3765;5.3855;900;11142
2026-06-08T09:30:57.0000000Z;5.3765;5.3855;900;12042
2026-06-08T09:30:59.0000000Z;5.377;5.3845;2758;1793
2026-06-08T09:30:59.0000000Z;5.3755;5.385;29081;900
2026-06-08T09:31:00.0000000Z;5.3765;5.3855;900;11142
2026-06-08T09:31:01.0000000Z;5.3765;5.3855;900;11142
2026-06-08T09:31:02.0000000Z;5.3765;5.3855;900;11142
2026-06-08T09:31:03.0000000Z;5.3765;5.3855;900;11142
2026-06-08T09:31:12.0000000Z;5.3765;5.3855;900;11142
2026-06-08T09:31:13.0000000Z;5.3765;5.3855;900;11142
2026-06-08T09:31:16.0000000Z;5.377;5.3855;12558;11142
2026-06-08T09:31:19.0000000Z;5.3765;5.3855;900;11142
2026-06-08T09:31:23.0000000Z;5.3765;5.3855;900;11142
2026-06-08T09:31:24.0000000Z;5.3765;5.3875;900;28740
2026-06-08T09:31:25.0000000Z;5.379;5.3875;900;18516
2026-06-08T09:31:26.0000000Z;5.379;5.386;900;9284
2026-06-08T09:31:28.0000000Z;5.379;5.388;900;900
2026-06-08T09:31:30.0000000Z;5.3795;5.3875;2899;1662
2026-06-08T09:31:41.0000000Z;5.379;5.3885;900;900
2026-06-08T09:31:42.0000000Z;5.379;5.388;900;1844
2026-06-08T09:31:44.0000000Z;5.379;5.388;900;1844
2026-06-08T09:31:46.0000000Z;5.379;5.3885;900;900
2026-06-08T09:31:47.0000000Z;5.379;5.3885;900;900
2026-06-08T09:31:53.0000000Z;5.3795;5.3885;900;12035
2026-06-08T09:31:54.0000000Z;5.38;5.388;2735;1993
2026-06-08T09:31:55.0000000Z;5.3795;5.3885;900;12035
2026-06-08T09:31:56.0000000Z;5.38;5.3865;2735;1450
2026-06-08T09:31:57.0000000Z;5.3795;5.387;900;900
2026-06-08T09:31:58.0000000Z;5.38;5.3865;900;900
2026-06-08T09:31:59.0000000Z;5.3805;5.3865;2398;44089
2026-06-08T09:32:00.0000000Z;5.3795;5.3865;51795;900
2026-06-08T09:32:01.0000000Z;5.3765;5.3865;900;900
2026-06-08T09:32:02.0000000Z;5.3765;5.3865;900;900
2026-06-08T09:32:03.0000000Z;5.3795;5.386;9295;2123
2026-06-08T09:32:04.0000000Z;5.3765;5.3865;900;900
2026-06-08T09:32:05.0000000Z;5.3765;5.3865;900;900
2026-06-08T09:32:06.0000000Z;5.3765;5.386;900;2123
2026-06-08T09:32:07.0000000Z;5.3765;5.3865;900;900
2026-06-08T09:32:09.0000000Z;5.3765;5.3865;900;900
2026-06-08T09:32:10.0000000Z;5.3765;5.3865;900;900
2026-06-08T09:32:11.0000000Z;5.3765;5.3865;900;900
2026-06-08T09:32:12.0000000Z;5.3765;5.3865;900;900
2026-06-08T09:32:13.0000000Z;5.377;5.386;3228;2123
2026-06-08T09:32:14.0000000Z;5.377;5.3865;3228;900
2026-06-08T09:32:15.0000000Z;5.3765;5.3865;900;900
2026-06-08T09:32:16.0000000Z;5.3765;5.3865;900;900
2026-06-08T09:32:17.0000000Z;5.3765;5.3865;900;900
2026-06-08T09:32:20.0000000Z;5.3765;5.3865;900;900
2026-06-08T09:32:21.0000000Z;5.3765;5.3865;900;900
2026-06-08T09:32:22.0000000Z;5.3765;5.3865;900;900
2026-06-08T09:32:24.0000000Z;5.3765;5.386;900;2123
2026-06-08T09:32:25.0000000Z;5.3765;5.3865;900;900
2026-06-08T09:32:26.0000000Z;5.3765;5.386;900;900
2026-06-08T09:32:28.0000000Z;5.372;5.382;900;900
2026-06-08T09:32:29.0000000Z;5.376;5.382;9301;42500
2026-06-08T09:32:30.0000000Z;5.372;5.3825;900;12037
2026-06-08T09:32:31.0000000Z;5.374;5.382;900;17423
2026-06-08T09:32:32.0000000Z;5.376;5.3815;9301;1978
2026-06-08T09:32:33.0000000Z;5.3745;5.383;2855;900
2026-06-08T09:32:35.0000000Z;5.3745;5.383;2855;42500
2026-06-08T09:32:36.0000000Z;5.374;5.383;900;900
2026-06-08T09:32:38.0000000Z;5.374;5.3815;900;1613
2026-06-08T09:32:40.0000000Z;5.374;5.382;900;900
2026-06-08T09:32:41.0000000Z;5.374;5.382;900;900
2026-06-08T09:32:43.0000000Z;5.374;5.383;900;11147
2026-06-08T09:32:44.0000000Z;5.374;5.382;900;900
2026-06-08T09:32:46.0000000Z;5.374;5.382;900;900
2026-06-08T09:32:47.0000000Z;5.374;5.3825;900;900
2026-06-08T09:32:49.0000000Z;5.374;5.382;900;1647
2026-06-08T09:32:50.0000000Z;5.374;5.382;900;21864
2026-06-08T09:32:51.0000000Z;5.374;5.3815;900;16476
2026-06-08T09:32:52.0000000Z;5.374;5.382;900;11149
2026-06-08T09:32:53.0000000Z;5.374;5.382;900;11149
2026-06-08T09:32:56.0000000Z;5.374;5.382;900;11149
2026-06-08T09:32:57.0000000Z;5.374;5.382;900;12049
2026-06-08T09:32:58.0000000Z;5.3745;5.382;2969;12049
2026-06-08T09:32:59.0000000Z;5.374;5.382;900;11149
2026-06-08T09:32:59.0000000Z;5.374;5.382;900;11149
2026-06-08T09:33:01.0000000Z;5.3685;5.3805;3386;11152
2026-06-08T09:33:02.0000000Z;5.374;5.3795;42500;2238
2026-06-08T09:33:03.0000000Z;5.3715;5.38;900;42500
2026-06-08T09:33:04.0000000Z;5.3715;5.3805;900;900
2026-06-08T09:33:06.0000000Z;5.374;5.3805;1979;900
2026-06-08T09:33:07.0000000Z;5.374;5.38;1979;1777
2026-06-08T09:33:08.0000000Z;5.372;5.38;2788;1777
2026-06-08T09:33:09.0000000Z;5.3715;5.3795;900;900
2026-06-08T09:33:12.0000000Z;5.3715;5.3795;900;900
2026-06-08T09:33:16.0000000Z;5.3715;5.3795;900;44223
2026-06-08T09:33:18.0000000Z;5.3715;5.3795;900;44223
2026-06-08T09:33:23.0000000Z;5.3715;5.3795;900;900
2026-06-08T09:33:24.0000000Z;5.3715;5.3795;900;900
2026-06-08T09:33:26.0000000Z;5.3705;5.3795;29015;900
2026-06-08T09:33:27.0000000Z;5.3715;5.3795;900;900
2026-06-08T09:33:28.0000000Z;5.3715;5.3795;900;900
2026-06-08T09:33:29.0000000Z;5.3715;5.3805;900;11152
2026-06-08T09:33:30.0000000Z;5.3715;5.3795;900;900
2026-06-08T09:33:31.0000000Z;5.3715;5.3795;900;900
2026-06-08T09:33:32.0000000Z;5.3715;5.3795;900;900
2026-06-08T09:33:38.0000000Z;5.3715;5.3805;900;11152
2026-06-08T09:33:39.0000000Z;5.3715;5.3795;900;900
2026-06-08T09:33:40.0000000Z;5.3715;5.38;900;900
2026-06-08T09:33:43.0000000Z;5.3715;5.3795;900;1649
2026-06-08T09:33:46.0000000Z;5.3715;5.3795;900;1649
2026-06-08T09:33:47.0000000Z;5.3715;5.3805;900;15652
2026-06-08T09:33:51.0000000Z;5.372;5.3805;2788;15652
2026-06-08T09:33:52.0000000Z;5.3715;5.38;900;13500
2026-06-08T09:33:53.0000000Z;5.372;5.3795;2788;1703
2026-06-08T09:33:55.0000000Z;5.3715;5.3805;900;12052
2026-06-08T09:33:57.0000000Z;5.3715;5.3795;900;1852
2026-06-08T09:33:59.0000000Z;5.3715;5.38;900;900
2026-06-08T09:34:00.0000000Z;5.3715;5.3795;900;1797
2026-06-08T09:34:02.0000000Z;5.3715;5.38;900;900
2026-06-08T09:34:03.0000000Z;5.3715;5.3795;900;900
2026-06-08T09:34:04.0000000Z;5.3715;5.3795;900;1574
2026-06-08T09:34:05.0000000Z;5.3715;5.3795;900;900
2026-06-08T09:34:06.0000000Z;5.3715;5.3795;900;900
2026-06-08T09:34:08.0000000Z;5.3715;5.3795;900;900
2026-06-08T09:34:09.0000000Z;5.3715;5.3795;900;900
2026-06-08T09:34:11.0000000Z;5.3715;5.379;900;1615
2026-06-08T09:34:13.0000000Z;5.3715;5.3805;900;11152
2026-06-08T09:34:14.0000000Z;5.3715;5.3795;900;900
2026-06-08T09:34:15.0000000Z;5.3715;5.3775;42500;1474
2026-06-08T09:34:16.0000000Z;5.3675;5.377;900;900
2026-06-08T09:34:17.0000000Z;5.371;5.377;9310;44642
2026-06-08T09:34:19.0000000Z;5.367;5.377;900;900
2026-06-08T09:34:20.0000000Z;5.367;5.377;900;900
2026-06-08T09:34:21.0000000Z;5.371;5.377;9310;19624
2026-06-08T09:34:22.0000000Z;5.3675;5.3755;2975;1726
2026-06-08T09:34:23.0000000Z;5.366;5.3755;11182;1875
2026-06-08T09:34:24.0000000Z;5.367;5.376;900;900
2026-06-08T09:34:25.0000000Z;5.367;5.376;900;800
2026-06-08T09:34:27.0000000Z;5.367;5.376;900;900
2026-06-08T09:34:29.0000000Z;5.367;5.3755;900;1875
2026-06-08T09:34:31.0000000Z;5.3625;5.374;33860;11159
2026-06-08T09:34:32.0000000Z;5.364;5.3735;900;900
2026-06-08T09:34:33.0000000Z;5.367;5.373;1886;2190
2026-06-08T09:34:34.0000000Z;5.364;5.373;900;2190
2026-06-08T09:34:35.0000000Z;5.367;5.3735;1886;900
2026-06-08T09:34:36.0000000Z;5.3645;5.373;2908;2190
2026-06-08T09:34:39.0000000Z;5.3645;5.373;2908;1986
2026-06-08T09:34:40.0000000Z;5.364;5.373;900;1986
2026-06-08T09:34:41.0000000Z;5.364;5.3725;900;1705
2026-06-08T09:34:42.0000000Z;5.363;5.3735;900;2492
2026-06-08T09:34:43.0000000Z;5.363;5.3725;900;1963
2026-06-08T09:34:44.0000000Z;5.364;5.3725;3000;2136
2026-06-08T09:34:45.0000000Z;5.3635;5.3725;3240;2136
2026-06-08T09:34:46.0000000Z;5.363;5.373;900;900
2026-06-08T09:34:47.0000000Z;5.363;5.373;900;900
2026-06-08T09:34:48.0000000Z;5.363;5.3725;900;2136
2026-06-08T09:34:50.0000000Z;5.363;5.373;900;900
2026-06-08T09:34:54.0000000Z;5.363;5.373;900;900
2026-06-08T09:35:00.0000000Z;5.363;5.373;900;42500
2026-06-08T09:35:01.0000000Z;5.363;5.3735;900;8465
2026-06-08T09:35:02.0000000Z;5.363;5.3725;900;900
2026-06-08T09:35:03.0000000Z;5.363;5.3725;900;900
2026-06-08T09:35:05.0000000Z;5.363;5.3725;900;900
2026-06-08T09:35:06.0000000Z;5.363;5.373;900;12067
2026-06-08T09:35:07.0000000Z;5.363;5.372;900;1889
2026-06-08T09:35:08.0000000Z;5.363;5.373;900;11167
2026-06-08T09:35:09.0000000Z;5.363;5.373;1366;11167
2026-06-08T09:35:10.0000000Z;5.363;5.373;900;15667
2026-06-08T09:35:12.0000000Z;5.3635;5.373;12829;12067
2026-06-08T09:35:13.0000000Z;5.363;5.373;900;11167
2026-06-08T09:35:14.0000000Z;5.363;5.373;900;15667
2026-06-08T09:35:15.0000000Z;5.3645;5.3725;2568;2041
2026-06-08T09:35:16.0000000Z;5.363;5.373;1366;15667
2026-06-08T09:35:17.0000000Z;5.363;5.373;1366;15667
2026-06-08T09:35:18.0000000Z;5.363;5.3725;1366;2017
2026-06-08T09:35:20.0000000Z;5.3635;5.3725;3051;2017
2026-06-08T09:35:21.0000000Z;5.3635;5.3725;12851;2017
2026-06-08T09:35:22.0000000Z;5.363;5.3725;1366;44517
2026-06-08T09:35:23.0000000Z;5.364;5.3725;12689;900
2026-06-08T09:35:24.0000000Z;5.3645;5.373;900;12067
2026-06-08T09:35:25.0000000Z;5.3645;5.373;900;11167
2026-06-08T09:35:26.0000000Z;5.3645;5.373;900;42500
2026-06-08T09:35:29.0000000Z;5.3645;5.373;900;11167
2026-06-08T09:35:31.0000000Z;5.3645;5.373;900;12067
2026-06-08T09:35:33.0000000Z;5.3645;5.372;900;900
2026-06-08T09:35:34.0000000Z;5.3645;5.3725;900;900
2026-06-08T09:35:35.0000000Z;5.3645;5.3725;900;900
2026-06-08T09:35:36.0000000Z;5.3645;5.3725;900;900
2026-06-08T09:35:37.0000000Z;5.365;5.3715;2633;1357
2026-06-08T09:35:39.0000000Z;5.365;5.3715;2633;1520
2026-06-08T09:35:41.0000000Z;5.3645;5.372;900;900
2026-06-08T09:35:43.0000000Z;5.3635;5.373;11187;11167
2026-06-08T09:35:44.0000000Z;5.3615;5.371;900;900
2026-06-08T09:35:45.0000000Z;5.3615;5.3705;900;1835
2026-06-08T09:35:46.0000000Z;5.3645;5.3705;2001;1835
2026-06-08T09:35:47.0000000Z;5.3615;5.371;900;900
2026-06-08T09:35:48.0000000Z;5.3645;5.371;1983;42500
2026-06-08T09:35:49.0000000Z;5.361;5.3705;466;2009
2026-06-08T09:35:50.0000000Z;5.3615;5.371;900;900
2026-06-08T09:35:51.0000000Z;5.3615;5.371;900;19637
2026-06-08T09:35:52.0000000Z;5.362;5.3695;3122;1776
2026-06-08T09:35:53.0000000Z;5.362;5.3695;3122;1776
2026-06-08T09:35:54.0000000Z;5.362;5.37;3122;900
2026-06-08T09:35:56.0000000Z;5.3615;5.37;900;42500
2026-06-08T09:35:57.0000000Z;5.3615;5.37;900;900
2026-06-08T09:35:58.0000000Z;5.3615;5.37;900;900
2026-06-08T09:35:59.0000000Z;5.3615;5.3695;900;1602
2026-06-08T09:36:00.0000000Z;5.3615;5.37;900;900
2026-06-08T09:36:01.0000000Z;5.3615;5.3705;900;900
2026-06-08T09:36:02.0000000Z;5.3615;5.3705;900;900
2026-06-08T09:36:03.0000000Z;5.3615;5.3705;900;900
2026-06-08T09:36:04.0000000Z;5.3615;5.37;900;44360
2026-06-08T09:36:06.0000000Z;5.3615;5.37;900;900
2026-06-08T09:36:08.0000000Z;5.3615;5.37;900;900
2026-06-08T09:36:11.0000000Z;5.3615;5.37;900;900
2026-06-08T09:36:13.0000000Z;5.3615;5.37;900;42500
2026-06-08T09:36:14.0000000Z;5.3615;5.37;900;900
2026-06-08T09:36:15.0000000Z;5.3615;5.3705;900;900
2026-06-08T09:36:16.0000000Z;5.3615;5.37;900;42500
2026-06-08T09:36:17.0000000Z;5.3615;5.3705;900;900
2026-06-08T09:36:18.0000000Z;5.3615;5.371;900;12072
2026-06-08T09:36:20.0000000Z;5.3615;5.3705;900;10715
2026-06-08T09:36:21.0000000Z;5.3615;5.3705;900;11615
2026-06-08T09:36:22.0000000Z;5.362;5.371;3122;11172
2026-06-08T09:36:23.0000000Z;5.3615;5.37;900;900
2026-06-08T09:36:24.0000000Z;5.3615;5.3695;900;1602
2026-06-08T09:36:25.0000000Z;5.3615;5.3695;900;1602
2026-06-08T09:36:26.0000000Z;5.3615;5.37;900;900
2026-06-08T09:36:27.0000000Z;5.3615;5.37;900;900
2026-06-08T09:36:28.0000000Z;5.3615;5.37;900;900
2026-06-08T09:36:30.0000000Z;5.3615;5.37;900;900
2026-06-08T09:36:31.0000000Z;5.3615;5.3705;900;900
2026-06-08T09:36:32.0000000Z;5.3615;5.3705;900;42500
2026-06-08T09:36:33.0000000Z;5.3615;5.371;900;11172
2026-06-08T09:36:34.0000000Z;5.3615;5.371;900;11172
2026-06-08T09:36:35.0000000Z;5.3615;5.371;900;11172
2026-06-08T09:36:37.0000000Z;5.364;5.371;900;9810
2026-06-08T09:36:38.0000000Z;5.364;5.371;900;9810
2026-06-08T09:36:39.0000000Z;5.365;5.3835;3097;49775
2026-06-08T09:36:40.0000000Z;5.371;5.3735;3542;42500
2026-06-08T09:36:41.0000000Z;5.3605;5.517;504;489
2026-06-08T09:36:42.0000000Z;5.364;5.455;3542;67720
2026-06-08T09:36:43.0000000Z;5.3605;5.517;504;489
2026-06-08T09:36:44.0000000Z;5.3725;5.385;3542;11143
2026-06-08T09:36:45.0000000Z;5.3685;5.3805;900;11152
2026-06-08T09:36:46.0000000Z;5.368;5.3805;3542;11152
2026-06-08T09:36:47.0000000Z;5.363;5.3805;42500;11152
2026-06-08T09:36:48.0000000Z;5.3685;5.3805;900;11152
2026-06-08T09:36:49.0000000Z;5.3675;5.3795;11179;900
2026-06-08T09:36:50.0000000Z;5.3685;5.38;900;900
2026-06-08T09:36:51.0000000Z;5.3685;5.3795;11179;11152
2026-06-08T09:36:52.0000000Z;5.367;5.379;900;11152
2026-06-08T09:36:53.0000000Z;5.367;5.379;900;12052
2026-06-08T09:36:54.0000000Z;5.37;5.3785;11174;13063
2026-06-08T09:36:55.0000000Z;5.3715;5.382;900;11149
2026-06-08T09:36:56.0000000Z;5.3715;5.382;900;11149
2026-06-08T09:36:57.0000000Z;5.37;5.382;11174;11149
2026-06-08T09:36:58.0000000Z;5.3725;5.374;9800;9305
2026-06-08T09:36:59.0000000Z;5.3715;5.382;900;11149
2026-06-08T09:37:00.0000000Z;5.3715;5.382;900;11149
2026-06-08T09:37:01.0000000Z;5.3715;5.374;900;9305
2026-06-08T09:37:02.0000000Z;5.3715;5.382;900;11149
2026-06-08T09:37:03.0000000Z;5.3715;5.3815;900;900
2026-06-08T09:37:04.0000000Z;5.3715;5.3815;900;900
2026-06-08T09:37:05.0000000Z;5.372;5.3815;900;12050
2026-06-08T09:37:06.0000000Z;5.372;5.3815;900;11150
2026-06-08T09:37:07.0000000Z;5.3725;5.3815;2853;11150
2026-06-08T09:37:08.0000000Z;5.3735;5.3815;3429;11150
2026-06-08T09:37:09.0000000Z;5.375;5.3835;900;900
2026-06-08T09:37:10.0000000Z;5.375;5.3845;900;11144
2026-06-08T09:37:11.0000000Z;5.373;5.3835;11167;11146
2026-06-08T09:37:12.0000000Z;5.374;5.3825;900;900
2026-06-08T09:37:13.0000000Z;5.374;5.383;900;900
2026-06-08T09:37:14.0000000Z;5.3745;5.382;2851;1616
2026-06-08T09:37:15.0000000Z;5.374;5.382;900;1616
2026-06-08T09:37:16.0000000Z;5.3745;5.3835;2851;11146
2026-06-08T09:37:17.0000000Z;5.374;5.3835;900;11146
2026-06-08T09:37:18.0000000Z;5.374;5.3825;900;9290
2026-06-08T09:37:19.0000000Z;5.3755;5.385;900;900
2026-06-08T09:37:20.0000000Z;5.3755;5.386;900;11140
2026-06-08T09:37:21.0000000Z;5.3775;5.385;2687;42500
2026-06-08T09:37:22.0000000Z;5.377;5.385;900;42500
2026-06-08T09:37:23.0000000Z;5.377;5.3845;900;1524
2026-06-08T09:37:24.0000000Z;5.3775;5.384;2687;900
2026-06-08T09:37:25.0000000Z;5.375;5.384;900;900
2026-06-08T09:37:26.0000000Z;5.377;5.3845;42500;2207
2026-06-08T09:37:27.0000000Z;5.375;5.384;900;900
2026-06-08T09:37:28.0000000Z;5.3755;5.384;2784;900
2026-06-08T09:37:29.0000000Z;5.374;5.385;11165;11143
2026-06-08T09:37:30.0000000Z;5.375;5.384;900;1876
2026-06-08T09:37:31.0000000Z;5.375;5.3845;900;900
2026-06-08T09:37:33.0000000Z;5.375;5.3835;900;1670
2026-06-08T09:37:34.0000000Z;5.375;5.384;900;900
2026-06-08T09:37:35.0000000Z;5.375;5.384;900;900
2026-06-08T09:37:36.0000000Z;5.375;5.384;900;900
2026-06-08T09:37:37.0000000Z;5.3755;5.3835;2916;1842
2026-06-08T09:37:38.0000000Z;5.375;5.384;900;900
2026-06-08T09:37:39.0000000Z;5.375;5.384;900;900
2026-06-08T09:37:40.0000000Z;5.375;5.384;900;900
2026-06-08T09:37:41.0000000Z;5.375;5.382;900;900
2026-06-08T09:37:42.0000000Z;5.3755;5.3825;2916;42500
2026-06-08T09:37:43.0000000Z;5.375;5.382;42500;2889
2026-06-08T09:37:44.0000000Z;5.367;5.391;465;463
2026-06-08T09:37:45.0000000Z;5.367;5.3895;465;463
2026-06-08T09:37:47.0000000Z;5.374;5.382;3451;1994
2026-06-08T09:37:48.0000000Z;5.3735;5.379;9305;2093
2026-06-08T09:37:49.0000000Z;5.3695;5.3785;900;900
2026-06-08T09:37:50.0000000Z;5.3695;5.3785;900;44485
2026-06-08T09:37:52.0000000Z;5.3735;5.378;9305;2060
2026-06-08T09:37:53.0000000Z;5.37;5.378;2471;2060
2026-06-08T09:37:54.0000000Z;5.368;5.3785;900;900
2026-06-08T09:37:55.0000000Z;5.3695;5.378;2697;2060
2026-06-08T09:37:56.0000000Z;5.368;5.378;900;2060
2026-06-08T09:37:57.0000000Z;5.368;5.378;900;2107
2026-06-08T09:37:58.0000000Z;5.368;5.3785;900;900
2026-06-08T09:37:59.0000000Z;5.368;5.3785;900;900
2026-06-08T09:38:00.0000000Z;5.368;5.3795;900;11154
2026-06-08T09:38:01.0000000Z;5.368;5.3785;12080;21871
2026-06-08T09:38:02.0000000Z;5.37;5.3785;900;22771
2026-06-08T09:38:03.0000000Z;5.371;5.3775;2402;1519
2026-06-08T09:38:04.0000000Z;5.366;5.378;900;42500
2026-06-08T09:38:05.0000000Z;5.3675;5.376;900;900
2026-06-08T09:38:06.0000000Z;5.3705;5.3755;42500;1581
2026-06-08T09:38:07.0000000Z;5.3675;5.3755;900;1710
2026-06-08T09:38:09.0000000Z;5.3675;5.376;900;5400
2026-06-08T09:38:11.0000000Z;5.366;5.3765;900;11160
2026-06-08T09:38:12.0000000Z;5.366;5.375;900;1775
2026-06-08T09:38:13.0000000Z;5.367;5.3755;900;900
2026-06-08T09:38:14.0000000Z;5.367;5.3755;900;25684
2026-06-08T09:38:15.0000000Z;5.367;5.3755;900;900
2026-06-08T09:38:18.0000000Z;5.3675;5.375;2625;1588
2026-06-08T09:38:19.0000000Z;5.367;5.375;900;900
2026-06-08T09:38:20.0000000Z;5.367;5.376;900;11161
2026-06-08T09:38:21.0000000Z;5.367;5.376;900;11161
2026-06-08T09:38:22.0000000Z;5.367;5.376;900;11161
2026-06-08T09:38:23.0000000Z;5.367;5.376;900;12061
2026-06-08T09:38:24.0000000Z;5.367;5.376;900;11161
2026-06-08T09:38:25.0000000Z;5.367;5.3755;900;1771
2026-06-08T09:38:26.0000000Z;5.367;5.376;900;12061
2026-06-08T09:38:28.0000000Z;5.367;5.376;900;11161
2026-06-08T09:38:29.0000000Z;5.369;5.377;900;900
2026-06-08T09:38:30.0000000Z;5.3695;5.376;2527;51801
2026-06-08T09:38:31.0000000Z;5.3695;5.3765;2651;1316
2026-06-08T09:38:32.0000000Z;5.369;5.3765;900;1442
2026-06-08T09:38:33.0000000Z;5.369;5.3775;900;900
2026-06-08T09:38:35.0000000Z;5.3695;5.3775;2768;900
2026-06-08T09:38:36.0000000Z;5.369;5.3775;900;900
2026-06-08T09:38:37.0000000Z;5.369;5.3775;900;900
2026-06-08T09:38:38.0000000Z;5.369;5.3775;900;900
2026-06-08T09:38:39.0000000Z;5.3695;5.3775;2768;900
2026-06-08T09:38:40.0000000Z;5.3695;5.3775;2768;900
2026-06-08T09:38:41.0000000Z;5.369;5.377;900;1691
2026-06-08T09:38:43.0000000Z;5.3695;5.3775;2768;900
2026-06-08T09:38:44.0000000Z;5.369;5.3745;42500;900
2026-06-08T09:38:45.0000000Z;5.365;5.375;900;900
2026-06-08T09:38:46.0000000Z;5.365;5.3745;900;2030
2026-06-08T09:38:47.0000000Z;5.3685;5.3745;9314;2030
2026-06-08T09:38:48.0000000Z;5.3655;5.375;18623;900
2026-06-08T09:38:49.0000000Z;5.366;5.375;11178;12063
2026-06-08T09:38:50.0000000Z;5.366;5.3745;11182;21089
2026-06-08T09:38:51.0000000Z;5.3685;5.373;9314;2576
2026-06-08T09:38:52.0000000Z;5.363;5.3715;900;900
2026-06-08T09:38:53.0000000Z;5.3635;5.3715;900;900
2026-06-08T09:38:54.0000000Z;5.3625;5.3715;466;900
2026-06-08T09:38:55.0000000Z;5.3635;5.371;2676;1672
2026-06-08T09:38:56.0000000Z;5.363;5.3715;900;900
2026-06-08T09:38:57.0000000Z;5.363;5.3715;900;900
2026-06-08T09:38:58.0000000Z;5.3635;5.371;2807;1672
2026-06-08T09:38:59.0000000Z;5.363;5.3705;900;1470
2026-06-08T09:39:00.0000000Z;5.363;5.3715;900;42500
2026-06-08T09:39:01.0000000Z;5.363;5.3695;900;10654
2026-06-08T09:39:02.0000000Z;5.3635;5.373;3042;3386
2026-06-08T09:39:03.0000000Z;5.363;5.3715;900;900
2026-06-08T09:39:04.0000000Z;5.363;5.3725;900;900
2026-06-08T09:39:05.0000000Z;5.362;5.3715;11190;1780
2026-06-08T09:39:06.0000000Z;5.3635;5.3715;3042;1795
2026-06-08T09:39:07.0000000Z;5.363;5.372;900;900
2026-06-08T09:39:09.0000000Z;5.3635;5.3715;12842;44220
2026-06-08T09:39:10.0000000Z;5.3635;5.467;52300;494
2026-06-08T09:39:11.0000000Z;5.3655;5.3775;22601;1033
2026-06-08T09:39:12.0000000Z;5.367;5.3775;3176;1033
2026-06-08T09:39:13.0000000Z;5.3655;5.3775;22601;1033
2026-06-08T09:39:14.0000000Z;5.3665;5.3775;900;2863
2026-06-08T09:39:15.0000000Z;5.3665;5.375;900;1033
2026-06-08T09:39:16.0000000Z;5.3665;5.375;900;1033
2026-06-08T09:39:17.0000000Z;5.3665;5.3755;900;1033
2026-06-08T09:39:18.0000000Z;5.3685;5.375;11805;1768
2026-06-08T09:39:21.0000000Z;5.3665;5.3755;900;1033
2026-06-08T09:39:22.0000000Z;5.369;5.3755;653;1033
2026-06-08T09:39:23.0000000Z;5.369;5.3755;10453;1033
2026-06-08T09:39:24.0000000Z;5.3665;5.3755;900;1033
2026-06-08T09:39:25.0000000Z;5.3665;5.3755;900;1033
2026-06-08T09:39:26.0000000Z;5.369;5.3755;900;1033
2026-06-08T09:39:27.0000000Z;5.369;5.3755;900;1963
2026-06-08T09:39:28.0000000Z;5.3695;5.376;900;930
2026-06-08T09:39:29.0000000Z;5.3695;5.376;900;930
2026-06-08T09:39:30.0000000Z;5.3695;5.376;900;930
2026-06-08T09:39:31.0000000Z;5.3705;5.376;9800;930
2026-06-08T09:39:32.0000000Z;5.37;5.376;2092;930
2026-06-08T09:39:33.0000000Z;5.3695;5.376;900;930
2026-06-08T09:39:34.0000000Z;5.3695;5.376;900;930
2026-06-08T09:39:35.0000000Z;5.3695;5.376;900;930
2026-06-08T09:39:37.0000000Z;5.3695;5.376;900;930
2026-06-08T09:39:39.0000000Z;5.37;5.376;2214;42500
2026-06-08T09:39:40.0000000Z;5.369;5.375;900;930
2026-06-08T09:39:41.0000000Z;5.369;5.3755;900;930
2026-06-08T09:39:42.0000000Z;5.3695;5.3755;2214;930
2026-06-08T09:39:44.0000000Z;5.3695;5.3755;2214;930
2026-06-08T09:39:47.0000000Z;5.369;5.3755;900;930
2026-06-08T09:39:48.0000000Z;5.3695;5.3755;12014;930
2026-06-08T09:39:49.0000000Z;5.369;5.3755;900;910
2026-06-08T09:39:50.0000000Z;5.368;5.3755;29656;910
2026-06-08T09:39:51.0000000Z;5.368;5.3755;11178;910
2026-06-08T09:39:52.0000000Z;5.369;5.375;2311;1288
2026-06-08T09:39:53.0000000Z;5.368;5.375;11178;1943
2026-06-08T09:39:54.0000000Z;5.369;5.374;900;1033
2026-06-08T09:39:56.0000000Z;5.369;5.374;900;1033
2026-06-08T09:39:57.0000000Z;5.369;5.374;900;1033
2026-06-08T09:39:58.0000000Z;5.369;5.373;900;1033
2026-06-08T09:39:59.0000000Z;5.369;5.373;900;1033
2026-06-08T09:40:00.0000000Z;5.369;5.374;900;1033
2026-06-08T09:40:01.0000000Z;5.369;5.374;42500;1167
2026-06-08T09:40:02.0000000Z;5.369;5.374;900;910
2026-06-08T09:40:03.0000000Z;5.369;5.374;900;910
2026-06-08T09:40:05.0000000Z;5.369;5.374;42500;910
2026-06-08T09:40:06.0000000Z;5.369;5.374;900;910
2026-06-08T09:40:07.0000000Z;5.369;5.374;42500;910
2026-06-08T09:40:08.0000000Z;5.369;5.374;900;910
2026-06-08T09:40:09.0000000Z;5.369;5.374;900;910
2026-06-08T09:40:11.0000000Z;5.369;5.374;900;910
2026-06-08T09:40:12.0000000Z;5.369;5.374;900;910
2026-06-08T09:40:14.0000000Z;5.369;5.374;900;910
2026-06-08T09:40:15.0000000Z;5.369;5.374;900;910
2026-06-08T09:40:16.0000000Z;5.369;5.374;900;910
2026-06-08T09:40:17.0000000Z;5.369;5.374;900;910
2026-06-08T09:40:18.0000000Z;5.369;5.374;900;43527
2026-06-08T09:40:19.0000000Z;5.369;5.374;900;910
2026-06-08T09:40:20.0000000Z;5.369;5.3735;900;42500
2026-06-08T09:40:24.0000000Z;5.369;5.3735;900;1033
2026-06-08T09:40:25.0000000Z;5.369;5.3725;900;1033
2026-06-08T09:40:26.0000000Z;5.369;5.3725;900;1033
2026-06-08T09:40:28.0000000Z;5.369;5.3725;900;1033
2026-06-08T09:40:29.0000000Z;5.369;5.3725;900;1033
2026-06-08T09:40:31.0000000Z;5.369;5.372;42500;907
2026-06-08T09:40:32.0000000Z;5.369;5.3725;42500;1033
2026-06-08T09:40:33.0000000Z;5.3665;5.3725;900;1033
2026-06-08T09:40:35.0000000Z;5.3685;5.3725;9314;42500
2026-06-08T09:40:36.0000000Z;5.368;5.376;900;910
2026-06-08T09:40:37.0000000Z;5.368;5.3765;900;1033
2026-06-08T09:40:38.0000000Z;5.368;5.375;900;910
2026-06-08T09:40:39.0000000Z;5.369;5.375;2871;910
2026-06-08T09:40:40.0000000Z;5.369;5.373;2871;9306
2026-06-08T09:40:42.0000000Z;5.368;5.374;900;910
2026-06-08T09:40:43.0000000Z;5.368;5.373;900;1033
2026-06-08T09:40:44.0000000Z;5.368;5.373;900;1033
2026-06-08T09:40:45.0000000Z;5.368;5.373;900;1033
2026-06-08T09:40:47.0000000Z;5.368;5.373;900;973
2026-06-08T09:40:48.0000000Z;5.368;5.3745;900;910
2026-06-08T09:40:49.0000000Z;5.368;5.3745;900;910
2026-06-08T09:40:50.0000000Z;5.367;5.3745;11180;973
2026-06-08T09:40:51.0000000Z;5.368;5.374;42500;2324
2026-06-08T09:40:52.0000000Z;5.3635;5.3715;900;1655
2026-06-08T09:40:53.0000000Z;5.3635;5.372;900;5498
2026-06-08T09:40:54.0000000Z;5.365;5.372;12028;5498
2026-06-08T09:40:55.0000000Z;5.365;5.372;900;5498
2026-06-08T09:40:56.0000000Z;5.365;5.372;900;5498
2026-06-08T09:40:57.0000000Z;5.365;5.372;900;5488
2026-06-08T09:41:00.0000000Z;5.3655;5.372;2294;5488
2026-06-08T09:41:01.0000000Z;5.365;5.372;900;5488
2026-06-08T09:41:02.0000000Z;5.365;5.3715;900;973
2026-06-08T09:41:03.0000000Z;5.365;5.372;900;973
2026-06-08T09:41:04.0000000Z;5.365;5.372;900;973
2026-06-08T09:41:05.0000000Z;5.365;5.372;900;973
2026-06-08T09:41:06.0000000Z;5.3665;5.372;900;973
2026-06-08T09:41:07.0000000Z;5.3665;5.372;900;973
2026-06-08T09:41:09.0000000Z;5.3665;5.371;900;42500
2026-06-08T09:41:10.0000000Z;5.3665;5.371;900;973
2026-06-08T09:41:11.0000000Z;5.3665;5.371;900;973
2026-06-08T09:41:12.0000000Z;5.3665;5.371;900;973
2026-06-08T09:41:13.0000000Z;5.3665;5.371;900;973
2026-06-08T09:41:14.0000000Z;5.3665;5.371;900;973
2026-06-08T09:41:15.0000000Z;5.3665;5.371;42500;42500
2026-06-08T09:41:17.0000000Z;5.3665;5.371;900;973
2026-06-08T09:41:18.0000000Z;5.3665;5.371;900;973
2026-06-08T09:41:19.0000000Z;5.3665;5.371;900;973
2026-06-08T09:41:21.0000000Z;5.3655;5.371;11183;973
2026-06-08T09:41:22.0000000Z;5.3665;5.371;900;973
2026-06-08T09:41:24.0000000Z;5.3665;5.371;42500;973
2026-06-08T09:41:25.0000000Z;5.3665;5.371;900;973
2026-06-08T09:41:26.0000000Z;5.3665;5.371;900;973
2026-06-08T09:41:31.0000000Z;5.3665;5.371;900;42500
2026-06-08T09:41:32.0000000Z;5.3665;5.3705;900;42500
2026-06-08T09:41:33.0000000Z;5.3665;5.371;900;910
2026-06-08T09:41:34.0000000Z;5.3655;5.3715;11183;910
2026-06-08T09:41:35.0000000Z;5.3665;5.3705;900;732
2026-06-08T09:41:36.0000000Z;5.3665;5.372;900;910
2026-06-08T09:41:37.0000000Z;5.3665;5.371;900;9310
2026-06-08T09:41:38.0000000Z;5.3665;5.3705;900;709
2026-06-08T09:41:39.0000000Z;5.3665;5.3705;900;4707
2026-06-08T09:41:40.0000000Z;5.3665;5.371;900;1883
2026-06-08T09:41:41.0000000Z;5.3665;5.371;900;910
2026-06-08T09:41:42.0000000Z;5.3665;5.371;900;910
2026-06-08T09:41:43.0000000Z;5.3665;5.371;900;51810
2026-06-08T09:41:44.0000000Z;5.3665;5.371;900;910
2026-06-08T09:41:45.0000000Z;5.3665;5.371;900;910
2026-06-08T09:41:46.0000000Z;5.3665;5.371;900;42500
2026-06-08T09:41:47.0000000Z;5.3665;5.3715;900;973
2026-06-08T09:41:48.0000000Z;5.3665;5.3705;900;973
2026-06-08T09:41:49.0000000Z;5.3655;5.3705;11183;42500
2026-06-08T09:41:50.0000000Z;5.363;5.3705;17970;973
2026-06-08T09:41:51.0000000Z;5.366;5.3695;9318;1662
2026-06-08T09:41:52.0000000Z;5.362;5.3685;900;973
2026-06-08T09:41:53.0000000Z;5.362;5.3685;900;973
2026-06-08T09:41:54.0000000Z;5.3625;5.3685;2224;42500
2026-06-08T09:41:55.0000000Z;5.362;5.3685;900;973
2026-06-08T09:41:57.0000000Z;5.362;5.3685;900;973
2026-06-08T09:41:58.0000000Z;5.362;5.3685;900;973
2026-06-08T09:41:59.0000000Z;5.362;5.3685;900;973
2026-06-08T09:42:01.0000000Z;5.362;5.3685;900;973
2026-06-08T09:42:02.0000000Z;5.362;5.3685;900;973
2026-06-08T09:42:03.0000000Z;5.362;5.3675;900;973
2026-06-08T09:42:04.0000000Z;5.362;5.3675;900;973
2026-06-08T09:42:05.0000000Z;5.364;5.3715;2563;1810
2026-06-08T09:42:06.0000000Z;5.3635;5.37;900;840
2026-06-08T09:42:07.0000000Z;5.362;5.3695;900;970
2026-06-08T09:42:08.0000000Z;5.3635;5.369;44538;9313
2026-06-08T09:42:09.0000000Z;5.3635;5.3695;900;970
2026-06-08T09:42:10.0000000Z;5.3635;5.3695;900;42500
2026-06-08T09:42:11.0000000Z;5.3635;5.3685;42500;970
2026-06-08T09:42:12.0000000Z;5.364;5.3685;1475;970
2026-06-08T09:42:13.0000000Z;5.3645;5.3715;2572;840
2026-06-08T09:42:14.0000000Z;5.364;5.371;9365;1805
2026-06-08T09:42:15.0000000Z;5.3645;5.37;12433;9311
2026-06-08T09:42:16.0000000Z;5.3655;5.37;900;965
2026-06-08T09:42:17.0000000Z;5.3655;5.37;900;965
2026-06-08T09:42:18.0000000Z;5.366;5.37;1798;965
2026-06-08T09:42:19.0000000Z;5.3655;5.37;900;965
2026-06-08T09:42:20.0000000Z;5.366;5.37;1798;42500
2026-06-08T09:42:21.0000000Z;5.3655;5.3715;900;965
2026-06-08T09:42:22.0000000Z;5.3655;5.3715;900;965
2026-06-08T09:42:23.0000000Z;5.3655;5.3715;900;1805
2026-06-08T09:42:24.0000000Z;5.3655;5.3725;900;1805
2026-06-08T09:42:25.0000000Z;5.3655;5.3725;900;965
2026-06-08T09:42:26.0000000Z;5.3655;5.3705;900;9311
2026-06-08T09:42:28.0000000Z;5.3655;5.371;900;1049
2026-06-08T09:42:29.0000000Z;5.3655;5.371;900;1190
2026-06-08T09:42:31.0000000Z;5.3655;5.3715;900;965
2026-06-08T09:42:32.0000000Z;5.3655;5.373;900;965
2026-06-08T09:42:33.0000000Z;5.3655;5.373;900;965
2026-06-08T09:42:34.0000000Z;5.3655;5.372;900;965
2026-06-08T09:42:35.0000000Z;5.3655;5.372;900;965
2026-06-08T09:42:36.0000000Z;5.3665;5.373;900;965
2026-06-08T09:42:37.0000000Z;5.367;5.373;2223;965
2026-06-08T09:42:38.0000000Z;5.3665;5.373;900;965
2026-06-08T09:42:40.0000000Z;5.3665;5.373;900;965
2026-06-08T09:42:41.0000000Z;5.3665;5.373;900;965
2026-06-08T09:42:42.0000000Z;5.3665;5.373;900;965
2026-06-08T09:42:43.0000000Z;5.3665;5.373;900;965
2026-06-08T09:42:44.0000000Z;5.3665;5.3765;900;900
2026-06-08T09:42:45.0000000Z;5.3665;5.376;900;965
2026-06-08T09:42:46.0000000Z;5.3665;5.3745;900;1634
2026-06-08T09:42:47.0000000Z;5.3665;5.375;900;965
2026-06-08T09:42:49.0000000Z;5.3665;5.375;900;965
2026-06-08T09:42:51.0000000Z;5.367;5.374;13342;42500
2026-06-08T09:42:52.0000000Z;5.3665;5.374;900;965
2026-06-08T09:42:53.0000000Z;5.3665;5.374;900;965
2026-06-08T09:42:54.0000000Z;5.369;5.377;900;1805
2026-06-08T09:42:55.0000000Z;5.369;5.3755;900;840
2026-06-08T09:42:56.0000000Z;5.369;5.3755;900;840
2026-06-08T09:42:57.0000000Z;5.37;5.376;2221;1805
2026-06-08T09:42:58.0000000Z;5.3695;5.375;900;965
2026-06-08T09:42:59.0000000Z;5.3695;5.375;900;965
2026-06-08T09:43:00.0000000Z;5.3695;5.375;900;210
2026-06-08T09:43:04.0000000Z;5.369;5.375;900;210
2026-06-08T09:43:05.0000000Z;5.369;5.375;900;210
2026-06-08T09:43:06.0000000Z;5.369;5.375;900;210
2026-06-08T09:43:07.0000000Z;5.3695;5.375;2163;210
2026-06-08T09:43:08.0000000Z;5.369;5.375;900;210
2026-06-08T09:43:09.0000000Z;5.369;5.375;900;210
2026-06-08T09:43:10.0000000Z;5.369;5.375;900;210
2026-06-08T09:43:13.0000000Z;5.369;5.375;900;210
2026-06-08T09:43:19.0000000Z;5.369;5.375;900;210
2026-06-08T09:43:20.0000000Z;5.369;5.375;900;210
2026-06-08T09:43:21.0000000Z;5.369;5.3775;900;1050
2026-06-08T09:43:22.0000000Z;5.369;5.377;900;210
2026-06-08T09:43:23.0000000Z;5.369;5.3755;900;210
2026-06-08T09:43:24.0000000Z;5.369;5.377;900;210
2026-06-08T09:43:26.0000000Z;5.369;5.376;900;210
2026-06-08T09:43:27.0000000Z;5.369;5.376;900;210
2026-06-08T09:43:28.0000000Z;5.369;5.376;900;210
2026-06-08T09:43:29.0000000Z;5.368;5.3755;52831;1541
2026-06-08T09:43:30.0000000Z;5.369;5.376;900;210
2026-06-08T09:43:31.0000000Z;5.369;5.376;900;1050
2026-06-08T09:43:32.0000000Z;5.3695;5.3755;2727;1331
2026-06-08T09:43:33.0000000Z;5.369;5.376;900;210
2026-06-08T09:43:40.0000000Z;5.369;5.376;900;210
2026-06-08T09:43:41.0000000Z;5.3695;5.3755;2727;1331
2026-06-08T09:43:43.0000000Z;5.369;5.376;900;210
2026-06-08T09:43:44.0000000Z;5.369;5.376;900;210
2026-06-08T09:43:47.0000000Z;5.369;5.376;900;210
2026-06-08T09:43:49.0000000Z;5.369;5.376;900;210
2026-06-08T09:43:50.0000000Z;5.369;5.376;900;210
2026-06-08T09:43:51.0000000Z;5.369;5.376;900;210
2026-06-08T09:43:54.0000000Z;5.369;5.377;900;210
2026-06-08T09:43:55.0000000Z;5.369;5.377;900;210
2026-06-08T09:43:56.0000000Z;5.369;5.3765;900;210
2026-06-08T09:43:59.0000000Z;5.3705;5.377;2199;210
2026-06-08T09:44:02.0000000Z;5.369;5.377;900;210
2026-06-08T09:44:03.0000000Z;5.369;5.377;900;210
2026-06-08T09:44:04.0000000Z;5.369;5.377;900;210
2026-06-08T09:44:05.0000000Z;5.369;5.377;900;42500
2026-06-08T09:44:07.0000000Z;5.369;5.377;900;210
2026-06-08T09:44:08.0000000Z;5.3695;5.377;12451;210
2026-06-08T09:44:09.0000000Z;5.369;5.3775;900;210
2026-06-08T09:44:10.0000000Z;5.369;5.3775;900;42710
2026-06-08T09:44:13.0000000Z;5.369;5.3775;900;1005
2026-06-08T09:44:16.0000000Z;5.369;5.3775;900;165
2026-06-08T09:44:18.0000000Z;5.369;5.3775;900;42500
2026-06-08T09:44:20.0000000Z;5.369;5.3775;900;165
2026-06-08T09:44:21.0000000Z;5.371;5.3775;11884;165
2026-06-08T09:44:22.0000000Z;5.369;5.3775;900;165
2026-06-08T09:44:23.0000000Z;5.3715;5.38;900;1005
2026-06-08T09:44:24.0000000Z;5.3715;5.38;900;1005
2026-06-08T09:44:25.0000000Z;5.3715;5.38;900;165
2026-06-08T09:44:26.0000000Z;5.3715;5.3805;900;165
2026-06-08T09:44:27.0000000Z;5.3735;5.3805;2186;165
2026-06-08T09:44:28.0000000Z;5.374;5.3805;900;165
2026-06-08T09:44:29.0000000Z;5.374;5.3805;900;165
2026-06-08T09:44:31.0000000Z;5.374;5.3805;900;165
2026-06-08T09:44:33.0000000Z;5.3745;5.3805;900;165
2026-06-08T09:44:35.0000000Z;5.375;5.3805;2065;165
2026-06-08T09:44:36.0000000Z;5.374;5.3805;900;1005
2026-06-08T09:44:38.0000000Z;5.3745;5.3805;2216;1005
2026-06-08T09:44:39.0000000Z;5.3745;5.3805;2216;42500
2026-06-08T09:44:40.0000000Z;5.374;5.3805;900;1005
2026-06-08T09:44:47.0000000Z;5.374;5.3815;900;165
2026-06-08T09:44:48.0000000Z;5.374;5.3815;900;1005
2026-06-08T09:44:50.0000000Z;5.374;5.381;900;9292
2026-06-08T09:44:51.0000000Z;5.374;5.3815;900;1005
2026-06-08T09:44:52.0000000Z;5.374;5.3815;900;1005
2026-06-08T09:44:53.0000000Z;5.374;5.3815;900;1005
2026-06-08T09:44:55.0000000Z;5.374;5.3815;900;42500
2026-06-08T09:44:56.0000000Z;5.374;5.3815;900;999
2026-06-08T09:44:57.0000000Z;5.374;5.3815;900;999
2026-06-08T09:44:59.0000000Z;5.374;5.3815;900;999
2026-06-08T09:45:02.0000000Z;5.373;5.3805;32090;999
2026-06-08T09:45:03.0000000Z;5.3745;5.3805;2257;999
2026-06-08T09:45:04.0000000Z;5.374;5.3805;900;159
2026-06-08T09:45:05.0000000Z;5.374;5.3805;900;159
2026-06-08T09:45:06.0000000Z;5.374;5.3805;900;159
2026-06-08T09:45:07.0000000Z;5.374;5.3805;900;159
2026-06-08T09:45:08.0000000Z;5.374;5.3805;900;159
2026-06-08T09:45:10.0000000Z;5.374;5.3805;900;999
2026-06-08T09:45:11.0000000Z;5.374;5.3805;900;999
2026-06-08T09:45:12.0000000Z;5.374;5.3805;900;999
2026-06-08T09:45:13.0000000Z;5.374;5.3805;900;999
2026-06-08T09:45:14.0000000Z;5.374;5.38;900;1264
2026-06-08T09:45:15.0000000Z;5.3745;5.38;2306;159
2026-06-08T09:45:16.0000000Z;5.374;5.38;900;43777
2026-06-08T09:45:17.0000000Z;5.374;5.381;900;1059
2026-06-08T09:45:18.0000000Z;5.3745;5.381;2367;1059
2026-06-08T09:45:19.0000000Z;5.3745;5.38;2367;43777
2026-06-08T09:45:21.0000000Z;5.374;5.3805;900;159
2026-06-08T09:45:22.0000000Z;5.374;5.3805;900;43805
2026-06-08T09:45:24.0000000Z;5.374;5.38;900;1156
2026-06-08T09:45:25.0000000Z;5.374;5.38;900;1156
2026-06-08T09:45:28.0000000Z;5.374;5.38;900;1156
2026-06-08T09:45:29.0000000Z;5.374;5.38;42500;1121
2026-06-08T09:45:30.0000000Z;5.374;5.38;900;1264
2026-06-08T09:45:31.0000000Z;5.3745;5.3805;2257;1059
2026-06-08T09:45:32.0000000Z;5.3745;5.3805;2257;1059
2026-06-08T09:45:34.0000000Z;5.374;5.382;900;1059
2026-06-08T09:45:35.0000000Z;5.374;5.382;900;4659
2026-06-08T09:45:36.0000000Z;5.374;5.3805;900;42500
2026-06-08T09:45:37.0000000Z;5.374;5.381;900;159
2026-06-08T09:45:38.0000000Z;5.374;5.381;900;42500
2026-06-08T09:45:41.0000000Z;5.374;5.3815;900;159
2026-06-08T09:45:42.0000000Z;5.374;5.382;900;159
2026-06-08T09:45:43.0000000Z;5.374;5.382;900;159
2026-06-08T09:45:44.0000000Z;5.374;5.382;900;159
2026-06-08T09:45:45.0000000Z;5.374;5.382;900;159
2026-06-08T09:45:47.0000000Z;5.374;5.382;900;159
2026-06-08T09:45:48.0000000Z;5.374;5.382;900;159
2026-06-08T09:45:49.0000000Z;5.374;5.382;900;159
2026-06-08T09:45:51.0000000Z;5.374;5.382;900;159
2026-06-08T09:45:52.0000000Z;5.3755;5.382;2164;159
2026-06-08T09:45:57.0000000Z;5.374;5.382;900;159
2026-06-08T09:45:59.0000000Z;5.3755;5.382;2164;159
2026-06-08T09:46:00.0000000Z;5.374;5.382;900;159
2026-06-08T09:46:02.0000000Z;5.3765;5.3855;900;159
2026-06-08T09:46:03.0000000Z;5.3785;5.387;2500;159
2026-06-08T09:46:04.0000000Z;5.3785;5.3865;2812;999
2026-06-08T09:46:05.0000000Z;5.378;5.3825;900;159
2026-06-08T09:46:06.0000000Z;5.3765;5.3865;900;159
2026-06-08T09:46:07.0000000Z;5.378;5.387;900;1059
2026-06-08T09:46:09.0000000Z;5.378;5.3825;900;159
2026-06-08T09:46:10.0000000Z;5.378;5.387;900;42500
2026-06-08T09:46:11.0000000Z;5.378;5.387;900;1059
2026-06-08T09:46:12.0000000Z;5.378;5.386;900;4659
2026-06-08T09:46:13.0000000Z;5.378;5.3855;900;44070
2026-06-08T09:46:14.0000000Z;5.378;5.3855;900;159
2026-06-08T09:46:15.0000000Z;5.3785;5.3855;2837;159
2026-06-08T09:46:16.0000000Z;5.378;5.3855;900;159
2026-06-08T09:46:17.0000000Z;5.378;5.3855;900;44070
2026-06-08T09:46:20.0000000Z;5.378;5.3855;900;159
2026-06-08T09:46:21.0000000Z;5.383;5.3855;900;159
2026-06-08T09:46:22.0000000Z;5.383;5.3855;900;159
2026-06-08T09:46:23.0000000Z;5.382;5.385;992;1761
2026-06-08T09:46:24.0000000Z;5.382;5.3855;92;1059
2026-06-08T09:46:25.0000000Z;5.3765;5.3845;900;1059
2026-06-08T09:46:26.0000000Z;5.3765;5.3835;900;999
2026-06-08T09:46:27.0000000Z;5.377;5.383;2328;1287
2026-06-08T09:46:28.0000000Z;5.3765;5.3835;900;159
2026-06-08T09:46:29.0000000Z;5.3765;5.3835;900;999
2026-06-08T09:46:30.0000000Z;5.3765;5.3825;900;159
2026-06-08T09:46:31.0000000Z;5.3765;5.3825;900;159
2026-06-08T09:46:32.0000000Z;5.3765;5.3825;900;159
2026-06-08T09:46:34.0000000Z;5.3765;5.3825;900;159
2026-06-08T09:46:35.0000000Z;5.3765;5.3825;900;159
2026-06-08T09:46:37.0000000Z;5.3765;5.383;900;999
2026-06-08T09:46:38.0000000Z;5.3765;5.383;900;999
2026-06-08T09:46:39.0000000Z;5.3765;5.383;900;42659
2026-06-08T09:46:40.0000000Z;5.3765;5.383;900;999
2026-06-08T09:46:41.0000000Z;5.377;5.3825;2388;1289
2026-06-08T09:46:42.0000000Z;5.3765;5.382;900;159
2026-06-08T09:46:45.0000000Z;5.377;5.382;2388;43589
2026-06-08T09:46:46.0000000Z;5.3765;5.382;900;999
2026-06-08T09:46:47.0000000Z;5.3765;5.382;900;43589
2026-06-08T09:46:48.0000000Z;5.3765;5.382;900;159
2026-06-08T09:46:49.0000000Z;5.3765;5.382;900;999
2026-06-08T09:46:51.0000000Z;5.3765;5.382;900;1059
2026-06-08T09:46:52.0000000Z;5.3765;5.382;900;1059
2026-06-08T09:46:53.0000000Z;5.3765;5.382;900;159
2026-06-08T09:46:54.0000000Z;5.376;5.381;900;159
2026-06-08T09:46:55.0000000Z;5.3765;5.381;42500;43469
2026-06-08T09:46:57.0000000Z;5.376;5.381;43400;159
2026-06-08T09:47:00.0000000Z;5.3715;5.381;465;159
2026-06-08T09:47:01.0000000Z;5.3755;5.381;42500;159
2026-06-08T09:47:02.0000000Z;5.374;5.381;900;999
2026-06-08T09:47:03.0000000Z;5.374;5.381;900;999
2026-06-08T09:47:04.0000000Z;5.374;5.381;900;999
2026-06-08T09:47:05.0000000Z;5.374;5.381;900;999
2026-06-08T09:47:07.0000000Z;5.375;5.381;2309;999
2026-06-08T09:47:08.0000000Z;5.3745;5.381;900;999
2026-06-08T09:47:10.0000000Z;5.3745;5.3805;900;999
2026-06-08T09:47:11.0000000Z;5.3745;5.3805;900;159
2026-06-08T09:47:12.0000000Z;5.3745;5.3805;900;159
2026-06-08T09:47:13.0000000Z;5.3745;5.3805;900;159
2026-06-08T09:47:14.0000000Z;5.3745;5.3805;900;159
2026-06-08T09:47:15.0000000Z;5.3745;5.3805;900;159
2026-06-08T09:47:16.0000000Z;5.375;5.3805;2358;43587
2026-06-08T09:47:20.0000000Z;5.3745;5.3805;900;159
2026-06-08T09:47:22.0000000Z;5.3745;5.3805;900;159
2026-06-08T09:47:24.0000000Z;5.3745;5.3805;900;159
2026-06-08T09:47:28.0000000Z;5.3745;5.3805;900;159
2026-06-08T09:47:29.0000000Z;5.3745;5.3805;900;159
2026-06-08T09:47:30.0000000Z;5.3745;5.3805;900;159
2026-06-08T09:47:32.0000000Z;5.3745;5.3805;900;159
2026-06-08T09:47:33.0000000Z;5.3745;5.3805;900;999
2026-06-08T09:47:34.0000000Z;5.3745;5.3805;900;999
2026-06-08T09:47:35.0000000Z;5.375;5.3805;2358;999
2026-06-08T09:47:36.0000000Z;5.3745;5.3805;900;159
2026-06-08T09:47:39.0000000Z;5.3745;5.3805;900;159
2026-06-08T09:47:41.0000000Z;5.375;5.3805;2358;159
2026-06-08T09:47:42.0000000Z;5.3745;5.3805;900;159
2026-06-08T09:47:44.0000000Z;5.3745;5.3805;900;159
2026-06-08T09:47:47.0000000Z;5.3745;5.3805;900;159
2026-06-08T09:47:50.0000000Z;5.3745;5.381;900;999
2026-06-08T09:47:51.0000000Z;5.3745;5.381;900;999
2026-06-08T09:47:52.0000000Z;5.3745;5.3825;900;159
2026-06-08T09:47:53.0000000Z;5.3745;5.3825;900;159
2026-06-08T09:47:54.0000000Z;5.3745;5.3825;900;159
2026-06-08T09:47:55.0000000Z;5.3745;5.3825;900;42500
2026-06-08T09:47:58.0000000Z;5.375;5.3825;2708;42500
2026-06-08T09:47:59.0000000Z;5.375;5.3825;2708;42500
2026-06-08T09:48:00.0000000Z;5.3745;5.382;900;999
2026-06-08T09:48:01.0000000Z;5.3745;5.382;900;999
2026-06-08T09:48:05.0000000Z;5.3745;5.3815;900;999
2026-06-08T09:48:06.0000000Z;5.375;5.381;2708;1152
2026-06-08T09:48:07.0000000Z;5.3745;5.3815;900;999
2026-06-08T09:48:08.0000000Z;5.375;5.381;2708;1292
2026-06-08T09:48:09.0000000Z;5.3765;5.382;900;999
2026-06-08T09:48:10.0000000Z;5.3765;5.382;900;999
2026-06-08T09:48:11.0000000Z;5.3765;5.382;900;999
2026-06-08T09:48:12.0000000Z;5.3765;5.382;900;999
2026-06-08T09:48:13.0000000Z;5.3765;5.382;900;999
2026-06-08T09:48:14.0000000Z;5.3765;5.382;900;999
2026-06-08T09:48:15.0000000Z;5.377;5.3875;900;159
2026-06-08T09:48:16.0000000Z;5.377;5.385;900;999
2026-06-08T09:48:17.0000000Z;5.3785;5.3825;900;9290
2026-06-08T09:48:18.0000000Z;5.3785;5.385;900;999
2026-06-08T09:48:20.0000000Z;5.3785;5.385;900;999
2026-06-08T09:48:21.0000000Z;5.3785;5.3845;900;999
2026-06-08T09:48:24.0000000Z;5.3785;5.3845;900;159
2026-06-08T09:48:25.0000000Z;5.3785;5.3845;900;159
2026-06-08T09:48:26.0000000Z;5.377;5.3845;900;159
2026-06-08T09:48:27.0000000Z;5.377;5.3845;900;999
2026-06-08T09:48:28.0000000Z;5.3775;5.384;2594;1248
2026-06-08T09:48:29.0000000Z;5.3775;5.3845;2655;999
2026-06-08T09:48:30.0000000Z;5.3775;5.384;2655;1248
2026-06-08T09:48:31.0000000Z;5.377;5.385;900;159
2026-06-08T09:48:32.0000000Z;5.377;5.385;900;999
2026-06-08T09:48:33.0000000Z;5.3775;5.385;3450;42659
2026-06-08T09:48:34.0000000Z;5.3805;5.39;3542;999
2026-06-08T09:48:35.0000000Z;5.38;5.39;11153;999
2026-06-08T09:48:36.0000000Z;5.382;5.385;2941;159
2026-06-08T09:48:37.0000000Z;5.3815;5.3875;2294;43939
2026-06-08T09:48:38.0000000Z;5.3805;5.388;900;999
2026-06-08T09:48:39.0000000Z;5.3815;5.3875;44855;1312
2026-06-08T09:48:40.0000000Z;5.3805;5.3875;900;999
2026-06-08T09:48:42.0000000Z;5.3805;5.387;900;1288
2026-06-08T09:48:43.0000000Z;5.3805;5.388;900;999
2026-06-08T09:48:44.0000000Z;5.3805;5.388;900;999
2026-06-08T09:48:45.0000000Z;5.3805;5.3875;900;159
2026-06-08T09:48:46.0000000Z;5.3805;5.3875;900;999
2026-06-08T09:48:47.0000000Z;5.3805;5.3875;900;159
2026-06-08T09:48:48.0000000Z;5.3805;5.3875;900;159
2026-06-08T09:48:50.0000000Z;5.3805;5.3875;900;159
2026-06-08T09:48:51.0000000Z;5.3805;5.388;900;999
2026-06-08T09:48:52.0000000Z;5.3805;5.3875;900;1261
2026-06-08T09:48:53.0000000Z;5.38;5.388;33860;999
2026-06-08T09:48:54.0000000Z;5.3805;5.388;11152;999
2026-06-08T09:48:55.0000000Z;5.3815;5.388;900;159
2026-06-08T09:48:56.0000000Z;5.381;5.387;2553;1046
2026-06-08T09:48:57.0000000Z;5.3815;5.3875;900;999
2026-06-08T09:48:59.0000000Z;5.3815;5.3875;900;999
2026-06-08T09:49:00.0000000Z;5.3815;5.388;900;999
2026-06-08T09:49:01.0000000Z;5.3815;5.388;900;999
2026-06-08T09:49:02.0000000Z;5.3815;5.3875;900;159
2026-06-08T09:49:03.0000000Z;5.3815;5.3875;900;43570
2026-06-08T09:49:05.0000000Z;5.3815;5.3875;900;999
2026-06-08T09:49:06.0000000Z;5.3815;5.3875;900;999
2026-06-08T09:49:09.0000000Z;5.3815;5.3875;900;999
2026-06-08T09:49:10.0000000Z;5.3815;5.388;900;159
2026-06-08T09:49:12.0000000Z;5.3815;5.388;900;159
2026-06-08T09:49:13.0000000Z;5.3815;5.388;900;159
2026-06-08T09:49:14.0000000Z;5.3815;5.3875;900;159
2026-06-08T09:49:15.0000000Z;5.3815;5.3875;900;159
2026-06-08T09:49:19.0000000Z;5.3815;5.3875;900;999
2026-06-08T09:49:20.0000000Z;5.382;5.3875;2355;999
2026-06-08T09:49:22.0000000Z;5.3815;5.388;900;499
2026-06-08T09:49:23.0000000Z;5.3815;5.3875;900;42500
2026-06-08T09:49:24.0000000Z;5.3815;5.3875;900;1031
2026-06-08T09:49:25.0000000Z;5.3815;5.388;900;499
2026-06-08T09:49:27.0000000Z;5.3815;5.388;900;499
2026-06-08T09:49:29.0000000Z;5.382;5.39;3056;900
2026-06-08T09:49:30.0000000Z;5.3815;5.3895;900;900
2026-06-08T09:49:31.0000000Z;5.3815;5.39;900;900
2026-06-08T09:49:32.0000000Z;5.3815;5.39;900;499
2026-06-08T09:49:33.0000000Z;5.3815;5.3885;900;9280
2026-06-08T09:49:34.0000000Z;5.3815;5.389;900;499
2026-06-08T09:49:36.0000000Z;5.3815;5.39;900;900
2026-06-08T09:49:37.0000000Z;5.3815;5.39;900;900
2026-06-08T09:49:39.0000000Z;5.3815;5.3895;900;1548
2026-06-08T09:49:43.0000000Z;5.3815;5.389;900;499
2026-06-08T09:49:44.0000000Z;5.3815;5.389;900;499
2026-06-08T09:49:45.0000000Z;5.3815;5.3885;900;1271
2026-06-08T09:49:47.0000000Z;5.3815;5.3885;900;1271
2026-06-08T09:49:48.0000000Z;5.3815;5.388;900;43732
2026-06-08T09:49:49.0000000Z;5.3815;5.3885;900;3497
2026-06-08T09:49:50.0000000Z;5.3815;5.389;900;499
2026-06-08T09:49:52.0000000Z;5.3815;5.3885;900;1271
2026-06-08T09:49:55.0000000Z;5.3815;5.389;900;499
2026-06-08T09:49:56.0000000Z;5.3815;5.3885;900;1271
2026-06-08T09:50:00.0000000Z;5.3815;5.389;900;499
2026-06-08T09:50:02.0000000Z;5.3815;5.389;900;499
2026-06-08T09:50:05.0000000Z;5.3815;5.388;900;499
2026-06-08T09:50:06.0000000Z;5.3815;5.3885;900;499
2026-06-08T09:50:07.0000000Z;5.3815;5.3875;900;43611
2026-06-08T09:50:08.0000000Z;5.3815;5.3875;900;42500
2026-06-08T09:50:09.0000000Z;5.3815;5.389;900;3497
2026-06-08T09:50:10.0000000Z;5.3815;5.3885;900;499
2026-06-08T09:50:11.0000000Z;5.3815;5.3885;900;42500
2026-06-08T09:50:12.0000000Z;5.3815;5.3885;900;42500
2026-06-08T09:50:13.0000000Z;5.3815;5.3885;900;499
2026-06-08T09:50:14.0000000Z;5.3815;5.3885;900;499
2026-06-08T09:50:15.0000000Z;5.3815;5.388;900;1111
2026-06-08T09:50:16.0000000Z;5.3815;5.3875;900;499
2026-06-08T09:50:17.0000000Z;5.3815;5.3875;900;499
2026-06-08T09:50:18.0000000Z;5.3815;5.3875;900;499
2026-06-08T09:50:19.0000000Z;5.3815;5.387;900;3497
2026-06-08T09:50:20.0000000Z;5.3815;5.387;900;42500
2026-06-08T09:50:21.0000000Z;5.3815;5.387;900;3497
2026-06-08T09:50:23.0000000Z;5.3815;5.387;900;42500
2026-06-08T09:50:24.0000000Z;5.3815;5.387;900;42500
2026-06-08T09:50:25.0000000Z;5.3815;5.3865;900;42500
2026-06-08T09:50:26.0000000Z;5.3815;5.3865;900;42500
2026-06-08T09:50:27.0000000Z;5.3815;5.387;900;910
2026-06-08T09:50:28.0000000Z;5.3815;5.3875;900;51781
2026-06-08T09:50:29.0000000Z;5.3815;5.388;900;11136
2026-06-08T09:50:30.0000000Z;5.3815;5.388;900;12036
2026-06-08T09:50:31.0000000Z;5.3815;5.387;900;993
2026-06-08T09:50:32.0000000Z;5.3815;5.3875;900;900
2026-06-08T09:50:34.0000000Z;5.382;5.3875;2827;900
2026-06-08T09:50:36.0000000Z;5.3815;5.388;900;11136
2026-06-08T09:50:37.0000000Z;5.3805;5.388;11152;11136
2026-06-08T09:50:38.0000000Z;5.382;5.388;2827;11136
2026-06-08T09:50:39.0000000Z;5.3815;5.388;900;11136
2026-06-08T09:50:40.0000000Z;5.3815;5.388;900;11136
2026-06-08T09:50:41.0000000Z;5.3815;5.388;900;11136
2026-06-08T09:50:43.0000000Z;5.3815;5.388;900;11136
2026-06-08T09:50:45.0000000Z;5.3815;5.388;900;11136
2026-06-08T09:50:47.0000000Z;5.3815;5.388;900;11136
2026-06-08T09:50:48.0000000Z;5.3815;5.388;900;11136
2026-06-08T09:50:50.0000000Z;5.3815;5.388;900;11136
2026-06-08T09:50:51.0000000Z;5.3815;5.388;900;11136
2026-06-08T09:50:52.0000000Z;5.3815;5.388;900;11136
2026-06-08T09:50:55.0000000Z;5.3815;5.388;900;11136
2026-06-08T09:50:59.0000000Z;5.3815;5.388;900;11136
2026-06-08T09:51:00.0000000Z;5.3805;5.388;33027;11136
2026-06-08T09:51:01.0000000Z;5.3815;5.388;900;11136
2026-06-08T09:51:02.0000000Z;5.3815;5.388;900;11136
2026-06-08T09:51:03.0000000Z;5.3815;5.388;900;11136
2026-06-08T09:51:05.0000000Z;5.3815;5.388;900;11136
2026-06-08T09:51:08.0000000Z;5.3815;5.388;900;11136
2026-06-08T09:51:09.0000000Z;5.3815;5.388;900;11136
2026-06-08T09:51:10.0000000Z;5.3815;5.3875;900;4500
2026-06-08T09:51:11.0000000Z;5.3815;5.3875;900;4500
2026-06-08T09:51:13.0000000Z;5.3815;5.387;900;11138
2026-06-08T09:51:14.0000000Z;5.382;5.387;2087;42500
2026-06-08T09:51:15.0000000Z;5.3815;5.387;900;11138
2026-06-08T09:51:16.0000000Z;5.3815;5.387;42500;11138
2026-06-08T09:51:17.0000000Z;5.3815;5.387;900;42500
2026-06-08T09:51:23.0000000Z;5.3815;5.387;900;11138
2026-06-08T09:51:24.0000000Z;5.3815;5.387;900;11138
2026-06-08T09:51:26.0000000Z;5.3815;5.387;900;11138
2026-06-08T09:51:35.0000000Z;5.3815;5.387;900;11138
2026-06-08T09:51:36.0000000Z;5.3815;5.387;900;11138
2026-06-08T09:51:37.0000000Z;5.3815;5.387;900;11138
2026-06-08T09:51:39.0000000Z;5.3815;5.387;900;11138
2026-06-08T09:51:42.0000000Z;5.3815;5.387;900;11138
2026-06-08T09:51:43.0000000Z;5.3815;5.387;900;11138
2026-06-08T09:51:44.0000000Z;5.3815;5.387;900;11138
2026-06-08T09:51:45.0000000Z;5.3815;5.387;900;11138
2026-06-08T09:51:46.0000000Z;5.3815;5.387;900;11138
2026-06-08T09:51:47.0000000Z;5.3815;5.387;900;11138
2026-06-08T09:51:49.0000000Z;5.3815;5.387;52300;11138
2026-06-08T09:51:50.0000000Z;5.3815;5.387;900;11138
2026-06-08T09:51:51.0000000Z;5.382;5.387;2069;11138
2026-06-08T09:51:52.0000000Z;5.382;5.387;2069;11138
2026-06-08T09:51:53.0000000Z;5.382;5.387;2069;42500
2026-06-08T09:51:54.0000000Z;5.382;5.387;2069;11138
2026-06-08T09:51:55.0000000Z;5.3815;5.387;900;11138
2026-06-08T09:51:56.0000000Z;5.3815;5.387;900;11138
2026-06-08T09:51:57.0000000Z;5.3815;5.387;42500;11138
2026-06-08T09:51:58.0000000Z;5.3815;5.387;900;11068
2026-06-08T09:51:59.0000000Z;5.3815;5.387;42500;11068
2026-06-08T09:52:00.0000000Z;5.3815;5.3885;900;3407
2026-06-08T09:52:01.0000000Z;5.3815;5.389;900;900
2026-06-08T09:52:02.0000000Z;5.3815;5.389;900;900
2026-06-08T09:52:03.0000000Z;5.3815;5.389;900;42500
2026-06-08T09:52:04.0000000Z;5.3815;5.3895;900;12033
2026-06-08T09:52:05.0000000Z;5.3815;5.3895;900;12033
2026-06-08T09:52:06.0000000Z;5.3815;5.3895;900;12033
2026-06-08T09:52:07.0000000Z;5.3815;5.389;900;44048
2026-06-08T09:52:10.0000000Z;5.3815;5.389;900;900
2026-06-08T09:52:22.0000000Z;5.3815;5.3885;900;4307
2026-06-08T09:52:23.0000000Z;5.3815;5.3885;900;3407
2026-06-08T09:52:24.0000000Z;5.3815;5.389;900;42500
2026-06-08T09:52:25.0000000Z;5.3815;5.3885;900;3407
2026-06-08T09:52:28.0000000Z;5.3815;5.3885;900;4307
2026-06-08T09:52:30.0000000Z;5.3815;5.388;900;1373
2026-06-08T09:52:31.0000000Z;5.3815;5.388;900;900
2026-06-08T09:52:32.0000000Z;5.3815;5.388;900;43873
2026-06-08T09:52:33.0000000Z;5.3815;5.3885;900;900
2026-06-08T09:52:34.0000000Z;5.3815;5.3885;900;900
2026-06-08T09:52:35.0000000Z;5.382;5.3885;2569;900
2026-06-08T09:52:36.0000000Z;5.3815;5.389;900;299
2026-06-08T09:52:37.0000000Z;5.382;5.3885;2569;42500
2026-06-08T09:52:38.0000000Z;5.382;5.389;2569;42500
2026-06-08T09:52:41.0000000Z;5.3815;5.389;900;1199
2026-06-08T09:52:42.0000000Z;5.3815;5.389;900;299
2026-06-08T09:52:43.0000000Z;5.3815;5.389;900;1199
2026-06-08T09:52:46.0000000Z;5.3815;5.389;900;900
2026-06-08T09:52:47.0000000Z;5.382;5.388;2569;1373
2026-06-08T09:52:48.0000000Z;5.3815;5.3885;900;5863
2026-06-08T09:52:49.0000000Z;5.3815;5.3875;42500;42500
2026-06-08T09:52:50.0000000Z;5.3815;5.387;746;1444
2026-06-08T09:52:51.0000000Z;5.3815;5.387;746;1444
2026-06-08T09:52:56.0000000Z;5.3795;5.387;2858;1444
2026-06-08T09:53:04.0000000Z;5.379;5.388;900;900
2026-06-08T09:53:06.0000000Z;5.3795;5.3885;900;463
2026-06-08T09:53:07.0000000Z;5.3785;5.3885;11156;463
2026-06-08T09:53:08.0000000Z;5.3795;5.386;900;900
2026-06-08T09:53:10.0000000Z;5.3795;5.386;900;900
2026-06-08T09:53:11.0000000Z;5.3795;5.3875;900;900
2026-06-08T09:53:12.0000000Z;5.3795;5.3875;900;900
2026-06-08T09:53:13.0000000Z;5.3795;5.386;900;42500
2026-06-08T09:53:14.0000000Z;5.3795;5.3865;900;9283
2026-06-08T09:53:16.0000000Z;5.3795;5.3875;900;900
2026-06-08T09:53:17.0000000Z;5.38;5.3865;2961;9283
2026-06-08T09:53:18.0000000Z;5.38;5.3865;2961;9283
2026-06-08T09:53:19.0000000Z;5.3795;5.388;900;900
2026-06-08T09:53:22.0000000Z;5.3795;5.3875;900;1495
2026-06-08T09:53:33.0000000Z;5.38;5.387;2961;1474
2026-06-08T09:53:34.0000000Z;5.3795;5.3875;900;4307
2026-06-08T09:53:35.0000000Z;5.3795;5.3885;900;463
2026-06-08T09:53:36.0000000Z;5.3795;5.388;900;900
2026-06-08T09:53:37.0000000Z;5.3795;5.388;900;42500
2026-06-08T09:53:38.0000000Z;5.3795;5.3885;900;900
2026-06-08T09:53:39.0000000Z;5.3795;5.388;900;42500
2026-06-08T09:53:40.0000000Z;5.3795;5.388;900;1653
2026-06-08T09:53:43.0000000Z;5.3795;5.3885;900;900
2026-06-08T09:53:45.0000000Z;5.3795;5.3875;900;900
2026-06-08T09:53:46.0000000Z;5.3795;5.3885;900;900
2026-06-08T09:53:48.0000000Z;5.379;5.3865;900;900
2026-06-08T09:53:49.0000000Z;5.379;5.3865;900;900
2026-06-08T09:53:50.0000000Z;5.3795;5.3865;2613;43967
2026-06-08T09:53:51.0000000Z;5.3775;5.3855;900;4310
2026-06-08T09:53:52.0000000Z;5.3775;5.3855;900;4310
2026-06-08T09:53:53.0000000Z;5.3775;5.3865;900;900
2026-06-08T09:53:54.0000000Z;5.378;5.3865;2850;900
2026-06-08T09:53:55.0000000Z;5.378;5.3855;2850;1454
2026-06-08T09:53:58.0000000Z;5.378;5.386;2850;1709
2026-06-08T09:54:01.0000000Z;5.3775;5.386;900;900
2026-06-08T09:54:02.0000000Z;5.3775;5.3855;900;1527
2026-06-08T09:54:07.0000000Z;5.378;5.386;2915;42500
2026-06-08T09:54:08.0000000Z;5.379;5.3865;900;16664
2026-06-08T09:54:09.0000000Z;5.379;5.3875;900;900
2026-06-08T09:54:10.0000000Z;5.3795;5.3865;2858;1548
2026-06-08T09:54:11.0000000Z;5.379;5.387;900;1444
2026-06-08T09:54:12.0000000Z;5.379;5.388;900;1199
2026-06-08T09:54:13.0000000Z;5.379;5.387;900;1374
2026-06-08T09:54:15.0000000Z;5.379;5.387;900;4310
2026-06-08T09:54:17.0000000Z;5.3785;5.3865;464;1624
2026-06-08T09:54:18.0000000Z;5.379;5.3865;900;900
2026-06-08T09:54:19.0000000Z;5.379;5.3875;900;900
2026-06-08T09:54:20.0000000Z;5.379;5.3865;900;900
2026-06-08T09:54:21.0000000Z;5.379;5.3865;900;43952
2026-06-08T09:54:23.0000000Z;5.379;5.3865;900;43952
2026-06-08T09:54:24.0000000Z;5.379;5.3865;900;43952
2026-06-08T09:54:27.0000000Z;5.379;5.3865;900;4310
2026-06-08T09:54:28.0000000Z;5.379;5.3865;900;4310
2026-06-08T09:54:30.0000000Z;5.379;5.3865;900;4310
2026-06-08T09:54:34.0000000Z;5.379;5.3865;900;4310
2026-06-08T09:54:36.0000000Z;5.379;5.3875;900;900
2026-06-08T09:54:39.0000000Z;5.379;5.3875;900;870
2026-06-08T09:54:42.0000000Z;5.379;5.3865;900;4235
2026-06-08T09:54:43.0000000Z;5.3795;5.386;3080;1496
2026-06-08T09:54:44.0000000Z;5.379;5.3865;900;42500
2026-06-08T09:54:45.0000000Z;5.379;5.3865;900;900
2026-06-08T09:54:49.0000000Z;5.378;5.386;11157;1445
2026-06-08T09:54:50.0000000Z;5.379;5.3865;900;900
2026-06-08T09:54:59.0000000Z;5.379;5.3875;900;900
2026-06-08T09:55:00.0000000Z;5.379;5.388;900;900
2026-06-08T09:55:01.0000000Z;5.379;5.387;900;9282
2026-06-08T09:55:03.0000000Z;5.379;5.3875;900;1623
2026-06-08T09:55:10.0000000Z;5.3795;5.387;3080;1602
2026-06-08T09:55:11.0000000Z;5.379;5.387;900;11138
2026-06-08T09:55:12.0000000Z;5.379;5.3865;900;900
2026-06-08T09:55:13.0000000Z;5.3795;5.386;3080;1445
2026-06-08T09:55:14.0000000Z;5.379;5.386;900;1445
2026-06-08T09:55:15.0000000Z;5.379;5.386;900;900
2026-06-08T09:55:16.0000000Z;5.379;5.386;900;900
2026-06-08T09:55:19.0000000Z;5.379;5.3855;900;1273
2026-06-08T09:55:20.0000000Z;5.379;5.386;900;900
2026-06-08T09:55:21.0000000Z;5.379;5.3855;900;1273
2026-06-08T09:55:26.0000000Z;5.379;5.3855;900;1273
2026-06-08T09:55:27.0000000Z;5.379;5.386;900;900
2026-06-08T09:55:28.0000000Z;5.3795;5.386;2570;42500
2026-06-08T09:55:29.0000000Z;5.379;5.386;900;900
2026-06-08T09:55:30.0000000Z;5.379;5.386;900;900
2026-06-08T09:55:33.0000000Z;5.379;5.386;900;900
2026-06-08T09:55:34.0000000Z;5.3785;5.3855;464;1260
2026-06-08T09:55:35.0000000Z;5.379;5.386;900;900
2026-06-08T09:55:37.0000000Z;5.379;5.386;900;900
2026-06-08T09:55:38.0000000Z;5.379;5.386;900;900
2026-06-08T09:55:42.0000000Z;5.379;5.386;900;900
2026-06-08T09:55:44.0000000Z;5.379;5.386;900;900
2026-06-08T09:55:45.0000000Z;5.3785;5.3855;464;1260
2026-06-08T09:55:46.0000000Z;5.379;5.387;900;11138
2026-06-08T09:55:47.0000000Z;5.3795;5.386;2591;900
2026-06-08T09:55:51.0000000Z;5.379;5.3865;900;900
2026-06-08T09:55:52.0000000Z;5.379;5.386;900;42500
2026-06-08T09:55:53.0000000Z;5.379;5.3865;900;900
2026-06-08T09:55:54.0000000Z;5.379;5.386;900;1282
2026-06-08T09:55:55.0000000Z;5.379;5.3865;900;51783
2026-06-08T09:55:56.0000000Z;5.379;5.3865;900;900
2026-06-08T09:55:57.0000000Z;5.379;5.387;900;12038
2026-06-08T09:55:58.0000000Z;5.379;5.387;900;12038
2026-06-08T09:55:59.0000000Z;5.379;5.386;900;1333
2026-06-08T09:56:00.0000000Z;5.379;5.386;900;4500
2026-06-08T09:56:01.0000000Z;5.379;5.386;900;297
2026-06-08T09:56:02.0000000Z;5.379;5.3865;900;900
2026-06-08T09:56:03.0000000Z;5.379;5.3865;900;900
2026-06-08T09:56:04.0000000Z;5.379;5.3865;900;900
2026-06-08T09:56:06.0000000Z;5.379;5.3865;900;900
2026-06-08T09:56:07.0000000Z;5.379;5.3865;900;900
2026-06-08T09:56:08.0000000Z;5.379;5.3865;900;900
2026-06-08T09:56:10.0000000Z;5.3795;5.3865;2591;900
2026-06-08T09:56:24.0000000Z;5.3795;5.386;2591;1445
2026-06-08T09:56:25.0000000Z;5.3795;5.386;2591;43945
2026-06-08T09:56:27.0000000Z;5.3785;5.386;900;900
2026-06-08T09:56:28.0000000Z;5.3795;5.3855;2314;1956
2026-06-08T09:56:29.0000000Z;5.3785;5.3845;900;3410
2026-06-08T09:56:30.0000000Z;5.3785;5.3845;900;900
2026-06-08T09:56:31.0000000Z;5.375;5.3845;1365;900
2026-06-08T09:56:32.0000000Z;5.3765;5.3845;900;900
2026-06-08T09:56:34.0000000Z;5.3765;5.3855;900;900
2026-06-08T09:56:35.0000000Z;5.3765;5.3855;900;900
2026-06-08T09:56:36.0000000Z;5.3765;5.3855;900;900
2026-06-08T09:56:37.0000000Z;5.377;5.3855;12882;900
2026-06-08T09:56:38.0000000Z;5.3765;5.3855;900;11139
2026-06-08T09:56:39.0000000Z;5.379;5.3855;2698;11139
2026-06-08T09:56:40.0000000Z;5.3785;5.3865;900;900
2026-06-08T09:56:41.0000000Z;5.3785;5.386;900;9284
2026-06-08T09:56:42.0000000Z;5.3785;5.3865;900;900
2026-06-08T09:56:43.0000000Z;5.379;5.3865;2698;42500
2026-06-08T09:56:45.0000000Z;5.3785;5.3865;900;900
2026-06-08T09:56:47.0000000Z;5.3785;5.3865;900;900
2026-06-08T09:56:48.0000000Z;5.3785;5.3875;900;900
2026-06-08T09:56:49.0000000Z;5.3785;5.387;900;464
2026-06-08T09:56:50.0000000Z;5.3785;5.3875;900;1364
2026-06-08T09:56:51.0000000Z;5.3785;5.3875;900;464
2026-06-08T09:56:52.0000000Z;5.3785;5.3875;900;900
2026-06-08T09:56:53.0000000Z;5.379;5.3865;2989;1514
2026-06-08T09:56:54.0000000Z;5.3785;5.3875;900;1364
2026-06-08T09:56:56.0000000Z;5.3785;5.3865;900;900
2026-06-08T09:56:57.0000000Z;5.3775;5.386;464;1620
2026-06-08T09:56:59.0000000Z;5.3785;5.386;900;1263
2026-06-08T09:56:59.0000000Z;5.3785;5.3875;900;8465
2026-06-08T09:57:00.0000000Z;5.3785;5.386;900;3410
2026-06-08T09:57:01.0000000Z;5.3785;5.386;900;4310
2026-06-08T09:57:02.0000000Z;5.3785;5.387;900;900
2026-06-08T09:57:03.0000000Z;5.3785;5.387;900;900
2026-06-08T09:57:04.0000000Z;5.3785;5.387;900;42500
2026-06-08T09:57:05.0000000Z;5.3785;5.3865;900;297
2026-06-08T09:57:06.0000000Z;5.3785;5.387;900;42500
2026-06-08T09:57:09.0000000Z;5.3795;5.3875;2921;464
2026-06-08T09:57:10.0000000Z;5.38;5.3875;900;900
2026-06-08T09:57:11.0000000Z;5.38;5.388;900;11136
2026-06-08T09:57:12.0000000Z;5.38;5.3875;900;51781
2026-06-08T09:57:13.0000000Z;5.38;5.388;900;11136
2026-06-08T09:57:14.0000000Z;5.38;5.3875;900;9281
2026-06-08T09:57:15.0000000Z;5.3805;5.3875;2603;1476
2026-06-08T09:57:16.0000000Z;5.38;5.388;900;11136
2026-06-08T09:57:17.0000000Z;5.38;5.388;900;12036
2026-06-08T09:57:18.0000000Z;5.38;5.388;900;11136
2026-06-08T09:57:19.0000000Z;5.38;5.388;900;12036
2026-06-08T09:57:21.0000000Z;5.376;5.387;11161;297
2026-06-08T09:57:22.0000000Z;5.3775;5.3875;900;1197
2026-06-08T09:57:24.0000000Z;5.379;5.3875;900;42500
2026-06-08T09:57:25.0000000Z;5.379;5.3885;900;1197
2026-06-08T09:57:26.0000000Z;5.3795;5.3875;2996;42500
2026-06-08T09:57:27.0000000Z;5.3795;5.3875;2996;42500
2026-06-08T09:57:28.0000000Z;5.3795;5.388;2996;1797
2026-06-08T09:57:30.0000000Z;5.3795;5.388;2996;1797
2026-06-08T09:57:31.0000000Z;5.379;5.388;900;6142
2026-06-08T09:57:32.0000000Z;5.379;5.3885;900;900
2026-06-08T09:57:34.0000000Z;5.379;5.388;900;1721
2026-06-08T09:57:36.0000000Z;5.379;5.388;900;1721
2026-06-08T09:57:43.0000000Z;5.379;5.3885;900;900
2026-06-08T09:57:44.0000000Z;5.379;5.3885;900;900
2026-06-08T09:57:45.0000000Z;5.379;5.3885;900;900
2026-06-08T09:57:46.0000000Z;5.379;5.387;900;900
2026-06-08T09:57:48.0000000Z;5.379;5.3885;900;3870
2026-06-08T09:57:49.0000000Z;5.379;5.3865;900;900
2026-06-08T09:57:51.0000000Z;5.379;5.3875;900;1551
2026-06-08T09:57:52.0000000Z;5.379;5.387;900;44062
2026-06-08T09:57:55.0000000Z;5.379;5.387;900;900
2026-06-08T09:57:56.0000000Z;5.379;5.387;900;44062
2026-06-08T09:57:57.0000000Z;5.3795;5.387;3296;44062
2026-06-08T09:57:58.0000000Z;5.379;5.3865;900;4310
2026-06-08T09:57:59.0000000Z;5.379;5.3865;900;4310
2026-06-08T09:58:00.0000000Z;5.379;5.3865;900;4310
2026-06-08T09:58:02.0000000Z;5.379;5.3855;900;1184
2026-06-08T09:58:03.0000000Z;5.379;5.3855;900;1324
2026-06-08T09:58:04.0000000Z;5.379;5.386;900;900
2026-06-08T09:58:05.0000000Z;5.379;5.386;900;900
2026-06-08T09:58:06.0000000Z;5.378;5.3855;11157;1324
2026-06-08T09:58:07.0000000Z;5.378;5.386;11157;900
2026-06-08T09:58:08.0000000Z;5.379;5.385;42500;900
2026-06-08T09:58:09.0000000Z;5.379;5.385;900;900
2026-06-08T09:58:11.0000000Z;5.3795;5.385;2267;42500
2026-06-08T09:58:12.0000000Z;5.379;5.3855;900;11142
2026-06-08T09:58:14.0000000Z;5.379;5.3855;900;51785
2026-06-08T09:58:15.0000000Z;5.379;5.3855;900;11142
2026-06-08T09:58:18.0000000Z;5.379;5.3855;900;12042
2026-06-08T09:58:21.0000000Z;5.379;5.3855;900;11142
2026-06-08T09:58:22.0000000Z;5.379;5.3855;900;11142
2026-06-08T09:58:23.0000000Z;5.379;5.3855;900;11142
2026-06-08T09:58:24.0000000Z;5.379;5.3855;900;11142
2026-06-08T09:58:25.0000000Z;5.379;5.3855;900;11142
2026-06-08T09:58:27.0000000Z;5.379;5.3855;900;11142
2026-06-08T09:58:29.0000000Z;5.379;5.3855;900;11142
2026-06-08T09:58:30.0000000Z;5.379;5.3855;900;11142
2026-06-08T09:58:32.0000000Z;5.379;5.3855;900;11142
2026-06-08T09:58:33.0000000Z;5.379;5.3855;900;11142
2026-06-08T09:58:35.0000000Z;5.379;5.3855;900;11107
2026-06-08T09:58:36.0000000Z;5.379;5.3865;900;900
2026-06-08T09:58:37.0000000Z;5.379;5.386;900;9284
2026-06-08T09:58:38.0000000Z;5.379;5.3865;900;900
2026-06-08T09:58:39.0000000Z;5.379;5.3875;900;900
2026-06-08T09:58:40.0000000Z;5.379;5.387;900;907
2026-06-08T09:58:41.0000000Z;5.379;5.387;900;51782
2026-06-08T09:58:42.0000000Z;5.379;5.387;900;907
2026-06-08T09:58:43.0000000Z;5.379;5.3875;900;900
2026-06-08T09:58:45.0000000Z;5.379;5.387;900;9282
2026-06-08T09:58:46.0000000Z;5.379;5.387;900;9282
2026-06-08T09:58:47.0000000Z;5.379;5.3875;900;900
2026-06-08T09:58:51.0000000Z;5.379;5.388;900;463
2026-06-08T09:58:52.0000000Z;5.379;5.3875;900;900
2026-06-08T09:58:54.0000000Z;5.379;5.3875;900;7
2026-06-08T09:58:55.0000000Z;5.379;5.3875;900;907
2026-06-08T09:58:58.0000000Z;5.379;5.3875;900;907
2026-06-08T09:59:01.0000000Z;5.379;5.3885;900;12035
2026-06-08T09:59:03.0000000Z;5.379;5.3885;900;11942
2026-06-08T09:59:04.0000000Z;5.3795;5.3875;2962;1677
2026-06-08T09:59:06.0000000Z;5.379;5.3885;900;11942
2026-06-08T09:59:07.0000000Z;5.379;5.388;900;909
2026-06-08T09:59:08.0000000Z;5.3795;5.3875;3061;1677
2026-06-08T09:59:09.0000000Z;5.379;5.388;900;9
2026-06-08T09:59:10.0000000Z;5.3805;5.389;31025;11751
2026-06-08T09:59:11.0000000Z;5.3815;5.39;900;900
2026-06-08T09:59:12.0000000Z;5.3815;5.39;900;900
2026-06-08T09:59:14.0000000Z;5.3815;5.39;900;42500
2026-06-08T09:59:15.0000000Z;5.3815;5.39;900;42500
2026-06-08T09:59:16.0000000Z;5.382;5.392;3309;463
2026-06-08T09:59:17.0000000Z;5.3815;5.3895;900;42500
2026-06-08T09:59:19.0000000Z;5.3815;5.3895;900;42500
2026-06-08T09:59:20.0000000Z;5.3815;5.39;900;900
2026-06-08T09:59:21.0000000Z;5.3815;5.39;900;900
2026-06-08T09:59:22.0000000Z;5.3815;5.3895;900;1523
2026-06-08T09:59:27.0000000Z;5.3815;5.3895;900;297
2026-06-08T09:59:28.0000000Z;5.382;5.3895;3309;44068
2026-06-08T09:59:39.0000000Z;5.3815;5.39;900;899
2026-06-08T09:59:40.0000000Z;5.3815;5.3895;900;900
2026-06-08T09:59:41.0000000Z;5.3815;5.3895;900;44068
2026-06-08T09:59:42.0000000Z;5.3815;5.3905;900;463
2026-06-08T09:59:43.0000000Z;5.3815;5.3895;900;900
2026-06-08T09:59:44.0000000Z;5.382;5.389;3309;1350
2026-06-08T09:59:46.0000000Z;5.3815;5.39;900;900
2026-06-08T09:59:47.0000000Z;5.382;5.39;13109;900
2026-06-08T09:59:48.0000000Z;5.382;5.3895;13109;1523
2026-06-08T09:59:50.0000000Z;5.3815;5.39;900;12032
2026-06-08T09:59:51.0000000Z;5.3815;5.39;900;12032
2026-06-08T09:59:52.0000000Z;5.3815;5.39;900;12032
2026-06-08T09:59:53.0000000Z;5.383;5.39;2265;12032
2026-06-08T09:59:56.0000000Z;5.3815;5.39;900;12032
2026-06-08T09:59:58.0000000Z;5.382;5.39;12514;12032
2026-06-08T10:00:01.0000000Z;5.382;5.3895;2714;1750
2026-06-08T10:00:02.0000000Z;5.3815;5.3895;900;900
2026-06-08T10:00:03.0000000Z;5.3815;5.39;900;42500
2026-06-08T10:00:04.0000000Z;5.3815;5.3895;900;42500
2026-06-08T10:00:06.0000000Z;5.383;5.39;3542;42500
2026-06-08T10:00:07.0000000Z;5.383;5.39;13342;42500
2026-06-08T10:00:08.0000000Z;5.3835;5.3925;900;900
2026-06-08T10:00:09.0000000Z;5.3835;5.3915;900;463
2026-06-08T10:00:11.0000000Z;5.3835;5.391;900;3407
2026-06-08T10:00:12.0000000Z;5.3835;5.3905;900;1328
2026-06-08T10:00:13.0000000Z;5.384;5.3905;3195;1101
2026-06-08T10:00:14.0000000Z;5.3835;5.392;900;900
2026-06-08T10:00:15.0000000Z;5.384;5.395;900;11122
2026-06-08T10:00:16.0000000Z;5.384;5.394;900;297
2026-06-08T10:00:17.0000000Z;5.384;5.3935;900;6605
2026-06-08T10:00:18.0000000Z;5.384;5.394;900;900
2026-06-08T10:00:19.0000000Z;5.384;5.3935;900;4770
2026-06-08T10:00:20.0000000Z;5.384;5.3935;900;900
2026-06-08T10:00:21.0000000Z;5.384;5.393;900;900
2026-06-08T10:00:22.0000000Z;5.384;5.393;900;900
2026-06-08T10:00:24.0000000Z;5.384;5.3935;900;4770
2026-06-08T10:00:25.0000000Z;5.3845;5.394;3292;4770
2026-06-08T10:00:26.0000000Z;5.384;5.394;900;4770
2026-06-08T10:00:30.0000000Z;5.384;5.393;900;3407
2026-06-08T10:00:31.0000000Z;5.384;5.3935;900;3407
2026-06-08T10:00:32.0000000Z;5.384;5.393;900;1852
2026-06-08T10:00:33.0000000Z;5.384;5.3935;900;42500
2026-06-08T10:00:34.0000000Z;5.384;5.3935;900;1915
2026-06-08T10:00:35.0000000Z;5.384;5.3935;900;3407
2026-06-08T10:00:36.0000000Z;5.384;5.3935;900;42500
2026-06-08T10:00:37.0000000Z;5.3855;5.3935;2742;1821
2026-06-08T10:00:38.0000000Z;5.384;5.394;900;2076
2026-06-08T10:00:39.0000000Z;5.384;5.3945;900;1197
2026-06-08T10:00:40.0000000Z;5.384;5.3945;900;297
2026-06-08T10:00:42.0000000Z;5.384;5.3945;900;463
2026-06-08T10:00:43.0000000Z;5.384;5.3945;900;463
2026-06-08T10:00:44.0000000Z;5.384;5.3945;900;297
2026-06-08T10:00:46.0000000Z;5.3845;5.3945;3257;297
2026-06-08T10:00:47.0000000Z;5.386;5.3945;2902;463
2026-06-08T10:00:48.0000000Z;5.386;5.3945;2984;463
2026-06-08T10:00:49.0000000Z;5.3855;5.395;900;11122
2026-06-08T10:00:50.0000000Z;5.3855;5.3945;900;1800
2026-06-08T10:00:51.0000000Z;5.3855;5.395;900;11122
2026-06-08T10:00:52.0000000Z;5.3855;5.395;900;11122
2026-06-08T10:00:53.0000000Z;5.3855;5.395;900;12022
2026-06-08T10:00:54.0000000Z;5.3855;5.3945;900;5400
2026-06-08T10:00:55.0000000Z;5.3855;5.395;900;11122
2026-06-08T10:00:56.0000000Z;5.3855;5.395;900;11122
2026-06-08T10:00:58.0000000Z;5.3855;5.395;900;11122
2026-06-08T10:00:59.0000000Z;5.3855;5.395;900;11122
2026-06-08T10:01:00.0000000Z;5.3855;5.395;900;11122
2026-06-08T10:01:01.0000000Z;5.3855;5.395;900;15622
2026-06-08T10:01:02.0000000Z;5.3855;5.3945;900;1800
2026-06-08T10:01:03.0000000Z;5.3855;5.3945;900;1800
2026-06-08T10:01:04.0000000Z;5.3865;5.3945;900;900
2026-06-08T10:01:07.0000000Z;5.3865;5.3945;900;900
2026-06-08T10:01:09.0000000Z;5.386;5.393;464;1179
2026-06-08T10:01:10.0000000Z;5.3865;5.3945;900;3407
2026-06-08T10:01:11.0000000Z;5.387;5.3935;3254;43705
2026-06-08T10:01:12.0000000Z;5.3865;5.3945;900;4307
2026-06-08T10:01:13.0000000Z;5.3865;5.394;900;900
2026-06-08T10:01:14.0000000Z;5.3865;5.3945;900;3407
2026-06-08T10:01:15.0000000Z;5.3865;5.3945;900;900
2026-06-08T10:01:16.0000000Z;5.3865;5.394;900;4307
2026-06-08T10:01:17.0000000Z;5.3865;5.3935;900;1350
2026-06-08T10:01:18.0000000Z;5.3865;5.3945;900;900
2026-06-08T10:01:19.0000000Z;5.3865;5.3945;900;900
2026-06-08T10:01:20.0000000Z;5.3865;5.394;900;1289
2026-06-08T10:01:21.0000000Z;5.3865;5.393;900;900
2026-06-08T10:01:22.0000000Z;5.387;5.393;746;42500
2026-06-08T10:01:23.0000000Z;5.387;5.393;2240;900
2026-06-08T10:01:24.0000000Z;5.3865;5.393;2336;900
2026-06-08T10:01:25.0000000Z;5.384;5.393;900;900
2026-06-08T10:01:26.0000000Z;5.384;5.393;900;900
2026-06-08T10:01:27.0000000Z;5.385;5.3925;2695;1619
2026-06-08T10:01:28.0000000Z;5.384;5.393;900;900
2026-06-08T10:01:29.0000000Z;5.384;5.393;900;900
2026-06-08T10:01:32.0000000Z;5.384;5.393;900;900
2026-06-08T10:01:33.0000000Z;5.384;5.3925;900;1619
2026-06-08T10:01:34.0000000Z;5.384;5.3925;900;1619
2026-06-08T10:01:35.0000000Z;5.384;5.393;900;900
2026-06-08T10:01:36.0000000Z;5.384;5.3925;900;42500
2026-06-08T10:01:43.0000000Z;5.3845;5.392;3054;1406
2026-06-08T10:01:44.0000000Z;5.383;5.392;11147;3407
2026-06-08T10:01:45.0000000Z;5.384;5.391;900;900
2026-06-08T10:01:46.0000000Z;5.3815;5.3905;900;11131
2026-06-08T10:01:47.0000000Z;5.3835;5.3895;9288;900
2026-06-08T10:01:48.0000000Z;5.382;5.389;2286;1835
2026-06-08T10:01:49.0000000Z;5.38;5.389;900;1835
2026-06-08T10:01:50.0000000Z;5.38;5.389;900;900
2026-06-08T10:01:51.0000000Z;5.3805;5.389;2896;44409
2026-06-08T10:01:52.0000000Z;5.38;5.389;900;900
2026-06-08T10:01:55.0000000Z;5.38;5.3895;900;900
2026-06-08T10:01:56.0000000Z;5.38;5.3895;900;900
2026-06-08T10:01:57.0000000Z;5.38;5.3895;900;42500
2026-06-08T10:01:58.0000000Z;5.38;5.39;900;11132
2026-06-08T10:01:59.0000000Z;5.3785;5.3895;11156;463
2026-06-08T10:02:00.0000000Z;5.3795;5.3885;900;900
2026-06-08T10:02:01.0000000Z;5.3785;5.39;11156;11132
2026-06-08T10:02:02.0000000Z;5.3795;5.387;900;900
2026-06-08T10:02:03.0000000Z;5.3795;5.387;900;900
2026-06-08T10:02:04.0000000Z;5.3795;5.39;900;11132
2026-06-08T10:02:05.0000000Z;5.37;5.387;38;464
2026-06-08T10:02:06.0000000Z;5.3725;5.384;900;11145
2026-06-08T10:02:07.0000000Z;5.3745;5.384;900;3664
2026-06-08T10:02:08.0000000Z;5.3745;5.3835;900;2135
2026-06-08T10:02:09.0000000Z;5.3745;5.3855;900;11142
2026-06-08T10:02:10.0000000Z;5.3745;5.384;900;900
2026-06-08T10:02:11.0000000Z;5.3745;5.385;900;464
2026-06-08T10:02:12.0000000Z;5.377;5.385;900;464
2026-06-08T10:02:13.0000000Z;5.3785;5.385;3412;464
2026-06-08T10:02:14.0000000Z;5.379;5.3885;11155;15049
2026-06-08T10:02:15.0000000Z;5.379;5.3875;11155;7021
2026-06-08T10:02:16.0000000Z;5.38;5.3875;900;7021
2026-06-08T10:02:17.0000000Z;5.38;5.387;900;297
2026-06-08T10:02:18.0000000Z;5.38;5.3875;900;4307
2026-06-08T10:02:19.0000000Z;5.3805;5.3865;900;297
2026-06-08T10:02:20.0000000Z;5.381;5.3865;2266;297
2026-06-08T10:02:21.0000000Z;5.379;5.387;900;11138
2026-06-08T10:02:22.0000000Z;5.379;5.386;900;1356
2026-06-08T10:02:23.0000000Z;5.379;5.3865;900;42500
2026-06-08T10:02:24.0000000Z;5.379;5.387;900;12038
2026-06-08T10:02:25.0000000Z;5.379;5.387;900;11138
2026-06-08T10:02:26.0000000Z;5.379;5.387;900;11138
2026-06-08T10:02:27.0000000Z;5.379;5.387;900;11138
2026-06-08T10:02:28.0000000Z;5.3805;5.387;2165;11138
2026-06-08T10:02:30.0000000Z;5.379;5.387;900;11138
2026-06-08T10:02:32.0000000Z;5.379;5.387;900;11138
2026-06-08T10:02:33.0000000Z;5.3795;5.387;2604;11138
2026-06-08T10:02:34.0000000Z;5.379;5.387;900;11138
2026-06-08T10:02:37.0000000Z;5.379;5.3865;900;297
2026-06-08T10:02:38.0000000Z;5.3805;5.3865;2165;42500
2026-06-08T10:02:39.0000000Z;5.3795;5.3865;12382;42500
2026-06-08T10:02:40.0000000Z;5.3805;5.387;11965;11138
2026-06-08T10:02:41.0000000Z;5.379;5.387;900;11138
2026-06-08T10:02:42.0000000Z;5.379;5.387;900;11138
2026-06-08T10:02:43.0000000Z;5.379;5.387;900;42797
2026-06-08T10:02:45.0000000Z;5.3795;5.387;2604;11138
2026-06-08T10:02:46.0000000Z;5.3795;5.387;2604;11138
2026-06-08T10:02:48.0000000Z;5.379;5.387;900;11138
2026-06-08T10:02:50.0000000Z;5.379;5.387;900;11138
2026-06-08T10:02:54.0000000Z;5.379;5.387;900;11138
2026-06-08T10:02:55.0000000Z;5.379;5.387;900;11138
2026-06-08T10:02:56.0000000Z;5.379;5.387;900;11138
2026-06-08T10:02:58.0000000Z;5.379;5.387;900;11138
2026-06-08T10:02:59.0000000Z;5.3805;5.387;2165;11138
2026-06-08T10:03:00.0000000Z;5.3825;5.387;13342;42500
2026-06-08T10:03:01.0000000Z;5.382;5.3935;900;3849
2026-06-08T10:03:02.0000000Z;5.382;5.3915;900;1363
2026-06-08T10:03:03.0000000Z;5.382;5.3915;900;1363
2026-06-08T10:03:04.0000000Z;5.382;5.3905;900;1726
2026-06-08T10:03:05.0000000Z;5.382;5.3905;900;900
2026-06-08T10:03:06.0000000Z;5.382;5.39;900;1547
2026-06-08T10:03:07.0000000Z;5.3825;5.39;3055;1547
2026-06-08T10:03:09.0000000Z;5.3825;5.39;3055;1547
2026-06-08T10:03:10.0000000Z;5.3825;5.3905;3258;42500
2026-06-08T10:03:11.0000000Z;5.382;5.3905;900;4307
2026-06-08T10:03:13.0000000Z;5.382;5.3905;900;4770
2026-06-08T10:03:14.0000000Z;5.382;5.3905;900;4770
2026-06-08T10:03:15.0000000Z;5.382;5.39;900;1749
2026-06-08T10:03:16.0000000Z;5.381;5.3905;11151;4770
2026-06-08T10:03:17.0000000Z;5.382;5.389;900;900
2026-06-08T10:03:18.0000000Z;5.382;5.389;900;900
2026-06-08T10:03:19.0000000Z;5.3825;5.389;3258;900
2026-06-08T10:03:20.0000000Z;5.382;5.389;900;900
2026-06-08T10:03:21.0000000Z;5.382;5.389;900;900
2026-06-08T10:03:22.0000000Z;5.3825;5.389;3258;900
2026-06-08T10:03:24.0000000Z;5.382;5.389;900;900
2026-06-08T10:03:25.0000000Z;5.382;5.389;900;900
2026-06-08T10:03:26.0000000Z;5.382;5.3885;900;1243
2026-06-08T10:03:30.0000000Z;5.382;5.39;900;463
2026-06-08T10:03:31.0000000Z;5.382;5.389;900;900
2026-06-08T10:03:38.0000000Z;5.382;5.389;900;900
2026-06-08T10:03:40.0000000Z;5.382;5.3885;900;1243
2026-06-08T10:03:41.0000000Z;5.382;5.389;900;900
2026-06-08T10:03:43.0000000Z;5.382;5.3885;900;1243
2026-06-08T10:03:44.0000000Z;5.382;5.389;900;900
2026-06-08T10:03:47.0000000Z;5.382;5.3885;900;1243
2026-06-08T10:03:48.0000000Z;5.3815;5.3875;900;900
2026-06-08T10:03:49.0000000Z;5.3815;5.3875;900;42500
2026-06-08T10:03:51.0000000Z;5.3815;5.3875;900;900
2026-06-08T10:03:52.0000000Z;5.3815;5.3875;900;900
2026-06-08T10:03:55.0000000Z;5.378;5.3875;900;900
2026-06-08T10:03:57.0000000Z;5.3815;5.387;42500;2053
2026-06-08T10:03:58.0000000Z;5.3785;5.387;2990;2053
2026-06-08T10:04:00.0000000Z;5.378;5.3875;1364;900
2026-06-08T10:04:01.0000000Z;5.378;5.3875;1364;900
2026-06-08T10:04:04.0000000Z;5.378;5.3875;900;900
2026-06-08T10:04:05.0000000Z;5.3775;5.387;900;900
2026-06-08T10:04:06.0000000Z;5.3785;5.3865;3250;1722
2026-06-08T10:04:07.0000000Z;5.3785;5.3865;3250;1722
2026-06-08T10:04:08.0000000Z;5.378;5.3865;3320;1624
2026-06-08T10:04:09.0000000Z;5.3775;5.386;900;900
2026-06-08T10:04:10.0000000Z;5.3775;5.387;900;900
2026-06-08T10:04:14.0000000Z;5.3775;5.387;900;42500
2026-06-08T10:04:15.0000000Z;5.378;5.387;3320;42500
2026-06-08T10:04:16.0000000Z;5.3775;5.387;900;900
2026-06-08T10:04:17.0000000Z;5.3775;5.387;900;900
2026-06-08T10:04:18.0000000Z;5.3775;5.387;900;900
2026-06-08T10:04:19.0000000Z;5.3775;5.387;900;900
2026-06-08T10:04:23.0000000Z;5.3775;5.387;900;900
2026-06-08T10:04:24.0000000Z;5.3775;5.3865;900;1871
2026-06-08T10:04:26.0000000Z;5.3775;5.387;900;900
2026-06-08T10:04:27.0000000Z;5.3775;5.387;900;900
2026-06-08T10:04:28.0000000Z;5.3775;5.385;900;1421
2026-06-08T10:04:29.0000000Z;5.3775;5.3855;900;42500
2026-06-08T10:04:30.0000000Z;5.3775;5.386;900;464
2026-06-08T10:04:31.0000000Z;5.3775;5.3855;900;900
2026-06-08T10:04:32.0000000Z;5.3775;5.3855;900;1625
2026-06-08T10:04:33.0000000Z;5.3775;5.3855;900;44125
2026-06-08T10:04:37.0000000Z;5.3775;5.3855;900;900
2026-06-08T10:04:39.0000000Z;5.3775;5.3855;900;870
2026-06-08T10:04:40.0000000Z;5.3775;5.3855;900;44125
2026-06-08T10:04:41.0000000Z;5.3775;5.3855;900;900
2026-06-08T10:04:44.0000000Z;5.3775;5.3855;900;42500
2026-06-08T10:04:45.0000000Z;5.3775;5.386;900;900
2026-06-08T10:04:46.0000000Z;5.3775;5.386;900;51784
2026-06-08T10:04:48.0000000Z;5.3775;5.3865;900;464
2026-06-08T10:04:49.0000000Z;5.3775;5.3865;900;900
2026-06-08T10:04:50.0000000Z;5.3775;5.3865;900;900
2026-06-08T10:04:52.0000000Z;5.3785;5.3865;2764;900
2026-06-08T10:04:55.0000000Z;5.378;5.3865;900;900
2026-06-08T10:04:57.0000000Z;5.378;5.3865;900;900
2026-06-08T10:04:58.0000000Z;5.378;5.3855;900;1375
2026-06-08T10:04:59.0000000Z;5.3785;5.3865;13342;42500
2026-06-08T10:04:59.0000000Z;5.378;5.3915;900;3849
2026-06-08T10:05:00.0000000Z;5.3785;5.387;464;51782
2026-06-08T10:05:01.0000000Z;5.3785;5.397;15007;463
2026-06-08T10:05:02.0000000Z;5.3785;5.387;15007;9282
2026-06-08T10:05:03.0000000Z;5.3795;5.3875;900;900
2026-06-08T10:05:04.0000000Z;5.38;5.3875;3542;42500
2026-06-08T10:05:11.0000000Z;5.3795;5.3875;900;900
2026-06-08T10:05:12.0000000Z;5.3795;5.3875;2774;900
2026-06-08T10:05:16.0000000Z;5.379;5.3875;3000;900
2026-06-08T10:05:21.0000000Z;5.3795;5.3875;900;900
2026-06-08T10:05:22.0000000Z;5.38;5.3875;2752;900
2026-06-08T10:05:24.0000000Z;5.38;5.387;2752;1765
2026-06-08T10:05:25.0000000Z;5.3785;5.3865;900;900
2026-06-08T10:05:26.0000000Z;5.38;5.3865;2752;900
2026-06-08T10:05:27.0000000Z;5.3785;5.3865;900;900
2026-06-08T10:05:28.0000000Z;5.3785;5.3875;900;900
2026-06-08T10:05:31.0000000Z;5.3785;5.3875;900;1364
2026-06-08T10:05:32.0000000Z;5.3785;5.3875;21684;900
2026-06-08T10:05:33.0000000Z;5.38;5.3875;900;900
2026-06-08T10:05:34.0000000Z;5.3785;5.3875;900;4774
2026-06-08T10:05:35.0000000Z;5.3785;5.3865;900;900
2026-06-08T10:05:37.0000000Z;5.379;5.386;2690;1393
2026-06-08T10:05:43.0000000Z;5.379;5.386;2690;1512
2026-06-08T10:05:44.0000000Z;5.3785;5.3865;900;42500
2026-06-08T10:05:45.0000000Z;5.379;5.386;3343;42500
2026-06-08T10:05:46.0000000Z;5.3785;5.386;900;42500
2026-06-08T10:05:47.0000000Z;5.3785;5.387;900;900
2026-06-08T10:05:49.0000000Z;5.3785;5.3865;900;1404
2026-06-08T10:05:50.0000000Z;5.379;5.3865;3500;1404
2026-06-08T10:05:53.0000000Z;5.3785;5.386;900;42500
2026-06-08T10:05:54.0000000Z;5.379;5.386;3500;42500
2026-06-08T10:05:55.0000000Z;5.3785;5.3875;900;900
2026-06-08T10:05:57.0000000Z;5.3785;5.3865;900;9283
2026-06-08T10:06:01.0000000Z;5.3785;5.3875;900;42500
2026-06-08T10:06:07.0000000Z;5.3785;5.386;900;900
2026-06-08T10:06:08.0000000Z;5.379;5.386;3542;42500
2026-06-08T10:06:12.0000000Z;5.379;5.386;3542;42500
2026-06-08T10:06:13.0000000Z;5.3785;5.386;900;900
2026-06-08T10:06:14.0000000Z;5.379;5.387;3542;900
2026-06-08T10:06:15.0000000Z;5.3785;5.386;900;1183
2026-06-08T10:06:16.0000000Z;5.3785;5.386;900;1352
2026-06-08T10:06:17.0000000Z;5.3785;5.386;900;1352
2026-06-08T10:06:18.0000000Z;5.3785;5.3875;900;900
2026-06-08T10:06:19.0000000Z;5.3785;5.387;900;1539
2026-06-08T10:06:20.0000000Z;5.3785;5.388;20875;900
2026-06-08T10:06:21.0000000Z;5.3785;5.3875;20875;1613
2026-06-08T10:06:22.0000000Z;5.3785;5.387;900;4310
2026-06-08T10:06:25.0000000Z;5.379;5.387;3542;4310
2026-06-08T10:06:26.0000000Z;5.3785;5.387;900;4310
2026-06-08T10:06:27.0000000Z;5.3785;5.387;900;4310
2026-06-08T10:06:28.0000000Z;5.3785;5.386;900;1294
2026-06-08T10:06:33.0000000Z;5.3785;5.3865;900;900
2026-06-08T10:06:34.0000000Z;5.379;5.386;3542;1294
2026-06-08T10:06:35.0000000Z;5.379;5.386;3542;1445
2026-06-08T10:06:36.0000000Z;5.379;5.386;3542;1445
2026-06-08T10:06:37.0000000Z;5.3785;5.3865;900;900
2026-06-08T10:06:40.0000000Z;5.3785;5.387;900;900
2026-06-08T10:06:41.0000000Z;5.3785;5.3865;20566;1123
2026-06-08T10:06:42.0000000Z;5.3785;5.3865;900;900
2026-06-08T10:06:43.0000000Z;5.3785;5.386;900;197
2026-06-08T10:06:44.0000000Z;5.3785;5.386;900;1426
2026-06-08T10:06:45.0000000Z;5.3785;5.3865;19621;890
2026-06-08T10:06:46.0000000Z;5.38;5.3865;3018;42500
2026-06-08T10:06:47.0000000Z;5.3795;5.3865;900;1234
2026-06-08T10:06:48.0000000Z;5.3795;5.3865;900;1234
2026-06-08T10:06:50.0000000Z;5.3795;5.3875;900;4307
2026-06-08T10:06:51.0000000Z;5.3795;5.3875;900;4307
2026-06-08T10:06:52.0000000Z;5.3795;5.389;900;463
2026-06-08T10:06:53.0000000Z;5.3795;5.388;900;3407
2026-06-08T10:06:59.0000000Z;5.3795;5.3875;900;1577
2026-06-08T10:07:00.0000000Z;5.3795;5.388;900;4307
2026-06-08T10:07:06.0000000Z;5.3795;5.388;900;900
2026-06-08T10:07:08.0000000Z;5.3795;5.388;900;1363
2026-06-08T10:07:09.0000000Z;5.3795;5.387;900;1473
2026-06-08T10:07:10.0000000Z;5.38;5.387;2940;1475
2026-06-08T10:07:11.0000000Z;5.3795;5.388;900;900
2026-06-08T10:07:12.0000000Z;5.3795;5.387;900;900
2026-06-08T10:07:13.0000000Z;5.3795;5.387;900;900
2026-06-08T10:07:15.0000000Z;5.3795;5.387;900;900
2026-06-08T10:07:16.0000000Z;5.3795;5.388;900;900
2026-06-08T10:07:17.0000000Z;5.3795;5.388;900;900
2026-06-08T10:07:18.0000000Z;5.3795;5.3875;900;1495
2026-06-08T10:07:19.0000000Z;5.38;5.3875;3058;1495
2026-06-08T10:07:20.0000000Z;5.3795;5.388;900;900
2026-06-08T10:07:21.0000000Z;5.38;5.388;3058;900
2026-06-08T10:07:22.0000000Z;5.3795;5.388;900;900
2026-06-08T10:07:23.0000000Z;5.3795;5.3875;900;1495
2026-06-08T10:07:24.0000000Z;5.3795;5.3885;900;900
2026-06-08T10:07:25.0000000Z;5.3795;5.3875;900;1577
2026-06-08T10:07:26.0000000Z;5.3795;5.3875;900;900
2026-06-08T10:07:27.0000000Z;5.3795;5.3875;900;900
2026-06-08T10:07:28.0000000Z;5.3795;5.387;900;1570
2026-06-08T10:07:29.0000000Z;5.38;5.386;3058;1323
2026-06-08T10:07:30.0000000Z;5.3795;5.387;900;4310
2026-06-08T10:07:31.0000000Z;5.3795;5.387;900;4273
2026-06-08T10:07:34.0000000Z;5.3795;5.388;900;900
2026-06-08T10:07:35.0000000Z;5.3795;5.388;900;900
2026-06-08T10:07:36.0000000Z;5.3795;5.387;900;1253
2026-06-08T10:07:37.0000000Z;5.3795;5.388;900;900
2026-06-08T10:07:38.0000000Z;5.3795;5.387;900;1392
2026-06-08T10:07:39.0000000Z;5.3795;5.3885;900;1050
2026-06-08T10:07:40.0000000Z;5.3795;5.3875;900;4307
2026-06-08T10:07:41.0000000Z;5.3795;5.387;900;1623
2026-06-08T10:07:43.0000000Z;5.3795;5.3875;900;4307
2026-06-08T10:07:44.0000000Z;5.3795;5.3875;900;4307
2026-06-08T10:07:45.0000000Z;5.3795;5.3875;900;4307
2026-06-08T10:07:47.0000000Z;5.3795;5.3875;900;4307
2026-06-08T10:07:48.0000000Z;5.3795;5.3875;900;4307
2026-06-08T10:07:53.0000000Z;5.3795;5.3875;900;4307
2026-06-08T10:07:57.0000000Z;5.3795;5.3875;900;900
2026-06-08T10:07:58.0000000Z;5.3795;5.3875;900;900
2026-06-08T10:07:59.0000000Z;5.3795;5.3875;900;900
2026-06-08T10:08:00.0000000Z;5.38;5.3875;2907;900
2026-06-08T10:08:01.0000000Z;5.3795;5.388;900;900
2026-06-08T10:08:02.0000000Z;5.3795;5.3875;900;1495
2026-06-08T10:08:04.0000000Z;5.3795;5.3885;900;463
2026-06-08T10:08:06.0000000Z;5.3795;5.388;900;900
2026-06-08T10:08:07.0000000Z;5.3795;5.388;900;900
2026-06-08T10:08:08.0000000Z;5.3795;5.3875;900;4307
2026-06-08T10:08:09.0000000Z;5.3795;5.3875;900;1495
2026-06-08T10:08:11.0000000Z;5.3795;5.3875;900;4307
2026-06-08T10:08:12.0000000Z;5.3795;5.3875;900;4307
2026-06-08T10:08:13.0000000Z;5.3795;5.3875;900;4307
2026-06-08T10:08:14.0000000Z;5.3795;5.387;900;900
2026-06-08T10:08:15.0000000Z;5.3795;5.387;900;900
2026-06-08T10:08:19.0000000Z;5.38;5.386;2950;900
2026-06-08T10:08:22.0000000Z;5.3795;5.386;42500;900
2026-06-08T10:08:23.0000000Z;5.3795;5.386;900;900
2026-06-08T10:08:24.0000000Z;5.3795;5.386;900;800
2026-06-08T10:08:26.0000000Z;5.376;5.386;900;800
2026-06-08T10:08:27.0000000Z;5.376;5.3855;900;1802
2026-06-08T10:08:28.0000000Z;5.3795;5.3855;2151;1802
2026-06-08T10:08:32.0000000Z;5.3775;5.386;900;900
2026-06-08T10:08:42.0000000Z;5.3775;5.386;900;900
2026-06-08T10:08:43.0000000Z;5.378;5.3855;2427;2183
2026-06-08T10:08:44.0000000Z;5.376;5.387;900;11138
2026-06-08T10:08:45.0000000Z;5.376;5.385;900;900
2026-06-08T10:08:46.0000000Z;5.378;5.3845;2545;1626
2026-06-08T10:08:47.0000000Z;5.3765;5.3845;2925;1626
2026-06-08T10:08:48.0000000Z;5.376;5.385;900;900
2026-06-08T10:08:49.0000000Z;5.376;5.3845;900;900
2026-06-08T10:08:50.0000000Z;5.376;5.3845;900;900
2026-06-08T10:08:51.0000000Z;5.376;5.3845;900;900
2026-06-08T10:08:52.0000000Z;5.376;5.385;900;900
2026-06-08T10:08:55.0000000Z;5.376;5.3845;900;1680
2026-06-08T10:09:02.0000000Z;5.3755;5.3845;900;900
2026-06-08T10:09:03.0000000Z;5.3755;5.3855;900;464
2026-06-08T10:09:04.0000000Z;5.3755;5.3845;900;1927
2026-06-08T10:09:05.0000000Z;5.377;5.385;900;900
2026-06-08T10:09:06.0000000Z;5.377;5.3855;900;900
2026-06-08T10:09:07.0000000Z;5.3775;5.385;2803;1581
2026-06-08T10:09:08.0000000Z;5.377;5.385;900;900
2026-06-08T10:09:09.0000000Z;5.377;5.3855;900;464
2026-06-08T10:09:10.0000000Z;5.377;5.385;900;1581
2026-06-08T10:09:13.0000000Z;5.377;5.3855;900;900
2026-06-08T10:09:17.0000000Z;5.377;5.3855;900;900
2026-06-08T10:09:19.0000000Z;5.377;5.3855;900;900
2026-06-08T10:09:20.0000000Z;5.377;5.3855;900;900
2026-06-08T10:09:21.0000000Z;5.377;5.385;900;1936
2026-06-08T10:09:22.0000000Z;5.377;5.385;900;900
2026-06-08T10:09:23.0000000Z;5.377;5.385;900;900
2026-06-08T10:09:24.0000000Z;5.377;5.385;900;900
2026-06-08T10:09:25.0000000Z;5.3775;5.3845;2851;1670
2026-06-08T10:09:26.0000000Z;5.3775;5.3855;2851;900
2026-06-08T10:09:27.0000000Z;5.3775;5.385;2851;1527
2026-06-08T10:09:29.0000000Z;5.377;5.3855;900;900
2026-06-08T10:09:31.0000000Z;5.377;5.385;900;1700
2026-06-08T10:09:33.0000000Z;5.377;5.3855;900;900
2026-06-08T10:09:34.0000000Z;5.3775;5.3855;2851;900
2026-06-08T10:09:35.0000000Z;5.377;5.3855;900;900
2026-06-08T10:09:39.0000000Z;5.3775;5.385;2851;1700
2026-06-08T10:09:40.0000000Z;5.3755;5.3845;10633;464
2026-06-08T10:09:41.0000000Z;5.377;5.383;2197;1441
2026-06-08T10:09:42.0000000Z;5.3735;5.382;900;900
2026-06-08T10:09:43.0000000Z;5.3735;5.382;900;900
2026-06-08T10:09:45.0000000Z;5.3735;5.382;900;900
2026-06-08T10:09:47.0000000Z;5.374;5.3815;2767;1554
2026-06-08T10:09:50.0000000Z;5.374;5.3815;2767;1801
2026-06-08T10:09:51.0000000Z;5.3735;5.3815;2862;900
2026-06-08T10:09:52.0000000Z;5.373;5.381;900;1619
2026-06-08T10:09:53.0000000Z;5.373;5.381;900;1619
2026-06-08T10:09:56.0000000Z;5.373;5.381;900;1619
2026-06-08T10:09:57.0000000Z;5.373;5.381;900;1619
2026-06-08T10:09:59.0000000Z;5.3735;5.381;3054;1619
2026-06-08T10:09:59.0000000Z;5.373;5.3815;900;900
2026-06-08T10:10:00.0000000Z;5.3735;5.3825;900;464
2026-06-08T10:10:01.0000000Z;5.373;5.3815;900;900
2026-06-08T10:10:06.0000000Z;5.373;5.3825;900;464
2026-06-08T10:10:07.0000000Z;5.373;5.3815;900;900
2026-06-08T10:10:09.0000000Z;5.3735;5.3815;3032;900
2026-06-08T10:10:10.0000000Z;5.373;5.382;900;900
2026-06-08T10:10:11.0000000Z;5.373;5.3815;900;1542
2026-06-08T10:10:12.0000000Z;5.373;5.3815;900;1542
2026-06-08T10:10:13.0000000Z;5.373;5.382;900;900
2026-06-08T10:10:15.0000000Z;5.3735;5.382;3542;900
2026-06-08T10:10:16.0000000Z;5.373;5.382;900;900
2026-06-08T10:10:17.0000000Z;5.373;5.3815;900;1715
2026-06-08T10:10:18.0000000Z;5.373;5.3815;900;1715
2026-06-08T10:10:22.0000000Z;5.373;5.3815;900;1715
2026-06-08T10:10:26.0000000Z;5.373;5.382;900;900
2026-06-08T10:10:27.0000000Z;5.373;5.382;900;900
2026-06-08T10:10:30.0000000Z;5.373;5.382;900;900
2026-06-08T10:10:38.0000000Z;5.373;5.382;900;900
2026-06-08T10:10:39.0000000Z;5.373;5.3815;900;1566
2026-06-08T10:10:40.0000000Z;5.373;5.3835;900;464
2026-06-08T10:10:41.0000000Z;5.373;5.3835;900;464
2026-06-08T10:10:42.0000000Z;5.373;5.3825;900;4260
2026-06-08T10:10:43.0000000Z;5.373;5.382;900;1862
2026-06-08T10:10:44.0000000Z;5.373;5.382;900;1862
2026-06-08T10:10:45.0000000Z;5.373;5.383;900;3410
2026-06-08T10:10:46.0000000Z;5.373;5.382;900;1756
2026-06-08T10:10:49.0000000Z;5.373;5.382;900;1756
2026-06-08T10:10:50.0000000Z;5.3735;5.382;3094;1756
2026-06-08T10:10:52.0000000Z;5.3735;5.382;12894;1756
2026-06-08T10:10:53.0000000Z;5.372;5.381;11170;42500
2026-06-08T10:10:54.0000000Z;5.3735;5.3805;3094;1401
2026-06-08T10:10:55.0000000Z;5.37;5.382;38;3410
2026-06-08T10:10:56.0000000Z;5.3725;5.3795;900;1334
2026-06-08T10:10:57.0000000Z;5.373;5.38;3542;1488
2026-06-08T10:10:59.0000000Z;5.373;5.38;3542;1488
2026-06-08T10:11:01.0000000Z;5.371;5.3795;900;4774
2026-06-08T10:11:02.0000000Z;5.371;5.379;900;900
2026-06-08T10:11:03.0000000Z;5.3725;5.379;2756;44597
2026-06-08T10:11:04.0000000Z;5.3725;5.3795;2756;900
2026-06-08T10:11:05.0000000Z;5.3725;5.3785;746;1611
2026-06-08T10:11:06.0000000Z;5.371;5.3805;900;900
2026-06-08T10:11:07.0000000Z;5.3715;5.379;2932;1621
2026-06-08T10:11:08.0000000Z;5.371;5.3785;900;1359
2026-06-08T10:11:09.0000000Z;5.371;5.3795;900;42500
2026-06-08T10:11:10.0000000Z;5.371;5.3795;900;42500
2026-06-08T10:11:11.0000000Z;5.371;5.3795;900;4310
2026-06-08T10:11:12.0000000Z;5.3715;5.379;3276;1884
2026-06-08T10:11:13.0000000Z;5.371;5.3805;900;900
2026-06-08T10:11:14.0000000Z;5.3715;5.38;13118;4310
2026-06-08T10:11:15.0000000Z;5.371;5.3805;900;900
2026-06-08T10:11:16.0000000Z;5.371;5.3795;900;1421
2026-06-08T10:11:17.0000000Z;5.373;5.3795;2608;1553
2026-06-08T10:11:18.0000000Z;5.3725;5.3805;900;42500
2026-06-08T10:11:19.0000000Z;5.3725;5.3805;900;808
2026-06-08T10:11:22.0000000Z;5.3725;5.3805;900;900
2026-06-08T10:11:27.0000000Z;5.3725;5.3805;900;900
2026-06-08T10:11:29.0000000Z;5.3725;5.38;900;1328
2026-06-08T10:11:31.0000000Z;5.373;5.38;2933;1456
2026-06-08T10:11:32.0000000Z;5.3725;5.381;900;900
2026-06-08T10:11:33.0000000Z;5.3725;5.381;900;464
2026-06-08T10:11:34.0000000Z;5.3725;5.38;900;1456
2026-06-08T10:11:35.0000000Z;5.3725;5.3805;900;3410
2026-06-08T10:11:36.0000000Z;5.3735;5.3805;2495;4310
2026-06-08T10:11:37.0000000Z;5.373;5.38;900;900
2026-06-08T10:11:38.0000000Z;5.373;5.38;900;900
2026-06-08T10:11:40.0000000Z;5.373;5.38;900;900
2026-06-08T10:11:41.0000000Z;5.373;5.38;900;12053
2026-06-08T10:11:42.0000000Z;5.373;5.38;900;12053
2026-06-08T10:11:48.0000000Z;5.373;5.38;900;11153
2026-06-08T10:11:52.0000000Z;5.373;5.38;900;11153
2026-06-08T10:11:53.0000000Z;5.3735;5.38;2495;11153
2026-06-08T10:12:00.0000000Z;5.373;5.3795;900;1096
2026-06-08T10:12:01.0000000Z;5.373;5.381;900;464
2026-06-08T10:12:02.0000000Z;5.373;5.381;900;4774
2026-06-08T10:12:03.0000000Z;5.373;5.381;900;464
2026-06-08T10:12:04.0000000Z;5.373;5.3805;900;3410
2026-06-08T10:12:06.0000000Z;5.373;5.3805;900;3410
2026-06-08T10:12:07.0000000Z;5.373;5.3805;900;3410
2026-06-08T10:12:09.0000000Z;5.373;5.3805;900;42500
2026-06-08T10:12:10.0000000Z;5.373;5.3805;900;1258
2026-06-08T10:12:15.0000000Z;5.373;5.3805;900;3410
2026-06-08T10:12:16.0000000Z;5.373;5.3805;900;3410
2026-06-08T10:12:19.0000000Z;5.373;5.3805;900;4310
2026-06-08T10:12:21.0000000Z;5.373;5.38;900;42500
2026-06-08T10:12:22.0000000Z;5.373;5.3805;900;4310
2026-06-08T10:12:24.0000000Z;5.373;5.3795;900;3410
2026-06-08T10:12:26.0000000Z;5.373;5.3795;900;3410
2026-06-08T10:12:27.0000000Z;5.373;5.3795;900;42500
2026-06-08T10:12:29.0000000Z;5.373;5.379;900;11155
2026-06-08T10:12:30.0000000Z;5.373;5.379;900;11155
2026-06-08T10:12:31.0000000Z;5.373;5.379;900;42500
2026-06-08T10:12:32.0000000Z;5.373;5.3805;900;900
2026-06-08T10:12:33.0000000Z;5.373;5.381;900;3874
2026-06-08T10:12:34.0000000Z;5.373;5.38;900;1215
2026-06-08T10:12:36.0000000Z;5.373;5.3805;900;1457
2026-06-08T10:12:37.0000000Z;5.373;5.381;900;4774
2026-06-08T10:12:39.0000000Z;5.373;5.381;900;3874
2026-06-08T10:12:40.0000000Z;5.373;5.381;900;3874
2026-06-08T10:12:42.0000000Z;5.373;5.381;900;3874
2026-06-08T10:12:43.0000000Z;5.373;5.3805;900;1457
2026-06-08T10:12:45.0000000Z;5.373;5.381;900;3874
2026-06-08T10:12:46.0000000Z;5.373;5.381;900;3410
2026-06-08T10:12:48.0000000Z;5.373;5.381;900;3874
2026-06-08T10:12:50.0000000Z;5.3735;5.381;3169;42500
2026-06-08T10:12:51.0000000Z;5.373;5.3805;900;3410
2026-06-08T10:12:52.0000000Z;5.3735;5.3805;3169;3410
2026-06-08T10:12:53.0000000Z;5.373;5.381;900;3874
2026-06-08T10:12:54.0000000Z;5.373;5.3805;900;1457
2026-06-08T10:12:55.0000000Z;5.373;5.381;900;4774
2026-06-08T10:13:07.0000000Z;5.373;5.382;900;900
2026-06-08T10:13:08.0000000Z;5.373;5.381;900;3874
2026-06-08T10:13:10.0000000Z;5.373;5.381;900;3874
2026-06-08T10:13:17.0000000Z;5.373;5.381;900;4774
2026-06-08T10:13:18.0000000Z;5.373;5.3805;900;1456
2026-06-08T10:13:19.0000000Z;5.3735;5.3805;3205;1349
2026-06-08T10:13:20.0000000Z;5.373;5.38;900;1335
2026-06-08T10:13:21.0000000Z;5.3735;5.38;3205;1335
2026-06-08T10:13:23.0000000Z;5.373;5.38;900;1487
2026-06-08T10:13:24.0000000Z;5.3735;5.383;13047;464
2026-06-08T10:13:25.0000000Z;5.3745;5.3815;2728;464
2026-06-08T10:13:26.0000000Z;5.374;5.381;900;42500
2026-06-08T10:13:27.0000000Z;5.373;5.3815;11167;42500
2026-06-08T10:13:28.0000000Z;5.374;5.3815;900;464
2026-06-08T10:13:30.0000000Z;5.374;5.381;900;3874
2026-06-08T10:13:31.0000000Z;5.374;5.3815;900;464
2026-06-08T10:13:32.0000000Z;5.374;5.3815;900;42500
2026-06-08T10:13:33.0000000Z;5.374;5.382;900;4774
2026-06-08T10:13:34.0000000Z;5.374;5.381;900;1237
2026-06-08T10:13:35.0000000Z;5.3745;5.3815;2944;1480
2026-06-08T10:13:39.0000000Z;5.374;5.382;900;4774
2026-06-08T10:13:41.0000000Z;5.374;5.382;900;4774
2026-06-08T10:13:42.0000000Z;5.374;5.381;900;3410
2026-06-08T10:13:43.0000000Z;5.374;5.3805;900;1236
2026-06-08T10:13:44.0000000Z;5.374;5.381;900;42500
2026-06-08T10:13:45.0000000Z;5.374;5.382;900;4774
2026-06-08T10:13:46.0000000Z;5.374;5.382;900;4774
2026-06-08T10:13:47.0000000Z;5.374;5.381;900;1238
2026-06-08T10:13:48.0000000Z;5.374;5.381;900;1308
2026-06-08T10:13:50.0000000Z;5.374;5.3815;900;1480
2026-06-08T10:13:51.0000000Z;5.374;5.3805;900;1236
2026-06-08T10:13:53.0000000Z;5.374;5.38;900;4310
2026-06-08T10:13:54.0000000Z;5.374;5.38;900;4310
2026-06-08T10:13:55.0000000Z;5.374;5.3795;900;900
2026-06-08T10:13:56.0000000Z;5.374;5.3795;900;900
2026-06-08T10:13:58.0000000Z;5.3745;5.3805;900;900
2026-06-08T10:13:59.0000000Z;5.3745;5.3805;900;900
2026-06-08T10:14:01.0000000Z;5.3745;5.38;900;1179
2026-06-08T10:14:02.0000000Z;5.3745;5.38;900;1179
2026-06-08T10:14:03.0000000Z;5.371;5.379;900;900
2026-06-08T10:14:04.0000000Z;5.371;5.379;900;900
2026-06-08T10:14:05.0000000Z;5.3715;5.3795;2587;11154
2026-06-08T10:14:06.0000000Z;5.37;5.379;38;42500
2026-06-08T10:14:07.0000000Z;5.3715;5.3795;900;907
2026-06-08T10:14:08.0000000Z;5.3715;5.3795;900;907
2026-06-08T10:14:09.0000000Z;5.3715;5.379;900;900
2026-06-08T10:14:10.0000000Z;5.3725;5.379;900;900
2026-06-08T10:14:12.0000000Z;5.373;5.379;2433;42500
2026-06-08T10:14:13.0000000Z;5.373;5.379;2433;42500
2026-06-08T10:14:14.0000000Z;5.3725;5.3785;900;900
2026-06-08T10:14:15.0000000Z;5.3725;5.3785;900;43495
2026-06-08T10:14:16.0000000Z;5.3725;5.378;42500;1036
2026-06-08T10:14:17.0000000Z;5.3725;5.3785;900;900
2026-06-08T10:14:18.0000000Z;5.3725;5.378;900;1036
2026-06-08T10:14:20.0000000Z;5.3725;5.3785;42500;42500
2026-06-08T10:14:21.0000000Z;5.3725;5.3795;900;900
2026-06-08T10:14:23.0000000Z;5.3725;5.379;900;1069
2026-06-08T10:14:24.0000000Z;5.3725;5.379;900;1069
2026-06-08T10:14:29.0000000Z;5.3725;5.3795;900;900
2026-06-08T10:14:30.0000000Z;5.3725;5.3785;900;900
2026-06-08T10:14:31.0000000Z;5.3725;5.378;900;896
2026-06-08T10:14:32.0000000Z;5.3725;5.3785;900;900
2026-06-08T10:14:33.0000000Z;5.373;5.378;746;1036
2026-06-08T10:14:35.0000000Z;5.3725;5.3785;900;42500
2026-06-08T10:14:36.0000000Z;5.373;5.3785;3147;42500
2026-06-08T10:14:43.0000000Z;5.3725;5.379;900;900
2026-06-08T10:14:45.0000000Z;5.3725;5.379;900;900
2026-06-08T10:14:48.0000000Z;5.3725;5.3785;900;1080
2026-06-08T10:14:50.0000000Z;5.3725;5.38;900;900
2026-06-08T10:14:51.0000000Z;5.373;5.3795;3183;9295
2026-06-08T10:14:52.0000000Z;5.3725;5.3795;900;9295
2026-06-08T10:14:54.0000000Z;5.3725;5.3795;900;9295
2026-06-08T10:14:56.0000000Z;5.3725;5.3795;900;1200
2026-06-08T10:14:58.0000000Z;5.3725;5.379;900;900
2026-06-08T10:14:59.0000000Z;5.373;5.379;3183;42500
2026-06-08T10:14:59.0000000Z;5.3725;5.38;900;900
2026-06-08T10:15:00.0000000Z;5.3725;5.38;900;900
2026-06-08T10:15:01.0000000Z;5.3725;5.3785;900;1067
2026-06-08T10:15:02.0000000Z;5.3725;5.3785;900;1208
2026-06-08T10:15:03.0000000Z;5.3725;5.3785;900;1208
2026-06-08T10:15:04.0000000Z;5.3725;5.379;900;900
2026-06-08T10:15:05.0000000Z;5.3725;5.379;900;900
2026-06-08T10:15:06.0000000Z;5.3725;5.379;900;900
2026-06-08T10:15:09.0000000Z;5.3725;5.379;900;900
2026-06-08T10:15:10.0000000Z;5.3725;5.379;900;42500
2026-06-08T10:15:11.0000000Z;5.3725;5.3795;900;900
2026-06-08T10:15:12.0000000Z;5.3725;5.3795;900;900
2026-06-08T10:15:13.0000000Z;5.3725;5.379;900;1069
2026-06-08T10:15:14.0000000Z;5.3725;5.379;900;1069
2026-06-08T10:15:22.0000000Z;5.3725;5.3795;900;900
2026-06-08T10:15:23.0000000Z;5.3725;5.379;900;1209
2026-06-08T10:15:27.0000000Z;5.3725;5.3785;900;900
2026-06-08T10:15:30.0000000Z;5.3725;5.378;900;896
2026-06-08T10:15:36.0000000Z;5.3725;5.3785;900;900
2026-06-08T10:15:37.0000000Z;5.3715;5.3785;11171;900
2026-06-08T10:15:38.0000000Z;5.3725;5.3785;900;900
2026-06-08T10:15:46.0000000Z;5.3725;5.3785;900;900
2026-06-08T10:15:47.0000000Z;5.3725;5.3785;900;900
2026-06-08T10:15:53.0000000Z;5.3725;5.379;900;900
2026-06-08T10:15:54.0000000Z;5.3725;5.378;900;826
2026-06-08T10:15:55.0000000Z;5.3725;5.3785;900;1067
2026-06-08T10:15:57.0000000Z;5.373;5.3785;3009;995
2026-06-08T10:15:58.0000000Z;5.3725;5.378;900;896
2026-06-08T10:16:00.0000000Z;5.373;5.378;3009;896
2026-06-08T10:16:01.0000000Z;5.373;5.378;3009;896
2026-06-08T10:16:03.0000000Z;5.3725;5.3785;900;900
2026-06-08T10:16:04.0000000Z;5.3725;5.3785;825;900
2026-06-08T10:16:05.0000000Z;5.3725;5.3785;900;900
2026-06-08T10:16:07.0000000Z;5.3725;5.378;900;896
2026-06-08T10:16:11.0000000Z;5.373;5.378;3009;896
2026-06-08T10:16:12.0000000Z;5.3725;5.3785;900;900
2026-06-08T10:16:13.0000000Z;5.3725;5.379;900;900
2026-06-08T10:16:14.0000000Z;5.3725;5.379;900;900
2026-06-08T10:16:16.0000000Z;5.3725;5.379;900;51796
2026-06-08T10:16:17.0000000Z;5.3725;5.379;900;42500
2026-06-08T10:16:18.0000000Z;5.3725;5.38;900;900
2026-06-08T10:16:20.0000000Z;5.3725;5.3795;900;9295
2026-06-08T10:16:22.0000000Z;5.3725;5.3795;900;1200
2026-06-08T10:16:25.0000000Z;5.3725;5.378;900;896
2026-06-08T10:16:26.0000000Z;5.3725;5.379;900;900
2026-06-08T10:16:28.0000000Z;5.3725;5.3785;900;1067
2026-06-08T10:16:31.0000000Z;5.3725;5.3785;900;1067
2026-06-08T10:16:32.0000000Z;5.371;5.3785;900;900
2026-06-08T10:16:33.0000000Z;5.371;5.3785;900;900
2026-06-08T10:16:34.0000000Z;5.371;5.3785;900;900
2026-06-08T10:16:35.0000000Z;5.3725;5.378;2205;1383
2026-06-08T10:16:36.0000000Z;5.371;5.379;900;900
2026-06-08T10:16:37.0000000Z;5.3725;5.378;2610;1165
2026-06-08T10:16:38.0000000Z;5.3715;5.3785;2679;1407
2026-06-08T10:16:39.0000000Z;5.371;5.379;900;900
2026-06-08T10:16:45.0000000Z;5.371;5.379;900;900
2026-06-08T10:16:49.0000000Z;5.371;5.379;900;900
2026-06-08T10:16:50.0000000Z;5.371;5.3785;900;1705
2026-06-08T10:16:52.0000000Z;5.371;5.379;900;900
2026-06-08T10:16:53.0000000Z;5.3715;5.379;2862;900
2026-06-08T10:16:54.0000000Z;5.371;5.3785;900;3410
2026-06-08T10:16:55.0000000Z;5.37;5.3775;38;900
2026-06-08T10:16:56.0000000Z;5.371;5.3775;900;900
2026-06-08T10:16:57.0000000Z;5.371;5.3775;900;900
2026-06-08T10:17:00.0000000Z;5.3715;5.377;746;1358
2026-06-08T10:17:01.0000000Z;5.371;5.3775;900;900
2026-06-08T10:17:05.0000000Z;5.371;5.377;900;1358
2026-06-08T10:17:06.0000000Z;5.371;5.3775;900;900
2026-06-08T10:17:07.0000000Z;5.3715;5.3775;2862;900
2026-06-08T10:17:08.0000000Z;5.371;5.3775;900;900
2026-06-08T10:17:09.0000000Z;5.371;5.3775;900;900
2026-06-08T10:17:10.0000000Z;5.3715;5.3775;2597;42500
2026-06-08T10:17:11.0000000Z;5.371;5.3775;900;900
2026-06-08T10:17:13.0000000Z;5.371;5.3775;900;900
2026-06-08T10:17:17.0000000Z;5.3715;5.3775;2293;900
2026-06-08T10:17:18.0000000Z;5.371;5.3775;900;872
2026-06-08T10:17:19.0000000Z;5.371;5.3775;900;872
2026-06-08T10:17:20.0000000Z;5.371;5.3775;900;900
2026-06-08T10:17:21.0000000Z;5.371;5.3775;900;900
2026-06-08T10:17:22.0000000Z;5.371;5.3775;900;900
2026-06-08T10:17:23.0000000Z;5.371;5.3775;900;900
2026-06-08T10:17:24.0000000Z;5.371;5.377;900;900
2026-06-08T10:17:26.0000000Z;5.371;5.377;900;900
2026-06-08T10:17:27.0000000Z;5.371;5.377;900;900
2026-06-08T10:17:28.0000000Z;5.3715;5.377;746;900
2026-06-08T10:17:29.0000000Z;5.3715;5.377;2294;900
2026-06-08T10:17:30.0000000Z;5.3715;5.377;2294;42500
2026-06-08T10:17:32.0000000Z;5.371;5.377;900;900
2026-06-08T10:17:33.0000000Z;5.37;5.3775;38;464
2026-06-08T10:17:34.0000000Z;5.37;5.3775;38;464
2026-06-08T10:17:35.0000000Z;5.371;5.376;900;900
2026-06-08T10:17:36.0000000Z;5.371;5.376;900;900
2026-06-08T10:17:38.0000000Z;5.371;5.3755;900;1844
2026-06-08T10:17:40.0000000Z;5.371;5.376;900;900
2026-06-08T10:17:44.0000000Z;5.371;5.3755;900;4312
2026-06-08T10:17:45.0000000Z;5.371;5.375;900;1824
2026-06-08T10:17:46.0000000Z;5.371;5.3755;900;42500
2026-06-08T10:17:47.0000000Z;5.371;5.3755;900;900
2026-06-08T10:17:49.0000000Z;5.371;5.375;42500;1686
2026-06-08T10:17:50.0000000Z;5.371;5.3755;900;900
2026-06-08T10:17:51.0000000Z;5.371;5.3755;900;900
2026-06-08T10:17:53.0000000Z;5.37;5.3765;38;464
2026-06-08T10:17:54.0000000Z;5.3705;5.3745;900;900
2026-06-08T10:17:55.0000000Z;5.3705;5.374;900;1432
2026-06-08T10:17:56.0000000Z;5.3705;5.374;51811;1432
2026-06-08T10:17:57.0000000Z;5.3705;5.374;42500;1432
2026-06-08T10:17:58.0000000Z;5.3705;5.374;900;1432
2026-06-08T10:17:59.0000000Z;5.3705;5.3745;900;900
2026-06-08T10:18:01.0000000Z;5.37;5.375;38;900
2026-06-08T10:18:02.0000000Z;5.37;5.375;38;900
2026-06-08T10:18:03.0000000Z;5.3705;5.374;900;900
2026-06-08T10:18:04.0000000Z;5.3705;5.374;900;43140
2026-06-08T10:18:05.0000000Z;5.3705;5.374;900;900
2026-06-08T10:18:06.0000000Z;5.3705;5.374;900;900
2026-06-08T10:18:07.0000000Z;5.37;5.3735;38;900
2026-06-08T10:18:08.0000000Z;5.37;5.3735;51811;42500
2026-06-08T10:18:11.0000000Z;5.37;5.3735;38;900
2026-06-08T10:18:12.0000000Z;5.37;5.373;38;900
2026-06-08T10:18:13.0000000Z;5.37;5.373;42500;42500
2026-06-08T10:18:15.0000000Z;5.37;5.3725;42500;1120
2026-06-08T10:18:16.0000000Z;5.37;5.373;38;42500
2026-06-08T10:18:19.0000000Z;5.37;5.373;38;900
2026-06-08T10:18:23.0000000Z;5.37;5.374;938;12065
2026-06-08T10:18:24.0000000Z;5.37;5.3735;938;900
2026-06-08T10:18:25.0000000Z;5.37;5.374;938;12065
2026-06-08T10:18:26.0000000Z;5.37;5.3735;938;900
2026-06-08T10:18:27.0000000Z;5.37;5.3735;938;900
2026-06-08T10:18:28.0000000Z;5.37;5.3735;938;42500
2026-06-08T10:18:30.0000000Z;5.37;5.3735;938;900
2026-06-08T10:18:31.0000000Z;5.37;5.3735;38;42500
2026-06-08T10:18:32.0000000Z;5.37;5.3735;38;900
2026-06-08T10:18:33.0000000Z;5.37;5.3735;38;900
2026-06-08T10:18:34.0000000Z;5.37;5.373;38;1270
2026-06-08T10:18:35.0000000Z;5.37;5.373;42500;1270
2026-06-08T10:18:36.0000000Z;5.37;5.3735;38;900
2026-06-08T10:18:37.0000000Z;5.37;5.3735;38;900
2026-06-08T10:18:38.0000000Z;5.37;5.373;38;900
2026-06-08T10:18:41.0000000Z;5.37;5.373;38;42500
2026-06-08T10:18:42.0000000Z;5.37;5.373;38;900
2026-06-08T10:18:43.0000000Z;5.37;5.3725;38;900
2026-06-08T10:18:44.0000000Z;5.37;5.3725;38;900
2026-06-08T10:18:45.0000000Z;5.37;5.3725;38;900
2026-06-08T10:18:46.0000000Z;5.37;5.372;38;1951
2026-06-08T10:18:48.0000000Z;5.37;5.3725;38;900
2026-06-08T10:18:49.0000000Z;5.37;5.3725;38;900
2026-06-08T10:18:50.0000000Z;5.37;5.3725;38;900
2026-06-08T10:18:51.0000000Z;5.37;5.3735;38;900
2026-06-08T10:18:52.0000000Z;5.37;5.3735;38;900
2026-06-08T10:18:55.0000000Z;5.37;5.3735;38;900
2026-06-08T10:18:56.0000000Z;5.37;5.373;38;900
2026-06-08T10:18:57.0000000Z;5.37;5.373;38;42500
2026-06-08T10:18:58.0000000Z;5.37;5.3725;38;1924
2026-06-08T10:18:59.0000000Z;5.37;5.373;38;900
2026-06-08T10:19:00.0000000Z;5.37;5.373;38;42500
2026-06-08T10:19:01.0000000Z;5.37;5.373;38;900
2026-06-08T10:19:03.0000000Z;5.37;5.3715;38;900
2026-06-08T10:19:06.0000000Z;5.37;5.373;38;1365
2026-06-08T10:19:07.0000000Z;5.37;5.373;38;900
2026-06-08T10:19:08.0000000Z;5.37;5.373;38;900
2026-06-08T10:19:09.0000000Z;5.37;5.3725;38;1071
2026-06-08T10:19:10.0000000Z;5.37;5.373;38;900
2026-06-08T10:19:11.0000000Z;5.37;5.373;38;1365
2026-06-08T10:19:14.0000000Z;5.37;5.373;38;900
2026-06-08T10:19:17.0000000Z;5.37;5.3725;38;1924
2026-06-08T10:19:18.0000000Z;5.37;5.372;38;900
2026-06-08T10:19:20.0000000Z;5.37;5.372;38;900
2026-06-08T10:19:21.0000000Z;5.37;5.3715;38;1697
2026-06-08T10:19:24.0000000Z;5.37;5.3705;38;1657
2026-06-08T10:19:25.0000000Z;5.363;5.3725;900;900
2026-06-08T10:19:26.0000000Z;5.36;5.371;900;900
2026-06-08T10:19:27.0000000Z;5.3695;5.371;38;900
2026-06-08T10:19:28.0000000Z;5.3615;5.3695;900;900
2026-06-08T10:19:29.0000000Z;5.362;5.369;2710;1387
2026-06-08T10:19:31.0000000Z;5.36;5.371;900;1365
2026-06-08T10:19:32.0000000Z;5.361;5.3695;900;900
2026-06-08T10:19:33.0000000Z;5.3615;5.3695;2802;900
2026-06-08T10:19:34.0000000Z;5.3625;5.371;900;1365
2026-06-08T10:19:35.0000000Z;5.363;5.3705;3275;900
2026-06-08T10:19:37.0000000Z;5.363;5.3695;3275;1085
2026-06-08T10:19:38.0000000Z;5.363;5.37;3275;1303
2026-06-08T10:19:39.0000000Z;5.36;5.3705;900;900
2026-06-08T10:19:40.0000000Z;5.363;5.3705;3275;900
2026-06-08T10:19:41.0000000Z;5.3625;5.3705;2398;900
2026-06-08T10:19:42.0000000Z;5.3625;5.37;2398;2203
2026-06-08T10:19:43.0000000Z;5.3615;5.3705;900;900
2026-06-08T10:19:45.0000000Z;5.362;5.3705;3014;900
2026-06-08T10:19:48.0000000Z;5.36;5.3705;900;900
2026-06-08T10:19:51.0000000Z;5.3615;5.3705;2851;900
2026-06-08T10:19:53.0000000Z;5.3605;5.3705;3324;900
2026-06-08T10:19:56.0000000Z;5.3615;5.3705;900;900
2026-06-08T10:19:57.0000000Z;5.362;5.3705;3241;900
2026-06-08T10:19:59.0000000Z;5.3615;5.369;900;900
2026-06-08T10:20:01.0000000Z;5.36;5.369;900;900
2026-06-08T10:20:03.0000000Z;5.3605;5.369;2890;900
2026-06-08T10:20:04.0000000Z;5.3605;5.3685;2890;1879
2026-06-08T10:20:06.0000000Z;5.36;5.3685;900;900
2026-06-08T10:20:07.0000000Z;5.36;5.37;12095;10999
2026-06-08T10:20:08.0000000Z;5.3615;5.37;3238;900
2026-06-08T10:20:09.0000000Z;5.3625;5.3695;2901;51812
2026-06-08T10:20:10.0000000Z;5.362;5.3705;900;900
2026-06-08T10:20:11.0000000Z;5.362;5.3705;900;900
2026-06-08T10:20:12.0000000Z;5.362;5.3705;900;900
2026-06-08T10:20:13.0000000Z;5.3625;5.37;3418;1428
2026-06-08T10:20:16.0000000Z;5.362;5.3705;900;900
2026-06-08T10:20:17.0000000Z;5.362;5.3705;900;900
2026-06-08T10:20:23.0000000Z;5.362;5.3705;900;900
2026-06-08T10:20:24.0000000Z;5.362;5.3705;900;900
2026-06-08T10:20:25.0000000Z;5.362;5.3705;900;900
2026-06-08T10:20:26.0000000Z;5.362;5.3705;900;900
2026-06-08T10:20:28.0000000Z;5.3625;5.37;3418;1426
2026-06-08T10:20:29.0000000Z;5.362;5.37;900;1426
2026-06-08T10:20:30.0000000Z;5.362;5.3705;900;900
2026-06-08T10:20:34.0000000Z;5.362;5.3705;900;900
2026-06-08T10:20:35.0000000Z;5.362;5.3705;900;42500
2026-06-08T10:20:36.0000000Z;5.362;5.3705;900;42500
2026-06-08T10:20:43.0000000Z;5.362;5.3715;900;465
2026-06-08T10:20:44.0000000Z;5.362;5.3705;900;900
2026-06-08T10:20:46.0000000Z;5.3625;5.3705;3418;900
2026-06-08T10:20:47.0000000Z;5.362;5.3705;900;900
2026-06-08T10:20:55.0000000Z;5.362;5.371;900;4312
2026-06-08T10:20:57.0000000Z;5.362;5.3705;900;1722
2026-06-08T10:20:58.0000000Z;5.3635;5.371;900;4312
2026-06-08T10:20:59.0000000Z;5.364;5.3705;3034;1367
2026-06-08T10:21:00.0000000Z;5.3635;5.371;900;4312
2026-06-08T10:21:01.0000000Z;5.364;5.371;3034;42500
2026-06-08T10:21:02.0000000Z;5.362;5.371;900;900
2026-06-08T10:21:03.0000000Z;5.364;5.371;3034;900
2026-06-08T10:21:05.0000000Z;5.3635;5.371;2626;900
2026-06-08T10:21:07.0000000Z;5.362;5.3715;900;465
2026-06-08T10:21:08.0000000Z;5.362;5.3715;900;465
2026-06-08T10:21:09.0000000Z;5.362;5.371;900;3412
2026-06-08T10:21:10.0000000Z;5.3625;5.3705;2864;1720
2026-06-08T10:21:11.0000000Z;5.362;5.371;900;3412
2026-06-08T10:21:16.0000000Z;5.362;5.3715;900;3412
2026-06-08T10:21:19.0000000Z;5.362;5.371;900;1848
2026-06-08T10:21:20.0000000Z;5.362;5.3715;900;3877
2026-06-08T10:21:21.0000000Z;5.362;5.371;900;4312
2026-06-08T10:21:26.0000000Z;5.362;5.3705;900;1722
2026-06-08T10:21:31.0000000Z;5.364;5.37;2387;1563
2026-06-08T10:21:32.0000000Z;5.3635;5.371;900;3412
2026-06-08T10:21:33.0000000Z;5.3635;5.371;900;3412
2026-06-08T10:21:35.0000000Z;5.3635;5.371;900;4312
2026-06-08T10:21:36.0000000Z;5.3635;5.371;900;4312
2026-06-08T10:21:40.0000000Z;5.362;5.371;12090;4312
2026-06-08T10:21:41.0000000Z;5.3635;5.3705;900;900
2026-06-08T10:21:42.0000000Z;5.364;5.3705;2435;900
2026-06-08T10:21:45.0000000Z;5.364;5.3705;2435;43937
2026-06-08T10:21:46.0000000Z;5.3635;5.3705;900;900
2026-06-08T10:21:49.0000000Z;5.3635;5.371;900;4312
2026-06-08T10:21:51.0000000Z;5.3635;5.3705;900;1344
2026-06-08T10:21:52.0000000Z;5.362;5.371;12090;4312
2026-06-08T10:21:53.0000000Z;5.3635;5.371;2483;4312
2026-06-08T10:21:54.0000000Z;5.3625;5.3705;12736;1637
2026-06-08T10:21:58.0000000Z;5.362;5.371;12090;4295
2026-06-08T10:21:59.0000000Z;5.362;5.3705;12090;1637
2026-06-08T10:22:03.0000000Z;5.3635;5.37;900;900
2026-06-08T10:22:04.0000000Z;5.3635;5.37;900;900
2026-06-08T10:22:07.0000000Z;5.3635;5.37;900;42500
2026-06-08T10:22:09.0000000Z;5.3635;5.37;900;900
2026-06-08T10:22:11.0000000Z;5.364;5.37;2387;42500
2026-06-08T10:22:14.0000000Z;5.3635;5.37;900;900
2026-06-08T10:22:15.0000000Z;5.3635;5.37;900;900
2026-06-08T10:22:18.0000000Z;5.3635;5.37;900;900
2026-06-08T10:22:19.0000000Z;5.361;5.3695;900;900
2026-06-08T10:22:20.0000000Z;5.361;5.3695;900;42500
2026-06-08T10:22:21.0000000Z;5.361;5.37;19811;900
2026-06-08T10:22:23.0000000Z;5.361;5.37;900;900
2026-06-08T10:22:24.0000000Z;5.362;5.37;2683;42500
2026-06-08T10:22:26.0000000Z;5.3615;5.37;2910;42500
2026-06-08T10:22:28.0000000Z;5.361;5.37;900;900
2026-06-08T10:22:31.0000000Z;5.3615;5.368;2910;1407
2026-06-08T10:22:32.0000000Z;5.361;5.3665;42500;1260
2026-06-08T10:22:33.0000000Z;5.358;5.367;900;42500
2026-06-08T10:22:34.0000000Z;5.358;5.367;900;42500
2026-06-08T10:22:35.0000000Z;5.358;5.3675;900;3412
2026-06-08T10:22:36.0000000Z;5.358;5.366;900;1542
2026-06-08T10:22:37.0000000Z;5.3585;5.366;2778;1542
2026-06-08T10:22:45.0000000Z;5.358;5.3665;900;900
2026-06-08T10:22:46.0000000Z;5.358;5.3675;900;465
2026-06-08T10:22:47.0000000Z;5.3575;5.3665;900;900
2026-06-08T10:22:49.0000000Z;5.358;5.3695;3417;11175
2026-06-08T10:22:50.0000000Z;5.3575;5.367;900;900
2026-06-08T10:22:51.0000000Z;5.3575;5.366;900;1712
2026-06-08T10:22:52.0000000Z;5.3575;5.3665;900;900
2026-06-08T10:22:53.0000000Z;5.358;5.366;3542;1712
2026-06-08T10:22:57.0000000Z;5.358;5.3665;3542;900
2026-06-08T10:22:58.0000000Z;5.3575;5.366;900;1712
2026-06-08T10:22:59.0000000Z;5.3575;5.365;900;1418
2026-06-08T10:23:00.0000000Z;5.3575;5.365;900;1418
2026-06-08T10:23:01.0000000Z;5.3575;5.3655;900;900
2026-06-08T10:23:02.0000000Z;5.3575;5.365;900;1418
2026-06-08T10:23:10.0000000Z;5.3575;5.3655;900;42500
2026-06-08T10:23:11.0000000Z;5.3575;5.3655;900;900
2026-06-08T10:23:12.0000000Z;5.3575;5.365;900;44013
2026-06-08T10:23:13.0000000Z;5.3575;5.365;900;1513
2026-06-08T10:23:14.0000000Z;5.3575;5.365;900;44013
2026-06-08T10:23:16.0000000Z;5.3575;5.365;900;900
2026-06-08T10:23:17.0000000Z;5.3575;5.365;900;42500
2026-06-08T10:23:18.0000000Z;5.3575;5.365;900;900
2026-06-08T10:23:19.0000000Z;5.358;5.365;3542;900
2026-06-08T10:23:25.0000000Z;5.3575;5.365;900;900
2026-06-08T10:23:29.0000000Z;5.358;5.3645;3542;1424
2026-06-08T10:23:30.0000000Z;5.3575;5.365;900;900
2026-06-08T10:23:41.0000000Z;5.3575;5.3655;900;12083
2026-06-08T10:23:42.0000000Z;5.3575;5.3655;900;51819
2026-06-08T10:23:46.0000000Z;5.3575;5.3655;900;12083
2026-06-08T10:23:47.0000000Z;5.3575;5.3655;900;11183
2026-06-08T10:23:48.0000000Z;5.3575;5.3655;900;11183
2026-06-08T10:23:49.0000000Z;5.3575;5.365;900;1492
2026-06-08T10:24:00.0000000Z;5.3575;5.3665;900;900
2026-06-08T10:24:01.0000000Z;5.3575;5.3665;900;900
2026-06-08T10:24:02.0000000Z;5.3575;5.366;900;9318
2026-06-08T10:24:04.0000000Z;5.3575;5.3665;900;42500
2026-06-08T10:24:05.0000000Z;5.3575;5.366;900;4312
2026-06-08T10:24:06.0000000Z;5.3575;5.3655;900;1564
2026-06-08T10:24:07.0000000Z;5.3575;5.366;900;4312
2026-06-08T10:24:08.0000000Z;5.3585;5.366;2975;42500
2026-06-08T10:24:09.0000000Z;5.3595;5.3665;2653;900
2026-06-08T10:24:10.0000000Z;5.3595;5.3665;2653;42500
2026-06-08T10:24:12.0000000Z;5.359;5.3665;900;900
2026-06-08T10:24:13.0000000Z;5.359;5.3665;900;900
2026-06-08T10:24:14.0000000Z;5.359;5.369;900;465
2026-06-08T10:24:15.0000000Z;5.359;5.3665;900;900
2026-06-08T10:24:18.0000000Z;5.359;5.3665;900;900
2026-06-08T10:24:19.0000000Z;5.359;5.366;900;1267
2026-06-08T10:24:20.0000000Z;5.359;5.366;900;900
2026-06-08T10:24:21.0000000Z;5.359;5.369;900;465
2026-06-08T10:24:22.0000000Z;5.359;5.3665;900;900
2026-06-08T10:24:24.0000000Z;5.359;5.3665;900;42500
2026-06-08T10:24:25.0000000Z;5.359;5.3655;900;42500
2026-06-08T10:24:26.0000000Z;5.359;5.3665;900;900
2026-06-08T10:24:29.0000000Z;5.359;5.3665;900;900
2026-06-08T10:24:30.0000000Z;5.356;5.366;900;900
2026-06-08T10:24:31.0000000Z;5.356;5.366;900;900
2026-06-08T10:24:32.0000000Z;5.356;5.366;900;900
2026-06-08T10:24:33.0000000Z;5.356;5.365;900;900
2026-06-08T10:24:35.0000000Z;5.356;5.365;900;900
2026-06-08T10:24:36.0000000Z;5.356;5.365;900;900
2026-06-08T10:24:38.0000000Z;5.3565;5.365;3197;42500
2026-06-08T10:24:39.0000000Z;5.356;5.365;900;900
2026-06-08T10:24:40.0000000Z;5.356;5.366;900;465
2026-06-08T10:24:41.0000000Z;5.35;5.3655;500;9319
2026-06-08T10:24:42.0000000Z;5.3515;5.3625;900;44806
2026-06-08T10:24:43.0000000Z;5.353;5.362;900;1774
2026-06-08T10:24:44.0000000Z;5.3515;5.3615;900;2003
2026-06-08T10:24:45.0000000Z;5.3515;5.362;900;900
2026-06-08T10:24:46.0000000Z;5.353;5.3615;2856;2003
2026-06-08T10:24:48.0000000Z;5.352;5.3615;3331;2003
2026-06-08T10:24:49.0000000Z;5.3515;5.362;900;900
2026-06-08T10:24:50.0000000Z;5.3515;5.3615;900;2003
2026-06-08T10:24:53.0000000Z;5.3515;5.362;900;2052
2026-06-08T10:24:54.0000000Z;5.353;5.3625;12722;900
2026-06-08T10:24:55.0000000Z;5.353;5.362;12722;2187
2026-06-08T10:24:57.0000000Z;5.3515;5.3625;900;900
2026-06-08T10:24:59.0000000Z;5.353;5.3625;2922;900
2026-06-08T10:25:00.0000000Z;5.353;5.362;2922;2187
2026-06-08T10:25:02.0000000Z;5.353;5.362;3066;2245
2026-06-08T10:25:03.0000000Z;5.3545;5.363;900;900
2026-06-08T10:25:04.0000000Z;5.3545;5.363;900;900
2026-06-08T10:25:05.0000000Z;5.3545;5.363;900;3415
2026-06-08T10:25:06.0000000Z;5.3545;5.362;900;1495
2026-06-08T10:25:07.0000000Z;5.354;5.362;900;900
2026-06-08T10:25:08.0000000Z;5.355;5.3615;2698;1364
2026-06-08T10:25:10.0000000Z;5.354;5.3615;900;1505
2026-06-08T10:25:11.0000000Z;5.354;5.362;900;900
2026-06-08T10:25:12.0000000Z;5.354;5.362;900;899
2026-06-08T10:25:17.0000000Z;5.354;5.3615;900;1505
2026-06-08T10:25:18.0000000Z;5.354;5.3615;900;1505
2026-06-08T10:25:21.0000000Z;5.354;5.362;900;900
2026-06-08T10:25:22.0000000Z;5.3545;5.3615;2925;1505
2026-06-08T10:25:23.0000000Z;5.354;5.362;900;900
2026-06-08T10:25:24.0000000Z;5.354;5.3625;900;900
2026-06-08T10:25:25.0000000Z;5.354;5.362;900;42500
2026-06-08T10:25:26.0000000Z;5.354;5.3625;900;900
2026-06-08T10:25:27.0000000Z;5.354;5.3625;900;900
2026-06-08T10:25:30.0000000Z;5.353;5.363;11209;466
2026-06-08T10:25:31.0000000Z;5.354;5.362;900;900
2026-06-08T10:25:32.0000000Z;5.354;5.3615;900;1364
2026-06-08T10:25:35.0000000Z;5.354;5.362;900;900
2026-06-08T10:25:36.0000000Z;5.354;5.3615;900;1364
2026-06-08T10:25:37.0000000Z;5.354;5.3615;900;1364
2026-06-08T10:25:38.0000000Z;5.354;5.3615;900;1364
2026-06-08T10:25:39.0000000Z;5.354;5.36;42500;1168
2026-06-08T10:25:40.0000000Z;5.354;5.3605;900;900
2026-06-08T10:25:41.0000000Z;5.3545;5.3605;2354;900
2026-06-08T10:25:43.0000000Z;5.3545;5.3605;2959;42500
2026-06-08T10:25:44.0000000Z;5.354;5.3615;900;466
2026-06-08T10:25:45.0000000Z;5.354;5.3605;900;900
2026-06-08T10:25:46.0000000Z;5.354;5.3605;900;900
2026-06-08T10:25:48.0000000Z;5.354;5.3605;900;900
2026-06-08T10:25:53.0000000Z;5.354;5.359;900;42500
2026-06-08T10:25:54.0000000Z;5.354;5.359;900;42500
2026-06-08T10:25:55.0000000Z;5.354;5.3605;900;900
2026-06-08T10:25:56.0000000Z;5.353;5.359;900;900
2026-06-08T10:25:58.0000000Z;5.351;5.359;900;900
2026-06-08T10:26:00.0000000Z;5.3515;5.359;3290;42500
2026-06-08T10:26:01.0000000Z;5.351;5.3595;900;900
2026-06-08T10:26:02.0000000Z;5.351;5.359;900;1499
2026-06-08T10:26:08.0000000Z;5.351;5.359;900;1499
2026-06-08T10:26:10.0000000Z;5.351;5.3595;900;900
2026-06-08T10:26:14.0000000Z;5.351;5.359;900;900
2026-06-08T10:26:15.0000000Z;5.351;5.3585;900;1426
2026-06-08T10:26:16.0000000Z;5.351;5.3585;900;1426
2026-06-08T10:26:18.0000000Z;5.351;5.3585;900;1426
2026-06-08T10:26:19.0000000Z;5.351;5.3595;900;900
2026-06-08T10:26:20.0000000Z;5.351;5.359;900;1499
2026-06-08T10:26:21.0000000Z;5.351;5.3595;900;900
2026-06-08T10:26:22.0000000Z;5.351;5.3595;900;900
2026-06-08T10:26:23.0000000Z;5.351;5.3595;900;900
2026-06-08T10:26:24.0000000Z;5.351;5.359;900;900
2026-06-08T10:26:25.0000000Z;5.351;5.359;900;900
2026-06-08T10:26:26.0000000Z;5.351;5.359;900;900
2026-06-08T10:26:27.0000000Z;5.351;5.359;900;900
2026-06-08T10:26:29.0000000Z;5.3515;5.3585;3290;1367
2026-06-08T10:26:30.0000000Z;5.351;5.359;900;900
2026-06-08T10:26:34.0000000Z;5.35;5.3615;500;3852
2026-06-08T10:26:35.0000000Z;5.35;5.3595;500;466
2026-06-08T10:26:36.0000000Z;5.351;5.3585;900;900
2026-06-08T10:26:38.0000000Z;5.351;5.358;900;1318
2026-06-08T10:26:39.0000000Z;5.3515;5.358;2745;1318
2026-06-08T10:26:41.0000000Z;5.3515;5.358;746;1603
2026-06-08T10:26:42.0000000Z;5.351;5.3585;900;900
2026-06-08T10:26:43.0000000Z;5.351;5.357;900;900
2026-06-08T10:26:44.0000000Z;5.351;5.3565;43246;981
2026-06-08T10:26:46.0000000Z;5.351;5.3565;43246;981
2026-06-08T10:26:47.0000000Z;5.351;5.357;900;900
2026-06-08T10:26:48.0000000Z;5.351;5.357;900;900
2026-06-08T10:26:49.0000000Z;5.3515;5.357;746;900
2026-06-08T10:26:50.0000000Z;5.3515;5.3565;746;981
2026-06-08T10:26:54.0000000Z;5.3515;5.358;3007;900
2026-06-08T10:26:55.0000000Z;5.3515;5.357;3007;923
2026-06-08T10:26:57.0000000Z;5.351;5.3565;900;900
2026-06-08T10:26:59.0000000Z;5.351;5.3565;900;42500
2026-06-08T10:26:59.0000000Z;5.351;5.3565;900;900
2026-06-08T10:27:00.0000000Z;5.351;5.3565;900;42500
2026-06-08T10:27:01.0000000Z;5.351;5.3565;900;900
2026-06-08T10:27:03.0000000Z;5.3515;5.3575;2954;3415
2026-06-08T10:27:04.0000000Z;5.351;5.3565;900;900
2026-06-08T10:27:05.0000000Z;5.35;5.36;500;19657
2026-06-08T10:27:06.0000000Z;5.35;5.3595;500;19661
2026-06-08T10:27:07.0000000Z;5.351;5.359;900;466
2026-06-08T10:27:08.0000000Z;5.351;5.358;900;900
2026-06-08T10:27:09.0000000Z;5.351;5.358;900;900
2026-06-08T10:27:10.0000000Z;5.351;5.358;900;900
2026-06-08T10:27:11.0000000Z;5.351;5.357;900;900
2026-06-08T10:27:12.0000000Z;5.351;5.3565;42500;981
2026-06-08T10:27:14.0000000Z;5.351;5.358;900;900
2026-06-08T10:27:15.0000000Z;5.351;5.357;900;42500
2026-06-08T10:27:17.0000000Z;5.351;5.3575;900;1206
2026-06-08T10:27:20.0000000Z;5.351;5.3565;900;900
2026-06-08T10:27:25.0000000Z;5.351;5.3565;900;43613
2026-06-08T10:27:26.0000000Z;5.351;5.3565;900;900
2026-06-08T10:27:31.0000000Z;5.351;5.358;900;900
2026-06-08T10:27:33.0000000Z;5.351;5.358;900;900
2026-06-08T10:27:34.0000000Z;5.351;5.358;900;42500
2026-06-08T10:27:35.0000000Z;5.351;5.358;900;42500
2026-06-08T10:27:37.0000000Z;5.351;5.358;900;900
2026-06-08T10:27:39.0000000Z;5.351;5.358;900;900
2026-06-08T10:27:40.0000000Z;5.351;5.358;900;900
2026-06-08T10:27:41.0000000Z;5.351;5.358;900;42500
2026-06-08T10:27:42.0000000Z;5.351;5.3575;42500;1561
2026-06-08T10:27:43.0000000Z;5.351;5.3565;900;900
2026-06-08T10:27:44.0000000Z;5.351;5.3565;900;900
2026-06-08T10:27:47.0000000Z;5.351;5.3565;900;900
2026-06-08T10:27:49.0000000Z;5.351;5.3565;900;43613
2026-06-08T10:27:59.0000000Z;5.3515;5.3575;746;3415
2026-06-08T10:27:59.0000000Z;5.351;5.357;900;900
2026-06-08T10:28:00.0000000Z;5.351;5.357;900;11201
2026-06-08T10:28:01.0000000Z;5.3515;5.357;2111;11201
2026-06-08T10:28:02.0000000Z;5.351;5.357;900;11201
2026-06-08T10:28:03.0000000Z;5.351;5.358;900;900
2026-06-08T10:28:05.0000000Z;5.351;5.3585;900;4315
2026-06-08T10:28:06.0000000Z;5.351;5.3585;900;4315
2026-06-08T10:28:07.0000000Z;5.3515;5.358;2963;1449
2026-06-08T10:28:08.0000000Z;5.351;5.358;900;900
2026-06-08T10:28:09.0000000Z;5.3515;5.358;2466;900
2026-06-08T10:28:12.0000000Z;5.3515;5.358;2466;44282
2026-06-08T10:28:13.0000000Z;5.351;5.358;900;900
2026-06-08T10:28:14.0000000Z;5.351;5.358;900;900
2026-06-08T10:28:15.0000000Z;5.351;5.358;900;900
2026-06-08T10:28:16.0000000Z;5.351;5.358;900;900
2026-06-08T10:28:23.0000000Z;5.3515;5.358;2963;42500
2026-06-08T10:28:24.0000000Z;5.351;5.358;900;900
2026-06-08T10:28:32.0000000Z;5.351;5.358;900;900
2026-06-08T10:28:33.0000000Z;5.3515;5.3575;2963;1225
2026-06-08T10:28:34.0000000Z;5.351;5.358;900;900
2026-06-08T10:28:36.0000000Z;5.351;5.358;900;900
2026-06-08T10:28:40.0000000Z;5.351;5.358;900;900
2026-06-08T10:28:41.0000000Z;5.351;5.358;900;900
2026-06-08T10:28:43.0000000Z;5.351;5.3575;900;1146
2026-06-08T10:28:44.0000000Z;5.351;5.358;900;900
2026-06-08T10:28:45.0000000Z;5.351;5.358;900;900
2026-06-08T10:28:50.0000000Z;5.351;5.358;900;900
2026-06-08T10:29:04.0000000Z;5.351;5.358;900;900
2026-06-08T10:29:10.0000000Z;5.351;5.359;900;466
2026-06-08T10:29:11.0000000Z;5.351;5.358;900;900
2026-06-08T10:29:16.0000000Z;5.351;5.3585;900;900
2026-06-08T10:29:17.0000000Z;5.351;5.3565;900;991
2026-06-08T10:29:18.0000000Z;5.351;5.3575;900;1176
2026-06-08T10:29:19.0000000Z;5.3515;5.358;2998;42500
2026-06-08T10:29:20.0000000Z;5.351;5.358;900;900
2026-06-08T10:29:22.0000000Z;5.351;5.358;900;900
2026-06-08T10:29:27.0000000Z;5.351;5.3575;900;1235
2026-06-08T10:29:30.0000000Z;5.3515;5.3575;2998;1235
2026-06-08T10:29:35.0000000Z;5.351;5.358;900;900
2026-06-08T10:29:36.0000000Z;5.3515;5.3575;2998;1235
2026-06-08T10:29:42.0000000Z;5.35;5.358;500;42500
2026-06-08T10:29:43.0000000Z;5.351;5.3575;900;1164
2026-06-08T10:29:44.0000000Z;5.351;5.3585;900;42500
2026-06-08T10:29:45.0000000Z;5.351;5.361;900;11192
2026-06-08T10:29:46.0000000Z;5.351;5.361;900;11192
2026-06-08T10:29:47.0000000Z;5.351;5.36;900;900
2026-06-08T10:29:48.0000000Z;5.351;5.3595;900;4315
2026-06-08T10:29:50.0000000Z;5.351;5.359;900;1715
2026-06-08T10:29:53.0000000Z;5.351;5.3595;900;900
2026-06-08T10:29:55.0000000Z;5.351;5.3595;900;900
2026-06-08T10:30:00.0000000Z;5.351;5.3595;900;900
2026-06-08T10:30:01.0000000Z;5.351;5.359;900;4315
2026-06-08T10:30:02.0000000Z;5.351;5.359;900;1624
2026-06-08T10:30:03.0000000Z;5.351;5.359;900;4315
2026-06-08T10:30:04.0000000Z;5.351;5.3595;900;900
2026-06-08T10:30:06.0000000Z;5.351;5.359;900;1576
2026-06-08T10:30:21.0000000Z;5.3515;5.3605;3095;466
2026-06-08T10:30:22.0000000Z;5.351;5.36;900;3415
2026-06-08T10:30:23.0000000Z;5.3525;5.36;900;4315
2026-06-08T10:30:24.0000000Z;5.353;5.36;2509;4315
2026-06-08T10:30:25.0000000Z;5.353;5.3595;2509;1699
2026-06-08T10:30:26.0000000Z;5.3515;5.36;21927;4315
2026-06-08T10:30:27.0000000Z;5.3525;5.36;900;4315
2026-06-08T10:30:28.0000000Z;5.3525;5.36;900;3415
2026-06-08T10:30:29.0000000Z;5.3525;5.36;900;4315
2026-06-08T10:30:30.0000000Z;5.3515;5.36;21927;4315
2026-06-08T10:30:31.0000000Z;5.3525;5.36;900;1411
2026-06-08T10:30:32.0000000Z;5.3525;5.3595;900;3415
2026-06-08T10:30:33.0000000Z;5.3525;5.36;900;900
2026-06-08T10:30:39.0000000Z;5.3525;5.3595;900;900
2026-06-08T10:30:40.0000000Z;5.3525;5.359;900;1263
2026-06-08T10:30:43.0000000Z;5.3525;5.3595;900;900
2026-06-08T10:30:45.0000000Z;5.3525;5.359;900;1263
2026-06-08T10:30:46.0000000Z;5.3515;5.3595;11212;900
2026-06-08T10:30:47.0000000Z;5.353;5.3595;2700;900
2026-06-08T10:30:48.0000000Z;5.3525;5.3595;900;4315
2026-06-08T10:30:51.0000000Z;5.3525;5.3595;900;900
2026-06-08T10:30:57.0000000Z;5.3525;5.3595;900;900
2026-06-08T10:31:02.0000000Z;5.3525;5.36;900;900
2026-06-08T10:31:03.0000000Z;5.3525;5.36;900;900
2026-06-08T10:31:04.0000000Z;5.3525;5.3595;900;4315
2026-06-08T10:31:05.0000000Z;5.3525;5.3595;900;900
2026-06-08T10:31:06.0000000Z;5.353;5.359;2700;1251
2026-06-08T10:31:10.0000000Z;5.353;5.359;2700;1251
2026-06-08T10:31:12.0000000Z;5.3525;5.359;900;3415
2026-06-08T10:31:13.0000000Z;5.3525;5.3595;900;900
2026-06-08T10:31:15.0000000Z;5.3525;5.3585;900;900
2026-06-08T10:31:16.0000000Z;5.3525;5.3585;900;900
2026-06-08T10:31:17.0000000Z;5.3525;5.358;900;1219
2026-06-08T10:31:20.0000000Z;5.351;5.3585;900;900
2026-06-08T10:31:22.0000000Z;5.3525;5.3585;2037;900
2026-06-08T10:31:24.0000000Z;5.351;5.3585;900;1482
2026-06-08T10:31:25.0000000Z;5.3515;5.359;2636;1740
2026-06-08T10:31:29.0000000Z;5.351;5.3595;900;4315
2026-06-08T10:31:30.0000000Z;5.353;5.3595;2394;4315
2026-06-08T10:31:31.0000000Z;5.3525;5.3595;900;4315
2026-06-08T10:31:34.0000000Z;5.353;5.359;2700;1740
2026-06-08T10:31:35.0000000Z;5.3525;5.3595;900;900
2026-06-08T10:31:36.0000000Z;5.353;5.359;2700;1740
2026-06-08T10:31:37.0000000Z;5.3525;5.359;900;4315
2026-06-08T10:31:39.0000000Z;5.3525;5.3595;900;900
2026-06-08T10:31:40.0000000Z;5.3525;5.3605;900;466
2026-06-08T10:31:41.0000000Z;5.3515;5.3595;11212;1366
2026-06-08T10:31:42.0000000Z;5.353;5.3585;900;900
2026-06-08T10:31:46.0000000Z;5.351;5.3585;900;900
2026-06-08T10:31:47.0000000Z;5.351;5.3585;900;900
2026-06-08T10:31:51.0000000Z;5.351;5.359;900;900
2026-06-08T10:31:53.0000000Z;5.351;5.3585;900;1526
2026-06-08T10:31:55.0000000Z;5.351;5.3585;900;1526
2026-06-08T10:32:01.0000000Z;5.351;5.359;900;900
2026-06-08T10:32:03.0000000Z;5.351;5.3595;900;900
2026-06-08T10:32:04.0000000Z;5.351;5.3595;900;900
2026-06-08T10:32:05.0000000Z;5.351;5.359;900;1686
2026-06-08T10:32:06.0000000Z;5.351;5.359;900;4315
2026-06-08T10:32:07.0000000Z;5.351;5.3585;900;1608
2026-06-08T10:32:09.0000000Z;5.351;5.359;900;900
2026-06-08T10:32:12.0000000Z;5.351;5.359;900;900
2026-06-08T10:32:14.0000000Z;5.351;5.3585;900;1979
2026-06-08T10:32:18.0000000Z;5.351;5.3585;900;1979
2026-06-08T10:32:19.0000000Z;5.351;5.3585;900;1979
2026-06-08T10:32:29.0000000Z;5.351;5.3585;900;44479
2026-06-08T10:32:30.0000000Z;5.351;5.3585;900;44479
2026-06-08T10:32:31.0000000Z;5.351;5.359;900;900
2026-06-08T10:32:33.0000000Z;5.351;5.3585;900;1979
2026-06-08T10:32:34.0000000Z;5.351;5.3595;900;900
2026-06-08T10:32:35.0000000Z;5.351;5.359;900;4315
2026-06-08T10:32:36.0000000Z;5.351;5.3585;900;1608
2026-06-08T10:32:39.0000000Z;5.351;5.359;900;900
2026-06-08T10:32:42.0000000Z;5.351;5.359;900;900
2026-06-08T10:32:43.0000000Z;5.351;5.3585;900;900
2026-06-08T10:32:50.0000000Z;5.351;5.358;900;1710
2026-06-08T10:32:53.0000000Z;5.3515;5.358;2758;1710
2026-06-08T10:32:54.0000000Z;5.351;5.3585;900;900
2026-06-08T10:32:59.0000000Z;5.351;5.3585;900;900
2026-06-08T10:32:59.0000000Z;5.351;5.3585;900;900
2026-06-08T10:33:00.0000000Z;5.351;5.3585;900;900
2026-06-08T10:33:01.0000000Z;5.351;5.3585;900;891
2026-06-08T10:33:02.0000000Z;5.351;5.3585;900;900
2026-06-08T10:33:03.0000000Z;5.351;5.3585;900;900
2026-06-08T10:33:05.0000000Z;5.351;5.3585;900;900
2026-06-08T10:33:09.0000000Z;5.351;5.3585;900;900
2026-06-08T10:33:10.0000000Z;5.351;5.357;900;900
2026-06-08T10:33:11.0000000Z;5.351;5.3565;900;1004
2026-06-08T10:33:13.0000000Z;5.351;5.3565;900;703
2026-06-08T10:33:14.0000000Z;5.351;5.3585;900;900
2026-06-08T10:33:15.0000000Z;5.351;5.358;900;1341
2026-06-08T10:33:17.0000000Z;5.3515;5.358;2758;1341
2026-06-08T10:33:18.0000000Z;5.351;5.3595;900;466
2026-06-08T10:33:19.0000000Z;5.3515;5.358;2758;1341
2026-06-08T10:33:24.0000000Z;5.3515;5.358;2758;1341
2026-06-08T10:33:30.0000000Z;5.3515;5.358;2758;1341
2026-06-08T10:33:31.0000000Z;5.351;5.3585;900;900
2026-06-08T10:33:34.0000000Z;5.351;5.3585;900;900
2026-06-08T10:33:40.0000000Z;5.351;5.3585;900;900
2026-06-08T10:33:43.0000000Z;5.351;5.3595;900;466
2026-06-08T10:33:44.0000000Z;5.35;5.36;560;11195
2026-06-08T10:33:45.0000000Z;5.351;5.3595;900;466
2026-06-08T10:33:46.0000000Z;5.351;5.3585;900;900
2026-06-08T10:33:47.0000000Z;5.3515;5.358;2806;1671
2026-06-08T10:33:49.0000000Z;5.351;5.359;900;900
2026-06-08T10:33:51.0000000Z;5.351;5.3585;900;1462
2026-06-08T10:33:52.0000000Z;5.351;5.359;900;3415
2026-06-08T10:33:53.0000000Z;5.351;5.359;900;4315
2026-06-08T10:33:54.0000000Z;5.351;5.36;19734;12095
2026-06-08T10:33:55.0000000Z;5.351;5.3595;19734;1647
2026-06-08T10:33:58.0000000Z;5.351;5.36;19734;15695
2026-06-08T10:34:00.0000000Z;5.3515;5.36;12744;15695
2026-06-08T10:34:01.0000000Z;5.3525;5.3605;900;10291
2026-06-08T10:34:02.0000000Z;5.3525;5.361;900;900
2026-06-08T10:34:04.0000000Z;5.3525;5.361;900;900
2026-06-08T10:34:05.0000000Z;5.3525;5.3615;900;4781
2026-06-08T10:34:06.0000000Z;5.3525;5.3615;900;3881
2026-06-08T10:34:07.0000000Z;5.3525;5.361;900;3415
2026-06-08T10:34:08.0000000Z;5.353;5.3605;3427;1599
2026-06-08T10:34:09.0000000Z;5.3525;5.3605;900;1565
2026-06-08T10:34:10.0000000Z;5.3535;5.362;3256;466
2026-06-08T10:34:11.0000000Z;5.353;5.3615;42500;51826
2026-06-08T10:34:12.0000000Z;5.357;5.37;466;11174
2026-06-08T10:34:13.0000000Z;5.351;5.4;467;200
2026-06-08T10:34:14.0000000Z;5.3605;5.375;466;11163
2026-06-08T10:34:15.0000000Z;5.36;5.375;3542;11163
2026-06-08T10:34:16.0000000Z;5.36;5.361;3542;42500
2026-06-08T10:34:17.0000000Z;5.364;5.365;11186;51826
2026-06-08T10:34:18.0000000Z;5.3645;5.3645;42500;9326
2026-06-08T10:34:19.0000000Z;5.364;5.378;11186;11157
2026-06-08T10:34:20.0000000Z;5.3605;5.3735;11186;11157
2026-06-08T10:34:21.0000000Z;5.3615;5.3615;42500;9326
2026-06-08T10:34:22.0000000Z;5.3615;5.3615;42500;9326
2026-06-08T10:34:23.0000000Z;5.3615;5.3715;42500;900
2026-06-08T10:34:24.0000000Z;5.3605;5.3725;900;11157
2026-06-08T10:34:25.0000000Z;5.3605;5.3725;900;11157
2026-06-08T10:34:26.0000000Z;5.3535;5.399;466;900
2026-06-08T10:34:27.0000000Z;5.366;5.378;465;11157
2026-06-08T10:34:28.0000000Z;5.366;5.378;465;11157
2026-06-08T10:34:29.0000000Z;5.3605;5.3615;3542;9326
2026-06-08T10:34:30.0000000Z;5.364;5.4;2730;42500
2026-06-08T10:34:31.0000000Z;5.36;5.373;11195;11167
2026-06-08T10:34:32.0000000Z;5.36;5.373;11195;11167
2026-06-08T10:34:33.0000000Z;5.3625;5.373;2936;11167
2026-06-08T10:34:34.0000000Z;5.361;5.3725;900;900
2026-06-08T10:34:35.0000000Z;5.361;5.373;900;11167
2026-06-08T10:34:36.0000000Z;5.36;5.373;11195;11167
2026-06-08T10:34:37.0000000Z;5.3615;5.372;3542;900
2026-06-08T10:34:38.0000000Z;5.361;5.372;900;900
2026-06-08T10:34:39.0000000Z;5.361;5.372;900;900
2026-06-08T10:34:40.0000000Z;5.361;5.37;900;1865
2026-06-08T10:34:41.0000000Z;5.36;5.37;11195;1865
2026-06-08T10:34:42.0000000Z;5.36;5.371;11195;465
2026-06-08T10:34:43.0000000Z;5.3535;5.3725;504;42500
2026-06-08T10:34:44.0000000Z;5.3605;5.3695;900;900
2026-06-08T10:34:45.0000000Z;5.3605;5.3695;900;900
2026-06-08T10:34:46.0000000Z;5.358;5.3705;11199;465
2026-06-08T10:34:47.0000000Z;5.359;5.3705;900;900
2026-06-08T10:34:48.0000000Z;5.361;5.369;3068;1704
2026-06-08T10:34:49.0000000Z;5.359;5.37;900;900
2026-06-08T10:34:50.0000000Z;5.359;5.369;900;1704
2026-06-08T10:34:51.0000000Z;5.3615;5.3705;11191;42500
2026-06-08T10:34:52.0000000Z;5.363;5.3825;9800;464
2026-06-08T10:34:53.0000000Z;5.3605;5.3725;11193;465
2026-06-08T10:34:54.0000000Z;5.3615;5.37;900;900
2026-06-08T10:34:55.0000000Z;5.3615;5.3695;900;1495
2026-06-08T10:34:56.0000000Z;5.3615;5.3695;900;4312
2026-06-08T10:34:57.0000000Z;5.3615;5.37;900;900
2026-06-08T10:34:58.0000000Z;5.362;5.369;2878;1638
2026-06-08T10:34:59.0000000Z;5.3615;5.37;900;900
2026-06-08T10:35:00.0000000Z;5.3615;5.371;900;465
2026-06-08T10:35:01.0000000Z;5.3615;5.3695;900;3412
2026-06-08T10:35:02.0000000Z;5.3615;5.3695;900;3412
2026-06-08T10:35:03.0000000Z;5.3605;5.3695;11193;4312
2026-06-08T10:35:04.0000000Z;5.3605;5.372;11193;465
2026-06-08T10:35:05.0000000Z;5.3605;5.369;11193;1636
2026-06-08T10:35:06.0000000Z;5.3615;5.3685;900;900
2026-06-08T10:35:07.0000000Z;5.361;5.3685;466;900
2026-06-08T10:35:08.0000000Z;5.3605;5.3685;11193;900
2026-06-08T10:35:09.0000000Z;5.3615;5.3685;900;900
2026-06-08T10:35:10.0000000Z;5.362;5.3685;2484;900
2026-06-08T10:35:11.0000000Z;5.3615;5.3715;900;900
2026-06-08T10:35:12.0000000Z;5.3615;5.3725;900;465
2026-06-08T10:35:13.0000000Z;5.3615;5.37;900;900
2026-06-08T10:35:14.0000000Z;5.362;5.37;3400;1410
2026-06-08T10:35:15.0000000Z;5.3615;5.37;900;1410
2026-06-08T10:35:16.0000000Z;5.362;5.3705;3400;1489
2026-06-08T10:35:17.0000000Z;5.3615;5.37;900;900
2026-06-08T10:35:18.0000000Z;5.3615;5.37;900;900
2026-06-08T10:35:19.0000000Z;5.3615;5.37;900;1365
2026-06-08T10:35:20.0000000Z;5.362;5.3815;466;3850
2026-06-08T10:35:21.0000000Z;5.361;5.382;466;464
2026-06-08T10:35:22.0000000Z;5.361;5.382;466;464
2026-06-08T10:35:23.0000000Z;5.362;5.3695;900;900
2026-06-08T10:35:24.0000000Z;5.359;5.3675;900;1564
2026-06-08T10:35:25.0000000Z;5.359;5.3675;900;900
2026-06-08T10:35:26.0000000Z;5.359;5.367;900;1140
2026-06-08T10:35:27.0000000Z;5.359;5.368;900;900
2026-06-08T10:35:28.0000000Z;5.359;5.367;900;1140
2026-06-08T10:35:29.0000000Z;5.359;5.367;900;1343
2026-06-08T10:35:30.0000000Z;5.359;5.3685;900;4312
2026-06-08T10:35:31.0000000Z;5.359;5.368;900;900
2026-06-08T10:35:32.0000000Z;5.358;5.3675;39386;1549
2026-06-08T10:35:33.0000000Z;5.359;5.368;900;900
2026-06-08T10:35:34.0000000Z;5.358;5.369;14585;465
2026-06-08T10:35:35.0000000Z;5.358;5.367;900;900
2026-06-08T10:35:36.0000000Z;5.3585;5.3675;2826;44783
2026-06-08T10:35:37.0000000Z;5.359;5.3685;900;11177
2026-06-08T10:35:38.0000000Z;5.3595;5.3675;3296;2283
2026-06-08T10:35:39.0000000Z;5.3595;5.37;3296;11174
2026-06-08T10:35:40.0000000Z;5.3595;5.3675;900;2283
2026-06-08T10:35:41.0000000Z;5.3595;5.367;900;900
2026-06-08T10:35:42.0000000Z;5.3585;5.37;11198;11639
2026-06-08T10:35:43.0000000Z;5.3585;5.3695;11198;465
2026-06-08T10:35:44.0000000Z;5.3595;5.3665;900;1186
2026-06-08T10:35:45.0000000Z;5.3595;5.367;900;900
2026-06-08T10:35:46.0000000Z;5.3595;5.3665;900;465
2026-06-08T10:35:47.0000000Z;5.3555;5.364;900;900
2026-06-08T10:35:48.0000000Z;5.3555;5.366;900;900
2026-06-08T10:35:49.0000000Z;5.3555;5.3645;900;900
2026-06-08T10:35:50.0000000Z;5.3555;5.364;900;1621
2026-06-08T10:35:51.0000000Z;5.356;5.364;2959;1621
2026-06-08T10:35:52.0000000Z;5.356;5.364;3410;1673
2026-06-08T10:35:53.0000000Z;5.3555;5.3645;900;900
2026-06-08T10:35:54.0000000Z;5.357;5.365;900;900
2026-06-08T10:35:55.0000000Z;5.357;5.365;900;11184
2026-06-08T10:35:56.0000000Z;5.357;5.3655;900;900
2026-06-08T10:35:57.0000000Z;5.3575;5.364;3019;1673
2026-06-08T10:35:58.0000000Z;5.357;5.366;900;4312
2026-06-08T10:35:59.0000000Z;5.357;5.364;900;944
2026-06-08T10:36:01.0000000Z;5.3575;5.3655;900;900
2026-06-08T10:36:02.0000000Z;5.358;5.365;3302;776
2026-06-08T10:36:03.0000000Z;5.3575;5.367;900;465
2026-06-08T10:36:04.0000000Z;5.3575;5.364;2654;1210
2026-06-08T10:36:05.0000000Z;5.3575;5.364;45154;1210
2026-06-08T10:36:07.0000000Z;5.3575;5.364;2654;1210
2026-06-08T10:36:08.0000000Z;5.357;5.3645;900;900
2026-06-08T10:36:09.0000000Z;5.3505;5.379;3853;3386
2026-06-08T10:36:10.0000000Z;5.3525;5.362;900;900
2026-06-08T10:36:11.0000000Z;5.3525;5.3635;900;11187
2026-06-08T10:36:12.0000000Z;5.3525;5.362;900;4315
2026-06-08T10:36:13.0000000Z;5.354;5.3635;900;11187
2026-06-08T10:36:14.0000000Z;5.3545;5.362;2981;1350
2026-06-08T10:36:15.0000000Z;5.354;5.3635;900;12087
2026-06-08T10:36:16.0000000Z;5.354;5.3635;900;11187
2026-06-08T10:36:17.0000000Z;5.354;5.3635;900;15687
2026-06-08T10:36:18.0000000Z;5.354;5.362;900;1350
2026-06-08T10:36:20.0000000Z;5.354;5.3635;900;16587
2026-06-08T10:36:21.0000000Z;5.354;5.362;900;1472
2026-06-08T10:36:22.0000000Z;5.354;5.3625;900;11189
2026-06-08T10:36:23.0000000Z;5.354;5.3625;900;11189
2026-06-08T10:36:24.0000000Z;5.354;5.362;900;1570
2026-06-08T10:36:27.0000000Z;5.3545;5.3625;900;15689
2026-06-08T10:36:28.0000000Z;5.3545;5.3625;900;11189
2026-06-08T10:36:30.0000000Z;5.3545;5.3625;900;11189
2026-06-08T10:36:31.0000000Z;5.3555;5.362;3328;862
2026-06-08T10:36:32.0000000Z;5.354;5.367;11207;14566
2026-06-08T10:36:33.0000000Z;5.356;5.3625;3041;1377
2026-06-08T10:36:34.0000000Z;5.3555;5.3625;900;11189
2026-06-08T10:36:35.0000000Z;5.354;5.3625;900;15504
2026-06-08T10:36:36.0000000Z;5.354;5.362;900;1600
2026-06-08T10:36:37.0000000Z;5.354;5.362;900;8537
2026-06-08T10:36:38.0000000Z;5.3545;5.3615;2619;1472
2026-06-08T10:36:39.0000000Z;5.3545;5.3615;2619;1472
2026-06-08T10:36:40.0000000Z;5.354;5.3625;900;14604
2026-06-08T10:36:41.0000000Z;5.354;5.363;900;3415
2026-06-08T10:36:42.0000000Z;5.354;5.366;900;465
2026-06-08T10:36:43.0000000Z;5.356;5.3645;900;466
2026-06-08T10:36:44.0000000Z;5.3575;5.366;900;465
2026-06-08T10:36:45.0000000Z;5.356;5.366;11203;465
2026-06-08T10:36:46.0000000Z;5.357;5.365;900;3877
2026-06-08T10:36:47.0000000Z;5.357;5.365;900;3877
2026-06-08T10:36:48.0000000Z;5.3575;5.3645;2923;1469
2026-06-08T10:36:49.0000000Z;5.357;5.365;900;3877
2026-06-08T10:36:53.0000000Z;5.357;5.364;900;1349
2026-06-08T10:36:54.0000000Z;5.357;5.366;900;3412
2026-06-08T10:36:55.0000000Z;5.357;5.365;900;1114
2026-06-08T10:36:56.0000000Z;5.357;5.365;900;1114
2026-06-08T10:36:58.0000000Z;5.357;5.365;900;900
2026-06-08T10:36:59.0000000Z;5.3575;5.3645;3542;1412
2026-06-08T10:36:59.0000000Z;5.357;5.365;900;854
2026-06-08T10:37:00.0000000Z;5.357;5.3655;900;4312
2026-06-08T10:37:01.0000000Z;5.357;5.365;900;44097
2026-06-08T10:37:03.0000000Z;5.357;5.365;900;1597
2026-06-08T10:37:05.0000000Z;5.357;5.3685;900;465
2026-06-08T10:37:06.0000000Z;5.357;5.3685;900;465
2026-06-08T10:37:07.0000000Z;5.3575;5.368;13342;2278
2026-06-08T10:37:08.0000000Z;5.357;5.367;900;4777
2026-06-08T10:37:09.0000000Z;5.357;5.366;900;1801
2026-06-08T10:37:10.0000000Z;5.357;5.3665;900;900
2026-06-08T10:37:11.0000000Z;5.3575;5.3665;3542;900
2026-06-08T10:37:12.0000000Z;5.357;5.366;900;3412
2026-06-08T10:37:13.0000000Z;5.357;5.366;900;3412
2026-06-08T10:37:14.0000000Z;5.359;5.3675;900;900
2026-06-08T10:37:15.0000000Z;5.359;5.3675;900;900
2026-06-08T10:37:16.0000000Z;5.359;5.3655;900;1724
2026-06-08T10:37:17.0000000Z;5.359;5.367;900;4312
2026-06-08T10:37:18.0000000Z;5.3595;5.3665;3038;1489
2026-06-08T10:37:19.0000000Z;5.359;5.3665;900;3412
2026-06-08T10:37:20.0000000Z;5.3595;5.366;3038;1367
2026-06-08T10:37:21.0000000Z;5.359;5.366;900;1367
2026-06-08T10:37:22.0000000Z;5.359;5.3665;900;1365
2026-06-08T10:37:24.0000000Z;5.359;5.3665;900;1365
2026-06-08T10:37:25.0000000Z;5.359;5.366;900;3412
2026-06-08T10:37:27.0000000Z;5.359;5.366;900;3412
2026-06-08T10:37:28.0000000Z;5.359;5.366;900;900
2026-06-08T10:37:29.0000000Z;5.3555;5.3695;17384;22170
2026-06-08T10:37:30.0000000Z;5.3505;5.377;467;464
2026-06-08T10:37:31.0000000Z;5.3535;5.367;11208;11180
2026-06-08T10:37:32.0000000Z;5.354;5.367;466;11645
2026-06-08T10:37:33.0000000Z;5.3595;5.366;746;900
2026-06-08T10:37:34.0000000Z;5.3565;5.366;900;900
2026-06-08T10:37:37.0000000Z;5.3565;5.3655;900;3877
2026-06-08T10:37:38.0000000Z;5.3565;5.365;900;900
2026-06-08T10:37:39.0000000Z;5.3565;5.3655;900;900
2026-06-08T10:37:40.0000000Z;5.3565;5.3655;900;900
2026-06-08T10:37:41.0000000Z;5.3565;5.3655;900;875
2026-06-08T10:37:43.0000000Z;5.3565;5.3655;17577;900
2026-06-08T10:37:44.0000000Z;5.357;5.3655;12961;900
2026-06-08T10:37:45.0000000Z;5.358;5.3655;900;900
2026-06-08T10:37:46.0000000Z;5.357;5.3665;11201;465
2026-06-08T10:37:47.0000000Z;5.358;5.3655;900;900
2026-06-08T10:37:48.0000000Z;5.3585;5.3655;2626;900
2026-06-08T10:37:49.0000000Z;5.358;5.3655;900;900
2026-06-08T10:37:51.0000000Z;5.357;5.3665;11201;465
2026-06-08T10:37:52.0000000Z;5.357;5.3655;11201;1365
2026-06-08T10:37:53.0000000Z;5.358;5.3655;900;1365
2026-06-08T10:37:55.0000000Z;5.3585;5.365;2678;1757
2026-06-08T10:37:56.0000000Z;5.358;5.364;900;900
2026-06-08T10:37:59.0000000Z;5.356;5.365;900;900
2026-06-08T10:38:00.0000000Z;5.356;5.3645;900;900
2026-06-08T10:38:01.0000000Z;5.3545;5.3645;900;900
2026-06-08T10:38:02.0000000Z;5.3545;5.364;900;900
2026-06-08T10:38:03.0000000Z;5.3565;5.3635;2374;1773
2026-06-08T10:38:04.0000000Z;5.355;5.3635;3059;1773
2026-06-08T10:38:05.0000000Z;5.3545;5.364;900;810
2026-06-08T10:38:06.0000000Z;5.355;5.3635;3290;1975
2026-06-08T10:38:07.0000000Z;5.3545;5.3635;900;1975
2026-06-08T10:38:08.0000000Z;5.3545;5.364;900;1857
2026-06-08T10:38:11.0000000Z;5.3545;5.3645;900;900
2026-06-08T10:38:12.0000000Z;5.355;5.364;3129;1932
2026-06-08T10:38:14.0000000Z;5.3545;5.3635;900;1773
2026-06-08T10:38:22.0000000Z;5.3545;5.3635;900;1773
2026-06-08T10:38:23.0000000Z;5.3545;5.365;900;465
2026-06-08T10:38:24.0000000Z;5.355;5.3635;3254;1983
2026-06-08T10:38:27.0000000Z;5.355;5.3635;3254;1983
2026-06-08T10:38:28.0000000Z;5.3545;5.364;900;900
2026-06-08T10:38:29.0000000Z;5.3545;5.3635;900;1983
2026-06-08T10:38:31.0000000Z;5.3545;5.364;900;900
2026-06-08T10:38:32.0000000Z;5.3545;5.364;900;900
2026-06-08T10:38:33.0000000Z;5.3545;5.3645;900;900
2026-06-08T10:38:34.0000000Z;5.3545;5.3645;900;900
2026-06-08T10:38:35.0000000Z;5.3545;5.365;900;465
2026-06-08T10:38:36.0000000Z;5.3545;5.365;900;900
2026-06-08T10:38:38.0000000Z;5.3545;5.364;900;1857
2026-06-08T10:38:41.0000000Z;5.355;5.3645;3290;2116
2026-06-08T10:38:42.0000000Z;5.3545;5.3655;900;11183
2026-06-08T10:38:43.0000000Z;5.3545;5.365;900;900
2026-06-08T10:38:45.0000000Z;5.355;5.365;13090;900
2026-06-08T10:38:49.0000000Z;5.3545;5.3655;900;12083
2026-06-08T10:38:50.0000000Z;5.3545;5.365;900;2296
2026-06-08T10:38:51.0000000Z;5.357;5.3655;900;11883
2026-06-08T10:38:52.0000000Z;5.357;5.3655;900;900
2026-06-08T10:38:53.0000000Z;5.357;5.365;900;1639
2026-06-08T10:38:54.0000000Z;5.3565;5.365;900;900
2026-06-08T10:38:55.0000000Z;5.3575;5.3645;3160;1430
2026-06-08T10:38:56.0000000Z;5.357;5.3645;2881;1430
2026-06-08T10:38:58.0000000Z;5.357;5.3645;3226;1600
2026-06-08T10:38:59.0000000Z;5.3555;5.366;11204;900
2026-06-08T10:39:00.0000000Z;5.357;5.3635;3437;1320
2026-06-08T10:39:01.0000000Z;5.3565;5.364;900;900
2026-06-08T10:39:02.0000000Z;5.357;5.3635;3542;220
2026-06-08T10:39:03.0000000Z;5.3565;5.364;900;900
2026-06-08T10:39:05.0000000Z;5.3565;5.3635;900;220
2026-06-08T10:39:06.0000000Z;5.3565;5.364;900;42500
2026-06-08T10:39:07.0000000Z;5.3565;5.364;900;900
2026-06-08T10:39:09.0000000Z;5.3565;5.364;900;42500
2026-06-08T10:39:10.0000000Z;5.3565;5.365;900;900
2026-06-08T10:39:11.0000000Z;5.3565;5.3675;900;8930
2026-06-08T10:39:12.0000000Z;5.3565;5.365;900;900
2026-06-08T10:39:13.0000000Z;5.3565;5.365;900;900
2026-06-08T10:39:14.0000000Z;5.3565;5.365;900;840
2026-06-08T10:39:17.0000000Z;5.3565;5.365;900;900
2026-06-08T10:39:18.0000000Z;5.3565;5.365;900;626
2026-06-08T10:39:20.0000000Z;5.357;5.365;3542;800
2026-06-08T10:39:21.0000000Z;5.3575;5.3655;3542;4312
2026-06-08T10:39:24.0000000Z;5.357;5.3655;900;4312
2026-06-08T10:39:28.0000000Z;5.3575;5.3655;3542;4312
2026-06-08T10:39:32.0000000Z;5.3575;5.3655;3542;4312
2026-06-08T10:39:33.0000000Z;5.3575;5.3645;3542;468
2026-06-08T10:39:34.0000000Z;5.3565;5.366;900;465
2026-06-08T10:39:35.0000000Z;5.3565;5.3655;900;3412
2026-06-08T10:39:36.0000000Z;5.3565;5.365;900;624
2026-06-08T10:39:38.0000000Z;5.357;5.365;3542;624
2026-06-08T10:39:44.0000000Z;5.3565;5.3655;900;4260
2026-06-08T10:39:46.0000000Z;5.357;5.365;3542;43300
2026-06-08T10:39:47.0000000Z;5.3565;5.3645;900;3412
2026-06-08T10:39:49.0000000Z;5.3565;5.3645;900;4312
2026-06-08T10:39:50.0000000Z;5.3565;5.3655;900;4312
2026-06-08T10:39:52.0000000Z;5.3565;5.365;900;626
2026-06-08T10:40:00.0000000Z;5.3565;5.365;900;626
2026-06-08T10:40:03.0000000Z;5.3555;5.365;11204;4777
2026-06-08T10:40:04.0000000Z;5.357;5.365;3542;4777
2026-06-08T10:40:05.0000000Z;5.3565;5.365;900;42500
2026-06-08T10:40:06.0000000Z;5.3565;5.3635;900;900
2026-06-08T10:40:07.0000000Z;5.3565;5.3635;900;42790
2026-06-08T10:40:10.0000000Z;5.3565;5.3635;900;900
2026-06-08T10:40:11.0000000Z;5.3555;5.3675;11204;465
2026-06-08T10:40:12.0000000Z;5.3565;5.3635;900;900
2026-06-08T10:40:15.0000000Z;5.3565;5.3645;900;4312
2026-06-08T10:40:16.0000000Z;5.3565;5.364;900;900
2026-06-08T10:40:17.0000000Z;5.3565;5.3635;900;220
2026-06-08T10:40:18.0000000Z;5.3565;5.364;900;900
2026-06-08T10:40:20.0000000Z;5.3565;5.364;900;12086
2026-06-08T10:40:22.0000000Z;5.3565;5.364;900;12086
2026-06-08T10:40:26.0000000Z;5.3565;5.364;900;11186
2026-06-08T10:40:27.0000000Z;5.3565;5.364;900;11186
2026-06-08T10:40:28.0000000Z;5.3565;5.364;900;11186
2026-06-08T10:40:29.0000000Z;5.3565;5.364;900;11186
2026-06-08T10:40:30.0000000Z;5.3565;5.364;900;12086
2026-06-08T10:40:31.0000000Z;5.3565;5.364;900;11186
2026-06-08T10:40:36.0000000Z;5.3565;5.364;900;12086
2026-06-08T10:40:38.0000000Z;5.3565;5.364;900;12086
2026-06-08T10:40:40.0000000Z;5.3565;5.3635;900;900
2026-06-08T10:40:41.0000000Z;5.3565;5.3635;900;42914
2026-06-08T10:40:42.0000000Z;5.3565;5.3635;900;42914
2026-06-08T10:40:44.0000000Z;5.3565;5.363;900;25289
2026-06-08T10:40:45.0000000Z;5.3565;5.363;900;11188
2026-06-08T10:40:46.0000000Z;5.3565;5.363;900;11188
2026-06-08T10:40:47.0000000Z;5.3565;5.363;900;11188
2026-06-08T10:40:48.0000000Z;5.3565;5.363;900;11188
2026-06-08T10:40:49.0000000Z;5.3565;5.363;900;11188
2026-06-08T10:40:55.0000000Z;5.3565;5.363;900;11188
2026-06-08T10:40:58.0000000Z;5.3555;5.363;11204;11188
2026-06-08T10:40:59.0000000Z;5.3565;5.363;900;11188
2026-06-08T10:41:00.0000000Z;5.3565;5.363;900;11188
2026-06-08T10:41:01.0000000Z;5.3555;5.363;11204;11188
2026-06-08T10:41:02.0000000Z;5.3565;5.363;900;11188
2026-06-08T10:41:03.0000000Z;5.3565;5.363;900;12088
2026-06-08T10:41:07.0000000Z;5.3565;5.363;900;11188
2026-06-08T10:41:08.0000000Z;5.3565;5.3625;900;170
2026-06-08T10:41:09.0000000Z;5.3565;5.362;900;11190
2026-06-08T10:41:11.0000000Z;5.3515;5.361;1367;8465
2026-06-08T10:41:12.0000000Z;5.353;5.361;900;19657
2026-06-08T10:41:13.0000000Z;5.353;5.361;900;19657
2026-06-08T10:41:16.0000000Z;5.353;5.361;900;11192
2026-06-08T10:41:18.0000000Z;5.353;5.361;900;11192
2026-06-08T10:41:20.0000000Z;5.355;5.3605;3378;760
2026-06-08T10:41:21.0000000Z;5.3545;5.361;900;11192
2026-06-08T10:41:26.0000000Z;5.3545;5.361;900;11192
2026-06-08T10:41:27.0000000Z;5.3545;5.361;900;11192
2026-06-08T10:41:28.0000000Z;5.355;5.361;3378;11192
2026-06-08T10:41:31.0000000Z;5.352;5.361;900;11192
2026-06-08T10:41:32.0000000Z;5.355;5.361;3378;11192
2026-06-08T10:41:33.0000000Z;5.3545;5.361;3061;11192
2026-06-08T10:41:36.0000000Z;5.352;5.361;900;15692
2026-06-08T10:41:38.0000000Z;5.3525;5.361;3542;15692
2026-06-08T10:41:39.0000000Z;5.3525;5.3605;3542;896
2026-06-08T10:41:42.0000000Z;5.352;5.361;900;11192
2026-06-08T10:41:43.0000000Z;5.352;5.361;900;11192
2026-06-08T10:41:44.0000000Z;5.3525;5.361;13342;11192
2026-06-08T10:41:45.0000000Z;5.352;5.361;900;11192
2026-06-08T10:41:47.0000000Z;5.352;5.361;900;11192
2026-06-08T10:41:48.0000000Z;5.352;5.361;900;11192
2026-06-08T10:41:49.0000000Z;5.352;5.361;900;11192
2026-06-08T10:41:51.0000000Z;5.3525;5.361;13342;11192
2026-06-08T10:41:56.0000000Z;5.3525;5.361;3542;11192
2026-06-08T10:41:57.0000000Z;5.3525;5.361;13342;11192
2026-06-08T10:42:06.0000000Z;5.3525;5.361;3542;11192
2026-06-08T10:42:07.0000000Z;5.352;5.361;900;11192
2026-06-08T10:42:08.0000000Z;5.3525;5.361;3542;11192
2026-06-08T10:42:11.0000000Z;5.351;5.361;467;11192
2026-06-08T10:42:12.0000000Z;5.352;5.361;900;11192
2026-06-08T10:42:14.0000000Z;5.352;5.361;900;11192
2026-06-08T10:42:15.0000000Z;5.352;5.3605;900;4500
2026-06-08T10:42:16.0000000Z;5.352;5.3605;900;900
2026-06-08T10:42:17.0000000Z;5.352;5.36;900;556
2026-06-08T10:42:18.0000000Z;5.352;5.36;900;900
2026-06-08T10:42:19.0000000Z;5.352;5.36;900;43056
2026-06-08T10:42:20.0000000Z;5.352;5.3595;900;345
2026-06-08T10:42:21.0000000Z;5.352;5.3595;900;345
2026-06-08T10:42:23.0000000Z;5.352;5.3595;900;345
2026-06-08T10:42:24.0000000Z;5.352;5.36;900;900
2026-06-08T10:42:25.0000000Z;5.3515;5.36;900;900
2026-06-08T10:42:26.0000000Z;5.3515;5.36;900;900
2026-06-08T10:42:27.0000000Z;5.3515;5.36;900;900
2026-06-08T10:42:28.0000000Z;5.3505;5.36;11214;900
2026-06-08T10:42:29.0000000Z;5.3505;5.359;11214;544
2026-06-08T10:42:30.0000000Z;5.3515;5.359;900;544
2026-06-08T10:42:31.0000000Z;5.3515;5.3595;900;900
2026-06-08T10:42:35.0000000Z;5.3515;5.359;900;544
2026-06-08T10:42:40.0000000Z;5.3515;5.36;900;900
2026-06-08T10:42:41.0000000Z;5.3515;5.36;900;900
2026-06-08T10:42:42.0000000Z;5.3515;5.36;900;900
2026-06-08T10:42:43.0000000Z;5.3515;5.361;900;11658
2026-06-08T10:42:44.0000000Z;5.3515;5.36;900;900
2026-06-08T10:42:45.0000000Z;5.3515;5.3595;900;441
2026-06-08T10:42:48.0000000Z;5.3515;5.3605;900;4315
2026-06-08T10:42:50.0000000Z;5.3515;5.36;900;655
2026-06-08T10:42:51.0000000Z;5.3515;5.36;900;11195
2026-06-08T10:42:53.0000000Z;5.3515;5.36;900;16860
2026-06-08T10:42:57.0000000Z;5.3515;5.36;900;11195
2026-06-08T10:42:58.0000000Z;5.3515;5.3595;900;526
2026-06-08T10:43:02.0000000Z;5.3515;5.36;900;11195
2026-06-08T10:43:05.0000000Z;5.3515;5.36;900;11195
2026-06-08T10:43:06.0000000Z;5.3515;5.36;900;11195
2026-06-08T10:43:10.0000000Z;5.3515;5.36;900;11195
2026-06-08T10:43:11.0000000Z;5.3515;5.36;900;11195
2026-06-08T10:43:12.0000000Z;5.3515;5.36;900;11195
2026-06-08T10:43:14.0000000Z;5.3515;5.36;900;11195
2026-06-08T10:43:15.0000000Z;5.3515;5.36;900;11195
2026-06-08T10:43:16.0000000Z;5.3515;5.36;900;11195
2026-06-08T10:43:19.0000000Z;5.3515;5.36;900;11195
2026-06-08T10:43:20.0000000Z;5.353;5.36;3380;11195
2026-06-08T10:43:21.0000000Z;5.3515;5.36;900;11195
2026-06-08T10:43:22.0000000Z;5.3515;5.36;900;11195
2026-06-08T10:43:23.0000000Z;5.3515;5.36;900;11195
2026-06-08T10:43:27.0000000Z;5.3545;5.3675;900;465
2026-06-08T10:43:28.0000000Z;5.3575;5.3665;3542;900
2026-06-08T10:43:29.0000000Z;5.3575;5.3655;3542;1365
2026-06-08T10:43:30.0000000Z;5.357;5.365;900;3412
2026-06-08T10:43:31.0000000Z;5.357;5.365;900;3412
2026-06-08T10:43:32.0000000Z;5.357;5.365;900;3412
2026-06-08T10:43:33.0000000Z;5.357;5.3655;900;465
2026-06-08T10:43:34.0000000Z;5.357;5.3655;900;13430
2026-06-08T10:43:35.0000000Z;5.357;5.3665;900;1365
2026-06-08T10:43:36.0000000Z;5.357;5.3665;900;465
2026-06-08T10:43:37.0000000Z;5.357;5.3655;900;900
2026-06-08T10:43:41.0000000Z;5.356;5.365;11203;619
2026-06-08T10:43:42.0000000Z;5.357;5.3645;900;42967
2026-06-08T10:43:47.0000000Z;5.3575;5.364;3542;1224
2026-06-08T10:43:48.0000000Z;5.3555;5.3635;900;900
2026-06-08T10:43:50.0000000Z;5.3555;5.3645;900;466
2026-06-08T10:43:51.0000000Z;5.3555;5.364;900;900
2026-06-08T10:43:52.0000000Z;5.356;5.3635;3542;523
2026-06-08T10:43:53.0000000Z;5.3555;5.364;900;22528
2026-06-08T10:43:54.0000000Z;5.3555;5.364;900;22528
2026-06-08T10:43:56.0000000Z;5.3555;5.364;900;22528
2026-06-08T10:44:00.0000000Z;5.3555;5.364;900;22528
2026-06-08T10:44:01.0000000Z;5.3555;5.3635;900;523
2026-06-08T10:44:07.0000000Z;5.3555;5.3635;900;900
2026-06-08T10:44:08.0000000Z;5.356;5.3635;3542;900
2026-06-08T10:44:09.0000000Z;5.3555;5.3635;900;3415
2026-06-08T10:44:11.0000000Z;5.356;5.3635;3542;4315
2026-06-08T10:44:12.0000000Z;5.356;5.363;3542;649
2026-06-08T10:44:15.0000000Z;5.356;5.363;3542;649
2026-06-08T10:44:17.0000000Z;5.3555;5.3635;900;3415
2026-06-08T10:44:19.0000000Z;5.3555;5.3635;900;3415
2026-06-08T10:44:23.0000000Z;5.3555;5.363;900;649
2026-06-08T10:44:24.0000000Z;5.356;5.3635;3542;681
2026-06-08T10:44:25.0000000Z;5.355;5.364;900;4781
2026-06-08T10:44:26.0000000Z;5.354;5.364;11207;466
2026-06-08T10:44:27.0000000Z;5.3555;5.3635;3542;711
2026-06-08T10:44:28.0000000Z;5.355;5.363;900;43013
2026-06-08T10:44:29.0000000Z;5.355;5.363;900;43013
2026-06-08T10:44:30.0000000Z;5.355;5.363;900;43013
2026-06-08T10:44:31.0000000Z;5.3555;5.361;3112;322
2026-06-08T10:44:32.0000000Z;5.355;5.3615;3278;43151
2026-06-08T10:44:33.0000000Z;5.353;5.36;900;323
2026-06-08T10:44:34.0000000Z;5.353;5.3605;900;11193
2026-06-08T10:44:35.0000000Z;5.353;5.3605;900;11193
2026-06-08T10:44:38.0000000Z;5.353;5.36;900;323
2026-06-08T10:44:47.0000000Z;5.353;5.3605;900;11193
2026-06-08T10:44:50.0000000Z;5.353;5.36;900;323
2026-06-08T10:44:51.0000000Z;5.353;5.3605;900;11193
2026-06-08T10:44:55.0000000Z;5.353;5.3605;900;12093
2026-06-08T10:44:56.0000000Z;5.353;5.3605;900;12093
2026-06-08T10:44:57.0000000Z;5.353;5.3605;900;11193
2026-06-08T10:45:00.0000000Z;5.353;5.3605;900;12093
2026-06-08T10:45:01.0000000Z;5.353;5.3605;900;11193
2026-06-08T10:45:02.0000000Z;5.353;5.3605;900;12093
2026-06-08T10:45:05.0000000Z;5.353;5.3605;900;11193
2026-06-08T10:45:08.0000000Z;5.353;5.36;900;8465
2026-06-08T10:45:09.0000000Z;5.353;5.36;900;43107
2026-06-08T10:45:12.0000000Z;5.353;5.36;900;8465
2026-06-08T10:45:13.0000000Z;5.353;5.36;900;8465
2026-06-08T10:45:14.0000000Z;5.353;5.3605;900;11193
2026-06-08T10:45:16.0000000Z;5.3515;5.36;900;8465
2026-06-08T10:45:17.0000000Z;5.354;5.3595;900;11196
2026-06-08T10:45:23.0000000Z;5.3545;5.3595;3180;42500
2026-06-08T10:45:24.0000000Z;5.354;5.3595;900;11196
2026-06-08T10:45:26.0000000Z;5.354;5.361;900;10651
2026-06-08T10:45:27.0000000Z;5.354;5.363;900;4315
2026-06-08T10:45:28.0000000Z;5.354;5.363;900;3415
2026-06-08T10:45:29.0000000Z;5.354;5.36;900;9329
2026-06-08T10:45:30.0000000Z;5.354;5.362;900;900
2026-06-08T10:45:31.0000000Z;5.354;5.362;900;900
2026-06-08T10:45:32.0000000Z;5.354;5.362;900;42500
2026-06-08T10:45:33.0000000Z;5.352;5.3605;11182;730
2026-06-08T10:45:34.0000000Z;5.3515;5.3605;900;12093
2026-06-08T10:45:35.0000000Z;5.3515;5.3605;900;11193
2026-06-08T10:45:36.0000000Z;5.3515;5.36;900;900
2026-06-08T10:45:37.0000000Z;5.3515;5.3595;900;417
2026-06-08T10:45:38.0000000Z;5.354;5.3595;3124;492
2026-06-08T10:45:39.0000000Z;5.352;5.36;900;900
2026-06-08T10:45:40.0000000Z;5.352;5.3595;900;900
2026-06-08T10:45:41.0000000Z;5.352;5.3595;900;900
2026-06-08T10:45:42.0000000Z;5.352;5.3595;900;900
2026-06-08T10:45:43.0000000Z;5.352;5.3595;900;900
2026-06-08T10:45:44.0000000Z;5.352;5.3595;900;900
2026-06-08T10:45:45.0000000Z;5.352;5.3595;900;900
2026-06-08T10:45:47.0000000Z;5.352;5.3595;900;900
2026-06-08T10:45:48.0000000Z;5.352;5.3595;900;900
2026-06-08T10:45:49.0000000Z;5.352;5.359;900;336
2026-06-08T10:45:50.0000000Z;5.352;5.36;900;900
2026-06-08T10:45:51.0000000Z;5.352;5.359;900;336
2026-06-08T10:45:52.0000000Z;5.352;5.36;900;900
2026-06-08T10:45:53.0000000Z;5.352;5.3595;900;322
2026-06-08T10:45:54.0000000Z;5.352;5.36;900;900
2026-06-08T10:45:57.0000000Z;5.352;5.3595;900;322
2026-06-08T10:45:58.0000000Z;5.352;5.3595;900;43067
2026-06-08T10:45:59.0000000Z;5.351;5.3605;11213;11193
2026-06-08T10:46:00.0000000Z;5.351;5.359;11213;1009
2026-06-08T10:46:01.0000000Z;5.352;5.3585;900;42724
2026-06-08T10:46:02.0000000Z;5.3525;5.3575;3542;579
2026-06-08T10:46:03.0000000Z;5.351;5.3575;900;900
2026-06-08T10:46:04.0000000Z;5.351;5.3575;900;900
2026-06-08T10:46:05.0000000Z;5.3515;5.357;2752;900
2026-06-08T10:46:06.0000000Z;5.3515;5.3565;2752;443
2026-06-08T10:46:07.0000000Z;5.351;5.357;900;900
2026-06-08T10:46:08.0000000Z;5.3515;5.3565;2836;900
2026-06-08T10:46:11.0000000Z;5.351;5.359;900;466
2026-06-08T10:46:12.0000000Z;5.351;5.3575;900;900
2026-06-08T10:46:13.0000000Z;5.351;5.3575;900;18935
2026-06-08T10:46:14.0000000Z;5.351;5.3575;900;18935
2026-06-08T10:46:15.0000000Z;5.351;5.3575;900;18935
2026-06-08T10:46:16.0000000Z;5.351;5.3575;900;18935
2026-06-08T10:46:17.0000000Z;5.351;5.3575;900;18935
2026-06-08T10:46:20.0000000Z;5.351;5.358;900;900
2026-06-08T10:46:21.0000000Z;5.351;5.357;900;509
2026-06-08T10:46:22.0000000Z;5.35;5.3565;560;389
2026-06-08T10:46:23.0000000Z;5.3505;5.3565;3315;389
2026-06-08T10:46:24.0000000Z;5.351;5.357;900;900
2026-06-08T10:46:25.0000000Z;5.351;5.3565;44307;549
2026-06-08T10:46:26.0000000Z;5.3505;5.355;900;12105
2026-06-08T10:46:27.0000000Z;5.3505;5.355;900;12105
2026-06-08T10:46:28.0000000Z;5.35;5.3535;1460;900
2026-06-08T10:46:29.0000000Z;5.343;5.354;19223;11207
2026-06-08T10:46:30.0000000Z;5.344;5.3525;900;379
2026-06-08T10:46:31.0000000Z;5.35;5.3525;9346;528
2026-06-08T10:46:33.0000000Z;5.344;5.3535;900;466
2026-06-08T10:46:34.0000000Z;5.344;5.353;900;900
2026-06-08T10:46:35.0000000Z;5.344;5.3535;900;900
2026-06-08T10:46:36.0000000Z;5.344;5.3525;900;528
2026-06-08T10:46:37.0000000Z;5.3445;5.353;3542;712
2026-06-08T10:46:38.0000000Z;5.3445;5.3535;900;900
2026-06-08T10:46:39.0000000Z;5.345;5.3535;3542;900
2026-06-08T10:46:44.0000000Z;5.345;5.353;3542;848
2026-06-08T10:46:47.0000000Z;5.3445;5.3535;900;900
2026-06-08T10:46:48.0000000Z;5.345;5.3535;3542;900
2026-06-08T10:46:52.0000000Z;5.344;5.353;900;900
2026-06-08T10:46:53.0000000Z;5.3445;5.3525;3542;528
2026-06-08T10:46:55.0000000Z;5.3435;5.3525;900;900
2026-06-08T10:46:56.0000000Z;5.3435;5.3525;900;900
2026-06-08T10:46:57.0000000Z;5.3435;5.3535;900;466
2026-06-08T10:46:58.0000000Z;5.3435;5.352;900;900
2026-06-08T10:46:59.0000000Z;5.3425;5.353;11231;11209
2026-06-08T10:47:00.0000000Z;5.3435;5.3525;900;8465
2026-06-08T10:47:01.0000000Z;5.3435;5.3515;900;628
2026-06-08T10:47:02.0000000Z;5.3435;5.352;4286;11211
2026-06-08T10:47:03.0000000Z;5.345;5.3515;900;42500
2026-06-08T10:47:05.0000000Z;5.345;5.354;900;11207
2026-06-08T10:47:06.0000000Z;5.3455;5.353;3542;42500
2026-06-08T10:47:07.0000000Z;5.346;5.3535;900;16171
2026-06-08T10:47:08.0000000Z;5.346;5.3545;900;466
2026-06-08T10:47:09.0000000Z;5.346;5.354;900;900
2026-06-08T10:47:11.0000000Z;5.346;5.354;900;900
2026-06-08T10:47:12.0000000Z;5.346;5.354;900;900
2026-06-08T10:47:16.0000000Z;5.346;5.354;900;900
2026-06-08T10:47:17.0000000Z;5.346;5.3545;900;900
2026-06-08T10:47:18.0000000Z;5.346;5.3545;900;892
2026-06-08T10:47:19.0000000Z;5.346;5.3545;900;892
2026-06-08T10:47:20.0000000Z;5.346;5.3545;900;900
2026-06-08T10:47:21.0000000Z;5.3475;5.3545;900;900
2026-06-08T10:47:26.0000000Z;5.3475;5.3545;900;900
2026-06-08T10:47:27.0000000Z;5.348;5.354;3542;367
2026-06-08T10:47:28.0000000Z;5.3475;5.3545;900;42500
2026-06-08T10:47:29.0000000Z;5.3475;5.354;900;3415
2026-06-08T10:47:30.0000000Z;5.3475;5.354;900;3415
2026-06-08T10:47:35.0000000Z;5.3475;5.3545;900;4315
2026-06-08T10:47:36.0000000Z;5.3475;5.354;900;156
2026-06-08T10:47:38.0000000Z;5.3475;5.354;900;900
2026-06-08T10:47:39.0000000Z;5.3475;5.354;900;42656
2026-06-08T10:47:40.0000000Z;5.3465;5.356;14640;14589
2026-06-08T10:47:41.0000000Z;5.3475;5.3545;900;900
2026-06-08T10:47:42.0000000Z;5.3475;5.3545;900;4315
2026-06-08T10:47:44.0000000Z;5.3475;5.3545;900;900
2026-06-08T10:47:45.0000000Z;5.3475;5.355;900;900
2026-06-08T10:47:46.0000000Z;5.3475;5.355;900;891
2026-06-08T10:47:48.0000000Z;5.3475;5.3545;900;174
2026-06-08T10:47:50.0000000Z;5.3475;5.3545;900;174
2026-06-08T10:47:55.0000000Z;5.348;5.354;3542;900
2026-06-08T10:47:56.0000000Z;5.348;5.354;3542;42796
2026-06-08T10:47:58.0000000Z;5.348;5.354;3542;42796
2026-06-08T10:48:00.0000000Z;5.3475;5.3555;900;8931
2026-06-08T10:48:01.0000000Z;5.3475;5.353;900;900
2026-06-08T10:48:05.0000000Z;5.3475;5.353;900;900
2026-06-08T10:48:06.0000000Z;5.3475;5.353;900;900
2026-06-08T10:48:07.0000000Z;5.3475;5.353;900;42500
2026-06-08T10:48:08.0000000Z;5.3475;5.355;900;1366
2026-06-08T10:48:09.0000000Z;5.3475;5.354;900;4315
2026-06-08T10:48:10.0000000Z;5.3475;5.354;900;4315
2026-06-08T10:48:12.0000000Z;5.3475;5.354;900;4315
2026-06-08T10:48:14.0000000Z;5.3475;5.354;870;4315
2026-06-08T10:48:18.0000000Z;5.3475;5.354;900;4315
2026-06-08T10:48:19.0000000Z;5.3475;5.3535;900;42500
2026-06-08T10:48:20.0000000Z;5.3475;5.3545;900;900
2026-06-08T10:48:21.0000000Z;5.3475;5.3535;900;42500
2026-06-08T10:48:22.0000000Z;5.348;5.3545;3542;42500
2026-06-08T10:48:25.0000000Z;5.3475;5.3545;900;3415
2026-06-08T10:48:26.0000000Z;5.348;5.3545;3542;3415
2026-06-08T10:48:29.0000000Z;5.3475;5.355;900;900
2026-06-08T10:48:30.0000000Z;5.3475;5.3545;900;198
2026-06-08T10:48:33.0000000Z;5.3475;5.3545;900;198
2026-06-08T10:48:36.0000000Z;5.3475;5.3555;900;466
2026-06-08T10:48:37.0000000Z;5.3475;5.355;900;3415
2026-06-08T10:48:38.0000000Z;5.3475;5.355;900;4315
2026-06-08T10:48:42.0000000Z;5.3475;5.355;900;4315
2026-06-08T10:48:43.0000000Z;5.3475;5.355;900;3415
2026-06-08T10:48:44.0000000Z;5.3475;5.3555;900;466
2026-06-08T10:48:46.0000000Z;5.3475;5.356;900;11203
2026-06-08T10:48:49.0000000Z;5.3475;5.3555;900;505
2026-06-08T10:48:51.0000000Z;5.3475;5.356;900;11203
2026-06-08T10:48:52.0000000Z;5.3475;5.356;900;15703
2026-06-08T10:48:54.0000000Z;5.3465;5.3555;11223;466
2026-06-08T10:48:55.0000000Z;5.348;5.3555;900;43180
2026-06-08T10:48:56.0000000Z;5.348;5.3555;900;900
2026-06-08T10:49:00.0000000Z;5.348;5.3555;900;900
2026-06-08T10:49:01.0000000Z;5.348;5.3555;900;43180
2026-06-08T10:49:02.0000000Z;5.3485;5.3555;3542;43180
2026-06-08T10:49:05.0000000Z;5.3475;5.3555;900;900
2026-06-08T10:49:06.0000000Z;5.348;5.355;3542;491
2026-06-08T10:49:07.0000000Z;5.348;5.355;3542;491
2026-06-08T10:49:08.0000000Z;5.348;5.356;3542;11203
2026-06-08T10:49:09.0000000Z;5.3475;5.3555;900;11615
2026-06-08T10:49:10.0000000Z;5.348;5.3555;3542;11615
2026-06-08T10:49:11.0000000Z;5.3475;5.356;900;12103
2026-06-08T10:49:12.0000000Z;5.3475;5.3555;900;505
2026-06-08T10:49:13.0000000Z;5.3475;5.3555;900;466
2026-06-08T10:49:14.0000000Z;5.3475;5.355;900;3415
2026-06-08T10:49:16.0000000Z;5.3475;5.355;900;3415
2026-06-08T10:49:19.0000000Z;5.3475;5.3545;900;276
2026-06-08T10:49:22.0000000Z;5.348;5.355;3542;3415
2026-06-08T10:49:23.0000000Z;5.3475;5.355;900;900
2026-06-08T10:49:24.0000000Z;5.3475;5.355;900;900
2026-06-08T10:49:25.0000000Z;5.3475;5.355;900;900
2026-06-08T10:49:27.0000000Z;5.3475;5.355;900;900
2026-06-08T10:49:28.0000000Z;5.3475;5.355;900;900
2026-06-08T10:49:30.0000000Z;5.3475;5.3555;900;10715
2026-06-08T10:49:31.0000000Z;5.3475;5.3555;900;11615
2026-06-08T10:49:32.0000000Z;5.3475;5.355;900;400
2026-06-08T10:49:33.0000000Z;5.3475;5.3555;900;900
2026-06-08T10:49:35.0000000Z;5.3475;5.3555;900;900
2026-06-08T10:49:36.0000000Z;5.3475;5.355;900;496
2026-06-08T10:49:37.0000000Z;5.3475;5.356;900;11203
2026-06-08T10:49:38.0000000Z;5.3475;5.3555;900;11615
2026-06-08T10:49:40.0000000Z;5.3475;5.3555;900;900
2026-06-08T10:49:41.0000000Z;5.3475;5.356;900;11203
2026-06-08T10:49:42.0000000Z;5.3475;5.356;900;12103
2026-06-08T10:49:43.0000000Z;5.3475;5.3555;900;505
2026-06-08T10:49:46.0000000Z;5.3465;5.3555;11223;900
2026-06-08T10:49:47.0000000Z;5.3475;5.355;900;900
2026-06-08T10:49:48.0000000Z;5.3475;5.355;900;42996
2026-06-08T10:49:49.0000000Z;5.3475;5.355;900;900
2026-06-08T10:49:50.0000000Z;5.3475;5.355;900;900
2026-06-08T10:49:51.0000000Z;5.3475;5.3545;900;339
2026-06-08T10:49:52.0000000Z;5.3475;5.3545;900;411
2026-06-08T10:49:53.0000000Z;5.3475;5.3545;900;42911
2026-06-08T10:49:57.0000000Z;5.3475;5.354;900;42500
2026-06-08T10:49:58.0000000Z;5.3475;5.354;900;42500
2026-06-08T10:49:59.0000000Z;5.3475;5.3535;900;900
2026-06-08T10:50:00.0000000Z;5.3475;5.3535;900;42500
2026-06-08T10:50:01.0000000Z;5.3475;5.354;900;4315
2026-06-08T10:50:02.0000000Z;5.3475;5.353;900;900
2026-06-08T10:50:04.0000000Z;5.348;5.3535;3542;900
2026-06-08T10:50:05.0000000Z;5.3475;5.354;900;4315
2026-06-08T10:50:07.0000000Z;5.3475;5.3535;900;900
2026-06-08T10:50:10.0000000Z;5.3465;5.3555;11223;466
2026-06-08T10:50:11.0000000Z;5.3475;5.354;900;9630
2026-06-08T10:50:12.0000000Z;5.3475;5.354;900;900
2026-06-08T10:50:13.0000000Z;5.3475;5.354;900;42727
2026-06-08T10:50:14.0000000Z;5.3475;5.354;900;900
2026-06-08T10:50:15.0000000Z;5.3475;5.354;900;15707
2026-06-08T10:50:17.0000000Z;5.3475;5.3535;900;176
2026-06-08T10:50:20.0000000Z;5.3475;5.354;900;11207
2026-06-08T10:50:21.0000000Z;5.3475;5.3535;900;176
2026-06-08T10:50:22.0000000Z;5.3475;5.354;900;11207
2026-06-08T10:50:26.0000000Z;5.348;5.3535;3542;176
2026-06-08T10:50:27.0000000Z;5.3475;5.354;900;11207
2026-06-08T10:50:32.0000000Z;5.3475;5.354;900;11207
2026-06-08T10:50:33.0000000Z;5.3475;5.354;900;11207
2026-06-08T10:50:34.0000000Z;5.3475;5.354;900;11207
2026-06-08T10:50:35.0000000Z;5.3475;5.3535;900;176
2026-06-08T10:50:36.0000000Z;5.3475;5.354;900;12107
2026-06-08T10:50:37.0000000Z;5.3475;5.354;900;11207
2026-06-08T10:50:38.0000000Z;5.3475;5.354;900;11207
2026-06-08T10:50:39.0000000Z;5.3475;5.354;900;12107
2026-06-08T10:50:45.0000000Z;5.3475;5.354;900;15707
2026-06-08T10:50:47.0000000Z;5.3475;5.354;900;11207
2026-06-08T10:50:48.0000000Z;5.3475;5.354;900;11207
2026-06-08T10:50:50.0000000Z;5.3475;5.354;900;11207
2026-06-08T10:50:56.0000000Z;5.3475;5.354;900;11207
2026-06-08T10:50:57.0000000Z;5.3475;5.354;900;11207
2026-06-08T10:51:00.0000000Z;5.3465;5.354;11223;11207
2026-06-08T10:51:01.0000000Z;5.3475;5.3535;900;900
2026-06-08T10:51:02.0000000Z;5.3465;5.3535;11223;42676
2026-06-08T10:51:03.0000000Z;5.3465;5.3535;11223;900
2026-06-08T10:51:04.0000000Z;5.3475;5.3535;900;900
2026-06-08T10:51:05.0000000Z;5.3475;5.352;900;900
2026-06-08T10:51:06.0000000Z;5.348;5.352;3542;42500
2026-06-08T10:51:07.0000000Z;5.3475;5.3525;900;900
2026-06-08T10:51:08.0000000Z;5.3475;5.3525;900;42729
2026-06-08T10:51:09.0000000Z;5.345;5.353;900;900
2026-06-08T10:51:10.0000000Z;5.345;5.353;900;882
2026-06-08T10:51:11.0000000Z;5.3475;5.3525;2898;297
2026-06-08T10:51:12.0000000Z;5.345;5.353;900;882
2026-06-08T10:51:14.0000000Z;5.345;5.353;900;882
2026-06-08T10:51:15.0000000Z;5.345;5.353;900;900
2026-06-08T10:51:16.0000000Z;5.3455;5.353;3542;900
2026-06-08T10:51:18.0000000Z;5.345;5.3535;900;10715
2026-06-08T10:51:19.0000000Z;5.345;5.354;900;12107
2026-06-08T10:51:21.0000000Z;5.345;5.353;900;379
2026-06-08T10:51:22.0000000Z;5.345;5.354;900;12107
2026-06-08T10:51:23.0000000Z;5.345;5.354;900;12107
2026-06-08T10:51:25.0000000Z;5.345;5.354;900;12107
2026-06-08T10:51:26.0000000Z;5.345;5.354;900;12107
2026-06-08T10:51:27.0000000Z;5.345;5.353;900;453
2026-06-08T10:51:28.0000000Z;5.345;5.3535;900;900
2026-06-08T10:51:33.0000000Z;5.345;5.353;900;453
2026-06-08T10:51:34.0000000Z;5.345;5.354;900;12107
2026-06-08T10:51:35.0000000Z;5.345;5.3535;900;637
2026-06-08T10:51:37.0000000Z;5.345;5.354;900;11207
2026-06-08T10:51:38.0000000Z;5.345;5.354;900;11207
2026-06-08T10:51:39.0000000Z;5.345;5.3535;900;637
2026-06-08T10:51:41.0000000Z;5.345;5.354;900;11207
2026-06-08T10:51:42.0000000Z;5.345;5.3535;900;637
2026-06-08T10:51:43.0000000Z;5.345;5.354;900;11207
2026-06-08T10:51:44.0000000Z;5.345;5.354;900;12107
2026-06-08T10:51:45.0000000Z;5.345;5.354;900;12107
2026-06-08T10:51:46.0000000Z;5.345;5.354;900;12107
2026-06-08T10:51:47.0000000Z;5.3465;5.3535;900;10675
2026-06-08T10:51:48.0000000Z;5.3465;5.355;900;3415
2026-06-08T10:51:49.0000000Z;5.3465;5.354;900;42500
2026-06-08T10:51:51.0000000Z;5.3465;5.354;900;253
2026-06-08T10:51:54.0000000Z;5.3005;5.3615;3857;3386
2026-06-08T10:51:55.0000000Z;5.3005;5.3995;3857;3849
2026-06-08T10:51:56.0000000Z;5.341;5.3515;23104;900
2026-06-08T10:51:57.0000000Z;5.3435;5.3515;3542;900
2026-06-08T10:51:58.0000000Z;5.3435;5.3515;3542;900
2026-06-08T10:51:59.0000000Z;5.343;5.351;900;4784
2026-06-08T10:52:00.0000000Z;5.343;5.351;900;4784
2026-06-08T10:52:01.0000000Z;5.343;5.3505;900;379
2026-06-08T10:52:02.0000000Z;5.343;5.351;900;3884
2026-06-08T10:52:03.0000000Z;5.343;5.351;900;467
2026-06-08T10:52:04.0000000Z;5.343;5.351;900;467
2026-06-08T10:52:05.0000000Z;5.343;5.3505;900;379
2026-06-08T10:52:06.0000000Z;5.3435;5.3505;3542;379
2026-06-08T10:52:07.0000000Z;5.343;5.3505;900;379
2026-06-08T10:52:08.0000000Z;5.343;5.352;900;467
2026-06-08T10:52:10.0000000Z;5.343;5.3515;900;1075
2026-06-08T10:52:11.0000000Z;5.3445;5.3515;3542;683
2026-06-08T10:52:12.0000000Z;5.344;5.3515;900;900
2026-06-08T10:52:13.0000000Z;5.3445;5.3515;3542;42923
2026-06-08T10:52:14.0000000Z;5.344;5.352;900;900
2026-06-08T10:52:15.0000000Z;5.344;5.352;900;900
2026-06-08T10:52:16.0000000Z;5.344;5.3525;900;12110
2026-06-08T10:52:17.0000000Z;5.3445;5.3515;3542;423
2026-06-08T10:52:18.0000000Z;5.344;5.352;900;900
2026-06-08T10:52:20.0000000Z;5.344;5.3515;900;900
2026-06-08T10:52:21.0000000Z;5.344;5.3525;900;11210
2026-06-08T10:52:22.0000000Z;5.344;5.3525;900;11210
2026-06-08T10:52:23.0000000Z;5.3445;5.3525;3542;11210
2026-06-08T10:52:24.0000000Z;5.344;5.3525;900;11210
2026-06-08T10:52:25.0000000Z;5.344;5.3525;900;11210
2026-06-08T10:52:31.0000000Z;5.344;5.3525;900;11210
2026-06-08T10:52:32.0000000Z;5.344;5.3525;900;11210
2026-06-08T10:52:33.0000000Z;5.344;5.3525;900;11210
2026-06-08T10:52:35.0000000Z;5.344;5.3525;900;11210
2026-06-08T10:52:37.0000000Z;5.344;5.3525;900;11210
2026-06-08T10:52:38.0000000Z;5.344;5.3525;900;11210
2026-06-08T10:52:39.0000000Z;5.344;5.3525;900;11210
2026-06-08T10:52:43.0000000Z;5.344;5.3525;900;11210
2026-06-08T10:52:49.0000000Z;5.344;5.3525;900;11210
2026-06-08T10:52:51.0000000Z;5.3455;5.355;900;900
2026-06-08T10:52:52.0000000Z;5.3455;5.355;900;900
2026-06-08T10:52:54.0000000Z;5.3455;5.353;900;9341
2026-06-08T10:52:57.0000000Z;5.346;5.3545;3542;650
2026-06-08T10:53:01.0000000Z;5.346;5.3545;3542;650
2026-06-08T10:53:09.0000000Z;5.3455;5.356;900;8931
2026-06-08T10:53:10.0000000Z;5.3455;5.355;12127;810
2026-06-08T10:53:11.0000000Z;5.3455;5.355;12127;3415
2026-06-08T10:53:12.0000000Z;5.3455;5.3555;12127;11670
2026-06-08T10:53:13.0000000Z;5.3455;5.3555;12127;11670
2026-06-08T10:53:14.0000000Z;5.3455;5.355;12127;810
2026-06-08T10:53:16.0000000Z;5.3475;5.355;900;16809
2026-06-08T10:53:19.0000000Z;5.3475;5.3545;900;11206
2026-06-08T10:53:20.0000000Z;5.3475;5.3545;900;11206
2026-06-08T10:53:21.0000000Z;5.3475;5.3545;900;11206
2026-06-08T10:53:22.0000000Z;5.348;5.354;3542;298
2026-06-08T10:53:25.0000000Z;5.3465;5.3545;11223;11206
2026-06-08T10:53:26.0000000Z;5.3475;5.3545;900;11206
2026-06-08T10:53:29.0000000Z;5.3475;5.3545;900;11206
2026-06-08T10:53:30.0000000Z;5.3475;5.3545;900;11206
2026-06-08T10:53:39.0000000Z;5.348;5.3545;900;11206
2026-06-08T10:53:40.0000000Z;5.348;5.3545;900;11206
2026-06-08T10:53:43.0000000Z;5.3485;5.3545;3382;11206
2026-06-08T10:53:45.0000000Z;5.348;5.3565;900;900
2026-06-08T10:53:46.0000000Z;5.348;5.3545;900;42500
2026-06-08T10:53:48.0000000Z;5.348;5.355;900;9338
2026-06-08T10:53:49.0000000Z;5.348;5.3555;900;4315
2026-06-08T10:53:50.0000000Z;5.348;5.357;900;466
2026-06-08T10:53:51.0000000Z;5.348;5.3565;900;3415
2026-06-08T10:53:52.0000000Z;5.348;5.356;900;526
2026-06-08T10:53:53.0000000Z;5.348;5.3565;900;4315
2026-06-08T10:53:54.0000000Z;5.348;5.3565;900;3415
2026-06-08T10:53:55.0000000Z;5.348;5.3565;900;4315
2026-06-08T10:53:56.0000000Z;5.348;5.3565;900;4303
2026-06-08T10:53:57.0000000Z;5.3485;5.356;3542;526
2026-06-08T10:53:58.0000000Z;5.348;5.3565;900;900
2026-06-08T10:54:01.0000000Z;5.348;5.356;900;4315
2026-06-08T10:54:02.0000000Z;5.348;5.3555;900;374
2026-06-08T10:54:03.0000000Z;5.3485;5.356;3542;3415
2026-06-08T10:54:05.0000000Z;5.348;5.356;900;4315
2026-06-08T10:54:07.0000000Z;5.348;5.3575;900;466
2026-06-08T10:54:08.0000000Z;5.348;5.356;900;3415
2026-06-08T10:54:09.0000000Z;5.348;5.3555;900;397
2026-06-08T10:54:10.0000000Z;5.348;5.3555;900;397
2026-06-08T10:54:11.0000000Z;5.348;5.3555;900;397
2026-06-08T10:54:16.0000000Z;5.348;5.356;900;3415
2026-06-08T10:54:17.0000000Z;5.348;5.356;900;3415
2026-06-08T10:54:18.0000000Z;5.348;5.356;900;3415
2026-06-08T10:54:25.0000000Z;5.348;5.356;900;4315
2026-06-08T10:54:26.0000000Z;5.3485;5.356;3542;4315
2026-06-08T10:54:32.0000000Z;5.348;5.3565;900;3415
2026-06-08T10:54:34.0000000Z;5.348;5.356;900;502
2026-06-08T10:54:35.0000000Z;5.348;5.3565;900;4315
2026-06-08T10:54:37.0000000Z;5.348;5.3565;900;3415
2026-06-08T10:54:38.0000000Z;5.348;5.356;900;502
2026-06-08T10:54:39.0000000Z;5.348;5.3565;900;4315
2026-06-08T10:54:40.0000000Z;5.3485;5.356;3542;679
2026-06-08T10:54:43.0000000Z;5.348;5.3555;900;374
2026-06-08T10:54:44.0000000Z;5.348;5.3555;900;374
2026-06-08T10:54:49.0000000Z;5.348;5.3565;900;3415
2026-06-08T10:54:50.0000000Z;5.348;5.356;900;900
2026-06-08T10:54:51.0000000Z;5.348;5.3575;900;466
2026-06-08T10:54:52.0000000Z;5.347;5.356;11222;580
2026-06-08T10:54:53.0000000Z;5.3475;5.3565;9579;3852
2026-06-08T10:54:54.0000000Z;5.3485;5.356;3138;1354
2026-06-08T10:54:55.0000000Z;5.348;5.355;3496;849
2026-06-08T10:54:56.0000000Z;5.347;5.355;900;3881
2026-06-08T10:54:57.0000000Z;5.346;5.3555;11224;466
2026-06-08T10:54:58.0000000Z;5.346;5.3555;11224;810
2026-06-08T10:54:59.0000000Z;5.3485;5.355;3542;253
2026-06-08T10:54:59.0000000Z;5.348;5.3555;900;3415
2026-06-08T10:55:00.0000000Z;5.348;5.355;900;900
2026-06-08T10:55:01.0000000Z;5.3485;5.355;3542;42996
2026-06-08T10:55:02.0000000Z;5.348;5.355;900;900
2026-06-08T10:55:04.0000000Z;5.3485;5.355;3542;42715
2026-06-08T10:55:07.0000000Z;5.348;5.3545;900;42500
2026-06-08T10:55:08.0000000Z;5.348;5.354;900;11207
2026-06-08T10:55:09.0000000Z;5.348;5.354;900;17772
2026-06-08T10:55:12.0000000Z;5.348;5.354;900;42500
2026-06-08T10:55:20.0000000Z;5.348;5.3535;900;14162
2026-06-08T10:55:21.0000000Z;5.348;5.354;900;12107
2026-06-08T10:55:24.0000000Z;5.348;5.354;900;11207
2026-06-08T10:55:25.0000000Z;5.348;5.354;900;11207
2026-06-08T10:55:26.0000000Z;5.348;5.354;900;42500
2026-06-08T10:55:31.0000000Z;5.347;5.354;11222;11207
2026-06-08T10:55:32.0000000Z;5.3485;5.354;3542;11207
2026-06-08T10:55:33.0000000Z;5.348;5.354;900;11207
2026-06-08T10:55:36.0000000Z;5.348;5.354;900;11207
2026-06-08T10:55:37.0000000Z;5.348;5.354;900;11207
2026-06-08T10:55:38.0000000Z;5.348;5.354;900;11207
2026-06-08T10:55:40.0000000Z;5.348;5.354;900;11207
2026-06-08T10:55:44.0000000Z;5.348;5.354;900;11207
2026-06-08T10:55:45.0000000Z;5.348;5.354;900;11207
2026-06-08T10:55:46.0000000Z;5.3485;5.354;3542;11207
2026-06-08T10:55:50.0000000Z;5.348;5.354;900;11207
2026-06-08T10:55:56.0000000Z;5.348;5.354;900;11207
2026-06-08T10:55:57.0000000Z;5.348;5.354;900;11207
2026-06-08T10:55:58.0000000Z;5.348;5.354;900;11207
2026-06-08T10:56:00.0000000Z;5.348;5.354;900;11207
2026-06-08T10:56:01.0000000Z;5.3485;5.3535;3542;466
2026-06-08T10:56:02.0000000Z;5.348;5.354;900;11207
2026-06-08T10:56:03.0000000Z;5.348;5.354;900;11207
2026-06-08T10:56:04.0000000Z;5.348;5.354;900;11207
2026-06-08T10:56:06.0000000Z;5.348;5.354;900;11207
2026-06-08T10:56:09.0000000Z;5.347;5.354;11222;11207
2026-06-08T10:56:10.0000000Z;5.348;5.354;900;11207
2026-06-08T10:56:11.0000000Z;5.348;5.354;900;11207
2026-06-08T10:56:16.0000000Z;5.3485;5.354;3542;11207
2026-06-08T10:56:18.0000000Z;5.348;5.354;900;11207
2026-06-08T10:56:19.0000000Z;5.348;5.354;900;11207
2026-06-08T10:56:20.0000000Z;5.348;5.354;900;11207
2026-06-08T10:56:23.0000000Z;5.348;5.354;900;11207
2026-06-08T10:56:24.0000000Z;5.348;5.354;900;11207
2026-06-08T10:56:25.0000000Z;5.3485;5.354;3542;11207
2026-06-08T10:56:26.0000000Z;5.348;5.354;900;11207
2026-06-08T10:56:27.0000000Z;5.348;5.354;900;11207
2026-06-08T10:56:28.0000000Z;5.348;5.354;900;11207
2026-06-08T10:56:29.0000000Z;5.348;5.354;900;11207
2026-06-08T10:56:30.0000000Z;5.347;5.3535;11222;466
2026-06-08T10:56:31.0000000Z;5.348;5.354;900;11207
2026-06-08T10:56:32.0000000Z;5.348;5.354;900;11207
2026-06-08T10:56:33.0000000Z;5.348;5.354;900;42500
2026-06-08T10:56:34.0000000Z;5.348;5.354;900;11207
2026-06-08T10:56:36.0000000Z;5.348;5.354;900;11207
2026-06-08T10:56:39.0000000Z;5.348;5.354;900;11207
2026-06-08T10:56:43.0000000Z;5.347;5.3535;11222;466
2026-06-08T10:56:44.0000000Z;5.3485;5.3535;3279;466
2026-06-08T10:56:45.0000000Z;5.348;5.3535;900;42500
2026-06-08T10:56:53.0000000Z;5.348;5.354;900;11207
2026-06-08T10:56:55.0000000Z;5.323;5.3615;900;3852
2026-06-08T10:56:56.0000000Z;5.343;5.353;900;900
2026-06-08T10:56:57.0000000Z;5.343;5.353;900;900
2026-06-08T10:56:58.0000000Z;5.343;5.3525;900;782
2026-06-08T10:56:59.0000000Z;5.343;5.353;900;900
2026-06-08T10:57:02.0000000Z;5.343;5.354;900;11673
2026-06-08T10:57:03.0000000Z;5.343;5.353;900;900
2026-06-08T10:57:04.0000000Z;5.343;5.3525;900;900
2026-06-08T10:57:05.0000000Z;5.343;5.354;900;11673
2026-06-08T10:57:06.0000000Z;5.343;5.353;900;900
2026-06-08T10:57:07.0000000Z;5.343;5.3525;900;758
2026-06-08T10:57:09.0000000Z;5.343;5.353;900;900
2026-06-08T10:57:10.0000000Z;5.343;5.3525;900;758
2026-06-08T10:57:19.0000000Z;5.343;5.3535;900;900
2026-06-08T10:57:21.0000000Z;5.343;5.353;900;942
2026-06-08T10:57:22.0000000Z;5.343;5.3535;900;466
2026-06-08T10:57:23.0000000Z;5.343;5.353;900;906
2026-06-08T10:57:24.0000000Z;5.343;5.353;900;942
2026-06-08T10:57:26.0000000Z;5.343;5.353;900;942
2026-06-08T10:57:37.0000000Z;5.343;5.3535;900;900
2026-06-08T10:57:38.0000000Z;5.343;5.3535;900;900
2026-06-08T10:57:41.0000000Z;5.3435;5.3535;13342;900
2026-06-08T10:57:42.0000000Z;5.343;5.3535;900;3415
2026-06-08T10:57:43.0000000Z;5.343;5.354;900;11673
2026-06-08T10:57:44.0000000Z;5.343;5.3535;900;900
2026-06-08T10:57:45.0000000Z;5.344;5.353;900;900
2026-06-08T10:57:47.0000000Z;5.3445;5.3525;3542;577
2026-06-08T10:57:51.0000000Z;5.344;5.353;900;900
2026-06-08T10:57:54.0000000Z;5.3445;5.353;3542;900
2026-06-08T10:58:03.0000000Z;5.344;5.353;900;900
2026-06-08T10:58:18.0000000Z;5.344;5.3535;900;900
2026-06-08T10:58:19.0000000Z;5.344;5.3525;900;577
2026-06-08T10:58:20.0000000Z;5.344;5.354;900;15707
2026-06-08T10:58:21.0000000Z;5.344;5.353;900;712
2026-06-08T10:58:22.0000000Z;5.344;5.353;900;712
2026-06-08T10:58:25.0000000Z;5.344;5.3535;900;897
2026-06-08T10:58:28.0000000Z;5.344;5.354;900;11207
2026-06-08T10:58:29.0000000Z;5.344;5.354;900;11207
2026-06-08T10:58:34.0000000Z;5.345;5.354;3542;11207
2026-06-08T10:58:39.0000000Z;5.344;5.354;900;15707
2026-06-08T10:58:43.0000000Z;5.344;5.354;900;11207
2026-06-08T10:58:45.0000000Z;5.346;5.354;3542;42500
2026-06-08T10:58:46.0000000Z;5.35;5.3555;900;900
2026-06-08T10:58:47.0000000Z;5.35;5.3555;900;4315
2026-06-08T10:58:48.0000000Z;5.35;5.3545;900;9338
2026-06-08T10:58:50.0000000Z;5.3505;5.3555;2334;42500
2026-06-08T10:58:51.0000000Z;5.35;5.3555;900;900
2026-06-08T10:58:52.0000000Z;5.35;5.3555;900;900
2026-06-08T10:58:55.0000000Z;5.35;5.3555;900;42500
2026-06-08T10:58:56.0000000Z;5.3485;5.3555;900;900
2026-06-08T10:58:58.0000000Z;5.35;5.3555;1651;900
2026-06-08T10:59:00.0000000Z;5.3485;5.3555;900;900
2026-06-08T10:59:01.0000000Z;5.347;5.3555;900;900
2026-06-08T10:59:04.0000000Z;5.3485;5.3555;2642;900
2026-06-08T10:59:05.0000000Z;5.3485;5.355;900;900
2026-06-08T10:59:06.0000000Z;5.349;5.355;2987;900
2026-06-08T10:59:07.0000000Z;5.349;5.355;2987;42500
2026-06-08T10:59:09.0000000Z;5.3485;5.3555;900;4315
2026-06-08T10:59:10.0000000Z;5.3465;5.3555;900;4315
2026-06-08T10:59:12.0000000Z;5.3485;5.355;2171;679
2026-06-08T10:59:15.0000000Z;5.347;5.355;3315;679
2026-06-08T10:59:22.0000000Z;5.3465;5.3555;900;4315
2026-06-08T10:59:25.0000000Z;5.348;5.3555;900;900
2026-06-08T10:59:27.0000000Z;5.348;5.3555;900;900
2026-06-08T10:59:28.0000000Z;5.348;5.355;42500;1696
2026-06-08T10:59:29.0000000Z;5.3485;5.3545;1846;1114
2026-06-08T10:59:30.0000000Z;5.344;5.355;900;900
2026-06-08T10:59:35.0000000Z;5.345;5.3545;3542;1114
2026-06-08T10:59:42.0000000Z;5.348;5.356;900;900
2026-06-08T10:59:44.0000000Z;5.348;5.3555;900;9337
2026-06-08T10:59:45.0000000Z;5.347;5.3545;900;677
2026-06-08T10:59:46.0000000Z;5.347;5.3545;900;677
2026-06-08T10:59:47.0000000Z;5.347;5.355;900;900
2026-06-08T10:59:48.0000000Z;5.347;5.355;900;900
2026-06-08T10:59:49.0000000Z;5.347;5.355;900;900
2026-06-08T10:59:50.0000000Z;5.35;5.355;900;900
2026-06-08T10:59:51.0000000Z;5.347;5.356;900;900
2026-06-08T10:59:52.0000000Z;5.347;5.356;900;900
2026-06-08T10:59:53.0000000Z;5.347;5.356;900;900
2026-06-08T10:59:54.0000000Z;5.347;5.356;900;900
2026-06-08T10:59:55.0000000Z;5.347;5.356;900;900
2026-06-08T10:59:56.0000000Z;5.347;5.356;1367;900
2026-06-08T10:59:57.0000000Z;5.347;5.356;900;900
2026-06-08T10:59:58.0000000Z;5.347;5.3555;900;570
2026-06-08T10:59:59.0000000Z;5.347;5.356;900;900
2026-06-08T11:00:00.0000000Z;5.3475;5.3555;3542;570
2026-06-08T11:00:01.0000000Z;5.347;5.355;900;900
2026-06-08T11:00:02.0000000Z;5.347;5.356;900;900
2026-06-08T11:00:03.0000000Z;5.347;5.3555;900;570
2026-06-08T11:00:04.0000000Z;5.347;5.3545;900;900
2026-06-08T11:00:06.0000000Z;5.347;5.3555;900;900
2026-06-08T11:00:07.0000000Z;5.346;5.354;944;430
2026-06-08T11:00:08.0000000Z;5.347;5.354;900;430
2026-06-08T11:00:09.0000000Z;5.347;5.354;900;42500
2026-06-08T11:00:10.0000000Z;5.347;5.354;900;42500
2026-06-08T11:00:11.0000000Z;5.347;5.3565;900;9630
2026-06-08T11:00:12.0000000Z;5.347;5.3555;900;624
2026-06-08T11:00:14.0000000Z;5.347;5.356;900;900
2026-06-08T11:00:20.0000000Z;5.347;5.3545;900;420
2026-06-08T11:00:21.0000000Z;5.346;5.3565;944;466
2026-06-08T11:00:22.0000000Z;5.347;5.356;900;900
2026-06-08T11:00:23.0000000Z;5.347;5.3555;900;751
2026-06-08T11:00:27.0000000Z;5.347;5.3565;900;900
2026-06-08T11:00:28.0000000Z;5.347;5.356;900;754
2026-06-08T11:00:30.0000000Z;5.347;5.356;900;754
2026-06-08T11:00:31.0000000Z;5.347;5.356;900;900
2026-06-08T11:00:32.0000000Z;5.3485;5.3565;900;900
2026-06-08T11:00:34.0000000Z;5.3485;5.356;900;448
2026-06-08T11:00:35.0000000Z;5.3485;5.3565;900;900
2026-06-08T11:00:37.0000000Z;5.347;5.356;900;754
2026-06-08T11:00:38.0000000Z;5.3475;5.356;3542;754
2026-06-08T11:00:40.0000000Z;5.3475;5.356;3542;754
2026-06-08T11:00:41.0000000Z;5.347;5.3555;900;558
2026-06-08T11:00:42.0000000Z;5.347;5.355;900;900
2026-06-08T11:00:46.0000000Z;5.347;5.354;900;257
2026-06-08T11:00:47.0000000Z;5.347;5.354;900;900
2026-06-08T11:00:48.0000000Z;5.347;5.354;900;42757
2026-06-08T11:00:49.0000000Z;5.347;5.354;900;900
2026-06-08T11:00:50.0000000Z;5.347;5.3525;900;900
2026-06-08T11:00:51.0000000Z;5.346;5.3525;944;900
2026-06-08T11:00:52.0000000Z;5.3475;5.352;3355;170
2026-06-08T11:00:53.0000000Z;5.343;5.3525;900;900
2026-06-08T11:00:54.0000000Z;5.347;5.352;1846;993
2026-06-08T11:00:55.0000000Z;5.343;5.352;900;900
2026-06-08T11:00:58.0000000Z;5.343;5.3515;900;573
2026-06-08T11:01:00.0000000Z;5.3435;5.3515;3542;573
2026-06-08T11:01:03.0000000Z;5.3445;5.352;900;900
2026-06-08T11:01:04.0000000Z;5.345;5.352;3542;900
2026-06-08T11:01:05.0000000Z;5.3445;5.352;900;900
2026-06-08T11:01:07.0000000Z;5.3445;5.352;900;900
2026-06-08T11:01:11.0000000Z;5.3445;5.352;900;900
2026-06-08T11:01:13.0000000Z;5.345;5.352;900;900
2026-06-08T11:01:14.0000000Z;5.3455;5.352;3542;900
2026-06-08T11:01:17.0000000Z;5.345;5.351;900;900
2026-06-08T11:01:18.0000000Z;5.341;5.351;944;467
2026-06-08T11:01:19.0000000Z;5.3425;5.35;900;900
2026-06-08T11:01:20.0000000Z;5.342;5.351;900;900
2026-06-08T11:01:21.0000000Z;5.3435;5.35;900;4317
2026-06-08T11:01:22.0000000Z;5.344;5.35;2704;4317
2026-06-08T11:01:23.0000000Z;5.342;5.35;944;4317
2026-06-08T11:01:24.0000000Z;5.342;5.35;900;4317
2026-06-08T11:01:25.0000000Z;5.342;5.349;900;42843
2026-06-08T11:01:28.0000000Z;5.342;5.3485;900;900
2026-06-08T11:01:29.0000000Z;5.3425;5.3485;3542;42500
2026-06-08T11:01:30.0000000Z;5.342;5.3495;900;467
2026-06-08T11:01:31.0000000Z;5.342;5.349;900;900
2026-06-08T11:01:32.0000000Z;5.342;5.35;900;3417
2026-06-08T11:01:33.0000000Z;5.342;5.3505;900;900
2026-06-08T11:01:34.0000000Z;5.342;5.3505;900;900
2026-06-08T11:01:35.0000000Z;5.342;5.35;900;900
2026-06-08T11:01:36.0000000Z;5.342;5.349;900;9691
2026-06-08T11:01:37.0000000Z;5.342;5.349;900;9691
2026-06-08T11:01:38.0000000Z;5.342;5.3495;900;320
2026-06-08T11:01:41.0000000Z;5.342;5.3495;900;4317
2026-06-08T11:01:42.0000000Z;5.341;5.349;944;900
2026-06-08T11:01:43.0000000Z;5.342;5.349;900;900
2026-06-08T11:01:44.0000000Z;5.342;5.349;900;43052
2026-06-08T11:01:46.0000000Z;5.342;5.349;900;12118
2026-06-08T11:01:47.0000000Z;5.342;5.3485;900;42679
2026-06-08T11:01:48.0000000Z;5.342;5.3485;900;900
2026-06-08T11:01:58.0000000Z;5.342;5.349;900;12118
2026-06-08T11:01:59.0000000Z;5.341;5.349;944;11218
2026-06-08T11:02:00.0000000Z;5.342;5.349;900;12118
2026-06-08T11:02:01.0000000Z;5.342;5.349;900;12118
2026-06-08T11:02:04.0000000Z;5.342;5.349;900;12118
2026-06-08T11:02:05.0000000Z;5.342;5.349;900;11218
2026-06-08T11:02:06.0000000Z;5.342;5.349;900;12118
2026-06-08T11:02:07.0000000Z;5.34;5.348;944;900
2026-06-08T11:02:08.0000000Z;5.34;5.348;944;42998
2026-06-08T11:02:09.0000000Z;5.341;5.347;900;900
2026-06-08T11:02:10.0000000Z;5.341;5.348;900;900
2026-06-08T11:02:11.0000000Z;5.341;5.348;900;900
2026-06-08T11:02:12.0000000Z;5.3395;5.3465;900;900
2026-06-08T11:02:13.0000000Z;5.3395;5.3465;900;900
2026-06-08T11:02:14.0000000Z;5.3395;5.3465;900;900
2026-06-08T11:02:15.0000000Z;5.338;5.347;900;900
2026-06-08T11:02:16.0000000Z;5.338;5.347;900;900
2026-06-08T11:02:17.0000000Z;5.34;5.346;3542;793
2026-06-08T11:02:18.0000000Z;5.3395;5.3465;900;900
2026-06-08T11:02:19.0000000Z;5.3385;5.3465;944;900
2026-06-08T11:02:20.0000000Z;5.3395;5.3465;900;900
2026-06-08T11:02:23.0000000Z;5.3395;5.3475;900;11221
2026-06-08T11:02:24.0000000Z;5.3395;5.3475;900;11221
2026-06-08T11:02:25.0000000Z;5.3385;5.3475;944;11221
2026-06-08T11:02:26.0000000Z;5.3395;5.3475;900;11221
2026-06-08T11:02:30.0000000Z;5.3395;5.347;900;426
2026-06-08T11:02:34.0000000Z;5.3395;5.3475;900;11221
2026-06-08T11:02:35.0000000Z;5.3395;5.3475;900;11221
2026-06-08T11:02:36.0000000Z;5.3395;5.3475;900;11221
2026-06-08T11:02:37.0000000Z;5.34;5.347;3542;608
2026-06-08T11:02:38.0000000Z;5.3395;5.3475;900;11221
2026-06-08T11:02:39.0000000Z;5.3395;5.3475;900;11221
2026-06-08T11:02:41.0000000Z;5.3395;5.3475;900;11221
2026-06-08T11:02:43.0000000Z;5.3395;5.3475;900;11221
2026-06-08T11:02:47.0000000Z;5.3395;5.3475;900;11221
2026-06-08T11:02:52.0000000Z;5.3395;5.3475;900;11221
2026-06-08T11:02:56.0000000Z;5.3395;5.3475;900;11221
2026-06-08T11:03:00.0000000Z;5.3395;5.3475;900;11221
2026-06-08T11:03:01.0000000Z;5.3395;5.3475;900;11221
2026-06-08T11:03:02.0000000Z;5.3395;5.3475;900;11221
2026-06-08T11:03:03.0000000Z;5.3395;5.3475;900;11221
2026-06-08T11:03:04.0000000Z;5.3395;5.3475;900;11221
2026-06-08T11:03:06.0000000Z;5.3395;5.3475;900;11221
2026-06-08T11:03:07.0000000Z;5.3395;5.3475;900;11221
2026-06-08T11:03:09.0000000Z;5.3395;5.3475;900;11221
2026-06-08T11:03:16.0000000Z;5.343;5.3505;900;1367
2026-06-08T11:03:17.0000000Z;5.343;5.35;900;4317
2026-06-08T11:03:18.0000000Z;5.343;5.35;900;4317
2026-06-08T11:03:19.0000000Z;5.3435;5.35;3542;4317
2026-06-08T11:03:20.0000000Z;5.344;5.349;3298;900
2026-06-08T11:03:21.0000000Z;5.3435;5.349;900;42500
2026-06-08T11:03:22.0000000Z;5.3435;5.349;900;900
2026-06-08T11:03:23.0000000Z;5.3435;5.349;900;900
2026-06-08T11:03:27.0000000Z;5.3435;5.349;900;900
2026-06-08T11:03:28.0000000Z;5.3415;5.348;900;900
2026-06-08T11:03:29.0000000Z;5.3415;5.3515;900;467
2026-06-08T11:03:30.0000000Z;5.3435;5.3485;3438;900
2026-06-08T11:03:31.0000000Z;5.3435;5.3485;3438;900
2026-06-08T11:03:35.0000000Z;5.343;5.349;900;900
2026-06-08T11:03:36.0000000Z;5.3435;5.349;3542;900
2026-06-08T11:03:37.0000000Z;5.3435;5.349;3542;42500
2026-06-08T11:03:43.0000000Z;5.343;5.349;900;900
2026-06-08T11:03:44.0000000Z;5.342;5.3495;944;4317
2026-06-08T11:03:45.0000000Z;5.343;5.3495;900;4784
2026-06-08T11:03:46.0000000Z;5.343;5.3485;900;4317
2026-06-08T11:03:47.0000000Z;5.343;5.348;900;900
2026-06-08T11:03:48.0000000Z;5.343;5.3485;900;900
2026-06-08T11:03:51.0000000Z;5.343;5.3485;900;42500
2026-06-08T11:04:00.0000000Z;5.343;5.3485;900;3417
2026-06-08T11:04:01.0000000Z;5.343;5.3485;900;3417
2026-06-08T11:04:02.0000000Z;5.343;5.348;900;42500
2026-06-08T11:04:03.0000000Z;5.343;5.3485;900;900
2026-06-08T11:04:04.0000000Z;5.343;5.3485;900;42500
2026-06-08T11:04:05.0000000Z;5.343;5.3485;900;3417
2026-06-08T11:04:07.0000000Z;5.343;5.3485;900;3417
2026-06-08T11:04:08.0000000Z;5.343;5.3485;900;3417
2026-06-08T11:04:09.0000000Z;5.343;5.3485;900;4317
2026-06-08T11:04:10.0000000Z;5.343;5.3485;900;4317
2026-06-08T11:04:11.0000000Z;5.343;5.3485;900;3417
2026-06-08T11:04:12.0000000Z;5.343;5.3485;900;900
2026-06-08T11:04:15.0000000Z;5.343;5.3485;900;900
2026-06-08T11:04:17.0000000Z;5.343;5.3485;900;4317
2026-06-08T11:04:18.0000000Z;5.343;5.3485;900;4317
2026-06-08T11:04:19.0000000Z;5.343;5.3485;900;4317
2026-06-08T11:04:20.0000000Z;5.343;5.3485;900;3417
2026-06-08T11:04:24.0000000Z;5.343;5.3485;900;4317
2026-06-08T11:04:25.0000000Z;5.343;5.3485;900;3417
2026-06-08T11:04:27.0000000Z;5.343;5.348;900;11220
2026-06-08T11:04:28.0000000Z;5.343;5.348;900;11220
2026-06-08T11:04:33.0000000Z;5.343;5.348;900;42500
2026-06-08T11:04:35.0000000Z;5.343;5.348;900;11220
2026-06-08T11:04:36.0000000Z;5.3435;5.348;3542;11220
2026-06-08T11:04:38.0000000Z;5.343;5.351;900;900
2026-06-08T11:04:39.0000000Z;5.343;5.3485;900;9349
2026-06-08T11:04:41.0000000Z;5.343;5.351;900;900
2026-06-08T11:04:42.0000000Z;5.343;5.3505;900;290
2026-06-08T11:04:46.0000000Z;5.3445;5.351;900;900
2026-06-08T11:04:50.0000000Z;5.344;5.351;900;900
2026-06-08T11:04:51.0000000Z;5.3445;5.351;3530;900
2026-06-08T11:04:55.0000000Z;5.344;5.351;900;900
2026-06-08T11:04:59.0000000Z;5.3445;5.351;3530;900
2026-06-08T11:05:00.0000000Z;5.344;5.3505;900;595
2026-06-08T11:05:01.0000000Z;5.344;5.3505;900;595
2026-06-08T11:05:05.0000000Z;5.344;5.351;900;900
2026-06-08T11:05:10.0000000Z;5.344;5.351;900;900
2026-06-08T11:05:12.0000000Z;5.344;5.351;900;900
2026-06-08T11:05:14.0000000Z;5.344;5.351;900;900
2026-06-08T11:05:15.0000000Z;5.344;5.351;900;900
2026-06-08T11:05:17.0000000Z;5.3425;5.351;900;900
2026-06-08T11:05:18.0000000Z;5.344;5.351;900;900
2026-06-08T11:05:20.0000000Z;5.344;5.352;900;467
2026-06-08T11:05:21.0000000Z;5.345;5.352;3542;467
2026-06-08T11:05:22.0000000Z;5.346;5.3525;3480;11210
2026-06-08T11:05:23.0000000Z;5.346;5.3525;3480;11210
2026-06-08T11:05:24.0000000Z;5.3455;5.3525;900;11210
2026-06-08T11:05:25.0000000Z;5.3455;5.3525;900;11210
2026-06-08T11:05:26.0000000Z;5.3455;5.3525;900;11210
2026-06-08T11:05:28.0000000Z;5.3475;5.353;3265;10896
2026-06-08T11:05:29.0000000Z;5.347;5.355;900;900
2026-06-08T11:05:30.0000000Z;5.348;5.3545;3542;900
2026-06-08T11:05:31.0000000Z;5.3475;5.3545;900;42500
2026-06-08T11:05:32.0000000Z;5.3475;5.3545;900;900
2026-06-08T11:05:33.0000000Z;5.348;5.3545;3542;900
2026-06-08T11:05:34.0000000Z;5.3475;5.354;900;243
2026-06-08T11:05:35.0000000Z;5.3475;5.3545;900;900
2026-06-08T11:05:36.0000000Z;5.3475;5.3545;900;900
2026-06-08T11:05:38.0000000Z;5.3475;5.354;900;4315
2026-06-08T11:05:39.0000000Z;5.348;5.354;3542;4315
2026-06-08T11:05:41.0000000Z;5.3475;5.354;900;42500
2026-06-08T11:05:42.0000000Z;5.3475;5.354;900;900
2026-06-08T11:05:43.0000000Z;5.3475;5.354;900;900
2026-06-08T11:05:44.0000000Z;5.3475;5.354;900;900
2026-06-08T11:05:45.0000000Z;5.3465;5.354;944;42500
2026-06-08T11:06:00.0000000Z;5.3475;5.354;900;900
2026-06-08T11:06:01.0000000Z;5.3475;5.354;900;900
2026-06-08T11:06:10.0000000Z;5.348;5.354;3542;42500
2026-06-08T11:06:11.0000000Z;5.347;5.352;9352;1196
2026-06-08T11:06:12.0000000Z;5.3445;5.3525;900;900
2026-06-08T11:06:13.0000000Z;5.3475;5.3525;1846;900
2026-06-08T11:06:16.0000000Z;5.345;5.352;3542;43696
2026-06-08T11:06:19.0000000Z;5.3435;5.352;944;900
2026-06-08T11:06:20.0000000Z;5.3445;5.352;900;900
2026-06-08T11:06:26.0000000Z;5.3445;5.353;900;11676
2026-06-08T11:06:27.0000000Z;5.3445;5.352;900;900
2026-06-08T11:06:30.0000000Z;5.3445;5.3515;900;900
2026-06-08T11:06:31.0000000Z;5.3445;5.3515;900;900
2026-06-08T11:06:32.0000000Z;5.3445;5.3515;900;900
2026-06-08T11:06:33.0000000Z;5.345;5.3575;944;11200
2026-06-08T11:06:34.0000000Z;5.3455;5.3575;13342;11200
2026-06-08T11:06:35.0000000Z;5.3485;5.356;900;900
2026-06-08T11:06:36.0000000Z;5.346;5.357;944;466
2026-06-08T11:06:37.0000000Z;5.349;5.3545;3542;42500
2026-06-08T11:06:38.0000000Z;5.3485;5.3545;900;900
2026-06-08T11:06:39.0000000Z;5.347;5.3545;900;900
2026-06-08T11:06:41.0000000Z;5.3475;5.3545;3542;900
2026-06-08T11:06:42.0000000Z;5.347;5.3545;900;900
2026-06-08T11:06:43.0000000Z;5.347;5.3545;900;900
2026-06-08T11:06:46.0000000Z;5.346;5.3545;944;900
2026-06-08T11:06:47.0000000Z;5.347;5.3545;900;900
2026-06-08T11:06:48.0000000Z;5.347;5.3535;900;900
2026-06-08T11:06:49.0000000Z;5.347;5.3535;900;900
2026-06-08T11:06:51.0000000Z;5.3485;5.3545;900;42500
2026-06-08T11:06:52.0000000Z;5.349;5.354;3542;900
2026-06-08T11:06:53.0000000Z;5.3485;5.3565;900;466
2026-06-08T11:06:54.0000000Z;5.3485;5.354;900;900
2026-06-08T11:07:01.0000000Z;5.347;5.358;944;466
2026-06-08T11:07:02.0000000Z;5.3495;5.358;900;466
2026-06-08T11:07:03.0000000Z;5.3495;5.358;900;466
2026-06-08T11:07:04.0000000Z;5.349;5.358;3542;466
2026-06-08T11:07:05.0000000Z;5.3495;5.358;900;4500
2026-06-08T11:07:06.0000000Z;5.3495;5.358;900;4500
2026-06-08T11:07:08.0000000Z;5.3495;5.3575;900;11200
2026-06-08T11:07:09.0000000Z;5.3495;5.3575;900;11200
2026-06-08T11:07:10.0000000Z;5.35;5.357;3542;398
2026-06-08T11:07:11.0000000Z;5.3515;5.3575;3477;42500
2026-06-08T11:07:12.0000000Z;5.3525;5.3595;900;900
2026-06-08T11:07:13.0000000Z;5.3525;5.3595;900;900
2026-06-08T11:07:14.0000000Z;5.353;5.358;3542;9332
2026-06-08T11:07:15.0000000Z;5.352;5.3595;900;900
2026-06-08T11:07:16.0000000Z;5.3525;5.3595;3542;900
2026-06-08T11:07:17.0000000Z;5.3525;5.3585;3542;171
2026-06-08T11:07:18.0000000Z;5.352;5.359;900;4315
2026-06-08T11:07:20.0000000Z;5.352;5.359;900;4315
2026-06-08T11:07:21.0000000Z;5.352;5.3595;900;900
2026-06-08T11:07:22.0000000Z;5.352;5.359;900;42500
2026-06-08T11:07:24.0000000Z;5.352;5.359;900;162
2026-06-08T11:07:25.0000000Z;5.352;5.36;900;900
2026-06-08T11:07:26.0000000Z;5.352;5.361;900;11192
2026-06-08T11:07:27.0000000Z;5.352;5.359;900;262
2026-06-08T11:07:28.0000000Z;5.352;5.361;900;12092
2026-06-08T11:07:30.0000000Z;5.352;5.3605;900;900
2026-06-08T11:07:31.0000000Z;5.352;5.3605;900;900
2026-06-08T11:07:32.0000000Z;5.352;5.3605;900;43165
2026-06-08T11:07:33.0000000Z;5.3535;5.361;900;12092
2026-06-08T11:07:34.0000000Z;5.3535;5.361;900;11192
2026-06-08T11:07:35.0000000Z;5.3535;5.361;900;11192
2026-06-08T11:07:36.0000000Z;5.3535;5.361;900;15692
2026-06-08T11:07:37.0000000Z;5.3535;5.361;900;15692
2026-06-08T11:07:41.0000000Z;5.354;5.36;3542;266
2026-06-08T11:07:42.0000000Z;5.354;5.3605;3542;900
2026-06-08T11:07:43.0000000Z;5.3535;5.3605;900;900
2026-06-08T11:07:44.0000000Z;5.3525;5.36;944;572
2026-06-08T11:07:45.0000000Z;5.3525;5.36;900;22810
2026-06-08T11:07:46.0000000Z;5.353;5.36;3542;22810
2026-06-08T11:07:47.0000000Z;5.3525;5.36;900;22810
2026-06-08T11:07:48.0000000Z;5.3535;5.36;900;12095
2026-06-08T11:07:49.0000000Z;5.354;5.3595;3362;597
2026-06-08T11:07:50.0000000Z;5.3535;5.36;900;12095
2026-06-08T11:07:51.0000000Z;5.3535;5.36;900;12095
2026-06-08T11:07:59.0000000Z;5.3535;5.36;900;11195
2026-06-08T11:07:59.0000000Z;5.3535;5.36;900;11195
2026-06-08T11:08:00.0000000Z;5.353;5.36;467;11195
2026-06-08T11:08:01.0000000Z;5.3535;5.359;900;900
2026-06-08T11:08:02.0000000Z;5.351;5.359;944;900
2026-06-08T11:08:03.0000000Z;5.352;5.3585;900;365
2026-06-08T11:08:04.0000000Z;5.3535;5.359;900;900
2026-06-08T11:08:05.0000000Z;5.3535;5.3595;900;466
2026-06-08T11:08:06.0000000Z;5.3535;5.359;900;900
2026-06-08T11:08:07.0000000Z;5.3535;5.359;900;42500
2026-06-08T11:08:08.0000000Z;5.3535;5.36;900;11195
2026-06-08T11:08:09.0000000Z;5.3535;5.359;900;900
2026-06-08T11:08:10.0000000Z;5.3535;5.359;900;900
2026-06-08T11:08:11.0000000Z;5.3535;5.359;900;900
2026-06-08T11:08:12.0000000Z;5.3535;5.359;900;900
2026-06-08T11:08:13.0000000Z;5.3535;5.359;900;900
2026-06-08T11:08:14.0000000Z;5.3535;5.359;900;900
2026-06-08T11:08:15.0000000Z;5.3535;5.36;900;11195
2026-06-08T11:08:16.0000000Z;5.354;5.359;3362;900
2026-06-08T11:08:19.0000000Z;5.353;5.359;467;42500
2026-06-08T11:08:20.0000000Z;5.3535;5.359;900;900
2026-06-08T11:08:21.0000000Z;5.354;5.359;3362;900
2026-06-08T11:08:22.0000000Z;5.354;5.359;3362;42500
2026-06-08T11:08:33.0000000Z;5.354;5.359;3362;42500
2026-06-08T11:08:36.0000000Z;5.3535;5.359;900;900
2026-06-08T11:08:37.0000000Z;5.3535;5.359;900;42500
2026-06-08T11:08:38.0000000Z;5.3535;5.359;900;900
2026-06-08T11:08:39.0000000Z;5.3535;5.359;900;42500
2026-06-08T11:08:40.0000000Z;5.3535;5.359;900;900
2026-06-08T11:08:41.0000000Z;5.3535;5.359;900;900
2026-06-08T11:08:42.0000000Z;5.3535;5.359;900;900
2026-06-08T11:08:43.0000000Z;5.3535;5.359;900;900
2026-06-08T11:08:44.0000000Z;5.3535;5.359;900;900
2026-06-08T11:08:46.0000000Z;5.3535;5.359;900;42500
2026-06-08T11:08:47.0000000Z;5.3535;5.3595;900;900
2026-06-08T11:08:48.0000000Z;5.3535;5.3595;900;51830
2026-06-08T11:08:50.0000000Z;5.3535;5.3595;900;900
2026-06-08T11:08:52.0000000Z;5.3535;5.3595;900;900
2026-06-08T11:08:54.0000000Z;5.3535;5.3595;900;900
2026-06-08T11:09:01.0000000Z;5.3535;5.36;900;12095
2026-06-08T11:09:03.0000000Z;5.3535;5.36;900;12095
2026-06-08T11:09:05.0000000Z;5.3535;5.36;900;42500
2026-06-08T11:09:06.0000000Z;5.3535;5.36;900;12095
2026-06-08T11:09:08.0000000Z;5.354;5.36;3362;12095
2026-06-08T11:09:10.0000000Z;5.3535;5.36;900;12095
2026-06-08T11:09:11.0000000Z;5.3535;5.36;900;12095
2026-06-08T11:09:13.0000000Z;5.3535;5.36;900;11195
2026-06-08T11:09:14.0000000Z;5.3535;5.36;900;11195
2026-06-08T11:09:15.0000000Z;5.3535;5.36;900;11195
2026-06-08T11:09:16.0000000Z;5.3535;5.36;900;11195
2026-06-08T11:09:17.0000000Z;5.3535;5.36;900;11195
2026-06-08T11:09:19.0000000Z;5.3535;5.36;900;11195
2026-06-08T11:09:21.0000000Z;5.3555;5.36;3063;11195
2026-06-08T11:09:22.0000000Z;5.355;5.36;900;11195
2026-06-08T11:09:24.0000000Z;5.3555;5.36;3063;11195
2026-06-08T11:09:27.0000000Z;5.3555;5.36;3542;11195
2026-06-08T11:09:28.0000000Z;5.3565;5.3635;3542;900
2026-06-08T11:09:29.0000000Z;5.3545;5.363;900;3881
2026-06-08T11:09:30.0000000Z;5.3545;5.363;900;4781
2026-06-08T11:09:31.0000000Z;5.3565;5.363;3542;42500
2026-06-08T11:09:32.0000000Z;5.3565;5.3635;3542;466
2026-06-08T11:09:33.0000000Z;5.356;5.3635;900;3881
2026-06-08T11:09:35.0000000Z;5.356;5.3625;900;184
2026-06-08T11:09:38.0000000Z;5.3545;5.363;900;4315
2026-06-08T11:09:39.0000000Z;5.3535;5.363;944;4315
2026-06-08T11:09:40.0000000Z;5.356;5.3645;900;466
2026-06-08T11:09:41.0000000Z;5.356;5.3635;900;1366
2026-06-08T11:09:42.0000000Z;5.356;5.3635;900;1366
2026-06-08T11:09:43.0000000Z;5.356;5.3625;900;186
2026-06-08T11:09:45.0000000Z;5.356;5.363;900;42500
2026-06-08T11:09:46.0000000Z;5.356;5.363;900;4315
2026-06-08T11:09:53.0000000Z;5.356;5.363;900;4315
2026-06-08T11:09:58.0000000Z;5.356;5.3625;900;11189
2026-06-08T11:09:59.0000000Z;5.356;5.3625;900;11189
2026-06-08T11:10:00.0000000Z;5.356;5.3625;900;12089
2026-06-08T11:10:01.0000000Z;5.3565;5.3625;3542;12089
2026-06-08T11:10:02.0000000Z;5.3565;5.3625;3542;11189
2026-06-08T11:10:04.0000000Z;5.356;5.3625;900;11189
2026-06-08T11:10:07.0000000Z;5.356;5.3625;900;12089
2026-06-08T11:10:08.0000000Z;5.355;5.3625;944;12089
2026-06-08T11:10:09.0000000Z;5.356;5.3625;900;12089
2026-06-08T11:10:10.0000000Z;5.356;5.362;900;372
2026-06-08T11:10:11.0000000Z;5.356;5.362;900;5400
2026-06-08T11:10:12.0000000Z;5.3565;5.362;3542;372
2026-06-08T11:10:13.0000000Z;5.356;5.362;900;900
2026-06-08T11:10:14.0000000Z;5.356;5.362;900;42872
2026-06-08T11:10:16.0000000Z;5.356;5.362;900;900
2026-06-08T11:10:17.0000000Z;5.356;5.3625;900;11189
2026-06-08T11:10:18.0000000Z;5.3565;5.362;3542;900
2026-06-08T11:10:24.0000000Z;5.356;5.362;900;900
2026-06-08T11:10:25.0000000Z;5.356;5.3625;900;12089
2026-06-08T11:10:26.0000000Z;5.356;5.3625;900;12089
2026-06-08T11:10:28.0000000Z;5.356;5.362;900;372
2026-06-08T11:10:30.0000000Z;5.355;5.3625;944;12089
2026-06-08T11:10:31.0000000Z;5.356;5.362;900;4500
2026-06-08T11:10:32.0000000Z;5.356;5.3625;900;11189
2026-06-08T11:10:33.0000000Z;5.356;5.362;900;372
2026-06-08T11:10:35.0000000Z;5.355;5.3625;944;11189
2026-06-08T11:10:36.0000000Z;5.356;5.3625;900;11189
2026-06-08T11:10:37.0000000Z;5.3565;5.3625;3542;11189
2026-06-08T11:10:40.0000000Z;5.356;5.3625;900;11189
2026-06-08T11:10:41.0000000Z;5.356;5.3625;900;11189
2026-06-08T11:10:42.0000000Z;5.356;5.3625;900;11189
2026-06-08T11:10:43.0000000Z;5.356;5.3625;900;11189
2026-06-08T11:10:44.0000000Z;5.356;5.3625;900;11189
2026-06-08T11:10:45.0000000Z;5.36;5.3625;900;11189
2026-06-08T11:10:46.0000000Z;5.353;5.3625;11209;11189
2026-06-08T11:10:47.0000000Z;5.361;5.3625;900;11189
2026-06-08T11:10:48.0000000Z;5.361;5.3645;900;900
2026-06-08T11:10:49.0000000Z;5.362;5.365;900;900
2026-06-08T11:10:50.0000000Z;5.362;5.367;900;11180
2026-06-08T11:10:51.0000000Z;5.3625;5.366;900;900
2026-06-08T11:10:52.0000000Z;5.363;5.3665;900;900
2026-06-08T11:10:53.0000000Z;5.363;5.367;900;900
2026-06-08T11:10:54.0000000Z;5.358;5.369;11199;11176
2026-06-08T11:10:55.0000000Z;5.358;5.369;11199;11176
2026-06-08T11:10:56.0000000Z;5.352;5.4;84660;200
2026-06-08T11:10:57.0000000Z;5.3605;5.374;11193;11165
2026-06-08T11:10:58.0000000Z;5.3605;5.374;11193;11165
2026-06-08T11:10:59.0000000Z;5.366;5.38;11182;11153
2026-06-08T11:11:00.0000000Z;5.366;5.3765;11182;900
2026-06-08T11:11:01.0000000Z;5.366;5.38;11182;11153
2026-06-08T11:11:02.0000000Z;5.366;5.38;11182;11153
2026-06-08T11:11:03.0000000Z;5.366;5.38;11182;11153
2026-06-08T11:11:04.0000000Z;5.366;5.38;11182;11153
2026-06-08T11:11:05.0000000Z;5.366;5.38;11182;11153
2026-06-08T11:11:06.0000000Z;5.3655;5.378;3386;11157
2026-06-08T11:11:07.0000000Z;5.3715;5.377;900;11159
2026-06-08T11:11:08.0000000Z;5.366;5.377;11182;11159
2026-06-08T11:11:09.0000000Z;5.366;5.377;11182;11159
2026-06-08T11:11:10.0000000Z;5.3655;5.376;11183;14547
2026-06-08T11:11:11.0000000Z;5.3655;5.376;11183;11161
2026-06-08T11:11:12.0000000Z;5.3655;5.376;11183;11161
2026-06-08T11:11:13.0000000Z;5.3655;5.376;11183;11161
2026-06-08T11:11:14.0000000Z;5.3655;5.376;11183;11161
2026-06-08T11:11:15.0000000Z;5.3655;5.376;11183;11161
2026-06-08T11:11:16.0000000Z;5.3655;5.376;11183;11161
2026-06-08T11:11:17.0000000Z;5.3655;5.376;11183;11161
2026-06-08T11:11:18.0000000Z;5.3655;5.376;11183;11161
2026-06-08T11:11:19.0000000Z;5.3655;5.376;11183;11161
2026-06-08T11:11:20.0000000Z;5.3655;5.376;11183;11161
2026-06-08T11:11:21.0000000Z;5.3655;5.376;11183;11161
2026-06-08T11:11:22.0000000Z;5.3655;5.376;11183;11161
2026-06-08T11:11:23.0000000Z;5.3655;5.376;11183;11161
2026-06-08T11:11:24.0000000Z;5.37;5.3735;900;900
2026-06-08T11:11:25.0000000Z;5.3695;5.3735;900;900
2026-06-08T11:11:26.0000000Z;5.3705;5.374;900;900
2026-06-08T11:11:27.0000000Z;5.3705;5.374;900;900
2026-06-08T11:11:28.0000000Z;5.37;5.374;900;900
2026-06-08T11:11:29.0000000Z;5.3655;5.3735;11183;900
2026-06-08T11:11:30.0000000Z;5.3655;5.376;11183;11161
2026-06-08T11:11:31.0000000Z;5.3655;5.376;11183;11161
2026-06-08T11:11:32.0000000Z;5.368;5.372;900;900
2026-06-08T11:11:33.0000000Z;5.368;5.372;900;900
2026-06-08T11:11:34.0000000Z;5.369;5.373;900;900
2026-06-08T11:11:35.0000000Z;5.369;5.373;900;900
2026-06-08T11:11:36.0000000Z;5.369;5.373;900;900
2026-06-08T11:11:37.0000000Z;5.37;5.374;900;900
2026-06-08T11:11:38.0000000Z;5.3695;5.3735;900;900
2026-06-08T11:11:39.0000000Z;5.369;5.373;900;900
2026-06-08T11:11:40.0000000Z;5.369;5.3725;900;900
2026-06-08T11:11:41.0000000Z;5.369;5.373;900;900
2026-06-08T11:11:42.0000000Z;5.3655;5.376;11183;11161
2026-06-08T11:11:43.0000000Z;5.3655;5.3725;11183;900
2026-06-08T11:11:44.0000000Z;5.3675;5.372;900;900
2026-06-08T11:11:45.0000000Z;5.3655;5.376;11183;11161
2026-06-08T11:11:46.0000000Z;5.3675;5.3715;900;900
2026-06-08T11:11:47.0000000Z;5.367;5.371;900;900
2026-06-08T11:11:48.0000000Z;5.3605;5.3725;11193;11168
2026-06-08T11:11:49.0000000Z;5.367;5.371;900;900
2026-06-08T11:11:50.0000000Z;5.3665;5.3705;900;900
2026-06-08T11:11:51.0000000Z;5.3605;5.3705;11193;900
2026-06-08T11:11:52.0000000Z;5.3665;5.37;900;900
2026-06-08T11:11:53.0000000Z;5.3665;5.37;900;900
2026-06-08T11:11:54.0000000Z;5.3665;5.37;900;900
2026-06-08T11:11:55.0000000Z;5.367;5.3715;900;900
2026-06-08T11:11:56.0000000Z;5.368;5.372;900;900
2026-06-08T11:11:57.0000000Z;5.368;5.372;900;900
2026-06-08T11:11:58.0000000Z;5.368;5.372;900;900
2026-06-08T11:11:59.0000000Z;5.368;5.3715;900;900
2026-06-08T11:12:00.0000000Z;5.3675;5.3715;900;900
2026-06-08T11:12:01.0000000Z;5.362;5.3725;11190;11168
2026-06-08T11:12:02.0000000Z;5.367;5.371;900;900
2026-06-08T11:12:03.0000000Z;5.367;5.371;900;900
2026-06-08T11:12:04.0000000Z;5.367;5.371;900;900
2026-06-08T11:12:05.0000000Z;5.367;5.371;900;900
2026-06-08T11:12:06.0000000Z;5.3665;5.3705;900;900
2026-06-08T11:12:07.0000000Z;5.366;5.37;900;900
2026-06-08T11:12:08.0000000Z;5.3665;5.3705;900;900
2026-06-08T11:12:09.0000000Z;5.3665;5.3705;900;900
2026-06-08T11:12:10.0000000Z;5.3665;5.3705;900;900
2026-06-08T11:12:11.0000000Z;5.3665;5.3705;900;900
2026-06-08T11:12:12.0000000Z;5.362;5.37;11190;900
2026-06-08T11:12:13.0000000Z;5.362;5.3705;11190;900
2026-06-08T11:12:14.0000000Z;5.366;5.37;900;900
2026-06-08T11:12:15.0000000Z;5.367;5.371;900;900
2026-06-08T11:12:16.0000000Z;5.363;5.373;11188;11167
2026-06-08T11:12:17.0000000Z;5.363;5.373;11188;11167
2026-06-08T11:12:18.0000000Z;5.363;5.373;11188;11167
2026-06-08T11:12:19.0000000Z;5.371;5.373;900;11167
2026-06-08T11:12:20.0000000Z;5.371;5.373;900;11167
2026-06-08T11:12:21.0000000Z;5.3715;5.3755;900;900
2026-06-08T11:12:22.0000000Z;5.365;5.3755;45044;900
2026-06-08T11:12:23.0000000Z;5.3715;5.3755;900;900
2026-06-08T11:12:24.0000000Z;5.3715;5.3755;900;900
2026-06-08T11:12:25.0000000Z;5.3715;5.3755;900;900
2026-06-08T11:12:26.0000000Z;5.3715;5.3755;900;900
2026-06-08T11:12:27.0000000Z;5.371;5.375;900;900
2026-06-08T11:12:28.0000000Z;5.3665;5.376;11181;11161
2026-06-08T11:12:29.0000000Z;5.37;5.3745;900;900
2026-06-08T11:12:30.0000000Z;5.37;5.3745;900;900
2026-06-08T11:12:31.0000000Z;5.37;5.374;900;900
2026-06-08T11:12:32.0000000Z;5.37;5.374;900;900
2026-06-08T11:12:33.0000000Z;5.3695;5.3735;900;900
2026-06-08T11:12:34.0000000Z;5.3695;5.3735;900;900
2026-06-08T11:12:35.0000000Z;5.3695;5.376;900;11161
2026-06-08T11:12:36.0000000Z;5.37;5.374;900;900
2026-06-08T11:12:37.0000000Z;5.37;5.3745;900;900
2026-06-08T11:12:38.0000000Z;5.37;5.374;900;900
2026-06-08T11:12:39.0000000Z;5.3695;5.3735;900;900
2026-06-08T11:12:40.0000000Z;5.3695;5.374;900;900
2026-06-08T11:12:41.0000000Z;5.37;5.374;900;900
2026-06-08T11:12:42.0000000Z;5.37;5.374;900;900
2026-06-08T11:12:43.0000000Z;5.371;5.375;900;12063
2026-06-08T11:12:44.0000000Z;5.371;5.375;900;12063
2026-06-08T11:12:45.0000000Z;5.3715;5.375;900;11163
2026-06-08T11:12:46.0000000Z;5.372;5.375;900;11163
2026-06-08T11:12:47.0000000Z;5.3725;5.375;900;11163
2026-06-08T11:12:48.0000000Z;5.372;5.375;900;11163
2026-06-08T11:12:49.0000000Z;5.372;5.375;900;11163
2026-06-08T11:12:50.0000000Z;5.372;5.375;900;11163
2026-06-08T11:12:51.0000000Z;5.372;5.375;900;11163
2026-06-08T11:12:52.0000000Z;5.3715;5.375;900;12063
2026-06-08T11:12:53.0000000Z;5.3715;5.375;900;11163
2026-06-08T11:12:54.0000000Z;5.3715;5.375;900;11163
2026-06-08T11:12:55.0000000Z;5.3715;5.375;900;12063
2026-06-08T11:12:56.0000000Z;5.3715;5.375;900;11163
2026-06-08T11:12:57.0000000Z;5.3715;5.375;900;11163
2026-06-08T11:12:58.0000000Z;5.3715;5.375;900;11163
2026-06-08T11:12:59.0000000Z;5.3715;5.375;900;12063
2026-06-08T11:13:00.0000000Z;5.3715;5.375;900;11163
2026-06-08T11:13:01.0000000Z;5.371;5.375;900;12063
2026-06-08T11:13:02.0000000Z;5.371;5.3745;900;900
2026-06-08T11:13:03.0000000Z;5.371;5.3745;900;900
2026-06-08T11:13:04.0000000Z;5.371;5.3745;900;900
2026-06-08T11:13:05.0000000Z;5.3705;5.3745;900;900
2026-06-08T11:13:06.0000000Z;5.3705;5.3745;900;900
2026-06-08T11:13:07.0000000Z;5.3705;5.3745;900;900
2026-06-08T11:13:08.0000000Z;5.3705;5.3745;900;900
2026-06-08T11:13:09.0000000Z;5.3665;5.375;11181;11163
2026-06-08T11:13:10.0000000Z;5.3665;5.375;11181;11163
2026-06-08T11:13:11.0000000Z;5.371;5.375;900;12063
2026-06-08T11:13:12.0000000Z;5.371;5.375;900;12063
2026-06-08T11:13:13.0000000Z;5.371;5.375;900;12063
2026-06-08T11:13:14.0000000Z;5.371;5.375;900;12063
2026-06-08T11:13:15.0000000Z;5.368;5.3745;900;900
2026-06-08T11:13:17.0000000Z;5.368;5.3745;900;900
2026-06-08T11:13:20.0000000Z;5.368;5.3745;900;900
2026-06-08T11:13:21.0000000Z;5.368;5.3745;900;900
2026-06-08T11:13:23.0000000Z;5.368;5.3745;900;900
2026-06-08T11:13:24.0000000Z;5.368;5.3745;900;12064
2026-06-08T11:13:25.0000000Z;5.368;5.3775;900;9800
2026-06-08T11:13:26.0000000Z;5.3635;5.3745;944;11164
2026-06-08T11:13:27.0000000Z;5.366;5.3735;900;900
2026-06-08T11:13:28.0000000Z;5.3665;5.3735;1656;900
2026-06-08T11:13:29.0000000Z;5.3665;5.374;2073;636
2026-06-08T11:13:30.0000000Z;5.3635;5.3745;944;11164
2026-06-08T11:13:31.0000000Z;5.366;5.374;3216;465
2026-06-08T11:13:32.0000000Z;5.366;5.3735;900;900
2026-06-08T11:13:33.0000000Z;5.366;5.3735;900;900
2026-06-08T11:13:36.0000000Z;5.3665;5.3735;3071;900
2026-06-08T11:13:37.0000000Z;5.366;5.373;3142;341
2026-06-08T11:13:38.0000000Z;5.366;5.3735;900;900
2026-06-08T11:13:39.0000000Z;5.366;5.373;3142;341
2026-06-08T11:13:40.0000000Z;5.366;5.373;900;900
2026-06-08T11:13:42.0000000Z;5.3665;5.373;3466;341
2026-06-08T11:13:43.0000000Z;5.366;5.373;900;900
2026-06-08T11:13:45.0000000Z;5.366;5.373;900;900
2026-06-08T11:13:46.0000000Z;5.366;5.3735;900;900
2026-06-08T11:13:50.0000000Z;5.366;5.3735;900;900
2026-06-08T11:13:52.0000000Z;5.3675;5.3745;900;12064
2026-06-08T11:13:53.0000000Z;5.368;5.3745;3510;12064
2026-06-08T11:13:54.0000000Z;5.3675;5.3745;900;12064
2026-06-08T11:13:57.0000000Z;5.366;5.3745;900;12064
2026-06-08T11:13:58.0000000Z;5.3665;5.374;3542;867
2026-06-08T11:13:59.0000000Z;5.366;5.3745;900;12064
2026-06-08T11:13:59.0000000Z;5.366;5.374;900;900
2026-06-08T11:14:01.0000000Z;5.366;5.3735;900;4312
2026-06-08T11:14:02.0000000Z;5.366;5.3735;900;4312
2026-06-08T11:14:04.0000000Z;5.3645;5.373;900;900
2026-06-08T11:14:05.0000000Z;5.366;5.3735;900;344
2026-06-08T11:14:06.0000000Z;5.366;5.374;900;465
2026-06-08T11:14:07.0000000Z;5.366;5.3735;900;900
2026-06-08T11:14:10.0000000Z;5.366;5.374;900;465
2026-06-08T11:14:11.0000000Z;5.366;5.3735;900;489
2026-06-08T11:14:13.0000000Z;5.366;5.3735;900;900
2026-06-08T11:14:15.0000000Z;5.366;5.3735;900;900
2026-06-08T11:14:16.0000000Z;5.3665;5.3735;3542;682
2026-06-08T11:14:17.0000000Z;5.366;5.3735;900;682
2026-06-08T11:14:18.0000000Z;5.366;5.3735;900;900
2026-06-08T11:14:21.0000000Z;5.366;5.3735;900;900
2026-06-08T11:14:23.0000000Z;5.366;5.3735;900;900
2026-06-08T11:14:24.0000000Z;5.3655;5.373;900;900
2026-06-08T11:14:25.0000000Z;5.3655;5.373;900;900
2026-06-08T11:14:26.0000000Z;5.3655;5.374;900;465
2026-06-08T11:14:27.0000000Z;5.3655;5.373;900;900
2026-06-08T11:14:30.0000000Z;5.3655;5.3735;900;900
2026-06-08T11:14:31.0000000Z;5.3655;5.3735;900;900
2026-06-08T11:14:33.0000000Z;5.366;5.373;3534;900
2026-06-08T11:14:35.0000000Z;5.3655;5.373;900;900
2026-06-08T11:14:39.0000000Z;5.3655;5.373;900;900
2026-06-08T11:14:43.0000000Z;5.3655;5.373;900;900
2026-06-08T11:14:44.0000000Z;5.366;5.373;3534;395
2026-06-08T11:14:45.0000000Z;5.3655;5.3735;900;3412
2026-06-08T11:14:49.0000000Z;5.3655;5.3735;900;4312
2026-06-08T11:14:51.0000000Z;5.3655;5.373;900;11167
2026-06-08T11:14:55.0000000Z;5.3655;5.3725;900;276
2026-06-08T11:14:56.0000000Z;5.3655;5.373;900;11167
2026-06-08T11:14:57.0000000Z;5.3655;5.373;900;11167
2026-06-08T11:14:58.0000000Z;5.3655;5.3735;900;9305
2026-06-08T11:14:59.0000000Z;5.366;5.3735;944;9305
2026-06-08T11:15:00.0000000Z;5.366;5.3765;944;464
2026-06-08T11:15:01.0000000Z;5.368;5.3765;20591;464
2026-06-08T11:15:02.0000000Z;5.369;5.377;900;11159
2026-06-08T11:15:03.0000000Z;5.3685;5.3765;944;464
2026-06-08T11:15:04.0000000Z;5.3685;5.377;944;11159
2026-06-08T11:15:05.0000000Z;5.3705;5.38;900;464
2026-06-08T11:15:06.0000000Z;5.3695;5.379;944;464
2026-06-08T11:15:07.0000000Z;5.37;5.379;3542;464
2026-06-08T11:15:08.0000000Z;5.3695;5.379;944;464
2026-06-08T11:15:09.0000000Z;5.3705;5.378;900;900
2026-06-08T11:15:10.0000000Z;5.3705;5.3775;900;4310
2026-06-08T11:15:11.0000000Z;5.3705;5.3775;900;4310
2026-06-08T11:15:12.0000000Z;5.3705;5.379;900;464
2026-06-08T11:15:13.0000000Z;5.3705;5.378;900;900
2026-06-08T11:15:14.0000000Z;5.3705;5.378;900;900
2026-06-08T11:15:15.0000000Z;5.3705;5.378;900;3410
2026-06-08T11:15:16.0000000Z;5.3705;5.378;900;3410
2026-06-08T11:15:17.0000000Z;5.3705;5.379;900;464
2026-06-08T11:15:18.0000000Z;5.3715;5.379;3542;464
2026-06-08T11:15:19.0000000Z;5.372;5.3795;900;11154
2026-06-08T11:15:20.0000000Z;5.372;5.3785;900;3410
2026-06-08T11:15:21.0000000Z;5.372;5.3785;900;3410
2026-06-08T11:15:22.0000000Z;5.3725;5.3785;3355;4310
2026-06-08T11:15:23.0000000Z;5.3725;5.379;3542;313
2026-06-08T11:15:24.0000000Z;5.372;5.3785;900;217
2026-06-08T11:15:25.0000000Z;5.371;5.3785;944;4310
2026-06-08T11:15:26.0000000Z;5.372;5.379;900;464
2026-06-08T11:15:27.0000000Z;5.372;5.379;3542;464
2026-06-08T11:15:28.0000000Z;5.371;5.379;944;464
2026-06-08T11:15:29.0000000Z;5.372;5.3785;900;4310
2026-06-08T11:15:30.0000000Z;5.372;5.3785;900;218
2026-06-08T11:15:31.0000000Z;5.3725;5.379;3542;277
2026-06-08T11:15:32.0000000Z;5.372;5.3795;900;12054
2026-06-08T11:15:33.0000000Z;5.372;5.3795;900;11154
2026-06-08T11:15:34.0000000Z;5.372;5.3795;900;11154
2026-06-08T11:15:35.0000000Z;5.372;5.391;944;3386
2026-06-08T11:15:36.0000000Z;5.3735;5.38;13342;9294
2026-06-08T11:15:37.0000000Z;5.376;5.382;900;900
2026-06-08T11:15:38.0000000Z;5.374;5.383;944;464
2026-06-08T11:15:39.0000000Z;5.373;5.3835;3542;1203
2026-06-08T11:15:40.0000000Z;5.375;5.384;900;464
2026-06-08T11:15:41.0000000Z;5.3725;5.384;944;21765
2026-06-08T11:15:42.0000000Z;5.3725;5.384;944;464
2026-06-08T11:15:43.0000000Z;5.3725;5.384;944;464
2026-06-08T11:15:44.0000000Z;5.3735;5.384;944;464
2026-06-08T11:15:45.0000000Z;5.3735;5.384;944;464
2026-06-08T11:15:46.0000000Z;5.3745;5.382;900;900
2026-06-08T11:15:47.0000000Z;5.3745;5.382;900;900
2026-06-08T11:15:48.0000000Z;5.374;5.383;13342;834
2026-06-08T11:15:49.0000000Z;5.3745;5.3825;900;900
2026-06-08T11:15:50.0000000Z;5.3735;5.3835;944;11146
2026-06-08T11:15:51.0000000Z;5.374;5.382;3542;578
2026-06-08T11:15:52.0000000Z;5.374;5.3815;3542;900
2026-06-08T11:15:53.0000000Z;5.3745;5.3815;900;900
2026-06-08T11:15:54.0000000Z;5.3745;5.382;900;900
2026-06-08T11:15:55.0000000Z;5.3745;5.3815;900;900
2026-06-08T11:15:56.0000000Z;5.3745;5.3825;900;11148
2026-06-08T11:15:57.0000000Z;5.3745;5.3825;900;11148
2026-06-08T11:15:58.0000000Z;5.3735;5.3815;944;900
2026-06-08T11:15:59.0000000Z;5.3745;5.3815;900;900
2026-06-08T11:16:00.0000000Z;5.375;5.3815;3542;471
2026-06-08T11:16:01.0000000Z;5.3745;5.3815;3542;900
2026-06-08T11:16:02.0000000Z;5.3745;5.3805;3542;646
2026-06-08T11:16:03.0000000Z;5.372;5.38;900;900
2026-06-08T11:16:05.0000000Z;5.3745;5.379;2640;371
2026-06-08T11:16:06.0000000Z;5.3715;5.38;900;900
2026-06-08T11:16:07.0000000Z;5.374;5.378;9305;637
2026-06-08T11:16:08.0000000Z;5.3685;5.378;944;637
2026-06-08T11:16:09.0000000Z;5.3685;5.3755;900;900
2026-06-08T11:16:10.0000000Z;5.366;5.376;944;465
2026-06-08T11:16:11.0000000Z;5.367;5.375;900;900
2026-06-08T11:16:12.0000000Z;5.369;5.3735;1810;554
2026-06-08T11:16:13.0000000Z;5.3685;5.3725;944;448
2026-06-08T11:16:14.0000000Z;5.3645;5.373;944;496
2026-06-08T11:16:15.0000000Z;5.3645;5.373;944;496
2026-06-08T11:16:16.0000000Z;5.3655;5.3725;900;900
2026-06-08T11:16:17.0000000Z;5.3655;5.3725;900;900
2026-06-08T11:16:18.0000000Z;5.3655;5.3735;900;465
2026-06-08T11:16:19.0000000Z;5.3645;5.3735;944;465
2026-06-08T11:16:20.0000000Z;5.3655;5.3725;900;900
2026-06-08T11:16:21.0000000Z;5.3655;5.3725;900;900
2026-06-08T11:16:23.0000000Z;5.3655;5.3725;900;900
2026-06-08T11:16:24.0000000Z;5.366;5.3725;3542;900
2026-06-08T11:16:28.0000000Z;5.366;5.3725;3542;900
2026-06-08T11:16:29.0000000Z;5.3655;5.373;900;900
2026-06-08T11:16:30.0000000Z;5.3655;5.373;900;900
2026-06-08T11:16:31.0000000Z;5.366;5.3725;3542;448
2026-06-08T11:16:32.0000000Z;5.3655;5.3725;900;900
2026-06-08T11:16:34.0000000Z;5.3655;5.373;900;900
2026-06-08T11:16:35.0000000Z;5.366;5.3725;3542;448
2026-06-08T11:16:36.0000000Z;5.3655;5.3735;900;534
2026-06-08T11:16:37.0000000Z;5.3655;5.374;900;12065
2026-06-08T11:16:38.0000000Z;5.3655;5.374;900;12065
2026-06-08T11:16:39.0000000Z;5.3655;5.374;900;12065
2026-06-08T11:16:40.0000000Z;5.3655;5.374;900;12065
2026-06-08T11:16:41.0000000Z;5.3655;5.3735;900;900
2026-06-08T11:16:42.0000000Z;5.366;5.3735;3542;900
2026-06-08T11:16:43.0000000Z;5.3655;5.374;900;12065
2026-06-08T11:16:44.0000000Z;5.3655;5.374;900;11165
2026-06-08T11:16:45.0000000Z;5.3655;5.374;900;12065
2026-06-08T11:16:46.0000000Z;5.3655;5.374;900;11165
2026-06-08T11:16:47.0000000Z;5.3655;5.374;900;11165
2026-06-08T11:16:48.0000000Z;5.3675;5.374;3486;11165
2026-06-08T11:16:49.0000000Z;5.367;5.374;900;11165
2026-06-08T11:16:50.0000000Z;5.367;5.374;900;11165
2026-06-08T11:16:51.0000000Z;5.367;5.374;900;11165
2026-06-08T11:16:52.0000000Z;5.367;5.374;900;15665
2026-06-08T11:16:53.0000000Z;5.367;5.3735;3424;715
2026-06-08T11:16:54.0000000Z;5.3665;5.3735;900;900
2026-06-08T11:16:55.0000000Z;5.3665;5.374;900;347
2026-06-08T11:16:56.0000000Z;5.367;5.3735;3516;900
2026-06-08T11:16:58.0000000Z;5.3665;5.3735;900;900
2026-06-08T11:16:59.0000000Z;5.3665;5.3735;900;900
2026-06-08T11:17:00.0000000Z;5.3665;5.3735;900;900
2026-06-08T11:17:01.0000000Z;5.3665;5.3735;900;900
2026-06-08T11:17:02.0000000Z;5.3665;5.374;900;900
2026-06-08T11:17:03.0000000Z;5.3665;5.374;900;480
2026-06-08T11:17:04.0000000Z;5.3655;5.3735;944;402
2026-06-08T11:17:05.0000000Z;5.367;5.3735;3516;402
2026-06-08T11:17:06.0000000Z;5.3665;5.3745;900;11164
2026-06-08T11:17:07.0000000Z;5.3665;5.374;900;405
2026-06-08T11:17:08.0000000Z;5.367;5.374;3516;480
2026-06-08T11:17:09.0000000Z;5.3665;5.374;900;900
2026-06-08T11:17:10.0000000Z;5.3665;5.3745;900;12064
2026-06-08T11:17:11.0000000Z;5.3665;5.3745;900;12064
2026-06-08T11:17:13.0000000Z;5.3665;5.3745;900;11164
2026-06-08T11:17:16.0000000Z;5.3665;5.3745;900;11164
2026-06-08T11:17:17.0000000Z;5.3665;5.3745;900;11164
2026-06-08T11:17:18.0000000Z;5.3665;5.374;900;480
2026-06-08T11:17:19.0000000Z;5.3665;5.3745;900;12064
2026-06-08T11:17:20.0000000Z;5.3665;5.375;900;9303
2026-06-08T11:17:21.0000000Z;5.367;5.375;944;9303
2026-06-08T11:17:22.0000000Z;5.368;5.376;900;3875
2026-06-08T11:17:23.0000000Z;5.368;5.376;900;3875
2026-06-08T11:17:24.0000000Z;5.368;5.376;900;4775
2026-06-08T11:17:25.0000000Z;5.3685;5.375;3542;9303
2026-06-08T11:17:26.0000000Z;5.368;5.3755;900;900
2026-06-08T11:17:27.0000000Z;5.368;5.3755;900;900
2026-06-08T11:17:28.0000000Z;5.368;5.3745;900;900
2026-06-08T11:17:29.0000000Z;5.368;5.3755;900;900
2026-06-08T11:17:30.0000000Z;5.368;5.3755;900;900
2026-06-08T11:17:31.0000000Z;5.368;5.3755;900;900
2026-06-08T11:17:33.0000000Z;5.3685;5.3755;3542;394
2026-06-08T11:17:34.0000000Z;5.368;5.3755;900;4312
2026-06-08T11:17:35.0000000Z;5.368;5.3745;3426;3412
2026-06-08T11:17:36.0000000Z;5.3685;5.376;3542;900
2026-06-08T11:17:37.0000000Z;5.368;5.3755;900;382
2026-06-08T11:17:38.0000000Z;5.368;5.3745;900;900
2026-06-08T11:17:39.0000000Z;5.3685;5.3755;3542;160
2026-06-08T11:17:40.0000000Z;5.368;5.3745;900;900
2026-06-08T11:17:41.0000000Z;5.368;5.3745;900;900
2026-06-08T11:17:42.0000000Z;5.3685;5.3755;3542;442
2026-06-08T11:17:43.0000000Z;5.368;5.3755;900;900
2026-06-08T11:17:44.0000000Z;5.368;5.3755;900;4312
2026-06-08T11:17:45.0000000Z;5.3685;5.375;3542;282
2026-06-08T11:17:46.0000000Z;5.368;5.3755;900;3412
2026-06-08T11:17:47.0000000Z;5.368;5.3755;900;900
2026-06-08T11:17:50.0000000Z;5.368;5.375;900;321
2026-06-08T11:17:51.0000000Z;5.368;5.3745;900;900
2026-06-08T11:17:52.0000000Z;5.368;5.3755;900;269
2026-06-08T11:17:53.0000000Z;5.368;5.3745;900;3412
2026-06-08T11:17:54.0000000Z;5.368;5.375;900;3412
2026-06-08T11:17:55.0000000Z;5.368;5.3745;900;11164
2026-06-08T11:17:56.0000000Z;5.368;5.3745;900;11164
2026-06-08T11:17:58.0000000Z;5.368;5.374;900;207
2026-06-08T11:17:59.0000000Z;5.368;5.3745;900;11164
2026-06-08T11:18:00.0000000Z;5.368;5.3745;900;11164
2026-06-08T11:18:01.0000000Z;5.368;5.3745;900;11164
2026-06-08T11:18:02.0000000Z;5.368;5.3745;900;11164
2026-06-08T11:18:05.0000000Z;5.368;5.3745;900;11164
2026-06-08T11:18:06.0000000Z;5.368;5.3745;900;11164
2026-06-08T11:18:07.0000000Z;5.368;5.3745;900;11164
2026-06-08T11:18:09.0000000Z;5.3685;5.3745;3355;11164
2026-06-08T11:18:11.0000000Z;5.368;5.3745;900;11164
2026-06-08T11:18:13.0000000Z;5.368;5.3745;900;11164
2026-06-08T11:18:14.0000000Z;5.368;5.3745;900;11164
2026-06-08T11:18:16.0000000Z;5.368;5.3745;900;11164
2026-06-08T11:18:17.0000000Z;5.3695;5.377;900;900
2026-06-08T11:18:18.0000000Z;5.3695;5.377;900;900
2026-06-08T11:18:20.0000000Z;5.371;5.377;900;464
2026-06-08T11:18:21.0000000Z;5.371;5.3775;900;3410
2026-06-08T11:18:24.0000000Z;5.371;5.378;900;464
2026-06-08T11:18:25.0000000Z;5.3695;5.3775;900;4964
2026-06-08T11:18:26.0000000Z;5.37;5.3775;3542;4964
2026-06-08T11:18:29.0000000Z;5.371;5.378;900;3874
2026-06-08T11:18:30.0000000Z;5.3715;5.3775;3542;236
2026-06-08T11:18:33.0000000Z;5.371;5.379;900;11155
2026-06-08T11:18:34.0000000Z;5.371;5.3785;900;900
2026-06-08T11:18:35.0000000Z;5.371;5.3785;900;788
2026-06-08T11:18:36.0000000Z;5.371;5.3785;900;900
2026-06-08T11:18:37.0000000Z;5.371;5.3785;900;900
2026-06-08T11:18:38.0000000Z;5.3715;5.3785;3542;900
2026-06-08T11:18:39.0000000Z;5.371;5.3785;900;420
2026-06-08T11:18:40.0000000Z;5.371;5.379;900;11155
2026-06-08T11:18:41.0000000Z;5.371;5.379;900;11155
2026-06-08T11:18:43.0000000Z;5.371;5.379;900;12055
2026-06-08T11:18:44.0000000Z;5.371;5.379;900;11155
2026-06-08T11:18:45.0000000Z;5.371;5.379;900;15655
2026-06-08T11:18:46.0000000Z;5.371;5.379;900;11155
2026-06-08T11:18:47.0000000Z;5.371;5.379;900;11155
2026-06-08T11:18:48.0000000Z;5.371;5.3785;944;14984
2026-06-08T11:18:49.0000000Z;5.372;5.3795;900;4310
2026-06-08T11:18:50.0000000Z;5.372;5.381;944;464
2026-06-08T11:18:51.0000000Z;5.373;5.3795;900;4310
2026-06-08T11:18:52.0000000Z;5.373;5.3795;900;4310
2026-06-08T11:18:53.0000000Z;5.373;5.38;900;900
2026-06-08T11:18:59.0000000Z;5.3725;5.3795;3542;9295
2026-06-08T11:19:00.0000000Z;5.372;5.3805;944;900
2026-06-08T11:19:01.0000000Z;5.373;5.3805;900;900
2026-06-08T11:19:04.0000000Z;5.373;5.3805;900;3410
2026-06-08T11:19:05.0000000Z;5.373;5.3805;900;3410
2026-06-08T11:19:06.0000000Z;5.3745;5.3815;900;11150
2026-06-08T11:19:07.0000000Z;5.374;5.3815;9800;11150
2026-06-08T11:19:08.0000000Z;5.373;5.3815;900;11150
2026-06-08T11:19:10.0000000Z;5.373;5.3815;900;11150
2026-06-08T11:19:11.0000000Z;5.373;5.381;900;464
2026-06-08T11:19:12.0000000Z;5.3735;5.381;3542;786
2026-06-08T11:19:13.0000000Z;5.3735;5.3815;3542;11150
2026-06-08T11:19:14.0000000Z;5.373;5.3815;900;11150
2026-06-08T11:19:16.0000000Z;5.373;5.3815;900;11150
2026-06-08T11:19:17.0000000Z;5.372;5.381;944;464
2026-06-08T11:19:18.0000000Z;5.373;5.381;900;464
2026-06-08T11:19:19.0000000Z;5.373;5.381;3542;464
2026-06-08T11:19:20.0000000Z;5.373;5.381;900;464
2026-06-08T11:19:21.0000000Z;5.3735;5.381;3542;464
2026-06-08T11:19:22.0000000Z;5.373;5.3815;900;12050
2026-06-08T11:19:23.0000000Z;5.3735;5.381;3542;528
2026-06-08T11:19:24.0000000Z;5.373;5.381;900;13500
2026-06-08T11:19:25.0000000Z;5.373;5.3815;900;11150
2026-06-08T11:19:26.0000000Z;5.373;5.381;900;464
2026-06-08T11:19:27.0000000Z;5.372;5.381;944;900
2026-06-08T11:19:28.0000000Z;5.372;5.3815;944;11150
2026-06-08T11:19:29.0000000Z;5.3755;5.381;900;16124
2026-06-08T11:19:30.0000000Z;5.376;5.381;3152;16124
2026-06-08T11:19:32.0000000Z;5.3745;5.381;900;16124
2026-06-08T11:19:33.0000000Z;5.3745;5.381;900;16124
2026-06-08T11:19:34.0000000Z;5.3745;5.381;900;16124
2026-06-08T11:19:35.0000000Z;5.3745;5.381;900;16124
2026-06-08T11:19:36.0000000Z;5.3745;5.381;900;900
2026-06-08T11:19:37.0000000Z;5.3745;5.381;900;900
2026-06-08T11:19:39.0000000Z;5.3745;5.382;900;900
2026-06-08T11:19:40.0000000Z;5.3745;5.383;900;464
2026-06-08T11:19:41.0000000Z;5.3745;5.383;900;464
2026-06-08T11:19:42.0000000Z;5.3745;5.383;900;464
2026-06-08T11:19:43.0000000Z;5.3745;5.382;900;4310
2026-06-08T11:19:44.0000000Z;5.3745;5.3895;1409;60375
2026-06-08T11:19:45.0000000Z;5.3785;5.3815;464;9292
2026-06-08T11:19:46.0000000Z;5.379;5.3815;3542;9292
2026-06-08T11:19:47.0000000Z;5.379;5.387;3542;9829
2026-06-08T11:19:48.0000000Z;5.379;5.3855;3542;900
2026-06-08T11:19:49.0000000Z;5.3785;5.384;900;900
2026-06-08T11:19:50.0000000Z;5.377;5.384;900;900
2026-06-08T11:19:51.0000000Z;5.3775;5.385;944;900
2026-06-08T11:19:52.0000000Z;5.379;5.385;3483;900
2026-06-08T11:19:53.0000000Z;5.3785;5.385;900;900
2026-06-08T11:19:55.0000000Z;5.3785;5.385;900;900
2026-06-08T11:19:56.0000000Z;5.376;5.385;944;11136
2026-06-08T11:19:57.0000000Z;5.377;5.385;900;900
2026-06-08T11:19:58.0000000Z;5.3785;5.385;900;900
2026-06-08T11:19:59.0000000Z;5.379;5.3855;3511;343
2026-06-08T11:20:00.0000000Z;5.377;5.3845;900;4310
2026-06-08T11:20:01.0000000Z;5.377;5.3845;900;4310
2026-06-08T11:20:02.0000000Z;5.379;5.385;3542;9672
2026-06-08T11:20:03.0000000Z;5.3785;5.384;900;900
2026-06-08T11:20:04.0000000Z;5.377;5.3855;900;464
2026-06-08T11:20:05.0000000Z;5.376;5.384;944;3410
2026-06-08T11:20:06.0000000Z;5.377;5.385;900;11143
2026-06-08T11:20:07.0000000Z;5.377;5.385;900;11143
2026-06-08T11:20:08.0000000Z;5.377;5.385;900;11143
2026-06-08T11:20:09.0000000Z;5.377;5.385;900;11143
2026-06-08T11:20:11.0000000Z;5.377;5.385;900;11143
2026-06-08T11:20:12.0000000Z;5.377;5.3845;900;471
2026-06-08T11:20:13.0000000Z;5.377;5.385;900;12043
2026-06-08T11:20:14.0000000Z;5.377;5.3845;900;471
2026-06-08T11:20:15.0000000Z;5.377;5.3845;900;900
2026-06-08T11:20:16.0000000Z;5.376;5.3845;944;464
2026-06-08T11:20:17.0000000Z;5.371;5.3835;944;11146
2026-06-08T11:20:18.0000000Z;5.3745;5.3825;900;900
2026-06-08T11:20:19.0000000Z;5.372;5.383;944;3850
2026-06-08T11:20:20.0000000Z;5.377;5.3815;1591;900
2026-06-08T11:20:21.0000000Z;5.373;5.381;900;528
2026-06-08T11:20:22.0000000Z;5.373;5.3815;900;900
2026-06-08T11:20:23.0000000Z;5.3765;5.381;9300;857
2026-06-08T11:20:24.0000000Z;5.3745;5.3815;900;900
2026-06-08T11:20:25.0000000Z;5.3735;5.3795;900;900
2026-06-08T11:20:26.0000000Z;5.372;5.3795;900;900
2026-06-08T11:20:27.0000000Z;5.3765;5.379;9300;346
2026-06-08T11:20:28.0000000Z;5.371;5.3795;944;19619
2026-06-08T11:20:29.0000000Z;5.372;5.3785;900;900
2026-06-08T11:20:30.0000000Z;5.372;5.3785;900;900
2026-06-08T11:20:31.0000000Z;5.372;5.379;900;900
2026-06-08T11:20:32.0000000Z;5.372;5.379;900;900
2026-06-08T11:20:34.0000000Z;5.372;5.3795;900;12054
2026-06-08T11:20:35.0000000Z;5.372;5.379;900;900
2026-06-08T11:20:38.0000000Z;5.371;5.3795;944;11154
2026-06-08T11:20:39.0000000Z;5.371;5.3795;944;11154
2026-06-08T11:20:40.0000000Z;5.3715;5.379;3542;527
2026-06-08T11:20:41.0000000Z;5.372;5.3795;900;11154
2026-06-08T11:20:42.0000000Z;5.371;5.3795;944;11154
2026-06-08T11:20:43.0000000Z;5.372;5.3785;900;900
2026-06-08T11:20:44.0000000Z;5.3725;5.379;3448;9823
2026-06-08T11:20:45.0000000Z;5.3725;5.3785;3542;900
2026-06-08T11:20:46.0000000Z;5.372;5.3785;900;347
2026-06-08T11:20:47.0000000Z;5.372;5.3785;900;900
2026-06-08T11:20:48.0000000Z;5.371;5.3785;944;20781
2026-06-08T11:20:49.0000000Z;5.372;5.3775;900;900
2026-06-08T11:20:50.0000000Z;5.372;5.3775;900;441
2026-06-08T11:20:51.0000000Z;5.372;5.3775;900;900
2026-06-08T11:20:52.0000000Z;5.37;5.378;900;11157
2026-06-08T11:20:53.0000000Z;5.37;5.378;900;12057
2026-06-08T11:20:54.0000000Z;5.37;5.378;900;11157
2026-06-08T11:20:58.0000000Z;5.37;5.378;900;11157
2026-06-08T11:20:59.0000000Z;5.37;5.3775;900;1221
2026-06-08T11:21:00.0000000Z;5.37;5.378;900;11157
2026-06-08T11:21:01.0000000Z;5.37;5.378;900;11157
2026-06-08T11:21:02.0000000Z;5.371;5.378;3542;11157
2026-06-08T11:21:03.0000000Z;5.3715;5.3825;3542;3386
2026-06-08T11:21:04.0000000Z;5.3735;5.3805;900;4310
2026-06-08T11:21:05.0000000Z;5.3735;5.3785;900;9297
2026-06-08T11:21:06.0000000Z;5.3735;5.3805;900;4310
2026-06-08T11:21:07.0000000Z;5.3735;5.38;900;11153
2026-06-08T11:21:10.0000000Z;5.3735;5.38;900;11153
2026-06-08T11:21:11.0000000Z;5.3735;5.38;900;11153
2026-06-08T11:21:12.0000000Z;5.375;5.379;3542;9297
2026-06-08T11:21:13.0000000Z;5.379;5.3855;900;11142
2026-06-08T11:21:14.0000000Z;5.379;5.384;900;900
2026-06-08T11:21:15.0000000Z;5.379;5.3825;1710;590
2026-06-08T11:21:16.0000000Z;5.3745;5.3825;900;900
2026-06-08T11:21:17.0000000Z;5.3745;5.3825;900;900
2026-06-08T11:21:18.0000000Z;5.3745;5.3825;900;900
2026-06-08T11:21:19.0000000Z;5.379;5.384;1846;872
2026-06-08T11:21:20.0000000Z;5.3745;5.382;900;900
2026-06-08T11:21:21.0000000Z;5.3745;5.382;900;900
2026-06-08T11:21:22.0000000Z;5.3735;5.3825;944;616
2026-06-08T11:21:23.0000000Z;5.3745;5.382;900;900
2026-06-08T11:21:26.0000000Z;5.3745;5.382;900;900
2026-06-08T11:21:27.0000000Z;5.3745;5.383;900;464
2026-06-08T11:21:28.0000000Z;5.3745;5.382;900;389
2026-06-08T11:21:29.0000000Z;5.3745;5.382;900;900
2026-06-08T11:21:30.0000000Z;5.375;5.382;3542;900
2026-06-08T11:21:31.0000000Z;5.3745;5.383;900;693
2026-06-08T11:21:32.0000000Z;5.3745;5.3825;900;527
2026-06-08T11:21:33.0000000Z;5.3745;5.382;900;900
2026-06-08T11:21:34.0000000Z;5.375;5.382;3542;900
2026-06-08T11:21:35.0000000Z;5.375;5.382;3542;900
2026-06-08T11:21:36.0000000Z;5.3745;5.382;900;389
2026-06-08T11:21:37.0000000Z;5.3765;5.3835;3542;24157
2026-06-08T11:21:38.0000000Z;5.3745;5.382;900;396
2026-06-08T11:21:39.0000000Z;5.3745;5.383;900;900
2026-06-08T11:21:40.0000000Z;5.3745;5.3835;900;12046
2026-06-08T11:21:41.0000000Z;5.3745;5.3835;900;11146
2026-06-08T11:21:42.0000000Z;5.3775;5.392;3542;88626
2026-06-08T11:21:43.0000000Z;5.373;5.3825;465;9290
2026-06-08T11:21:44.0000000Z;5.378;5.3875;900;900
2026-06-08T11:21:45.0000000Z;5.378;5.387;900;1514
2026-06-08T11:21:46.0000000Z;5.378;5.387;900;3785
2026-06-08T11:21:47.0000000Z;5.378;5.3885;900;614
2026-06-08T11:21:48.0000000Z;5.378;5.386;900;3785
2026-06-08T11:21:49.0000000Z;5.378;5.3855;3542;503
2026-06-08T11:21:50.0000000Z;5.3775;5.3855;900;11142
2026-06-08T11:21:51.0000000Z;5.378;5.3855;3542;11142
2026-06-08T11:21:54.0000000Z;5.3775;5.3855;900;11142
2026-06-08T11:21:55.0000000Z;5.3775;5.3855;900;11142
2026-06-08T11:21:56.0000000Z;5.379;5.388;900;614
2026-06-08T11:21:57.0000000Z;5.379;5.3885;900;11135
2026-06-08T11:21:58.0000000Z;5.379;5.388;900;614
2026-06-08T11:21:59.0000000Z;5.379;5.3865;900;9283
2026-06-08T11:22:00.0000000Z;5.379;5.3885;900;11135
2026-06-08T11:22:01.0000000Z;5.379;5.3885;900;11749
2026-06-08T11:22:02.0000000Z;5.379;5.3875;900;614
2026-06-08T11:22:03.0000000Z;5.379;5.3875;900;503
2026-06-08T11:22:04.0000000Z;5.379;5.3885;900;11749
2026-06-08T11:22:05.0000000Z;5.379;5.3875;900;614
2026-06-08T11:22:06.0000000Z;5.379;5.3875;900;614
2026-06-08T11:22:07.0000000Z;5.379;5.387;900;3785
2026-06-08T11:22:08.0000000Z;5.378;5.3885;31785;11135
2026-06-08T11:22:09.0000000Z;5.379;5.3875;900;900
2026-06-08T11:22:10.0000000Z;5.379;5.3885;900;11135
2026-06-08T11:22:11.0000000Z;5.379;5.388;900;13500
2026-06-08T11:22:12.0000000Z;5.379;5.3885;900;11135
2026-06-08T11:22:13.0000000Z;5.379;5.3875;900;614
2026-06-08T11:22:14.0000000Z;5.3815;5.393;3542;11126
2026-06-08T11:22:15.0000000Z;5.381;5.392;900;900
2026-06-08T11:22:16.0000000Z;5.381;5.3915;900;614
2026-06-08T11:22:17.0000000Z;5.38;5.391;11153;935
2026-06-08T11:22:18.0000000Z;5.381;5.39;20580;614
2026-06-08T11:22:19.0000000Z;5.381;5.3895;20580;3785
2026-06-08T11:22:20.0000000Z;5.381;5.39;20580;614
2026-06-08T11:22:21.0000000Z;5.384;5.3915;900;614
2026-06-08T11:22:22.0000000Z;5.383;5.3915;11147;614
2026-06-08T11:22:23.0000000Z;5.383;5.3915;11147;614
2026-06-08T11:22:24.0000000Z;5.383;5.3915;11147;614
2026-06-08T11:22:25.0000000Z;5.383;5.3915;11147;614
2026-06-08T11:22:26.0000000Z;5.383;5.3915;11147;614
2026-06-08T11:22:27.0000000Z;5.3835;5.3915;3542;520
2026-06-08T11:22:28.0000000Z;5.383;5.3915;11147;614
2026-06-08T11:22:29.0000000Z;5.383;5.3915;11147;614
2026-06-08T11:22:30.0000000Z;5.383;5.3915;11147;614
2026-06-08T11:22:31.0000000Z;5.3845;5.3915;3435;614
2026-06-08T11:22:32.0000000Z;5.384;5.39;900;4685
2026-06-08T11:22:33.0000000Z;5.384;5.3905;900;900
2026-06-08T11:22:34.0000000Z;5.384;5.3895;900;3785
2026-06-08T11:22:35.0000000Z;5.384;5.3895;900;4685
2026-06-08T11:22:36.0000000Z;5.384;5.3895;900;1514
2026-06-08T11:22:37.0000000Z;5.38;5.3885;900;614
2026-06-08T11:22:38.0000000Z;5.38;5.3875;900;614
2026-06-08T11:22:39.0000000Z;5.3795;5.389;900;900
2026-06-08T11:22:40.0000000Z;5.3795;5.389;900;900
2026-06-08T11:22:41.0000000Z;5.38;5.3875;3542;574
2026-06-08T11:22:42.0000000Z;5.3795;5.387;900;3785
2026-06-08T11:22:43.0000000Z;5.3795;5.387;900;3785
2026-06-08T11:22:44.0000000Z;5.3795;5.3865;900;11139
2026-06-08T11:22:45.0000000Z;5.3795;5.387;900;10026
2026-06-08T11:22:46.0000000Z;5.3815;5.3895;900;900
2026-06-08T11:22:47.0000000Z;5.3815;5.389;3542;368
2026-06-08T11:22:48.0000000Z;5.381;5.3895;900;900
2026-06-08T11:22:49.0000000Z;5.381;5.388;3542;499
2026-06-08T11:22:50.0000000Z;5.381;5.3875;3542;442
2026-06-08T11:22:51.0000000Z;5.38;5.3885;900;614
2026-06-08T11:22:52.0000000Z;5.381;5.3895;3542;680
2026-06-08T11:22:53.0000000Z;5.38;5.388;900;503
2026-06-08T11:22:54.0000000Z;5.381;5.3895;3542;829
2026-06-08T11:22:55.0000000Z;5.379;5.3895;11155;829
2026-06-08T11:22:56.0000000Z;5.38;5.388;900;614
2026-06-08T11:22:57.0000000Z;5.38;5.388;900;614
2026-06-08T11:22:58.0000000Z;5.38;5.387;900;254
2026-06-08T11:22:59.0000000Z;5.38;5.389;900;614
2026-06-08T11:23:00.0000000Z;5.379;5.3905;11155;614
2026-06-08T11:23:01.0000000Z;5.38;5.388;900;9280
2026-06-08T11:23:02.0000000Z;5.3815;5.388;900;9280
2026-06-08T11:23:03.0000000Z;5.3815;5.39;900;900
2026-06-08T11:23:04.0000000Z;5.3815;5.3895;900;614
2026-06-08T11:23:05.0000000Z;5.3815;5.3895;900;614
2026-06-08T11:23:07.0000000Z;5.3815;5.389;900;614
2026-06-08T11:23:08.0000000Z;5.3805;5.388;11152;9280
2026-06-08T11:23:09.0000000Z;5.3825;5.388;3322;9280
2026-06-08T11:23:10.0000000Z;5.382;5.3885;900;11135
2026-06-08T11:23:11.0000000Z;5.382;5.388;3460;273
2026-06-08T11:23:12.0000000Z;5.3815;5.3885;900;11135
2026-06-08T11:23:13.0000000Z;5.3815;5.3885;900;11135
2026-06-08T11:23:14.0000000Z;5.3815;5.3885;900;11135
2026-06-08T11:23:15.0000000Z;5.3805;5.3885;34823;11135
2026-06-08T11:23:16.0000000Z;5.3805;5.3885;11152;11135
2026-06-08T11:23:17.0000000Z;5.3815;5.388;11150;273
2026-06-08T11:23:18.0000000Z;5.3825;5.3895;900;900
2026-06-08T11:23:19.0000000Z;5.383;5.389;900;614
2026-06-08T11:23:20.0000000Z;5.383;5.3885;900;614
2026-06-08T11:23:21.0000000Z;5.379;5.3885;900;614
2026-06-08T11:23:23.0000000Z;5.382;5.388;2779;830
2026-06-08T11:23:24.0000000Z;5.379;5.3885;900;614
2026-06-08T11:23:25.0000000Z;5.379;5.3885;900;614
2026-06-08T11:23:26.0000000Z;5.379;5.3885;900;614
2026-06-08T11:23:28.0000000Z;5.379;5.3885;900;614
2026-06-08T11:23:29.0000000Z;5.379;5.3885;900;614
2026-06-08T11:23:30.0000000Z;5.379;5.3895;900;12033
2026-06-08T11:23:31.0000000Z;5.379;5.388;900;479
2026-06-08T11:23:32.0000000Z;5.379;5.388;900;479
2026-06-08T11:23:33.0000000Z;5.378;5.388;35002;479
2026-06-08T11:23:34.0000000Z;5.379;5.3885;900;735
2026-06-08T11:23:35.0000000Z;5.379;5.3895;900;11133
2026-06-08T11:23:36.0000000Z;5.379;5.3895;900;11133
2026-06-08T11:23:37.0000000Z;5.379;5.3895;900;15633
2026-06-08T11:23:38.0000000Z;5.379;5.3895;900;11133
2026-06-08T11:23:39.0000000Z;5.379;5.3895;900;11133
2026-06-08T11:23:40.0000000Z;5.3815;5.389;3386;991
2026-06-08T11:23:41.0000000Z;5.379;5.3895;900;11133
2026-06-08T11:23:44.0000000Z;5.382;5.3895;900;11133
2026-06-08T11:23:45.0000000Z;5.382;5.393;12049;11851
2026-06-08T11:23:46.0000000Z;5.384;5.392;900;479
2026-06-08T11:23:47.0000000Z;5.3845;5.392;3542;479
2026-06-08T11:23:48.0000000Z;5.384;5.392;900;479
2026-06-08T11:23:49.0000000Z;5.384;5.391;900;479
2026-06-08T11:23:51.0000000Z;5.3845;5.391;3542;288
2026-06-08T11:23:52.0000000Z;5.384;5.391;900;479
2026-06-08T11:23:54.0000000Z;5.384;5.391;3542;432
2026-06-08T11:23:55.0000000Z;5.383;5.391;900;479
2026-06-08T11:23:56.0000000Z;5.383;5.391;900;479
2026-06-08T11:23:57.0000000Z;5.383;5.3925;900;11127
2026-06-08T11:23:58.0000000Z;5.383;5.392;900;4979
2026-06-08T11:23:59.0000000Z;5.3835;5.392;11146;4979
2026-06-08T11:24:00.0000000Z;5.3845;5.392;900;4979
2026-06-08T11:24:01.0000000Z;5.384;5.392;23190;479
2026-06-08T11:24:02.0000000Z;5.385;5.391;900;479
2026-06-08T11:24:03.0000000Z;5.385;5.3915;900;9274
2026-06-08T11:24:05.0000000Z;5.3845;5.391;900;479
2026-06-08T11:24:06.0000000Z;5.3845;5.391;900;479
2026-06-08T11:24:07.0000000Z;5.3835;5.391;11146;479
2026-06-08T11:24:08.0000000Z;5.3845;5.392;900;479
2026-06-08T11:24:09.0000000Z;5.3845;5.392;900;479
2026-06-08T11:24:10.0000000Z;5.3845;5.391;3536;479
2026-06-08T11:24:11.0000000Z;5.384;5.3885;9287;689
2026-06-08T11:24:12.0000000Z;5.3845;5.389;1783;479
2026-06-08T11:24:13.0000000Z;5.38;5.389;900;479
2026-06-08T11:24:14.0000000Z;5.3815;5.3905;900;479
2026-06-08T11:24:15.0000000Z;5.3815;5.3895;900;479
2026-06-08T11:24:16.0000000Z;5.3815;5.3895;900;479
2026-06-08T11:24:17.0000000Z;5.382;5.3895;3542;475
2026-06-08T11:24:19.0000000Z;5.3815;5.3895;900;479
2026-06-08T11:24:21.0000000Z;5.3815;5.39;900;900
2026-06-08T11:24:23.0000000Z;5.3815;5.3885;900;479
2026-06-08T11:24:24.0000000Z;5.3815;5.388;900;479
2026-06-08T11:24:25.0000000Z;5.38;5.388;900;479
2026-06-08T11:24:27.0000000Z;5.38;5.388;900;479
2026-06-08T11:24:28.0000000Z;5.38;5.388;900;487
2026-06-08T11:24:29.0000000Z;5.38;5.388;900;479
2026-06-08T11:24:30.0000000Z;5.38;5.388;900;479
2026-06-08T11:24:31.0000000Z;5.38;5.3875;900;3447
2026-06-08T11:24:32.0000000Z;5.3805;5.388;900;900
2026-06-08T11:24:33.0000000Z;5.3805;5.388;900;900
2026-06-08T11:24:34.0000000Z;5.3805;5.387;900;900
2026-06-08T11:24:35.0000000Z;5.3805;5.387;900;900
2026-06-08T11:24:36.0000000Z;5.3805;5.388;900;900
2026-06-08T11:24:37.0000000Z;5.3805;5.387;900;204
2026-06-08T11:24:38.0000000Z;5.3805;5.387;900;900
2026-06-08T11:24:39.0000000Z;5.3805;5.3875;3542;435
2026-06-08T11:24:40.0000000Z;5.3805;5.3855;900;3447
2026-06-08T11:24:41.0000000Z;5.3805;5.3855;900;3447
2026-06-08T11:24:42.0000000Z;5.3795;5.3855;11154;3447
2026-06-08T11:24:43.0000000Z;5.381;5.3855;3076;3447
2026-06-08T11:24:44.0000000Z;5.3805;5.3855;900;4347
2026-06-08T11:24:45.0000000Z;5.3795;5.3855;11154;3447
2026-06-08T11:24:46.0000000Z;5.381;5.385;2609;11143
2026-06-08T11:24:47.0000000Z;5.3765;5.385;900;11143
2026-06-08T11:24:51.0000000Z;5.3765;5.385;900;11143
2026-06-08T11:24:52.0000000Z;5.3765;5.385;900;11143
2026-06-08T11:24:55.0000000Z;5.377;5.3845;3542;654
2026-06-08T11:24:56.0000000Z;5.377;5.3845;3542;654
2026-06-08T11:24:58.0000000Z;5.3765;5.385;900;11143
2026-06-08T11:24:59.0000000Z;5.3765;5.385;900;15643
2026-06-08T11:25:00.0000000Z;5.3765;5.385;900;15643
2026-06-08T11:25:01.0000000Z;5.377;5.385;900;12043
2026-06-08T11:25:02.0000000Z;5.377;5.385;900;12043
2026-06-08T11:25:03.0000000Z;5.377;5.385;900;11143
2026-06-08T11:25:04.0000000Z;5.377;5.3855;900;9285
2026-06-08T11:25:05.0000000Z;5.3785;5.3865;900;462
2026-06-08T11:25:06.0000000Z;5.3785;5.3865;900;462
2026-06-08T11:25:07.0000000Z;5.3785;5.386;900;3405
2026-06-08T11:25:08.0000000Z;5.3785;5.386;900;4305
2026-06-08T11:25:09.0000000Z;5.3785;5.385;900;206
2026-06-08T11:25:10.0000000Z;5.377;5.3855;900;11142
2026-06-08T11:25:11.0000000Z;5.3785;5.385;900;12693
2026-06-08T11:25:12.0000000Z;5.3785;5.387;900;900
2026-06-08T11:25:13.0000000Z;5.3785;5.3865;900;462
2026-06-08T11:25:14.0000000Z;5.3785;5.3875;900;900
2026-06-08T11:25:15.0000000Z;5.3785;5.387;900;900
2026-06-08T11:25:16.0000000Z;5.3785;5.387;900;900
2026-06-08T11:25:17.0000000Z;5.379;5.387;3542;900
2026-06-08T11:25:18.0000000Z;5.379;5.386;3542;9284
2026-06-08T11:25:19.0000000Z;5.3785;5.388;900;462
2026-06-08T11:25:20.0000000Z;5.3785;5.3875;900;4767
2026-06-08T11:25:21.0000000Z;5.3785;5.3865;900;4767
2026-06-08T11:25:22.0000000Z;5.3785;5.386;900;374
2026-06-08T11:25:23.0000000Z;5.3785;5.3855;900;3405
2026-06-08T11:25:24.0000000Z;5.3785;5.385;3542;273
2026-06-08T11:25:25.0000000Z;5.3785;5.385;900;900
2026-06-08T11:25:26.0000000Z;5.3785;5.385;900;900
2026-06-08T11:25:27.0000000Z;5.3785;5.387;900;900
2026-06-08T11:25:29.0000000Z;5.379;5.3865;3542;367
2026-06-08T11:25:30.0000000Z;5.3785;5.387;3542;900
2026-06-08T11:25:31.0000000Z;5.379;5.3865;3542;514
2026-06-08T11:25:33.0000000Z;5.3785;5.387;900;900
2026-06-08T11:25:34.0000000Z;5.3785;5.3865;900;367
2026-06-08T11:25:38.0000000Z;5.3785;5.387;900;900
2026-06-08T11:25:39.0000000Z;5.3785;5.3865;900;344
2026-06-08T11:25:40.0000000Z;5.3785;5.3865;900;462
2026-06-08T11:25:41.0000000Z;5.3785;5.3865;900;462
2026-06-08T11:25:47.0000000Z;5.379;5.387;3542;852
2026-06-08T11:25:48.0000000Z;5.379;5.388;11155;462
2026-06-08T11:25:49.0000000Z;5.379;5.388;11155;462
2026-06-08T11:25:50.0000000Z;5.38;5.3885;900;11135
2026-06-08T11:25:51.0000000Z;5.3805;5.391;30933;462
2026-06-08T11:25:52.0000000Z;5.3815;5.39;900;468
2026-06-08T11:25:55.0000000Z;5.3815;5.39;900;468
2026-06-08T11:25:56.0000000Z;5.382;5.39;3542;584
2026-06-08T11:25:57.0000000Z;5.3815;5.39;900;468
2026-06-08T11:25:58.0000000Z;5.3815;5.39;900;462
2026-06-08T11:26:02.0000000Z;5.3815;5.39;900;462
2026-06-08T11:26:03.0000000Z;5.3815;5.39;900;462
2026-06-08T11:26:04.0000000Z;5.3805;5.39;11152;462
2026-06-08T11:26:05.0000000Z;5.3815;5.389;900;559
2026-06-08T11:26:06.0000000Z;5.3815;5.389;900;1362
2026-06-08T11:26:07.0000000Z;5.3815;5.388;900;462
2026-06-08T11:26:08.0000000Z;5.3815;5.389;900;462
2026-06-08T11:26:09.0000000Z;5.3815;5.39;900;462
2026-06-08T11:26:10.0000000Z;5.382;5.389;3542;9279
2026-06-08T11:26:11.0000000Z;5.3815;5.3895;900;462
2026-06-08T11:26:15.0000000Z;5.3815;5.3895;900;462
2026-06-08T11:26:16.0000000Z;5.382;5.3895;3542;514
2026-06-08T11:26:17.0000000Z;5.3815;5.3895;900;462
2026-06-08T11:26:18.0000000Z;5.3815;5.3895;900;462
2026-06-08T11:26:19.0000000Z;5.382;5.3895;3542;462
2026-06-08T11:26:20.0000000Z;5.3815;5.3895;900;3405
2026-06-08T11:26:21.0000000Z;5.3815;5.3895;900;4305
2026-06-08T11:26:22.0000000Z;5.3805;5.388;900;1362
2026-06-08T11:26:23.0000000Z;5.3805;5.3875;900;3405
2026-06-08T11:26:24.0000000Z;5.3805;5.3885;900;900
2026-06-08T11:26:25.0000000Z;5.3805;5.388;900;3405
2026-06-08T11:26:26.0000000Z;5.3805;5.388;900;3405
2026-06-08T11:26:27.0000000Z;5.3805;5.3885;900;900
2026-06-08T11:26:28.0000000Z;5.381;5.3885;3542;437
2026-06-08T11:26:29.0000000Z;5.3805;5.3885;900;900
2026-06-08T11:26:30.0000000Z;5.3805;5.389;900;9279
2026-06-08T11:26:31.0000000Z;5.3805;5.3885;900;900
2026-06-08T11:26:33.0000000Z;5.3805;5.3885;900;900
2026-06-08T11:26:34.0000000Z;5.381;5.3885;3542;461
2026-06-08T11:26:35.0000000Z;5.3805;5.3885;3540;288
2026-06-08T11:26:36.0000000Z;5.3785;5.387;900;900
2026-06-08T11:26:38.0000000Z;5.3785;5.387;900;900
2026-06-08T11:26:39.0000000Z;5.379;5.387;3542;900
2026-06-08T11:26:40.0000000Z;5.377;5.386;900;462
2026-06-08T11:26:42.0000000Z;5.377;5.387;900;919
2026-06-08T11:26:43.0000000Z;5.377;5.3875;900;900
2026-06-08T11:26:45.0000000Z;5.377;5.3875;900;900
2026-06-08T11:26:46.0000000Z;5.3755;5.399;49965;462
2026-06-08T11:26:47.0000000Z;5.3825;5.3935;900;900
2026-06-08T11:26:48.0000000Z;5.3825;5.3935;900;900
2026-06-08T11:26:49.0000000Z;5.384;5.391;900;462
2026-06-08T11:26:50.0000000Z;5.384;5.391;900;462
2026-06-08T11:26:53.0000000Z;5.3845;5.3935;3542;944
2026-06-08T11:26:54.0000000Z;5.3845;5.393;3542;462
2026-06-08T11:26:55.0000000Z;5.383;5.391;900;900
2026-06-08T11:26:57.0000000Z;5.383;5.3905;900;462
2026-06-08T11:26:58.0000000Z;5.383;5.3905;900;462
2026-06-08T11:26:59.0000000Z;5.3825;5.3905;900;462
2026-06-08T11:27:00.0000000Z;5.383;5.3895;3542;251
2026-06-08T11:27:01.0000000Z;5.3825;5.3905;900;900
2026-06-08T11:27:02.0000000Z;5.3825;5.3905;900;900
2026-06-08T11:27:03.0000000Z;5.3825;5.393;900;462
2026-06-08T11:27:04.0000000Z;5.3825;5.3905;900;900
2026-06-08T11:27:05.0000000Z;5.3825;5.3905;900;900
2026-06-08T11:27:06.0000000Z;5.3825;5.39;3542;355
2026-06-08T11:27:07.0000000Z;5.3825;5.3905;900;459
2026-06-08T11:27:08.0000000Z;5.3825;5.3905;900;900
2026-06-08T11:27:09.0000000Z;5.3825;5.3905;900;900
2026-06-08T11:27:10.0000000Z;5.3825;5.3905;900;900
2026-06-08T11:27:11.0000000Z;5.3825;5.3905;900;900
2026-06-08T11:27:12.0000000Z;5.3825;5.3905;900;459
2026-06-08T11:27:14.0000000Z;5.3825;5.3905;900;900
2026-06-08T11:27:15.0000000Z;5.3825;5.3905;900;900
2026-06-08T11:27:17.0000000Z;5.3825;5.3905;900;462
2026-06-08T11:27:18.0000000Z;5.3825;5.3905;900;900
2026-06-08T11:27:19.0000000Z;5.3825;5.3905;900;553
2026-06-08T11:27:20.0000000Z;5.3825;5.3905;900;900
2026-06-08T11:27:21.0000000Z;5.3825;5.3895;900;462
2026-06-08T11:27:22.0000000Z;5.3825;5.3895;900;462
2026-06-08T11:27:23.0000000Z;5.383;5.3895;3542;251
2026-06-08T11:27:24.0000000Z;5.3825;5.3895;900;462
2026-06-08T11:27:25.0000000Z;5.383;5.3905;3542;900
2026-06-08T11:27:26.0000000Z;5.3825;5.3905;900;900
2026-06-08T11:27:27.0000000Z;5.3825;5.3905;900;900
2026-06-08T11:27:28.0000000Z;5.3825;5.389;900;900
2026-06-08T11:27:29.0000000Z;5.383;5.39;3542;462
2026-06-08T11:27:30.0000000Z;5.3825;5.39;900;900
2026-06-08T11:27:31.0000000Z;5.3825;5.3915;900;462
2026-06-08T11:27:32.0000000Z;5.3825;5.39;900;214
2026-06-08T11:27:38.0000000Z;5.3825;5.389;900;900
2026-06-08T11:27:39.0000000Z;5.3825;5.389;900;900
2026-06-08T11:27:40.0000000Z;5.3825;5.389;900;900
2026-06-08T11:27:42.0000000Z;5.3825;5.389;900;900
2026-06-08T11:27:44.0000000Z;5.3825;5.389;900;314
2026-06-08T11:27:46.0000000Z;5.3825;5.3895;900;900
2026-06-08T11:27:47.0000000Z;5.3825;5.3895;900;900
2026-06-08T11:27:49.0000000Z;5.3825;5.3895;900;900
2026-06-08T11:27:50.0000000Z;5.383;5.39;3542;9277
2026-06-08T11:27:51.0000000Z;5.3825;5.389;900;462
2026-06-08T11:27:55.0000000Z;5.3825;5.389;900;462
2026-06-08T11:27:56.0000000Z;5.383;5.3885;3444;462
2026-06-08T11:27:57.0000000Z;5.3825;5.388;3318;462
2026-06-08T11:27:58.0000000Z;5.383;5.388;3237;462
2026-06-08T11:27:59.0000000Z;5.383;5.3885;3542;462
2026-06-08T11:28:00.0000000Z;5.3825;5.3895;900;900
2026-06-08T11:28:01.0000000Z;5.3825;5.3895;900;3405
2026-06-08T11:28:02.0000000Z;5.3825;5.3905;900;900
2026-06-08T11:28:03.0000000Z;5.3825;5.39;900;4305
2026-06-08T11:28:05.0000000Z;5.3825;5.39;900;4305
2026-06-08T11:28:06.0000000Z;5.3825;5.3895;900;253
2026-06-08T11:28:07.0000000Z;5.382;5.391;13727;17392
2026-06-08T11:28:08.0000000Z;5.383;5.3895;900;462
2026-06-08T11:28:09.0000000Z;5.38;5.3885;900;462
2026-06-08T11:28:10.0000000Z;5.38;5.3885;900;462
2026-06-08T11:28:11.0000000Z;5.3805;5.3885;3542;628
2026-06-08T11:28:12.0000000Z;5.38;5.3885;900;462
2026-06-08T11:28:13.0000000Z;5.38;5.3885;900;462
2026-06-08T11:28:14.0000000Z;5.38;5.3885;900;462
2026-06-08T11:28:15.0000000Z;5.38;5.3895;900;900
2026-06-08T11:28:16.0000000Z;5.38;5.391;900;462
2026-06-08T11:28:17.0000000Z;5.3805;5.3885;3542;604
2026-06-08T11:28:18.0000000Z;5.38;5.389;900;751
2026-06-08T11:28:19.0000000Z;5.38;5.3895;900;462
2026-06-08T11:28:20.0000000Z;5.38;5.3875;900;3405
2026-06-08T11:28:21.0000000Z;5.3805;5.387;3542;253
2026-06-08T11:28:22.0000000Z;5.38;5.387;900;395
2026-06-08T11:28:23.0000000Z;5.38;5.3875;900;4305
2026-06-08T11:28:24.0000000Z;5.3805;5.3875;3542;4305
2026-06-08T11:28:25.0000000Z;5.38;5.3875;900;4305
2026-06-08T11:28:26.0000000Z;5.38;5.388;900;900
2026-06-08T11:28:30.0000000Z;5.38;5.388;900;461
2026-06-08T11:28:31.0000000Z;5.38;5.387;900;900
2026-06-08T11:28:33.0000000Z;5.3805;5.3885;3542;9280
2026-06-08T11:28:34.0000000Z;5.38;5.3875;900;354
2026-06-08T11:28:35.0000000Z;5.38;5.3865;900;462
2026-06-08T11:28:36.0000000Z;5.3805;5.3865;3542;462
2026-06-08T11:28:37.0000000Z;5.38;5.3865;900;462
2026-06-08T11:28:38.0000000Z;5.38;5.386;900;3405
2026-06-08T11:28:39.0000000Z;5.38;5.386;900;3405
2026-06-08T11:28:40.0000000Z;5.38;5.386;900;4305
2026-06-08T11:28:41.0000000Z;5.38;5.3895;900;462
2026-06-08T11:28:42.0000000Z;5.38;5.386;900;462
2026-06-08T11:28:44.0000000Z;5.3805;5.3865;3542;9283
2026-06-08T11:28:45.0000000Z;5.3805;5.3865;3542;9283
2026-06-08T11:28:46.0000000Z;5.38;5.3885;900;462
2026-06-08T11:28:47.0000000Z;5.38;5.388;900;4305
2026-06-08T11:28:48.0000000Z;5.38;5.388;900;4305
2026-06-08T11:28:49.0000000Z;5.38;5.388;900;900
2026-06-08T11:28:50.0000000Z;5.38;5.388;900;523
2026-06-08T11:28:51.0000000Z;5.38;5.389;900;11134
2026-06-08T11:28:52.0000000Z;5.38;5.389;900;11134
2026-06-08T11:28:56.0000000Z;5.38;5.388;900;523
2026-06-08T11:28:57.0000000Z;5.38;5.389;900;12496
2026-06-08T11:28:58.0000000Z;5.38;5.388;900;462
2026-06-08T11:28:59.0000000Z;5.3805;5.388;3542;523
2026-06-08T11:29:00.0000000Z;5.38;5.388;900;462
2026-06-08T11:29:01.0000000Z;5.38;5.388;900;462
2026-06-08T11:29:02.0000000Z;5.38;5.388;900;523
2026-06-08T11:29:03.0000000Z;5.38;5.388;900;523
2026-06-08T11:29:04.0000000Z;5.38;5.388;900;523
2026-06-08T11:29:05.0000000Z;5.38;5.388;3542;689
2026-06-08T11:29:06.0000000Z;5.38;5.387;900;462
2026-06-08T11:29:07.0000000Z;5.38;5.387;900;462
2026-06-08T11:29:08.0000000Z;5.38;5.3875;900;4305
2026-06-08T11:29:09.0000000Z;5.38;5.388;900;900
2026-06-08T11:29:14.0000000Z;5.3805;5.388;3542;523
2026-06-08T11:29:15.0000000Z;5.379;5.389;11155;11596
2026-06-08T11:29:16.0000000Z;5.38;5.3875;900;900
2026-06-08T11:29:17.0000000Z;5.3805;5.386;3369;151
2026-06-08T11:29:18.0000000Z;5.38;5.3865;900;3405
2026-06-08T11:29:19.0000000Z;5.38;5.3865;900;4305
2026-06-08T11:29:20.0000000Z;5.38;5.386;900;151
2026-06-08T11:29:21.0000000Z;5.38;5.386;900;11140
2026-06-08T11:29:22.0000000Z;5.38;5.386;900;11140
2026-06-08T11:29:23.0000000Z;5.38;5.386;900;11140
2026-06-08T11:29:24.0000000Z;5.38;5.386;900;11140
2026-06-08T11:29:25.0000000Z;5.38;5.386;900;11140
2026-06-08T11:29:26.0000000Z;5.38;5.386;900;15640
2026-06-08T11:29:27.0000000Z;5.38;5.386;900;11140
2026-06-08T11:29:29.0000000Z;5.38;5.386;900;11140
2026-06-08T11:29:30.0000000Z;5.38;5.386;900;11140
2026-06-08T11:29:31.0000000Z;5.38;5.386;900;15640
2026-06-08T11:29:33.0000000Z;5.38;5.386;900;11140
2026-06-08T11:29:34.0000000Z;5.38;5.386;900;11140
2026-06-08T11:29:35.0000000Z;5.38;5.386;900;11140
2026-06-08T11:29:36.0000000Z;5.38;5.386;3349;11140
2026-06-08T11:29:37.0000000Z;5.38;5.386;900;11140
2026-06-08T11:29:38.0000000Z;5.38;5.386;900;11140
2026-06-08T11:29:39.0000000Z;5.38;5.386;900;11140
2026-06-08T11:29:43.0000000Z;5.38;5.386;900;11140
2026-06-08T11:29:45.0000000Z;5.38;5.386;900;11140
2026-06-08T11:29:47.0000000Z;5.38;5.386;900;11140
2026-06-08T11:29:48.0000000Z;5.38;5.386;900;11140
2026-06-08T11:29:50.0000000Z;5.38;5.386;900;11140
2026-06-08T11:29:51.0000000Z;5.38;5.386;900;11140
2026-06-08T11:29:56.0000000Z;5.38;5.386;900;11140
2026-06-08T11:29:59.0000000Z;5.38;5.386;900;11140
2026-06-08T11:30:01.0000000Z;5.3795;5.39;20297;462
2026-06-08T11:30:02.0000000Z;5.3805;5.3895;900;900
2026-06-08T11:30:03.0000000Z;5.3805;5.3895;900;900
2026-06-08T11:30:04.0000000Z;5.3805;5.39;900;462
2026-06-08T11:30:05.0000000Z;5.3805;5.389;900;462
2026-06-08T11:30:06.0000000Z;5.3805;5.3895;900;900
2026-06-08T11:30:07.0000000Z;5.3805;5.3895;900;900
2026-06-08T11:30:08.0000000Z;5.3805;5.389;900;522
2026-06-08T11:30:10.0000000Z;5.381;5.389;3542;522
2026-06-08T11:30:11.0000000Z;5.3805;5.389;900;628
2026-06-08T11:30:12.0000000Z;5.3825;5.389;3542;628
2026-06-08T11:30:13.0000000Z;5.3815;5.389;3542;462
2026-06-08T11:30:14.0000000Z;5.381;5.389;11151;462
2026-06-08T11:30:15.0000000Z;5.382;5.3905;900;12031
2026-06-08T11:30:16.0000000Z;5.3815;5.39;9891;462
2026-06-08T11:30:17.0000000Z;5.3815;5.39;3542;462
2026-06-08T11:30:18.0000000Z;5.382;5.389;900;900
2026-06-08T11:30:19.0000000Z;5.3815;5.39;3542;688
2026-06-08T11:30:20.0000000Z;5.3815;5.3885;900;11135
2026-06-08T11:30:21.0000000Z;5.3815;5.388;900;900
2026-06-08T11:30:22.0000000Z;5.3815;5.3875;900;900
2026-06-08T11:30:23.0000000Z;5.3815;5.388;900;900
2026-06-08T11:30:25.0000000Z;5.3815;5.3885;900;12035
2026-06-08T11:30:26.0000000Z;5.3815;5.3885;900;11135
2026-06-08T11:30:27.0000000Z;5.3815;5.3885;900;11135
2026-06-08T11:30:28.0000000Z;5.3815;5.3885;900;11135
2026-06-08T11:30:29.0000000Z;5.379;5.3875;900;402
2026-06-08T11:30:30.0000000Z;5.379;5.3875;900;402
2026-06-08T11:30:31.0000000Z;5.379;5.3885;900;402
2026-06-08T11:30:34.0000000Z;5.379;5.3885;900;402
2026-06-08T11:30:35.0000000Z;5.379;5.3885;900;402
2026-06-08T11:30:36.0000000Z;5.379;5.3885;900;862
2026-06-08T11:30:37.0000000Z;5.379;5.3885;900;402
2026-06-08T11:30:38.0000000Z;5.3815;5.388;3542;663
2026-06-08T11:30:39.0000000Z;5.38;5.388;3542;663
2026-06-08T11:30:40.0000000Z;5.379;5.3885;900;402
2026-06-08T11:30:42.0000000Z;5.379;5.3885;900;402
2026-06-08T11:30:45.0000000Z;5.379;5.3885;900;402
2026-06-08T11:30:46.0000000Z;5.379;5.3885;900;402
2026-06-08T11:30:47.0000000Z;5.3805;5.3885;3542;402
2026-06-08T11:30:48.0000000Z;5.379;5.3885;900;402
2026-06-08T11:30:49.0000000Z;5.379;5.3875;900;402
2026-06-08T11:30:50.0000000Z;5.379;5.387;20844;476
2026-06-08T11:30:51.0000000Z;5.3795;5.3875;900;900
2026-06-08T11:30:52.0000000Z;5.3795;5.3875;900;900
2026-06-08T11:30:53.0000000Z;5.379;5.39;900;463
2026-06-08T11:30:54.0000000Z;5.379;5.386;900;1302
2026-06-08T11:30:55.0000000Z;5.3795;5.387;3542;402
2026-06-08T11:30:56.0000000Z;5.379;5.3865;900;3255
2026-06-08T11:30:59.0000000Z;5.3795;5.386;3542;393
2026-06-08T11:30:59.0000000Z;5.379;5.386;900;402
2026-06-08T11:31:00.0000000Z;5.379;5.386;900;393
2026-06-08T11:31:01.0000000Z;5.379;5.3875;900;900
2026-06-08T11:31:02.0000000Z;5.379;5.3865;900;402
2026-06-08T11:31:04.0000000Z;5.379;5.3875;900;800
2026-06-08T11:31:08.0000000Z;5.379;5.3875;900;1202
2026-06-08T11:31:09.0000000Z;5.379;5.3875;900;800
2026-06-08T11:31:10.0000000Z;5.3795;5.387;3542;349
2026-06-08T11:31:11.0000000Z;5.379;5.3875;900;900
2026-06-08T11:31:12.0000000Z;5.379;5.387;900;366
2026-06-08T11:31:13.0000000Z;5.379;5.387;3542;514
2026-06-08T11:31:14.0000000Z;5.379;5.3875;900;900
2026-06-08T11:31:15.0000000Z;5.379;5.3875;900;900
2026-06-08T11:31:16.0000000Z;5.3795;5.3875;3542;900
2026-06-08T11:31:21.0000000Z;5.379;5.387;900;366
2026-06-08T11:31:22.0000000Z;5.3785;5.389;464;14520
2026-06-08T11:31:23.0000000Z;5.3795;5.3875;3542;690
2026-06-08T11:31:24.0000000Z;5.379;5.387;900;402
2026-06-08T11:31:25.0000000Z;5.379;5.3885;900;900
2026-06-08T11:31:26.0000000Z;5.3795;5.3885;3542;900
2026-06-08T11:31:28.0000000Z;5.379;5.388;900;402
2026-06-08T11:31:29.0000000Z;5.379;5.388;900;374
2026-06-08T11:31:30.0000000Z;5.3795;5.3875;3542;500
2026-06-08T11:31:31.0000000Z;5.3795;5.3875;3542;500
2026-06-08T11:31:32.0000000Z;5.3795;5.3875;13342;500
2026-06-08T11:31:33.0000000Z;5.379;5.388;900;374
2026-06-08T11:31:34.0000000Z;5.379;5.388;900;374
2026-06-08T11:31:36.0000000Z;5.379;5.388;900;374
2026-06-08T11:31:37.0000000Z;5.3795;5.388;3542;374
2026-06-08T11:31:40.0000000Z;5.379;5.389;900;12034
2026-06-08T11:31:42.0000000Z;5.379;5.389;900;12034
2026-06-08T11:31:45.0000000Z;5.3795;5.389;3542;12034
2026-06-08T11:31:48.0000000Z;5.379;5.389;900;12034
2026-06-08T11:31:49.0000000Z;5.379;5.389;900;12034
2026-06-08T11:31:51.0000000Z;5.3795;5.389;13342;12034
2026-06-08T11:31:54.0000000Z;5.379;5.389;900;11134
2026-06-08T11:31:55.0000000Z;5.379;5.389;900;12034
2026-06-08T11:31:56.0000000Z;5.379;5.389;900;15634
2026-06-08T11:31:58.0000000Z;5.379;5.389;900;11134
2026-06-08T11:31:59.0000000Z;5.381;5.389;3499;11134
2026-06-08T11:32:00.0000000Z;5.3815;5.39;8465;10756
2026-06-08T11:32:01.0000000Z;5.3825;5.3925;900;463
2026-06-08T11:32:02.0000000Z;5.3825;5.3895;900;9278
2026-06-08T11:32:03.0000000Z;5.383;5.39;900;900
2026-06-08T11:32:04.0000000Z;5.382;5.3895;900;900
2026-06-08T11:32:05.0000000Z;5.3825;5.392;3542;463
2026-06-08T11:32:06.0000000Z;5.382;5.389;900;4085
2026-06-08T11:32:07.0000000Z;5.382;5.3885;900;269
2026-06-08T11:32:08.0000000Z;5.3825;5.3885;3478;269
2026-06-08T11:32:10.0000000Z;5.382;5.3895;900;900
2026-06-08T11:32:20.0000000Z;5.3775;5.3875;900;900
2026-06-08T11:32:21.0000000Z;5.382;5.3875;2690;900
2026-06-08T11:32:22.0000000Z;5.379;5.3875;900;900
2026-06-08T11:32:23.0000000Z;5.379;5.3875;900;900
2026-06-08T11:32:25.0000000Z;5.379;5.388;900;736
2026-06-08T11:32:26.0000000Z;5.379;5.3885;900;12035
2026-06-08T11:32:27.0000000Z;5.379;5.388;900;736
2026-06-08T11:32:28.0000000Z;5.379;5.3875;900;374
2026-06-08T11:32:29.0000000Z;5.379;5.3875;900;374
2026-06-08T11:32:31.0000000Z;5.379;5.3875;900;374
2026-06-08T11:32:33.0000000Z;5.379;5.3865;900;374
2026-06-08T11:32:35.0000000Z;5.379;5.3865;900;374
2026-06-08T11:32:36.0000000Z;5.379;5.3865;900;374
2026-06-08T11:32:37.0000000Z;5.379;5.3885;900;11135
2026-06-08T11:32:38.0000000Z;5.379;5.3875;900;374
2026-06-08T11:32:41.0000000Z;5.379;5.3875;900;374
2026-06-08T11:32:42.0000000Z;5.3795;5.3885;900;12035
2026-06-08T11:32:43.0000000Z;5.3795;5.3885;900;11135
2026-06-08T11:32:44.0000000Z;5.3795;5.3885;900;15635
2026-06-08T11:32:45.0000000Z;5.3795;5.3885;900;11135
2026-06-08T11:32:46.0000000Z;5.382;5.388;3365;13180
2026-06-08T11:32:47.0000000Z;5.3815;5.3895;900;374
2026-06-08T11:32:49.0000000Z;5.3815;5.3895;900;3407
2026-06-08T11:32:50.0000000Z;5.3815;5.3895;900;3407
2026-06-08T11:32:51.0000000Z;5.3815;5.391;900;463
2026-06-08T11:32:52.0000000Z;5.3815;5.3895;900;374
2026-06-08T11:32:53.0000000Z;5.382;5.3895;3542;507
2026-06-08T11:32:55.0000000Z;5.3815;5.3895;900;374
2026-06-08T11:32:56.0000000Z;5.3815;5.389;900;372
2026-06-08T11:32:57.0000000Z;5.3815;5.3895;900;3407
2026-06-08T11:32:58.0000000Z;5.3815;5.3895;900;3407
2026-06-08T11:33:00.0000000Z;5.3815;5.3895;900;4307
2026-06-08T11:33:01.0000000Z;5.3815;5.3895;900;4307
2026-06-08T11:33:02.0000000Z;5.3815;5.389;900;372
2026-06-08T11:33:03.0000000Z;5.3815;5.3885;900;3185
2026-06-08T11:33:04.0000000Z;5.382;5.3885;3542;363
2026-06-08T11:33:05.0000000Z;5.3815;5.3885;900;3185
2026-06-08T11:33:06.0000000Z;5.3815;5.3885;900;3185
2026-06-08T11:33:07.0000000Z;5.3815;5.388;3542;270
2026-06-08T11:33:08.0000000Z;5.381;5.388;900;374
2026-06-08T11:33:09.0000000Z;5.379;5.3885;900;3185
2026-06-08T11:33:10.0000000Z;5.379;5.388;900;11136
2026-06-08T11:33:11.0000000Z;5.379;5.388;900;15636
2026-06-08T11:33:12.0000000Z;5.379;5.388;900;15636
2026-06-08T11:33:13.0000000Z;5.379;5.388;900;15636
2026-06-08T11:33:14.0000000Z;5.379;5.388;900;11136
2026-06-08T11:33:15.0000000Z;5.379;5.388;900;11136
2026-06-08T11:33:17.0000000Z;5.3795;5.3875;3542;631
2026-06-08T11:33:18.0000000Z;5.3795;5.3875;3542;631
2026-06-08T11:33:21.0000000Z;5.379;5.388;900;11136
2026-06-08T11:33:22.0000000Z;5.378;5.388;11157;11136
2026-06-08T11:33:23.0000000Z;5.3795;5.387;3542;450
2026-06-08T11:33:24.0000000Z;5.3795;5.387;3542;450
2026-06-08T11:33:25.0000000Z;5.379;5.387;900;900
2026-06-08T11:33:26.0000000Z;5.379;5.3875;900;900
2026-06-08T11:33:30.0000000Z;5.378;5.388;11157;11136
2026-06-08T11:33:31.0000000Z;5.379;5.3875;900;900
2026-06-08T11:33:32.0000000Z;5.379;5.388;900;11136
2026-06-08T11:33:33.0000000Z;5.379;5.3875;900;4500
2026-06-08T11:33:34.0000000Z;5.379;5.3875;900;900
2026-06-08T11:33:36.0000000Z;5.379;5.3875;900;900
2026-06-08T11:33:37.0000000Z;5.379;5.3875;900;900
2026-06-08T11:33:39.0000000Z;5.379;5.3875;900;900
2026-06-08T11:33:40.0000000Z;5.379;5.3875;900;900
2026-06-08T11:33:41.0000000Z;5.379;5.387;900;652
2026-06-08T11:33:42.0000000Z;5.379;5.387;900;900
2026-06-08T11:33:43.0000000Z;5.379;5.387;900;900
2026-06-08T11:33:44.0000000Z;5.379;5.387;900;900
2026-06-08T11:33:45.0000000Z;5.379;5.387;900;450
2026-06-08T11:33:49.0000000Z;5.3795;5.3875;900;900
2026-06-08T11:33:50.0000000Z;5.3795;5.3875;900;900
2026-06-08T11:33:51.0000000Z;5.3795;5.3865;900;900
2026-06-08T11:33:52.0000000Z;5.3795;5.3865;900;900
2026-06-08T11:33:53.0000000Z;5.379;5.3865;900;900
2026-06-08T11:33:54.0000000Z;5.379;5.3865;900;900
2026-06-08T11:33:55.0000000Z;5.3745;5.3835;900;900
2026-06-08T11:33:56.0000000Z;5.3745;5.3845;900;900
2026-06-08T11:33:57.0000000Z;5.3745;5.3855;1365;11142
2026-06-08T11:33:58.0000000Z;5.3765;5.3845;3542;900
2026-06-08T11:33:59.0000000Z;5.375;5.3835;3542;774
2026-06-08T11:33:59.0000000Z;5.3745;5.384;1365;900
2026-06-08T11:34:00.0000000Z;5.376;5.384;900;496
2026-06-08T11:34:01.0000000Z;5.3745;5.3835;900;666
2026-06-08T11:34:02.0000000Z;5.3745;5.383;900;900
2026-06-08T11:34:06.0000000Z;5.375;5.3825;3542;515
2026-06-08T11:34:07.0000000Z;5.3745;5.383;900;900
2026-06-08T11:34:08.0000000Z;5.3745;5.3835;900;900
2026-06-08T11:34:09.0000000Z;5.3745;5.383;900;558
2026-06-08T11:34:13.0000000Z;5.3745;5.384;900;464
2026-06-08T11:34:14.0000000Z;5.3745;5.383;11164;464
2026-06-08T11:34:15.0000000Z;5.3755;5.382;900;1274
2026-06-08T11:34:16.0000000Z;5.3755;5.3815;900;4085
2026-06-08T11:34:17.0000000Z;5.3755;5.3815;900;900
2026-06-08T11:34:18.0000000Z;5.3755;5.3825;900;900
2026-06-08T11:34:19.0000000Z;5.3755;5.382;900;4085
2026-06-08T11:34:20.0000000Z;5.3755;5.382;900;9291
2026-06-08T11:34:21.0000000Z;5.3755;5.382;900;900
2026-06-08T11:34:23.0000000Z;5.3755;5.382;900;900
2026-06-08T11:34:24.0000000Z;5.3755;5.3825;900;900
2026-06-08T11:34:25.0000000Z;5.376;5.382;3542;9291
2026-06-08T11:34:26.0000000Z;5.3745;5.383;11164;900
2026-06-08T11:34:27.0000000Z;5.3755;5.383;900;900
2026-06-08T11:34:28.0000000Z;5.3755;5.383;900;900
2026-06-08T11:34:32.0000000Z;5.3755;5.3835;900;12046
2026-06-08T11:34:33.0000000Z;5.3755;5.383;900;900
2026-06-08T11:34:34.0000000Z;5.3755;5.3835;900;11146
2026-06-08T11:34:35.0000000Z;5.376;5.3835;3542;11146
2026-06-08T11:34:36.0000000Z;5.3755;5.3835;900;11146
2026-06-08T11:34:37.0000000Z;5.3755;5.3825;900;441
2026-06-08T11:34:39.0000000Z;5.3745;5.3835;11164;11146
2026-06-08T11:34:40.0000000Z;5.3745;5.3835;11164;11146
2026-06-08T11:34:41.0000000Z;5.375;5.383;3542;527
2026-06-08T11:34:42.0000000Z;5.3755;5.383;900;900
2026-06-08T11:34:43.0000000Z;5.3755;5.3835;900;12046
2026-06-08T11:34:44.0000000Z;5.3755;5.3835;900;12046
2026-06-08T11:34:46.0000000Z;5.3755;5.3835;900;506
2026-06-08T11:34:47.0000000Z;5.3765;5.387;900;3386
2026-06-08T11:34:48.0000000Z;5.3765;5.3855;900;9365
2026-06-08T11:34:49.0000000Z;5.3765;5.384;900;374
2026-06-08T11:34:50.0000000Z;5.3765;5.384;900;374
2026-06-08T11:34:51.0000000Z;5.377;5.384;900;464
2026-06-08T11:34:52.0000000Z;5.3775;5.384;3542;1018
2026-06-08T11:34:53.0000000Z;5.377;5.385;900;374
2026-06-08T11:34:54.0000000Z;5.377;5.384;900;374
2026-06-08T11:34:55.0000000Z;5.377;5.385;3542;692
2026-06-08T11:34:56.0000000Z;5.377;5.385;900;374
2026-06-08T11:34:57.0000000Z;5.377;5.3845;900;3784
2026-06-08T11:34:59.0000000Z;5.377;5.385;900;4874
2026-06-08T11:34:59.0000000Z;5.377;5.385;900;374
2026-06-08T11:35:01.0000000Z;5.377;5.385;900;4874
2026-06-08T11:35:02.0000000Z;5.377;5.384;900;255
2026-06-08T11:35:03.0000000Z;5.377;5.384;900;374
2026-06-08T11:35:04.0000000Z;5.377;5.385;900;374
2026-06-08T11:35:05.0000000Z;5.377;5.385;900;374
2026-06-08T11:35:06.0000000Z;5.3775;5.3855;3542;11142
2026-06-08T11:35:07.0000000Z;5.3775;5.385;13342;685
2026-06-08T11:35:08.0000000Z;5.377;5.3855;900;11142
2026-06-08T11:35:09.0000000Z;5.377;5.3855;900;11142
2026-06-08T11:35:10.0000000Z;5.377;5.3855;900;11142
2026-06-08T11:35:12.0000000Z;5.3785;5.3855;3367;11142
2026-06-08T11:35:13.0000000Z;5.377;5.3855;900;11142
2026-06-08T11:35:14.0000000Z;5.377;5.3855;900;11142
2026-06-08T11:35:15.0000000Z;5.3775;5.3855;3542;11142
2026-06-08T11:35:16.0000000Z;5.3775;5.3855;13342;11142
2026-06-08T11:35:17.0000000Z;5.379;5.388;900;900
2026-06-08T11:35:19.0000000Z;5.379;5.3875;900;3407
2026-06-08T11:35:20.0000000Z;5.3805;5.3875;900;10866
2026-06-08T11:35:21.0000000Z;5.381;5.386;3542;9284
2026-06-08T11:35:22.0000000Z;5.3805;5.3895;900;4307
2026-06-08T11:35:23.0000000Z;5.3805;5.39;900;900
2026-06-08T11:35:24.0000000Z;5.381;5.3905;3542;900
2026-06-08T11:35:25.0000000Z;5.3805;5.3905;900;900
2026-06-08T11:35:26.0000000Z;5.3805;5.389;900;4307
2026-06-08T11:35:27.0000000Z;5.3805;5.3885;900;900
2026-06-08T11:35:28.0000000Z;5.3805;5.3895;900;3407
2026-06-08T11:35:29.0000000Z;5.3805;5.3895;900;3407
2026-06-08T11:35:30.0000000Z;5.3805;5.3895;900;3407
2026-06-08T11:35:32.0000000Z;5.3805;5.3905;900;1363
2026-06-08T11:35:33.0000000Z;5.3805;5.3915;900;11129
2026-06-08T11:35:34.0000000Z;5.3805;5.39;900;374
2026-06-08T11:35:35.0000000Z;5.3805;5.3895;900;605
2026-06-08T11:35:37.0000000Z;5.3805;5.39;900;374
2026-06-08T11:35:38.0000000Z;5.381;5.39;13342;374
2026-06-08T11:35:39.0000000Z;5.381;5.389;3542;572
2026-06-08T11:35:40.0000000Z;5.382;5.39;900;4307
2026-06-08T11:35:41.0000000Z;5.382;5.3915;900;12029
2026-06-08T11:35:42.0000000Z;5.382;5.3915;900;12029
2026-06-08T11:35:43.0000000Z;5.382;5.3915;900;12029
2026-06-08T11:35:45.0000000Z;5.384;5.391;900;11901
2026-06-08T11:35:46.0000000Z;5.384;5.394;900;8928
2026-06-08T11:35:47.0000000Z;5.3835;5.392;3386;374
2026-06-08T11:35:48.0000000Z;5.385;5.392;8465;374
2026-06-08T11:35:49.0000000Z;5.386;5.3925;900;900
2026-06-08T11:35:50.0000000Z;5.386;5.3925;900;900
2026-06-08T11:35:51.0000000Z;5.386;5.393;900;900
2026-06-08T11:35:52.0000000Z;5.3865;5.393;900;900
2026-06-08T11:35:54.0000000Z;5.3865;5.393;900;900
2026-06-08T11:35:55.0000000Z;5.3865;5.3915;900;9274
2026-06-08T11:35:56.0000000Z;5.387;5.394;3542;463
2026-06-08T11:35:57.0000000Z;5.386;5.394;8465;463
2026-06-08T11:35:58.0000000Z;5.3875;5.394;900;10785
2026-06-08T11:35:59.0000000Z;5.3875;5.3945;3542;463
2026-06-08T11:36:00.0000000Z;5.387;5.394;900;299
2026-06-08T11:36:01.0000000Z;5.3865;5.3945;900;463
2026-06-08T11:36:02.0000000Z;5.3865;5.396;900;1363
2026-06-08T11:36:03.0000000Z;5.3865;5.396;900;900
2026-06-08T11:36:04.0000000Z;5.3865;5.397;900;463
2026-06-08T11:36:05.0000000Z;5.3865;5.3945;900;882
2026-06-08T11:36:06.0000000Z;5.3865;5.3955;900;374
2026-06-08T11:36:07.0000000Z;5.3865;5.3955;900;758
2026-06-08T11:36:08.0000000Z;5.3865;5.397;900;463
2026-06-08T11:36:09.0000000Z;5.388;5.396;3542;639
2026-06-08T11:36:10.0000000Z;5.3865;5.3975;900;11117
2026-06-08T11:36:11.0000000Z;5.3865;5.3975;900;11117
2026-06-08T11:36:12.0000000Z;5.388;5.396;900;639
2026-06-08T11:36:13.0000000Z;5.388;5.395;900;246
2026-06-08T11:36:14.0000000Z;5.388;5.396;900;900
2026-06-08T11:36:16.0000000Z;5.388;5.396;900;900
2026-06-08T11:36:17.0000000Z;5.388;5.397;900;374
2026-06-08T11:36:20.0000000Z;5.388;5.3975;900;11117
2026-06-08T11:36:21.0000000Z;5.388;5.396;900;463
2026-06-08T11:36:22.0000000Z;5.388;5.3975;900;11117
2026-06-08T11:36:23.0000000Z;5.388;5.3975;900;11117
2026-06-08T11:36:24.0000000Z;5.3905;5.3965;3542;9266
2026-06-08T11:36:25.0000000Z;5.391;5.3995;20665;463
2026-06-08T11:36:26.0000000Z;5.3925;5.3995;900;900
2026-06-08T11:36:27.0000000Z;5.3915;5.4;11129;662
2026-06-08T11:36:28.0000000Z;5.3925;5.3995;900;3779
2026-06-08T11:36:29.0000000Z;5.392;5.399;3542;264
2026-06-08T11:36:30.0000000Z;5.3915;5.3995;11129;374
2026-06-08T11:36:32.0000000Z;5.3915;5.4;11129;200
2026-06-08T11:36:33.0000000Z;5.392;5.3995;3542;9261
2026-06-08T11:36:34.0000000Z;5.3925;5.3995;900;900
2026-06-08T11:36:35.0000000Z;5.394;5.3995;3542;9261
2026-06-08T11:36:36.0000000Z;5.395;5.4;3542;200
2026-06-08T11:36:37.0000000Z;5.3945;5.4;900;200
2026-06-08T11:36:38.0000000Z;5.3945;5.4;900;200
2026-06-08T11:36:39.0000000Z;5.3945;5.4;900;200
2026-06-08T11:36:40.0000000Z;5.3935;5.4;11125;200
2026-06-08T11:36:41.0000000Z;5.3935;5.4;11125;200
2026-06-08T11:36:42.0000000Z;5.3925;5.4;900;200
2026-06-08T11:36:43.0000000Z;5.3925;5.4;900;200
2026-06-08T11:36:44.0000000Z;5.394;5.4;900;200
2026-06-08T11:36:45.0000000Z;5.3945;5.4;3506;200
2026-06-08T11:36:46.0000000Z;5.394;5.4;900;200
2026-06-08T11:36:47.0000000Z;5.394;5.4;900;200
2026-06-08T11:36:49.0000000Z;5.394;5.4;900;200
2026-06-08T11:36:50.0000000Z;5.394;5.4;900;200
2026-06-08T11:36:51.0000000Z;5.394;5.4;900;200
2026-06-08T11:36:53.0000000Z;5.394;5.4;900;200
2026-06-08T11:36:54.0000000Z;5.394;5.4;900;200
2026-06-08T11:36:55.0000000Z;5.394;5.4;900;200
2026-06-08T11:36:56.0000000Z;5.394;5.4;900;200
2026-06-08T11:36:57.0000000Z;5.394;5.4;3542;200
2026-06-08T11:36:58.0000000Z;5.394;5.4;900;200
2026-06-08T11:36:59.0000000Z;5.394;5.4;900;200
2026-06-08T11:37:00.0000000Z;5.394;5.4;900;200
2026-06-08T11:37:01.0000000Z;5.394;5.4;900;200
2026-06-08T11:37:02.0000000Z;5.3965;5.4;11119;200
2026-06-08T11:37:03.0000000Z;5.3975;5.4;900;200
2026-06-08T11:37:04.0000000Z;5.3975;5.4;900;200
2026-06-08T11:37:05.0000000Z;5.3975;5.4;900;200
2026-06-08T11:37:06.0000000Z;5.3965;5.4;11119;200
2026-06-08T11:37:07.0000000Z;5.397;5.4;3542;200
2026-06-08T11:37:08.0000000Z;5.3975;5.4;900;200
2026-06-08T11:37:09.0000000Z;5.397;5.4;3531;200
2026-06-08T11:37:10.0000000Z;5.3975;5.4;3542;200
2026-06-08T11:37:11.0000000Z;5.3975;5.405;3542;487
2026-06-08T11:37:12.0000000Z;5.397;5.4055;900;4305
2026-06-08T11:37:13.0000000Z;5.397;5.407;900;462
2026-06-08T11:37:14.0000000Z;5.397;5.406;900;462
2026-06-08T11:37:15.0000000Z;5.397;5.406;900;462
2026-06-08T11:37:16.0000000Z;5.397;5.4085;900;462
2026-06-08T11:37:17.0000000Z;5.3995;5.406;3542;462
2026-06-08T11:37:18.0000000Z;5.399;5.407;900;4305
2026-06-08T11:37:19.0000000Z;5.399;5.4065;900;352
2026-06-08T11:37:20.0000000Z;5.3985;5.406;3542;331
2026-06-08T11:37:21.0000000Z;5.3995;5.406;3522;1362
2026-06-08T11:37:22.0000000Z;5.398;5.4055;11116;3405
2026-06-08T11:37:23.0000000Z;5.3985;5.405;900;900
2026-06-08T11:37:24.0000000Z;5.3985;5.405;900;900
2026-06-08T11:37:25.0000000Z;5.3935;5.4055;11125;462
2026-06-08T11:37:26.0000000Z;5.3945;5.4045;900;900
2026-06-08T11:37:27.0000000Z;5.3965;5.4055;900;900
2026-06-08T11:37:28.0000000Z;5.3965;5.406;900;11099
2026-06-08T11:37:29.0000000Z;5.3965;5.405;900;4305
2026-06-08T11:37:30.0000000Z;5.3965;5.4055;900;900
2026-06-08T11:37:31.0000000Z;5.3965;5.406;900;11099
2026-06-08T11:37:32.0000000Z;5.3965;5.406;900;11099
2026-06-08T11:37:33.0000000Z;5.398;5.406;3542;462
2026-06-08T11:37:34.0000000Z;5.3985;5.409;900;462
2026-06-08T11:37:35.0000000Z;5.399;5.409;21829;462
2026-06-08T11:37:36.0000000Z;5.399;5.409;11114;462
2026-06-08T11:37:37.0000000Z;5.4;5.406;900;374
2026-06-08T11:37:38.0000000Z;5.3995;5.406;3542;210
2026-06-08T11:37:39.0000000Z;5.4005;5.406;900;6117
2026-06-08T11:37:40.0000000Z;5.4005;5.408;900;462
2026-06-08T11:37:41.0000000Z;5.401;5.4065;900;1362
2026-06-08T11:37:42.0000000Z;5.401;5.406;900;3405
2026-06-08T11:37:43.0000000Z;5.401;5.406;900;3405
2026-06-08T11:37:44.0000000Z;5.401;5.407;900;3867
2026-06-08T11:37:45.0000000Z;5.4015;5.4075;3434;213
2026-06-08T11:37:46.0000000Z;5.401;5.4065;900;3405
2026-06-08T11:37:47.0000000Z;5.4015;5.4075;3147;295
2026-06-08T11:37:48.0000000Z;5.401;5.4065;900;3405
2026-06-08T11:37:49.0000000Z;5.401;5.4065;900;4305
2026-06-08T11:37:50.0000000Z;5.401;5.4065;900;3405
2026-06-08T11:37:51.0000000Z;5.401;5.407;900;3867
2026-06-08T11:37:52.0000000Z;5.401;5.4065;900;3405
2026-06-08T11:37:53.0000000Z;5.4;5.4065;11112;4767
2026-06-08T11:37:54.0000000Z;5.401;5.4065;900;4305
2026-06-08T11:37:55.0000000Z;5.401;5.406;900;11099
2026-06-08T11:37:56.0000000Z;5.401;5.406;900;16754
2026-06-08T11:37:57.0000000Z;5.401;5.406;900;16754
2026-06-08T11:37:58.0000000Z;5.401;5.406;900;11499
2026-06-08T11:37:59.0000000Z;5.4015;5.407;2598;9248
2026-06-08T11:38:00.0000000Z;5.401;5.406;900;3405
2026-06-08T11:38:01.0000000Z;5.401;5.4065;900;4305
2026-06-08T11:38:02.0000000Z;5.4015;5.4065;3058;4305
2026-06-08T11:38:04.0000000Z;5.398;5.4135;14847;461
2026-06-08T11:38:05.0000000Z;5.3975;5.4085;33860;900
2026-06-08T11:38:06.0000000Z;5.3975;5.4085;33860;4085
2026-06-08T11:38:09.0000000Z;5.3995;5.408;900;374
2026-06-08T11:38:12.0000000Z;5.3995;5.407;900;335
2026-06-08T11:38:13.0000000Z;5.4;5.4085;3542;604
2026-06-08T11:38:14.0000000Z;5.3995;5.409;900;900
2026-06-08T11:38:15.0000000Z;5.3995;5.4085;900;604
2026-06-08T11:38:17.0000000Z;5.3995;5.4085;900;604
2026-06-08T11:38:19.0000000Z;5.3995;5.4075;900;529
2026-06-08T11:38:20.0000000Z;5.3995;5.407;900;1174
2026-06-08T11:38:21.0000000Z;5.4;5.4065;3542;311
2026-06-08T11:38:22.0000000Z;5.4;5.407;3542;1174
2026-06-08T11:38:23.0000000Z;5.3995;5.4065;3542;318
2026-06-08T11:38:24.0000000Z;5.399;5.405;3404;1093
2026-06-08T11:38:25.0000000Z;5.395;5.404;900;900
2026-06-08T11:38:26.0000000Z;5.395;5.4045;900;900
2026-06-08T11:38:27.0000000Z;5.395;5.404;900;582
2026-06-08T11:38:28.0000000Z;5.395;5.4045;900;900
2026-06-08T11:38:29.0000000Z;5.399;5.404;1846;607
2026-06-08T11:38:30.0000000Z;5.395;5.4045;900;900
2026-06-08T11:38:31.0000000Z;5.395;5.4025;900;900
2026-06-08T11:38:32.0000000Z;5.395;5.403;3542;543
2026-06-08T11:38:33.0000000Z;5.395;5.4025;900;362
2026-06-08T11:38:34.0000000Z;5.395;5.4035;900;4305
2026-06-08T11:38:36.0000000Z;5.395;5.4035;900;266
2026-06-08T11:38:37.0000000Z;5.395;5.4055;34760;462
2026-06-08T11:38:38.0000000Z;5.3965;5.4055;900;462
2026-06-08T11:38:39.0000000Z;5.3965;5.405;900;3405
2026-06-08T11:38:41.0000000Z;5.3965;5.4055;900;462
2026-06-08T11:38:42.0000000Z;5.397;5.405;3542;527
2026-06-08T11:38:43.0000000Z;5.3965;5.405;900;4767
2026-06-08T11:38:44.0000000Z;5.398;5.41;11116;462
2026-06-08T11:38:45.0000000Z;5.4;5.41;3542;462
2026-06-08T11:38:46.0000000Z;5.3995;5.4095;900;1274
2026-06-08T11:38:47.0000000Z;5.3995;5.4095;900;1274
2026-06-08T11:38:48.0000000Z;5.4;5.4085;3542;580
2026-06-08T11:38:52.0000000Z;5.3995;5.409;900;900
2026-06-08T11:38:53.0000000Z;5.3995;5.4095;900;900
2026-06-08T11:38:54.0000000Z;5.3995;5.4095;900;900
2026-06-08T11:38:55.0000000Z;5.3995;5.4095;900;900
2026-06-08T11:38:56.0000000Z;5.3995;5.4095;900;900
2026-06-08T11:38:57.0000000Z;5.4015;5.4095;900;900
2026-06-08T11:38:58.0000000Z;5.4015;5.4085;900;374
2026-06-08T11:38:59.0000000Z;5.4005;5.4085;11111;374
2026-06-08T11:39:00.0000000Z;5.4015;5.4095;900;1274
2026-06-08T11:39:01.0000000Z;5.4005;5.409;33502;3185
2026-06-08T11:39:02.0000000Z;5.4005;5.4085;11111;410
2026-06-08T11:39:03.0000000Z;5.4015;5.409;900;900
2026-06-08T11:39:04.0000000Z;5.402;5.4085;3542;474
2026-06-08T11:39:05.0000000Z;5.4015;5.409;900;900
2026-06-08T11:39:06.0000000Z;5.4015;5.409;900;900
2026-06-08T11:39:08.0000000Z;5.4015;5.409;3542;496
2026-06-08T11:39:09.0000000Z;5.4015;5.409;900;900
2026-06-08T11:39:13.0000000Z;5.402;5.409;3542;900
2026-06-08T11:39:14.0000000Z;5.4015;5.409;900;900
2026-06-08T11:39:15.0000000Z;5.4015;5.41;3542;462
2026-06-08T11:39:16.0000000Z;5.4015;5.409;900;900
2026-06-08T11:39:17.0000000Z;5.4015;5.4085;900;374
2026-06-08T11:39:18.0000000Z;5.4015;5.4075;900;900
2026-06-08T11:39:19.0000000Z;5.401;5.4075;900;900
2026-06-08T11:39:20.0000000Z;5.4015;5.4055;1846;574
2026-06-08T11:39:21.0000000Z;5.3975;5.406;900;713
2026-06-08T11:39:22.0000000Z;5.3975;5.4065;900;900
2026-06-08T11:39:23.0000000Z;5.3975;5.4065;900;900
2026-06-08T11:39:24.0000000Z;5.3975;5.408;900;11095
2026-06-08T11:39:25.0000000Z;5.4015;5.4075;1846;1027
2026-06-08T11:39:26.0000000Z;5.398;5.407;3542;846
2026-06-08T11:39:28.0000000Z;5.399;5.4075;900;900
2026-06-08T11:39:29.0000000Z;5.399;5.407;900;900
2026-06-08T11:39:30.0000000Z;5.399;5.4075;900;900
2026-06-08T11:39:31.0000000Z;5.399;5.407;900;434
2026-06-08T11:39:32.0000000Z;5.3995;5.407;3542;434
2026-06-08T11:39:33.0000000Z;5.399;5.4075;3542;762
2026-06-08T11:39:34.0000000Z;5.399;5.4065;900;900
2026-06-08T11:39:36.0000000Z;5.399;5.4065;900;900
2026-06-08T11:39:39.0000000Z;5.4;5.405;11;462
2026-06-08T11:39:40.0000000Z;5.4;5.404;11;900
2026-06-08T11:39:41.0000000Z;5.4;5.404;11;900
2026-06-08T11:39:42.0000000Z;5.3995;5.4025;11;753
2026-06-08T11:39:43.0000000Z;5.4;5.403;11;408
2026-06-08T11:39:44.0000000Z;5.4;5.4025;11;374
2026-06-08T11:39:45.0000000Z;5.4;5.4025;11;374
2026-06-08T11:39:46.0000000Z;5.4;5.4025;11;11106
2026-06-08T11:39:47.0000000Z;5.399;5.4025;900;16541
2026-06-08T11:39:48.0000000Z;5.3945;5.4025;900;17441
2026-06-08T11:39:49.0000000Z;5.395;5.4025;900;1274
2026-06-08T11:39:50.0000000Z;5.395;5.4015;900;374
2026-06-08T11:39:52.0000000Z;5.395;5.4025;900;900
2026-06-08T11:39:53.0000000Z;5.395;5.401;900;3185
2026-06-08T11:39:54.0000000Z;5.395;5.401;900;3185
2026-06-08T11:39:55.0000000Z;5.395;5.401;900;3185
2026-06-08T11:39:56.0000000Z;5.395;5.401;900;4085
2026-06-08T11:39:58.0000000Z;5.395;5.4015;900;215
2026-06-08T11:40:00.0000000Z;5.395;5.402;900;900
2026-06-08T11:40:01.0000000Z;5.395;5.402;900;900
2026-06-08T11:40:02.0000000Z;5.395;5.3995;900;3185
2026-06-08T11:40:03.0000000Z;5.3905;5.4;900;900
2026-06-08T11:40:04.0000000Z;5.3905;5.3995;900;611
2026-06-08T11:40:05.0000000Z;5.391;5.3975;3542;244
2026-06-08T11:40:06.0000000Z;5.3905;5.398;900;900
2026-06-08T11:40:07.0000000Z;5.3905;5.398;900;900
2026-06-08T11:40:08.0000000Z;5.3905;5.398;900;900
2026-06-08T11:40:09.0000000Z;5.3905;5.3965;900;900
2026-06-08T11:40:10.0000000Z;5.3905;5.401;900;462
2026-06-08T11:40:11.0000000Z;5.3905;5.398;900;374
2026-06-08T11:40:12.0000000Z;5.3905;5.397;900;4085
2026-06-08T11:40:13.0000000Z;5.3905;5.3975;900;900
2026-06-08T11:40:14.0000000Z;5.3905;5.397;900;900
2026-06-08T11:40:15.0000000Z;5.3905;5.397;3542;9265
2026-06-08T11:40:16.0000000Z;5.3905;5.3985;900;11115
2026-06-08T11:40:17.0000000Z;5.3905;5.398;900;368
2026-06-08T11:40:18.0000000Z;5.3905;5.3985;900;11115
2026-06-08T11:40:19.0000000Z;5.3905;5.3985;23050;11115
2026-06-08T11:40:20.0000000Z;5.3905;5.3985;23050;11115
2026-06-08T11:40:21.0000000Z;5.393;5.399;3542;9261
2026-06-08T11:40:22.0000000Z;5.3925;5.4005;900;3405
2026-06-08T11:40:23.0000000Z;5.3925;5.4015;900;462
2026-06-08T11:40:24.0000000Z;5.394;5.4025;900;4962
2026-06-08T11:40:25.0000000Z;5.394;5.4025;900;4962
2026-06-08T11:40:27.0000000Z;5.394;5.4025;3542;4962
2026-06-08T11:40:28.0000000Z;5.394;5.4025;900;4962
2026-06-08T11:40:29.0000000Z;5.394;5.4015;900;462
2026-06-08T11:40:30.0000000Z;5.394;5.4005;900;374
2026-06-08T11:40:31.0000000Z;5.394;5.4005;900;374
2026-06-08T11:40:33.0000000Z;5.394;5.4005;900;255
2026-06-08T11:40:34.0000000Z;5.394;5.4;900;3185
2026-06-08T11:40:38.0000000Z;5.394;5.4005;900;9613
2026-06-08T11:40:41.0000000Z;5.394;5.401;900;374
2026-06-08T11:40:42.0000000Z;5.394;5.4005;900;3185
2026-06-08T11:40:46.0000000Z;5.394;5.4005;900;3185
2026-06-08T11:40:47.0000000Z;5.394;5.4005;900;3185
2026-06-08T11:40:48.0000000Z;5.394;5.4005;900;3185
2026-06-08T11:40:49.0000000Z;5.394;5.4005;3459;3185
2026-06-08T11:40:50.0000000Z;5.394;5.4005;900;3185
2026-06-08T11:40:52.0000000Z;5.394;5.4005;900;3185
2026-06-08T11:40:54.0000000Z;5.394;5.4015;900;462
2026-06-08T11:40:55.0000000Z;5.394;5.4015;900;462
2026-06-08T11:40:56.0000000Z;5.394;5.4005;900;3185
2026-06-08T11:40:57.0000000Z;5.394;5.4005;900;3185
2026-06-08T11:41:00.0000000Z;5.394;5.4;900;11112
2026-06-08T11:41:01.0000000Z;5.394;5.402;900;462
2026-06-08T11:41:02.0000000Z;5.394;5.4025;900;462
2026-06-08T11:41:03.0000000Z;5.394;5.4025;900;462
2026-06-08T11:41:04.0000000Z;5.394;5.4015;900;462
2026-06-08T11:41:05.0000000Z;5.394;5.401;900;3405
2026-06-08T11:41:06.0000000Z;5.394;5.4005;900;9259
2026-06-08T11:41:07.0000000Z;5.394;5.401;3542;3405
2026-06-08T11:41:08.0000000Z;5.394;5.4005;900;3185
2026-06-08T11:41:09.0000000Z;5.394;5.401;3542;374
2026-06-08T11:41:10.0000000Z;5.394;5.402;900;3405
2026-06-08T11:41:11.0000000Z;5.394;5.402;900;3867
2026-06-08T11:41:12.0000000Z;5.394;5.401;900;9258
2026-06-08T11:41:13.0000000Z;5.394;5.401;900;3559
2026-06-08T11:41:14.0000000Z;5.394;5.401;900;4459
2026-06-08T11:41:15.0000000Z;5.394;5.4005;900;900
2026-06-08T11:41:17.0000000Z;5.394;5.4005;900;264
2026-06-08T11:41:19.0000000Z;5.394;5.4005;900;900
2026-06-08T11:41:20.0000000Z;5.39;5.3995;900;900
2026-06-08T11:41:21.0000000Z;5.389;5.4;8928;35073
2026-06-08T11:41:22.0000000Z;5.39;5.3995;900;1025
2026-06-08T11:41:23.0000000Z;5.3905;5.399;900;900
2026-06-08T11:41:24.0000000Z;5.3905;5.3985;900;364
2026-06-08T11:41:27.0000000Z;5.3905;5.399;900;900
2026-06-08T11:41:28.0000000Z;5.3905;5.3995;900;725
2026-06-08T11:41:29.0000000Z;5.3905;5.399;900;900
2026-06-08T11:41:31.0000000Z;5.3905;5.399;900;900
2026-06-08T11:41:33.0000000Z;5.391;5.399;900;900
2026-06-08T11:41:34.0000000Z;5.391;5.4;900;11112
2026-06-08T11:41:35.0000000Z;5.391;5.399;900;900
2026-06-08T11:41:37.0000000Z;5.391;5.399;900;900
2026-06-08T11:41:41.0000000Z;5.391;5.399;900;900
2026-06-08T11:41:42.0000000Z;5.391;5.399;900;900
2026-06-08T11:41:43.0000000Z;5.391;5.399;900;900
2026-06-08T11:41:44.0000000Z;5.391;5.399;900;544
2026-06-08T11:41:46.0000000Z;5.391;5.399;900;900
2026-06-08T11:41:48.0000000Z;5.391;5.399;900;900
2026-06-08T11:41:50.0000000Z;5.391;5.399;900;604
2026-06-08T11:41:54.0000000Z;5.391;5.399;900;900
2026-06-08T11:41:57.0000000Z;5.391;5.399;900;880
2026-06-08T11:42:04.0000000Z;5.391;5.3995;900;900
2026-06-08T11:42:06.0000000Z;5.391;5.4;900;11112
2026-06-08T11:42:07.0000000Z;5.391;5.399;900;604
2026-06-08T11:42:08.0000000Z;5.391;5.3995;900;900
2026-06-08T11:42:10.0000000Z;5.391;5.399;3542;716
2026-06-08T11:42:11.0000000Z;5.391;5.3985;3542;534
2026-06-08T11:42:12.0000000Z;5.3905;5.3995;900;725
2026-06-08T11:42:13.0000000Z;5.3905;5.3995;900;900
2026-06-08T11:42:14.0000000Z;5.3905;5.3995;900;900
2026-06-08T11:42:16.0000000Z;5.3905;5.3995;900;900
2026-06-08T11:42:17.0000000Z;5.392;5.4;900;11112
2026-06-08T11:42:18.0000000Z;5.392;5.4;900;11112
2026-06-08T11:42:20.0000000Z;5.3925;5.3995;3542;725
2026-06-08T11:42:21.0000000Z;5.392;5.4;900;12012
2026-06-08T11:42:22.0000000Z;5.392;5.399;900;275
2026-06-08T11:42:23.0000000Z;5.392;5.4;900;12012
2026-06-08T11:42:25.0000000Z;5.392;5.4;900;12012
2026-06-08T11:42:27.0000000Z;5.392;5.3995;900;5400
2026-06-08T11:42:28.0000000Z;5.3905;5.399;900;544
2026-06-08T11:42:30.0000000Z;5.392;5.3995;900;900
2026-06-08T11:42:36.0000000Z;5.392;5.399;900;544
2026-06-08T11:42:37.0000000Z;5.3905;5.399;900;900
2026-06-08T11:42:39.0000000Z;5.3905;5.3995;900;725
2026-06-08T11:42:40.0000000Z;5.3905;5.3985;900;364
2026-06-08T11:42:41.0000000Z;5.392;5.399;900;900
2026-06-08T11:42:42.0000000Z;5.392;5.3995;900;900
2026-06-08T11:42:43.0000000Z;5.392;5.3995;900;875
2026-06-08T11:42:44.0000000Z;5.3905;5.3995;900;900
2026-06-08T11:42:45.0000000Z;5.3905;5.4;900;11112
2026-06-08T11:42:46.0000000Z;5.3905;5.399;900;900
2026-06-08T11:42:49.0000000Z;5.392;5.3985;3542;364
2026-06-08T11:42:51.0000000Z;5.391;5.3985;3542;364
2026-06-08T11:42:57.0000000Z;5.3905;5.399;900;900
2026-06-08T11:42:58.0000000Z;5.3905;5.3985;900;364
2026-06-08T11:42:59.0000000Z;5.3905;5.399;900;900
2026-06-08T11:43:00.0000000Z;5.391;5.3985;3542;534
2026-06-08T11:43:02.0000000Z;5.3905;5.399;900;900
2026-06-08T11:43:05.0000000Z;5.3905;5.3985;900;534
2026-06-08T11:43:06.0000000Z;5.3905;5.399;900;900
2026-06-08T11:43:07.0000000Z;5.3905;5.399;900;900
2026-06-08T11:43:08.0000000Z;5.3905;5.399;900;900
2026-06-08T11:43:09.0000000Z;5.3905;5.3985;900;534
2026-06-08T11:43:10.0000000Z;5.3905;5.399;900;900
2026-06-08T11:43:14.0000000Z;5.3905;5.399;900;900
2026-06-08T11:43:19.0000000Z;5.391;5.399;3542;900
2026-06-08T11:43:20.0000000Z;5.391;5.399;3542;900
2026-06-08T11:43:21.0000000Z;5.3845;5.397;900;900
2026-06-08T11:43:22.0000000Z;5.387;5.397;900;900
2026-06-08T11:43:23.0000000Z;5.3905;5.3965;2753;1247
2026-06-08T11:43:24.0000000Z;5.387;5.3965;900;900
2026-06-08T11:43:25.0000000Z;5.3875;5.3965;3542;43747
2026-06-08T11:43:26.0000000Z;5.387;5.3965;900;900
2026-06-08T11:43:27.0000000Z;5.387;5.3965;900;900
2026-06-08T11:43:28.0000000Z;5.387;5.396;900;882
2026-06-08T11:43:31.0000000Z;5.387;5.3965;900;900
2026-06-08T11:43:35.0000000Z;5.387;5.396;900;882
2026-06-08T11:43:36.0000000Z;5.387;5.3965;900;900
2026-06-08T11:43:38.0000000Z;5.387;5.3965;900;900
2026-06-08T11:43:43.0000000Z;5.387;5.3965;900;900
2026-06-08T11:43:50.0000000Z;5.387;5.3965;900;900
2026-06-08T11:43:51.0000000Z;5.386;5.396;464;882
2026-06-08T11:43:52.0000000Z;5.387;5.3965;900;900
2026-06-08T11:43:56.0000000Z;5.387;5.396;900;882
2026-06-08T11:43:59.0000000Z;5.3875;5.396;3542;882
2026-06-08T11:43:59.0000000Z;5.387;5.3965;900;900
2026-06-08T11:44:02.0000000Z;5.387;5.396;900;882
2026-06-08T11:44:03.0000000Z;5.3865;5.3965;900;900
2026-06-08T11:44:04.0000000Z;5.3865;5.395;900;773
2026-06-08T11:44:05.0000000Z;5.3865;5.3945;900;900
2026-06-08T11:44:06.0000000Z;5.3865;5.3945;900;900
2026-06-08T11:44:07.0000000Z;5.387;5.3945;3542;900
2026-06-08T11:44:08.0000000Z;5.3865;5.3945;900;900
2026-06-08T11:44:09.0000000Z;5.3865;5.394;900;410
2026-06-08T11:44:10.0000000Z;5.3865;5.394;900;410
2026-06-08T11:44:11.0000000Z;5.3855;5.394;11142;410
2026-06-08T11:44:12.0000000Z;5.3865;5.395;900;900
2026-06-08T11:44:13.0000000Z;5.3865;5.395;900;900
2026-06-08T11:44:14.0000000Z;5.3865;5.395;900;900
2026-06-08T11:44:15.0000000Z;5.3865;5.395;900;900
2026-06-08T11:44:16.0000000Z;5.387;5.3925;1846;1242
2026-06-08T11:44:17.0000000Z;5.3835;5.393;900;11126
2026-06-08T11:44:18.0000000Z;5.3835;5.392;900;900
2026-06-08T11:44:19.0000000Z;5.3865;5.393;2865;11126
2026-06-08T11:44:20.0000000Z;5.3835;5.3915;900;422
2026-06-08T11:44:21.0000000Z;5.3835;5.392;900;900
2026-06-08T11:44:22.0000000Z;5.3865;5.393;2865;11126
2026-06-08T11:44:23.0000000Z;5.3835;5.392;900;900
2026-06-08T11:44:24.0000000Z;5.385;5.392;900;900
2026-06-08T11:44:25.0000000Z;5.3835;5.392;900;900
2026-06-08T11:44:26.0000000Z;5.384;5.392;900;900
2026-06-08T11:44:27.0000000Z;5.3855;5.393;900;11126
2026-06-08T11:44:28.0000000Z;5.3855;5.393;900;15626
2026-06-08T11:44:29.0000000Z;5.3855;5.3925;900;9273
2026-06-08T11:44:30.0000000Z;5.3855;5.3975;17019;14503
2026-06-08T11:44:31.0000000Z;5.386;5.397;11140;8465
2026-06-08T11:44:32.0000000Z;5.3865;5.393;3542;42500
2026-06-08T11:44:33.0000000Z;5.387;5.3955;3542;645
2026-06-08T11:44:34.0000000Z;5.385;5.395;900;900
2026-06-08T11:44:35.0000000Z;5.3865;5.395;46042;900
2026-06-08T11:44:36.0000000Z;5.3845;5.3935;900;42500
2026-06-08T11:44:37.0000000Z;5.3845;5.393;900;900
2026-06-08T11:44:38.0000000Z;5.3845;5.393;900;12026
2026-06-08T11:44:39.0000000Z;5.385;5.3925;3542;529
2026-06-08T11:44:40.0000000Z;5.3845;5.393;900;12026
2026-06-08T11:44:41.0000000Z;5.3845;5.392;900;900
2026-06-08T11:44:42.0000000Z;5.3845;5.392;900;900
2026-06-08T11:44:48.0000000Z;5.3845;5.392;900;900
2026-06-08T11:44:50.0000000Z;5.3845;5.392;900;42922
2026-06-08T11:44:51.0000000Z;5.3845;5.392;900;900
2026-06-08T11:44:52.0000000Z;5.3845;5.392;900;900
2026-06-08T11:44:55.0000000Z;5.3845;5.392;900;900
2026-06-08T11:44:56.0000000Z;5.384;5.392;900;900
2026-06-08T11:44:57.0000000Z;5.384;5.392;900;900
2026-06-08T11:44:58.0000000Z;5.384;5.393;900;11126
2026-06-08T11:44:59.0000000Z;5.3845;5.392;900;900
2026-06-08T11:44:59.0000000Z;5.3845;5.392;900;900
2026-06-08T11:45:00.0000000Z;5.385;5.392;3542;900
2026-06-08T11:45:01.0000000Z;5.3845;5.3915;900;405
2026-06-08T11:45:02.0000000Z;5.3845;5.3925;900;900
2026-06-08T11:45:03.0000000Z;5.3845;5.3925;900;900
2026-06-08T11:45:04.0000000Z;5.3845;5.3925;900;900
2026-06-08T11:45:05.0000000Z;5.3845;5.3925;900;900
2026-06-08T11:45:06.0000000Z;5.3845;5.3925;900;900
2026-06-08T11:45:08.0000000Z;5.3845;5.393;900;11126
2026-06-08T11:45:09.0000000Z;5.3845;5.3925;900;546
2026-06-08T11:45:10.0000000Z;5.3845;5.393;900;11126
2026-06-08T11:45:11.0000000Z;5.3845;5.393;900;11126
2026-06-08T11:45:12.0000000Z;5.3845;5.393;900;11126
2026-06-08T11:45:13.0000000Z;5.3845;5.394;88;8465
2026-06-08T11:45:14.0000000Z;5.3855;5.393;900;900
2026-06-08T11:45:15.0000000Z;5.3855;5.393;900;900
2026-06-08T11:45:16.0000000Z;5.3855;5.3935;900;900
2026-06-08T11:45:18.0000000Z;5.3855;5.393;900;512
2026-06-08T11:45:19.0000000Z;5.386;5.393;3542;512
2026-06-08T11:45:20.0000000Z;5.3855;5.3945;900;11123
2026-06-08T11:45:21.0000000Z;5.3855;5.3935;900;900
2026-06-08T11:45:22.0000000Z;5.3855;5.3935;900;900
2026-06-08T11:45:23.0000000Z;5.385;5.3935;988;900
2026-06-08T11:45:24.0000000Z;5.386;5.3935;3542;900
2026-06-08T11:45:25.0000000Z;5.386;5.393;3542;512
2026-06-08T11:45:26.0000000Z;5.3855;5.393;3542;512
2026-06-08T11:45:32.0000000Z;5.385;5.3935;988;900
2026-06-08T11:45:33.0000000Z;5.385;5.393;900;512
2026-06-08T11:45:34.0000000Z;5.385;5.3935;900;900
2026-06-08T11:45:35.0000000Z;5.385;5.3945;900;11123
2026-06-08T11:45:36.0000000Z;5.385;5.3935;900;900
2026-06-08T11:45:37.0000000Z;5.385;5.3935;900;900
2026-06-08T11:45:38.0000000Z;5.385;5.3935;900;900
2026-06-08T11:45:39.0000000Z;5.385;5.3935;900;900
2026-06-08T11:45:40.0000000Z;5.385;5.3935;900;900
2026-06-08T11:45:43.0000000Z;5.385;5.394;900;900
2026-06-08T11:45:46.0000000Z;5.385;5.393;900;900
2026-06-08T11:45:47.0000000Z;5.385;5.393;900;900
2026-06-08T11:45:48.0000000Z;5.3855;5.393;3542;900
2026-06-08T11:45:51.0000000Z;5.3845;5.3925;88;404
2026-06-08T11:45:52.0000000Z;5.3855;5.393;900;900
2026-06-08T11:45:55.0000000Z;5.385;5.3935;900;900
2026-06-08T11:45:56.0000000Z;5.3855;5.3935;3542;900
2026-06-08T11:45:58.0000000Z;5.385;5.3935;900;900
2026-06-08T11:45:59.0000000Z;5.385;5.393;900;539
2026-06-08T11:46:00.0000000Z;5.385;5.393;900;539
2026-06-08T11:46:01.0000000Z;5.3855;5.393;3542;539
2026-06-08T11:46:02.0000000Z;5.3855;5.393;3542;539
2026-06-08T11:46:06.0000000Z;5.385;5.3935;900;900
2026-06-08T11:46:07.0000000Z;5.385;5.3935;900;900
2026-06-08T11:46:08.0000000Z;5.385;5.3935;900;900
2026-06-08T11:46:09.0000000Z;5.385;5.3935;900;900
2026-06-08T11:46:12.0000000Z;5.385;5.393;900;539
2026-06-08T11:46:13.0000000Z;5.385;5.3935;900;900
2026-06-08T11:46:14.0000000Z;5.385;5.3905;900;900
2026-06-08T11:46:15.0000000Z;5.3825;5.3905;900;900
2026-06-08T11:46:16.0000000Z;5.3825;5.3905;900;900
2026-06-08T11:46:17.0000000Z;5.3815;5.3905;88;900
2026-06-08T11:46:18.0000000Z;5.3825;5.3905;900;900
2026-06-08T11:46:19.0000000Z;5.383;5.39;3542;631
2026-06-08T11:46:20.0000000Z;5.381;5.3905;900;900
2026-06-08T11:46:21.0000000Z;5.381;5.3905;900;900
2026-06-08T11:46:22.0000000Z;5.381;5.3905;988;900
2026-06-08T11:46:23.0000000Z;5.3825;5.3905;3542;900
2026-06-08T11:46:24.0000000Z;5.383;5.3905;900;900
2026-06-08T11:46:25.0000000Z;5.383;5.3905;900;900
2026-06-08T11:46:26.0000000Z;5.383;5.3915;900;12029
2026-06-08T11:46:27.0000000Z;5.3825;5.3905;900;900
2026-06-08T11:46:28.0000000Z;5.383;5.3905;3542;900
2026-06-08T11:46:29.0000000Z;5.383;5.39;3542;926
2026-06-08T11:46:30.0000000Z;5.3805;5.3905;8465;900
2026-06-08T11:46:31.0000000Z;5.3815;5.3905;900;900
2026-06-08T11:46:32.0000000Z;5.382;5.3915;3542;11129
2026-06-08T11:46:33.0000000Z;5.3815;5.391;900;11130
2026-06-08T11:46:34.0000000Z;5.3805;5.3895;900;798
2026-06-08T11:46:35.0000000Z;5.3805;5.3895;900;798
2026-06-08T11:46:36.0000000Z;5.3805;5.391;900;36051
2026-06-08T11:46:37.0000000Z;5.3815;5.39;3542;900
2026-06-08T11:46:38.0000000Z;5.3805;5.39;988;900
2026-06-08T11:46:39.0000000Z;5.3805;5.39;900;900
2026-06-08T11:46:41.0000000Z;5.3815;5.3895;3542;798
2026-06-08T11:46:42.0000000Z;5.381;5.3895;3542;798
2026-06-08T11:46:43.0000000Z;5.3805;5.39;1364;900
2026-06-08T11:46:44.0000000Z;5.382;5.39;3542;900
2026-06-08T11:46:45.0000000Z;5.3805;5.391;988;12030
2026-06-08T11:46:46.0000000Z;5.3805;5.39;988;770
2026-06-08T11:46:47.0000000Z;5.3805;5.3905;900;900
2026-06-08T11:46:48.0000000Z;5.3805;5.3905;900;900
2026-06-08T11:46:49.0000000Z;5.381;5.3905;3542;900
2026-06-08T11:46:50.0000000Z;5.3805;5.3905;900;900
2026-06-08T11:46:51.0000000Z;5.3805;5.39;900;817
2026-06-08T11:46:52.0000000Z;5.381;5.3905;3542;900
2026-06-08T11:46:53.0000000Z;5.381;5.3905;3542;900
2026-06-08T11:46:54.0000000Z;5.381;5.3905;3542;8465
2026-06-08T11:46:55.0000000Z;5.381;5.3885;3542;479
2026-06-08T11:46:56.0000000Z;5.379;5.3865;10979;257
2026-06-08T11:46:57.0000000Z;5.381;5.386;1846;892
2026-06-08T11:46:58.0000000Z;5.3805;5.386;2567;892
2026-06-08T11:46:59.0000000Z;5.3805;5.386;1846;954
2026-06-08T11:47:00.0000000Z;5.375;5.3955;88;60782
2026-06-08T11:47:01.0000000Z;5.38;5.3835;9294;973
2026-06-08T11:47:02.0000000Z;5.376;5.3835;3410;973
2026-06-08T11:47:03.0000000Z;5.376;5.384;900;12045
2026-06-08T11:47:04.0000000Z;5.3765;5.3835;3542;973
2026-06-08T11:47:05.0000000Z;5.376;5.3835;900;900
2026-06-08T11:47:06.0000000Z;5.376;5.3835;900;43473
2026-06-08T11:47:08.0000000Z;5.376;5.383;900;791
2026-06-08T11:47:09.0000000Z;5.376;5.3835;900;900
2026-06-08T11:47:10.0000000Z;5.375;5.383;88;791
2026-06-08T11:47:12.0000000Z;5.376;5.383;900;900
2026-06-08T11:47:13.0000000Z;5.376;5.383;900;900
2026-06-08T11:47:14.0000000Z;5.376;5.383;900;900
2026-06-08T11:47:15.0000000Z;5.3765;5.383;3542;900
2026-06-08T11:47:16.0000000Z;5.376;5.383;900;900
2026-06-08T11:47:17.0000000Z;5.376;5.383;900;900
2026-06-08T11:47:18.0000000Z;5.376;5.3825;900;851
2026-06-08T11:47:19.0000000Z;5.376;5.3825;900;851
2026-06-08T11:47:20.0000000Z;5.3765;5.3815;3542;595
2026-06-08T11:47:21.0000000Z;5.376;5.382;900;900
2026-06-08T11:47:22.0000000Z;5.376;5.382;900;900
2026-06-08T11:47:23.0000000Z;5.376;5.3815;900;595
2026-06-08T11:47:24.0000000Z;5.3765;5.3815;3542;214
2026-06-08T11:47:25.0000000Z;5.376;5.3825;900;900
2026-06-08T11:47:26.0000000Z;5.3765;5.3825;3542;43217
2026-06-08T11:47:29.0000000Z;5.376;5.3825;900;900
2026-06-08T11:47:30.0000000Z;5.376;5.383;900;12047
2026-06-08T11:47:31.0000000Z;5.376;5.383;900;12047
2026-06-08T11:47:32.0000000Z;5.376;5.3825;900;900
2026-06-08T11:47:34.0000000Z;5.375;5.382;553;777
2026-06-08T11:47:35.0000000Z;5.376;5.382;900;777
2026-06-08T11:47:36.0000000Z;5.376;5.3825;900;900
2026-06-08T11:47:38.0000000Z;5.376;5.3825;900;900
2026-06-08T11:47:39.0000000Z;5.375;5.382;88;777
2026-06-08T11:47:40.0000000Z;5.375;5.383;88;11147
2026-06-08T11:47:41.0000000Z;5.376;5.383;900;12047
2026-06-08T11:47:42.0000000Z;5.376;5.3825;900;43217
2026-06-08T11:47:43.0000000Z;5.376;5.3825;900;5400
2026-06-08T11:47:44.0000000Z;5.375;5.3815;88;595
2026-06-08T11:47:45.0000000Z;5.376;5.382;900;900
2026-06-08T11:47:46.0000000Z;5.375;5.382;88;900
2026-06-08T11:47:47.0000000Z;5.376;5.382;900;900
2026-06-08T11:47:49.0000000Z;5.376;5.382;900;900
2026-06-08T11:47:50.0000000Z;5.376;5.3815;900;595
2026-06-08T11:47:51.0000000Z;5.376;5.382;900;900
2026-06-08T11:47:52.0000000Z;5.376;5.382;900;900
2026-06-08T11:47:53.0000000Z;5.376;5.3825;900;900
2026-06-08T11:47:54.0000000Z;5.376;5.3825;900;900
2026-06-08T11:47:55.0000000Z;5.376;5.3825;900;51790
2026-06-08T11:47:56.0000000Z;5.376;5.3825;900;900
2026-06-08T11:47:57.0000000Z;5.376;5.383;900;12047
2026-06-08T11:47:58.0000000Z;5.376;5.383;900;12047
2026-06-08T11:47:59.0000000Z;5.3765;5.383;3542;12047
2026-06-08T11:48:00.0000000Z;5.3765;5.3825;3542;998
2026-06-08T11:48:01.0000000Z;5.376;5.3825;900;900
2026-06-08T11:48:02.0000000Z;5.3765;5.3825;3542;900
2026-06-08T11:48:04.0000000Z;5.376;5.3825;900;900
2026-06-08T11:48:05.0000000Z;5.3765;5.3825;3542;900
2026-06-08T11:48:06.0000000Z;5.3765;5.382;3542;777
2026-06-08T11:48:07.0000000Z;5.376;5.382;900;900
2026-06-08T11:48:08.0000000Z;5.376;5.382;900;900
2026-06-08T11:48:09.0000000Z;5.3765;5.382;2347;900
2026-06-08T11:48:10.0000000Z;5.376;5.382;900;900
2026-06-08T11:48:11.0000000Z;5.376;5.3815;900;595
2026-06-08T11:48:12.0000000Z;5.376;5.382;900;900
2026-06-08T11:48:13.0000000Z;5.3765;5.3815;2609;595
2026-06-08T11:48:14.0000000Z;5.3765;5.3815;2609;595
2026-06-08T11:48:15.0000000Z;5.375;5.383;88;11147
2026-06-08T11:48:16.0000000Z;5.3765;5.3815;3263;595
2026-06-08T11:48:17.0000000Z;5.3765;5.382;2336;900
2026-06-08T11:48:18.0000000Z;5.3765;5.3825;3332;423
2026-06-08T11:48:19.0000000Z;5.376;5.382;900;900
2026-06-08T11:48:21.0000000Z;5.376;5.382;900;900
2026-06-08T11:48:22.0000000Z;5.376;5.382;900;900
2026-06-08T11:48:24.0000000Z;5.376;5.382;900;900
2026-06-08T11:48:25.0000000Z;5.376;5.382;900;900
2026-06-08T11:48:32.0000000Z;5.376;5.382;900;900
2026-06-08T11:48:33.0000000Z;5.376;5.3825;900;51790
2026-06-08T11:48:36.0000000Z;5.376;5.3825;900;900
2026-06-08T11:48:37.0000000Z;5.3765;5.382;3332;777
2026-06-08T11:48:38.0000000Z;5.376;5.382;900;900
2026-06-08T11:48:39.0000000Z;5.376;5.3815;900;595
2026-06-08T11:48:40.0000000Z;5.376;5.382;900;900
2026-06-08T11:48:41.0000000Z;5.375;5.382;88;900
2026-06-08T11:48:42.0000000Z;5.376;5.382;900;900
2026-06-08T11:48:43.0000000Z;5.376;5.382;900;900
2026-06-08T11:48:44.0000000Z;5.376;5.382;900;900
2026-06-08T11:48:45.0000000Z;5.376;5.382;900;900
2026-06-08T11:48:46.0000000Z;5.375;5.382;88;900
2026-06-08T11:48:47.0000000Z;5.376;5.382;900;900
2026-06-08T11:48:48.0000000Z;5.375;5.383;88;11147
2026-06-08T11:48:49.0000000Z;5.3765;5.3815;3332;595
2026-06-08T11:48:50.0000000Z;5.376;5.382;900;900
2026-06-08T11:48:55.0000000Z;5.376;5.3815;900;595
2026-06-08T11:48:56.0000000Z;5.376;5.382;900;900
2026-06-08T11:48:57.0000000Z;5.376;5.3815;900;595
2026-06-08T11:48:59.0000000Z;5.376;5.382;900;900
2026-06-08T11:49:00.0000000Z;5.376;5.382;900;900
2026-06-08T11:49:02.0000000Z;5.375;5.3815;88;595
2026-06-08T11:49:03.0000000Z;5.375;5.383;88;11147
2026-06-08T11:49:04.0000000Z;5.375;5.383;88;11147
2026-06-08T11:49:05.0000000Z;5.376;5.382;900;900
2026-06-08T11:49:06.0000000Z;5.376;5.382;900;900
2026-06-08T11:49:08.0000000Z;5.3765;5.3815;3332;595
2026-06-08T11:49:09.0000000Z;5.376;5.383;900;11147
2026-06-08T11:49:10.0000000Z;5.375;5.3815;88;595
2026-06-08T11:49:11.0000000Z;5.3765;5.3815;2659;595
2026-06-08T11:49:12.0000000Z;5.3755;5.382;900;900
2026-06-08T11:49:13.0000000Z;5.376;5.382;2184;900
2026-06-08T11:49:14.0000000Z;5.376;5.3815;2184;595
2026-06-08T11:49:17.0000000Z;5.3755;5.381;42500;8465
2026-06-08T11:49:18.0000000Z;5.3755;5.3795;900;11147
2026-06-08T11:49:19.0000000Z;5.3755;5.379;42500;42500
2026-06-08T11:49:20.0000000Z;5.375;5.379;88;18522
2026-06-08T11:49:21.0000000Z;5.3755;5.3795;900;12047
2026-06-08T11:49:22.0000000Z;5.3755;5.379;900;16578
2026-06-08T11:49:23.0000000Z;5.3755;5.3795;900;900
2026-06-08T11:49:24.0000000Z;5.3755;5.3795;900;900
2026-06-08T11:49:25.0000000Z;5.376;5.3805;900;900
2026-06-08T11:49:26.0000000Z;5.376;5.3805;900;900
2026-06-08T11:49:27.0000000Z;5.376;5.3795;900;42500
2026-06-08T11:49:28.0000000Z;5.376;5.38;900;9294
2026-06-08T11:49:29.0000000Z;5.3765;5.38;1846;9294
2026-06-08T11:49:30.0000000Z;5.376;5.38;900;9294
2026-06-08T11:49:31.0000000Z;5.3765;5.3805;1846;42500
2026-06-08T11:49:35.0000000Z;5.376;5.3805;900;900
2026-06-08T11:49:36.0000000Z;5.376;5.3805;900;900
2026-06-08T11:49:39.0000000Z;5.376;5.3805;900;42500
2026-06-08T11:49:40.0000000Z;5.376;5.3815;900;11150
2026-06-08T11:49:42.0000000Z;5.376;5.381;900;9292
2026-06-08T11:49:43.0000000Z;5.376;5.3815;900;12050
2026-06-08T11:49:46.0000000Z;5.376;5.3815;900;11150
2026-06-08T11:49:48.0000000Z;5.376;5.3815;900;11150
2026-06-08T11:49:51.0000000Z;5.376;5.3815;900;11150
2026-06-08T11:49:52.0000000Z;5.375;5.3815;88;11150
2026-06-08T11:49:53.0000000Z;5.3765;5.381;1846;614
2026-06-08T11:49:54.0000000Z;5.3765;5.381;1846;614
2026-06-08T11:49:55.0000000Z;5.3765;5.381;1846;614
2026-06-08T11:49:56.0000000Z;5.376;5.381;1846;614
2026-06-08T11:49:57.0000000Z;5.376;5.381;900;900
2026-06-08T11:49:58.0000000Z;5.376;5.3805;900;900
2026-06-08T11:49:59.0000000Z;5.3765;5.3805;1846;42500
2026-06-08T11:50:00.0000000Z;5.376;5.3815;900;12050
2026-06-08T11:50:01.0000000Z;5.376;5.3815;900;11150
2026-06-08T11:50:02.0000000Z;5.376;5.3815;900;11150
2026-06-08T11:50:03.0000000Z;5.376;5.3815;900;11150
2026-06-08T11:50:04.0000000Z;5.376;5.3815;900;11150
2026-06-08T11:50:06.0000000Z;5.376;5.3825;900;10387
2026-06-08T11:50:07.0000000Z;5.378;5.386;3542;12040
2026-06-08T11:50:08.0000000Z;5.3775;5.386;900;11140
2026-06-08T11:50:09.0000000Z;5.3775;5.386;900;11140
2026-06-08T11:50:10.0000000Z;5.3775;5.386;900;11140
2026-06-08T11:50:11.0000000Z;5.3775;5.3855;900;775
2026-06-08T11:50:12.0000000Z;5.3775;5.386;900;11140
2026-06-08T11:50:13.0000000Z;5.378;5.3855;900;5400
2026-06-08T11:50:14.0000000Z;5.378;5.385;900;11143
2026-06-08T11:50:15.0000000Z;5.378;5.385;900;15643
2026-06-08T11:50:16.0000000Z;5.3785;5.385;3542;15643
2026-06-08T11:50:18.0000000Z;5.378;5.385;900;11143
2026-06-08T11:50:21.0000000Z;5.378;5.385;900;11143
2026-06-08T11:50:22.0000000Z;5.378;5.385;900;15643
2026-06-08T11:50:23.0000000Z;5.378;5.385;900;11143
2026-06-08T11:50:27.0000000Z;5.378;5.3845;900;276
2026-06-08T11:50:28.0000000Z;5.378;5.3845;900;11250
2026-06-08T11:50:29.0000000Z;5.378;5.385;900;11143
2026-06-08T11:50:30.0000000Z;5.3785;5.385;3480;11143
2026-06-08T11:50:31.0000000Z;5.3785;5.385;3480;11143
2026-06-08T11:50:33.0000000Z;5.378;5.385;900;15643
2026-06-08T11:50:35.0000000Z;5.378;5.385;900;11143
2026-06-08T11:50:36.0000000Z;5.378;5.385;900;11143
2026-06-08T11:50:37.0000000Z;5.378;5.385;900;11143
2026-06-08T11:50:38.0000000Z;5.378;5.385;900;15643
2026-06-08T11:50:39.0000000Z;5.378;5.385;900;16543
2026-06-08T11:50:40.0000000Z;5.378;5.3845;900;14400
2026-06-08T11:50:41.0000000Z;5.378;5.3845;900;900
2026-06-08T11:50:42.0000000Z;5.378;5.3845;900;42706
2026-06-08T11:50:43.0000000Z;5.3785;5.384;3480;42500
2026-06-08T11:50:44.0000000Z;5.3785;5.384;3480;42500
2026-06-08T11:50:47.0000000Z;5.378;5.384;900;42500
2026-06-08T11:50:48.0000000Z;5.3785;5.385;3480;11143
2026-06-08T11:50:49.0000000Z;5.378;5.3845;900;900
2026-06-08T11:50:51.0000000Z;5.378;5.3845;900;900
2026-06-08T11:50:52.0000000Z;5.378;5.3845;900;900
2026-06-08T11:50:53.0000000Z;5.378;5.384;900;900
2026-06-08T11:50:54.0000000Z;5.3785;5.384;3480;42916
2026-06-08T11:50:55.0000000Z;5.376;5.384;900;900
2026-06-08T11:50:56.0000000Z;5.377;5.384;3427;900
2026-06-08T11:50:57.0000000Z;5.3765;5.3835;3542;903
2026-06-08T11:50:58.0000000Z;5.376;5.384;900;900
2026-06-08T11:51:01.0000000Z;5.3765;5.385;3542;11143
2026-06-08T11:51:02.0000000Z;5.376;5.3825;900;900
2026-06-08T11:51:03.0000000Z;5.3765;5.382;1846;749
2026-06-08T11:51:04.0000000Z;5.376;5.3815;900;900
2026-06-08T11:51:07.0000000Z;5.376;5.3815;900;900
2026-06-08T11:51:08.0000000Z;5.3765;5.381;1846;384
2026-06-08T11:51:09.0000000Z;5.376;5.3815;900;900
2026-06-08T11:51:10.0000000Z;5.3765;5.381;2282;384
2026-06-08T11:51:12.0000000Z;5.376;5.3815;900;900
2026-06-08T11:51:13.0000000Z;5.376;5.3815;900;900
2026-06-08T11:51:14.0000000Z;5.376;5.3815;900;900
2026-06-08T11:51:15.0000000Z;5.3765;5.3815;2699;42500
2026-06-08T11:51:16.0000000Z;5.375;5.3825;88;11148
2026-06-08T11:51:17.0000000Z;5.376;5.382;900;900
2026-06-08T11:51:18.0000000Z;5.376;5.3815;900;900
2026-06-08T11:51:19.0000000Z;5.376;5.381;900;384
2026-06-08T11:51:20.0000000Z;5.3765;5.381;3161;384
2026-06-08T11:51:22.0000000Z;5.376;5.3815;900;900
2026-06-08T11:51:23.0000000Z;5.376;5.3815;900;900
2026-06-08T11:51:24.0000000Z;5.376;5.381;900;384
2026-06-08T11:51:25.0000000Z;5.3755;5.3795;900;900
2026-06-08T11:51:27.0000000Z;5.3755;5.3795;900;900
2026-06-08T11:51:28.0000000Z;5.375;5.3795;88;900
2026-06-08T11:51:29.0000000Z;5.3755;5.3795;51802;900
2026-06-08T11:51:30.0000000Z;5.375;5.3795;88;900
2026-06-08T11:51:31.0000000Z;5.375;5.379;988;900
2026-06-08T11:51:32.0000000Z;5.375;5.379;988;900
2026-06-08T11:51:33.0000000Z;5.375;5.379;988;42500
2026-06-08T11:51:34.0000000Z;5.3705;5.38;900;11153
2026-06-08T11:51:35.0000000Z;5.3705;5.379;900;900
2026-06-08T11:51:36.0000000Z;5.3705;5.379;900;900
2026-06-08T11:51:37.0000000Z;5.375;5.379;9303;900
2026-06-08T11:51:38.0000000Z;5.371;5.3785;3542;937
2026-06-08T11:51:39.0000000Z;5.3705;5.3795;900;900
2026-06-08T11:51:40.0000000Z;5.3705;5.3795;900;900
2026-06-08T11:51:41.0000000Z;5.3705;5.3795;900;900
2026-06-08T11:51:42.0000000Z;5.3705;5.3795;900;900
2026-06-08T11:51:43.0000000Z;5.3705;5.3795;900;900
2026-06-08T11:51:45.0000000Z;5.3705;5.379;900;900
2026-06-08T11:51:46.0000000Z;5.3705;5.3785;900;454
2026-06-08T11:51:48.0000000Z;5.3725;5.38;3542;11153
2026-06-08T11:51:49.0000000Z;5.372;5.3795;900;900
2026-06-08T11:51:51.0000000Z;5.372;5.3795;900;900
2026-06-08T11:51:52.0000000Z;5.372;5.3795;900;900
2026-06-08T11:51:53.0000000Z;5.372;5.3795;900;900
2026-06-08T11:51:54.0000000Z;5.372;5.3795;900;900
2026-06-08T11:51:55.0000000Z;5.372;5.379;900;22770
2026-06-08T11:51:56.0000000Z;5.372;5.379;900;22770
2026-06-08T11:51:57.0000000Z;5.372;5.379;900;22770
2026-06-08T11:51:58.0000000Z;5.372;5.379;900;22770
2026-06-08T11:52:00.0000000Z;5.372;5.3785;900;13351
2026-06-08T11:52:01.0000000Z;5.372;5.379;900;42738
2026-06-08T11:52:02.0000000Z;5.371;5.379;3877;11155
2026-06-08T11:52:03.0000000Z;5.372;5.379;900;11155
2026-06-08T11:52:04.0000000Z;5.3725;5.379;3542;11155
2026-06-08T11:52:05.0000000Z;5.3735;5.3795;900;9
2026-06-08T11:52:06.0000000Z;5.373;5.3825;900;900
2026-06-08T11:52:07.0000000Z;5.373;5.3815;900;8465
2026-06-08T11:52:08.0000000Z;5.373;5.381;900;900
2026-06-08T11:52:09.0000000Z;5.3735;5.3795;3542;9295
2026-06-08T11:52:10.0000000Z;5.3735;5.3805;3542;358
2026-06-08T11:52:13.0000000Z;5.373;5.381;900;11151
2026-06-08T11:52:14.0000000Z;5.373;5.381;900;12051
2026-06-08T11:52:17.0000000Z;5.372;5.3805;465;900
2026-06-08T11:52:18.0000000Z;5.373;5.3805;900;900
2026-06-08T11:52:19.0000000Z;5.373;5.381;900;12051
2026-06-08T11:52:20.0000000Z;5.373;5.381;900;11151
2026-06-08T11:52:21.0000000Z;5.373;5.381;900;12051
2026-06-08T11:52:22.0000000Z;5.373;5.381;900;11151
2026-06-08T11:52:23.0000000Z;5.373;5.381;900;12051
2026-06-08T11:52:25.0000000Z;5.373;5.3805;900;485
2026-06-08T11:52:27.0000000Z;5.373;5.3805;900;42985
2026-06-08T11:52:29.0000000Z;5.373;5.3805;900;900
2026-06-08T11:52:30.0000000Z;5.373;5.3805;900;900
2026-06-08T11:52:31.0000000Z;5.373;5.3805;900;900
2026-06-08T11:52:35.0000000Z;5.373;5.3805;900;900
2026-06-08T11:52:37.0000000Z;5.373;5.3805;900;900
2026-06-08T11:52:38.0000000Z;5.373;5.3805;900;900
2026-06-08T11:52:40.0000000Z;5.373;5.381;900;12051
2026-06-08T11:52:41.0000000Z;5.373;5.381;900;12051
2026-06-08T11:52:43.0000000Z;5.373;5.3805;900;411
2026-06-08T11:52:44.0000000Z;5.373;5.3805;900;411
2026-06-08T11:52:45.0000000Z;5.373;5.38;900;900
2026-06-08T11:52:46.0000000Z;5.3735;5.38;3542;307
2026-06-08T11:52:47.0000000Z;5.373;5.3805;900;42985
2026-06-08T11:52:50.0000000Z;5.373;5.381;900;11151
2026-06-08T11:52:51.0000000Z;5.3735;5.38;3542;437
2026-06-08T11:52:53.0000000Z;5.373;5.3805;900;900
2026-06-08T11:52:56.0000000Z;5.3735;5.38;3542;437
2026-06-08T11:53:01.0000000Z;5.3725;5.38;900;900
2026-06-08T11:53:02.0000000Z;5.3735;5.38;3542;43050
2026-06-08T11:53:03.0000000Z;5.373;5.38;3542;43050
2026-06-08T11:53:04.0000000Z;5.3725;5.38;900;900
2026-06-08T11:53:06.0000000Z;5.3725;5.38;900;900
2026-06-08T11:53:07.0000000Z;5.3725;5.38;900;900
2026-06-08T11:53:08.0000000Z;5.3725;5.38;900;900
2026-06-08T11:53:09.0000000Z;5.3725;5.38;900;900
2026-06-08T11:53:10.0000000Z;5.3725;5.38;900;900
2026-06-08T11:53:11.0000000Z;5.3725;5.38;900;900
2026-06-08T11:53:12.0000000Z;5.373;5.38;3542;900
2026-06-08T11:53:13.0000000Z;5.3725;5.38;900;900
2026-06-08T11:53:14.0000000Z;5.3725;5.38;900;900
2026-06-08T11:53:19.0000000Z;5.3725;5.38;900;900
2026-06-08T11:53:20.0000000Z;5.3725;5.38;900;900
2026-06-08T11:53:21.0000000Z;5.3725;5.38;900;900
2026-06-08T11:53:23.0000000Z;5.3725;5.38;900;900
2026-06-08T11:53:25.0000000Z;5.3725;5.38;900;840
2026-06-08T11:53:27.0000000Z;5.372;5.38;465;840
2026-06-08T11:53:28.0000000Z;5.3725;5.38;900;840
2026-06-08T11:53:33.0000000Z;5.3725;5.38;900;840
2026-06-08T11:53:38.0000000Z;5.3715;5.38;11171;840
2026-06-08T11:53:39.0000000Z;5.3725;5.381;900;11151
2026-06-08T11:53:40.0000000Z;5.3725;5.38;900;900
2026-06-08T11:53:41.0000000Z;5.3725;5.38;900;900
2026-06-08T11:53:43.0000000Z;5.3725;5.381;900;12051
2026-06-08T11:53:44.0000000Z;5.3725;5.381;900;11876
2026-06-08T11:53:45.0000000Z;5.3725;5.3805;900;485
2026-06-08T11:53:46.0000000Z;5.373;5.3805;3542;17156
2026-06-08T11:53:47.0000000Z;5.3735;5.3805;3542;42832
2026-06-08T11:53:48.0000000Z;5.3735;5.3805;3542;42832
2026-06-08T11:53:49.0000000Z;5.373;5.3805;900;332
2026-06-08T11:53:52.0000000Z;5.373;5.381;900;900
2026-06-08T11:53:53.0000000Z;5.373;5.3815;465;1
2026-06-08T11:53:54.0000000Z;5.374;5.3825;3542;900
2026-06-08T11:53:55.0000000Z;5.3735;5.382;900;504
2026-06-08T11:53:56.0000000Z;5.374;5.3835;900;11146
2026-06-08T11:53:57.0000000Z;5.3745;5.382;3542;677
2026-06-08T11:53:58.0000000Z;5.3735;5.3825;900;900
2026-06-08T11:53:59.0000000Z;5.3745;5.3825;3542;900
2026-06-08T11:53:59.0000000Z;5.3735;5.3825;900;900
2026-06-08T11:54:00.0000000Z;5.3735;5.3825;900;900
2026-06-08T11:54:02.0000000Z;5.3685;5.3795;3851;900
2026-06-08T11:54:03.0000000Z;5.372;5.379;900;900
2026-06-08T11:54:04.0000000Z;5.372;5.3795;900;900
2026-06-08T11:54:05.0000000Z;5.3705;5.38;900;11153
2026-06-08T11:54:06.0000000Z;5.3705;5.379;900;900
2026-06-08T11:54:07.0000000Z;5.372;5.3785;3344;937
2026-06-08T11:54:08.0000000Z;5.3695;5.379;900;900
2026-06-08T11:54:09.0000000Z;5.372;5.379;3344;900
2026-06-08T11:54:10.0000000Z;5.369;5.379;900;900
2026-06-08T11:54:11.0000000Z;5.3695;5.3785;3542;937
2026-06-08T11:54:12.0000000Z;5.369;5.379;900;900
2026-06-08T11:54:13.0000000Z;5.3695;5.379;3542;900
2026-06-08T11:54:14.0000000Z;5.369;5.379;900;900
2026-06-08T11:54:15.0000000Z;5.369;5.379;900;900
2026-06-08T11:54:16.0000000Z;5.369;5.379;900;900
2026-06-08T11:54:17.0000000Z;5.369;5.379;900;900
2026-06-08T11:54:18.0000000Z;5.369;5.379;900;900
2026-06-08T11:54:19.0000000Z;5.369;5.379;900;900
2026-06-08T11:54:20.0000000Z;5.369;5.379;900;900
2026-06-08T11:54:21.0000000Z;5.369;5.3785;900;937
2026-06-08T11:54:22.0000000Z;5.3695;5.379;900;900
2026-06-08T11:54:23.0000000Z;5.37;5.3785;3542;937
2026-06-08T11:54:24.0000000Z;5.367;5.378;900;9365
2026-06-08T11:54:25.0000000Z;5.3695;5.3765;3063;1174
2026-06-08T11:54:26.0000000Z;5.3665;5.376;900;710
2026-06-08T11:54:27.0000000Z;5.3695;5.3755;3174;900
2026-06-08T11:54:28.0000000Z;5.3665;5.376;900;20760
2026-06-08T11:54:29.0000000Z;5.3665;5.3755;900;509
2026-06-08T11:54:30.0000000Z;5.367;5.3755;3542;509
2026-06-08T11:54:31.0000000Z;5.367;5.376;3542;767
2026-06-08T11:54:32.0000000Z;5.368;5.377;900;900
2026-06-08T11:54:33.0000000Z;5.368;5.3765;900;563
2026-06-08T11:54:34.0000000Z;5.368;5.3765;900;563
2026-06-08T11:54:35.0000000Z;5.368;5.377;900;900
2026-06-08T11:54:36.0000000Z;5.368;5.377;900;900
2026-06-08T11:54:38.0000000Z;5.368;5.377;15683;8465
2026-06-08T11:54:39.0000000Z;5.3695;5.3775;900;12058
2026-06-08T11:54:40.0000000Z;5.3695;5.3775;900;12058
2026-06-08T11:54:41.0000000Z;5.3695;5.3775;900;12058
2026-06-08T11:54:42.0000000Z;5.367;5.377;900;5400
2026-06-08T11:54:43.0000000Z;5.37;5.3765;3542;1138
2026-06-08T11:54:44.0000000Z;5.3675;5.3765;3542;1138
2026-06-08T11:54:47.0000000Z;5.369;5.377;3542;900
2026-06-08T11:54:52.0000000Z;5.3685;5.377;900;900
2026-06-08T11:54:53.0000000Z;5.3685;5.3765;988;43638
2026-06-08T11:54:54.0000000Z;5.3685;5.3765;900;43638
2026-06-08T11:54:55.0000000Z;5.37;5.3765;3542;43638
2026-06-08T11:54:56.0000000Z;5.3685;5.3765;465;1138
2026-06-08T11:54:57.0000000Z;5.37;5.3775;3542;11158
2026-06-08T11:54:58.0000000Z;5.3695;5.3775;900;11158
2026-06-08T11:55:00.0000000Z;5.3695;5.3775;900;12058
2026-06-08T11:55:01.0000000Z;5.3695;5.3765;900;1138
2026-06-08T11:55:02.0000000Z;5.3695;5.3775;900;12058
2026-06-08T11:55:03.0000000Z;5.3695;5.3775;900;12058
2026-06-08T11:55:05.0000000Z;5.369;5.377;900;5400
2026-06-08T11:55:06.0000000Z;5.3695;5.3765;3542;1138
2026-06-08T11:55:07.0000000Z;5.368;5.3775;11178;11158
2026-06-08T11:55:08.0000000Z;5.368;5.3765;11178;900
2026-06-08T11:55:09.0000000Z;5.3695;5.3765;3542;43638
2026-06-08T11:55:10.0000000Z;5.369;5.3775;900;11158
2026-06-08T11:55:11.0000000Z;5.369;5.377;900;8465
2026-06-08T11:55:12.0000000Z;5.369;5.3765;900;1138
2026-06-08T11:55:13.0000000Z;5.369;5.376;900;900
2026-06-08T11:55:14.0000000Z;5.369;5.3765;900;900
2026-06-08T11:55:15.0000000Z;5.369;5.377;900;464
2026-06-08T11:55:16.0000000Z;5.369;5.3765;900;900
2026-06-08T11:55:21.0000000Z;5.369;5.3765;900;900
2026-06-08T11:55:23.0000000Z;5.369;5.3765;900;900
2026-06-08T11:55:28.0000000Z;5.369;5.3765;900;900
2026-06-08T11:55:30.0000000Z;5.369;5.3765;900;900
2026-06-08T11:55:35.0000000Z;5.369;5.376;900;323
2026-06-08T11:55:37.0000000Z;5.3665;5.374;900;382
2026-06-08T11:55:38.0000000Z;5.3665;5.374;900;900
2026-06-08T11:55:39.0000000Z;5.3665;5.3735;900;396
2026-06-08T11:55:40.0000000Z;5.3665;5.375;900;11163
2026-06-08T11:55:41.0000000Z;5.3665;5.375;900;11163
2026-06-08T11:55:42.0000000Z;5.3655;5.3745;31486;19847
2026-06-08T11:55:43.0000000Z;5.3655;5.3755;11183;8465
2026-06-08T11:55:44.0000000Z;5.3655;5.3745;11183;900
2026-06-08T11:55:45.0000000Z;5.3665;5.3745;900;900
2026-06-08T11:55:46.0000000Z;5.3665;5.3745;900;900
2026-06-08T11:55:47.0000000Z;5.367;5.374;3542;1086
2026-06-08T11:55:50.0000000Z;5.3665;5.3745;900;900
2026-06-08T11:55:51.0000000Z;5.367;5.374;3542;1086
2026-06-08T11:55:52.0000000Z;5.3665;5.375;900;900
2026-06-08T11:55:53.0000000Z;5.367;5.374;3542;1086
2026-06-08T11:55:54.0000000Z;5.3665;5.376;900;11161
2026-06-08T11:55:55.0000000Z;5.3665;5.375;900;900
2026-06-08T11:55:59.0000000Z;5.367;5.375;3542;900
2026-06-08T11:56:00.0000000Z;5.3665;5.375;900;900
2026-06-08T11:56:01.0000000Z;5.3665;5.374;900;1086
2026-06-08T11:56:02.0000000Z;5.3665;5.375;900;900
2026-06-08T11:56:03.0000000Z;5.3665;5.375;900;900
2026-06-08T11:56:04.0000000Z;5.367;5.374;3542;1086
2026-06-08T11:56:05.0000000Z;5.367;5.374;3542;1086
2026-06-08T11:56:06.0000000Z;5.3665;5.3745;900;900
2026-06-08T11:56:07.0000000Z;5.3665;5.3745;900;405
2026-06-08T11:56:10.0000000Z;5.3655;5.3755;11183;8465
2026-06-08T11:56:11.0000000Z;5.3665;5.3745;900;900
2026-06-08T11:56:13.0000000Z;5.3665;5.374;900;900
2026-06-08T11:56:14.0000000Z;5.3665;5.374;900;900
2026-06-08T11:56:15.0000000Z;5.367;5.375;3542;11163
2026-06-08T11:56:16.0000000Z;5.367;5.3735;3542;303
2026-06-08T11:56:17.0000000Z;5.367;5.3735;3542;303
2026-06-08T11:56:18.0000000Z;5.3665;5.374;3542;406
2026-06-08T11:56:19.0000000Z;5.3665;5.375;900;11163
2026-06-08T11:56:20.0000000Z;5.367;5.374;3542;406
2026-06-08T11:56:21.0000000Z;5.3665;5.374;900;900
2026-06-08T11:56:22.0000000Z;5.3655;5.375;32179;11163
2026-06-08T11:56:23.0000000Z;5.367;5.374;3542;42906
2026-06-08T11:56:24.0000000Z;5.3655;5.375;11183;11163
2026-06-08T11:56:25.0000000Z;5.3655;5.374;32121;900
2026-06-08T11:56:26.0000000Z;5.3665;5.374;900;900
2026-06-08T11:56:27.0000000Z;5.3665;5.374;900;900
2026-06-08T11:56:28.0000000Z;5.3665;5.374;900;900
2026-06-08T11:56:32.0000000Z;5.367;5.374;3542;43016
2026-06-08T11:56:34.0000000Z;5.3665;5.374;900;900
2026-06-08T11:56:40.0000000Z;5.3665;5.374;900;900
2026-06-08T11:56:42.0000000Z;5.3665;5.375;900;11163
2026-06-08T11:56:43.0000000Z;5.3665;5.375;900;11163
2026-06-08T11:56:45.0000000Z;5.3665;5.375;900;11163
2026-06-08T11:56:46.0000000Z;5.368;5.375;3393;11163
2026-06-08T11:56:47.0000000Z;5.367;5.3745;13342;490
2026-06-08T11:56:48.0000000Z;5.3665;5.375;900;11163
2026-06-08T11:56:49.0000000Z;5.3665;5.375;900;11163
2026-06-08T11:56:50.0000000Z;5.3665;5.375;900;11163
2026-06-08T11:56:51.0000000Z;5.3675;5.375;13342;11163
2026-06-08T11:56:52.0000000Z;5.3665;5.375;900;11163
2026-06-08T11:56:53.0000000Z;5.3665;5.375;900;11163
2026-06-08T11:56:54.0000000Z;5.3665;5.375;900;11163
2026-06-08T11:56:55.0000000Z;5.3665;5.375;900;11163
2026-06-08T11:56:56.0000000Z;5.3665;5.375;900;11163
2026-06-08T11:56:57.0000000Z;5.3665;5.375;900;11163
2026-06-08T11:56:58.0000000Z;5.3665;5.375;900;11163
2026-06-08T11:56:59.0000000Z;5.3665;5.375;900;11163
2026-06-08T11:57:00.0000000Z;5.3665;5.375;900;11163
2026-06-08T11:57:01.0000000Z;5.3665;5.375;900;11163
2026-06-08T11:57:02.0000000Z;5.3685;5.375;3444;11163
2026-06-08T11:57:03.0000000Z;5.368;5.375;900;12063
2026-06-08T11:57:07.0000000Z;5.3665;5.375;900;12063
2026-06-08T11:57:08.0000000Z;5.367;5.3745;3542;564
2026-06-08T11:57:09.0000000Z;5.3665;5.3745;900;900
2026-06-08T11:57:10.0000000Z;5.3665;5.3745;900;43064
2026-06-08T11:57:11.0000000Z;5.3665;5.3745;900;900
2026-06-08T11:57:15.0000000Z;5.3665;5.374;18936;900
2026-06-08T11:57:16.0000000Z;5.3665;5.3745;900;900
2026-06-08T11:57:17.0000000Z;5.3665;5.3745;900;900
2026-06-08T11:57:18.0000000Z;5.3665;5.374;900;900
2026-06-08T11:57:19.0000000Z;5.3665;5.374;900;42882
2026-06-08T11:57:22.0000000Z;5.3665;5.374;900;900
2026-06-08T11:57:23.0000000Z;5.3665;5.374;900;900
2026-06-08T11:57:30.0000000Z;5.3665;5.374;900;900
2026-06-08T11:57:31.0000000Z;5.3665;5.374;900;900
2026-06-08T11:57:32.0000000Z;5.3665;5.374;900;900
2026-06-08T11:57:33.0000000Z;5.3665;5.374;900;900
2026-06-08T11:57:40.0000000Z;5.3665;5.374;900;900
2026-06-08T11:57:41.0000000Z;5.3655;5.374;11183;900
2026-06-08T11:57:42.0000000Z;5.3665;5.374;900;900
2026-06-08T11:57:43.0000000Z;5.3665;5.374;900;11165
2026-06-08T11:57:44.0000000Z;5.3665;5.374;900;12065
2026-06-08T11:57:45.0000000Z;5.3665;5.374;900;12065
2026-06-08T11:57:46.0000000Z;5.3665;5.374;900;12065
2026-06-08T11:57:47.0000000Z;5.3665;5.3735;900;42981
2026-06-08T11:57:48.0000000Z;5.3665;5.3735;900;900
2026-06-08T11:57:49.0000000Z;5.3665;5.374;900;12065
2026-06-08T11:57:50.0000000Z;5.3665;5.3735;900;42981
2026-06-08T11:57:54.0000000Z;5.3665;5.374;900;11165
2026-06-08T11:57:55.0000000Z;5.3655;5.374;33564;11165
2026-06-08T11:57:56.0000000Z;5.3665;5.374;900;11165
2026-06-08T11:57:57.0000000Z;5.3655;5.374;33564;11165
2026-06-08T11:57:58.0000000Z;5.3665;5.374;900;11165
2026-06-08T11:58:00.0000000Z;5.3665;5.3735;900;481
2026-06-08T11:58:02.0000000Z;5.3665;5.374;900;11165
2026-06-08T11:58:04.0000000Z;5.3665;5.374;900;11165
2026-06-08T11:58:05.0000000Z;5.3665;5.374;900;11165
2026-06-08T11:58:07.0000000Z;5.3665;5.374;900;11165
2026-06-08T11:58:11.0000000Z;5.3675;5.374;3459;11165
2026-06-08T11:58:12.0000000Z;5.3675;5.374;13259;11165
2026-06-08T11:58:13.0000000Z;5.37;5.3775;900;900
2026-06-08T11:58:14.0000000Z;5.3705;5.374;3542;42500
2026-06-08T11:58:15.0000000Z;5.37;5.3775;900;900
2026-06-08T11:58:16.0000000Z;5.37;5.3775;900;900
2026-06-08T11:58:17.0000000Z;5.3705;5.377;3542;160
2026-06-08T11:58:18.0000000Z;5.368;5.3785;11178;11156
2026-06-08T11:58:19.0000000Z;5.37;5.377;3542;681
2026-06-08T11:58:20.0000000Z;5.37;5.377;3542;681
2026-06-08T11:58:21.0000000Z;5.37;5.377;3542;681
2026-06-08T11:58:22.0000000Z;5.369;5.3775;900;900
2026-06-08T11:58:23.0000000Z;5.3695;5.377;3542;681
2026-06-08T11:58:27.0000000Z;5.369;5.3775;900;900
2026-06-08T11:58:28.0000000Z;5.369;5.3775;900;900
2026-06-08T11:58:30.0000000Z;5.369;5.3775;900;900
2026-06-08T11:58:31.0000000Z;5.369;5.3775;900;900
2026-06-08T11:58:34.0000000Z;5.371;5.3775;900;900
2026-06-08T11:58:35.0000000Z;5.37;5.3775;189;900
2026-06-08T11:58:36.0000000Z;5.371;5.3775;900;900
2026-06-08T11:58:42.0000000Z;5.371;5.377;900;681
2026-06-08T11:58:43.0000000Z;5.371;5.3775;900;900
2026-06-08T11:58:46.0000000Z;5.371;5.3775;900;900
2026-06-08T11:58:47.0000000Z;5.371;5.3775;900;900
2026-06-08T11:58:52.0000000Z;5.371;5.3775;900;900
2026-06-08T11:58:55.0000000Z;5.3715;5.377;3461;681
2026-06-08T11:58:56.0000000Z;5.371;5.3775;900;900
2026-06-08T11:58:57.0000000Z;5.371;5.3775;900;900
2026-06-08T11:59:00.0000000Z;5.371;5.3775;900;900
2026-06-08T11:59:01.0000000Z;5.371;5.3775;900;900
2026-06-08T11:59:02.0000000Z;5.371;5.3775;900;900
2026-06-08T11:59:03.0000000Z;5.371;5.377;900;681
2026-06-08T11:59:04.0000000Z;5.371;5.3785;900;11156
2026-06-08T11:59:05.0000000Z;5.371;5.3775;900;900
2026-06-08T11:59:07.0000000Z;5.371;5.3775;900;900
2026-06-08T11:59:08.0000000Z;5.371;5.3775;900;900
2026-06-08T11:59:09.0000000Z;5.3715;5.3775;3461;900
2026-06-08T11:59:11.0000000Z;5.3715;5.3785;3461;11156
2026-06-08T11:59:13.0000000Z;5.3715;5.377;3461;681
2026-06-08T11:59:14.0000000Z;5.371;5.3775;900;900
2026-06-08T11:59:15.0000000Z;5.371;5.377;900;681
2026-06-08T11:59:16.0000000Z;5.371;5.3775;900;900
2026-06-08T11:59:17.0000000Z;5.371;5.3775;900;900
2026-06-08T11:59:18.0000000Z;5.371;5.377;900;681
2026-06-08T11:59:20.0000000Z;5.371;5.3775;900;900
2026-06-08T11:59:23.0000000Z;5.371;5.3775;900;900
2026-06-08T11:59:24.0000000Z;5.371;5.377;900;681
2026-06-08T11:59:25.0000000Z;5.3715;5.3775;3461;900
2026-06-08T11:59:27.0000000Z;5.3705;5.4;3851;260
2026-06-08T11:59:28.0000000Z;5.3725;5.3775;3542;42500
2026-06-08T11:59:29.0000000Z;5.373;5.3815;900;900
2026-06-08T11:59:30.0000000Z;5.3725;5.3815;88;12050
2026-06-08T11:59:31.0000000Z;5.3735;5.3815;900;12050
2026-06-08T11:59:32.0000000Z;5.3735;5.3805;900;900
2026-06-08T11:59:33.0000000Z;5.3735;5.378;900;9298
2026-06-08T11:59:34.0000000Z;5.374;5.3805;3542;42823
2026-06-08T11:59:35.0000000Z;5.3735;5.3815;900;11150
2026-06-08T11:59:36.0000000Z;5.3735;5.381;900;900
2026-06-08T11:59:37.0000000Z;5.3735;5.3815;900;11150
2026-06-08T11:59:38.0000000Z;5.3735;5.381;900;900
2026-06-08T11:59:41.0000000Z;5.3735;5.3805;900;900
2026-06-08T11:59:42.0000000Z;5.3735;5.3805;900;900
2026-06-08T11:59:43.0000000Z;5.3735;5.3805;900;42968
2026-06-08T11:59:45.0000000Z;5.3725;5.3805;88;900
2026-06-08T11:59:46.0000000Z;5.3735;5.3805;900;900
2026-06-08T11:59:50.0000000Z;5.3735;5.3805;900;42968
2026-06-08T11:59:51.0000000Z;5.3735;5.3805;900;42968
2026-06-08T11:59:52.0000000Z;5.373;5.3805;900;900
2026-06-08T11:59:53.0000000Z;5.3735;5.38;3542;298
2026-06-08T11:59:55.0000000Z;5.37;5.3795;189;11154
2026-06-08T11:59:56.0000000Z;5.371;5.378;900;900
2026-06-08T11:59:57.0000000Z;5.371;5.379;900;11155
2026-06-08T11:59:58.0000000Z;5.37;5.379;189;11155
2026-06-08T11:59:59.0000000Z;5.373;5.3775;2670;505
2026-06-08T11:59:59.0000000Z;5.371;5.378;900;900
2026-06-08T12:00:00.0000000Z;5.371;5.379;900;11155
2026-06-08T12:00:01.0000000Z;5.3685;5.3775;88;673
2026-06-08T12:00:02.0000000Z;5.3675;5.378;11179;900
2026-06-08T12:00:03.0000000Z;5.3685;5.378;88;900
2026-06-08T12:00:04.0000000Z;5.3695;5.3775;900;795
2026-06-08T12:00:05.0000000Z;5.371;5.3775;3425;795
2026-06-08T12:00:06.0000000Z;5.3695;5.378;900;900
2026-06-08T12:00:07.0000000Z;5.3695;5.378;900;900
2026-06-08T12:00:08.0000000Z;5.3695;5.378;900;900
2026-06-08T12:00:09.0000000Z;5.3695;5.378;900;900
2026-06-08T12:00:10.0000000Z;5.3695;5.378;900;900
2026-06-08T12:00:11.0000000Z;5.3695;5.378;900;900
2026-06-08T12:00:12.0000000Z;5.3695;5.378;900;900
2026-06-08T12:00:13.0000000Z;5.3695;5.378;900;900
2026-06-08T12:00:14.0000000Z;5.37;5.3775;3542;795
2026-06-08T12:00:15.0000000Z;5.3695;5.378;900;900
2026-06-08T12:00:17.0000000Z;5.3685;5.3775;88;795
2026-06-08T12:00:18.0000000Z;5.365;5.376;900;1539
2026-06-08T12:00:19.0000000Z;5.3655;5.3755;88;14541
2026-06-08T12:00:20.0000000Z;5.367;5.375;900;11163
2026-06-08T12:00:21.0000000Z;5.367;5.375;900;11163
2026-06-08T12:00:22.0000000Z;5.3695;5.375;2655;11163
2026-06-08T12:00:23.0000000Z;5.367;5.375;900;11163
2026-06-08T12:00:24.0000000Z;5.367;5.375;988;11163
2026-06-08T12:00:25.0000000Z;5.3715;5.375;900;42500
2026-06-08T12:00:26.0000000Z;5.367;5.379;465;11155
2026-06-08T12:00:27.0000000Z;5.368;5.378;900;900
2026-06-08T12:00:28.0000000Z;5.372;5.378;1846;900
2026-06-08T12:00:29.0000000Z;5.368;5.378;900;900
2026-06-08T12:00:30.0000000Z;5.368;5.378;900;900
2026-06-08T12:00:31.0000000Z;5.368;5.379;900;11155
2026-06-08T12:00:32.0000000Z;5.368;5.378;900;900
2026-06-08T12:00:35.0000000Z;5.3695;5.378;900;900
2026-06-08T12:00:36.0000000Z;5.37;5.379;3542;11155
2026-06-08T12:00:38.0000000Z;5.368;5.378;900;900
2026-06-08T12:00:39.0000000Z;5.367;5.379;465;11155
2026-06-08T12:00:40.0000000Z;5.368;5.378;900;900
2026-06-08T12:00:41.0000000Z;5.3695;5.378;900;900
2026-06-08T12:00:42.0000000Z;5.3695;5.378;900;900
2026-06-08T12:00:44.0000000Z;5.3705;5.3785;29644;15240
2026-06-08T12:00:45.0000000Z;5.3705;5.3785;14559;15240
2026-06-08T12:00:46.0000000Z;5.3715;5.3865;465;464
2026-06-08T12:00:47.0000000Z;5.3725;5.4;33860;260
2026-06-08T12:00:48.0000000Z;5.376;5.3875;465;11137
2026-06-08T12:00:49.0000000Z;5.3775;5.3875;464;11137
2026-06-08T12:00:50.0000000Z;5.377;5.3895;3850;11133
2026-06-08T12:00:51.0000000Z;5.3775;5.379;3542;9296
2026-06-08T12:00:52.0000000Z;5.377;5.379;464;9296
2026-06-08T12:00:53.0000000Z;5.378;5.3885;9627;11135
2026-06-08T12:00:54.0000000Z;5.3785;5.3885;464;12035
2026-06-08T12:00:55.0000000Z;5.3785;5.3885;11156;11135
2026-06-08T12:00:56.0000000Z;5.3795;5.3875;900;900
2026-06-08T12:00:57.0000000Z;5.3785;5.3875;11156;900
2026-06-08T12:00:58.0000000Z;5.38;5.3885;3542;11135
2026-06-08T12:00:59.0000000Z;5.3785;5.3885;11156;11135
2026-06-08T12:01:00.0000000Z;5.3785;5.3885;11156;11135
2026-06-08T12:01:01.0000000Z;5.3785;5.397;464;463
2026-06-08T12:01:02.0000000Z;5.3815;5.393;464;11126
2026-06-08T12:01:03.0000000Z;5.3815;5.393;8929;11126
2026-06-08T12:01:04.0000000Z;5.381;5.393;11151;11126
2026-06-08T12:01:05.0000000Z;5.3825;5.389;3542;9279
2026-06-08T12:01:06.0000000Z;5.382;5.389;900;9279
2026-06-08T12:01:07.0000000Z;5.381;5.393;11151;11126
2026-06-08T12:01:08.0000000Z;5.3765;5.3885;11160;1403
2026-06-08T12:01:09.0000000Z;5.382;5.3875;42500;1284
2026-06-08T12:01:10.0000000Z;5.378;5.3835;9298;1409
2026-06-08T12:01:11.0000000Z;5.3765;5.3805;42500;1218
2026-06-08T12:01:12.0000000Z;5.3725;5.381;3062;11145
2026-06-08T12:01:13.0000000Z;5.3675;5.38;11179;11153
2026-06-08T12:01:14.0000000Z;5.3715;5.3795;3466;1414
2026-06-08T12:01:15.0000000Z;5.3715;5.3795;3466;1414
2026-06-08T12:01:16.0000000Z;5.3655;5.3785;11183;8465
2026-06-08T12:01:17.0000000Z;5.3655;5.377;11183;1295
2026-06-08T12:01:18.0000000Z;5.3715;5.3765;1512;1538
2026-06-08T12:01:19.0000000Z;5.3655;5.377;465;11159
2026-06-08T12:01:20.0000000Z;5.367;5.3765;3542;1538
2026-06-08T12:01:21.0000000Z;5.368;5.377;900;11159
2026-06-08T12:01:22.0000000Z;5.368;5.376;900;510
2026-06-08T12:01:23.0000000Z;5.367;5.3765;900;900
2026-06-08T12:01:24.0000000Z;5.3675;5.3755;3542;902
2026-06-08T12:01:25.0000000Z;5.367;5.377;3412;11159
2026-06-08T12:01:26.0000000Z;5.367;5.376;3542;43375
2026-06-08T12:01:27.0000000Z;5.365;5.3755;11184;940
2026-06-08T12:01:28.0000000Z;5.3665;5.3755;900;940
2026-06-08T12:01:29.0000000Z;5.367;5.3765;900;929
2026-06-08T12:01:30.0000000Z;5.365;5.377;11184;11159
2026-06-08T12:01:31.0000000Z;5.366;5.377;465;11159
2026-06-08T12:01:32.0000000Z;5.3675;5.3755;3542;414
2026-06-08T12:01:33.0000000Z;5.366;5.377;465;11159
2026-06-08T12:01:34.0000000Z;5.3675;5.375;3542;663
2026-06-08T12:01:35.0000000Z;5.367;5.3755;900;11162
2026-06-08T12:01:36.0000000Z;5.367;5.3755;900;11162
2026-06-08T12:01:37.0000000Z;5.3675;5.3755;3542;42500
2026-06-08T12:01:38.0000000Z;5.361;5.3785;3852;900
2026-06-08T12:01:39.0000000Z;5.3675;5.3755;3542;11162
2026-06-08T12:01:40.0000000Z;5.362;5.3915;466;463
2026-06-08T12:01:41.0000000Z;5.348;5.4;467;260
2026-06-08T12:01:42.0000000Z;5.354;5.3665;11207;11181
2026-06-08T12:01:43.0000000Z;5.348;5.3815;135600;464
2026-06-08T12:01:44.0000000Z;5.3495;5.3835;900;338640
2026-06-08T12:01:45.0000000Z;5.3495;5.3825;900;34760
2026-06-08T12:01:46.0000000Z;5.354;5.3635;900;11187
2026-06-08T12:01:47.0000000Z;5.354;5.3635;900;11187
2026-06-08T12:01:48.0000000Z;5.354;5.3635;900;10998
2026-06-08T12:01:49.0000000Z;5.356;5.363;900;10086
2026-06-08T12:01:50.0000000Z;5.3615;5.3665;2312;900
2026-06-08T12:01:51.0000000Z;5.3565;5.367;900;11180
2026-06-08T12:01:52.0000000Z;5.3615;5.367;2312;11180
2026-06-08T12:01:53.0000000Z;5.3615;5.366;466;900
2026-06-08T12:01:54.0000000Z;5.3545;5.3655;11206;1551
2026-06-08T12:01:55.0000000Z;5.356;5.365;900;900
2026-06-08T12:01:56.0000000Z;5.3545;5.365;900;900
2026-06-08T12:01:57.0000000Z;5.3545;5.365;900;900
2026-06-08T12:01:58.0000000Z;5.3545;5.365;900;900
2026-06-08T12:01:59.0000000Z;5.356;5.3645;3542;1206
2026-06-08T12:02:00.0000000Z;5.356;5.3645;3542;1696
2026-06-08T12:02:01.0000000Z;5.356;5.3635;3542;1109
2026-06-08T12:02:02.0000000Z;5.353;5.363;900;900
2026-06-08T12:02:03.0000000Z;5.356;5.3625;3542;705
2026-06-08T12:02:04.0000000Z;5.3555;5.363;9337;1466
2026-06-08T12:02:05.0000000Z;5.351;5.363;13280;11188
2026-06-08T12:02:06.0000000Z;5.3485;5.362;11219;19653
2026-06-08T12:02:07.0000000Z;5.35;5.36;467;11195
2026-06-08T12:02:08.0000000Z;5.351;5.359;900;713
2026-06-08T12:02:09.0000000Z;5.3515;5.359;3542;43599
2026-06-08T12:02:10.0000000Z;5.348;5.3825;900;900
2026-06-08T12:02:11.0000000Z;5.3485;5.3575;13342;698
2026-06-08T12:02:12.0000000Z;5.348;5.359;29081;11197
2026-06-08T12:02:13.0000000Z;5.3495;5.3575;3542;524
2026-06-08T12:02:14.0000000Z;5.349;5.3575;900;698
2026-06-08T12:02:15.0000000Z;5.3495;5.3575;3542;698
2026-06-08T12:02:16.0000000Z;5.348;5.3575;28505;808
2026-06-08T12:02:17.0000000Z;5.349;5.3575;3542;808
2026-06-08T12:02:18.0000000Z;5.348;5.358;11220;11199
2026-06-08T12:02:19.0000000Z;5.349;5.358;900;11199
2026-06-08T12:02:20.0000000Z;5.3485;5.358;8465;11199
2026-06-08T12:02:21.0000000Z;5.349;5.3575;11218;6
2026-06-08T12:02:22.0000000Z;5.351;5.358;3542;42500
2026-06-08T12:02:23.0000000Z;5.354;5.3595;3542;9330
2026-06-08T12:02:24.0000000Z;5.3555;5.3655;13342;8465
2026-06-08T12:02:25.0000000Z;5.3555;5.365;11204;11184
2026-06-08T12:02:26.0000000Z;5.3555;5.365;11204;11184
2026-06-08T12:02:27.0000000Z;5.3565;5.364;900;900
2026-06-08T12:02:28.0000000Z;5.3565;5.364;900;900
2026-06-08T12:02:29.0000000Z;5.3565;5.3635;900;310
2026-06-08T12:02:30.0000000Z;5.3555;5.3645;11204;900
2026-06-08T12:02:31.0000000Z;5.3565;5.365;900;11184
2026-06-08T12:02:32.0000000Z;5.354;5.3635;900;11187
2026-06-08T12:02:33.0000000Z;5.352;5.363;900;900
2026-06-08T12:02:34.0000000Z;5.352;5.3635;1367;11187
2026-06-08T12:02:35.0000000Z;5.3535;5.3625;900;900
2026-06-08T12:02:36.0000000Z;5.3535;5.363;900;857
2026-06-08T12:02:37.0000000Z;5.3535;5.3625;900;900
2026-06-08T12:02:38.0000000Z;5.3535;5.3625;900;674
2026-06-08T12:02:39.0000000Z;5.3535;5.3635;900;11187
2026-06-08T12:02:40.0000000Z;5.3535;5.3635;900;11187
2026-06-08T12:02:41.0000000Z;5.355;5.3635;900;11187
2026-06-08T12:02:42.0000000Z;5.357;5.3625;3378;170
2026-06-08T12:02:43.0000000Z;5.3565;5.363;900;42500
2026-06-08T12:02:44.0000000Z;5.3565;5.366;900;11182
2026-06-08T12:02:45.0000000Z;5.3565;5.366;900;11182
2026-06-08T12:02:46.0000000Z;5.3565;5.366;900;11182
2026-06-08T12:02:47.0000000Z;5.3565;5.366;900;15682
2026-06-08T12:02:48.0000000Z;5.3565;5.366;900;16582
2026-06-08T12:02:49.0000000Z;5.3565;5.366;900;11182
2026-06-08T12:02:50.0000000Z;5.3555;5.366;30826;11182
2026-06-08T12:02:51.0000000Z;5.3565;5.3645;900;563
2026-06-08T12:02:52.0000000Z;5.355;5.363;238;1432
2026-06-08T12:02:53.0000000Z;5.3525;5.362;900;834
2026-06-08T12:02:54.0000000Z;5.3565;5.3625;2930;900
2026-06-08T12:02:55.0000000Z;5.3515;5.3635;467;11187
2026-06-08T12:02:56.0000000Z;5.3515;5.3625;467;900
2026-06-08T12:02:57.0000000Z;5.351;5.3625;11213;11187
2026-06-08T12:02:58.0000000Z;5.3485;5.3595;19981;11196
2026-06-08T12:02:59.0000000Z;5.347;5.3565;11987;11046
2026-06-08T12:03:00.0000000Z;5.3445;5.3555;19692;11204
2026-06-08T12:03:01.0000000Z;5.351;5.3545;467;886
2026-06-08T12:03:02.0000000Z;5.3455;5.354;900;527
2026-06-08T12:03:03.0000000Z;5.351;5.354;467;662
2026-06-08T12:03:04.0000000Z;5.3465;5.3545;900;11206
2026-06-08T12:03:05.0000000Z;5.347;5.354;3542;1198
2026-06-08T12:03:06.0000000Z;5.3465;5.354;900;1198
2026-06-08T12:03:07.0000000Z;5.3455;5.354;900;18304
2026-06-08T12:03:08.0000000Z;5.3455;5.3545;900;900
2026-06-08T12:03:09.0000000Z;5.3455;5.3545;900;900
2026-06-08T12:03:10.0000000Z;5.3455;5.3545;900;900
2026-06-08T12:03:11.0000000Z;5.3455;5.354;900;551
2026-06-08T12:03:12.0000000Z;5.3455;5.3555;900;11204
2026-06-08T12:03:13.0000000Z;5.3455;5.3555;900;11204
2026-06-08T12:03:14.0000000Z;5.3465;5.355;900;900
2026-06-08T12:03:15.0000000Z;5.3465;5.3555;900;11204
2026-06-08T12:03:16.0000000Z;5.3465;5.3555;900;11204
2026-06-08T12:03:19.0000000Z;5.3475;5.3555;3542;11204
2026-06-08T12:03:20.0000000Z;5.348;5.355;3542;771
2026-06-08T12:03:21.0000000Z;5.3495;5.357;3542;26202
2026-06-08T12:03:22.0000000Z;5.348;5.3565;3542;15631
2026-06-08T12:03:23.0000000Z;5.348;5.3555;3542;400
2026-06-08T12:03:24.0000000Z;5.3475;5.356;900;900
2026-06-08T12:03:25.0000000Z;5.3465;5.357;11223;11201
2026-06-08T12:03:26.0000000Z;5.348;5.352;1846;553
2026-06-08T12:03:27.0000000Z;5.3405;5.351;468;11213
2026-06-08T12:03:28.0000000Z;5.3415;5.351;900;12113
2026-06-08T12:03:29.0000000Z;5.3385;5.349;468;761
2026-06-08T12:03:30.0000000Z;5.3405;5.3495;750;900
2026-06-08T12:03:32.0000000Z;5.3405;5.35;750;11215
2026-06-08T12:03:33.0000000Z;5.3405;5.35;750;11215
2026-06-08T12:03:34.0000000Z;5.3405;5.35;750;11215
2026-06-08T12:03:35.0000000Z;5.3405;5.35;750;11215
2026-06-08T12:03:36.0000000Z;5.342;5.35;900;11215
2026-06-08T12:03:37.0000000Z;5.3425;5.35;13342;11215
2026-06-08T12:03:38.0000000Z;5.3425;5.3495;3542;9983
2026-06-08T12:03:39.0000000Z;5.341;5.3525;468;19675
2026-06-08T12:03:40.0000000Z;5.3415;5.3525;900;11210
2026-06-08T12:03:41.0000000Z;5.3415;5.3515;900;900
2026-06-08T12:03:42.0000000Z;5.342;5.351;3542;964
2026-06-08T12:03:43.0000000Z;5.342;5.351;3542;964
2026-06-08T12:03:44.0000000Z;5.3395;5.349;900;1057
2026-06-08T12:03:45.0000000Z;5.3395;5.3505;900;12114
2026-06-08T12:03:46.0000000Z;5.3395;5.3495;900;900
2026-06-08T12:03:47.0000000Z;5.3395;5.349;900;1097
2026-06-08T12:03:48.0000000Z;5.34;5.348;3542;798
2026-06-08T12:03:49.0000000Z;5.338;5.348;11241;947
2026-06-08T12:03:50.0000000Z;5.3385;5.348;3542;947
2026-06-08T12:03:51.0000000Z;5.3385;5.348;12536;32382
2026-06-08T12:03:52.0000000Z;5.3355;5.348;11246;11220
2026-06-08T12:03:53.0000000Z;5.3355;5.348;11246;11220
2026-06-08T12:03:54.0000000Z;5.3385;5.3475;3542;1250
2026-06-08T12:03:55.0000000Z;5.333;5.387;15743;464
2026-06-08T12:03:56.0000000Z;5.3355;5.3485;3333;9349
2026-06-08T12:03:57.0000000Z;5.3325;5.343;468;11230
2026-06-08T12:03:58.0000000Z;5.3355;5.343;3333;11230
2026-06-08T12:03:59.0000000Z;5.331;5.343;468;11230
2026-06-08T12:04:00.0000000Z;5.3355;5.3425;3333;1256
2026-06-08T12:04:01.0000000Z;5.331;5.343;468;11230
2026-06-08T12:04:02.0000000Z;5.3355;5.3425;3333;1256
2026-06-08T12:04:03.0000000Z;5.3355;5.3415;3504;653
2026-06-08T12:04:04.0000000Z;5.332;5.3425;900;900
2026-06-08T12:04:05.0000000Z;5.3355;5.3425;3504;900
2026-06-08T12:04:06.0000000Z;5.3335;5.3425;900;900
2026-06-08T12:04:07.0000000Z;5.3335;5.342;900;900
2026-06-08T12:04:08.0000000Z;5.332;5.342;900;900
2026-06-08T12:04:09.0000000Z;5.3335;5.342;900;900
2026-06-08T12:04:10.0000000Z;5.334;5.3415;3542;889
2026-06-08T12:04:11.0000000Z;5.333;5.342;900;11232
2026-06-08T12:04:12.0000000Z;5.3305;5.342;27104;11232
2026-06-08T12:04:13.0000000Z;5.3315;5.3405;900;469
2026-06-08T12:04:14.0000000Z;5.3335;5.3415;3542;839
2026-06-08T12:04:15.0000000Z;5.333;5.341;900;900
2026-06-08T12:04:16.0000000Z;5.3335;5.3405;3542;629
2026-06-08T12:04:17.0000000Z;5.3335;5.3415;3542;8465
2026-06-08T12:04:18.0000000Z;5.331;5.3405;468;629
2026-06-08T12:04:19.0000000Z;5.3285;5.3385;469;11240
2026-06-08T12:04:20.0000000Z;5.3315;5.338;3542;757
2026-06-08T12:04:21.0000000Z;5.3285;5.3385;469;11240
2026-06-08T12:04:22.0000000Z;5.331;5.3385;900;11240
2026-06-08T12:04:23.0000000Z;5.331;5.3385;900;11240
2026-06-08T12:04:24.0000000Z;5.331;5.3385;900;11240
2026-06-08T12:04:25.0000000Z;5.331;5.3385;900;12140
2026-06-08T12:04:26.0000000Z;5.3285;5.3385;19629;11240
2026-06-08T12:04:27.0000000Z;5.3285;5.3385;19629;11240
2026-06-08T12:04:28.0000000Z;5.3295;5.3385;1369;11240
2026-06-08T12:04:29.0000000Z;5.33;5.3385;469;11240
2026-06-08T12:04:30.0000000Z;5.3325;5.3385;3542;42500
2026-06-08T12:04:31.0000000Z;5.332;5.3395;900;900
2026-06-08T12:04:32.0000000Z;5.3315;5.3395;900;900
2026-06-08T12:04:33.0000000Z;5.3315;5.339;900;51866
2026-06-08T12:04:34.0000000Z;5.3315;5.339;900;51866
2026-06-08T12:04:35.0000000Z;5.3315;5.34;900;11236
2026-06-08T12:04:36.0000000Z;5.3315;5.3395;900;900
2026-06-08T12:04:37.0000000Z;5.3315;5.339;900;9366
2026-06-08T12:04:38.0000000Z;5.332;5.339;3542;9366
2026-06-08T12:04:39.0000000Z;5.3315;5.339;900;42845
2026-06-08T12:04:40.0000000Z;5.3205;5.3375;469;1496
2026-06-08T12:04:41.0000000Z;5.331;5.333;9380;1266
2026-06-08T12:04:42.0000000Z;5.331;5.332;9380;914
2026-06-08T12:04:43.0000000Z;5.3205;5.33;88;11258
2026-06-08T12:04:44.0000000Z;5.3175;5.33;470;11258
2026-06-08T12:04:45.0000000Z;5.33;5.33;9380;42500
2026-06-08T12:04:46.0000000Z;5.329;5.329;9380;42500
2026-06-08T12:04:47.0000000Z;5.32;5.3285;3542;797
2026-06-08T12:04:48.0000000Z;5.32;5.3285;900;525
2026-06-08T12:04:49.0000000Z;5.322;5.329;42500;11260
2026-06-08T12:04:50.0000000Z;5.3215;5.329;900;11260
2026-06-08T12:04:51.0000000Z;5.3215;5.329;900;11260
2026-06-08T12:04:52.0000000Z;5.323;5.3335;900;11250
2026-06-08T12:04:53.0000000Z;5.323;5.333;900;900
2026-06-08T12:04:54.0000000Z;5.324;5.3325;900;900
2026-06-08T12:04:55.0000000Z;5.3225;5.3335;900;11250
2026-06-08T12:04:56.0000000Z;5.324;5.3325;2019;19717
2026-06-08T12:04:57.0000000Z;5.32;5.3265;900;329
2026-06-08T12:04:58.0000000Z;5.324;5.327;42500;728
2026-06-08T12:04:59.0000000Z;5.313;5.3255;22079;11267
2026-06-08T12:05:00.0000000Z;5.313;5.3255;22079;11267
2026-06-08T12:05:01.0000000Z;5.3155;5.325;900;1238
2026-06-08T12:05:02.0000000Z;5.3235;5.3245;9393;1081
2026-06-08T12:05:03.0000000Z;5.3135;5.325;900;5400
2026-06-08T12:05:04.0000000Z;5.3235;5.3245;9393;1081
2026-06-08T12:05:05.0000000Z;5.3235;5.3245;9393;1081
2026-06-08T12:05:06.0000000Z;5.3215;5.348;469;84660
2026-06-08T12:05:07.0000000Z;5.325;5.3375;469;11242
2026-06-08T12:05:08.0000000Z;5.325;5.3375;469;11242
2026-06-08T12:05:09.0000000Z;5.3265;5.336;3542;638
2026-06-08T12:05:10.0000000Z;5.3265;5.3375;469;11242
2026-06-08T12:05:11.0000000Z;5.3275;5.3365;900;900
2026-06-08T12:05:12.0000000Z;5.329;5.337;900;15665
2026-06-08T12:05:13.0000000Z;5.3295;5.337;3542;42500
2026-06-08T12:05:14.0000000Z;5.329;5.3385;900;900
2026-06-08T12:05:15.0000000Z;5.329;5.3385;900;900
2026-06-08T12:05:16.0000000Z;5.329;5.3385;900;900
2026-06-08T12:05:17.0000000Z;5.3235;5.336;469;11238
2026-06-08T12:05:18.0000000Z;5.3245;5.3335;900;900
2026-06-08T12:05:19.0000000Z;5.32;5.3315;900;11254
2026-06-08T12:05:20.0000000Z;5.316;5.3305;3386;11254
2026-06-08T12:05:21.0000000Z;5.3165;5.3275;900;11263
2026-06-08T12:05:22.0000000Z;5.318;5.3265;900;900
2026-06-08T12:05:23.0000000Z;5.3185;5.326;3542;750
2026-06-08T12:05:24.0000000Z;5.3155;5.3275;24686;11263
2026-06-08T12:05:25.0000000Z;5.3135;5.324;88;11263
2026-06-08T12:05:26.0000000Z;5.3145;5.3225;900;521
2026-06-08T12:05:27.0000000Z;5.316;5.323;3542;600
2026-06-08T12:05:28.0000000Z;5.3165;5.324;13342;42500
2026-06-08T12:05:29.0000000Z;5.3175;5.325;3542;991
2026-06-08T12:05:30.0000000Z;5.309;5.322;11302;11274
2026-06-08T12:05:31.0000000Z;5.301;5.329;471;469
2026-06-08T12:05:32.0000000Z;5.3125;5.3225;900;11294
2026-06-08T12:05:33.0000000Z;5.3165;5.3175;9405;733
2026-06-08T12:05:34.0000000Z;5.3165;5.318;9405;42500
2026-06-08T12:05:35.0000000Z;5.3165;5.318;9405;42500
2026-06-08T12:05:36.0000000Z;5.317;5.3215;2046;11276
2026-06-08T12:05:37.0000000Z;5.317;5.3215;3542;42500
2026-06-08T12:05:38.0000000Z;5.316;5.3245;900;900
2026-06-08T12:05:39.0000000Z;5.316;5.324;900;293
2026-06-08T12:05:40.0000000Z;5.3165;5.324;13342;364
2026-06-08T12:05:41.0000000Z;5.314;5.3235;900;640
2026-06-08T12:05:42.0000000Z;5.317;5.324;3542;376
2026-06-08T12:05:43.0000000Z;5.318;5.324;3542;42500
2026-06-08T12:05:44.0000000Z;5.3185;5.3265;3542;21980
2026-06-08T12:05:45.0000000Z;5.3185;5.325;13342;9390
2026-06-08T12:05:46.0000000Z;5.319;5.325;900;9390
2026-06-08T12:05:47.0000000Z;5.318;5.325;11283;9390
2026-06-08T12:05:48.0000000Z;5.318;5.329;11283;11260
2026-06-08T12:05:49.0000000Z;5.3185;5.3285;88;897
2026-06-08T12:05:50.0000000Z;5.318;5.3275;900;746
2026-06-08T12:05:51.0000000Z;5.318;5.327;900;560
2026-06-08T12:05:52.0000000Z;5.318;5.3275;900;746
2026-06-08T12:05:53.0000000Z;5.318;5.327;900;536
2026-06-08T12:05:54.0000000Z;5.3125;5.3255;11295;11261
2026-06-08T12:05:55.0000000Z;5.3125;5.322;11295;11261
2026-06-08T12:05:56.0000000Z;5.3125;5.321;9470;905
2026-06-08T12:05:57.0000000Z;5.3065;5.3205;11307;771
2026-06-08T12:05:58.0000000Z;5.309;5.3185;900;8465
2026-06-08T12:05:59.0000000Z;5.3185;5.3195;9402;10715
2026-06-08T12:06:00.0000000Z;5.311;5.3205;900;11278
2026-06-08T12:06:01.0000000Z;5.31;5.3205;11300;11278
2026-06-08T12:06:02.0000000Z;5.3105;5.3205;19200;11278
2026-06-08T12:06:03.0000000Z;5.311;5.32;900;43122
2026-06-08T12:06:04.0000000Z;5.311;5.319;900;225
2026-06-08T12:06:05.0000000Z;5.3115;5.3195;3542;19743
2026-06-08T12:06:06.0000000Z;5.313;5.3195;900;42500
2026-06-08T12:06:07.0000000Z;5.3145;5.324;3542;11270
2026-06-08T12:06:08.0000000Z;5.314;5.324;3542;11270
2026-06-08T12:06:09.0000000Z;5.314;5.321;3542;9397
2026-06-08T12:06:10.0000000Z;5.3145;5.321;3542;9397
2026-06-08T12:06:11.0000000Z;5.3145;5.321;3542;9397
2026-06-08T12:06:12.0000000Z;5.3075;5.321;33860;9397
2026-06-08T12:06:13.0000000Z;5.312;5.3205;900;521
2026-06-08T12:06:14.0000000Z;5.312;5.321;900;11277
2026-06-08T12:06:15.0000000Z;5.3125;5.3205;3542;734
2026-06-08T12:06:16.0000000Z;5.309;5.321;470;11277
2026-06-08T12:06:17.0000000Z;5.309;5.321;470;11277
2026-06-08T12:06:18.0000000Z;5.3095;5.3195;900;623
2026-06-08T12:06:19.0000000Z;5.312;5.3195;3542;775
2026-06-08T12:06:20.0000000Z;5.311;5.319;900;42912
2026-06-08T12:06:21.0000000Z;5.311;5.32;900;11279
2026-06-08T12:06:22.0000000Z;5.3145;5.324;3542;11270
2026-06-08T12:06:23.0000000Z;5.314;5.323;900;8465
2026-06-08T12:06:24.0000000Z;5.314;5.3215;900;9396
2026-06-08T12:06:25.0000000Z;5.315;5.3235;3542;900
2026-06-08T12:06:26.0000000Z;5.3145;5.323;900;463
2026-06-08T12:06:27.0000000Z;5.3145;5.3235;900;900
2026-06-08T12:06:28.0000000Z;5.3145;5.323;900;463
2026-06-08T12:06:29.0000000Z;5.3145;5.324;900;11270
2026-06-08T12:06:30.0000000Z;5.3145;5.324;900;11270
2026-06-08T12:06:31.0000000Z;5.3145;5.3235;900;900
2026-06-08T12:06:32.0000000Z;5.317;5.3265;900;900
2026-06-08T12:06:33.0000000Z;5.317;5.3265;900;900
2026-06-08T12:06:34.0000000Z;5.317;5.3265;900;900
2026-06-08T12:06:35.0000000Z;5.319;5.331;470;11255
2026-06-08T12:06:36.0000000Z;5.3195;5.327;3542;42500
2026-06-08T12:06:37.0000000Z;5.3205;5.33;3542;900
2026-06-08T12:06:38.0000000Z;5.32;5.33;900;900
2026-06-08T12:06:39.0000000Z;5.319;5.33;900;900
2026-06-08T12:06:40.0000000Z;5.3205;5.331;3542;11255
2026-06-08T12:06:41.0000000Z;5.321;5.33;900;11255
2026-06-08T12:06:42.0000000Z;5.3215;5.3275;3542;9386
2026-06-08T12:06:43.0000000Z;5.321;5.3275;900;9386
2026-06-08T12:06:44.0000000Z;5.321;5.3305;900;468
2026-06-08T12:06:45.0000000Z;5.3215;5.3295;3542;449
2026-06-08T12:06:46.0000000Z;5.321;5.33;900;900
2026-06-08T12:06:47.0000000Z;5.321;5.33;900;900
2026-06-08T12:06:48.0000000Z;5.3195;5.331;900;11255
2026-06-08T12:06:49.0000000Z;5.3225;5.33;3542;900
2026-06-08T12:06:50.0000000Z;5.3225;5.33;3542;900
2026-06-08T12:06:51.0000000Z;5.321;5.3295;469;613
2026-06-08T12:06:52.0000000Z;5.3215;5.33;900;900
2026-06-08T12:06:53.0000000Z;5.322;5.33;46042;900
2026-06-08T12:06:55.0000000Z;5.3215;5.3295;900;613
2026-06-08T12:06:56.0000000Z;5.3215;5.33;900;900
2026-06-08T12:06:57.0000000Z;5.3215;5.33;900;900
2026-06-08T12:06:58.0000000Z;5.3225;5.33;3542;900
2026-06-08T12:06:59.0000000Z;5.322;5.33;900;900
2026-06-08T12:07:00.0000000Z;5.3215;5.33;900;900
2026-06-08T12:07:01.0000000Z;5.3215;5.33;900;900
2026-06-08T12:07:02.0000000Z;5.322;5.33;900;19723
2026-06-08T12:07:03.0000000Z;5.3205;5.33;11278;11258
2026-06-08T12:07:04.0000000Z;5.3215;5.33;900;11258
2026-06-08T12:07:05.0000000Z;5.3205;5.33;11278;11258
2026-06-08T12:07:06.0000000Z;5.3215;5.33;900;11258
2026-06-08T12:07:07.0000000Z;5.3215;5.33;900;12158
2026-06-08T12:07:08.0000000Z;5.3215;5.329;900;197
2026-06-08T12:07:09.0000000Z;5.3215;5.3295;900;5400
2026-06-08T12:07:10.0000000Z;5.3205;5.329;11278;42872
2026-06-08T12:07:11.0000000Z;5.3165;5.327;470;728
2026-06-08T12:07:12.0000000Z;5.322;5.3275;2046;12163
2026-06-08T12:07:13.0000000Z;5.3215;5.3275;3273;11263
2026-06-08T12:07:14.0000000Z;5.3195;5.3275;900;11263
2026-06-08T12:07:15.0000000Z;5.3225;5.3275;3542;42500
2026-06-08T12:07:16.0000000Z;5.3165;5.331;3856;3386
2026-06-08T12:07:17.0000000Z;5.321;5.3295;3542;900
2026-06-08T12:07:18.0000000Z;5.321;5.3275;3542;167
2026-06-08T12:07:19.0000000Z;5.319;5.328;900;15762
2026-06-08T12:07:20.0000000Z;5.3205;5.328;900;11262
2026-06-08T12:07:21.0000000Z;5.322;5.328;900;11262
2026-06-08T12:07:22.0000000Z;5.3225;5.328;3455;11262
2026-06-08T12:07:24.0000000Z;5.3215;5.3275;900;9814
2026-06-08T12:07:25.0000000Z;5.322;5.3275;3542;9814
2026-06-08T12:07:26.0000000Z;5.3215;5.3315;900;11254
2026-06-08T12:07:27.0000000Z;5.326;5.3285;9800;9385
2026-06-08T12:07:28.0000000Z;5.3285;5.335;900;900
2026-06-08T12:07:29.0000000Z;5.327;5.328;900;9385
2026-06-08T12:07:30.0000000Z;5.3255;5.3355;1;11246
2026-06-08T12:07:31.0000000Z;5.3265;5.3355;900;12146
2026-06-08T12:07:32.0000000Z;5.327;5.335;3542;529
2026-06-08T12:07:33.0000000Z;5.327;5.3345;3542;629
2026-06-08T12:07:34.0000000Z;5.327;5.3355;3542;11246
2026-06-08T12:07:35.0000000Z;5.326;5.3345;900;43029
2026-06-08T12:07:36.0000000Z;5.3265;5.3345;3542;900
2026-06-08T12:07:37.0000000Z;5.3255;5.3345;900;900
2026-06-08T12:07:39.0000000Z;5.3255;5.3345;900;900
2026-06-08T12:07:40.0000000Z;5.3255;5.334;900;519
2026-06-08T12:07:41.0000000Z;5.3255;5.3345;900;900
2026-06-08T12:07:42.0000000Z;5.318;5.3395;470;47437
2026-06-08T12:07:43.0000000Z;5.326;5.3315;3542;441
2026-06-08T12:07:44.0000000Z;5.326;5.3315;3542;441
2026-06-08T12:07:45.0000000Z;5.3255;5.3325;3542;12152
2026-06-08T12:07:46.0000000Z;5.324;5.332;900;900
2026-06-08T12:07:47.0000000Z;5.324;5.3315;900;441
2026-06-08T12:07:48.0000000Z;5.324;5.332;900;900
2026-06-08T12:07:49.0000000Z;5.3245;5.332;3542;42956
2026-06-08T12:07:50.0000000Z;5.324;5.332;900;42956
2026-06-08T12:07:51.0000000Z;5.324;5.3325;900;11252
2026-06-08T12:07:52.0000000Z;5.324;5.3325;900;12152
2026-06-08T12:07:53.0000000Z;5.324;5.3325;900;11252
2026-06-08T12:07:54.0000000Z;5.327;5.336;1369;11245
2026-06-08T12:07:55.0000000Z;5.327;5.3325;1369;9377
2026-06-08T12:07:56.0000000Z;5.329;5.3355;3542;42500
2026-06-08T12:07:57.0000000Z;5.3285;5.335;900;498
2026-06-08T12:07:58.0000000Z;5.329;5.337;900;900
2026-06-08T12:07:59.0000000Z;5.328;5.337;900;900
2026-06-08T12:08:00.0000000Z;5.327;5.337;469;900
2026-06-08T12:08:01.0000000Z;5.327;5.337;469;19708
2026-06-08T12:08:02.0000000Z;5.328;5.3365;900;11615
2026-06-08T12:08:03.0000000Z;5.3285;5.336;3542;393
2026-06-08T12:08:04.0000000Z;5.3285;5.336;3542;393
2026-06-08T12:08:05.0000000Z;5.328;5.3365;900;900
2026-06-08T12:08:06.0000000Z;5.328;5.336;900;565
2026-06-08T12:08:07.0000000Z;5.328;5.3365;900;900
2026-06-08T12:08:08.0000000Z;5.328;5.3365;900;900
2026-06-08T12:08:09.0000000Z;5.3285;5.336;3542;565
2026-06-08T12:08:10.0000000Z;5.328;5.336;900;565
2026-06-08T12:08:11.0000000Z;5.328;5.337;900;12143
2026-06-08T12:08:12.0000000Z;5.328;5.3365;900;524
2026-06-08T12:08:13.0000000Z;5.3295;5.337;900;15743
2026-06-08T12:08:14.0000000Z;5.3285;5.337;469;11243
2026-06-08T12:08:15.0000000Z;5.332;5.3365;900;8
2026-06-08T12:08:16.0000000Z;5.332;5.337;900;42500
2026-06-08T12:08:17.0000000Z;5.33;5.3395;900;900
2026-06-08T12:08:18.0000000Z;5.3325;5.3375;3542;9368
2026-06-08T12:08:19.0000000Z;5.33;5.3395;900;900
2026-06-08T12:08:20.0000000Z;5.33;5.3395;900;900
2026-06-08T12:08:22.0000000Z;5.3305;5.339;3542;494
2026-06-08T12:08:23.0000000Z;5.33;5.3395;900;900
2026-06-08T12:08:24.0000000Z;5.3315;5.3395;900;900
2026-06-08T12:08:25.0000000Z;5.3315;5.3395;900;12138
2026-06-08T12:08:26.0000000Z;5.3315;5.339;900;42994
2026-06-08T12:08:27.0000000Z;5.3325;5.3395;3542;42500
2026-06-08T12:08:28.0000000Z;5.331;5.3415;468;11233
2026-06-08T12:08:29.0000000Z;5.332;5.341;1368;12635
2026-06-08T12:08:30.0000000Z;5.334;5.34;3542;9364
2026-06-08T12:08:31.0000000Z;5.332;5.34;900;273
2026-06-08T12:08:32.0000000Z;5.3335;5.3405;900;11235
2026-06-08T12:08:33.0000000Z;5.334;5.34;3542;10759
2026-06-08T12:08:34.0000000Z;5.3335;5.342;900;900
2026-06-08T12:08:35.0000000Z;5.3335;5.342;900;900
2026-06-08T12:08:36.0000000Z;5.3335;5.342;900;900
2026-06-08T12:08:37.0000000Z;5.3325;5.344;11252;11228
2026-06-08T12:08:38.0000000Z;5.3335;5.343;900;19695
2026-06-08T12:08:39.0000000Z;5.3335;5.343;900;19695
2026-06-08T12:08:40.0000000Z;5.3335;5.3425;900;601
2026-06-08T12:08:41.0000000Z;5.333;5.3425;24464;900
2026-06-08T12:08:42.0000000Z;5.3345;5.343;900;900
2026-06-08T12:08:43.0000000Z;5.3345;5.343;900;900
2026-06-08T12:08:44.0000000Z;5.3345;5.343;900;900
2026-06-08T12:08:45.0000000Z;5.332;5.34;900;900
2026-06-08T12:08:46.0000000Z;5.332;5.3405;900;900
2026-06-08T12:08:47.0000000Z;5.332;5.3405;900;900
2026-06-08T12:08:48.0000000Z;5.332;5.3405;900;900
2026-06-08T12:08:49.0000000Z;5.332;5.34;900;900
2026-06-08T12:08:50.0000000Z;5.3335;5.34;3542;900
2026-06-08T12:08:51.0000000Z;5.3325;5.3395;3542;525
2026-06-08T12:08:52.0000000Z;5.332;5.3405;900;5400
2026-06-08T12:08:53.0000000Z;5.333;5.34;3542;16636
2026-06-08T12:08:54.0000000Z;5.3305;5.3395;88;617
2026-06-08T12:08:55.0000000Z;5.3315;5.339;900;900
2026-06-08T12:08:56.0000000Z;5.332;5.339;3542;900
2026-06-08T12:08:57.0000000Z;5.3315;5.3395;900;5400
2026-06-08T12:08:58.0000000Z;5.3315;5.3395;900;5400
2026-06-08T12:08:59.0000000Z;5.3315;5.339;900;281
2026-06-08T12:09:00.0000000Z;5.331;5.3395;900;900
2026-06-08T12:09:01.0000000Z;5.332;5.339;3542;432
2026-06-08T12:09:02.0000000Z;5.3315;5.339;3542;432
2026-06-08T12:09:03.0000000Z;5.3325;5.34;3542;12136
2026-06-08T12:09:04.0000000Z;5.3325;5.3395;900;356
2026-06-08T12:09:05.0000000Z;5.3325;5.3395;900;900
2026-06-08T12:09:06.0000000Z;5.3325;5.34;900;12136
2026-06-08T12:09:07.0000000Z;5.3325;5.34;900;12136
2026-06-08T12:09:08.0000000Z;5.3325;5.34;900;11236
2026-06-08T12:09:09.0000000Z;5.33;5.34;11258;11236
2026-06-08T12:09:10.0000000Z;5.3315;5.339;3542;364
2026-06-08T12:09:11.0000000Z;5.331;5.338;900;900
2026-06-08T12:09:12.0000000Z;5.331;5.338;900;42500
2026-06-08T12:09:13.0000000Z;5.331;5.339;900;11239
2026-06-08T12:09:14.0000000Z;5.331;5.339;900;11239
2026-06-08T12:09:16.0000000Z;5.3315;5.339;900;11239
2026-06-08T12:09:17.0000000Z;5.3315;5.339;900;11239
2026-06-08T12:09:18.0000000Z;5.332;5.339;900;11239
2026-06-08T12:09:19.0000000Z;5.332;5.339;900;11239
2026-06-08T12:09:20.0000000Z;5.332;5.339;900;11239
2026-06-08T12:09:21.0000000Z;5.332;5.339;900;11239
2026-06-08T12:09:22.0000000Z;5.332;5.339;900;11239
2026-06-08T12:09:23.0000000Z;5.332;5.339;900;11239
2026-06-08T12:09:24.0000000Z;5.3325;5.339;3542;11239
2026-06-08T12:09:25.0000000Z;5.3345;5.341;900;900
2026-06-08T12:09:26.0000000Z;5.3345;5.342;900;900
2026-06-08T12:09:28.0000000Z;5.3345;5.3395;900;9365
2026-06-08T12:09:29.0000000Z;5.333;5.3395;900;9365
2026-06-08T12:09:30.0000000Z;5.3325;5.342;900;900
2026-06-08T12:09:31.0000000Z;5.3325;5.342;900;900
2026-06-08T12:09:32.0000000Z;5.333;5.3415;3542;492
2026-06-08T12:09:33.0000000Z;5.3325;5.342;900;900
2026-06-08T12:09:34.0000000Z;5.333;5.3415;3542;643
2026-06-08T12:09:35.0000000Z;5.333;5.3415;3542;643
2026-06-08T12:09:36.0000000Z;5.333;5.3415;3542;643
2026-06-08T12:09:37.0000000Z;5.333;5.342;3542;900
2026-06-08T12:09:38.0000000Z;5.3325;5.338;900;900
2026-06-08T12:09:39.0000000Z;5.3325;5.338;900;42500
2026-06-08T12:09:40.0000000Z;5.3325;5.338;900;42500
2026-06-08T12:09:41.0000000Z;5.333;5.339;2866;11239
2026-06-08T12:09:42.0000000Z;5.3325;5.3375;2555;869
2026-06-08T12:09:43.0000000Z;5.3295;5.3375;900;900
2026-06-08T12:09:44.0000000Z;5.3295;5.3375;900;900
2026-06-08T12:09:45.0000000Z;5.3295;5.3375;900;900
2026-06-08T12:09:46.0000000Z;5.3295;5.3375;900;43369
2026-06-08T12:09:47.0000000Z;5.33;5.337;3542;1273
2026-06-08T12:09:48.0000000Z;5.33;5.337;3542;1080
2026-06-08T12:09:49.0000000Z;5.3275;5.3365;3542;713
2026-06-08T12:09:50.0000000Z;5.327;5.337;900;900
2026-06-08T12:09:51.0000000Z;5.327;5.337;900;900
2026-06-08T12:09:52.0000000Z;5.327;5.337;900;900
2026-06-08T12:09:53.0000000Z;5.3275;5.3375;900;11242
2026-06-08T12:09:54.0000000Z;5.3275;5.3365;900;900
2026-06-08T12:09:55.0000000Z;5.329;5.337;900;900
2026-06-08T12:09:56.0000000Z;5.329;5.337;900;474
2026-06-08T12:09:57.0000000Z;5.329;5.3375;900;11242
2026-06-08T12:09:58.0000000Z;5.329;5.3375;900;11242
2026-06-08T12:09:59.0000000Z;5.329;5.3375;900;11242
2026-06-08T12:10:00.0000000Z;5.3295;5.337;3542;15136
2026-06-08T12:10:01.0000000Z;5.3305;5.3385;900;900
2026-06-08T12:10:02.0000000Z;5.329;5.3375;900;240
2026-06-08T12:10:03.0000000Z;5.331;5.338;3542;9367
2026-06-08T12:10:04.0000000Z;5.3265;5.3375;8465;1015
2026-06-08T12:10:05.0000000Z;5.328;5.3375;900;43515
2026-06-08T12:10:06.0000000Z;5.329;5.337;3542;739
2026-06-08T12:10:07.0000000Z;5.328;5.3375;900;900
2026-06-08T12:10:08.0000000Z;5.327;5.3375;900;900
2026-06-08T12:10:09.0000000Z;5.329;5.337;3542;739
2026-06-08T12:10:10.0000000Z;5.327;5.338;900;8465
2026-06-08T12:10:11.0000000Z;5.3285;5.3375;900;900
2026-06-08T12:10:12.0000000Z;5.3285;5.3375;900;900
2026-06-08T12:10:13.0000000Z;5.3285;5.337;900;739
2026-06-08T12:10:15.0000000Z;5.3285;5.3375;988;900
2026-06-08T12:10:16.0000000Z;5.3285;5.3375;988;900
2026-06-08T12:10:17.0000000Z;5.3275;5.3375;900;900
2026-06-08T12:10:19.0000000Z;5.3275;5.3385;900;11240
2026-06-08T12:10:20.0000000Z;5.3275;5.3375;900;900
2026-06-08T12:10:21.0000000Z;5.3275;5.3375;900;900
2026-06-08T12:10:22.0000000Z;5.3275;5.337;900;870
2026-06-08T12:10:23.0000000Z;5.329;5.3375;900;900
2026-06-08T12:10:25.0000000Z;5.3295;5.3375;3542;900
2026-06-08T12:10:26.0000000Z;5.329;5.3385;900;12140
2026-06-08T12:10:27.0000000Z;5.329;5.337;900;870
2026-06-08T12:10:28.0000000Z;5.329;5.3385;900;15740
2026-06-08T12:10:30.0000000Z;5.329;5.3385;900;11240
2026-06-08T12:10:31.0000000Z;5.329;5.3375;900;900
2026-06-08T12:10:32.0000000Z;5.329;5.3385;900;11240
2026-06-08T12:10:33.0000000Z;5.3315;5.338;900;6
2026-06-08T12:10:34.0000000Z;5.3315;5.3385;988;42506
2026-06-08T12:10:35.0000000Z;5.3315;5.34;900;900
2026-06-08T12:10:36.0000000Z;5.3315;5.34;900;900
2026-06-08T12:10:37.0000000Z;5.3315;5.34;900;900
2026-06-08T12:10:38.0000000Z;5.3315;5.3385;900;6
2026-06-08T12:10:39.0000000Z;5.3315;5.34;900;900
2026-06-08T12:10:41.0000000Z;5.332;5.3395;3542;233
2026-06-08T12:10:43.0000000Z;5.3315;5.3395;900;233
2026-06-08T12:10:44.0000000Z;5.3315;5.3395;900;233
2026-06-08T12:10:45.0000000Z;5.3315;5.3395;900;233
2026-06-08T12:10:46.0000000Z;5.3315;5.3395;900;233
2026-06-08T12:10:47.0000000Z;5.3315;5.3395;900;494
2026-06-08T12:10:48.0000000Z;5.332;5.339;3542;42733
2026-06-08T12:10:49.0000000Z;5.3315;5.339;900;900
2026-06-08T12:10:50.0000000Z;5.3315;5.339;900;900
2026-06-08T12:10:51.0000000Z;5.3315;5.339;900;900
2026-06-08T12:10:52.0000000Z;5.332;5.339;3542;42733
2026-06-08T12:10:53.0000000Z;5.3315;5.3395;900;900
2026-06-08T12:10:54.0000000Z;5.3315;5.3395;900;900
2026-06-08T12:10:55.0000000Z;5.3315;5.339;900;900
2026-06-08T12:10:56.0000000Z;5.3315;5.339;900;233
2026-06-08T12:10:57.0000000Z;5.332;5.3395;3542;900
2026-06-08T12:10:58.0000000Z;5.3315;5.339;900;233
2026-06-08T12:10:59.0000000Z;5.332;5.339;3542;309
2026-06-08T12:11:00.0000000Z;5.3315;5.339;900;42884
2026-06-08T12:11:01.0000000Z;5.332;5.339;3542;900
2026-06-08T12:11:03.0000000Z;5.3315;5.339;900;900
2026-06-08T12:11:04.0000000Z;5.3315;5.339;900;21954
2026-06-08T12:11:05.0000000Z;5.3315;5.3385;900;234
2026-06-08T12:11:06.0000000Z;5.3315;5.3385;900;5400
2026-06-08T12:11:07.0000000Z;5.3315;5.339;900;15739
2026-06-08T12:11:08.0000000Z;5.3315;5.339;900;12139
2026-06-08T12:11:09.0000000Z;5.3315;5.339;900;15739
2026-06-08T12:11:10.0000000Z;5.3315;5.339;900;11239
2026-06-08T12:11:11.0000000Z;5.332;5.339;3542;11239
2026-06-08T12:11:12.0000000Z;5.3315;5.339;900;11239
2026-06-08T12:11:13.0000000Z;5.3315;5.339;900;11239
2026-06-08T12:11:14.0000000Z;5.332;5.3385;3542;234
2026-06-08T12:11:15.0000000Z;5.3315;5.339;900;12139
2026-06-08T12:11:16.0000000Z;5.3315;5.339;900;12139
2026-06-08T12:11:17.0000000Z;5.3315;5.3385;900;900
2026-06-08T12:11:18.0000000Z;5.3315;5.3385;900;42734
2026-06-08T12:11:19.0000000Z;5.3305;5.3385;11256;42734
2026-06-08T12:11:20.0000000Z;5.3315;5.339;900;11239
2026-06-08T12:11:21.0000000Z;5.3315;5.339;900;12139
2026-06-08T12:11:22.0000000Z;5.3315;5.339;900;12139
2026-06-08T12:11:23.0000000Z;5.3305;5.339;11256;11239
2026-06-08T12:11:24.0000000Z;5.3305;5.339;11256;15739
2026-06-08T12:11:25.0000000Z;5.3315;5.339;900;11239
2026-06-08T12:11:26.0000000Z;5.3315;5.339;900;11239
2026-06-08T12:11:27.0000000Z;5.3315;5.339;900;11239
2026-06-08T12:11:28.0000000Z;5.3315;5.339;900;11239
2026-06-08T12:11:29.0000000Z;5.3315;5.339;900;11239
2026-06-08T12:11:30.0000000Z;5.3315;5.339;900;11239
2026-06-08T12:11:31.0000000Z;5.3345;5.3435;88;900
2026-06-08T12:11:32.0000000Z;5.3345;5.3445;468;11227
2026-06-08T12:11:33.0000000Z;5.3335;5.3445;88;11227
2026-06-08T12:11:34.0000000Z;5.3345;5.344;900;735
2026-06-08T12:11:35.0000000Z;5.3345;5.3435;900;11229
2026-06-08T12:11:36.0000000Z;5.3345;5.343;900;900
2026-06-08T12:11:37.0000000Z;5.3345;5.3425;900;316
2026-06-08T12:11:38.0000000Z;5.3335;5.3425;468;527
2026-06-08T12:11:39.0000000Z;5.3345;5.3425;900;43027
2026-06-08T12:11:40.0000000Z;5.334;5.3425;900;900
2026-06-08T12:11:41.0000000Z;5.334;5.3425;900;900
2026-06-08T12:11:43.0000000Z;5.334;5.342;900;382
2026-06-08T12:11:44.0000000Z;5.334;5.3425;900;900
2026-06-08T12:11:45.0000000Z;5.3345;5.342;3542;382
2026-06-08T12:11:47.0000000Z;5.334;5.3425;900;900
2026-06-08T12:11:48.0000000Z;5.3345;5.342;3542;382
2026-06-08T12:11:49.0000000Z;5.334;5.3425;900;900
2026-06-08T12:11:51.0000000Z;5.334;5.3425;900;900
2026-06-08T12:11:52.0000000Z;5.334;5.342;900;382
2026-06-08T12:11:53.0000000Z;5.3345;5.342;3542;382
2026-06-08T12:11:54.0000000Z;5.3345;5.3425;900;900
2026-06-08T12:11:56.0000000Z;5.3345;5.3425;900;900
2026-06-08T12:11:57.0000000Z;5.3345;5.3425;900;900
2026-06-08T12:11:58.0000000Z;5.334;5.3435;468;11229
2026-06-08T12:11:59.0000000Z;5.333;5.3435;11251;11229
2026-06-08T12:11:59.0000000Z;5.334;5.3425;900;900
2026-06-08T12:12:00.0000000Z;5.334;5.3425;900;900
2026-06-08T12:12:01.0000000Z;5.334;5.3425;900;900
2026-06-08T12:12:02.0000000Z;5.334;5.342;900;382
2026-06-08T12:12:03.0000000Z;5.3335;5.341;10956;735
2026-06-08T12:12:04.0000000Z;5.331;5.3415;20710;900
2026-06-08T12:12:05.0000000Z;5.334;5.3415;3542;900
2026-06-08T12:12:06.0000000Z;5.334;5.3415;900;900
2026-06-08T12:12:07.0000000Z;5.3325;5.3415;900;900
2026-06-08T12:12:08.0000000Z;5.3325;5.341;900;735
2026-06-08T12:12:09.0000000Z;5.333;5.34;900;900
2026-06-08T12:12:10.0000000Z;5.333;5.34;900;900
2026-06-08T12:12:11.0000000Z;5.3315;5.34;11254;900
2026-06-08T12:12:12.0000000Z;5.3335;5.341;3542;11234
2026-06-08T12:12:13.0000000Z;5.3325;5.34;3542;376
2026-06-08T12:12:14.0000000Z;5.3325;5.34;900;900
2026-06-08T12:12:16.0000000Z;5.3325;5.3405;900;900
2026-06-08T12:12:17.0000000Z;5.333;5.3405;900;900
2026-06-08T12:12:18.0000000Z;5.333;5.3405;900;900
2026-06-08T12:12:19.0000000Z;5.3325;5.3405;900;900
2026-06-08T12:12:20.0000000Z;5.333;5.34;3542;376
2026-06-08T12:12:21.0000000Z;5.3325;5.34;900;900
2026-06-08T12:12:22.0000000Z;5.3325;5.34;900;42876
2026-06-08T12:12:24.0000000Z;5.333;5.34;3542;42876
2026-06-08T12:12:25.0000000Z;5.3325;5.34;900;900
2026-06-08T12:12:26.0000000Z;5.333;5.34;3542;900
2026-06-08T12:12:27.0000000Z;5.3325;5.3405;900;900
2026-06-08T12:12:28.0000000Z;5.3325;5.34;900;376
2026-06-08T12:12:30.0000000Z;5.3325;5.341;900;11234
2026-06-08T12:12:31.0000000Z;5.333;5.3385;3542;203
2026-06-08T12:12:32.0000000Z;5.333;5.3395;3542;11238
2026-06-08T12:12:33.0000000Z;5.3325;5.339;900;471
2026-06-08T12:12:34.0000000Z;5.331;5.339;900;900
2026-06-08T12:12:35.0000000Z;5.331;5.339;900;900
2026-06-08T12:12:36.0000000Z;5.331;5.3395;900;12138
2026-06-08T12:12:37.0000000Z;5.331;5.3395;988;11238
2026-06-08T12:12:38.0000000Z;5.3315;5.3385;13342;717
2026-06-08T12:12:39.0000000Z;5.331;5.3395;900;12138
2026-06-08T12:12:40.0000000Z;5.3325;5.3395;900;11238
2026-06-08T12:12:41.0000000Z;5.3325;5.3395;900;15738
2026-06-08T12:12:42.0000000Z;5.331;5.341;900;900
2026-06-08T12:12:43.0000000Z;5.333;5.341;900;900
2026-06-08T12:12:44.0000000Z;5.333;5.341;900;900
2026-06-08T12:12:45.0000000Z;5.331;5.341;900;900
2026-06-08T12:12:46.0000000Z;5.3325;5.341;3542;900
2026-06-08T12:12:47.0000000Z;5.3295;5.3415;900;468
2026-06-08T12:12:48.0000000Z;5.3295;5.3385;900;900
2026-06-08T12:12:49.0000000Z;5.329;5.3385;900;711
2026-06-08T12:12:50.0000000Z;5.329;5.338;900;23092
2026-06-08T12:12:51.0000000Z;5.329;5.337;900;42841
2026-06-08T12:12:52.0000000Z;5.33;5.337;3542;42841
2026-06-08T12:12:53.0000000Z;5.3295;5.337;3542;42841
2026-06-08T12:12:54.0000000Z;5.3295;5.337;3542;42841
2026-06-08T12:12:55.0000000Z;5.329;5.337;900;900
2026-06-08T12:12:56.0000000Z;5.329;5.3375;900;900
2026-06-08T12:12:57.0000000Z;5.329;5.337;900;42841
2026-06-08T12:12:58.0000000Z;5.329;5.337;900;341
2026-06-08T12:12:59.0000000Z;5.329;5.337;900;341
2026-06-08T12:13:00.0000000Z;5.329;5.3375;900;4500
2026-06-08T12:13:01.0000000Z;5.329;5.3375;900;5400
2026-06-08T12:13:02.0000000Z;5.329;5.3375;900;5400
2026-06-08T12:13:03.0000000Z;5.328;5.3375;11262;5400
2026-06-08T12:13:04.0000000Z;5.329;5.337;900;12143
2026-06-08T12:13:05.0000000Z;5.329;5.3365;900;42790
2026-06-08T12:13:09.0000000Z;5.329;5.3365;900;900
2026-06-08T12:13:10.0000000Z;5.329;5.3365;900;900
2026-06-08T12:13:11.0000000Z;5.329;5.3365;900;42790
2026-06-08T12:13:13.0000000Z;5.329;5.3365;900;900
2026-06-08T12:13:15.0000000Z;5.329;5.3365;900;290
2026-06-08T12:13:16.0000000Z;5.329;5.337;900;11243
2026-06-08T12:13:17.0000000Z;5.329;5.337;900;11243
2026-06-08T12:13:18.0000000Z;5.329;5.337;900;12143
2026-06-08T12:13:19.0000000Z;5.329;5.337;900;11243
2026-06-08T12:13:22.0000000Z;5.329;5.337;900;12143
2026-06-08T12:13:23.0000000Z;5.329;5.3365;900;5400
2026-06-08T12:13:26.0000000Z;5.328;5.3365;31096;5400
2026-06-08T12:13:27.0000000Z;5.327;5.336;900;12145
2026-06-08T12:13:28.0000000Z;5.327;5.336;900;12145
2026-06-08T12:13:29.0000000Z;5.327;5.336;900;12145
2026-06-08T12:13:30.0000000Z;5.327;5.336;900;12145
2026-06-08T12:13:32.0000000Z;5.327;5.336;900;12145
2026-06-08T12:13:34.0000000Z;5.327;5.336;900;12145
2026-06-08T12:13:36.0000000Z;5.3275;5.3355;3542;43259
2026-06-08T12:13:37.0000000Z;5.327;5.3355;900;759
2026-06-08T12:13:38.0000000Z;5.327;5.336;900;12145
2026-06-08T12:13:40.0000000Z;5.327;5.3355;900;759
2026-06-08T12:13:41.0000000Z;5.327;5.3355;900;900
2026-06-08T12:13:44.0000000Z;5.327;5.335;900;534
2026-06-08T12:13:45.0000000Z;5.327;5.335;900;534
2026-06-08T12:13:46.0000000Z;5.3275;5.335;3542;534
2026-06-08T12:13:47.0000000Z;5.327;5.336;900;11245
2026-06-08T12:13:48.0000000Z;5.3285;5.336;3542;11245
2026-06-08T12:13:49.0000000Z;5.3285;5.3355;3542;508
2026-06-08T12:13:51.0000000Z;5.327;5.336;900;12145
2026-06-08T12:13:54.0000000Z;5.3255;5.336;11267;11245
2026-06-08T12:13:55.0000000Z;5.3255;5.336;11267;11245
2026-06-08T12:13:56.0000000Z;5.327;5.336;900;11245
2026-06-08T12:13:57.0000000Z;5.3275;5.3355;3542;900
2026-06-08T12:14:00.0000000Z;5.327;5.335;900;263
2026-06-08T12:14:01.0000000Z;5.327;5.336;900;11245
2026-06-08T12:14:02.0000000Z;5.3275;5.336;13342;11245
2026-06-08T12:14:03.0000000Z;5.328;5.3345;900;218
2026-06-08T12:14:04.0000000Z;5.328;5.3345;900;900
2026-06-08T12:14:05.0000000Z;5.3245;5.3365;1369;900
2026-06-08T12:14:06.0000000Z;5.3285;5.334;3542;209
2026-06-08T12:14:07.0000000Z;5.3265;5.3345;988;900
2026-06-08T12:14:08.0000000Z;5.3265;5.3345;988;900
2026-06-08T12:14:09.0000000Z;5.326;5.334;900;900
2026-06-08T12:14:10.0000000Z;5.327;5.334;900;900
2026-06-08T12:14:11.0000000Z;5.328;5.334;3542;900
2026-06-08T12:14:12.0000000Z;5.3275;5.335;900;11247
2026-06-08T12:14:13.0000000Z;5.3255;5.334;900;900
2026-06-08T12:14:14.0000000Z;5.3255;5.334;900;900
2026-06-08T12:14:15.0000000Z;5.3255;5.335;900;11247
2026-06-08T12:14:16.0000000Z;5.324;5.333;11270;369
2026-06-08T12:14:17.0000000Z;5.325;5.333;900;900
2026-06-08T12:14:18.0000000Z;5.324;5.3325;11270;1267
2026-06-08T12:14:19.0000000Z;5.322;5.332;469;12153
2026-06-08T12:14:20.0000000Z;5.323;5.3315;900;931
2026-06-08T12:14:21.0000000Z;5.323;5.3315;900;900
2026-06-08T12:14:22.0000000Z;5.323;5.3315;900;528
2026-06-08T12:14:23.0000000Z;5.323;5.331;900;900
2026-06-08T12:14:24.0000000Z;5.323;5.3305;900;352
2026-06-08T12:14:25.0000000Z;5.3215;5.331;11276;900
2026-06-08T12:14:26.0000000Z;5.3235;5.3305;3542;392
2026-06-08T12:14:27.0000000Z;5.323;5.331;3542;900
2026-06-08T12:14:28.0000000Z;5.323;5.331;3542;900
2026-06-08T12:14:29.0000000Z;5.3225;5.331;900;900
2026-06-08T12:14:30.0000000Z;5.3225;5.331;900;900
2026-06-08T12:14:31.0000000Z;5.32;5.33;900;900
2026-06-08T12:14:32.0000000Z;5.323;5.329;3542;420
2026-06-08T12:14:33.0000000Z;5.32;5.329;88;900
2026-06-08T12:14:34.0000000Z;5.3195;5.329;11280;900
2026-06-08T12:14:35.0000000Z;5.3155;5.3305;470;468
2026-06-08T12:14:36.0000000Z;5.3185;5.3265;900;441
2026-06-08T12:14:37.0000000Z;5.322;5.3255;9395;769
2026-06-08T12:14:38.0000000Z;5.318;5.3245;900;397
2026-06-08T12:14:39.0000000Z;5.3185;5.3255;900;43093
2026-06-08T12:14:40.0000000Z;5.3165;5.3245;900;348
2026-06-08T12:14:41.0000000Z;5.3175;5.324;3542;438
2026-06-08T12:14:42.0000000Z;5.3175;5.325;900;11268
2026-06-08T12:14:43.0000000Z;5.318;5.3245;3542;416
2026-06-08T12:14:44.0000000Z;5.318;5.3245;3542;900
2026-06-08T12:14:45.0000000Z;5.317;5.3245;900;900
2026-06-08T12:14:46.0000000Z;5.3175;5.3245;3542;8465
2026-06-08T12:14:47.0000000Z;5.3145;5.3235;900;900
2026-06-08T12:14:48.0000000Z;5.3145;5.323;900;900
2026-06-08T12:14:49.0000000Z;5.314;5.3225;900;490
2026-06-08T12:14:50.0000000Z;5.3145;5.3235;900;900
2026-06-08T12:14:51.0000000Z;5.3135;5.3225;13918;507
2026-06-08T12:14:52.0000000Z;5.313;5.3225;900;8465
2026-06-08T12:14:53.0000000Z;5.3145;5.3215;3389;804
2026-06-08T12:14:54.0000000Z;5.3145;5.322;3512;880
2026-06-08T12:14:55.0000000Z;5.3145;5.322;3512;1074
2026-06-08T12:14:56.0000000Z;5.3085;5.324;284;469
2026-06-08T12:14:57.0000000Z;5.3105;5.3235;3542;9800
2026-06-08T12:14:58.0000000Z;5.3035;5.3805;376;1038
2026-06-08T12:14:59.0000000Z;5.3085;5.3245;3542;469
2026-06-08T12:15:00.0000000Z;5.3035;5.315;900;42500
2026-06-08T12:15:01.0000000Z;5.3055;5.315;11310;42500
2026-06-08T12:15:02.0000000Z;5.313;5.334;2608;1038
2026-06-08T12:15:03.0000000Z;5.3065;5.324;900;1496
2026-06-08T12:15:04.0000000Z;5.3065;5.3285;900;1038
2026-06-08T12:15:05.0000000Z;5.301;5.3245;3762;1038
2026-06-08T12:15:06.0000000Z;5.301;5.3255;3762;1038
2026-06-08T12:15:07.0000000Z;5.3065;5.324;3542;1038
2026-06-08T12:15:08.0000000Z;5.3025;5.331;68096;1038
2026-06-08T12:15:09.0000000Z;5.321;5.3285;9800;1496
2026-06-08T12:15:10.0000000Z;5.3025;5.334;101956;1038
2026-06-08T12:15:11.0000000Z;5.322;5.3285;2046;1496
2026-06-08T12:15:12.0000000Z;5.323;5.3335;13342;948
2026-06-08T12:15:13.0000000Z;5.323;5.335;13342;1496
2026-06-08T12:15:14.0000000Z;5.318;5.3345;372;1496
2026-06-08T12:15:15.0000000Z;5.322;5.331;3542;589
2026-06-08T12:15:16.0000000Z;5.3215;5.3315;11276;1038
2026-06-08T12:15:17.0000000Z;5.322;5.33;14618;1038
2026-06-08T12:15:18.0000000Z;5.322;5.3295;14618;169
2026-06-08T12:15:19.0000000Z;5.3205;5.3285;900;1038
2026-06-08T12:15:20.0000000Z;5.321;5.327;900;4845
2026-06-08T12:15:21.0000000Z;5.32;5.3265;900;900
2026-06-08T12:15:22.0000000Z;5.317;5.3275;900;900
2026-06-08T12:15:23.0000000Z;5.317;5.3275;900;1038
2026-06-08T12:15:24.0000000Z;5.3195;5.3275;900;1038
2026-06-08T12:15:25.0000000Z;5.3195;5.3275;900;1038
2026-06-08T12:15:26.0000000Z;5.319;5.328;900;12162
2026-06-08T12:15:27.0000000Z;5.319;5.328;900;11262
2026-06-08T12:15:28.0000000Z;5.319;5.3275;900;1038
2026-06-08T12:15:29.0000000Z;5.319;5.3275;900;1038
2026-06-08T12:15:30.0000000Z;5.319;5.3275;900;5538
2026-06-08T12:15:31.0000000Z;5.3195;5.3275;3542;5538
2026-06-08T12:15:32.0000000Z;5.319;5.3275;900;1038
2026-06-08T12:15:33.0000000Z;5.3195;5.327;3542;353
2026-06-08T12:15:34.0000000Z;5.319;5.3275;900;1038
2026-06-08T12:15:35.0000000Z;5.319;5.3275;900;5538
2026-06-08T12:15:36.0000000Z;5.3195;5.327;3542;900
2026-06-08T12:15:37.0000000Z;5.319;5.327;900;900
2026-06-08T12:15:38.0000000Z;5.319;5.326;900;1038
2026-06-08T12:15:39.0000000Z;5.3195;5.326;3542;1038
2026-06-08T12:15:40.0000000Z;5.319;5.326;900;1038
2026-06-08T12:15:41.0000000Z;5.319;5.326;900;1038
2026-06-08T12:15:42.0000000Z;5.3215;5.332;900;1038
2026-06-08T12:15:43.0000000Z;5.322;5.326;3542;42500
2026-06-08T12:15:44.0000000Z;5.3215;5.329;9365;938
2026-06-08T12:15:45.0000000Z;5.322;5.329;11274;938
2026-06-08T12:15:46.0000000Z;5.3235;5.329;3529;938
2026-06-08T12:15:47.0000000Z;5.323;5.329;900;938
2026-06-08T12:15:48.0000000Z;5.322;5.329;11274;938
2026-06-08T12:15:49.0000000Z;5.323;5.329;900;42500
2026-06-08T12:15:50.0000000Z;5.323;5.328;900;938
2026-06-08T12:15:51.0000000Z;5.323;5.332;900;938
2026-06-08T12:15:52.0000000Z;5.3235;5.3295;3542;938
2026-06-08T12:15:53.0000000Z;5.3235;5.3295;3542;51882
2026-06-08T12:15:54.0000000Z;5.323;5.33;900;938
2026-06-08T12:15:55.0000000Z;5.323;5.3295;900;51882
2026-06-08T12:15:56.0000000Z;5.323;5.3295;900;938
2026-06-08T12:15:57.0000000Z;5.323;5.3295;900;938
2026-06-08T12:15:58.0000000Z;5.323;5.3285;900;938
2026-06-08T12:15:59.0000000Z;5.323;5.3295;900;900
2026-06-08T12:16:00.0000000Z;5.323;5.3295;900;900
2026-06-08T12:16:01.0000000Z;5.3235;5.329;3542;42500
2026-06-08T12:16:02.0000000Z;5.323;5.332;900;938
2026-06-08T12:16:03.0000000Z;5.323;5.329;900;1838
2026-06-08T12:16:04.0000000Z;5.3235;5.328;3542;42500
2026-06-08T12:16:05.0000000Z;5.323;5.3275;900;4595
2026-06-08T12:16:06.0000000Z;5.322;5.3295;11274;938
2026-06-08T12:16:07.0000000Z;5.322;5.3295;11274;938
2026-06-08T12:16:08.0000000Z;5.323;5.328;900;900
2026-06-08T12:16:09.0000000Z;5.322;5.332;11274;938
2026-06-08T12:16:10.0000000Z;5.3235;5.3295;900;938
2026-06-08T12:16:11.0000000Z;5.3215;5.328;900;938
2026-06-08T12:16:12.0000000Z;5.3215;5.328;900;938
2026-06-08T12:16:13.0000000Z;5.3215;5.328;900;938
2026-06-08T12:16:14.0000000Z;5.3215;5.328;900;938
2026-06-08T12:16:15.0000000Z;5.3215;5.328;900;938
2026-06-08T12:16:16.0000000Z;5.3215;5.328;900;938
2026-06-08T12:16:17.0000000Z;5.3215;5.3285;900;938
2026-06-08T12:16:18.0000000Z;5.3215;5.329;900;6433
2026-06-08T12:16:19.0000000Z;5.3215;5.3285;900;938
2026-06-08T12:16:21.0000000Z;5.3215;5.3285;900;938
2026-06-08T12:16:22.0000000Z;5.3205;5.3285;11278;938
2026-06-08T12:16:23.0000000Z;5.3215;5.3275;900;42500
2026-06-08T12:16:24.0000000Z;5.3215;5.3275;900;938
2026-06-08T12:16:26.0000000Z;5.3215;5.3275;900;938
2026-06-08T12:16:27.0000000Z;5.3205;5.327;11278;4595
2026-06-08T12:16:28.0000000Z;5.3205;5.3265;11278;42500
2026-06-08T12:16:29.0000000Z;5.3205;5.326;11278;5438
2026-06-08T12:16:30.0000000Z;5.3215;5.326;900;938
2026-06-08T12:16:31.0000000Z;5.321;5.3305;18361;938
2026-06-08T12:16:32.0000000Z;5.3205;5.328;900;938
2026-06-08T12:16:33.0000000Z;5.3215;5.328;900;938
2026-06-08T12:16:34.0000000Z;5.3215;5.3305;900;938
2026-06-08T12:16:35.0000000Z;5.3215;5.3305;900;938
2026-06-08T12:16:36.0000000Z;5.3215;5.33;900;938
2026-06-08T12:16:37.0000000Z;5.3215;5.3305;900;938
2026-06-08T12:16:38.0000000Z;5.3215;5.3305;900;938
2026-06-08T12:16:39.0000000Z;5.3215;5.3285;900;9384
2026-06-08T12:16:41.0000000Z;5.3215;5.3295;900;938
2026-06-08T12:16:42.0000000Z;5.3215;5.3295;900;938
2026-06-08T12:16:43.0000000Z;5.3215;5.329;900;171
2026-06-08T12:16:44.0000000Z;5.3215;5.3305;900;938
2026-06-08T12:16:45.0000000Z;5.3215;5.3295;900;938
2026-06-08T12:16:46.0000000Z;5.3215;5.329;900;171
2026-06-08T12:16:47.0000000Z;5.3215;5.3295;900;938
2026-06-08T12:16:48.0000000Z;5.3215;5.3295;900;170
2026-06-08T12:16:49.0000000Z;5.3215;5.3305;900;938
2026-06-08T12:16:50.0000000Z;5.3215;5.3295;900;220
2026-06-08T12:16:51.0000000Z;5.3215;5.33;900;430
2026-06-08T12:16:53.0000000Z;5.322;5.3305;3542;938
2026-06-08T12:16:54.0000000Z;5.3215;5.329;900;938
2026-06-08T12:16:55.0000000Z;5.3215;5.329;900;938
2026-06-08T12:16:57.0000000Z;5.3215;5.329;900;938
2026-06-08T12:16:58.0000000Z;5.3215;5.329;900;938
2026-06-08T12:16:59.0000000Z;5.3215;5.329;900;938
2026-06-08T12:17:00.0000000Z;5.3215;5.329;900;938
2026-06-08T12:17:01.0000000Z;5.3215;5.329;900;938
2026-06-08T12:17:02.0000000Z;5.3215;5.329;900;938
2026-06-08T12:17:03.0000000Z;5.3215;5.3305;900;938
2026-06-08T12:17:04.0000000Z;5.3215;5.329;900;300
2026-06-08T12:17:06.0000000Z;5.324;5.3295;3542;9382
2026-06-08T12:17:07.0000000Z;5.325;5.331;3542;938
2026-06-08T12:17:08.0000000Z;5.3245;5.331;900;938
2026-06-08T12:17:09.0000000Z;5.3245;5.332;900;5495
2026-06-08T12:17:10.0000000Z;5.324;5.334;11270;936
2026-06-08T12:17:11.0000000Z;5.325;5.3315;900;936
2026-06-08T12:17:12.0000000Z;5.325;5.3305;900;936
2026-06-08T12:17:13.0000000Z;5.325;5.3305;900;936
2026-06-08T12:17:14.0000000Z;5.325;5.33;900;936
2026-06-08T12:17:15.0000000Z;5.324;5.33;11270;42500
2026-06-08T12:17:16.0000000Z;5.325;5.334;900;295
2026-06-08T12:17:17.0000000Z;5.324;5.3315;11270;836
2026-06-08T12:17:18.0000000Z;5.324;5.3315;11270;836
2026-06-08T12:17:19.0000000Z;5.325;5.3315;900;836
2026-06-08T12:17:20.0000000Z;5.325;5.3305;900;900
2026-06-08T12:17:21.0000000Z;5.325;5.331;900;4340
2026-06-08T12:17:22.0000000Z;5.325;5.3315;900;4340
2026-06-08T12:17:23.0000000Z;5.325;5.331;900;11255
2026-06-08T12:17:24.0000000Z;5.325;5.331;900;42500
2026-06-08T12:17:25.0000000Z;5.325;5.3315;900;836
2026-06-08T12:17:26.0000000Z;5.325;5.331;900;42500
2026-06-08T12:17:27.0000000Z;5.325;5.3315;900;5240
2026-06-08T12:17:28.0000000Z;5.324;5.331;11270;42500
2026-06-08T12:17:29.0000000Z;5.325;5.3325;900;836
2026-06-08T12:17:30.0000000Z;5.325;5.3315;900;836
2026-06-08T12:17:31.0000000Z;5.3255;5.332;3542;900
2026-06-08T12:17:32.0000000Z;5.325;5.3315;900;836
2026-06-08T12:17:33.0000000Z;5.325;5.3305;900;836
2026-06-08T12:17:34.0000000Z;5.325;5.3315;900;42500
2026-06-08T12:17:35.0000000Z;5.325;5.3315;900;900
2026-06-08T12:17:36.0000000Z;5.325;5.3315;900;900
2026-06-08T12:17:38.0000000Z;5.325;5.3315;900;900
2026-06-08T12:17:39.0000000Z;5.325;5.3315;900;900
2026-06-08T12:17:40.0000000Z;5.3255;5.3315;3542;836
2026-06-08T12:17:41.0000000Z;5.325;5.3325;900;42500
2026-06-08T12:17:42.0000000Z;5.325;5.3325;900;1736
2026-06-08T12:17:43.0000000Z;5.3255;5.3325;3542;42500
2026-06-08T12:17:44.0000000Z;5.325;5.332;900;42500
2026-06-08T12:17:45.0000000Z;5.325;5.3325;900;836
2026-06-08T12:17:46.0000000Z;5.325;5.332;900;42500
2026-06-08T12:17:47.0000000Z;5.325;5.3315;900;836
2026-06-08T12:17:48.0000000Z;5.325;5.3315;900;836
2026-06-08T12:17:49.0000000Z;5.325;5.3315;900;836
2026-06-08T12:17:50.0000000Z;5.325;5.3335;900;1736
2026-06-08T12:17:51.0000000Z;5.325;5.3325;900;836
2026-06-08T12:17:52.0000000Z;5.325;5.3315;900;42500
2026-06-08T12:17:53.0000000Z;5.325;5.3325;900;836
2026-06-08T12:17:55.0000000Z;5.3255;5.332;3542;180
2026-06-08T12:17:56.0000000Z;5.325;5.3335;900;836
2026-06-08T12:17:57.0000000Z;5.325;5.3325;900;836
2026-06-08T12:17:58.0000000Z;5.325;5.3325;900;836
2026-06-08T12:18:00.0000000Z;5.325;5.3325;900;836
2026-06-08T12:18:01.0000000Z;5.325;5.333;900;836
2026-06-08T12:18:02.0000000Z;5.325;5.3335;900;836
2026-06-08T12:18:03.0000000Z;5.325;5.3335;900;836
2026-06-08T12:18:04.0000000Z;5.325;5.3325;900;836
2026-06-08T12:18:06.0000000Z;5.325;5.3325;900;836
2026-06-08T12:18:07.0000000Z;5.325;5.3325;900;836
2026-06-08T12:18:08.0000000Z;5.325;5.335;34760;836
2026-06-08T12:18:09.0000000Z;5.325;5.335;34760;836
2026-06-08T12:18:10.0000000Z;5.3265;5.335;900;836
2026-06-08T12:18:11.0000000Z;5.327;5.3345;3542;286
2026-06-08T12:18:12.0000000Z;5.3265;5.335;900;836
2026-06-08T12:18:13.0000000Z;5.3265;5.3345;900;347
2026-06-08T12:18:14.0000000Z;5.3265;5.3335;900;5176
2026-06-08T12:18:15.0000000Z;5.3265;5.3345;900;900
2026-06-08T12:18:17.0000000Z;5.3265;5.3345;900;900
2026-06-08T12:18:19.0000000Z;5.3265;5.335;900;836
2026-06-08T12:18:20.0000000Z;5.3265;5.334;900;836
2026-06-08T12:18:21.0000000Z;5.3265;5.334;900;836
2026-06-08T12:18:22.0000000Z;5.3265;5.334;900;836
2026-06-08T12:18:23.0000000Z;5.3265;5.3345;900;286
2026-06-08T12:18:24.0000000Z;5.3265;5.3345;900;4340
2026-06-08T12:18:25.0000000Z;5.3265;5.335;900;836
2026-06-08T12:18:26.0000000Z;5.3265;5.335;900;5336
2026-06-08T12:18:27.0000000Z;5.3265;5.335;900;6236
2026-06-08T12:18:28.0000000Z;5.3265;5.334;900;836
2026-06-08T12:18:29.0000000Z;5.3265;5.334;900;42716
2026-06-08T12:18:30.0000000Z;5.3265;5.335;900;900
2026-06-08T12:18:32.0000000Z;5.3265;5.334;900;836
2026-06-08T12:18:33.0000000Z;5.3265;5.334;900;836
2026-06-08T12:18:35.0000000Z;5.3265;5.333;900;836
2026-06-08T12:18:36.0000000Z;5.3265;5.333;900;836
2026-06-08T12:18:37.0000000Z;5.3265;5.3335;900;5176
2026-06-08T12:18:38.0000000Z;5.3265;5.333;900;836
2026-06-08T12:18:39.0000000Z;5.3265;5.333;900;836
2026-06-08T12:18:40.0000000Z;5.3265;5.333;900;836
2026-06-08T12:18:41.0000000Z;5.3265;5.333;900;836
2026-06-08T12:18:42.0000000Z;5.321;5.333;14653;836
2026-06-08T12:18:43.0000000Z;5.3215;5.3315;13342;832
2026-06-08T12:18:44.0000000Z;5.322;5.3305;900;836
2026-06-08T12:18:45.0000000Z;5.322;5.3295;900;836
2026-06-08T12:18:46.0000000Z;5.322;5.329;900;4340
2026-06-08T12:18:47.0000000Z;5.322;5.329;900;4340
2026-06-08T12:18:48.0000000Z;5.3225;5.3285;3542;42682
2026-06-08T12:18:49.0000000Z;5.322;5.328;900;42500
2026-06-08T12:18:50.0000000Z;5.3225;5.3275;3542;11263
2026-06-08T12:18:51.0000000Z;5.3225;5.3295;900;51882
2026-06-08T12:18:52.0000000Z;5.3205;5.3285;900;836
2026-06-08T12:18:53.0000000Z;5.3225;5.3285;3317;836
2026-06-08T12:18:54.0000000Z;5.3225;5.328;3317;404
2026-06-08T12:18:55.0000000Z;5.321;5.328;3542;404
2026-06-08T12:18:56.0000000Z;5.321;5.328;3542;404
2026-06-08T12:18:58.0000000Z;5.32;5.3275;900;836
2026-06-08T12:18:59.0000000Z;5.32;5.3275;900;836
2026-06-08T12:19:00.0000000Z;5.32;5.3275;900;836
2026-06-08T12:19:01.0000000Z;5.32;5.3275;900;836
2026-06-08T12:19:02.0000000Z;5.32;5.3275;900;836
2026-06-08T12:19:03.0000000Z;5.32;5.3285;900;900
2026-06-08T12:19:04.0000000Z;5.32;5.327;900;42500
2026-06-08T12:19:05.0000000Z;5.32;5.328;900;9385
2026-06-08T12:19:06.0000000Z;5.32;5.329;900;12096
2026-06-08T12:19:07.0000000Z;5.3205;5.326;3542;42500
2026-06-08T12:19:08.0000000Z;5.32;5.3285;900;13496
2026-06-08T12:19:09.0000000Z;5.322;5.328;3542;42500
2026-06-08T12:19:10.0000000Z;5.3215;5.328;900;836
2026-06-08T12:19:11.0000000Z;5.3215;5.329;900;15760
2026-06-08T12:19:12.0000000Z;5.3215;5.328;900;836
2026-06-08T12:19:13.0000000Z;5.3215;5.328;900;836
2026-06-08T12:19:14.0000000Z;5.3215;5.329;900;11260
2026-06-08T12:19:15.0000000Z;5.3215;5.329;900;42500
2026-06-08T12:19:16.0000000Z;5.3215;5.329;900;11260
2026-06-08T12:19:17.0000000Z;5.3215;5.329;900;11260
2026-06-08T12:19:18.0000000Z;5.3215;5.329;900;11260
2026-06-08T12:19:19.0000000Z;5.322;5.3295;27663;10810
2026-06-08T12:19:20.0000000Z;5.3215;5.329;11276;836
2026-06-08T12:19:21.0000000Z;5.323;5.3295;3542;51882
2026-06-08T12:19:22.0000000Z;5.3225;5.33;900;836
2026-06-08T12:19:23.0000000Z;5.3225;5.3295;900;9382
2026-06-08T12:19:24.0000000Z;5.3225;5.33;900;836
2026-06-08T12:19:25.0000000Z;5.3225;5.3295;900;4340
2026-06-08T12:19:26.0000000Z;5.3225;5.3305;900;900
2026-06-08T12:19:27.0000000Z;5.323;5.3295;3542;42500
2026-06-08T12:19:29.0000000Z;5.3225;5.3295;900;836
2026-06-08T12:19:30.0000000Z;5.3225;5.3295;900;836
2026-06-08T12:19:32.0000000Z;5.3225;5.3295;900;836
2026-06-08T12:19:33.0000000Z;5.3225;5.329;900;42500
2026-06-08T12:19:34.0000000Z;5.323;5.3295;3542;836
2026-06-08T12:19:35.0000000Z;5.3225;5.329;900;42500
2026-06-08T12:19:36.0000000Z;5.3225;5.328;900;836
2026-06-08T12:19:37.0000000Z;5.3225;5.33;900;1736
2026-06-08T12:19:38.0000000Z;5.3215;5.3295;11276;5240
2026-06-08T12:19:39.0000000Z;5.3225;5.3295;900;4340
2026-06-08T12:19:40.0000000Z;5.3225;5.3295;900;4340
2026-06-08T12:19:41.0000000Z;5.323;5.3295;3542;4340
2026-06-08T12:19:43.0000000Z;5.3225;5.3295;900;5240
2026-06-08T12:19:44.0000000Z;5.3225;5.329;900;42682
2026-06-08T12:19:45.0000000Z;5.3225;5.329;900;11260
2026-06-08T12:19:46.0000000Z;5.3225;5.329;900;11260
2026-06-08T12:19:47.0000000Z;5.3225;5.329;900;11260
2026-06-08T12:19:48.0000000Z;5.3225;5.329;900;42682
2026-06-08T12:19:49.0000000Z;5.3225;5.3295;900;836
2026-06-08T12:19:50.0000000Z;5.3215;5.3295;11276;900
2026-06-08T12:19:51.0000000Z;5.3195;5.3275;900;321
2026-06-08T12:19:52.0000000Z;5.3195;5.327;900;42848
2026-06-08T12:19:54.0000000Z;5.318;5.332;34534;836
2026-06-08T12:19:55.0000000Z;5.3145;5.326;11290;313
2026-06-08T12:19:56.0000000Z;5.318;5.3255;3542;669
2026-06-08T12:19:57.0000000Z;5.317;5.325;900;900
2026-06-08T12:19:58.0000000Z;5.317;5.325;900;5176
2026-06-08T12:19:59.0000000Z;5.317;5.3245;900;836
2026-06-08T12:20:00.0000000Z;5.317;5.326;900;900
2026-06-08T12:20:01.0000000Z;5.3155;5.325;47638;560
2026-06-08T12:20:02.0000000Z;5.317;5.3245;900;836
2026-06-08T12:20:03.0000000Z;5.317;5.3245;900;836
2026-06-08T12:20:04.0000000Z;5.317;5.3245;900;836
2026-06-08T12:20:05.0000000Z;5.317;5.324;900;4340
2026-06-08T12:20:06.0000000Z;5.317;5.324;900;42686
2026-06-08T12:20:07.0000000Z;5.3175;5.324;3542;4340
2026-06-08T12:20:08.0000000Z;5.317;5.325;900;900
2026-06-08T12:20:09.0000000Z;5.317;5.324;900;42500
2026-06-08T12:20:10.0000000Z;5.317;5.325;900;900
2026-06-08T12:20:11.0000000Z;5.317;5.3255;900;900
2026-06-08T12:20:12.0000000Z;5.317;5.3235;900;42500
2026-06-08T12:20:13.0000000Z;5.317;5.3235;900;900
2026-06-08T12:20:14.0000000Z;5.317;5.3235;900;42500
2026-06-08T12:20:15.0000000Z;5.317;5.3235;900;900
2026-06-08T12:20:16.0000000Z;5.3175;5.3235;3542;900
2026-06-08T12:20:17.0000000Z;5.317;5.3235;900;42500
2026-06-08T12:20:18.0000000Z;5.317;5.3245;900;836
2026-06-08T12:20:19.0000000Z;5.317;5.3235;900;836
2026-06-08T12:20:20.0000000Z;5.317;5.3235;900;836
2026-06-08T12:20:21.0000000Z;5.317;5.3235;900;836
2026-06-08T12:20:22.0000000Z;5.317;5.325;900;900
2026-06-08T12:20:23.0000000Z;5.317;5.3235;900;836
2026-06-08T12:20:24.0000000Z;5.317;5.3235;900;836
2026-06-08T12:20:25.0000000Z;5.319;5.3315;3542;836
2026-06-08T12:20:26.0000000Z;5.3195;5.3295;3542;836
2026-06-08T12:20:27.0000000Z;5.321;5.3285;900;900
2026-06-08T12:20:28.0000000Z;5.318;5.327;900;900
2026-06-08T12:20:29.0000000Z;5.318;5.324;25447;9392
2026-06-08T12:20:30.0000000Z;5.318;5.327;900;900
2026-06-08T12:20:31.0000000Z;5.318;5.3265;900;589
2026-06-08T12:20:32.0000000Z;5.318;5.327;900;42500
2026-06-08T12:20:33.0000000Z;5.3195;5.3285;900;900
2026-06-08T12:20:34.0000000Z;5.321;5.329;900;816
2026-06-08T12:20:35.0000000Z;5.321;5.3325;12177;816
2026-06-08T12:20:36.0000000Z;5.321;5.3275;12177;9386
2026-06-08T12:20:37.0000000Z;5.321;5.3295;12177;4290
2026-06-08T12:20:38.0000000Z;5.321;5.33;12177;816
2026-06-08T12:20:39.0000000Z;5.321;5.3305;12177;816
2026-06-08T12:20:40.0000000Z;5.321;5.329;12177;42500
2026-06-08T12:20:41.0000000Z;5.321;5.33;12177;816
2026-06-08T12:20:42.0000000Z;5.321;5.33;12177;816
2026-06-08T12:20:43.0000000Z;5.321;5.33;12177;816
2026-06-08T12:20:44.0000000Z;5.321;5.33;12177;816
2026-06-08T12:20:45.0000000Z;5.321;5.3295;12177;9382
2026-06-08T12:20:48.0000000Z;5.321;5.329;12177;816
2026-06-08T12:20:49.0000000Z;5.321;5.3295;12177;9382
2026-06-08T12:20:50.0000000Z;5.321;5.33;12177;816
2026-06-08T12:20:51.0000000Z;5.321;5.33;12177;816
2026-06-08T12:20:52.0000000Z;5.321;5.33;12177;816
2026-06-08T12:20:53.0000000Z;5.321;5.3315;12177;1716
2026-06-08T12:20:54.0000000Z;5.321;5.3315;12177;6006
2026-06-08T12:20:55.0000000Z;5.321;5.3305;12177;816
2026-06-08T12:20:56.0000000Z;5.321;5.3295;12177;42941
2026-06-08T12:20:57.0000000Z;5.321;5.33;12177;816
2026-06-08T12:20:58.0000000Z;5.321;5.329;12177;816
2026-06-08T12:21:00.0000000Z;5.321;5.329;12177;42741
2026-06-08T12:21:01.0000000Z;5.321;5.3325;12177;816
2026-06-08T12:21:02.0000000Z;5.321;5.3325;12177;816
2026-06-08T12:21:03.0000000Z;5.321;5.331;12177;816
2026-06-08T12:21:04.0000000Z;5.324;5.3325;900;816
2026-06-08T12:21:05.0000000Z;5.324;5.3325;900;816
2026-06-08T12:21:06.0000000Z;5.324;5.332;900;4290
2026-06-08T12:21:07.0000000Z;5.324;5.3325;900;5316
2026-06-08T12:21:08.0000000Z;5.324;5.3295;900;9382
2026-06-08T12:21:09.0000000Z;5.324;5.3325;900;816
2026-06-08T12:21:10.0000000Z;5.324;5.3325;900;816
2026-06-08T12:21:11.0000000Z;5.324;5.3325;900;900
2026-06-08T12:21:12.0000000Z;5.324;5.3325;900;6216
2026-06-08T12:21:13.0000000Z;5.324;5.332;900;294
2026-06-08T12:21:14.0000000Z;5.324;5.333;900;12151
2026-06-08T12:21:15.0000000Z;5.324;5.332;900;294
2026-06-08T12:21:16.0000000Z;5.324;5.3325;900;900
2026-06-08T12:21:17.0000000Z;5.324;5.333;900;12151
2026-06-08T12:21:19.0000000Z;5.324;5.3325;900;900
2026-06-08T12:21:20.0000000Z;5.324;5.332;900;294
2026-06-08T12:21:21.0000000Z;5.324;5.3325;900;900
2026-06-08T12:21:22.0000000Z;5.324;5.332;900;294
2026-06-08T12:21:23.0000000Z;5.324;5.332;900;294
2026-06-08T12:21:24.0000000Z;5.324;5.332;900;294
2026-06-08T12:21:25.0000000Z;5.324;5.331;900;816
2026-06-08T12:21:27.0000000Z;5.324;5.332;900;900
2026-06-08T12:21:28.0000000Z;5.324;5.3315;900;42500
2026-06-08T12:21:29.0000000Z;5.324;5.3325;900;816
2026-06-08T12:21:30.0000000Z;5.324;5.3325;900;816
2026-06-08T12:21:31.0000000Z;5.324;5.3325;900;816
2026-06-08T12:21:32.0000000Z;5.324;5.3325;900;816
2026-06-08T12:21:33.0000000Z;5.324;5.332;900;816
2026-06-08T12:21:34.0000000Z;5.324;5.333;900;11251
2026-06-08T12:21:35.0000000Z;5.327;5.3335;3542;10160
2026-06-08T12:21:36.0000000Z;5.3265;5.3335;900;51875
2026-06-08T12:21:37.0000000Z;5.326;5.334;900;900
2026-06-08T12:21:38.0000000Z;5.3265;5.334;46042;42500
2026-06-08T12:21:39.0000000Z;5.3;5.337;2765;816
2026-06-08T12:21:40.0000000Z;5.319;5.3365;900;816
2026-06-08T12:21:41.0000000Z;5.322;5.3295;900;816
2026-06-08T12:21:42.0000000Z;5.322;5.3305;900;43034
2026-06-08T12:21:43.0000000Z;5.326;5.3305;2017;43034
2026-06-08T12:21:44.0000000Z;5.322;5.3305;900;537
2026-06-08T12:21:45.0000000Z;5.322;5.33;900;42975
2026-06-08T12:21:46.0000000Z;5.326;5.33;2046;42500
2026-06-08T12:21:47.0000000Z;5.3235;5.33;900;816
2026-06-08T12:21:48.0000000Z;5.3235;5.33;900;816
2026-06-08T12:21:49.0000000Z;5.3235;5.33;900;816
2026-06-08T12:21:50.0000000Z;5.324;5.33;3542;816
2026-06-08T12:21:53.0000000Z;5.3215;5.3295;11276;180
2026-06-08T12:21:54.0000000Z;5.3225;5.33;900;816
2026-06-08T12:21:55.0000000Z;5.3225;5.3295;900;42680
2026-06-08T12:21:56.0000000Z;5.3225;5.3305;900;816
2026-06-08T12:21:57.0000000Z;5.3235;5.3295;3542;42680
2026-06-08T12:21:58.0000000Z;5.323;5.3285;900;816
2026-06-08T12:21:59.0000000Z;5.323;5.3285;900;42500
2026-06-08T12:22:00.0000000Z;5.323;5.3285;900;42500
2026-06-08T12:22:01.0000000Z;5.3235;5.3295;900;900
2026-06-08T12:22:02.0000000Z;5.3235;5.3295;900;900
2026-06-08T12:22:03.0000000Z;5.324;5.3295;3542;42500
2026-06-08T12:22:04.0000000Z;5.3235;5.3305;900;816
2026-06-08T12:22:05.0000000Z;5.3235;5.3285;900;42500
2026-06-08T12:22:06.0000000Z;5.3225;5.328;11273;42500
2026-06-08T12:22:07.0000000Z;5.3235;5.327;42500;816
2026-06-08T12:22:08.0000000Z;5.318;5.3265;11283;768
2026-06-08T12:22:09.0000000Z;5.323;5.325;9394;562
2026-06-08T12:22:10.0000000Z;5.3175;5.325;900;4290
2026-06-08T12:22:11.0000000Z;5.318;5.325;3542;562
2026-06-08T12:22:12.0000000Z;5.3175;5.327;900;900
2026-06-08T12:22:13.0000000Z;5.3175;5.3255;900;42954
2026-06-08T12:22:14.0000000Z;5.318;5.3265;29560;9388
2026-06-08T12:22:15.0000000Z;5.319;5.3275;900;12163
2026-06-08T12:22:16.0000000Z;5.319;5.3275;900;11263
2026-06-08T12:22:17.0000000Z;5.319;5.3275;900;15763
2026-06-08T12:22:18.0000000Z;5.319;5.3275;900;11263
2026-06-08T12:22:19.0000000Z;5.3195;5.327;3542;353
2026-06-08T12:22:20.0000000Z;5.319;5.3275;900;12163
2026-06-08T12:22:21.0000000Z;5.319;5.327;900;505
2026-06-08T12:22:22.0000000Z;5.319;5.327;900;505
2026-06-08T12:22:23.0000000Z;5.322;5.3295;3542;4290
2026-06-08T12:22:24.0000000Z;5.3215;5.329;900;1716
2026-06-08T12:22:25.0000000Z;5.3215;5.3285;900;4290
2026-06-08T12:22:26.0000000Z;5.3215;5.3295;900;900
2026-06-08T12:22:27.0000000Z;5.3215;5.3295;900;900
2026-06-08T12:22:28.0000000Z;5.3215;5.3295;900;900
2026-06-08T12:22:29.0000000Z;5.3135;5.3365;470;816
2026-06-08T12:22:30.0000000Z;5.3175;5.3295;900;816
2026-06-08T12:22:31.0000000Z;5.322;5.3415;900;816
2026-06-08T12:22:32.0000000Z;5.322;5.33;900;42500
2026-06-08T12:22:33.0000000Z;5.325;5.334;900;524
2026-06-08T12:22:34.0000000Z;5.325;5.333;900;900
2026-06-08T12:22:35.0000000Z;5.325;5.3335;900;900
2026-06-08T12:22:37.0000000Z;5.325;5.3325;900;816
2026-06-08T12:22:38.0000000Z;5.325;5.333;900;4290
2026-06-08T12:22:39.0000000Z;5.325;5.3325;900;42717
2026-06-08T12:22:40.0000000Z;5.325;5.3335;900;816
2026-06-08T12:22:41.0000000Z;5.325;5.333;900;178
2026-06-08T12:22:42.0000000Z;5.324;5.332;10715;900
2026-06-08T12:22:43.0000000Z;5.3225;5.3375;900;816
2026-06-08T12:22:44.0000000Z;5.3225;5.332;900;4202
2026-06-08T12:22:45.0000000Z;5.323;5.351;469;3386
2026-06-08T12:22:46.0000000Z;5.323;5.3455;469;816
2026-06-08T12:22:47.0000000Z;5.3245;5.333;3542;664
2026-06-08T12:22:48.0000000Z;5.324;5.332;900;900
2026-06-08T12:22:50.0000000Z;5.324;5.332;900;900
2026-06-08T12:22:51.0000000Z;5.324;5.3315;900;321
2026-06-08T12:22:52.0000000Z;5.324;5.3325;900;4290
2026-06-08T12:22:53.0000000Z;5.324;5.333;900;900
2026-06-08T12:22:54.0000000Z;5.3245;5.3325;3542;42500
2026-06-08T12:22:55.0000000Z;5.318;5.3325;3856;1496
2026-06-08T12:22:56.0000000Z;5.3205;5.329;900;816
2026-06-08T12:22:57.0000000Z;5.3205;5.3295;900;4290
2026-06-08T12:22:58.0000000Z;5.3205;5.329;900;675
2026-06-08T12:22:59.0000000Z;5.3205;5.3365;900;816
2026-06-08T12:23:00.0000000Z;5.325;5.3335;900;900
2026-06-08T12:23:01.0000000Z;5.323;5.333;18523;4290
2026-06-08T12:23:02.0000000Z;5.324;5.334;900;900
2026-06-08T12:23:03.0000000Z;5.324;5.3335;900;1716
2026-06-08T12:23:04.0000000Z;5.3245;5.339;3891;816
2026-06-08T12:23:05.0000000Z;5.326;5.3345;900;816
2026-06-08T12:23:06.0000000Z;5.326;5.333;900;816
2026-06-08T12:23:07.0000000Z;5.326;5.3325;900;4290
2026-06-08T12:23:08.0000000Z;5.3265;5.335;8465;900
2026-06-08T12:23:09.0000000Z;5.324;5.333;900;816
2026-06-08T12:23:10.0000000Z;5.324;5.333;900;816
2026-06-08T12:23:11.0000000Z;5.324;5.333;772;816
2026-06-08T12:23:12.0000000Z;5.3245;5.3335;3536;900
2026-06-08T12:23:13.0000000Z;5.3245;5.333;3536;244
2026-06-08T12:23:15.0000000Z;5.324;5.3325;900;900
2026-06-08T12:23:16.0000000Z;5.324;5.332;900;538
2026-06-08T12:23:17.0000000Z;5.3235;5.3315;900;4290
2026-06-08T12:23:18.0000000Z;5.3235;5.332;900;900
2026-06-08T12:23:19.0000000Z;5.326;5.3315;3542;42500
2026-06-08T12:23:20.0000000Z;5.327;5.339;3542;816
2026-06-08T12:23:21.0000000Z;5.3225;5.3345;33860;1141
2026-06-08T12:23:22.0000000Z;5.325;5.334;8465;279
2026-06-08T12:23:23.0000000Z;5.3275;5.347;3542;816
2026-06-08T12:23:24.0000000Z;5.3255;5.3325;900;900
2026-06-08T12:23:25.0000000Z;5.3255;5.3325;900;42752
2026-06-08T12:23:26.0000000Z;5.3255;5.3315;900;42500
2026-06-08T12:23:27.0000000Z;5.3255;5.3335;900;900
2026-06-08T12:23:28.0000000Z;5.3255;5.3335;900;900
2026-06-08T12:23:29.0000000Z;5.326;5.3335;3542;42500
2026-06-08T12:23:30.0000000Z;5.3255;5.331;42500;1496
2026-06-08T12:23:31.0000000Z;5.3255;5.3315;2046;900
2026-06-08T12:23:32.0000000Z;5.3255;5.33;2046;381
2026-06-08T12:23:33.0000000Z;5.3235;5.332;900;900
2026-06-08T12:23:34.0000000Z;5.3255;5.332;3542;900
2026-06-08T12:23:35.0000000Z;5.3235;5.332;900;900
2026-06-08T12:23:38.0000000Z;5.3255;5.332;3542;42500
2026-06-08T12:23:39.0000000Z;5.3255;5.332;3542;42918
2026-06-08T12:23:40.0000000Z;5.3265;5.3355;3542;42500
2026-06-08T12:23:41.0000000Z;5.324;5.3335;900;900
2026-06-08T12:23:42.0000000Z;5.3265;5.334;3542;42835
2026-06-08T12:23:43.0000000Z;5.326;5.3325;900;4290
2026-06-08T12:23:44.0000000Z;5.324;5.333;900;900
2026-06-08T12:23:45.0000000Z;5.326;5.333;3542;900
2026-06-08T12:23:46.0000000Z;5.329;5.347;3542;816
2026-06-08T12:23:47.0000000Z;5.3285;5.3335;42500;1170
2026-06-08T12:23:48.0000000Z;5.322;5.339;900;816
2026-06-08T12:23:49.0000000Z;5.3235;5.335;900;900
2026-06-08T12:23:50.0000000Z;5.324;5.3345;3542;583
2026-06-08T12:23:52.0000000Z;5.325;5.333;900;900
2026-06-08T12:23:53.0000000Z;5.325;5.333;900;42887
2026-06-08T12:23:54.0000000Z;5.3255;5.333;3542;42887
2026-06-08T12:24:00.0000000Z;5.3255;5.3315;3475;1496
2026-06-08T12:24:01.0000000Z;5.324;5.333;900;3386
2026-06-08T12:24:02.0000000Z;5.324;5.332;900;42918
2026-06-08T12:24:03.0000000Z;5.325;5.3315;3542;42768
2026-06-08T12:24:04.0000000Z;5.324;5.333;900;5190
2026-06-08T12:24:05.0000000Z;5.324;5.3325;900;455
2026-06-08T12:24:07.0000000Z;5.3225;5.3335;33860;900
2026-06-08T12:24:08.0000000Z;5.3255;5.3335;900;900
2026-06-08T12:24:09.0000000Z;5.324;5.3325;900;4290
2026-06-08T12:24:10.0000000Z;5.3235;5.3375;469;816
2026-06-08T12:24:11.0000000Z;5.325;5.334;3542;829
2026-06-08T12:24:12.0000000Z;5.3255;5.3335;3542;1716
2026-06-08T12:24:13.0000000Z;5.325;5.3335;900;900
2026-06-08T12:24:14.0000000Z;5.325;5.339;900;816
2026-06-08T12:24:15.0000000Z;5.329;5.334;3542;51874
2026-06-08T12:24:16.0000000Z;5.323;5.3435;469;816
2026-06-08T12:24:17.0000000Z;5.3255;5.334;900;9374
2026-06-08T12:24:18.0000000Z;5.3255;5.341;900;816
2026-06-08T12:24:19.0000000Z;5.3255;5.3345;900;900
2026-06-08T12:24:20.0000000Z;5.3255;5.3395;1369;816
2026-06-08T12:24:21.0000000Z;5.3275;5.335;3542;223
2026-06-08T12:24:22.0000000Z;5.3275;5.335;3542;42723
2026-06-08T12:24:23.0000000Z;5.3255;5.3335;900;830
2026-06-08T12:24:24.0000000Z;5.3245;5.333;900;816
2026-06-08T12:24:25.0000000Z;5.3255;5.3335;3542;640
2026-06-08T12:24:26.0000000Z;5.3245;5.334;900;6216
2026-06-08T12:24:27.0000000Z;5.3245;5.333;900;43056
2026-06-08T12:24:28.0000000Z;5.3265;5.333;3542;42500
2026-06-08T12:24:29.0000000Z;5.326;5.3335;900;298
2026-06-08T12:24:30.0000000Z;5.326;5.3325;900;42500
2026-06-08T12:24:31.0000000Z;5.326;5.3325;900;816
2026-06-08T12:24:32.0000000Z;5.3245;5.3325;900;816
2026-06-08T12:24:33.0000000Z;5.325;5.3325;3542;816
2026-06-08T12:24:34.0000000Z;5.3245;5.3345;900;1716
2026-06-08T12:24:35.0000000Z;5.324;5.3325;900;319
2026-06-08T12:24:36.0000000Z;5.324;5.334;900;900
2026-06-08T12:24:37.0000000Z;5.3245;5.333;3542;9376
2026-06-08T12:24:38.0000000Z;5.3245;5.347;3542;816
2026-06-08T12:24:39.0000000Z;5.325;5.334;3542;698
2026-06-08T12:24:40.0000000Z;5.325;5.334;900;900
2026-06-08T12:24:41.0000000Z;5.3255;5.3335;3296;816
2026-06-08T12:24:42.0000000Z;5.3235;5.333;900;816
2026-06-08T12:24:43.0000000Z;5.3255;5.334;900;42500
2026-06-08T12:24:44.0000000Z;5.326;5.334;3542;42500
2026-06-08T12:24:46.0000000Z;5.3255;5.335;900;900
2026-06-08T12:24:48.0000000Z;5.3265;5.3345;900;42998
2026-06-08T12:24:49.0000000Z;5.3265;5.3345;900;816
2026-06-08T12:24:51.0000000Z;5.33;5.3345;3542;900
2026-06-08T12:24:52.0000000Z;5.3295;5.335;900;900
2026-06-08T12:24:53.0000000Z;5.33;5.335;3542;900
2026-06-08T12:24:54.0000000Z;5.3295;5.34;900;816
2026-06-08T12:24:55.0000000Z;5.3295;5.334;42500;437
2026-06-08T12:24:56.0000000Z;5.322;5.3335;900;752
2026-06-08T12:24:57.0000000Z;5.325;5.3345;900;900
2026-06-08T12:24:58.0000000Z;5.3255;5.3335;3542;752
2026-06-08T12:25:00.0000000Z;5.325;5.3345;900;900
2026-06-08T12:25:01.0000000Z;5.325;5.334;900;5190
2026-06-08T12:25:02.0000000Z;5.325;5.333;900;599
2026-06-08T12:25:03.0000000Z;5.3265;5.3405;900;816
2026-06-08T12:25:04.0000000Z;5.3265;5.335;900;9373
2026-06-08T12:25:05.0000000Z;5.3265;5.335;900;816
2026-06-08T12:25:07.0000000Z;5.327;5.3345;3542;285
2026-06-08T12:25:08.0000000Z;5.327;5.3345;3542;285
2026-06-08T12:25:10.0000000Z;5.328;5.3365;900;900
2026-06-08T12:25:11.0000000Z;5.328;5.335;900;42500
2026-06-08T12:25:12.0000000Z;5.33;5.3355;3384;9372
2026-06-08T12:25:14.0000000Z;5.3285;5.3355;3542;9372
2026-06-08T12:25:15.0000000Z;5.3265;5.3365;900;1716
2026-06-08T12:25:16.0000000Z;5.3265;5.336;900;5106
2026-06-08T12:25:17.0000000Z;5.3265;5.3355;900;608
2026-06-08T12:25:19.0000000Z;5.3265;5.3355;900;608
2026-06-08T12:25:21.0000000Z;5.327;5.3355;3542;608
2026-06-08T12:25:23.0000000Z;5.3265;5.3355;900;900
2026-06-08T12:25:24.0000000Z;5.3265;5.335;900;523
2026-06-08T12:25:25.0000000Z;5.3265;5.334;900;216
2026-06-08T12:25:26.0000000Z;5.3265;5.3355;900;900
2026-06-08T12:25:27.0000000Z;5.33;5.3355;3542;42500
2026-06-08T12:25:28.0000000Z;5.331;5.3385;900;900
2026-06-08T12:25:29.0000000Z;5.3315;5.3355;3542;42500
2026-06-08T12:25:30.0000000Z;5.331;5.3375;900;5190
2026-06-08T12:25:31.0000000Z;5.331;5.3375;900;900
2026-06-08T12:25:32.0000000Z;5.33;5.3375;3422;900
2026-06-08T12:25:33.0000000Z;5.329;5.3375;900;900
2026-06-08T12:25:34.0000000Z;5.331;5.3375;3542;900
2026-06-08T12:25:35.0000000Z;5.3305;5.3375;900;42500
2026-06-08T12:25:36.0000000Z;5.331;5.3375;3542;42500
2026-06-08T12:25:37.0000000Z;5.3305;5.338;900;900
2026-06-08T12:25:38.0000000Z;5.3275;5.3385;33860;900
2026-06-08T12:25:39.0000000Z;5.3305;5.3385;900;900
2026-06-08T12:25:40.0000000Z;5.3305;5.3385;900;51866
2026-06-08T12:25:41.0000000Z;5.332;5.3395;900;900
2026-06-08T12:25:42.0000000Z;5.332;5.3395;900;900
2026-06-08T12:25:43.0000000Z;5.332;5.3395;3542;900
2026-06-08T12:25:44.0000000Z;5.328;5.3395;29051;42500
2026-06-08T12:25:45.0000000Z;5.329;5.3385;900;1716
2026-06-08T12:25:46.0000000Z;5.329;5.338;900;5190
2026-06-08T12:25:47.0000000Z;5.332;5.338;3542;42500
2026-06-08T12:25:48.0000000Z;5.3295;5.3385;3422;816
2026-06-08T12:25:49.0000000Z;5.3295;5.3375;3542;42500
2026-06-08T12:25:50.0000000Z;5.331;5.3385;900;42500
2026-06-08T12:25:51.0000000Z;5.331;5.337;900;207
2026-06-08T12:25:52.0000000Z;5.3295;5.337;900;5106
2026-06-08T12:25:53.0000000Z;5.3295;5.3365;900;142
2026-06-08T12:25:54.0000000Z;5.3295;5.3375;900;816
2026-06-08T12:25:55.0000000Z;5.329;5.337;900;4290
2026-06-08T12:25:56.0000000Z;5.329;5.338;900;900
2026-06-08T12:25:57.0000000Z;5.329;5.3375;900;51868
2026-06-08T12:25:58.0000000Z;5.3295;5.338;3542;42500
2026-06-08T12:26:01.0000000Z;5.329;5.338;900;5190
2026-06-08T12:26:02.0000000Z;5.329;5.338;900;900
2026-06-08T12:26:03.0000000Z;5.329;5.3375;900;452
2026-06-08T12:26:04.0000000Z;5.329;5.338;900;42500
2026-06-08T12:26:05.0000000Z;5.329;5.351;900;816
2026-06-08T12:26:06.0000000Z;5.3315;5.344;3542;816
2026-06-08T12:26:07.0000000Z;5.329;5.337;900;816
2026-06-08T12:26:08.0000000Z;5.329;5.3385;900;816
2026-06-08T12:26:09.0000000Z;5.329;5.339;900;900
2026-06-08T12:26:10.0000000Z;5.3305;5.3465;900;816
2026-06-08T12:26:11.0000000Z;5.3305;5.34;900;1716
2026-06-08T12:26:12.0000000Z;5.331;5.341;900;816
2026-06-08T12:26:13.0000000Z;5.331;5.3385;900;816
2026-06-08T12:26:14.0000000Z;5.331;5.339;900;816
2026-06-08T12:26:15.0000000Z;5.331;5.338;900;816
2026-06-08T12:26:16.0000000Z;5.331;5.3375;900;177
2026-06-08T12:26:17.0000000Z;5.3315;5.338;3542;816
2026-06-08T12:26:18.0000000Z;5.329;5.3375;900;5190
2026-06-08T12:26:20.0000000Z;5.3305;5.3375;900;816
2026-06-08T12:26:21.0000000Z;5.3305;5.3385;900;900
2026-06-08T12:26:22.0000000Z;5.3305;5.338;900;9367
2026-06-08T12:26:23.0000000Z;5.3305;5.3385;900;816
2026-06-08T12:26:24.0000000Z;5.3305;5.34;900;1716
2026-06-08T12:26:25.0000000Z;5.3305;5.3385;900;5190
2026-06-08T12:26:26.0000000Z;5.3305;5.3385;900;5190
2026-06-08T12:26:27.0000000Z;5.331;5.337;3542;345
2026-06-08T12:26:28.0000000Z;5.331;5.3375;3542;42500
2026-06-08T12:26:29.0000000Z;5.329;5.338;900;900
2026-06-08T12:26:30.0000000Z;5.329;5.338;900;42500
2026-06-08T12:26:31.0000000Z;5.329;5.338;900;4290
2026-06-08T12:26:33.0000000Z;5.3305;5.3385;900;900
2026-06-08T12:26:34.0000000Z;5.331;5.338;3542;42500
2026-06-08T12:26:36.0000000Z;5.332;5.3395;900;900
2026-06-08T12:26:37.0000000Z;5.3325;5.3395;3542;900
2026-06-08T12:26:38.0000000Z;5.3325;5.338;3542;42500
2026-06-08T12:26:39.0000000Z;5.331;5.3385;900;42500
2026-06-08T12:26:40.0000000Z;5.331;5.34;900;900
2026-06-08T12:26:41.0000000Z;5.3315;5.3385;3542;42500
2026-06-08T12:26:42.0000000Z;5.3285;5.3395;469;759
2026-06-08T12:26:43.0000000Z;5.331;5.34;900;900
2026-06-08T12:26:44.0000000Z;5.3295;5.3385;900;900
2026-06-08T12:26:45.0000000Z;5.3295;5.338;900;427
2026-06-08T12:26:46.0000000Z;5.3325;5.3395;900;900
2026-06-08T12:26:47.0000000Z;5.331;5.3375;3359;647
2026-06-08T12:26:48.0000000Z;5.3305;5.3385;900;900
2026-06-08T12:26:50.0000000Z;5.331;5.3385;3542;42500
2026-06-08T12:26:52.0000000Z;5.331;5.3385;3542;42500
2026-06-08T12:26:53.0000000Z;5.3305;5.3385;900;900
2026-06-08T12:26:55.0000000Z;5.3305;5.3385;900;900
2026-06-08T12:26:56.0000000Z;5.331;5.3385;3542;900
2026-06-08T12:26:57.0000000Z;5.3305;5.339;900;816
2026-06-08T12:26:58.0000000Z;5.3305;5.3375;900;816
2026-06-08T12:26:59.0000000Z;5.3305;5.338;900;9578
2026-06-08T12:27:00.0000000Z;5.3305;5.343;900;816
2026-06-08T12:27:01.0000000Z;5.3305;5.3425;900;816
2026-06-08T12:27:02.0000000Z;5.3305;5.339;900;816
2026-06-08T12:27:03.0000000Z;5.3305;5.338;900;4290
2026-06-08T12:27:04.0000000Z;5.3305;5.339;900;900
2026-06-08T12:27:05.0000000Z;5.3305;5.339;900;890
2026-06-08T12:27:06.0000000Z;5.3305;5.339;900;42500
2026-06-08T12:27:08.0000000Z;5.332;5.343;900;900
2026-06-08T12:27:09.0000000Z;5.332;5.343;900;900
2026-06-08T12:27:10.0000000Z;5.332;5.3385;900;900
2026-06-08T12:27:11.0000000Z;5.3325;5.3385;46042;183
2026-06-08T12:27:13.0000000Z;5.3285;5.338;469;376
2026-06-08T12:27:14.0000000Z;5.3325;5.3385;3542;42500
2026-06-08T12:27:15.0000000Z;5.331;5.338;900;816
2026-06-08T12:27:16.0000000Z;5.331;5.338;900;42691
2026-06-08T12:27:18.0000000Z;5.331;5.339;900;900
2026-06-08T12:27:19.0000000Z;5.3295;5.338;900;816
2026-06-08T12:27:20.0000000Z;5.3295;5.338;900;816
2026-06-08T12:27:21.0000000Z;5.3295;5.338;900;816
2026-06-08T12:27:22.0000000Z;5.3295;5.3385;900;9366
2026-06-08T12:27:23.0000000Z;5.331;5.343;900;816
2026-06-08T12:27:24.0000000Z;5.331;5.338;900;816
2026-06-08T12:27:25.0000000Z;5.331;5.3385;900;900
2026-06-08T12:27:26.0000000Z;5.3295;5.3375;900;900
2026-06-08T12:27:27.0000000Z;5.329;5.337;469;848
2026-06-08T12:27:28.0000000Z;5.331;5.3385;900;900
2026-06-08T12:27:29.0000000Z;5.331;5.3385;900;900
2026-06-08T12:27:31.0000000Z;5.331;5.3385;900;51866
2026-06-08T12:27:32.0000000Z;5.331;5.344;900;816
2026-06-08T12:27:33.0000000Z;5.331;5.3385;900;900
2026-06-08T12:27:38.0000000Z;5.331;5.338;900;900
2026-06-08T12:27:39.0000000Z;5.3315;5.338;3542;42743
2026-06-08T12:27:40.0000000Z;5.331;5.3375;3542;297
2026-06-08T12:27:41.0000000Z;5.331;5.3375;46042;297
2026-06-08T12:27:42.0000000Z;5.3295;5.338;900;42500
2026-06-08T12:27:43.0000000Z;5.3295;5.3385;900;900
2026-06-08T12:27:44.0000000Z;5.3305;5.338;3542;42500
2026-06-08T12:27:45.0000000Z;5.331;5.338;900;900
2026-06-08T12:27:46.0000000Z;5.331;5.338;900;900
2026-06-08T12:27:47.0000000Z;5.3325;5.3385;900;816
2026-06-08T12:27:48.0000000Z;5.3325;5.3375;900;816
2026-06-08T12:27:49.0000000Z;5.3295;5.3365;900;816
2026-06-08T12:27:50.0000000Z;5.3295;5.3375;900;816
2026-06-08T12:27:51.0000000Z;5.331;5.3365;3542;42500
2026-06-08T12:27:52.0000000Z;5.331;5.3375;3542;816
2026-06-08T12:27:53.0000000Z;5.3295;5.3375;900;42500
2026-06-08T12:27:54.0000000Z;5.3295;5.3385;900;900
2026-06-08T12:27:55.0000000Z;5.331;5.3375;3542;42500
2026-06-08T12:27:56.0000000Z;5.332;5.3395;900;900
2026-06-08T12:27:57.0000000Z;5.332;5.338;900;9367
2026-06-08T12:27:58.0000000Z;5.332;5.342;900;816
2026-06-08T12:27:59.0000000Z;5.332;5.339;900;5190
2026-06-08T12:28:00.0000000Z;5.3325;5.339;3542;42819
2026-06-08T12:28:01.0000000Z;5.3305;5.339;900;900
2026-06-08T12:28:02.0000000Z;5.331;5.339;3542;900
2026-06-08T12:28:04.0000000Z;5.3325;5.339;3542;42500
2026-06-08T12:28:05.0000000Z;5.3325;5.339;3542;42500
2026-06-08T12:28:06.0000000Z;5.3325;5.341;3542;900
2026-06-08T12:28:07.0000000Z;5.332;5.3395;900;900
2026-06-08T12:28:08.0000000Z;5.3305;5.339;900;5190
2026-06-08T12:28:09.0000000Z;5.332;5.3385;900;413
2026-06-08T12:28:11.0000000Z;5.3305;5.3385;900;211
2026-06-08T12:28:12.0000000Z;5.3305;5.339;900;900
2026-06-08T12:28:15.0000000Z;5.3305;5.3395;900;900
2026-06-08T12:28:17.0000000Z;5.3305;5.3395;900;51865
2026-06-08T12:28:18.0000000Z;5.3325;5.338;900;900
2026-06-08T12:28:19.0000000Z;5.3325;5.338;900;900
2026-06-08T12:28:20.0000000Z;5.333;5.338;3542;900
2026-06-08T12:28:22.0000000Z;5.3295;5.3385;900;900
2026-06-08T12:28:23.0000000Z;5.3325;5.338;900;900
2026-06-08T12:28:24.0000000Z;5.3305;5.338;3542;900
2026-06-08T12:28:25.0000000Z;5.333;5.338;2848;900
2026-06-08T12:28:26.0000000Z;5.3325;5.3495;900;59080
2026-06-08T12:28:27.0000000Z;5.3325;5.339;900;900
2026-06-08T12:28:28.0000000Z;5.3325;5.339;900;900
2026-06-08T12:28:29.0000000Z;5.3325;5.339;900;900
2026-06-08T12:28:31.0000000Z;5.331;5.3395;900;900
2026-06-08T12:28:32.0000000Z;5.334;5.341;900;900
2026-06-08T12:28:33.0000000Z;5.3325;5.34;900;900
2026-06-08T12:28:34.0000000Z;5.333;5.3395;3542;42500
2026-06-08T12:28:35.0000000Z;5.332;5.3405;900;900
2026-06-08T12:28:37.0000000Z;5.3335;5.3465;3542;816
2026-06-08T12:28:38.0000000Z;5.333;5.34;900;4290
2026-06-08T12:28:39.0000000Z;5.333;5.34;900;4290
2026-06-08T12:28:40.0000000Z;5.333;5.34;900;4290
2026-06-08T12:28:41.0000000Z;5.333;5.34;900;42500
2026-06-08T12:28:42.0000000Z;5.333;5.341;900;5190
2026-06-08T12:28:43.0000000Z;5.335;5.3405;3542;9363
2026-06-08T12:28:44.0000000Z;5.3345;5.3405;900;9363
2026-06-08T12:28:45.0000000Z;5.3345;5.3405;900;9363
2026-06-08T12:28:46.0000000Z;5.333;5.3415;900;5190
2026-06-08T12:28:47.0000000Z;5.3335;5.3415;3542;5190
2026-06-08T12:28:49.0000000Z;5.336;5.342;900;900
2026-06-08T12:28:50.0000000Z;5.332;5.341;900;4290
2026-06-08T12:28:51.0000000Z;5.3335;5.3425;900;900
2026-06-08T12:28:52.0000000Z;5.3335;5.342;900;900
2026-06-08T12:28:53.0000000Z;5.3335;5.342;900;42500
2026-06-08T12:28:54.0000000Z;5.3335;5.3415;900;900
2026-06-08T12:28:55.0000000Z;5.3345;5.3415;3542;42500
2026-06-08T12:28:56.0000000Z;5.334;5.3415;3542;42500
2026-06-08T12:28:58.0000000Z;5.335;5.3415;900;900
2026-06-08T12:28:59.0000000Z;5.3335;5.3415;900;42500
2026-06-08T12:29:00.0000000Z;5.3335;5.341;900;4290
2026-06-08T12:29:01.0000000Z;5.3335;5.343;900;9281
2026-06-08T12:29:02.0000000Z;5.3335;5.342;900;900
2026-06-08T12:29:03.0000000Z;5.3355;5.342;3542;900
2026-06-08T12:29:06.0000000Z;5.335;5.3415;900;5106
2026-06-08T12:29:07.0000000Z;5.335;5.342;900;900
2026-06-08T12:29:08.0000000Z;5.335;5.343;900;900
2026-06-08T12:29:09.0000000Z;5.335;5.342;900;9360
2026-06-08T12:29:10.0000000Z;5.3345;5.343;468;900
2026-06-08T12:29:11.0000000Z;5.335;5.343;900;900
2026-06-08T12:29:12.0000000Z;5.335;5.349;900;1185
2026-06-08T12:29:13.0000000Z;5.335;5.343;900;900
2026-06-08T12:29:14.0000000Z;5.337;5.343;3542;42500
2026-06-08T12:29:15.0000000Z;5.335;5.343;900;900
2026-06-08T12:29:16.0000000Z;5.335;5.343;900;900
2026-06-08T12:29:17.0000000Z;5.335;5.3425;900;816
2026-06-08T12:29:18.0000000Z;5.339;5.3515;3542;816
2026-06-08T12:29:19.0000000Z;5.3375;5.3485;900;816
2026-06-08T12:29:20.0000000Z;5.3375;5.3445;900;900
2026-06-08T12:29:21.0000000Z;5.3375;5.3445;900;900
2026-06-08T12:29:22.0000000Z;5.3375;5.343;900;9359
2026-06-08T12:29:23.0000000Z;5.3365;5.345;3542;340
2026-06-08T12:29:24.0000000Z;5.3365;5.349;3542;1496
2026-06-08T12:29:25.0000000Z;5.336;5.3515;900;816
2026-06-08T12:29:26.0000000Z;5.336;5.346;900;900
2026-06-08T12:29:27.0000000Z;5.336;5.3455;900;585
2026-06-08T12:29:28.0000000Z;5.3365;5.346;3542;42500
2026-06-08T12:29:29.0000000Z;5.336;5.346;900;900
2026-06-08T12:29:30.0000000Z;5.3365;5.3455;3542;523
2026-06-08T12:29:31.0000000Z;5.336;5.345;900;363
2026-06-08T12:29:32.0000000Z;5.338;5.346;900;900
2026-06-08T12:29:33.0000000Z;5.3385;5.3445;3542;42500
2026-06-08T12:29:34.0000000Z;5.329;5.3455;3855;948
2026-06-08T12:29:35.0000000Z;5.336;5.344;3542;43209
2026-06-08T12:29:37.0000000Z;5.3355;5.344;900;816
2026-06-08T12:29:38.0000000Z;5.336;5.3435;3542;354
2026-06-08T12:29:39.0000000Z;5.3355;5.343;900;469
2026-06-08T12:29:40.0000000Z;5.3365;5.3435;900;816
2026-06-08T12:29:41.0000000Z;5.3365;5.3435;900;42500
2026-06-08T12:29:42.0000000Z;5.3365;5.3435;900;816
2026-06-08T12:29:44.0000000Z;5.337;5.3435;3542;816
2026-06-08T12:29:45.0000000Z;5.3345;5.3435;900;816
2026-06-08T12:29:46.0000000Z;5.3355;5.343;3542;650
2026-06-08T12:29:47.0000000Z;5.3345;5.343;900;42500
2026-06-08T12:29:48.0000000Z;5.336;5.344;900;900
2026-06-08T12:29:49.0000000Z;5.3345;5.3485;900;816
2026-06-08T12:29:50.0000000Z;5.3345;5.3435;900;900
2026-06-08T12:29:51.0000000Z;5.335;5.3435;3542;900
2026-06-08T12:29:52.0000000Z;5.335;5.343;3542;295
2026-06-08T12:29:53.0000000Z;5.3345;5.3445;900;900
2026-06-08T12:29:54.0000000Z;5.336;5.344;900;900
2026-06-08T12:29:55.0000000Z;5.3375;5.3515;900;816
2026-06-08T12:29:56.0000000Z;5.3375;5.3445;900;816
2026-06-08T12:29:57.0000000Z;5.3375;5.3445;900;42500
2026-06-08T12:29:58.0000000Z;5.336;5.344;900;816
2026-06-08T12:29:59.0000000Z;5.3375;5.344;3542;42500
2026-06-08T12:29:59.0000000Z;5.336;5.3455;900;1716
2026-06-08T12:30:00.0000000Z;5.338;5.344;3542;42500
2026-06-08T12:30:01.0000000Z;5.3375;5.346;900;816
2026-06-08T12:30:02.0000000Z;5.3375;5.3455;900;612
2026-06-08T12:30:03.0000000Z;5.3375;5.3445;3542;352
2026-06-08T12:30:04.0000000Z;5.3435;5.345;3542;42500
2026-06-08T12:30:05.0000000Z;5.3345;5.3455;900;900
2026-06-08T12:30:06.0000000Z;5.3375;5.351;900;900
2026-06-08T12:30:07.0000000Z;5.338;5.345;3542;42952
2026-06-08T12:30:08.0000000Z;5.3375;5.3455;900;5190
2026-06-08T12:30:10.0000000Z;5.3355;5.345;26007;619
2026-06-08T12:30:11.0000000Z;5.3365;5.3455;900;5190
2026-06-08T12:30:12.0000000Z;5.3365;5.346;900;900
2026-06-08T12:30:13.0000000Z;5.3365;5.346;900;42500
2026-06-08T12:30:14.0000000Z;5.3385;5.354;3542;816
2026-06-08T12:30:15.0000000Z;5.3395;5.351;900;816
2026-06-08T12:30:16.0000000Z;5.3395;5.3485;900;816
2026-06-08T12:30:17.0000000Z;5.3435;5.3465;3542;9352
2026-06-08T12:30:18.0000000Z;5.342;5.3465;3542;9352
2026-06-08T12:30:19.0000000Z;5.3415;5.3505;900;4290
2026-06-08T12:30:20.0000000Z;5.346;5.3465;3542;9352
2026-06-08T12:30:21.0000000Z;5.346;5.3465;900;9352
2026-06-08T12:30:22.0000000Z;5.3435;5.3515;3542;516
2026-06-08T12:30:23.0000000Z;5.3415;5.351;900;900
2026-06-08T12:30:24.0000000Z;5.3415;5.3505;900;437
2026-06-08T12:30:25.0000000Z;5.343;5.352;900;900
2026-06-08T12:30:26.0000000Z;5.343;5.3505;900;307
2026-06-08T12:30:27.0000000Z;5.343;5.3505;900;816
2026-06-08T12:30:28.0000000Z;5.343;5.35;900;239
2026-06-08T12:30:29.0000000Z;5.342;5.349;900;316
2026-06-08T12:30:30.0000000Z;5.342;5.3495;900;42500
2026-06-08T12:30:31.0000000Z;5.344;5.3495;3542;42500
2026-06-08T12:30:32.0000000Z;5.3435;5.3495;900;900
2026-06-08T12:30:33.0000000Z;5.3435;5.349;900;900
2026-06-08T12:30:34.0000000Z;5.3435;5.349;900;900
2026-06-08T12:30:35.0000000Z;5.344;5.349;3542;42500
2026-06-08T12:30:36.0000000Z;5.341;5.3495;900;816
2026-06-08T12:30:37.0000000Z;5.3435;5.3485;2046;424
2026-06-08T12:30:38.0000000Z;5.341;5.3495;900;816
2026-06-08T12:30:39.0000000Z;5.341;5.349;900;42500
2026-06-08T12:30:40.0000000Z;5.3425;5.35;900;900
2026-06-08T12:30:41.0000000Z;5.3425;5.3525;900;816
2026-06-08T12:30:42.0000000Z;5.3425;5.35;900;816
2026-06-08T12:30:43.0000000Z;5.3425;5.35;900;816
2026-06-08T12:30:44.0000000Z;5.343;5.3515;3542;300
2026-06-08T12:30:45.0000000Z;5.3405;5.3515;30908;601
2026-06-08T12:30:46.0000000Z;5.345;5.352;3542;42500
2026-06-08T12:30:47.0000000Z;5.345;5.353;3542;816
2026-06-08T12:30:48.0000000Z;5.346;5.3525;3542;9342
2026-06-08T12:30:49.0000000Z;5.3455;5.3525;46042;9342
2026-06-08T12:30:50.0000000Z;5.345;5.3525;900;9342
2026-06-08T12:30:51.0000000Z;5.348;5.3535;900;42500
2026-06-08T12:30:52.0000000Z;5.348;5.3545;900;42500
2026-06-08T12:30:53.0000000Z;5.348;5.3545;46042;42500
2026-06-08T12:30:54.0000000Z;5.349;5.3545;46042;42500
2026-06-08T12:30:55.0000000Z;5.349;5.359;46042;366
2026-06-08T12:30:56.0000000Z;5.3495;5.3565;3542;338
2026-06-08T12:30:57.0000000Z;5.3485;5.3615;900;816
2026-06-08T12:30:58.0000000Z;5.3495;5.3615;13342;148
2026-06-08T12:30:59.0000000Z;5.3485;5.3665;900;1496
2026-06-08T12:31:00.0000000Z;5.3495;5.364;13342;1294
2026-06-08T12:31:01.0000000Z;5.341;5.364;468;1496
2026-06-08T12:31:02.0000000Z;5.341;5.364;468;1496
2026-06-08T12:31:03.0000000Z;5.35;5.362;3542;1285
2026-06-08T12:31:04.0000000Z;5.3495;5.363;900;816
2026-06-08T12:31:05.0000000Z;5.3495;5.3625;900;1431
2026-06-08T12:31:06.0000000Z;5.3495;5.3625;900;1431
2026-06-08T12:31:07.0000000Z;5.351;5.3595;900;465
2026-06-08T12:31:08.0000000Z;5.351;5.359;900;900
2026-06-08T12:31:09.0000000Z;5.35;5.36;3417;900
2026-06-08T12:31:10.0000000Z;5.352;5.359;3542;1716
2026-06-08T12:31:11.0000000Z;5.3515;5.364;46042;816
2026-06-08T12:31:12.0000000Z;5.3495;5.3585;900;900
2026-06-08T12:31:13.0000000Z;5.35;5.3585;3542;900
2026-06-08T12:31:15.0000000Z;5.35;5.358;3542;909
2026-06-08T12:31:16.0000000Z;5.345;5.3585;33860;42500
2026-06-08T12:31:17.0000000Z;5.3495;5.3555;3532;900
2026-06-08T12:31:18.0000000Z;5.344;5.3545;900;900
2026-06-08T12:31:19.0000000Z;5.347;5.3545;900;42500
2026-06-08T12:31:20.0000000Z;5.347;5.357;900;900
2026-06-08T12:31:21.0000000Z;5.3475;5.3565;3542;646
2026-06-08T12:31:22.0000000Z;5.3505;5.357;3542;42500
2026-06-08T12:31:23.0000000Z;5.35;5.3575;900;51833
2026-06-08T12:31:24.0000000Z;5.3505;5.3575;3527;51833
2026-06-08T12:31:25.0000000Z;5.345;5.357;34760;1716
2026-06-08T12:31:26.0000000Z;5.3485;5.3555;3542;639
2026-06-08T12:31:27.0000000Z;5.3485;5.356;900;42500
2026-06-08T12:31:28.0000000Z;5.3485;5.357;900;900
2026-06-08T12:31:29.0000000Z;5.3485;5.3565;900;9335
2026-06-08T12:31:30.0000000Z;5.3485;5.3565;900;5190
2026-06-08T12:31:31.0000000Z;5.3485;5.356;900;199
2026-06-08T12:31:32.0000000Z;5.349;5.3565;3542;5190
2026-06-08T12:31:33.0000000Z;5.349;5.356;3542;199
2026-06-08T12:31:34.0000000Z;5.3485;5.356;900;42699
2026-06-08T12:31:35.0000000Z;5.3505;5.356;3542;42500
2026-06-08T12:31:36.0000000Z;5.35;5.3565;900;900
2026-06-08T12:31:37.0000000Z;5.349;5.3555;2046;4290
2026-06-08T12:31:38.0000000Z;5.3485;5.356;3535;900
2026-06-08T12:31:39.0000000Z;5.3435;5.3615;3853;816
2026-06-08T12:31:40.0000000Z;5.348;5.3575;900;1716
2026-06-08T12:31:41.0000000Z;5.35;5.3565;900;816
2026-06-08T12:31:42.0000000Z;5.3505;5.3565;3542;42500
2026-06-08T12:31:44.0000000Z;5.3505;5.3565;3542;42500
2026-06-08T12:31:45.0000000Z;5.35;5.3565;900;816
2026-06-08T12:31:46.0000000Z;5.3505;5.3565;3542;42500
2026-06-08T12:31:47.0000000Z;5.3465;5.3565;900;816
2026-06-08T12:31:48.0000000Z;5.3465;5.355;900;374
2026-06-08T12:31:49.0000000Z;5.3465;5.355;900;140
2026-06-08T12:31:50.0000000Z;5.3465;5.356;900;4290
2026-06-08T12:31:51.0000000Z;5.351;5.364;900;816
2026-06-08T12:31:52.0000000Z;5.35;5.356;3542;42500
2026-06-08T12:31:53.0000000Z;5.3485;5.3585;900;900
2026-06-08T12:31:54.0000000Z;5.3485;5.3595;900;816
2026-06-08T12:31:55.0000000Z;5.3465;5.356;900;900
2026-06-08T12:31:56.0000000Z;5.349;5.3555;3481;457
2026-06-08T12:31:57.0000000Z;5.3455;5.356;19017;4290
2026-06-08T12:31:58.0000000Z;5.3465;5.3555;900;42500
2026-06-08T12:31:59.0000000Z;5.344;5.3575;1367;816
2026-06-08T12:32:00.0000000Z;5.3455;5.3575;900;816
2026-06-08T12:32:01.0000000Z;5.3445;5.3545;3417;816
2026-06-08T12:32:02.0000000Z;5.34;5.352;34760;900
2026-06-08T12:32:03.0000000Z;5.34;5.352;33860;900
2026-06-08T12:32:04.0000000Z;5.343;5.3535;16225;1716
2026-06-08T12:32:05.0000000Z;5.345;5.3525;900;816
2026-06-08T12:32:06.0000000Z;5.345;5.3535;900;900
2026-06-08T12:32:07.0000000Z;5.345;5.353;900;270
2026-06-08T12:32:08.0000000Z;5.345;5.3535;900;42500
2026-06-08T12:32:09.0000000Z;5.347;5.3535;3542;900
2026-06-08T12:32:10.0000000Z;5.3465;5.3535;900;900
2026-06-08T12:32:11.0000000Z;5.3465;5.352;42500;1496
2026-06-08T12:32:12.0000000Z;5.3425;5.351;900;721
2026-06-08T12:32:13.0000000Z;5.3425;5.3515;900;900
2026-06-08T12:32:14.0000000Z;5.3425;5.351;900;42500
2026-06-08T12:32:15.0000000Z;5.343;5.354;22514;816
2026-06-08T12:32:16.0000000Z;5.344;5.3515;900;816
2026-06-08T12:32:17.0000000Z;5.3445;5.3515;3542;42702
2026-06-08T12:32:18.0000000Z;5.3455;5.3535;900;900
2026-06-08T12:32:19.0000000Z;5.3455;5.3535;900;900
2026-06-08T12:32:20.0000000Z;5.3455;5.3535;900;42500
2026-06-08T12:32:21.0000000Z;5.344;5.3525;900;816
2026-06-08T12:32:22.0000000Z;5.344;5.3515;900;202
2026-06-08T12:32:23.0000000Z;5.344;5.353;900;900
2026-06-08T12:32:24.0000000Z;5.343;5.353;16989;900
2026-06-08T12:32:25.0000000Z;5.3455;5.353;900;900
2026-06-08T12:32:26.0000000Z;5.347;5.3525;900;900
2026-06-08T12:32:27.0000000Z;5.347;5.3525;900;900
2026-06-08T12:32:28.0000000Z;5.344;5.353;900;4290
2026-06-08T12:32:29.0000000Z;5.344;5.352;900;900
2026-06-08T12:32:30.0000000Z;5.344;5.352;900;900
2026-06-08T12:32:31.0000000Z;5.3455;5.3515;900;900
2026-06-08T12:32:32.0000000Z;5.346;5.3505;2046;700
2026-06-08T12:32:33.0000000Z;5.342;5.3515;900;900
2026-06-08T12:32:34.0000000Z;5.3455;5.3515;3264;900
2026-06-08T12:32:35.0000000Z;5.345;5.3515;900;900
2026-06-08T12:32:37.0000000Z;5.3485;5.3515;3542;42500
2026-06-08T12:32:38.0000000Z;5.3485;5.3515;2046;42500
2026-06-08T12:32:39.0000000Z;5.348;5.3515;3542;42500
2026-06-08T12:32:40.0000000Z;5.3475;5.353;900;900
2026-06-08T12:32:41.0000000Z;5.348;5.353;3542;900
2026-06-08T12:32:42.0000000Z;5.346;5.355;900;900
2026-06-08T12:32:43.0000000Z;5.3435;5.3535;900;900
2026-06-08T12:32:44.0000000Z;5.345;5.3535;900;900
2026-06-08T12:32:45.0000000Z;5.3465;5.358;900;900
2026-06-08T12:32:46.0000000Z;5.347;5.353;3542;9341
2026-06-08T12:32:47.0000000Z;5.347;5.3535;3542;42500
2026-06-08T12:32:48.0000000Z;5.347;5.3575;3542;209
2026-06-08T12:32:49.0000000Z;5.3465;5.354;900;900
2026-06-08T12:32:50.0000000Z;5.345;5.354;900;900
2026-06-08T12:32:52.0000000Z;5.3425;5.354;33860;900
2026-06-08T12:32:54.0000000Z;5.3425;5.3535;34760;1716
2026-06-08T12:32:55.0000000Z;5.344;5.3535;900;900
2026-06-08T12:32:56.0000000Z;5.3445;5.3535;3542;900
2026-06-08T12:32:59.0000000Z;5.346;5.3535;3542;42500
2026-06-08T12:33:00.0000000Z;5.347;5.3565;900;816
2026-06-08T12:33:01.0000000Z;5.347;5.3545;900;900
2026-06-08T12:33:02.0000000Z;5.347;5.354;900;816
2026-06-08T12:33:03.0000000Z;5.348;5.3585;13342;3386
2026-06-08T12:33:04.0000000Z;5.347;5.3555;900;4290
2026-06-08T12:33:05.0000000Z;5.3485;5.3565;900;900
2026-06-08T12:33:06.0000000Z;5.3485;5.3565;900;900
2026-06-08T12:33:07.0000000Z;5.35;5.3595;900;900
2026-06-08T12:33:08.0000000Z;5.3485;5.3575;900;809
2026-06-08T12:33:09.0000000Z;5.3485;5.357;900;816
2026-06-08T12:33:10.0000000Z;5.3505;5.3565;3542;42500
2026-06-08T12:33:11.0000000Z;5.3485;5.3575;900;900
2026-06-08T12:33:12.0000000Z;5.3485;5.357;900;900
2026-06-08T12:33:13.0000000Z;5.3485;5.357;900;900
2026-06-08T12:33:14.0000000Z;5.3485;5.357;900;900
2026-06-08T12:33:17.0000000Z;5.3485;5.357;900;42500
2026-06-08T12:33:18.0000000Z;5.3485;5.357;900;900
2026-06-08T12:33:19.0000000Z;5.3485;5.357;900;900
2026-06-08T12:33:24.0000000Z;5.3485;5.357;900;900
2026-06-08T12:33:25.0000000Z;5.3485;5.357;900;900
2026-06-08T12:33:26.0000000Z;5.3485;5.357;900;42500
2026-06-08T12:33:27.0000000Z;5.3485;5.3565;900;327
2026-06-08T12:33:28.0000000Z;5.3485;5.355;42500;1496
2026-06-08T12:33:29.0000000Z;5.347;5.3545;900;480
2026-06-08T12:33:30.0000000Z;5.347;5.3555;900;42500
2026-06-08T12:33:32.0000000Z;5.3485;5.3605;900;900
2026-06-08T12:33:33.0000000Z;5.3485;5.3575;900;900
2026-06-08T12:33:34.0000000Z;5.3485;5.357;900;900
2026-06-08T12:33:35.0000000Z;5.3485;5.357;900;900
2026-06-08T12:33:36.0000000Z;5.3485;5.357;900;900
2026-06-08T12:33:37.0000000Z;5.35;5.3585;900;900
2026-06-08T12:33:38.0000000Z;5.3505;5.357;900;900
2026-06-08T12:33:39.0000000Z;5.3505;5.357;900;900
2026-06-08T12:33:40.0000000Z;5.3505;5.357;900;900
2026-06-08T12:33:41.0000000Z;5.3465;5.363;900;900
2026-06-08T12:33:42.0000000Z;5.3465;5.356;900;900
2026-06-08T12:33:43.0000000Z;5.3465;5.356;900;900
2026-06-08T12:33:44.0000000Z;5.347;5.356;3542;900
2026-06-08T12:33:45.0000000Z;5.3455;5.354;24001;4290
2026-06-08T12:33:46.0000000Z;5.3435;5.3525;900;816
2026-06-08T12:33:47.0000000Z;5.3435;5.353;900;5190
2026-06-08T12:33:48.0000000Z;5.344;5.3525;3542;43508
2026-06-08T12:33:49.0000000Z;5.348;5.354;900;900
2026-06-08T12:33:50.0000000Z;5.3485;5.353;3542;51841
2026-06-08T12:33:51.0000000Z;5.348;5.354;900;900
2026-06-08T12:33:52.0000000Z;5.3465;5.355;900;1716
2026-06-08T12:33:53.0000000Z;5.3445;5.3525;900;451
2026-06-08T12:33:54.0000000Z;5.3465;5.354;3542;900
2026-06-08T12:33:56.0000000Z;5.3465;5.3535;3542;9340
2026-06-08T12:33:57.0000000Z;5.346;5.3595;900;816
2026-06-08T12:33:58.0000000Z;5.346;5.354;900;1716
2026-06-08T12:33:59.0000000Z;5.3425;5.3525;34760;900
2026-06-08T12:34:00.0000000Z;5.3465;5.3525;2936;4290
2026-06-08T12:34:01.0000000Z;5.3465;5.3525;3542;42500
2026-06-08T12:34:02.0000000Z;5.3455;5.3535;900;816
2026-06-08T12:34:03.0000000Z;5.3455;5.354;900;816
2026-06-08T12:34:04.0000000Z;5.3455;5.3545;900;816
2026-06-08T12:34:05.0000000Z;5.3455;5.3555;900;900
2026-06-08T12:34:06.0000000Z;5.3455;5.353;900;9341
2026-06-08T12:34:07.0000000Z;5.346;5.355;3542;42500
2026-06-08T12:34:08.0000000Z;5.346;5.3555;3542;42500
2026-06-08T12:34:09.0000000Z;5.3475;5.3555;3542;42500
2026-06-08T12:34:10.0000000Z;5.347;5.3545;900;200
2026-06-08T12:34:11.0000000Z;5.347;5.3555;900;900
2026-06-08T12:34:12.0000000Z;5.347;5.355;900;42500
2026-06-08T12:34:13.0000000Z;5.35;5.3555;900;900
2026-06-08T12:34:14.0000000Z;5.35;5.3555;900;900
2026-06-08T12:34:15.0000000Z;5.3505;5.3555;3542;900
2026-06-08T12:34:18.0000000Z;5.3465;5.3555;900;900
2026-06-08T12:34:20.0000000Z;5.3495;5.3545;9347;1496
2026-06-08T12:34:21.0000000Z;5.344;5.3545;900;1716
2026-06-08T12:34:22.0000000Z;5.344;5.3535;900;720
2026-06-08T12:34:23.0000000Z;5.347;5.3535;3287;720
2026-06-08T12:34:24.0000000Z;5.345;5.3535;3542;720
2026-06-08T12:34:25.0000000Z;5.344;5.354;900;5190
2026-06-08T12:34:26.0000000Z;5.344;5.3535;900;900
2026-06-08T12:34:27.0000000Z;5.344;5.353;900;537
2026-06-08T12:34:29.0000000Z;5.3455;5.3545;900;900
2026-06-08T12:34:30.0000000Z;5.346;5.354;3542;424
2026-06-08T12:34:31.0000000Z;5.3455;5.3535;900;42756
2026-06-08T12:34:32.0000000Z;5.3455;5.3535;900;377
2026-06-08T12:34:33.0000000Z;5.3455;5.3525;900;900
2026-06-08T12:34:34.0000000Z;5.344;5.352;900;310
2026-06-08T12:34:35.0000000Z;5.344;5.3515;900;202
2026-06-08T12:34:36.0000000Z;5.3455;5.3515;3481;202
2026-06-08T12:34:37.0000000Z;5.3455;5.3515;3481;202
2026-06-08T12:34:41.0000000Z;5.3485;5.3555;900;900
2026-06-08T12:34:42.0000000Z;5.3485;5.3525;900;9342
2026-06-08T12:34:43.0000000Z;5.347;5.3545;900;900
2026-06-08T12:34:44.0000000Z;5.347;5.355;900;4290
2026-06-08T12:34:45.0000000Z;5.347;5.3525;900;9342
2026-06-08T12:34:46.0000000Z;5.348;5.3585;21095;816
2026-06-08T12:34:47.0000000Z;5.349;5.357;900;900
2026-06-08T12:34:48.0000000Z;5.349;5.3575;900;5190
2026-06-08T12:34:49.0000000Z;5.349;5.3575;900;900
2026-06-08T12:34:50.0000000Z;5.349;5.3575;900;5190
2026-06-08T12:34:51.0000000Z;5.345;5.3565;33860;1716
2026-06-08T12:34:52.0000000Z;5.345;5.3555;33860;816
2026-06-08T12:34:53.0000000Z;5.345;5.3555;33860;816
2026-06-08T12:34:54.0000000Z;5.345;5.3545;33860;610
2026-06-08T12:34:55.0000000Z;5.3465;5.3545;900;816
2026-06-08T12:34:56.0000000Z;5.3465;5.3545;900;43110
2026-06-08T12:34:57.0000000Z;5.3465;5.355;900;900
2026-06-08T12:35:00.0000000Z;5.347;5.3555;3417;816
2026-06-08T12:35:01.0000000Z;5.3465;5.3545;900;816
2026-06-08T12:35:02.0000000Z;5.3465;5.355;900;398
2026-06-08T12:35:03.0000000Z;5.3465;5.355;900;220
2026-06-08T12:35:04.0000000Z;5.3465;5.355;900;816
2026-06-08T12:35:05.0000000Z;5.3465;5.355;900;816
2026-06-08T12:35:06.0000000Z;5.347;5.355;3542;816
2026-06-08T12:35:07.0000000Z;5.347;5.355;3542;816
2026-06-08T12:35:08.0000000Z;5.347;5.355;3542;42500
2026-06-08T12:35:09.0000000Z;5.3465;5.355;900;4290
2026-06-08T12:35:10.0000000Z;5.3465;5.356;900;900
2026-06-08T12:35:12.0000000Z;5.347;5.3555;3542;9337
2026-06-08T12:35:13.0000000Z;5.3465;5.3555;900;816
2026-06-08T12:35:15.0000000Z;5.3465;5.355;900;4290
2026-06-08T12:35:17.0000000Z;5.3465;5.355;900;5190
2026-06-08T12:35:18.0000000Z;5.3425;5.3545;34760;816
2026-06-08T12:35:19.0000000Z;5.3425;5.3545;34760;816
2026-06-08T12:35:20.0000000Z;5.3465;5.3545;3414;816
2026-06-08T12:35:21.0000000Z;5.3425;5.354;34760;4290
2026-06-08T12:35:22.0000000Z;5.346;5.354;3542;42500
2026-06-08T12:35:23.0000000Z;5.3475;5.3545;3542;4290
2026-06-08T12:35:24.0000000Z;5.3475;5.354;3542;129
2026-06-08T12:35:25.0000000Z;5.3455;5.355;900;900
2026-06-08T12:35:26.0000000Z;5.3465;5.354;3542;202
2026-06-08T12:35:27.0000000Z;5.3455;5.355;900;900
2026-06-08T12:35:28.0000000Z;5.346;5.3545;3542;42500
2026-06-08T12:35:29.0000000Z;5.3455;5.355;900;1716
2026-06-08T12:35:30.0000000Z;5.3455;5.3545;900;4290
2026-06-08T12:35:31.0000000Z;5.3455;5.354;900;900
2026-06-08T12:35:32.0000000Z;5.3455;5.354;900;42500
2026-06-08T12:35:33.0000000Z;5.348;5.354;3542;42500
2026-06-08T12:35:34.0000000Z;5.349;5.354;2046;778
2026-06-08T12:35:35.0000000Z;5.346;5.3545;900;900
2026-06-08T12:35:36.0000000Z;5.348;5.36;3542;816
2026-06-08T12:35:37.0000000Z;5.3475;5.3545;900;816
2026-06-08T12:35:38.0000000Z;5.3475;5.3545;46042;816
2026-06-08T12:35:39.0000000Z;5.3475;5.3545;46042;816
2026-06-08T12:35:40.0000000Z;5.3455;5.355;900;900
2026-06-08T12:35:41.0000000Z;5.3465;5.3545;3542;42500
2026-06-08T12:35:42.0000000Z;5.3465;5.3545;3542;227
2026-06-08T12:35:43.0000000Z;5.347;5.3565;900;1716
2026-06-08T12:35:44.0000000Z;5.3485;5.357;900;900
2026-06-08T12:35:45.0000000Z;5.3485;5.357;900;900
2026-06-08T12:35:46.0000000Z;5.35;5.357;900;42500
2026-06-08T12:35:47.0000000Z;5.3485;5.357;900;5190
2026-06-08T12:35:49.0000000Z;5.3485;5.357;900;900
2026-06-08T12:35:50.0000000Z;5.3485;5.357;900;900
2026-06-08T12:35:52.0000000Z;5.3485;5.357;900;5190
2026-06-08T12:35:53.0000000Z;5.3485;5.357;900;900
2026-06-08T12:35:54.0000000Z;5.349;5.357;3542;900
2026-06-08T12:35:57.0000000Z;5.3485;5.3565;900;900
2026-06-08T12:35:58.0000000Z;5.3485;5.3565;900;42500
2026-06-08T12:35:59.0000000Z;5.35;5.3575;900;5190
2026-06-08T12:36:00.0000000Z;5.35;5.3575;900;51833
2026-06-08T12:36:01.0000000Z;5.3485;5.357;900;816
2026-06-08T12:36:02.0000000Z;5.35;5.3575;900;900
2026-06-08T12:36:03.0000000Z;5.3485;5.364;3386;816
2026-06-08T12:36:04.0000000Z;5.35;5.3575;900;1716
2026-06-08T12:36:05.0000000Z;5.35;5.3565;900;816
2026-06-08T12:36:06.0000000Z;5.35;5.3565;900;42500
2026-06-08T12:36:07.0000000Z;5.35;5.3565;900;816
2026-06-08T12:36:09.0000000Z;5.35;5.3585;900;900
2026-06-08T12:36:11.0000000Z;5.35;5.3565;900;42500
2026-06-08T12:36:12.0000000Z;5.351;5.357;3542;9334
2026-06-08T12:36:13.0000000Z;5.3515;5.3595;3542;816
2026-06-08T12:36:14.0000000Z;5.352;5.357;900;9334
2026-06-08T12:36:15.0000000Z;5.3505;5.3625;900;816
2026-06-08T12:36:16.0000000Z;5.3505;5.36;900;900
2026-06-08T12:36:17.0000000Z;5.348;5.36;44386;900
2026-06-08T12:36:18.0000000Z;5.352;5.365;900;816
2026-06-08T12:36:19.0000000Z;5.348;5.3595;42936;900
2026-06-08T12:36:20.0000000Z;5.3535;5.364;900;816
2026-06-08T12:36:21.0000000Z;5.3535;5.3625;900;816
2026-06-08T12:36:22.0000000Z;5.3535;5.361;900;4290
2026-06-08T12:36:23.0000000Z;5.3535;5.362;900;900
2026-06-08T12:36:24.0000000Z;5.351;5.362;467;816
2026-06-08T12:36:25.0000000Z;5.3545;5.361;900;900
2026-06-08T12:36:26.0000000Z;5.3545;5.361;900;816
2026-06-08T12:36:27.0000000Z;5.355;5.3605;1878;1496
2026-06-08T12:36:28.0000000Z;5.35;5.362;33860;900
2026-06-08T12:36:29.0000000Z;5.355;5.363;900;900
2026-06-08T12:36:30.0000000Z;5.355;5.363;900;900
2026-06-08T12:36:31.0000000Z;5.3535;5.362;900;648
2026-06-08T12:36:32.0000000Z;5.3535;5.3625;900;42500
2026-06-08T12:36:33.0000000Z;5.355;5.364;900;4290
2026-06-08T12:36:34.0000000Z;5.3535;5.3695;4286;816
2026-06-08T12:36:35.0000000Z;5.358;5.369;900;816
2026-06-08T12:36:36.0000000Z;5.358;5.368;900;816
2026-06-08T12:36:37.0000000Z;5.36;5.374;13342;816
2026-06-08T12:36:38.0000000Z;5.36;5.373;3415;816
2026-06-08T12:36:39.0000000Z;5.361;5.368;900;900
2026-06-08T12:36:40.0000000Z;5.361;5.3695;900;9312
2026-06-08T12:36:41.0000000Z;5.361;5.368;900;42500
2026-06-08T12:36:42.0000000Z;5.362;5.3735;3542;816
2026-06-08T12:36:43.0000000Z;5.3655;5.3745;900;816
2026-06-08T12:36:44.0000000Z;5.363;5.3735;13342;816
2026-06-08T12:36:45.0000000Z;5.364;5.372;900;4290
2026-06-08T12:36:46.0000000Z;5.364;5.372;900;4290
2026-06-08T12:36:47.0000000Z;5.364;5.372;900;42500
2026-06-08T12:36:48.0000000Z;5.3655;5.387;3542;816
2026-06-08T12:36:49.0000000Z;5.368;5.3725;3542;9307
2026-06-08T12:36:50.0000000Z;5.367;5.3725;900;9307
2026-06-08T12:36:51.0000000Z;5.3655;5.3725;900;9307
2026-06-08T12:36:52.0000000Z;5.3675;5.372;2027;443
2026-06-08T12:36:53.0000000Z;5.364;5.372;900;4290
2026-06-08T12:36:54.0000000Z;5.364;5.3725;900;43012
2026-06-08T12:36:55.0000000Z;5.364;5.3725;900;816
2026-06-08T12:36:56.0000000Z;5.3665;5.3725;3542;42500
2026-06-08T12:36:57.0000000Z;5.366;5.3745;900;1716
2026-06-08T12:36:58.0000000Z;5.364;5.374;900;900
2026-06-08T12:36:59.0000000Z;5.364;5.374;900;42500
2026-06-08T12:37:00.0000000Z;5.3655;5.3745;900;900
2026-06-08T12:37:01.0000000Z;5.3655;5.3745;900;51804
2026-06-08T12:37:02.0000000Z;5.3655;5.373;900;816
2026-06-08T12:37:03.0000000Z;5.3655;5.3745;900;900
2026-06-08T12:37:04.0000000Z;5.3655;5.376;900;900
2026-06-08T12:37:05.0000000Z;5.3655;5.3805;900;900
2026-06-08T12:37:06.0000000Z;5.3675;5.3745;3542;42500
2026-06-08T12:37:07.0000000Z;5.3685;5.3755;900;900
2026-06-08T12:37:08.0000000Z;5.37;5.377;900;900
2026-06-08T12:37:09.0000000Z;5.367;5.379;3386;816
2026-06-08T12:37:10.0000000Z;5.3685;5.376;900;4290
2026-06-08T12:37:11.0000000Z;5.367;5.378;900;900
2026-06-08T12:37:12.0000000Z;5.3655;5.375;49875;5190
2026-06-08T12:37:13.0000000Z;5.3665;5.3745;900;900
2026-06-08T12:37:14.0000000Z;5.3665;5.375;900;900
2026-06-08T12:37:15.0000000Z;5.368;5.3755;900;4290
2026-06-08T12:37:16.0000000Z;5.368;5.3755;900;900
2026-06-08T12:37:17.0000000Z;5.368;5.376;900;900
2026-06-08T12:37:19.0000000Z;5.3685;5.376;3542;42500
2026-06-08T12:37:20.0000000Z;5.368;5.376;900;42500
2026-06-08T12:37:21.0000000Z;5.3685;5.376;900;900
2026-06-08T12:37:22.0000000Z;5.366;5.3755;465;42500
2026-06-08T12:37:23.0000000Z;5.369;5.3755;3542;42500
2026-06-08T12:37:24.0000000Z;5.3695;5.3755;900;42500
2026-06-08T12:37:25.0000000Z;5.3695;5.3765;900;9300
2026-06-08T12:37:26.0000000Z;5.3695;5.3775;900;816
2026-06-08T12:37:27.0000000Z;5.37;5.377;3542;177
2026-06-08T12:37:28.0000000Z;5.372;5.379;900;900
2026-06-08T12:37:29.0000000Z;5.365;5.3765;33860;816
2026-06-08T12:37:30.0000000Z;5.365;5.377;33860;900
2026-06-08T12:37:31.0000000Z;5.37;5.377;3542;900
2026-06-08T12:37:32.0000000Z;5.3695;5.377;3542;900
2026-06-08T12:37:34.0000000Z;5.3685;5.377;900;900
2026-06-08T12:37:35.0000000Z;5.367;5.3755;900;816
2026-06-08T12:37:36.0000000Z;5.367;5.375;900;4290
2026-06-08T12:37:37.0000000Z;5.3675;5.3745;3542;239
2026-06-08T12:37:38.0000000Z;5.372;5.3775;3542;900
2026-06-08T12:37:39.0000000Z;5.372;5.376;3542;9301
2026-06-08T12:37:40.0000000Z;5.3715;5.375;42500;609
2026-06-08T12:37:41.0000000Z;5.365;5.3765;34760;816
2026-06-08T12:37:43.0000000Z;5.367;5.3755;3542;494
2026-06-08T12:37:44.0000000Z;5.368;5.3775;900;5190
2026-06-08T12:37:45.0000000Z;5.3685;5.377;3542;570
2026-06-08T12:37:46.0000000Z;5.368;5.377;900;570
2026-06-08T12:37:47.0000000Z;5.368;5.3775;900;900
2026-06-08T12:37:48.0000000Z;5.3685;5.377;3542;239
2026-06-08T12:37:49.0000000Z;5.3685;5.376;900;816
2026-06-08T12:37:50.0000000Z;5.3685;5.376;900;42500
2026-06-08T12:37:51.0000000Z;5.368;5.376;900;816
2026-06-08T12:37:52.0000000Z;5.368;5.376;900;42965
2026-06-08T12:37:54.0000000Z;5.368;5.3755;900;4290
2026-06-08T12:37:55.0000000Z;5.368;5.3755;900;900
2026-06-08T12:37:56.0000000Z;5.37;5.3775;3542;900
2026-06-08T12:37:57.0000000Z;5.367;5.3775;900;900
2026-06-08T12:37:58.0000000Z;5.3705;5.3775;900;900
2026-06-08T12:37:59.0000000Z;5.3705;5.3775;900;42500
2026-06-08T12:38:01.0000000Z;5.3685;5.3775;900;900
2026-06-08T12:38:03.0000000Z;5.3705;5.378;900;900
2026-06-08T12:38:04.0000000Z;5.3705;5.376;900;42500
2026-06-08T12:38:05.0000000Z;5.3705;5.374;42500;799
2026-06-08T12:38:06.0000000Z;5.363;5.3735;22348;892
2026-06-08T12:38:07.0000000Z;5.37;5.372;9311;42938
2026-06-08T12:38:08.0000000Z;5.37;5.372;9311;42500
2026-06-08T12:38:09.0000000Z;5.364;5.3715;3542;430
2026-06-08T12:38:10.0000000Z;5.3635;5.37;3542;211
2026-06-08T12:38:11.0000000Z;5.3615;5.3735;900;816
2026-06-08T12:38:12.0000000Z;5.363;5.37;3542;1008
2026-06-08T12:38:13.0000000Z;5.3595;5.37;900;816
2026-06-08T12:38:14.0000000Z;5.3595;5.37;900;816
2026-06-08T12:38:15.0000000Z;5.3615;5.3695;3542;804
2026-06-08T12:38:16.0000000Z;5.3595;5.37;900;816
2026-06-08T12:38:17.0000000Z;5.3615;5.3705;900;9311
2026-06-08T12:38:18.0000000Z;5.3615;5.3705;900;900
2026-06-08T12:38:19.0000000Z;5.3615;5.37;900;43014
2026-06-08T12:38:21.0000000Z;5.361;5.3695;900;4290
2026-06-08T12:38:22.0000000Z;5.361;5.3695;900;4290
2026-06-08T12:38:23.0000000Z;5.361;5.3695;900;5190
2026-06-08T12:38:24.0000000Z;5.3575;5.369;33860;1104
2026-06-08T12:38:25.0000000Z;5.3625;5.372;900;1716
2026-06-08T12:38:26.0000000Z;5.3625;5.37;900;4290
2026-06-08T12:38:27.0000000Z;5.3625;5.369;1999;1460
2026-06-08T12:38:28.0000000Z;5.358;5.369;900;5190
2026-06-08T12:38:29.0000000Z;5.358;5.369;900;5190
2026-06-08T12:38:30.0000000Z;5.3625;5.369;2934;5190
2026-06-08T12:38:31.0000000Z;5.3595;5.3685;3542;910
2026-06-08T12:38:33.0000000Z;5.3625;5.37;900;5190
2026-06-08T12:38:34.0000000Z;5.3625;5.369;900;327
2026-06-08T12:38:35.0000000Z;5.3625;5.369;900;42827
2026-06-08T12:38:37.0000000Z;5.363;5.3685;3542;336
2026-06-08T12:38:38.0000000Z;5.363;5.369;3542;42500
2026-06-08T12:38:39.0000000Z;5.362;5.3715;3386;4202
2026-06-08T12:38:40.0000000Z;5.3635;5.3695;900;4290
2026-06-08T12:38:41.0000000Z;5.364;5.3695;3379;51812
2026-06-08T12:38:42.0000000Z;5.36;5.368;900;816
2026-06-08T12:38:43.0000000Z;5.359;5.3685;900;4290
2026-06-08T12:38:44.0000000Z;5.359;5.3685;900;5190
2026-06-08T12:38:45.0000000Z;5.3635;5.3695;3542;900
2026-06-08T12:38:46.0000000Z;5.3605;5.3685;900;5140
2026-06-08T12:38:47.0000000Z;5.3605;5.3685;900;900
2026-06-08T12:38:48.0000000Z;5.3605;5.3685;900;5140
2026-06-08T12:38:49.0000000Z;5.3605;5.3685;900;900
2026-06-08T12:38:50.0000000Z;5.3605;5.3685;900;850
2026-06-08T12:38:51.0000000Z;5.359;5.3685;900;850
2026-06-08T12:38:52.0000000Z;5.362;5.369;900;900
2026-06-08T12:38:53.0000000Z;5.3605;5.369;900;900
2026-06-08T12:38:54.0000000Z;5.3595;5.368;900;273
2026-06-08T12:38:56.0000000Z;5.361;5.3675;900;900
2026-06-08T12:38:57.0000000Z;5.361;5.3675;900;42500
2026-06-08T12:38:58.0000000Z;5.3615;5.3675;3542;42500
2026-06-08T12:38:59.0000000Z;5.3615;5.367;3542;386
2026-06-08T12:38:59.0000000Z;5.359;5.3675;900;5936
2026-06-08T12:39:00.0000000Z;5.359;5.3685;900;796
2026-06-08T12:39:01.0000000Z;5.359;5.3685;900;796
2026-06-08T12:39:02.0000000Z;5.359;5.3685;900;42500
2026-06-08T12:39:03.0000000Z;5.3605;5.369;900;4240
2026-06-08T12:39:04.0000000Z;5.3605;5.369;900;51813
2026-06-08T12:39:06.0000000Z;5.3605;5.369;900;9313
2026-06-08T12:39:07.0000000Z;5.3625;5.3705;3542;5140
2026-06-08T12:39:08.0000000Z;5.3615;5.3695;900;42870
2026-06-08T12:39:09.0000000Z;5.3615;5.369;900;209
2026-06-08T12:39:10.0000000Z;5.3575;5.3685;33860;4240
2026-06-08T12:39:11.0000000Z;5.3575;5.3685;33860;4240
2026-06-08T12:39:12.0000000Z;5.362;5.3685;3542;5140
2026-06-08T12:39:13.0000000Z;5.3595;5.3685;900;4240
2026-06-08T12:39:14.0000000Z;5.3595;5.3685;900;900
2026-06-08T12:39:15.0000000Z;5.3595;5.368;900;4240
2026-06-08T12:39:17.0000000Z;5.3605;5.3705;900;1696
2026-06-08T12:39:18.0000000Z;5.3605;5.3685;900;900
2026-06-08T12:39:19.0000000Z;5.3605;5.3685;900;796
2026-06-08T12:39:20.0000000Z;5.3605;5.3675;900;149
2026-06-08T12:39:21.0000000Z;5.362;5.3705;900;900
2026-06-08T12:39:22.0000000Z;5.3605;5.3695;900;900
2026-06-08T12:39:23.0000000Z;5.3605;5.3695;900;552
2026-06-08T12:39:24.0000000Z;5.3625;5.37;3542;9311
2026-06-08T12:39:25.0000000Z;5.3625;5.3705;3542;241
2026-06-08T12:39:29.0000000Z;5.3635;5.3705;900;4240
2026-06-08T12:39:30.0000000Z;5.3635;5.3705;900;5140
2026-06-08T12:39:31.0000000Z;5.3635;5.3705;900;4240
2026-06-08T12:39:32.0000000Z;5.364;5.3735;3542;796
2026-06-08T12:39:33.0000000Z;5.362;5.3705;900;5140
2026-06-08T12:39:34.0000000Z;5.362;5.3705;900;42500
2026-06-08T12:39:35.0000000Z;5.3625;5.371;3542;900
2026-06-08T12:39:36.0000000Z;5.362;5.3735;900;796
2026-06-08T12:39:37.0000000Z;5.362;5.37;900;796
2026-06-08T12:39:38.0000000Z;5.362;5.3705;900;900
2026-06-08T12:39:40.0000000Z;5.362;5.3705;900;42500
2026-06-08T12:39:41.0000000Z;5.3625;5.3705;3542;900
2026-06-08T12:39:42.0000000Z;5.3615;5.3705;900;5140
2026-06-08T12:39:43.0000000Z;5.362;5.3705;3542;5140
2026-06-08T12:39:44.0000000Z;5.3615;5.3705;900;900
2026-06-08T12:39:45.0000000Z;5.362;5.3705;3542;900
2026-06-08T12:39:47.0000000Z;5.3575;5.3695;33860;4240
2026-06-08T12:39:48.0000000Z;5.3615;5.3695;3542;42500
2026-06-08T12:39:49.0000000Z;5.362;5.3765;3852;796
2026-06-08T12:39:50.0000000Z;5.3645;5.3755;900;1696
2026-06-08T12:39:51.0000000Z;5.367;5.371;3542;9310
2026-06-08T12:39:52.0000000Z;5.367;5.375;3542;4240
2026-06-08T12:39:53.0000000Z;5.3685;5.3755;3542;900
2026-06-08T12:39:54.0000000Z;5.3685;5.3845;900;796
2026-06-08T12:39:55.0000000Z;5.3685;5.376;900;5036
2026-06-08T12:39:56.0000000Z;5.3705;5.3765;3542;796
2026-06-08T12:39:57.0000000Z;5.37;5.377;900;900
2026-06-08T12:39:58.0000000Z;5.367;5.3765;900;4240
2026-06-08T12:39:59.0000000Z;5.366;5.3755;465;657
2026-06-08T12:40:00.0000000Z;5.367;5.373;42500;1496
2026-06-08T12:40:01.0000000Z;5.3545;5.3725;466;796
2026-06-08T12:40:02.0000000Z;5.3545;5.372;466;1496
2026-06-08T12:40:03.0000000Z;5.36;5.3715;33860;43600
2026-06-08T12:40:04.0000000Z;5.367;5.372;2046;900
2026-06-08T12:40:05.0000000Z;5.3575;5.37;34760;796
2026-06-08T12:40:06.0000000Z;5.3665;5.3795;9318;796
2026-06-08T12:40:07.0000000Z;5.3665;5.37;9318;589
2026-06-08T12:40:08.0000000Z;5.363;5.3725;900;900
2026-06-08T12:40:09.0000000Z;5.363;5.3725;900;43005
2026-06-08T12:40:10.0000000Z;5.3665;5.3705;9318;42819
2026-06-08T12:40:11.0000000Z;5.3615;5.371;900;900
2026-06-08T12:40:12.0000000Z;5.367;5.371;1908;900
2026-06-08T12:40:13.0000000Z;5.367;5.371;2002;900
2026-06-08T12:40:14.0000000Z;5.3615;5.37;900;422
2026-06-08T12:40:16.0000000Z;5.367;5.372;3542;900
2026-06-08T12:40:17.0000000Z;5.3645;5.372;900;900
2026-06-08T12:40:18.0000000Z;5.365;5.372;3542;42500
2026-06-08T12:40:20.0000000Z;5.3645;5.372;900;900
2026-06-08T12:40:21.0000000Z;5.3615;5.371;900;900
2026-06-08T12:40:22.0000000Z;5.3645;5.371;3435;900
2026-06-08T12:40:24.0000000Z;5.363;5.3705;900;796
2026-06-08T12:40:25.0000000Z;5.363;5.37;900;4240
2026-06-08T12:40:26.0000000Z;5.363;5.37;900;4240
2026-06-08T12:40:27.0000000Z;5.363;5.37;900;4240
2026-06-08T12:40:28.0000000Z;5.365;5.37;3542;42500
2026-06-08T12:40:29.0000000Z;5.3645;5.372;900;900
2026-06-08T12:40:30.0000000Z;5.3665;5.3725;3542;51807
2026-06-08T12:40:31.0000000Z;5.366;5.3725;900;900
2026-06-08T12:40:32.0000000Z;5.3645;5.3725;900;900
2026-06-08T12:40:33.0000000Z;5.362;5.371;900;796
2026-06-08T12:40:34.0000000Z;5.362;5.371;900;796
2026-06-08T12:40:35.0000000Z;5.3645;5.3705;3542;184
2026-06-08T12:40:36.0000000Z;5.362;5.37;900;796
2026-06-08T12:40:37.0000000Z;5.362;5.37;900;5140
2026-06-08T12:40:38.0000000Z;5.361;5.37;900;900
2026-06-08T12:40:39.0000000Z;5.3595;5.37;900;900
2026-06-08T12:40:40.0000000Z;5.3615;5.37;3542;900
2026-06-08T12:40:41.0000000Z;5.363;5.37;3542;42500
2026-06-08T12:40:42.0000000Z;5.3625;5.37;900;4240
2026-06-08T12:40:43.0000000Z;5.364;5.3705;900;900
2026-06-08T12:40:44.0000000Z;5.364;5.3705;900;1696
2026-06-08T12:40:45.0000000Z;5.3645;5.3705;3542;51811
2026-06-08T12:40:46.0000000Z;5.364;5.3695;900;796
2026-06-08T12:40:47.0000000Z;5.364;5.3695;900;42500
2026-06-08T12:40:49.0000000Z;5.364;5.37;900;4240
2026-06-08T12:40:50.0000000Z;5.3595;5.3695;900;796
2026-06-08T12:40:51.0000000Z;5.3645;5.3695;3542;42500
2026-06-08T12:40:52.0000000Z;5.3645;5.3705;3542;900
2026-06-08T12:40:53.0000000Z;5.3625;5.37;900;4240
2026-06-08T12:40:54.0000000Z;5.3625;5.37;900;4240
2026-06-08T12:40:58.0000000Z;5.3625;5.37;900;42500
2026-06-08T12:40:59.0000000Z;5.363;5.3695;2046;1225
2026-06-08T12:41:00.0000000Z;5.363;5.3695;3542;42500
2026-06-08T12:41:01.0000000Z;5.3635;5.372;900;796
2026-06-08T12:41:02.0000000Z;5.3635;5.3725;900;4240
2026-06-08T12:41:03.0000000Z;5.3655;5.3705;3542;9311
2026-06-08T12:41:04.0000000Z;5.365;5.373;900;900
2026-06-08T12:41:05.0000000Z;5.3635;5.3725;900;42500
2026-06-08T12:41:06.0000000Z;5.3635;5.375;900;1696
2026-06-08T12:41:07.0000000Z;5.3635;5.373;900;197
2026-06-08T12:41:08.0000000Z;5.365;5.374;900;796
2026-06-08T12:41:09.0000000Z;5.3655;5.373;3542;443
2026-06-08T12:41:10.0000000Z;5.365;5.3735;900;357
2026-06-08T12:41:11.0000000Z;5.371;5.374;1791;796
2026-06-08T12:41:12.0000000Z;5.371;5.381;2560;796
2026-06-08T12:41:13.0000000Z;5.3705;5.3745;2046;900
2026-06-08T12:41:15.0000000Z;5.3705;5.3745;42500;1696
2026-06-08T12:41:16.0000000Z;5.37;5.3745;19;1696
2026-06-08T12:41:17.0000000Z;5.371;5.374;2006;42500
2026-06-08T12:41:18.0000000Z;5.37;5.375;19;900
2026-06-08T12:41:19.0000000Z;5.37;5.375;19;900
2026-06-08T12:41:20.0000000Z;5.37;5.374;42500;735
2026-06-08T12:41:21.0000000Z;5.37;5.374;19;900
2026-06-08T12:41:22.0000000Z;5.3705;5.374;3147;900
2026-06-08T12:41:23.0000000Z;5.37;5.374;42500;900
2026-06-08T12:41:24.0000000Z;5.37;5.374;19;42500
2026-06-08T12:41:25.0000000Z;5.3685;5.3735;900;900
2026-06-08T12:41:26.0000000Z;5.3685;5.3735;900;900
2026-06-08T12:41:27.0000000Z;5.3695;5.3735;1991;900
2026-06-08T12:41:28.0000000Z;5.3695;5.3735;19;1696
2026-06-08T12:41:29.0000000Z;5.3695;5.3725;19;186
2026-06-08T12:41:30.0000000Z;5.3695;5.373;19;290
2026-06-08T12:41:31.0000000Z;5.365;5.3735;900;5140
2026-06-08T12:41:32.0000000Z;5.365;5.373;900;900
2026-06-08T12:41:33.0000000Z;5.365;5.3735;900;900
2026-06-08T12:41:34.0000000Z;5.3655;5.373;3542;42500
2026-06-08T12:41:35.0000000Z;5.367;5.3735;3542;4240
2026-06-08T12:41:36.0000000Z;5.367;5.375;3542;900
2026-06-08T12:41:37.0000000Z;5.3665;5.374;900;9305
2026-06-08T12:41:38.0000000Z;5.3645;5.3745;900;5140
2026-06-08T12:41:39.0000000Z;5.3665;5.3745;3542;5140
2026-06-08T12:41:40.0000000Z;5.3645;5.373;900;796
2026-06-08T12:41:42.0000000Z;5.3665;5.3745;3542;900
2026-06-08T12:41:43.0000000Z;5.366;5.373;900;796
2026-06-08T12:41:44.0000000Z;5.364;5.3725;900;4240
2026-06-08T12:41:45.0000000Z;5.364;5.3725;900;4240
2026-06-08T12:41:46.0000000Z;5.364;5.3725;900;4240
2026-06-08T12:41:47.0000000Z;5.366;5.3725;3376;4240
2026-06-08T12:41:50.0000000Z;5.364;5.372;900;382
2026-06-08T12:41:52.0000000Z;5.362;5.372;900;425
2026-06-08T12:41:53.0000000Z;5.364;5.3725;3542;692
2026-06-08T12:41:57.0000000Z;5.362;5.372;900;796
2026-06-08T12:41:58.0000000Z;5.362;5.3725;900;5140
2026-06-08T12:41:59.0000000Z;5.3625;5.3725;3542;5140
2026-06-08T12:42:00.0000000Z;5.3655;5.3725;3542;51807
2026-06-08T12:42:01.0000000Z;5.364;5.374;900;900
2026-06-08T12:42:02.0000000Z;5.364;5.373;900;4240
2026-06-08T12:42:03.0000000Z;5.366;5.374;900;900
2026-06-08T12:42:04.0000000Z;5.3655;5.3735;900;5140
2026-06-08T12:42:05.0000000Z;5.3655;5.373;900;186
2026-06-08T12:42:06.0000000Z;5.3655;5.373;900;900
2026-06-08T12:42:07.0000000Z;5.3655;5.373;900;900
2026-06-08T12:42:08.0000000Z;5.362;5.373;1366;900
2026-06-08T12:42:09.0000000Z;5.3645;5.373;3542;900
2026-06-08T12:42:10.0000000Z;5.364;5.3735;900;900
2026-06-08T12:42:11.0000000Z;5.3645;5.373;3542;398
2026-06-08T12:42:12.0000000Z;5.364;5.373;900;4240
2026-06-08T12:42:13.0000000Z;5.364;5.3725;900;796
2026-06-08T12:42:14.0000000Z;5.3605;5.372;900;4240
2026-06-08T12:42:15.0000000Z;5.365;5.372;900;42500
2026-06-08T12:42:16.0000000Z;5.365;5.3735;900;900
2026-06-08T12:42:17.0000000Z;5.364;5.374;900;900
2026-06-08T12:42:19.0000000Z;5.3655;5.374;900;42500
2026-06-08T12:42:20.0000000Z;5.3655;5.3735;900;42738
2026-06-08T12:42:22.0000000Z;5.3655;5.3735;900;42738
2026-06-08T12:42:23.0000000Z;5.3655;5.3735;900;796
2026-06-08T12:42:24.0000000Z;5.3655;5.373;900;4240
2026-06-08T12:42:25.0000000Z;5.364;5.373;900;4240
2026-06-08T12:42:28.0000000Z;5.3655;5.373;3542;4240
2026-06-08T12:42:30.0000000Z;5.364;5.373;900;4240
2026-06-08T12:42:32.0000000Z;5.364;5.373;900;4240
2026-06-08T12:42:33.0000000Z;5.36;5.4;118520;80
2026-06-08T12:42:34.0000000Z;5.3605;5.4;466;80
2026-06-08T12:42:35.0000000Z;5.3725;5.3995;9800;796
2026-06-08T12:42:36.0000000Z;5.3605;5.4;466;152460
2026-06-08T12:42:37.0000000Z;5.3605;5.373;466;42500
2026-06-08T12:42:38.0000000Z;5.3735;5.3735;9800;9305
2026-06-08T12:42:39.0000000Z;5.3655;5.3735;900;9305
2026-06-08T12:42:40.0000000Z;5.366;5.4;465;80
2026-06-08T12:42:41.0000000Z;5.373;5.3735;3542;9305
2026-06-08T12:42:42.0000000Z;5.3645;5.4;466;80
2026-06-08T12:42:43.0000000Z;5.369;5.3735;465;9305
2026-06-08T12:42:44.0000000Z;5.374;5.378;9800;9305
2026-06-08T12:42:45.0000000Z;5.3675;5.3995;465;796
2026-06-08T12:42:46.0000000Z;5.376;5.394;900;1496
2026-06-08T12:42:47.0000000Z;5.375;5.382;3542;878
2026-06-08T12:42:48.0000000Z;5.3695;5.383;900;900
2026-06-08T12:42:49.0000000Z;5.373;5.3825;1892;1018
2026-06-08T12:42:50.0000000Z;5.371;5.3835;900;1696
2026-06-08T12:42:51.0000000Z;5.3735;5.383;3076;42500
2026-06-08T12:42:52.0000000Z;5.371;5.383;900;757
2026-06-08T12:42:53.0000000Z;5.371;5.3835;900;1696
2026-06-08T12:42:54.0000000Z;5.363;5.3845;900;1496
2026-06-08T12:42:55.0000000Z;5.374;5.3875;13342;1496
2026-06-08T12:42:56.0000000Z;5.379;5.4;46042;80
2026-06-08T12:42:57.0000000Z;5.3775;5.3875;3542;42500
2026-06-08T12:42:58.0000000Z;5.3685;5.392;465;796
2026-06-08T12:42:59.0000000Z;5.3685;5.387;465;42500
2026-06-08T12:42:59.0000000Z;5.3685;5.4;465;84740
2026-06-08T12:43:00.0000000Z;5.3685;5.4;465;186320
2026-06-08T12:43:01.0000000Z;5.3685;5.39;465;9800
2026-06-08T12:43:02.0000000Z;5.3685;5.4;465;80
2026-06-08T12:43:03.0000000Z;5.3685;5.3885;465;1496
2026-06-08T12:43:04.0000000Z;5.374;5.3865;3542;1496
2026-06-08T12:43:05.0000000Z;5.3685;5.388;465;796
2026-06-08T12:43:06.0000000Z;5.3725;5.3845;34760;1696
2026-06-08T12:43:07.0000000Z;5.3725;5.3835;34760;796
2026-06-08T12:43:08.0000000Z;5.3725;5.3835;34760;1696
2026-06-08T12:43:09.0000000Z;5.377;5.399;900;900
2026-06-08T12:43:10.0000000Z;5.376;5.3995;465;796
2026-06-08T12:43:11.0000000Z;5.3745;5.3975;900;900
2026-06-08T12:43:12.0000000Z;5.3745;5.3835;900;536
2026-06-08T12:43:13.0000000Z;5.3745;5.3825;900;42500
2026-06-08T12:43:14.0000000Z;5.375;5.381;3330;42500
2026-06-08T12:43:15.0000000Z;5.37;5.382;900;1388
2026-06-08T12:43:16.0000000Z;5.3715;5.381;900;1696
2026-06-08T12:43:17.0000000Z;5.3715;5.3805;900;499
2026-06-08T12:43:19.0000000Z;5.3715;5.3815;900;796
2026-06-08T12:43:20.0000000Z;5.3715;5.3805;900;268
2026-06-08T12:43:21.0000000Z;5.372;5.3805;3542;42500
2026-06-08T12:43:22.0000000Z;5.3775;5.3815;3542;42500
2026-06-08T12:43:23.0000000Z;5.372;5.3815;3542;42500
2026-06-08T12:43:24.0000000Z;5.3735;5.382;3542;42500
2026-06-08T12:43:25.0000000Z;5.3735;5.3825;3542;42500
2026-06-08T12:43:26.0000000Z;5.3735;5.381;3542;640
2026-06-08T12:43:27.0000000Z;5.3715;5.3805;900;1062
2026-06-08T12:43:28.0000000Z;5.368;5.381;900;796
2026-06-08T12:43:29.0000000Z;5.368;5.3815;900;796
2026-06-08T12:43:30.0000000Z;5.368;5.3815;900;1696
2026-06-08T12:43:31.0000000Z;5.368;5.3805;900;1053
2026-06-08T12:43:32.0000000Z;5.368;5.3895;900;796
2026-06-08T12:43:33.0000000Z;5.368;5.4;84660;80
2026-06-08T12:43:34.0000000Z;5.373;5.391;465;4182
2026-06-08T12:43:35.0000000Z;5.373;5.3995;465;796
2026-06-08T12:43:36.0000000Z;5.377;5.3895;900;900
2026-06-08T12:43:37.0000000Z;5.3785;5.39;900;900
2026-06-08T12:43:38.0000000Z;5.3815;5.39;900;900
2026-06-08T12:43:39.0000000Z;5.3815;5.39;900;900
2026-06-08T12:43:40.0000000Z;5.38;5.3885;900;796
2026-06-08T12:43:41.0000000Z;5.3805;5.388;1845;344
2026-06-08T12:43:42.0000000Z;5.38;5.3965;900;796
2026-06-08T12:43:43.0000000Z;5.375;5.389;34760;1696
2026-06-08T12:43:44.0000000Z;5.3805;5.389;3542;796
2026-06-08T12:43:45.0000000Z;5.3785;5.3885;13342;782
2026-06-08T12:43:46.0000000Z;5.3765;5.3885;900;42500
2026-06-08T12:43:47.0000000Z;5.3765;5.3885;900;43308
2026-06-08T12:43:48.0000000Z;5.3785;5.388;9800;1496
2026-06-08T12:43:49.0000000Z;5.3765;5.3885;900;796
2026-06-08T12:43:50.0000000Z;5.359;5.3995;900;796
2026-06-08T12:43:51.0000000Z;5.3595;5.3885;900;796
2026-06-08T12:43:52.0000000Z;5.376;5.4;900;80
2026-06-08T12:43:53.0000000Z;5.376;5.399;900;1496
2026-06-08T12:43:54.0000000Z;5.3805;5.39;1535;1496
2026-06-08T12:43:55.0000000Z;5.376;5.3905;900;1696
2026-06-08T12:43:56.0000000Z;5.38;5.3905;2664;42500
2026-06-08T12:43:57.0000000Z;5.3605;5.39;900;1496
2026-06-08T12:43:58.0000000Z;5.3605;5.3895;900;796
2026-06-08T12:43:59.0000000Z;5.3605;5.3895;900;796
2026-06-08T12:44:00.0000000Z;5.3605;5.397;900;796
2026-06-08T12:44:01.0000000Z;5.3605;5.3895;900;1696
2026-06-08T12:44:02.0000000Z;5.338;5.3945;468;796
2026-06-08T12:44:03.0000000Z;5.36;5.3895;900;1496
2026-06-08T12:44:04.0000000Z;5.36;5.3895;900;1496
2026-06-08T12:44:05.0000000Z;5.36;5.3895;900;1496
2026-06-08T12:44:06.0000000Z;5.3795;5.3895;9800;1496
2026-06-08T12:44:07.0000000Z;5.3605;5.39;900;1696
2026-06-08T12:44:08.0000000Z;5.361;5.388;3542;1696
2026-06-08T12:44:09.0000000Z;5.361;5.388;466;42500
2026-06-08T12:44:10.0000000Z;5.3755;5.388;900;42500
2026-06-08T12:44:11.0000000Z;5.3765;5.39;13342;9277
2026-06-08T12:44:12.0000000Z;5.3755;5.3865;900;43212
2026-06-08T12:44:13.0000000Z;5.3755;5.3865;900;900
2026-06-08T12:44:14.0000000Z;5.3775;5.3895;3542;900
2026-06-08T12:44:15.0000000Z;5.377;5.3865;900;900
2026-06-08T12:44:17.0000000Z;5.371;5.3855;900;900
2026-06-08T12:44:20.0000000Z;5.3755;5.3835;1610;508
2026-06-08T12:44:21.0000000Z;5.3725;5.387;33860;4390
2026-06-08T12:44:22.0000000Z;5.3725;5.3865;33860;900
2026-06-08T12:44:23.0000000Z;5.3745;5.3865;9800;900
2026-06-08T12:44:24.0000000Z;5.3725;5.3845;33860;42500
2026-06-08T12:44:25.0000000Z;5.3745;5.383;9800;42500
2026-06-08T12:44:26.0000000Z;5.3745;5.384;9800;42500
2026-06-08T12:44:27.0000000Z;5.372;5.3845;9308;42500
2026-06-08T12:44:28.0000000Z;5.355;5.3845;900;1904
2026-06-08T12:44:29.0000000Z;5.356;5.385;900;1904
2026-06-08T12:44:30.0000000Z;5.375;5.385;9800;9286
2026-06-08T12:44:31.0000000Z;5.375;5.385;9800;51786
2026-06-08T12:44:33.0000000Z;5.356;5.384;900;464
2026-06-08T12:44:34.0000000Z;5.355;5.384;900;464
2026-06-08T12:44:35.0000000Z;5.3745;5.384;9800;42500
2026-06-08T12:44:36.0000000Z;5.355;5.3845;900;464
2026-06-08T12:44:37.0000000Z;5.3555;5.3865;900;42500
2026-06-08T12:44:38.0000000Z;5.3555;5.385;900;42500
2026-06-08T12:44:39.0000000Z;5.3735;5.3885;900;1363
2026-06-08T12:44:40.0000000Z;5.3735;5.3885;900;1363
2026-06-08T12:44:41.0000000Z;5.376;5.388;9800;464
2026-06-08T12:44:42.0000000Z;5.3735;5.3885;900;900
2026-06-08T12:44:43.0000000Z;5.3795;5.388;42500;464
2026-06-08T12:44:44.0000000Z;5.3765;5.3885;9800;42500
2026-06-08T12:44:45.0000000Z;5.379;5.4;9800;80
2026-06-08T12:44:46.0000000Z;5.3795;5.3965;9800;463
2026-06-08T12:44:47.0000000Z;5.375;5.39;33860;51777
2026-06-08T12:44:48.0000000Z;5.36;5.3945;900;463
2026-06-08T12:44:49.0000000Z;5.3795;5.3885;9800;42500
2026-06-08T12:44:50.0000000Z;5.36;5.3885;900;1363
2026-06-08T12:44:51.0000000Z;5.36;5.39;900;9277
2026-06-08T12:44:52.0000000Z;5.36;5.3885;900;42500
2026-06-08T12:44:53.0000000Z;5.36;5.3895;900;1363
2026-06-08T12:44:54.0000000Z;5.3785;5.3895;9800;42500
2026-06-08T12:44:55.0000000Z;5.36;5.389;900;1363
2026-06-08T12:44:56.0000000Z;5.36;5.389;900;1363
2026-06-08T12:44:57.0000000Z;5.379;5.389;9800;463
2026-06-08T12:44:58.0000000Z;5.3815;5.3915;900;900
2026-06-08T12:44:59.0000000Z;5.3815;5.3915;42500;900
2026-06-08T12:45:00.0000000Z;5.3815;5.3915;900;900
2026-06-08T12:45:01.0000000Z;5.3815;5.3915;900;900
2026-06-08T12:45:02.0000000Z;5.3815;5.3915;900;42500
2026-06-08T12:45:03.0000000Z;5.382;5.392;8465;21491
2026-06-08T12:45:04.0000000Z;5.382;5.391;8465;900
2026-06-08T12:45:05.0000000Z;5.383;5.391;900;900
2026-06-08T12:45:06.0000000Z;5.3835;5.391;3535;42500
2026-06-08T12:45:07.0000000Z;5.3835;5.391;900;900
2026-06-08T12:45:08.0000000Z;5.3835;5.391;900;42500
2026-06-08T12:45:09.0000000Z;5.3835;5.391;900;42500
2026-06-08T12:45:10.0000000Z;5.3835;5.391;900;900
2026-06-08T12:45:11.0000000Z;5.3835;5.3915;900;463
2026-06-08T12:45:12.0000000Z;5.3825;5.391;11148;900
2026-06-08T12:45:13.0000000Z;5.379;5.391;900;900
2026-06-08T12:45:14.0000000Z;5.379;5.3885;900;900
2026-06-08T12:45:15.0000000Z;5.379;5.388;900;481
2026-06-08T12:45:16.0000000Z;5.3785;5.388;900;752
2026-06-08T12:45:17.0000000Z;5.3795;5.388;3535;1433
2026-06-08T12:45:18.0000000Z;5.3755;5.3865;900;900
2026-06-08T12:45:19.0000000Z;5.3755;5.383;900;219
2026-06-08T12:45:20.0000000Z;5.3755;5.3835;900;900
2026-06-08T12:45:22.0000000Z;5.376;5.383;3535;219
2026-06-08T12:45:23.0000000Z;5.3755;5.3835;900;900
2026-06-08T12:45:24.0000000Z;5.375;5.3835;465;900
2026-06-08T12:45:25.0000000Z;5.3755;5.3835;900;900
2026-06-08T12:45:26.0000000Z;5.376;5.3835;3535;900
2026-06-08T12:45:27.0000000Z;5.3745;5.384;11164;8465
2026-06-08T12:45:28.0000000Z;5.376;5.383;3535;347
2026-06-08T12:45:29.0000000Z;5.3755;5.3835;900;900
2026-06-08T12:45:31.0000000Z;5.3755;5.384;900;464
2026-06-08T12:45:32.0000000Z;5.3755;5.3835;900;900
2026-06-08T12:45:33.0000000Z;5.3755;5.3835;900;900
2026-06-08T12:45:34.0000000Z;5.3745;5.3845;11164;14530
2026-06-08T12:45:35.0000000Z;5.3755;5.3825;900;900
2026-06-08T12:45:36.0000000Z;5.3755;5.3825;900;900
2026-06-08T12:45:37.0000000Z;5.376;5.3835;3535;11146
2026-06-08T12:45:38.0000000Z;5.3755;5.3825;900;900
2026-06-08T12:45:39.0000000Z;5.3745;5.3825;11164;900
2026-06-08T12:45:40.0000000Z;5.3755;5.3825;900;900
2026-06-08T12:45:41.0000000Z;5.3745;5.3825;11164;900
2026-06-08T12:45:42.0000000Z;5.3755;5.3825;900;900
2026-06-08T12:45:44.0000000Z;5.3755;5.3825;900;900
2026-06-08T12:45:45.0000000Z;5.3755;5.3825;900;42705
2026-06-08T12:45:46.0000000Z;5.3755;5.3835;900;11146
2026-06-08T12:45:47.0000000Z;5.3755;5.3825;900;900
2026-06-08T12:45:48.0000000Z;5.3755;5.3825;900;900
2026-06-08T12:45:49.0000000Z;5.3755;5.3825;900;900
2026-06-08T12:45:50.0000000Z;5.3755;5.3825;900;900
2026-06-08T12:45:51.0000000Z;5.3755;5.3825;900;900
2026-06-08T12:45:52.0000000Z;5.3755;5.3825;900;900
2026-06-08T12:45:54.0000000Z;5.376;5.3835;3535;11146
2026-06-08T12:45:55.0000000Z;5.3755;5.3825;900;900
2026-06-08T12:45:56.0000000Z;5.3755;5.3825;900;900
2026-06-08T12:45:57.0000000Z;5.3755;5.3825;900;900
2026-06-08T12:45:58.0000000Z;5.3755;5.3825;900;900
2026-06-08T12:45:59.0000000Z;5.3755;5.3825;900;900
2026-06-08T12:46:00.0000000Z;5.3755;5.3825;900;900
2026-06-08T12:46:01.0000000Z;5.3745;5.3835;11164;11146
2026-06-08T12:46:02.0000000Z;5.3755;5.3825;900;900
2026-06-08T12:46:03.0000000Z;5.3755;5.3825;900;900
2026-06-08T12:46:04.0000000Z;5.3755;5.3825;900;900
2026-06-08T12:46:05.0000000Z;5.3755;5.3825;900;900
2026-06-08T12:46:06.0000000Z;5.3755;5.3825;900;900
2026-06-08T12:46:07.0000000Z;5.3745;5.3835;11164;11146
2026-06-08T12:46:08.0000000Z;5.375;5.3825;10241;19613
2026-06-08T12:46:09.0000000Z;5.3735;5.383;900;900
2026-06-08T12:46:10.0000000Z;5.3735;5.382;900;968
2026-06-08T12:46:11.0000000Z;5.375;5.383;900;900
2026-06-08T12:46:12.0000000Z;5.3755;5.383;3535;900
2026-06-08T12:46:13.0000000Z;5.375;5.384;900;12045
2026-06-08T12:46:14.0000000Z;5.375;5.384;900;12045
2026-06-08T12:46:15.0000000Z;5.375;5.383;900;9289
2026-06-08T12:46:16.0000000Z;5.375;5.384;900;12045
2026-06-08T12:46:17.0000000Z;5.375;5.3835;900;900
2026-06-08T12:46:18.0000000Z;5.376;5.388;465;8465
2026-06-08T12:46:19.0000000Z;5.377;5.3875;900;900
2026-06-08T12:46:20.0000000Z;5.3785;5.3875;900;900
2026-06-08T12:46:21.0000000Z;5.3785;5.3845;900;9286
2026-06-08T12:46:23.0000000Z;5.3785;5.3845;19524;9286
2026-06-08T12:46:24.0000000Z;5.379;5.386;13335;42500
2026-06-08T12:46:25.0000000Z;5.38;5.3865;900;10150
2026-06-08T12:46:26.0000000Z;5.379;5.3905;11161;11131
2026-06-08T12:46:27.0000000Z;5.38;5.3895;900;900
2026-06-08T12:46:28.0000000Z;5.38;5.3895;900;900
2026-06-08T12:46:29.0000000Z;5.38;5.3895;900;900
2026-06-08T12:46:30.0000000Z;5.3805;5.389;3535;450
2026-06-08T12:46:32.0000000Z;5.38;5.3895;900;900
2026-06-08T12:46:33.0000000Z;5.379;5.3905;11155;11131
2026-06-08T12:46:34.0000000Z;5.3805;5.3895;3535;900
2026-06-08T12:46:35.0000000Z;5.38;5.3895;900;900
2026-06-08T12:46:36.0000000Z;5.379;5.3895;11155;900
2026-06-08T12:46:37.0000000Z;5.38;5.3905;900;11131
2026-06-08T12:46:38.0000000Z;5.38;5.3895;900;900
2026-06-08T12:46:39.0000000Z;5.38;5.3895;900;900
2026-06-08T12:46:40.0000000Z;5.38;5.3895;900;900
2026-06-08T12:46:41.0000000Z;5.38;5.3895;900;900
2026-06-08T12:46:44.0000000Z;5.379;5.3905;11155;11131
2026-06-08T12:46:45.0000000Z;5.3805;5.389;3535;623
2026-06-08T12:46:46.0000000Z;5.38;5.3895;900;900
2026-06-08T12:46:47.0000000Z;5.38;5.389;900;623
2026-06-08T12:46:48.0000000Z;5.38;5.3895;900;900
2026-06-08T12:46:49.0000000Z;5.3805;5.3895;3535;900
2026-06-08T12:46:50.0000000Z;5.38;5.389;900;623
2026-06-08T12:46:51.0000000Z;5.38;5.3895;900;900
2026-06-08T12:46:53.0000000Z;5.38;5.3895;900;900
2026-06-08T12:46:54.0000000Z;5.379;5.389;11155;623
2026-06-08T12:46:56.0000000Z;5.38;5.3895;900;900
2026-06-08T12:46:59.0000000Z;5.38;5.3895;900;900
2026-06-08T12:47:00.0000000Z;5.38;5.3895;900;900
2026-06-08T12:47:02.0000000Z;5.38;5.389;900;623
2026-06-08T12:47:03.0000000Z;5.38;5.3895;900;900
2026-06-08T12:47:04.0000000Z;5.38;5.3895;900;900
2026-06-08T12:47:06.0000000Z;5.38;5.389;900;623
2026-06-08T12:47:07.0000000Z;5.38;5.388;900;451
2026-06-08T12:47:08.0000000Z;5.3805;5.3875;3535;42844
2026-06-08T12:47:09.0000000Z;5.3805;5.3875;3535;42844
2026-06-08T12:47:10.0000000Z;5.38;5.3875;900;900
2026-06-08T12:47:19.0000000Z;5.38;5.3885;900;900
2026-06-08T12:47:20.0000000Z;5.3805;5.387;3535;196
2026-06-08T12:47:21.0000000Z;5.38;5.3865;900;900
2026-06-08T12:47:22.0000000Z;5.38;5.3865;900;900
2026-06-08T12:47:23.0000000Z;5.38;5.386;900;42500
2026-06-08T12:47:24.0000000Z;5.38;5.386;900;42500
2026-06-08T12:47:25.0000000Z;5.38;5.386;900;42500
2026-06-08T12:47:26.0000000Z;5.38;5.386;900;900
2026-06-08T12:47:28.0000000Z;5.38;5.386;900;900
2026-06-08T12:47:30.0000000Z;5.38;5.386;900;900
2026-06-08T12:47:31.0000000Z;5.379;5.386;11155;900
2026-06-08T12:47:32.0000000Z;5.38;5.386;900;900
2026-06-08T12:47:33.0000000Z;5.3765;5.386;900;900
2026-06-08T12:47:34.0000000Z;5.3805;5.386;2046;900
2026-06-08T12:47:35.0000000Z;5.3765;5.386;900;900
2026-06-08T12:47:37.0000000Z;5.3765;5.386;900;900
2026-06-08T12:47:38.0000000Z;5.3765;5.386;900;900
2026-06-08T12:47:39.0000000Z;5.377;5.386;3535;900
2026-06-08T12:47:40.0000000Z;5.3765;5.3865;900;464
2026-06-08T12:47:41.0000000Z;5.3765;5.386;900;900
2026-06-08T12:47:47.0000000Z;5.377;5.386;900;900
2026-06-08T12:47:49.0000000Z;5.3775;5.386;3535;900
2026-06-08T12:47:53.0000000Z;5.3775;5.386;3535;900
2026-06-08T12:47:54.0000000Z;5.377;5.3855;900;859
2026-06-08T12:47:55.0000000Z;5.377;5.386;900;900
2026-06-08T12:47:57.0000000Z;5.3775;5.386;3535;900
2026-06-08T12:47:58.0000000Z;5.377;5.386;900;900
2026-06-08T12:47:59.0000000Z;5.377;5.386;900;900
2026-06-08T12:48:01.0000000Z;5.377;5.3865;900;900
2026-06-08T12:48:02.0000000Z;5.377;5.3855;900;859
2026-06-08T12:48:03.0000000Z;5.377;5.387;900;11138
2026-06-08T12:48:04.0000000Z;5.377;5.3865;900;900
2026-06-08T12:48:05.0000000Z;5.377;5.3865;900;900
2026-06-08T12:48:06.0000000Z;5.377;5.387;900;12038
2026-06-08T12:48:07.0000000Z;5.377;5.386;900;900
2026-06-08T12:48:08.0000000Z;5.377;5.386;900;900
2026-06-08T12:48:09.0000000Z;5.377;5.3855;900;301
2026-06-08T12:48:10.0000000Z;5.377;5.386;900;900
2026-06-08T12:48:11.0000000Z;5.377;5.386;900;900
2026-06-08T12:48:12.0000000Z;5.377;5.386;900;900
2026-06-08T12:48:16.0000000Z;5.3775;5.386;900;900
2026-06-08T12:48:17.0000000Z;5.3775;5.386;900;900
2026-06-08T12:48:19.0000000Z;5.377;5.386;900;900
2026-06-08T12:48:20.0000000Z;5.377;5.386;900;900
2026-06-08T12:48:21.0000000Z;5.377;5.386;900;900
2026-06-08T12:48:22.0000000Z;5.3775;5.386;3535;900
2026-06-08T12:48:29.0000000Z;5.377;5.386;900;900
2026-06-08T12:48:30.0000000Z;5.377;5.387;900;11138
2026-06-08T12:48:31.0000000Z;5.377;5.386;900;900
2026-06-08T12:48:37.0000000Z;5.377;5.386;900;900
2026-06-08T12:48:39.0000000Z;5.377;5.386;900;900
2026-06-08T12:48:40.0000000Z;5.377;5.386;900;900
2026-06-08T12:48:49.0000000Z;5.3775;5.3855;3535;497
2026-06-08T12:48:50.0000000Z;5.377;5.387;900;11138
2026-06-08T12:48:51.0000000Z;5.377;5.387;900;12038
2026-06-08T12:48:52.0000000Z;5.3795;5.3895;900;900
2026-06-08T12:48:53.0000000Z;5.3795;5.3865;900;51783
2026-06-08T12:48:54.0000000Z;5.378;5.3895;11157;900
2026-06-08T12:48:55.0000000Z;5.379;5.3895;900;900
2026-06-08T12:48:56.0000000Z;5.3795;5.389;3535;731
2026-06-08T12:48:57.0000000Z;5.379;5.389;900;731
2026-06-08T12:48:58.0000000Z;5.379;5.3895;900;900
2026-06-08T12:48:59.0000000Z;5.379;5.3895;900;900
2026-06-08T12:49:00.0000000Z;5.379;5.3905;900;11131
2026-06-08T12:49:01.0000000Z;5.379;5.3875;900;900
2026-06-08T12:49:02.0000000Z;5.379;5.3895;900;11131
2026-06-08T12:49:03.0000000Z;5.379;5.3885;900;900
2026-06-08T12:49:04.0000000Z;5.379;5.388;900;427
2026-06-08T12:49:06.0000000Z;5.379;5.388;900;427
2026-06-08T12:49:08.0000000Z;5.3795;5.388;3535;427
2026-06-08T12:49:09.0000000Z;5.3795;5.3885;3535;900
2026-06-08T12:49:11.0000000Z;5.379;5.389;900;900
2026-06-08T12:49:12.0000000Z;5.3805;5.3885;900;900
2026-06-08T12:49:13.0000000Z;5.381;5.3885;3535;42500
2026-06-08T12:49:14.0000000Z;5.3795;5.3885;11154;900
2026-06-08T12:49:15.0000000Z;5.3805;5.391;900;900
2026-06-08T12:49:16.0000000Z;5.3805;5.391;900;900
2026-06-08T12:49:18.0000000Z;5.3805;5.389;900;9279
2026-06-08T12:49:19.0000000Z;5.3785;5.394;464;3849
2026-06-08T12:49:20.0000000Z;5.3765;5.3865;900;900
2026-06-08T12:49:21.0000000Z;5.3765;5.3865;900;900
2026-06-08T12:49:22.0000000Z;5.3765;5.386;900;690
2026-06-08T12:49:23.0000000Z;5.3765;5.3865;900;900
2026-06-08T12:49:24.0000000Z;5.3765;5.3865;900;900
2026-06-08T12:49:25.0000000Z;5.3785;5.3865;3535;900
2026-06-08T12:49:26.0000000Z;5.377;5.386;3535;690
2026-06-08T12:49:27.0000000Z;5.3755;5.3875;26195;11137
2026-06-08T12:49:28.0000000Z;5.377;5.3855;900;900
2026-06-08T12:49:29.0000000Z;5.3775;5.3855;3535;42953
2026-06-08T12:49:31.0000000Z;5.377;5.3855;900;900
2026-06-08T12:49:34.0000000Z;5.377;5.3855;900;900
2026-06-08T12:49:35.0000000Z;5.376;5.385;11161;346
2026-06-08T12:49:36.0000000Z;5.377;5.385;900;42846
2026-06-08T12:49:37.0000000Z;5.377;5.385;900;883
2026-06-08T12:49:38.0000000Z;5.377;5.385;900;883
2026-06-08T12:49:39.0000000Z;5.377;5.385;900;883
2026-06-08T12:49:40.0000000Z;5.377;5.385;900;883
2026-06-08T12:49:41.0000000Z;5.377;5.385;900;883
2026-06-08T12:49:42.0000000Z;5.377;5.385;900;900
2026-06-08T12:49:43.0000000Z;5.377;5.385;900;900
2026-06-08T12:49:47.0000000Z;5.377;5.3855;900;900
2026-06-08T12:49:48.0000000Z;5.377;5.385;900;346
2026-06-08T12:49:49.0000000Z;5.377;5.3855;900;900
2026-06-08T12:49:50.0000000Z;5.377;5.3855;900;900
2026-06-08T12:49:51.0000000Z;5.377;5.385;900;346
2026-06-08T12:49:53.0000000Z;5.377;5.3855;900;900
2026-06-08T12:49:54.0000000Z;5.377;5.3855;900;900
2026-06-08T12:49:58.0000000Z;5.3775;5.3855;900;900
2026-06-08T12:49:59.0000000Z;5.3775;5.3855;900;900
2026-06-08T12:50:00.0000000Z;5.3775;5.3855;900;900
2026-06-08T12:50:02.0000000Z;5.378;5.3855;3535;900
2026-06-08T12:50:03.0000000Z;5.377;5.3855;900;900
2026-06-08T12:50:04.0000000Z;5.3775;5.3855;3535;900
2026-06-08T12:50:07.0000000Z;5.3775;5.3855;3535;900
2026-06-08T12:50:09.0000000Z;5.3775;5.3855;900;900
2026-06-08T12:50:12.0000000Z;5.378;5.3855;3535;900
2026-06-08T12:50:13.0000000Z;5.3775;5.3865;900;11139
2026-06-08T12:50:14.0000000Z;5.3775;5.385;900;346
2026-06-08T12:50:16.0000000Z;5.3775;5.3855;900;900
2026-06-08T12:50:17.0000000Z;5.377;5.3855;900;14528
2026-06-08T12:50:18.0000000Z;5.377;5.384;900;42500
2026-06-08T12:50:19.0000000Z;5.377;5.3845;900;42655
2026-06-08T12:50:20.0000000Z;5.377;5.3845;900;900
2026-06-08T12:50:21.0000000Z;5.376;5.3845;11161;900
2026-06-08T12:50:22.0000000Z;5.3775;5.3845;3535;42655
2026-06-08T12:50:23.0000000Z;5.3775;5.3845;3535;42655
2026-06-08T12:50:24.0000000Z;5.377;5.3855;900;11142
2026-06-08T12:50:25.0000000Z;5.377;5.3845;900;42655
2026-06-08T12:50:26.0000000Z;5.377;5.385;900;900
2026-06-08T12:50:27.0000000Z;5.377;5.385;900;900
2026-06-08T12:50:28.0000000Z;5.3775;5.3845;3535;900
2026-06-08T12:50:29.0000000Z;5.377;5.3845;900;900
2026-06-08T12:50:30.0000000Z;5.3765;5.3845;464;900
2026-06-08T12:50:31.0000000Z;5.377;5.3845;900;42655
2026-06-08T12:50:32.0000000Z;5.377;5.3845;900;155
2026-06-08T12:50:33.0000000Z;5.377;5.3845;900;42655
2026-06-08T12:50:35.0000000Z;5.376;5.3845;11161;900
2026-06-08T12:50:36.0000000Z;5.377;5.3845;900;900
2026-06-08T12:50:37.0000000Z;5.377;5.3845;900;900
2026-06-08T12:50:38.0000000Z;5.376;5.3845;11161;42655
2026-06-08T12:50:39.0000000Z;5.377;5.3845;900;900
2026-06-08T12:50:42.0000000Z;5.377;5.3845;900;900
2026-06-08T12:50:44.0000000Z;5.377;5.3845;900;900
2026-06-08T12:50:46.0000000Z;5.377;5.3845;900;900
2026-06-08T12:50:47.0000000Z;5.377;5.3845;900;42655
2026-06-08T12:50:48.0000000Z;5.377;5.3845;900;900
2026-06-08T12:50:51.0000000Z;5.377;5.3845;900;42655
2026-06-08T12:50:52.0000000Z;5.377;5.3845;900;900
2026-06-08T12:50:53.0000000Z;5.3775;5.3845;3535;900
2026-06-08T12:50:55.0000000Z;5.377;5.3845;900;900
2026-06-08T12:50:57.0000000Z;5.377;5.3845;900;900
2026-06-08T12:50:58.0000000Z;5.377;5.3845;900;900
2026-06-08T12:50:59.0000000Z;5.3775;5.3845;3535;900
2026-06-08T12:51:00.0000000Z;5.372;5.3835;465;11146
2026-06-08T12:51:01.0000000Z;5.3775;5.3825;2046;900
2026-06-08T12:51:02.0000000Z;5.3745;5.382;900;456
2026-06-08T12:51:03.0000000Z;5.377;5.382;3230;456
2026-06-08T12:51:04.0000000Z;5.3745;5.383;900;900
2026-06-08T12:51:06.0000000Z;5.3745;5.383;900;900
2026-06-08T12:51:10.0000000Z;5.375;5.3825;3535;404
2026-06-08T12:51:11.0000000Z;5.3745;5.3825;900;900
2026-06-08T12:51:12.0000000Z;5.3745;5.3825;900;42904
2026-06-08T12:51:13.0000000Z;5.3745;5.3835;900;12046
2026-06-08T12:51:14.0000000Z;5.3745;5.3835;900;12046
2026-06-08T12:51:15.0000000Z;5.3745;5.3835;900;11146
2026-06-08T12:51:17.0000000Z;5.3745;5.383;900;411
2026-06-08T12:51:18.0000000Z;5.375;5.3835;3535;12046
2026-06-08T12:51:21.0000000Z;5.375;5.3835;3535;11146
2026-06-08T12:51:22.0000000Z;5.3745;5.383;900;43086
2026-06-08T12:51:23.0000000Z;5.3745;5.3835;900;12046
2026-06-08T12:51:24.0000000Z;5.3745;5.383;900;900
2026-06-08T12:51:25.0000000Z;5.3745;5.383;900;586
2026-06-08T12:51:26.0000000Z;5.3745;5.3835;900;11146
2026-06-08T12:51:28.0000000Z;5.3745;5.383;900;586
2026-06-08T12:51:29.0000000Z;5.377;5.3835;3535;42500
2026-06-08T12:51:30.0000000Z;5.377;5.3835;3535;42500
2026-06-08T12:51:31.0000000Z;5.3765;5.3865;900;900
2026-06-08T12:51:36.0000000Z;5.3765;5.3865;900;900
2026-06-08T12:51:37.0000000Z;5.376;5.386;465;730
2026-06-08T12:51:38.0000000Z;5.3755;5.3875;11162;11137
2026-06-08T12:51:39.0000000Z;5.376;5.3855;900;900
2026-06-08T12:51:40.0000000Z;5.3765;5.385;3535;693
2026-06-08T12:51:43.0000000Z;5.376;5.3855;900;900
2026-06-08T12:51:44.0000000Z;5.3765;5.385;3535;693
2026-06-08T12:51:46.0000000Z;5.376;5.3855;900;900
2026-06-08T12:51:47.0000000Z;5.376;5.3855;900;900
2026-06-08T12:51:48.0000000Z;5.3755;5.3855;900;900
2026-06-08T12:51:49.0000000Z;5.3755;5.3855;900;900
2026-06-08T12:51:50.0000000Z;5.3755;5.3855;900;900
2026-06-08T12:51:51.0000000Z;5.3755;5.3855;900;900
2026-06-08T12:51:52.0000000Z;5.3755;5.3855;900;900
2026-06-08T12:51:53.0000000Z;5.3755;5.3855;900;900
2026-06-08T12:51:56.0000000Z;5.3755;5.3855;900;900
2026-06-08T12:51:58.0000000Z;5.3755;5.3865;900;11139
2026-06-08T12:51:59.0000000Z;5.3755;5.3855;900;900
2026-06-08T12:52:00.0000000Z;5.3755;5.3855;900;900
2026-06-08T12:52:01.0000000Z;5.3755;5.3855;900;900
2026-06-08T12:52:02.0000000Z;5.3755;5.3855;900;900
2026-06-08T12:52:03.0000000Z;5.3755;5.3855;900;900
2026-06-08T12:52:04.0000000Z;5.3755;5.3855;900;900
2026-06-08T12:52:05.0000000Z;5.3755;5.385;900;731
2026-06-08T12:52:06.0000000Z;5.3755;5.3855;900;900
2026-06-08T12:52:08.0000000Z;5.3755;5.3855;900;900
2026-06-08T12:52:09.0000000Z;5.3755;5.3855;900;900
2026-06-08T12:52:10.0000000Z;5.3755;5.3855;900;900
2026-06-08T12:52:11.0000000Z;5.3755;5.3855;900;900
2026-06-08T12:52:12.0000000Z;5.3755;5.3855;900;900
2026-06-08T12:52:13.0000000Z;5.3755;5.3845;900;900
2026-06-08T12:52:14.0000000Z;5.3755;5.384;900;302
2026-06-08T12:52:16.0000000Z;5.3755;5.3845;900;900
2026-06-08T12:52:17.0000000Z;5.3755;5.3845;900;900
2026-06-08T12:52:19.0000000Z;5.375;5.384;465;499
2026-06-08T12:52:20.0000000Z;5.3755;5.3845;900;900
2026-06-08T12:52:22.0000000Z;5.3755;5.3845;900;900
2026-06-08T12:52:23.0000000Z;5.3745;5.3855;11164;11142
2026-06-08T12:52:24.0000000Z;5.3755;5.3845;900;900
2026-06-08T12:52:25.0000000Z;5.3755;5.3845;900;840
2026-06-08T12:52:27.0000000Z;5.376;5.3845;3535;900
2026-06-08T12:52:28.0000000Z;5.3755;5.3845;900;900
2026-06-08T12:52:29.0000000Z;5.3755;5.3845;900;900
2026-06-08T12:52:30.0000000Z;5.3755;5.3845;900;900
2026-06-08T12:52:31.0000000Z;5.3755;5.3845;900;900
2026-06-08T12:52:33.0000000Z;5.3755;5.3845;900;900
2026-06-08T12:52:34.0000000Z;5.3755;5.384;900;499
2026-06-08T12:52:36.0000000Z;5.375;5.3845;465;900
2026-06-08T12:52:37.0000000Z;5.3755;5.3845;900;900
2026-06-08T12:52:38.0000000Z;5.3755;5.3845;900;900
2026-06-08T12:52:41.0000000Z;5.3755;5.3845;900;900
2026-06-08T12:52:42.0000000Z;5.3755;5.3845;900;900
2026-06-08T12:52:43.0000000Z;5.3755;5.384;900;499
2026-06-08T12:52:49.0000000Z;5.3755;5.3845;900;900
2026-06-08T12:52:51.0000000Z;5.3745;5.384;11164;499
2026-06-08T12:52:52.0000000Z;5.3755;5.3845;900;900
2026-06-08T12:52:53.0000000Z;5.3755;5.3845;900;900
2026-06-08T12:52:56.0000000Z;5.3755;5.3845;900;900
2026-06-08T12:52:57.0000000Z;5.376;5.3845;3535;900
2026-06-08T12:52:59.0000000Z;5.3755;5.3855;900;11142
2026-06-08T12:53:00.0000000Z;5.3755;5.3845;900;900
2026-06-08T12:53:01.0000000Z;5.3755;5.384;900;499
2026-06-08T12:53:02.0000000Z;5.3755;5.3845;900;900
2026-06-08T12:53:06.0000000Z;5.3755;5.3845;900;900
2026-06-08T12:53:10.0000000Z;5.3755;5.3845;900;900
2026-06-08T12:53:16.0000000Z;5.3755;5.384;900;499
2026-06-08T12:53:17.0000000Z;5.3765;5.385;3535;900
2026-06-08T12:53:18.0000000Z;5.3775;5.3855;900;12042
2026-06-08T12:53:19.0000000Z;5.377;5.385;3535;900
2026-06-08T12:53:20.0000000Z;5.3765;5.385;900;900
2026-06-08T12:53:22.0000000Z;5.3765;5.3845;900;400
2026-06-08T12:53:23.0000000Z;5.377;5.3845;3535;400
2026-06-08T12:53:24.0000000Z;5.3765;5.3855;900;12042
2026-06-08T12:53:25.0000000Z;5.3765;5.385;900;410
2026-06-08T12:53:26.0000000Z;5.3765;5.3855;900;15642
2026-06-08T12:53:31.0000000Z;5.3765;5.3855;900;15642
2026-06-08T12:53:32.0000000Z;5.3765;5.3855;900;10992
2026-06-08T12:53:33.0000000Z;5.378;5.385;900;42500
2026-06-08T12:53:34.0000000Z;5.378;5.388;900;900
2026-06-08T12:53:35.0000000Z;5.378;5.389;900;11134
2026-06-08T12:53:36.0000000Z;5.378;5.388;900;900
2026-06-08T12:53:37.0000000Z;5.3795;5.389;900;11134
2026-06-08T12:53:38.0000000Z;5.3805;5.3885;34609;9870
2026-06-08T12:53:39.0000000Z;5.3815;5.3885;900;9870
2026-06-08T12:53:40.0000000Z;5.3815;5.3915;900;900
2026-06-08T12:53:41.0000000Z;5.3815;5.389;900;9279
2026-06-08T12:53:42.0000000Z;5.3815;5.3915;900;900
2026-06-08T12:53:43.0000000Z;5.3815;5.389;900;9279
2026-06-08T12:53:44.0000000Z;5.3815;5.3905;900;900
2026-06-08T12:53:47.0000000Z;5.3815;5.3905;900;900
2026-06-08T12:53:48.0000000Z;5.3815;5.389;900;9279
2026-06-08T12:53:49.0000000Z;5.382;5.3905;3535;900
2026-06-08T12:53:50.0000000Z;5.3815;5.3905;900;900
2026-06-08T12:53:51.0000000Z;5.3815;5.389;900;9279
2026-06-08T12:53:52.0000000Z;5.3815;5.39;900;321
2026-06-08T12:53:53.0000000Z;5.3815;5.39;900;321
2026-06-08T12:53:54.0000000Z;5.3815;5.3905;900;900
2026-06-08T12:53:56.0000000Z;5.3805;5.3915;11152;11129
2026-06-08T12:53:57.0000000Z;5.3815;5.3905;900;900
2026-06-08T12:53:58.0000000Z;5.3815;5.3905;900;900
2026-06-08T12:53:59.0000000Z;5.3815;5.3905;900;900
2026-06-08T12:54:00.0000000Z;5.382;5.39;3535;470
2026-06-08T12:54:01.0000000Z;5.3815;5.3895;2750;11851
2026-06-08T12:54:02.0000000Z;5.379;5.3885;10525;900
2026-06-08T12:54:03.0000000Z;5.3805;5.3895;900;900
2026-06-08T12:54:04.0000000Z;5.381;5.3885;3535;42500
2026-06-08T12:54:05.0000000Z;5.3805;5.389;900;376
2026-06-08T12:54:06.0000000Z;5.379;5.3895;900;900
2026-06-08T12:54:07.0000000Z;5.379;5.3895;900;900
2026-06-08T12:54:08.0000000Z;5.379;5.3895;900;900
2026-06-08T12:54:09.0000000Z;5.3795;5.3895;900;900
2026-06-08T12:54:10.0000000Z;5.3795;5.3895;900;900
2026-06-08T12:54:11.0000000Z;5.3795;5.389;900;751
2026-06-08T12:54:12.0000000Z;5.38;5.389;3535;751
2026-06-08T12:54:13.0000000Z;5.38;5.389;3535;751
2026-06-08T12:54:14.0000000Z;5.3795;5.3885;900;427
2026-06-08T12:54:15.0000000Z;5.3795;5.389;900;900
2026-06-08T12:54:17.0000000Z;5.3795;5.3895;900;463
2026-06-08T12:54:18.0000000Z;5.3795;5.3895;900;10522
2026-06-08T12:54:19.0000000Z;5.3795;5.389;900;663
2026-06-08T12:54:23.0000000Z;5.3795;5.389;900;900
2026-06-08T12:54:24.0000000Z;5.3795;5.389;900;900
2026-06-08T12:54:25.0000000Z;5.3815;5.389;900;900
2026-06-08T12:54:26.0000000Z;5.3815;5.3895;900;12033
2026-06-08T12:54:28.0000000Z;5.3815;5.3895;900;15633
2026-06-08T12:54:29.0000000Z;5.3815;5.3895;900;12033
2026-06-08T12:54:30.0000000Z;5.3815;5.3895;900;12033
2026-06-08T12:54:31.0000000Z;5.3815;5.3895;900;12033
2026-06-08T12:54:32.0000000Z;5.3815;5.3895;900;12033
2026-06-08T12:54:33.0000000Z;5.3815;5.389;900;900
2026-06-08T12:54:34.0000000Z;5.3815;5.3895;900;12033
2026-06-08T12:54:35.0000000Z;5.3815;5.3895;900;12033
2026-06-08T12:54:38.0000000Z;5.3815;5.389;900;396
2026-06-08T12:54:39.0000000Z;5.3815;5.3885;900;900
2026-06-08T12:54:42.0000000Z;5.381;5.3885;464;900
2026-06-08T12:54:43.0000000Z;5.3815;5.3885;900;900
2026-06-08T12:54:44.0000000Z;5.382;5.3885;3535;900
2026-06-08T12:54:45.0000000Z;5.382;5.3885;3535;900
2026-06-08T12:54:46.0000000Z;5.3815;5.389;900;463
2026-06-08T12:54:47.0000000Z;5.3815;5.3885;900;900
2026-06-08T12:54:48.0000000Z;5.3815;5.3885;900;900
2026-06-08T12:54:49.0000000Z;5.382;5.3885;3535;900
2026-06-08T12:54:51.0000000Z;5.3815;5.3885;900;900
2026-06-08T12:54:54.0000000Z;5.3815;5.3885;900;900
2026-06-08T12:54:55.0000000Z;5.3765;5.388;3850;11136
2026-06-08T12:54:56.0000000Z;5.376;5.387;11152;900
2026-06-08T12:54:57.0000000Z;5.3775;5.387;900;11138
2026-06-08T12:54:58.0000000Z;5.3775;5.386;900;900
2026-06-08T12:54:59.0000000Z;5.381;5.3855;9292;754
2026-06-08T12:55:00.0000000Z;5.376;5.386;900;900
2026-06-08T12:55:02.0000000Z;5.3765;5.386;3535;900
2026-06-08T12:55:05.0000000Z;5.377;5.3855;3535;754
2026-06-08T12:55:06.0000000Z;5.3775;5.386;900;900
2026-06-08T12:55:07.0000000Z;5.3775;5.3865;900;900
2026-06-08T12:55:08.0000000Z;5.3775;5.387;900;12038
2026-06-08T12:55:09.0000000Z;5.3775;5.387;900;12038
2026-06-08T12:55:10.0000000Z;5.3795;5.3865;3535;9283
2026-06-08T12:55:11.0000000Z;5.3805;5.387;900;11130
2026-06-08T12:55:12.0000000Z;5.3805;5.3875;900;900
2026-06-08T12:55:13.0000000Z;5.3805;5.3875;900;900
2026-06-08T12:55:14.0000000Z;5.381;5.3875;900;51781
2026-06-08T12:55:15.0000000Z;5.3815;5.3875;3535;51781
2026-06-08T12:55:16.0000000Z;5.3815;5.3875;3535;9281
2026-06-08T12:55:17.0000000Z;5.3815;5.389;3535;224
2026-06-08T12:55:18.0000000Z;5.379;5.3895;900;900
2026-06-08T12:55:19.0000000Z;5.379;5.3895;900;12030
2026-06-08T12:55:21.0000000Z;5.381;5.3895;3535;12030
2026-06-08T12:55:22.0000000Z;5.379;5.3885;900;900
2026-06-08T12:55:23.0000000Z;5.379;5.388;900;427
2026-06-08T12:55:24.0000000Z;5.3795;5.388;3535;427
2026-06-08T12:55:25.0000000Z;5.3795;5.3885;3535;900
2026-06-08T12:55:26.0000000Z;5.379;5.3885;900;900
2026-06-08T12:55:27.0000000Z;5.379;5.3885;900;900
2026-06-08T12:55:28.0000000Z;5.379;5.3885;900;900
2026-06-08T12:55:29.0000000Z;5.379;5.3885;900;900
2026-06-08T12:55:36.0000000Z;5.379;5.388;900;427
2026-06-08T12:55:38.0000000Z;5.379;5.3895;900;11130
2026-06-08T12:55:39.0000000Z;5.379;5.3885;900;900
2026-06-08T12:55:41.0000000Z;5.379;5.3885;900;4286
2026-06-08T12:55:42.0000000Z;5.379;5.3875;900;472
2026-06-08T12:55:43.0000000Z;5.379;5.388;900;900
2026-06-08T12:55:44.0000000Z;5.379;5.388;900;900
2026-06-08T12:55:45.0000000Z;5.379;5.3865;900;900
2026-06-08T12:55:46.0000000Z;5.379;5.3865;900;42696
2026-06-08T12:55:47.0000000Z;5.379;5.3865;900;900
2026-06-08T12:55:48.0000000Z;5.379;5.3875;900;12037
2026-06-08T12:55:49.0000000Z;5.379;5.387;900;900
2026-06-08T12:55:51.0000000Z;5.379;5.3865;900;900
2026-06-08T12:55:52.0000000Z;5.379;5.3865;900;196
2026-06-08T12:55:53.0000000Z;5.379;5.3865;900;42696
2026-06-08T12:55:54.0000000Z;5.379;5.3865;900;42696
2026-06-08T12:55:55.0000000Z;5.379;5.3875;900;11137
2026-06-08T12:55:56.0000000Z;5.379;5.3875;900;11137
2026-06-08T12:55:59.0000000Z;5.379;5.3875;900;11137
2026-06-08T12:56:00.0000000Z;5.381;5.3875;900;42500
2026-06-08T12:56:01.0000000Z;5.3835;5.388;3535;51780
2026-06-08T12:56:03.0000000Z;5.383;5.391;900;900
2026-06-08T12:56:04.0000000Z;5.383;5.391;900;900
2026-06-08T12:56:05.0000000Z;5.383;5.391;900;900
2026-06-08T12:56:06.0000000Z;5.384;5.3905;3535;365
2026-06-08T12:56:07.0000000Z;5.3835;5.391;900;900
2026-06-08T12:56:09.0000000Z;5.3835;5.391;900;900
2026-06-08T12:56:10.0000000Z;5.384;5.3905;3535;365
2026-06-08T12:56:11.0000000Z;5.3835;5.391;900;900
2026-06-08T12:56:12.0000000Z;5.3835;5.3915;900;900
2026-06-08T12:56:13.0000000Z;5.3835;5.3915;900;900
2026-06-08T12:56:14.0000000Z;5.384;5.3915;3535;900
2026-06-08T12:56:18.0000000Z;5.384;5.3915;3535;42500
2026-06-08T12:56:19.0000000Z;5.3835;5.3915;900;900
2026-06-08T12:56:20.0000000Z;5.384;5.391;3535;213
2026-06-08T12:56:21.0000000Z;5.3835;5.3915;900;900
2026-06-08T12:56:22.0000000Z;5.3835;5.392;900;463
2026-06-08T12:56:23.0000000Z;5.3835;5.3915;900;900
2026-06-08T12:56:24.0000000Z;5.384;5.3915;3535;900
2026-06-08T12:56:25.0000000Z;5.3835;5.391;900;213
2026-06-08T12:56:26.0000000Z;5.3835;5.391;900;213
2026-06-08T12:56:29.0000000Z;5.3835;5.3915;900;881
2026-06-08T12:56:30.0000000Z;5.3835;5.3915;900;881
2026-06-08T12:56:32.0000000Z;5.3835;5.3915;900;881
2026-06-08T12:56:33.0000000Z;5.3835;5.3915;900;881
2026-06-08T12:56:37.0000000Z;5.3835;5.3915;900;881
2026-06-08T12:56:38.0000000Z;5.3835;5.392;900;463
2026-06-08T12:56:39.0000000Z;5.3805;5.3915;11148;11127
2026-06-08T12:56:40.0000000Z;5.3815;5.39;900;321
2026-06-08T12:56:41.0000000Z;5.3835;5.3905;3535;900
2026-06-08T12:56:42.0000000Z;5.3815;5.391;900;463
2026-06-08T12:56:43.0000000Z;5.383;5.3915;900;12029
2026-06-08T12:56:44.0000000Z;5.383;5.3915;900;11129
2026-06-08T12:56:45.0000000Z;5.3845;5.392;900;11331
2026-06-08T12:56:46.0000000Z;5.383;5.396;12047;11120
2026-06-08T12:56:47.0000000Z;5.385;5.394;900;900
2026-06-08T12:56:48.0000000Z;5.384;5.394;11145;900
2026-06-08T12:56:49.0000000Z;5.3855;5.392;3535;9273
2026-06-08T12:56:50.0000000Z;5.385;5.3945;900;900
2026-06-08T12:56:51.0000000Z;5.385;5.3945;900;900
2026-06-08T12:56:52.0000000Z;5.3855;5.394;3535;446
2026-06-08T12:56:54.0000000Z;5.385;5.3955;900;11121
2026-06-08T12:56:55.0000000Z;5.385;5.3945;900;900
2026-06-08T12:56:56.0000000Z;5.387;5.395;900;6
2026-06-08T12:56:57.0000000Z;5.3865;5.394;900;900
2026-06-08T12:56:58.0000000Z;5.3865;5.396;900;900
2026-06-08T12:56:59.0000000Z;5.3865;5.3975;900;900
2026-06-08T12:57:00.0000000Z;5.3865;5.3945;900;9269
2026-06-08T12:57:02.0000000Z;5.3865;5.3945;900;9269
2026-06-08T12:57:03.0000000Z;5.3865;5.3975;900;900
2026-06-08T12:57:04.0000000Z;5.3865;5.3975;900;900
2026-06-08T12:57:05.0000000Z;5.3865;5.3975;900;900
2026-06-08T12:57:06.0000000Z;5.3865;5.3975;900;900
2026-06-08T12:57:08.0000000Z;5.3865;5.3975;900;900
2026-06-08T12:57:09.0000000Z;5.3865;5.3975;900;900
2026-06-08T12:57:10.0000000Z;5.3865;5.3975;900;900
2026-06-08T12:57:11.0000000Z;5.3865;5.3985;900;11115
2026-06-08T12:57:12.0000000Z;5.3895;5.4;3535;80
2026-06-08T12:57:13.0000000Z;5.392;5.399;900;900
2026-06-08T12:57:14.0000000Z;5.392;5.4;900;80
2026-06-08T12:57:15.0000000Z;5.392;5.4;900;80
2026-06-08T12:57:16.0000000Z;5.392;5.4;24136;80
2026-06-08T12:57:17.0000000Z;5.393;5.4;900;980
2026-06-08T12:57:18.0000000Z;5.3935;5.3995;3535;42500
2026-06-08T12:57:19.0000000Z;5.3935;5.3995;900;42500
2026-06-08T12:57:20.0000000Z;5.392;5.3995;11128;42500
2026-06-08T12:57:21.0000000Z;5.393;5.399;900;42500
2026-06-08T12:57:22.0000000Z;5.3935;5.399;3535;900
2026-06-08T12:57:23.0000000Z;5.3935;5.399;3535;42500
2026-06-08T12:57:24.0000000Z;5.392;5.3995;11128;900
2026-06-08T12:57:25.0000000Z;5.393;5.4;900;980
2026-06-08T12:57:26.0000000Z;5.393;5.4;900;4580
2026-06-08T12:57:27.0000000Z;5.393;5.4;900;4580
2026-06-08T12:57:28.0000000Z;5.393;5.4;900;4580
2026-06-08T12:57:29.0000000Z;5.3935;5.4;3535;80
2026-06-08T12:57:30.0000000Z;5.392;5.4;11128;80
2026-06-08T12:57:31.0000000Z;5.393;5.4;900;980
2026-06-08T12:57:32.0000000Z;5.393;5.4;900;4580
2026-06-08T12:57:33.0000000Z;5.3935;5.4;3535;4580
2026-06-08T12:57:34.0000000Z;5.393;5.4;900;980
2026-06-08T12:57:35.0000000Z;5.3925;5.4;463;980
2026-06-08T12:57:36.0000000Z;5.392;5.4;11128;80
2026-06-08T12:57:37.0000000Z;5.393;5.4;900;980
2026-06-08T12:57:38.0000000Z;5.393;5.4;900;80
2026-06-08T12:57:40.0000000Z;5.393;5.4;900;80
2026-06-08T12:57:41.0000000Z;5.393;5.4;900;80
2026-06-08T12:57:42.0000000Z;5.393;5.4;900;80
2026-06-08T12:57:43.0000000Z;5.393;5.4;900;80
2026-06-08T12:57:44.0000000Z;5.393;5.4;900;42500
2026-06-08T12:57:45.0000000Z;5.393;5.4;900;4580
2026-06-08T12:57:46.0000000Z;5.393;5.4;900;80
2026-06-08T12:57:47.0000000Z;5.393;5.4;900;80
2026-06-08T12:57:48.0000000Z;5.393;5.4;900;80
2026-06-08T12:57:49.0000000Z;5.395;5.4;3535;42500
2026-06-08T12:57:50.0000000Z;5.3985;5.4145;3535;118410
2026-06-08T12:57:51.0000000Z;5.398;5.4005;11116;80
2026-06-08T12:57:52.0000000Z;5.398;5.4105;11116;11090
2026-06-08T12:57:53.0000000Z;5.3995;5.4005;3535;80
2026-06-08T12:57:54.0000000Z;5.399;5.4095;900;43295
2026-06-08T12:57:55.0000000Z;5.399;5.409;900;688
2026-06-08T12:57:56.0000000Z;5.399;5.4095;900;900
2026-06-08T12:57:57.0000000Z;5.3985;5.4105;3849;11090
2026-06-08T12:57:58.0000000Z;5.405;5.46;34760;91
2026-06-08T12:57:59.0000000Z;5.4075;5.4195;11096;8465
2026-06-08T12:58:00.0000000Z;5.4075;5.419;11096;11073
2026-06-08T12:58:01.0000000Z;5.4075;5.419;11096;11073
2026-06-08T12:58:02.0000000Z;5.4075;5.418;11096;900
2026-06-08T12:58:03.0000000Z;5.4095;5.417;3535;446
2026-06-08T12:58:04.0000000Z;5.4055;5.417;900;900
2026-06-08T12:58:05.0000000Z;5.4055;5.4155;900;900
2026-06-08T12:58:06.0000000Z;5.405;5.4135;9870;11084
2026-06-08T12:58:07.0000000Z;5.397;5.41;11118;11084
2026-06-08T12:58:08.0000000Z;5.397;5.4095;14504;3386
2026-06-08T12:58:09.0000000Z;5.398;5.407;900;900
2026-06-08T12:58:10.0000000Z;5.3945;5.407;11123;4286
2026-06-08T12:58:11.0000000Z;5.395;5.4045;14084;14479
2026-06-08T12:58:12.0000000Z;5.3925;5.404;33860;8465
2026-06-08T12:58:13.0000000Z;5.3935;5.4045;3386;11102
2026-06-08T12:58:14.0000000Z;5.395;5.404;900;13544
2026-06-08T12:58:15.0000000Z;5.3955;5.4045;28964;11102
2026-06-08T12:58:16.0000000Z;5.396;5.404;11120;14121
2026-06-08T12:58:17.0000000Z;5.396;5.4035;11120;11104
2026-06-08T12:58:18.0000000Z;5.396;5.4035;11120;11104
2026-06-08T12:58:19.0000000Z;5.3965;5.4035;13335;11104
2026-06-08T12:58:20.0000000Z;5.396;5.4035;11120;11104
2026-06-08T12:58:21.0000000Z;5.396;5.46;3849;91
2026-06-08T12:58:22.0000000Z;5.401;5.4135;3848;3386
2026-06-08T12:58:23.0000000Z;5.4015;5.404;9620;9253
2026-06-08T12:58:24.0000000Z;5.4015;5.412;9620;8465
2026-06-08T12:58:25.0000000Z;5.4005;5.4125;11111;11086
2026-06-08T12:58:26.0000000Z;5.4025;5.4105;900;900
2026-06-08T12:58:27.0000000Z;5.4015;5.4115;900;900
2026-06-08T12:58:29.0000000Z;5.4025;5.4105;3535;305
2026-06-08T12:58:30.0000000Z;5.4025;5.4105;3535;432
2026-06-08T12:58:31.0000000Z;5.403;5.41;3535;900
2026-06-08T12:58:32.0000000Z;5.403;5.41;3535;42500
2026-06-08T12:58:33.0000000Z;5.4035;5.411;3535;51741
2026-06-08T12:58:34.0000000Z;5.399;5.41;900;900
2026-06-08T12:58:35.0000000Z;5.4025;5.4095;3416;981
2026-06-08T12:58:36.0000000Z;5.399;5.41;900;900
2026-06-08T12:58:37.0000000Z;5.3995;5.4095;3535;981
2026-06-08T12:58:38.0000000Z;5.399;5.4105;900;462
2026-06-08T12:58:39.0000000Z;5.3985;5.411;8928;11089
2026-06-08T12:58:40.0000000Z;5.3995;5.41;900;900
2026-06-08T12:58:42.0000000Z;5.3995;5.41;900;900
2026-06-08T12:58:44.0000000Z;5.3995;5.41;900;900
2026-06-08T12:58:45.0000000Z;5.3995;5.4095;900;981
2026-06-08T12:58:46.0000000Z;5.399;5.41;11114;462
2026-06-08T12:58:47.0000000Z;5.4;5.4105;8465;11090
2026-06-08T12:58:48.0000000Z;5.4015;5.409;3535;349
2026-06-08T12:58:49.0000000Z;5.401;5.409;900;326
2026-06-08T12:58:50.0000000Z;5.401;5.4095;900;900
2026-06-08T12:58:51.0000000Z;5.401;5.409;900;326
2026-06-08T12:58:52.0000000Z;5.401;5.4095;900;900
2026-06-08T12:58:53.0000000Z;5.401;5.4095;900;900
2026-06-08T12:58:54.0000000Z;5.4015;5.409;3535;604
2026-06-08T12:58:55.0000000Z;5.4;5.4095;900;900
2026-06-08T12:58:56.0000000Z;5.4;5.4095;900;900
2026-06-08T12:58:57.0000000Z;5.3995;5.409;463;580
2026-06-08T12:58:58.0000000Z;5.4;5.4095;900;900
2026-06-08T12:59:00.0000000Z;5.4;5.409;900;580
2026-06-08T12:59:01.0000000Z;5.4;5.4095;900;900
2026-06-08T12:59:02.0000000Z;5.4;5.409;900;580
2026-06-08T12:59:03.0000000Z;5.4;5.409;900;580
2026-06-08T12:59:04.0000000Z;5.4;5.4095;900;900
2026-06-08T12:59:05.0000000Z;5.4;5.4095;900;900
2026-06-08T12:59:06.0000000Z;5.4;5.409;900;580
2026-06-08T12:59:07.0000000Z;5.4;5.4095;900;900
2026-06-08T12:59:08.0000000Z;5.4;5.4095;900;900
2026-06-08T12:59:09.0000000Z;5.4005;5.4095;3535;900
2026-06-08T12:59:11.0000000Z;5.3995;5.409;463;580
2026-06-08T12:59:12.0000000Z;5.4;5.4095;900;900
2026-06-08T12:59:13.0000000Z;5.4;5.4095;900;900
2026-06-08T12:59:14.0000000Z;5.4;5.4095;900;900
2026-06-08T12:59:15.0000000Z;5.4;5.4095;900;900
2026-06-08T12:59:16.0000000Z;5.4005;5.409;3535;580
2026-06-08T12:59:17.0000000Z;5.4005;5.4095;3535;875
2026-06-08T12:59:19.0000000Z;5.4;5.4095;900;900
2026-06-08T12:59:20.0000000Z;5.4;5.4095;900;900
2026-06-08T12:59:21.0000000Z;5.399;5.409;11114;580
2026-06-08T12:59:22.0000000Z;5.4005;5.409;3535;580
2026-06-08T12:59:23.0000000Z;5.4;5.409;900;580
2026-06-08T12:59:24.0000000Z;5.4;5.4095;900;900
2026-06-08T12:59:26.0000000Z;5.4;5.4095;900;900
2026-06-08T12:59:28.0000000Z;5.4;5.4095;900;900
2026-06-08T12:59:29.0000000Z;5.4;5.409;900;580
2026-06-08T12:59:30.0000000Z;5.4;5.4095;900;687
2026-06-08T12:59:31.0000000Z;5.3995;5.4095;463;900
2026-06-08T12:59:32.0000000Z;5.4;5.4105;900;11090
2026-06-08T12:59:33.0000000Z;5.4005;5.4095;3535;900
2026-06-08T12:59:34.0000000Z;5.4;5.4105;900;11090
2026-06-08T12:59:35.0000000Z;5.4;5.41;900;462
2026-06-08T12:59:36.0000000Z;5.4;5.4095;900;900
2026-06-08T12:59:37.0000000Z;5.4;5.4095;900;900
2026-06-08T12:59:38.0000000Z;5.4005;5.409;3535;580
2026-06-08T12:59:39.0000000Z;5.4;5.4095;900;900
2026-06-08T12:59:40.0000000Z;5.4005;5.4095;3535;900
2026-06-08T12:59:42.0000000Z;5.4005;5.4095;3535;900
2026-06-08T12:59:43.0000000Z;5.4;5.4095;900;900
2026-06-08T12:59:44.0000000Z;5.4;5.409;900;580
2026-06-08T12:59:45.0000000Z;5.4;5.4095;900;900
2026-06-08T12:59:46.0000000Z;5.399;5.4095;11114;900
2026-06-08T12:59:47.0000000Z;5.4005;5.4095;3535;900
2026-06-08T12:59:48.0000000Z;5.4;5.409;900;580
2026-06-08T12:59:50.0000000Z;5.399;5.409;11114;580
2026-06-08T12:59:51.0000000Z;5.4;5.4095;900;900
2026-06-08T12:59:52.0000000Z;5.4;5.4095;900;900
2026-06-08T12:59:53.0000000Z;5.4;5.4095;900;900
2026-06-08T12:59:54.0000000Z;5.3995;5.4095;463;900
2026-06-08T12:59:55.0000000Z;5.4;5.4095;900;900
2026-06-08T12:59:56.0000000Z;5.3955;5.4055;900;900
2026-06-08T12:59:57.0000000Z;5.4005;5.4055;3217;42500
2026-06-08T12:59:58.0000000Z;5.399;5.4055;3075;900
2026-06-08T12:59:59.0000000Z;5.4005;5.4055;3535;42500
2026-06-08T13:00:00.0000000Z;5.4005;5.4595;3535;457
2026-06-08T13:00:01.0000000Z;5.4;5.406;46035;9249
2026-06-08T13:00:02.0000000Z;5.4005;5.411;900;900
2026-06-08T13:00:03.0000000Z;5.401;5.406;3535;9249
2026-06-08T13:00:04.0000000Z;5.401;5.4105;3535;686
2026-06-08T13:00:05.0000000Z;5.4005;5.4105;900;686
2026-06-08T13:00:06.0000000Z;5.4005;5.4115;900;461
2026-06-08T13:00:07.0000000Z;5.3995;5.411;11113;900
2026-06-08T13:00:08.0000000Z;5.4015;5.4095;900;900
2026-06-08T13:00:09.0000000Z;5.4015;5.4095;900;900
2026-06-08T13:00:10.0000000Z;5.4005;5.4095;11111;900
2026-06-08T13:00:11.0000000Z;5.4005;5.4105;11111;11090
2026-06-08T13:00:12.0000000Z;5.402;5.4105;3535;11090
2026-06-08T13:00:13.0000000Z;5.4005;5.4095;11111;900
2026-06-08T13:00:14.0000000Z;5.401;5.4095;462;900
2026-06-08T13:00:15.0000000Z;5.401;5.4095;8465;19555
2026-06-08T13:00:16.0000000Z;5.3985;5.4085;900;900
2026-06-08T13:00:17.0000000Z;5.3985;5.408;900;900
2026-06-08T13:00:18.0000000Z;5.3985;5.408;900;900
2026-06-08T13:00:19.0000000Z;5.3985;5.408;900;900
2026-06-08T13:00:20.0000000Z;5.3975;5.4075;11117;605
2026-06-08T13:00:21.0000000Z;5.3985;5.408;24748;900
2026-06-08T13:00:22.0000000Z;5.3985;5.409;900;11093
2026-06-08T13:00:23.0000000Z;5.3985;5.408;900;900
2026-06-08T13:00:24.0000000Z;5.3985;5.4085;900;772
2026-06-08T13:00:25.0000000Z;5.3985;5.408;900;900
2026-06-08T13:00:27.0000000Z;5.3985;5.408;900;900
2026-06-08T13:00:28.0000000Z;5.4005;5.409;900;11093
2026-06-08T13:00:29.0000000Z;5.4;5.409;13335;11093
2026-06-08T13:00:30.0000000Z;5.401;5.409;3535;11093
2026-06-08T13:00:31.0000000Z;5.4005;5.408;900;900
2026-06-08T13:00:32.0000000Z;5.401;5.4075;3535;411
2026-06-08T13:00:33.0000000Z;5.3995;5.408;11113;900
2026-06-08T13:00:34.0000000Z;5.401;5.4075;3535;411
2026-06-08T13:00:35.0000000Z;5.401;5.409;3535;11093
2026-06-08T13:00:36.0000000Z;5.401;5.408;3535;900
2026-06-08T13:00:37.0000000Z;5.401;5.408;3535;900
2026-06-08T13:00:38.0000000Z;5.401;5.4075;3535;411
2026-06-08T13:00:39.0000000Z;5.4005;5.408;900;900
2026-06-08T13:00:40.0000000Z;5.4;5.408;462;900
2026-06-08T13:00:41.0000000Z;5.401;5.408;3535;900
2026-06-08T13:00:42.0000000Z;5.401;5.4075;3535;411
2026-06-08T13:00:43.0000000Z;5.3985;5.407;15569;1063
2026-06-08T13:00:44.0000000Z;5.4;5.4065;2909;900
2026-06-08T13:00:45.0000000Z;5.397;5.406;900;607
2026-06-08T13:00:46.0000000Z;5.396;5.4065;900;900
2026-06-08T13:00:47.0000000Z;5.3995;5.406;2488;818
2026-06-08T13:00:48.0000000Z;5.396;5.4065;900;900
2026-06-08T13:00:49.0000000Z;5.3995;5.4065;3131;900
2026-06-08T13:00:50.0000000Z;5.3955;5.4065;900;900
2026-06-08T13:00:51.0000000Z;5.3955;5.4065;900;900
2026-06-08T13:00:52.0000000Z;5.3995;5.4065;3285;900
2026-06-08T13:00:53.0000000Z;5.3955;5.4065;900;900
2026-06-08T13:00:54.0000000Z;5.396;5.4065;900;900
2026-06-08T13:00:55.0000000Z;5.3965;5.406;3535;985
2026-06-08T13:00:56.0000000Z;5.3945;5.4075;11123;11096
2026-06-08T13:00:57.0000000Z;5.396;5.4055;3535;661
2026-06-08T13:00:58.0000000Z;5.3955;5.403;900;203
2026-06-08T13:00:59.0000000Z;5.3955;5.4035;900;900
2026-06-08T13:01:00.0000000Z;5.3945;5.4045;11123;11102
2026-06-08T13:01:01.0000000Z;5.396;5.403;3535;203
2026-06-08T13:01:02.0000000Z;5.3965;5.4035;3482;19569
2026-06-08T13:01:03.0000000Z;5.397;5.4035;3469;42500
2026-06-08T13:01:04.0000000Z;5.397;5.4035;3535;42500
2026-06-08T13:01:05.0000000Z;5.3965;5.404;900;900
2026-06-08T13:01:06.0000000Z;5.3965;5.404;900;19568
2026-06-08T13:01:07.0000000Z;5.3955;5.404;11121;11103
2026-06-08T13:01:08.0000000Z;5.3965;5.403;900;900
2026-06-08T13:01:09.0000000Z;5.3965;5.403;900;900
2026-06-08T13:01:10.0000000Z;5.3965;5.403;900;19570
2026-06-08T13:01:11.0000000Z;5.3915;5.403;22301;11105
2026-06-08T13:01:12.0000000Z;5.3925;5.403;900;11105
2026-06-08T13:01:13.0000000Z;5.392;5.402;900;900
2026-06-08T13:01:14.0000000Z;5.3965;5.4015;2046;715
2026-06-08T13:01:15.0000000Z;5.392;5.402;900;900
2026-06-08T13:01:16.0000000Z;5.392;5.4015;900;715
2026-06-08T13:01:17.0000000Z;5.392;5.402;900;900
2026-06-08T13:01:18.0000000Z;5.392;5.402;900;900
2026-06-08T13:01:19.0000000Z;5.3925;5.402;3535;900
2026-06-08T13:01:20.0000000Z;5.392;5.402;900;900
2026-06-08T13:01:23.0000000Z;5.392;5.402;900;900
2026-06-08T13:01:24.0000000Z;5.392;5.403;900;11105
2026-06-08T13:01:25.0000000Z;5.392;5.402;900;900
2026-06-08T13:01:26.0000000Z;5.392;5.402;900;900
2026-06-08T13:01:27.0000000Z;5.3925;5.4015;3535;715
2026-06-08T13:01:28.0000000Z;5.392;5.402;900;900
2026-06-08T13:01:29.0000000Z;5.3925;5.402;3535;900
2026-06-08T13:01:30.0000000Z;5.3925;5.402;3535;900
2026-06-08T13:01:31.0000000Z;5.391;5.402;11130;900
2026-06-08T13:01:32.0000000Z;5.392;5.402;900;900
2026-06-08T13:01:33.0000000Z;5.392;5.402;900;900
2026-06-08T13:01:36.0000000Z;5.392;5.403;900;11105
2026-06-08T13:01:37.0000000Z;5.3925;5.4;3535;313
2026-06-08T13:01:38.0000000Z;5.3925;5.3995;3535;42663
2026-06-08T13:01:39.0000000Z;5.392;5.4005;900;12011
2026-06-08T13:01:40.0000000Z;5.392;5.4005;900;11111
2026-06-08T13:01:41.0000000Z;5.393;5.401;900;900
2026-06-08T13:01:42.0000000Z;5.393;5.401;900;900
2026-06-08T13:01:43.0000000Z;5.3935;5.401;3535;42500
2026-06-08T13:01:44.0000000Z;5.3935;5.403;3535;900
2026-06-08T13:01:45.0000000Z;5.3935;5.4025;3535;738
2026-06-08T13:01:46.0000000Z;5.393;5.4025;900;738
2026-06-08T13:01:47.0000000Z;5.393;5.4025;900;738
2026-06-08T13:01:48.0000000Z;5.3925;5.403;463;900
2026-06-08T13:01:49.0000000Z;5.393;5.4025;900;738
2026-06-08T13:01:50.0000000Z;5.393;5.403;900;900
2026-06-08T13:01:53.0000000Z;5.393;5.403;900;900
2026-06-08T13:01:54.0000000Z;5.393;5.403;900;900
2026-06-08T13:01:55.0000000Z;5.393;5.403;900;900
2026-06-08T13:01:56.0000000Z;5.393;5.4035;900;462
2026-06-08T13:01:57.0000000Z;5.393;5.4025;900;738
2026-06-08T13:02:01.0000000Z;5.3935;5.4025;3535;738
2026-06-08T13:02:03.0000000Z;5.393;5.4035;900;462
2026-06-08T13:02:04.0000000Z;5.393;5.403;900;900
2026-06-08T13:02:05.0000000Z;5.393;5.403;900;900
2026-06-08T13:02:06.0000000Z;5.393;5.403;900;900
2026-06-08T13:02:07.0000000Z;5.393;5.4015;900;288
2026-06-08T13:02:09.0000000Z;5.393;5.4015;900;288
2026-06-08T13:02:10.0000000Z;5.393;5.4015;900;288
2026-06-08T13:02:14.0000000Z;5.393;5.404;900;11351
2026-06-08T13:02:15.0000000Z;5.393;5.4005;900;900
2026-06-08T13:02:16.0000000Z;5.393;5.4005;900;900
2026-06-08T13:02:17.0000000Z;5.393;5.401;900;900
2026-06-08T13:02:18.0000000Z;5.393;5.401;900;900
2026-06-08T13:02:19.0000000Z;5.393;5.401;900;42500
2026-06-08T13:02:20.0000000Z;5.393;5.401;900;42500
2026-06-08T13:02:21.0000000Z;5.393;5.401;900;900
2026-06-08T13:02:22.0000000Z;5.393;5.401;900;900
2026-06-08T13:02:23.0000000Z;5.393;5.401;900;900
2026-06-08T13:02:25.0000000Z;5.393;5.4005;900;229
2026-06-08T13:02:26.0000000Z;5.393;5.401;900;900
2026-06-08T13:02:27.0000000Z;5.393;5.4005;900;229
2026-06-08T13:02:28.0000000Z;5.3935;5.4005;3535;229
2026-06-08T13:02:30.0000000Z;5.393;5.401;900;900
2026-06-08T13:02:31.0000000Z;5.393;5.401;900;900
2026-06-08T13:02:32.0000000Z;5.393;5.401;900;900
2026-06-08T13:02:33.0000000Z;5.393;5.401;900;900
2026-06-08T13:02:34.0000000Z;5.393;5.4005;900;229
2026-06-08T13:02:35.0000000Z;5.393;5.401;900;900
2026-06-08T13:02:36.0000000Z;5.393;5.401;900;900
2026-06-08T13:02:37.0000000Z;5.393;5.4005;900;229
2026-06-08T13:02:38.0000000Z;5.392;5.401;11128;900
2026-06-08T13:02:39.0000000Z;5.393;5.401;900;900
2026-06-08T13:02:41.0000000Z;5.3935;5.401;3535;900
2026-06-08T13:02:44.0000000Z;5.393;5.401;900;900
2026-06-08T13:02:45.0000000Z;5.393;5.401;900;900
2026-06-08T13:02:47.0000000Z;5.392;5.401;11128;900
2026-06-08T13:02:48.0000000Z;5.393;5.401;900;900
2026-06-08T13:02:50.0000000Z;5.393;5.401;900;900
2026-06-08T13:02:52.0000000Z;5.3935;5.4005;3535;229
2026-06-08T13:02:53.0000000Z;5.3935;5.401;3535;900
2026-06-08T13:02:55.0000000Z;5.393;5.401;900;900
2026-06-08T13:02:58.0000000Z;5.393;5.401;900;900
2026-06-08T13:02:59.0000000Z;5.3935;5.398;2046;591
2026-06-08T13:02:59.0000000Z;5.389;5.3985;900;900
2026-06-08T13:03:00.0000000Z;5.389;5.3995;900;12007
2026-06-08T13:03:01.0000000Z;5.389;5.3995;12034;900
2026-06-08T13:03:02.0000000Z;5.391;5.399;900;805
2026-06-08T13:03:03.0000000Z;5.3915;5.4005;900;900
2026-06-08T13:03:04.0000000Z;5.3905;5.4;11131;461
2026-06-08T13:03:05.0000000Z;5.3915;5.4005;900;900
2026-06-08T13:03:06.0000000Z;5.3915;5.4005;900;900
2026-06-08T13:03:07.0000000Z;5.3915;5.4005;900;900
2026-06-08T13:03:08.0000000Z;5.3915;5.4005;900;900
2026-06-08T13:03:09.0000000Z;5.3915;5.4005;900;900
2026-06-08T13:03:10.0000000Z;5.3915;5.4;900;461
2026-06-08T13:03:11.0000000Z;5.3915;5.4005;900;900
2026-06-08T13:03:12.0000000Z;5.3915;5.4005;900;900
2026-06-08T13:03:13.0000000Z;5.3925;5.4005;900;900
2026-06-08T13:03:14.0000000Z;5.393;5.4;3535;461
2026-06-08T13:03:15.0000000Z;5.3925;5.4005;900;900
2026-06-08T13:03:16.0000000Z;5.3925;5.4005;900;900
2026-06-08T13:03:18.0000000Z;5.3925;5.4005;900;900
2026-06-08T13:03:19.0000000Z;5.3925;5.4;900;461
2026-06-08T13:03:20.0000000Z;5.3935;5.3995;3535;314
2026-06-08T13:03:21.0000000Z;5.3935;5.399;3535;42500
2026-06-08T13:03:22.0000000Z;5.393;5.399;900;900
2026-06-08T13:03:23.0000000Z;5.3935;5.399;3535;42500
2026-06-08T13:03:24.0000000Z;5.3935;5.3995;3535;9575
2026-06-08T13:03:25.0000000Z;5.393;5.399;900;900
2026-06-08T13:03:26.0000000Z;5.389;5.4;900;11112
2026-06-08T13:03:27.0000000Z;5.3915;5.4025;900;900
2026-06-08T13:03:28.0000000Z;5.3915;5.3995;900;9261
2026-06-08T13:03:29.0000000Z;5.393;5.4035;900;11104
2026-06-08T13:03:30.0000000Z;5.393;5.4025;900;900
2026-06-08T13:03:31.0000000Z;5.393;5.403;900;900
2026-06-08T13:03:32.0000000Z;5.393;5.4025;900;523
2026-06-08T13:03:33.0000000Z;5.393;5.4025;900;900
2026-06-08T13:03:34.0000000Z;5.393;5.4025;900;492
2026-06-08T13:03:35.0000000Z;5.393;5.403;900;900
2026-06-08T13:03:36.0000000Z;5.393;5.4025;900;900
2026-06-08T13:03:37.0000000Z;5.3935;5.402;3535;385
2026-06-08T13:03:38.0000000Z;5.393;5.4025;900;900
2026-06-08T13:03:39.0000000Z;5.393;5.402;900;415
2026-06-08T13:03:40.0000000Z;5.393;5.402;900;415
2026-06-08T13:03:41.0000000Z;5.393;5.4025;900;900
2026-06-08T13:03:42.0000000Z;5.393;5.4025;900;900
2026-06-08T13:03:43.0000000Z;5.3915;5.403;900;462
2026-06-08T13:03:44.0000000Z;5.3915;5.402;900;822
2026-06-08T13:03:45.0000000Z;5.3915;5.4025;900;900
2026-06-08T13:03:46.0000000Z;5.3915;5.4025;900;900
2026-06-08T13:03:49.0000000Z;5.392;5.4025;3535;900
2026-06-08T13:03:50.0000000Z;5.3915;5.4025;900;900
2026-06-08T13:03:51.0000000Z;5.3915;5.4025;900;900
2026-06-08T13:03:52.0000000Z;5.3915;5.4025;900;900
2026-06-08T13:03:54.0000000Z;5.3915;5.402;900;822
2026-06-08T13:03:55.0000000Z;5.3915;5.4025;900;900
2026-06-08T13:03:56.0000000Z;5.3915;5.4025;900;900
2026-06-08T13:03:57.0000000Z;5.3915;5.4025;900;900
2026-06-08T13:03:58.0000000Z;5.3915;5.4025;900;900
2026-06-08T13:04:00.0000000Z;5.3915;5.4015;900;860
2026-06-08T13:04:01.0000000Z;5.3905;5.402;11131;900
2026-06-08T13:04:02.0000000Z;5.3915;5.401;900;900
2026-06-08T13:04:03.0000000Z;5.391;5.401;463;900
2026-06-08T13:04:04.0000000Z;5.3915;5.401;900;900
2026-06-08T13:04:05.0000000Z;5.3915;5.401;900;900
2026-06-08T13:04:06.0000000Z;5.3905;5.3975;900;900
2026-06-08T13:04:07.0000000Z;5.387;5.3985;900;11115
2026-06-08T13:04:08.0000000Z;5.387;5.3975;900;900
2026-06-08T13:04:09.0000000Z;5.386;5.3975;464;900
2026-06-08T13:04:10.0000000Z;5.3865;5.3975;900;900
2026-06-08T13:04:11.0000000Z;5.3915;5.3975;2046;900
2026-06-08T13:04:13.0000000Z;5.3865;5.3975;900;900
2026-06-08T13:04:15.0000000Z;5.387;5.397;3535;972
2026-06-08T13:04:17.0000000Z;5.3865;5.398;900;463
2026-06-08T13:04:18.0000000Z;5.3865;5.3975;900;900
2026-06-08T13:04:19.0000000Z;5.3865;5.397;900;972
2026-06-08T13:04:20.0000000Z;5.388;5.397;900;972
2026-06-08T13:04:21.0000000Z;5.388;5.3985;900;11115
2026-06-08T13:04:22.0000000Z;5.388;5.397;900;972
2026-06-08T13:04:23.0000000Z;5.3865;5.3975;900;900
2026-06-08T13:04:24.0000000Z;5.3885;5.3975;3535;900
2026-06-08T13:04:25.0000000Z;5.3875;5.3975;3535;900
2026-06-08T13:04:26.0000000Z;5.3865;5.3975;900;900
2026-06-08T13:04:27.0000000Z;5.3865;5.3975;900;900
2026-06-08T13:04:29.0000000Z;5.387;5.3975;3535;900
2026-06-08T13:04:30.0000000Z;5.387;5.3975;3535;900
2026-06-08T13:04:31.0000000Z;5.387;5.3975;900;900
2026-06-08T13:04:32.0000000Z;5.3875;5.397;3535;972
2026-06-08T13:04:33.0000000Z;5.387;5.3975;900;900
2026-06-08T13:04:34.0000000Z;5.387;5.397;900;972
2026-06-08T13:04:35.0000000Z;5.387;5.3975;900;900
2026-06-08T13:04:36.0000000Z;5.387;5.3975;900;900
2026-06-08T13:04:38.0000000Z;5.3865;5.3975;900;900
2026-06-08T13:04:39.0000000Z;5.3865;5.3975;900;900
2026-06-08T13:04:40.0000000Z;5.3865;5.3975;900;900
2026-06-08T13:04:41.0000000Z;5.3865;5.3975;900;900
2026-06-08T13:04:44.0000000Z;5.3865;5.3975;900;900
2026-06-08T13:04:45.0000000Z;5.3865;5.3975;900;900
2026-06-08T13:04:47.0000000Z;5.3865;5.3975;900;896
2026-06-08T13:04:48.0000000Z;5.3865;5.3975;900;896
2026-06-08T13:04:49.0000000Z;5.3865;5.3975;900;900
2026-06-08T13:04:51.0000000Z;5.3865;5.3975;900;900
2026-06-08T13:04:55.0000000Z;5.3865;5.3975;900;900
2026-06-08T13:04:56.0000000Z;5.387;5.397;3535;972
2026-06-08T13:04:57.0000000Z;5.3865;5.3975;900;900
2026-06-08T13:05:00.0000000Z;5.3865;5.3985;900;11115
2026-06-08T13:05:01.0000000Z;5.3865;5.3975;900;900
2026-06-08T13:05:03.0000000Z;5.3865;5.3985;900;11115
2026-06-08T13:05:04.0000000Z;5.3865;5.3975;900;900
2026-06-08T13:05:05.0000000Z;5.3865;5.397;900;972
2026-06-08T13:05:06.0000000Z;5.388;5.3975;900;900
2026-06-08T13:05:07.0000000Z;5.388;5.3975;900;900
2026-06-08T13:05:08.0000000Z;5.388;5.3975;900;900
2026-06-08T13:05:10.0000000Z;5.388;5.3975;900;900
2026-06-08T13:05:11.0000000Z;5.388;5.397;900;972
2026-06-08T13:05:12.0000000Z;5.387;5.3975;900;900
2026-06-08T13:05:13.0000000Z;5.388;5.3975;3535;900
2026-06-08T13:05:16.0000000Z;5.387;5.3975;900;900
2026-06-08T13:05:17.0000000Z;5.387;5.3975;900;714
2026-06-08T13:05:18.0000000Z;5.387;5.3975;900;900
2026-06-08T13:05:19.0000000Z;5.387;5.3985;900;11115
2026-06-08T13:05:20.0000000Z;5.3895;5.401;900;900
2026-06-08T13:05:21.0000000Z;5.3895;5.401;900;900
2026-06-08T13:05:23.0000000Z;5.3895;5.399;900;9261
2026-06-08T13:05:24.0000000Z;5.3895;5.401;900;900
2026-06-08T13:05:25.0000000Z;5.3895;5.401;900;900
2026-06-08T13:05:26.0000000Z;5.3895;5.399;900;7261
2026-06-08T13:05:27.0000000Z;5.39;5.4005;3535;1000
2026-06-08T13:05:28.0000000Z;5.389;5.401;900;900
2026-06-08T13:05:29.0000000Z;5.3885;5.4005;463;1231
2026-06-08T13:05:31.0000000Z;5.3895;5.401;3535;900
2026-06-08T13:05:35.0000000Z;5.389;5.4;900;898
2026-06-08T13:05:36.0000000Z;5.3885;5.4;13887;1068
2026-06-08T13:05:37.0000000Z;5.3895;5.3985;3535;826
2026-06-08T13:05:38.0000000Z;5.389;5.3985;3535;826
2026-06-08T13:05:39.0000000Z;5.389;5.3985;3535;826
2026-06-08T13:05:42.0000000Z;5.3885;5.3985;3535;826
2026-06-08T13:05:43.0000000Z;5.388;5.3995;900;463
2026-06-08T13:05:44.0000000Z;5.388;5.399;900;900
2026-06-08T13:05:47.0000000Z;5.388;5.399;900;900
2026-06-08T13:05:48.0000000Z;5.388;5.399;900;900
2026-06-08T13:05:49.0000000Z;5.388;5.399;900;900
2026-06-08T13:05:51.0000000Z;5.388;5.399;900;900
2026-06-08T13:05:53.0000000Z;5.388;5.399;900;900
2026-06-08T13:05:55.0000000Z;5.388;5.3985;900;970
2026-06-08T13:05:56.0000000Z;5.388;5.399;900;900
2026-06-08T13:05:57.0000000Z;5.388;5.399;900;900
2026-06-08T13:06:00.0000000Z;5.3875;5.3985;464;970
2026-06-08T13:06:01.0000000Z;5.388;5.399;900;900
2026-06-08T13:06:02.0000000Z;5.3885;5.399;3535;900
2026-06-08T13:06:03.0000000Z;5.388;5.399;900;900
2026-06-08T13:06:04.0000000Z;5.388;5.399;900;900
2026-06-08T13:06:05.0000000Z;5.388;5.399;900;900
2026-06-08T13:06:06.0000000Z;5.388;5.399;900;900
2026-06-08T13:06:08.0000000Z;5.388;5.3985;900;900
2026-06-08T13:06:09.0000000Z;5.388;5.398;900;644
2026-06-08T13:06:11.0000000Z;5.388;5.398;900;644
2026-06-08T13:06:12.0000000Z;5.387;5.4;11138;11112
2026-06-08T13:06:13.0000000Z;5.3885;5.397;3535;433
2026-06-08T13:06:14.0000000Z;5.39;5.397;3535;900
2026-06-08T13:06:15.0000000Z;5.39;5.397;3535;900
2026-06-08T13:06:16.0000000Z;5.3895;5.3985;900;900
2026-06-08T13:06:17.0000000Z;5.3895;5.398;900;315
2026-06-08T13:06:19.0000000Z;5.389;5.399;900;900
2026-06-08T13:06:20.0000000Z;5.389;5.3985;10522;540
2026-06-08T13:06:21.0000000Z;5.3895;5.3985;3535;540
2026-06-08T13:06:22.0000000Z;5.3895;5.3985;3535;540
2026-06-08T13:06:25.0000000Z;5.3895;5.3985;13335;570
2026-06-08T13:06:26.0000000Z;5.389;5.3995;900;463
2026-06-08T13:06:27.0000000Z;5.389;5.399;900;900
2026-06-08T13:06:28.0000000Z;5.395;5.399;900;900
2026-06-08T13:06:29.0000000Z;5.395;5.3995;900;900
2026-06-08T13:06:30.0000000Z;5.395;5.3995;900;900
2026-06-08T13:06:31.0000000Z;5.395;5.3995;900;42500
2026-06-08T13:06:32.0000000Z;5.395;5.399;900;900
2026-06-08T13:06:33.0000000Z;5.395;5.399;42500;42500
2026-06-08T13:06:35.0000000Z;5.395;5.399;900;900
2026-06-08T13:06:37.0000000Z;5.395;5.399;900;900
2026-06-08T13:06:40.0000000Z;5.395;5.3995;900;900
2026-06-08T13:06:41.0000000Z;5.3955;5.3995;2046;42500
2026-06-08T13:06:42.0000000Z;5.3945;5.405;4757;3405
2026-06-08T13:06:43.0000000Z;5.3945;5.406;4757;3386
2026-06-08T13:06:44.0000000Z;5.3955;5.4055;3535;8465
2026-06-08T13:06:45.0000000Z;5.3965;5.4045;3535;286
2026-06-08T13:06:46.0000000Z;5.396;5.405;900;900
2026-06-08T13:06:48.0000000Z;5.396;5.405;900;900
2026-06-08T13:06:49.0000000Z;5.396;5.4045;900;457
2026-06-08T13:06:50.0000000Z;5.395;5.405;11122;900
2026-06-08T13:06:51.0000000Z;5.396;5.405;900;900
2026-06-08T13:06:53.0000000Z;5.396;5.405;900;900
2026-06-08T13:06:54.0000000Z;5.396;5.405;900;900
2026-06-08T13:06:55.0000000Z;5.396;5.405;900;900
2026-06-08T13:06:58.0000000Z;5.3955;5.405;463;900
2026-06-08T13:06:59.0000000Z;5.396;5.4045;900;457
2026-06-08T13:07:00.0000000Z;5.396;5.4045;900;457
2026-06-08T13:07:03.0000000Z;5.396;5.4045;900;457
2026-06-08T13:07:04.0000000Z;5.396;5.405;900;900
2026-06-08T13:07:05.0000000Z;5.3955;5.405;463;900
2026-06-08T13:07:06.0000000Z;5.396;5.405;900;900
2026-06-08T13:07:07.0000000Z;5.3955;5.4045;463;457
2026-06-08T13:07:08.0000000Z;5.396;5.405;900;900
2026-06-08T13:07:09.0000000Z;5.3965;5.404;3535;300
2026-06-08T13:07:10.0000000Z;5.3965;5.404;3535;300
2026-06-08T13:07:11.0000000Z;5.3965;5.404;3535;300
2026-06-08T13:07:13.0000000Z;5.396;5.4045;900;900
2026-06-08T13:07:15.0000000Z;5.396;5.405;900;900
2026-06-08T13:07:16.0000000Z;5.396;5.4045;900;310
2026-06-08T13:07:17.0000000Z;5.396;5.405;900;900
2026-06-08T13:07:18.0000000Z;5.396;5.405;900;900
2026-06-08T13:07:19.0000000Z;5.396;5.405;900;900
2026-06-08T13:07:20.0000000Z;5.396;5.405;900;880
2026-06-08T13:07:22.0000000Z;5.396;5.4045;900;310
2026-06-08T13:07:25.0000000Z;5.394;5.4045;1903;791
2026-06-08T13:07:26.0000000Z;5.396;5.4025;3535;42704
2026-06-08T13:07:27.0000000Z;5.396;5.4025;3535;900
2026-06-08T13:07:30.0000000Z;5.396;5.4025;3535;42704
2026-06-08T13:07:31.0000000Z;5.396;5.4025;3535;42704
2026-06-08T13:07:32.0000000Z;5.3955;5.4025;900;42704
2026-06-08T13:07:33.0000000Z;5.396;5.4035;3535;11104
2026-06-08T13:07:34.0000000Z;5.395;5.4015;900;900
2026-06-08T13:07:35.0000000Z;5.3955;5.4015;3535;42500
2026-06-08T13:07:36.0000000Z;5.3955;5.4015;900;900
2026-06-08T13:07:37.0000000Z;5.3955;5.4015;900;900
2026-06-08T13:07:38.0000000Z;5.3955;5.4015;900;42500
2026-06-08T13:07:39.0000000Z;5.3955;5.4015;900;900
2026-06-08T13:07:40.0000000Z;5.396;5.46;463;91
2026-06-08T13:07:41.0000000Z;5.401;5.4015;3535;42500
2026-06-08T13:07:42.0000000Z;5.4015;5.4075;900;900
2026-06-08T13:07:43.0000000Z;5.4015;5.4075;900;900
2026-06-08T13:07:44.0000000Z;5.3965;5.4075;11119;900
2026-06-08T13:07:45.0000000Z;5.3975;5.4075;900;900
2026-06-08T13:07:46.0000000Z;5.3985;5.4075;900;900
2026-06-08T13:07:47.0000000Z;5.399;5.407;3535;284
2026-06-08T13:07:49.0000000Z;5.3985;5.4075;900;900
2026-06-08T13:07:51.0000000Z;5.3985;5.4075;900;900
2026-06-08T13:07:52.0000000Z;5.3985;5.4075;900;900
2026-06-08T13:07:55.0000000Z;5.3985;5.4075;900;900
2026-06-08T13:07:56.0000000Z;5.3985;5.4075;900;900
2026-06-08T13:07:57.0000000Z;5.3985;5.407;900;479
2026-06-08T13:07:58.0000000Z;5.3985;5.4075;900;900
2026-06-08T13:08:00.0000000Z;5.3985;5.407;900;479
2026-06-08T13:08:01.0000000Z;5.3985;5.407;900;479
2026-06-08T13:08:03.0000000Z;5.399;5.4075;3535;900
2026-06-08T13:08:04.0000000Z;5.399;5.407;3535;479
2026-06-08T13:08:05.0000000Z;5.399;5.4075;3535;900
2026-06-08T13:08:06.0000000Z;5.3985;5.4075;900;900
2026-06-08T13:08:08.0000000Z;5.3985;5.4075;900;900
2026-06-08T13:08:09.0000000Z;5.3985;5.4075;900;900
2026-06-08T13:08:10.0000000Z;5.3985;5.4075;900;900
2026-06-08T13:08:12.0000000Z;5.3985;5.4075;900;900
2026-06-08T13:08:13.0000000Z;5.3985;5.4075;900;900
2026-06-08T13:08:17.0000000Z;5.3975;5.4075;11117;900
2026-06-08T13:08:18.0000000Z;5.3985;5.4075;900;900
2026-06-08T13:08:19.0000000Z;5.3985;5.4075;900;900
2026-06-08T13:08:20.0000000Z;5.3985;5.4075;900;900
2026-06-08T13:08:21.0000000Z;5.3985;5.4075;900;900
2026-06-08T13:08:27.0000000Z;5.3985;5.4075;900;900
2026-06-08T13:08:32.0000000Z;5.399;5.407;3535;479
2026-06-08T13:08:33.0000000Z;5.3985;5.4045;900;900
2026-06-08T13:08:35.0000000Z;5.399;5.4045;3535;900
2026-06-08T13:08:37.0000000Z;5.3955;5.4045;900;900
2026-06-08T13:08:38.0000000Z;5.396;5.404;3535;645
2026-06-08T13:08:39.0000000Z;5.3955;5.4045;900;900
2026-06-08T13:08:40.0000000Z;5.3955;5.404;900;645
2026-06-08T13:08:41.0000000Z;5.3955;5.404;900;645
2026-06-08T13:08:44.0000000Z;5.3955;5.4045;900;900
2026-06-08T13:08:45.0000000Z;5.3945;5.4045;4757;900
2026-06-08T13:08:46.0000000Z;5.396;5.4045;3535;900
2026-06-08T13:08:47.0000000Z;5.396;5.4045;3535;900
2026-06-08T13:08:48.0000000Z;5.3955;5.4045;900;900
2026-06-08T13:08:49.0000000Z;5.3955;5.4045;900;900
2026-06-08T13:08:50.0000000Z;5.3955;5.4045;900;900
2026-06-08T13:08:51.0000000Z;5.3955;5.4045;900;900
2026-06-08T13:08:53.0000000Z;5.3955;5.4045;900;900
2026-06-08T13:08:55.0000000Z;5.3955;5.405;900;462
2026-06-08T13:08:56.0000000Z;5.3945;5.4035;4757;8465
2026-06-08T13:08:57.0000000Z;5.3955;5.4025;900;900
2026-06-08T13:08:58.0000000Z;5.3955;5.4025;900;42500
2026-06-08T13:09:00.0000000Z;5.396;5.4025;3535;42500
2026-06-08T13:09:01.0000000Z;5.3955;5.4035;900;900
2026-06-08T13:09:02.0000000Z;5.3955;5.4035;900;900
2026-06-08T13:09:03.0000000Z;5.3955;5.4035;900;900
2026-06-08T13:09:04.0000000Z;5.3955;5.4035;900;900
2026-06-08T13:09:05.0000000Z;5.3955;5.4035;900;900
2026-06-08T13:09:07.0000000Z;5.3955;5.4035;900;900
2026-06-08T13:09:08.0000000Z;5.3955;5.403;900;9566
2026-06-08T13:09:09.0000000Z;5.3955;5.4045;900;12002
2026-06-08T13:09:10.0000000Z;5.3955;5.403;900;311
2026-06-08T13:09:11.0000000Z;5.398;5.4035;3535;42500
2026-06-08T13:09:12.0000000Z;5.3975;5.4055;900;900
2026-06-08T13:09:13.0000000Z;5.3975;5.4085;900;900
2026-06-08T13:09:14.0000000Z;5.3995;5.4095;900;900
2026-06-08T13:09:15.0000000Z;5.3995;5.4095;900;900
2026-06-08T13:09:16.0000000Z;5.3995;5.405;900;9251
2026-06-08T13:09:17.0000000Z;5.4;5.4095;3535;900
2026-06-08T13:09:18.0000000Z;5.3995;5.4095;900;900
2026-06-08T13:09:20.0000000Z;5.4;5.409;3535;590
2026-06-08T13:09:21.0000000Z;5.3995;5.4095;900;900
2026-06-08T13:09:22.0000000Z;5.3995;5.4095;900;900
2026-06-08T13:09:23.0000000Z;5.4;5.409;3535;590
2026-06-08T13:09:24.0000000Z;5.3995;5.4095;900;697
2026-06-08T13:09:25.0000000Z;5.3995;5.4105;900;11990
2026-06-08T13:09:28.0000000Z;5.3995;5.41;900;949
2026-06-08T13:09:30.0000000Z;5.401;5.4105;3535;11990
2026-06-08T13:09:31.0000000Z;5.3995;5.4095;900;771
2026-06-08T13:09:32.0000000Z;5.4;5.4095;3535;974
2026-06-08T13:09:33.0000000Z;5.3995;5.4095;900;900
2026-06-08T13:09:34.0000000Z;5.3995;5.4095;900;900
2026-06-08T13:09:35.0000000Z;5.3995;5.4105;900;11090
2026-06-08T13:09:36.0000000Z;5.3995;5.4095;900;900
2026-06-08T13:09:37.0000000Z;5.3995;5.409;900;590
2026-06-08T13:09:38.0000000Z;5.3995;5.4095;900;900
2026-06-08T13:09:39.0000000Z;5.3995;5.409;900;590
2026-06-08T13:09:40.0000000Z;5.3995;5.4095;900;900
2026-06-08T13:09:41.0000000Z;5.3995;5.4095;900;900
2026-06-08T13:09:42.0000000Z;5.3995;5.41;900;900
2026-06-08T13:09:43.0000000Z;5.3995;5.41;900;900
2026-06-08T13:09:45.0000000Z;5.3995;5.4095;900;771
2026-06-08T13:09:47.0000000Z;5.401;5.4095;3535;771
2026-06-08T13:09:48.0000000Z;5.3995;5.4105;900;11990
2026-06-08T13:09:51.0000000Z;5.3995;5.41;900;949
2026-06-08T13:09:54.0000000Z;5.4;5.4095;3535;771
2026-06-08T13:09:55.0000000Z;5.3995;5.4095;900;900
2026-06-08T13:09:56.0000000Z;5.4;5.409;3535;590
2026-06-08T13:09:57.0000000Z;5.3995;5.409;900;835
2026-06-08T13:09:58.0000000Z;5.399;5.4095;900;900
2026-06-08T13:09:59.0000000Z;5.3995;5.409;3535;835
2026-06-08T13:10:00.0000000Z;5.399;5.4095;900;900
2026-06-08T13:10:01.0000000Z;5.399;5.409;900;835
2026-06-08T13:10:02.0000000Z;5.399;5.409;900;835
2026-06-08T13:10:03.0000000Z;5.3995;5.409;3535;835
2026-06-08T13:10:04.0000000Z;5.399;5.4095;900;900
2026-06-08T13:10:05.0000000Z;5.399;5.4095;900;900
2026-06-08T13:10:06.0000000Z;5.399;5.409;900;835
2026-06-08T13:10:07.0000000Z;5.399;5.4095;900;900
2026-06-08T13:10:08.0000000Z;5.399;5.4095;900;900
2026-06-08T13:10:09.0000000Z;5.399;5.4095;900;900
2026-06-08T13:10:10.0000000Z;5.399;5.4095;900;900
2026-06-08T13:10:11.0000000Z;5.399;5.4095;900;900
2026-06-08T13:10:13.0000000Z;5.401;5.4105;3535;11090
2026-06-08T13:10:14.0000000Z;5.4005;5.4095;900;900
2026-06-08T13:10:15.0000000Z;5.4005;5.4095;900;900
2026-06-08T13:10:16.0000000Z;5.401;5.409;3535;835
2026-06-08T13:10:17.0000000Z;5.399;5.4095;900;900
2026-06-08T13:10:19.0000000Z;5.399;5.4095;900;900
2026-06-08T13:10:20.0000000Z;5.399;5.4095;900;900
2026-06-08T13:10:21.0000000Z;5.399;5.4095;900;900
2026-06-08T13:10:22.0000000Z;5.399;5.4095;900;900
2026-06-08T13:10:26.0000000Z;5.399;5.4095;900;900
2026-06-08T13:10:28.0000000Z;5.399;5.4095;900;900
2026-06-08T13:10:29.0000000Z;5.399;5.409;900;835
2026-06-08T13:10:31.0000000Z;5.399;5.4095;900;900
2026-06-08T13:10:32.0000000Z;5.399;5.4095;900;900
2026-06-08T13:10:33.0000000Z;5.3995;5.4095;3535;900
2026-06-08T13:10:34.0000000Z;5.399;5.4095;900;900
2026-06-08T13:10:37.0000000Z;5.399;5.4095;900;900
2026-06-08T13:10:38.0000000Z;5.399;5.4095;900;900
2026-06-08T13:10:41.0000000Z;5.399;5.409;900;835
2026-06-08T13:10:42.0000000Z;5.3995;5.4075;3535;42904
2026-06-08T13:10:43.0000000Z;5.399;5.4075;900;42500
2026-06-08T13:10:44.0000000Z;5.3995;5.4075;3535;42500
2026-06-08T13:10:45.0000000Z;5.399;5.4085;900;900
2026-06-08T13:10:46.0000000Z;5.399;5.405;900;42500
2026-06-08T13:10:47.0000000Z;5.3995;5.405;3535;42500
2026-06-08T13:10:49.0000000Z;5.4;5.405;3177;42500
2026-06-08T13:10:50.0000000Z;5.395;5.405;6628;900
2026-06-08T13:10:51.0000000Z;5.399;5.405;3075;900
2026-06-08T13:10:52.0000000Z;5.396;5.406;900;11099
2026-06-08T13:10:53.0000000Z;5.3965;5.406;3535;11099
2026-06-08T13:10:54.0000000Z;5.396;5.4045;900;671
2026-06-08T13:10:55.0000000Z;5.396;5.405;900;900
2026-06-08T13:10:56.0000000Z;5.396;5.405;900;900
2026-06-08T13:10:57.0000000Z;5.396;5.405;900;900
2026-06-08T13:10:58.0000000Z;5.3965;5.4045;3535;671
2026-06-08T13:10:59.0000000Z;5.395;5.4045;713;671
2026-06-08T13:10:59.0000000Z;5.396;5.405;900;900
2026-06-08T13:11:00.0000000Z;5.396;5.405;900;900
2026-06-08T13:11:01.0000000Z;5.396;5.405;900;900
2026-06-08T13:11:02.0000000Z;5.396;5.405;900;900
2026-06-08T13:11:03.0000000Z;5.396;5.405;900;900
2026-06-08T13:11:04.0000000Z;5.396;5.405;900;900
2026-06-08T13:11:05.0000000Z;5.396;5.405;900;900
2026-06-08T13:11:06.0000000Z;5.396;5.405;900;900
2026-06-08T13:11:07.0000000Z;5.396;5.405;900;900
2026-06-08T13:11:08.0000000Z;5.396;5.405;900;881
2026-06-08T13:11:09.0000000Z;5.396;5.405;900;881
2026-06-08T13:11:13.0000000Z;5.396;5.405;900;881
2026-06-08T13:11:14.0000000Z;5.396;5.4045;900;671
2026-06-08T13:11:17.0000000Z;5.396;5.405;900;900
2026-06-08T13:11:18.0000000Z;5.396;5.405;900;900
2026-06-08T13:11:19.0000000Z;5.396;5.405;900;900
2026-06-08T13:11:22.0000000Z;5.395;5.405;250;900
2026-06-08T13:11:23.0000000Z;5.395;5.406;250;11099
2026-06-08T13:11:24.0000000Z;5.396;5.405;900;900
2026-06-08T13:11:25.0000000Z;5.3965;5.4045;3535;671
2026-06-08T13:11:26.0000000Z;5.396;5.4045;900;671
2026-06-08T13:11:28.0000000Z;5.395;5.406;6165;11099
2026-06-08T13:11:29.0000000Z;5.396;5.405;900;22952
2026-06-08T13:11:30.0000000Z;5.3965;5.404;900;900
2026-06-08T13:11:31.0000000Z;5.3965;5.404;900;900
2026-06-08T13:11:35.0000000Z;5.3965;5.404;900;900
2026-06-08T13:11:36.0000000Z;5.3965;5.4035;900;310
2026-06-08T13:11:37.0000000Z;5.397;5.4035;3535;310
2026-06-08T13:11:38.0000000Z;5.3965;5.4035;3535;310
2026-06-08T13:11:40.0000000Z;5.396;5.404;900;900
2026-06-08T13:11:41.0000000Z;5.396;5.404;900;900
2026-06-08T13:11:43.0000000Z;5.396;5.404;900;900
2026-06-08T13:11:44.0000000Z;5.396;5.404;900;900
2026-06-08T13:11:46.0000000Z;5.3955;5.404;463;900
2026-06-08T13:11:47.0000000Z;5.396;5.404;900;900
2026-06-08T13:11:48.0000000Z;5.396;5.404;900;900
2026-06-08T13:11:50.0000000Z;5.396;5.404;900;900
2026-06-08T13:11:51.0000000Z;5.396;5.404;900;900
2026-06-08T13:11:52.0000000Z;5.396;5.4035;900;310
2026-06-08T13:11:54.0000000Z;5.396;5.404;900;900
2026-06-08T13:11:55.0000000Z;5.3965;5.4035;3535;310
2026-06-08T13:11:58.0000000Z;5.396;5.4035;900;310
2026-06-08T13:11:59.0000000Z;5.398;5.4105;3535;462
2026-06-08T13:12:00.0000000Z;5.399;5.4095;900;11092
2026-06-08T13:12:01.0000000Z;5.4;5.4095;3535;11092
2026-06-08T13:12:02.0000000Z;5.4005;5.409;900;900
2026-06-08T13:12:03.0000000Z;5.401;5.408;3535;337
2026-06-08T13:12:04.0000000Z;5.399;5.409;900;900
2026-06-08T13:12:05.0000000Z;5.399;5.409;900;900
2026-06-08T13:12:06.0000000Z;5.3995;5.409;3535;900
2026-06-08T13:12:07.0000000Z;5.399;5.408;900;410
2026-06-08T13:12:08.0000000Z;5.399;5.408;900;410
2026-06-08T13:12:10.0000000Z;5.399;5.4085;900;900
2026-06-08T13:12:11.0000000Z;5.3985;5.409;3386;19067
2026-06-08T13:12:12.0000000Z;5.401;5.408;900;900
2026-06-08T13:12:15.0000000Z;5.402;5.4095;3535;900
2026-06-08T13:12:16.0000000Z;5.4015;5.4095;900;900
2026-06-08T13:12:17.0000000Z;5.401;5.409;900;349
2026-06-08T13:12:18.0000000Z;5.4015;5.409;3535;349
2026-06-08T13:12:19.0000000Z;5.4015;5.4095;3535;900
2026-06-08T13:12:20.0000000Z;5.401;5.409;900;349
2026-06-08T13:12:21.0000000Z;5.401;5.4095;900;900
2026-06-08T13:12:22.0000000Z;5.401;5.409;900;349
2026-06-08T13:12:23.0000000Z;5.401;5.4095;900;900
2026-06-08T13:12:24.0000000Z;5.401;5.4095;900;900
2026-06-08T13:12:25.0000000Z;5.401;5.4095;900;900
2026-06-08T13:12:28.0000000Z;5.401;5.4095;900;900
2026-06-08T13:12:30.0000000Z;5.401;5.41;900;462
2026-06-08T13:12:31.0000000Z;5.401;5.4095;900;900
2026-06-08T13:12:32.0000000Z;5.401;5.4095;900;900
2026-06-08T13:12:35.0000000Z;5.401;5.4095;900;900
2026-06-08T13:12:40.0000000Z;5.401;5.41;900;900
2026-06-08T13:12:42.0000000Z;5.401;5.4105;900;11990
2026-06-08T13:12:43.0000000Z;5.401;5.4105;900;11090
2026-06-08T13:12:44.0000000Z;5.401;5.4095;900;305
2026-06-08T13:12:48.0000000Z;5.401;5.4095;900;305
2026-06-08T13:12:52.0000000Z;5.4025;5.4105;900;11990
2026-06-08T13:12:53.0000000Z;5.4025;5.4105;900;11990
2026-06-08T13:12:54.0000000Z;5.4025;5.4105;900;11990
2026-06-08T13:12:55.0000000Z;5.403;5.41;3535;305
2026-06-08T13:12:56.0000000Z;5.4035;5.4105;13335;51742
2026-06-08T13:12:57.0000000Z;5.404;5.4135;900;900
2026-06-08T13:12:58.0000000Z;5.404;5.4135;900;429
2026-06-08T13:12:59.0000000Z;5.404;5.4145;900;900
2026-06-08T13:12:59.0000000Z;5.404;5.4145;900;900
2026-06-08T13:13:00.0000000Z;5.404;5.4135;900;42929
2026-06-08T13:13:01.0000000Z;5.404;5.4135;900;429
2026-06-08T13:13:02.0000000Z;5.404;5.4145;900;900
2026-06-08T13:13:03.0000000Z;5.404;5.4145;900;900
2026-06-08T13:13:04.0000000Z;5.404;5.414;900;659
2026-06-08T13:13:05.0000000Z;5.403;5.415;38251;3386
2026-06-08T13:13:06.0000000Z;5.4045;5.4125;3535;279
2026-06-08T13:13:07.0000000Z;5.404;5.413;900;900
2026-06-08T13:13:08.0000000Z;5.404;5.4135;900;461
2026-06-08T13:13:09.0000000Z;5.404;5.4125;900;474
2026-06-08T13:13:10.0000000Z;5.404;5.4145;900;900
2026-06-08T13:13:11.0000000Z;5.404;5.414;900;707
2026-06-08T13:13:12.0000000Z;5.404;5.4135;900;900
2026-06-08T13:13:13.0000000Z;5.403;5.4135;11105;900
2026-06-08T13:13:14.0000000Z;5.404;5.413;900;577
2026-06-08T13:13:17.0000000Z;5.404;5.4135;900;900
2026-06-08T13:13:18.0000000Z;5.404;5.413;900;577
2026-06-08T13:13:19.0000000Z;5.404;5.413;900;900
2026-06-08T13:13:20.0000000Z;5.404;5.413;900;900
2026-06-08T13:13:21.0000000Z;5.4045;5.4125;3535;420
2026-06-08T13:13:22.0000000Z;5.404;5.414;900;461
2026-06-08T13:13:23.0000000Z;5.404;5.413;900;900
2026-06-08T13:13:24.0000000Z;5.404;5.4135;900;900
2026-06-08T13:13:25.0000000Z;5.404;5.4135;900;900
2026-06-08T13:13:28.0000000Z;5.4045;5.4135;3535;900
2026-06-08T13:13:29.0000000Z;5.4045;5.4135;3535;900
2026-06-08T13:13:30.0000000Z;5.404;5.4145;900;11082
2026-06-08T13:13:31.0000000Z;5.4045;5.4145;3535;11082
2026-06-08T13:13:32.0000000Z;5.404;5.4135;900;900
2026-06-08T13:13:33.0000000Z;5.404;5.4135;900;900
2026-06-08T13:13:34.0000000Z;5.404;5.413;900;430
2026-06-08T13:13:35.0000000Z;5.404;5.4145;900;11082
2026-06-08T13:13:36.0000000Z;5.404;5.413;900;430
2026-06-08T13:13:37.0000000Z;5.4065;5.4145;3535;11082
2026-06-08T13:13:38.0000000Z;5.404;5.413;462;430
2026-06-08T13:13:39.0000000Z;5.404;5.413;900;430
2026-06-08T13:13:42.0000000Z;5.4045;5.413;3535;430
2026-06-08T13:13:44.0000000Z;5.4045;5.414;13335;900
2026-06-08T13:13:45.0000000Z;5.404;5.414;900;900
2026-06-08T13:13:46.0000000Z;5.404;5.414;900;900
2026-06-08T13:13:47.0000000Z;5.404;5.4145;900;11082
2026-06-08T13:13:48.0000000Z;5.404;5.414;900;900
2026-06-08T13:13:49.0000000Z;5.4045;5.4135;3535;610
2026-06-08T13:13:51.0000000Z;5.404;5.413;900;430
2026-06-08T13:13:53.0000000Z;5.404;5.4145;900;11082
2026-06-08T13:13:54.0000000Z;5.404;5.414;900;790
2026-06-08T13:13:55.0000000Z;5.404;5.4135;900;900
2026-06-08T13:13:56.0000000Z;5.404;5.413;900;430
2026-06-08T13:13:57.0000000Z;5.404;5.413;900;430
2026-06-08T13:13:58.0000000Z;5.4045;5.413;3535;430
2026-06-08T13:14:00.0000000Z;5.404;5.4145;900;11082
2026-06-08T13:14:01.0000000Z;5.404;5.4135;900;900
2026-06-08T13:14:02.0000000Z;5.404;5.4135;900;900
2026-06-08T13:14:03.0000000Z;5.4045;5.413;3535;430
2026-06-08T13:14:04.0000000Z;5.404;5.413;900;577
2026-06-08T13:14:05.0000000Z;5.404;5.412;3535;738
2026-06-08T13:14:06.0000000Z;5.402;5.4125;10520;880
2026-06-08T13:14:07.0000000Z;5.4035;5.412;900;738
2026-06-08T13:14:08.0000000Z;5.404;5.412;3535;957
2026-06-08T13:14:09.0000000Z;5.402;5.4105;3535;432
2026-06-08T13:14:10.0000000Z;5.4015;5.412;900;812
2026-06-08T13:14:11.0000000Z;5.402;5.412;3535;979
2026-06-08T13:14:12.0000000Z;5.399;5.409;900;433
2026-06-08T13:14:13.0000000Z;5.399;5.409;900;900
2026-06-08T13:14:14.0000000Z;5.3995;5.4085;3535;540
2026-06-08T13:14:15.0000000Z;5.395;5.4075;11367;11096
2026-06-08T13:14:16.0000000Z;5.396;5.4065;900;900
2026-06-08T13:14:17.0000000Z;5.396;5.4045;900;900
2026-06-08T13:14:18.0000000Z;5.396;5.4025;900;900
2026-06-08T13:14:19.0000000Z;5.396;5.4025;900;900
2026-06-08T13:14:20.0000000Z;5.3965;5.4025;2982;42500
2026-06-08T13:14:22.0000000Z;5.396;5.4025;900;900
2026-06-08T13:14:23.0000000Z;5.396;5.4025;900;900
2026-06-08T13:14:24.0000000Z;5.3965;5.4025;3535;42500
2026-06-08T13:14:25.0000000Z;5.3965;5.4025;3535;42500
2026-06-08T13:14:27.0000000Z;5.396;5.4025;900;900
2026-06-08T13:14:28.0000000Z;5.396;5.4035;900;11104
2026-06-08T13:14:29.0000000Z;5.396;5.4035;21333;12004
2026-06-08T13:14:30.0000000Z;5.396;5.4035;900;12004
2026-06-08T13:14:31.0000000Z;5.396;5.4035;900;12004
2026-06-08T13:14:32.0000000Z;5.396;5.4035;900;12004
2026-06-08T13:14:33.0000000Z;5.396;5.4035;900;12004
2026-06-08T13:14:34.0000000Z;5.396;5.4035;900;12004
2026-06-08T13:14:35.0000000Z;5.396;5.4035;900;12004
2026-06-08T13:14:36.0000000Z;5.3965;5.403;3535;141
2026-06-08T13:14:37.0000000Z;5.397;5.403;900;418
2026-06-08T13:14:38.0000000Z;5.3965;5.4025;3535;291
2026-06-08T13:14:39.0000000Z;5.3965;5.403;3535;5400
2026-06-08T13:14:40.0000000Z;5.396;5.4025;900;291
2026-06-08T13:14:41.0000000Z;5.396;5.4015;900;900
2026-06-08T13:14:42.0000000Z;5.396;5.4015;900;900
2026-06-08T13:14:43.0000000Z;5.396;5.4015;900;900
2026-06-08T13:14:44.0000000Z;5.396;5.4025;900;11106
2026-06-08T13:14:45.0000000Z;5.395;5.4015;250;900
2026-06-08T13:14:46.0000000Z;5.396;5.4015;900;900
2026-06-08T13:14:48.0000000Z;5.396;5.4015;900;900
2026-06-08T13:14:49.0000000Z;5.3965;5.4015;3535;900
2026-06-08T13:14:50.0000000Z;5.396;5.4015;900;900
2026-06-08T13:14:51.0000000Z;5.396;5.4015;900;900
2026-06-08T13:14:52.0000000Z;5.395;5.4015;250;900
2026-06-08T13:14:53.0000000Z;5.396;5.4015;900;900
2026-06-08T13:14:54.0000000Z;5.396;5.4015;900;900
2026-06-08T13:14:58.0000000Z;5.395;5.4015;250;900
2026-06-08T13:14:59.0000000Z;5.396;5.4015;900;900
2026-06-08T13:15:00.0000000Z;5.396;5.401;900;900
2026-06-08T13:15:01.0000000Z;5.396;5.402;900;900
2026-06-08T13:15:03.0000000Z;5.3965;5.402;3535;42500
2026-06-08T13:15:04.0000000Z;5.396;5.402;900;900
2026-06-08T13:15:05.0000000Z;5.396;5.402;900;900
2026-06-08T13:15:06.0000000Z;5.396;5.4025;900;900
2026-06-08T13:15:07.0000000Z;5.396;5.402;900;900
2026-06-08T13:15:08.0000000Z;5.396;5.402;900;900
2026-06-08T13:15:09.0000000Z;5.396;5.402;900;900
2026-06-08T13:15:10.0000000Z;5.3965;5.402;3535;900
2026-06-08T13:15:11.0000000Z;5.396;5.402;900;42500
2026-06-08T13:15:12.0000000Z;5.396;5.4025;900;900
2026-06-08T13:15:13.0000000Z;5.3965;5.4025;3535;52046
2026-06-08T13:15:14.0000000Z;5.396;5.4025;900;900
2026-06-08T13:15:15.0000000Z;5.396;5.402;900;900
2026-06-08T13:15:16.0000000Z;5.396;5.402;900;900
2026-06-08T13:15:18.0000000Z;5.396;5.402;900;900
2026-06-08T13:15:20.0000000Z;5.396;5.402;900;900
2026-06-08T13:15:21.0000000Z;5.396;5.402;900;900
2026-06-08T13:15:24.0000000Z;5.396;5.402;900;900
2026-06-08T13:15:25.0000000Z;5.396;5.402;900;42500
2026-06-08T13:15:27.0000000Z;5.396;5.402;900;42500
2026-06-08T13:15:28.0000000Z;5.395;5.402;250;900
2026-06-08T13:15:29.0000000Z;5.396;5.402;900;900
2026-06-08T13:15:30.0000000Z;5.396;5.402;900;900
2026-06-08T13:15:31.0000000Z;5.396;5.402;900;900
2026-06-08T13:15:32.0000000Z;5.396;5.402;900;900
2026-06-08T13:15:34.0000000Z;5.396;5.402;900;900
2026-06-08T13:15:35.0000000Z;5.396;5.402;900;900
2026-06-08T13:15:36.0000000Z;5.396;5.402;900;900
2026-06-08T13:15:37.0000000Z;5.396;5.402;900;900
2026-06-08T13:15:39.0000000Z;5.396;5.402;900;900
2026-06-08T13:15:42.0000000Z;5.396;5.402;900;900
2026-06-08T13:15:45.0000000Z;5.396;5.402;900;42500
2026-06-08T13:15:46.0000000Z;5.396;5.402;900;900
2026-06-08T13:15:47.0000000Z;5.396;5.402;900;900
2026-06-08T13:15:48.0000000Z;5.396;5.402;900;900
2026-06-08T13:15:49.0000000Z;5.396;5.402;900;900
2026-06-08T13:15:53.0000000Z;5.396;5.402;900;42500
2026-06-08T13:15:54.0000000Z;5.396;5.402;900;900
2026-06-08T13:15:55.0000000Z;5.396;5.402;900;900
2026-06-08T13:15:57.0000000Z;5.3965;5.402;3535;900
2026-06-08T13:15:58.0000000Z;5.395;5.403;250;11105
2026-06-08T13:15:59.0000000Z;5.396;5.401;900;42500
2026-06-08T13:16:00.0000000Z;5.396;5.401;900;42500
2026-06-08T13:16:01.0000000Z;5.396;5.4015;900;9257
2026-06-08T13:16:02.0000000Z;5.396;5.402;900;900
2026-06-08T13:16:03.0000000Z;5.396;5.4055;900;900
2026-06-08T13:16:04.0000000Z;5.3955;5.4065;11121;11098
2026-06-08T13:16:05.0000000Z;5.3955;5.4015;11121;9257
2026-06-08T13:16:06.0000000Z;5.3965;5.4055;900;10520
2026-06-08T13:16:07.0000000Z;5.3965;5.4015;900;9257
2026-06-08T13:16:08.0000000Z;5.397;5.405;3535;309
2026-06-08T13:16:09.0000000Z;5.3965;5.4055;900;900
2026-06-08T13:16:10.0000000Z;5.3965;5.4055;900;900
2026-06-08T13:16:11.0000000Z;5.3965;5.4045;900;286
2026-06-08T13:16:12.0000000Z;5.3965;5.4045;900;900
2026-06-08T13:16:13.0000000Z;5.3965;5.4045;900;900
2026-06-08T13:16:14.0000000Z;5.3965;5.4045;900;900
2026-06-08T13:16:15.0000000Z;5.397;5.4045;3535;900
2026-06-08T13:16:16.0000000Z;5.3965;5.4045;900;900
2026-06-08T13:16:17.0000000Z;5.3965;5.4045;900;42943
2026-06-08T13:16:20.0000000Z;5.3965;5.4045;900;900
2026-06-08T13:16:21.0000000Z;5.397;5.4045;3535;42943
2026-06-08T13:16:22.0000000Z;5.3965;5.4045;900;900
2026-06-08T13:16:23.0000000Z;5.3965;5.405;900;900
2026-06-08T13:16:24.0000000Z;5.3965;5.4045;900;443
2026-06-08T13:16:25.0000000Z;5.3975;5.4045;3535;443
2026-06-08T13:16:26.0000000Z;5.397;5.4045;900;900
2026-06-08T13:16:28.0000000Z;5.3965;5.4045;900;900
2026-06-08T13:16:29.0000000Z;5.3965;5.4045;900;900
2026-06-08T13:16:30.0000000Z;5.397;5.404;3535;202
2026-06-08T13:16:31.0000000Z;5.3965;5.4045;900;900
2026-06-08T13:16:32.0000000Z;5.3965;5.4045;900;900
2026-06-08T13:16:34.0000000Z;5.3965;5.4045;900;900
2026-06-08T13:16:35.0000000Z;5.3965;5.4055;900;11100
2026-06-08T13:16:36.0000000Z;5.3965;5.4045;900;900
2026-06-08T13:16:37.0000000Z;5.3965;5.4045;900;900
2026-06-08T13:16:41.0000000Z;5.397;5.404;3535;202
2026-06-08T13:16:42.0000000Z;5.3965;5.4045;900;900
2026-06-08T13:16:44.0000000Z;5.3965;5.4045;900;900
2026-06-08T13:16:45.0000000Z;5.3965;5.4045;900;900
2026-06-08T13:16:47.0000000Z;5.3965;5.4045;900;900
2026-06-08T13:16:48.0000000Z;5.3965;5.404;900;202
2026-06-08T13:16:49.0000000Z;5.3965;5.4045;900;900
2026-06-08T13:16:51.0000000Z;5.3965;5.4045;900;900
2026-06-08T13:16:52.0000000Z;5.3965;5.4045;900;900
2026-06-08T13:16:54.0000000Z;5.3965;5.4045;900;900
2026-06-08T13:16:55.0000000Z;5.3965;5.4045;900;900
2026-06-08T13:16:56.0000000Z;5.397;5.404;3535;202
2026-06-08T13:16:58.0000000Z;5.3955;5.4045;11121;900
2026-06-08T13:16:59.0000000Z;5.3965;5.4045;900;900
2026-06-08T13:17:01.0000000Z;5.395;5.403;250;900
2026-06-08T13:17:02.0000000Z;5.397;5.402;1594;8465
2026-06-08T13:17:03.0000000Z;5.396;5.4015;900;900
2026-06-08T13:17:04.0000000Z;5.396;5.4015;900;900
2026-06-08T13:17:05.0000000Z;5.396;5.4015;900;900
2026-06-08T13:17:07.0000000Z;5.396;5.4015;900;900
2026-06-08T13:17:08.0000000Z;5.396;5.4015;900;900
2026-06-08T13:17:09.0000000Z;5.396;5.4015;900;900
2026-06-08T13:17:10.0000000Z;5.3965;5.4015;2940;900
2026-06-08T13:17:11.0000000Z;5.3955;5.4015;900;42500
2026-06-08T13:17:12.0000000Z;5.395;5.4005;250;900
2026-06-08T13:17:13.0000000Z;5.395;5.4005;1150;900
2026-06-08T13:17:14.0000000Z;5.395;5.4005;1150;900
2026-06-08T13:17:15.0000000Z;5.396;5.4005;2353;900
2026-06-08T13:17:16.0000000Z;5.395;5.4005;250;900
2026-06-08T13:17:17.0000000Z;5.395;5.4005;1150;900
2026-06-08T13:17:18.0000000Z;5.395;5.4005;1150;900
2026-06-08T13:17:19.0000000Z;5.3955;5.4005;2555;900
2026-06-08T13:17:20.0000000Z;5.395;5.4005;1150;900
2026-06-08T13:17:22.0000000Z;5.395;5.4015;1150;11109
2026-06-08T13:17:23.0000000Z;5.395;5.4005;250;900
2026-06-08T13:17:24.0000000Z;5.395;5.4005;1150;900
2026-06-08T13:17:25.0000000Z;5.395;5.4005;1150;42500
2026-06-08T13:17:26.0000000Z;5.395;5.4005;1150;900
2026-06-08T13:17:27.0000000Z;5.395;5.4005;1150;900
2026-06-08T13:17:28.0000000Z;5.3955;5.4005;3535;42500
2026-06-08T13:17:29.0000000Z;5.395;5.4005;42500;42500
2026-06-08T13:17:30.0000000Z;5.395;5.4005;42500;52300
2026-06-08T13:17:31.0000000Z;5.394;5.3985;1903;42500
2026-06-08T13:17:32.0000000Z;5.394;5.3965;1903;900
2026-06-08T13:17:33.0000000Z;5.394;5.3965;1903;900
2026-06-08T13:17:34.0000000Z;5.394;5.3965;1903;900
2026-06-08T13:17:35.0000000Z;5.394;5.3965;1903;900
2026-06-08T13:17:36.0000000Z;5.394;5.3965;1903;900
2026-06-08T13:17:37.0000000Z;5.394;5.3965;42500;42500
2026-06-08T13:17:38.0000000Z;5.394;5.3965;1903;900
2026-06-08T13:17:39.0000000Z;5.3935;5.397;9271;51765
2026-06-08T13:17:40.0000000Z;5.391;5.3965;900;622
2026-06-08T13:17:41.0000000Z;5.391;5.397;900;680
2026-06-08T13:17:42.0000000Z;5.391;5.397;900;680
2026-06-08T13:17:45.0000000Z;5.3915;5.3965;2457;622
2026-06-08T13:17:46.0000000Z;5.391;5.397;900;900
2026-06-08T13:17:47.0000000Z;5.391;5.3965;900;622
2026-06-08T13:17:49.0000000Z;5.391;5.397;900;900
2026-06-08T13:17:50.0000000Z;5.39;5.397;90;11116
2026-06-08T13:17:51.0000000Z;5.391;5.396;2471;42500
2026-06-08T13:17:52.0000000Z;5.391;5.397;2669;11116
2026-06-08T13:17:53.0000000Z;5.3905;5.396;900;900
2026-06-08T13:17:54.0000000Z;5.3905;5.396;900;42500
2026-06-08T13:17:55.0000000Z;5.3915;5.396;2046;900
2026-06-08T13:17:57.0000000Z;5.391;5.396;900;900
2026-06-08T13:17:58.0000000Z;5.3905;5.396;900;900
2026-06-08T13:17:59.0000000Z;5.3915;5.3955;2046;285
2026-06-08T13:18:00.0000000Z;5.391;5.3955;2046;285
2026-06-08T13:18:01.0000000Z;5.39;5.396;90;900
2026-06-08T13:18:02.0000000Z;5.3905;5.396;900;900
2026-06-08T13:18:04.0000000Z;5.391;5.396;2707;42500
2026-06-08T13:18:05.0000000Z;5.39;5.396;90;900
2026-06-08T13:18:06.0000000Z;5.3905;5.396;2046;19585
2026-06-08T13:18:07.0000000Z;5.3905;5.395;2679;42500
2026-06-08T13:18:08.0000000Z;5.39;5.395;90;900
2026-06-08T13:18:09.0000000Z;5.3905;5.395;2679;42500
2026-06-08T13:18:10.0000000Z;5.39;5.395;90;900
2026-06-08T13:18:11.0000000Z;5.39;5.396;90;11120
2026-06-08T13:18:12.0000000Z;5.39;5.395;90;900
2026-06-08T13:18:13.0000000Z;5.39;5.395;90;900
2026-06-08T13:18:14.0000000Z;5.39;5.395;90;900
2026-06-08T13:18:15.0000000Z;5.39;5.395;90;900
2026-06-08T13:18:16.0000000Z;5.39;5.395;90;900
2026-06-08T13:18:17.0000000Z;5.3905;5.395;3535;42500
2026-06-08T13:18:18.0000000Z;5.391;5.4595;3535;3843
2026-06-08T13:18:19.0000000Z;5.39;5.3955;90;900
2026-06-08T13:18:20.0000000Z;5.39;5.3955;90;900
2026-06-08T13:18:21.0000000Z;5.39;5.3955;90;900
2026-06-08T13:18:22.0000000Z;5.39;5.3955;90;900
2026-06-08T13:18:23.0000000Z;5.39;5.3955;990;900
2026-06-08T13:18:24.0000000Z;5.39;5.3955;990;900
2026-06-08T13:18:25.0000000Z;5.39;5.3955;990;900
2026-06-08T13:18:26.0000000Z;5.3905;5.3955;3292;399
2026-06-08T13:18:27.0000000Z;5.3905;5.3955;3408;900
2026-06-08T13:18:28.0000000Z;5.391;5.3955;2046;900
2026-06-08T13:18:30.0000000Z;5.3905;5.3955;900;900
2026-06-08T13:18:31.0000000Z;5.39;5.3955;90;900
2026-06-08T13:18:32.0000000Z;5.3905;5.3955;1975;42500
2026-06-08T13:18:33.0000000Z;5.39;5.3955;990;900
2026-06-08T13:18:34.0000000Z;5.39;5.3955;90;900
2026-06-08T13:18:35.0000000Z;5.39;5.3965;90;11119
2026-06-08T13:18:36.0000000Z;5.3905;5.3955;3380;42500
2026-06-08T13:18:37.0000000Z;5.39;5.395;90;746
2026-06-08T13:18:38.0000000Z;5.3905;5.395;1711;746
2026-06-08T13:18:39.0000000Z;5.39;5.395;90;746
2026-06-08T13:18:40.0000000Z;5.39;5.3955;90;900
2026-06-08T13:18:41.0000000Z;5.39;5.3955;90;900
2026-06-08T13:18:42.0000000Z;5.39;5.3955;90;900
2026-06-08T13:18:43.0000000Z;5.39;5.3955;90;900
2026-06-08T13:18:44.0000000Z;5.39;5.3955;90;900
2026-06-08T13:18:45.0000000Z;5.39;5.3955;90;900
2026-06-08T13:18:46.0000000Z;5.39;5.395;42500;746
2026-06-08T13:18:47.0000000Z;5.39;5.3955;90;900
2026-06-08T13:18:48.0000000Z;5.39;5.3955;90;900
2026-06-08T13:18:50.0000000Z;5.3905;5.395;1830;784
2026-06-08T13:18:51.0000000Z;5.39;5.395;90;784
2026-06-08T13:18:52.0000000Z;5.39;5.3955;90;900
2026-06-08T13:18:53.0000000Z;5.39;5.3955;42500;900
2026-06-08T13:18:54.0000000Z;5.39;5.3955;90;890
2026-06-08T13:18:59.0000000Z;5.39;5.395;90;784
2026-06-08T13:19:01.0000000Z;5.39;5.3955;90;890
2026-06-08T13:19:02.0000000Z;5.39;5.3955;90;887
2026-06-08T13:19:05.0000000Z;5.39;5.3955;90;887
2026-06-08T13:19:07.0000000Z;5.385;5.3955;900;900
2026-06-08T13:19:08.0000000Z;5.385;5.3955;900;900
2026-06-08T13:19:09.0000000Z;5.3855;5.3955;3535;900
2026-06-08T13:19:10.0000000Z;5.385;5.3935;900;900
2026-06-08T13:19:11.0000000Z;5.385;5.395;900;900
2026-06-08T13:19:12.0000000Z;5.385;5.395;900;900
2026-06-08T13:19:13.0000000Z;5.385;5.3955;900;900
2026-06-08T13:19:14.0000000Z;5.3855;5.3955;3535;900
2026-06-08T13:19:15.0000000Z;5.385;5.3955;900;900
2026-06-08T13:19:16.0000000Z;5.385;5.3955;900;900
2026-06-08T13:19:17.0000000Z;5.385;5.3955;900;900
2026-06-08T13:19:18.0000000Z;5.385;5.3955;900;900
2026-06-08T13:19:19.0000000Z;5.3855;5.395;3535;873
2026-06-08T13:19:20.0000000Z;5.385;5.3955;900;900
2026-06-08T13:19:21.0000000Z;5.385;5.3955;900;900
2026-06-08T13:19:22.0000000Z;5.385;5.3955;900;900
2026-06-08T13:19:23.0000000Z;5.385;5.3955;900;900
2026-06-08T13:19:24.0000000Z;5.384;5.3955;11145;900
2026-06-08T13:19:25.0000000Z;5.385;5.3955;900;900
2026-06-08T13:19:26.0000000Z;5.385;5.3965;900;11119
2026-06-08T13:19:27.0000000Z;5.385;5.3965;900;11119
2026-06-08T13:19:28.0000000Z;5.385;5.395;900;873
2026-06-08T13:19:29.0000000Z;5.387;5.395;3535;873
2026-06-08T13:19:30.0000000Z;5.3865;5.3955;900;900
2026-06-08T13:19:31.0000000Z;5.3865;5.3955;900;900
2026-06-08T13:19:33.0000000Z;5.3865;5.395;900;873
2026-06-08T13:19:34.0000000Z;5.3865;5.395;900;873
2026-06-08T13:19:35.0000000Z;5.39;5.396;3535;51767
2026-06-08T13:19:36.0000000Z;5.39;5.3995;14539;11113
2026-06-08T13:19:37.0000000Z;5.391;5.399;11130;15664
2026-06-08T13:19:38.0000000Z;5.3925;5.3985;900;900
2026-06-08T13:19:39.0000000Z;5.393;5.3985;3535;42500
2026-06-08T13:19:40.0000000Z;5.3915;5.4;18309;3386
2026-06-08T13:19:41.0000000Z;5.393;5.399;3535;9261
2026-06-08T13:19:42.0000000Z;5.391;5.3995;900;900
2026-06-08T13:19:43.0000000Z;5.3925;5.399;45558;9261
2026-06-08T13:19:44.0000000Z;5.391;5.3995;900;900
2026-06-08T13:19:45.0000000Z;5.3915;5.3995;3535;900
2026-06-08T13:19:48.0000000Z;5.391;5.3995;900;900
2026-06-08T13:19:50.0000000Z;5.3915;5.3995;3535;900
2026-06-08T13:19:51.0000000Z;5.391;5.3995;900;900
2026-06-08T13:19:52.0000000Z;5.391;5.3995;900;900
2026-06-08T13:19:53.0000000Z;5.391;5.3995;900;900
2026-06-08T13:19:54.0000000Z;5.391;5.3995;900;900
2026-06-08T13:19:56.0000000Z;5.391;5.3995;900;900
2026-06-08T13:19:58.0000000Z;5.391;5.3995;900;900
2026-06-08T13:19:59.0000000Z;5.3915;5.3995;3535;900
2026-06-08T13:19:59.0000000Z;5.391;5.3995;900;900
2026-06-08T13:20:00.0000000Z;5.391;5.3995;900;900
2026-06-08T13:20:02.0000000Z;5.391;5.3995;900;900
2026-06-08T13:20:05.0000000Z;5.391;5.3995;900;900
2026-06-08T13:20:08.0000000Z;5.391;5.3995;900;900
2026-06-08T13:20:09.0000000Z;5.391;5.3995;900;900
2026-06-08T13:20:10.0000000Z;5.3915;5.3995;3535;900
2026-06-08T13:20:12.0000000Z;5.391;5.3995;900;900
2026-06-08T13:20:13.0000000Z;5.391;5.3995;900;900
2026-06-08T13:20:14.0000000Z;5.391;5.3995;900;900
2026-06-08T13:20:15.0000000Z;5.391;5.3995;900;900
2026-06-08T13:20:17.0000000Z;5.391;5.3995;900;900
2026-06-08T13:20:18.0000000Z;5.3915;5.3995;3500;900
2026-06-08T13:20:20.0000000Z;5.3905;5.3995;900;900
2026-06-08T13:20:21.0000000Z;5.3905;5.399;900;358
2026-06-08T13:20:22.0000000Z;5.3905;5.3995;900;900
2026-06-08T13:20:23.0000000Z;5.3905;5.3995;900;900
2026-06-08T13:20:24.0000000Z;5.3905;5.3995;900;900
2026-06-08T13:20:25.0000000Z;5.391;5.3995;3535;900
2026-06-08T13:20:26.0000000Z;5.3905;5.399;900;358
2026-06-08T13:20:27.0000000Z;5.391;5.399;900;358
2026-06-08T13:20:28.0000000Z;5.3915;5.399;3535;358
2026-06-08T13:20:30.0000000Z;5.391;5.3995;900;900
2026-06-08T13:20:31.0000000Z;5.391;5.3995;900;900
2026-06-08T13:20:33.0000000Z;5.3915;5.399;3535;358
2026-06-08T13:20:34.0000000Z;5.391;5.3995;900;900
2026-06-08T13:20:35.0000000Z;5.3915;5.3995;3535;900
2026-06-08T13:20:36.0000000Z;5.3905;5.3995;900;900
2026-06-08T13:20:37.0000000Z;5.3905;5.3995;900;900
2026-06-08T13:20:38.0000000Z;5.391;5.3995;3535;900
2026-06-08T13:20:40.0000000Z;5.391;5.3995;900;900
2026-06-08T13:20:41.0000000Z;5.391;5.3995;3535;900
2026-06-08T13:20:42.0000000Z;5.3915;5.4005;3535;11111
2026-06-08T13:20:43.0000000Z;5.391;5.3995;900;900
2026-06-08T13:20:44.0000000Z;5.3915;5.3995;3535;900
2026-06-08T13:20:46.0000000Z;5.391;5.399;900;358
2026-06-08T13:20:47.0000000Z;5.39;5.3995;11132;900
2026-06-08T13:20:48.0000000Z;5.391;5.3995;900;900
2026-06-08T13:20:49.0000000Z;5.3915;5.3995;3535;900
2026-06-08T13:20:50.0000000Z;5.391;5.3995;900;900
2026-06-08T13:20:51.0000000Z;5.391;5.3995;900;900
2026-06-08T13:20:53.0000000Z;5.391;5.3995;900;900
2026-06-08T13:20:56.0000000Z;5.391;5.3995;900;900
2026-06-08T13:20:57.0000000Z;5.391;5.3995;900;900
2026-06-08T13:20:58.0000000Z;5.3915;5.3995;3535;900
2026-06-08T13:21:01.0000000Z;5.391;5.3995;900;900
2026-06-08T13:21:02.0000000Z;5.391;5.399;900;358
2026-06-08T13:21:03.0000000Z;5.391;5.3995;900;900
2026-06-08T13:21:05.0000000Z;5.391;5.3995;900;900
2026-06-08T13:21:07.0000000Z;5.391;5.3995;900;900
2026-06-08T13:21:08.0000000Z;5.3915;5.3995;3535;900
2026-06-08T13:21:10.0000000Z;5.3885;5.412;463;23533
2026-06-08T13:21:11.0000000Z;5.3945;5.407;11123;11097
2026-06-08T13:21:12.0000000Z;5.3945;5.407;11123;11097
2026-06-08T13:21:13.0000000Z;5.396;5.4055;3535;667
2026-06-08T13:21:14.0000000Z;5.3955;5.4055;900;667
2026-06-08T13:21:15.0000000Z;5.3955;5.406;900;900
2026-06-08T13:21:18.0000000Z;5.3955;5.406;900;900
2026-06-08T13:21:19.0000000Z;5.3955;5.4065;900;462
2026-06-08T13:21:20.0000000Z;5.3955;5.406;900;900
2026-06-08T13:21:22.0000000Z;5.3955;5.4055;900;667
2026-06-08T13:21:23.0000000Z;5.3955;5.407;900;11097
2026-06-08T13:21:24.0000000Z;5.397;5.406;900;900
2026-06-08T13:21:25.0000000Z;5.3995;5.4115;463;3847
2026-06-08T13:21:26.0000000Z;5.3995;5.4115;11113;461
2026-06-08T13:21:27.0000000Z;5.4;5.411;19519;20704
2026-06-08T13:21:28.0000000Z;5.3985;5.4085;11115;11094
2026-06-08T13:21:29.0000000Z;5.3985;5.408;11115;8465
2026-06-08T13:21:30.0000000Z;5.3985;5.408;11115;8465
2026-06-08T13:21:31.0000000Z;5.4;5.407;3118;328
2026-06-08T13:21:34.0000000Z;5.3995;5.4075;900;900
2026-06-08T13:21:35.0000000Z;5.3995;5.4075;900;900
2026-06-08T13:21:36.0000000Z;5.3995;5.4045;2046;564
2026-06-08T13:21:37.0000000Z;5.399;5.4045;9261;1186
2026-06-08T13:21:38.0000000Z;5.3935;5.4035;900;900
2026-06-08T13:21:39.0000000Z;5.3935;5.4035;900;900
2026-06-08T13:21:40.0000000Z;5.399;5.403;9261;536
2026-06-08T13:21:41.0000000Z;5.395;5.404;900;900
2026-06-08T13:21:42.0000000Z;5.395;5.4035;900;43047
2026-06-08T13:21:43.0000000Z;5.395;5.4035;900;547
2026-06-08T13:21:44.0000000Z;5.395;5.4035;900;547
2026-06-08T13:21:45.0000000Z;5.395;5.4045;900;900
2026-06-08T13:21:46.0000000Z;5.395;5.4045;900;900
2026-06-08T13:21:49.0000000Z;5.3955;5.4055;3407;11100
2026-06-08T13:21:50.0000000Z;5.395;5.4045;900;900
2026-06-08T13:21:51.0000000Z;5.3925;5.405;11127;1269
2026-06-08T13:21:52.0000000Z;5.394;5.4025;900;900
2026-06-08T13:21:53.0000000Z;5.395;5.402;3535;332
2026-06-08T13:21:54.0000000Z;5.394;5.4035;900;22009
2026-06-08T13:21:55.0000000Z;5.3945;5.4025;900;900
2026-06-08T13:21:56.0000000Z;5.395;5.4025;3535;900
2026-06-08T13:21:57.0000000Z;5.3935;5.402;900;421
2026-06-08T13:21:58.0000000Z;5.395;5.402;3535;421
2026-06-08T13:21:59.0000000Z;5.394;5.4025;3535;492
2026-06-08T13:22:01.0000000Z;5.393;5.403;900;900
2026-06-08T13:22:03.0000000Z;5.395;5.4025;3535;714
2026-06-08T13:22:04.0000000Z;5.3945;5.403;900;900
2026-06-08T13:22:05.0000000Z;5.3945;5.403;900;900
2026-06-08T13:22:06.0000000Z;5.3945;5.403;900;900
2026-06-08T13:22:08.0000000Z;5.3945;5.4025;900;714
2026-06-08T13:22:09.0000000Z;5.3945;5.4035;900;900
2026-06-08T13:22:10.0000000Z;5.3945;5.4035;900;900
2026-06-08T13:22:11.0000000Z;5.394;5.4165;3849;461
2026-06-08T13:22:12.0000000Z;5.3995;5.4115;8465;11088
2026-06-08T13:22:13.0000000Z;5.4005;5.4085;900;900
2026-06-08T13:22:14.0000000Z;5.3985;5.408;11115;900
2026-06-08T13:22:15.0000000Z;5.4015;5.4125;900;900
2026-06-08T13:22:16.0000000Z;5.4015;5.411;900;900
2026-06-08T13:22:17.0000000Z;5.403;5.411;900;900
2026-06-08T13:22:18.0000000Z;5.403;5.4105;900;900
2026-06-08T13:22:19.0000000Z;5.403;5.4035;900;9254
2026-06-08T13:22:20.0000000Z;5.403;5.4035;900;9254
2026-06-08T13:22:21.0000000Z;5.4035;5.4095;3535;198
2026-06-08T13:22:22.0000000Z;5.401;5.411;11110;11089
2026-06-08T13:22:23.0000000Z;5.402;5.411;900;11089
2026-06-08T13:22:24.0000000Z;5.401;5.41;11110;900
2026-06-08T13:22:25.0000000Z;5.401;5.411;11110;11089
2026-06-08T13:22:26.0000000Z;5.402;5.411;900;11089
2026-06-08T13:22:27.0000000Z;5.402;5.41;900;900
2026-06-08T13:22:28.0000000Z;5.402;5.41;900;42805
2026-06-08T13:22:29.0000000Z;5.403;5.411;3535;11089
2026-06-08T13:22:30.0000000Z;5.4015;5.41;15802;11089
2026-06-08T13:22:31.0000000Z;5.4025;5.4085;900;900
2026-06-08T13:22:32.0000000Z;5.4;5.4085;900;900
2026-06-08T13:22:33.0000000Z;5.4;5.409;900;900
2026-06-08T13:22:34.0000000Z;5.4;5.409;900;900
2026-06-08T13:22:35.0000000Z;5.4;5.409;900;900
2026-06-08T13:22:36.0000000Z;5.4;5.409;900;900
2026-06-08T13:22:38.0000000Z;5.4;5.409;900;900
2026-06-08T13:22:39.0000000Z;5.4;5.4085;900;900
2026-06-08T13:22:40.0000000Z;5.4;5.4095;900;11092
2026-06-08T13:22:41.0000000Z;5.4;5.4085;900;900
2026-06-08T13:22:42.0000000Z;5.4005;5.4085;3535;43007
2026-06-08T13:22:43.0000000Z;5.4;5.4085;900;900
2026-06-08T13:22:44.0000000Z;5.399;5.4095;11114;11092
2026-06-08T13:22:45.0000000Z;5.4;5.4085;900;900
2026-06-08T13:22:46.0000000Z;5.4;5.408;900;327
2026-06-08T13:22:47.0000000Z;5.4005;5.408;3535;42827
2026-06-08T13:22:48.0000000Z;5.399;5.408;11114;42827
2026-06-08T13:22:49.0000000Z;5.4;5.4085;900;900
2026-06-08T13:22:50.0000000Z;5.4005;5.406;2046;900
2026-06-08T13:22:51.0000000Z;5.4;5.406;42500;1064
2026-06-08T13:22:52.0000000Z;5.3965;5.405;900;900
2026-06-08T13:22:53.0000000Z;5.3965;5.405;900;900
2026-06-08T13:22:54.0000000Z;5.4;5.4045;2030;585
2026-06-08T13:22:55.0000000Z;5.3955;5.4055;900;900
2026-06-08T13:22:56.0000000Z;5.3995;5.405;9261;564
2026-06-08T13:22:57.0000000Z;5.3995;5.405;9261;564
2026-06-08T13:22:58.0000000Z;5.396;5.405;3535;564
2026-06-08T13:23:00.0000000Z;5.3955;5.4055;900;900
2026-06-08T13:23:01.0000000Z;5.3955;5.4055;900;900
2026-06-08T13:23:02.0000000Z;5.396;5.4035;3535;308
2026-06-08T13:23:03.0000000Z;5.396;5.4035;900;900
2026-06-08T13:23:04.0000000Z;5.396;5.4035;900;900
2026-06-08T13:23:07.0000000Z;5.3935;5.403;900;714
2026-06-08T13:23:08.0000000Z;5.3935;5.4045;900;11102
2026-06-08T13:23:09.0000000Z;5.3935;5.4035;900;900
2026-06-08T13:23:11.0000000Z;5.3925;5.404;11127;3848
2026-06-08T13:23:12.0000000Z;5.3935;5.401;900;369
2026-06-08T13:23:13.0000000Z;5.395;5.399;9268;590
2026-06-08T13:23:14.0000000Z;5.39;5.3995;900;900
2026-06-08T13:23:16.0000000Z;5.3905;5.3995;3535;900
2026-06-08T13:23:17.0000000Z;5.39;5.3995;900;900
2026-06-08T13:23:20.0000000Z;5.389;5.3995;11134;900
2026-06-08T13:23:21.0000000Z;5.39;5.3995;900;900
2026-06-08T13:23:22.0000000Z;5.393;5.3995;3535;900
2026-06-08T13:23:24.0000000Z;5.393;5.3995;900;900
2026-06-08T13:23:25.0000000Z;5.393;5.3995;3535;900
2026-06-08T13:23:26.0000000Z;5.3925;5.3995;3212;900
2026-06-08T13:23:29.0000000Z;5.3905;5.3995;900;900
2026-06-08T13:23:30.0000000Z;5.393;5.3995;3535;900
2026-06-08T13:23:31.0000000Z;5.392;5.3995;900;900
2026-06-08T13:23:32.0000000Z;5.3925;5.3995;900;900
2026-06-08T13:23:33.0000000Z;5.393;5.3995;3535;900
2026-06-08T13:23:35.0000000Z;5.394;5.3995;3535;900
2026-06-08T13:23:36.0000000Z;5.3925;5.3995;900;900
2026-06-08T13:23:37.0000000Z;5.394;5.3995;3535;42500
2026-06-08T13:23:38.0000000Z;5.394;5.3995;3535;900
2026-06-08T13:23:39.0000000Z;5.393;5.3995;3535;900
2026-06-08T13:23:40.0000000Z;5.393;5.3995;3535;900
2026-06-08T13:23:41.0000000Z;5.392;5.3995;2312;900
2026-06-08T13:23:42.0000000Z;5.3925;5.3995;900;900
2026-06-08T13:23:43.0000000Z;5.3925;5.3995;900;900
2026-06-08T13:23:44.0000000Z;5.392;5.3995;900;900
2026-06-08T13:23:45.0000000Z;5.392;5.3995;900;900
2026-06-08T13:23:46.0000000Z;5.393;5.3995;3535;900
2026-06-08T13:23:47.0000000Z;5.3905;5.3995;900;900
2026-06-08T13:23:48.0000000Z;5.3905;5.3995;900;900
2026-06-08T13:23:49.0000000Z;5.3925;5.3995;3535;900
2026-06-08T13:23:51.0000000Z;5.3905;5.3995;900;900
2026-06-08T13:23:52.0000000Z;5.391;5.3995;3535;900
2026-06-08T13:23:56.0000000Z;5.391;5.3995;900;900
2026-06-08T13:23:57.0000000Z;5.391;5.3995;900;900
2026-06-08T13:23:58.0000000Z;5.3915;5.399;3535;472
2026-06-08T13:23:59.0000000Z;5.3905;5.3995;900;900
2026-06-08T13:24:00.0000000Z;5.3905;5.3995;900;900
2026-06-08T13:24:01.0000000Z;5.391;5.3995;3535;900
2026-06-08T13:24:02.0000000Z;5.3905;5.3995;900;900
2026-06-08T13:24:03.0000000Z;5.39;5.396;900;900
2026-06-08T13:24:04.0000000Z;5.39;5.396;900;900
2026-06-08T13:24:05.0000000Z;5.39;5.396;900;900
2026-06-08T13:24:06.0000000Z;5.3905;5.396;3535;900
2026-06-08T13:24:07.0000000Z;5.39;5.396;900;900
2026-06-08T13:24:08.0000000Z;5.3905;5.396;900;900
2026-06-08T13:24:09.0000000Z;5.391;5.396;3269;900
2026-06-08T13:24:12.0000000Z;5.391;5.396;3269;900
2026-06-08T13:24:13.0000000Z;5.3865;5.396;900;900
2026-06-08T13:24:14.0000000Z;5.391;5.396;1900;900
2026-06-08T13:24:15.0000000Z;5.3905;5.396;2046;900
2026-06-08T13:24:16.0000000Z;5.389;5.396;900;900
2026-06-08T13:24:17.0000000Z;5.389;5.396;900;900
2026-06-08T13:24:18.0000000Z;5.3905;5.397;3535;11118
2026-06-08T13:24:19.0000000Z;5.39;5.396;900;900
2026-06-08T13:24:20.0000000Z;5.391;5.396;3483;900
2026-06-08T13:24:21.0000000Z;5.3905;5.396;900;900
2026-06-08T13:24:22.0000000Z;5.3905;5.396;900;42500
2026-06-08T13:24:23.0000000Z;5.3905;5.396;900;900
2026-06-08T13:24:24.0000000Z;5.3915;5.396;3534;900
2026-06-08T13:24:25.0000000Z;5.392;5.396;3295;900
2026-06-08T13:24:26.0000000Z;5.3915;5.396;900;900
2026-06-08T13:24:27.0000000Z;5.392;5.397;3405;11118
2026-06-08T13:24:28.0000000Z;5.3915;5.396;900;900
2026-06-08T13:24:29.0000000Z;5.391;5.396;3212;900
2026-06-08T13:24:30.0000000Z;5.391;5.396;900;900
2026-06-08T13:24:32.0000000Z;5.391;5.396;900;900
2026-06-08T13:24:33.0000000Z;5.391;5.396;900;900
2026-06-08T13:24:34.0000000Z;5.3905;5.396;900;900
2026-06-08T13:24:35.0000000Z;5.3905;5.396;900;42500
2026-06-08T13:24:36.0000000Z;5.3915;5.396;3388;42500
2026-06-08T13:24:37.0000000Z;5.3905;5.396;900;900
2026-06-08T13:24:40.0000000Z;5.3905;5.396;900;900
2026-06-08T13:24:41.0000000Z;5.391;5.396;900;900
2026-06-08T13:24:42.0000000Z;5.391;5.396;900;900
2026-06-08T13:24:43.0000000Z;5.391;5.396;900;900
2026-06-08T13:24:44.0000000Z;5.3915;5.396;3268;42500
2026-06-08T13:24:45.0000000Z;5.391;5.396;900;900
2026-06-08T13:24:46.0000000Z;5.3905;5.396;2312;42500
2026-06-08T13:24:47.0000000Z;5.3905;5.396;900;900
2026-06-08T13:24:48.0000000Z;5.387;5.396;900;900
2026-06-08T13:24:49.0000000Z;5.387;5.396;900;900
2026-06-08T13:24:50.0000000Z;5.3905;5.396;2031;900
2026-06-08T13:24:51.0000000Z;5.3885;5.3955;3535;475
2026-06-08T13:24:52.0000000Z;5.3905;5.396;3275;900
2026-06-08T13:24:55.0000000Z;5.3895;5.396;900;900
2026-06-08T13:24:56.0000000Z;5.3895;5.396;900;900
2026-06-08T13:24:57.0000000Z;5.389;5.396;900;900
2026-06-08T13:24:58.0000000Z;5.389;5.397;900;11118
2026-06-08T13:24:59.0000000Z;5.389;5.396;900;900
2026-06-08T13:25:00.0000000Z;5.386;5.396;2312;900
2026-06-08T13:25:01.0000000Z;5.3885;5.394;900;900
2026-06-08T13:25:02.0000000Z;5.3885;5.395;3212;900
2026-06-08T13:25:03.0000000Z;5.3885;5.395;3212;900
2026-06-08T13:25:04.0000000Z;5.387;5.395;2312;900
2026-06-08T13:25:05.0000000Z;5.387;5.396;2312;11120
2026-06-08T13:25:06.0000000Z;5.388;5.395;3212;900
2026-06-08T13:25:07.0000000Z;5.389;5.3955;2312;2
2026-06-08T13:25:08.0000000Z;5.3895;5.397;2312;11118
2026-06-08T13:25:09.0000000Z;5.3895;5.396;3212;900
2026-06-08T13:25:10.0000000Z;5.3895;5.396;3212;900
2026-06-08T13:25:14.0000000Z;5.3885;5.396;2312;11120
2026-06-08T13:25:15.0000000Z;5.388;5.395;900;12022
2026-06-08T13:25:16.0000000Z;5.388;5.3935;900;900
2026-06-08T13:25:17.0000000Z;5.388;5.3935;900;900
2026-06-08T13:25:18.0000000Z;5.387;5.394;900;900
2026-06-08T13:25:19.0000000Z;5.3875;5.394;2312;900
2026-06-08T13:25:20.0000000Z;5.389;5.394;900;900
2026-06-08T13:25:21.0000000Z;5.39;5.395;3406;11122
2026-06-08T13:25:22.0000000Z;5.3885;5.394;3212;900
2026-06-08T13:25:23.0000000Z;5.3885;5.394;900;51770
2026-06-08T13:25:24.0000000Z;5.3875;5.394;900;900
2026-06-08T13:25:25.0000000Z;5.3875;5.394;900;900
2026-06-08T13:25:26.0000000Z;5.3885;5.394;3535;900
2026-06-08T13:25:27.0000000Z;5.3885;5.394;3535;42500
2026-06-08T13:25:28.0000000Z;5.388;5.394;46035;900
2026-06-08T13:25:29.0000000Z;5.3875;5.394;900;900
2026-06-08T13:25:30.0000000Z;5.388;5.394;3535;42500
2026-06-08T13:25:32.0000000Z;5.387;5.394;2312;900
2026-06-08T13:25:33.0000000Z;5.3875;5.394;2312;42500
2026-06-08T13:25:34.0000000Z;5.387;5.394;900;900
2026-06-08T13:25:35.0000000Z;5.387;5.394;900;900
2026-06-08T13:25:36.0000000Z;5.387;5.394;900;900
2026-06-08T13:25:37.0000000Z;5.3875;5.394;3535;900
2026-06-08T13:25:38.0000000Z;5.387;5.394;900;900
2026-06-08T13:25:39.0000000Z;5.387;5.3935;900;349
2026-06-08T13:25:40.0000000Z;5.3875;5.3935;1905;1328
2026-06-08T13:25:41.0000000Z;5.383;5.3925;900;579
2026-06-08T13:25:42.0000000Z;5.387;5.3925;42500;469
2026-06-08T13:25:43.0000000Z;5.383;5.392;900;421
2026-06-08T13:25:44.0000000Z;5.384;5.3925;900;900
2026-06-08T13:25:46.0000000Z;5.3855;5.3925;3535;900
2026-06-08T13:25:47.0000000Z;5.3835;5.3915;900;900
2026-06-08T13:25:48.0000000Z;5.3845;5.3915;3535;42823
2026-06-08T13:25:49.0000000Z;5.3825;5.391;2312;900
2026-06-08T13:25:50.0000000Z;5.383;5.391;900;900
2026-06-08T13:25:51.0000000Z;5.383;5.3905;900;382
2026-06-08T13:25:52.0000000Z;5.383;5.3905;900;42500
2026-06-08T13:25:53.0000000Z;5.383;5.391;900;900
2026-06-08T13:25:54.0000000Z;5.382;5.391;2312;900
2026-06-08T13:25:55.0000000Z;5.383;5.391;900;42500
2026-06-08T13:25:56.0000000Z;5.383;5.391;900;900
2026-06-08T13:25:57.0000000Z;5.383;5.391;900;900
2026-06-08T13:25:58.0000000Z;5.382;5.3905;2312;223
2026-06-08T13:25:59.0000000Z;5.383;5.391;2312;900
2026-06-08T13:26:00.0000000Z;5.3825;5.391;3212;900
2026-06-08T13:26:01.0000000Z;5.3825;5.391;3212;900
2026-06-08T13:26:02.0000000Z;5.383;5.391;2312;900
2026-06-08T13:26:03.0000000Z;5.3835;5.391;3535;900
2026-06-08T13:26:04.0000000Z;5.382;5.392;2312;44014
2026-06-08T13:26:05.0000000Z;5.3815;5.389;900;900
2026-06-08T13:26:06.0000000Z;5.3815;5.3875;900;900
2026-06-08T13:26:07.0000000Z;5.382;5.3875;900;900
2026-06-08T13:26:08.0000000Z;5.381;5.3875;900;900
2026-06-08T13:26:09.0000000Z;5.3815;5.3875;3535;900
2026-06-08T13:26:10.0000000Z;5.3805;5.3875;2312;900
2026-06-08T13:26:11.0000000Z;5.3805;5.3875;2312;42500
2026-06-08T13:26:12.0000000Z;5.381;5.3865;900;900
2026-06-08T13:26:13.0000000Z;5.381;5.3855;900;900
2026-06-08T13:26:14.0000000Z;5.381;5.385;42500;356
2026-06-08T13:26:15.0000000Z;5.3765;5.386;900;900
2026-06-08T13:26:16.0000000Z;5.3805;5.386;9293;900
2026-06-08T13:26:17.0000000Z;5.3765;5.386;900;900
2026-06-08T13:26:18.0000000Z;5.3765;5.386;900;900
2026-06-08T13:26:19.0000000Z;5.3765;5.3855;900;612
2026-06-08T13:26:20.0000000Z;5.381;5.3855;2046;612
2026-06-08T13:26:21.0000000Z;5.3775;5.387;900;11138
2026-06-08T13:26:22.0000000Z;5.3775;5.386;900;900
2026-06-08T13:26:23.0000000Z;5.381;5.386;900;900
2026-06-08T13:26:24.0000000Z;5.381;5.386;900;900
2026-06-08T13:26:25.0000000Z;5.3825;5.387;3009;11138
2026-06-08T13:26:26.0000000Z;5.382;5.386;2312;42500
2026-06-08T13:26:27.0000000Z;5.382;5.386;3212;42500
2026-06-08T13:26:28.0000000Z;5.382;5.386;900;42500
2026-06-08T13:26:29.0000000Z;5.383;5.3865;3442;13164
2026-06-08T13:26:30.0000000Z;5.3815;5.388;2312;8465
2026-06-08T13:26:31.0000000Z;5.382;5.387;900;900
2026-06-08T13:26:32.0000000Z;5.3825;5.388;3502;24392
2026-06-08T13:26:33.0000000Z;5.383;5.388;3243;900
2026-06-08T13:26:34.0000000Z;5.3825;5.387;3212;900
2026-06-08T13:26:35.0000000Z;5.383;5.387;3535;42500
2026-06-08T13:26:36.0000000Z;5.3825;5.387;3212;900
2026-06-08T13:26:37.0000000Z;5.382;5.387;3212;900
2026-06-08T13:26:38.0000000Z;5.382;5.387;3212;900
2026-06-08T13:26:39.0000000Z;5.3825;5.387;3432;900
2026-06-08T13:26:40.0000000Z;5.3825;5.387;3432;42500
2026-06-08T13:26:41.0000000Z;5.3825;5.387;3432;900
2026-06-08T13:26:42.0000000Z;5.3825;5.387;3432;42500
2026-06-08T13:26:44.0000000Z;5.3815;5.387;2312;900
2026-06-08T13:26:45.0000000Z;5.382;5.387;3523;900
2026-06-08T13:26:46.0000000Z;5.382;5.387;3523;900
2026-06-08T13:26:47.0000000Z;5.3815;5.387;2312;900
2026-06-08T13:26:48.0000000Z;5.3815;5.387;3212;900
2026-06-08T13:26:50.0000000Z;5.3795;5.387;900;900
2026-06-08T13:26:51.0000000Z;5.3795;5.387;900;900
2026-06-08T13:26:52.0000000Z;5.3805;5.387;900;900
2026-06-08T13:26:53.0000000Z;5.3815;5.387;3535;900
2026-06-08T13:26:54.0000000Z;5.38;5.387;900;900
2026-06-08T13:26:55.0000000Z;5.38;5.387;900;900
2026-06-08T13:26:57.0000000Z;5.38;5.387;900;781
2026-06-08T13:26:58.0000000Z;5.3795;5.387;2312;900
2026-06-08T13:26:59.0000000Z;5.381;5.3875;3535;9281
2026-06-08T13:26:59.0000000Z;5.3805;5.387;3212;900
2026-06-08T13:27:00.0000000Z;5.38;5.387;900;900
2026-06-08T13:27:01.0000000Z;5.38;5.387;900;900
2026-06-08T13:27:02.0000000Z;5.3815;5.387;3535;42500
2026-06-08T13:27:03.0000000Z;5.3805;5.388;2312;11136
2026-06-08T13:27:04.0000000Z;5.381;5.387;3535;42500
2026-06-08T13:27:06.0000000Z;5.3805;5.388;900;11136
2026-06-08T13:27:07.0000000Z;5.3805;5.387;900;900
2026-06-08T13:27:08.0000000Z;5.3805;5.387;900;744
2026-06-08T13:27:09.0000000Z;5.3805;5.387;900;900
2026-06-08T13:27:10.0000000Z;5.378;5.387;900;900
2026-06-08T13:27:11.0000000Z;5.378;5.387;900;900
2026-06-08T13:27:12.0000000Z;5.378;5.387;900;12038
2026-06-08T13:27:16.0000000Z;5.3805;5.3865;3535;331
2026-06-08T13:27:17.0000000Z;5.38;5.3865;900;1
2026-06-08T13:27:18.0000000Z;5.38;5.3875;900;14523
2026-06-08T13:27:19.0000000Z;5.38;5.3855;900;42500
2026-06-08T13:27:20.0000000Z;5.38;5.3865;2312;11139
2026-06-08T13:27:21.0000000Z;5.382;5.3865;2312;11139
2026-06-08T13:27:22.0000000Z;5.3815;5.3855;2312;900
2026-06-08T13:27:23.0000000Z;5.381;5.3855;3212;900
2026-06-08T13:27:24.0000000Z;5.381;5.3855;900;900
2026-06-08T13:27:26.0000000Z;5.381;5.3855;3212;900
2026-06-08T13:27:27.0000000Z;5.3815;5.3855;900;900
2026-06-08T13:27:28.0000000Z;5.3815;5.3855;900;900
2026-06-08T13:27:30.0000000Z;5.3825;5.3855;3000;42500
2026-06-08T13:27:31.0000000Z;5.3815;5.3855;2046;900
2026-06-08T13:27:33.0000000Z;5.3805;5.3855;900;900
2026-06-08T13:27:34.0000000Z;5.381;5.3855;3297;900
2026-06-08T13:27:35.0000000Z;5.3805;5.3865;900;11139
2026-06-08T13:27:36.0000000Z;5.38;5.3855;900;900
2026-06-08T13:27:37.0000000Z;5.38;5.3855;900;42500
2026-06-08T13:27:38.0000000Z;5.3805;5.3855;3448;42500
2026-06-08T13:27:39.0000000Z;5.3805;5.3865;3535;11139
2026-06-08T13:27:40.0000000Z;5.3795;5.3865;2312;11139
2026-06-08T13:27:41.0000000Z;5.38;5.3865;900;42831
2026-06-08T13:27:42.0000000Z;5.3795;5.3855;900;900
2026-06-08T13:27:43.0000000Z;5.38;5.3855;3425;42500
2026-06-08T13:27:45.0000000Z;5.3805;5.3855;3470;42500
2026-06-08T13:27:46.0000000Z;5.3785;5.3855;900;900
2026-06-08T13:27:47.0000000Z;5.378;5.3855;900;900
2026-06-08T13:27:48.0000000Z;5.378;5.3855;900;900
2026-06-08T13:27:49.0000000Z;5.378;5.3855;900;900
2026-06-08T13:27:50.0000000Z;5.379;5.385;3535;123
2026-06-08T13:27:51.0000000Z;5.3785;5.3835;9297;229
2026-06-08T13:27:52.0000000Z;5.3785;5.3835;3067;42729
2026-06-08T13:27:53.0000000Z;5.376;5.3835;900;900
2026-06-08T13:27:54.0000000Z;5.376;5.3815;900;42500
2026-06-08T13:27:55.0000000Z;5.3765;5.3815;900;900
2026-06-08T13:27:58.0000000Z;5.3765;5.3815;2312;900
2026-06-08T13:27:59.0000000Z;5.3775;5.3815;3409;900
2026-06-08T13:27:59.0000000Z;5.377;5.3815;900;900
2026-06-08T13:28:00.0000000Z;5.377;5.3825;5780;11148
2026-06-08T13:28:01.0000000Z;5.375;5.3815;6680;900
2026-06-08T13:28:02.0000000Z;5.376;5.382;900;900
2026-06-08T13:28:03.0000000Z;5.376;5.382;900;42500
2026-06-08T13:28:04.0000000Z;5.376;5.382;900;42500
2026-06-08T13:28:05.0000000Z;5.377;5.382;3316;42500
2026-06-08T13:28:06.0000000Z;5.376;5.382;900;900
2026-06-08T13:28:07.0000000Z;5.377;5.382;3316;42500
2026-06-08T13:28:08.0000000Z;5.376;5.3815;900;900
2026-06-08T13:28:10.0000000Z;5.376;5.3815;900;900
2026-06-08T13:28:11.0000000Z;5.376;5.3815;900;42500
2026-06-08T13:28:12.0000000Z;5.376;5.3815;900;900
2026-06-08T13:28:13.0000000Z;5.377;5.3815;3316;42500
2026-06-08T13:28:14.0000000Z;5.377;5.3815;3316;42500
2026-06-08T13:28:15.0000000Z;5.376;5.3815;900;900
2026-06-08T13:28:16.0000000Z;5.3765;5.3815;3442;42500
2026-06-08T13:28:17.0000000Z;5.376;5.382;900;900
2026-06-08T13:28:18.0000000Z;5.376;5.3815;900;900
2026-06-08T13:28:19.0000000Z;5.376;5.3815;900;900
2026-06-08T13:28:20.0000000Z;5.376;5.3815;900;900
2026-06-08T13:28:21.0000000Z;5.376;5.3815;900;900
2026-06-08T13:28:24.0000000Z;5.376;5.3815;900;900
2026-06-08T13:28:25.0000000Z;5.376;5.3815;900;900
2026-06-08T13:28:26.0000000Z;5.376;5.3815;900;900
2026-06-08T13:28:27.0000000Z;5.376;5.3815;900;42500
2026-06-08T13:28:29.0000000Z;5.376;5.3815;900;900
2026-06-08T13:28:31.0000000Z;5.376;5.3825;900;11148
2026-06-08T13:28:32.0000000Z;5.375;5.3825;5780;11148
2026-06-08T13:28:33.0000000Z;5.376;5.382;900;900
2026-06-08T13:28:34.0000000Z;5.376;5.382;900;51791
2026-06-08T13:28:35.0000000Z;5.3765;5.382;3535;51791
2026-06-08T13:28:36.0000000Z;5.3765;5.382;3535;42500
2026-06-08T13:28:37.0000000Z;5.3765;5.382;3535;900
2026-06-08T13:28:38.0000000Z;5.376;5.382;900;900
2026-06-08T13:28:39.0000000Z;5.375;5.382;5780;900
2026-06-08T13:28:40.0000000Z;5.376;5.382;900;900
2026-06-08T13:28:41.0000000Z;5.376;5.382;900;900
2026-06-08T13:28:42.0000000Z;5.3765;5.382;3535;900
2026-06-08T13:28:43.0000000Z;5.376;5.3825;900;11148
2026-06-08T13:28:44.0000000Z;5.376;5.3815;900;42500
2026-06-08T13:28:47.0000000Z;5.376;5.3815;900;900
2026-06-08T13:28:48.0000000Z;5.376;5.3825;900;11148
2026-06-08T13:28:49.0000000Z;5.3765;5.3815;3535;42500
2026-06-08T13:28:50.0000000Z;5.3765;5.3815;3535;900
2026-06-08T13:28:53.0000000Z;5.376;5.3825;900;11148
2026-06-08T13:28:54.0000000Z;5.376;5.382;900;900
2026-06-08T13:28:55.0000000Z;5.375;5.382;5780;900
2026-06-08T13:28:56.0000000Z;5.376;5.3815;900;42500
2026-06-08T13:28:57.0000000Z;5.376;5.3815;900;42500
2026-06-08T13:29:01.0000000Z;5.376;5.3815;900;42500
2026-06-08T13:29:02.0000000Z;5.3765;5.3815;3535;42500
2026-06-08T13:29:03.0000000Z;5.376;5.3815;900;900
2026-06-08T13:29:04.0000000Z;5.376;5.3815;900;42500
2026-06-08T13:29:05.0000000Z;5.375;5.3815;5780;900
2026-06-08T13:29:06.0000000Z;5.376;5.3815;900;900
2026-06-08T13:29:09.0000000Z;5.3755;5.3815;900;900
2026-06-08T13:29:10.0000000Z;5.3765;5.3815;3535;900
2026-06-08T13:29:11.0000000Z;5.3765;5.3815;3535;900
2026-06-08T13:29:12.0000000Z;5.376;5.3815;900;900
2026-06-08T13:29:13.0000000Z;5.376;5.3815;900;900
2026-06-08T13:29:15.0000000Z;5.3765;5.3825;3535;11148
2026-06-08T13:29:16.0000000Z;5.376;5.3815;900;900
2026-06-08T13:29:17.0000000Z;5.376;5.3815;900;900
2026-06-08T13:29:18.0000000Z;5.376;5.382;900;900
2026-06-08T13:29:19.0000000Z;5.376;5.382;900;51791
2026-06-08T13:29:20.0000000Z;5.376;5.3815;900;900
2026-06-08T13:29:21.0000000Z;5.375;5.3815;5780;900
2026-06-08T13:29:22.0000000Z;5.376;5.3815;900;900
2026-06-08T13:29:23.0000000Z;5.3755;5.3825;900;11148
2026-06-08T13:29:24.0000000Z;5.3765;5.3815;3535;42500
2026-06-08T13:29:25.0000000Z;5.376;5.3815;900;900
2026-06-08T13:29:26.0000000Z;5.376;5.3815;900;900
2026-06-08T13:29:27.0000000Z;5.376;5.3815;900;900
2026-06-08T13:29:28.0000000Z;5.376;5.382;900;900
2026-06-08T13:29:29.0000000Z;5.376;5.382;900;900
2026-06-08T13:29:30.0000000Z;5.376;5.382;900;900
2026-06-08T13:29:31.0000000Z;5.376;5.382;900;900
2026-06-08T13:29:32.0000000Z;5.376;5.382;900;900
2026-06-08T13:29:33.0000000Z;5.376;5.382;900;900
2026-06-08T13:29:34.0000000Z;5.376;5.382;900;900
2026-06-08T13:29:35.0000000Z;5.376;5.3815;900;42500
2026-06-08T13:29:36.0000000Z;5.376;5.3815;900;42500
2026-06-08T13:29:39.0000000Z;5.376;5.3815;900;900
2026-06-08T13:29:40.0000000Z;5.376;5.382;900;900
2026-06-08T13:29:41.0000000Z;5.376;5.3815;900;42500
2026-06-08T13:29:42.0000000Z;5.376;5.382;900;900
2026-06-08T13:29:43.0000000Z;5.3765;5.382;3535;900
2026-06-08T13:29:45.0000000Z;5.3765;5.382;3535;42500
2026-06-08T13:29:48.0000000Z;5.3765;5.3815;3535;42500
2026-06-08T13:29:51.0000000Z;5.3765;5.382;3535;900
2026-06-08T13:29:52.0000000Z;5.3765;5.382;3535;51791
2026-06-08T13:29:53.0000000Z;5.376;5.382;900;900
2026-06-08T13:29:54.0000000Z;5.376;5.382;900;900
2026-06-08T13:29:55.0000000Z;5.376;5.3815;900;900
2026-06-08T13:29:56.0000000Z;5.376;5.382;900;900
2026-06-08T13:29:57.0000000Z;5.376;5.382;900;900
2026-06-08T13:29:58.0000000Z;5.376;5.382;900;42500
2026-06-08T13:29:59.0000000Z;5.376;5.382;900;42500
2026-06-08T13:30:00.0000000Z;5.376;5.382;1962;1086
2026-06-08T13:30:01.0000000Z;5.376;5.382;2664;1226
2026-06-08T13:30:02.0000000Z;5.3745;5.3855;216;900
2026-06-08T13:30:03.0000000Z;5.376;5.3855;3535;900
2026-06-08T13:30:04.0000000Z;5.3755;5.3855;900;900
2026-06-08T13:30:05.0000000Z;5.3755;5.3825;900;51790
2026-06-08T13:30:06.0000000Z;5.376;5.3825;3535;51790
2026-06-08T13:30:07.0000000Z;5.375;5.3825;900;42500
2026-06-08T13:30:08.0000000Z;5.3755;5.3865;3535;11139
2026-06-08T13:30:09.0000000Z;5.376;5.384;3535;351
2026-06-08T13:30:10.0000000Z;5.3745;5.3845;216;900
2026-06-08T13:30:11.0000000Z;5.3755;5.384;900;634
2026-06-08T13:30:12.0000000Z;5.376;5.384;3535;634
2026-06-08T13:30:13.0000000Z;5.3755;5.384;900;900
2026-06-08T13:30:14.0000000Z;5.379;5.3855;3535;10851
2026-06-08T13:30:15.0000000Z;5.3775;5.3895;222;11133
2026-06-08T13:30:16.0000000Z;5.3785;5.3885;900;900
2026-06-08T13:30:17.0000000Z;5.3775;5.3885;222;900
2026-06-08T13:30:18.0000000Z;5.378;5.3885;900;900
2026-06-08T13:30:19.0000000Z;5.378;5.386;900;900
2026-06-08T13:30:20.0000000Z;5.3785;5.3885;900;900
2026-06-08T13:30:21.0000000Z;5.3785;5.3885;900;900
2026-06-08T13:30:22.0000000Z;5.3775;5.3885;222;900
2026-06-08T13:30:23.0000000Z;5.3785;5.388;900;833
2026-06-08T13:30:24.0000000Z;5.379;5.388;3535;833
2026-06-08T13:30:25.0000000Z;5.3775;5.387;222;685
2026-06-08T13:30:26.0000000Z;5.3785;5.386;900;429
2026-06-08T13:30:27.0000000Z;5.3775;5.386;222;8465
2026-06-08T13:30:28.0000000Z;5.379;5.3855;3508;11142
2026-06-08T13:30:29.0000000Z;5.3795;5.4595;3535;457
2026-06-08T13:30:30.0000000Z;5.38;5.386;2312;42500
2026-06-08T13:30:31.0000000Z;5.3785;5.4495;2776;458
2026-06-08T13:30:32.0000000Z;5.3785;5.4495;2776;458
2026-06-08T13:30:33.0000000Z;5.3785;5.4075;3676;900
2026-06-08T13:30:34.0000000Z;5.3785;5.407;2312;900
2026-06-08T13:30:35.0000000Z;5.3795;5.407;3535;42500
2026-06-08T13:30:36.0000000Z;5.38;5.389;3535;9800
2026-06-08T13:30:37.0000000Z;5.38;5.407;3535;42500
2026-06-08T13:30:38.0000000Z;5.3795;5.4085;2312;900
2026-06-08T13:30:39.0000000Z;5.3795;5.4075;2312;900
2026-06-08T13:30:40.0000000Z;5.379;5.408;2312;42500
2026-06-08T13:30:41.0000000Z;5.3795;5.4075;2312;900
2026-06-08T13:30:42.0000000Z;5.38;5.3885;2312;9800
2026-06-08T13:30:43.0000000Z;5.38;5.4395;2312;143621
2026-06-08T13:30:44.0000000Z;5.3805;5.437;2312;459
2026-06-08T13:30:45.0000000Z;5.381;5.435;3535;459
2026-06-08T13:30:46.0000000Z;5.381;5.408;3535;42500
2026-06-08T13:30:47.0000000Z;5.377;5.408;2312;900
2026-06-08T13:30:48.0000000Z;5.381;5.434;3535;3846
2026-06-08T13:30:49.0000000Z;5.381;5.4075;2312;1489
2026-06-08T13:30:50.0000000Z;5.382;5.391;3535;9800
2026-06-08T13:30:51.0000000Z;5.382;5.41;2312;900
2026-06-08T13:30:52.0000000Z;5.382;5.3915;2312;9800
2026-06-08T13:30:53.0000000Z;5.382;5.411;2312;900
2026-06-08T13:30:54.0000000Z;5.3825;5.411;3535;900
2026-06-08T13:30:55.0000000Z;5.3815;5.4105;3212;900
2026-06-08T13:30:56.0000000Z;5.3815;5.4105;3212;900
2026-06-08T13:30:57.0000000Z;5.382;5.4105;3212;900
2026-06-08T13:30:58.0000000Z;5.3825;5.3915;3535;9800
2026-06-08T13:30:59.0000000Z;5.3835;5.4105;3535;900
2026-06-08T13:31:00.0000000Z;5.376;5.4215;2312;461
2026-06-08T13:31:01.0000000Z;5.3825;5.4115;2312;900
2026-06-08T13:31:02.0000000Z;5.382;5.4115;900;900
2026-06-08T13:31:03.0000000Z;5.3825;5.3925;3535;9800
2026-06-08T13:31:04.0000000Z;5.376;5.392;2312;9800
2026-06-08T13:31:05.0000000Z;5.383;5.4105;3535;1489
2026-06-08T13:31:06.0000000Z;5.3775;5.4215;2312;3847
2026-06-08T13:31:07.0000000Z;5.382;5.411;2312;900
2026-06-08T13:31:08.0000000Z;5.382;5.392;2312;9800
2026-06-08T13:31:09.0000000Z;5.3825;5.391;3535;9800
2026-06-08T13:31:10.0000000Z;5.3755;5.3875;2312;11137
2026-06-08T13:31:11.0000000Z;5.3775;5.385;3535;500
2026-06-08T13:31:12.0000000Z;5.377;5.385;900;11139
2026-06-08T13:31:13.0000000Z;5.377;5.3845;900;14339
2026-06-08T13:31:14.0000000Z;5.377;5.3855;900;900
2026-06-08T13:31:15.0000000Z;5.378;5.3865;900;11139
2026-06-08T13:31:16.0000000Z;5.377;5.3855;2312;900
2026-06-08T13:31:17.0000000Z;5.3755;5.383;2312;11147
2026-06-08T13:31:18.0000000Z;5.3725;5.382;900;900
2026-06-08T13:31:19.0000000Z;5.3725;5.383;900;11147
2026-06-08T13:31:20.0000000Z;5.3725;5.383;900;11147
2026-06-08T13:31:21.0000000Z;5.3715;5.383;2312;11147
2026-06-08T13:31:22.0000000Z;5.3755;5.3815;3239;602
2026-06-08T13:31:23.0000000Z;5.3715;5.382;8092;900
2026-06-08T13:31:24.0000000Z;5.3725;5.382;900;900
2026-06-08T13:31:25.0000000Z;5.3725;5.382;900;900
2026-06-08T13:31:26.0000000Z;5.373;5.382;3535;42500
2026-06-08T13:31:27.0000000Z;5.3735;5.402;3535;900
2026-06-08T13:31:28.0000000Z;5.373;5.4015;3535;900
2026-06-08T13:31:29.0000000Z;5.371;5.379;2312;11155
2026-06-08T13:31:30.0000000Z;5.371;5.3795;2312;9800
2026-06-08T13:31:31.0000000Z;5.3705;5.3775;2312;11158
2026-06-08T13:31:32.0000000Z;5.3715;5.3765;3212;900
2026-06-08T13:31:33.0000000Z;5.3715;5.3765;900;900
2026-06-08T13:31:34.0000000Z;5.3695;5.3775;900;11158
2026-06-08T13:31:35.0000000Z;5.3695;5.3775;900;11158
2026-06-08T13:31:36.0000000Z;5.371;5.3775;900;11158
2026-06-08T13:31:37.0000000Z;5.3705;5.3775;900;11158
2026-06-08T13:31:38.0000000Z;5.3705;5.3765;900;900
2026-06-08T13:31:39.0000000Z;5.371;5.376;2046;200
2026-06-08T13:31:40.0000000Z;5.371;5.376;2046;200
2026-06-08T13:31:41.0000000Z;5.368;5.375;2312;8465
2026-06-08T13:31:42.0000000Z;5.3685;5.374;900;900
2026-06-08T13:31:43.0000000Z;5.364;5.375;2312;11163
2026-06-08T13:31:44.0000000Z;5.366;5.374;900;900
2026-06-08T13:31:45.0000000Z;5.367;5.374;900;900
2026-06-08T13:31:46.0000000Z;5.365;5.374;900;900
2026-06-08T13:31:47.0000000Z;5.3705;5.3735;9311;739
2026-06-08T13:31:48.0000000Z;5.366;5.374;2312;900
2026-06-08T13:31:49.0000000Z;5.3675;5.374;900;42500
2026-06-08T13:31:50.0000000Z;5.368;5.375;2312;11163
2026-06-08T13:31:51.0000000Z;5.3685;5.374;900;900
2026-06-08T13:31:52.0000000Z;5.369;5.374;2312;900
2026-06-08T13:31:53.0000000Z;5.37;5.375;2312;11163
2026-06-08T13:31:54.0000000Z;5.3685;5.374;2312;900
2026-06-08T13:31:55.0000000Z;5.3665;5.375;900;11163
2026-06-08T13:31:56.0000000Z;5.367;5.374;2312;42500
2026-06-08T13:31:57.0000000Z;5.3675;5.374;900;900
2026-06-08T13:31:58.0000000Z;5.3675;5.374;3212;900
2026-06-08T13:31:59.0000000Z;5.3685;5.374;2312;42500
2026-06-08T13:32:00.0000000Z;5.3675;5.375;2312;11163
2026-06-08T13:32:01.0000000Z;5.3685;5.375;2312;11163
2026-06-08T13:32:02.0000000Z;5.369;5.374;3535;900
2026-06-08T13:32:03.0000000Z;5.3655;5.3735;900;610
2026-06-08T13:32:04.0000000Z;5.368;5.3735;2732;610
2026-06-08T13:32:05.0000000Z;5.368;5.3735;2046;562
2026-06-08T13:32:06.0000000Z;5.3675;5.373;42500;900
2026-06-08T13:32:07.0000000Z;5.3675;5.3725;2921;352
2026-06-08T13:32:08.0000000Z;5.367;5.3705;9317;205
2026-06-08T13:32:09.0000000Z;5.367;5.3705;9317;9800
2026-06-08T13:32:10.0000000Z;5.354;5.379;2312;58923
2026-06-08T13:32:11.0000000Z;5.355;5.367;2312;11180
2026-06-08T13:32:12.0000000Z;5.367;5.373;9317;42500
2026-06-08T13:32:13.0000000Z;5.367;5.367;9317;52300
2026-06-08T13:32:14.0000000Z;5.3565;5.366;2312;900
2026-06-08T13:32:15.0000000Z;5.366;5.366;9317;42500
2026-06-08T13:32:16.0000000Z;5.3545;5.367;2312;11180
2026-06-08T13:32:17.0000000Z;5.3585;5.364;2046;333
2026-06-08T13:32:18.0000000Z;5.3555;5.365;900;11184
2026-06-08T13:32:19.0000000Z;5.356;5.3645;3535;571
2026-06-08T13:32:20.0000000Z;5.3555;5.364;900;900
2026-06-08T13:32:21.0000000Z;5.358;5.3645;900;571
2026-06-08T13:32:22.0000000Z;5.3595;5.364;900;900
2026-06-08T13:32:23.0000000Z;5.359;5.365;2312;42500
2026-06-08T13:32:24.0000000Z;5.3595;5.364;900;900
2026-06-08T13:32:25.0000000Z;5.3605;5.364;3201;900
2026-06-08T13:32:26.0000000Z;5.3545;5.364;2312;436
2026-06-08T13:32:27.0000000Z;5.3555;5.364;900;436
2026-06-08T13:32:28.0000000Z;5.3555;5.365;2312;11184
2026-06-08T13:32:29.0000000Z;5.3575;5.365;900;11184
2026-06-08T13:32:30.0000000Z;5.3575;5.3645;900;209
2026-06-08T13:32:31.0000000Z;5.3585;5.364;3535;900
2026-06-08T13:32:32.0000000Z;5.358;5.364;900;42500
2026-06-08T13:32:33.0000000Z;5.3595;5.364;2312;900
2026-06-08T13:32:34.0000000Z;5.358;5.364;3212;900
2026-06-08T13:32:35.0000000Z;5.3595;5.3635;900;900
2026-06-08T13:32:36.0000000Z;5.3595;5.3635;900;900
2026-06-08T13:32:37.0000000Z;5.357;5.3665;2312;11181
2026-06-08T13:32:38.0000000Z;5.3585;5.3665;2312;11181
2026-06-08T13:32:39.0000000Z;5.3595;5.365;3212;900
2026-06-08T13:32:40.0000000Z;5.36;5.3655;3212;900
2026-06-08T13:32:41.0000000Z;5.36;5.3665;3212;11181
2026-06-08T13:32:42.0000000Z;5.362;5.3685;2312;11177
2026-06-08T13:32:43.0000000Z;5.363;5.3685;2312;11177
2026-06-08T13:32:44.0000000Z;5.363;5.3675;2312;900
2026-06-08T13:32:45.0000000Z;5.363;5.3685;2312;11177
2026-06-08T13:32:46.0000000Z;5.364;5.373;2312;11167
2026-06-08T13:32:47.0000000Z;5.365;5.373;2312;11167
2026-06-08T13:32:48.0000000Z;5.366;5.373;2312;11167
2026-06-08T13:32:49.0000000Z;5.366;5.372;2312;19635
2026-06-08T13:32:50.0000000Z;5.3655;5.369;3535;9313
2026-06-08T13:32:51.0000000Z;5.3635;5.369;2312;9313
2026-06-08T13:32:52.0000000Z;5.3635;5.369;3212;900
2026-06-08T13:32:53.0000000Z;5.3635;5.369;900;900
2026-06-08T13:32:54.0000000Z;5.3635;5.3685;3212;900
2026-06-08T13:32:55.0000000Z;5.364;5.3685;3429;42500
2026-06-08T13:32:56.0000000Z;5.364;5.3685;3535;42500
2026-06-08T13:32:57.0000000Z;5.363;5.368;2312;900
2026-06-08T13:32:58.0000000Z;5.3625;5.368;2312;900
2026-06-08T13:32:59.0000000Z;5.3625;5.368;2312;900
2026-06-08T13:33:00.0000000Z;5.3635;5.368;3535;42500
2026-06-08T13:33:01.0000000Z;5.364;5.3685;2312;900
2026-06-08T13:33:02.0000000Z;5.3645;5.3685;3287;900
2026-06-08T13:33:03.0000000Z;5.3645;5.368;3535;42500
2026-06-08T13:33:04.0000000Z;5.366;5.3685;3535;51814
2026-06-08T13:33:05.0000000Z;5.365;5.3685;3535;51814
2026-06-08T13:33:06.0000000Z;5.365;5.3685;3535;51814
2026-06-08T13:33:07.0000000Z;5.3655;5.3715;3535;900
2026-06-08T13:33:08.0000000Z;5.3655;5.3715;2312;900
2026-06-08T13:33:09.0000000Z;5.3665;5.3715;2312;900
2026-06-08T13:33:10.0000000Z;5.367;5.3715;3534;42500
2026-06-08T13:33:11.0000000Z;5.3685;5.3725;3253;11168
2026-06-08T13:33:12.0000000Z;5.3685;5.377;2312;11159
2026-06-08T13:33:13.0000000Z;5.3695;5.377;46035;11159
2026-06-08T13:33:14.0000000Z;5.369;5.376;2312;900
2026-06-08T13:33:15.0000000Z;5.3675;5.376;3212;900
2026-06-08T13:33:16.0000000Z;5.3685;5.375;2312;900
2026-06-08T13:33:17.0000000Z;5.3685;5.372;2312;9308
2026-06-08T13:33:18.0000000Z;5.3685;5.375;2312;900
2026-06-08T13:33:19.0000000Z;5.3685;5.3745;2312;900
2026-06-08T13:33:20.0000000Z;5.367;5.382;2777;464
2026-06-08T13:33:21.0000000Z;5.3665;5.382;2777;464
2026-06-08T13:33:22.0000000Z;5.367;5.3735;3535;9800
2026-06-08T13:33:23.0000000Z;5.3655;5.373;2312;900
2026-06-08T13:33:24.0000000Z;5.365;5.373;3212;900
2026-06-08T13:33:25.0000000Z;5.367;5.3725;3535;123
2026-06-08T13:33:26.0000000Z;5.3665;5.373;3535;900
2026-06-08T13:33:27.0000000Z;5.3645;5.3725;3212;9923
2026-06-08T13:33:28.0000000Z;5.3645;5.3715;2312;9800
2026-06-08T13:33:29.0000000Z;5.366;5.372;5780;503
2026-06-08T13:33:30.0000000Z;5.366;5.379;5780;464
2026-06-08T13:33:31.0000000Z;5.3665;5.372;1509;1171
2026-06-08T13:33:32.0000000Z;5.3605;5.37;2778;900
2026-06-08T13:33:33.0000000Z;5.3615;5.37;2312;900
2026-06-08T13:33:34.0000000Z;5.364;5.37;3535;42500
2026-06-08T13:33:35.0000000Z;5.3645;5.371;2312;11172
2026-06-08T13:33:36.0000000Z;5.3645;5.37;2312;42500
2026-06-08T13:33:37.0000000Z;5.366;5.37;3327;900
2026-06-08T13:33:38.0000000Z;5.3665;5.371;2312;11172
2026-06-08T13:33:39.0000000Z;5.3665;5.3705;2312;900
2026-06-08T13:33:40.0000000Z;5.366;5.3705;2312;900
2026-06-08T13:33:41.0000000Z;5.3665;5.3705;42500;51811
2026-06-08T13:33:42.0000000Z;5.3625;5.371;2312;11172
2026-06-08T13:33:43.0000000Z;5.361;5.3675;2312;197
2026-06-08T13:33:44.0000000Z;5.36;5.3675;2312;197
2026-06-08T13:33:45.0000000Z;5.362;5.368;900;42500
2026-06-08T13:33:46.0000000Z;5.363;5.368;3404;42500
2026-06-08T13:33:47.0000000Z;5.3635;5.368;900;12078
2026-06-08T13:33:48.0000000Z;5.364;5.368;2688;12078
2026-06-08T13:33:49.0000000Z;5.3575;5.3665;900;488
2026-06-08T13:33:50.0000000Z;5.3595;5.367;900;900
2026-06-08T13:33:51.0000000Z;5.357;5.367;2312;900
2026-06-08T13:33:52.0000000Z;5.361;5.3665;2046;805
2026-06-08T13:33:53.0000000Z;5.359;5.3665;2312;22009
2026-06-08T13:33:54.0000000Z;5.361;5.367;2312;11180
2026-06-08T13:33:55.0000000Z;5.361;5.3665;3212;42500
2026-06-08T13:33:56.0000000Z;5.3605;5.366;2312;900
2026-06-08T13:33:57.0000000Z;5.3615;5.366;2046;42500
2026-06-08T13:33:58.0000000Z;5.357;5.3665;900;11181
2026-06-08T13:33:59.0000000Z;5.3595;5.366;2679;593
2026-06-08T13:34:00.0000000Z;5.3595;5.3655;2907;900
2026-06-08T13:34:01.0000000Z;5.357;5.365;900;589
2026-06-08T13:34:02.0000000Z;5.36;5.3655;3524;900
2026-06-08T13:34:03.0000000Z;5.3555;5.366;2312;11182
2026-06-08T13:34:04.0000000Z;5.358;5.365;900;900
2026-06-08T13:34:05.0000000Z;5.358;5.365;900;900
2026-06-08T13:34:06.0000000Z;5.358;5.365;900;900
2026-06-08T13:34:07.0000000Z;5.358;5.366;900;11182
2026-06-08T13:34:08.0000000Z;5.3585;5.365;900;19649
2026-06-08T13:34:09.0000000Z;5.3585;5.365;900;42500
2026-06-08T13:34:10.0000000Z;5.3585;5.364;900;900
2026-06-08T13:34:11.0000000Z;5.361;5.364;3256;42500
2026-06-08T13:34:12.0000000Z;5.361;5.365;2872;11184
2026-06-08T13:34:13.0000000Z;5.36;5.364;8092;900
2026-06-08T13:34:14.0000000Z;5.36;5.365;8092;11184
2026-06-08T13:34:15.0000000Z;5.362;5.364;3535;42500
2026-06-08T13:34:16.0000000Z;5.3615;5.3675;2312;900
2026-06-08T13:34:17.0000000Z;5.36;5.367;2312;3386
2026-06-08T13:34:18.0000000Z;5.36;5.3645;2312;9321
2026-06-08T13:34:19.0000000Z;5.36;5.3655;2312;900
2026-06-08T13:34:20.0000000Z;5.3615;5.3645;3216;9321
2026-06-08T13:34:21.0000000Z;5.361;5.3645;2312;9321
2026-06-08T13:34:22.0000000Z;5.361;5.365;2312;900
2026-06-08T13:34:23.0000000Z;5.3605;5.365;2312;900
2026-06-08T13:34:24.0000000Z;5.362;5.365;3119;42500
2026-06-08T13:34:25.0000000Z;5.362;5.3685;2312;900
2026-06-08T13:34:26.0000000Z;5.3625;5.3685;900;900
2026-06-08T13:34:27.0000000Z;5.3635;5.3705;2312;900
2026-06-08T13:34:28.0000000Z;5.3635;5.3705;2312;900
2026-06-08T13:34:29.0000000Z;5.3635;5.3705;2312;900
2026-06-08T13:34:30.0000000Z;5.365;5.3655;3535;9319
2026-06-08T13:34:31.0000000Z;5.364;5.3705;2312;900
2026-06-08T13:34:32.0000000Z;5.364;5.3655;2312;9319
2026-06-08T13:34:33.0000000Z;5.364;5.3655;2312;9319
2026-06-08T13:34:34.0000000Z;5.364;5.3655;42500;9319
2026-06-08T13:34:35.0000000Z;5.366;5.366;2312;9319
2026-06-08T13:34:36.0000000Z;5.366;5.3705;2312;900
2026-06-08T13:34:37.0000000Z;5.3645;5.366;2312;9319
2026-06-08T13:34:38.0000000Z;5.3665;5.3705;2046;42500
2026-06-08T13:34:39.0000000Z;5.3645;5.3705;2312;900
2026-06-08T13:34:40.0000000Z;5.366;5.3715;3342;11171
2026-06-08T13:34:41.0000000Z;5.3645;5.3705;2312;900
2026-06-08T13:34:42.0000000Z;5.364;5.3715;2312;11171
2026-06-08T13:34:43.0000000Z;5.3675;5.3715;3535;11171
2026-06-08T13:34:44.0000000Z;5.367;5.371;2312;9310
2026-06-08T13:34:45.0000000Z;5.367;5.374;2312;900
2026-06-08T13:34:46.0000000Z;5.367;5.371;2312;9310
2026-06-08T13:34:47.0000000Z;5.368;5.3745;2312;1
2026-06-08T13:34:48.0000000Z;5.368;5.3735;2312;900
2026-06-08T13:34:49.0000000Z;5.368;5.3745;2312;900
2026-06-08T13:34:50.0000000Z;5.3695;5.3745;2312;11164
2026-06-08T13:34:51.0000000Z;5.3695;5.3735;2312;900
2026-06-08T13:34:52.0000000Z;5.3685;5.3735;2312;900
2026-06-08T13:34:53.0000000Z;5.3685;5.3735;2312;42500
2026-06-08T13:34:54.0000000Z;5.368;5.3735;2312;900
2026-06-08T13:34:55.0000000Z;5.367;5.3745;2312;11164
2026-06-08T13:34:56.0000000Z;5.368;5.3735;2312;900
2026-06-08T13:34:57.0000000Z;5.368;5.3735;2312;900
2026-06-08T13:34:58.0000000Z;5.369;5.3735;45628;900
2026-06-08T13:34:59.0000000Z;5.3685;5.3735;2312;900
2026-06-08T13:35:00.0000000Z;5.363;5.3745;11188;11164
2026-06-08T13:35:01.0000000Z;5.364;5.3745;900;11164
2026-06-08T13:35:02.0000000Z;5.364;5.3735;900;900
2026-06-08T13:35:03.0000000Z;5.364;5.373;900;600
2026-06-08T13:35:04.0000000Z;5.365;5.373;900;900
2026-06-08T13:35:05.0000000Z;5.369;5.3765;1536;11160
2026-06-08T13:35:06.0000000Z;5.3655;5.3755;900;900
2026-06-08T13:35:07.0000000Z;5.3655;5.3745;900;350
2026-06-08T13:35:08.0000000Z;5.3685;5.3765;3438;11160
2026-06-08T13:35:09.0000000Z;5.365;5.3755;900;900
2026-06-08T13:35:10.0000000Z;5.364;5.3765;11186;11160
2026-06-08T13:35:11.0000000Z;5.366;5.375;900;900
2026-06-08T13:35:12.0000000Z;5.365;5.375;11184;900
2026-06-08T13:35:13.0000000Z;5.366;5.376;900;11161
2026-06-08T13:35:14.0000000Z;5.366;5.375;900;900
2026-06-08T13:35:15.0000000Z;5.369;5.375;3535;42500
2026-06-08T13:35:16.0000000Z;5.3695;5.375;900;42500
2026-06-08T13:35:17.0000000Z;5.3695;5.3795;900;900
2026-06-08T13:35:18.0000000Z;5.3695;5.375;900;42500
2026-06-08T13:35:19.0000000Z;5.3695;5.379;900;900
2026-06-08T13:35:20.0000000Z;5.3695;5.3755;900;9302
2026-06-08T13:35:21.0000000Z;5.3695;5.3805;900;11152
2026-06-08T13:35:22.0000000Z;5.3695;5.3805;900;11152
2026-06-08T13:35:23.0000000Z;5.3695;5.3805;900;11152
2026-06-08T13:35:24.0000000Z;5.3695;5.3755;900;9302
2026-06-08T13:35:25.0000000Z;5.3695;5.3805;900;11152
2026-06-08T13:35:26.0000000Z;5.3715;5.3835;900;900
2026-06-08T13:35:27.0000000Z;5.372;5.3755;3535;9302
2026-06-08T13:35:28.0000000Z;5.3715;5.384;900;8465
2026-06-08T13:35:29.0000000Z;5.374;5.383;3535;570
2026-06-08T13:35:30.0000000Z;5.374;5.3825;3535;42962
2026-06-08T13:35:31.0000000Z;5.375;5.3835;3535;11146
2026-06-08T13:35:32.0000000Z;5.3745;5.3825;900;900
2026-06-08T13:35:33.0000000Z;5.3745;5.383;900;398
2026-06-08T13:35:34.0000000Z;5.3745;5.3825;900;860
2026-06-08T13:35:35.0000000Z;5.3745;5.3825;900;42790
2026-06-08T13:35:36.0000000Z;5.3745;5.3825;900;900
2026-06-08T13:35:37.0000000Z;5.3735;5.3835;11166;11146
2026-06-08T13:35:38.0000000Z;5.375;5.3825;3535;42500
2026-06-08T13:35:39.0000000Z;5.3685;5.382;3851;3386
2026-06-08T13:35:40.0000000Z;5.371;5.38;12072;900
2026-06-08T13:35:41.0000000Z;5.3735;5.383;3535;663
2026-06-08T13:35:42.0000000Z;5.373;5.385;900;11143
2026-06-08T13:35:43.0000000Z;5.3735;5.385;3412;11143
2026-06-08T13:35:44.0000000Z;5.375;5.384;3535;900
2026-06-08T13:35:45.0000000Z;5.375;5.383;900;663
2026-06-08T13:35:46.0000000Z;5.375;5.385;900;11143
2026-06-08T13:35:47.0000000Z;5.3755;5.384;3535;900
2026-06-08T13:35:48.0000000Z;5.375;5.3835;900;461
2026-06-08T13:35:49.0000000Z;5.3775;5.384;900;464
2026-06-08T13:35:50.0000000Z;5.3775;5.3845;900;900
2026-06-08T13:35:51.0000000Z;5.378;5.384;3535;464
2026-06-08T13:35:52.0000000Z;5.3775;5.3885;900;900
2026-06-08T13:35:53.0000000Z;5.379;5.384;3535;464
2026-06-08T13:35:54.0000000Z;5.3805;5.392;13335;11128
2026-06-08T13:35:55.0000000Z;5.382;5.384;3535;464
2026-06-08T13:35:56.0000000Z;5.383;5.396;11147;11120
2026-06-08T13:35:57.0000000Z;5.384;5.384;42500;464
2026-06-08T13:35:58.0000000Z;5.3845;5.3925;900;900
2026-06-08T13:35:59.0000000Z;5.385;5.3925;3535;900
2026-06-08T13:36:00.0000000Z;5.385;5.392;3535;892
2026-06-08T13:36:01.0000000Z;5.381;5.393;11151;11126
2026-06-08T13:36:02.0000000Z;5.382;5.3915;900;711
2026-06-08T13:36:03.0000000Z;5.382;5.3925;900;902
2026-06-08T13:36:04.0000000Z;5.3835;5.403;900;462
2026-06-08T13:36:05.0000000Z;5.3855;5.403;464;462
2026-06-08T13:36:06.0000000Z;5.3855;5.393;464;42500
2026-06-08T13:36:07.0000000Z;5.3885;5.3995;11135;9800
2026-06-08T13:36:08.0000000Z;5.3885;5.4005;11135;14497
2026-06-08T13:36:09.0000000Z;5.3885;5.4005;11135;11111
2026-06-08T13:36:10.0000000Z;5.39;5.3975;3535;42845
2026-06-08T13:36:11.0000000Z;5.3895;5.397;3535;685
2026-06-08T13:36:12.0000000Z;5.3855;5.396;900;898
2026-06-08T13:36:13.0000000Z;5.3895;5.396;3341;814
2026-06-08T13:36:14.0000000Z;5.385;5.3965;11143;1061
2026-06-08T13:36:15.0000000Z;5.3855;5.396;21245;463
2026-06-08T13:36:16.0000000Z;5.386;5.397;3535;11118
2026-06-08T13:36:17.0000000Z;5.386;5.395;3535;10397
2026-06-08T13:36:18.0000000Z;5.3845;5.396;11144;900
2026-06-08T13:36:19.0000000Z;5.385;5.3945;3535;10148
2026-06-08T13:36:20.0000000Z;5.384;5.3945;11503;53891
2026-06-08T13:36:21.0000000Z;5.385;5.391;2046;946
2026-06-08T13:36:22.0000000Z;5.384;5.39;42500;692
2026-06-08T13:36:23.0000000Z;5.3785;5.39;11153;11132
2026-06-08T13:36:24.0000000Z;5.378;5.3895;11617;21106
2026-06-08T13:36:25.0000000Z;5.38;5.39;900;21436
2026-06-08T13:36:26.0000000Z;5.383;5.3945;11147;463
2026-06-08T13:36:27.0000000Z;5.384;5.3935;900;900
2026-06-08T13:36:28.0000000Z;5.3835;5.3935;900;900
2026-06-08T13:36:29.0000000Z;5.383;5.393;11147;900
2026-06-08T13:36:30.0000000Z;5.383;5.393;11147;900
2026-06-08T13:36:31.0000000Z;5.383;5.393;11147;900
2026-06-08T13:36:32.0000000Z;5.3835;5.393;3535;900
2026-06-08T13:36:33.0000000Z;5.384;5.3915;3535;1187
2026-06-08T13:36:34.0000000Z;5.384;5.392;46035;11128
2026-06-08T13:36:35.0000000Z;5.3805;5.391;900;900
2026-06-08T13:36:36.0000000Z;5.3805;5.391;900;900
2026-06-08T13:36:37.0000000Z;5.3805;5.3905;900;668
2026-06-08T13:36:38.0000000Z;5.384;5.3905;3535;668
2026-06-08T13:36:39.0000000Z;5.3815;5.391;900;900
2026-06-08T13:36:40.0000000Z;5.3815;5.391;900;900
2026-06-08T13:36:41.0000000Z;5.3815;5.3905;900;864
2026-06-08T13:36:42.0000000Z;5.3805;5.3905;900;864
2026-06-08T13:36:43.0000000Z;5.3805;5.391;1364;900
2026-06-08T13:36:44.0000000Z;5.3805;5.391;1364;900
2026-06-08T13:36:45.0000000Z;5.3845;5.3935;11144;10752
2026-06-08T13:36:46.0000000Z;5.385;5.3925;3535;900
2026-06-08T13:36:47.0000000Z;5.385;5.3955;900;900
2026-06-08T13:36:48.0000000Z;5.3845;5.391;3535;42500
2026-06-08T13:36:49.0000000Z;5.385;5.3945;900;900
2026-06-08T13:36:50.0000000Z;5.385;5.394;22994;900
2026-06-08T13:36:51.0000000Z;5.3855;5.391;3535;42500
2026-06-08T13:36:52.0000000Z;5.386;5.396;900;11120
2026-06-08T13:36:53.0000000Z;5.385;5.395;11143;900
2026-06-08T13:36:54.0000000Z;5.3855;5.3945;10507;57361
2026-06-08T13:36:55.0000000Z;5.3815;5.3935;11150;900
2026-06-08T13:36:56.0000000Z;5.3825;5.3935;900;900
2026-06-08T13:36:57.0000000Z;5.3825;5.3935;900;900
2026-06-08T13:36:58.0000000Z;5.3815;5.393;11150;3407
2026-06-08T13:36:59.0000000Z;5.3825;5.392;900;900
2026-06-08T13:37:00.0000000Z;5.3825;5.3915;900;606
2026-06-08T13:37:01.0000000Z;5.382;5.392;14540;14530
2026-06-08T13:37:02.0000000Z;5.38;5.3895;14114;11123
2026-06-08T13:37:03.0000000Z;5.3745;5.3865;11164;11123
2026-06-08T13:37:04.0000000Z;5.375;5.3855;34804;825
2026-06-08T13:37:05.0000000Z;5.377;5.385;11159;183
2026-06-08T13:37:06.0000000Z;5.378;5.3845;900;900
2026-06-08T13:37:07.0000000Z;5.378;5.3845;900;900
2026-06-08T13:37:08.0000000Z;5.377;5.3845;11159;900
2026-06-08T13:37:09.0000000Z;5.378;5.3845;900;900
2026-06-08T13:37:10.0000000Z;5.378;5.3855;900;11142
2026-06-08T13:37:11.0000000Z;5.378;5.3855;900;11142
2026-06-08T13:37:12.0000000Z;5.378;5.3845;900;900
2026-06-08T13:37:13.0000000Z;5.378;5.3845;900;900
2026-06-08T13:37:14.0000000Z;5.378;5.3855;900;11142
2026-06-08T13:37:15.0000000Z;5.378;5.3845;900;900
2026-06-08T13:37:16.0000000Z;5.378;5.3845;900;900
2026-06-08T13:37:17.0000000Z;5.378;5.3845;900;42500
2026-06-08T13:37:18.0000000Z;5.378;5.3845;900;900
2026-06-08T13:37:20.0000000Z;5.377;5.3855;11159;11142
2026-06-08T13:37:21.0000000Z;5.3775;5.3845;900;900
2026-06-08T13:37:22.0000000Z;5.3775;5.3845;900;900
2026-06-08T13:37:23.0000000Z;5.378;5.3845;3535;900
2026-06-08T13:37:24.0000000Z;5.377;5.3855;11159;11142
2026-06-08T13:37:25.0000000Z;5.373;5.3825;900;689
2026-06-08T13:37:26.0000000Z;5.3735;5.383;3535;900
2026-06-08T13:37:27.0000000Z;5.3735;5.383;3535;900
2026-06-08T13:37:28.0000000Z;5.375;5.383;3535;42500
2026-06-08T13:37:29.0000000Z;5.3745;5.3845;9365;900
2026-06-08T13:37:30.0000000Z;5.375;5.383;3535;42500
2026-06-08T13:37:31.0000000Z;5.375;5.385;3535;900
2026-06-08T13:37:32.0000000Z;5.3745;5.385;900;900
2026-06-08T13:37:33.0000000Z;5.375;5.385;3535;900
2026-06-08T13:37:34.0000000Z;5.3745;5.386;900;11140
2026-06-08T13:37:35.0000000Z;5.3745;5.3855;900;8465
2026-06-08T13:37:36.0000000Z;5.375;5.3845;3535;900
2026-06-08T13:37:37.0000000Z;5.376;5.386;3535;11140
2026-06-08T13:37:38.0000000Z;5.3755;5.3845;3535;589
2026-06-08T13:37:39.0000000Z;5.3755;5.385;3535;9286
2026-06-08T13:37:40.0000000Z;5.3755;5.384;3535;900
2026-06-08T13:37:41.0000000Z;5.3755;5.384;11162;333
2026-06-08T13:37:42.0000000Z;5.3755;5.384;11162;900
2026-06-08T13:37:43.0000000Z;5.376;5.384;3535;900
2026-06-08T13:37:44.0000000Z;5.376;5.384;3535;900
2026-06-08T13:37:45.0000000Z;5.3745;5.382;3523;849
2026-06-08T13:37:46.0000000Z;5.3745;5.383;3523;1056
2026-06-08T13:37:47.0000000Z;5.372;5.3825;900;900
2026-06-08T13:37:48.0000000Z;5.3745;5.382;3523;676
2026-06-08T13:37:49.0000000Z;5.3725;5.382;3535;676
2026-06-08T13:37:50.0000000Z;5.371;5.3835;11172;11146
2026-06-08T13:37:51.0000000Z;5.372;5.3805;3535;1461
2026-06-08T13:37:52.0000000Z;5.3675;5.382;465;44281
2026-06-08T13:37:53.0000000Z;5.368;5.38;11178;11153
2026-06-08T13:37:54.0000000Z;5.369;5.379;900;900
2026-06-08T13:37:55.0000000Z;5.369;5.3795;900;939
2026-06-08T13:37:56.0000000Z;5.368;5.3785;11178;723
2026-06-08T13:37:57.0000000Z;5.369;5.3785;900;574
2026-06-08T13:37:58.0000000Z;5.368;5.3795;14564;1079
2026-06-08T13:37:59.0000000Z;5.369;5.3795;900;885
2026-06-08T13:38:00.0000000Z;5.369;5.379;900;900
2026-06-08T13:38:01.0000000Z;5.369;5.38;900;11153
2026-06-08T13:38:02.0000000Z;5.369;5.379;900;900
2026-06-08T13:38:03.0000000Z;5.369;5.38;900;11153
2026-06-08T13:38:04.0000000Z;5.3735;5.384;900;3386
2026-06-08T13:38:05.0000000Z;5.373;5.382;900;900
2026-06-08T13:38:06.0000000Z;5.372;5.382;900;900
2026-06-08T13:38:07.0000000Z;5.3725;5.383;900;11147
2026-06-08T13:38:08.0000000Z;5.3725;5.382;900;900
2026-06-08T13:38:09.0000000Z;5.373;5.38;900;900
2026-06-08T13:38:10.0000000Z;5.3695;5.3805;11175;900
2026-06-08T13:38:11.0000000Z;5.3705;5.3805;700;900
2026-06-08T13:38:12.0000000Z;5.371;5.391;465;463
2026-06-08T13:38:13.0000000Z;5.374;5.3855;900;11142
2026-06-08T13:38:14.0000000Z;5.3735;5.3845;3535;34309
2026-06-08T13:38:15.0000000Z;5.3705;5.3825;11867;11142
2026-06-08T13:38:16.0000000Z;5.371;5.3805;3535;589
2026-06-08T13:38:17.0000000Z;5.373;5.381;900;900
2026-06-08T13:38:18.0000000Z;5.374;5.3805;3535;589
2026-06-08T13:38:19.0000000Z;5.3745;5.387;11164;31295
2026-06-08T13:38:20.0000000Z;5.376;5.381;3535;9292
2026-06-08T13:38:21.0000000Z;5.3755;5.381;900;9292
2026-06-08T13:38:22.0000000Z;5.375;5.387;3535;11138
2026-06-08T13:38:23.0000000Z;5.3755;5.386;900;900
2026-06-08T13:38:24.0000000Z;5.375;5.3845;900;900
2026-06-08T13:38:25.0000000Z;5.375;5.3845;900;900
2026-06-08T13:38:26.0000000Z;5.375;5.3845;900;900
2026-06-08T13:38:27.0000000Z;5.376;5.3855;3535;900
2026-06-08T13:38:28.0000000Z;5.3755;5.385;900;900
2026-06-08T13:38:29.0000000Z;5.3765;5.385;3535;900
2026-06-08T13:38:30.0000000Z;5.377;5.3895;12059;45581
2026-06-08T13:38:31.0000000Z;5.377;5.39;11159;11132
2026-06-08T13:38:32.0000000Z;5.378;5.389;900;900
2026-06-08T13:38:33.0000000Z;5.378;5.389;900;900
2026-06-08T13:38:34.0000000Z;5.378;5.385;900;9286
2026-06-08T13:38:35.0000000Z;5.378;5.389;900;900
2026-06-08T13:38:36.0000000Z;5.378;5.385;900;9286
2026-06-08T13:38:37.0000000Z;5.378;5.39;900;11132
2026-06-08T13:38:38.0000000Z;5.3775;5.385;3535;9286
2026-06-08T13:38:39.0000000Z;5.377;5.385;11159;9286
2026-06-08T13:38:40.0000000Z;5.378;5.389;900;900
2026-06-08T13:38:41.0000000Z;5.378;5.389;3535;900
2026-06-08T13:38:42.0000000Z;5.378;5.3875;900;900
2026-06-08T13:38:43.0000000Z;5.3755;5.387;15323;38781
2026-06-08T13:38:44.0000000Z;5.373;5.3855;11167;900
2026-06-08T13:38:45.0000000Z;5.378;5.3855;3535;900
2026-06-08T13:38:46.0000000Z;5.374;5.3835;900;718
2026-06-08T13:38:47.0000000Z;5.373;5.3835;11167;3874
2026-06-08T13:38:48.0000000Z;5.374;5.3825;900;306
2026-06-08T13:38:49.0000000Z;5.374;5.3845;900;900
2026-06-08T13:38:50.0000000Z;5.374;5.3845;900;900
2026-06-08T13:38:51.0000000Z;5.374;5.386;900;900
2026-06-08T13:38:52.0000000Z;5.374;5.3845;900;900
2026-06-08T13:38:53.0000000Z;5.374;5.3845;900;900
2026-06-08T13:38:54.0000000Z;5.373;5.383;11167;900
2026-06-08T13:38:55.0000000Z;5.3745;5.3825;3535;289
2026-06-08T13:38:56.0000000Z;5.374;5.385;900;900
2026-06-08T13:38:57.0000000Z;5.374;5.386;900;3850
2026-06-08T13:38:58.0000000Z;5.374;5.3845;12065;900
2026-06-08T13:38:59.0000000Z;5.3745;5.3845;3535;736
2026-06-08T13:38:59.0000000Z;5.374;5.3855;11165;11142
2026-06-08T13:39:00.0000000Z;5.375;5.384;3535;826
2026-06-08T13:39:01.0000000Z;5.3755;5.3835;900;313
2026-06-08T13:39:02.0000000Z;5.376;5.3835;3535;42813
2026-06-08T13:39:03.0000000Z;5.3755;5.383;900;205
2026-06-08T13:39:04.0000000Z;5.376;5.383;900;900
2026-06-08T13:39:05.0000000Z;5.376;5.3835;900;11137
2026-06-08T13:39:06.0000000Z;5.376;5.3865;900;3386
2026-06-08T13:39:07.0000000Z;5.376;5.3835;900;900
2026-06-08T13:39:08.0000000Z;5.376;5.3835;900;900
2026-06-08T13:39:09.0000000Z;5.376;5.3835;900;900
2026-06-08T13:39:10.0000000Z;5.376;5.3835;900;900
2026-06-08T13:39:11.0000000Z;5.375;5.3825;900;900
2026-06-08T13:39:12.0000000Z;5.3705;5.381;900;900
2026-06-08T13:39:13.0000000Z;5.37;5.38;18257;900
2026-06-08T13:39:14.0000000Z;5.3685;5.379;11177;19620
2026-06-08T13:39:15.0000000Z;5.3695;5.378;900;900
2026-06-08T13:39:16.0000000Z;5.3695;5.3785;900;900
2026-06-08T13:39:17.0000000Z;5.3695;5.3785;900;900
2026-06-08T13:39:18.0000000Z;5.3695;5.378;900;900
2026-06-08T13:39:19.0000000Z;5.3695;5.378;900;900
2026-06-08T13:39:20.0000000Z;5.3695;5.378;900;900
2026-06-08T13:39:21.0000000Z;5.3695;5.378;900;900
2026-06-08T13:39:22.0000000Z;5.3695;5.379;900;11155
2026-06-08T13:39:23.0000000Z;5.371;5.391;465;463
2026-06-08T13:39:24.0000000Z;5.3735;5.387;900;900
2026-06-08T13:39:25.0000000Z;5.376;5.378;900;42500
2026-06-08T13:39:26.0000000Z;5.3765;5.3795;3535;9295
2026-06-08T13:39:27.0000000Z;5.376;5.3795;900;9295
2026-06-08T13:39:28.0000000Z;5.376;5.386;900;900
2026-06-08T13:39:29.0000000Z;5.3765;5.386;3535;900
2026-06-08T13:39:30.0000000Z;5.376;5.3865;900;908
2026-06-08T13:39:31.0000000Z;5.376;5.386;900;900
2026-06-08T13:39:32.0000000Z;5.376;5.386;900;900
2026-06-08T13:39:33.0000000Z;5.376;5.387;900;11138
2026-06-08T13:39:34.0000000Z;5.376;5.3855;900;717
2026-06-08T13:39:35.0000000Z;5.376;5.386;900;900
2026-06-08T13:39:36.0000000Z;5.376;5.386;900;900
2026-06-08T13:39:37.0000000Z;5.376;5.386;900;900
2026-06-08T13:39:38.0000000Z;5.376;5.386;900;900
2026-06-08T13:39:39.0000000Z;5.376;5.386;900;900
2026-06-08T13:39:40.0000000Z;5.375;5.386;11163;900
2026-06-08T13:39:41.0000000Z;5.376;5.386;900;900
2026-06-08T13:39:42.0000000Z;5.3755;5.386;900;900
2026-06-08T13:39:43.0000000Z;5.3755;5.386;900;900
2026-06-08T13:39:44.0000000Z;5.3755;5.386;900;900
2026-06-08T13:39:45.0000000Z;5.3755;5.3825;3495;10076
2026-06-08T13:39:46.0000000Z;5.375;5.383;42500;11147
2026-06-08T13:39:47.0000000Z;5.3695;5.3785;900;693
2026-06-08T13:39:48.0000000Z;5.368;5.3785;11178;693
2026-06-08T13:39:49.0000000Z;5.368;5.3785;11178;693
2026-06-08T13:39:50.0000000Z;5.368;5.3805;11178;11152
2026-06-08T13:39:51.0000000Z;5.368;5.3805;11178;11152
2026-06-08T13:39:52.0000000Z;5.369;5.3795;900;900
2026-06-08T13:39:53.0000000Z;5.3685;5.3795;465;900
2026-06-08T13:39:54.0000000Z;5.369;5.3795;900;900
2026-06-08T13:39:55.0000000Z;5.369;5.3795;900;900
2026-06-08T13:39:56.0000000Z;5.365;5.3795;465;11152
2026-06-08T13:39:57.0000000Z;5.3645;5.3735;11185;341
2026-06-08T13:39:58.0000000Z;5.369;5.3735;2046;297
2026-06-08T13:39:59.0000000Z;5.369;5.3735;2046;42797
2026-06-08T13:40:00.0000000Z;5.3655;5.373;900;213
2026-06-08T13:40:01.0000000Z;5.369;5.3745;2046;11164
2026-06-08T13:40:02.0000000Z;5.3655;5.3745;900;11164
2026-06-08T13:40:03.0000000Z;5.3635;5.382;466;35598
2026-06-08T13:40:04.0000000Z;5.3655;5.3765;14595;900
2026-06-08T13:40:05.0000000Z;5.3655;5.3765;14595;900
2026-06-08T13:40:06.0000000Z;5.3655;5.376;11183;780
2026-06-08T13:40:07.0000000Z;5.366;5.3755;3535;583
2026-06-08T13:40:08.0000000Z;5.3665;5.376;900;900
2026-06-08T13:40:09.0000000Z;5.367;5.3745;3535;310
2026-06-08T13:40:10.0000000Z;5.364;5.3755;3386;20789
2026-06-08T13:40:11.0000000Z;5.367;5.374;3535;290
2026-06-08T13:40:12.0000000Z;5.3675;5.374;3535;290
2026-06-08T13:40:13.0000000Z;5.3675;5.3745;3535;900
2026-06-08T13:40:14.0000000Z;5.3675;5.3745;3535;191
2026-06-08T13:40:15.0000000Z;5.3675;5.3745;3535;900
2026-06-08T13:40:16.0000000Z;5.366;5.3755;11182;11162
2026-06-08T13:40:17.0000000Z;5.367;5.3755;900;11162
2026-06-08T13:40:18.0000000Z;5.3685;5.376;900;10822
2026-06-08T13:40:19.0000000Z;5.3685;5.378;900;9983
2026-06-08T13:40:20.0000000Z;5.3685;5.3745;900;42500
2026-06-08T13:40:21.0000000Z;5.3695;5.379;3386;19620
2026-06-08T13:40:22.0000000Z;5.3715;5.375;3535;9303
2026-06-08T13:40:23.0000000Z;5.37;5.375;8465;9303
2026-06-08T13:40:24.0000000Z;5.372;5.3785;3535;17973
2026-06-08T13:40:25.0000000Z;5.3715;5.379;900;900
2026-06-08T13:40:26.0000000Z;5.3715;5.375;46035;9303
2026-06-08T13:40:27.0000000Z;5.371;5.375;3535;9303
2026-06-08T13:40:28.0000000Z;5.371;5.38;3535;11153
2026-06-08T13:40:29.0000000Z;5.3725;5.3795;900;900
2026-06-08T13:40:30.0000000Z;5.3725;5.379;900;42500
2026-06-08T13:40:31.0000000Z;5.3725;5.384;900;11145
2026-06-08T13:40:32.0000000Z;5.3725;5.384;900;11145
2026-06-08T13:40:33.0000000Z;5.3725;5.383;900;900
2026-06-08T13:40:34.0000000Z;5.3725;5.383;900;900
2026-06-08T13:40:35.0000000Z;5.3725;5.384;900;11145
2026-06-08T13:40:36.0000000Z;5.373;5.3955;465;463
2026-06-08T13:40:37.0000000Z;5.3745;5.399;465;463
2026-06-08T13:40:38.0000000Z;5.3745;5.399;465;463
2026-06-08T13:40:39.0000000Z;5.376;5.3975;465;463
2026-06-08T13:40:40.0000000Z;5.371;5.3955;465;463
2026-06-08T13:40:41.0000000Z;5.371;5.3805;465;9293
2026-06-08T13:40:42.0000000Z;5.378;5.3935;3535;1489
2026-06-08T13:40:43.0000000Z;5.367;5.384;465;312
2026-06-08T13:40:44.0000000Z;5.368;5.394;3851;3849
2026-06-08T13:40:45.0000000Z;5.3715;5.394;3535;3849
2026-06-08T13:40:46.0000000Z;5.3715;5.382;13335;476
2026-06-08T13:40:47.0000000Z;5.371;5.3825;465;11148
2026-06-08T13:40:48.0000000Z;5.371;5.3825;465;11148
2026-06-08T13:40:49.0000000Z;5.371;5.382;465;476
2026-06-08T13:40:50.0000000Z;5.372;5.381;3535;572
2026-06-08T13:40:51.0000000Z;5.3715;5.3825;900;11148
2026-06-08T13:40:52.0000000Z;5.3715;5.3825;900;11148
2026-06-08T13:40:53.0000000Z;5.3715;5.381;900;399
2026-06-08T13:40:54.0000000Z;5.3715;5.381;900;399
2026-06-08T13:40:55.0000000Z;5.371;5.382;465;1040
2026-06-08T13:40:56.0000000Z;5.3725;5.381;3535;474
2026-06-08T13:40:57.0000000Z;5.372;5.381;900;474
2026-06-08T13:40:58.0000000Z;5.3725;5.3815;3535;900
2026-06-08T13:40:59.0000000Z;5.3715;5.3815;900;19615
2026-06-08T13:41:00.0000000Z;5.3705;5.3805;11173;900
2026-06-08T13:41:01.0000000Z;5.368;5.3815;19622;3386
2026-06-08T13:41:02.0000000Z;5.372;5.3785;2046;1078
2026-06-08T13:41:03.0000000Z;5.368;5.3775;900;42500
2026-06-08T13:41:04.0000000Z;5.368;5.377;900;900
2026-06-08T13:41:05.0000000Z;5.368;5.377;900;4280
2026-06-08T13:41:06.0000000Z;5.3685;5.3765;3535;575
2026-06-08T13:41:07.0000000Z;5.368;5.377;900;900
2026-06-08T13:41:08.0000000Z;5.3685;5.3765;3535;575
2026-06-08T13:41:09.0000000Z;5.369;5.376;3535;52544
2026-06-08T13:41:10.0000000Z;5.3685;5.374;900;900
2026-06-08T13:41:11.0000000Z;5.3655;5.375;900;11163
2026-06-08T13:41:12.0000000Z;5.3655;5.374;900;900
2026-06-08T13:41:13.0000000Z;5.3655;5.374;900;900
2026-06-08T13:41:14.0000000Z;5.3655;5.3735;900;341
2026-06-08T13:41:15.0000000Z;5.3645;5.374;11185;900
2026-06-08T13:41:16.0000000Z;5.3655;5.3735;900;341
2026-06-08T13:41:17.0000000Z;5.3645;5.374;11185;900
2026-06-08T13:41:18.0000000Z;5.3655;5.374;900;900
2026-06-08T13:41:19.0000000Z;5.3655;5.374;900;900
2026-06-08T13:41:20.0000000Z;5.3655;5.374;900;900
2026-06-08T13:41:21.0000000Z;5.3655;5.374;900;42926
2026-06-08T13:41:22.0000000Z;5.3655;5.374;900;900
2026-06-08T13:41:23.0000000Z;5.3655;5.375;900;11163
2026-06-08T13:41:24.0000000Z;5.3685;5.3755;900;900
2026-06-08T13:41:25.0000000Z;5.3675;5.3795;11179;11154
2026-06-08T13:41:26.0000000Z;5.3695;5.378;900;900
2026-06-08T13:41:27.0000000Z;5.37;5.3745;3535;9304
2026-06-08T13:41:28.0000000Z;5.3695;5.3745;900;9304
2026-06-08T13:41:29.0000000Z;5.37;5.3745;3535;9304
2026-06-08T13:41:30.0000000Z;5.37;5.38;13335;11153
2026-06-08T13:41:31.0000000Z;5.3695;5.3745;19640;9304
2026-06-08T13:41:32.0000000Z;5.371;5.3745;3535;9304
2026-06-08T13:41:33.0000000Z;5.3725;5.3745;3535;9304
2026-06-08T13:41:34.0000000Z;5.373;5.383;3535;900
2026-06-08T13:41:35.0000000Z;5.373;5.3815;3535;389
2026-06-08T13:41:36.0000000Z;5.3735;5.3815;3535;463
2026-06-08T13:41:37.0000000Z;5.372;5.3825;11170;8465
2026-06-08T13:41:38.0000000Z;5.373;5.381;900;488
2026-06-08T13:41:39.0000000Z;5.373;5.381;900;900
2026-06-08T13:41:40.0000000Z;5.373;5.382;900;11149
2026-06-08T13:41:41.0000000Z;5.3735;5.381;3535;42500
2026-06-08T13:41:42.0000000Z;5.369;5.382;11176;11149
2026-06-08T13:41:43.0000000Z;5.374;5.38;42500;808
2026-06-08T13:41:44.0000000Z;5.37;5.379;900;445
2026-06-08T13:41:45.0000000Z;5.3725;5.379;3045;618
2026-06-08T13:41:46.0000000Z;5.3705;5.379;3535;618
2026-06-08T13:41:47.0000000Z;5.37;5.379;900;900
2026-06-08T13:41:48.0000000Z;5.37;5.3795;900;900
2026-06-08T13:41:49.0000000Z;5.3705;5.3795;3535;900
2026-06-08T13:41:50.0000000Z;5.3705;5.3795;3535;900
2026-06-08T13:41:51.0000000Z;5.37;5.3765;2901;42687
2026-06-08T13:41:52.0000000Z;5.3655;5.376;11183;11161
2026-06-08T13:41:53.0000000Z;5.37;5.375;44546;42949
2026-06-08T13:41:54.0000000Z;5.3665;5.375;900;900
2026-06-08T13:41:55.0000000Z;5.3665;5.375;900;900
2026-06-08T13:41:56.0000000Z;5.3665;5.376;900;11161
2026-06-08T13:41:57.0000000Z;5.3665;5.3755;900;900
2026-06-08T13:41:58.0000000Z;5.3665;5.3755;900;900
2026-06-08T13:41:59.0000000Z;5.3665;5.376;900;11161
2026-06-08T13:42:00.0000000Z;5.3665;5.375;25870;900
2026-06-08T13:42:01.0000000Z;5.3655;5.376;11183;11161
2026-06-08T13:42:02.0000000Z;5.3665;5.376;900;11161
2026-06-08T13:42:03.0000000Z;5.369;5.38;900;8929
2026-06-08T13:42:04.0000000Z;5.369;5.3805;900;11152
2026-06-08T13:42:05.0000000Z;5.369;5.3795;900;900
2026-06-08T13:42:06.0000000Z;5.369;5.376;900;9301
2026-06-08T13:42:07.0000000Z;5.369;5.38;900;464
2026-06-08T13:42:08.0000000Z;5.369;5.3795;900;900
2026-06-08T13:42:09.0000000Z;5.3735;5.3855;900;11142
2026-06-08T13:42:10.0000000Z;5.3725;5.384;11168;900
2026-06-08T13:42:11.0000000Z;5.3725;5.384;11168;900
2026-06-08T13:42:12.0000000Z;5.374;5.384;3535;900
2026-06-08T13:42:13.0000000Z;5.3735;5.384;900;900
2026-06-08T13:42:14.0000000Z;5.3725;5.3855;11168;11142
2026-06-08T13:42:15.0000000Z;5.3735;5.3845;900;900
2026-06-08T13:42:16.0000000Z;5.3735;5.3845;900;900
2026-06-08T13:42:17.0000000Z;5.3735;5.381;900;9292
2026-06-08T13:42:18.0000000Z;5.3735;5.3845;900;900
2026-06-08T13:42:19.0000000Z;5.3735;5.3845;900;900
2026-06-08T13:42:20.0000000Z;5.374;5.3845;3535;900
2026-06-08T13:42:21.0000000Z;5.3735;5.3845;900;900
2026-06-08T13:42:22.0000000Z;5.3725;5.3845;11168;900
2026-06-08T13:42:23.0000000Z;5.3735;5.3845;900;900
2026-06-08T13:42:24.0000000Z;5.3735;5.3845;900;1364
2026-06-08T13:42:25.0000000Z;5.3735;5.3835;900;900
2026-06-08T13:42:26.0000000Z;5.3725;5.3835;11168;900
2026-06-08T13:42:27.0000000Z;5.3735;5.3835;900;900
2026-06-08T13:42:28.0000000Z;5.3735;5.3835;900;900
2026-06-08T13:42:29.0000000Z;5.3735;5.3835;900;900
2026-06-08T13:42:30.0000000Z;5.3735;5.382;900;900
2026-06-08T13:42:31.0000000Z;5.3725;5.3815;11168;358
2026-06-08T13:42:32.0000000Z;5.3725;5.3815;11168;224
2026-06-08T13:42:33.0000000Z;5.374;5.382;900;900
2026-06-08T13:42:34.0000000Z;5.3735;5.3815;900;900
2026-06-08T13:42:35.0000000Z;5.3735;5.382;900;900
2026-06-08T13:42:36.0000000Z;5.3735;5.383;900;11147
2026-06-08T13:42:37.0000000Z;5.3735;5.383;900;11147
2026-06-08T13:42:38.0000000Z;5.376;5.384;900;900
2026-06-08T13:42:39.0000000Z;5.376;5.384;900;900
2026-06-08T13:42:40.0000000Z;5.3745;5.3845;11164;11144
2026-06-08T13:42:41.0000000Z;5.3755;5.3835;900;900
2026-06-08T13:42:42.0000000Z;5.3745;5.3845;11164;11144
2026-06-08T13:42:43.0000000Z;5.3755;5.3845;900;11144
2026-06-08T13:42:44.0000000Z;5.3755;5.3835;900;900
2026-06-08T13:42:45.0000000Z;5.3755;5.3845;900;48226
2026-06-08T13:42:46.0000000Z;5.376;5.383;3535;333
2026-06-08T13:42:47.0000000Z;5.3755;5.3835;900;900
2026-06-08T13:42:48.0000000Z;5.375;5.383;465;333
2026-06-08T13:42:49.0000000Z;5.3755;5.383;900;333
2026-06-08T13:42:50.0000000Z;5.376;5.3835;3535;900
2026-06-08T13:42:51.0000000Z;5.376;5.3835;3535;900
2026-06-08T13:42:52.0000000Z;5.3755;5.3835;900;900
2026-06-08T13:42:53.0000000Z;5.3745;5.3835;11164;900
2026-06-08T13:42:54.0000000Z;5.3755;5.3835;900;900
2026-06-08T13:42:55.0000000Z;5.3755;5.3835;900;900
2026-06-08T13:42:56.0000000Z;5.3745;5.3845;11164;22813
2026-06-08T13:42:57.0000000Z;5.3745;5.3845;11164;22813
2026-06-08T13:42:58.0000000Z;5.3755;5.3835;900;900
2026-06-08T13:42:59.0000000Z;5.3755;5.3835;900;900
2026-06-08T13:43:00.0000000Z;5.376;5.383;3535;333
2026-06-08T13:43:01.0000000Z;5.37;5.38;900;671
2026-06-08T13:43:02.0000000Z;5.3685;5.378;10748;11157
2026-06-08T13:43:03.0000000Z;5.366;5.377;11648;900
2026-06-08T13:43:04.0000000Z;5.366;5.3775;900;1184
2026-06-08T13:43:05.0000000Z;5.366;5.3765;22066;834
2026-06-08T13:43:06.0000000Z;5.368;5.3775;900;900
2026-06-08T13:43:07.0000000Z;5.368;5.3775;900;900
2026-06-08T13:43:08.0000000Z;5.374;5.377;9305;423
2026-06-08T13:43:09.0000000Z;5.368;5.3775;900;900
2026-06-08T13:43:10.0000000Z;5.3695;5.3775;900;900
2026-06-08T13:43:11.0000000Z;5.367;5.3785;11180;11156
2026-06-08T13:43:12.0000000Z;5.368;5.3775;900;900
2026-06-08T13:43:13.0000000Z;5.368;5.3785;900;11156
2026-06-08T13:43:14.0000000Z;5.368;5.3775;900;900
2026-06-08T13:43:15.0000000Z;5.368;5.377;900;447
2026-06-08T13:43:16.0000000Z;5.3685;5.3775;3535;900
2026-06-08T13:43:17.0000000Z;5.368;5.3775;900;900
2026-06-08T13:43:18.0000000Z;5.368;5.377;900;447
2026-06-08T13:43:19.0000000Z;5.368;5.3785;900;11156
2026-06-08T13:43:20.0000000Z;5.368;5.377;900;423
2026-06-08T13:43:21.0000000Z;5.368;5.377;900;423
2026-06-08T13:43:22.0000000Z;5.3655;5.3775;30465;19623
2026-06-08T13:43:23.0000000Z;5.3665;5.3765;900;10672
2026-06-08T13:43:24.0000000Z;5.367;5.3755;3535;24175
2026-06-08T13:43:25.0000000Z;5.364;5.3745;8465;8465
2026-06-08T13:43:26.0000000Z;5.3665;5.374;3535;834
2026-06-08T13:43:27.0000000Z;5.364;5.374;17963;23016
2026-06-08T13:43:28.0000000Z;5.3635;5.3735;19652;8465
2026-06-08T13:43:29.0000000Z;5.3645;5.373;900;489
2026-06-08T13:43:30.0000000Z;5.3645;5.374;900;11165
2026-06-08T13:43:31.0000000Z;5.3675;5.3785;900;11851
2026-06-08T13:43:32.0000000Z;5.367;5.3775;33189;19623
2026-06-08T13:43:33.0000000Z;5.367;5.3765;19645;900
2026-06-08T13:43:34.0000000Z;5.368;5.3775;900;11158
2026-06-08T13:43:35.0000000Z;5.368;5.3765;900;900
2026-06-08T13:43:36.0000000Z;5.368;5.3775;900;24664
2026-06-08T13:43:37.0000000Z;5.369;5.38;8465;3386
2026-06-08T13:43:38.0000000Z;5.3705;5.378;3535;900
2026-06-08T13:43:39.0000000Z;5.37;5.3805;900;11152
2026-06-08T13:43:40.0000000Z;5.369;5.3795;900;900
2026-06-08T13:43:41.0000000Z;5.3705;5.3805;3535;11152
2026-06-08T13:43:42.0000000Z;5.37;5.3795;900;900
2026-06-08T13:43:43.0000000Z;5.37;5.3795;900;900
2026-06-08T13:43:44.0000000Z;5.37;5.3795;900;900
2026-06-08T13:43:45.0000000Z;5.37;5.3795;900;900
2026-06-08T13:43:46.0000000Z;5.37;5.3795;900;900
2026-06-08T13:43:47.0000000Z;5.369;5.3795;11176;900
2026-06-08T13:43:48.0000000Z;5.369;5.3795;11176;1364
2026-06-08T13:43:49.0000000Z;5.366;5.3765;3386;824
2026-06-08T13:43:50.0000000Z;5.367;5.376;900;900
2026-06-08T13:43:51.0000000Z;5.3695;5.3755;3349;726
2026-06-08T13:43:52.0000000Z;5.367;5.376;900;900
2026-06-08T13:43:53.0000000Z;5.3685;5.376;900;900
2026-06-08T13:43:54.0000000Z;5.368;5.377;900;11159
2026-06-08T13:43:55.0000000Z;5.369;5.3755;3535;726
2026-06-08T13:43:56.0000000Z;5.368;5.3755;900;726
2026-06-08T13:43:57.0000000Z;5.368;5.3755;900;726
2026-06-08T13:43:58.0000000Z;5.368;5.3755;900;726
2026-06-08T13:43:59.0000000Z;5.368;5.377;900;11159
2026-06-08T13:44:00.0000000Z;5.3695;5.3865;465;464
2026-06-08T13:44:01.0000000Z;5.372;5.382;900;900
2026-06-08T13:44:02.0000000Z;5.372;5.383;900;11147
2026-06-08T13:44:03.0000000Z;5.3725;5.3815;3535;572
2026-06-08T13:44:04.0000000Z;5.372;5.383;19635;11147
2026-06-08T13:44:05.0000000Z;5.3725;5.382;10004;39817
2026-06-08T13:44:06.0000000Z;5.369;5.382;465;11149
2026-06-08T13:44:07.0000000Z;5.3695;5.381;900;900
2026-06-08T13:44:08.0000000Z;5.3685;5.382;11177;11149
2026-06-08T13:44:09.0000000Z;5.3685;5.382;11177;11149
2026-06-08T13:44:10.0000000Z;5.3715;5.3775;9309;1072
2026-06-08T13:44:11.0000000Z;5.3655;5.377;11177;1325
2026-06-08T13:44:12.0000000Z;5.367;5.3765;8465;8465
2026-06-08T13:44:13.0000000Z;5.368;5.3755;900;900
2026-06-08T13:44:14.0000000Z;5.3665;5.375;900;900
2026-06-08T13:44:15.0000000Z;5.3665;5.375;900;900
2026-06-08T13:44:16.0000000Z;5.3665;5.3745;900;340
2026-06-08T13:44:17.0000000Z;5.366;5.375;8465;900
2026-06-08T13:44:18.0000000Z;5.3675;5.375;900;42500
2026-06-08T13:44:19.0000000Z;5.368;5.375;3535;42500
2026-06-08T13:44:20.0000000Z;5.3675;5.375;900;900
2026-06-08T13:44:21.0000000Z;5.3675;5.376;900;11161
2026-06-08T13:44:22.0000000Z;5.3665;5.376;11181;11161
2026-06-08T13:44:23.0000000Z;5.3665;5.376;11181;11161
2026-06-08T13:44:24.0000000Z;5.367;5.376;3535;11161
2026-06-08T13:44:25.0000000Z;5.3675;5.375;900;900
2026-06-08T13:44:26.0000000Z;5.3675;5.375;900;900
2026-06-08T13:44:27.0000000Z;5.3675;5.375;900;900
2026-06-08T13:44:28.0000000Z;5.3675;5.375;900;900
2026-06-08T13:44:29.0000000Z;5.3675;5.375;900;42691
2026-06-08T13:44:30.0000000Z;5.367;5.375;8465;900
2026-06-08T13:44:31.0000000Z;5.368;5.375;900;900
2026-06-08T13:44:32.0000000Z;5.3695;5.381;900;11151
2026-06-08T13:44:33.0000000Z;5.3695;5.38;900;900
2026-06-08T13:44:34.0000000Z;5.372;5.385;11170;11143
2026-06-08T13:44:35.0000000Z;5.373;5.384;900;900
2026-06-08T13:44:36.0000000Z;5.373;5.3825;900;900
2026-06-08T13:44:37.0000000Z;5.373;5.3825;900;900
2026-06-08T13:44:39.0000000Z;5.373;5.3825;900;900
2026-06-08T13:44:40.0000000Z;5.373;5.3755;900;9302
2026-06-08T13:44:41.0000000Z;5.373;5.382;900;900
2026-06-08T13:44:42.0000000Z;5.373;5.382;900;900
2026-06-08T13:44:43.0000000Z;5.3735;5.3815;3535;10372
2026-06-08T13:44:44.0000000Z;5.372;5.383;11170;11147
2026-06-08T13:44:45.0000000Z;5.3735;5.38;3535;948
2026-06-08T13:44:46.0000000Z;5.373;5.38;2626;948
2026-06-08T13:44:47.0000000Z;5.373;5.3805;2626;43620
2026-06-08T13:44:48.0000000Z;5.366;5.377;900;900
2026-06-08T13:44:49.0000000Z;5.3725;5.3765;9307;780
2026-06-08T13:44:50.0000000Z;5.3725;5.3765;9307;780
2026-06-08T13:44:51.0000000Z;5.367;5.3765;11180;576
2026-06-08T13:44:52.0000000Z;5.3725;5.376;9307;319
2026-06-08T13:44:53.0000000Z;5.368;5.376;900;900
2026-06-08T13:44:54.0000000Z;5.3685;5.3755;3535;211
2026-06-08T13:44:55.0000000Z;5.368;5.3755;900;211
2026-06-08T13:44:56.0000000Z;5.368;5.376;900;900
2026-06-08T13:44:57.0000000Z;5.367;5.376;11180;900
2026-06-08T13:44:58.0000000Z;5.368;5.376;900;900
2026-06-08T13:44:59.0000000Z;5.367;5.376;11180;900
2026-06-08T13:45:00.0000000Z;5.367;5.377;11180;11159
2026-06-08T13:45:01.0000000Z;5.3685;5.377;3535;11159
2026-06-08T13:45:02.0000000Z;5.367;5.377;11180;11159
2026-06-08T13:45:03.0000000Z;5.3685;5.3755;3535;900
2026-06-08T13:45:04.0000000Z;5.368;5.3785;11178;3386
2026-06-08T13:45:05.0000000Z;5.3685;5.377;20741;900
2026-06-08T13:45:06.0000000Z;5.3685;5.377;900;900
2026-06-08T13:45:07.0000000Z;5.3675;5.3765;11179;900
2026-06-08T13:45:08.0000000Z;5.3695;5.3775;3535;11158
2026-06-08T13:45:09.0000000Z;5.37;5.3815;9627;8465
2026-06-08T13:45:10.0000000Z;5.3695;5.3805;465;900
2026-06-08T13:45:11.0000000Z;5.37;5.3805;900;900
2026-06-08T13:45:12.0000000Z;5.37;5.3805;900;900
2026-06-08T13:45:13.0000000Z;5.37;5.3805;900;900
2026-06-08T13:45:14.0000000Z;5.37;5.38;900;3410
2026-06-08T13:45:15.0000000Z;5.3715;5.382;900;900
2026-06-08T13:45:16.0000000Z;5.373;5.3785;3535;9297
2026-06-08T13:45:17.0000000Z;5.3715;5.382;11171;900
2026-06-08T13:45:18.0000000Z;5.3725;5.382;900;900
2026-06-08T13:45:19.0000000Z;5.373;5.3815;3535;443
2026-06-08T13:45:20.0000000Z;5.3725;5.382;900;900
2026-06-08T13:45:21.0000000Z;5.3715;5.383;11171;11147
2026-06-08T13:45:22.0000000Z;5.3725;5.382;900;900
2026-06-08T13:45:23.0000000Z;5.373;5.3815;3535;592
2026-06-08T13:45:24.0000000Z;5.3725;5.383;900;11147
2026-06-08T13:45:25.0000000Z;5.3745;5.3855;3535;3386
2026-06-08T13:45:26.0000000Z;5.374;5.3835;900;900
2026-06-08T13:45:27.0000000Z;5.374;5.385;900;900
2026-06-08T13:45:28.0000000Z;5.374;5.385;900;900
2026-06-08T13:45:29.0000000Z;5.374;5.3835;900;900
2026-06-08T13:45:30.0000000Z;5.374;5.3835;900;900
2026-06-08T13:45:31.0000000Z;5.3745;5.382;3535;334
2026-06-08T13:45:32.0000000Z;5.374;5.3825;900;900
2026-06-08T13:45:33.0000000Z;5.3735;5.383;8465;11147
2026-06-08T13:45:34.0000000Z;5.374;5.3825;11165;17154
2026-06-08T13:45:35.0000000Z;5.3745;5.3825;3535;42500
2026-06-08T13:45:36.0000000Z;5.3695;5.382;14561;11149
2026-06-08T13:45:37.0000000Z;5.37;5.3815;8930;1198
2026-06-08T13:45:38.0000000Z;5.374;5.3805;3458;721
2026-06-08T13:45:39.0000000Z;5.3715;5.38;900;465
2026-06-08T13:45:40.0000000Z;5.3715;5.381;20798;3
2026-06-08T13:45:41.0000000Z;5.3715;5.38;11171;900
2026-06-08T13:45:42.0000000Z;5.3715;5.383;11171;11147
2026-06-08T13:45:43.0000000Z;5.373;5.3805;3535;9293
2026-06-08T13:45:44.0000000Z;5.3715;5.382;11171;900
2026-06-08T13:45:45.0000000Z;5.3725;5.382;900;900
2026-06-08T13:45:46.0000000Z;5.373;5.382;3535;900
2026-06-08T13:45:47.0000000Z;5.3725;5.382;900;900
2026-06-08T13:45:48.0000000Z;5.3725;5.3805;900;9293
2026-06-08T13:45:49.0000000Z;5.3725;5.383;900;11147
2026-06-08T13:45:50.0000000Z;5.3725;5.3805;900;9293
2026-06-08T13:45:51.0000000Z;5.3745;5.382;3535;42500
2026-06-08T13:45:52.0000000Z;5.374;5.382;900;42500
2026-06-08T13:45:53.0000000Z;5.374;5.382;900;900
2026-06-08T13:45:54.0000000Z;5.374;5.3825;900;900
2026-06-08T13:45:55.0000000Z;5.374;5.382;900;42500
2026-06-08T13:45:56.0000000Z;5.374;5.383;900;11147
2026-06-08T13:45:57.0000000Z;5.374;5.3825;900;900
2026-06-08T13:45:58.0000000Z;5.376;5.3875;3535;3386
2026-06-08T13:45:59.0000000Z;5.377;5.387;3535;8465
2026-06-08T13:46:00.0000000Z;5.3785;5.387;900;900
2026-06-08T13:46:01.0000000Z;5.3775;5.3875;11158;8465
2026-06-08T13:46:02.0000000Z;5.3795;5.386;3535;900
2026-06-08T13:46:03.0000000Z;5.379;5.386;900;900
2026-06-08T13:46:04.0000000Z;5.379;5.386;900;900
2026-06-08T13:46:05.0000000Z;5.3795;5.386;3535;42500
2026-06-08T13:46:06.0000000Z;5.376;5.4595;465;457
2026-06-08T13:46:07.0000000Z;5.3825;5.3905;4310;900
2026-06-08T13:46:08.0000000Z;5.38;5.3905;900;900
2026-06-08T13:46:09.0000000Z;5.38;5.3905;900;900
2026-06-08T13:46:10.0000000Z;5.382;5.3915;3535;11129
2026-06-08T13:46:11.0000000Z;5.3805;5.3915;11152;11129
2026-06-08T13:46:12.0000000Z;5.382;5.39;3535;456
2026-06-08T13:46:13.0000000Z;5.3785;5.389;16923;11129
2026-06-08T13:46:14.0000000Z;5.376;5.388;11161;12036
2026-06-08T13:46:15.0000000Z;5.377;5.388;900;12036
2026-06-08T13:46:16.0000000Z;5.382;5.3875;1879;1071
2026-06-08T13:46:17.0000000Z;5.377;5.388;900;12036
2026-06-08T13:46:18.0000000Z;5.377;5.388;900;12036
2026-06-08T13:46:19.0000000Z;5.377;5.387;900;900
2026-06-08T13:46:20.0000000Z;5.377;5.387;900;900
2026-06-08T13:46:21.0000000Z;5.377;5.388;900;11136
2026-06-08T13:46:22.0000000Z;5.377;5.387;900;900
2026-06-08T13:46:23.0000000Z;5.3785;5.387;900;900
2026-06-08T13:46:24.0000000Z;5.3785;5.387;900;900
2026-06-08T13:46:25.0000000Z;5.3785;5.3865;900;543
2026-06-08T13:46:26.0000000Z;5.38;5.388;900;12036
2026-06-08T13:46:27.0000000Z;5.3805;5.3875;3535;900
2026-06-08T13:46:28.0000000Z;5.3815;5.3915;900;900
2026-06-08T13:46:29.0000000Z;5.3815;5.3915;900;900
2026-06-08T13:46:30.0000000Z;5.3815;5.3915;900;900
2026-06-08T13:46:31.0000000Z;5.3815;5.3915;900;900
2026-06-08T13:46:32.0000000Z;5.3815;5.3915;900;900
2026-06-08T13:46:33.0000000Z;5.382;5.3915;3535;900
2026-06-08T13:46:34.0000000Z;5.3815;5.3915;900;900
2026-06-08T13:46:35.0000000Z;5.3815;5.3915;900;900
2026-06-08T13:46:37.0000000Z;5.382;5.3905;3535;459
2026-06-08T13:46:38.0000000Z;5.3835;5.3905;3535;42789
2026-06-08T13:46:39.0000000Z;5.384;5.3915;3535;42500
2026-06-08T13:46:40.0000000Z;5.3855;5.3955;3535;900
2026-06-08T13:46:41.0000000Z;5.3855;5.3955;3535;900
2026-06-08T13:46:42.0000000Z;5.3855;5.392;3535;9273
2026-06-08T13:46:44.0000000Z;5.385;5.392;3535;9273
2026-06-08T13:46:45.0000000Z;5.384;5.3945;13796;40806
2026-06-08T13:46:46.0000000Z;5.3825;5.3915;900;562
2026-06-08T13:46:47.0000000Z;5.3845;5.3915;3535;562
2026-06-08T13:46:48.0000000Z;5.3825;5.3915;3535;644
2026-06-08T13:46:49.0000000Z;5.382;5.3915;900;900
2026-06-08T13:46:50.0000000Z;5.382;5.3905;900;900
2026-06-08T13:46:51.0000000Z;5.382;5.39;900;351
2026-06-08T13:46:52.0000000Z;5.382;5.391;900;519
2026-06-08T13:46:53.0000000Z;5.382;5.3915;900;11129
2026-06-08T13:46:54.0000000Z;5.384;5.392;3535;9665
2026-06-08T13:46:55.0000000Z;5.385;5.391;3535;900
2026-06-08T13:46:56.0000000Z;5.3845;5.391;900;900
2026-06-08T13:46:57.0000000Z;5.3835;5.393;11146;900
2026-06-08T13:46:58.0000000Z;5.382;5.3905;900;900
2026-06-08T13:46:59.0000000Z;5.384;5.39;2046;864
2026-06-08T13:46:59.0000000Z;5.38;5.3905;900;900
2026-06-08T13:47:00.0000000Z;5.3835;5.39;2046;864
2026-06-08T13:47:01.0000000Z;5.3835;5.3905;2046;900
2026-06-08T13:47:02.0000000Z;5.3805;5.3905;900;20751
2026-06-08T13:47:03.0000000Z;5.3835;5.3925;3535;463
2026-06-08T13:47:04.0000000Z;5.3805;5.3915;11152;900
2026-06-08T13:47:05.0000000Z;5.3815;5.3915;900;900
2026-06-08T13:47:06.0000000Z;5.3815;5.3915;900;900
2026-06-08T13:47:07.0000000Z;5.3815;5.39;900;395
2026-06-08T13:47:08.0000000Z;5.381;5.39;3535;900
2026-06-08T13:47:09.0000000Z;5.3815;5.39;900;900
2026-06-08T13:47:10.0000000Z;5.381;5.39;464;900
2026-06-08T13:47:11.0000000Z;5.3775;5.387;900;900
2026-06-08T13:47:12.0000000Z;5.3775;5.387;900;900
2026-06-08T13:47:13.0000000Z;5.376;5.3875;11161;3386
2026-06-08T13:47:14.0000000Z;5.38;5.3855;11152;439
2026-06-08T13:47:15.0000000Z;5.3705;5.3835;11161;11140
2026-06-08T13:47:16.0000000Z;5.3705;5.3835;11161;11140
2026-06-08T13:47:17.0000000Z;5.38;5.383;11152;900
2026-06-08T13:47:18.0000000Z;5.38;5.383;11152;954
2026-06-08T13:47:19.0000000Z;5.374;5.3825;900;900
2026-06-08T13:47:20.0000000Z;5.374;5.3825;900;900
2026-06-08T13:47:21.0000000Z;5.3745;5.382;3535;240
2026-06-08T13:47:22.0000000Z;5.376;5.383;900;11147
2026-06-08T13:47:23.0000000Z;5.376;5.383;900;11147
2026-06-08T13:47:24.0000000Z;5.376;5.3825;19626;900
2026-06-08T13:47:25.0000000Z;5.3765;5.382;900;900
2026-06-08T13:47:26.0000000Z;5.3775;5.3825;3535;42500
2026-06-08T13:47:27.0000000Z;5.377;5.385;900;900
2026-06-08T13:47:28.0000000Z;5.3775;5.3825;3535;42500
2026-06-08T13:47:29.0000000Z;5.3765;5.3865;8465;19604
2026-06-08T13:47:30.0000000Z;5.378;5.3855;3535;42500
2026-06-08T13:47:31.0000000Z;5.378;5.385;3535;227
2026-06-08T13:47:32.0000000Z;5.3785;5.3855;3535;42500
2026-06-08T13:47:33.0000000Z;5.3785;5.3855;3535;900
2026-06-08T13:47:34.0000000Z;5.3775;5.3865;3535;52300
2026-06-08T13:47:35.0000000Z;5.3775;5.3855;900;900
2026-06-08T13:47:36.0000000Z;5.3775;5.3855;900;900
2026-06-08T13:47:37.0000000Z;5.378;5.3855;900;900
2026-06-08T13:47:38.0000000Z;5.378;5.3865;3535;11139
2026-06-08T13:47:39.0000000Z;5.3775;5.3855;900;900
2026-06-08T13:47:40.0000000Z;5.378;5.3855;3535;900
2026-06-08T13:47:41.0000000Z;5.377;5.3865;11159;11139
2026-06-08T13:47:42.0000000Z;5.378;5.3855;900;900
2026-06-08T13:47:43.0000000Z;5.378;5.3855;900;900
2026-06-08T13:47:44.0000000Z;5.378;5.3855;900;900
2026-06-08T13:47:45.0000000Z;5.378;5.3855;900;900
2026-06-08T13:47:46.0000000Z;5.378;5.3855;900;756
2026-06-08T13:47:47.0000000Z;5.378;5.3855;900;900
2026-06-08T13:47:48.0000000Z;5.3785;5.3855;3535;42831
2026-06-08T13:47:49.0000000Z;5.378;5.3855;900;900
2026-06-08T13:47:50.0000000Z;5.378;5.3855;900;42831
2026-06-08T13:47:51.0000000Z;5.3775;5.3855;900;42831
2026-06-08T13:47:52.0000000Z;5.377;5.3855;12059;900
2026-06-08T13:47:53.0000000Z;5.3775;5.3855;900;900
2026-06-08T13:47:54.0000000Z;5.377;5.3855;11159;900
2026-06-08T13:47:55.0000000Z;5.3725;5.3845;11168;11139
2026-06-08T13:47:56.0000000Z;5.372;5.3795;900;900
2026-06-08T13:47:57.0000000Z;5.3685;5.3795;10527;900
2026-06-08T13:47:58.0000000Z;5.3685;5.3795;10527;19619
2026-06-08T13:47:59.0000000Z;5.37;5.3795;900;42500
2026-06-08T13:47:59.0000000Z;5.3725;5.379;900;900
2026-06-08T13:48:00.0000000Z;5.378;5.379;2046;42500
2026-06-08T13:48:01.0000000Z;5.373;5.379;3535;42500
2026-06-08T13:48:02.0000000Z;5.3725;5.383;900;900
2026-06-08T13:48:03.0000000Z;5.373;5.383;3535;900
2026-06-08T13:48:04.0000000Z;5.373;5.384;3535;11145
2026-06-08T13:48:05.0000000Z;5.3715;5.384;11171;11145
2026-06-08T13:48:06.0000000Z;5.3715;5.383;11171;900
2026-06-08T13:48:07.0000000Z;5.3725;5.383;3535;1364
2026-06-08T13:48:08.0000000Z;5.369;5.3815;11176;1319
2026-06-08T13:48:09.0000000Z;5.37;5.381;900;900
2026-06-08T13:48:10.0000000Z;5.3665;5.379;11176;1322
2026-06-08T13:48:11.0000000Z;5.368;5.3765;900;900
2026-06-08T13:48:12.0000000Z;5.37;5.3755;42500;682
2026-06-08T13:48:13.0000000Z;5.367;5.376;900;900
2026-06-08T13:48:14.0000000Z;5.3685;5.376;3535;427
2026-06-08T13:48:15.0000000Z;5.367;5.3755;900;319
2026-06-08T13:48:16.0000000Z;5.367;5.3765;900;900
2026-06-08T13:48:17.0000000Z;5.367;5.376;900;900
2026-06-08T13:48:18.0000000Z;5.367;5.3755;900;295
2026-06-08T13:48:19.0000000Z;5.367;5.3755;900;355
2026-06-08T13:48:20.0000000Z;5.3675;5.3765;900;900
2026-06-08T13:48:21.0000000Z;5.3675;5.376;900;373
2026-06-08T13:48:22.0000000Z;5.3675;5.3765;900;900
2026-06-08T13:48:23.0000000Z;5.3675;5.376;900;900
2026-06-08T13:48:24.0000000Z;5.3665;5.3755;19579;340
2026-06-08T13:48:25.0000000Z;5.3675;5.376;900;900
2026-06-08T13:48:26.0000000Z;5.368;5.376;900;900
2026-06-08T13:48:27.0000000Z;5.368;5.377;900;11159
2026-06-08T13:48:28.0000000Z;5.368;5.3755;900;468
2026-06-08T13:48:29.0000000Z;5.368;5.377;900;11159
2026-06-08T13:48:30.0000000Z;5.368;5.377;900;12059
2026-06-08T13:48:31.0000000Z;5.368;5.376;900;900
2026-06-08T13:48:32.0000000Z;5.368;5.376;900;4310
2026-06-08T13:48:33.0000000Z;5.368;5.376;900;4310
2026-06-08T13:48:34.0000000Z;5.368;5.3745;900;900
2026-06-08T13:48:35.0000000Z;5.3685;5.375;3535;9303
2026-06-08T13:48:36.0000000Z;5.3675;5.374;900;42500
2026-06-08T13:48:37.0000000Z;5.3685;5.3735;3535;42500
2026-06-08T13:48:38.0000000Z;5.3675;5.3735;900;42500
2026-06-08T13:48:39.0000000Z;5.366;5.3745;100;11164
2026-06-08T13:48:40.0000000Z;5.366;5.374;100;465
2026-06-08T13:48:41.0000000Z;5.366;5.3735;1000;900
2026-06-08T13:48:42.0000000Z;5.3675;5.3725;9316;624
2026-06-08T13:48:43.0000000Z;5.366;5.3745;100;11164
2026-06-08T13:48:44.0000000Z;5.368;5.373;2720;771
2026-06-08T13:48:45.0000000Z;5.367;5.3735;3269;359
2026-06-08T13:48:46.0000000Z;5.366;5.373;1000;777
2026-06-08T13:48:47.0000000Z;5.366;5.3735;100;900
2026-06-08T13:48:48.0000000Z;5.366;5.3745;100;11164
2026-06-08T13:48:49.0000000Z;5.3665;5.3735;900;900
2026-06-08T13:48:50.0000000Z;5.367;5.3745;900;11164
2026-06-08T13:48:51.0000000Z;5.3675;5.3735;3488;285
2026-06-08T13:48:52.0000000Z;5.367;5.373;45531;603
2026-06-08T13:48:53.0000000Z;5.3675;5.373;3231;753
2026-06-08T13:48:54.0000000Z;5.366;5.3735;100;900
2026-06-08T13:48:55.0000000Z;5.366;5.3735;100;900
2026-06-08T13:48:56.0000000Z;5.3675;5.373;2421;753
2026-06-08T13:48:57.0000000Z;5.366;5.3735;100;900
2026-06-08T13:48:58.0000000Z;5.366;5.373;100;753
2026-06-08T13:48:59.0000000Z;5.366;5.3735;100;900
2026-06-08T13:49:00.0000000Z;5.366;5.3735;100;900
2026-06-08T13:49:01.0000000Z;5.366;5.3735;100;900
2026-06-08T13:49:02.0000000Z;5.367;5.373;900;883
2026-06-08T13:49:03.0000000Z;5.366;5.373;1000;883
2026-06-08T13:49:04.0000000Z;5.366;5.3745;100;11164
2026-06-08T13:49:05.0000000Z;5.3675;5.373;3535;42500
2026-06-08T13:49:06.0000000Z;5.366;5.3745;100;11164
2026-06-08T13:49:07.0000000Z;5.3675;5.3735;3153;900
2026-06-08T13:49:08.0000000Z;5.367;5.3735;900;900
2026-06-08T13:49:09.0000000Z;5.3675;5.373;3488;753
2026-06-08T13:49:10.0000000Z;5.3675;5.3735;2046;900
2026-06-08T13:49:11.0000000Z;5.367;5.3735;900;900
2026-06-08T13:49:12.0000000Z;5.367;5.373;900;753
2026-06-08T13:49:13.0000000Z;5.367;5.3735;900;900
2026-06-08T13:49:14.0000000Z;5.367;5.3735;900;900
2026-06-08T13:49:15.0000000Z;5.367;5.379;900;11155
2026-06-08T13:49:16.0000000Z;5.3675;5.3765;900;900
2026-06-08T13:49:17.0000000Z;5.3675;5.3775;900;3410
2026-06-08T13:49:18.0000000Z;5.3675;5.378;900;900
2026-06-08T13:49:19.0000000Z;5.3675;5.378;900;900
2026-06-08T13:49:20.0000000Z;5.3675;5.378;900;900
2026-06-08T13:49:21.0000000Z;5.3675;5.378;900;900
2026-06-08T13:49:22.0000000Z;5.368;5.3775;3535;853
2026-06-08T13:49:23.0000000Z;5.3675;5.378;900;900
2026-06-08T13:49:24.0000000Z;5.3675;5.378;900;900
2026-06-08T13:49:25.0000000Z;5.3665;5.3775;11181;853
2026-06-08T13:49:26.0000000Z;5.3675;5.3775;900;853
2026-06-08T13:49:27.0000000Z;5.3675;5.378;900;900
2026-06-08T13:49:28.0000000Z;5.3675;5.378;900;900
2026-06-08T13:49:29.0000000Z;5.368;5.378;3535;900
2026-06-08T13:49:30.0000000Z;5.3675;5.3785;19644;22171
2026-06-08T13:49:31.0000000Z;5.3705;5.3775;3535;900
2026-06-08T13:49:32.0000000Z;5.3705;5.3775;3535;43353
2026-06-08T13:49:33.0000000Z;5.3695;5.3775;465;900
2026-06-08T13:49:34.0000000Z;5.3685;5.3775;900;900
2026-06-08T13:49:35.0000000Z;5.3685;5.3785;900;900
2026-06-08T13:49:36.0000000Z;5.3685;5.377;900;437
2026-06-08T13:49:37.0000000Z;5.37;5.3775;3535;318
2026-06-08T13:49:39.0000000Z;5.3685;5.3785;900;900
2026-06-08T13:49:40.0000000Z;5.37;5.3795;3535;11154
2026-06-08T13:49:41.0000000Z;5.3685;5.3785;29149;900
2026-06-08T13:49:43.0000000Z;5.3715;5.4465;465;459
2026-06-08T13:49:44.0000000Z;5.377;5.406;464;900
2026-06-08T13:49:45.0000000Z;5.377;5.3785;3535;42500
2026-06-08T13:49:46.0000000Z;5.377;5.386;3535;11140
2026-06-08T13:49:47.0000000Z;5.3735;5.3845;11166;870
2026-06-08T13:49:48.0000000Z;5.3735;5.386;11166;11140
2026-06-08T13:49:49.0000000Z;5.3745;5.385;900;900
2026-06-08T13:49:50.0000000Z;5.3745;5.385;900;900
2026-06-08T13:49:51.0000000Z;5.375;5.385;3535;900
2026-06-08T13:49:52.0000000Z;5.3745;5.385;900;900
2026-06-08T13:49:53.0000000Z;5.3745;5.385;900;900
2026-06-08T13:49:54.0000000Z;5.3745;5.3855;900;464
2026-06-08T13:49:55.0000000Z;5.3755;5.385;900;900
2026-06-08T13:49:56.0000000Z;5.375;5.385;465;900
2026-06-08T13:49:57.0000000Z;5.3755;5.3845;900;870
2026-06-08T13:49:58.0000000Z;5.3755;5.385;900;900
2026-06-08T13:49:59.0000000Z;5.3755;5.385;900;900
2026-06-08T13:50:00.0000000Z;5.3745;5.386;11164;11140
2026-06-08T13:50:01.0000000Z;5.3745;5.3845;11164;870
2026-06-08T13:50:02.0000000Z;5.3755;5.386;900;11140
2026-06-08T13:50:03.0000000Z;5.3755;5.385;900;900
2026-06-08T13:50:04.0000000Z;5.3755;5.385;900;900
2026-06-08T13:50:05.0000000Z;5.376;5.3845;3535;870
2026-06-08T13:50:06.0000000Z;5.376;5.3845;3535;870
2026-06-08T13:50:07.0000000Z;5.3755;5.385;900;900
2026-06-08T13:50:08.0000000Z;5.3755;5.386;900;11140
2026-06-08T13:50:09.0000000Z;5.3755;5.385;900;900
2026-06-08T13:50:10.0000000Z;5.3755;5.3845;900;870
2026-06-08T13:50:11.0000000Z;5.376;5.385;3535;900
2026-06-08T13:50:12.0000000Z;5.376;5.385;900;900
2026-06-08T13:50:13.0000000Z;5.376;5.385;900;900
2026-06-08T13:50:14.0000000Z;5.3765;5.385;3535;900
2026-06-08T13:50:15.0000000Z;5.375;5.385;12813;19608
2026-06-08T13:50:16.0000000Z;5.374;5.3825;11165;314
2026-06-08T13:50:17.0000000Z;5.375;5.382;900;900
2026-06-08T13:50:18.0000000Z;5.3755;5.382;3535;900
2026-06-08T13:50:19.0000000Z;5.374;5.385;11165;11143
2026-06-08T13:50:20.0000000Z;5.3755;5.382;3535;42500
2026-06-08T13:50:21.0000000Z;5.3755;5.383;900;900
2026-06-08T13:50:22.0000000Z;5.3755;5.383;900;900
2026-06-08T13:50:24.0000000Z;5.3735;5.382;900;419
2026-06-08T13:50:25.0000000Z;5.3735;5.382;19631;900
2026-06-08T13:50:26.0000000Z;5.3745;5.383;900;11147
2026-06-08T13:50:27.0000000Z;5.3745;5.383;900;11147
2026-06-08T13:50:28.0000000Z;5.376;5.3825;3535;42500
2026-06-08T13:50:29.0000000Z;5.376;5.387;8465;3386
2026-06-08T13:50:30.0000000Z;5.3765;5.3855;3535;900
2026-06-08T13:50:31.0000000Z;5.3765;5.386;900;3386
2026-06-08T13:50:32.0000000Z;5.3755;5.3845;11162;8465
2026-06-08T13:50:33.0000000Z;5.3765;5.384;3535;11145
2026-06-08T13:50:34.0000000Z;5.3745;5.3825;900;900
2026-06-08T13:50:35.0000000Z;5.3745;5.3825;900;900
2026-06-08T13:50:36.0000000Z;5.376;5.3825;3493;42908
2026-06-08T13:50:37.0000000Z;5.3745;5.384;900;11145
2026-06-08T13:50:38.0000000Z;5.376;5.383;3493;293
2026-06-08T13:50:39.0000000Z;5.3735;5.383;11166;900
2026-06-08T13:50:40.0000000Z;5.376;5.3825;3493;334
2026-06-08T13:50:41.0000000Z;5.376;5.383;3493;900
2026-06-08T13:50:42.0000000Z;5.376;5.383;3493;900
2026-06-08T13:50:43.0000000Z;5.375;5.3825;3535;334
2026-06-08T13:50:44.0000000Z;5.3745;5.383;900;900
2026-06-08T13:50:45.0000000Z;5.3745;5.383;900;900
2026-06-08T13:50:46.0000000Z;5.3755;5.383;3535;900
2026-06-08T13:50:47.0000000Z;5.3745;5.3835;20791;12588
2026-06-08T13:50:48.0000000Z;5.3765;5.383;3535;42500
2026-06-08T13:50:49.0000000Z;5.3745;5.384;900;900
2026-06-08T13:50:50.0000000Z;5.3745;5.383;900;387
2026-06-08T13:50:51.0000000Z;5.3745;5.383;900;387
2026-06-08T13:50:52.0000000Z;5.3735;5.384;11166;900
2026-06-08T13:50:53.0000000Z;5.3745;5.384;900;900
2026-06-08T13:50:55.0000000Z;5.3745;5.384;900;25191
2026-06-08T13:50:56.0000000Z;5.3745;5.384;900;25191
2026-06-08T13:50:57.0000000Z;5.375;5.3835;3535;441
2026-06-08T13:50:58.0000000Z;5.3735;5.384;11166;900
2026-06-08T13:50:59.0000000Z;5.375;5.384;3535;900
2026-06-08T13:51:00.0000000Z;5.3745;5.384;900;900
2026-06-08T13:51:01.0000000Z;5.3745;5.384;900;43025
2026-06-08T13:51:02.0000000Z;5.377;5.3895;11159;31109
2026-06-08T13:51:03.0000000Z;5.3785;5.3895;3535;11133
2026-06-08T13:51:04.0000000Z;5.378;5.3895;900;11133
2026-06-08T13:51:05.0000000Z;5.378;5.3845;900;9286
2026-06-08T13:51:06.0000000Z;5.378;5.3885;900;900
2026-06-08T13:51:07.0000000Z;5.378;5.3845;900;9286
2026-06-08T13:51:08.0000000Z;5.378;5.3885;900;900
2026-06-08T13:51:09.0000000Z;5.378;5.3895;900;11133
2026-06-08T13:51:10.0000000Z;5.378;5.3885;900;900
2026-06-08T13:51:11.0000000Z;5.377;5.3895;11159;11133
2026-06-08T13:51:12.0000000Z;5.378;5.3885;900;900
2026-06-08T13:51:13.0000000Z;5.378;5.3885;900;900
2026-06-08T13:51:14.0000000Z;5.378;5.3885;900;900
2026-06-08T13:51:15.0000000Z;5.378;5.3895;900;11133
2026-06-08T13:51:16.0000000Z;5.378;5.388;900;522
2026-06-08T13:51:17.0000000Z;5.379;5.388;3535;596
2026-06-08T13:51:18.0000000Z;5.378;5.3885;900;900
2026-06-08T13:51:19.0000000Z;5.378;5.3895;900;11133
2026-06-08T13:51:20.0000000Z;5.378;5.3885;900;900
2026-06-08T13:51:21.0000000Z;5.378;5.3885;900;900
2026-06-08T13:51:22.0000000Z;5.3785;5.3885;3535;900
2026-06-08T13:51:23.0000000Z;5.378;5.387;3535;611
2026-06-08T13:51:24.0000000Z;5.3785;5.387;3535;611
2026-06-08T13:51:25.0000000Z;5.378;5.3875;900;900
2026-06-08T13:51:26.0000000Z;5.378;5.3885;900;11133
2026-06-08T13:51:27.0000000Z;5.378;5.3875;900;900
2026-06-08T13:51:28.0000000Z;5.378;5.3875;900;900
2026-06-08T13:51:29.0000000Z;5.378;5.387;900;611
2026-06-08T13:51:30.0000000Z;5.38;5.3885;900;12974
2026-06-08T13:51:31.0000000Z;5.38;5.3905;900;900
2026-06-08T13:51:32.0000000Z;5.38;5.3905;900;900
2026-06-08T13:51:33.0000000Z;5.3815;5.3895;900;9278
2026-06-08T13:51:34.0000000Z;5.3815;5.3935;900;11125
2026-06-08T13:51:35.0000000Z;5.383;5.3935;900;11125
2026-06-08T13:51:36.0000000Z;5.3875;5.3895;3374;9278
2026-06-08T13:51:37.0000000Z;5.387;5.3975;900;900
2026-06-08T13:51:38.0000000Z;5.388;5.396;3535;19026
2026-06-08T13:51:39.0000000Z;5.386;5.3895;900;9278
2026-06-08T13:51:40.0000000Z;5.385;5.3895;11143;9278
2026-06-08T13:51:41.0000000Z;5.385;5.3965;11143;8465
2026-06-08T13:51:42.0000000Z;5.3865;5.3945;3535;304
2026-06-08T13:51:43.0000000Z;5.3865;5.3945;3535;280
2026-06-08T13:51:44.0000000Z;5.3865;5.3945;3535;476
2026-06-08T13:51:45.0000000Z;5.385;5.3945;11143;476
2026-06-08T13:51:46.0000000Z;5.3865;5.395;3535;900
2026-06-08T13:51:47.0000000Z;5.385;5.3935;11143;900
2026-06-08T13:51:48.0000000Z;5.3855;5.393;14084;561
2026-06-08T13:51:49.0000000Z;5.3855;5.393;2695;10533
2026-06-08T13:51:50.0000000Z;5.3855;5.3935;3535;12025
2026-06-08T13:51:51.0000000Z;5.385;5.3935;3535;11125
2026-06-08T13:51:52.0000000Z;5.384;5.3925;900;900
2026-06-08T13:51:53.0000000Z;5.384;5.393;900;463
2026-06-08T13:51:54.0000000Z;5.384;5.3925;900;900
2026-06-08T13:51:55.0000000Z;5.385;5.392;3535;478
2026-06-08T13:51:56.0000000Z;5.3845;5.3925;900;900
2026-06-08T13:51:57.0000000Z;5.3845;5.3925;900;900
2026-06-08T13:51:58.0000000Z;5.3845;5.3925;900;900
2026-06-08T13:51:59.0000000Z;5.3845;5.3925;900;900
2026-06-08T13:51:59.0000000Z;5.3845;5.3925;900;900
2026-06-08T13:52:01.0000000Z;5.3845;5.3935;900;11125
2026-06-08T13:52:02.0000000Z;5.3845;5.3925;900;900
2026-06-08T13:52:03.0000000Z;5.3835;5.3925;11146;900
2026-06-08T13:52:04.0000000Z;5.3845;5.3925;900;900
2026-06-08T13:52:05.0000000Z;5.385;5.3925;3535;900
2026-06-08T13:52:06.0000000Z;5.385;5.3925;3535;900
2026-06-08T13:52:07.0000000Z;5.3845;5.3935;900;11125
2026-06-08T13:52:08.0000000Z;5.3845;5.3925;900;900
2026-06-08T13:52:09.0000000Z;5.3845;5.3935;900;11125
2026-06-08T13:52:10.0000000Z;5.386;5.393;3535;9272
2026-06-08T13:52:11.0000000Z;5.3875;5.396;3535;900
2026-06-08T13:52:12.0000000Z;5.386;5.393;900;9272
2026-06-08T13:52:13.0000000Z;5.386;5.396;900;900
2026-06-08T13:52:14.0000000Z;5.3865;5.396;3535;900
2026-06-08T13:52:15.0000000Z;5.3865;5.3965;3535;463
2026-06-08T13:52:16.0000000Z;5.386;5.396;900;900
2026-06-08T13:52:17.0000000Z;5.3865;5.396;3535;900
2026-06-08T13:52:18.0000000Z;5.386;5.397;900;11118
2026-06-08T13:52:19.0000000Z;5.386;5.396;900;900
2026-06-08T13:52:20.0000000Z;5.3865;5.3965;3535;463
2026-06-08T13:52:21.0000000Z;5.386;5.396;900;900
2026-06-08T13:52:24.0000000Z;5.3865;5.396;3535;900
2026-06-08T13:52:25.0000000Z;5.386;5.396;900;900
2026-06-08T13:52:26.0000000Z;5.3865;5.396;3535;900
2026-06-08T13:52:27.0000000Z;5.385;5.396;11143;900
2026-06-08T13:52:28.0000000Z;5.3865;5.3955;3535;731
2026-06-08T13:52:29.0000000Z;5.386;5.394;900;1184
2026-06-08T13:52:30.0000000Z;5.3825;5.3935;900;900
2026-06-08T13:52:31.0000000Z;5.383;5.3935;3386;14506
2026-06-08T13:52:32.0000000Z;5.385;5.3925;3535;282
2026-06-08T13:52:33.0000000Z;5.3845;5.3925;900;900
2026-06-08T13:52:34.0000000Z;5.384;5.3935;900;11125
2026-06-08T13:52:35.0000000Z;5.384;5.393;900;900
2026-06-08T13:52:36.0000000Z;5.384;5.393;900;900
2026-06-08T13:52:37.0000000Z;5.3845;5.3925;3535;359
2026-06-08T13:52:38.0000000Z;5.387;5.393;900;42500
2026-06-08T13:52:39.0000000Z;5.387;5.398;900;11116
2026-06-08T13:52:40.0000000Z;5.3885;5.3975;3535;12669
2026-06-08T13:52:41.0000000Z;5.388;5.395;900;900
2026-06-08T13:52:42.0000000Z;5.3885;5.3965;3535;900
2026-06-08T13:52:43.0000000Z;5.388;5.3995;900;900
2026-06-08T13:52:44.0000000Z;5.388;5.3965;900;900
2026-06-08T13:52:45.0000000Z;5.388;5.3965;900;900
2026-06-08T13:52:46.0000000Z;5.388;5.398;900;900
2026-06-08T13:52:47.0000000Z;5.388;5.398;900;900
2026-06-08T13:52:48.0000000Z;5.3885;5.3965;3535;42500
2026-06-08T13:52:49.0000000Z;5.388;5.397;900;900
2026-06-08T13:52:50.0000000Z;5.388;5.3965;900;900
2026-06-08T13:52:51.0000000Z;5.388;5.3965;900;900
2026-06-08T13:52:52.0000000Z;5.391;5.398;3535;42500
2026-06-08T13:52:53.0000000Z;5.3905;5.4015;900;900
2026-06-08T13:52:54.0000000Z;5.3905;5.4;900;900
2026-06-08T13:52:55.0000000Z;5.3905;5.4;900;900
2026-06-08T13:52:56.0000000Z;5.3905;5.401;900;462
2026-06-08T13:52:57.0000000Z;5.3905;5.4;900;900
2026-06-08T13:52:58.0000000Z;5.3905;5.401;900;462
2026-06-08T13:52:59.0000000Z;5.3905;5.4;900;900
2026-06-08T13:53:00.0000000Z;5.3905;5.401;900;462
2026-06-08T13:53:01.0000000Z;5.3895;5.4;11133;900
2026-06-08T13:53:02.0000000Z;5.3905;5.3995;900;545
2026-06-08T13:53:03.0000000Z;5.3905;5.4025;1363;11106
2026-06-08T13:53:04.0000000Z;5.392;5.4025;900;11106
2026-06-08T13:53:05.0000000Z;5.3935;5.4005;3535;9259
2026-06-08T13:53:06.0000000Z;5.392;5.4005;11128;9259
2026-06-08T13:53:07.0000000Z;5.3935;5.4025;3535;11106
2026-06-08T13:53:08.0000000Z;5.3935;5.4005;3535;9259
2026-06-08T13:53:09.0000000Z;5.393;5.4025;900;11106
2026-06-08T13:53:10.0000000Z;5.3935;5.4015;3535;426
2026-06-08T13:53:11.0000000Z;5.393;5.4015;900;42500
2026-06-08T13:53:12.0000000Z;5.393;5.4015;900;900
2026-06-08T13:53:13.0000000Z;5.393;5.4025;900;11106
2026-06-08T13:53:14.0000000Z;5.393;5.4015;900;900
2026-06-08T13:53:15.0000000Z;5.393;5.401;900;171
2026-06-08T13:53:16.0000000Z;5.393;5.4015;900;900
2026-06-08T13:53:17.0000000Z;5.393;5.401;900;319
2026-06-08T13:53:18.0000000Z;5.393;5.4015;900;900
2026-06-08T13:53:19.0000000Z;5.393;5.401;900;319
2026-06-08T13:53:20.0000000Z;5.393;5.401;900;319
2026-06-08T13:53:21.0000000Z;5.393;5.4015;900;900
2026-06-08T13:53:22.0000000Z;5.393;5.401;900;319
2026-06-08T13:53:23.0000000Z;5.393;5.4015;900;900
2026-06-08T13:53:24.0000000Z;5.392;5.4015;11128;900
2026-06-08T13:53:25.0000000Z;5.3935;5.4015;3535;900
2026-06-08T13:53:26.0000000Z;5.3935;5.4015;3535;900
2026-06-08T13:53:27.0000000Z;5.393;5.426;900;900
2026-06-08T13:53:28.0000000Z;5.3955;5.406;900;900
2026-06-08T13:53:29.0000000Z;5.396;5.406;3535;900
2026-06-08T13:53:30.0000000Z;5.3955;5.407;463;11097
2026-06-08T13:53:31.0000000Z;5.396;5.4015;3535;42500
2026-06-08T13:53:32.0000000Z;5.397;5.4065;3535;11097
2026-06-08T13:53:33.0000000Z;5.3965;5.405;900;900
2026-06-08T13:53:34.0000000Z;5.3965;5.4055;900;51750
2026-06-08T13:53:35.0000000Z;5.3955;5.4075;11123;11096
2026-06-08T13:53:36.0000000Z;5.3965;5.41;11119;462
2026-06-08T13:53:37.0000000Z;5.3985;5.4105;3535;11090
2026-06-08T13:53:38.0000000Z;5.3985;5.4105;3535;11090
2026-06-08T13:53:39.0000000Z;5.3985;5.4055;3535;9250
2026-06-08T13:53:40.0000000Z;5.3985;5.4095;4;2
2026-06-08T13:53:41.0000000Z;5.3995;5.4085;900;900
2026-06-08T13:53:42.0000000Z;5.399;5.4085;900;900
2026-06-08T13:53:43.0000000Z;5.3995;5.4095;3535;11092
2026-06-08T13:53:44.0000000Z;5.3985;5.4085;900;900
2026-06-08T13:53:45.0000000Z;5.3995;5.408;3535;547
2026-06-08T13:53:46.0000000Z;5.3975;5.4095;11117;11092
2026-06-08T13:53:47.0000000Z;5.396;5.408;11120;1169
2026-06-08T13:53:48.0000000Z;5.399;5.407;3535;930
2026-06-08T13:53:49.0000000Z;5.397;5.4065;900;900
2026-06-08T13:53:50.0000000Z;5.3985;5.4065;3535;900
2026-06-08T13:53:51.0000000Z;5.397;5.4065;900;900
2026-06-08T13:53:52.0000000Z;5.396;5.4075;11120;14482
2026-06-08T13:53:53.0000000Z;5.396;5.407;11120;3386
2026-06-08T13:53:54.0000000Z;5.397;5.4065;900;900
2026-06-08T13:53:55.0000000Z;5.396;5.4065;11120;900
2026-06-08T13:53:56.0000000Z;5.397;5.4065;900;900
2026-06-08T13:53:57.0000000Z;5.3975;5.406;3535;569
2026-06-08T13:53:59.0000000Z;5.396;5.406;11120;677
2026-06-08T13:54:00.0000000Z;5.396;5.4055;11120;900
2026-06-08T13:54:01.0000000Z;5.397;5.405;900;315
2026-06-08T13:54:02.0000000Z;5.3975;5.405;3535;315
2026-06-08T13:54:03.0000000Z;5.397;5.4055;900;900
2026-06-08T13:54:05.0000000Z;5.397;5.4055;900;900
2026-06-08T13:54:06.0000000Z;5.396;5.4055;11120;900
2026-06-08T13:54:07.0000000Z;5.397;5.4055;900;900
2026-06-08T13:54:09.0000000Z;5.3975;5.4055;3535;900
2026-06-08T13:54:10.0000000Z;5.397;5.4055;900;900
2026-06-08T13:54:11.0000000Z;5.3965;5.4055;900;900
2026-06-08T13:54:12.0000000Z;5.396;5.4065;11120;11098
2026-06-08T13:54:13.0000000Z;5.397;5.4055;900;900
2026-06-08T13:54:18.0000000Z;5.397;5.4055;900;900
2026-06-08T13:54:19.0000000Z;5.397;5.4055;22969;900
2026-06-08T13:54:20.0000000Z;5.398;5.4055;900;900
2026-06-08T13:54:21.0000000Z;5.3985;5.4055;3535;900
2026-06-08T13:54:22.0000000Z;5.398;5.4055;900;900
2026-06-08T13:54:23.0000000Z;5.398;5.4055;900;900
2026-06-08T13:54:24.0000000Z;5.398;5.4055;900;900
2026-06-08T13:54:25.0000000Z;5.3985;5.4055;3535;900
2026-06-08T13:54:27.0000000Z;5.398;5.4055;900;900
2026-06-08T13:54:28.0000000Z;5.397;5.4055;11117;900
2026-06-08T13:54:29.0000000Z;5.398;5.405;900;315
2026-06-08T13:54:30.0000000Z;5.398;5.4055;900;900
2026-06-08T13:54:33.0000000Z;5.3885;5.415;463;461
2026-06-08T13:54:34.0000000Z;5.3935;5.405;11125;815
2026-06-08T13:54:35.0000000Z;5.3985;5.4045;3370;399
2026-06-08T13:54:36.0000000Z;5.395;5.4045;900;900
2026-06-08T13:54:37.0000000Z;5.395;5.4045;900;900
2026-06-08T13:54:38.0000000Z;5.395;5.4045;900;900
2026-06-08T13:54:39.0000000Z;5.395;5.4045;900;900
2026-06-08T13:54:40.0000000Z;5.395;5.4045;900;900
2026-06-08T13:54:41.0000000Z;5.3885;5.459;501;457
2026-06-08T13:54:42.0000000Z;5.3975;5.4015;9264;9800
2026-06-08T13:54:43.0000000Z;5.3885;5.4015;11135;11109
2026-06-08T13:54:44.0000000Z;5.3975;5.401;9264;11097
2026-06-08T13:54:45.0000000Z;5.3895;5.4005;900;900
2026-06-08T13:54:46.0000000Z;5.3895;5.4005;900;900
2026-06-08T13:54:47.0000000Z;5.3895;5.401;900;462
2026-06-08T13:54:48.0000000Z;5.3895;5.4005;900;900
2026-06-08T13:54:49.0000000Z;5.3895;5.4005;900;900
2026-06-08T13:54:50.0000000Z;5.39;5.3995;3535;936
2026-06-08T13:54:51.0000000Z;5.39;5.399;3535;900
2026-06-08T13:54:52.0000000Z;5.3895;5.4;900;900
2026-06-08T13:54:53.0000000Z;5.3895;5.4;900;900
2026-06-08T13:54:54.0000000Z;5.3895;5.4;900;900
2026-06-08T13:54:55.0000000Z;5.3895;5.399;900;569
2026-06-08T13:54:56.0000000Z;5.39;5.3995;3535;653
2026-06-08T13:54:58.0000000Z;5.3865;5.399;3386;900
2026-06-08T13:54:59.0000000Z;5.387;5.3975;900;900
2026-06-08T13:55:00.0000000Z;5.3855;5.397;900;11118
2026-06-08T13:55:01.0000000Z;5.3855;5.3955;900;900
2026-06-08T13:55:02.0000000Z;5.388;5.395;3535;354
2026-06-08T13:55:03.0000000Z;5.389;5.4;900;900
2026-06-08T13:55:04.0000000Z;5.3895;5.397;3535;42500
2026-06-08T13:55:05.0000000Z;5.3895;5.4;900;900
2026-06-08T13:55:06.0000000Z;5.39;5.4005;3535;462
2026-06-08T13:55:07.0000000Z;5.3895;5.4;900;900
2026-06-08T13:55:08.0000000Z;5.3895;5.4;900;900
2026-06-08T13:55:09.0000000Z;5.3895;5.4;900;900
2026-06-08T13:55:10.0000000Z;5.39;5.3995;3535;683
2026-06-08T13:55:12.0000000Z;5.3895;5.4;900;900
2026-06-08T13:55:15.0000000Z;5.3895;5.4;900;900
2026-06-08T13:55:16.0000000Z;5.3895;5.4;900;900
2026-06-08T13:55:17.0000000Z;5.3895;5.4;900;900
2026-06-08T13:55:18.0000000Z;5.3895;5.4;900;900
2026-06-08T13:55:19.0000000Z;5.39;5.4;3535;900
2026-06-08T13:55:20.0000000Z;5.3895;5.4;900;900
2026-06-08T13:55:21.0000000Z;5.3895;5.4;900;900
2026-06-08T13:55:22.0000000Z;5.3895;5.4;900;900
2026-06-08T13:55:23.0000000Z;5.3895;5.4;900;900
2026-06-08T13:55:24.0000000Z;5.3895;5.4;900;900
2026-06-08T13:55:25.0000000Z;5.3885;5.3995;11135;855
2026-06-08T13:55:26.0000000Z;5.3895;5.401;900;11110
2026-06-08T13:55:27.0000000Z;5.3895;5.401;900;11110
2026-06-08T13:55:28.0000000Z;5.3895;5.4;900;900
2026-06-08T13:55:29.0000000Z;5.391;5.4;900;900
2026-06-08T13:55:30.0000000Z;5.3905;5.3995;3535;855
2026-06-08T13:55:31.0000000Z;5.3915;5.4;3535;900
2026-06-08T13:55:33.0000000Z;5.391;5.3995;900;855
2026-06-08T13:55:34.0000000Z;5.3915;5.3995;3535;855
2026-06-08T13:55:35.0000000Z;5.391;5.4;900;900
2026-06-08T13:55:36.0000000Z;5.3915;5.3995;3535;855
2026-06-08T13:55:37.0000000Z;5.39;5.3995;3410;855
2026-06-08T13:55:38.0000000Z;5.3925;5.3995;3535;43355
2026-06-08T13:55:39.0000000Z;5.392;5.4;900;900
2026-06-08T13:55:40.0000000Z;5.392;5.4;900;900
2026-06-08T13:55:41.0000000Z;5.392;5.4;900;900
2026-06-08T13:55:42.0000000Z;5.392;5.4;900;900
2026-06-08T13:55:43.0000000Z;5.392;5.4;900;900
2026-06-08T13:55:44.0000000Z;5.392;5.4;900;900
2026-06-08T13:55:45.0000000Z;5.392;5.4;900;900
2026-06-08T13:55:46.0000000Z;5.392;5.4;900;900
2026-06-08T13:55:47.0000000Z;5.392;5.4;900;900
2026-06-08T13:55:48.0000000Z;5.39;5.398;500;900
2026-06-08T13:55:49.0000000Z;5.39;5.398;500;900
2026-06-08T13:55:50.0000000Z;5.39;5.398;500;900
2026-06-08T13:55:51.0000000Z;5.3915;5.398;9274;52300
2026-06-08T13:55:52.0000000Z;5.39;5.3955;500;900
2026-06-08T13:55:53.0000000Z;5.39;5.3955;500;900
2026-06-08T13:55:54.0000000Z;5.39;5.3965;1400;42500
2026-06-08T13:55:55.0000000Z;5.3905;5.3955;3500;900
2026-06-08T13:55:56.0000000Z;5.3915;5.3955;9274;900
2026-06-08T13:55:57.0000000Z;5.39;5.3965;500;11119
2026-06-08T13:55:58.0000000Z;5.39;5.3955;500;900
2026-06-08T13:55:59.0000000Z;5.3905;5.3955;1741;900
2026-06-08T13:56:00.0000000Z;5.39;5.3955;500;900
2026-06-08T13:56:01.0000000Z;5.39;5.3955;500;900
2026-06-08T13:56:02.0000000Z;5.39;5.3955;500;900
2026-06-08T13:56:03.0000000Z;5.39;5.3955;500;42500
2026-06-08T13:56:04.0000000Z;5.39;5.3955;500;900
2026-06-08T13:56:05.0000000Z;5.39;5.3955;500;900
2026-06-08T13:56:06.0000000Z;5.39;5.3955;500;900
2026-06-08T13:56:07.0000000Z;5.39;5.3955;500;900
2026-06-08T13:56:08.0000000Z;5.39;5.3955;500;42500
2026-06-08T13:56:09.0000000Z;5.39;5.396;500;9267
2026-06-08T13:56:10.0000000Z;5.39;5.3955;42500;42500
2026-06-08T13:56:11.0000000Z;5.39;5.3955;500;42500
2026-06-08T13:56:12.0000000Z;5.3905;5.3955;2046;42500
2026-06-08T13:56:13.0000000Z;5.39;5.3955;500;900
2026-06-08T13:56:14.0000000Z;5.39;5.3955;500;900
2026-06-08T13:56:15.0000000Z;5.39;5.3955;500;900
2026-06-08T13:56:16.0000000Z;5.3905;5.3955;2743;900
2026-06-08T13:56:17.0000000Z;5.39;5.3955;4000;42500
2026-06-08T13:56:18.0000000Z;5.39;5.3955;500;900
2026-06-08T13:56:19.0000000Z;5.3905;5.3965;900;11119
2026-06-08T13:56:20.0000000Z;5.39;5.396;4900;900
2026-06-08T13:56:21.0000000Z;5.391;5.396;900;900
2026-06-08T13:56:22.0000000Z;5.391;5.396;900;900
2026-06-08T13:56:23.0000000Z;5.3915;5.396;3535;900
2026-06-08T13:56:24.0000000Z;5.391;5.401;900;11110
2026-06-08T13:56:25.0000000Z;5.392;5.4025;3535;462
2026-06-08T13:56:26.0000000Z;5.3915;5.4015;900;900
2026-06-08T13:56:27.0000000Z;5.3915;5.4015;900;900
2026-06-08T13:56:28.0000000Z;5.3915;5.4005;900;900
2026-06-08T13:56:29.0000000Z;5.3915;5.4005;900;900
2026-06-08T13:56:30.0000000Z;5.3915;5.402;900;900
2026-06-08T13:56:31.0000000Z;5.3915;5.396;900;9267
2026-06-08T13:56:32.0000000Z;5.3915;5.402;900;900
2026-06-08T13:56:33.0000000Z;5.3915;5.4015;900;681
2026-06-08T13:56:34.0000000Z;5.391;5.403;3849;11105
2026-06-08T13:56:35.0000000Z;5.3925;5.402;900;900
2026-06-08T13:56:36.0000000Z;5.3945;5.402;3535;900
2026-06-08T13:56:37.0000000Z;5.3925;5.4015;900;791
2026-06-08T13:56:38.0000000Z;5.3925;5.402;900;900
2026-06-08T13:56:39.0000000Z;5.3925;5.402;900;900
2026-06-08T13:56:41.0000000Z;5.3925;5.402;900;900
2026-06-08T13:56:42.0000000Z;5.3925;5.4025;900;462
2026-06-08T13:56:43.0000000Z;5.393;5.403;3535;11105
2026-06-08T13:56:44.0000000Z;5.3925;5.402;900;900
2026-06-08T13:56:45.0000000Z;5.3925;5.403;900;11105
2026-06-08T13:56:46.0000000Z;5.3945;5.4045;900;900
2026-06-08T13:56:47.0000000Z;5.394;5.4045;900;900
2026-06-08T13:56:48.0000000Z;5.394;5.404;900;900
2026-06-08T13:56:49.0000000Z;5.394;5.4045;900;900
2026-06-08T13:56:50.0000000Z;5.394;5.4025;900;9255
2026-06-08T13:56:51.0000000Z;5.394;5.4045;900;900
2026-06-08T13:56:52.0000000Z;5.394;5.4055;900;11100
2026-06-08T13:56:53.0000000Z;5.394;5.4045;900;900
2026-06-08T13:56:54.0000000Z;5.394;5.4045;900;900
2026-06-08T13:56:55.0000000Z;5.394;5.404;900;655
2026-06-08T13:56:56.0000000Z;5.4005;5.4045;1592;42500
2026-06-08T13:56:57.0000000Z;5.4005;5.4045;1592;900
2026-06-08T13:56:58.0000000Z;5.4;5.4045;1400;900
2026-06-08T13:56:59.0000000Z;5.4;5.4045;42500;42500
2026-06-08T13:57:00.0000000Z;5.394;5.4045;900;900
2026-06-08T13:57:01.0000000Z;5.393;5.404;11126;850
2026-06-08T13:57:02.0000000Z;5.394;5.4045;900;900
2026-06-08T13:57:03.0000000Z;5.3945;5.404;3535;850
2026-06-08T13:57:04.0000000Z;5.3945;5.4045;900;900
2026-06-08T13:57:05.0000000Z;5.3945;5.4045;900;900
2026-06-08T13:57:06.0000000Z;5.3945;5.4045;900;900
2026-06-08T13:57:07.0000000Z;5.3945;5.4045;900;900
2026-06-08T13:57:09.0000000Z;5.3945;5.4045;900;900
2026-06-08T13:57:10.0000000Z;5.395;5.4045;3535;900
2026-06-08T13:57:11.0000000Z;5.394;5.4045;900;900
2026-06-08T13:57:12.0000000Z;5.394;5.4055;900;11100
2026-06-08T13:57:13.0000000Z;5.394;5.4055;900;11100
2026-06-08T13:57:14.0000000Z;5.394;5.4045;900;900
2026-06-08T13:57:15.0000000Z;5.394;5.4045;900;900
2026-06-08T13:57:16.0000000Z;5.394;5.404;900;655
2026-06-08T13:57:17.0000000Z;5.394;5.404;900;655
2026-06-08T13:57:18.0000000Z;5.394;5.4055;900;11100
2026-06-08T13:57:19.0000000Z;5.394;5.404;900;900
2026-06-08T13:57:20.0000000Z;5.393;5.405;39172;3386
2026-06-08T13:57:21.0000000Z;5.3945;5.404;3535;10435
2026-06-08T13:57:22.0000000Z;5.394;5.4035;900;900
2026-06-08T13:57:23.0000000Z;5.394;5.403;900;11105
2026-06-08T13:57:24.0000000Z;5.394;5.402;900;900
2026-06-08T13:57:25.0000000Z;5.394;5.402;900;42945
2026-06-08T13:57:26.0000000Z;5.3945;5.402;3535;900
2026-06-08T13:57:27.0000000Z;5.394;5.402;900;900
2026-06-08T13:57:28.0000000Z;5.394;5.402;900;900
2026-06-08T13:57:29.0000000Z;5.394;5.402;900;900
2026-06-08T13:57:30.0000000Z;5.394;5.402;46035;900
2026-06-08T13:57:31.0000000Z;5.3905;5.411;900;462
2026-06-08T13:57:32.0000000Z;5.3875;5.4005;11137;11111
2026-06-08T13:57:33.0000000Z;5.3875;5.4005;11137;11111
2026-06-08T13:57:34.0000000Z;5.3935;5.3975;9271;577
2026-06-08T13:57:35.0000000Z;5.3935;5.398;9271;807
2026-06-08T13:57:36.0000000Z;5.3935;5.398;9271;807
2026-06-08T13:57:37.0000000Z;5.3885;5.398;900;900
2026-06-08T13:57:38.0000000Z;5.3935;5.398;9271;900
2026-06-08T13:57:39.0000000Z;5.3885;5.398;900;900
2026-06-08T13:57:40.0000000Z;5.3935;5.397;9271;1301
2026-06-08T13:57:41.0000000Z;5.3845;5.3955;11144;579
2026-06-08T13:57:42.0000000Z;5.3935;5.3965;9271;770
2026-06-08T13:57:43.0000000Z;5.387;5.3955;3535;407
2026-06-08T13:57:44.0000000Z;5.3865;5.3955;900;407
2026-06-08T13:57:45.0000000Z;5.3865;5.3965;900;900
2026-06-08T13:57:46.0000000Z;5.3865;5.396;900;588
2026-06-08T13:57:48.0000000Z;5.388;5.3965;900;900
2026-06-08T13:57:49.0000000Z;5.3885;5.3965;3535;900
2026-06-08T13:57:51.0000000Z;5.388;5.396;900;900
2026-06-08T13:57:52.0000000Z;5.3865;5.396;900;900
2026-06-08T13:57:53.0000000Z;5.3865;5.396;900;900
2026-06-08T13:57:54.0000000Z;5.3865;5.396;11139;900
2026-06-08T13:57:55.0000000Z;5.3875;5.396;900;900
2026-06-08T13:57:56.0000000Z;5.388;5.396;3535;900
2026-06-08T13:57:57.0000000Z;5.3875;5.396;900;900
2026-06-08T13:57:59.0000000Z;5.3875;5.396;900;900
2026-06-08T13:58:00.0000000Z;5.3875;5.3955;900;579
2026-06-08T13:58:01.0000000Z;5.3875;5.397;900;11118
2026-06-08T13:58:02.0000000Z;5.3875;5.396;900;900
2026-06-08T13:58:04.0000000Z;5.3875;5.396;900;900
2026-06-08T13:58:05.0000000Z;5.3865;5.397;11139;11118
2026-06-08T13:58:06.0000000Z;5.388;5.3955;3535;579
2026-06-08T13:58:07.0000000Z;5.3875;5.3955;900;579
2026-06-08T13:58:08.0000000Z;5.3875;5.397;900;11118
2026-06-08T13:58:09.0000000Z;5.3875;5.396;900;900
2026-06-08T13:58:10.0000000Z;5.389;5.4005;9622;8927
2026-06-08T13:58:11.0000000Z;5.389;5.3995;900;900
2026-06-08T13:58:12.0000000Z;5.389;5.4;900;900
2026-06-08T13:58:13.0000000Z;5.391;5.4;900;900
2026-06-08T13:58:14.0000000Z;5.3915;5.3965;3535;9266
2026-06-08T13:58:15.0000000Z;5.391;5.4;900;900
2026-06-08T13:58:16.0000000Z;5.3915;5.4;3535;900
2026-06-08T13:58:17.0000000Z;5.391;5.4;900;900
2026-06-08T13:58:19.0000000Z;5.391;5.3965;900;9266
2026-06-08T13:58:21.0000000Z;5.391;5.4005;900;462
2026-06-08T13:58:22.0000000Z;5.39;5.4;900;900
2026-06-08T13:58:23.0000000Z;5.39;5.4;900;900
2026-06-08T13:58:25.0000000Z;5.39;5.4;900;900
2026-06-08T13:58:26.0000000Z;5.39;5.3995;900;727
2026-06-08T13:58:27.0000000Z;5.39;5.4;900;900
2026-06-08T13:58:28.0000000Z;5.39;5.4;900;900
2026-06-08T13:58:29.0000000Z;5.39;5.401;900;11110
2026-06-08T13:58:30.0000000Z;5.39;5.4005;33141;8465
2026-06-08T13:58:31.0000000Z;5.3915;5.3995;3535;43227
2026-06-08T13:58:32.0000000Z;5.3915;5.3995;3535;43227
2026-06-08T13:58:33.0000000Z;5.3905;5.3995;3535;727
2026-06-08T13:58:34.0000000Z;5.391;5.3995;900;727
2026-06-08T13:58:35.0000000Z;5.391;5.4;900;900
2026-06-08T13:58:36.0000000Z;5.391;5.4;900;900
2026-06-08T13:58:38.0000000Z;5.391;5.4;900;900
2026-06-08T13:58:39.0000000Z;5.39;5.407;900;3848
2026-06-08T13:58:40.0000000Z;5.3915;5.3985;900;900
2026-06-08T13:58:41.0000000Z;5.3915;5.3985;900;900
2026-06-08T13:58:42.0000000Z;5.3905;5.398;3535;728
2026-06-08T13:58:43.0000000Z;5.3885;5.3985;900;900
2026-06-08T13:58:44.0000000Z;5.3885;5.399;900;463
2026-06-08T13:58:45.0000000Z;5.389;5.398;3535;728
2026-06-08T13:58:46.0000000Z;5.3885;5.398;900;728
2026-06-08T13:58:47.0000000Z;5.39;5.3985;900;900
2026-06-08T13:58:48.0000000Z;5.3905;5.3985;3535;900
2026-06-08T13:58:49.0000000Z;5.3885;5.3985;24192;900
2026-06-08T13:58:50.0000000Z;5.3875;5.3985;11137;900
2026-06-08T13:58:51.0000000Z;5.3885;5.398;900;728
2026-06-08T13:58:52.0000000Z;5.3885;5.3985;900;900
2026-06-08T13:58:53.0000000Z;5.389;5.3985;3535;900
2026-06-08T13:58:54.0000000Z;5.3885;5.3985;900;900
2026-06-08T13:58:55.0000000Z;5.3885;5.3985;900;900
2026-06-08T13:58:57.0000000Z;5.3885;5.399;900;463
2026-06-08T13:58:58.0000000Z;5.3885;5.3985;900;900
2026-06-08T13:58:59.0000000Z;5.389;5.3985;900;900
2026-06-08T13:59:00.0000000Z;5.389;5.3985;900;900
2026-06-08T13:59:01.0000000Z;5.3925;5.4045;3535;11102
2026-06-08T13:59:02.0000000Z;5.393;5.404;8465;8465
2026-06-08T13:59:03.0000000Z;5.393;5.403;900;900
2026-06-08T13:59:04.0000000Z;5.3935;5.4045;3535;11102
2026-06-08T13:59:05.0000000Z;5.393;5.4045;900;11102
2026-06-08T13:59:06.0000000Z;5.393;5.4035;900;900
2026-06-08T13:59:07.0000000Z;5.393;5.4035;900;900
2026-06-08T13:59:08.0000000Z;5.397;5.404;900;900
2026-06-08T13:59:09.0000000Z;5.3975;5.404;3535;900
2026-06-08T13:59:10.0000000Z;5.3975;5.404;3535;51753
2026-06-08T13:59:12.0000000Z;5.397;5.4075;900;900
2026-06-08T13:59:13.0000000Z;5.397;5.4065;900;900
2026-06-08T13:59:14.0000000Z;5.3975;5.4065;3535;900
2026-06-08T13:59:15.0000000Z;5.3975;5.407;3535;900
2026-06-08T13:59:16.0000000Z;5.397;5.407;900;900
2026-06-08T13:59:17.0000000Z;5.397;5.407;900;900
2026-06-08T13:59:18.0000000Z;5.3975;5.404;3535;9253
2026-06-08T13:59:19.0000000Z;5.396;5.408;11120;11095
2026-06-08T13:59:20.0000000Z;5.396;5.407;11120;900
2026-06-08T13:59:21.0000000Z;5.397;5.407;900;900
2026-06-08T13:59:22.0000000Z;5.397;5.4075;900;462
2026-06-08T13:59:23.0000000Z;5.397;5.407;900;900
2026-06-08T13:59:25.0000000Z;5.397;5.4065;900;720
2026-06-08T13:59:26.0000000Z;5.397;5.4065;900;720
2026-06-08T13:59:27.0000000Z;5.397;5.407;900;900
2026-06-08T13:59:28.0000000Z;5.3975;5.407;900;900
2026-06-08T13:59:29.0000000Z;5.3975;5.407;900;900
2026-06-08T13:59:30.0000000Z;5.3975;5.407;900;900
2026-06-08T13:59:32.0000000Z;5.397;5.407;900;900
2026-06-08T13:59:33.0000000Z;5.398;5.407;3535;900
2026-06-08T13:59:34.0000000Z;5.397;5.407;900;900
2026-06-08T13:59:36.0000000Z;5.397;5.407;900;900
2026-06-08T13:59:37.0000000Z;5.397;5.407;900;900
2026-06-08T13:59:38.0000000Z;5.397;5.407;900;900
2026-06-08T13:59:39.0000000Z;5.397;5.408;900;11095
2026-06-08T13:59:40.0000000Z;5.397;5.407;900;900
2026-06-08T13:59:42.0000000Z;5.3975;5.4065;3535;720
2026-06-08T13:59:43.0000000Z;5.3985;5.4055;3416;315
2026-06-08T13:59:44.0000000Z;5.3975;5.4055;900;900
2026-06-08T13:59:45.0000000Z;5.3975;5.4035;900;900
2026-06-08T13:59:46.0000000Z;5.3975;5.4035;900;42693
2026-06-08T13:59:47.0000000Z;5.398;5.403;46035;572
2026-06-08T13:59:48.0000000Z;5.3935;5.4045;11125;1
2026-06-08T13:59:49.0000000Z;5.398;5.403;3535;572
2026-06-08T13:59:50.0000000Z;5.3935;5.405;11125;11101
2026-06-08T13:59:51.0000000Z;5.3945;5.404;900;900
2026-06-08T13:59:52.0000000Z;5.395;5.4035;3535;424
2026-06-08T13:59:53.0000000Z;5.3945;5.404;900;900
2026-06-08T13:59:54.0000000Z;5.395;5.404;3535;900
2026-06-08T13:59:55.0000000Z;5.3945;5.404;900;900
2026-06-08T13:59:56.0000000Z;5.3945;5.4035;900;595
2026-06-08T13:59:57.0000000Z;5.3945;5.404;900;900
2026-06-08T14:00:00.0000000Z;5.394;5.404;8465;900
2026-06-08T14:00:01.0000000Z;5.3955;5.4035;3535;595
2026-06-08T14:00:02.0000000Z;5.3935;5.405;11125;11101
2026-06-08T14:00:03.0000000Z;5.395;5.404;3535;900
2026-06-08T14:00:04.0000000Z;5.3945;5.404;11123;900
2026-06-08T14:00:05.0000000Z;5.3945;5.4035;11123;595
2026-06-08T14:00:06.0000000Z;5.3945;5.405;11123;11101
2026-06-08T14:00:07.0000000Z;5.396;5.405;3535;11101
2026-06-08T14:00:08.0000000Z;5.395;5.404;3535;900
2026-06-08T14:00:09.0000000Z;5.3955;5.4035;900;595
2026-06-08T14:00:10.0000000Z;5.3945;5.404;11123;900
2026-06-08T14:00:11.0000000Z;5.3955;5.404;900;900
2026-06-08T14:00:12.0000000Z;5.3955;5.4035;900;595
2026-06-08T14:00:13.0000000Z;5.3945;5.404;11123;900
2026-06-08T14:00:14.0000000Z;5.3945;5.4035;11123;595
2026-06-08T14:00:15.0000000Z;5.3955;5.404;900;900
2026-06-08T14:00:16.0000000Z;5.391;5.403;11130;11105
2026-06-08T14:00:17.0000000Z;5.3915;5.4015;18471;3386
2026-06-08T14:00:18.0000000Z;5.3925;5.402;900;11107
2026-06-08T14:00:19.0000000Z;5.39;5.401;11132;900
2026-06-08T14:00:20.0000000Z;5.39;5.401;11132;900
2026-06-08T14:00:21.0000000Z;5.391;5.4005;900;726
2026-06-08T14:00:22.0000000Z;5.3915;5.402;900;11107
2026-06-08T14:00:23.0000000Z;5.391;5.401;900;900
2026-06-08T14:00:24.0000000Z;5.3925;5.402;900;11107
2026-06-08T14:00:25.0000000Z;5.3925;5.401;900;900
2026-06-08T14:00:26.0000000Z;5.3925;5.4005;900;470
2026-06-08T14:00:27.0000000Z;5.3925;5.402;900;11107
2026-06-08T14:00:28.0000000Z;5.3925;5.401;900;900
2026-06-08T14:00:29.0000000Z;5.3935;5.4015;3535;900
2026-06-08T14:00:30.0000000Z;5.3945;5.4015;3535;888
2026-06-08T14:00:31.0000000Z;5.394;5.4015;900;900
2026-06-08T14:00:32.0000000Z;5.394;5.401;900;900
2026-06-08T14:00:33.0000000Z;5.393;5.401;11126;191
2026-06-08T14:00:34.0000000Z;5.3945;5.401;3535;42500
2026-06-08T14:00:35.0000000Z;5.3945;5.401;3535;900
2026-06-08T14:00:36.0000000Z;5.394;5.401;11124;900
2026-06-08T14:00:37.0000000Z;5.394;5.4035;11124;462
2026-06-08T14:00:38.0000000Z;5.395;5.4025;900;900
2026-06-08T14:00:39.0000000Z;5.394;5.4035;11124;3386
2026-06-08T14:00:40.0000000Z;5.3955;5.401;2856;900
2026-06-08T14:00:41.0000000Z;5.395;5.402;900;900
2026-06-08T14:00:42.0000000Z;5.391;5.402;900;900
2026-06-08T14:00:43.0000000Z;5.3955;5.4005;2029;470
2026-06-08T14:00:44.0000000Z;5.3955;5.402;1738;900
2026-06-08T14:00:45.0000000Z;5.395;5.3995;42500;300
2026-06-08T14:00:46.0000000Z;5.391;5.401;900;900
2026-06-08T14:00:47.0000000Z;5.391;5.401;900;900
2026-06-08T14:00:48.0000000Z;5.391;5.401;900;900
2026-06-08T14:00:49.0000000Z;5.391;5.401;900;900
2026-06-08T14:00:50.0000000Z;5.391;5.401;900;900
2026-06-08T14:00:51.0000000Z;5.391;5.401;900;900
2026-06-08T14:00:52.0000000Z;5.3925;5.4015;8465;8465
2026-06-08T14:00:53.0000000Z;5.3925;5.402;3535;900
2026-06-08T14:00:54.0000000Z;5.393;5.403;900;11105
2026-06-08T14:00:55.0000000Z;5.3925;5.402;8465;900
2026-06-08T14:00:56.0000000Z;5.393;5.402;11126;39777
2026-06-08T14:00:57.0000000Z;5.3945;5.402;3535;39777
2026-06-08T14:00:58.0000000Z;5.394;5.401;900;900
2026-06-08T14:00:59.0000000Z;5.3945;5.401;3535;42691
2026-06-08T14:01:00.0000000Z;5.394;5.402;900;11107
2026-06-08T14:01:01.0000000Z;5.394;5.401;900;900
2026-06-08T14:01:02.0000000Z;5.3945;5.401;3535;42691
2026-06-08T14:01:03.0000000Z;5.394;5.401;900;900
2026-06-08T14:01:04.0000000Z;5.393;5.401;11126;42691
2026-06-08T14:01:05.0000000Z;5.394;5.401;900;900
2026-06-08T14:01:06.0000000Z;5.394;5.401;900;900
2026-06-08T14:01:07.0000000Z;5.394;5.401;900;900
2026-06-08T14:01:08.0000000Z;5.394;5.401;900;900
2026-06-08T14:01:09.0000000Z;5.394;5.401;900;900
2026-06-08T14:01:10.0000000Z;5.393;5.402;11126;11107
2026-06-08T14:01:11.0000000Z;5.3945;5.401;3535;900
2026-06-08T14:01:12.0000000Z;5.3945;5.401;3535;900
2026-06-08T14:01:13.0000000Z;5.394;5.402;900;11107
2026-06-08T14:01:14.0000000Z;5.394;5.401;900;900
2026-06-08T14:01:15.0000000Z;5.3945;5.402;3535;11107
2026-06-08T14:01:16.0000000Z;5.3945;5.401;2442;42500
2026-06-08T14:01:17.0000000Z;5.394;5.401;900;900
2026-06-08T14:01:18.0000000Z;5.394;5.401;900;900
2026-06-08T14:01:19.0000000Z;5.394;5.4015;900;462
2026-06-08T14:01:20.0000000Z;5.3945;5.401;3535;42500
2026-06-08T14:01:21.0000000Z;5.394;5.401;900;900
2026-06-08T14:01:22.0000000Z;5.394;5.401;900;900
2026-06-08T14:01:23.0000000Z;5.394;5.401;900;900
2026-06-08T14:01:24.0000000Z;5.394;5.401;900;900
2026-06-08T14:01:25.0000000Z;5.394;5.401;900;900
2026-06-08T14:01:26.0000000Z;5.394;5.401;900;900
2026-06-08T14:01:27.0000000Z;5.394;5.401;900;900
2026-06-08T14:01:28.0000000Z;5.388;5.4005;11136;11111
2026-06-08T14:01:29.0000000Z;5.389;5.399;900;683
2026-06-08T14:01:30.0000000Z;5.389;5.3995;900;900
2026-06-08T14:01:31.0000000Z;5.389;5.3995;900;900
2026-06-08T14:01:32.0000000Z;5.389;5.3995;900;900
2026-06-08T14:01:33.0000000Z;5.389;5.3995;900;900
2026-06-08T14:01:34.0000000Z;5.389;5.4005;900;11111
2026-06-08T14:01:35.0000000Z;5.389;5.3995;900;900
2026-06-08T14:01:36.0000000Z;5.389;5.3995;900;900
2026-06-08T14:01:39.0000000Z;5.389;5.3995;900;900
2026-06-08T14:01:40.0000000Z;5.389;5.3995;900;900
2026-06-08T14:01:41.0000000Z;5.3945;5.3995;3535;42500
2026-06-08T14:01:42.0000000Z;5.393;5.4045;11126;13590
2026-06-08T14:01:43.0000000Z;5.393;5.4045;11126;13590
2026-06-08T14:01:44.0000000Z;5.395;5.4;3535;9260
2026-06-08T14:01:45.0000000Z;5.394;5.403;900;900
2026-06-08T14:01:46.0000000Z;5.394;5.403;900;900
2026-06-08T14:01:47.0000000Z;5.394;5.403;900;900
2026-06-08T14:01:48.0000000Z;5.394;5.4;900;9260
2026-06-08T14:01:49.0000000Z;5.3945;5.404;3535;462
2026-06-08T14:01:50.0000000Z;5.394;5.403;900;900
2026-06-08T14:01:51.0000000Z;5.394;5.403;900;900
2026-06-08T14:01:52.0000000Z;5.394;5.4025;900;42969
2026-06-08T14:01:53.0000000Z;5.396;5.405;42500;28630
2026-06-08T14:01:54.0000000Z;5.396;5.4025;11120;42500
2026-06-08T14:01:55.0000000Z;5.397;5.408;900;900
2026-06-08T14:01:56.0000000Z;5.3975;5.4035;3535;9254
2026-06-08T14:01:57.0000000Z;5.3975;5.4035;3535;9254
2026-06-08T14:01:58.0000000Z;5.397;5.408;900;900
2026-06-08T14:01:59.0000000Z;5.397;5.408;900;900
2026-06-08T14:01:59.0000000Z;5.397;5.408;900;900
2026-06-08T14:02:00.0000000Z;5.397;5.408;900;900
2026-06-08T14:02:01.0000000Z;5.397;5.409;900;11093
2026-06-08T14:02:02.0000000Z;5.397;5.409;900;11093
2026-06-08T14:02:03.0000000Z;5.398;5.4115;11116;11088
2026-06-08T14:02:04.0000000Z;5.399;5.4085;900;166
2026-06-08T14:02:05.0000000Z;5.399;5.4105;900;900
2026-06-08T14:02:06.0000000Z;5.399;5.4105;900;900
2026-06-08T14:02:07.0000000Z;5.399;5.409;900;424
2026-06-08T14:02:08.0000000Z;5.399;5.4115;900;11088
2026-06-08T14:02:09.0000000Z;5.398;5.409;11116;572
2026-06-08T14:02:10.0000000Z;5.399;5.4105;900;900
2026-06-08T14:02:11.0000000Z;5.3995;5.4105;3535;900
2026-06-08T14:02:12.0000000Z;5.399;5.41;900;900
2026-06-08T14:02:13.0000000Z;5.399;5.41;900;900
2026-06-08T14:02:15.0000000Z;5.399;5.41;900;900
2026-06-08T14:02:16.0000000Z;5.399;5.41;900;900
2026-06-08T14:02:17.0000000Z;5.399;5.41;900;900
2026-06-08T14:02:18.0000000Z;5.3995;5.408;3535;1090
2026-06-08T14:02:19.0000000Z;5.3965;5.4065;15372;900
2026-06-08T14:02:20.0000000Z;5.3975;5.4065;900;485
2026-06-08T14:02:21.0000000Z;5.399;5.4065;3535;42985
2026-06-08T14:02:22.0000000Z;5.3955;5.4065;900;900
2026-06-08T14:02:23.0000000Z;5.394;5.405;11124;900
2026-06-08T14:02:24.0000000Z;5.399;5.4045;1957;658
2026-06-08T14:02:25.0000000Z;5.393;5.402;10984;10225
2026-06-08T14:02:26.0000000Z;5.39;5.4015;20046;24115
2026-06-08T14:02:27.0000000Z;5.391;5.401;900;765
2026-06-08T14:02:28.0000000Z;5.391;5.4005;900;900
2026-06-08T14:02:29.0000000Z;5.3925;5.4005;900;900
2026-06-08T14:02:30.0000000Z;5.3925;5.4005;900;900
2026-06-08T14:02:31.0000000Z;5.3925;5.4005;900;900
2026-06-08T14:02:32.0000000Z;5.3925;5.4005;900;900
2026-06-08T14:02:33.0000000Z;5.3925;5.4005;900;900
2026-06-08T14:02:34.0000000Z;5.3925;5.4005;900;900
2026-06-08T14:02:35.0000000Z;5.3925;5.4015;900;11109
2026-06-08T14:02:36.0000000Z;5.3925;5.4005;900;900
2026-06-08T14:02:37.0000000Z;5.3925;5.4005;900;900
2026-06-08T14:02:38.0000000Z;5.3925;5.4005;900;900
2026-06-08T14:02:39.0000000Z;5.3925;5.4005;900;900
2026-06-08T14:02:40.0000000Z;5.3925;5.4005;900;900
2026-06-08T14:02:41.0000000Z;5.3925;5.4005;900;900
2026-06-08T14:02:42.0000000Z;5.3925;5.4005;900;900
2026-06-08T14:02:44.0000000Z;5.3925;5.4005;900;900
2026-06-08T14:02:45.0000000Z;5.393;5.4;3535;403
2026-06-08T14:02:46.0000000Z;5.393;5.4005;3535;900
2026-06-08T14:02:48.0000000Z;5.387;5.399;11129;11114
2026-06-08T14:02:49.0000000Z;5.387;5.3975;11129;705
2026-06-08T14:02:50.0000000Z;5.388;5.3975;900;11114
2026-06-08T14:02:51.0000000Z;5.387;5.397;11138;893
2026-06-08T14:02:52.0000000Z;5.3915;5.397;2046;900
2026-06-08T14:02:53.0000000Z;5.388;5.397;900;900
2026-06-08T14:02:54.0000000Z;5.3885;5.397;3535;900
2026-06-08T14:02:55.0000000Z;5.388;5.396;900;900
2026-06-08T14:02:56.0000000Z;5.388;5.3955;900;219
2026-06-08T14:02:57.0000000Z;5.3885;5.3955;3535;219
2026-06-08T14:02:58.0000000Z;5.3885;5.3955;3535;219
2026-06-08T14:02:59.0000000Z;5.388;5.396;900;900
2026-06-08T14:02:59.0000000Z;5.388;5.396;900;900
2026-06-08T14:03:00.0000000Z;5.3855;5.396;3386;19585
2026-06-08T14:03:01.0000000Z;5.385;5.396;11138;11120
2026-06-08T14:03:02.0000000Z;5.3855;5.3955;11138;17868
2026-06-08T14:03:03.0000000Z;5.3865;5.3955;900;559
2026-06-08T14:03:04.0000000Z;5.388;5.393;1878;665
2026-06-08T14:03:05.0000000Z;5.388;5.393;1633;709
2026-06-08T14:03:06.0000000Z;5.3855;5.393;46035;709
2026-06-08T14:03:07.0000000Z;5.3835;5.3935;900;900
2026-06-08T14:03:08.0000000Z;5.384;5.3935;3535;900
2026-06-08T14:03:09.0000000Z;5.3835;5.3935;900;900
2026-06-08T14:03:10.0000000Z;5.3835;5.3945;900;11123
2026-06-08T14:03:11.0000000Z;5.385;5.3935;900;900
2026-06-08T14:03:12.0000000Z;5.385;5.3935;900;900
2026-06-08T14:03:13.0000000Z;5.3855;5.393;3535;207
2026-06-08T14:03:15.0000000Z;5.385;5.3935;900;900
2026-06-08T14:03:16.0000000Z;5.3835;5.3935;4750;900
2026-06-08T14:03:17.0000000Z;5.3865;5.3985;9800;11115
2026-06-08T14:03:18.0000000Z;5.387;5.3985;900;11115
2026-06-08T14:03:19.0000000Z;5.3905;5.3975;3535;900
2026-06-08T14:03:20.0000000Z;5.39;5.3975;900;900
2026-06-08T14:03:21.0000000Z;5.39;5.3975;900;900
2026-06-08T14:03:22.0000000Z;5.39;5.3975;900;900
2026-06-08T14:03:23.0000000Z;5.39;5.401;900;462
2026-06-08T14:03:24.0000000Z;5.39;5.4;900;900
2026-06-08T14:03:25.0000000Z;5.39;5.3985;900;900
2026-06-08T14:03:26.0000000Z;5.39;5.398;900;900
2026-06-08T14:03:27.0000000Z;5.39;5.398;900;900
2026-06-08T14:03:28.0000000Z;5.39;5.398;900;900
2026-06-08T14:03:29.0000000Z;5.39;5.398;900;42771
2026-06-08T14:03:30.0000000Z;5.39;5.3995;900;35938
2026-06-08T14:03:31.0000000Z;5.39;5.399;900;900
2026-06-08T14:03:32.0000000Z;5.39;5.3985;900;331
2026-06-08T14:03:33.0000000Z;5.39;5.3985;900;502
2026-06-08T14:03:34.0000000Z;5.39;5.399;900;900
2026-06-08T14:03:35.0000000Z;5.3905;5.3985;3535;502
2026-06-08T14:03:36.0000000Z;5.3905;5.3985;3535;43002
2026-06-08T14:03:37.0000000Z;5.39;5.3985;900;900
2026-06-08T14:03:38.0000000Z;5.39;5.3985;900;900
2026-06-08T14:03:39.0000000Z;5.39;5.398;900;900
2026-06-08T14:03:40.0000000Z;5.39;5.398;900;42845
2026-06-08T14:03:41.0000000Z;5.39;5.398;900;900
2026-06-08T14:03:42.0000000Z;5.39;5.398;900;900
2026-06-08T14:03:43.0000000Z;5.39;5.398;900;900
2026-06-08T14:03:44.0000000Z;5.39;5.398;900;900
2026-06-08T14:03:45.0000000Z;5.39;5.398;900;900
2026-06-08T14:03:47.0000000Z;5.39;5.3985;900;900
2026-06-08T14:03:48.0000000Z;5.381;5.399;464;463
2026-06-08T14:03:49.0000000Z;5.384;5.3955;900;11121
2026-06-08T14:03:50.0000000Z;5.383;5.3945;11147;900
2026-06-08T14:03:51.0000000Z;5.383;5.394;11147;860
2026-06-08T14:03:52.0000000Z;5.384;5.3945;900;900
2026-06-08T14:03:53.0000000Z;5.3885;5.394;9280;860
2026-06-08T14:03:54.0000000Z;5.384;5.3945;900;900
2026-06-08T14:03:55.0000000Z;5.383;5.3945;11147;900
2026-06-08T14:03:56.0000000Z;5.384;5.3945;900;900
2026-06-08T14:03:57.0000000Z;5.384;5.394;900;860
2026-06-08T14:03:58.0000000Z;5.384;5.3935;900;900
2026-06-08T14:03:59.0000000Z;5.384;5.3935;900;900
2026-06-08T14:04:00.0000000Z;5.385;5.3935;3535;900
2026-06-08T14:04:01.0000000Z;5.3835;5.3935;11146;900
2026-06-08T14:04:02.0000000Z;5.3845;5.3945;3535;11123
2026-06-08T14:04:03.0000000Z;5.385;5.393;3535;477
2026-06-08T14:04:04.0000000Z;5.3845;5.3935;900;900
2026-06-08T14:04:05.0000000Z;5.3835;5.393;11146;305
2026-06-08T14:04:06.0000000Z;5.385;5.391;3453;1116
2026-06-08T14:04:07.0000000Z;5.384;5.3895;1889;713
2026-06-08T14:04:08.0000000Z;5.384;5.391;1688;11130
2026-06-08T14:04:09.0000000Z;5.38;5.39;900;11130
2026-06-08T14:04:10.0000000Z;5.38;5.389;900;900
2026-06-08T14:04:11.0000000Z;5.3805;5.3885;3535;457
2026-06-08T14:04:12.0000000Z;5.3805;5.389;3535;900
2026-06-08T14:04:13.0000000Z;5.38;5.389;900;900
2026-06-08T14:04:14.0000000Z;5.38;5.389;900;900
2026-06-08T14:04:15.0000000Z;5.38;5.389;900;900
2026-06-08T14:04:16.0000000Z;5.3815;5.3885;3535;900
2026-06-08T14:04:17.0000000Z;5.3815;5.3885;3535;42853
2026-06-08T14:04:18.0000000Z;5.381;5.3885;900;900
2026-06-08T14:04:19.0000000Z;5.381;5.3885;900;42500
2026-06-08T14:04:20.0000000Z;5.3815;5.3885;3535;42500
2026-06-08T14:04:22.0000000Z;5.381;5.391;900;900
2026-06-08T14:04:23.0000000Z;5.38;5.391;11153;900
2026-06-08T14:04:24.0000000Z;5.38;5.391;11153;900
2026-06-08T14:04:25.0000000Z;5.3805;5.3885;900;11135
2026-06-08T14:04:26.0000000Z;5.3755;5.3885;11162;11135
2026-06-08T14:04:27.0000000Z;5.3765;5.3885;900;11135
2026-06-08T14:04:28.0000000Z;5.3765;5.3875;900;900
2026-06-08T14:04:29.0000000Z;5.381;5.387;2935;992
2026-06-08T14:04:30.0000000Z;5.3765;5.3875;900;900
2026-06-08T14:04:31.0000000Z;5.381;5.388;2874;463
2026-06-08T14:04:32.0000000Z;5.3765;5.3875;900;900
2026-06-08T14:04:33.0000000Z;5.3765;5.3875;900;900
2026-06-08T14:04:34.0000000Z;5.3765;5.3875;900;900
2026-06-08T14:04:35.0000000Z;5.3765;5.3875;900;900
2026-06-08T14:04:37.0000000Z;5.3765;5.3885;900;11135
2026-06-08T14:04:38.0000000Z;5.3765;5.387;900;799
2026-06-08T14:04:39.0000000Z;5.3765;5.387;900;799
2026-06-08T14:04:40.0000000Z;5.3765;5.387;900;799
2026-06-08T14:04:41.0000000Z;5.3765;5.3875;900;900
2026-06-08T14:04:42.0000000Z;5.3765;5.3885;900;11135
2026-06-08T14:04:43.0000000Z;5.3765;5.3885;900;11135
2026-06-08T14:04:44.0000000Z;5.381;5.388;3535;7
2026-06-08T14:04:45.0000000Z;5.3835;5.3915;900;913
2026-06-08T14:04:46.0000000Z;5.3835;5.394;900;900
2026-06-08T14:04:47.0000000Z;5.3855;5.388;3535;9280
2026-06-08T14:04:48.0000000Z;5.3835;5.394;900;900
2026-06-08T14:04:50.0000000Z;5.384;5.394;3535;900
2026-06-08T14:04:51.0000000Z;5.3835;5.394;900;900
2026-06-08T14:04:52.0000000Z;5.3835;5.394;900;900
2026-06-08T14:04:53.0000000Z;5.3835;5.3935;900;861
2026-06-08T14:04:54.0000000Z;5.3835;5.394;900;900
2026-06-08T14:04:55.0000000Z;5.3835;5.394;900;900
2026-06-08T14:04:56.0000000Z;5.3835;5.394;900;900
2026-06-08T14:04:57.0000000Z;5.3835;5.394;900;900
2026-06-08T14:04:58.0000000Z;5.3835;5.3935;900;861
2026-06-08T14:04:59.0000000Z;5.3835;5.394;900;900
2026-06-08T14:05:00.0000000Z;5.3835;5.394;900;900
2026-06-08T14:05:01.0000000Z;5.3825;5.395;11148;11122
2026-06-08T14:05:02.0000000Z;5.3825;5.392;11148;276
2026-06-08T14:05:03.0000000Z;5.3835;5.394;900;900
2026-06-08T14:05:04.0000000Z;5.3835;5.3925;900;900
2026-06-08T14:05:05.0000000Z;5.3835;5.392;900;276
2026-06-08T14:05:06.0000000Z;5.3825;5.3925;11148;900
2026-06-08T14:05:07.0000000Z;5.3835;5.3925;900;900
2026-06-08T14:05:08.0000000Z;5.384;5.393;3535;900
2026-06-08T14:05:09.0000000Z;5.3835;5.392;900;900
2026-06-08T14:05:10.0000000Z;5.3835;5.392;900;900
2026-06-08T14:05:11.0000000Z;5.384;5.3915;3535;326
2026-06-08T14:05:12.0000000Z;5.3835;5.392;900;900
2026-06-08T14:05:13.0000000Z;5.3835;5.392;900;900
2026-06-08T14:05:14.0000000Z;5.3835;5.393;900;11126
2026-06-08T14:05:15.0000000Z;5.3835;5.392;900;900
2026-06-08T14:05:16.0000000Z;5.3835;5.392;900;900
2026-06-08T14:05:17.0000000Z;5.383;5.392;900;900
2026-06-08T14:05:18.0000000Z;5.3835;5.392;3535;1344
2026-06-08T14:05:19.0000000Z;5.383;5.392;900;900
2026-06-08T14:05:20.0000000Z;5.3825;5.392;11148;900
2026-06-08T14:05:21.0000000Z;5.383;5.392;900;900
2026-06-08T14:05:22.0000000Z;5.383;5.392;900;900
2026-06-08T14:05:23.0000000Z;5.3835;5.3915;3535;380
2026-06-08T14:05:24.0000000Z;5.379;5.389;900;841
2026-06-08T14:05:25.0000000Z;5.3775;5.388;11157;768
2026-06-08T14:05:26.0000000Z;5.3785;5.3875;900;900
2026-06-08T14:05:27.0000000Z;5.3785;5.388;900;900
2026-06-08T14:05:28.0000000Z;5.3785;5.388;900;900
2026-06-08T14:05:29.0000000Z;5.3775;5.388;11158;900
2026-06-08T14:05:30.0000000Z;5.3825;5.3875;9290;42938
2026-06-08T14:05:31.0000000Z;5.3785;5.387;900;900
2026-06-08T14:05:32.0000000Z;5.3785;5.387;900;42914
2026-06-08T14:05:33.0000000Z;5.379;5.387;3535;42914
2026-06-08T14:05:34.0000000Z;5.3785;5.387;900;900
2026-06-08T14:05:35.0000000Z;5.3785;5.388;900;11136
2026-06-08T14:05:36.0000000Z;5.3785;5.388;26170;12036
2026-06-08T14:05:37.0000000Z;5.3815;5.3925;900;11127
2026-06-08T14:05:38.0000000Z;5.383;5.392;3535;16004
2026-06-08T14:05:39.0000000Z;5.383;5.3935;3535;900
2026-06-08T14:05:40.0000000Z;5.383;5.3875;3535;9281
2026-06-08T14:05:41.0000000Z;5.3825;5.3935;900;900
2026-06-08T14:05:43.0000000Z;5.3825;5.3935;900;900
2026-06-08T14:05:44.0000000Z;5.3825;5.393;900;841
2026-06-08T14:05:45.0000000Z;5.3825;5.3935;900;900
2026-06-08T14:05:46.0000000Z;5.3825;5.3935;900;900
2026-06-08T14:05:47.0000000Z;5.3825;5.3945;900;54568
2026-06-08T14:05:48.0000000Z;5.3825;5.393;900;900
2026-06-08T14:05:49.0000000Z;5.383;5.3925;3535;808
2026-06-08T14:05:50.0000000Z;5.3825;5.393;900;900
2026-06-08T14:05:51.0000000Z;5.383;5.3925;3535;808
2026-06-08T14:05:52.0000000Z;5.382;5.392;12423;3849
2026-06-08T14:05:53.0000000Z;5.383;5.3905;900;900
2026-06-08T14:05:54.0000000Z;5.3805;5.3905;11152;601
2026-06-08T14:05:55.0000000Z;5.3835;5.3905;3535;601
2026-06-08T14:05:56.0000000Z;5.3815;5.3915;900;11129
2026-06-08T14:05:57.0000000Z;5.3815;5.3915;900;11129
2026-06-08T14:05:58.0000000Z;5.3815;5.3905;900;900
2026-06-08T14:05:59.0000000Z;5.3815;5.3905;900;900
2026-06-08T14:06:00.0000000Z;5.381;5.3905;464;900
2026-06-08T14:06:01.0000000Z;5.3815;5.391;19615;2
2026-06-08T14:06:02.0000000Z;5.383;5.3925;3535;11127
2026-06-08T14:06:03.0000000Z;5.3815;5.3925;11150;11127
2026-06-08T14:06:04.0000000Z;5.3855;5.3965;3535;11119
2026-06-08T14:06:05.0000000Z;5.3855;5.396;33819;15820
2026-06-08T14:06:06.0000000Z;5.3865;5.396;900;15820
2026-06-08T14:06:07.0000000Z;5.3855;5.3955;11142;11121
2026-06-08T14:06:08.0000000Z;5.3865;5.3945;900;900
2026-06-08T14:06:09.0000000Z;5.3865;5.3945;900;900
2026-06-08T14:06:10.0000000Z;5.3855;5.3945;11142;900
2026-06-08T14:06:11.0000000Z;5.3865;5.3945;900;900
2026-06-08T14:06:12.0000000Z;5.3865;5.3945;900;900
2026-06-08T14:06:13.0000000Z;5.3865;5.3955;900;11121
2026-06-08T14:06:14.0000000Z;5.387;5.393;3535;9272
2026-06-08T14:06:15.0000000Z;5.3865;5.395;900;900
2026-06-08T14:06:16.0000000Z;5.3855;5.3955;39825;11121
2026-06-08T14:06:17.0000000Z;5.3865;5.3945;900;900
2026-06-08T14:06:18.0000000Z;5.3865;5.3945;900;900
2026-06-08T14:06:19.0000000Z;5.3865;5.3945;900;900
2026-06-08T14:06:20.0000000Z;5.3865;5.3945;900;900
2026-06-08T14:06:21.0000000Z;5.3885;5.399;3535;900
2026-06-08T14:06:22.0000000Z;5.3885;5.3945;900;42500
2026-06-08T14:06:23.0000000Z;5.389;5.395;3535;9268
2026-06-08T14:06:24.0000000Z;5.389;5.399;3535;900
2026-06-08T14:06:25.0000000Z;5.3885;5.399;900;900
2026-06-08T14:06:26.0000000Z;5.3885;5.395;900;9268
2026-06-08T14:06:28.0000000Z;5.3885;5.4;900;11112
2026-06-08T14:06:29.0000000Z;5.3895;5.397;3535;302
2026-06-08T14:06:30.0000000Z;5.389;5.397;900;900
2026-06-08T14:06:31.0000000Z;5.388;5.397;900;900
2026-06-08T14:06:32.0000000Z;5.387;5.397;11138;900
2026-06-08T14:06:33.0000000Z;5.388;5.3965;900;474
2026-06-08T14:06:34.0000000Z;5.388;5.398;900;900
2026-06-08T14:06:35.0000000Z;5.388;5.399;900;11114
2026-06-08T14:06:36.0000000Z;5.388;5.398;900;900
2026-06-08T14:06:37.0000000Z;5.388;5.398;900;900
2026-06-08T14:06:38.0000000Z;5.388;5.399;900;11114
2026-06-08T14:06:39.0000000Z;5.388;5.3985;900;900
2026-06-08T14:06:40.0000000Z;5.388;5.399;1363;12014
2026-06-08T14:06:41.0000000Z;5.3925;5.398;3535;42500
2026-06-08T14:06:42.0000000Z;5.392;5.399;900;42500
2026-06-08T14:06:43.0000000Z;5.393;5.399;3535;42500
2026-06-08T14:06:44.0000000Z;5.394;5.4025;900;900
2026-06-08T14:06:45.0000000Z;5.394;5.3995;900;9261
2026-06-08T14:06:46.0000000Z;5.394;5.4025;900;900
2026-06-08T14:06:47.0000000Z;5.394;5.4025;900;900
2026-06-08T14:06:48.0000000Z;5.394;5.3995;900;9261
2026-06-08T14:06:49.0000000Z;5.394;5.403;900;700
2026-06-08T14:06:50.0000000Z;5.393;5.4035;11126;11104
2026-06-08T14:06:51.0000000Z;5.394;5.4035;900;11104
2026-06-08T14:06:52.0000000Z;5.394;5.3995;900;9261
2026-06-08T14:06:53.0000000Z;5.3965;5.403;900;42500
2026-06-08T14:06:54.0000000Z;5.3965;5.407;900;900
2026-06-08T14:06:55.0000000Z;5.3965;5.4075;900;462
2026-06-08T14:06:56.0000000Z;5.397;5.407;3535;900
2026-06-08T14:06:57.0000000Z;5.3965;5.407;900;900
2026-06-08T14:06:58.0000000Z;5.397;5.404;3535;9253
2026-06-08T14:06:59.0000000Z;5.3965;5.407;900;900
2026-06-08T14:07:00.0000000Z;5.397;5.4055;3535;900
2026-06-08T14:07:01.0000000Z;5.397;5.405;3535;900
2026-06-08T14:07:02.0000000Z;5.397;5.404;3535;9253
2026-06-08T14:07:03.0000000Z;5.397;5.404;3535;9253
2026-06-08T14:07:04.0000000Z;5.3965;5.405;900;900
2026-06-08T14:07:05.0000000Z;5.397;5.4045;3535;192
2026-06-08T14:07:06.0000000Z;5.3965;5.405;900;900
2026-06-08T14:07:07.0000000Z;5.3965;5.405;900;900
2026-06-08T14:07:08.0000000Z;5.3965;5.405;900;900
2026-06-08T14:07:09.0000000Z;5.3965;5.405;900;900
2026-06-08T14:07:10.0000000Z;5.3965;5.404;900;222
2026-06-08T14:07:11.0000000Z;5.397;5.403;3535;900
2026-06-08T14:07:12.0000000Z;5.3965;5.404;900;900
2026-06-08T14:07:13.0000000Z;5.392;5.4025;900;900
2026-06-08T14:07:14.0000000Z;5.392;5.402;12028;657
2026-06-08T14:07:15.0000000Z;5.392;5.4025;12028;900
2026-06-08T14:07:16.0000000Z;5.393;5.402;3535;657
2026-06-08T14:07:17.0000000Z;5.392;5.4035;12028;11104
2026-06-08T14:07:18.0000000Z;5.394;5.4025;900;900
2026-06-08T14:07:19.0000000Z;5.3945;5.4025;900;900
2026-06-08T14:07:20.0000000Z;5.395;5.4025;3535;900
2026-06-08T14:07:21.0000000Z;5.395;5.4025;3535;900
2026-06-08T14:07:22.0000000Z;5.3945;5.4025;900;900
2026-06-08T14:07:25.0000000Z;5.3945;5.4025;900;900
2026-06-08T14:07:26.0000000Z;5.3935;5.4025;11125;900
2026-06-08T14:07:27.0000000Z;5.3945;5.4025;900;900
2026-06-08T14:07:28.0000000Z;5.3945;5.4025;900;900
2026-06-08T14:07:29.0000000Z;5.3935;5.402;11125;573
2026-06-08T14:07:30.0000000Z;5.3945;5.4025;900;900
2026-06-08T14:07:31.0000000Z;5.3945;5.4025;900;900
2026-06-08T14:07:32.0000000Z;5.3945;5.4035;900;11104
2026-06-08T14:07:33.0000000Z;5.3945;5.4015;900;900
2026-06-08T14:07:34.0000000Z;5.3945;5.4025;900;11106
2026-06-08T14:07:35.0000000Z;5.3945;5.4015;900;900
2026-06-08T14:07:36.0000000Z;5.3945;5.4015;900;900
2026-06-08T14:07:37.0000000Z;5.3945;5.4015;900;900
2026-06-08T14:07:38.0000000Z;5.3935;5.4015;11125;900
2026-06-08T14:07:39.0000000Z;5.3945;5.4015;900;900
2026-06-08T14:07:40.0000000Z;5.3935;5.4;900;900
2026-06-08T14:07:41.0000000Z;5.389;5.4005;11134;900
2026-06-08T14:07:42.0000000Z;5.39;5.4005;1363;900
2026-06-08T14:07:43.0000000Z;5.3905;5.3995;3407;380
2026-06-08T14:07:44.0000000Z;5.39;5.4;900;736
2026-06-08T14:07:45.0000000Z;5.3935;5.399;3529;320
2026-06-08T14:07:46.0000000Z;5.392;5.3995;900;900
2026-06-08T14:07:47.0000000Z;5.3935;5.4005;3529;42500
2026-06-08T14:07:48.0000000Z;5.392;5.3995;900;900
2026-06-08T14:07:49.0000000Z;5.3925;5.4025;11127;900
2026-06-08T14:07:50.0000000Z;5.3935;5.4035;11125;900
2026-06-08T14:07:51.0000000Z;5.3945;5.4035;900;900
2026-06-08T14:07:52.0000000Z;5.3945;5.4025;900;287
2026-06-08T14:07:53.0000000Z;5.3945;5.404;900;900
2026-06-08T14:07:54.0000000Z;5.395;5.404;3535;900
2026-06-08T14:07:56.0000000Z;5.395;5.4035;3535;424
2026-06-08T14:07:57.0000000Z;5.394;5.403;21284;900
2026-06-08T14:07:58.0000000Z;5.3945;5.4025;3535;469
2026-06-08T14:07:59.0000000Z;5.394;5.4025;900;469
2026-06-08T14:08:00.0000000Z;5.393;5.403;38994;900
2026-06-08T14:08:01.0000000Z;5.394;5.403;900;900
2026-06-08T14:08:02.0000000Z;5.394;5.403;900;900
2026-06-08T14:08:03.0000000Z;5.394;5.428;900;900
2026-06-08T14:08:04.0000000Z;5.397;5.4035;900;9254
2026-06-08T14:08:05.0000000Z;5.397;5.407;900;900
2026-06-08T14:08:06.0000000Z;5.396;5.408;11120;11095
2026-06-08T14:08:07.0000000Z;5.396;5.408;11120;11095
2026-06-08T14:08:08.0000000Z;5.396;5.4035;11120;9254
2026-06-08T14:08:10.0000000Z;5.3975;5.4035;3535;9254
2026-06-08T14:08:11.0000000Z;5.396;5.407;11120;900
2026-06-08T14:08:12.0000000Z;5.3975;5.407;3535;900
2026-06-08T14:08:13.0000000Z;5.397;5.407;900;900
2026-06-08T14:08:14.0000000Z;5.3975;5.4065;3535;720
2026-06-08T14:08:15.0000000Z;5.397;5.4065;900;900
2026-06-08T14:08:16.0000000Z;5.397;5.4065;900;900
2026-06-08T14:08:18.0000000Z;5.397;5.4065;900;900
2026-06-08T14:08:19.0000000Z;5.397;5.406;900;539
2026-06-08T14:08:20.0000000Z;5.391;5.404;11130;11095
2026-06-08T14:08:21.0000000Z;5.3925;5.4015;900;900
2026-06-08T14:08:22.0000000Z;5.3905;5.4;900;900
2026-06-08T14:08:23.0000000Z;5.3905;5.3995;900;900
2026-06-08T14:08:24.0000000Z;5.391;5.399;3535;300
2026-06-08T14:08:25.0000000Z;5.3905;5.399;900;384
2026-06-08T14:08:26.0000000Z;5.3895;5.3985;11133;42500
2026-06-08T14:08:27.0000000Z;5.3905;5.3985;900;900
2026-06-08T14:08:28.0000000Z;5.3905;5.3995;900;11113
2026-06-08T14:08:29.0000000Z;5.391;5.3985;3535;42500
2026-06-08T14:08:30.0000000Z;5.3905;5.399;900;458
2026-06-08T14:08:31.0000000Z;5.3905;5.399;900;900
2026-06-08T14:08:32.0000000Z;5.3905;5.399;900;900
2026-06-08T14:08:33.0000000Z;5.3905;5.399;900;900
2026-06-08T14:08:34.0000000Z;5.3905;5.399;900;900
2026-06-08T14:08:35.0000000Z;5.3905;5.3995;900;11113
2026-06-08T14:08:36.0000000Z;5.3905;5.399;900;900
2026-06-08T14:08:37.0000000Z;5.3905;5.399;900;900
2026-06-08T14:08:38.0000000Z;5.3905;5.3985;900;900
2026-06-08T14:08:39.0000000Z;5.3905;5.3985;900;900
2026-06-08T14:08:40.0000000Z;5.3905;5.3985;900;900
2026-06-08T14:08:41.0000000Z;5.3905;5.3985;900;900
2026-06-08T14:08:43.0000000Z;5.3905;5.3995;900;12013
2026-06-08T14:08:44.0000000Z;5.3905;5.399;900;5400
2026-06-08T14:08:46.0000000Z;5.3905;5.3985;900;42874
2026-06-08T14:08:47.0000000Z;5.3905;5.3995;900;11113
2026-06-08T14:08:48.0000000Z;5.3935;5.4;900;900
2026-06-08T14:08:49.0000000Z;5.3935;5.4035;900;900
2026-06-08T14:08:50.0000000Z;5.394;5.399;3535;42500
2026-06-08T14:08:51.0000000Z;5.3935;5.4035;900;900
2026-06-08T14:08:52.0000000Z;5.394;5.405;3386;900
2026-06-08T14:08:53.0000000Z;5.3945;5.406;20745;11099
2026-06-08T14:08:54.0000000Z;5.3965;5.406;3535;11099
2026-06-08T14:08:55.0000000Z;5.396;5.4085;463;7
2026-06-08T14:08:56.0000000Z;5.396;5.4085;463;900
2026-06-08T14:08:57.0000000Z;5.396;5.4095;463;11092
2026-06-08T14:08:58.0000000Z;5.396;5.4095;463;11092
2026-06-08T14:08:59.0000000Z;5.3975;5.4095;3535;11092
2026-06-08T14:08:59.0000000Z;5.397;5.4085;900;900
2026-06-08T14:09:00.0000000Z;5.397;5.4085;900;900
2026-06-08T14:09:01.0000000Z;5.3965;5.408;900;900
2026-06-08T14:09:02.0000000Z;5.3965;5.409;900;462
2026-06-08T14:09:03.0000000Z;5.3965;5.408;900;900
2026-06-08T14:09:04.0000000Z;5.4;5.4075;900;900
2026-06-08T14:09:05.0000000Z;5.4;5.407;900;900
2026-06-08T14:09:06.0000000Z;5.4;5.41;900;900
2026-06-08T14:09:07.0000000Z;5.4005;5.4085;3535;42685
2026-06-08T14:09:08.0000000Z;5.4;5.41;900;900
2026-06-08T14:09:09.0000000Z;5.4;5.41;900;900
2026-06-08T14:09:10.0000000Z;5.4;5.409;900;8465
2026-06-08T14:09:11.0000000Z;5.4;5.409;900;900
2026-06-08T14:09:12.0000000Z;5.4;5.409;900;900
2026-06-08T14:09:13.0000000Z;5.4005;5.4085;3535;420
2026-06-08T14:09:14.0000000Z;5.4;5.4085;900;900
2026-06-08T14:09:15.0000000Z;5.4;5.4085;900;900
2026-06-08T14:09:16.0000000Z;5.401;5.408;3535;567
2026-06-08T14:09:17.0000000Z;5.4005;5.4085;900;900
2026-06-08T14:09:20.0000000Z;5.399;5.4085;900;900
2026-06-08T14:09:21.0000000Z;5.401;5.408;3535;567
2026-06-08T14:09:23.0000000Z;5.3995;5.408;3535;567
2026-06-08T14:09:24.0000000Z;5.399;5.4085;900;900
2026-06-08T14:09:25.0000000Z;5.3995;5.4085;3535;900
2026-06-08T14:09:26.0000000Z;5.399;5.4085;900;900
2026-06-08T14:09:27.0000000Z;5.399;5.408;900;567
2026-06-08T14:09:29.0000000Z;5.399;5.4095;900;11092
2026-06-08T14:09:30.0000000Z;5.399;5.4085;900;900
2026-06-08T14:09:31.0000000Z;5.399;5.4085;900;900
2026-06-08T14:09:32.0000000Z;5.3995;5.4085;900;900
2026-06-08T14:09:33.0000000Z;5.3995;5.408;900;567
2026-06-08T14:09:34.0000000Z;5.3995;5.4085;900;900
2026-06-08T14:09:35.0000000Z;5.399;5.408;900;567
2026-06-08T14:09:36.0000000Z;5.399;5.4085;900;900
2026-06-08T14:09:37.0000000Z;5.399;5.4085;900;900
2026-06-08T14:09:38.0000000Z;5.399;5.4085;900;900
2026-06-08T14:09:40.0000000Z;5.399;5.4095;900;11092
2026-06-08T14:09:41.0000000Z;5.399;5.408;900;396
2026-06-08T14:09:42.0000000Z;5.399;5.4085;900;900
2026-06-08T14:09:43.0000000Z;5.399;5.408;900;396
2026-06-08T14:09:44.0000000Z;5.399;5.4085;900;900
2026-06-08T14:09:45.0000000Z;5.399;5.408;900;396
2026-06-08T14:09:47.0000000Z;5.399;5.409;900;462
2026-06-08T14:09:48.0000000Z;5.3995;5.408;3535;591
2026-06-08T14:09:49.0000000Z;5.3995;5.408;13335;591
2026-06-08T14:09:50.0000000Z;5.4;5.4085;900;900
2026-06-08T14:09:51.0000000Z;5.4;5.4085;900;900
2026-06-08T14:09:53.0000000Z;5.4;5.4095;900;11092
2026-06-08T14:09:54.0000000Z;5.4;5.4085;900;900
2026-06-08T14:09:55.0000000Z;5.4;5.408;900;591
2026-06-08T14:09:56.0000000Z;5.4;5.408;900;591
2026-06-08T14:09:57.0000000Z;5.4;5.408;900;591
2026-06-08T14:10:00.0000000Z;5.4005;5.408;3535;591
2026-06-08T14:10:01.0000000Z;5.4;5.4085;900;900
2026-06-08T14:10:02.0000000Z;5.399;5.4095;11114;11092
2026-06-08T14:10:03.0000000Z;5.3985;5.4085;8465;11092
2026-06-08T14:10:04.0000000Z;5.3995;5.407;900;900
2026-06-08T14:10:05.0000000Z;5.4;5.407;3535;900
2026-06-08T14:10:06.0000000Z;5.3985;5.407;11115;900
2026-06-08T14:10:07.0000000Z;5.3985;5.407;11115;900
2026-06-08T14:10:08.0000000Z;5.3995;5.407;900;900
2026-06-08T14:10:09.0000000Z;5.3995;5.4095;900;900
2026-06-08T14:10:10.0000000Z;5.3995;5.41;900;3386
2026-06-08T14:10:11.0000000Z;5.3995;5.4075;900;9247
2026-06-08T14:10:12.0000000Z;5.3995;5.4085;900;900
2026-06-08T14:10:14.0000000Z;5.4;5.4075;3535;9247
2026-06-08T14:10:15.0000000Z;5.3985;5.4095;11115;11092
2026-06-08T14:10:16.0000000Z;5.399;5.4055;900;900
2026-06-08T14:10:17.0000000Z;5.399;5.4055;900;900
2026-06-08T14:10:18.0000000Z;5.395;5.4055;900;900
2026-06-08T14:10:19.0000000Z;5.399;5.4055;2046;900
2026-06-08T14:10:20.0000000Z;5.399;5.4035;42500;595
2026-06-08T14:10:21.0000000Z;5.3945;5.404;900;900
2026-06-08T14:10:22.0000000Z;5.3945;5.4055;900;900
2026-06-08T14:10:23.0000000Z;5.3935;5.4055;11125;900
2026-06-08T14:10:24.0000000Z;5.3945;5.4055;900;900
2026-06-08T14:10:25.0000000Z;5.3945;5.4055;900;900
2026-06-08T14:10:26.0000000Z;5.3945;5.4055;900;900
2026-06-08T14:10:27.0000000Z;5.3945;5.4055;900;900
2026-06-08T14:10:28.0000000Z;5.3945;5.4055;900;900
2026-06-08T14:10:29.0000000Z;5.3945;5.4055;900;900
2026-06-08T14:10:30.0000000Z;5.3945;5.4055;900;900
2026-06-08T14:10:31.0000000Z;5.3945;5.4055;900;900
2026-06-08T14:10:32.0000000Z;5.3945;5.405;900;973
2026-06-08T14:10:33.0000000Z;5.3945;5.4055;900;900
2026-06-08T14:10:34.0000000Z;5.3945;5.4055;900;900
2026-06-08T14:10:35.0000000Z;5.395;5.405;3535;973
2026-06-08T14:10:36.0000000Z;5.3945;5.4055;900;900
2026-06-08T14:10:37.0000000Z;5.3945;5.405;900;900
2026-06-08T14:10:38.0000000Z;5.3945;5.4035;900;900
2026-06-08T14:10:39.0000000Z;5.3945;5.4035;900;900
2026-06-08T14:10:40.0000000Z;5.395;5.4035;3535;42940
2026-06-08T14:10:41.0000000Z;5.3945;5.4045;900;900
2026-06-08T14:10:42.0000000Z;5.3945;5.4045;900;900
2026-06-08T14:10:43.0000000Z;5.3945;5.4055;900;462
2026-06-08T14:10:44.0000000Z;5.3945;5.405;900;900
2026-06-08T14:10:45.0000000Z;5.3945;5.4055;900;900
2026-06-08T14:10:46.0000000Z;5.3945;5.4065;900;11098
2026-06-08T14:10:47.0000000Z;5.3945;5.4055;900;900
2026-06-08T14:10:48.0000000Z;5.3945;5.4055;900;900
2026-06-08T14:10:49.0000000Z;5.3945;5.4055;900;900
2026-06-08T14:10:50.0000000Z;5.396;5.4055;900;900
2026-06-08T14:10:51.0000000Z;5.395;5.4055;900;900
2026-06-08T14:10:52.0000000Z;5.395;5.4065;900;11098
2026-06-08T14:10:53.0000000Z;5.395;5.4055;900;900
2026-06-08T14:10:54.0000000Z;5.3965;5.4065;900;11098
2026-06-08T14:10:55.0000000Z;5.3965;5.4055;900;900
2026-06-08T14:10:56.0000000Z;5.3965;5.4055;900;900
2026-06-08T14:10:58.0000000Z;5.3965;5.4055;900;900
2026-06-08T14:10:59.0000000Z;5.397;5.4055;3535;900
2026-06-08T14:10:59.0000000Z;5.3965;5.4065;900;11098
2026-06-08T14:11:00.0000000Z;5.3965;5.4055;900;900
2026-06-08T14:11:01.0000000Z;5.3965;5.4055;900;900
2026-06-08T14:11:02.0000000Z;5.397;5.408;3386;900
2026-06-08T14:11:03.0000000Z;5.396;5.4065;3849;11098
2026-06-08T14:11:04.0000000Z;5.3985;5.4065;3535;11098
2026-06-08T14:11:05.0000000Z;5.3985;5.4055;900;900
2026-06-08T14:11:06.0000000Z;5.3985;5.4065;900;11098
2026-06-08T14:11:07.0000000Z;5.3985;5.4065;900;11098
2026-06-08T14:11:08.0000000Z;5.399;5.4065;3535;11098
2026-06-08T14:11:09.0000000Z;5.3975;5.4055;11117;900
2026-06-08T14:11:10.0000000Z;5.3985;5.4055;900;900
2026-06-08T14:11:11.0000000Z;5.3985;5.4055;900;900
2026-06-08T14:11:12.0000000Z;5.3985;5.4055;900;900
2026-06-08T14:11:13.0000000Z;5.3985;5.4055;900;900
2026-06-08T14:11:14.0000000Z;5.3985;5.4055;900;900
2026-06-08T14:11:15.0000000Z;5.3985;5.4065;900;11098
2026-06-08T14:11:16.0000000Z;5.399;5.4055;3467;900
2026-06-08T14:11:17.0000000Z;5.3945;5.404;900;900
2026-06-08T14:11:18.0000000Z;5.3945;5.4045;900;900
2026-06-08T14:11:19.0000000Z;5.3945;5.4045;900;900
2026-06-08T14:11:20.0000000Z;5.3975;5.405;3511;529
2026-06-08T14:11:21.0000000Z;5.394;5.4055;900;11100
2026-06-08T14:11:22.0000000Z;5.394;5.4045;900;900
2026-06-08T14:11:23.0000000Z;5.394;5.4045;900;900
2026-06-08T14:11:24.0000000Z;5.3945;5.4045;3535;900
2026-06-08T14:11:25.0000000Z;5.394;5.4055;900;11100
2026-06-08T14:11:26.0000000Z;5.394;5.405;900;1011
2026-06-08T14:11:27.0000000Z;5.394;5.404;900;655
2026-06-08T14:11:28.0000000Z;5.3955;5.4045;900;900
2026-06-08T14:11:29.0000000Z;5.3955;5.4045;900;900
2026-06-08T14:11:30.0000000Z;5.396;5.4055;3535;11100
2026-06-08T14:11:31.0000000Z;5.3955;5.405;900;900
2026-06-08T14:11:32.0000000Z;5.3955;5.4045;900;423
2026-06-08T14:11:33.0000000Z;5.3955;5.4055;900;12000
2026-06-08T14:11:34.0000000Z;5.3955;5.4045;900;423
2026-06-08T14:11:35.0000000Z;5.396;5.405;3535;900
2026-06-08T14:11:36.0000000Z;5.3955;5.4055;900;11100
2026-06-08T14:11:37.0000000Z;5.3955;5.405;900;900
2026-06-08T14:11:39.0000000Z;5.3955;5.405;900;900
2026-06-08T14:11:40.0000000Z;5.3955;5.4045;900;477
2026-06-08T14:11:42.0000000Z;5.3955;5.405;900;900
2026-06-08T14:11:43.0000000Z;5.3955;5.405;900;900
2026-06-08T14:11:44.0000000Z;5.3955;5.4045;900;477
2026-06-08T14:11:45.0000000Z;5.396;5.4055;3535;11100
2026-06-08T14:11:46.0000000Z;5.3985;5.4055;900;900
2026-06-08T14:11:48.0000000Z;5.3985;5.41;900;11091
2026-06-08T14:11:49.0000000Z;5.4;5.409;900;900
2026-06-08T14:11:50.0000000Z;5.4;5.4055;900;9250
2026-06-08T14:11:51.0000000Z;5.402;5.4055;3535;9250
2026-06-08T14:11:52.0000000Z;5.4015;5.409;900;900
2026-06-08T14:11:53.0000000Z;5.4015;5.411;900;900
2026-06-08T14:11:54.0000000Z;5.402;5.41;3535;42500
2026-06-08T14:11:55.0000000Z;5.4015;5.4095;900;312
2026-06-08T14:11:56.0000000Z;5.4015;5.4095;900;312
2026-06-08T14:11:57.0000000Z;5.4015;5.41;900;900
2026-06-08T14:11:58.0000000Z;5.4015;5.41;900;900
2026-06-08T14:11:59.0000000Z;5.4015;5.41;900;900
2026-06-08T14:12:00.0000000Z;5.4015;5.41;900;900
2026-06-08T14:12:01.0000000Z;5.4005;5.4095;11111;312
2026-06-08T14:12:02.0000000Z;5.4015;5.41;900;900
2026-06-08T14:12:03.0000000Z;5.4015;5.41;900;900
2026-06-08T14:12:04.0000000Z;5.4015;5.41;900;900
2026-06-08T14:12:05.0000000Z;5.402;5.4085;3431;11094
2026-06-08T14:12:06.0000000Z;5.399;5.4075;900;900
2026-06-08T14:12:07.0000000Z;5.399;5.408;900;900
2026-06-08T14:12:08.0000000Z;5.401;5.407;3535;785
2026-06-08T14:12:09.0000000Z;5.3995;5.407;3535;785
2026-06-08T14:12:10.0000000Z;5.399;5.408;900;900
2026-06-08T14:12:11.0000000Z;5.399;5.408;900;900
2026-06-08T14:12:13.0000000Z;5.401;5.4085;3535;11952
2026-06-08T14:12:15.0000000Z;5.4005;5.4085;900;900
2026-06-08T14:12:17.0000000Z;5.402;5.4115;900;900
2026-06-08T14:12:18.0000000Z;5.402;5.4115;900;900
2026-06-08T14:12:19.0000000Z;5.402;5.408;900;9246
2026-06-08T14:12:20.0000000Z;5.402;5.411;900;567
2026-06-08T14:12:21.0000000Z;5.402;5.4115;900;900
2026-06-08T14:12:22.0000000Z;5.402;5.411;900;567
2026-06-08T14:12:23.0000000Z;5.4025;5.4125;900;11086
2026-06-08T14:12:24.0000000Z;5.4025;5.4115;900;900
2026-06-08T14:12:27.0000000Z;5.4025;5.4125;900;11086
2026-06-08T14:12:28.0000000Z;5.4025;5.4115;900;900
2026-06-08T14:12:29.0000000Z;5.4035;5.411;900;819
2026-06-08T14:12:30.0000000Z;5.404;5.411;3535;43319
2026-06-08T14:12:31.0000000Z;5.4035;5.411;900;900
2026-06-08T14:12:32.0000000Z;5.404;5.411;3535;900
2026-06-08T14:12:33.0000000Z;5.4035;5.411;900;900
2026-06-08T14:12:34.0000000Z;5.4035;5.411;900;43319
2026-06-08T14:12:35.0000000Z;5.403;5.4105;9255;462
2026-06-08T14:12:36.0000000Z;5.378;5.4055;900;166
2026-06-08T14:12:37.0000000Z;5.3985;5.4075;900;462
2026-06-08T14:12:38.0000000Z;5.403;5.408;9255;900
2026-06-08T14:12:39.0000000Z;5.3985;5.4075;900;421
2026-06-08T14:12:40.0000000Z;5.3985;5.408;900;900
2026-06-08T14:12:41.0000000Z;5.399;5.4075;3535;421
2026-06-08T14:12:42.0000000Z;5.3985;5.4095;900;11554
2026-06-08T14:12:43.0000000Z;5.3985;5.4075;900;592
2026-06-08T14:12:44.0000000Z;5.3985;5.4085;900;900
2026-06-08T14:12:45.0000000Z;5.3985;5.4085;900;900
2026-06-08T14:12:47.0000000Z;5.3985;5.4085;900;900
2026-06-08T14:12:49.0000000Z;5.3985;5.4085;900;900
2026-06-08T14:12:50.0000000Z;5.3985;5.4085;900;900
2026-06-08T14:12:52.0000000Z;5.3985;5.408;900;571
2026-06-08T14:12:53.0000000Z;5.3985;5.408;900;571
2026-06-08T14:12:54.0000000Z;5.3985;5.4085;900;900
2026-06-08T14:12:55.0000000Z;5.3985;5.4085;900;900
2026-06-08T14:12:56.0000000Z;5.3985;5.408;900;571
2026-06-08T14:12:59.0000000Z;5.3985;5.408;900;571
2026-06-08T14:12:59.0000000Z;5.3985;5.4085;900;900
2026-06-08T14:13:00.0000000Z;5.3985;5.4095;900;11092
2026-06-08T14:13:01.0000000Z;5.3975;5.408;44977;621
2026-06-08T14:13:02.0000000Z;5.3985;5.409;900;900
2026-06-08T14:13:04.0000000Z;5.3985;5.4085;900;728
2026-06-08T14:13:05.0000000Z;5.3985;5.4085;900;728
2026-06-08T14:13:07.0000000Z;5.3985;5.4095;900;11092
2026-06-08T14:13:08.0000000Z;5.3985;5.4085;900;900
2026-06-08T14:13:09.0000000Z;5.3985;5.408;900;547
2026-06-08T14:13:10.0000000Z;5.3985;5.4085;900;900
2026-06-08T14:13:11.0000000Z;5.3975;5.4085;11117;900
2026-06-08T14:13:12.0000000Z;5.3985;5.4085;900;900
2026-06-08T14:13:13.0000000Z;5.3985;5.408;900;718
2026-06-08T14:13:14.0000000Z;5.3985;5.4085;900;900
2026-06-08T14:13:15.0000000Z;5.3985;5.4085;900;900
2026-06-08T14:13:16.0000000Z;5.3985;5.408;900;571
2026-06-08T14:13:17.0000000Z;5.3985;5.408;900;571
2026-06-08T14:13:18.0000000Z;5.3985;5.4095;900;11092
2026-06-08T14:13:19.0000000Z;5.3985;5.4085;900;900
2026-06-08T14:13:22.0000000Z;5.3985;5.4095;900;11092
2026-06-08T14:13:23.0000000Z;5.399;5.408;3535;718
2026-06-08T14:13:24.0000000Z;5.3985;5.4085;900;900
2026-06-08T14:13:25.0000000Z;5.3985;5.408;900;718
2026-06-08T14:13:26.0000000Z;5.3985;5.4095;900;11092
2026-06-08T14:13:27.0000000Z;5.3985;5.4085;900;900
2026-06-08T14:13:28.0000000Z;5.399;5.4085;3535;900
2026-06-08T14:13:29.0000000Z;5.399;5.408;3535;718
2026-06-08T14:13:30.0000000Z;5.399;5.408;3535;718
2026-06-08T14:13:31.0000000Z;5.3985;5.4085;900;900
2026-06-08T14:13:32.0000000Z;5.3985;5.4085;900;900
2026-06-08T14:13:34.0000000Z;5.3985;5.4085;900;900
2026-06-08T14:13:36.0000000Z;5.3985;5.408;900;718
2026-06-08T14:13:37.0000000Z;5.3985;5.4095;900;11092
2026-06-08T14:13:38.0000000Z;5.3985;5.409;900;900
2026-06-08T14:13:39.0000000Z;5.3985;5.409;900;900
2026-06-08T14:13:40.0000000Z;5.3985;5.409;900;900
2026-06-08T14:13:42.0000000Z;5.3985;5.409;900;900
2026-06-08T14:13:43.0000000Z;5.3985;5.409;900;900
2026-06-08T14:13:44.0000000Z;5.3985;5.4085;900;669
2026-06-08T14:13:45.0000000Z;5.4015;5.41;11109;9486
2026-06-08T14:13:46.0000000Z;5.4025;5.4095;900;42500
2026-06-08T14:13:47.0000000Z;5.4015;5.4105;11109;900
2026-06-08T14:13:48.0000000Z;5.4025;5.41;900;9243
2026-06-08T14:13:49.0000000Z;5.4025;5.4125;900;900
2026-06-08T14:13:50.0000000Z;5.4025;5.41;900;9243
2026-06-08T14:13:51.0000000Z;5.402;5.414;3386;11083
2026-06-08T14:13:52.0000000Z;5.4035;5.41;13335;9243
2026-06-08T14:13:53.0000000Z;5.4045;5.414;900;900
2026-06-08T14:13:54.0000000Z;5.4045;5.413;900;900
2026-06-08T14:13:55.0000000Z;5.4045;5.41;900;9243
2026-06-08T14:13:56.0000000Z;5.4045;5.4145;900;900
2026-06-08T14:13:57.0000000Z;5.4035;5.4145;900;900
2026-06-08T14:13:58.0000000Z;5.4035;5.414;900;900
2026-06-08T14:13:59.0000000Z;5.4035;5.414;900;900
2026-06-08T14:14:00.0000000Z;5.4035;5.412;900;374
2026-06-08T14:14:01.0000000Z;5.4035;5.413;900;900
2026-06-08T14:14:02.0000000Z;5.4035;5.412;900;290
2026-06-08T14:14:03.0000000Z;5.4045;5.4105;3535;207
2026-06-08T14:14:04.0000000Z;5.4035;5.41;900;900
2026-06-08T14:14:05.0000000Z;5.4035;5.41;900;900
2026-06-08T14:14:06.0000000Z;5.4025;5.41;11106;900
2026-06-08T14:14:07.0000000Z;5.4035;5.41;900;900
2026-06-08T14:14:08.0000000Z;5.4045;5.41;3535;42500
2026-06-08T14:14:09.0000000Z;5.4035;5.41;900;42500
2026-06-08T14:14:10.0000000Z;5.4035;5.41;900;900
2026-06-08T14:14:11.0000000Z;5.4035;5.41;900;900
2026-06-08T14:14:12.0000000Z;5.4035;5.41;900;900
2026-06-08T14:14:13.0000000Z;5.4035;5.41;900;900
2026-06-08T14:14:14.0000000Z;5.4025;5.41;11106;42500
2026-06-08T14:14:15.0000000Z;5.4035;5.41;900;42500
2026-06-08T14:14:16.0000000Z;5.4035;5.411;900;11089
2026-06-08T14:14:17.0000000Z;5.4035;5.4115;12004;900
2026-06-08T14:14:18.0000000Z;5.4035;5.4105;12004;9242
2026-06-08T14:14:19.0000000Z;5.4055;5.4145;900;900
2026-06-08T14:14:20.0000000Z;5.406;5.414;3535;288
2026-06-08T14:14:21.0000000Z;5.4055;5.4155;900;11080
2026-06-08T14:14:22.0000000Z;5.4055;5.4145;900;900
2026-06-08T14:14:23.0000000Z;5.4055;5.4155;900;11080
2026-06-08T14:14:24.0000000Z;5.4055;5.4145;900;900
2026-06-08T14:14:25.0000000Z;5.4055;5.4145;900;900
2026-06-08T14:14:26.0000000Z;5.4045;5.414;11102;435
2026-06-08T14:14:27.0000000Z;5.4055;5.4145;900;900
2026-06-08T14:14:28.0000000Z;5.406;5.4145;3535;900
2026-06-08T14:14:29.0000000Z;5.4045;5.4145;11102;900
2026-06-08T14:14:30.0000000Z;5.406;5.414;3535;520
2026-06-08T14:14:31.0000000Z;5.4055;5.4145;900;900
2026-06-08T14:14:32.0000000Z;5.4055;5.4145;900;900
2026-06-08T14:14:33.0000000Z;5.406;5.414;3535;520
2026-06-08T14:14:34.0000000Z;5.4055;5.4145;900;900
2026-06-08T14:14:35.0000000Z;5.4035;5.413;10666;11080
2026-06-08T14:14:36.0000000Z;5.4055;5.4125;2046;1368
2026-06-08T14:14:37.0000000Z;5.4055;5.4115;2046;1129
2026-06-08T14:14:38.0000000Z;5.4045;5.411;900;900
2026-06-08T14:14:39.0000000Z;5.4045;5.412;900;900
2026-06-08T14:14:40.0000000Z;5.4045;5.412;900;42500
2026-06-08T14:14:42.0000000Z;5.4055;5.412;3535;42500
2026-06-08T14:14:43.0000000Z;5.4045;5.4125;900;42843
2026-06-08T14:14:45.0000000Z;5.405;5.412;3535;236
2026-06-08T14:14:46.0000000Z;5.4045;5.412;900;42736
2026-06-08T14:14:47.0000000Z;5.4045;5.412;900;900
2026-06-08T14:14:48.0000000Z;5.4045;5.412;900;900
2026-06-08T14:14:49.0000000Z;5.4045;5.412;900;42736
2026-06-08T14:14:50.0000000Z;5.4045;5.412;900;900
2026-06-08T14:14:51.0000000Z;5.4045;5.412;900;900
2026-06-08T14:14:53.0000000Z;5.405;5.412;900;900
2026-06-08T14:14:54.0000000Z;5.406;5.412;3535;900
2026-06-08T14:14:55.0000000Z;5.406;5.412;3535;42500
2026-06-08T14:14:56.0000000Z;5.4055;5.412;900;900
2026-06-08T14:14:57.0000000Z;5.4055;5.412;900;42500
2026-06-08T14:14:58.0000000Z;5.406;5.412;3535;42500
2026-06-08T14:14:59.0000000Z;5.4055;5.412;900;900
2026-06-08T14:14:59.0000000Z;5.4055;5.412;900;900
2026-06-08T14:15:00.0000000Z;5.406;5.412;3535;42500
2026-06-08T14:15:01.0000000Z;5.4045;5.413;11102;11085
2026-06-08T14:15:02.0000000Z;5.4055;5.412;900;900
2026-06-08T14:15:03.0000000Z;5.4055;5.412;900;900
2026-06-08T14:15:04.0000000Z;5.4055;5.412;900;900
2026-06-08T14:15:05.0000000Z;5.406;5.412;3535;42500
2026-06-08T14:15:06.0000000Z;5.4015;5.4105;900;448
2026-06-08T14:15:07.0000000Z;5.4015;5.411;900;900
2026-06-08T14:15:08.0000000Z;5.4015;5.4105;900;495
2026-06-08T14:15:09.0000000Z;5.405;5.4105;9251;716
2026-06-08T14:15:10.0000000Z;5.401;5.411;900;900
2026-06-08T14:15:11.0000000Z;5.405;5.4105;9251;716
2026-06-08T14:15:12.0000000Z;5.401;5.4105;900;900
2026-06-08T14:15:13.0000000Z;5.401;5.4105;900;900
2026-06-08T14:15:14.0000000Z;5.4015;5.41;3535;536
2026-06-08T14:15:15.0000000Z;5.401;5.412;900;11087
2026-06-08T14:15:16.0000000Z;5.401;5.4105;900;672
2026-06-08T14:15:17.0000000Z;5.401;5.4105;900;900
2026-06-08T14:15:19.0000000Z;5.4;5.4105;11112;900
2026-06-08T14:15:20.0000000Z;5.401;5.4105;900;900
2026-06-08T14:15:21.0000000Z;5.401;5.4105;900;900
2026-06-08T14:15:23.0000000Z;5.4015;5.41;3535;589
2026-06-08T14:15:24.0000000Z;5.401;5.411;900;900
2026-06-08T14:15:25.0000000Z;5.4015;5.4105;3535;545
2026-06-08T14:15:27.0000000Z;5.401;5.411;900;900
2026-06-08T14:15:28.0000000Z;5.4005;5.411;462;900
2026-06-08T14:15:29.0000000Z;5.4;5.411;11112;900
2026-06-08T14:15:30.0000000Z;5.4015;5.41;900;398
2026-06-08T14:15:31.0000000Z;5.398;5.4095;11116;900
2026-06-08T14:15:32.0000000Z;5.399;5.4095;900;900
2026-06-08T14:15:33.0000000Z;5.401;5.4085;3535;493
2026-06-08T14:15:34.0000000Z;5.399;5.409;900;900
2026-06-08T14:15:35.0000000Z;5.401;5.4085;3535;664
2026-06-08T14:15:36.0000000Z;5.399;5.4075;900;900
2026-06-08T14:15:37.0000000Z;5.399;5.409;900;900
2026-06-08T14:15:38.0000000Z;5.399;5.409;900;900
2026-06-08T14:15:39.0000000Z;5.3995;5.4085;3535;517
2026-06-08T14:15:40.0000000Z;5.399;5.409;900;900
2026-06-08T14:15:41.0000000Z;5.399;5.4085;900;664
2026-06-08T14:15:42.0000000Z;5.3945;5.409;14502;3386
2026-06-08T14:15:43.0000000Z;5.3955;5.407;900;1047
2026-06-08T14:15:44.0000000Z;5.3955;5.405;900;900
2026-06-08T14:15:45.0000000Z;5.3955;5.405;900;900
2026-06-08T14:15:46.0000000Z;5.399;5.4045;3275;369
2026-06-08T14:15:47.0000000Z;5.3955;5.4055;900;900
2026-06-08T14:15:48.0000000Z;5.3935;5.4055;14474;28047
2026-06-08T14:15:49.0000000Z;5.392;5.404;11123;11103
2026-06-08T14:15:50.0000000Z;5.3895;5.402;11123;11103
2026-06-08T14:15:51.0000000Z;5.3865;5.399;11123;463
2026-06-08T14:15:52.0000000Z;5.3865;5.3995;11123;11103
2026-06-08T14:15:53.0000000Z;5.398;5.402;9262;42500
2026-06-08T14:15:54.0000000Z;5.39;5.3965;3203;632
2026-06-08T14:15:55.0000000Z;5.3865;5.397;900;900
2026-06-08T14:15:56.0000000Z;5.388;5.3965;900;632
2026-06-08T14:15:57.0000000Z;5.388;5.3975;900;900
2026-06-08T14:15:58.0000000Z;5.39;5.397;3535;42500
2026-06-08T14:15:59.0000000Z;5.3895;5.3975;900;42500
2026-06-08T14:16:00.0000000Z;5.3895;5.398;900;900
2026-06-08T14:16:01.0000000Z;5.3895;5.3985;900;11115
2026-06-08T14:16:02.0000000Z;5.392;5.403;900;11105
2026-06-08T14:16:03.0000000Z;5.392;5.4025;900;8465
2026-06-08T14:16:04.0000000Z;5.395;5.3985;3535;42500
2026-06-08T14:16:05.0000000Z;5.395;5.3985;3535;42500
2026-06-08T14:16:06.0000000Z;5.3945;5.4055;900;900
2026-06-08T14:16:07.0000000Z;5.3945;5.4065;900;11098
2026-06-08T14:16:08.0000000Z;5.3945;5.4055;900;900
2026-06-08T14:16:09.0000000Z;5.3955;5.4055;3535;900
2026-06-08T14:16:10.0000000Z;5.396;5.4055;900;900
2026-06-08T14:16:11.0000000Z;5.396;5.4055;900;900
2026-06-08T14:16:12.0000000Z;5.3935;5.4055;463;900
2026-06-08T14:16:13.0000000Z;5.3945;5.4055;900;900
2026-06-08T14:16:14.0000000Z;5.3945;5.405;900;1057
2026-06-08T14:16:15.0000000Z;5.3945;5.4055;900;900
2026-06-08T14:16:16.0000000Z;5.3945;5.405;900;1057
2026-06-08T14:16:17.0000000Z;5.3945;5.405;900;859
2026-06-08T14:16:18.0000000Z;5.3945;5.4055;900;900
2026-06-08T14:16:19.0000000Z;5.3945;5.4055;900;900
2026-06-08T14:16:20.0000000Z;5.3945;5.406;900;462
2026-06-08T14:16:21.0000000Z;5.3945;5.4055;900;900
2026-06-08T14:16:22.0000000Z;5.395;5.4055;900;4286
2026-06-08T14:16:23.0000000Z;5.395;5.4035;900;468
2026-06-08T14:16:24.0000000Z;5.3955;5.4035;3535;551
2026-06-08T14:16:25.0000000Z;5.395;5.404;900;900
2026-06-08T14:16:26.0000000Z;5.3955;5.4035;3535;551
2026-06-08T14:16:27.0000000Z;5.3955;5.404;3535;900
2026-06-08T14:16:28.0000000Z;5.3955;5.404;3535;900
2026-06-08T14:16:29.0000000Z;5.395;5.404;900;19568
2026-06-08T14:16:30.0000000Z;5.394;5.403;14510;900
2026-06-08T14:16:31.0000000Z;5.3955;5.403;900;900
2026-06-08T14:16:32.0000000Z;5.395;5.403;900;900
2026-06-08T14:16:33.0000000Z;5.395;5.404;900;11103
2026-06-08T14:16:34.0000000Z;5.395;5.404;900;11103
2026-06-08T14:16:35.0000000Z;5.394;5.4025;11124;190
2026-06-08T14:16:36.0000000Z;5.395;5.403;3535;243
2026-06-08T14:16:37.0000000Z;5.395;5.4035;11122;18559
2026-06-08T14:16:38.0000000Z;5.395;5.4015;3535;318
2026-06-08T14:16:39.0000000Z;5.3935;5.402;900;900
2026-06-08T14:16:40.0000000Z;5.3935;5.402;900;900
2026-06-08T14:16:41.0000000Z;5.3935;5.402;900;900
2026-06-08T14:16:42.0000000Z;5.395;5.4015;3535;318
2026-06-08T14:16:43.0000000Z;5.3965;5.4025;900;900
2026-06-08T14:16:44.0000000Z;5.3955;5.4025;900;820
2026-06-08T14:16:45.0000000Z;5.3955;5.4025;900;820
2026-06-08T14:16:46.0000000Z;5.3955;5.4025;900;820
2026-06-08T14:16:47.0000000Z;5.3955;5.402;900;42500
2026-06-08T14:16:48.0000000Z;5.396;5.402;3535;900
2026-06-08T14:16:49.0000000Z;5.396;5.402;3514;42500
2026-06-08T14:16:50.0000000Z;5.3955;5.402;900;900
2026-06-08T14:16:51.0000000Z;5.3955;5.402;900;900
2026-06-08T14:16:52.0000000Z;5.3955;5.402;900;42500
2026-06-08T14:16:53.0000000Z;5.3955;5.402;900;900
2026-06-08T14:16:54.0000000Z;5.3955;5.402;900;900
2026-06-08T14:16:55.0000000Z;5.3955;5.402;900;900
2026-06-08T14:16:56.0000000Z;5.3955;5.402;900;900
2026-06-08T14:16:57.0000000Z;5.3955;5.402;900;900
2026-06-08T14:16:58.0000000Z;5.3955;5.402;900;900
2026-06-08T14:16:59.0000000Z;5.3955;5.402;900;900
2026-06-08T14:17:00.0000000Z;5.3955;5.403;900;11105
2026-06-08T14:17:01.0000000Z;5.3955;5.4025;900;900
2026-06-08T14:17:02.0000000Z;5.3955;5.4025;900;900
2026-06-08T14:17:05.0000000Z;5.3955;5.403;900;11105
2026-06-08T14:17:06.0000000Z;5.3955;5.403;900;11105
2026-06-08T14:17:07.0000000Z;5.3965;5.4035;900;900
2026-06-08T14:17:08.0000000Z;5.3965;5.4035;900;900
2026-06-08T14:17:09.0000000Z;5.396;5.4065;463;900
2026-06-08T14:17:10.0000000Z;5.397;5.4065;900;900
2026-06-08T14:17:11.0000000Z;5.3975;5.403;3535;42500
2026-06-08T14:17:12.0000000Z;5.397;5.4065;900;900
2026-06-08T14:17:13.0000000Z;5.397;5.4065;900;900
2026-06-08T14:17:14.0000000Z;5.397;5.4065;900;900
2026-06-08T14:17:15.0000000Z;5.397;5.406;900;452
2026-06-08T14:17:16.0000000Z;5.397;5.406;900;452
2026-06-08T14:17:17.0000000Z;5.4;5.412;11112;58094
2026-06-08T14:17:18.0000000Z;5.4015;5.4115;3535;8465
2026-06-08T14:17:19.0000000Z;5.401;5.4105;900;900
2026-06-08T14:17:20.0000000Z;5.4005;5.4105;462;900
2026-06-08T14:17:21.0000000Z;5.401;5.412;900;11087
2026-06-08T14:17:22.0000000Z;5.4;5.411;11112;900
2026-06-08T14:17:23.0000000Z;5.401;5.411;900;900
2026-06-08T14:17:26.0000000Z;5.401;5.411;900;900
2026-06-08T14:17:27.0000000Z;5.401;5.411;900;900
2026-06-08T14:17:28.0000000Z;5.4;5.411;11112;900
2026-06-08T14:17:29.0000000Z;5.401;5.411;900;900
2026-06-08T14:17:30.0000000Z;5.401;5.411;900;900
2026-06-08T14:17:31.0000000Z;5.401;5.41;900;11091
2026-06-08T14:17:32.0000000Z;5.401;5.409;900;900
2026-06-08T14:17:33.0000000Z;5.4015;5.409;3535;42500
2026-06-08T14:17:34.0000000Z;5.401;5.409;900;900
2026-06-08T14:17:35.0000000Z;5.401;5.409;900;900
2026-06-08T14:17:36.0000000Z;5.401;5.409;900;900
2026-06-08T14:17:37.0000000Z;5.401;5.409;900;900
2026-06-08T14:17:38.0000000Z;5.3205;5.4105;469;462
2026-06-08T14:17:39.0000000Z;5.3935;5.405;900;1153
2026-06-08T14:17:40.0000000Z;5.3755;5.4185;465;461
2026-06-08T14:17:41.0000000Z;5.3705;5.419;62929;461
2026-06-08T14:17:42.0000000Z;5.3705;5.4345;62929;460
2026-06-08T14:17:43.0000000Z;5.3705;5.4345;62929;460
2026-06-08T14:17:44.0000000Z;5.378;5.4065;464;462
2026-06-08T14:17:45.0000000Z;5.3805;5.406;3535;1489
2026-06-08T14:17:46.0000000Z;5.3805;5.3925;464;1307
2026-06-08T14:17:47.0000000Z;5.382;5.3925;3535;1307
2026-06-08T14:17:48.0000000Z;5.382;5.3925;3535;1307
2026-06-08T14:17:49.0000000Z;5.3815;5.3925;900;1307
2026-06-08T14:17:50.0000000Z;5.3855;5.397;3535;11118
2026-06-08T14:17:51.0000000Z;5.3865;5.3965;13335;1061
2026-06-08T14:17:52.0000000Z;5.385;5.3965;11143;1061
2026-06-08T14:17:53.0000000Z;5.387;5.3955;900;333
2026-06-08T14:17:54.0000000Z;5.39;5.4005;900;900
2026-06-08T14:17:55.0000000Z;5.3905;5.396;3535;42500
2026-06-08T14:17:56.0000000Z;5.39;5.4005;900;900
2026-06-08T14:17:57.0000000Z;5.39;5.4005;900;900
2026-06-08T14:17:58.0000000Z;5.39;5.3975;900;9264
2026-06-08T14:17:59.0000000Z;5.3895;5.4005;463;900
2026-06-08T14:17:59.0000000Z;5.39;5.4005;900;900
2026-06-08T14:18:00.0000000Z;5.3905;5.4005;3535;900
2026-06-08T14:18:01.0000000Z;5.39;5.3975;900;9264
2026-06-08T14:18:03.0000000Z;5.39;5.4005;900;900
2026-06-08T14:18:04.0000000Z;5.3905;5.4;3535;854
2026-06-08T14:18:05.0000000Z;5.3915;5.3985;3535;173
2026-06-08T14:18:06.0000000Z;5.3915;5.3985;3535;42651
2026-06-08T14:18:07.0000000Z;5.391;5.3995;900;900
2026-06-08T14:18:08.0000000Z;5.391;5.3995;900;900
2026-06-08T14:18:09.0000000Z;5.391;5.3995;900;900
2026-06-08T14:18:10.0000000Z;5.392;5.3995;900;900
2026-06-08T14:18:11.0000000Z;5.39;5.3995;11132;900
2026-06-08T14:18:12.0000000Z;5.3895;5.3995;900;900
2026-06-08T14:18:13.0000000Z;5.3895;5.3995;900;900
2026-06-08T14:18:14.0000000Z;5.3895;5.3995;900;900
2026-06-08T14:18:15.0000000Z;5.39;5.399;3535;703
2026-06-08T14:18:16.0000000Z;5.39;5.3995;3535;900
2026-06-08T14:18:17.0000000Z;5.3885;5.3995;11135;900
2026-06-08T14:18:18.0000000Z;5.3885;5.3995;11135;900
2026-06-08T14:18:19.0000000Z;5.3895;5.3995;900;900
2026-06-08T14:18:20.0000000Z;5.3895;5.3995;900;900
2026-06-08T14:18:22.0000000Z;5.3895;5.4005;900;11111
2026-06-08T14:18:23.0000000Z;5.3895;5.4005;900;11111
2026-06-08T14:18:24.0000000Z;5.3895;5.3995;900;773
2026-06-08T14:18:25.0000000Z;5.39;5.4005;900;11111
2026-06-08T14:18:26.0000000Z;5.39;5.399;900;458
2026-06-08T14:18:27.0000000Z;5.39;5.3995;900;900
2026-06-08T14:18:29.0000000Z;5.39;5.3995;900;900
2026-06-08T14:18:30.0000000Z;5.39;5.3995;900;900
2026-06-08T14:18:31.0000000Z;5.39;5.3995;900;900
2026-06-08T14:18:32.0000000Z;5.39;5.399;900;458
2026-06-08T14:18:33.0000000Z;5.3895;5.3995;900;900
2026-06-08T14:18:35.0000000Z;5.3895;5.3995;900;900
2026-06-08T14:18:36.0000000Z;5.39;5.399;3535;663
2026-06-08T14:18:37.0000000Z;5.3895;5.3985;900;900
2026-06-08T14:18:38.0000000Z;5.39;5.398;3535;277
2026-06-08T14:18:39.0000000Z;5.3895;5.3985;900;900
2026-06-08T14:18:41.0000000Z;5.3895;5.3985;900;900
2026-06-08T14:18:42.0000000Z;5.3895;5.3985;900;900
2026-06-08T14:18:43.0000000Z;5.3895;5.398;900;449
2026-06-08T14:18:44.0000000Z;5.3895;5.398;900;449
2026-06-08T14:18:45.0000000Z;5.389;5.3985;463;900
2026-06-08T14:18:46.0000000Z;5.3895;5.3985;900;900
2026-06-08T14:18:48.0000000Z;5.3895;5.399;900;900
2026-06-08T14:18:49.0000000Z;5.392;5.3985;3535;42500
2026-06-08T14:18:50.0000000Z;5.3935;5.399;3535;9261
2026-06-08T14:18:51.0000000Z;5.393;5.399;900;9261
2026-06-08T14:18:52.0000000Z;5.3935;5.399;3535;9261
2026-06-08T14:18:53.0000000Z;5.393;5.403;900;900
2026-06-08T14:18:54.0000000Z;5.393;5.403;900;900
2026-06-08T14:18:59.0000000Z;5.393;5.403;900;900
2026-06-08T14:19:00.0000000Z;5.393;5.403;900;900
2026-06-08T14:19:01.0000000Z;5.3945;5.403;900;900
2026-06-08T14:19:02.0000000Z;5.3945;5.403;900;900
2026-06-08T14:19:03.0000000Z;5.3945;5.4035;900;900
2026-06-08T14:19:04.0000000Z;5.3945;5.4035;900;900
2026-06-08T14:19:05.0000000Z;5.3945;5.4035;900;900
2026-06-08T14:19:06.0000000Z;5.3945;5.4035;900;900
2026-06-08T14:19:07.0000000Z;5.3945;5.403;900;381
2026-06-08T14:19:08.0000000Z;5.397;5.405;3535;10148
2026-06-08T14:19:09.0000000Z;5.3995;5.408;46035;900
2026-06-08T14:19:10.0000000Z;5.3995;5.4035;46035;42500
2026-06-08T14:19:11.0000000Z;5.3995;5.4075;900;900
2026-06-08T14:19:12.0000000Z;5.3995;5.4085;900;900
2026-06-08T14:19:13.0000000Z;5.3995;5.4085;900;900
2026-06-08T14:19:14.0000000Z;5.3995;5.408;900;464
2026-06-08T14:19:15.0000000Z;5.3995;5.4085;900;900
2026-06-08T14:19:16.0000000Z;5.3995;5.4085;900;900
2026-06-08T14:19:17.0000000Z;5.3985;5.4085;11115;900
2026-06-08T14:19:18.0000000Z;5.3995;5.4095;900;11092
2026-06-08T14:19:19.0000000Z;5.3995;5.4095;900;11092
2026-06-08T14:19:20.0000000Z;5.3995;5.4085;900;900
2026-06-08T14:19:21.0000000Z;5.3995;5.4085;900;900
2026-06-08T14:19:22.0000000Z;5.3985;5.4085;11115;900
2026-06-08T14:19:23.0000000Z;5.4;5.4085;3535;900
2026-06-08T14:19:24.0000000Z;5.3995;5.4085;900;900
2026-06-08T14:19:25.0000000Z;5.4;5.4095;3535;11092
2026-06-08T14:19:26.0000000Z;5.3985;5.4095;11115;11092
2026-06-08T14:19:27.0000000Z;5.3985;5.4095;11115;11092
2026-06-08T14:19:28.0000000Z;5.3995;5.4085;900;414
2026-06-08T14:19:29.0000000Z;5.3985;5.4095;11115;11092
2026-06-08T14:19:30.0000000Z;5.3995;5.4055;3527;187
2026-06-08T14:19:31.0000000Z;5.395;5.4055;900;12000
2026-06-08T14:19:32.0000000Z;5.395;5.4035;900;900
2026-06-08T14:19:33.0000000Z;5.3945;5.4045;900;900
2026-06-08T14:19:34.0000000Z;5.3945;5.4045;900;900
2026-06-08T14:19:35.0000000Z;5.395;5.404;3535;722
2026-06-08T14:19:36.0000000Z;5.395;5.4045;3535;900
2026-06-08T14:19:37.0000000Z;5.395;5.4045;3535;900
2026-06-08T14:19:38.0000000Z;5.3935;5.4045;11125;900
2026-06-08T14:19:39.0000000Z;5.3945;5.4045;900;900
2026-06-08T14:19:40.0000000Z;5.3945;5.4045;900;900
2026-06-08T14:19:41.0000000Z;5.3945;5.404;900;722
2026-06-08T14:19:42.0000000Z;5.3945;5.4045;900;900
2026-06-08T14:19:43.0000000Z;5.3945;5.4045;900;900
2026-06-08T14:19:44.0000000Z;5.3945;5.4045;900;900
2026-06-08T14:19:46.0000000Z;5.3965;5.408;900;11095
2026-06-08T14:19:47.0000000Z;5.3965;5.407;900;900
2026-06-08T14:19:48.0000000Z;5.3985;5.405;3535;9251
2026-06-08T14:19:50.0000000Z;5.398;5.406;900;42500
2026-06-08T14:19:51.0000000Z;5.398;5.406;900;42500
2026-06-08T14:19:53.0000000Z;5.398;5.406;900;900
2026-06-08T14:19:58.0000000Z;5.398;5.4055;900;187
2026-06-08T14:19:59.0000000Z;5.398;5.406;900;900
2026-06-08T14:20:00.0000000Z;5.3975;5.406;463;900
2026-06-08T14:20:01.0000000Z;5.398;5.406;900;900
2026-06-08T14:20:02.0000000Z;5.398;5.407;900;11097
2026-06-08T14:20:03.0000000Z;5.3985;5.4055;3535;187
2026-06-08T14:20:04.0000000Z;5.398;5.407;11134;11097
2026-06-08T14:20:05.0000000Z;5.398;5.406;900;42500
2026-06-08T14:20:06.0000000Z;5.398;5.4065;900;900
2026-06-08T14:20:07.0000000Z;5.398;5.407;12897;11097
2026-06-08T14:20:08.0000000Z;5.4005;5.4105;900;900
2026-06-08T14:20:09.0000000Z;5.4005;5.4105;900;900
2026-06-08T14:20:10.0000000Z;5.401;5.4105;3535;900
2026-06-08T14:20:11.0000000Z;5.4005;5.4105;900;900
2026-06-08T14:20:12.0000000Z;5.4005;5.4105;900;900
2026-06-08T14:20:13.0000000Z;5.4005;5.4105;900;900
2026-06-08T14:20:15.0000000Z;5.4005;5.409;900;900
2026-06-08T14:20:16.0000000Z;5.4005;5.41;900;900
2026-06-08T14:20:17.0000000Z;5.401;5.41;3535;900
2026-06-08T14:20:18.0000000Z;5.4005;5.41;900;900
2026-06-08T14:20:19.0000000Z;5.4005;5.4095;900;389
2026-06-08T14:20:22.0000000Z;5.3995;5.4095;11113;536
2026-06-08T14:20:23.0000000Z;5.4005;5.4105;900;900
2026-06-08T14:20:24.0000000Z;5.401;5.4105;3535;900
2026-06-08T14:20:25.0000000Z;5.4005;5.41;900;900
2026-06-08T14:20:26.0000000Z;5.401;5.4095;3535;536
2026-06-08T14:20:28.0000000Z;5.4005;5.41;900;900
2026-06-08T14:20:29.0000000Z;5.401;5.4095;3535;536
2026-06-08T14:20:30.0000000Z;5.3995;5.4095;11113;900
2026-06-08T14:20:31.0000000Z;5.401;5.409;3535;439
2026-06-08T14:20:32.0000000Z;5.4005;5.409;900;439
2026-06-08T14:20:33.0000000Z;5.401;5.409;3535;900
2026-06-08T14:20:34.0000000Z;5.401;5.409;3535;42973
2026-06-08T14:20:35.0000000Z;5.4005;5.409;900;900
2026-06-08T14:20:37.0000000Z;5.4005;5.409;900;900
2026-06-08T14:20:38.0000000Z;5.4005;5.409;900;42973
2026-06-08T14:20:39.0000000Z;5.4005;5.409;900;900
2026-06-08T14:20:40.0000000Z;5.4005;5.409;900;900
2026-06-08T14:20:41.0000000Z;5.4005;5.409;900;900
2026-06-08T14:20:42.0000000Z;5.4005;5.409;900;900
2026-06-08T14:20:44.0000000Z;5.4005;5.409;900;42973
2026-06-08T14:20:45.0000000Z;5.3995;5.4085;11113;366
2026-06-08T14:20:46.0000000Z;5.4005;5.4095;900;11092
2026-06-08T14:20:47.0000000Z;5.401;5.4085;3535;440
2026-06-08T14:20:48.0000000Z;5.401;5.4085;3535;42940
2026-06-08T14:20:49.0000000Z;5.401;5.4085;3535;900
2026-06-08T14:20:50.0000000Z;5.4005;5.4085;900;42940
2026-06-08T14:20:51.0000000Z;5.4005;5.4085;900;42940
2026-06-08T14:20:52.0000000Z;5.4005;5.4085;900;900
2026-06-08T14:20:53.0000000Z;5.3995;5.4095;11113;11092
2026-06-08T14:20:54.0000000Z;5.4005;5.4085;900;900
2026-06-08T14:20:55.0000000Z;5.401;5.4085;3535;42940
2026-06-08T14:20:56.0000000Z;5.4005;5.4085;900;900
2026-06-08T14:20:57.0000000Z;5.4005;5.4085;900;900
2026-06-08T14:20:58.0000000Z;5.4005;5.4085;900;900
2026-06-08T14:20:59.0000000Z;5.401;5.4095;3535;11092
2026-06-08T14:21:00.0000000Z;5.4005;5.4085;900;900
2026-06-08T14:21:01.0000000Z;5.4005;5.4085;900;900
2026-06-08T14:21:02.0000000Z;5.4005;5.4085;900;900
2026-06-08T14:21:03.0000000Z;5.3995;5.4085;11113;900
2026-06-08T14:21:04.0000000Z;5.4005;5.4085;900;19557
2026-06-08T14:21:05.0000000Z;5.3995;5.409;11113;900
2026-06-08T14:21:06.0000000Z;5.4005;5.409;900;900
2026-06-08T14:21:07.0000000Z;5.4005;5.409;900;900
2026-06-08T14:21:08.0000000Z;5.3955;5.407;16899;900
2026-06-08T14:21:09.0000000Z;5.401;5.408;2046;8465
2026-06-08T14:21:10.0000000Z;5.395;5.406;6793;8465
2026-06-08T14:21:11.0000000Z;5.396;5.405;900;900
2026-06-08T14:21:12.0000000Z;5.396;5.405;900;900
2026-06-08T14:21:13.0000000Z;5.3965;5.405;900;900
2026-06-08T14:21:14.0000000Z;5.4;5.4055;464;900
2026-06-08T14:21:15.0000000Z;5.4;5.4055;464;900
2026-06-08T14:21:16.0000000Z;5.401;5.4055;900;900
2026-06-08T14:21:17.0000000Z;5.401;5.405;900;42500
2026-06-08T14:21:18.0000000Z;5.401;5.4065;900;11098
2026-06-08T14:21:19.0000000Z;5.401;5.406;900;5400
2026-06-08T14:21:20.0000000Z;5.4015;5.4055;3329;9250
2026-06-08T14:21:21.0000000Z;5.401;5.406;900;900
2026-06-08T14:21:22.0000000Z;5.4015;5.4055;3329;9250
2026-06-08T14:21:23.0000000Z;5.4015;5.4055;3329;9250
2026-06-08T14:21:24.0000000Z;5.4005;5.4065;900;11098
2026-06-08T14:21:25.0000000Z;5.4005;5.4055;900;900
2026-06-08T14:21:26.0000000Z;5.401;5.4055;3354;900
2026-06-08T14:21:27.0000000Z;5.401;5.406;3464;900
2026-06-08T14:21:28.0000000Z;5.401;5.406;900;900
2026-06-08T14:21:29.0000000Z;5.401;5.406;900;900
2026-06-08T14:21:30.0000000Z;5.401;5.406;900;900
2026-06-08T14:21:31.0000000Z;5.4;5.4055;464;900
2026-06-08T14:21:32.0000000Z;5.401;5.4065;900;11098
2026-06-08T14:21:33.0000000Z;5.401;5.4065;900;11098
2026-06-08T14:21:34.0000000Z;5.4015;5.4065;3329;11098
2026-06-08T14:21:35.0000000Z;5.401;5.4065;900;9
2026-06-08T14:21:36.0000000Z;5.401;5.411;900;11089
2026-06-08T14:21:37.0000000Z;5.401;5.41;900;900
2026-06-08T14:21:38.0000000Z;5.401;5.41;900;900
2026-06-08T14:21:40.0000000Z;5.4015;5.407;3535;9248
2026-06-08T14:21:41.0000000Z;5.401;5.41;900;900
2026-06-08T14:21:42.0000000Z;5.401;5.411;900;11089
2026-06-08T14:21:43.0000000Z;5.401;5.41;900;900
2026-06-08T14:21:44.0000000Z;5.401;5.41;900;900
2026-06-08T14:21:45.0000000Z;5.401;5.41;900;900
2026-06-08T14:21:46.0000000Z;5.401;5.41;900;900
2026-06-08T14:21:47.0000000Z;5.4015;5.41;900;900
2026-06-08T14:21:48.0000000Z;5.4015;5.41;900;900
2026-06-08T14:21:49.0000000Z;5.4015;5.41;900;900
2026-06-08T14:21:50.0000000Z;5.4015;5.41;900;900
2026-06-08T14:21:51.0000000Z;5.4015;5.411;900;11989
2026-06-08T14:21:52.0000000Z;5.4015;5.411;900;11989
2026-06-08T14:21:53.0000000Z;5.4015;5.411;900;11089
2026-06-08T14:21:54.0000000Z;5.4015;5.411;900;11989
2026-06-08T14:21:55.0000000Z;5.4015;5.411;900;15589
2026-06-08T14:21:56.0000000Z;5.4015;5.411;900;11089
2026-06-08T14:21:57.0000000Z;5.4015;5.411;900;11089
2026-06-08T14:22:00.0000000Z;5.402;5.411;3535;11989
2026-06-08T14:22:01.0000000Z;5.4015;5.411;900;11089
2026-06-08T14:22:02.0000000Z;5.4015;5.411;900;11089
2026-06-08T14:22:03.0000000Z;5.404;5.4115;900;10922
2026-06-08T14:22:04.0000000Z;5.4045;5.411;3535;42500
2026-06-08T14:22:05.0000000Z;5.404;5.414;900;9617
2026-06-08T14:22:06.0000000Z;5.403;5.4155;11105;11080
2026-06-08T14:22:07.0000000Z;5.403;5.4115;11105;9240
2026-06-08T14:22:08.0000000Z;5.4035;5.411;900;158
2026-06-08T14:22:09.0000000Z;5.4015;5.4105;900;900
2026-06-08T14:22:10.0000000Z;5.4015;5.4105;900;900
2026-06-08T14:22:11.0000000Z;5.4035;5.4105;3525;619
2026-06-08T14:22:12.0000000Z;5.4015;5.4105;900;900
2026-06-08T14:22:13.0000000Z;5.4015;5.4105;900;900
2026-06-08T14:22:14.0000000Z;5.402;5.41;3535;857
2026-06-08T14:22:15.0000000Z;5.401;5.41;900;857
2026-06-08T14:22:16.0000000Z;5.401;5.4105;900;900
2026-06-08T14:22:17.0000000Z;5.401;5.41;900;478
2026-06-08T14:22:18.0000000Z;5.401;5.4105;900;900
2026-06-08T14:22:19.0000000Z;5.401;5.4105;900;900
2026-06-08T14:22:20.0000000Z;5.401;5.4105;900;900
2026-06-08T14:22:21.0000000Z;5.401;5.41;900;819
2026-06-08T14:22:22.0000000Z;5.4015;5.41;3535;819
2026-06-08T14:22:23.0000000Z;5.401;5.4105;900;900
2026-06-08T14:22:24.0000000Z;5.401;5.4105;900;900
2026-06-08T14:22:25.0000000Z;5.4005;5.4105;462;900
2026-06-08T14:22:26.0000000Z;5.4;5.4105;464;900
2026-06-08T14:22:27.0000000Z;5.401;5.4075;900;900
2026-06-08T14:22:28.0000000Z;5.4015;5.4075;3535;900
2026-06-08T14:22:29.0000000Z;5.401;5.4075;900;900
2026-06-08T14:22:31.0000000Z;5.401;5.4075;900;900
2026-06-08T14:22:32.0000000Z;5.4015;5.4075;3535;42500
2026-06-08T14:22:33.0000000Z;5.401;5.408;900;900
2026-06-08T14:22:34.0000000Z;5.4015;5.408;3535;396
2026-06-08T14:22:35.0000000Z;5.401;5.408;900;900
2026-06-08T14:22:36.0000000Z;5.401;5.408;900;42500
2026-06-08T14:22:37.0000000Z;5.401;5.4075;900;199
2026-06-08T14:22:38.0000000Z;5.401;5.408;900;42500
2026-06-08T14:22:39.0000000Z;5.401;5.408;900;900
2026-06-08T14:22:40.0000000Z;5.401;5.408;900;900
2026-06-08T14:22:41.0000000Z;5.401;5.408;900;900
2026-06-08T14:22:43.0000000Z;5.4015;5.408;3535;900
2026-06-08T14:22:46.0000000Z;5.4005;5.4075;900;199
2026-06-08T14:22:47.0000000Z;5.4015;5.4075;3535;223
2026-06-08T14:22:48.0000000Z;5.4005;5.406;51759;1171
2026-06-08T14:22:49.0000000Z;5.4005;5.404;51759;571
2026-06-08T14:22:50.0000000Z;5.395;5.4045;900;900
2026-06-08T14:22:51.0000000Z;5.395;5.405;900;785
2026-06-08T14:22:52.0000000Z;5.395;5.4045;900;900
2026-06-08T14:22:53.0000000Z;5.395;5.4045;900;900
2026-06-08T14:22:56.0000000Z;5.3955;5.404;3535;571
2026-06-08T14:22:57.0000000Z;5.3975;5.404;3535;169
2026-06-08T14:22:58.0000000Z;5.397;5.405;900;13045
2026-06-08T14:22:59.0000000Z;5.397;5.405;900;51751
2026-06-08T14:23:00.0000000Z;5.397;5.405;900;51751
2026-06-08T14:23:01.0000000Z;5.397;5.408;900;900
2026-06-08T14:23:02.0000000Z;5.397;5.4085;900;11094
2026-06-08T14:23:03.0000000Z;5.397;5.4075;900;900
2026-06-08T14:23:04.0000000Z;5.397;5.408;900;900
2026-06-08T14:23:05.0000000Z;5.3995;5.412;900;11087
2026-06-08T14:23:06.0000000Z;5.4005;5.408;13335;51746
2026-06-08T14:23:07.0000000Z;5.401;5.411;900;900
2026-06-08T14:23:08.0000000Z;5.401;5.408;900;9246
2026-06-08T14:23:09.0000000Z;5.3995;5.411;900;900
2026-06-08T14:23:10.0000000Z;5.401;5.408;46035;9246
2026-06-08T14:23:11.0000000Z;5.3995;5.412;900;11087
2026-06-08T14:23:12.0000000Z;5.401;5.41;900;900
2026-06-08T14:23:13.0000000Z;5.4035;5.408;3535;9246
2026-06-08T14:23:14.0000000Z;5.4035;5.41;3535;42500
2026-06-08T14:23:15.0000000Z;5.403;5.41;900;42500
2026-06-08T14:23:16.0000000Z;5.4035;5.411;900;11989
2026-06-08T14:23:17.0000000Z;5.403;5.411;900;11089
2026-06-08T14:23:18.0000000Z;5.403;5.4105;900;900
2026-06-08T14:23:19.0000000Z;5.403;5.4105;3535;51742
2026-06-08T14:23:20.0000000Z;5.4035;5.4105;3535;900
2026-06-08T14:23:21.0000000Z;5.403;5.41;900;900
2026-06-08T14:23:22.0000000Z;5.403;5.41;900;900
2026-06-08T14:23:23.0000000Z;5.403;5.41;900;900
2026-06-08T14:23:24.0000000Z;5.4035;5.41;3535;42684
2026-06-08T14:23:25.0000000Z;5.403;5.411;900;11989
2026-06-08T14:23:26.0000000Z;5.403;5.41;900;42684
2026-06-08T14:23:27.0000000Z;5.4035;5.41;3535;184
2026-06-08T14:23:28.0000000Z;5.403;5.411;900;11089
2026-06-08T14:23:29.0000000Z;5.403;5.411;900;11089
2026-06-08T14:23:30.0000000Z;5.403;5.4105;900;900
2026-06-08T14:23:31.0000000Z;5.403;5.41;900;900
2026-06-08T14:23:32.0000000Z;5.403;5.41;900;42684
2026-06-08T14:23:33.0000000Z;5.403;5.41;900;900
2026-06-08T14:23:35.0000000Z;5.402;5.411;11107;11089
2026-06-08T14:23:36.0000000Z;5.403;5.41;900;900
2026-06-08T14:23:37.0000000Z;5.403;5.411;900;11989
2026-06-08T14:23:38.0000000Z;5.403;5.411;900;11989
2026-06-08T14:23:39.0000000Z;5.4035;5.41;3535;184
2026-06-08T14:23:40.0000000Z;5.403;5.411;900;11989
2026-06-08T14:23:41.0000000Z;5.403;5.411;900;11989
2026-06-08T14:23:42.0000000Z;5.403;5.411;900;11989
2026-06-08T14:23:43.0000000Z;5.4025;5.411;462;11989
2026-06-08T14:23:44.0000000Z;5.403;5.41;900;184
2026-06-08T14:23:45.0000000Z;5.403;5.411;900;11089
2026-06-08T14:23:46.0000000Z;5.4035;5.41;3535;42684
2026-06-08T14:23:47.0000000Z;5.403;5.411;900;11089
2026-06-08T14:23:48.0000000Z;5.403;5.411;900;11989
2026-06-08T14:23:49.0000000Z;5.403;5.411;900;11809
2026-06-08T14:23:50.0000000Z;5.4035;5.4105;3535;11950
2026-06-08T14:23:51.0000000Z;5.4035;5.411;3535;900
2026-06-08T14:23:52.0000000Z;5.403;5.4135;900;900
2026-06-08T14:23:53.0000000Z;5.403;5.4145;900;11082
2026-06-08T14:23:54.0000000Z;5.405;5.413;900;900
2026-06-08T14:23:55.0000000Z;5.405;5.4145;900;900
2026-06-08T14:23:56.0000000Z;5.405;5.4135;900;372
2026-06-08T14:23:57.0000000Z;5.405;5.4135;900;372
2026-06-08T14:23:58.0000000Z;5.405;5.4135;900;372
2026-06-08T14:24:00.0000000Z;5.405;5.4145;900;900
2026-06-08T14:24:01.0000000Z;5.406;5.414;3535;9236
2026-06-08T14:24:02.0000000Z;5.4065;5.4155;3535;42500
2026-06-08T14:24:03.0000000Z;5.4075;5.4165;3535;900
2026-06-08T14:24:04.0000000Z;5.407;5.416;900;900
2026-06-08T14:24:05.0000000Z;5.407;5.4155;900;42884
2026-06-08T14:24:06.0000000Z;5.407;5.416;900;413
2026-06-08T14:24:07.0000000Z;5.407;5.4165;900;900
2026-06-08T14:24:08.0000000Z;5.407;5.416;900;560
2026-06-08T14:24:09.0000000Z;5.407;5.416;900;560
2026-06-08T14:24:10.0000000Z;5.407;5.416;900;560
2026-06-08T14:24:11.0000000Z;5.407;5.4165;900;900
2026-06-08T14:24:12.0000000Z;5.4115;5.4165;370;900
2026-06-08T14:24:13.0000000Z;5.4115;5.4165;370;900
2026-06-08T14:24:14.0000000Z;5.4115;5.416;370;251
2026-06-08T14:24:15.0000000Z;5.4115;5.416;370;251
2026-06-08T14:24:16.0000000Z;5.4115;5.4165;370;900
2026-06-08T14:24:17.0000000Z;5.4115;5.4165;370;900
2026-06-08T14:24:18.0000000Z;5.4115;5.416;370;251
2026-06-08T14:24:19.0000000Z;5.4115;5.416;370;251
2026-06-08T14:24:20.0000000Z;5.4085;5.4165;900;900
2026-06-08T14:24:21.0000000Z;5.407;5.4165;900;900
2026-06-08T14:24:22.0000000Z;5.407;5.4165;900;900
2026-06-08T14:24:23.0000000Z;5.407;5.4165;900;900
2026-06-08T14:24:24.0000000Z;5.411;5.416;370;584
2026-06-08T14:24:25.0000000Z;5.407;5.4165;900;900
2026-06-08T14:24:26.0000000Z;5.407;5.415;900;42904
2026-06-08T14:24:27.0000000Z;5.407;5.415;900;900
2026-06-08T14:24:28.0000000Z;5.4075;5.415;2978;900
2026-06-08T14:24:29.0000000Z;5.4015;5.412;462;780
2026-06-08T14:24:30.0000000Z;5.401;5.4125;11110;900
2026-06-08T14:24:31.0000000Z;5.402;5.4125;900;900
2026-06-08T14:24:32.0000000Z;5.402;5.4125;900;900
2026-06-08T14:24:33.0000000Z;5.402;5.4125;900;900
2026-06-08T14:24:34.0000000Z;5.402;5.4125;900;900
2026-06-08T14:24:35.0000000Z;5.402;5.4125;900;900
2026-06-08T14:24:36.0000000Z;5.407;5.412;2046;818
2026-06-08T14:24:37.0000000Z;5.4025;5.412;3535;818
2026-06-08T14:24:38.0000000Z;5.402;5.4125;900;900
2026-06-08T14:24:40.0000000Z;5.402;5.4125;900;900
2026-06-08T14:24:41.0000000Z;5.402;5.4125;900;900
2026-06-08T14:24:42.0000000Z;5.4015;5.4125;462;900
2026-06-08T14:24:43.0000000Z;5.402;5.4125;900;900
2026-06-08T14:24:44.0000000Z;5.402;5.4125;900;900
2026-06-08T14:24:45.0000000Z;5.4025;5.412;3535;1044
2026-06-08T14:24:46.0000000Z;5.401;5.4115;900;900
2026-06-08T14:24:47.0000000Z;5.401;5.411;900;702
2026-06-08T14:24:48.0000000Z;5.4025;5.4115;900;900
2026-06-08T14:24:49.0000000Z;5.4025;5.4115;900;900
2026-06-08T14:24:50.0000000Z;5.4005;5.4115;900;900
2026-06-08T14:24:51.0000000Z;5.4005;5.4115;900;900
2026-06-08T14:24:52.0000000Z;5.401;5.4115;900;900
2026-06-08T14:24:53.0000000Z;5.401;5.4115;900;900
2026-06-08T14:24:54.0000000Z;5.4005;5.4115;900;900
2026-06-08T14:24:55.0000000Z;5.4005;5.4115;900;900
2026-06-08T14:24:56.0000000Z;5.4005;5.411;900;900
2026-06-08T14:24:57.0000000Z;5.4005;5.411;900;900
2026-06-08T14:24:58.0000000Z;5.4005;5.411;900;900
2026-06-08T14:25:00.0000000Z;5.4005;5.4095;900;900
2026-06-08T14:25:01.0000000Z;5.4005;5.4095;900;900
2026-06-08T14:25:02.0000000Z;5.4005;5.4115;900;900
2026-06-08T14:25:03.0000000Z;5.401;5.408;900;900
2026-06-08T14:25:04.0000000Z;5.3985;5.4095;900;900
2026-06-08T14:25:05.0000000Z;5.3985;5.4095;900;900
2026-06-08T14:25:06.0000000Z;5.4005;5.409;3535;1089
2026-06-08T14:25:07.0000000Z;5.4005;5.409;3535;43589
2026-06-08T14:25:08.0000000Z;5.397;5.4095;11118;900
2026-06-08T14:25:09.0000000Z;5.398;5.408;900;900
2026-06-08T14:25:10.0000000Z;5.398;5.408;900;900
2026-06-08T14:25:12.0000000Z;5.398;5.4095;900;900
2026-06-08T14:25:13.0000000Z;5.398;5.4095;900;900
2026-06-08T14:25:15.0000000Z;5.398;5.4095;900;900
2026-06-08T14:25:16.0000000Z;5.398;5.409;900;1437
2026-06-08T14:25:17.0000000Z;5.3985;5.409;3535;1437
2026-06-08T14:25:18.0000000Z;5.398;5.4095;900;900
2026-06-08T14:25:19.0000000Z;5.397;5.4105;11118;11090
2026-06-08T14:25:20.0000000Z;5.3975;5.4095;463;1640
2026-06-08T14:25:21.0000000Z;5.397;5.4105;11118;11090
2026-06-08T14:25:22.0000000Z;5.397;5.4105;11118;11090
2026-06-08T14:25:23.0000000Z;5.398;5.4095;900;900
2026-06-08T14:25:24.0000000Z;5.398;5.409;900;1437
2026-06-08T14:25:25.0000000Z;5.398;5.4095;900;900
2026-06-08T14:25:27.0000000Z;5.3975;5.409;463;1598
2026-06-08T14:25:28.0000000Z;5.398;5.4065;900;8465
2026-06-08T14:25:29.0000000Z;5.398;5.4065;900;900
2026-06-08T14:25:30.0000000Z;5.398;5.4065;900;900
2026-06-08T14:25:31.0000000Z;5.398;5.4065;900;900
2026-06-08T14:25:32.0000000Z;5.398;5.406;900;809
2026-06-08T14:25:33.0000000Z;5.398;5.4065;900;900
2026-06-08T14:25:34.0000000Z;5.398;5.4065;900;900
2026-06-08T14:25:35.0000000Z;5.3985;5.406;3535;809
2026-06-08T14:25:36.0000000Z;5.398;5.406;900;809
2026-06-08T14:25:37.0000000Z;5.398;5.407;900;900
2026-06-08T14:25:38.0000000Z;5.398;5.407;900;900
2026-06-08T14:25:39.0000000Z;5.398;5.4065;900;833
2026-06-08T14:25:40.0000000Z;5.398;5.4065;900;900
2026-06-08T14:25:41.0000000Z;5.398;5.4065;900;900
2026-06-08T14:25:42.0000000Z;5.398;5.407;900;900
2026-06-08T14:25:43.0000000Z;5.398;5.4065;900;900
2026-06-08T14:25:44.0000000Z;5.398;5.407;900;900
2026-06-08T14:25:45.0000000Z;5.398;5.4065;900;833
2026-06-08T14:25:46.0000000Z;5.398;5.407;900;900
2026-06-08T14:25:47.0000000Z;5.398;5.407;900;900
2026-06-08T14:25:50.0000000Z;5.398;5.4065;900;900
2026-06-08T14:25:51.0000000Z;5.397;5.406;11118;823
2026-06-08T14:25:52.0000000Z;5.398;5.4075;900;11996
2026-06-08T14:25:53.0000000Z;5.397;5.4075;11118;11996
2026-06-08T14:25:54.0000000Z;5.398;5.4065;900;900
2026-06-08T14:25:55.0000000Z;5.398;5.4075;900;11096
2026-06-08T14:25:56.0000000Z;5.398;5.4065;900;900
2026-06-08T14:25:57.0000000Z;5.3985;5.4065;3535;900
2026-06-08T14:25:59.0000000Z;5.397;5.406;11118;823
2026-06-08T14:25:59.0000000Z;5.398;5.4065;900;900
2026-06-08T14:26:00.0000000Z;5.3945;5.4065;463;900
2026-06-08T14:26:01.0000000Z;5.3955;5.4045;900;900
2026-06-08T14:26:02.0000000Z;5.3985;5.404;2574;859
2026-06-08T14:26:03.0000000Z;5.3955;5.405;900;11101
2026-06-08T14:26:04.0000000Z;5.3955;5.4045;900;900
2026-06-08T14:26:05.0000000Z;5.3955;5.4045;900;900
2026-06-08T14:26:06.0000000Z;5.3955;5.404;900;859
2026-06-08T14:26:07.0000000Z;5.397;5.4045;900;900
2026-06-08T14:26:08.0000000Z;5.398;5.4045;2420;900
2026-06-08T14:26:09.0000000Z;5.397;5.404;45402;900
2026-06-08T14:26:10.0000000Z;5.3945;5.404;900;900
2026-06-08T14:26:11.0000000Z;5.397;5.405;3012;11101
2026-06-08T14:26:12.0000000Z;5.3945;5.404;900;1144
2026-06-08T14:26:13.0000000Z;5.3945;5.405;900;11101
2026-06-08T14:26:14.0000000Z;5.3945;5.405;900;11101
2026-06-08T14:26:15.0000000Z;5.3945;5.405;900;11101
2026-06-08T14:26:16.0000000Z;5.3945;5.405;900;11101
2026-06-08T14:26:17.0000000Z;5.3945;5.405;900;11101
2026-06-08T14:26:18.0000000Z;5.3945;5.405;900;11101
2026-06-08T14:26:19.0000000Z;5.3945;5.405;900;11101
2026-06-08T14:26:20.0000000Z;5.3945;5.405;900;11101
2026-06-08T14:26:21.0000000Z;5.3955;5.4035;3535;953
2026-06-08T14:26:22.0000000Z;5.395;5.405;900;11101
2026-06-08T14:26:23.0000000Z;5.395;5.404;900;900
2026-06-08T14:26:25.0000000Z;5.394;5.405;11124;11101
2026-06-08T14:26:26.0000000Z;5.394;5.4035;11124;900
2026-06-08T14:26:27.0000000Z;5.3955;5.4035;3535;782
2026-06-08T14:26:28.0000000Z;5.395;5.404;900;900
2026-06-08T14:26:29.0000000Z;5.395;5.4035;900;939
2026-06-08T14:26:30.0000000Z;5.395;5.404;900;900
2026-06-08T14:26:31.0000000Z;5.3945;5.4035;463;939
2026-06-08T14:26:32.0000000Z;5.395;5.404;900;900
2026-06-08T14:26:33.0000000Z;5.3955;5.405;3535;11101
2026-06-08T14:26:34.0000000Z;5.3695;5.4065;900;462
2026-06-08T14:26:35.0000000Z;5.3695;5.406;900;462
2026-06-08T14:26:36.0000000Z;5.3945;5.4025;3535;1209
2026-06-08T14:26:37.0000000Z;5.393;5.404;900;11103
2026-06-08T14:26:38.0000000Z;5.394;5.403;3503;900
2026-06-08T14:26:39.0000000Z;5.393;5.403;900;900
2026-06-08T14:26:40.0000000Z;5.392;5.403;11128;900
2026-06-08T14:26:41.0000000Z;5.393;5.403;900;900
2026-06-08T14:26:42.0000000Z;5.393;5.404;900;11103
2026-06-08T14:26:43.0000000Z;5.393;5.4025;14514;1209
2026-06-08T14:26:44.0000000Z;5.3945;5.4035;3535;1316
2026-06-08T14:26:45.0000000Z;5.3945;5.4025;3535;783
2026-06-08T14:26:46.0000000Z;5.3945;5.4025;3535;783
2026-06-08T14:26:47.0000000Z;5.394;5.403;900;900
2026-06-08T14:26:48.0000000Z;5.394;5.4035;900;900
2026-06-08T14:26:49.0000000Z;5.394;5.4025;900;783
2026-06-08T14:26:50.0000000Z;5.394;5.4035;900;900
2026-06-08T14:26:51.0000000Z;5.398;5.404;900;900
2026-06-08T14:26:52.0000000Z;5.398;5.404;900;900
2026-06-08T14:26:53.0000000Z;5.398;5.404;900;900
2026-06-08T14:26:54.0000000Z;5.3985;5.404;3535;42500
2026-06-08T14:26:55.0000000Z;5.398;5.408;900;900
2026-06-08T14:26:56.0000000Z;5.398;5.408;900;900
2026-06-08T14:26:59.0000000Z;5.3985;5.408;3535;900
2026-06-08T14:27:00.0000000Z;5.398;5.408;900;900
2026-06-08T14:27:01.0000000Z;5.398;5.408;900;900
2026-06-08T14:27:02.0000000Z;5.398;5.4065;900;900
2026-06-08T14:27:04.0000000Z;5.398;5.4075;900;900
2026-06-08T14:27:06.0000000Z;5.398;5.407;900;900
2026-06-08T14:27:07.0000000Z;5.398;5.4075;900;900
2026-06-08T14:27:08.0000000Z;5.398;5.408;900;900
2026-06-08T14:27:09.0000000Z;5.398;5.408;900;900
2026-06-08T14:27:10.0000000Z;5.398;5.407;900;1047
2026-06-08T14:27:11.0000000Z;5.398;5.408;900;900
2026-06-08T14:27:12.0000000Z;5.398;5.408;900;900
2026-06-08T14:27:15.0000000Z;5.398;5.408;900;900
2026-06-08T14:27:16.0000000Z;5.398;5.408;900;900
2026-06-08T14:27:17.0000000Z;5.398;5.4075;900;1080
2026-06-08T14:27:19.0000000Z;5.398;5.4075;900;1080
2026-06-08T14:27:20.0000000Z;5.398;5.409;900;11093
2026-06-08T14:27:21.0000000Z;5.398;5.4075;900;1080
2026-06-08T14:27:22.0000000Z;5.398;5.408;900;900
2026-06-08T14:27:23.0000000Z;5.398;5.408;900;900
2026-06-08T14:27:24.0000000Z;5.398;5.4075;900;1228
2026-06-08T14:27:25.0000000Z;5.3975;5.4075;463;1228
2026-06-08T14:27:26.0000000Z;5.398;5.408;900;900
2026-06-08T14:27:27.0000000Z;5.398;5.408;900;900
2026-06-08T14:27:28.0000000Z;5.3975;5.408;463;900
2026-06-08T14:27:29.0000000Z;5.398;5.408;900;900
2026-06-08T14:27:30.0000000Z;5.398;5.408;900;900
2026-06-08T14:27:32.0000000Z;5.398;5.408;900;900
2026-06-08T14:27:33.0000000Z;5.398;5.408;900;900
2026-06-08T14:27:34.0000000Z;5.398;5.408;900;900
2026-06-08T14:27:35.0000000Z;5.398;5.408;900;900
2026-06-08T14:27:36.0000000Z;5.3985;5.408;3535;900
2026-06-08T14:27:37.0000000Z;5.398;5.408;900;900
2026-06-08T14:27:41.0000000Z;5.398;5.408;900;900
2026-06-08T14:27:42.0000000Z;5.398;5.409;900;11093
2026-06-08T14:27:43.0000000Z;5.398;5.409;900;11093
2026-06-08T14:27:44.0000000Z;5.398;5.4075;900;1228
2026-06-08T14:27:45.0000000Z;5.3985;5.4075;3535;1228
2026-06-08T14:27:46.0000000Z;5.398;5.408;900;900
2026-06-08T14:27:47.0000000Z;5.398;5.408;900;900
2026-06-08T14:27:48.0000000Z;5.398;5.408;900;900
2026-06-08T14:27:49.0000000Z;5.398;5.4075;1363;1228
2026-06-08T14:27:50.0000000Z;5.398;5.409;900;11993
2026-06-08T14:27:54.0000000Z;5.398;5.409;1363;16493
2026-06-08T14:27:55.0000000Z;5.403;5.4085;3145;315
2026-06-08T14:27:56.0000000Z;5.4025;5.4125;900;900
2026-06-08T14:27:57.0000000Z;5.4025;5.4095;900;9243
2026-06-08T14:27:58.0000000Z;5.4025;5.4125;900;900
2026-06-08T14:27:59.0000000Z;5.4045;5.412;900;900
2026-06-08T14:28:00.0000000Z;5.4045;5.415;3535;9617
2026-06-08T14:28:01.0000000Z;5.404;5.414;900;900
2026-06-08T14:28:02.0000000Z;5.403;5.4095;11105;9221
2026-06-08T14:28:03.0000000Z;5.4045;5.4125;900;900
2026-06-08T14:28:04.0000000Z;5.4025;5.4125;900;900
2026-06-08T14:28:05.0000000Z;5.4025;5.4125;900;900
2026-06-08T14:28:07.0000000Z;5.404;5.412;3535;1224
2026-06-08T14:28:08.0000000Z;5.402;5.4135;8465;11084
2026-06-08T14:28:09.0000000Z;5.404;5.412;900;900
2026-06-08T14:28:10.0000000Z;5.4045;5.412;3440;43724
2026-06-08T14:28:11.0000000Z;5.404;5.412;900;900
2026-06-08T14:28:12.0000000Z;5.4045;5.4125;3535;461
2026-06-08T14:28:13.0000000Z;5.404;5.4135;900;900
2026-06-08T14:28:14.0000000Z;5.403;5.4145;11105;45430
2026-06-08T14:28:15.0000000Z;5.404;5.4145;900;11082
2026-06-08T14:28:16.0000000Z;5.4045;5.4135;3535;900
2026-06-08T14:28:17.0000000Z;5.404;5.4135;900;900
2026-06-08T14:28:18.0000000Z;5.404;5.4135;46035;900
2026-06-08T14:28:19.0000000Z;5.3985;5.411;463;11089
2026-06-08T14:28:20.0000000Z;5.399;5.41;900;900
2026-06-08T14:28:21.0000000Z;5.399;5.41;900;900
2026-06-08T14:28:22.0000000Z;5.3995;5.41;900;900
2026-06-08T14:28:23.0000000Z;5.3995;5.4095;900;1477
2026-06-08T14:28:24.0000000Z;5.3995;5.41;900;900
2026-06-08T14:28:25.0000000Z;5.3995;5.41;900;900
2026-06-08T14:28:26.0000000Z;5.3995;5.41;900;900
2026-06-08T14:28:27.0000000Z;5.3995;5.41;900;900
2026-06-08T14:28:28.0000000Z;5.4;5.4095;3535;1477
2026-06-08T14:28:30.0000000Z;5.3995;5.4105;900;462
2026-06-08T14:28:31.0000000Z;5.3995;5.41;900;900
2026-06-08T14:28:33.0000000Z;5.3995;5.41;900;900
2026-06-08T14:28:34.0000000Z;5.3995;5.41;900;900
2026-06-08T14:28:35.0000000Z;5.3995;5.41;900;900
2026-06-08T14:28:36.0000000Z;5.4;5.4095;3535;1477
2026-06-08T14:28:37.0000000Z;5.3995;5.4095;900;1477
2026-06-08T14:28:38.0000000Z;5.404;5.414;900;900
2026-06-08T14:28:39.0000000Z;5.404;5.414;900;900
2026-06-08T14:28:40.0000000Z;5.404;5.414;900;900
2026-06-08T14:28:41.0000000Z;5.404;5.414;900;900
2026-06-08T14:28:42.0000000Z;5.404;5.414;900;860
2026-06-08T14:28:44.0000000Z;5.4045;5.4135;3535;1071
2026-06-08T14:28:45.0000000Z;5.404;5.4145;900;461
2026-06-08T14:28:46.0000000Z;5.404;5.414;900;900
2026-06-08T14:28:47.0000000Z;5.404;5.414;900;900
2026-06-08T14:28:48.0000000Z;5.404;5.414;900;900
2026-06-08T14:28:49.0000000Z;5.404;5.414;900;900
2026-06-08T14:28:50.0000000Z;5.404;5.414;900;900
2026-06-08T14:28:51.0000000Z;5.404;5.414;900;900
2026-06-08T14:28:52.0000000Z;5.404;5.414;900;900
2026-06-08T14:28:53.0000000Z;5.404;5.4135;900;1199
2026-06-08T14:28:58.0000000Z;5.4045;5.413;3535;925
2026-06-08T14:28:59.0000000Z;5.404;5.4135;900;900
2026-06-08T14:29:00.0000000Z;5.404;5.4135;900;900
2026-06-08T14:29:01.0000000Z;5.404;5.4135;900;900
2026-06-08T14:29:02.0000000Z;5.404;5.414;900;900
2026-06-08T14:29:03.0000000Z;5.404;5.413;900;1095
2026-06-08T14:29:04.0000000Z;5.404;5.414;900;900
2026-06-08T14:29:06.0000000Z;5.404;5.414;900;900
2026-06-08T14:29:07.0000000Z;5.404;5.4135;900;1222
2026-06-08T14:29:11.0000000Z;5.404;5.4105;900;900
2026-06-08T14:29:12.0000000Z;5.4;5.4105;900;900
2026-06-08T14:29:13.0000000Z;5.4;5.41;900;900
2026-06-08T14:29:14.0000000Z;5.404;5.41;1537;900
2026-06-08T14:29:15.0000000Z;5.4;5.41;900;900
2026-06-08T14:29:16.0000000Z;5.4;5.41;900;900
2026-06-08T14:29:17.0000000Z;5.4;5.4095;900;1109
2026-06-08T14:29:18.0000000Z;5.4005;5.4095;3535;1109
2026-06-08T14:29:20.0000000Z;5.4005;5.4095;3535;1353
2026-06-08T14:29:21.0000000Z;5.3995;5.411;900;11089
2026-06-08T14:29:22.0000000Z;5.3995;5.41;900;900
2026-06-08T14:29:23.0000000Z;5.3995;5.4095;900;1353
2026-06-08T14:29:24.0000000Z;5.3995;5.41;900;900
2026-06-08T14:29:26.0000000Z;5.399;5.41;463;900
2026-06-08T14:29:27.0000000Z;5.3995;5.41;900;900
2026-06-08T14:29:28.0000000Z;5.3995;5.41;900;900
2026-06-08T14:29:29.0000000Z;5.4;5.41;3535;900
2026-06-08T14:29:30.0000000Z;5.4;5.41;3535;900
2026-06-08T14:29:31.0000000Z;5.4;5.41;3535;900
2026-06-08T14:29:32.0000000Z;5.3995;5.41;900;900
2026-06-08T14:29:33.0000000Z;5.3995;5.41;900;900
2026-06-08T14:29:34.0000000Z;5.3995;5.4085;900;900
2026-06-08T14:29:35.0000000Z;5.395;5.406;900;3405
2026-06-08T14:29:36.0000000Z;5.395;5.4055;900;900
2026-06-08T14:29:37.0000000Z;5.3965;5.4055;900;900
2026-06-08T14:29:38.0000000Z;5.3965;5.4055;900;900
2026-06-08T14:29:39.0000000Z;5.3995;5.405;2468;899
2026-06-08T14:29:40.0000000Z;5.3995;5.4065;2688;11089
2026-06-08T14:29:41.0000000Z;5.3965;5.4055;900;900
2026-06-08T14:29:42.0000000Z;5.395;5.4055;900;900
2026-06-08T14:29:43.0000000Z;5.395;5.4055;900;900
2026-06-08T14:29:44.0000000Z;5.395;5.4055;900;900
2026-06-08T14:29:45.0000000Z;5.3955;5.405;3535;1187
2026-06-08T14:29:46.0000000Z;5.395;5.405;900;1187
2026-06-08T14:29:47.0000000Z;5.397;5.4055;3535;900
2026-06-08T14:29:48.0000000Z;5.397;5.4055;3535;900
2026-06-08T14:29:49.0000000Z;5.3965;5.406;900;900
2026-06-08T14:29:51.0000000Z;5.3965;5.405;900;1187
2026-06-08T14:29:52.0000000Z;5.399;5.406;3306;900
2026-06-08T14:29:53.0000000Z;5.399;5.406;3391;900
2026-06-08T14:29:54.0000000Z;5.3985;5.406;900;900
2026-06-08T14:29:55.0000000Z;5.3985;5.4055;900;900
2026-06-08T14:29:56.0000000Z;5.3985;5.4055;900;900
2026-06-08T14:29:57.0000000Z;5.3985;5.4055;900;900
2026-06-08T14:29:58.0000000Z;5.3975;5.4055;11117;11098
2026-06-08T14:29:59.0000000Z;5.3975;5.406;11117;11099
2026-06-08T14:30:00.0000000Z;5.3975;5.406;11117;11099
2026-06-08T14:30:01.0000000Z;5.3985;5.405;900;900
2026-06-08T14:30:02.0000000Z;5.3985;5.405;900;900
2026-06-08T14:30:03.0000000Z;5.3975;5.406;11117;11099
2026-06-08T14:30:04.0000000Z;5.3975;5.406;11117;11099
2026-06-08T14:30:05.0000000Z;5.3985;5.405;900;900
2026-06-08T14:30:06.0000000Z;5.3985;5.405;900;900
2026-06-08T14:30:07.0000000Z;5.3985;5.405;900;43076
2026-06-08T14:30:10.0000000Z;5.4015;5.405;2231;900
2026-06-08T14:30:11.0000000Z;5.3985;5.405;900;900
2026-06-08T14:30:12.0000000Z;5.3985;5.405;900;900
2026-06-08T14:30:13.0000000Z;5.399;5.405;3259;900
2026-06-08T14:30:14.0000000Z;5.3985;5.405;900;900
2026-06-08T14:30:15.0000000Z;5.3985;5.4065;900;9
2026-06-08T14:30:16.0000000Z;5.4;5.407;900;900
2026-06-08T14:30:17.0000000Z;5.3985;5.4105;900;11090
2026-06-08T14:30:18.0000000Z;5.4;5.41;900;900
2026-06-08T14:30:19.0000000Z;5.4;5.41;900;900
2026-06-08T14:30:20.0000000Z;5.4;5.41;900;900
2026-06-08T14:30:21.0000000Z;5.4;5.4095;900;1055
2026-06-08T14:30:22.0000000Z;5.4015;5.412;900;900
2026-06-08T14:30:23.0000000Z;5.4015;5.41;900;434
2026-06-08T14:30:24.0000000Z;5.403;5.41;3535;434
2026-06-08T14:30:25.0000000Z;5.4015;5.412;900;900
2026-06-08T14:30:26.0000000Z;5.4045;5.4115;3329;900
2026-06-08T14:30:27.0000000Z;5.404;5.4105;900;9242
2026-06-08T14:30:28.0000000Z;5.404;5.4135;900;900
2026-06-08T14:30:29.0000000Z;5.404;5.413;900;895
2026-06-08T14:30:30.0000000Z;5.404;5.414;900;900
2026-06-08T14:30:31.0000000Z;5.404;5.4135;900;43575
2026-06-08T14:30:32.0000000Z;5.404;5.414;900;900
2026-06-08T14:30:33.0000000Z;5.404;5.4135;900;1075
2026-06-08T14:30:35.0000000Z;5.4045;5.4135;3535;1222
2026-06-08T14:30:36.0000000Z;5.404;5.414;900;900
2026-06-08T14:30:37.0000000Z;5.404;5.4135;900;1222
2026-06-08T14:30:38.0000000Z;5.404;5.4135;900;1222
2026-06-08T14:30:39.0000000Z;5.403;5.415;29681;11081
2026-06-08T14:30:40.0000000Z;5.404;5.4135;900;900
2026-06-08T14:30:41.0000000Z;5.404;5.414;900;900
2026-06-08T14:30:42.0000000Z;5.404;5.414;900;900
2026-06-08T14:30:43.0000000Z;5.404;5.414;900;900
2026-06-08T14:30:45.0000000Z;5.404;5.4145;900;461
2026-06-08T14:30:46.0000000Z;5.403;5.4135;11105;900
2026-06-08T14:30:47.0000000Z;5.404;5.413;900;1004
2026-06-08T14:30:48.0000000Z;5.404;5.4145;900;461
2026-06-08T14:30:49.0000000Z;5.404;5.414;900;900
2026-06-08T14:30:50.0000000Z;5.4035;5.414;462;900
2026-06-08T14:30:51.0000000Z;5.4045;5.413;3535;1004
2026-06-08T14:30:52.0000000Z;5.4045;5.4135;3535;1051
2026-06-08T14:30:53.0000000Z;5.404;5.414;900;900
2026-06-08T14:30:55.0000000Z;5.404;5.414;900;900
2026-06-08T14:30:56.0000000Z;5.4045;5.4135;3535;1222
2026-06-08T14:30:58.0000000Z;5.404;5.414;900;900
2026-06-08T14:30:59.0000000Z;5.4045;5.414;3535;900
2026-06-08T14:31:00.0000000Z;5.404;5.414;900;900
2026-06-08T14:31:02.0000000Z;5.404;5.414;900;900
2026-06-08T14:31:04.0000000Z;5.404;5.414;900;900
2026-06-08T14:31:05.0000000Z;5.4045;5.414;3535;900
2026-06-08T14:31:06.0000000Z;5.4045;5.414;3535;900
2026-06-08T14:31:07.0000000Z;5.404;5.414;900;900
2026-06-08T14:31:08.0000000Z;5.403;5.4135;11105;1222
2026-06-08T14:31:09.0000000Z;5.404;5.4135;900;900
2026-06-08T14:31:10.0000000Z;5.404;5.4145;900;461
2026-06-08T14:31:11.0000000Z;5.404;5.4135;900;900
2026-06-08T14:31:12.0000000Z;5.404;5.4135;900;900
2026-06-08T14:31:15.0000000Z;5.404;5.413;900;1004
2026-06-08T14:31:16.0000000Z;5.404;5.4145;900;461
2026-06-08T14:31:17.0000000Z;5.404;5.4135;900;900
2026-06-08T14:31:18.0000000Z;5.404;5.414;900;900
2026-06-08T14:31:20.0000000Z;5.404;5.4135;900;1222
2026-06-08T14:31:21.0000000Z;5.404;5.414;900;900
2026-06-08T14:31:22.0000000Z;5.404;5.4135;900;1075
2026-06-08T14:31:23.0000000Z;5.404;5.4145;900;461
2026-06-08T14:31:24.0000000Z;5.404;5.4135;900;900
2026-06-08T14:31:25.0000000Z;5.4045;5.412;3535;543
2026-06-08T14:31:26.0000000Z;5.404;5.413;900;798
2026-06-08T14:31:27.0000000Z;5.404;5.4135;900;900
2026-06-08T14:31:29.0000000Z;5.404;5.4135;900;900
2026-06-08T14:31:30.0000000Z;5.4035;5.4115;900;612
2026-06-08T14:31:31.0000000Z;5.4035;5.412;900;43082
2026-06-08T14:31:32.0000000Z;5.4035;5.4115;900;574
2026-06-08T14:31:33.0000000Z;5.404;5.4125;900;900
2026-06-08T14:31:34.0000000Z;5.4045;5.412;3535;43112
2026-06-08T14:31:35.0000000Z;5.4045;5.412;3535;43112
2026-06-08T14:31:36.0000000Z;5.4045;5.412;3535;612
2026-06-08T14:31:37.0000000Z;5.4045;5.412;3535;612
2026-06-08T14:31:39.0000000Z;5.403;5.412;11105;789
2026-06-08T14:31:40.0000000Z;5.404;5.411;900;594
2026-06-08T14:31:41.0000000Z;5.4045;5.411;3535;900
2026-06-08T14:31:42.0000000Z;5.4;5.41;900;900
2026-06-08T14:31:43.0000000Z;5.3985;5.408;11115;900
2026-06-08T14:31:44.0000000Z;5.404;5.409;1537;462
2026-06-08T14:31:45.0000000Z;5.3995;5.41;900;900
2026-06-08T14:31:46.0000000Z;5.399;5.409;463;1173
2026-06-08T14:31:47.0000000Z;5.3995;5.4095;900;900
2026-06-08T14:31:48.0000000Z;5.3995;5.41;900;900
2026-06-08T14:31:50.0000000Z;5.401;5.409;3535;1173
2026-06-08T14:31:51.0000000Z;5.4005;5.41;13335;462
2026-06-08T14:31:52.0000000Z;5.4005;5.4085;13335;801
2026-06-08T14:31:53.0000000Z;5.4;5.4085;900;1008
2026-06-08T14:31:54.0000000Z;5.4;5.409;900;900
2026-06-08T14:31:55.0000000Z;5.4;5.41;900;462
2026-06-08T14:31:56.0000000Z;5.4;5.409;900;900
2026-06-08T14:31:59.0000000Z;5.402;5.41;3535;900
2026-06-08T14:31:59.0000000Z;5.4015;5.41;900;900
2026-06-08T14:32:00.0000000Z;5.402;5.41;3535;900
2026-06-08T14:32:01.0000000Z;5.4015;5.41;900;900
2026-06-08T14:32:02.0000000Z;5.4015;5.41;900;900
2026-06-08T14:32:05.0000000Z;5.4015;5.4105;900;462
2026-06-08T14:32:06.0000000Z;5.4015;5.41;900;900
2026-06-08T14:32:07.0000000Z;5.4015;5.41;900;900
2026-06-08T14:32:08.0000000Z;5.4015;5.411;900;11989
2026-06-08T14:32:09.0000000Z;5.4015;5.411;900;11089
2026-06-08T14:32:10.0000000Z;5.4045;5.41;900;42500
2026-06-08T14:32:11.0000000Z;5.4045;5.4105;900;42500
2026-06-08T14:32:13.0000000Z;5.405;5.4135;3535;894
2026-06-08T14:32:15.0000000Z;5.4045;5.414;900;900
2026-06-08T14:32:17.0000000Z;5.4045;5.4155;1362;11080
2026-06-08T14:32:18.0000000Z;5.4045;5.4135;900;774
2026-06-08T14:32:19.0000000Z;5.404;5.414;462;1013
2026-06-08T14:32:20.0000000Z;5.405;5.4155;900;11080
2026-06-08T14:32:21.0000000Z;5.4055;5.414;3535;1013
2026-06-08T14:32:22.0000000Z;5.405;5.4145;900;900
2026-06-08T14:32:23.0000000Z;5.405;5.4145;900;900
2026-06-08T14:32:24.0000000Z;5.4055;5.414;3535;1160
2026-06-08T14:32:25.0000000Z;5.4055;5.414;3535;1160
2026-06-08T14:32:26.0000000Z;5.405;5.4145;900;900
2026-06-08T14:32:27.0000000Z;5.4045;5.414;900;900
2026-06-08T14:32:28.0000000Z;5.4045;5.414;900;900
2026-06-08T14:32:30.0000000Z;5.4045;5.4135;900;871
2026-06-08T14:32:31.0000000Z;5.405;5.4145;3535;900
2026-06-08T14:32:33.0000000Z;5.405;5.414;3535;1051
2026-06-08T14:32:34.0000000Z;5.4045;5.414;900;900
2026-06-08T14:32:35.0000000Z;5.4045;5.4145;900;900
2026-06-08T14:32:36.0000000Z;5.4045;5.414;900;1027
2026-06-08T14:32:37.0000000Z;5.4045;5.4145;900;900
2026-06-08T14:32:38.0000000Z;5.4045;5.414;900;1027
2026-06-08T14:32:39.0000000Z;5.405;5.414;3535;1027
2026-06-08T14:32:40.0000000Z;5.4045;5.4145;900;900
2026-06-08T14:32:41.0000000Z;5.4045;5.4155;900;11080
2026-06-08T14:32:42.0000000Z;5.404;5.414;462;1160
2026-06-08T14:32:43.0000000Z;5.4055;5.414;3535;1160
2026-06-08T14:32:44.0000000Z;5.405;5.4145;900;900
2026-06-08T14:32:45.0000000Z;5.405;5.4145;900;900
2026-06-08T14:32:46.0000000Z;5.405;5.4145;900;900
2026-06-08T14:32:47.0000000Z;5.405;5.4145;900;900
2026-06-08T14:32:48.0000000Z;5.4055;5.4145;3535;900
2026-06-08T14:32:53.0000000Z;5.405;5.4145;900;900
2026-06-08T14:32:56.0000000Z;5.405;5.4145;900;900
2026-06-08T14:32:59.0000000Z;5.407;5.4145;3459;900
2026-06-08T14:33:01.0000000Z;5.407;5.4145;3459;900
2026-06-08T14:33:02.0000000Z;5.407;5.414;3535;1160
2026-06-08T14:33:03.0000000Z;5.4065;5.414;900;1160
2026-06-08T14:33:04.0000000Z;5.407;5.414;3535;1160
2026-06-08T14:33:06.0000000Z;5.407;5.414;3535;1160
2026-06-08T14:33:07.0000000Z;5.4065;5.4145;900;900
2026-06-08T14:33:08.0000000Z;5.4065;5.4145;900;900
2026-06-08T14:33:09.0000000Z;5.4065;5.4145;900;900
2026-06-08T14:33:10.0000000Z;5.4055;5.414;11100;1160
2026-06-08T14:33:11.0000000Z;5.4065;5.4145;900;900
2026-06-08T14:33:13.0000000Z;5.4065;5.414;900;1160
2026-06-08T14:33:14.0000000Z;5.4065;5.4145;900;900
2026-06-08T14:33:15.0000000Z;5.4065;5.4145;900;900
2026-06-08T14:33:16.0000000Z;5.407;5.414;3535;1160
2026-06-08T14:33:17.0000000Z;5.4065;5.4145;900;900
2026-06-08T14:33:18.0000000Z;5.4065;5.4155;900;11080
2026-06-08T14:33:19.0000000Z;5.4085;5.4495;3535;3386
2026-06-08T14:33:20.0000000Z;5.413;5.447;3211;458
2026-06-08T14:33:21.0000000Z;5.4095;5.419;3535;900
2026-06-08T14:33:22.0000000Z;5.408;5.4175;11095;900
2026-06-08T14:33:23.0000000Z;5.4095;5.4175;3535;900
2026-06-08T14:33:24.0000000Z;5.409;5.4175;900;900
2026-06-08T14:33:25.0000000Z;5.409;5.4175;900;900
2026-06-08T14:33:26.0000000Z;5.409;5.417;900;767
2026-06-08T14:33:27.0000000Z;5.409;5.4165;900;900
2026-06-08T14:33:28.0000000Z;5.409;5.4165;900;900
2026-06-08T14:33:29.0000000Z;5.409;5.416;900;505
2026-06-08T14:33:30.0000000Z;5.409;5.416;900;900
2026-06-08T14:33:31.0000000Z;5.409;5.4165;900;900
2026-06-08T14:33:32.0000000Z;5.409;5.417;900;900
2026-06-08T14:33:33.0000000Z;5.409;5.417;900;900
2026-06-08T14:33:34.0000000Z;5.409;5.416;900;505
2026-06-08T14:33:35.0000000Z;5.409;5.417;900;900
2026-06-08T14:33:37.0000000Z;5.409;5.417;900;900
2026-06-08T14:33:38.0000000Z;5.409;5.417;900;900
2026-06-08T14:33:39.0000000Z;5.409;5.4165;900;549
2026-06-08T14:33:40.0000000Z;5.409;5.417;900;900
2026-06-08T14:33:41.0000000Z;5.409;5.417;900;900
2026-06-08T14:33:42.0000000Z;5.409;5.417;900;900
2026-06-08T14:33:43.0000000Z;5.409;5.4165;900;688
2026-06-08T14:33:44.0000000Z;5.4095;5.417;3535;42500
2026-06-08T14:33:45.0000000Z;5.408;5.4245;3848;460
2026-06-08T14:33:46.0000000Z;5.4095;5.4185;900;900
2026-06-08T14:33:47.0000000Z;5.4095;5.417;900;310
2026-06-08T14:33:48.0000000Z;5.4095;5.4185;900;900
2026-06-08T14:33:50.0000000Z;5.41;5.417;3535;448
2026-06-08T14:33:51.0000000Z;5.4095;5.4185;900;900
2026-06-08T14:33:53.0000000Z;5.4095;5.4185;900;900
2026-06-08T14:33:54.0000000Z;5.4095;5.4185;900;978
2026-06-08T14:33:55.0000000Z;5.4095;5.418;900;10617
2026-06-08T14:33:56.0000000Z;5.4095;5.4185;900;978
2026-06-08T14:33:58.0000000Z;5.409;5.415;900;900
2026-06-08T14:33:59.0000000Z;5.41;5.415;2934;42950
2026-06-08T14:34:00.0000000Z;5.404;5.415;11103;900
2026-06-08T14:34:01.0000000Z;5.405;5.4155;900;11080
2026-06-08T14:34:02.0000000Z;5.4095;5.414;1537;924
2026-06-08T14:34:03.0000000Z;5.4095;5.414;1537;924
2026-06-08T14:34:04.0000000Z;5.405;5.4145;900;900
2026-06-08T14:34:05.0000000Z;5.405;5.4145;900;900
2026-06-08T14:34:06.0000000Z;5.405;5.4145;900;978
2026-06-08T14:34:07.0000000Z;5.404;5.4155;11103;11080
2026-06-08T14:34:08.0000000Z;5.405;5.4115;900;408
2026-06-08T14:34:09.0000000Z;5.405;5.412;900;42500
2026-06-08T14:34:10.0000000Z;5.4055;5.413;3535;900
2026-06-08T14:34:11.0000000Z;5.404;5.4125;11103;900
2026-06-08T14:34:12.0000000Z;5.405;5.413;900;671
2026-06-08T14:34:13.0000000Z;5.405;5.4135;900;900
2026-06-08T14:34:14.0000000Z;5.405;5.412;900;194
2026-06-08T14:34:15.0000000Z;5.405;5.413;900;671
2026-06-08T14:34:16.0000000Z;5.405;5.413;900;671
2026-06-08T14:34:18.0000000Z;5.405;5.4135;900;900
2026-06-08T14:34:19.0000000Z;5.405;5.413;900;818
2026-06-08T14:34:20.0000000Z;5.405;5.413;900;818
2026-06-08T14:34:21.0000000Z;5.405;5.413;900;818
2026-06-08T14:34:22.0000000Z;5.405;5.413;900;818
2026-06-08T14:34:23.0000000Z;5.405;5.4125;900;900
2026-06-08T14:34:24.0000000Z;5.405;5.412;900;483
2026-06-08T14:34:25.0000000Z;5.405;5.4125;900;900
2026-06-08T14:34:26.0000000Z;5.405;5.412;900;571
2026-06-08T14:34:28.0000000Z;5.405;5.4125;900;900
2026-06-08T14:34:29.0000000Z;5.405;5.4125;900;900
2026-06-08T14:34:31.0000000Z;5.405;5.4135;900;11084
2026-06-08T14:34:32.0000000Z;5.405;5.413;900;900
2026-06-08T14:34:34.0000000Z;5.405;5.412;900;571
2026-06-08T14:34:35.0000000Z;5.405;5.4125;900;602
2026-06-08T14:34:37.0000000Z;5.407;5.414;900;10369
2026-06-08T14:34:38.0000000Z;5.407;5.4135;3535;51737
2026-06-08T14:34:39.0000000Z;5.407;5.4175;11097;78
2026-06-08T14:34:40.0000000Z;5.4085;5.4135;3535;51737
2026-06-08T14:34:41.0000000Z;5.4085;5.416;3535;550
2026-06-08T14:34:42.0000000Z;5.408;5.417;900;900
2026-06-08T14:34:43.0000000Z;5.408;5.417;900;900
2026-06-08T14:34:44.0000000Z;5.408;5.417;900;900
2026-06-08T14:34:45.0000000Z;5.408;5.417;900;900
2026-06-08T14:34:46.0000000Z;5.408;5.417;900;900
2026-06-08T14:34:48.0000000Z;5.408;5.417;900;900
2026-06-08T14:34:49.0000000Z;5.408;5.417;900;900
2026-06-08T14:34:50.0000000Z;5.408;5.417;900;900
2026-06-08T14:34:51.0000000Z;5.4085;5.4165;3535;942
2026-06-08T14:34:52.0000000Z;5.408;5.417;900;900
2026-06-08T14:34:53.0000000Z;5.408;5.417;900;900
2026-06-08T14:34:54.0000000Z;5.408;5.417;900;900
2026-06-08T14:34:55.0000000Z;5.408;5.417;900;900
2026-06-08T14:34:57.0000000Z;5.408;5.4165;900;942
2026-06-08T14:34:58.0000000Z;5.408;5.417;900;900
2026-06-08T14:34:59.0000000Z;5.4085;5.4165;3535;942
2026-06-08T14:35:00.0000000Z;5.407;5.417;11097;900
2026-06-08T14:35:01.0000000Z;5.408;5.417;900;900
2026-06-08T14:35:02.0000000Z;5.408;5.417;900;900
2026-06-08T14:35:03.0000000Z;5.408;5.417;900;900
2026-06-08T14:35:04.0000000Z;5.4085;5.415;3014;1670
2026-06-08T14:35:05.0000000Z;5.4045;5.4135;900;900
2026-06-08T14:35:06.0000000Z;5.4045;5.413;900;1072
2026-06-08T14:35:07.0000000Z;5.4035;5.4125;900;900
2026-06-08T14:35:08.0000000Z;5.4035;5.4125;900;900
2026-06-08T14:35:09.0000000Z;5.404;5.412;3535;1035
2026-06-08T14:35:10.0000000Z;5.402;5.4125;11107;900
2026-06-08T14:35:11.0000000Z;5.4035;5.4115;900;461
2026-06-08T14:35:12.0000000Z;5.4035;5.4095;900;900
2026-06-08T14:35:13.0000000Z;5.4;5.4095;900;42500
2026-06-08T14:35:14.0000000Z;5.4;5.409;900;801
2026-06-08T14:35:15.0000000Z;5.4005;5.41;900;900
2026-06-08T14:35:16.0000000Z;5.4005;5.41;900;900
2026-06-08T14:35:17.0000000Z;5.4;5.41;900;900
2026-06-08T14:35:18.0000000Z;5.4;5.41;900;900
2026-06-08T14:35:19.0000000Z;5.4;5.4095;900;900
2026-06-08T14:35:20.0000000Z;5.4015;5.4105;900;8472
2026-06-08T14:35:21.0000000Z;5.402;5.4105;3535;51742
2026-06-08T14:35:22.0000000Z;5.403;5.4105;3535;51742
2026-06-08T14:35:23.0000000Z;5.4035;5.4135;900;900
2026-06-08T14:35:24.0000000Z;5.404;5.4105;3535;9242
2026-06-08T14:35:25.0000000Z;5.4035;5.4105;900;9242
2026-06-08T14:35:26.0000000Z;5.4035;5.4105;900;9242
2026-06-08T14:35:27.0000000Z;5.403;5.4135;900;900
2026-06-08T14:35:28.0000000Z;5.404;5.4135;3535;900
2026-06-08T14:35:29.0000000Z;5.404;5.413;3535;1179
2026-06-08T14:35:30.0000000Z;5.4035;5.413;3535;1179
2026-06-08T14:35:31.0000000Z;5.4035;5.413;3535;1179
2026-06-08T14:35:32.0000000Z;5.4035;5.413;3535;1179
2026-06-08T14:35:38.0000000Z;5.403;5.413;900;1179
2026-06-08T14:35:39.0000000Z;5.403;5.413;900;1179
2026-06-08T14:35:40.0000000Z;5.4035;5.4115;3535;1328
2026-06-08T14:35:41.0000000Z;5.4015;5.413;900;900
2026-06-08T14:35:42.0000000Z;5.403;5.411;3535;628
2026-06-08T14:35:44.0000000Z;5.4015;5.4125;900;1387
2026-06-08T14:35:45.0000000Z;5.4015;5.413;900;900
2026-06-08T14:35:46.0000000Z;5.403;5.4125;3535;1387
2026-06-08T14:35:48.0000000Z;5.4015;5.4115;900;900
2026-06-08T14:35:49.0000000Z;5.4015;5.411;900;1096
2026-06-08T14:35:50.0000000Z;5.403;5.4125;3535;34321
2026-06-08T14:35:51.0000000Z;5.401;5.4085;9571;555
2026-06-08T14:35:52.0000000Z;5.398;5.407;900;900
2026-06-08T14:35:53.0000000Z;5.398;5.4065;900;803
2026-06-08T14:35:54.0000000Z;5.401;5.4065;2544;803
2026-06-08T14:35:55.0000000Z;5.401;5.4075;3035;900
2026-06-08T14:35:56.0000000Z;5.3995;5.407;900;606
2026-06-08T14:35:57.0000000Z;5.3995;5.4075;900;900
2026-06-08T14:35:58.0000000Z;5.401;5.407;3035;606
2026-06-08T14:35:59.0000000Z;5.3995;5.408;900;11995
2026-06-08T14:36:00.0000000Z;5.3995;5.4075;900;900
2026-06-08T14:36:01.0000000Z;5.3995;5.407;900;606
2026-06-08T14:36:02.0000000Z;5.3995;5.408;900;11095
2026-06-08T14:36:03.0000000Z;5.3995;5.408;900;11095
2026-06-08T14:36:04.0000000Z;5.3985;5.407;24199;803
2026-06-08T14:36:05.0000000Z;5.3995;5.4075;900;782
2026-06-08T14:36:06.0000000Z;5.3995;5.407;900;584
2026-06-08T14:36:07.0000000Z;5.3995;5.4075;900;885
2026-06-08T14:36:09.0000000Z;5.396;5.413;463;3847
2026-06-08T14:36:10.0000000Z;5.3995;5.408;3535;1311
2026-06-08T14:36:11.0000000Z;5.3995;5.4075;3535;1204
2026-06-08T14:36:12.0000000Z;5.397;5.408;11118;900
2026-06-08T14:36:13.0000000Z;5.398;5.406;900;900
2026-06-08T14:36:14.0000000Z;5.3995;5.4055;3535;557
2026-06-08T14:36:15.0000000Z;5.398;5.406;900;900
2026-06-08T14:36:16.0000000Z;5.398;5.407;900;10993
2026-06-08T14:36:17.0000000Z;5.399;5.406;9800;42500
2026-06-08T14:36:18.0000000Z;5.4015;5.4105;900;900
2026-06-08T14:36:19.0000000Z;5.402;5.4065;3535;51749
2026-06-08T14:36:20.0000000Z;5.402;5.4065;3535;9249
2026-06-08T14:36:21.0000000Z;5.4015;5.411;900;10993
2026-06-08T14:36:22.0000000Z;5.4015;5.4115;900;900
2026-06-08T14:36:23.0000000Z;5.4015;5.4125;900;10993
2026-06-08T14:36:24.0000000Z;5.403;5.413;900;900
2026-06-08T14:36:25.0000000Z;5.403;5.413;900;900
2026-06-08T14:36:27.0000000Z;5.4035;5.4125;3535;1076
2026-06-08T14:36:28.0000000Z;5.403;5.413;900;900
2026-06-08T14:36:29.0000000Z;5.403;5.413;900;900
2026-06-08T14:36:30.0000000Z;5.403;5.413;900;900
2026-06-08T14:36:31.0000000Z;5.403;5.414;900;11083
2026-06-08T14:36:32.0000000Z;5.403;5.413;900;900
2026-06-08T14:36:33.0000000Z;5.403;5.413;900;900
2026-06-08T14:36:34.0000000Z;5.403;5.413;900;900
2026-06-08T14:36:35.0000000Z;5.403;5.4125;900;1223
2026-06-08T14:36:38.0000000Z;5.403;5.4135;900;900
2026-06-08T14:36:39.0000000Z;5.4035;5.4135;13335;900
2026-06-08T14:36:41.0000000Z;5.403;5.4135;900;900
2026-06-08T14:36:42.0000000Z;5.403;5.413;900;1143
2026-06-08T14:36:43.0000000Z;5.403;5.413;900;900
2026-06-08T14:36:44.0000000Z;5.403;5.4125;900;999
2026-06-08T14:36:45.0000000Z;5.403;5.413;900;900
2026-06-08T14:36:46.0000000Z;5.403;5.4115;900;900
2026-06-08T14:36:47.0000000Z;5.405;5.4115;3535;42500
2026-06-08T14:36:48.0000000Z;5.4045;5.4115;3535;42500
2026-06-08T14:36:49.0000000Z;5.4045;5.413;900;900
2026-06-08T14:36:50.0000000Z;5.4045;5.413;900;900
2026-06-08T14:36:51.0000000Z;5.4045;5.4125;900;695
2026-06-08T14:36:52.0000000Z;5.4045;5.413;900;900
2026-06-08T14:36:53.0000000Z;5.405;5.412;900;900
2026-06-08T14:36:55.0000000Z;5.405;5.413;900;900
2026-06-08T14:36:58.0000000Z;5.405;5.4125;900;574
2026-06-08T14:36:59.0000000Z;5.404;5.413;11103;900
2026-06-08T14:36:59.0000000Z;5.405;5.413;900;900
2026-06-08T14:37:00.0000000Z;5.405;5.4115;900;502
2026-06-08T14:37:01.0000000Z;5.3995;5.412;11113;11087
2026-06-08T14:37:02.0000000Z;5.3995;5.411;11113;1470
2026-06-08T14:37:03.0000000Z;5.405;5.4095;42500;898
2026-06-08T14:37:04.0000000Z;5.401;5.4095;3535;898
2026-06-08T14:37:05.0000000Z;5.4;5.4095;462;1007
2026-06-08T14:37:06.0000000Z;5.401;5.408;3535;458
2026-06-08T14:37:07.0000000Z;5.4005;5.408;900;511
2026-06-08T14:37:08.0000000Z;5.4005;5.407;900;900
2026-06-08T14:37:09.0000000Z;5.4005;5.407;900;900
2026-06-08T14:37:10.0000000Z;5.4005;5.407;900;43017
2026-06-08T14:37:11.0000000Z;5.4005;5.409;900;11093
2026-06-08T14:37:12.0000000Z;5.4005;5.408;900;900
2026-06-08T14:37:13.0000000Z;5.401;5.4075;3535;436
2026-06-08T14:37:14.0000000Z;5.4005;5.4085;900;900
2026-06-08T14:37:15.0000000Z;5.4005;5.4085;900;900
2026-06-08T14:37:16.0000000Z;5.4005;5.408;900;748
2026-06-08T14:37:17.0000000Z;5.4005;5.408;900;900
2026-06-08T14:37:18.0000000Z;5.4015;5.408;3336;900
2026-06-08T14:37:19.0000000Z;5.401;5.409;900;11993
2026-06-08T14:37:21.0000000Z;5.401;5.409;900;11993
2026-06-08T14:37:22.0000000Z;5.401;5.409;900;11093
2026-06-08T14:37:23.0000000Z;5.4005;5.409;900;11993
2026-06-08T14:37:24.0000000Z;5.4005;5.4085;900;900
2026-06-08T14:37:25.0000000Z;5.3995;5.408;11113;900
2026-06-08T14:37:26.0000000Z;5.401;5.408;3331;900
2026-06-08T14:37:27.0000000Z;5.401;5.408;3448;900
2026-06-08T14:37:28.0000000Z;5.401;5.4075;3501;436
2026-06-08T14:37:29.0000000Z;5.3995;5.4075;11113;505
2026-06-08T14:37:30.0000000Z;5.402;5.408;3535;42500
2026-06-08T14:37:31.0000000Z;5.4015;5.41;900;900
2026-06-08T14:37:32.0000000Z;5.4015;5.41;900;900
2026-06-08T14:37:33.0000000Z;5.4015;5.41;900;900
2026-06-08T14:37:34.0000000Z;5.4015;5.41;900;900
2026-06-08T14:37:35.0000000Z;5.4015;5.41;900;900
2026-06-08T14:37:37.0000000Z;5.4015;5.4095;900;674
2026-06-08T14:37:38.0000000Z;5.4005;5.4095;11111;844
2026-06-08T14:37:39.0000000Z;5.3935;5.419;463;461
2026-06-08T14:37:40.0000000Z;5.3975;5.4075;900;900
2026-06-08T14:37:41.0000000Z;5.3975;5.408;900;1447
2026-06-08T14:37:42.0000000Z;5.3975;5.408;900;1447
2026-06-08T14:37:43.0000000Z;5.4015;5.408;2339;1447
2026-06-08T14:37:44.0000000Z;5.398;5.407;3535;1087
2026-06-08T14:37:45.0000000Z;5.3975;5.4075;900;900
2026-06-08T14:37:48.0000000Z;5.3975;5.4075;900;900
2026-06-08T14:37:49.0000000Z;5.3975;5.407;900;1087
2026-06-08T14:37:51.0000000Z;5.3975;5.4075;900;900
2026-06-08T14:37:52.0000000Z;5.399;5.4075;900;900
2026-06-08T14:37:53.0000000Z;5.3995;5.4075;3535;900
2026-06-08T14:37:54.0000000Z;5.3995;5.407;3535;1087
2026-06-08T14:37:55.0000000Z;5.399;5.4075;900;900
2026-06-08T14:37:57.0000000Z;5.399;5.407;900;1087
2026-06-08T14:37:58.0000000Z;5.3975;5.4075;900;900
2026-06-08T14:37:59.0000000Z;5.3995;5.4075;3535;900
2026-06-08T14:37:59.0000000Z;5.399;5.4075;900;900
2026-06-08T14:38:00.0000000Z;5.399;5.407;900;1318
2026-06-08T14:38:01.0000000Z;5.399;5.4075;900;900
2026-06-08T14:38:02.0000000Z;5.3995;5.407;3535;1318
2026-06-08T14:38:03.0000000Z;5.3995;5.407;3535;1318
2026-06-08T14:38:04.0000000Z;5.399;5.4075;900;900
2026-06-08T14:38:05.0000000Z;5.399;5.4075;900;900
2026-06-08T14:38:06.0000000Z;5.399;5.407;900;1318
2026-06-08T14:38:08.0000000Z;5.399;5.409;900;900
2026-06-08T14:38:09.0000000Z;5.398;5.4075;11116;666
2026-06-08T14:38:10.0000000Z;5.399;5.409;900;462
2026-06-08T14:38:11.0000000Z;5.399;5.409;900;900
2026-06-08T14:38:13.0000000Z;5.399;5.409;900;900
2026-06-08T14:38:14.0000000Z;5.399;5.4095;900;900
2026-06-08T14:38:15.0000000Z;5.399;5.409;900;900
2026-06-08T14:38:16.0000000Z;5.399;5.408;900;900
2026-06-08T14:38:17.0000000Z;5.399;5.4095;900;11092
2026-06-08T14:38:18.0000000Z;5.399;5.4065;900;900
2026-06-08T14:38:19.0000000Z;5.398;5.406;11116;524
2026-06-08T14:38:20.0000000Z;5.399;5.4065;900;42500
2026-06-08T14:38:21.0000000Z;5.399;5.4085;900;900
2026-06-08T14:38:22.0000000Z;5.399;5.4085;900;900
2026-06-08T14:38:23.0000000Z;5.399;5.4085;900;900
2026-06-08T14:38:24.0000000Z;5.399;5.408;900;929
2026-06-08T14:38:25.0000000Z;5.402;5.41;3535;9
2026-06-08T14:38:26.0000000Z;5.403;5.4115;900;900
2026-06-08T14:38:27.0000000Z;5.4035;5.409;3535;9244
2026-06-08T14:38:28.0000000Z;5.4025;5.4115;900;900
2026-06-08T14:38:29.0000000Z;5.4025;5.4135;900;461
2026-06-08T14:38:30.0000000Z;5.4025;5.411;900;900
2026-06-08T14:38:31.0000000Z;5.4025;5.4125;900;900
2026-06-08T14:38:32.0000000Z;5.403;5.409;3535;9244
2026-06-08T14:38:33.0000000Z;5.4025;5.4125;900;900
2026-06-08T14:38:34.0000000Z;5.403;5.412;3535;1006
2026-06-08T14:38:35.0000000Z;5.4025;5.411;900;900
2026-06-08T14:38:36.0000000Z;5.403;5.411;3535;900
2026-06-08T14:38:37.0000000Z;5.4025;5.411;900;900
2026-06-08T14:38:38.0000000Z;5.403;5.4105;3535;230
2026-06-08T14:38:39.0000000Z;5.399;5.4085;900;900
2026-06-08T14:38:40.0000000Z;5.401;5.4085;900;900
2026-06-08T14:38:41.0000000Z;5.4015;5.408;3399;882
2026-06-08T14:38:42.0000000Z;5.401;5.41;900;900
2026-06-08T14:38:43.0000000Z;5.401;5.4085;900;42500
2026-06-08T14:38:44.0000000Z;5.401;5.41;900;900
2026-06-08T14:38:45.0000000Z;5.401;5.4085;900;315
2026-06-08T14:38:47.0000000Z;5.401;5.41;900;900
2026-06-08T14:38:48.0000000Z;5.4015;5.411;3535;11089
2026-06-08T14:38:49.0000000Z;5.401;5.41;900;900
2026-06-08T14:38:50.0000000Z;5.403;5.41;3351;900
2026-06-08T14:38:52.0000000Z;5.4025;5.41;900;900
2026-06-08T14:38:53.0000000Z;5.4025;5.41;900;900
2026-06-08T14:38:54.0000000Z;5.4015;5.4095;11109;747
2026-06-08T14:38:55.0000000Z;5.4025;5.41;900;900
2026-06-08T14:38:56.0000000Z;5.4025;5.41;900;900
2026-06-08T14:38:58.0000000Z;5.403;5.41;3479;900
2026-06-08T14:38:59.0000000Z;5.403;5.41;3479;900
2026-06-08T14:38:59.0000000Z;5.4025;5.41;900;900
2026-06-08T14:39:00.0000000Z;5.403;5.41;3479;900
2026-06-08T14:39:01.0000000Z;5.4025;5.41;900;900
2026-06-08T14:39:02.0000000Z;5.4025;5.4095;900;747
2026-06-08T14:39:03.0000000Z;5.4025;5.41;900;900
2026-06-08T14:39:04.0000000Z;5.4025;5.41;900;900
2026-06-08T14:39:05.0000000Z;5.403;5.4095;3479;747
2026-06-08T14:39:06.0000000Z;5.4025;5.41;900;900
2026-06-08T14:39:07.0000000Z;5.4025;5.41;900;900
2026-06-08T14:39:08.0000000Z;5.403;5.411;3479;11089
2026-06-08T14:39:09.0000000Z;5.4025;5.41;900;900
2026-06-08T14:39:10.0000000Z;5.4025;5.41;900;900
2026-06-08T14:39:11.0000000Z;5.4025;5.41;900;900
2026-06-08T14:39:13.0000000Z;5.4025;5.41;900;900
2026-06-08T14:39:14.0000000Z;5.4025;5.4095;900;747
2026-06-08T14:39:15.0000000Z;5.4025;5.41;900;900
2026-06-08T14:39:16.0000000Z;5.4025;5.41;900;900
2026-06-08T14:39:17.0000000Z;5.403;5.4095;3351;434
2026-06-08T14:39:18.0000000Z;5.401;5.416;462;461
2026-06-08T14:39:19.0000000Z;5.4035;5.416;1362;1361
2026-06-08T14:39:20.0000000Z;5.4085;5.4205;3535;461
2026-06-08T14:39:21.0000000Z;5.409;5.4195;900;900
2026-06-08T14:39:22.0000000Z;5.409;5.418;900;900
2026-06-08T14:39:23.0000000Z;5.409;5.4165;900;900
2026-06-08T14:39:24.0000000Z;5.409;5.4195;900;900
2026-06-08T14:39:25.0000000Z;5.409;5.4175;900;900
2026-06-08T14:39:26.0000000Z;5.409;5.418;900;900
2026-06-08T14:39:27.0000000Z;5.409;5.4165;900;900
2026-06-08T14:39:28.0000000Z;5.409;5.4165;900;900
2026-06-08T14:39:29.0000000Z;5.409;5.4165;900;900
2026-06-08T14:39:32.0000000Z;5.4095;5.416;3535;568
2026-06-08T14:39:33.0000000Z;5.409;5.416;900;568
2026-06-08T14:39:34.0000000Z;5.4095;5.416;3535;568
2026-06-08T14:39:35.0000000Z;5.4085;5.415;900;42833
2026-06-08T14:39:36.0000000Z;5.409;5.4165;900;900
2026-06-08T14:39:37.0000000Z;5.408;5.4175;11095;11076
2026-06-08T14:39:38.0000000Z;5.409;5.4165;900;900
2026-06-08T14:39:39.0000000Z;5.4095;5.416;3535;42500
2026-06-08T14:39:40.0000000Z;5.409;5.4165;900;900
2026-06-08T14:39:41.0000000Z;5.409;5.415;900;900
2026-06-08T14:39:42.0000000Z;5.409;5.415;900;42949
2026-06-08T14:39:43.0000000Z;5.409;5.415;900;900
2026-06-08T14:39:44.0000000Z;5.408;5.415;11095;900
2026-06-08T14:39:45.0000000Z;5.409;5.4155;42500;461
2026-06-08T14:39:46.0000000Z;5.3785;5.4155;900;461
2026-06-08T14:39:47.0000000Z;5.3975;5.4095;900;11092
2026-06-08T14:39:48.0000000Z;5.3975;5.4095;900;11092
2026-06-08T14:39:49.0000000Z;5.3975;5.4085;900;900
2026-06-08T14:39:50.0000000Z;5.3975;5.409;900;78
2026-06-08T14:39:51.0000000Z;5.3995;5.4115;11113;461
2026-06-08T14:39:52.0000000Z;5.4005;5.411;900;900
2026-06-08T14:39:53.0000000Z;5.3995;5.412;14499;11087
2026-06-08T14:39:54.0000000Z;5.401;5.411;900;900
2026-06-08T14:39:55.0000000Z;5.4015;5.4075;3535;42500
2026-06-08T14:39:58.0000000Z;5.401;5.411;900;900
2026-06-08T14:40:00.0000000Z;5.4005;5.411;900;900
2026-06-08T14:40:01.0000000Z;5.4005;5.4105;900;1329
2026-06-08T14:40:02.0000000Z;5.4005;5.411;900;900
2026-06-08T14:40:03.0000000Z;5.4005;5.4115;900;78
2026-06-08T14:40:04.0000000Z;5.401;5.4105;13335;1329
2026-06-08T14:40:05.0000000Z;5.401;5.4115;11110;18899
2026-06-08T14:40:06.0000000Z;5.402;5.412;900;900
2026-06-08T14:40:07.0000000Z;5.401;5.412;11110;900
2026-06-08T14:40:08.0000000Z;5.402;5.413;900;11085
2026-06-08T14:40:09.0000000Z;5.402;5.412;900;900
2026-06-08T14:40:10.0000000Z;5.402;5.412;900;900
2026-06-08T14:40:11.0000000Z;5.401;5.413;11110;11085
2026-06-08T14:40:12.0000000Z;5.402;5.412;900;900
2026-06-08T14:40:13.0000000Z;5.402;5.412;900;900
2026-06-08T14:40:14.0000000Z;5.402;5.4115;900;1200
2026-06-08T14:40:15.0000000Z;5.402;5.412;900;900
2026-06-08T14:40:16.0000000Z;5.402;5.412;900;900
2026-06-08T14:40:18.0000000Z;5.402;5.412;900;900
2026-06-08T14:40:19.0000000Z;5.4025;5.4115;3535;1200
2026-06-08T14:40:20.0000000Z;5.405;5.413;3452;11085
2026-06-08T14:40:21.0000000Z;5.4045;5.4125;900;900
2026-06-08T14:40:22.0000000Z;5.403;5.413;11105;11085
2026-06-08T14:40:23.0000000Z;5.403;5.413;11105;11085
2026-06-08T14:40:24.0000000Z;5.404;5.412;900;900
2026-06-08T14:40:25.0000000Z;5.403;5.412;11105;799
2026-06-08T14:40:26.0000000Z;5.4035;5.4115;3535;692
2026-06-08T14:40:27.0000000Z;5.404;5.412;900;900
2026-06-08T14:40:28.0000000Z;5.404;5.412;900;900
2026-06-08T14:40:29.0000000Z;5.404;5.412;900;900
2026-06-08T14:40:30.0000000Z;5.4045;5.4115;3535;692
2026-06-08T14:40:32.0000000Z;5.404;5.412;900;900
2026-06-08T14:40:33.0000000Z;5.404;5.4115;900;692
2026-06-08T14:40:34.0000000Z;5.404;5.412;900;900
2026-06-08T14:40:37.0000000Z;5.4045;5.4115;3535;692
2026-06-08T14:40:38.0000000Z;5.404;5.4115;900;900
2026-06-08T14:40:39.0000000Z;5.404;5.412;900;900
2026-06-08T14:40:40.0000000Z;5.404;5.412;900;900
2026-06-08T14:40:41.0000000Z;5.404;5.412;900;900
2026-06-08T14:40:42.0000000Z;5.404;5.412;900;900
2026-06-08T14:40:43.0000000Z;5.404;5.412;900;900
2026-06-08T14:40:44.0000000Z;5.404;5.412;900;900
2026-06-08T14:40:45.0000000Z;5.404;5.412;900;900
2026-06-08T14:40:46.0000000Z;5.404;5.412;900;900
2026-06-08T14:40:47.0000000Z;5.404;5.412;900;900
2026-06-08T14:40:48.0000000Z;5.404;5.4115;900;692
2026-06-08T14:40:50.0000000Z;5.404;5.413;900;11085
2026-06-08T14:40:51.0000000Z;5.404;5.4115;900;692
2026-06-08T14:40:52.0000000Z;5.4055;5.417;8465;3847
2026-06-08T14:40:53.0000000Z;5.406;5.4135;900;900
2026-06-08T14:40:54.0000000Z;5.407;5.4135;900;900
2026-06-08T14:40:55.0000000Z;5.4075;5.4135;3208;900
2026-06-08T14:40:56.0000000Z;5.407;5.4135;900;900
2026-06-08T14:40:57.0000000Z;5.407;5.4135;900;900
2026-06-08T14:40:58.0000000Z;5.407;5.4145;900;900
2026-06-08T14:40:59.0000000Z;5.407;5.4125;900;9238
2026-06-08T14:40:59.0000000Z;5.407;5.4145;900;900
2026-06-08T14:41:00.0000000Z;5.406;5.4125;11099;9238
2026-06-08T14:41:01.0000000Z;5.407;5.414;900;387
2026-06-08T14:41:02.0000000Z;5.4075;5.414;3535;387
2026-06-08T14:41:03.0000000Z;5.4065;5.415;3535;802
2026-06-08T14:41:04.0000000Z;5.407;5.4155;900;900
2026-06-08T14:41:05.0000000Z;5.407;5.4155;900;900
2026-06-08T14:41:06.0000000Z;5.407;5.4155;900;900
2026-06-08T14:41:07.0000000Z;5.407;5.4155;900;900
2026-06-08T14:41:08.0000000Z;5.407;5.4155;900;900
2026-06-08T14:41:09.0000000Z;5.407;5.4155;900;900
2026-06-08T14:41:10.0000000Z;5.407;5.415;900;802
2026-06-08T14:41:11.0000000Z;5.407;5.415;900;802
2026-06-08T14:41:12.0000000Z;5.407;5.4155;900;900
2026-06-08T14:41:13.0000000Z;5.407;5.415;900;802
2026-06-08T14:41:14.0000000Z;5.407;5.415;900;670
2026-06-08T14:41:15.0000000Z;5.407;5.4155;900;900
2026-06-08T14:41:16.0000000Z;5.407;5.4155;900;875
2026-06-08T14:41:17.0000000Z;5.407;5.4155;900;900
2026-06-08T14:41:18.0000000Z;5.407;5.4155;900;900
2026-06-08T14:41:20.0000000Z;5.407;5.416;900;461
2026-06-08T14:41:21.0000000Z;5.407;5.4155;900;900
2026-06-08T14:41:23.0000000Z;5.407;5.415;900;802
2026-06-08T14:41:24.0000000Z;5.41;5.4205;3535;11070
2026-06-08T14:41:25.0000000Z;5.411;5.4195;900;900
2026-06-08T14:41:26.0000000Z;5.411;5.4195;900;900
2026-06-08T14:41:27.0000000Z;5.41;5.4195;3405;900
2026-06-08T14:41:28.0000000Z;5.409;5.4195;900;900
2026-06-08T14:41:29.0000000Z;5.409;5.4195;900;900
2026-06-08T14:41:30.0000000Z;5.4095;5.419;3535;1173
2026-06-08T14:41:31.0000000Z;5.4095;5.4195;900;900
2026-06-08T14:41:32.0000000Z;5.4095;5.4195;900;900
2026-06-08T14:41:33.0000000Z;5.409;5.4195;900;900
2026-06-08T14:41:34.0000000Z;5.41;5.419;900;3402
2026-06-08T14:41:35.0000000Z;5.408;5.4205;11095;11070
2026-06-08T14:41:36.0000000Z;5.409;5.4195;900;19537
2026-06-08T14:41:37.0000000Z;5.4095;5.4185;3535;9365
2026-06-08T14:41:38.0000000Z;5.409;5.4165;900;900
2026-06-08T14:41:39.0000000Z;5.409;5.4165;900;900
2026-06-08T14:41:40.0000000Z;5.409;5.4175;900;11076
2026-06-08T14:41:41.0000000Z;5.409;5.416;900;430
2026-06-08T14:41:42.0000000Z;5.409;5.416;900;430
2026-06-08T14:41:45.0000000Z;5.409;5.4165;900;900
2026-06-08T14:41:46.0000000Z;5.409;5.417;900;900
2026-06-08T14:41:48.0000000Z;5.409;5.417;900;900
2026-06-08T14:41:49.0000000Z;5.409;5.417;900;900
2026-06-08T14:41:50.0000000Z;5.409;5.417;900;900
2026-06-08T14:41:52.0000000Z;5.409;5.4165;900;43204
2026-06-08T14:41:53.0000000Z;5.4085;5.416;462;555
2026-06-08T14:41:54.0000000Z;5.409;5.4165;900;900
2026-06-08T14:41:55.0000000Z;5.409;5.4165;900;900
2026-06-08T14:41:56.0000000Z;5.4095;5.416;3535;555
2026-06-08T14:41:57.0000000Z;5.409;5.4165;900;900
2026-06-08T14:41:58.0000000Z;5.4095;5.4165;3475;900
2026-06-08T14:41:59.0000000Z;5.409;5.4165;900;900
2026-06-08T14:42:00.0000000Z;5.4095;5.416;2919;3402
2026-06-08T14:42:01.0000000Z;5.4095;5.415;1537;1472
2026-06-08T14:42:02.0000000Z;5.405;5.4155;900;900
2026-06-08T14:42:03.0000000Z;5.409;5.415;2470;43972
2026-06-08T14:42:04.0000000Z;5.405;5.4155;900;900
2026-06-08T14:42:05.0000000Z;5.405;5.4155;900;900
2026-06-08T14:42:06.0000000Z;5.405;5.4155;900;900
2026-06-08T14:42:08.0000000Z;5.405;5.4155;900;900
2026-06-08T14:42:10.0000000Z;5.405;5.415;900;1472
2026-06-08T14:42:11.0000000Z;5.405;5.415;900;1472
2026-06-08T14:42:12.0000000Z;5.405;5.4155;900;900
2026-06-08T14:42:13.0000000Z;5.4055;5.4135;3535;1095
2026-06-08T14:42:14.0000000Z;5.4045;5.416;900;3847
2026-06-08T14:42:15.0000000Z;5.4045;5.4135;900;901
2026-06-08T14:42:16.0000000Z;5.405;5.412;3535;617
2026-06-08T14:42:17.0000000Z;5.405;5.412;3535;617
2026-06-08T14:42:18.0000000Z;5.4045;5.4125;900;900
2026-06-08T14:42:19.0000000Z;5.405;5.4115;2936;11088
2026-06-08T14:42:20.0000000Z;5.3995;5.41;19578;78
2026-06-08T14:42:21.0000000Z;5.4005;5.409;900;900
2026-06-08T14:42:22.0000000Z;5.4005;5.409;900;900
2026-06-08T14:42:23.0000000Z;5.4035;5.4085;2736;754
2026-06-08T14:42:24.0000000Z;5.4005;5.41;900;462
2026-06-08T14:42:25.0000000Z;5.4005;5.409;900;900
2026-06-08T14:42:26.0000000Z;5.4005;5.4085;900;754
2026-06-08T14:42:27.0000000Z;5.4005;5.4095;900;900
2026-06-08T14:42:28.0000000Z;5.4005;5.409;900;747
2026-06-08T14:42:29.0000000Z;5.4005;5.41;900;900
2026-06-08T14:42:30.0000000Z;5.4005;5.41;900;900
2026-06-08T14:42:31.0000000Z;5.4005;5.41;900;900
2026-06-08T14:42:32.0000000Z;5.4005;5.4095;900;981
2026-06-08T14:42:33.0000000Z;5.4015;5.4095;900;900
2026-06-08T14:42:34.0000000Z;5.4015;5.4095;900;900
2026-06-08T14:42:35.0000000Z;5.4015;5.41;900;78
2026-06-08T14:42:36.0000000Z;5.4015;5.409;900;608
2026-06-08T14:42:37.0000000Z;5.4015;5.4085;900;510
2026-06-08T14:42:38.0000000Z;5.4015;5.409;900;900
2026-06-08T14:42:39.0000000Z;5.4015;5.4085;900;510
2026-06-08T14:42:40.0000000Z;5.4015;5.4085;900;510
2026-06-08T14:42:41.0000000Z;5.401;5.409;462;900
2026-06-08T14:42:42.0000000Z;5.4015;5.409;900;900
2026-06-08T14:42:43.0000000Z;5.402;5.4085;3535;510
2026-06-08T14:42:44.0000000Z;5.402;5.4085;3535;510
2026-06-08T14:42:45.0000000Z;5.4015;5.409;900;900
2026-06-08T14:42:46.0000000Z;5.4015;5.409;900;900
2026-06-08T14:42:47.0000000Z;5.4015;5.409;900;900
2026-06-08T14:42:48.0000000Z;5.4015;5.409;900;900
2026-06-08T14:42:50.0000000Z;5.4015;5.409;900;900
2026-06-08T14:42:51.0000000Z;5.4015;5.4085;900;510
2026-06-08T14:42:52.0000000Z;5.4015;5.409;900;900
2026-06-08T14:42:53.0000000Z;5.4015;5.4075;900;900
2026-06-08T14:42:54.0000000Z;5.4015;5.4075;900;900
2026-06-08T14:42:55.0000000Z;5.4015;5.4095;900;900
2026-06-08T14:42:56.0000000Z;5.4015;5.409;900;577
2026-06-08T14:42:58.0000000Z;5.4015;5.4095;900;900
2026-06-08T14:42:59.0000000Z;5.402;5.4095;3535;900
2026-06-08T14:43:00.0000000Z;5.4015;5.4105;900;11090
2026-06-08T14:43:01.0000000Z;5.4005;5.4095;11111;900
2026-06-08T14:43:02.0000000Z;5.4015;5.4095;900;900
2026-06-08T14:43:03.0000000Z;5.4015;5.4095;900;900
2026-06-08T14:43:04.0000000Z;5.4015;5.4095;900;900
2026-06-08T14:43:05.0000000Z;5.4015;5.409;900;717
2026-06-08T14:43:06.0000000Z;5.402;5.409;3535;717
2026-06-08T14:43:07.0000000Z;5.4015;5.4095;900;900
2026-06-08T14:43:08.0000000Z;5.4015;5.4095;900;900
2026-06-08T14:43:11.0000000Z;5.4015;5.409;900;717
2026-06-08T14:43:12.0000000Z;5.4015;5.41;900;900
2026-06-08T14:43:13.0000000Z;5.4015;5.4105;900;11090
2026-06-08T14:43:14.0000000Z;5.4015;5.4095;900;703
2026-06-08T14:43:15.0000000Z;5.4015;5.4095;900;703
2026-06-08T14:43:16.0000000Z;5.4005;5.4095;39329;900
2026-06-08T14:43:17.0000000Z;5.4015;5.4105;900;11990
2026-06-08T14:43:18.0000000Z;5.4015;5.4105;900;11990
2026-06-08T14:43:19.0000000Z;5.4015;5.41;900;900
2026-06-08T14:43:20.0000000Z;5.4015;5.41;900;907
2026-06-08T14:43:21.0000000Z;5.4045;5.41;3535;42500
2026-06-08T14:43:22.0000000Z;5.4045;5.4135;3535;900
2026-06-08T14:43:23.0000000Z;5.404;5.411;900;9241
2026-06-08T14:43:24.0000000Z;5.404;5.413;900;1025
2026-06-08T14:43:25.0000000Z;5.404;5.4135;900;900
2026-06-08T14:43:30.0000000Z;5.404;5.4135;900;900
2026-06-08T14:43:31.0000000Z;5.404;5.4135;900;900
2026-06-08T14:43:32.0000000Z;5.404;5.4135;900;900
2026-06-08T14:43:33.0000000Z;5.404;5.413;900;1025
2026-06-08T14:43:34.0000000Z;5.404;5.413;900;1025
2026-06-08T14:43:35.0000000Z;5.404;5.4135;900;900
2026-06-08T14:43:38.0000000Z;5.404;5.413;900;1025
2026-06-08T14:43:39.0000000Z;5.404;5.4135;900;900
2026-06-08T14:43:40.0000000Z;5.404;5.413;900;1025
2026-06-08T14:43:41.0000000Z;5.4045;5.414;10715;19743
2026-06-08T14:43:42.0000000Z;5.406;5.413;900;900
2026-06-08T14:43:43.0000000Z;5.4065;5.414;3366;11083
2026-06-08T14:43:44.0000000Z;5.406;5.413;900;900
2026-06-08T14:43:45.0000000Z;5.4065;5.413;900;900
2026-06-08T14:43:46.0000000Z;5.4065;5.413;900;900
2026-06-08T14:43:47.0000000Z;5.407;5.413;3254;43525
2026-06-08T14:43:49.0000000Z;5.4065;5.413;3237;43525
2026-06-08T14:43:50.0000000Z;5.406;5.413;900;900
2026-06-08T14:43:51.0000000Z;5.4065;5.413;3366;900
2026-06-08T14:43:52.0000000Z;5.406;5.413;900;900
2026-06-08T14:43:53.0000000Z;5.406;5.413;900;43525
2026-06-08T14:43:54.0000000Z;5.406;5.413;900;900
2026-06-08T14:43:55.0000000Z;5.406;5.413;900;900
2026-06-08T14:43:56.0000000Z;5.4065;5.413;3366;900
2026-06-08T14:43:59.0000000Z;5.406;5.413;900;900
2026-06-08T14:44:00.0000000Z;5.406;5.413;900;43525
2026-06-08T14:44:01.0000000Z;5.4065;5.413;3366;43525
2026-06-08T14:44:02.0000000Z;5.407;5.418;8465;461
2026-06-08T14:44:03.0000000Z;5.4085;5.4135;3535;9237
2026-06-08T14:44:04.0000000Z;5.409;5.4135;3535;9237
2026-06-08T14:44:05.0000000Z;5.409;5.4175;3535;808
2026-06-08T14:44:06.0000000Z;5.4085;5.4175;900;900
2026-06-08T14:44:07.0000000Z;5.4085;5.4175;900;900
2026-06-08T14:44:09.0000000Z;5.4085;5.4135;900;9237
2026-06-08T14:44:10.0000000Z;5.4085;5.4175;900;900
2026-06-08T14:44:11.0000000Z;5.4085;5.4175;900;900
2026-06-08T14:44:12.0000000Z;5.4085;5.4175;900;900
2026-06-08T14:44:13.0000000Z;5.4085;5.4175;900;900
2026-06-08T14:44:14.0000000Z;5.4085;5.4175;900;900
2026-06-08T14:44:15.0000000Z;5.4085;5.4175;900;900
2026-06-08T14:44:16.0000000Z;5.4085;5.4175;900;900
2026-06-08T14:44:17.0000000Z;5.4085;5.4175;900;900
2026-06-08T14:44:18.0000000Z;5.4085;5.4175;900;900
2026-06-08T14:44:19.0000000Z;5.4085;5.4175;900;900
2026-06-08T14:44:21.0000000Z;5.4085;5.4175;900;900
2026-06-08T14:44:22.0000000Z;5.4085;5.4175;900;900
2026-06-08T14:44:23.0000000Z;5.4085;5.4175;900;900
2026-06-08T14:44:24.0000000Z;5.4085;5.417;900;965
2026-06-08T14:44:25.0000000Z;5.4085;5.4175;900;900
2026-06-08T14:44:26.0000000Z;5.4085;5.4175;900;900
2026-06-08T14:44:27.0000000Z;5.4085;5.4175;900;900
2026-06-08T14:44:28.0000000Z;5.4085;5.4175;900;900
2026-06-08T14:44:29.0000000Z;5.4085;5.4175;900;900
2026-06-08T14:44:30.0000000Z;5.4085;5.4175;900;878
2026-06-08T14:44:31.0000000Z;5.409;5.417;13335;688
2026-06-08T14:44:32.0000000Z;5.4085;5.417;900;741
2026-06-08T14:44:33.0000000Z;5.4085;5.4175;900;900
2026-06-08T14:44:36.0000000Z;5.4085;5.4175;24998;900
2026-06-08T14:44:37.0000000Z;5.4085;5.4175;24998;900
2026-06-08T14:44:38.0000000Z;5.4085;5.417;24998;818
2026-06-08T14:44:39.0000000Z;5.4085;5.417;24998;818
2026-06-08T14:44:40.0000000Z;5.4085;5.4175;24998;900
2026-06-08T14:44:41.0000000Z;5.4085;5.417;24998;818
2026-06-08T14:44:42.0000000Z;5.4085;5.417;24998;818
2026-06-08T14:44:43.0000000Z;5.4085;5.417;24998;818
2026-06-08T14:44:44.0000000Z;5.409;5.4175;3535;900
2026-06-08T14:44:45.0000000Z;5.4085;5.4175;24356;900
2026-06-08T14:44:46.0000000Z;5.4085;5.4175;900;900
2026-06-08T14:44:47.0000000Z;5.4095;5.417;3535;818
2026-06-08T14:44:48.0000000Z;5.409;5.4175;900;900
2026-06-08T14:44:49.0000000Z;5.4085;5.4175;900;900
2026-06-08T14:44:52.0000000Z;5.4085;5.4175;900;900
2026-06-08T14:44:53.0000000Z;5.4085;5.417;900;927
2026-06-08T14:44:55.0000000Z;5.4085;5.4175;900;900
2026-06-08T14:44:56.0000000Z;5.4085;5.4175;900;900
2026-06-08T14:44:57.0000000Z;5.4085;5.417;900;927
2026-06-08T14:44:58.0000000Z;5.4085;5.4175;900;900
2026-06-08T14:44:59.0000000Z;5.4085;5.417;900;927
2026-06-08T14:45:00.0000000Z;5.4085;5.4175;900;900
2026-06-08T14:45:01.0000000Z;5.4085;5.417;900;927
2026-06-08T14:45:05.0000000Z;5.4085;5.417;900;927
2026-06-08T14:45:09.0000000Z;5.4085;5.4175;900;900
2026-06-08T14:45:10.0000000Z;5.4085;5.4175;900;900
2026-06-08T14:45:11.0000000Z;5.4085;5.417;900;927
2026-06-08T14:45:12.0000000Z;5.4085;5.417;900;927
2026-06-08T14:45:13.0000000Z;5.4085;5.4175;900;900
2026-06-08T14:45:14.0000000Z;5.4085;5.4175;900;894
2026-06-08T14:45:15.0000000Z;5.4085;5.4175;900;894
2026-06-08T14:45:16.0000000Z;5.4085;5.418;900;461
2026-06-08T14:45:17.0000000Z;5.4085;5.4175;900;900
2026-06-08T14:45:20.0000000Z;5.4085;5.4175;900;900
2026-06-08T14:45:22.0000000Z;5.409;5.417;3535;941
2026-06-08T14:45:23.0000000Z;5.4075;5.417;11096;941
2026-06-08T14:45:24.0000000Z;5.4085;5.416;900;900
2026-06-08T14:45:25.0000000Z;5.409;5.4155;3535;521
2026-06-08T14:45:26.0000000Z;5.4085;5.416;900;900
2026-06-08T14:45:27.0000000Z;5.4085;5.416;900;42500
2026-06-08T14:45:28.0000000Z;5.4085;5.4175;900;900
2026-06-08T14:45:29.0000000Z;5.4085;5.4175;900;900
2026-06-08T14:45:30.0000000Z;5.4085;5.417;900;818
2026-06-08T14:45:31.0000000Z;5.4085;5.4175;900;900
2026-06-08T14:45:34.0000000Z;5.4085;5.4175;900;900
2026-06-08T14:45:37.0000000Z;5.4085;5.418;900;461
2026-06-08T14:45:38.0000000Z;5.4085;5.4175;900;900
2026-06-08T14:45:39.0000000Z;5.4085;5.4185;900;11074
2026-06-08T14:45:40.0000000Z;5.4085;5.4175;900;900
2026-06-08T14:45:42.0000000Z;5.4085;5.4175;900;900
2026-06-08T14:45:43.0000000Z;5.4085;5.4175;900;900
2026-06-08T14:45:47.0000000Z;5.4085;5.4175;900;900
2026-06-08T14:45:53.0000000Z;5.4085;5.4175;900;900
2026-06-08T14:45:55.0000000Z;5.4075;5.4175;11096;900
2026-06-08T14:45:56.0000000Z;5.4085;5.4175;900;900
2026-06-08T14:45:57.0000000Z;5.4085;5.4175;900;862
2026-06-08T14:45:59.0000000Z;5.4085;5.4175;900;900
2026-06-08T14:46:01.0000000Z;5.4085;5.4175;900;900
2026-06-08T14:46:02.0000000Z;5.4085;5.4175;900;900
2026-06-08T14:46:06.0000000Z;5.4085;5.4175;900;900
2026-06-08T14:46:07.0000000Z;5.4085;5.4175;900;900
2026-06-08T14:46:08.0000000Z;5.4085;5.417;900;965
2026-06-08T14:46:09.0000000Z;5.4085;5.4175;900;900
2026-06-08T14:46:12.0000000Z;5.4085;5.4175;900;700
2026-06-08T14:46:13.0000000Z;5.4085;5.417;900;965
2026-06-08T14:46:14.0000000Z;5.4085;5.4175;900;900
2026-06-08T14:46:15.0000000Z;5.409;5.4185;3535;11074
2026-06-08T14:46:16.0000000Z;5.4105;5.4175;3325;900
2026-06-08T14:46:17.0000000Z;5.4105;5.417;3442;965
2026-06-08T14:46:18.0000000Z;5.41;5.4175;900;900
2026-06-08T14:46:19.0000000Z;5.41;5.4175;900;900
2026-06-08T14:46:20.0000000Z;5.41;5.4175;900;900
2026-06-08T14:46:21.0000000Z;5.41;5.4175;900;900
2026-06-08T14:46:22.0000000Z;5.41;5.4175;900;900
2026-06-08T14:46:23.0000000Z;5.41;5.4185;900;11074
2026-06-08T14:46:24.0000000Z;5.4105;5.4175;3475;900
2026-06-08T14:46:25.0000000Z;5.409;5.4175;11093;900
2026-06-08T14:46:26.0000000Z;5.409;5.417;11093;965
2026-06-08T14:46:27.0000000Z;5.41;5.4175;900;900
2026-06-08T14:46:29.0000000Z;5.41;5.417;900;965
2026-06-08T14:46:30.0000000Z;5.41;5.4175;900;900
2026-06-08T14:46:31.0000000Z;5.41;5.4175;900;900
2026-06-08T14:46:34.0000000Z;5.41;5.4175;900;900
2026-06-08T14:46:35.0000000Z;5.41;5.4155;900;900
2026-06-08T14:46:36.0000000Z;5.406;5.4155;900;900
2026-06-08T14:46:37.0000000Z;5.4075;5.4155;900;900
2026-06-08T14:46:38.0000000Z;5.41;5.4155;2685;699
2026-06-08T14:46:39.0000000Z;5.4075;5.416;900;900
2026-06-08T14:46:42.0000000Z;5.408;5.4155;3535;699
2026-06-08T14:46:44.0000000Z;5.4065;5.416;11098;900
2026-06-08T14:46:45.0000000Z;5.408;5.4195;32838;11072
2026-06-08T14:46:46.0000000Z;5.409;5.416;900;42500
2026-06-08T14:46:47.0000000Z;5.409;5.4185;900;900
2026-06-08T14:46:49.0000000Z;5.409;5.4185;900;900
2026-06-08T14:46:50.0000000Z;5.409;5.4185;900;900
2026-06-08T14:46:52.0000000Z;5.409;5.4185;900;900
2026-06-08T14:46:55.0000000Z;5.409;5.4185;900;900
2026-06-08T14:46:57.0000000Z;5.409;5.418;900;921
2026-06-08T14:46:58.0000000Z;5.409;5.4185;900;900
2026-06-08T14:47:00.0000000Z;5.409;5.418;900;921
2026-06-08T14:47:01.0000000Z;5.4095;5.418;3535;1053
2026-06-08T14:47:02.0000000Z;5.409;5.418;900;43288
2026-06-08T14:47:03.0000000Z;5.409;5.4185;900;900
2026-06-08T14:47:04.0000000Z;5.409;5.418;900;921
2026-06-08T14:47:05.0000000Z;5.409;5.4185;900;900
2026-06-08T14:47:06.0000000Z;5.409;5.4185;900;900
2026-06-08T14:47:07.0000000Z;5.409;5.4185;900;900
2026-06-08T14:47:08.0000000Z;5.409;5.4185;900;900
2026-06-08T14:47:09.0000000Z;5.409;5.4185;900;900
2026-06-08T14:47:10.0000000Z;5.409;5.4185;900;900
2026-06-08T14:47:11.0000000Z;5.409;5.418;900;921
2026-06-08T14:47:12.0000000Z;5.409;5.418;900;921
2026-06-08T14:47:13.0000000Z;5.409;5.418;900;921
2026-06-08T14:47:14.0000000Z;5.409;5.4185;900;900
2026-06-08T14:47:16.0000000Z;5.409;5.419;900;461
2026-06-08T14:47:17.0000000Z;5.409;5.4185;900;900
2026-06-08T14:47:19.0000000Z;5.409;5.418;900;921
2026-06-08T14:47:20.0000000Z;5.409;5.4185;900;900
2026-06-08T14:47:21.0000000Z;5.409;5.418;900;921
2026-06-08T14:47:22.0000000Z;5.409;5.419;900;900
2026-06-08T14:47:23.0000000Z;5.409;5.4185;900;1077
2026-06-08T14:47:24.0000000Z;5.409;5.4185;900;900
2026-06-08T14:47:25.0000000Z;5.409;5.4185;900;900
2026-06-08T14:47:26.0000000Z;5.4095;5.4185;3535;900
2026-06-08T14:47:27.0000000Z;5.409;5.4185;900;900
2026-06-08T14:47:28.0000000Z;5.409;5.418;900;1053
2026-06-08T14:47:32.0000000Z;5.409;5.4185;900;900
2026-06-08T14:47:33.0000000Z;5.409;5.418;900;1053
2026-06-08T14:47:41.0000000Z;5.409;5.4185;900;900
2026-06-08T14:47:45.0000000Z;5.409;5.4185;900;900
2026-06-08T14:47:46.0000000Z;5.409;5.4185;900;900
2026-06-08T14:47:47.0000000Z;5.408;5.4195;11095;11072
2026-06-08T14:47:48.0000000Z;5.408;5.4195;11095;11072
2026-06-08T14:47:49.0000000Z;5.409;5.419;900;900
2026-06-08T14:47:52.0000000Z;5.4095;5.418;3535;1053
2026-06-08T14:47:53.0000000Z;5.409;5.4185;900;900
2026-06-08T14:47:54.0000000Z;5.4095;5.4195;3535;11072
2026-06-08T14:47:55.0000000Z;5.409;5.4185;900;900
2026-06-08T14:47:56.0000000Z;5.4095;5.4185;3535;900
2026-06-08T14:47:57.0000000Z;5.4095;5.418;3535;897
2026-06-08T14:47:58.0000000Z;5.409;5.4185;900;900
2026-06-08T14:47:59.0000000Z;5.409;5.418;900;944
2026-06-08T14:47:59.0000000Z;5.409;5.4185;900;900
2026-06-08T14:48:00.0000000Z;5.409;5.4185;900;900
2026-06-08T14:48:01.0000000Z;5.409;5.4185;900;900
2026-06-08T14:48:02.0000000Z;5.409;5.4185;900;900
2026-06-08T14:48:03.0000000Z;5.409;5.4185;900;900
2026-06-08T14:48:04.0000000Z;5.409;5.4175;900;711
2026-06-08T14:48:05.0000000Z;5.409;5.418;900;900
2026-06-08T14:48:06.0000000Z;5.409;5.418;900;900
2026-06-08T14:48:08.0000000Z;5.409;5.418;900;900
2026-06-08T14:48:09.0000000Z;5.409;5.418;900;900
2026-06-08T14:48:10.0000000Z;5.409;5.418;13790;900
2026-06-08T14:48:11.0000000Z;5.409;5.418;900;900
2026-06-08T14:48:12.0000000Z;5.409;5.418;900;900
2026-06-08T14:48:13.0000000Z;5.409;5.4175;900;911
2026-06-08T14:48:15.0000000Z;5.409;5.418;900;921
2026-06-08T14:48:16.0000000Z;5.409;5.4185;900;900
2026-06-08T14:48:18.0000000Z;5.409;5.4175;900;747
2026-06-08T14:48:19.0000000Z;5.409;5.4175;900;894
2026-06-08T14:48:20.0000000Z;5.4095;5.418;3535;900
2026-06-08T14:48:21.0000000Z;5.4095;5.418;3535;900
2026-06-08T14:48:22.0000000Z;5.4095;5.4175;3535;894
2026-06-08T14:48:23.0000000Z;5.4095;5.418;3535;1067
2026-06-08T14:48:24.0000000Z;5.409;5.4185;900;900
2026-06-08T14:48:25.0000000Z;5.409;5.4185;900;900
2026-06-08T14:48:26.0000000Z;5.408;5.4185;11095;900
2026-06-08T14:48:27.0000000Z;5.409;5.4185;900;900
2026-06-08T14:48:30.0000000Z;5.409;5.4185;900;900
2026-06-08T14:48:31.0000000Z;5.4095;5.4185;3535;900
2026-06-08T14:48:32.0000000Z;5.409;5.4185;900;900
2026-06-08T14:48:33.0000000Z;5.409;5.418;900;900
2026-06-08T14:48:34.0000000Z;5.4095;5.4175;3535;747
2026-06-08T14:48:36.0000000Z;5.409;5.418;900;900
2026-06-08T14:48:38.0000000Z;5.409;5.418;900;900
2026-06-08T14:48:39.0000000Z;5.409;5.419;900;78
2026-06-08T14:48:40.0000000Z;5.409;5.418;900;900
2026-06-08T14:48:43.0000000Z;5.409;5.418;900;900
2026-06-08T14:48:44.0000000Z;5.409;5.4185;900;900
2026-06-08T14:48:45.0000000Z;5.409;5.4185;900;900
2026-06-08T14:48:46.0000000Z;5.408;5.418;11095;927
2026-06-08T14:48:47.0000000Z;5.409;5.4175;900;747
2026-06-08T14:48:48.0000000Z;5.409;5.4185;900;900
2026-06-08T14:48:50.0000000Z;5.409;5.4185;900;900
2026-06-08T14:48:51.0000000Z;5.409;5.4185;900;900
2026-06-08T14:48:52.0000000Z;5.4095;5.4185;3535;900
2026-06-08T14:48:53.0000000Z;5.409;5.4185;900;900
2026-06-08T14:48:55.0000000Z;5.409;5.4185;900;900
2026-06-08T14:48:57.0000000Z;5.409;5.418;900;900
2026-06-08T14:48:59.0000000Z;5.4095;5.4185;3535;461
2026-06-08T14:48:59.0000000Z;5.409;5.4185;900;16476
2026-06-08T14:49:00.0000000Z;5.409;5.419;900;11073
2026-06-08T14:49:01.0000000Z;5.411;5.4195;900;900
2026-06-08T14:49:02.0000000Z;5.411;5.419;900;438
2026-06-08T14:49:03.0000000Z;5.411;5.4215;900;900
2026-06-08T14:49:04.0000000Z;5.411;5.4195;900;42500
2026-06-08T14:49:05.0000000Z;5.411;5.4215;900;900
2026-06-08T14:49:06.0000000Z;5.411;5.4215;900;900
2026-06-08T14:49:07.0000000Z;5.411;5.4195;900;378
2026-06-08T14:49:08.0000000Z;5.411;5.4215;900;900
2026-06-08T14:49:09.0000000Z;5.411;5.4195;900;378
2026-06-08T14:49:10.0000000Z;5.411;5.421;900;1118
2026-06-08T14:49:11.0000000Z;5.411;5.4215;900;900
2026-06-08T14:49:12.0000000Z;5.411;5.4215;900;900
2026-06-08T14:49:13.0000000Z;5.4115;5.4215;3535;900
2026-06-08T14:49:14.0000000Z;5.4115;5.421;3535;1118
2026-06-08T14:49:17.0000000Z;5.4115;5.4205;900;900
2026-06-08T14:49:18.0000000Z;5.412;5.42;3535;909
2026-06-08T14:49:20.0000000Z;5.4115;5.4205;900;900
2026-06-08T14:49:21.0000000Z;5.4115;5.42;900;900
2026-06-08T14:49:22.0000000Z;5.4095;5.42;900;900
2026-06-08T14:49:24.0000000Z;5.4095;5.42;900;900
2026-06-08T14:49:25.0000000Z;5.41;5.4175;3535;618
2026-06-08T14:49:26.0000000Z;5.4095;5.418;900;900
2026-06-08T14:49:29.0000000Z;5.4095;5.418;900;900
2026-06-08T14:49:31.0000000Z;5.4095;5.4175;900;746
2026-06-08T14:49:33.0000000Z;5.4095;5.418;900;900
2026-06-08T14:49:35.0000000Z;5.409;5.418;462;900
2026-06-08T14:49:36.0000000Z;5.4095;5.418;900;900
2026-06-08T14:49:37.0000000Z;5.4095;5.419;900;461
2026-06-08T14:49:38.0000000Z;5.4095;5.418;900;900
2026-06-08T14:49:39.0000000Z;5.4095;5.418;900;900
2026-06-08T14:49:40.0000000Z;5.4095;5.4195;900;900
2026-06-08T14:49:41.0000000Z;5.4085;5.418;11094;900
2026-06-08T14:49:42.0000000Z;5.4095;5.418;900;900
2026-06-08T14:49:43.0000000Z;5.4095;5.4175;900;746
2026-06-08T14:49:44.0000000Z;5.4095;5.4175;900;746
2026-06-08T14:49:46.0000000Z;5.4095;5.418;900;900
2026-06-08T14:49:49.0000000Z;5.4095;5.418;900;900
2026-06-08T14:49:50.0000000Z;5.4095;5.418;900;900
2026-06-08T14:49:52.0000000Z;5.4095;5.418;900;900
2026-06-08T14:49:53.0000000Z;5.4095;5.418;900;900
2026-06-08T14:49:54.0000000Z;5.4095;5.418;900;900
2026-06-08T14:49:56.0000000Z;5.4085;5.4165;11094;900
2026-06-08T14:49:57.0000000Z;5.4095;5.4165;900;900
2026-06-08T14:49:58.0000000Z;5.4095;5.4165;900;900
2026-06-08T14:49:59.0000000Z;5.409;5.4145;900;475
2026-06-08T14:49:59.0000000Z;5.409;5.415;900;900
2026-06-08T14:50:00.0000000Z;5.4065;5.416;900;11079
2026-06-08T14:50:01.0000000Z;5.4065;5.415;900;900
2026-06-08T14:50:02.0000000Z;5.41;5.4145;1537;648
2026-06-08T14:50:03.0000000Z;5.4065;5.4155;900;900
2026-06-08T14:50:04.0000000Z;5.4065;5.416;900;11079
2026-06-08T14:50:05.0000000Z;5.4065;5.416;900;11979
2026-06-08T14:50:06.0000000Z;5.407;5.4145;900;579
2026-06-08T14:50:07.0000000Z;5.407;5.415;900;900
2026-06-08T14:50:08.0000000Z;5.4075;5.416;3535;11079
2026-06-08T14:50:09.0000000Z;5.4065;5.415;900;900
2026-06-08T14:50:10.0000000Z;5.4065;5.415;900;900
2026-06-08T14:50:11.0000000Z;5.407;5.415;3535;900
2026-06-08T14:50:13.0000000Z;5.4065;5.415;900;900
2026-06-08T14:50:14.0000000Z;5.4065;5.415;900;900
2026-06-08T14:50:15.0000000Z;5.4065;5.415;900;900
2026-06-08T14:50:16.0000000Z;5.4065;5.415;900;900
2026-06-08T14:50:17.0000000Z;5.4045;5.415;462;900
2026-06-08T14:50:18.0000000Z;5.4055;5.415;900;900
2026-06-08T14:50:19.0000000Z;5.406;5.4145;3535;954
2026-06-08T14:50:20.0000000Z;5.4055;5.415;900;900
2026-06-08T14:50:22.0000000Z;5.4055;5.4145;900;954
2026-06-08T14:50:23.0000000Z;5.4055;5.4145;900;954
2026-06-08T14:50:24.0000000Z;5.4055;5.415;900;900
2026-06-08T14:50:25.0000000Z;5.4055;5.4145;900;954
2026-06-08T14:50:27.0000000Z;5.406;5.415;3867;900
2026-06-08T14:50:28.0000000Z;5.406;5.4145;900;900
2026-06-08T14:50:29.0000000Z;5.406;5.4155;900;900
2026-06-08T14:50:30.0000000Z;5.406;5.4145;900;1160
2026-06-08T14:50:31.0000000Z;5.406;5.4155;900;900
2026-06-08T14:50:32.0000000Z;5.406;5.415;900;900
2026-06-08T14:50:33.0000000Z;5.406;5.4155;900;900
2026-06-08T14:50:34.0000000Z;5.405;5.414;11101;900
2026-06-08T14:50:35.0000000Z;5.406;5.4155;900;900
2026-06-08T14:50:36.0000000Z;5.406;5.4155;900;900
2026-06-08T14:50:37.0000000Z;5.405;5.4145;11101;1044
2026-06-08T14:50:38.0000000Z;5.4065;5.4125;900;900
2026-06-08T14:50:39.0000000Z;5.4065;5.4125;900;313
2026-06-08T14:50:40.0000000Z;5.4065;5.411;42500;1000
2026-06-08T14:50:41.0000000Z;5.4025;5.411;900;900
2026-06-08T14:50:42.0000000Z;5.4025;5.4115;900;900
2026-06-08T14:50:43.0000000Z;5.4025;5.4115;900;900
2026-06-08T14:50:44.0000000Z;5.4025;5.411;900;43329
2026-06-08T14:50:45.0000000Z;5.4025;5.411;900;829
2026-06-08T14:50:46.0000000Z;5.4025;5.4115;900;900
2026-06-08T14:50:47.0000000Z;5.4025;5.411;900;829
2026-06-08T14:50:48.0000000Z;5.404;5.4115;900;12352
2026-06-08T14:50:49.0000000Z;5.4045;5.4105;3535;393
2026-06-08T14:50:50.0000000Z;5.404;5.4115;900;42500
2026-06-08T14:50:51.0000000Z;5.404;5.412;900;9239
2026-06-08T14:50:52.0000000Z;5.406;5.416;3535;11079
2026-06-08T14:50:53.0000000Z;5.4055;5.415;900;900
2026-06-08T14:50:56.0000000Z;5.406;5.4145;3535;924
2026-06-08T14:50:57.0000000Z;5.404;5.415;900;900
2026-06-08T14:50:58.0000000Z;5.406;5.4145;3535;1305
2026-06-08T14:50:59.0000000Z;5.406;5.4145;3535;1305
2026-06-08T14:50:59.0000000Z;5.4055;5.4145;3535;1305
2026-06-08T14:51:00.0000000Z;5.407;5.4145;3535;1305
2026-06-08T14:51:01.0000000Z;5.407;5.4145;3535;1305
2026-06-08T14:51:02.0000000Z;5.4065;5.415;900;900
2026-06-08T14:51:04.0000000Z;5.4065;5.4145;900;1305
2026-06-08T14:51:05.0000000Z;5.407;5.4145;3535;1305
2026-06-08T14:51:06.0000000Z;5.4065;5.415;900;900
2026-06-08T14:51:07.0000000Z;5.4065;5.415;900;900
2026-06-08T14:51:08.0000000Z;5.4065;5.415;900;900
2026-06-08T14:51:09.0000000Z;5.407;5.415;3535;900
2026-06-08T14:51:10.0000000Z;5.4065;5.415;900;900
2026-06-08T14:51:11.0000000Z;5.4065;5.415;900;900
2026-06-08T14:51:12.0000000Z;5.4055;5.4145;11100;1305
2026-06-08T14:51:13.0000000Z;5.4065;5.415;900;900
2026-06-08T14:51:15.0000000Z;5.4065;5.415;900;900
2026-06-08T14:51:16.0000000Z;5.4065;5.4145;900;693
2026-06-08T14:51:18.0000000Z;5.4065;5.4145;900;693
2026-06-08T14:51:19.0000000Z;5.4065;5.415;900;900
2026-06-08T14:51:21.0000000Z;5.4065;5.4145;900;693
2026-06-08T14:51:24.0000000Z;5.4065;5.415;900;900
2026-06-08T14:51:26.0000000Z;5.4065;5.4155;900;900
2026-06-08T14:51:27.0000000Z;5.4065;5.415;900;826
2026-06-08T14:51:28.0000000Z;5.4065;5.416;900;11079
2026-06-08T14:51:29.0000000Z;5.4065;5.415;900;826
2026-06-08T14:51:30.0000000Z;5.4065;5.416;900;11979
2026-06-08T14:51:31.0000000Z;5.4065;5.415;900;826
2026-06-08T14:51:32.0000000Z;5.408;5.416;3274;11079
2026-06-08T14:51:33.0000000Z;5.4095;5.417;900;900
2026-06-08T14:51:34.0000000Z;5.41;5.416;3535;42500
2026-06-08T14:51:35.0000000Z;5.4095;5.421;900;461
2026-06-08T14:51:36.0000000Z;5.4095;5.42;900;900
2026-06-08T14:51:38.0000000Z;5.4095;5.42;900;900
2026-06-08T14:51:41.0000000Z;5.41;5.42;3535;900
2026-06-08T14:51:42.0000000Z;5.41;5.42;3535;900
2026-06-08T14:51:43.0000000Z;5.4095;5.42;900;900
2026-06-08T14:51:44.0000000Z;5.4095;5.42;900;900
2026-06-08T14:51:46.0000000Z;5.4095;5.4195;900;1119
2026-06-08T14:51:47.0000000Z;5.4095;5.42;900;900
2026-06-08T14:51:48.0000000Z;5.4095;5.4195;900;1119
2026-06-08T14:51:49.0000000Z;5.4095;5.42;900;897
2026-06-08T14:51:50.0000000Z;5.4095;5.42;900;900
2026-06-08T14:51:51.0000000Z;5.4095;5.4195;900;1119
2026-06-08T14:51:53.0000000Z;5.4095;5.421;900;461
2026-06-08T14:51:54.0000000Z;5.4095;5.42;900;900
2026-06-08T14:51:55.0000000Z;5.41;5.4195;3535;1290
2026-06-08T14:51:56.0000000Z;5.4095;5.42;900;900
2026-06-08T14:52:00.0000000Z;5.4095;5.4205;900;19535
2026-06-08T14:52:01.0000000Z;5.411;5.4205;3535;19535
2026-06-08T14:52:02.0000000Z;5.412;5.4195;900;900
2026-06-08T14:52:03.0000000Z;5.4125;5.419;3473;428
2026-06-08T14:52:05.0000000Z;5.412;5.4195;900;900
2026-06-08T14:52:06.0000000Z;5.411;5.4195;900;900
2026-06-08T14:52:07.0000000Z;5.411;5.4195;900;900
2026-06-08T14:52:08.0000000Z;5.41;5.4195;11091;900
2026-06-08T14:52:09.0000000Z;5.411;5.4195;900;900
2026-06-08T14:52:10.0000000Z;5.411;5.4195;900;900
2026-06-08T14:52:11.0000000Z;5.411;5.4195;900;900
2026-06-08T14:52:13.0000000Z;5.411;5.419;900;836
2026-06-08T14:52:16.0000000Z;5.411;5.419;900;836
2026-06-08T14:52:17.0000000Z;5.411;5.419;900;690
2026-06-08T14:52:19.0000000Z;5.411;5.4195;900;900
2026-06-08T14:52:20.0000000Z;5.411;5.4195;900;900
2026-06-08T14:52:21.0000000Z;5.411;5.4195;900;900
2026-06-08T14:52:22.0000000Z;5.411;5.419;900;836
2026-06-08T14:52:23.0000000Z;5.411;5.4195;900;900
2026-06-08T14:52:24.0000000Z;5.411;5.4195;900;900
2026-06-08T14:52:25.0000000Z;5.411;5.4195;900;900
2026-06-08T14:52:26.0000000Z;5.411;5.4195;900;900
2026-06-08T14:52:27.0000000Z;5.411;5.4195;900;900
2026-06-08T14:52:29.0000000Z;5.411;5.4195;900;900
2026-06-08T14:52:30.0000000Z;5.4115;5.419;3535;836
2026-06-08T14:52:31.0000000Z;5.411;5.4195;900;830
2026-06-08T14:52:32.0000000Z;5.411;5.4195;900;763
2026-06-08T14:52:33.0000000Z;5.411;5.42;900;461
2026-06-08T14:52:34.0000000Z;5.411;5.419;900;900
2026-06-08T14:52:35.0000000Z;5.411;5.4195;900;900
2026-06-08T14:52:36.0000000Z;5.411;5.4195;900;900
2026-06-08T14:52:37.0000000Z;5.411;5.4195;900;900
2026-06-08T14:52:40.0000000Z;5.411;5.4195;900;900
2026-06-08T14:52:43.0000000Z;5.411;5.4195;900;900
2026-06-08T14:52:44.0000000Z;5.411;5.419;900;690
2026-06-08T14:52:45.0000000Z;5.4105;5.4165;900;900
2026-06-08T14:52:46.0000000Z;5.4105;5.4165;900;900
2026-06-08T14:52:48.0000000Z;5.411;5.416;3141;452
2026-06-08T14:52:50.0000000Z;5.407;5.4165;900;900
2026-06-08T14:52:51.0000000Z;5.4105;5.4165;2306;900
2026-06-08T14:52:53.0000000Z;5.4105;5.416;1537;1196
2026-06-08T14:52:54.0000000Z;5.407;5.4165;900;900
2026-06-08T14:52:55.0000000Z;5.4075;5.4165;3535;900
2026-06-08T14:52:56.0000000Z;5.407;5.4165;900;900
2026-06-08T14:53:01.0000000Z;5.4075;5.4155;900;752
2026-06-08T14:53:02.0000000Z;5.4065;5.415;11098;900
2026-06-08T14:53:03.0000000Z;5.4075;5.416;900;22930
2026-06-08T14:53:04.0000000Z;5.4075;5.415;900;900
2026-06-08T14:53:05.0000000Z;5.4075;5.415;900;900
2026-06-08T14:53:06.0000000Z;5.408;5.4145;3535;431
2026-06-08T14:53:10.0000000Z;5.4075;5.4155;900;900
2026-06-08T14:53:11.0000000Z;5.4075;5.415;900;900
2026-06-08T14:53:12.0000000Z;5.408;5.415;3535;900
2026-06-08T14:53:14.0000000Z;5.408;5.415;3535;900
2026-06-08T14:53:15.0000000Z;5.408;5.415;3535;900
2026-06-08T14:53:16.0000000Z;5.408;5.4145;3315;592
2026-06-08T14:53:17.0000000Z;5.408;5.4145;3315;592
2026-06-08T14:53:19.0000000Z;5.4075;5.415;900;900
2026-06-08T14:53:20.0000000Z;5.4075;5.415;900;900
2026-06-08T14:53:21.0000000Z;5.407;5.415;462;900
2026-06-08T14:53:22.0000000Z;5.402;5.413;11098;1326
2026-06-08T14:53:23.0000000Z;5.403;5.4115;900;775
2026-06-08T14:53:24.0000000Z;5.4075;5.4115;1537;775
2026-06-08T14:53:25.0000000Z;5.403;5.412;900;900
2026-06-08T14:53:26.0000000Z;5.403;5.4115;900;775
2026-06-08T14:53:27.0000000Z;5.403;5.412;900;900
2026-06-08T14:53:28.0000000Z;5.403;5.412;900;900
2026-06-08T14:53:29.0000000Z;5.403;5.412;900;900
2026-06-08T14:53:30.0000000Z;5.403;5.412;900;900
2026-06-08T14:53:31.0000000Z;5.403;5.412;900;900
2026-06-08T14:53:33.0000000Z;5.403;5.412;900;900
2026-06-08T14:53:34.0000000Z;5.4035;5.412;3535;900
2026-06-08T14:53:35.0000000Z;5.4035;5.4115;3535;970
2026-06-08T14:53:37.0000000Z;5.403;5.4115;900;970
2026-06-08T14:53:38.0000000Z;5.403;5.412;900;900
2026-06-08T14:53:39.0000000Z;5.403;5.4115;900;775
2026-06-08T14:53:41.0000000Z;5.403;5.412;900;900
2026-06-08T14:53:42.0000000Z;5.403;5.4115;900;932
2026-06-08T14:53:43.0000000Z;5.403;5.412;21109;900
2026-06-08T14:53:44.0000000Z;5.403;5.413;21109;11085
2026-06-08T14:53:45.0000000Z;5.405;5.4115;3452;932
2026-06-08T14:53:46.0000000Z;5.4045;5.412;900;631
2026-06-08T14:53:49.0000000Z;5.4035;5.4125;11104;900
2026-06-08T14:53:50.0000000Z;5.4045;5.4125;900;900
2026-06-08T14:53:51.0000000Z;5.4045;5.412;900;834
2026-06-08T14:53:52.0000000Z;5.4045;5.412;900;834
2026-06-08T14:53:53.0000000Z;5.4045;5.412;900;834
2026-06-08T14:53:54.0000000Z;5.4045;5.4125;900;755
2026-06-08T14:53:55.0000000Z;5.4045;5.413;900;11085
2026-06-08T14:53:56.0000000Z;5.4045;5.412;900;631
2026-06-08T14:53:57.0000000Z;5.4045;5.412;900;631
2026-06-08T14:53:59.0000000Z;5.4045;5.412;900;631
2026-06-08T14:54:01.0000000Z;5.4045;5.413;900;11985
2026-06-08T14:54:02.0000000Z;5.406;5.4215;462;461
2026-06-08T14:54:03.0000000Z;5.4075;5.417;900;900
2026-06-08T14:54:04.0000000Z;5.4075;5.417;900;900
2026-06-08T14:54:05.0000000Z;5.406;5.417;900;900
2026-06-08T14:54:06.0000000Z;5.4075;5.413;46035;9238
2026-06-08T14:54:08.0000000Z;5.4075;5.4165;3535;1273
2026-06-08T14:54:09.0000000Z;5.406;5.4165;900;900
2026-06-08T14:54:10.0000000Z;5.406;5.416;900;1093
2026-06-08T14:54:12.0000000Z;5.4065;5.4165;900;900
2026-06-08T14:54:13.0000000Z;5.407;5.4165;3535;900
2026-06-08T14:54:15.0000000Z;5.4065;5.4175;900;461
2026-06-08T14:54:16.0000000Z;5.4065;5.4165;900;900
2026-06-08T14:54:18.0000000Z;5.4055;5.4175;11100;461
2026-06-08T14:54:19.0000000Z;5.4065;5.4165;900;900
2026-06-08T14:54:20.0000000Z;5.407;5.416;3535;996
2026-06-08T14:54:22.0000000Z;5.407;5.4165;3535;900
2026-06-08T14:54:23.0000000Z;5.4065;5.4165;900;900
2026-06-08T14:54:24.0000000Z;5.4065;5.4165;900;900
2026-06-08T14:54:25.0000000Z;5.4065;5.4165;900;900
2026-06-08T14:54:27.0000000Z;5.4065;5.415;900;900
2026-06-08T14:54:28.0000000Z;5.407;5.415;3535;900
2026-06-08T14:54:29.0000000Z;5.4065;5.415;900;900
2026-06-08T14:54:30.0000000Z;5.4065;5.4155;900;900
2026-06-08T14:54:31.0000000Z;5.4065;5.4155;900;900
2026-06-08T14:54:32.0000000Z;5.4065;5.4155;900;900
2026-06-08T14:54:33.0000000Z;5.4065;5.4155;900;900
2026-06-08T14:54:34.0000000Z;5.4065;5.4155;900;900
2026-06-08T14:54:35.0000000Z;5.4065;5.415;900;900
2026-06-08T14:54:36.0000000Z;5.4065;5.4165;900;900
2026-06-08T14:54:37.0000000Z;5.4055;5.4165;11100;900
2026-06-08T14:54:38.0000000Z;5.407;5.414;900;900
2026-06-08T14:54:39.0000000Z;5.4075;5.4135;3263;554
2026-06-08T14:54:42.0000000Z;5.4035;5.4135;462;1120
2026-06-08T14:54:43.0000000Z;5.4045;5.414;900;900
2026-06-08T14:54:44.0000000Z;5.4045;5.414;900;900
2026-06-08T14:54:45.0000000Z;5.4045;5.414;900;900
2026-06-08T14:54:49.0000000Z;5.4045;5.4135;900;1120
2026-06-08T14:54:50.0000000Z;5.405;5.4145;900;900
2026-06-08T14:54:51.0000000Z;5.405;5.414;900;601
2026-06-08T14:54:52.0000000Z;5.405;5.4155;900;900
2026-06-08T14:54:53.0000000Z;5.405;5.414;900;671
2026-06-08T14:54:55.0000000Z;5.4045;5.414;900;876
2026-06-08T14:54:56.0000000Z;5.4045;5.414;900;900
2026-06-08T14:54:57.0000000Z;5.404;5.414;900;900
2026-06-08T14:54:58.0000000Z;5.404;5.4165;900;78
2026-06-08T14:54:59.0000000Z;5.404;5.4155;900;900
2026-06-08T14:55:01.0000000Z;5.404;5.4155;900;900
2026-06-08T14:55:02.0000000Z;5.404;5.4155;900;900
2026-06-08T14:55:03.0000000Z;5.4045;5.415;3535;1378
2026-06-08T14:55:04.0000000Z;5.406;5.415;3535;1541
2026-06-08T14:55:05.0000000Z;5.4045;5.4155;900;900
2026-06-08T14:55:06.0000000Z;5.4045;5.415;900;1541
2026-06-08T14:55:07.0000000Z;5.404;5.415;900;1378
2026-06-08T14:55:08.0000000Z;5.404;5.415;900;1378
2026-06-08T14:55:09.0000000Z;5.4045;5.415;3535;1378
2026-06-08T14:55:10.0000000Z;5.404;5.4135;900;1139
2026-06-08T14:55:11.0000000Z;5.403;5.4135;11105;1139
2026-06-08T14:55:12.0000000Z;5.404;5.4135;900;966
2026-06-08T14:55:13.0000000Z;5.404;5.4135;900;966
2026-06-08T14:55:14.0000000Z;5.404;5.4155;900;900
2026-06-08T14:55:15.0000000Z;5.404;5.414;900;43370
2026-06-08T14:55:16.0000000Z;5.404;5.4155;900;900
2026-06-08T14:55:17.0000000Z;5.404;5.414;900;870
2026-06-08T14:55:18.0000000Z;5.404;5.414;900;900
2026-06-08T14:55:19.0000000Z;5.4045;5.413;3535;831
2026-06-08T14:55:20.0000000Z;5.404;5.4135;900;900
2026-06-08T14:55:21.0000000Z;5.404;5.414;900;900
2026-06-08T14:55:22.0000000Z;5.404;5.413;900;831
2026-06-08T14:55:23.0000000Z;5.404;5.414;900;900
2026-06-08T14:55:24.0000000Z;5.404;5.414;900;900
2026-06-08T14:55:25.0000000Z;5.404;5.4155;900;900
2026-06-08T14:55:26.0000000Z;5.404;5.4135;900;966
2026-06-08T14:55:27.0000000Z;5.404;5.414;900;900
2026-06-08T14:55:28.0000000Z;5.404;5.4155;900;900
2026-06-08T14:55:29.0000000Z;5.404;5.414;900;870
2026-06-08T14:55:30.0000000Z;5.404;5.4155;900;900
2026-06-08T14:55:31.0000000Z;5.404;5.414;900;870
2026-06-08T14:55:33.0000000Z;5.404;5.4155;900;900
2026-06-08T14:55:34.0000000Z;5.404;5.4155;900;900
2026-06-08T14:55:35.0000000Z;5.404;5.415;900;1378
2026-06-08T14:55:36.0000000Z;5.4055;5.4155;900;900
2026-06-08T14:55:37.0000000Z;5.4075;5.416;3535;900
2026-06-08T14:55:38.0000000Z;5.407;5.416;900;900
2026-06-08T14:55:39.0000000Z;5.407;5.4165;900;900
2026-06-08T14:55:40.0000000Z;5.407;5.4165;900;900
2026-06-08T14:55:41.0000000Z;5.407;5.417;900;11977
2026-06-08T14:55:42.0000000Z;5.4085;5.4155;3535;752
2026-06-08T14:55:43.0000000Z;5.409;5.42;900;11071
2026-06-08T14:55:44.0000000Z;5.409;5.419;900;900
2026-06-08T14:55:45.0000000Z;5.409;5.417;900;9231
2026-06-08T14:55:46.0000000Z;5.409;5.419;900;900
2026-06-08T14:55:47.0000000Z;5.409;5.4195;900;461
2026-06-08T14:55:48.0000000Z;5.409;5.419;900;900
2026-06-08T14:55:49.0000000Z;5.409;5.417;900;9231
2026-06-08T14:55:50.0000000Z;5.409;5.419;900;900
2026-06-08T14:55:52.0000000Z;5.409;5.419;900;900
2026-06-08T14:55:53.0000000Z;5.409;5.419;900;900
2026-06-08T14:55:54.0000000Z;5.409;5.4185;900;1047
2026-06-08T14:55:55.0000000Z;5.409;5.4185;900;1047
2026-06-08T14:55:56.0000000Z;5.409;5.419;900;900
2026-06-08T14:55:58.0000000Z;5.409;5.419;900;900
2026-06-08T14:55:59.0000000Z;5.409;5.4185;900;1047
2026-06-08T14:55:59.0000000Z;5.409;5.419;900;900
2026-06-08T14:56:01.0000000Z;5.409;5.4185;900;1047
2026-06-08T14:56:03.0000000Z;5.409;5.419;900;900
2026-06-08T14:56:04.0000000Z;5.409;5.4185;900;1047
2026-06-08T14:56:09.0000000Z;5.409;5.419;900;900
2026-06-08T14:56:10.0000000Z;5.4095;5.4185;3535;1217
2026-06-08T14:56:11.0000000Z;5.409;5.4185;900;914
2026-06-08T14:56:12.0000000Z;5.409;5.418;900;850
2026-06-08T14:56:15.0000000Z;5.4095;5.418;3535;891
2026-06-08T14:56:16.0000000Z;5.409;5.4185;900;900
2026-06-08T14:56:17.0000000Z;5.409;5.4185;900;900
2026-06-08T14:56:18.0000000Z;5.409;5.4185;900;900
2026-06-08T14:56:20.0000000Z;5.409;5.4185;900;900
2026-06-08T14:56:21.0000000Z;5.409;5.4185;900;900
2026-06-08T14:56:22.0000000Z;5.408;5.4185;11095;900
2026-06-08T14:56:23.0000000Z;5.409;5.4195;900;461
2026-06-08T14:56:24.0000000Z;5.409;5.4185;900;900
2026-06-08T14:56:28.0000000Z;5.409;5.4185;900;900
2026-06-08T14:56:29.0000000Z;5.409;5.419;900;900
2026-06-08T14:56:30.0000000Z;5.409;5.4185;900;1047
2026-06-08T14:56:31.0000000Z;5.409;5.419;900;900
2026-06-08T14:56:34.0000000Z;5.409;5.419;900;900
2026-06-08T14:56:37.0000000Z;5.409;5.4185;900;1194
2026-06-08T14:56:39.0000000Z;5.409;5.4185;900;1194
2026-06-08T14:56:40.0000000Z;5.409;5.4185;900;3480
2026-06-08T14:56:41.0000000Z;5.409;5.4175;900;900
2026-06-08T14:56:42.0000000Z;5.409;5.417;900;668
2026-06-08T14:56:43.0000000Z;5.409;5.417;900;900
2026-06-08T14:56:44.0000000Z;5.409;5.417;900;900
2026-06-08T14:56:45.0000000Z;5.409;5.4175;900;900
2026-06-08T14:56:47.0000000Z;5.409;5.418;900;11975
2026-06-08T14:56:48.0000000Z;5.409;5.418;900;11975
2026-06-08T14:56:49.0000000Z;5.409;5.418;900;11975
2026-06-08T14:56:50.0000000Z;5.409;5.418;900;11975
2026-06-08T14:56:51.0000000Z;5.409;5.418;900;11975
2026-06-08T14:56:52.0000000Z;5.409;5.4175;900;5400
2026-06-08T14:56:53.0000000Z;5.409;5.417;900;775
2026-06-08T14:56:54.0000000Z;5.4095;5.4175;3535;5400
2026-06-08T14:56:55.0000000Z;5.409;5.418;900;11975
2026-06-08T14:56:56.0000000Z;5.409;5.4175;900;901
2026-06-08T14:56:59.0000000Z;5.409;5.417;900;721
2026-06-08T14:56:59.0000000Z;5.409;5.4175;900;900
2026-06-08T14:57:00.0000000Z;5.4095;5.417;3535;721
2026-06-08T14:57:01.0000000Z;5.409;5.4175;900;900
2026-06-08T14:57:02.0000000Z;5.409;5.417;900;721
2026-06-08T14:57:03.0000000Z;5.409;5.418;900;11975
2026-06-08T14:57:04.0000000Z;5.409;5.417;900;721
2026-06-08T14:57:05.0000000Z;5.409;5.4175;900;878
2026-06-08T14:57:06.0000000Z;5.409;5.4175;900;878
2026-06-08T14:57:07.0000000Z;5.409;5.418;900;11075
2026-06-08T14:57:08.0000000Z;5.409;5.418;900;11075
2026-06-08T14:57:09.0000000Z;5.409;5.418;900;15575
2026-06-08T14:57:10.0000000Z;5.411;5.418;3535;42500
2026-06-08T14:57:11.0000000Z;5.4115;5.425;1361;460
2026-06-08T14:57:12.0000000Z;5.414;5.424;900;1360
2026-06-08T14:57:13.0000000Z;5.414;5.4185;900;9228
2026-06-08T14:57:14.0000000Z;5.414;5.4225;900;900
2026-06-08T14:57:15.0000000Z;5.414;5.4185;900;9228
2026-06-08T14:57:16.0000000Z;5.414;5.422;900;900
2026-06-08T14:57:17.0000000Z;5.4145;5.4225;3535;461
2026-06-08T14:57:18.0000000Z;5.413;5.422;11085;900
2026-06-08T14:57:19.0000000Z;5.4145;5.4205;900;900
2026-06-08T14:57:20.0000000Z;5.4145;5.4205;2574;900
2026-06-08T14:57:21.0000000Z;5.4115;5.421;900;900
2026-06-08T14:57:22.0000000Z;5.414;5.42;3016;792
2026-06-08T14:57:23.0000000Z;5.4115;5.422;900;11067
2026-06-08T14:57:24.0000000Z;5.413;5.4245;11085;460
2026-06-08T14:57:25.0000000Z;5.4165;5.422;900;42500
2026-06-08T14:57:26.0000000Z;5.418;5.4305;461;460
2026-06-08T14:57:27.0000000Z;5.42;5.429;900;900
2026-06-08T14:57:28.0000000Z;5.419;5.43;11073;11048
2026-06-08T14:57:29.0000000Z;5.42;5.4295;3535;8465
2026-06-08T14:57:30.0000000Z;5.4215;5.4285;3357;641
2026-06-08T14:57:31.0000000Z;5.42;5.429;11071;11052
2026-06-08T14:57:32.0000000Z;5.421;5.428;900;541
2026-06-08T14:57:33.0000000Z;5.421;5.4275;900;463
2026-06-08T14:57:34.0000000Z;5.421;5.4275;900;463
2026-06-08T14:57:35.0000000Z;5.421;5.428;900;900
2026-06-08T14:57:36.0000000Z;5.421;5.4275;900;463
2026-06-08T14:57:37.0000000Z;5.421;5.4275;900;463
2026-06-08T14:57:38.0000000Z;5.421;5.4275;900;463
2026-06-08T14:57:39.0000000Z;5.421;5.428;900;900
2026-06-08T14:57:40.0000000Z;5.421;5.429;900;11052
2026-06-08T14:57:41.0000000Z;5.421;5.428;900;900
2026-06-08T14:57:42.0000000Z;5.421;5.4275;900;463
2026-06-08T14:57:43.0000000Z;5.421;5.4285;900;460
2026-06-08T14:57:44.0000000Z;5.421;5.428;900;900
2026-06-08T14:57:45.0000000Z;5.421;5.4275;900;463
2026-06-08T14:57:46.0000000Z;5.421;5.428;900;900
2026-06-08T14:57:47.0000000Z;5.421;5.428;900;900
2026-06-08T14:57:48.0000000Z;5.421;5.428;900;900
2026-06-08T14:57:51.0000000Z;5.421;5.429;900;11052
2026-06-08T14:57:52.0000000Z;5.421;5.428;900;900
2026-06-08T14:57:53.0000000Z;5.421;5.429;900;11052
2026-06-08T14:57:54.0000000Z;5.4205;5.429;8465;11052
2026-06-08T14:57:55.0000000Z;5.422;5.4275;900;900
2026-06-08T14:57:57.0000000Z;5.4225;5.4275;3535;42500
2026-06-08T14:57:58.0000000Z;5.422;5.4285;900;9211
2026-06-08T14:57:59.0000000Z;5.4215;5.4285;461;9211
2026-06-08T14:57:59.0000000Z;5.422;5.43;900;900
2026-06-08T14:58:00.0000000Z;5.422;5.43;900;900
2026-06-08T14:58:01.0000000Z;5.422;5.43;900;900
2026-06-08T14:58:02.0000000Z;5.423;5.4325;11064;10406
2026-06-08T14:58:03.0000000Z;5.4235;5.4355;460;11037
2026-06-08T14:58:04.0000000Z;5.424;5.432;900;900
2026-06-08T14:58:05.0000000Z;5.425;5.432;3535;406
2026-06-08T14:58:06.0000000Z;5.4245;5.4295;2426;757
2026-06-08T14:58:07.0000000Z;5.4215;5.43;900;900
2026-06-08T14:58:08.0000000Z;5.4215;5.43;900;900
2026-06-08T14:58:09.0000000Z;5.4205;5.43;11070;900
2026-06-08T14:58:10.0000000Z;5.4215;5.43;900;900
2026-06-08T14:58:11.0000000Z;5.4215;5.429;900;610
2026-06-08T14:58:12.0000000Z;5.4205;5.428;11070;384
2026-06-08T14:58:13.0000000Z;5.418;5.426;900;691
2026-06-08T14:58:14.0000000Z;5.4155;5.4265;11541;1143
2026-06-08T14:58:15.0000000Z;5.4165;5.4265;900;1143
2026-06-08T14:58:16.0000000Z;5.4165;5.427;900;900
2026-06-08T14:58:17.0000000Z;5.4215;5.4265;1537;43534
2026-06-08T14:58:18.0000000Z;5.4155;5.4265;11080;900
2026-06-08T14:58:19.0000000Z;5.4175;5.425;3535;808
2026-06-08T14:58:20.0000000Z;5.415;5.4255;900;900
2026-06-08T14:58:21.0000000Z;5.4165;5.425;3535;1373
2026-06-08T14:58:22.0000000Z;5.414;5.426;461;900
2026-06-08T14:58:23.0000000Z;5.415;5.426;900;900
2026-06-08T14:58:24.0000000Z;5.415;5.424;900;1212
2026-06-08T14:58:25.0000000Z;5.415;5.424;900;460
2026-06-08T14:58:26.0000000Z;5.415;5.4225;900;495
2026-06-08T14:58:27.0000000Z;5.415;5.423;900;900
2026-06-08T14:58:28.0000000Z;5.415;5.423;900;900
2026-06-08T14:58:30.0000000Z;5.4115;5.423;900;900
2026-06-08T14:58:31.0000000Z;5.4115;5.423;900;900
2026-06-08T14:58:32.0000000Z;5.4115;5.423;900;900
2026-06-08T14:58:37.0000000Z;5.4115;5.423;900;900
2026-06-08T14:58:38.0000000Z;5.4115;5.423;900;900
2026-06-08T14:58:39.0000000Z;5.4115;5.4225;900;1533
2026-06-08T14:58:40.0000000Z;5.4115;5.423;900;900
2026-06-08T14:58:41.0000000Z;5.4115;5.423;900;900
2026-06-08T14:58:43.0000000Z;5.4135;5.4225;3535;1533
2026-06-08T14:58:44.0000000Z;5.413;5.423;900;900
2026-06-08T14:58:46.0000000Z;5.413;5.4225;900;1533
2026-06-08T14:58:47.0000000Z;5.4135;5.4225;3535;1533
2026-06-08T14:58:48.0000000Z;5.4135;5.421;3535;940
2026-06-08T14:58:49.0000000Z;5.413;5.4235;900;900
2026-06-08T14:58:50.0000000Z;5.413;5.4235;900;900
2026-06-08T14:58:51.0000000Z;5.4115;5.421;900;900
2026-06-08T14:58:52.0000000Z;5.4135;5.421;3535;42500
2026-06-08T14:58:53.0000000Z;5.413;5.4225;900;900
2026-06-08T14:58:54.0000000Z;5.413;5.4215;900;615
2026-06-08T14:58:55.0000000Z;5.413;5.4225;900;900
2026-06-08T14:58:56.0000000Z;5.413;5.4215;900;615
2026-06-08T14:58:57.0000000Z;5.4135;5.422;3535;864
2026-06-08T14:59:00.0000000Z;5.413;5.4225;900;900
2026-06-08T14:59:01.0000000Z;5.413;5.4225;900;900
2026-06-08T14:59:02.0000000Z;5.413;5.422;900;864
2026-06-08T14:59:03.0000000Z;5.413;5.4225;900;900
2026-06-08T14:59:04.0000000Z;5.413;5.423;900;900
2026-06-08T14:59:05.0000000Z;5.4145;5.425;900;900
2026-06-08T14:59:06.0000000Z;5.4145;5.4225;900;959
2026-06-08T14:59:07.0000000Z;5.4145;5.4225;900;959
2026-06-08T14:59:08.0000000Z;5.4145;5.425;900;900
2026-06-08T14:59:11.0000000Z;5.4145;5.423;900;900
2026-06-08T14:59:12.0000000Z;5.4145;5.4225;900;959
2026-06-08T14:59:13.0000000Z;5.415;5.4225;3535;959
2026-06-08T14:59:14.0000000Z;5.4145;5.4235;900;868
2026-06-08T14:59:15.0000000Z;5.4145;5.4245;900;900
2026-06-08T14:59:16.0000000Z;5.4145;5.424;900;1053
2026-06-08T14:59:17.0000000Z;5.4145;5.424;900;1053
2026-06-08T14:59:20.0000000Z;5.4145;5.4245;900;900
2026-06-08T14:59:22.0000000Z;5.4145;5.424;900;900
2026-06-08T14:59:24.0000000Z;5.415;5.4225;3535;726
2026-06-08T14:59:25.0000000Z;5.4145;5.4245;900;900
2026-06-08T14:59:26.0000000Z;5.4145;5.4245;900;900
2026-06-08T14:59:27.0000000Z;5.4145;5.4225;900;726
2026-06-08T14:59:29.0000000Z;5.4145;5.424;900;1065
2026-06-08T14:59:30.0000000Z;5.4135;5.4235;11084;1032
2026-06-08T14:59:31.0000000Z;5.4145;5.424;900;900
2026-06-08T14:59:32.0000000Z;5.4145;5.421;900;42500
2026-06-08T14:59:33.0000000Z;5.4145;5.4215;900;42947
2026-06-08T14:59:34.0000000Z;5.4145;5.4215;900;900
2026-06-08T14:59:35.0000000Z;5.4135;5.4215;11084;900
2026-06-08T14:59:36.0000000Z;5.4145;5.42;900;900
2026-06-08T14:59:37.0000000Z;5.41;5.42;900;900
2026-06-08T14:59:38.0000000Z;5.41;5.42;900;900
2026-06-08T14:59:39.0000000Z;5.41;5.4195;900;1193
2026-06-08T14:59:40.0000000Z;5.41;5.42;900;900
2026-06-08T14:59:41.0000000Z;5.41;5.4195;900;1193
2026-06-08T14:59:42.0000000Z;5.41;5.42;900;900
2026-06-08T14:59:43.0000000Z;5.4105;5.42;3535;900
2026-06-08T14:59:44.0000000Z;5.4105;5.4195;3535;1193
2026-06-08T14:59:45.0000000Z;5.409;5.4185;11093;900
2026-06-08T14:59:46.0000000Z;5.41;5.42;900;900
2026-06-08T14:59:47.0000000Z;5.41;5.418;900;310
2026-06-08T14:59:48.0000000Z;5.41;5.42;900;900
2026-06-08T14:59:49.0000000Z;5.41;5.42;900;900
2026-06-08T14:59:50.0000000Z;5.41;5.42;900;900
2026-06-08T14:59:52.0000000Z;5.4105;5.4195;3535;1046
2026-06-08T14:59:53.0000000Z;5.41;5.4195;900;900
2026-06-08T14:59:54.0000000Z;5.41;5.42;900;900
2026-06-08T14:59:55.0000000Z;5.41;5.4195;900;43546
2026-06-08T14:59:56.0000000Z;5.41;5.421;900;11069
2026-06-08T14:59:57.0000000Z;5.41;5.42;900;900
2026-06-08T14:59:58.0000000Z;5.41;5.4195;900;1046
2026-06-08T14:59:59.0000000Z;5.41;5.42;900;900
