2026-06-08T08:00:02.0000000Z;4.667;4.679;21369;21369
2026-06-08T08:00:04.0000000Z;4.667;4.6795;21369;21369
2026-06-08T08:00:19.0000000Z;4.667;4.679;21369;21369
2026-06-08T08:00:24.0000000Z;4.667;4.6815;21369;21369
2026-06-08T08:00:38.0000000Z;4.667;4.681;21369;21369
2026-06-08T08:00:45.0000000Z;4.667;4.68;21369;21369
2026-06-08T08:01:15.0000000Z;4.667;4.68;21369;21369
2026-06-08T08:01:46.0000000Z;4.667;4.68;21369;21369
2026-06-08T08:02:16.0000000Z;4.667;4.68;21369;21369
2026-06-08T08:02:19.0000000Z;4.667;4.6795;21369;21369
2026-06-08T08:02:32.0000000Z;4.671;4.68;21369;21369
2026-06-08T08:02:38.0000000Z;4.671;4.679;21369;21369
2026-06-08T08:02:52.0000000Z;4.671;4.678;21369;21369
2026-06-08T08:03:01.0000000Z;4.671;4.6785;21369;21369
2026-06-08T08:03:04.0000000Z;4.671;4.679;21369;21369
2026-06-08T08:03:23.0000000Z;4.671;4.6795;21369;21369
2026-06-08T08:03:51.0000000Z;4.671;4.6785;21369;21369
2026-06-08T08:04:00.0000000Z;4.671;4.679;21369;21369
2026-06-08T08:04:05.0000000Z;4.671;4.678;21369;21369
2026-06-08T08:04:17.0000000Z;4.671;4.677;21369;21369
2026-06-08T08:04:30.0000000Z;4.671;4.6775;21369;21369
2026-06-08T08:04:32.0000000Z;4.671;4.6765;21369;21369
2026-06-08T08:04:44.0000000Z;4.671;4.677;21369;21369
2026-06-08T08:04:46.0000000Z;4.671;4.678;21369;21369
2026-06-08T08:04:54.0000000Z;4.671;4.677;21369;21369
2026-06-08T08:05:11.0000000Z;4.671;4.676;21369;21369
2026-06-08T08:05:18.0000000Z;4.671;4.6765;21369;21369
2026-06-08T08:05:22.0000000Z;4.671;4.6755;21369;21369
2026-06-08T08:05:31.0000000Z;4.671;4.676;21369;21369
2026-06-08T08:05:52.0000000Z;4.671;4.682;21369;21369
2026-06-08T08:06:22.0000000Z;4.671;4.6815;21369;21369
2026-06-08T08:06:46.0000000Z;4.671;4.6805;21369;21369
2026-06-08T08:07:09.0000000Z;4.671;4.6805;21369;21369
2026-06-08T08:07:22.0000000Z;4.671;4.6815;21369;21369
2026-06-08T08:07:52.0000000Z;4.671;4.6815;21369;21369
2026-06-08T08:08:22.0000000Z;4.671;4.6815;21369;21369
2026-06-08T08:08:42.0000000Z;4.667;4.6815;21369;21369
2026-06-08T08:09:13.0000000Z;4.667;4.6815;21369;21369
2026-06-08T08:09:44.0000000Z;4.667;4.6815;21369;21369
2026-06-08T08:09:58.0000000Z;4.667;4.6805;21369;21369
2026-06-08T08:10:12.0000000Z;4.667;4.6815;21369;21369
2026-06-08T08:10:27.0000000Z;4.671;4.6815;21369;21369
2026-06-08T08:10:57.0000000Z;4.671;4.6815;21369;21369
2026-06-08T08:11:27.0000000Z;4.671;4.6815;21369;21369
2026-06-08T08:11:58.0000000Z;4.671;4.6815;21369;21369
2026-06-08T08:12:28.0000000Z;4.671;4.6815;21369;21369
2026-06-08T08:12:59.0000000Z;4.671;4.6815;21369;21369
2026-06-08T08:13:17.0000000Z;4.671;4.6805;21369;21369
2026-06-08T08:13:28.0000000Z;4.671;4.6815;21369;21369
2026-06-08T08:13:58.0000000Z;4.671;4.6815;21369;21369
2026-06-08T08:14:29.0000000Z;4.671;4.6815;21369;21369
2026-06-08T08:14:59.0000000Z;4.671;4.6815;21369;21369
2026-06-08T08:15:30.0000000Z;4.671;4.6815;21369;21369
2026-06-08T08:16:00.0000000Z;4.671;4.6815;21369;21369
2026-06-08T08:16:31.0000000Z;4.671;4.6815;21369;21369
2026-06-08T08:17:01.0000000Z;4.671;4.6815;21369;21369
2026-06-08T08:17:09.0000000Z;4.671;4.6805;21369;21369
2026-06-08T08:17:40.0000000Z;4.671;4.6805;21369;21369
2026-06-08T08:17:49.0000000Z;4.671;4.681;21369;21369
2026-06-08T08:17:51.0000000Z;4.671;4.68;21369;21369
2026-06-08T08:18:02.0000000Z;4.671;4.679;21369;21369
2026-06-08T08:18:13.0000000Z;4.671;4.6795;21369;21369
2026-06-08T08:18:23.0000000Z;4.671;4.6785;21369;21369
2026-06-08T08:18:39.0000000Z;4.671;4.679;21369;21369
2026-06-08T08:18:50.0000000Z;4.671;4.678;21369;21369
2026-06-08T08:19:19.0000000Z;4.671;4.677;21369;21369
2026-06-08T08:19:36.0000000Z;4.671;4.6775;21369;21369
2026-06-08T08:20:03.0000000Z;4.671;4.678;21369;21369
2026-06-08T08:20:18.0000000Z;4.671;4.6785;21369;21369
2026-06-08T08:20:27.0000000Z;4.671;4.679;21369;21369
2026-06-08T08:20:29.0000000Z;4.671;4.6795;21369;21369
2026-06-08T08:20:38.0000000Z;4.671;4.68;21369;21369
2026-06-08T08:21:08.0000000Z;4.671;4.68;21369;21369
2026-06-08T08:21:24.0000000Z;4.671;4.6805;21369;21369
2026-06-08T08:21:32.0000000Z;4.671;4.681;21369;21369
2026-06-08T08:21:38.0000000Z;4.671;4.68;21369;21369
2026-06-08T08:21:49.0000000Z;4.671;4.6805;21369;21369
2026-06-08T08:22:08.0000000Z;4.671;4.681;21369;21369
2026-06-08T08:22:14.0000000Z;4.671;4.6815;21369;21369
2026-06-08T08:22:23.0000000Z;4.671;4.6805;21369;21369
2026-06-08T08:22:37.0000000Z;4.671;4.6795;21369;21369
2026-06-08T08:22:54.0000000Z;4.671;4.68;21369;21369
2026-06-08T08:22:57.0000000Z;4.671;4.6805;21369;21369
2026-06-08T08:23:01.0000000Z;4.671;4.681;21369;21369
2026-06-08T08:23:04.0000000Z;4.671;4.682;21369;21369
2026-06-08T08:23:06.0000000Z;4.671;4.6855;21369;21369
2026-06-08T08:23:12.0000000Z;4.675;4.6855;21369;21369
2026-06-08T08:23:13.0000000Z;4.675;4.688;21369;21369
2026-06-08T08:23:43.0000000Z;4.675;4.688;21369;21369
2026-06-08T08:24:13.0000000Z;4.675;4.686;21369;21369
2026-06-08T08:24:14.0000000Z;4.671;4.686;21369;21369
2026-06-08T08:24:45.0000000Z;4.671;4.6855;21369;21369
2026-06-08T08:24:46.0000000Z;4.671;4.685;21369;21369
2026-06-08T08:25:17.0000000Z;4.671;4.685;21369;21369
2026-06-08T08:25:47.0000000Z;4.671;4.685;21369;21369
2026-06-08T08:25:53.0000000Z;4.671;4.684;21369;21369
2026-06-08T08:26:24.0000000Z;4.671;4.684;21369;21369
2026-06-08T08:26:54.0000000Z;4.671;4.684;21369;21369
2026-06-08T08:27:23.0000000Z;4.671;4.6845;21369;21369
2026-06-08T08:27:53.0000000Z;4.671;4.6845;21369;21369
2026-06-08T08:28:24.0000000Z;4.671;4.6845;21369;21369
2026-06-08T08:28:54.0000000Z;4.671;4.6845;21369;21369
2026-06-08T08:29:25.0000000Z;4.671;4.6845;21369;21369
2026-06-08T08:29:55.0000000Z;4.671;4.6845;21369;21369
2026-06-08T08:30:09.0000000Z;4.671;4.6835;21369;21369
2026-06-08T08:30:20.0000000Z;4.671;4.6845;21369;21369
2026-06-08T08:30:41.0000000Z;4.671;4.6825;21369;21369
2026-06-08T08:30:43.0000000Z;4.671;4.6815;21369;21369
2026-06-08T08:31:14.0000000Z;4.671;4.6815;21369;21369
2026-06-08T08:31:44.0000000Z;4.671;4.6815;21369;21369
2026-06-08T08:32:09.0000000Z;4.671;4.6795;21369;21369
2026-06-08T08:32:39.0000000Z;4.671;4.6795;21369;21369
2026-06-08T08:32:40.0000000Z;4.671;4.68;21369;21369
2026-06-08T08:32:48.0000000Z;4.671;4.684;21369;21369
2026-06-08T08:33:14.0000000Z;4.671;4.6835;21369;21369
2026-06-08T08:33:16.0000000Z;4.671;4.6825;21369;21369
2026-06-08T08:33:24.0000000Z;4.671;4.6835;21369;21369
2026-06-08T08:33:25.0000000Z;4.671;4.684;21369;21369
2026-06-08T08:33:56.0000000Z;4.671;4.684;21369;21369
2026-06-08T08:34:26.0000000Z;4.671;4.684;21369;21369
2026-06-08T08:34:39.0000000Z;4.671;4.6835;21369;21369
2026-06-08T08:34:40.0000000Z;4.671;4.6825;21369;21369
2026-06-08T08:34:50.0000000Z;4.671;4.6835;21369;21369
2026-06-08T08:35:21.0000000Z;4.671;4.6835;21369;21369
2026-06-08T08:35:52.0000000Z;4.671;4.6835;21369;21369
2026-06-08T08:36:10.0000000Z;4.671;4.684;21369;21369
2026-06-08T08:36:14.0000000Z;4.671;4.6835;21369;21369
2026-06-08T08:36:44.0000000Z;4.671;4.6835;21369;21369
2026-06-08T08:37:14.0000000Z;4.671;4.6835;21369;21369
2026-06-08T08:37:45.0000000Z;4.671;4.6835;21369;21369
2026-06-08T08:38:15.0000000Z;4.671;4.6835;21369;21369
2026-06-08T08:38:46.0000000Z;4.671;4.6835;21369;21369
2026-06-08T08:39:16.0000000Z;4.671;4.6835;21369;21369
2026-06-08T08:39:47.0000000Z;4.671;4.6835;21369;21369
2026-06-08T08:40:17.0000000Z;4.671;4.6835;21369;21369
2026-06-08T08:40:48.0000000Z;4.675;4.6835;21369;21369
2026-06-08T08:41:01.0000000Z;4.675;4.684;21369;21369
2026-06-08T08:41:07.0000000Z;4.675;4.6845;21369;21369
2026-06-08T08:41:25.0000000Z;4.675;4.685;21369;21369
2026-06-08T08:41:33.0000000Z;4.675;4.6855;21369;21369
2026-06-08T08:42:01.0000000Z;4.675;4.6845;21369;21369
2026-06-08T08:42:12.0000000Z;4.675;4.685;21369;21369
2026-06-08T08:42:20.0000000Z;4.675;4.6855;21369;21369
2026-06-08T08:42:30.0000000Z;4.675;4.6845;21369;21369
2026-06-08T08:42:35.0000000Z;4.675;4.685;21369;21369
2026-06-08T08:43:04.0000000Z;4.675;4.684;21369;21369
2026-06-08T08:43:35.0000000Z;4.675;4.684;21369;21369
2026-06-08T08:43:36.0000000Z;4.675;4.683;21369;21369
2026-06-08T08:43:52.0000000Z;4.675;4.682;21369;21369
2026-06-08T08:44:02.0000000Z;4.675;4.6825;21369;21369
2026-06-08T08:44:06.0000000Z;4.675;4.683;21369;21369
2026-06-08T08:44:19.0000000Z;4.675;4.682;21369;21369
2026-06-08T08:44:36.0000000Z;4.675;4.6825;21369;21369
2026-06-08T08:44:50.0000000Z;4.675;4.683;21369;21369
2026-06-08T08:44:55.0000000Z;4.675;4.682;21369;21369
2026-06-08T08:45:12.0000000Z;4.675;4.681;21369;21369
2026-06-08T08:45:22.0000000Z;4.675;4.682;21369;21369
2026-06-08T08:45:42.0000000Z;4.675;4.6825;21369;21369
2026-06-08T08:45:50.0000000Z;4.675;4.6815;21369;21369
2026-06-08T08:46:01.0000000Z;4.675;4.682;21369;21369
2026-06-08T08:46:13.0000000Z;4.675;4.6825;21369;21369
2026-06-08T08:46:23.0000000Z;4.675;4.683;21369;21369
2026-06-08T08:46:38.0000000Z;4.675;4.6835;21369;21369
2026-06-08T08:46:47.0000000Z;4.675;4.684;21369;21369
2026-06-08T08:46:55.0000000Z;4.675;4.6845;21369;21369
2026-06-08T08:47:10.0000000Z;4.675;4.685;21369;21369
2026-06-08T08:47:31.0000000Z;4.675;4.6855;21369;21369
2026-06-08T08:47:42.0000000Z;4.679;4.686;21369;21369
2026-06-08T08:48:12.0000000Z;4.679;4.686;21369;21369
2026-06-08T08:48:25.0000000Z;4.679;4.685;21369;21369
2026-06-08T08:48:51.0000000Z;4.679;4.684;21369;21369
2026-06-08T08:49:00.0000000Z;4.679;4.683;21369;21369
2026-06-08T08:49:05.0000000Z;4.675;4.683;21369;21369
2026-06-08T08:49:31.0000000Z;4.675;4.682;21369;21369
2026-06-08T08:49:41.0000000Z;4.675;4.6825;21369;21369
2026-06-08T08:50:11.0000000Z;4.675;4.6825;21369;21369
2026-06-08T08:50:32.0000000Z;4.675;4.6815;21369;21369
2026-06-08T08:50:45.0000000Z;4.675;4.6805;21369;21369
2026-06-08T08:50:56.0000000Z;4.675;4.681;21369;21369
2026-06-08T08:50:59.0000000Z;4.675;4.6825;21369;21369
2026-06-08T08:51:01.0000000Z;4.675;4.6835;21369;21369
2026-06-08T08:51:03.0000000Z;4.675;4.684;21369;21369
2026-06-08T08:51:07.0000000Z;4.675;4.6885;21369;21369
2026-06-08T08:51:13.0000000Z;4.675;4.685;21369;21369
2026-06-08T08:51:17.0000000Z;4.675;4.684;21369;21369
2026-06-08T08:51:32.0000000Z;4.675;4.683;21369;21369
2026-06-08T08:51:45.0000000Z;4.675;4.6835;21369;21369
2026-06-08T08:51:53.0000000Z;4.675;4.684;21369;21369
2026-06-08T08:51:57.0000000Z;4.675;4.6845;21369;21369
2026-06-08T08:52:07.0000000Z;4.675;4.685;21369;21369
2026-06-08T08:52:22.0000000Z;4.675;4.6855;21369;21369
2026-06-08T08:52:33.0000000Z;4.675;4.6845;21369;21369
2026-06-08T08:52:40.0000000Z;4.675;4.6855;21369;21369
2026-06-08T08:52:57.0000000Z;4.679;4.686;21369;21369
2026-06-08T08:53:28.0000000Z;4.679;4.686;21369;21369
2026-06-08T08:53:40.0000000Z;4.679;4.685;21369;21369
2026-06-08T08:53:51.0000000Z;4.679;4.6855;21369;21369
2026-06-08T08:53:54.0000000Z;4.679;4.686;21369;21369
2026-06-08T08:54:01.0000000Z;4.679;4.6865;21369;21369
2026-06-08T08:54:13.0000000Z;4.679;4.6855;21369;21369
2026-06-08T08:54:15.0000000Z;4.679;4.6865;21369;21369
2026-06-08T08:54:32.0000000Z;4.679;4.6855;21369;21369
2026-06-08T08:55:02.0000000Z;4.679;4.685;21369;21369
2026-06-08T08:55:14.0000000Z;4.679;4.684;21369;21369
2026-06-08T08:55:17.0000000Z;4.679;4.6845;21369;21369
2026-06-08T08:55:24.0000000Z;4.679;4.6855;21369;21369
2026-06-08T08:55:32.0000000Z;4.679;4.686;21369;21369
2026-06-08T08:55:42.0000000Z;4.679;4.6865;21369;21369
2026-06-08T08:55:53.0000000Z;4.679;4.687;21369;21369
2026-06-08T08:56:09.0000000Z;4.679;4.686;21369;21369
2026-06-08T08:56:22.0000000Z;4.679;4.6865;21369;21369
2026-06-08T08:56:26.0000000Z;4.679;4.687;21369;21369
2026-06-08T08:56:53.0000000Z;4.679;4.686;21369;21369
2026-06-08T08:57:07.0000000Z;4.679;4.685;21369;21369
2026-06-08T08:57:12.0000000Z;4.679;4.6855;21369;21369
2026-06-08T08:57:26.0000000Z;4.679;4.686;21369;21369
2026-06-08T08:57:34.0000000Z;4.679;4.6865;21369;21369
2026-06-08T08:57:54.0000000Z;4.679;4.6855;21369;21369
2026-06-08T08:58:03.0000000Z;4.679;4.686;21369;21369
2026-06-08T08:58:08.0000000Z;4.679;4.685;21369;21369
2026-06-08T08:58:18.0000000Z;4.679;4.6855;21369;21369
2026-06-08T08:58:32.0000000Z;4.679;4.6845;21369;21369
2026-06-08T08:59:03.0000000Z;4.679;4.6845;21369;21369
2026-06-08T08:59:13.0000000Z;4.679;4.685;21369;21369
2026-06-08T08:59:31.0000000Z;4.679;4.684;21369;21369
2026-06-08T08:59:41.0000000Z;4.679;4.6845;21369;21369
2026-06-08T08:59:46.0000000Z;4.679;4.685;21369;21369
2026-06-08T08:59:53.0000000Z;4.679;4.6855;21369;21369
2026-06-08T09:00:13.0000000Z;4.679;4.685;21369;21369
2026-06-08T09:00:15.0000000Z;4.679;4.6845;21369;21369
2026-06-08T09:00:18.0000000Z;4.679;4.685;21369;21369
2026-06-08T09:00:37.0000000Z;4.679;4.6855;21369;21369
2026-06-08T09:00:40.0000000Z;4.679;4.6845;21369;21369
2026-06-08T09:00:41.0000000Z;4.679;4.685;21369;21369
2026-06-08T09:00:46.0000000Z;4.679;4.684;21369;21369
2026-06-08T09:01:07.0000000Z;4.679;4.6845;21369;21369
2026-06-08T09:01:21.0000000Z;4.679;4.6835;21369;21369
2026-06-08T09:01:43.0000000Z;4.679;4.6825;21369;21369
2026-06-08T09:01:44.0000000Z;4.675;4.6825;21369;21369
2026-06-08T09:01:53.0000000Z;4.675;4.683;21369;21369
2026-06-08T09:01:58.0000000Z;4.675;4.6835;21369;21369
2026-06-08T09:02:14.0000000Z;4.675;4.684;21369;21369
2026-06-08T09:02:29.0000000Z;4.675;4.6845;21369;21369
2026-06-08T09:02:41.0000000Z;4.675;4.6835;21369;21369
2026-06-08T09:02:52.0000000Z;4.675;4.684;21369;21369
2026-06-08T09:03:00.0000000Z;4.675;4.683;21369;21369
2026-06-08T09:03:18.0000000Z;4.675;4.682;21369;21369
2026-06-08T09:03:27.0000000Z;4.675;4.683;21369;21369
2026-06-08T09:03:45.0000000Z;4.675;4.6835;21369;21369
2026-06-08T09:03:47.0000000Z;4.675;4.6825;21369;21369
2026-06-08T09:03:58.0000000Z;4.675;4.683;21369;21369
2026-06-08T09:04:28.0000000Z;4.675;4.682;21369;21369
2026-06-08T09:04:38.0000000Z;4.675;4.6825;21369;21369
2026-06-08T09:04:51.0000000Z;4.675;4.683;21369;21369
2026-06-08T09:05:12.0000000Z;4.675;4.6835;21369;21369
2026-06-08T09:05:27.0000000Z;4.675;4.684;21369;21369
2026-06-08T09:05:33.0000000Z;4.675;4.6845;21369;21369
2026-06-08T09:05:43.0000000Z;4.675;4.685;21369;21369
2026-06-08T09:05:52.0000000Z;4.675;4.6855;21369;21369
2026-06-08T09:06:21.0000000Z;4.675;4.686;21369;21369
2026-06-08T09:06:34.0000000Z;4.679;4.686;21369;21369
2026-06-08T09:07:00.0000000Z;4.679;4.6865;21369;21369
2026-06-08T09:07:02.0000000Z;4.679;4.6925;21369;21369
2026-06-08T09:07:33.0000000Z;4.679;4.6925;21369;21369
2026-06-08T09:08:03.0000000Z;4.679;4.6925;21369;21369
2026-06-08T09:08:34.0000000Z;4.679;4.6925;21369;21369
2026-06-08T09:09:04.0000000Z;4.679;4.6925;21369;21369
2026-06-08T09:09:35.0000000Z;4.679;4.6925;21369;21369
2026-06-08T09:09:58.0000000Z;4.683;4.6925;21369;21369
2026-06-08T09:09:59.0000000Z;4.683;4.6965;21369;21369
2026-06-08T09:10:01.0000000Z;4.683;4.696;21369;21369
2026-06-08T09:10:07.0000000Z;4.683;4.695;21369;21369
2026-06-08T09:10:21.0000000Z;4.683;4.694;21369;21369
2026-06-08T09:10:32.0000000Z;4.683;4.693;21369;21369
2026-06-08T09:11:03.0000000Z;4.683;4.693;21369;21369
2026-06-08T09:11:33.0000000Z;4.683;4.693;21369;21369
2026-06-08T09:11:43.0000000Z;4.683;4.692;21369;21369
2026-06-08T09:12:13.0000000Z;4.683;4.692;21369;21369
2026-06-08T09:12:29.0000000Z;4.683;4.693;21369;21369
2026-06-08T09:12:34.0000000Z;4.683;4.692;21369;21369
2026-06-08T09:12:52.0000000Z;4.679;4.692;21369;21369
2026-06-08T09:13:22.0000000Z;4.679;4.692;21369;21369
2026-06-08T09:13:31.0000000Z;4.679;4.691;21369;21369
2026-06-08T09:13:41.0000000Z;4.679;4.69;21369;21369
2026-06-08T09:13:48.0000000Z;4.679;4.6895;21369;21369
2026-06-08T09:14:18.0000000Z;4.679;4.6895;21369;21369
2026-06-08T09:14:49.0000000Z;4.679;4.6895;21369;21369
2026-06-08T09:15:19.0000000Z;4.679;4.6895;21369;21369
2026-06-08T09:15:50.0000000Z;4.679;4.6895;21369;21369
2026-06-08T09:16:20.0000000Z;4.679;4.6895;21369;21369
2026-06-08T09:16:51.0000000Z;4.679;4.6895;21369;21369
2026-06-08T09:17:02.0000000Z;4.679;4.6885;21369;21369
2026-06-08T09:17:15.0000000Z;4.679;4.6895;21369;21369
2026-06-08T09:17:30.0000000Z;4.679;4.6885;21369;21369
2026-06-08T09:17:42.0000000Z;4.679;4.6895;21369;21369
2026-06-08T09:17:54.0000000Z;4.679;4.6885;21369;21369
2026-06-08T09:18:05.0000000Z;4.679;4.6895;21369;21369
2026-06-08T09:18:26.0000000Z;4.679;4.6885;21369;21369
2026-06-08T09:18:36.0000000Z;4.679;4.6895;21369;21369
2026-06-08T09:19:06.0000000Z;4.679;4.6895;21369;21369
2026-06-08T09:19:37.0000000Z;4.679;4.6895;21369;21369
2026-06-08T09:20:08.0000000Z;4.679;4.6895;21369;21369
2026-06-08T09:20:38.0000000Z;4.679;4.6895;21369;21369
2026-06-08T09:20:47.0000000Z;4.679;4.6885;21369;21369
2026-06-08T09:20:54.0000000Z;4.675;4.6875;21369;21369
2026-06-08T09:21:04.0000000Z;4.675;4.6895;21369;21369
2026-06-08T09:21:05.0000000Z;4.675;4.6885;21369;21369
2026-06-08T09:21:06.0000000Z;4.675;4.6865;21369;21369
2026-06-08T09:21:36.0000000Z;4.675;4.6865;21369;21369
2026-06-08T09:22:07.0000000Z;4.675;4.6865;21369;21369
2026-06-08T09:22:37.0000000Z;4.675;4.6865;21369;21369
2026-06-08T09:23:08.0000000Z;4.675;4.6865;21369;21369
2026-06-08T09:23:38.0000000Z;4.675;4.6865;21369;21369
2026-06-08T09:24:09.0000000Z;4.675;4.6865;21369;21369
2026-06-08T09:24:39.0000000Z;4.675;4.6865;21369;21369
2026-06-08T09:25:10.0000000Z;4.675;4.6865;21369;21369
2026-06-08T09:25:41.0000000Z;4.675;4.6865;21369;21369
2026-06-08T09:26:11.0000000Z;4.675;4.6865;21369;21369
2026-06-08T09:26:42.0000000Z;4.675;4.6865;21369;21369
2026-06-08T09:27:12.0000000Z;4.675;4.6865;21369;21369
2026-06-08T09:27:43.0000000Z;4.675;4.6865;21369;21369
2026-06-08T09:28:13.0000000Z;4.675;4.6865;21369;21369
2026-06-08T09:28:20.0000000Z;4.675;4.6855;21369;21369
2026-06-08T09:28:30.0000000Z;4.675;4.686;21369;21369
2026-06-08T09:28:32.0000000Z;4.679;4.686;21369;21369
2026-06-08T09:28:33.0000000Z;4.679;4.6865;21369;21369
2026-06-08T09:29:03.0000000Z;4.679;4.6855;21369;21369
2026-06-08T09:29:34.0000000Z;4.679;4.6855;21369;21369
2026-06-08T09:29:38.0000000Z;4.679;4.686;21369;21369
2026-06-08T09:29:39.0000000Z;4.679;4.6855;21369;21369
2026-06-08T09:29:55.0000000Z;4.679;4.686;21369;21369
2026-06-08T09:30:25.0000000Z;4.679;4.686;21369;21369
2026-06-08T09:30:33.0000000Z;4.679;4.685;21369;21369
2026-06-08T09:30:43.0000000Z;4.679;4.6855;21369;21369
2026-06-08T09:30:59.0000000Z;4.679;4.686;21369;21369
2026-06-08T09:31:04.0000000Z;4.679;4.6865;21369;21369
2026-06-08T09:31:35.0000000Z;4.679;4.6865;21369;21369
2026-06-08T09:31:58.0000000Z;4.679;4.687;21369;21369
2026-06-08T09:32:21.0000000Z;4.679;4.6875;21369;21369
2026-06-08T09:32:51.0000000Z;4.679;4.6865;21369;21369
2026-06-08T09:32:54.0000000Z;4.679;4.6855;21369;21369
2026-06-08T09:33:08.0000000Z;4.679;4.686;21369;21369
2026-06-08T09:33:17.0000000Z;4.679;4.6865;21369;21369
2026-06-08T09:33:25.0000000Z;4.679;4.687;21369;21369
2026-06-08T09:33:46.0000000Z;4.679;4.686;21369;21369
2026-06-08T09:33:57.0000000Z;4.679;4.687;21369;21369
2026-06-08T09:34:08.0000000Z;4.679;4.688;21369;21369
2026-06-08T09:34:15.0000000Z;4.679;4.6875;21369;21369
2026-06-08T09:34:25.0000000Z;4.679;4.688;21369;21369
2026-06-08T09:34:56.0000000Z;4.679;4.688;21369;21369
2026-06-08T09:35:13.0000000Z;4.679;4.6885;21369;21369
2026-06-08T09:35:16.0000000Z;4.679;4.6875;21369;21369
2026-06-08T09:35:30.0000000Z;4.679;4.688;21369;21369
2026-06-08T09:35:35.0000000Z;4.679;4.6885;21369;21369
2026-06-08T09:35:45.0000000Z;4.679;4.689;21369;21369
2026-06-08T09:35:56.0000000Z;4.679;4.6895;21369;21369
2026-06-08T09:36:24.0000000Z;4.679;4.6885;21369;21369
2026-06-08T09:36:36.0000000Z;4.679;4.6875;21369;21369
2026-06-08T09:36:41.0000000Z;4.679;4.684;21369;21369
2026-06-08T09:36:42.0000000Z;4.675;4.684;21369;21369
2026-06-08T09:36:51.0000000Z;4.671;4.685;21369;21369
2026-06-08T09:36:54.0000000Z;4.675;4.685;21369;21369
2026-06-08T09:37:13.0000000Z;4.6755;4.685;21369;21369
2026-06-08T09:37:16.0000000Z;4.6755;4.6835;21369;21369
2026-06-08T09:37:19.0000000Z;4.6755;4.682;21369;21369
2026-06-08T09:37:22.0000000Z;4.6755;4.681;21369;21369
2026-06-08T09:37:25.0000000Z;4.675;4.6805;21369;21369
2026-06-08T09:37:31.0000000Z;4.675;4.6855;21369;21369
2026-06-08T09:37:33.0000000Z;4.675;4.686;21369;21369
2026-06-08T09:37:57.0000000Z;4.6755;4.6855;21369;21369
2026-06-08T09:38:00.0000000Z;4.675;4.6855;21369;21369
2026-06-08T09:38:01.0000000Z;4.6755;4.6855;21369;21369
2026-06-08T09:38:31.0000000Z;4.6755;4.6855;21369;21369
2026-06-08T09:39:00.0000000Z;4.6755;4.684;21369;21369
2026-06-08T09:39:07.0000000Z;4.6755;4.684;21369;21369
2026-06-08T09:39:11.0000000Z;4.6755;4.682;21369;21369
2026-06-08T09:39:14.0000000Z;4.6755;4.681;21369;21369
2026-06-08T09:39:19.0000000Z;4.6755;4.68;21369;21369
2026-06-08T09:39:23.0000000Z;4.6755;4.681;21369;21369
2026-06-08T09:39:46.0000000Z;4.6755;4.6815;21369;21369
2026-06-08T09:39:47.0000000Z;4.6755;4.682;21369;21369
2026-06-08T09:40:17.0000000Z;4.6755;4.682;21369;21369
2026-06-08T09:40:19.0000000Z;4.6755;4.6825;21369;21369
2026-06-08T09:40:26.0000000Z;4.6755;4.683;21369;21369
2026-06-08T09:40:30.0000000Z;4.6755;4.682;21369;21369
2026-06-08T09:40:52.0000000Z;4.6755;4.6815;21369;21369
2026-06-08T09:41:01.0000000Z;4.6755;4.6825;21369;21369
2026-06-08T09:41:13.0000000Z;4.6755;4.683;21369;21369
2026-06-08T09:41:21.0000000Z;4.6755;4.6835;21369;21369
2026-06-08T09:41:47.0000000Z;4.6755;4.684;21369;21369
2026-06-08T09:42:13.0000000Z;4.6755;4.683;21369;21369
2026-06-08T09:42:24.0000000Z;4.6755;4.6835;21369;21369
2026-06-08T09:42:32.0000000Z;4.6755;4.6825;21369;21369
2026-06-08T09:42:45.0000000Z;4.6755;4.6815;21369;21369
2026-06-08T09:42:55.0000000Z;4.6755;4.6805;21369;21369
2026-06-08T09:43:05.0000000Z;4.6755;4.681;21369;21369
2026-06-08T09:43:36.0000000Z;4.6755;4.681;21369;21369
2026-06-08T09:43:51.0000000Z;4.6755;4.68;21369;21369
2026-06-08T09:44:01.0000000Z;4.6755;4.6805;21369;21369
2026-06-08T09:44:32.0000000Z;4.6755;4.6805;21369;21369
2026-06-08T09:45:02.0000000Z;4.6755;4.6805;21369;21369
2026-06-08T09:45:03.0000000Z;4.6755;4.681;21369;21369
2026-06-08T09:45:33.0000000Z;4.6755;4.681;21369;21369
2026-06-08T09:45:36.0000000Z;4.6755;4.68;21369;21369
2026-06-08T09:45:46.0000000Z;4.675;4.68;21369;21369
2026-06-08T09:45:47.0000000Z;4.675;4.679;21369;21369
2026-06-08T09:46:05.0000000Z;4.6715;4.679;21369;21369
2026-06-08T09:46:36.0000000Z;4.6715;4.679;21369;21369
2026-06-08T09:47:06.0000000Z;4.6715;4.679;21369;21369
2026-06-08T09:47:37.0000000Z;4.6715;4.679;21369;21369
2026-06-08T09:47:53.0000000Z;4.6715;4.678;21369;21369
2026-06-08T09:48:03.0000000Z;4.6715;4.6785;21369;21369
2026-06-08T09:48:22.0000000Z;4.671;4.679;21369;21369
2026-06-08T09:48:27.0000000Z;4.671;4.6785;21369;21369
2026-06-08T09:48:29.0000000Z;4.6715;4.678;21369;21369
2026-06-08T09:48:36.0000000Z;4.671;4.679;21369;21369
2026-06-08T09:48:37.0000000Z;4.6715;4.6785;21369;21369
2026-06-08T09:48:52.0000000Z;4.6715;4.6775;21369;21369
2026-06-08T09:49:22.0000000Z;4.6715;4.6775;21369;21369
2026-06-08T09:49:29.0000000Z;4.6715;4.678;21369;21369
2026-06-08T09:50:00.0000000Z;4.6715;4.678;21369;21369
2026-06-08T09:50:17.0000000Z;4.6715;4.6785;21369;21369
2026-06-08T09:50:37.0000000Z;4.6715;4.6775;21369;21369
2026-06-08T09:50:49.0000000Z;4.6715;4.678;21369;21369
2026-06-08T09:51:03.0000000Z;4.6715;4.6785;21369;21369
2026-06-08T09:51:12.0000000Z;4.6715;4.679;21369;21369
2026-06-08T09:51:30.0000000Z;4.6715;4.678;21369;21369
2026-06-08T09:51:41.0000000Z;4.6715;4.679;21369;21369
2026-06-08T09:51:49.0000000Z;4.6715;4.678;21369;21369
2026-06-08T09:52:02.0000000Z;4.6715;4.677;21369;21369
2026-06-08T09:52:22.0000000Z;4.6715;4.676;21369;21369
2026-06-08T09:52:31.0000000Z;4.6715;4.677;21369;21369
2026-06-08T09:52:41.0000000Z;4.6715;4.6775;21369;21369
2026-06-08T09:52:52.0000000Z;4.6715;4.6785;21369;21369
2026-06-08T09:53:08.0000000Z;4.6715;4.679;21369;21369
2026-06-08T09:53:17.0000000Z;4.6715;4.678;21369;21369
2026-06-08T09:53:27.0000000Z;4.6715;4.6785;21369;21369
2026-06-08T09:53:57.0000000Z;4.6715;4.6775;21369;21369
2026-06-08T09:54:07.0000000Z;4.6715;4.678;21369;21369
2026-06-08T09:54:18.0000000Z;4.6715;4.677;21369;21369
2026-06-08T09:54:28.0000000Z;4.6715;4.6775;21369;21369
2026-06-08T09:54:38.0000000Z;4.6715;4.678;21369;21369
2026-06-08T09:54:40.0000000Z;4.6715;4.677;21369;21369
2026-06-08T09:54:50.0000000Z;4.6715;4.6775;21369;21369
2026-06-08T09:55:17.0000000Z;4.6715;4.6765;21369;21369
2026-06-08T09:55:32.0000000Z;4.6715;4.677;21369;21369
2026-06-08T09:55:51.0000000Z;4.6715;4.676;21369;21369
2026-06-08T09:56:12.0000000Z;4.671;4.676;21369;21369
2026-06-08T09:56:15.0000000Z;4.6715;4.676;21369;21369
2026-06-08T09:56:45.0000000Z;4.6715;4.676;21369;21369
2026-06-08T09:57:06.0000000Z;4.6715;4.6765;21369;21369
2026-06-08T09:57:12.0000000Z;4.6715;4.6755;21369;21369
2026-06-08T09:57:23.0000000Z;4.6715;4.676;21369;21369
2026-06-08T09:57:31.0000000Z;4.671;4.676;21369;21369
2026-06-08T09:57:41.0000000Z;4.6715;4.676;21369;21369
2026-06-08T09:57:44.0000000Z;4.671;4.676;21369;21369
2026-06-08T09:57:48.0000000Z;4.6715;4.676;21369;21369
2026-06-08T09:58:03.0000000Z;4.6715;4.6765;21369;21369
2026-06-08T09:58:25.0000000Z;4.671;4.6755;21369;21369
2026-06-08T09:58:41.0000000Z;4.6675;4.6755;21369;21369
2026-06-08T09:59:11.0000000Z;4.6675;4.676;21369;21369
2026-06-08T09:59:36.0000000Z;4.6675;4.675;21369;21369
2026-06-08T09:59:46.0000000Z;4.6675;4.6755;21369;21369
2026-06-08T10:00:17.0000000Z;4.6675;4.676;21369;21369
2026-06-08T10:00:26.0000000Z;4.6675;4.6765;21369;21369
2026-06-08T10:00:37.0000000Z;4.6675;4.677;21369;21369
2026-06-08T10:00:51.0000000Z;4.667;4.677;21369;21369
2026-06-08T10:00:52.0000000Z;4.667;4.6775;21369;21369
2026-06-08T10:00:56.0000000Z;4.667;4.6815;21369;21369
2026-06-08T10:01:26.0000000Z;4.667;4.6815;21369;21369
2026-06-08T10:01:57.0000000Z;4.667;4.6815;21369;21369
2026-06-08T10:02:00.0000000Z;4.671;4.6815;21369;21369
2026-06-08T10:02:04.0000000Z;4.671;4.6845;21369;21369
2026-06-08T10:02:09.0000000Z;4.675;4.6845;21369;21369
2026-06-08T10:02:13.0000000Z;4.675;4.6835;21369;21369
2026-06-08T10:02:32.0000000Z;4.671;4.6835;21369;21369
2026-06-08T10:03:02.0000000Z;4.671;4.6835;21369;21369
2026-06-08T10:03:32.0000000Z;4.671;4.6835;21369;21369
2026-06-08T10:03:44.0000000Z;4.671;4.6805;21369;21369
2026-06-08T10:04:08.0000000Z;4.671;4.6835;21369;21369
2026-06-08T10:04:09.0000000Z;4.6715;4.683;21369;21369
2026-06-08T10:04:18.0000000Z;4.6715;4.6805;21369;21369
2026-06-08T10:04:24.0000000Z;4.6715;4.679;21369;21369
2026-06-08T10:04:31.0000000Z;4.6715;4.678;21369;21369
2026-06-08T10:04:53.0000000Z;4.6715;4.6785;21369;21369
2026-06-08T10:05:14.0000000Z;4.6715;4.6775;21369;21369
2026-06-08T10:05:25.0000000Z;4.6715;4.678;21369;21369
2026-06-08T10:05:31.0000000Z;4.6715;4.677;21369;21369
2026-06-08T10:05:41.0000000Z;4.6715;4.6775;21369;21369
2026-06-08T10:05:45.0000000Z;4.6715;4.678;21369;21369
2026-06-08T10:05:54.0000000Z;4.6715;4.6785;21369;21369
2026-06-08T10:06:12.0000000Z;4.6715;4.6775;21369;21369
2026-06-08T10:06:23.0000000Z;4.6715;4.6765;21369;21369
2026-06-08T10:06:39.0000000Z;4.6715;4.6755;21369;21369
2026-06-08T10:06:42.0000000Z;4.671;4.6755;21369;21369
2026-06-08T10:06:52.0000000Z;4.671;4.6745;21369;21369
2026-06-08T10:06:53.0000000Z;4.6675;4.6745;21369;21369
2026-06-08T10:07:23.0000000Z;4.6675;4.6745;21369;21369
2026-06-08T10:07:43.0000000Z;4.6675;4.675;21369;21369
2026-06-08T10:08:01.0000000Z;4.6675;4.674;21369;21369
2026-06-08T10:08:29.0000000Z;4.6675;4.6745;21369;21369
2026-06-08T10:08:45.0000000Z;4.6675;4.675;21369;21369
2026-06-08T10:08:48.0000000Z;4.667;4.6755;21369;21369
2026-06-08T10:08:49.0000000Z;4.667;4.675;21369;21369
2026-06-08T10:08:54.0000000Z;4.667;4.6755;21369;21369
2026-06-08T10:08:56.0000000Z;4.667;4.6795;21369;21369
2026-06-08T10:09:27.0000000Z;4.667;4.6795;21369;21369
2026-06-08T10:09:57.0000000Z;4.667;4.6795;21369;21369
2026-06-08T10:10:14.0000000Z;4.6675;4.679;21369;21369
2026-06-08T10:10:21.0000000Z;4.6675;4.677;21369;21369
2026-06-08T10:10:29.0000000Z;4.6675;4.6755;21369;21369
2026-06-08T10:10:36.0000000Z;4.6675;4.6745;21369;21369
2026-06-08T10:10:45.0000000Z;4.6675;4.6735;21369;21369
2026-06-08T10:10:56.0000000Z;4.6675;4.6745;21369;21369
2026-06-08T10:11:27.0000000Z;4.6675;4.6745;21369;21369
2026-06-08T10:11:57.0000000Z;4.6675;4.6745;21369;21369
2026-06-08T10:12:02.0000000Z;4.6675;4.675;21369;21369
2026-06-08T10:12:09.0000000Z;4.6675;4.674;21369;21369
2026-06-08T10:12:32.0000000Z;4.6675;4.6745;21369;21369
2026-06-08T10:13:02.0000000Z;4.6675;4.6745;21369;21369
2026-06-08T10:13:33.0000000Z;4.6675;4.6745;21369;21369
2026-06-08T10:13:57.0000000Z;4.6675;4.675;21369;21369
2026-06-08T10:14:16.0000000Z;4.6675;4.6755;21369;21369
2026-06-08T10:14:37.0000000Z;4.6675;4.6755;21369;21369
2026-06-08T10:15:02.0000000Z;4.6675;4.6745;21369;21369
2026-06-08T10:15:13.0000000Z;4.6675;4.675;21369;21369
2026-06-08T10:15:43.0000000Z;4.6675;4.675;21369;21369
2026-06-08T10:15:44.0000000Z;4.6675;4.6755;21369;21369
2026-06-08T10:15:45.0000000Z;4.6675;4.6745;21369;21369
2026-06-08T10:15:55.0000000Z;4.6675;4.675;21369;21369
2026-06-08T10:16:05.0000000Z;4.6675;4.6755;21369;21369
2026-06-08T10:16:33.0000000Z;4.6675;4.676;21369;21369
2026-06-08T10:16:46.0000000Z;4.6675;4.6765;21369;21369
2026-06-08T10:16:56.0000000Z;4.6675;4.677;21369;21369
2026-06-08T10:17:05.0000000Z;4.6675;4.6775;21369;21369
2026-06-08T10:17:09.0000000Z;4.6715;4.6775;21369;21369
2026-06-08T10:17:11.0000000Z;4.6715;4.6785;21369;21369
2026-06-08T10:17:21.0000000Z;4.6715;4.679;21369;21369
2026-06-08T10:17:52.0000000Z;4.6715;4.679;21369;21369
2026-06-08T10:18:02.0000000Z;4.6715;4.678;21369;21369
2026-06-08T10:18:12.0000000Z;4.6715;4.6785;21369;21369
2026-06-08T10:18:42.0000000Z;4.6715;4.6785;21369;21369
2026-06-08T10:19:08.0000000Z;4.6715;4.6775;21369;21369
2026-06-08T10:19:25.0000000Z;4.6715;4.678;21369;21369
2026-06-08T10:19:45.0000000Z;4.6715;4.6785;21369;21369
2026-06-08T10:19:56.0000000Z;4.6715;4.679;21369;21369
2026-06-08T10:20:12.0000000Z;4.6715;4.6795;21369;21369
2026-06-08T10:20:42.0000000Z;4.6715;4.6795;21369;21369
2026-06-08T10:20:56.0000000Z;4.6715;4.6785;21369;21369
2026-06-08T10:21:26.0000000Z;4.6715;4.6785;21369;21369
2026-06-08T10:21:57.0000000Z;4.6715;4.6785;21369;21369
2026-06-08T10:22:23.0000000Z;4.6715;4.6775;21369;21369
2026-06-08T10:22:34.0000000Z;4.6715;4.678;21369;21369
2026-06-08T10:22:43.0000000Z;4.6715;4.679;21369;21369
2026-06-08T10:22:49.0000000Z;4.6725;4.679;21369;21369
2026-06-08T10:22:50.0000000Z;4.6725;4.685;21369;21369
2026-06-08T10:22:52.0000000Z;4.673;4.6795;21369;21369
2026-06-08T10:23:23.0000000Z;4.673;4.6795;21369;21369
2026-06-08T10:23:38.0000000Z;4.673;4.68;21369;21369
2026-06-08T10:23:47.0000000Z;4.673;4.679;21369;21369
2026-06-08T10:24:13.0000000Z;4.6725;4.6785;21369;21369
2026-06-08T10:24:15.0000000Z;4.673;4.678;21369;21369
2026-06-08T10:24:26.0000000Z;4.673;4.6785;21369;21369
2026-06-08T10:24:31.0000000Z;4.673;4.6775;21369;21369
2026-06-08T10:24:39.0000000Z;4.673;4.678;21369;21369
2026-06-08T10:24:42.0000000Z;4.6725;4.6785;21369;21369
2026-06-08T10:24:43.0000000Z;4.6725;4.679;21369;21369
2026-06-08T10:24:44.0000000Z;4.6725;4.6825;21369;21369
2026-06-08T10:25:14.0000000Z;4.6725;4.6825;21369;21369
2026-06-08T10:25:45.0000000Z;4.6725;4.6825;21369;21369
2026-06-08T10:26:15.0000000Z;4.6725;4.6825;21369;21369
2026-06-08T10:26:46.0000000Z;4.6725;4.6825;21369;21369
2026-06-08T10:27:16.0000000Z;4.6725;4.6825;21369;21369
2026-06-08T10:27:32.0000000Z;4.673;4.682;21369;21369
2026-06-08T10:27:34.0000000Z;4.673;4.6805;21369;21369
2026-06-08T10:27:43.0000000Z;4.673;4.6795;21369;21369
2026-06-08T10:28:08.0000000Z;4.673;4.68;21369;21369
2026-06-08T10:28:23.0000000Z;4.673;4.679;21369;21369
2026-06-08T10:28:53.0000000Z;4.673;4.679;21369;21369
2026-06-08T10:29:20.0000000Z;4.673;4.678;21369;21369
2026-06-08T10:29:46.0000000Z;4.673;4.677;21369;21369
2026-06-08T10:29:59.0000000Z;4.673;4.6775;21369;21369
2026-06-08T10:30:26.0000000Z;4.673;4.6775;21369;21369
2026-06-08T10:30:29.0000000Z;4.673;4.678;21369;21369
2026-06-08T10:31:00.0000000Z;4.673;4.678;21369;21369
2026-06-08T10:31:05.0000000Z;4.673;4.6785;21369;21369
2026-06-08T10:31:12.0000000Z;4.673;4.6775;21369;21369
2026-06-08T10:31:18.0000000Z;4.673;4.678;21369;21369
2026-06-08T10:31:29.0000000Z;4.673;4.6785;21369;21369
2026-06-08T10:31:59.0000000Z;4.673;4.6785;21369;21369
2026-06-08T10:32:20.0000000Z;4.673;4.6775;21369;21369
2026-06-08T10:32:42.0000000Z;4.673;4.6765;21369;21369
2026-06-08T10:32:54.0000000Z;4.673;4.677;21369;21369
2026-06-08T10:33:25.0000000Z;4.673;4.677;21369;21369
2026-06-08T10:33:31.0000000Z;4.673;4.676;21369;21369
2026-06-08T10:33:32.0000000Z;4.669;4.676;21369;21369
2026-06-08T10:33:42.0000000Z;4.669;4.675;21369;21369
2026-06-08T10:34:04.0000000Z;4.669;4.6755;21369;21369
2026-06-08T10:34:11.0000000Z;4.669;4.6745;21369;21369
2026-06-08T10:34:12.0000000Z;4.652;4.6745;21369;21369
2026-06-08T10:34:18.0000000Z;4.6595;4.6685;21369;21369
2026-06-08T10:34:25.0000000Z;4.6595;4.671;21369;21369
2026-06-08T10:34:26.0000000Z;4.6595;4.6685;21369;21369
2026-06-08T10:34:29.0000000Z;4.6595;4.6665;21369;21369
2026-06-08T10:34:30.0000000Z;4.659;4.6665;21369;21369
2026-06-08T10:34:34.0000000Z;4.6555;4.6855;21369;21369
2026-06-08T10:34:39.0000000Z;4.6555;4.6765;21369;21369
2026-06-08T10:34:42.0000000Z;4.6555;4.6725;21369;21369
2026-06-08T10:34:44.0000000Z;4.647;4.6725;21369;21369
2026-06-08T10:34:46.0000000Z;4.647;4.6715;21369;21369
2026-06-08T10:34:52.0000000Z;4.647;4.684;21369;21369
2026-06-08T10:35:00.0000000Z;4.647;4.678;21369;21369
2026-06-08T10:35:02.0000000Z;4.647;4.676;21369;21369
2026-06-08T10:35:09.0000000Z;4.6465;4.676;21369;21369
2026-06-08T10:35:14.0000000Z;4.6465;4.682;21369;21369
2026-06-08T10:35:15.0000000Z;4.6465;4.678;21369;21369
2026-06-08T10:35:28.0000000Z;4.647;4.678;21369;21369
2026-06-08T10:35:36.0000000Z;4.6465;4.678;21369;21369
2026-06-08T10:35:47.0000000Z;4.6465;4.685;21369;21369
2026-06-08T10:35:48.0000000Z;4.6465;4.676;21369;21369
2026-06-08T10:35:55.0000000Z;4.6465;4.683;21369;21369
2026-06-08T10:35:56.0000000Z;4.6465;4.677;21369;21369
2026-06-08T10:35:57.0000000Z;4.6465;4.676;21369;21369
2026-06-08T10:36:04.0000000Z;4.6465;4.6785;21369;21369
2026-06-08T10:36:08.0000000Z;4.65;4.6785;21369;21369
2026-06-08T10:36:33.0000000Z;4.657;4.6785;21369;21369
2026-06-08T10:37:04.0000000Z;4.657;4.6785;21369;21369
2026-06-08T10:37:34.0000000Z;4.657;4.6785;21369;21369
2026-06-08T10:37:39.0000000Z;4.657;4.679;21369;21369
2026-06-08T10:37:41.0000000Z;4.657;4.676;21369;21369
2026-06-08T10:37:54.0000000Z;4.657;4.677;21369;21369
2026-06-08T10:38:19.0000000Z;4.657;4.68;21369;21369
2026-06-08T10:38:26.0000000Z;4.657;4.677;21369;21369
2026-06-08T10:38:38.0000000Z;4.657;4.678;21369;21369
2026-06-08T10:38:39.0000000Z;4.657;4.677;21369;21369
2026-06-08T10:39:03.0000000Z;4.657;4.677;21369;21369
2026-06-08T10:39:34.0000000Z;4.657;4.677;21369;21369
2026-06-08T10:39:42.0000000Z;4.657;4.679;21369;21369
2026-06-08T10:40:12.0000000Z;4.657;4.679;21369;21369
2026-06-08T10:40:31.0000000Z;4.657;4.68;21369;21369
2026-06-08T10:41:01.0000000Z;4.657;4.68;21369;21369
2026-06-08T10:41:32.0000000Z;4.657;4.68;21369;21369
2026-06-08T10:42:02.0000000Z;4.657;4.68;21369;21369
2026-06-08T10:42:33.0000000Z;4.657;4.68;21369;21369
2026-06-08T10:43:04.0000000Z;4.657;4.68;21369;21369
2026-06-08T10:43:34.0000000Z;4.657;4.68;21369;21369
2026-06-08T10:44:05.0000000Z;4.657;4.68;21369;21369
2026-06-08T10:44:35.0000000Z;4.657;4.68;21369;21369
2026-06-08T10:45:06.0000000Z;4.657;4.68;21369;21369
2026-06-08T10:45:37.0000000Z;4.657;4.68;21369;21369
2026-06-08T10:46:07.0000000Z;4.657;4.68;21369;21369
2026-06-08T10:46:38.0000000Z;4.657;4.68;21369;21369
2026-06-08T10:47:08.0000000Z;4.657;4.68;21369;21369
2026-06-08T10:47:39.0000000Z;4.657;4.68;21369;21369
2026-06-08T10:48:09.0000000Z;4.657;4.68;21369;21369
2026-06-08T10:48:40.0000000Z;4.657;4.68;21369;21369
2026-06-08T10:48:43.0000000Z;4.657;4.677;21369;21369
2026-06-08T10:48:44.0000000Z;4.657;4.676;21369;21369
2026-06-08T10:48:54.0000000Z;4.657;4.675;21369;21369
2026-06-08T10:49:08.0000000Z;4.657;4.676;21369;21369
2026-06-08T10:49:10.0000000Z;4.657;4.675;21369;21369
2026-06-08T10:49:36.0000000Z;4.657;4.676;21369;21369
2026-06-08T10:50:01.0000000Z;4.657;4.677;21369;21369
2026-06-08T10:50:03.0000000Z;4.657;4.676;21369;21369
2026-06-08T10:50:16.0000000Z;4.657;4.677;21369;21369
2026-06-08T10:50:20.0000000Z;4.657;4.676;21369;21369
2026-06-08T10:50:32.0000000Z;4.657;4.677;21369;21369
2026-06-08T10:50:33.0000000Z;4.657;4.676;21369;21369
2026-06-08T10:50:46.0000000Z;4.657;4.677;21369;21369
2026-06-08T10:50:49.0000000Z;4.657;4.676;21369;21369
2026-06-08T10:51:14.0000000Z;4.657;4.677;21369;21369
2026-06-08T10:51:40.0000000Z;4.657;4.678;21369;21369
2026-06-08T10:51:42.0000000Z;4.657;4.677;21369;21369
2026-06-08T10:51:47.0000000Z;4.657;4.676;21369;21369
2026-06-08T10:52:13.0000000Z;4.657;4.677;21369;21369
2026-06-08T10:52:26.0000000Z;4.657;4.68;21369;21369
2026-06-08T10:52:57.0000000Z;4.657;4.68;21369;21369
2026-06-08T10:53:08.0000000Z;4.657;4.677;21369;21369
2026-06-08T10:53:09.0000000Z;4.657;4.675;21369;21369
2026-06-08T10:53:11.0000000Z;4.657;4.674;21369;21369
2026-06-08T10:53:23.0000000Z;4.657;4.6755;21369;21369
2026-06-08T10:53:24.0000000Z;4.657;4.675;21369;21369
2026-06-08T10:53:28.0000000Z;4.657;4.674;21369;21369
2026-06-08T10:53:41.0000000Z;4.657;4.674;21369;21369
2026-06-08T10:53:54.0000000Z;4.657;4.674;21369;21369
2026-06-08T10:54:07.0000000Z;4.657;4.675;21369;21369
2026-06-08T10:54:21.0000000Z;4.657;4.6755;21369;21369
2026-06-08T10:54:23.0000000Z;4.657;4.675;21369;21369
2026-06-08T10:54:36.0000000Z;4.657;4.675;21369;21369
2026-06-08T10:54:49.0000000Z;4.657;4.675;21369;21369
2026-06-08T10:55:02.0000000Z;4.657;4.675;21369;21369
2026-06-08T10:55:15.0000000Z;4.657;4.675;21369;21369
2026-06-08T10:55:33.0000000Z;4.658;4.675;21369;21369
2026-06-08T10:55:41.0000000Z;4.6585;4.676;21369;21369
2026-06-08T10:55:54.0000000Z;4.659;4.676;21369;21369
2026-06-08T10:56:07.0000000Z;4.658;4.676;21369;21369
2026-06-08T10:56:14.0000000Z;4.6585;4.676;21369;21369
2026-06-08T10:56:22.0000000Z;4.6595;4.676;21369;21369
2026-06-08T10:56:31.0000000Z;4.6595;4.677;21369;21369
2026-06-08T10:56:35.0000000Z;4.659;4.677;21369;21369
2026-06-08T10:56:36.0000000Z;4.66;4.677;21369;21369
2026-06-08T10:56:43.0000000Z;4.66;4.679;21369;21369
2026-06-08T10:56:45.0000000Z;4.6605;4.678;21369;21369
2026-06-08T10:56:57.0000000Z;4.66;4.679;21369;21369
2026-06-08T10:56:58.0000000Z;4.66;4.678;21369;21369
2026-06-08T10:57:03.0000000Z;4.66;4.677;21369;21369
2026-06-08T10:57:08.0000000Z;4.6605;4.677;21369;21369
2026-06-08T10:57:16.0000000Z;4.6605;4.678;21369;21369
2026-06-08T10:57:21.0000000Z;4.66;4.678;21369;21369
2026-06-08T10:57:41.0000000Z;4.6605;4.678;21369;21369
2026-06-08T10:57:53.0000000Z;4.6605;4.677;21369;21369
2026-06-08T10:57:54.0000000Z;4.659;4.677;21369;21369
2026-06-08T10:58:02.0000000Z;4.6595;4.677;21369;21369
2026-06-08T10:58:15.0000000Z;4.659;4.677;21369;21369
2026-06-08T10:58:19.0000000Z;4.659;4.676;21369;21369
2026-06-08T10:58:27.0000000Z;4.658;4.676;21369;21369
2026-06-08T10:58:29.0000000Z;4.659;4.676;21369;21369
2026-06-08T10:58:33.0000000Z;4.659;4.677;21369;21369
2026-06-08T10:58:36.0000000Z;4.6595;4.677;21369;21369
2026-06-08T10:58:37.0000000Z;4.6595;4.676;21369;21369
2026-06-08T10:58:49.0000000Z;4.657;4.676;21369;21369
2026-06-08T10:58:50.0000000Z;4.657;4.678;21369;21369
2026-06-08T10:59:03.0000000Z;4.657;4.68;21369;21369
2026-06-08T10:59:33.0000000Z;4.657;4.68;21369;21369
2026-06-08T10:59:40.0000000Z;4.657;4.677;21369;21369
2026-06-08T10:59:41.0000000Z;4.657;4.676;21369;21369
2026-06-08T10:59:42.0000000Z;4.657;4.675;21369;21369
2026-06-08T10:59:55.0000000Z;4.657;4.676;21369;21369
2026-06-08T11:00:09.0000000Z;4.657;4.677;21369;21369
2026-06-08T11:00:20.0000000Z;4.657;4.678;21369;21369
2026-06-08T11:00:23.0000000Z;4.657;4.677;21369;21369
2026-06-08T11:00:49.0000000Z;4.657;4.678;21369;21369
2026-06-08T11:01:13.0000000Z;4.657;4.679;21369;21369
2026-06-08T11:01:18.0000000Z;4.657;4.678;21369;21369
2026-06-08T11:01:32.0000000Z;4.657;4.679;21369;21369
2026-06-08T11:01:33.0000000Z;4.657;4.678;21369;21369
2026-06-08T11:01:46.0000000Z;4.657;4.679;21369;21369
2026-06-08T11:01:48.0000000Z;4.657;4.678;21369;21369
2026-06-08T11:02:19.0000000Z;4.657;4.678;21369;21369
2026-06-08T11:02:28.0000000Z;4.657;4.677;21369;21369
2026-06-08T11:02:42.0000000Z;4.657;4.678;21369;21369
2026-06-08T11:03:12.0000000Z;4.657;4.678;21369;21369
2026-06-08T11:03:21.0000000Z;4.657;4.677;21369;21369
2026-06-08T11:03:33.0000000Z;4.657;4.676;21369;21369
2026-06-08T11:03:45.0000000Z;4.657;4.678;21369;21369
2026-06-08T11:03:49.0000000Z;4.6645;4.678;21369;21369
2026-06-08T11:03:50.0000000Z;4.6645;4.6745;21369;21369
2026-06-08T11:03:57.0000000Z;4.6645;4.6735;21369;21369
2026-06-08T11:04:10.0000000Z;4.6645;4.6755;21369;21369
2026-06-08T11:04:19.0000000Z;4.6645;4.674;21369;21369
2026-06-08T11:04:31.0000000Z;4.6645;4.6735;21369;21369
2026-06-08T11:04:36.0000000Z;4.6645;4.674;21369;21369
2026-06-08T11:04:37.0000000Z;4.6645;4.6735;21369;21369
2026-06-08T11:04:38.0000000Z;4.6645;4.674;21369;21369
2026-06-08T11:04:40.0000000Z;4.6645;4.6735;21369;21369
2026-06-08T11:04:42.0000000Z;4.6645;4.6735;21369;21369
2026-06-08T11:05:13.0000000Z;4.6645;4.6735;21369;21369
2026-06-08T11:05:21.0000000Z;4.664;4.6735;21369;21369
2026-06-08T11:05:22.0000000Z;4.6645;4.6735;21369;21369
2026-06-08T11:05:53.0000000Z;4.6645;4.6735;21369;21369
2026-06-08T11:06:16.0000000Z;4.6645;4.674;21369;21369
2026-06-08T11:06:42.0000000Z;4.6645;4.6735;21369;21369
2026-06-08T11:06:48.0000000Z;4.6645;4.674;21369;21369
2026-06-08T11:07:03.0000000Z;4.6645;4.6735;21369;21369
2026-06-08T11:07:09.0000000Z;4.6645;4.6725;21369;21369
2026-06-08T11:07:27.0000000Z;4.664;4.6725;21369;21369
2026-06-08T11:07:28.0000000Z;4.6645;4.6725;21369;21369
2026-06-08T11:07:29.0000000Z;4.664;4.6725;21369;21369
2026-06-08T11:07:30.0000000Z;4.664;4.6725;21369;21369
2026-06-08T11:07:31.0000000Z;4.6645;4.6725;21369;21369
2026-06-08T11:07:38.0000000Z;4.664;4.6725;21369;21369
2026-06-08T11:07:45.0000000Z;4.6645;4.6725;21369;21369
2026-06-08T11:07:48.0000000Z;4.664;4.6725;21369;21369
2026-06-08T11:08:02.0000000Z;4.6645;4.6725;21369;21369
2026-06-08T11:08:05.0000000Z;4.664;4.672;21369;21369
2026-06-08T11:08:13.0000000Z;4.664;4.671;21369;21369
2026-06-08T11:08:22.0000000Z;4.664;4.673;21369;21369
2026-06-08T11:08:28.0000000Z;4.664;4.6715;21369;21369
2026-06-08T11:08:58.0000000Z;4.664;4.6715;21369;21369
2026-06-08T11:09:02.0000000Z;4.664;4.671;21369;21369
2026-06-08T11:09:09.0000000Z;4.664;4.6715;21369;21369
2026-06-08T11:09:10.0000000Z;4.664;4.671;21369;21369
2026-06-08T11:09:11.0000000Z;4.664;4.671;21369;21369
2026-06-08T11:09:40.0000000Z;4.664;4.671;21369;21369
2026-06-08T11:09:59.0000000Z;4.6605;4.671;21369;21369
2026-06-08T11:10:05.0000000Z;4.66;4.6715;21369;21369
2026-06-08T11:10:06.0000000Z;4.6605;4.671;21369;21369
2026-06-08T11:10:15.0000000Z;4.6605;4.6695;21369;21369
2026-06-08T11:10:36.0000000Z;4.6605;4.669;21369;21369
2026-06-08T11:10:39.0000000Z;4.66;4.669;21369;21369
2026-06-08T11:10:51.0000000Z;4.66;4.6695;21369;21369
2026-06-08T11:10:58.0000000Z;4.656;4.6645;21369;21369
2026-06-08T11:11:03.0000000Z;4.652;4.6615;21369;21369
2026-06-08T11:11:07.0000000Z;4.652;4.664;21369;21369
2026-06-08T11:11:22.0000000Z;4.652;4.6635;21369;21369
2026-06-08T11:11:27.0000000Z;4.652;4.6615;21369;21369
2026-06-08T11:11:32.0000000Z;4.652;4.664;21369;21369
2026-06-08T11:11:40.0000000Z;4.652;4.6615;21369;21369
2026-06-08T11:11:47.0000000Z;4.652;4.664;21369;21369
2026-06-08T11:12:17.0000000Z;4.652;4.664;21369;21369
2026-06-08T11:12:33.0000000Z;4.652;4.6635;21369;21369
2026-06-08T11:12:39.0000000Z;4.652;4.664;21369;21369
2026-06-08T11:12:40.0000000Z;4.652;4.6635;21369;21369
2026-06-08T11:12:41.0000000Z;4.652;4.664;21369;21369
2026-06-08T11:12:43.0000000Z;4.652;4.6635;21369;21369
2026-06-08T11:12:47.0000000Z;4.652;4.664;21369;21369
2026-06-08T11:12:51.0000000Z;4.652;4.6635;21369;21369
2026-06-08T11:12:52.0000000Z;4.652;4.6625;21369;21369
2026-06-08T11:12:56.0000000Z;4.652;4.6635;21369;21369
2026-06-08T11:13:01.0000000Z;4.652;4.664;21369;21369
2026-06-08T11:13:02.0000000Z;4.652;4.6635;21369;21369
2026-06-08T11:13:07.0000000Z;4.652;4.663;21369;21369
2026-06-08T11:13:10.0000000Z;4.652;4.6615;21369;21369
2026-06-08T11:13:32.0000000Z;4.652;4.664;21369;21369
2026-06-08T11:14:03.0000000Z;4.652;4.664;21369;21369
2026-06-08T11:14:06.0000000Z;4.652;4.663;21369;21369
2026-06-08T11:14:14.0000000Z;4.652;4.6615;21369;21369
2026-06-08T11:14:37.0000000Z;4.652;4.661;21369;21369
2026-06-08T11:14:43.0000000Z;4.652;4.659;21369;21369
2026-06-08T11:14:58.0000000Z;4.648;4.659;21369;21369
2026-06-08T11:15:00.0000000Z;4.648;4.6565;21369;21369
2026-06-08T11:15:03.0000000Z;4.648;4.654;21369;21369
2026-06-08T11:15:04.0000000Z;4.644;4.654;21369;21369
2026-06-08T11:15:17.0000000Z;4.639;4.6635;21369;21369
2026-06-08T11:15:18.0000000Z;4.6405;4.658;21369;21369
2026-06-08T11:15:33.0000000Z;4.6405;4.66;21369;21369
2026-06-08T11:15:40.0000000Z;4.6405;4.6665;21369;21369
2026-06-08T11:15:44.0000000Z;4.6405;4.6645;21369;21369
2026-06-08T11:15:46.0000000Z;4.6405;4.6565;21369;21369
2026-06-08T11:15:52.0000000Z;4.6405;4.6575;21369;21369
2026-06-08T11:15:53.0000000Z;4.6405;4.657;21369;21369
2026-06-08T11:16:00.0000000Z;4.6405;4.656;21369;21369
2026-06-08T11:16:05.0000000Z;4.6405;4.664;21369;21369
2026-06-08T11:16:08.0000000Z;4.6405;4.657;21369;21369
2026-06-08T11:16:15.0000000Z;4.6405;4.659;21369;21369
2026-06-08T11:16:20.0000000Z;4.6405;4.66;21369;21369
2026-06-08T11:16:23.0000000Z;4.6405;4.659;21369;21369
2026-06-08T11:16:35.0000000Z;4.6405;4.659;21369;21369
2026-06-08T11:16:41.0000000Z;4.6405;4.66;21369;21369
2026-06-08T11:16:44.0000000Z;4.6405;4.659;21369;21369
2026-06-08T11:16:50.0000000Z;4.6405;4.6605;21369;21369
2026-06-08T11:16:51.0000000Z;4.6405;4.659;21369;21369
2026-06-08T11:16:52.0000000Z;4.6405;4.658;21369;21369
2026-06-08T11:16:58.0000000Z;4.6405;4.6595;21369;21369
2026-06-08T11:17:03.0000000Z;4.6405;4.6605;21369;21369
2026-06-08T11:17:08.0000000Z;4.6405;4.6605;21369;21369
2026-06-08T11:17:26.0000000Z;4.6405;4.6665;21369;21369
2026-06-08T11:17:28.0000000Z;4.6405;4.66;21369;21369
2026-06-08T11:17:30.0000000Z;4.6405;4.6595;21369;21369
2026-06-08T11:17:39.0000000Z;4.6405;4.6605;21369;21369
2026-06-08T11:17:44.0000000Z;4.6405;4.6595;21369;21369
2026-06-08T11:17:50.0000000Z;4.6405;4.6605;21369;21369
2026-06-08T11:18:03.0000000Z;4.6405;4.6615;21369;21369
2026-06-08T11:18:04.0000000Z;4.6405;4.6605;21369;21369
2026-06-08T11:18:09.0000000Z;4.6405;4.6615;21369;21369
2026-06-08T11:18:21.0000000Z;4.6405;4.6665;21369;21369
2026-06-08T11:18:23.0000000Z;4.6405;4.6605;21369;21369
2026-06-08T11:18:24.0000000Z;4.6405;4.6595;21369;21369
2026-06-08T11:18:33.0000000Z;4.6405;4.661;21369;21369
2026-06-08T11:18:39.0000000Z;4.6405;4.659;21369;21369
2026-06-08T11:18:52.0000000Z;4.6405;4.665;21369;21369
2026-06-08T11:18:56.0000000Z;4.6405;4.661;21369;21369
2026-06-08T11:18:57.0000000Z;4.6405;4.658;21369;21369
2026-06-08T11:19:03.0000000Z;4.6405;4.6625;21369;21369
2026-06-08T11:19:09.0000000Z;4.6405;4.6635;21369;21369
2026-06-08T11:19:17.0000000Z;4.6405;4.6665;21369;21369
2026-06-08T11:19:40.0000000Z;4.6405;4.6655;21369;21369
2026-06-08T11:19:41.0000000Z;4.6405;4.6645;21369;21369
2026-06-08T11:19:45.0000000Z;4.6405;4.6635;21369;21369
2026-06-08T11:19:51.0000000Z;4.6405;4.6645;21369;21369
2026-06-08T11:19:55.0000000Z;4.6405;4.663;21369;21369
2026-06-08T11:20:01.0000000Z;4.6405;4.665;21369;21369
2026-06-08T11:20:04.0000000Z;4.6405;4.6625;21369;21369
2026-06-08T11:20:10.0000000Z;4.6405;4.662;21369;21369
2026-06-08T11:20:16.0000000Z;4.641;4.662;21369;21369
2026-06-08T11:20:21.0000000Z;4.641;4.665;21369;21369
2026-06-08T11:20:42.0000000Z;4.6405;4.665;21369;21369
2026-06-08T11:20:47.0000000Z;4.6415;4.665;21369;21369
2026-06-08T11:20:55.0000000Z;4.641;4.665;21369;21369
2026-06-08T11:20:56.0000000Z;4.642;4.665;21369;21369
2026-06-08T11:21:01.0000000Z;4.641;4.665;21369;21369
2026-06-08T11:21:09.0000000Z;4.6415;4.665;21369;21369
2026-06-08T11:21:16.0000000Z;4.641;4.665;21369;21369
2026-06-08T11:21:20.0000000Z;4.641;4.665;21369;21369
2026-06-08T11:21:29.0000000Z;4.6405;4.665;21369;21369
2026-06-08T11:21:56.0000000Z;4.6405;4.664;21369;21369
2026-06-08T11:21:58.0000000Z;4.6405;4.66;21369;21369
2026-06-08T11:21:59.0000000Z;4.634;4.66;21369;21369
2026-06-08T11:22:00.0000000Z;4.6355;4.66;21369;21369
2026-06-08T11:22:01.0000000Z;4.638;4.66;21369;21369
2026-06-08T11:22:10.0000000Z;4.6385;4.66;21369;21369
2026-06-08T11:22:11.0000000Z;4.639;4.66;21369;21369
2026-06-08T11:22:26.0000000Z;4.638;4.66;21369;21369
2026-06-08T11:22:34.0000000Z;4.634;4.66;21369;21369
2026-06-08T11:22:36.0000000Z;4.636;4.66;21369;21369
2026-06-08T11:22:37.0000000Z;4.639;4.66;21369;21369
2026-06-08T11:22:44.0000000Z;4.64;4.66;21369;21369
2026-06-08T11:22:50.0000000Z;4.639;4.66;21369;21369
2026-06-08T11:22:55.0000000Z;4.638;4.66;21369;21369
2026-06-08T11:23:10.0000000Z;4.634;4.66;21369;21369
2026-06-08T11:23:17.0000000Z;4.64;4.66;21369;21369
2026-06-08T11:23:25.0000000Z;4.6405;4.66;21369;21369
2026-06-08T11:23:40.0000000Z;4.64;4.66;21369;21369
2026-06-08T11:23:41.0000000Z;4.6415;4.66;21369;21369
2026-06-08T11:23:47.0000000Z;4.6415;4.664;21369;21369
2026-06-08T11:23:53.0000000Z;4.6425;4.664;21369;21369
2026-06-08T11:24:03.0000000Z;4.6415;4.664;21369;21369
2026-06-08T11:24:16.0000000Z;4.6395;4.664;21369;21369
2026-06-08T11:24:17.0000000Z;4.6405;4.664;21369;21369
2026-06-08T11:24:18.0000000Z;4.6415;4.664;21369;21369
2026-06-08T11:24:34.0000000Z;4.6425;4.664;21369;21369
2026-06-08T11:24:51.0000000Z;4.643;4.664;21369;21369
2026-06-08T11:24:52.0000000Z;4.6445;4.664;21369;21369
2026-06-08T11:25:03.0000000Z;4.6435;4.664;21369;21369
2026-06-08T11:25:14.0000000Z;4.6425;4.664;21369;21369
2026-06-08T11:25:28.0000000Z;4.6435;4.664;21369;21369
2026-06-08T11:25:31.0000000Z;4.6435;4.6635;21369;21369
2026-06-08T11:25:40.0000000Z;4.6425;4.6635;21369;21369
2026-06-08T11:25:41.0000000Z;4.6425;4.664;21369;21369
2026-06-08T11:25:51.0000000Z;4.6415;4.664;21369;21369
2026-06-08T11:25:52.0000000Z;4.6445;4.664;21369;21369
2026-06-08T11:25:56.0000000Z;4.6445;4.663;21369;21369
2026-06-08T11:26:01.0000000Z;4.6445;4.664;21369;21369
2026-06-08T11:26:03.0000000Z;4.6435;4.664;21369;21369
2026-06-08T11:26:14.0000000Z;4.6425;4.664;21369;21369
2026-06-08T11:26:29.0000000Z;4.644;4.663;21369;21369
2026-06-08T11:26:34.0000000Z;4.644;4.664;21369;21369
2026-06-08T11:26:35.0000000Z;4.644;4.663;21369;21369
2026-06-08T11:26:41.0000000Z;4.644;4.664;21369;21369
2026-06-08T11:26:47.0000000Z;4.644;4.662;21369;21369
2026-06-08T11:26:51.0000000Z;4.6405;4.661;21369;21369
2026-06-08T11:26:56.0000000Z;4.6405;4.662;21369;21369
2026-06-08T11:27:02.0000000Z;4.6415;4.662;21369;21369
2026-06-08T11:27:06.0000000Z;4.6415;4.6625;21369;21369
2026-06-08T11:27:11.0000000Z;4.6425;4.6625;21369;21369
2026-06-08T11:27:17.0000000Z;4.6425;4.663;21369;21369
2026-06-08T11:27:21.0000000Z;4.643;4.663;21369;21369
2026-06-08T11:27:30.0000000Z;4.643;4.6625;21369;21369
2026-06-08T11:27:31.0000000Z;4.6415;4.6625;21369;21369
2026-06-08T11:27:36.0000000Z;4.6415;4.663;21369;21369
2026-06-08T11:27:40.0000000Z;4.642;4.6625;21369;21369
2026-06-08T11:27:50.0000000Z;4.6405;4.662;21369;21369
2026-06-08T11:27:51.0000000Z;4.6415;4.662;21369;21369
2026-06-08T11:27:59.0000000Z;4.6415;4.6625;21369;21369
2026-06-08T11:28:05.0000000Z;4.6395;4.6625;21369;21369
2026-06-08T11:28:06.0000000Z;4.6415;4.662;21369;21369
2026-06-08T11:28:11.0000000Z;4.6415;4.6625;21369;21369
2026-06-08T11:28:16.0000000Z;4.642;4.6625;21369;21369
2026-06-08T11:28:17.0000000Z;4.6425;4.6625;21369;21369
2026-06-08T11:28:25.0000000Z;4.6435;4.6625;21369;21369
2026-06-08T11:28:37.0000000Z;4.6435;4.6625;21369;21369
2026-06-08T11:28:54.0000000Z;4.6435;4.662;21369;21369
2026-06-08T11:28:58.0000000Z;4.6425;4.662;21369;21369
2026-06-08T11:29:04.0000000Z;4.6425;4.6615;21369;21369
2026-06-08T11:29:08.0000000Z;4.6425;4.6605;21369;21369
2026-06-08T11:29:13.0000000Z;4.6425;4.661;21369;21369
2026-06-08T11:29:18.0000000Z;4.6415;4.661;21369;21369
2026-06-08T11:29:19.0000000Z;4.6415;4.6615;21369;21369
2026-06-08T11:29:20.0000000Z;4.6415;4.6605;21369;21369
2026-06-08T11:29:25.0000000Z;4.6415;4.66;21369;21369
2026-06-08T11:29:29.0000000Z;4.6385;4.66;21369;21369
2026-06-08T11:29:36.0000000Z;4.6385;4.659;21369;21369
2026-06-08T11:29:40.0000000Z;4.6385;4.6605;21369;21369
2026-06-08T11:29:41.0000000Z;4.6385;4.6595;21369;21369
2026-06-08T11:29:44.0000000Z;4.6385;4.659;21369;21369
2026-06-08T11:29:53.0000000Z;4.6385;4.6585;21369;21369
2026-06-08T11:30:09.0000000Z;4.6385;4.6575;21369;21369
2026-06-08T11:30:14.0000000Z;4.6385;4.657;21369;21369
2026-06-08T11:30:20.0000000Z;4.6385;4.6575;21369;21369
2026-06-08T11:30:21.0000000Z;4.6385;4.6555;21369;21369
2026-06-08T11:30:33.0000000Z;4.6385;4.6535;21369;21369
2026-06-08T11:30:45.0000000Z;4.6385;4.653;21369;21369
2026-06-08T11:30:54.0000000Z;4.6385;4.655;21369;21369
2026-06-08T11:30:55.0000000Z;4.6385;4.654;21369;21369
2026-06-08T11:31:09.0000000Z;4.6385;4.656;21369;21369
2026-06-08T11:31:10.0000000Z;4.6385;4.654;21369;21369
2026-06-08T11:31:27.0000000Z;4.6385;4.655;21369;21369
2026-06-08T11:31:28.0000000Z;4.6385;4.6535;21369;21369
2026-06-08T11:31:40.0000000Z;4.6355;4.6535;21369;21369
2026-06-08T11:31:41.0000000Z;4.636;4.652;21369;21369
2026-06-08T11:31:42.0000000Z;4.636;4.651;21369;21369
2026-06-08T11:31:50.0000000Z;4.636;4.6525;21369;21369
2026-06-08T11:31:51.0000000Z;4.636;4.652;21369;21369
2026-06-08T11:31:57.0000000Z;4.636;4.652;21369;21369
2026-06-08T11:32:01.0000000Z;4.637;4.652;21369;21369
2026-06-08T11:32:03.0000000Z;4.637;4.6525;21369;21369
2026-06-08T11:32:04.0000000Z;4.637;4.652;21369;21369
2026-06-08T11:32:21.0000000Z;4.637;4.653;21369;21369
2026-06-08T11:32:22.0000000Z;4.635;4.653;21369;21369
2026-06-08T11:32:23.0000000Z;4.636;4.653;21369;21369
2026-06-08T11:32:46.0000000Z;4.636;4.652;21369;21369
2026-06-08T11:32:59.0000000Z;4.636;4.653;21369;21369
2026-06-08T11:33:04.0000000Z;4.634;4.653;21369;21369
2026-06-08T11:33:06.0000000Z;4.636;4.653;21369;21369
2026-06-08T11:33:09.0000000Z;4.636;4.656;21369;21369
2026-06-08T11:33:10.0000000Z;4.636;4.652;21369;21369
2026-06-08T11:33:17.0000000Z;4.635;4.652;21369;21369
2026-06-08T11:33:18.0000000Z;4.636;4.652;21369;21369
2026-06-08T11:33:22.0000000Z;4.636;4.653;21369;21369
2026-06-08T11:33:30.0000000Z;4.634;4.653;21369;21369
2026-06-08T11:33:31.0000000Z;4.636;4.653;21369;21369
2026-06-08T11:33:45.0000000Z;4.636;4.6525;21369;21369
2026-06-08T11:33:56.0000000Z;4.636;4.653;21369;21369
2026-06-08T11:34:01.0000000Z;4.637;4.653;21369;21369
2026-06-08T11:34:11.0000000Z;4.636;4.653;21369;21369
2026-06-08T11:34:15.0000000Z;4.637;4.653;21369;21369
2026-06-08T11:34:24.0000000Z;4.637;4.654;21369;21369
2026-06-08T11:34:26.0000000Z;4.637;4.654;21369;21369
2026-06-08T11:34:45.0000000Z;4.637;4.652;21369;21369
2026-06-08T11:34:48.0000000Z;4.636;4.652;21369;21369
2026-06-08T11:34:53.0000000Z;4.637;4.652;21369;21369
2026-06-08T11:34:55.0000000Z;4.637;4.653;21369;21369
2026-06-08T11:35:07.0000000Z;4.637;4.654;21369;21369
2026-06-08T11:35:25.0000000Z;4.637;4.654;21369;21369
2026-06-08T11:35:30.0000000Z;4.638;4.654;21369;21369
2026-06-08T11:35:38.0000000Z;4.638;4.6545;21369;21369
2026-06-08T11:35:40.0000000Z;4.6365;4.6545;21369;21369
2026-06-08T11:35:41.0000000Z;4.638;4.6545;21369;21369
2026-06-08T11:35:54.0000000Z;4.638;4.654;21369;21369
2026-06-08T11:35:55.0000000Z;4.637;4.654;21369;21369
2026-06-08T11:35:59.0000000Z;4.637;4.652;21369;21369
2026-06-08T11:36:01.0000000Z;4.634;4.652;21369;21369
2026-06-08T11:36:02.0000000Z;4.636;4.652;21369;21369
2026-06-08T11:36:11.0000000Z;4.636;4.654;21369;21369
2026-06-08T11:36:12.0000000Z;4.636;4.652;21369;21369
2026-06-08T11:36:13.0000000Z;4.637;4.652;21369;21369
2026-06-08T11:36:23.0000000Z;4.637;4.6535;21369;21369
2026-06-08T11:36:24.0000000Z;4.636;4.6535;21369;21369
2026-06-08T11:36:29.0000000Z;4.637;4.6535;21369;21369
2026-06-08T11:36:33.0000000Z;4.637;4.655;21369;21369
2026-06-08T11:36:37.0000000Z;4.638;4.654;21369;21369
2026-06-08T11:36:45.0000000Z;4.6375;4.654;21369;21369
2026-06-08T11:36:46.0000000Z;4.638;4.654;21369;21369
2026-06-08T11:36:48.0000000Z;4.638;4.655;21369;21369
2026-06-08T11:36:50.0000000Z;4.638;4.653;21369;21369
2026-06-08T11:36:56.0000000Z;4.6365;4.653;21369;21369
2026-06-08T11:36:57.0000000Z;4.638;4.653;21369;21369
2026-06-08T11:37:00.0000000Z;4.638;4.654;21369;21369
2026-06-08T11:37:07.0000000Z;4.636;4.654;21369;21369
2026-06-08T11:37:09.0000000Z;4.638;4.654;21369;21369
2026-06-08T11:37:16.0000000Z;4.638;4.653;21369;21369
2026-06-08T11:37:19.0000000Z;4.6365;4.653;21369;21369
2026-06-08T11:37:20.0000000Z;4.637;4.653;21369;21369
2026-06-08T11:37:23.0000000Z;4.637;4.654;21369;21369
2026-06-08T11:37:24.0000000Z;4.637;4.653;21369;21369
2026-06-08T11:37:28.0000000Z;4.637;4.654;21369;21369
2026-06-08T11:37:31.0000000Z;4.637;4.654;21369;21369
2026-06-08T11:37:32.0000000Z;4.637;4.652;21369;21369
2026-06-08T11:37:41.0000000Z;4.636;4.652;21369;21369
2026-06-08T11:37:45.0000000Z;4.636;4.653;21369;21369
2026-06-08T11:37:51.0000000Z;4.636;4.653;21369;21369
2026-06-08T11:38:04.0000000Z;4.636;4.653;21369;21369
2026-06-08T11:38:10.0000000Z;4.636;4.652;21369;21369
2026-06-08T11:38:11.0000000Z;4.637;4.652;21369;21369
2026-06-08T11:38:22.0000000Z;4.636;4.652;21369;21369
2026-06-08T11:38:23.0000000Z;4.636;4.653;21369;21369
2026-06-08T11:38:26.0000000Z;4.637;4.653;21369;21369
2026-06-08T11:38:37.0000000Z;4.635;4.653;21369;21369
2026-06-08T11:38:38.0000000Z;4.637;4.653;21369;21369
2026-06-08T11:38:45.0000000Z;4.637;4.6545;21369;21369
2026-06-08T11:38:46.0000000Z;4.637;4.653;21369;21369
2026-06-08T11:38:49.0000000Z;4.6365;4.653;21369;21369
2026-06-08T11:38:50.0000000Z;4.637;4.653;21369;21369
2026-06-08T11:39:00.0000000Z;4.6355;4.6535;21369;21369
2026-06-08T11:39:01.0000000Z;4.637;4.652;21369;21369
2026-06-08T11:39:12.0000000Z;4.6335;4.6545;21369;21369
2026-06-08T11:39:14.0000000Z;4.6355;4.652;21369;21369
2026-06-08T11:39:15.0000000Z;4.637;4.652;21369;21369
2026-06-08T11:39:21.0000000Z;4.638;4.652;21369;21369
2026-06-08T11:39:24.0000000Z;4.638;4.6545;21369;21369
2026-06-08T11:39:25.0000000Z;4.638;4.653;21369;21369
2026-06-08T11:39:32.0000000Z;4.637;4.653;21369;21369
2026-06-08T11:39:44.0000000Z;4.638;4.653;21369;21369
2026-06-08T11:39:55.0000000Z;4.638;4.654;21369;21369
2026-06-08T11:40:05.0000000Z;4.638;4.6545;21369;21369
2026-06-08T11:40:06.0000000Z;4.6365;4.6545;21369;21369
2026-06-08T11:40:07.0000000Z;4.638;4.6545;21369;21369
2026-06-08T11:40:19.0000000Z;4.636;4.6545;21369;21369
2026-06-08T11:40:20.0000000Z;4.637;4.6545;21369;21369
2026-06-08T11:40:24.0000000Z;4.637;4.6535;21369;21369
2026-06-08T11:40:25.0000000Z;4.637;4.6525;21369;21369
2026-06-08T11:40:30.0000000Z;4.637;4.6525;21369;21369
2026-06-08T11:40:31.0000000Z;4.638;4.6525;21369;21369
2026-06-08T11:40:35.0000000Z;4.638;4.653;21369;21369
2026-06-08T11:40:42.0000000Z;4.637;4.653;21369;21369
2026-06-08T11:40:45.0000000Z;4.637;4.655;21369;21369
2026-06-08T11:40:46.0000000Z;4.637;4.654;21369;21369
2026-06-08T11:40:49.0000000Z;4.637;4.652;21369;21369
2026-06-08T11:40:53.0000000Z;4.6365;4.652;21369;21369
2026-06-08T11:40:54.0000000Z;4.637;4.652;21369;21369
2026-06-08T11:40:59.0000000Z;4.637;4.653;21369;21369
2026-06-08T11:41:05.0000000Z;4.638;4.653;21369;21369
2026-06-08T11:41:10.0000000Z;4.638;4.656;21369;21369
2026-06-08T11:41:11.0000000Z;4.638;4.654;21369;21369
2026-06-08T11:41:14.0000000Z;4.632;4.654;21369;21369
2026-06-08T11:41:21.0000000Z;4.635;4.654;21369;21369
2026-06-08T11:41:22.0000000Z;4.636;4.654;21369;21369
2026-06-08T11:41:23.0000000Z;4.638;4.654;21369;21369
2026-06-08T11:41:24.0000000Z;4.64;4.654;21369;21369
2026-06-08T11:41:30.0000000Z;4.639;4.654;21369;21369
2026-06-08T11:41:32.0000000Z;4.639;4.655;21369;21369
2026-06-08T11:41:42.0000000Z;4.636;4.655;21369;21369
2026-06-08T11:41:43.0000000Z;4.639;4.655;21369;21369
2026-06-08T11:41:55.0000000Z;4.639;4.655;21369;21369
2026-06-08T11:42:01.0000000Z;4.639;4.655;21369;21369
2026-06-08T11:42:06.0000000Z;4.64;4.655;21369;21369
2026-06-08T11:42:12.0000000Z;4.639;4.655;21369;21369
2026-06-08T11:42:17.0000000Z;4.632;4.655;21369;21369
2026-06-08T11:42:18.0000000Z;4.636;4.655;21369;21369
2026-06-08T11:42:25.0000000Z;4.638;4.653;21369;21369
2026-06-08T11:42:26.0000000Z;4.639;4.653;21369;21369
2026-06-08T11:42:31.0000000Z;4.639;4.653;21369;21369
2026-06-08T11:42:36.0000000Z;4.639;4.654;21369;21369
2026-06-08T11:42:37.0000000Z;4.639;4.654;21369;21369
2026-06-08T11:42:43.0000000Z;4.636;4.654;21369;21369
2026-06-08T11:42:44.0000000Z;4.637;4.654;21369;21369
2026-06-08T11:42:45.0000000Z;4.638;4.654;21369;21369
2026-06-08T11:42:54.0000000Z;4.638;4.653;21369;21369
2026-06-08T11:42:55.0000000Z;4.6365;4.653;21369;21369
2026-06-08T11:42:56.0000000Z;4.638;4.653;21369;21369
2026-06-08T11:43:04.0000000Z;4.638;4.656;21369;21369
2026-06-08T11:43:06.0000000Z;4.638;4.654;21369;21369
2026-06-08T11:43:16.0000000Z;4.638;4.657;21369;21369
2026-06-08T11:43:17.0000000Z;4.638;4.653;21369;21369
2026-06-08T11:43:25.0000000Z;4.639;4.653;21369;21369
2026-06-08T11:43:28.0000000Z;4.639;4.655;21369;21369
2026-06-08T11:43:32.0000000Z;4.6395;4.655;21369;21369
2026-06-08T11:43:37.0000000Z;4.64;4.655;21369;21369
2026-06-08T11:43:39.0000000Z;4.64;4.656;21369;21369
2026-06-08T11:43:44.0000000Z;4.64;4.656;21369;21369
2026-06-08T11:43:49.0000000Z;4.633;4.656;21369;21369
2026-06-08T11:43:50.0000000Z;4.636;4.656;21369;21369
2026-06-08T11:43:51.0000000Z;4.639;4.657;21369;21369
2026-06-08T11:43:52.0000000Z;4.64;4.656;21369;21369
2026-06-08T11:43:59.0000000Z;4.636;4.656;21369;21369
2026-06-08T11:44:00.0000000Z;4.64;4.656;21369;21369
2026-06-08T11:44:01.0000000Z;4.641;4.656;21369;21369
2026-06-08T11:44:07.0000000Z;4.641;4.6575;21369;21369
2026-06-08T11:44:12.0000000Z;4.641;4.6575;21369;21369
2026-06-08T11:44:21.0000000Z;4.641;4.6605;21369;21369
2026-06-08T11:44:22.0000000Z;4.641;4.6585;21369;21369
2026-06-08T11:44:23.0000000Z;4.641;4.6565;21369;21369
2026-06-08T11:44:35.0000000Z;4.641;4.6575;21369;21369
2026-06-08T11:44:44.0000000Z;4.641;4.657;21369;21369
2026-06-08T11:44:55.0000000Z;4.641;4.6575;21369;21369
2026-06-08T11:44:57.0000000Z;4.641;4.6575;21369;21369
2026-06-08T11:44:59.0000000Z;4.641;4.6565;21369;21369
2026-06-08T11:45:10.0000000Z;4.641;4.6585;21369;21369
2026-06-08T11:45:17.0000000Z;4.641;4.6565;21369;21369
2026-06-08T11:45:26.0000000Z;4.642;4.6565;21369;21369
2026-06-08T11:45:27.0000000Z;4.642;4.6575;21369;21369
2026-06-08T11:45:37.0000000Z;4.641;4.6575;21369;21369
2026-06-08T11:45:39.0000000Z;4.641;4.6565;21369;21369
2026-06-08T11:45:48.0000000Z;4.638;4.6565;21369;21369
2026-06-08T11:45:50.0000000Z;4.64;4.6595;21369;21369
2026-06-08T11:45:51.0000000Z;4.641;4.6565;21369;21369
2026-06-08T11:46:01.0000000Z;4.638;4.6595;21369;21369
2026-06-08T11:46:02.0000000Z;4.638;4.6575;21369;21369
2026-06-08T11:46:05.0000000Z;4.641;4.6575;21369;21369
2026-06-08T11:46:12.0000000Z;4.642;4.6575;21369;21369
2026-06-08T11:46:14.0000000Z;4.642;4.6585;21369;21369
2026-06-08T11:46:28.0000000Z;4.642;4.6605;21369;21369
2026-06-08T11:46:29.0000000Z;4.642;4.6585;21369;21369
2026-06-08T11:46:33.0000000Z;4.642;4.6585;21369;21369
2026-06-08T11:46:36.0000000Z;4.643;4.6585;21369;21369
2026-06-08T11:46:39.0000000Z;4.643;4.6595;21369;21369
2026-06-08T11:46:51.0000000Z;4.643;4.6595;21369;21369
2026-06-08T11:47:01.0000000Z;4.644;4.6595;21369;21369
2026-06-08T11:47:03.0000000Z;4.644;4.6605;21369;21369
2026-06-08T11:47:11.0000000Z;4.644;4.6605;21369;21369
2026-06-08T11:47:22.0000000Z;4.638;4.6605;21369;21369
2026-06-08T11:47:28.0000000Z;4.642;4.6605;21369;21369
2026-06-08T11:47:29.0000000Z;4.645;4.6605;21369;21369
2026-06-08T11:47:34.0000000Z;4.6445;4.6605;21369;21369
2026-06-08T11:47:40.0000000Z;4.6435;4.6605;21369;21369
2026-06-08T11:47:44.0000000Z;4.6445;4.6605;21369;21369
2026-06-08T11:47:51.0000000Z;4.6445;4.6605;21369;21369
2026-06-08T11:47:57.0000000Z;4.6445;4.6605;21369;21369
2026-06-08T11:48:02.0000000Z;4.642;4.6605;21369;21369
2026-06-08T11:48:03.0000000Z;4.645;4.6605;21369;21369
2026-06-08T11:48:08.0000000Z;4.643;4.6605;21369;21369
2026-06-08T11:48:09.0000000Z;4.645;4.6605;21369;21369
2026-06-08T11:48:17.0000000Z;4.646;4.6605;21369;21369
2026-06-08T11:48:23.0000000Z;4.645;4.6605;21369;21369
2026-06-08T11:48:36.0000000Z;4.645;4.6605;21369;21369
2026-06-08T11:48:42.0000000Z;4.645;4.6605;21369;21369
2026-06-08T11:48:50.0000000Z;4.646;4.6605;21369;21369
2026-06-08T11:48:55.0000000Z;4.6445;4.6605;21369;21369
2026-06-08T11:49:00.0000000Z;4.6455;4.6605;21369;21369
2026-06-08T11:49:06.0000000Z;4.645;4.6605;21369;21369
2026-06-08T11:49:11.0000000Z;4.645;4.6605;21369;21369
2026-06-08T11:49:22.0000000Z;4.64;4.6605;21369;21369
2026-06-08T11:49:24.0000000Z;4.645;4.6605;21369;21369
2026-06-08T11:49:30.0000000Z;4.642;4.6605;21369;21369
2026-06-08T11:49:31.0000000Z;4.644;4.6605;21369;21369
2026-06-08T11:49:36.0000000Z;4.643;4.6605;21369;21369
2026-06-08T11:49:37.0000000Z;4.644;4.6605;21369;21369
2026-06-08T11:49:47.0000000Z;4.6435;4.6605;21369;21369
2026-06-08T11:49:48.0000000Z;4.644;4.6605;21369;21369
2026-06-08T11:49:52.0000000Z;4.645;4.6605;21369;21369
2026-06-08T11:50:01.0000000Z;4.645;4.6595;21369;21369
2026-06-08T11:50:03.0000000Z;4.6385;4.6595;21369;21369
2026-06-08T11:50:04.0000000Z;4.642;4.6595;21369;21369
2026-06-08T11:50:05.0000000Z;4.643;4.6595;21369;21369
2026-06-08T11:50:11.0000000Z;4.643;4.6605;21369;21369
2026-06-08T11:50:12.0000000Z;4.643;4.6595;21369;21369
2026-06-08T11:50:14.0000000Z;4.639;4.6595;21369;21369
2026-06-08T11:50:15.0000000Z;4.643;4.6595;21369;21369
2026-06-08T11:50:17.0000000Z;4.644;4.6595;21369;21369
2026-06-08T11:50:24.0000000Z;4.644;4.6605;21369;21369
2026-06-08T11:50:26.0000000Z;4.644;4.6585;21369;21369
2026-06-08T11:50:28.0000000Z;4.642;4.6585;21369;21369
2026-06-08T11:50:30.0000000Z;4.643;4.6585;21369;21369
2026-06-08T11:50:33.0000000Z;4.644;4.6585;21369;21369
2026-06-08T11:50:37.0000000Z;4.644;4.6595;21369;21369
2026-06-08T11:50:45.0000000Z;4.64;4.6595;21369;21369
2026-06-08T11:50:47.0000000Z;4.642;4.6595;21369;21369
2026-06-08T11:50:48.0000000Z;4.643;4.6595;21369;21369
2026-06-08T11:50:49.0000000Z;4.643;4.6605;21369;21369
2026-06-08T11:50:50.0000000Z;4.643;4.6585;21369;21369
2026-06-08T11:50:58.0000000Z;4.6425;4.6585;21369;21369
2026-06-08T11:50:59.0000000Z;4.643;4.6585;21369;21369
2026-06-08T11:51:01.0000000Z;4.643;4.6595;21369;21369
2026-06-08T11:51:10.0000000Z;4.6425;4.6595;21369;21369
2026-06-08T11:51:12.0000000Z;4.6425;4.6605;21369;21369
2026-06-08T11:51:14.0000000Z;4.6425;4.6595;21369;21369
2026-06-08T11:51:29.0000000Z;4.6425;4.6605;21369;21369
2026-06-08T11:51:30.0000000Z;4.6425;4.6605;21369;21369
2026-06-08T11:51:31.0000000Z;4.6435;4.6605;21369;21369
2026-06-08T11:51:50.0000000Z;4.644;4.6605;21369;21369
2026-06-08T11:52:01.0000000Z;4.6435;4.6605;21369;21369
2026-06-08T11:52:02.0000000Z;4.6435;4.6595;21369;21369
2026-06-08T11:52:11.0000000Z;4.6425;4.6595;21369;21369
2026-06-08T11:52:14.0000000Z;4.6425;4.6605;21369;21369
2026-06-08T11:52:17.0000000Z;4.6435;4.6605;21369;21369
2026-06-08T11:52:25.0000000Z;4.644;4.6605;21369;21369
2026-06-08T11:52:41.0000000Z;4.6435;4.6605;21369;21369
2026-06-08T11:52:47.0000000Z;4.6405;4.6605;21369;21369
2026-06-08T11:52:51.0000000Z;4.642;4.6605;21369;21369
2026-06-08T11:52:52.0000000Z;4.644;4.6605;21369;21369
2026-06-08T11:53:17.0000000Z;4.644;4.6605;21369;21369
2026-06-08T11:53:23.0000000Z;4.6405;4.6605;21369;21369
2026-06-08T11:53:25.0000000Z;4.6445;4.6605;21369;21369
2026-06-08T11:53:31.0000000Z;4.645;4.6605;21369;21369
2026-06-08T11:53:37.0000000Z;4.6425;4.6605;21369;21369
2026-06-08T11:53:38.0000000Z;4.6445;4.6605;21369;21369
2026-06-08T11:53:43.0000000Z;4.644;4.6605;21369;21369
2026-06-08T11:53:48.0000000Z;4.6405;4.6605;21369;21369
2026-06-08T11:53:51.0000000Z;4.6425;4.6605;21369;21369
2026-06-08T11:53:52.0000000Z;4.6435;4.6605;21369;21369
2026-06-08T11:53:57.0000000Z;4.644;4.6605;21369;21369
2026-06-08T11:54:13.0000000Z;4.641;4.6605;21369;21369
2026-06-08T11:54:15.0000000Z;4.643;4.6605;21369;21369
2026-06-08T11:54:16.0000000Z;4.644;4.6605;21369;21369
2026-06-08T11:54:27.0000000Z;4.644;4.6605;21369;21369
2026-06-08T11:54:38.0000000Z;4.6435;4.6605;21369;21369
2026-06-08T11:54:50.0000000Z;4.6445;4.6605;21369;21369
2026-06-08T11:54:56.0000000Z;4.6445;4.6605;21369;21369
2026-06-08T11:55:17.0000000Z;4.643;4.6605;21369;21369
2026-06-08T11:55:18.0000000Z;4.645;4.6605;21369;21369
2026-06-08T11:55:23.0000000Z;4.6405;4.6605;21369;21369
2026-06-08T11:55:26.0000000Z;4.6425;4.6605;21369;21369
2026-06-08T11:55:27.0000000Z;4.6445;4.6605;21369;21369
2026-06-08T11:55:32.0000000Z;4.6415;4.6605;21369;21369
2026-06-08T11:55:33.0000000Z;4.6445;4.6605;21369;21369
2026-06-08T11:55:38.0000000Z;4.645;4.6605;21369;21369
2026-06-08T11:55:44.0000000Z;4.643;4.6605;21369;21369
2026-06-08T11:55:45.0000000Z;4.645;4.6605;21369;21369
2026-06-08T11:55:51.0000000Z;4.644;4.6605;21369;21369
2026-06-08T11:56:01.0000000Z;4.6425;4.6605;21369;21369
2026-06-08T11:56:02.0000000Z;4.643;4.6605;21369;21369
2026-06-08T11:56:23.0000000Z;4.64;4.6595;21369;21369
2026-06-08T11:56:24.0000000Z;4.642;4.6595;21369;21369
2026-06-08T11:56:28.0000000Z;4.643;4.6595;21369;21369
2026-06-08T11:56:31.0000000Z;4.643;4.659;21369;21369
2026-06-08T11:56:39.0000000Z;4.6425;4.659;21369;21369
2026-06-08T11:56:40.0000000Z;4.642;4.659;21369;21369
2026-06-08T11:56:41.0000000Z;4.642;4.658;21369;21369
2026-06-08T11:56:52.0000000Z;4.642;4.6595;21369;21369
2026-06-08T11:57:02.0000000Z;4.642;4.6585;21369;21369
2026-06-08T11:57:13.0000000Z;4.642;4.6595;21369;21369
2026-06-08T11:57:20.0000000Z;4.642;4.6585;21369;21369
2026-06-08T11:57:21.0000000Z;4.642;4.6585;21369;21369
2026-06-08T11:57:27.0000000Z;4.6425;4.6585;21369;21369
2026-06-08T11:57:31.0000000Z;4.6425;4.6605;21369;21369
2026-06-08T11:57:44.0000000Z;4.641;4.6605;21369;21369
2026-06-08T11:57:45.0000000Z;4.643;4.6605;21369;21369
2026-06-08T11:57:54.0000000Z;4.643;4.6595;21369;21369
2026-06-08T11:57:56.0000000Z;4.6425;4.6595;21369;21369
2026-06-08T11:57:57.0000000Z;4.643;4.6595;21369;21369
2026-06-08T11:58:07.0000000Z;4.642;4.6595;21369;21369
2026-06-08T11:58:15.0000000Z;4.642;4.6585;21369;21369
2026-06-08T11:58:16.0000000Z;4.643;4.6585;21369;21369
2026-06-08T11:58:26.0000000Z;4.643;4.6595;21369;21369
2026-06-08T11:58:35.0000000Z;4.6375;4.661;21369;21369
2026-06-08T11:59:06.0000000Z;4.6375;4.661;21369;21369
2026-06-08T11:59:10.0000000Z;4.6385;4.6605;21369;21369
2026-06-08T11:59:12.0000000Z;4.64;4.6605;21369;21369
2026-06-08T11:59:15.0000000Z;4.641;4.6605;21369;21369
2026-06-08T11:59:16.0000000Z;4.644;4.6605;21369;21369
2026-06-08T11:59:27.0000000Z;4.644;4.6605;21369;21369
2026-06-08T11:59:35.0000000Z;4.644;4.6595;21369;21369
2026-06-08T11:59:38.0000000Z;4.643;4.6595;21369;21369
2026-06-08T11:59:39.0000000Z;4.644;4.6595;21369;21369
2026-06-08T11:59:45.0000000Z;4.644;4.6605;21369;21369
2026-06-08T11:59:49.0000000Z;4.644;4.6605;21369;21369
2026-06-08T12:00:05.0000000Z;4.644;4.6595;21369;21369
2026-06-08T12:00:10.0000000Z;4.641;4.6595;21369;21369
2026-06-08T12:00:16.0000000Z;4.641;4.6605;21369;21369
2026-06-08T12:00:28.0000000Z;4.641;4.66;21369;21369
2026-06-08T12:00:29.0000000Z;4.641;4.658;21369;21369
2026-06-08T12:00:47.0000000Z;4.641;4.6595;21369;21369
2026-06-08T12:00:48.0000000Z;4.641;4.656;21369;21369
2026-06-08T12:00:53.0000000Z;4.639;4.656;21369;21369
2026-06-08T12:01:00.0000000Z;4.64;4.656;21369;21369
2026-06-08T12:01:12.0000000Z;4.64;4.657;21369;21369
2026-06-08T12:01:23.0000000Z;4.64;4.6595;21369;21369
2026-06-08T12:01:24.0000000Z;4.64;4.6565;21369;21369
2026-06-08T12:01:36.0000000Z;4.64;4.659;21369;21369
2026-06-08T12:01:37.0000000Z;4.642;4.658;21369;21369
2026-06-08T12:01:44.0000000Z;4.643;4.658;21369;21369
2026-06-08T12:01:48.0000000Z;4.643;4.66;21369;21369
2026-06-08T12:01:50.0000000Z;4.643;4.658;21369;21369
2026-06-08T12:02:01.0000000Z;4.643;4.6595;21369;21369
2026-06-08T12:02:06.0000000Z;4.642;4.6595;21369;21369
2026-06-08T12:02:14.0000000Z;4.642;4.6575;21369;21369
2026-06-08T12:02:15.0000000Z;4.641;4.6575;21369;21369
2026-06-08T12:02:25.0000000Z;4.638;4.6595;21369;21369
2026-06-08T12:02:26.0000000Z;4.641;4.6595;21369;21369
2026-06-08T12:02:29.0000000Z;4.641;4.6585;21369;21369
2026-06-08T12:02:30.0000000Z;4.641;4.6575;21369;21369
2026-06-08T12:02:48.0000000Z;4.64;4.6575;21369;21369
2026-06-08T12:02:49.0000000Z;4.641;4.6575;21369;21369
2026-06-08T12:02:50.0000000Z;4.641;4.6585;21369;21369
2026-06-08T12:02:59.0000000Z;4.64;4.6585;21369;21369
2026-06-08T12:03:01.0000000Z;4.64;4.658;21369;21369
2026-06-08T12:03:04.0000000Z;4.64;4.656;21369;21369
2026-06-08T12:03:09.0000000Z;4.64;4.656;21369;21369
2026-06-08T12:03:17.0000000Z;4.64;4.658;21369;21369
2026-06-08T12:03:18.0000000Z;4.64;4.657;21369;21369
2026-06-08T12:03:20.0000000Z;4.639;4.657;21369;21369
2026-06-08T12:03:29.0000000Z;4.639;4.656;21369;21369
2026-06-08T12:03:44.0000000Z;4.639;4.658;21369;21369
2026-06-08T12:03:45.0000000Z;4.639;4.656;21369;21369
2026-06-08T12:03:49.0000000Z;4.64;4.656;21369;21369
2026-06-08T12:03:56.0000000Z;4.64;4.6605;21369;21369
2026-06-08T12:03:59.0000000Z;4.64;4.658;21369;21369
2026-06-08T12:04:00.0000000Z;4.641;4.658;21369;21369
2026-06-08T12:04:09.0000000Z;4.638;4.658;21369;21369
2026-06-08T12:04:17.0000000Z;4.642;4.658;21369;21369
2026-06-08T12:04:29.0000000Z;4.641;4.658;21369;21369
2026-06-08T12:04:39.0000000Z;4.641;4.657;21369;21369
2026-06-08T12:04:49.0000000Z;4.64;4.657;21369;21369
2026-06-08T12:04:59.0000000Z;4.638;4.657;21369;21369
2026-06-08T12:05:01.0000000Z;4.638;4.658;21369;21369
2026-06-08T12:05:02.0000000Z;4.639;4.657;21369;21369
2026-06-08T12:05:05.0000000Z;4.639;4.655;21369;21369
2026-06-08T12:05:12.0000000Z;4.638;4.655;21369;21369
2026-06-08T12:05:13.0000000Z;4.638;4.6575;21369;21369
2026-06-08T12:05:14.0000000Z;4.638;4.6565;21369;21369
2026-06-08T12:05:21.0000000Z;4.6395;4.653;21369;21369
2026-06-08T12:05:23.0000000Z;4.6395;4.649;21369;21369
2026-06-08T12:05:30.0000000Z;4.6395;4.6475;21369;21369
2026-06-08T12:05:37.0000000Z;4.6395;4.6465;21369;21369
2026-06-08T12:05:38.0000000Z;4.6395;4.647;21369;21369
2026-06-08T12:05:48.0000000Z;4.6395;4.6485;21369;21369
2026-06-08T12:05:50.0000000Z;4.6395;4.648;21369;21369
2026-06-08T12:05:55.0000000Z;4.6395;4.649;21369;21369
2026-06-08T12:05:57.0000000Z;4.64;4.649;21369;21369
2026-06-08T12:05:58.0000000Z;4.64;4.6505;21369;21369
2026-06-08T12:06:00.0000000Z;4.6405;4.6495;21369;21369
2026-06-08T12:06:04.0000000Z;4.6405;4.6485;21369;21369
2026-06-08T12:06:06.0000000Z;4.641;4.6495;21369;21369
2026-06-08T12:06:07.0000000Z;4.6435;4.6495;21369;21369
2026-06-08T12:06:10.0000000Z;4.6435;4.649;21369;21369
2026-06-08T12:06:33.0000000Z;4.6435;4.6485;21369;21369
2026-06-08T12:06:35.0000000Z;4.6435;4.648;21369;21369
2026-06-08T12:06:36.0000000Z;4.6435;4.6475;21369;21369
2026-06-08T12:06:46.0000000Z;4.6435;4.648;21369;21369
2026-06-08T12:06:47.0000000Z;4.6435;4.6475;21369;21369
2026-06-08T12:06:48.0000000Z;4.6435;4.648;21369;21369
2026-06-08T12:07:10.0000000Z;4.6435;4.6485;21369;21369
2026-06-08T12:07:12.0000000Z;4.6435;4.649;21369;21369
2026-06-08T12:07:16.0000000Z;4.6435;4.6485;21369;21369
2026-06-08T12:07:18.0000000Z;4.6435;4.6485;21369;21369
2026-06-08T12:07:20.0000000Z;4.6435;4.648;21369;21369
2026-06-08T12:07:21.0000000Z;4.6435;4.6485;21369;21369
2026-06-08T12:07:32.0000000Z;4.6435;4.648;21369;21369
2026-06-08T12:08:02.0000000Z;4.6435;4.6475;21369;21369
2026-06-08T12:08:14.0000000Z;4.6435;4.647;21369;21369
2026-06-08T12:08:16.0000000Z;4.6395;4.647;21369;21369
2026-06-08T12:08:36.0000000Z;4.6395;4.6465;21369;21369
2026-06-08T12:08:38.0000000Z;4.6395;4.646;21369;21369
2026-06-08T12:08:49.0000000Z;4.6395;4.6455;21369;21369
2026-06-08T12:08:51.0000000Z;4.6395;4.646;21369;21369
2026-06-08T12:09:21.0000000Z;4.6395;4.646;21369;21369
2026-06-08T12:09:24.0000000Z;4.6395;4.645;21369;21369
2026-06-08T12:09:29.0000000Z;4.6395;4.6455;21369;21369
2026-06-08T12:09:40.0000000Z;4.6395;4.6455;21369;21369
2026-06-08T12:10:10.0000000Z;4.6395;4.646;21369;21369
2026-06-08T12:10:11.0000000Z;4.6395;4.6465;21369;21369
2026-06-08T12:10:24.0000000Z;4.6395;4.6455;21369;21369
2026-06-08T12:10:30.0000000Z;4.6395;4.645;21369;21369
2026-06-08T12:10:31.0000000Z;4.6395;4.6455;21369;21369
2026-06-08T12:10:39.0000000Z;4.6395;4.648;21369;21369
2026-06-08T12:10:44.0000000Z;4.6395;4.647;21369;21369
2026-06-08T12:11:11.0000000Z;4.6395;4.6475;21369;21369
2026-06-08T12:11:15.0000000Z;4.6395;4.648;21369;21369
2026-06-08T12:11:17.0000000Z;4.6395;4.6485;21369;21369
2026-06-08T12:11:20.0000000Z;4.6395;4.6495;21369;21369
2026-06-08T12:11:27.0000000Z;4.6395;4.649;21369;21369
2026-06-08T12:11:31.0000000Z;4.6395;4.6485;21369;21369
2026-06-08T12:11:33.0000000Z;4.6395;4.648;21369;21369
2026-06-08T12:11:37.0000000Z;4.6395;4.6475;21369;21369
2026-06-08T12:11:40.0000000Z;4.6395;4.6475;21369;21369
2026-06-08T12:11:41.0000000Z;4.6395;4.648;21369;21369
2026-06-08T12:11:42.0000000Z;4.6395;4.6475;21369;21369
2026-06-08T12:11:45.0000000Z;4.6395;4.648;21369;21369
2026-06-08T12:11:51.0000000Z;4.6395;4.6475;21369;21369
2026-06-08T12:11:52.0000000Z;4.6395;4.647;21369;21369
2026-06-08T12:12:23.0000000Z;4.6395;4.647;21369;21369
2026-06-08T12:12:49.0000000Z;4.6395;4.6475;21369;21369
2026-06-08T12:13:19.0000000Z;4.6395;4.648;21369;21369
2026-06-08T12:13:45.0000000Z;4.6395;4.6475;21369;21369
2026-06-08T12:13:47.0000000Z;4.6395;4.647;21369;21369
2026-06-08T12:13:56.0000000Z;4.6395;4.6475;21369;21369
2026-06-08T12:13:57.0000000Z;4.6395;4.648;21369;21369
2026-06-08T12:14:01.0000000Z;4.6395;4.647;21369;21369
2026-06-08T12:14:04.0000000Z;4.6395;4.647;21369;21369
2026-06-08T12:14:05.0000000Z;4.6395;4.647;21369;21369
2026-06-08T12:14:09.0000000Z;4.6395;4.6475;21369;21369
2026-06-08T12:14:20.0000000Z;4.6395;4.648;21369;21369
2026-06-08T12:14:28.0000000Z;4.6395;4.647;21369;21369
2026-06-08T12:14:34.0000000Z;4.6395;4.6475;21369;21369
2026-06-08T12:14:39.0000000Z;4.6395;4.6495;21369;21369
2026-06-08T12:14:42.0000000Z;4.6395;4.6485;21369;21369
2026-06-08T12:14:56.0000000Z;4.6395;4.6475;21369;21369
2026-06-08T12:14:58.0000000Z;4.6395;4.648;21369;21369
2026-06-08T12:15:23.0000000Z;4.6395;4.6485;21369;21369
2026-06-08T12:15:53.0000000Z;4.6395;4.6485;21369;21369
2026-06-08T12:15:55.0000000Z;4.6395;4.649;21369;21369
2026-06-08T12:16:10.0000000Z;4.6395;4.648;21369;21369
2026-06-08T12:16:21.0000000Z;4.6395;4.6485;21369;21369
2026-06-08T12:16:23.0000000Z;4.6395;4.649;21369;21369
2026-06-08T12:16:25.0000000Z;4.6395;4.6485;21369;21369
2026-06-08T12:16:27.0000000Z;4.6395;4.648;21369;21369
2026-06-08T12:16:29.0000000Z;4.6395;4.6485;21369;21369
2026-06-08T12:16:59.0000000Z;4.6395;4.6485;21369;21369
2026-06-08T12:17:03.0000000Z;4.6395;4.649;21369;21369
2026-06-08T12:17:10.0000000Z;4.6395;4.648;21369;21369
2026-06-08T12:17:23.0000000Z;4.6395;4.6475;21369;21369
2026-06-08T12:17:32.0000000Z;4.6395;4.6485;21369;21369
2026-06-08T12:17:57.0000000Z;4.6395;4.649;21369;21369
2026-06-08T12:18:02.0000000Z;4.6395;4.648;21369;21369
2026-06-08T12:18:09.0000000Z;4.6395;4.6485;21369;21369
2026-06-08T12:18:10.0000000Z;4.6395;4.648;21369;21369
2026-06-08T12:18:12.0000000Z;4.6395;4.6475;21369;21369
2026-06-08T12:18:13.0000000Z;4.6395;4.647;21369;21369
2026-06-08T12:18:14.0000000Z;4.6395;4.647;21369;21369
2026-06-08T12:18:15.0000000Z;4.6395;4.6475;21369;21369
2026-06-08T12:18:29.0000000Z;4.6395;4.648;21369;21369
2026-06-08T12:18:33.0000000Z;4.6395;4.6485;21369;21369
2026-06-08T12:19:03.0000000Z;4.6395;4.6485;21369;21369
2026-06-08T12:19:13.0000000Z;4.6395;4.6475;21369;21369
2026-06-08T12:19:16.0000000Z;4.6395;4.647;21369;21369
2026-06-08T12:19:45.0000000Z;4.6395;4.6475;21369;21369
2026-06-08T12:20:09.0000000Z;4.6395;4.648;21369;21369
2026-06-08T12:20:10.0000000Z;4.6395;4.6485;21369;21369
2026-06-08T12:20:24.0000000Z;4.6395;4.6475;21369;21369
2026-06-08T12:20:35.0000000Z;4.6395;4.6465;21369;21369
2026-06-08T12:20:36.0000000Z;4.6395;4.646;21369;21369
2026-06-08T12:20:45.0000000Z;4.6395;4.6455;21369;21369
2026-06-08T12:20:46.0000000Z;4.6395;4.646;21369;21369
2026-06-08T12:20:51.0000000Z;4.6395;4.6465;21369;21369
2026-06-08T12:21:01.0000000Z;4.6395;4.646;21369;21369
2026-06-08T12:21:03.0000000Z;4.6395;4.645;21369;21369
2026-06-08T12:21:06.0000000Z;4.6395;4.6445;21369;21369
2026-06-08T12:21:27.0000000Z;4.6395;4.645;21369;21369
2026-06-08T12:21:32.0000000Z;4.6395;4.6455;21369;21369
2026-06-08T12:21:37.0000000Z;4.6395;4.646;21369;21369
2026-06-08T12:21:38.0000000Z;4.6395;4.6465;21369;21369
2026-06-08T12:21:49.0000000Z;4.6395;4.6455;21369;21369
2026-06-08T12:21:58.0000000Z;4.6395;4.646;21369;21369
2026-06-08T12:22:19.0000000Z;4.6395;4.6465;21369;21369
2026-06-08T12:22:27.0000000Z;4.6395;4.6455;21369;21369
2026-06-08T12:22:58.0000000Z;4.6395;4.6455;21369;21369
2026-06-08T12:23:13.0000000Z;4.6395;4.646;21369;21369
2026-06-08T12:23:17.0000000Z;4.6395;4.6465;21369;21369
2026-06-08T12:23:18.0000000Z;4.6395;4.647;21369;21369
2026-06-08T12:23:26.0000000Z;4.6395;4.6475;21369;21369
2026-06-08T12:23:57.0000000Z;4.6395;4.6475;21369;21369
2026-06-08T12:24:00.0000000Z;4.6395;4.6465;21369;21369
2026-06-08T12:24:09.0000000Z;4.6395;4.6455;21369;21369
2026-06-08T12:24:32.0000000Z;4.6395;4.646;21369;21369
2026-06-08T12:24:55.0000000Z;4.6395;4.645;21369;21369
2026-06-08T12:25:25.0000000Z;4.6395;4.645;21369;21369
2026-06-08T12:25:56.0000000Z;4.6395;4.645;21369;21369
2026-06-08T12:26:26.0000000Z;4.6395;4.645;21369;21369
2026-06-08T12:26:45.0000000Z;4.6395;4.6455;21369;21369
2026-06-08T12:27:01.0000000Z;4.6395;4.646;21369;21369
2026-06-08T12:27:07.0000000Z;4.6395;4.645;21369;21369
2026-06-08T12:27:09.0000000Z;4.6395;4.6455;21369;21369
2026-06-08T12:27:19.0000000Z;4.6395;4.646;21369;21369
2026-06-08T12:27:45.0000000Z;4.6395;4.645;21369;21369
2026-06-08T12:27:55.0000000Z;4.6395;4.6455;21369;21369
2026-06-08T12:28:13.0000000Z;4.6395;4.645;21369;21369
2026-06-08T12:28:23.0000000Z;4.6395;4.6445;21369;21369
2026-06-08T12:28:35.0000000Z;4.6395;4.645;21369;21369
2026-06-08T12:29:04.0000000Z;4.6395;4.644;21369;21369
2026-06-08T12:29:05.0000000Z;4.6395;4.6445;21369;21369
2026-06-08T12:29:21.0000000Z;4.6395;4.644;21369;21369
2026-06-08T12:29:30.0000000Z;4.6395;4.6445;21369;21369
2026-06-08T12:29:46.0000000Z;4.639;4.645;21369;21369
2026-06-08T12:29:51.0000000Z;4.639;4.647;21369;21369
2026-06-08T12:30:22.0000000Z;4.639;4.647;21369;21369
2026-06-08T12:30:32.0000000Z;4.6395;4.6465;21369;21369
2026-06-08T12:30:39.0000000Z;4.6395;4.6445;21369;21369
2026-06-08T12:30:46.0000000Z;4.6395;4.6435;21369;21369
2026-06-08T12:30:48.0000000Z;4.639;4.6435;21369;21369
2026-06-08T12:31:02.0000000Z;4.639;4.6425;21369;21369
2026-06-08T12:31:03.0000000Z;4.6355;4.6425;21369;21369
2026-06-08T12:31:33.0000000Z;4.6355;4.643;21369;21369
2026-06-08T12:31:59.0000000Z;4.6355;4.642;21369;21369
2026-06-08T12:32:03.0000000Z;4.6355;4.6425;21369;21369
2026-06-08T12:32:11.0000000Z;4.6355;4.6415;21369;21369
2026-06-08T12:32:21.0000000Z;4.6355;4.642;21369;21369
2026-06-08T12:32:51.0000000Z;4.6355;4.642;21369;21369
2026-06-08T12:33:15.0000000Z;4.6355;4.641;21369;21369
2026-06-08T12:33:26.0000000Z;4.6355;4.6415;21369;21369
2026-06-08T12:33:28.0000000Z;4.6355;4.642;21369;21369
2026-06-08T12:33:46.0000000Z;4.6355;4.6425;21369;21369
2026-06-08T12:34:16.0000000Z;4.6355;4.6425;21369;21369
2026-06-08T12:34:20.0000000Z;4.6355;4.643;21369;21369
2026-06-08T12:34:31.0000000Z;4.6355;4.6435;21369;21369
2026-06-08T12:35:02.0000000Z;4.6355;4.6435;21369;21369
2026-06-08T12:35:12.0000000Z;4.6355;4.644;21369;21369
2026-06-08T12:35:14.0000000Z;4.6355;4.643;21369;21369
2026-06-08T12:35:33.0000000Z;4.6355;4.6435;21369;21369
2026-06-08T12:35:37.0000000Z;4.6355;4.6425;21369;21369
2026-06-08T12:36:07.0000000Z;4.6355;4.6425;21369;21369
2026-06-08T12:36:10.0000000Z;4.6355;4.6415;21369;21369
2026-06-08T12:36:20.0000000Z;4.6355;4.642;21369;21369
2026-06-08T12:36:51.0000000Z;4.6355;4.642;21369;21369
2026-06-08T12:37:21.0000000Z;4.6355;4.642;21369;21369
2026-06-08T12:37:33.0000000Z;4.6355;4.641;21369;21369
2026-06-08T12:37:35.0000000Z;4.6355;4.6415;21369;21369
2026-06-08T12:37:58.0000000Z;4.6355;4.642;21369;21369
2026-06-08T12:38:12.0000000Z;4.6355;4.6425;21369;21369
2026-06-08T12:38:43.0000000Z;4.6355;4.6425;21369;21369
2026-06-08T12:38:57.0000000Z;4.6355;4.643;21369;21369
2026-06-08T12:39:07.0000000Z;4.6355;4.642;21369;21369
2026-06-08T12:39:19.0000000Z;4.6355;4.6425;21369;21369
2026-06-08T12:39:47.0000000Z;4.6355;4.6415;21369;21369
2026-06-08T12:40:00.0000000Z;4.6355;4.6455;21369;21369
2026-06-08T12:40:04.0000000Z;4.6355;4.6435;21369;21369
2026-06-08T12:40:09.0000000Z;4.6355;4.642;21369;21369
2026-06-08T12:40:40.0000000Z;4.6355;4.642;21369;21369
2026-06-08T12:40:52.0000000Z;4.6355;4.6425;21369;21369
2026-06-08T12:41:09.0000000Z;4.6355;4.643;21369;21369
2026-06-08T12:41:27.0000000Z;4.6355;4.6435;21369;21369
2026-06-08T12:41:57.0000000Z;4.6355;4.6435;21369;21369
2026-06-08T12:42:08.0000000Z;4.6355;4.644;21369;21369
2026-06-08T12:42:10.0000000Z;4.6355;4.643;21369;21369
2026-06-08T12:42:21.0000000Z;4.6355;4.642;21369;21369
2026-06-08T12:42:33.0000000Z;4.6355;4.6425;21369;21369
2026-06-08T12:42:36.0000000Z;4.6355;4.638;21369;21369
2026-06-08T12:42:39.0000000Z;4.6315;4.6385;21369;21369
2026-06-08T12:42:42.0000000Z;4.6335;4.6385;21369;21369
2026-06-08T12:42:50.0000000Z;4.6335;4.6395;21369;21369
2026-06-08T12:42:58.0000000Z;4.6335;4.6385;21369;21369
2026-06-08T12:43:01.0000000Z;4.6335;4.639;21369;21369
2026-06-08T12:43:13.0000000Z;4.6335;4.6395;21369;21369
2026-06-08T12:43:24.0000000Z;4.6335;4.6385;21369;21369
2026-06-08T12:43:29.0000000Z;4.6335;4.638;21369;21369
2026-06-08T12:43:42.0000000Z;4.6335;4.6385;21369;21369
2026-06-08T12:43:59.0000000Z;4.6335;4.639;21369;21369
2026-06-08T12:44:00.0000000Z;4.6335;4.6395;21369;21369
2026-06-08T12:44:10.0000000Z;4.6335;4.64;21369;21369
2026-06-08T12:44:40.0000000Z;4.6335;4.64;21369;21369
2026-06-08T12:44:56.0000000Z;4.6335;4.6405;21369;21369
2026-06-08T12:45:14.0000000Z;4.6335;4.6395;21369;21369
2026-06-08T12:45:15.0000000Z;4.6335;4.64;21369;21369
2026-06-08T12:45:26.0000000Z;4.6335;4.6405;21369;21369
2026-06-08T12:45:47.0000000Z;4.6335;4.641;21369;21369
2026-06-08T12:45:51.0000000Z;4.6335;4.6415;21369;21369
2026-06-08T12:46:20.0000000Z;4.6335;4.6415;21369;21369
2026-06-08T12:46:31.0000000Z;4.6335;4.642;21369;21369
2026-06-08T12:46:48.0000000Z;4.6335;4.6425;21369;21369
2026-06-08T12:47:01.0000000Z;4.6335;4.643;21369;21369
2026-06-08T12:47:31.0000000Z;4.6335;4.643;21369;21369
2026-06-08T12:47:55.0000000Z;4.6335;4.642;21369;21369
2026-06-08T12:48:11.0000000Z;4.6335;4.6425;21369;21369
2026-06-08T12:48:41.0000000Z;4.6335;4.6425;21369;21369
2026-06-08T12:49:01.0000000Z;4.6335;4.6415;21369;21369
2026-06-08T12:49:32.0000000Z;4.6335;4.6415;21369;21369
2026-06-08T12:49:38.0000000Z;4.6335;4.642;21369;21369
2026-06-08T12:49:52.0000000Z;4.6335;4.641;21369;21369
2026-06-08T12:49:57.0000000Z;4.6335;4.6415;21369;21369
2026-06-08T12:50:17.0000000Z;4.6335;4.642;21369;21369
2026-06-08T12:50:37.0000000Z;4.6335;4.6425;21369;21369
2026-06-08T12:50:53.0000000Z;4.6335;4.6435;21369;21369
2026-06-08T12:50:58.0000000Z;4.6375;4.6435;21369;21369
2026-06-08T12:50:59.0000000Z;4.6375;4.644;21369;21369
2026-06-08T12:51:03.0000000Z;4.6375;4.6445;21369;21369
2026-06-08T12:51:22.0000000Z;4.6375;4.645;21369;21369
2026-06-08T12:51:34.0000000Z;4.6375;4.6455;21369;21369
2026-06-08T12:51:54.0000000Z;4.6375;4.646;21369;21369
2026-06-08T12:52:14.0000000Z;4.6375;4.6455;21369;21369
2026-06-08T12:52:44.0000000Z;4.6375;4.6455;21369;21369
2026-06-08T12:52:50.0000000Z;4.6375;4.646;21369;21369
2026-06-08T12:53:10.0000000Z;4.6375;4.6465;21369;21369
2026-06-08T12:53:11.0000000Z;4.6375;4.6455;21369;21369
2026-06-08T12:53:31.0000000Z;4.6375;4.646;21369;21369
2026-06-08T12:53:34.0000000Z;4.6375;4.645;21369;21369
2026-06-08T12:53:40.0000000Z;4.6375;4.6445;21369;21369
2026-06-08T12:54:05.0000000Z;4.637;4.645;21369;21369
2026-06-08T12:54:06.0000000Z;4.637;4.6445;21369;21369
2026-06-08T12:54:08.0000000Z;4.6375;4.6445;21369;21369
2026-06-08T12:54:12.0000000Z;4.6375;4.6435;21369;21369
2026-06-08T12:54:27.0000000Z;4.6375;4.6425;21369;21369
2026-06-08T12:54:46.0000000Z;4.6375;4.643;21369;21369
2026-06-08T12:55:17.0000000Z;4.6375;4.643;21369;21369
2026-06-08T12:55:23.0000000Z;4.6375;4.6435;21369;21369
2026-06-08T12:55:42.0000000Z;4.637;4.6435;21369;21369
2026-06-08T12:55:44.0000000Z;4.637;4.643;21369;21369
2026-06-08T12:55:45.0000000Z;4.6375;4.6425;21369;21369
2026-06-08T12:56:08.0000000Z;4.6375;4.643;21369;21369
2026-06-08T12:56:20.0000000Z;4.6375;4.6435;21369;21369
2026-06-08T12:56:21.0000000Z;4.6375;4.643;21369;21369
2026-06-08T12:56:23.0000000Z;4.6375;4.6435;21369;21369
2026-06-08T12:56:28.0000000Z;4.6375;4.645;21369;21369
2026-06-08T12:56:35.0000000Z;4.6375;4.6435;21369;21369
2026-06-08T12:56:49.0000000Z;4.6375;4.644;21369;21369
2026-06-08T12:57:10.0000000Z;4.6375;4.643;21369;21369
2026-06-08T12:57:20.0000000Z;4.6375;4.6435;21369;21369
2026-06-08T12:57:26.0000000Z;4.637;4.644;21369;21369
2026-06-08T12:57:34.0000000Z;4.637;4.646;21369;21369
2026-06-08T12:58:04.0000000Z;4.637;4.646;21369;21369
2026-06-08T12:58:27.0000000Z;4.6375;4.6455;21369;21369
2026-06-08T12:58:38.0000000Z;4.6375;4.644;21369;21369
2026-06-08T12:58:48.0000000Z;4.6375;4.643;21369;21369
2026-06-08T12:59:10.0000000Z;4.6375;4.642;21369;21369
2026-06-08T12:59:41.0000000Z;4.6375;4.642;21369;21369
2026-06-08T13:00:06.0000000Z;4.6375;4.6415;21369;21369
2026-06-08T13:00:20.0000000Z;4.637;4.6415;21369;21369
2026-06-08T13:00:22.0000000Z;4.637;4.6395;21369;21369
2026-06-08T13:00:23.0000000Z;4.6335;4.6395;21369;21369
2026-06-08T13:00:27.0000000Z;4.6335;4.6405;21369;21369
2026-06-08T13:00:28.0000000Z;4.6335;4.6395;21369;21369
2026-06-08T13:00:34.0000000Z;4.6335;4.639;21369;21369
2026-06-08T13:00:35.0000000Z;4.6335;4.638;21369;21369
2026-06-08T13:00:42.0000000Z;4.6335;4.6385;21369;21369
2026-06-08T13:00:46.0000000Z;4.6335;4.639;21369;21369
2026-06-08T13:00:51.0000000Z;4.6335;4.6395;21369;21369
2026-06-08T13:00:55.0000000Z;4.6335;4.64;21369;21369
2026-06-08T13:00:57.0000000Z;4.6335;4.6405;21369;21369
2026-06-08T13:01:01.0000000Z;4.6335;4.6395;21369;21369
2026-06-08T13:01:04.0000000Z;4.6335;4.64;21369;21369
2026-06-08T13:01:14.0000000Z;4.6335;4.6405;21369;21369
2026-06-08T13:01:28.0000000Z;4.6335;4.641;21369;21369
2026-06-08T13:01:58.0000000Z;4.6335;4.641;21369;21369
2026-06-08T13:02:04.0000000Z;4.6335;4.64;21369;21369
2026-06-08T13:02:07.0000000Z;4.6335;4.6405;21369;21369
2026-06-08T13:02:36.0000000Z;4.6335;4.6405;21369;21369
2026-06-08T13:02:42.0000000Z;4.6335;4.6395;21369;21369
2026-06-08T13:03:00.0000000Z;4.6335;4.64;21369;21369
2026-06-08T13:03:10.0000000Z;4.6335;4.639;21369;21369
2026-06-08T13:03:25.0000000Z;4.6335;4.6385;21369;21369
2026-06-08T13:03:35.0000000Z;4.6335;4.6375;21369;21369
2026-06-08T13:03:48.0000000Z;4.6335;4.638;21369;21369
2026-06-08T13:03:56.0000000Z;4.6335;4.6385;21369;21369
2026-06-08T13:04:06.0000000Z;4.6335;4.639;21369;21369
2026-06-08T13:04:08.0000000Z;4.6335;4.6395;21369;21369
2026-06-08T13:04:16.0000000Z;4.6335;4.6385;21369;21369
2026-06-08T13:04:21.0000000Z;4.6335;4.639;21369;21369
2026-06-08T13:04:35.0000000Z;4.6335;4.6395;21369;21369
2026-06-08T13:05:06.0000000Z;4.6335;4.6395;21369;21369
2026-06-08T13:05:10.0000000Z;4.6335;4.64;21369;21369
2026-06-08T13:05:19.0000000Z;4.6335;4.639;21369;21369
2026-06-08T13:05:26.0000000Z;4.6335;4.64;21369;21369
2026-06-08T13:05:35.0000000Z;4.633;4.64;21369;21369
2026-06-08T13:05:36.0000000Z;4.633;4.6405;21369;21369
2026-06-08T13:05:38.0000000Z;4.6335;4.64;21369;21369
2026-06-08T13:05:55.0000000Z;4.6335;4.6405;21369;21369
2026-06-08T13:06:06.0000000Z;4.6335;4.641;21369;21369
2026-06-08T13:06:31.0000000Z;4.6335;4.64;21369;21369
2026-06-08T13:06:38.0000000Z;4.6335;4.6405;21369;21369
2026-06-08T13:07:08.0000000Z;4.6335;4.6405;21369;21369
2026-06-08T13:07:19.0000000Z;4.6335;4.6395;21369;21369
2026-06-08T13:07:27.0000000Z;4.6335;4.64;21369;21369
2026-06-08T13:07:37.0000000Z;4.6335;4.6405;21369;21369
2026-06-08T13:07:41.0000000Z;4.6335;4.641;21369;21369
2026-06-08T13:07:53.0000000Z;4.6335;4.6415;21369;21369
2026-06-08T13:07:55.0000000Z;4.6335;4.6405;21369;21369
2026-06-08T13:08:04.0000000Z;4.6335;4.641;21369;21369
2026-06-08T13:08:18.0000000Z;4.6335;4.64;21369;21369
2026-06-08T13:08:37.0000000Z;4.6335;4.6405;21369;21369
2026-06-08T13:08:47.0000000Z;4.6335;4.6395;21369;21369
2026-06-08T13:08:53.0000000Z;4.6335;4.6385;21369;21369
2026-06-08T13:08:57.0000000Z;4.6335;4.639;21369;21369
2026-06-08T13:09:01.0000000Z;4.6335;4.638;21369;21369
2026-06-08T13:09:16.0000000Z;4.6335;4.6385;21369;21369
2026-06-08T13:09:47.0000000Z;4.6335;4.6385;21369;21369
2026-06-08T13:10:01.0000000Z;4.6335;4.639;21369;21369
2026-06-08T13:10:11.0000000Z;4.6335;4.6395;21369;21369
2026-06-08T13:10:27.0000000Z;4.6335;4.64;21369;21369
2026-06-08T13:10:30.0000000Z;4.6335;4.6405;21369;21369
2026-06-08T13:10:52.0000000Z;4.6335;4.641;21369;21369
2026-06-08T13:11:01.0000000Z;4.6335;4.6415;21369;21369
2026-06-08T13:11:08.0000000Z;4.6335;4.641;21369;21369
2026-06-08T13:11:14.0000000Z;4.6335;4.642;21369;21369
2026-06-08T13:11:19.0000000Z;4.6335;4.641;21369;21369
2026-06-08T13:11:45.0000000Z;4.6335;4.6405;21369;21369
2026-06-08T13:11:46.0000000Z;4.6335;4.64;21369;21369
2026-06-08T13:12:03.0000000Z;4.6335;4.6395;21369;21369
2026-06-08T13:12:05.0000000Z;4.6335;4.639;21369;21369
2026-06-08T13:12:07.0000000Z;4.6335;4.639;21369;21369
2026-06-08T13:12:08.0000000Z;4.6335;4.639;21369;21369
2026-06-08T13:12:09.0000000Z;4.6335;4.6395;21369;21369
2026-06-08T13:12:11.0000000Z;4.6335;4.641;21369;21369
2026-06-08T13:12:17.0000000Z;4.6335;4.64;21369;21369
2026-06-08T13:12:39.0000000Z;4.6335;4.6405;21369;21369
2026-06-08T13:12:44.0000000Z;4.6335;4.64;21369;21369
2026-06-08T13:12:46.0000000Z;4.6335;4.6395;21369;21369
2026-06-08T13:13:06.0000000Z;4.6335;4.639;21369;21369
2026-06-08T13:13:14.0000000Z;4.6335;4.6385;21369;21369
2026-06-08T13:13:16.0000000Z;4.6335;4.639;21369;21369
2026-06-08T13:13:23.0000000Z;4.6335;4.6395;21369;21369
2026-06-08T13:13:25.0000000Z;4.6335;4.64;21369;21369
2026-06-08T13:13:32.0000000Z;4.6335;4.6395;21369;21369
2026-06-08T13:13:42.0000000Z;4.6335;4.639;21369;21369
2026-06-08T13:13:46.0000000Z;4.6335;4.6395;21369;21369
2026-06-08T13:14:14.0000000Z;4.6335;4.64;21369;21369
2026-06-08T13:14:15.0000000Z;4.6335;4.6395;21369;21369
2026-06-08T13:14:17.0000000Z;4.6335;4.64;21369;21369
2026-06-08T13:14:18.0000000Z;4.6335;4.6395;21369;21369
2026-06-08T13:14:19.0000000Z;4.6335;4.64;21369;21369
2026-06-08T13:14:20.0000000Z;4.6335;4.6415;21369;21369
2026-06-08T13:14:26.0000000Z;4.6335;4.64;21369;21369
2026-06-08T13:14:33.0000000Z;4.6335;4.6395;21369;21369
2026-06-08T13:14:59.0000000Z;4.6335;4.64;21369;21369
2026-06-08T13:15:02.0000000Z;4.6335;4.6415;21369;21369
2026-06-08T13:15:08.0000000Z;4.6335;4.64;21369;21369
2026-06-08T13:15:20.0000000Z;4.6335;4.6395;21369;21369
2026-06-08T13:15:25.0000000Z;4.6335;4.641;21369;21369
2026-06-08T13:15:30.0000000Z;4.6335;4.64;21369;21369
2026-06-08T13:15:39.0000000Z;4.6335;4.6405;21369;21369
2026-06-08T13:15:50.0000000Z;4.6335;4.641;21369;21369
2026-06-08T13:15:52.0000000Z;4.6335;4.6405;21369;21369
2026-06-08T13:15:59.0000000Z;4.6335;4.642;21369;21369
2026-06-08T13:16:00.0000000Z;4.6335;4.641;21369;21369
2026-06-08T13:16:03.0000000Z;4.6335;4.6405;21369;21369
2026-06-08T13:16:05.0000000Z;4.6335;4.641;21369;21369
2026-06-08T13:16:10.0000000Z;4.633;4.641;21369;21369
2026-06-08T13:16:14.0000000Z;4.633;4.6425;21369;21369
2026-06-08T13:16:44.0000000Z;4.633;4.6425;21369;21369
2026-06-08T13:16:46.0000000Z;4.6335;4.642;21369;21369
2026-06-08T13:16:49.0000000Z;4.6335;4.641;21369;21369
2026-06-08T13:17:11.0000000Z;4.6335;4.6415;21369;21369
2026-06-08T13:17:23.0000000Z;4.6335;4.641;21369;21369
2026-06-08T13:17:27.0000000Z;4.6335;4.642;21369;21369
2026-06-08T13:17:33.0000000Z;4.6335;4.6405;21369;21369
2026-06-08T13:17:37.0000000Z;4.6335;4.6405;21369;21369
2026-06-08T13:17:40.0000000Z;4.6335;4.641;21369;21369
2026-06-08T13:17:46.0000000Z;4.6335;4.6415;21369;21369
2026-06-08T13:18:01.0000000Z;4.6335;4.641;21369;21369
2026-06-08T13:18:03.0000000Z;4.6335;4.6405;21369;21369
2026-06-08T13:18:05.0000000Z;4.6335;4.641;21369;21369
2026-06-08T13:18:06.0000000Z;4.6335;4.641;21369;21369
2026-06-08T13:18:09.0000000Z;4.6335;4.6415;21369;21369
2026-06-08T13:18:10.0000000Z;4.6335;4.641;21369;21369
2026-06-08T13:18:17.0000000Z;4.6335;4.6415;21369;21369
2026-06-08T13:18:18.0000000Z;4.6335;4.641;21369;21369
2026-06-08T13:18:23.0000000Z;4.6335;4.642;21369;21369
2026-06-08T13:18:31.0000000Z;4.6335;4.6405;21369;21369
2026-06-08T13:18:35.0000000Z;4.6335;4.641;21369;21369
2026-06-08T13:18:36.0000000Z;4.6335;4.6405;21369;21369
2026-06-08T13:18:38.0000000Z;4.6335;4.642;21369;21369
2026-06-08T13:18:44.0000000Z;4.6335;4.6405;21369;21369
2026-06-08T13:18:45.0000000Z;4.6335;4.641;21369;21369
2026-06-08T13:18:46.0000000Z;4.6335;4.6405;21369;21369
2026-06-08T13:19:02.0000000Z;4.6335;4.641;21369;21369
2026-06-08T13:19:06.0000000Z;4.6335;4.642;21369;21369
2026-06-08T13:19:13.0000000Z;4.6335;4.641;21369;21369
2026-06-08T13:19:14.0000000Z;4.6335;4.6405;21369;21369
2026-06-08T13:19:36.0000000Z;4.6335;4.6415;21369;21369
2026-06-08T13:19:42.0000000Z;4.6335;4.6405;21369;21369
2026-06-08T13:19:43.0000000Z;4.6335;4.64;21369;21369
2026-06-08T13:19:45.0000000Z;4.6335;4.6395;21369;21369
2026-06-08T13:19:49.0000000Z;4.6335;4.639;21369;21369
2026-06-08T13:20:00.0000000Z;4.6335;4.6385;21369;21369
2026-06-08T13:20:07.0000000Z;4.6335;4.638;21369;21369
2026-06-08T13:20:09.0000000Z;4.6335;4.638;21369;21369
2026-06-08T13:20:11.0000000Z;4.6335;4.639;21369;21369
2026-06-08T13:20:18.0000000Z;4.6335;4.6385;21369;21369
2026-06-08T13:20:19.0000000Z;4.6335;4.638;21369;21369
2026-06-08T13:20:25.0000000Z;4.6335;4.6375;21369;21369
2026-06-08T13:20:31.0000000Z;4.6335;4.637;21369;21369
2026-06-08T13:20:32.0000000Z;4.6335;4.6375;21369;21369
2026-06-08T13:20:34.0000000Z;4.6295;4.6385;21369;21369
2026-06-08T13:20:40.0000000Z;4.6295;4.637;21369;21369
2026-06-08T13:20:47.0000000Z;4.6295;4.6365;21369;21369
2026-06-08T13:20:50.0000000Z;4.6295;4.636;21369;21369
2026-06-08T13:20:52.0000000Z;4.6295;4.6365;21369;21369
2026-06-08T13:20:57.0000000Z;4.6295;4.636;21369;21369
2026-06-08T13:20:59.0000000Z;4.6295;4.6365;21369;21369
2026-06-08T13:21:02.0000000Z;4.6295;4.6375;21369;21369
2026-06-08T13:21:08.0000000Z;4.6295;4.6365;21369;21369
2026-06-08T13:21:18.0000000Z;4.6295;4.636;21369;21369
2026-06-08T13:21:23.0000000Z;4.6295;4.6355;21369;21369
2026-06-08T13:21:24.0000000Z;4.6295;4.6365;21369;21369
2026-06-08T13:21:30.0000000Z;4.6295;4.6355;21369;21369
2026-06-08T13:21:34.0000000Z;4.6295;4.636;21369;21369
2026-06-08T13:21:39.0000000Z;4.6295;4.637;21369;21369
2026-06-08T13:21:45.0000000Z;4.6295;4.636;21369;21369
2026-06-08T13:21:46.0000000Z;4.6295;4.6355;21369;21369
2026-06-08T13:21:53.0000000Z;4.6295;4.6365;21369;21369
2026-06-08T13:21:59.0000000Z;4.6295;4.636;21369;21369
2026-06-08T13:22:01.0000000Z;4.6295;4.6355;21369;21369
2026-06-08T13:22:03.0000000Z;4.6295;4.635;21369;21369
2026-06-08T13:22:05.0000000Z;4.6295;4.6345;21369;21369
2026-06-08T13:22:07.0000000Z;4.6295;4.634;21369;21369
2026-06-08T13:22:10.0000000Z;4.6295;4.6335;21369;21369
2026-06-08T13:22:15.0000000Z;4.6295;4.6345;21369;21369
2026-06-08T13:22:21.0000000Z;4.6295;4.6335;21369;21369
2026-06-08T13:22:22.0000000Z;4.6295;4.6335;21369;21369
2026-06-08T13:22:28.0000000Z;4.6295;4.634;21369;21369
2026-06-08T13:22:29.0000000Z;4.6295;4.634;21369;21369
2026-06-08T13:22:31.0000000Z;4.6295;4.6345;21369;21369
2026-06-08T13:22:33.0000000Z;4.6295;4.634;21369;21369
2026-06-08T13:22:36.0000000Z;4.6295;4.6355;21369;21369
2026-06-08T13:22:42.0000000Z;4.6295;4.6335;21369;21369
2026-06-08T13:22:46.0000000Z;4.6255;4.6335;21369;21369
2026-06-08T13:22:47.0000000Z;4.6255;4.6325;21369;21369
2026-06-08T13:22:51.0000000Z;4.6255;4.631;21369;21369
2026-06-08T13:22:53.0000000Z;4.6255;4.6305;21369;21369
2026-06-08T13:22:56.0000000Z;4.6255;4.631;21369;21369
2026-06-08T13:23:05.0000000Z;4.6255;4.632;21369;21369
2026-06-08T13:23:11.0000000Z;4.6255;4.632;21369;21369
2026-06-08T13:23:12.0000000Z;4.6255;4.6315;21369;21369
2026-06-08T13:23:19.0000000Z;4.6255;4.633;21369;21369
2026-06-08T13:23:28.0000000Z;4.6255;4.6325;21369;21369
2026-06-08T13:23:31.0000000Z;4.6255;4.633;21369;21369
2026-06-08T13:23:35.0000000Z;4.6255;4.6335;21369;21369
2026-06-08T13:23:41.0000000Z;4.6255;4.6325;21369;21369
2026-06-08T13:23:43.0000000Z;4.6255;4.633;21369;21369
2026-06-08T13:23:56.0000000Z;4.6255;4.634;21369;21369
2026-06-08T13:24:03.0000000Z;4.6255;4.633;21369;21369
2026-06-08T13:24:15.0000000Z;4.6255;4.6335;21369;21369
2026-06-08T13:24:18.0000000Z;4.6255;4.635;21369;21369
2026-06-08T13:24:24.0000000Z;4.6255;4.634;21369;21369
2026-06-08T13:24:25.0000000Z;4.6255;4.634;21369;21369
2026-06-08T13:24:28.0000000Z;4.6255;4.6345;21369;21369
2026-06-08T13:24:32.0000000Z;4.6255;4.6355;21369;21369
2026-06-08T13:24:38.0000000Z;4.6255;4.635;21369;21369
2026-06-08T13:24:40.0000000Z;4.6255;4.6345;21369;21369
2026-06-08T13:24:41.0000000Z;4.6255;4.635;21369;21369
2026-06-08T13:24:46.0000000Z;4.6255;4.6345;21369;21369
2026-06-08T13:24:47.0000000Z;4.6255;4.6355;21369;21369
2026-06-08T13:24:50.0000000Z;4.625;4.636;21369;21369
2026-06-08T13:25:02.0000000Z;4.625;4.6375;21369;21369
2026-06-08T13:25:12.0000000Z;4.625;4.636;21369;21369
2026-06-08T13:25:30.0000000Z;4.625;4.6375;21369;21369
2026-06-08T13:25:56.0000000Z;4.625;4.6375;21369;21369
2026-06-08T13:26:26.0000000Z;4.625;4.6375;21369;21369
2026-06-08T13:26:33.0000000Z;4.629;4.6375;21369;21369
2026-06-08T13:26:37.0000000Z;4.629;4.639;21369;21369
2026-06-08T13:27:07.0000000Z;4.629;4.639;21369;21369
2026-06-08T13:27:38.0000000Z;4.629;4.639;21369;21369
2026-06-08T13:27:41.0000000Z;4.629;4.6405;21369;21369
2026-06-08T13:28:11.0000000Z;4.629;4.6405;21369;21369
2026-06-08T13:28:42.0000000Z;4.629;4.6405;21369;21369
2026-06-08T13:29:05.0000000Z;4.6;4.675;21369;21369
2026-06-08T13:29:12.0000000Z;4.6;4.673;21369;21369
2026-06-08T13:29:28.0000000Z;4.6;4.675;21369;21369
2026-06-08T13:29:31.0000000Z;4.6;4.674;21369;21369
2026-06-08T13:29:46.0000000Z;4.6;4.674;21369;21369
2026-06-08T13:29:56.0000000Z;4.6;4.673;21369;21369
2026-06-08T13:29:57.0000000Z;4.6;4.672;21369;21369
2026-06-08T13:30:05.0000000Z;4.603;4.666;21369;21369
2026-06-08T13:30:07.0000000Z;4.603;4.663;21369;21369
2026-06-08T13:30:12.0000000Z;4.6065;4.6575;21369;21369
2026-06-08T13:30:15.0000000Z;4.6105;4.6535;21369;21369
2026-06-08T13:30:17.0000000Z;4.613;4.651;21369;21369
2026-06-08T13:30:23.0000000Z;4.615;4.651;21369;21369
2026-06-08T13:30:24.0000000Z;4.615;4.666;21369;21369
2026-06-08T13:30:25.0000000Z;4.617;4.659;21369;21369
2026-06-08T13:30:27.0000000Z;4.617;4.646;21369;21369
2026-06-08T13:30:29.0000000Z;4.617;4.645;21369;21369
2026-06-08T13:30:35.0000000Z;4.617;4.6515;21369;21369
2026-06-08T13:30:36.0000000Z;4.617;4.6455;21369;21369
2026-06-08T13:30:43.0000000Z;4.6115;4.6445;21369;21369
2026-06-08T13:30:48.0000000Z;4.6115;4.6585;21369;21369
2026-06-08T13:30:51.0000000Z;4.6115;4.6465;21369;21369
2026-06-08T13:30:52.0000000Z;4.6115;4.6435;21369;21369
2026-06-08T13:31:01.0000000Z;4.6035;4.6475;21369;21369
2026-06-08T13:31:02.0000000Z;4.6075;4.6425;21369;21369
2026-06-08T13:31:10.0000000Z;4.6075;4.6435;21369;21369
2026-06-08T13:31:11.0000000Z;4.6075;4.6405;21369;21369
2026-06-08T13:31:12.0000000Z;4.6065;4.6405;21369;21369
2026-06-08T13:31:18.0000000Z;4.6065;4.6415;21369;21369
2026-06-08T13:31:20.0000000Z;4.6065;4.6405;21369;21369
2026-06-08T13:31:26.0000000Z;4.6065;4.6505;21369;21369
2026-06-08T13:31:27.0000000Z;4.608;4.649;21369;21369
2026-06-08T13:31:30.0000000Z;4.6125;4.6425;21369;21369
2026-06-08T13:31:31.0000000Z;4.6125;4.6405;21369;21369
2026-06-08T13:31:35.0000000Z;4.6125;4.6505;21369;21369
2026-06-08T13:31:44.0000000Z;4.607;4.6505;21369;21369
2026-06-08T13:31:48.0000000Z;4.609;4.6475;21369;21369
2026-06-08T13:31:53.0000000Z;4.609;4.6505;21369;21369
2026-06-08T13:31:59.0000000Z;4.61;4.6505;21369;21369
2026-06-08T13:32:09.0000000Z;4.6105;4.65;21369;21369
2026-06-08T13:32:12.0000000Z;4.62;4.644;21369;21369
2026-06-08T13:32:14.0000000Z;4.62;4.6435;21369;21369
2026-06-08T13:32:21.0000000Z;4.62;4.6505;21369;21369
2026-06-08T13:32:40.0000000Z;4.622;4.6485;21369;21369
2026-06-08T13:32:42.0000000Z;4.623;4.6435;21369;21369
2026-06-08T13:32:47.0000000Z;4.6215;4.6495;21369;21369
2026-06-08T13:32:48.0000000Z;4.6225;4.6435;21369;21369
2026-06-08T13:32:55.0000000Z;4.6225;4.6465;21369;21369
2026-06-08T13:32:56.0000000Z;4.6225;4.6435;21369;21369
2026-06-08T13:32:58.0000000Z;4.6215;4.6435;21369;21369
2026-06-08T13:33:00.0000000Z;4.6225;4.6435;21369;21369
2026-06-08T13:33:01.0000000Z;4.6225;4.6495;21369;21369
2026-06-08T13:33:07.0000000Z;4.6215;4.6505;21369;21369
2026-06-08T13:33:08.0000000Z;4.6215;4.6495;21369;21369
2026-06-08T13:33:23.0000000Z;4.6245;4.6455;21369;21369
2026-06-08T13:33:25.0000000Z;4.6265;4.6455;21369;21369
2026-06-08T13:33:30.0000000Z;4.6265;4.6475;21369;21369
2026-06-08T13:33:42.0000000Z;4.6265;4.6635;21369;21369
2026-06-08T13:33:43.0000000Z;4.6265;4.6565;21369;21369
2026-06-08T13:33:46.0000000Z;4.625;4.6565;21369;21369
2026-06-08T13:33:51.0000000Z;4.626;4.6565;21369;21369
2026-06-08T13:34:07.0000000Z;4.6365;4.65;21369;21369
2026-06-08T13:34:09.0000000Z;4.6365;4.6445;21369;21369
2026-06-08T13:34:16.0000000Z;4.6365;4.645;21369;21369
2026-06-08T13:34:18.0000000Z;4.6365;4.646;21369;21369
2026-06-08T13:34:20.0000000Z;4.6365;4.6465;21369;21369
2026-06-08T13:34:23.0000000Z;4.6365;4.647;21369;21369
2026-06-08T13:34:24.0000000Z;4.6365;4.6475;21369;21369
2026-06-08T13:34:27.0000000Z;4.6365;4.647;21369;21369
2026-06-08T13:34:31.0000000Z;4.6365;4.6475;21369;21369
2026-06-08T13:34:32.0000000Z;4.6365;4.647;21369;21369
2026-06-08T13:34:36.0000000Z;4.6365;4.6465;21369;21369
2026-06-08T13:34:38.0000000Z;4.6365;4.647;21369;21369
2026-06-08T13:34:41.0000000Z;4.6405;4.6475;21369;21369
2026-06-08T13:34:44.0000000Z;4.6405;4.6485;21369;21369
2026-06-08T13:34:45.0000000Z;4.6405;4.648;21369;21369
2026-06-08T13:34:50.0000000Z;4.6405;4.6485;21369;21369
2026-06-08T13:34:55.0000000Z;4.6405;4.649;21369;21369
2026-06-08T13:34:58.0000000Z;4.6405;4.6495;21369;21369
2026-06-08T13:35:01.0000000Z;4.6405;4.651;21369;21369
2026-06-08T13:35:04.0000000Z;4.6405;4.6515;21369;21369
2026-06-08T13:35:07.0000000Z;4.6405;4.65;21369;21369
2026-06-08T13:35:10.0000000Z;4.6405;4.6505;21369;21369
2026-06-08T13:35:13.0000000Z;4.6405;4.651;21369;21369
2026-06-08T13:35:18.0000000Z;4.6445;4.651;21369;21369
2026-06-08T13:35:20.0000000Z;4.6445;4.652;21369;21369
2026-06-08T13:35:21.0000000Z;4.6445;4.6535;21369;21369
2026-06-08T13:35:22.0000000Z;4.6445;4.6515;21369;21369
2026-06-08T13:35:28.0000000Z;4.6445;4.651;21369;21369
2026-06-08T13:35:33.0000000Z;4.6445;4.6515;21369;21369
2026-06-08T13:35:35.0000000Z;4.6445;4.6505;21369;21369
2026-06-08T13:35:39.0000000Z;4.6445;4.651;21369;21369
2026-06-08T13:35:40.0000000Z;4.6445;4.65;21369;21369
2026-06-08T13:35:43.0000000Z;4.6445;4.648;21369;21369
2026-06-08T13:35:44.0000000Z;4.6405;4.648;21369;21369
2026-06-08T13:35:47.0000000Z;4.6405;4.649;21369;21369
2026-06-08T13:35:52.0000000Z;4.6405;4.6485;21369;21369
2026-06-08T13:35:57.0000000Z;4.6405;4.648;21369;21369
2026-06-08T13:35:59.0000000Z;4.6405;4.6475;21369;21369
2026-06-08T13:36:01.0000000Z;4.6405;4.647;21369;21369
2026-06-08T13:36:04.0000000Z;4.6405;4.648;21369;21369
2026-06-08T13:36:12.0000000Z;4.6405;4.6485;21369;21369
2026-06-08T13:36:14.0000000Z;4.6405;4.649;21369;21369
2026-06-08T13:36:16.0000000Z;4.6405;4.6485;21369;21369
2026-06-08T13:36:17.0000000Z;4.6405;4.649;21369;21369
2026-06-08T13:36:18.0000000Z;4.6405;4.6485;21369;21369
2026-06-08T13:36:19.0000000Z;4.6405;4.649;21369;21369
2026-06-08T13:36:20.0000000Z;4.6405;4.65;21369;21369
2026-06-08T13:36:25.0000000Z;4.6405;4.6485;21369;21369
2026-06-08T13:36:29.0000000Z;4.6405;4.648;21369;21369
2026-06-08T13:36:33.0000000Z;4.6405;4.6485;21369;21369
2026-06-08T13:36:34.0000000Z;4.6405;4.649;21369;21369
2026-06-08T13:36:39.0000000Z;4.6405;4.6495;21369;21369
2026-06-08T13:36:40.0000000Z;4.6405;4.649;21369;21369
2026-06-08T13:36:42.0000000Z;4.6405;4.6495;21369;21369
2026-06-08T13:36:48.0000000Z;4.6405;4.6485;21369;21369
2026-06-08T13:36:51.0000000Z;4.6405;4.649;21369;21369
2026-06-08T13:36:56.0000000Z;4.6405;4.6495;21369;21369
2026-06-08T13:37:02.0000000Z;4.6405;4.65;21369;21369
2026-06-08T13:37:03.0000000Z;4.6405;4.6505;21369;21369
2026-06-08T13:37:06.0000000Z;4.6405;4.651;21369;21369
2026-06-08T13:37:08.0000000Z;4.6405;4.6505;21369;21369
2026-06-08T13:37:15.0000000Z;4.6405;4.651;21369;21369
2026-06-08T13:37:18.0000000Z;4.6405;4.6515;21369;21369
2026-06-08T13:37:19.0000000Z;4.6405;4.6505;21369;21369
2026-06-08T13:37:21.0000000Z;4.6405;4.651;21369;21369
2026-06-08T13:37:25.0000000Z;4.6405;4.652;21369;21369
2026-06-08T13:37:26.0000000Z;4.6445;4.652;21369;21369
2026-06-08T13:37:30.0000000Z;4.6445;4.6515;21369;21369
2026-06-08T13:37:33.0000000Z;4.6445;4.651;21369;21369
2026-06-08T13:37:35.0000000Z;4.6445;4.65;21369;21369
2026-06-08T13:37:38.0000000Z;4.6445;4.6505;21369;21369
2026-06-08T13:37:40.0000000Z;4.6445;4.651;21369;21369
2026-06-08T13:37:43.0000000Z;4.6445;4.6515;21369;21369
2026-06-08T13:37:48.0000000Z;4.6445;4.651;21369;21369
2026-06-08T13:37:51.0000000Z;4.6445;4.652;21369;21369
2026-06-08T13:37:54.0000000Z;4.6445;4.6515;21369;21369
2026-06-08T13:37:57.0000000Z;4.6445;4.651;21369;21369
2026-06-08T13:37:59.0000000Z;4.6445;4.6515;21369;21369
2026-06-08T13:38:04.0000000Z;4.6445;4.651;21369;21369
2026-06-08T13:38:12.0000000Z;4.6445;4.649;21369;21369
2026-06-08T13:38:18.0000000Z;4.6445;4.6495;21369;21369
2026-06-08T13:38:19.0000000Z;4.6445;4.648;21369;21369
2026-06-08T13:38:20.0000000Z;4.6405;4.648;21369;21369
2026-06-08T13:38:23.0000000Z;4.6405;4.6475;21369;21369
2026-06-08T13:38:24.0000000Z;4.6405;4.6485;21369;21369
2026-06-08T13:38:26.0000000Z;4.6405;4.648;21369;21369
2026-06-08T13:38:29.0000000Z;4.6405;4.649;21369;21369
2026-06-08T13:38:33.0000000Z;4.6405;4.648;21369;21369
2026-06-08T13:38:35.0000000Z;4.6405;4.6475;21369;21369
2026-06-08T13:38:41.0000000Z;4.6405;4.648;21369;21369
2026-06-08T13:38:45.0000000Z;4.6405;4.6485;21369;21369
2026-06-08T13:38:46.0000000Z;4.6405;4.65;21369;21369
2026-06-08T13:38:50.0000000Z;4.6405;4.649;21369;21369
2026-06-08T13:38:59.0000000Z;4.6405;4.6495;21369;21369
2026-06-08T13:39:02.0000000Z;4.6405;4.6505;21369;21369
2026-06-08T13:39:03.0000000Z;4.6405;4.65;21369;21369
2026-06-08T13:39:06.0000000Z;4.6405;4.649;21369;21369
2026-06-08T13:39:09.0000000Z;4.6405;4.6495;21369;21369
2026-06-08T13:39:11.0000000Z;4.6405;4.65;21369;21369
2026-06-08T13:39:14.0000000Z;4.6445;4.6505;21369;21369
2026-06-08T13:39:15.0000000Z;4.6445;4.6525;21369;21369
2026-06-08T13:39:16.0000000Z;4.6445;4.652;21369;21369
2026-06-08T13:39:25.0000000Z;4.6445;4.6505;21369;21369
2026-06-08T13:39:38.0000000Z;4.6445;4.651;21369;21369
2026-06-08T13:39:39.0000000Z;4.6445;4.652;21369;21369
2026-06-08T13:40:00.0000000Z;4.6445;4.6535;21369;21369
2026-06-08T13:40:26.0000000Z;4.6445;4.654;21369;21369
2026-06-08T13:40:28.0000000Z;4.6445;4.655;21369;21369
2026-06-08T13:40:31.0000000Z;4.6445;4.6535;21369;21369
2026-06-08T13:40:35.0000000Z;4.6445;4.655;21369;21369
2026-06-08T13:40:38.0000000Z;4.6445;4.6535;21369;21369
2026-06-08T13:40:43.0000000Z;4.6445;4.6555;21369;21369
2026-06-08T13:40:44.0000000Z;4.6445;4.655;21369;21369
2026-06-08T13:40:52.0000000Z;4.6445;4.6555;21369;21369
2026-06-08T13:40:53.0000000Z;4.6445;4.654;21369;21369
2026-06-08T13:40:56.0000000Z;4.6445;4.6535;21369;21369
2026-06-08T13:41:10.0000000Z;4.6445;4.655;21369;21369
2026-06-08T13:41:17.0000000Z;4.6445;4.6545;21369;21369
2026-06-08T13:41:20.0000000Z;4.6445;4.654;21369;21369
2026-06-08T13:41:22.0000000Z;4.6445;4.6525;21369;21369
2026-06-08T13:41:25.0000000Z;4.6445;4.653;21369;21369
2026-06-08T13:41:27.0000000Z;4.6445;4.6525;21369;21369
2026-06-08T13:41:31.0000000Z;4.6445;4.6535;21369;21369
2026-06-08T13:41:32.0000000Z;4.6445;4.652;21369;21369
2026-06-08T13:41:34.0000000Z;4.6445;4.6515;21369;21369
2026-06-08T13:41:40.0000000Z;4.6445;4.651;21369;21369
2026-06-08T13:41:44.0000000Z;4.6445;4.6525;21369;21369
2026-06-08T13:41:45.0000000Z;4.6445;4.652;21369;21369
2026-06-08T13:41:48.0000000Z;4.6445;4.6515;21369;21369
2026-06-08T13:41:52.0000000Z;4.6445;4.651;21369;21369
2026-06-08T13:41:54.0000000Z;4.6445;4.652;21369;21369
2026-06-08T13:42:00.0000000Z;4.6445;4.651;21369;21369
2026-06-08T13:42:01.0000000Z;4.6445;4.6515;21369;21369
2026-06-08T13:42:05.0000000Z;4.6445;4.6505;21369;21369
2026-06-08T13:42:07.0000000Z;4.6445;4.651;21369;21369
2026-06-08T13:42:09.0000000Z;4.6445;4.652;21369;21369
2026-06-08T13:42:10.0000000Z;4.6445;4.651;21369;21369
2026-06-08T13:42:12.0000000Z;4.6445;4.6505;21369;21369
2026-06-08T13:42:14.0000000Z;4.6445;4.65;21369;21369
2026-06-08T13:42:22.0000000Z;4.6445;4.6515;21369;21369
2026-06-08T13:42:27.0000000Z;4.6445;4.653;21369;21369
2026-06-08T13:42:31.0000000Z;4.6445;4.6515;21369;21369
2026-06-08T13:42:37.0000000Z;4.6445;4.6495;21369;21369
2026-06-08T13:42:40.0000000Z;4.6445;4.649;21369;21369
2026-06-08T13:42:46.0000000Z;4.6445;4.652;21369;21369
2026-06-08T13:42:47.0000000Z;4.6445;4.6505;21369;21369
2026-06-08T13:42:51.0000000Z;4.6445;4.65;21369;21369
2026-06-08T13:42:56.0000000Z;4.6445;4.649;21369;21369
2026-06-08T13:43:05.0000000Z;4.6405;4.6485;21369;21369
2026-06-08T13:43:08.0000000Z;4.6405;4.6475;21369;21369
2026-06-08T13:43:10.0000000Z;4.6405;4.647;21369;21369
2026-06-08T13:43:14.0000000Z;4.6405;4.6455;21369;21369
2026-06-08T13:43:17.0000000Z;4.6405;4.646;21369;21369
2026-06-08T13:43:18.0000000Z;4.6405;4.645;21369;21369
2026-06-08T13:43:22.0000000Z;4.6405;4.647;21369;21369
2026-06-08T13:43:27.0000000Z;4.6405;4.648;21369;21369
2026-06-08T13:43:30.0000000Z;4.6405;4.647;21369;21369
2026-06-08T13:43:35.0000000Z;4.6405;4.6475;21369;21369
2026-06-08T13:43:41.0000000Z;4.6405;4.646;21369;21369
2026-06-08T13:43:43.0000000Z;4.6405;4.6465;21369;21369
2026-06-08T13:43:44.0000000Z;4.6405;4.647;21369;21369
2026-06-08T13:43:46.0000000Z;4.6405;4.648;21369;21369
2026-06-08T13:43:49.0000000Z;4.6405;4.6495;21369;21369
2026-06-08T13:43:51.0000000Z;4.6405;4.649;21369;21369
2026-06-08T13:43:57.0000000Z;4.6405;4.648;21369;21369
2026-06-08T13:44:00.0000000Z;4.6405;4.6485;21369;21369
2026-06-08T13:44:01.0000000Z;4.6405;4.648;21369;21369
2026-06-08T13:44:06.0000000Z;4.6405;4.649;21369;21369
2026-06-08T13:44:10.0000000Z;4.6405;4.6505;21369;21369
2026-06-08T13:44:11.0000000Z;4.6405;4.65;21369;21369
2026-06-08T13:44:18.0000000Z;4.6405;4.651;21369;21369
2026-06-08T13:44:19.0000000Z;4.6405;4.65;21369;21369
2026-06-08T13:44:22.0000000Z;4.6405;4.6495;21369;21369
2026-06-08T13:44:25.0000000Z;4.6405;4.65;21369;21369
2026-06-08T13:44:31.0000000Z;4.6405;4.649;21369;21369
2026-06-08T13:44:32.0000000Z;4.6405;4.6485;21369;21369
2026-06-08T13:44:34.0000000Z;4.6405;4.6475;21369;21369
2026-06-08T13:44:37.0000000Z;4.6405;4.648;21369;21369
2026-06-08T13:44:38.0000000Z;4.6405;4.6475;21369;21369
2026-06-08T13:44:40.0000000Z;4.6405;4.647;21369;21369
2026-06-08T13:44:41.0000000Z;4.6405;4.6475;21369;21369
2026-06-08T13:44:44.0000000Z;4.6405;4.648;21369;21369
2026-06-08T13:44:45.0000000Z;4.6405;4.6485;21369;21369
2026-06-08T13:44:47.0000000Z;4.6405;4.649;21369;21369
2026-06-08T13:44:48.0000000Z;4.6405;4.6495;21369;21369
2026-06-08T13:44:52.0000000Z;4.6405;4.65;21369;21369
2026-06-08T13:44:53.0000000Z;4.6405;4.651;21369;21369
2026-06-08T13:44:55.0000000Z;4.6405;4.65;21369;21369
2026-06-08T13:44:58.0000000Z;4.6405;4.649;21369;21369
2026-06-08T13:45:00.0000000Z;4.6405;4.6485;21369;21369
2026-06-08T13:45:02.0000000Z;4.6405;4.648;21369;21369
2026-06-08T13:45:09.0000000Z;4.6405;4.6475;21369;21369
2026-06-08T13:45:10.0000000Z;4.6405;4.648;21369;21369
2026-06-08T13:45:16.0000000Z;4.6405;4.647;21369;21369
2026-06-08T13:45:18.0000000Z;4.6405;4.6465;21369;21369
2026-06-08T13:45:23.0000000Z;4.6405;4.647;21369;21369
2026-06-08T13:45:25.0000000Z;4.6405;4.648;21369;21369
2026-06-08T13:45:27.0000000Z;4.6405;4.6465;21369;21369
2026-06-08T13:45:34.0000000Z;4.6405;4.6465;21369;21369
2026-06-08T13:45:36.0000000Z;4.6405;4.6475;21369;21369
2026-06-08T13:45:39.0000000Z;4.6405;4.648;21369;21369
2026-06-08T13:45:46.0000000Z;4.6405;4.6465;21369;21369
2026-06-08T13:45:53.0000000Z;4.6405;4.646;21369;21369
2026-06-08T13:45:56.0000000Z;4.6405;4.6455;21369;21369
2026-06-08T13:46:00.0000000Z;4.6405;4.6445;21369;21369
2026-06-08T13:46:04.0000000Z;4.64;4.6445;21369;21369
2026-06-08T13:46:06.0000000Z;4.6365;4.6435;21369;21369
2026-06-08T13:46:18.0000000Z;4.6365;4.6425;21369;21369
2026-06-08T13:46:22.0000000Z;4.6365;4.6435;21369;21369
2026-06-08T13:46:28.0000000Z;4.6365;4.643;21369;21369
2026-06-08T13:46:33.0000000Z;4.6365;4.644;21369;21369
2026-06-08T13:46:36.0000000Z;4.6365;4.645;21369;21369
2026-06-08T13:46:43.0000000Z;4.6365;4.6435;21369;21369
2026-06-08T13:46:49.0000000Z;4.6365;4.643;21369;21369
2026-06-08T13:46:50.0000000Z;4.6365;4.643;21369;21369
2026-06-08T13:46:52.0000000Z;4.6365;4.644;21369;21369
2026-06-08T13:47:02.0000000Z;4.6365;4.6445;21369;21369
2026-06-08T13:47:03.0000000Z;4.6365;4.646;21369;21369
2026-06-08T13:47:07.0000000Z;4.6365;4.647;21369;21369
2026-06-08T13:47:10.0000000Z;4.6365;4.6475;21369;21369
2026-06-08T13:47:11.0000000Z;4.6365;4.6465;21369;21369
2026-06-08T13:47:12.0000000Z;4.6365;4.646;21369;21369
2026-06-08T13:47:15.0000000Z;4.6365;4.6455;21369;21369
2026-06-08T13:47:19.0000000Z;4.6365;4.646;21369;21369
2026-06-08T13:47:20.0000000Z;4.6365;4.6455;21369;21369
2026-06-08T13:47:24.0000000Z;4.6365;4.646;21369;21369
2026-06-08T13:47:25.0000000Z;4.6365;4.6465;21369;21369
2026-06-08T13:47:27.0000000Z;4.6365;4.646;21369;21369
2026-06-08T13:47:30.0000000Z;4.6365;4.6455;21369;21369
2026-06-08T13:47:34.0000000Z;4.6365;4.646;21369;21369
2026-06-08T13:47:36.0000000Z;4.6365;4.6465;21369;21369
2026-06-08T13:47:37.0000000Z;4.6365;4.647;21369;21369
2026-06-08T13:47:38.0000000Z;4.6365;4.6465;21369;21369
2026-06-08T13:47:40.0000000Z;4.6365;4.6475;21369;21369
2026-06-08T13:47:42.0000000Z;4.6365;4.647;21369;21369
2026-06-08T13:47:46.0000000Z;4.6365;4.6465;21369;21369
2026-06-08T13:47:47.0000000Z;4.6365;4.646;21369;21369
2026-06-08T13:47:50.0000000Z;4.6365;4.6455;21369;21369
2026-06-08T13:47:53.0000000Z;4.6365;4.6465;21369;21369
2026-06-08T13:47:58.0000000Z;4.6405;4.6475;21369;21369
2026-06-08T13:47:59.0000000Z;4.6405;4.647;21369;21369
2026-06-08T13:48:00.0000000Z;4.6405;4.6465;21369;21369
2026-06-08T13:48:03.0000000Z;4.6405;4.646;21369;21369
2026-06-08T13:48:07.0000000Z;4.6405;4.6475;21369;21369
2026-06-08T13:48:11.0000000Z;4.6405;4.6495;21369;21369
2026-06-08T13:48:12.0000000Z;4.6405;4.649;21369;21369
2026-06-08T13:48:15.0000000Z;4.6405;4.6485;21369;21369
2026-06-08T13:48:17.0000000Z;4.6405;4.647;21369;21369
2026-06-08T13:48:24.0000000Z;4.6405;4.648;21369;21369
2026-06-08T13:48:26.0000000Z;4.6405;4.6485;21369;21369
2026-06-08T13:48:28.0000000Z;4.6405;4.649;21369;21369
2026-06-08T13:48:29.0000000Z;4.6405;4.6485;21369;21369
2026-06-08T13:48:30.0000000Z;4.6405;4.6475;21369;21369
2026-06-08T13:48:32.0000000Z;4.6405;4.6485;21369;21369
2026-06-08T13:48:37.0000000Z;4.6405;4.649;21369;21369
2026-06-08T13:48:40.0000000Z;4.6405;4.65;21369;21369
2026-06-08T13:48:42.0000000Z;4.6405;4.6505;21369;21369
2026-06-08T13:48:47.0000000Z;4.6405;4.6505;21369;21369
2026-06-08T13:48:49.0000000Z;4.6405;4.65;21369;21369
2026-06-08T13:48:50.0000000Z;4.6405;4.6485;21369;21369
2026-06-08T13:48:54.0000000Z;4.6405;4.6495;21369;21369
2026-06-08T13:48:55.0000000Z;4.6405;4.6515;21369;21369
2026-06-08T13:48:57.0000000Z;4.6405;4.651;21369;21369
2026-06-08T13:49:01.0000000Z;4.6405;4.6505;21369;21369
2026-06-08T13:49:03.0000000Z;4.6405;4.6495;21369;21369
2026-06-08T13:49:08.0000000Z;4.6405;4.6505;21369;21369
2026-06-08T13:49:12.0000000Z;4.6405;4.651;21369;21369
2026-06-08T13:49:15.0000000Z;4.6405;4.65;21369;21369
2026-06-08T13:49:19.0000000Z;4.6405;4.6495;21369;21369
2026-06-08T13:49:23.0000000Z;4.6405;4.65;21369;21369
2026-06-08T13:49:26.0000000Z;4.6405;4.6505;21369;21369
2026-06-08T13:49:27.0000000Z;4.6405;4.65;21369;21369
2026-06-08T13:49:29.0000000Z;4.6405;4.6495;21369;21369
2026-06-08T13:49:30.0000000Z;4.6405;4.6485;21369;21369
2026-06-08T13:49:35.0000000Z;4.6405;4.649;21369;21369
2026-06-08T13:49:36.0000000Z;4.6405;4.6485;21369;21369
2026-06-08T13:49:39.0000000Z;4.6405;4.649;21369;21369
2026-06-08T13:49:41.0000000Z;4.6405;4.6495;21369;21369
2026-06-08T13:49:42.0000000Z;4.6405;4.649;21369;21369
2026-06-08T13:49:46.0000000Z;4.6405;4.648;21369;21369
2026-06-08T13:49:49.0000000Z;4.6405;4.648;21369;21369
2026-06-08T13:49:52.0000000Z;4.6405;4.649;21369;21369
2026-06-08T13:49:58.0000000Z;4.6405;4.6485;21369;21369
2026-06-08T13:49:59.0000000Z;4.6405;4.648;21369;21369
2026-06-08T13:50:02.0000000Z;4.6405;4.6485;21369;21369
2026-06-08T13:50:04.0000000Z;4.6405;4.648;21369;21369
2026-06-08T13:50:06.0000000Z;4.6405;4.649;21369;21369
2026-06-08T13:50:13.0000000Z;4.6405;4.648;21369;21369
2026-06-08T13:50:15.0000000Z;4.6405;4.6485;21369;21369
2026-06-08T13:50:18.0000000Z;4.6405;4.648;21369;21369
2026-06-08T13:50:21.0000000Z;4.6405;4.649;21369;21369
2026-06-08T13:50:24.0000000Z;4.6405;4.6495;21369;21369
2026-06-08T13:50:27.0000000Z;4.6405;4.6485;21369;21369
2026-06-08T13:50:28.0000000Z;4.6405;4.648;21369;21369
2026-06-08T13:50:31.0000000Z;4.6405;4.6485;21369;21369
2026-06-08T13:50:33.0000000Z;4.6405;4.6495;21369;21369
2026-06-08T13:50:37.0000000Z;4.6405;4.65;21369;21369
2026-06-08T13:50:39.0000000Z;4.6405;4.651;21369;21369
2026-06-08T13:50:42.0000000Z;4.6405;4.65;21369;21369
2026-06-08T13:50:50.0000000Z;4.6405;4.6515;21369;21369
2026-06-08T13:50:52.0000000Z;4.6445;4.652;21369;21369
2026-06-08T13:50:54.0000000Z;4.6445;4.6525;21369;21369
2026-06-08T13:50:55.0000000Z;4.6445;4.652;21369;21369
2026-06-08T13:50:57.0000000Z;4.6445;4.653;21369;21369
2026-06-08T13:51:04.0000000Z;4.6445;4.6505;21369;21369
2026-06-08T13:51:05.0000000Z;4.6445;4.651;21369;21369
2026-06-08T13:51:06.0000000Z;4.6445;4.6505;21369;21369
2026-06-08T13:51:08.0000000Z;4.6445;4.65;21369;21369
2026-06-08T13:51:10.0000000Z;4.6445;4.6505;21369;21369
2026-06-08T13:51:11.0000000Z;4.6445;4.6515;21369;21369
2026-06-08T13:51:17.0000000Z;4.6445;4.65;21369;21369
2026-06-08T13:51:19.0000000Z;4.6445;4.6505;21369;21369
2026-06-08T13:51:22.0000000Z;4.6445;4.65;21369;21369
2026-06-08T13:51:30.0000000Z;4.6445;4.6505;21369;21369
2026-06-08T13:51:32.0000000Z;4.644;4.649;21369;21369
2026-06-08T13:51:33.0000000Z;4.6445;4.6485;21369;21369
2026-06-08T13:51:35.0000000Z;4.644;4.6485;21369;21369
2026-06-08T13:51:37.0000000Z;4.6405;4.6485;21369;21369
2026-06-08T13:51:38.0000000Z;4.6405;4.6475;21369;21369
2026-06-08T13:51:40.0000000Z;4.6405;4.647;21369;21369
2026-06-08T13:51:43.0000000Z;4.6405;4.6475;21369;21369
2026-06-08T13:51:45.0000000Z;4.6405;4.6485;21369;21369
2026-06-08T13:51:49.0000000Z;4.6405;4.6505;21369;21369
2026-06-08T13:51:53.0000000Z;4.6405;4.6495;21369;21369
2026-06-08T13:51:55.0000000Z;4.6405;4.649;21369;21369
2026-06-08T13:51:56.0000000Z;4.6405;4.6495;21369;21369
2026-06-08T13:52:01.0000000Z;4.6405;4.6505;21369;21369
2026-06-08T13:52:02.0000000Z;4.6405;4.65;21369;21369
2026-06-08T13:52:06.0000000Z;4.6405;4.649;21369;21369
2026-06-08T13:52:08.0000000Z;4.6405;4.6495;21369;21369
2026-06-08T13:52:14.0000000Z;4.6405;4.65;21369;21369
2026-06-08T13:52:15.0000000Z;4.6405;4.651;21369;21369
2026-06-08T13:52:16.0000000Z;4.6405;4.6495;21369;21369
2026-06-08T13:52:21.0000000Z;4.6405;4.649;21369;21369
2026-06-08T13:52:24.0000000Z;4.6405;4.6485;21369;21369
2026-06-08T13:52:32.0000000Z;4.6405;4.649;21369;21369
2026-06-08T13:52:34.0000000Z;4.6405;4.6485;21369;21369
2026-06-08T13:52:35.0000000Z;4.6405;4.648;21369;21369
2026-06-08T13:52:39.0000000Z;4.6405;4.647;21369;21369
2026-06-08T13:52:43.0000000Z;4.6405;4.6475;21369;21369
2026-06-08T13:52:47.0000000Z;4.6405;4.6475;21369;21369
2026-06-08T13:52:49.0000000Z;4.6405;4.647;21369;21369
2026-06-08T13:52:51.0000000Z;4.6405;4.646;21369;21369
2026-06-08T13:52:54.0000000Z;4.6405;4.647;21369;21369
2026-06-08T13:52:58.0000000Z;4.6405;4.6475;21369;21369
2026-06-08T13:52:59.0000000Z;4.6405;4.6465;21369;21369
2026-06-08T13:53:01.0000000Z;4.6405;4.6455;21369;21369
2026-06-08T13:53:04.0000000Z;4.6405;4.6445;21369;21369
2026-06-08T13:53:07.0000000Z;4.6365;4.6465;21369;21369
2026-06-08T13:53:08.0000000Z;4.6365;4.6455;21369;21369
2026-06-08T13:53:11.0000000Z;4.6365;4.645;21369;21369
2026-06-08T13:53:19.0000000Z;4.6365;4.6455;21369;21369
2026-06-08T13:53:20.0000000Z;4.6365;4.645;21369;21369
2026-06-08T13:53:23.0000000Z;4.6365;4.645;21369;21369
2026-06-08T13:53:25.0000000Z;4.6365;4.6455;21369;21369
2026-06-08T13:53:26.0000000Z;4.6365;4.645;21369;21369
2026-06-08T13:53:31.0000000Z;4.6365;4.644;21369;21369
2026-06-08T13:53:36.0000000Z;4.6365;4.643;21369;21369
2026-06-08T13:53:38.0000000Z;4.6365;4.6435;21369;21369
2026-06-08T13:53:39.0000000Z;4.6365;4.6425;21369;21369
2026-06-08T13:53:41.0000000Z;4.6365;4.643;21369;21369
2026-06-08T13:53:43.0000000Z;4.6365;4.6435;21369;21369
2026-06-08T13:53:50.0000000Z;4.6365;4.643;21369;21369
2026-06-08T13:53:54.0000000Z;4.6365;4.6425;21369;21369
2026-06-08T13:53:57.0000000Z;4.6365;4.642;21369;21369
2026-06-08T13:54:08.0000000Z;4.6365;4.643;21369;21369
2026-06-08T13:54:09.0000000Z;4.636;4.6435;21369;21369
2026-06-08T13:54:12.0000000Z;4.6365;4.643;21369;21369
2026-06-08T13:54:14.0000000Z;4.6365;4.6425;21369;21369
2026-06-08T13:54:16.0000000Z;4.6365;4.642;21369;21369
2026-06-08T13:54:21.0000000Z;4.6365;4.6425;21369;21369
2026-06-08T13:54:23.0000000Z;4.6365;4.642;21369;21369
2026-06-08T13:54:25.0000000Z;4.6365;4.6415;21369;21369
2026-06-08T13:54:27.0000000Z;4.6365;4.642;21369;21369
2026-06-08T13:54:28.0000000Z;4.6365;4.6415;21369;21369
2026-06-08T13:54:35.0000000Z;4.6365;4.644;21369;21369
2026-06-08T13:54:36.0000000Z;4.6365;4.6435;21369;21369
2026-06-08T13:54:44.0000000Z;4.6365;4.645;21369;21369
2026-06-08T13:54:45.0000000Z;4.6365;4.6445;21369;21369
2026-06-08T13:54:48.0000000Z;4.6365;4.6455;21369;21369
2026-06-08T13:54:50.0000000Z;4.6365;4.646;21369;21369
2026-06-08T13:54:56.0000000Z;4.6365;4.645;21369;21369
2026-06-08T13:54:58.0000000Z;4.6365;4.6455;21369;21369
2026-06-08T13:55:00.0000000Z;4.6365;4.645;21369;21369
2026-06-08T13:55:02.0000000Z;4.6365;4.6455;21369;21369
2026-06-08T13:55:09.0000000Z;4.6365;4.6455;21369;21369
2026-06-08T13:55:15.0000000Z;4.6365;4.646;21369;21369
2026-06-08T13:55:16.0000000Z;4.6365;4.6455;21369;21369
2026-06-08T13:55:23.0000000Z;4.6365;4.6445;21369;21369
2026-06-08T13:55:24.0000000Z;4.6365;4.644;21369;21369
2026-06-08T13:55:26.0000000Z;4.6365;4.6435;21369;21369
2026-06-08T13:55:31.0000000Z;4.6365;4.6445;21369;21369
2026-06-08T13:55:38.0000000Z;4.6365;4.644;21369;21369
2026-06-08T13:55:44.0000000Z;4.6365;4.6445;21369;21369
2026-06-08T13:55:50.0000000Z;4.6365;4.6455;21369;21369
2026-06-08T13:55:51.0000000Z;4.6365;4.646;21369;21369
2026-06-08T13:55:53.0000000Z;4.6365;4.647;21369;21369
2026-06-08T13:55:58.0000000Z;4.64;4.6485;21369;21369
2026-06-08T13:56:00.0000000Z;4.6405;4.648;21369;21369
2026-06-08T13:56:06.0000000Z;4.6405;4.6485;21369;21369
2026-06-08T13:56:07.0000000Z;4.6405;4.6485;21369;21369
2026-06-08T13:56:09.0000000Z;4.6405;4.648;21369;21369
2026-06-08T13:56:11.0000000Z;4.6405;4.6485;21369;21369
2026-06-08T13:56:14.0000000Z;4.6405;4.6495;21369;21369
2026-06-08T13:56:18.0000000Z;4.6405;4.65;21369;21369
2026-06-08T13:56:19.0000000Z;4.6405;4.6505;21369;21369
2026-06-08T13:56:22.0000000Z;4.6405;4.649;21369;21369
2026-06-08T13:56:24.0000000Z;4.6405;4.6495;21369;21369
2026-06-08T13:56:27.0000000Z;4.6405;4.6505;21369;21369
2026-06-08T13:56:30.0000000Z;4.6405;4.65;21369;21369
2026-06-08T13:56:31.0000000Z;4.6405;4.649;21369;21369
2026-06-08T13:56:33.0000000Z;4.6405;4.649;21369;21369
2026-06-08T13:56:35.0000000Z;4.6405;4.6495;21369;21369
2026-06-08T13:56:39.0000000Z;4.6405;4.6505;21369;21369
2026-06-08T13:56:40.0000000Z;4.6405;4.65;21369;21369
2026-06-08T13:56:44.0000000Z;4.6405;4.65;21369;21369
2026-06-08T13:56:46.0000000Z;4.6405;4.649;21369;21369
2026-06-08T13:56:48.0000000Z;4.6405;4.65;21369;21369
2026-06-08T13:56:49.0000000Z;4.6405;4.6495;21369;21369
2026-06-08T13:56:50.0000000Z;4.6405;4.6495;21369;21369
2026-06-08T13:56:52.0000000Z;4.6405;4.6495;21369;21369
2026-06-08T13:56:53.0000000Z;4.6405;4.65;21369;21369
2026-06-08T13:56:54.0000000Z;4.6405;4.6495;21369;21369
2026-06-08T13:57:00.0000000Z;4.6405;4.65;21369;21369
2026-06-08T13:57:03.0000000Z;4.6405;4.6495;21369;21369
2026-06-08T13:57:05.0000000Z;4.6405;4.65;21369;21369
2026-06-08T13:57:07.0000000Z;4.6405;4.6495;21369;21369
2026-06-08T13:57:08.0000000Z;4.6405;4.65;21369;21369
2026-06-08T13:57:12.0000000Z;4.6405;4.6505;21369;21369
2026-06-08T13:57:14.0000000Z;4.6405;4.6515;21369;21369
2026-06-08T13:57:15.0000000Z;4.6405;4.6505;21369;21369
2026-06-08T13:57:16.0000000Z;4.6405;4.652;21369;21369
2026-06-08T13:57:17.0000000Z;4.6445;4.652;21369;21369
2026-06-08T13:57:22.0000000Z;4.6445;4.6515;21369;21369
2026-06-08T13:57:27.0000000Z;4.6445;4.652;21369;21369
2026-06-08T13:57:28.0000000Z;4.6445;4.6525;21369;21369
2026-06-08T13:57:30.0000000Z;4.6445;4.6535;21369;21369
2026-06-08T13:57:33.0000000Z;4.6445;4.6545;21369;21369
2026-06-08T13:57:36.0000000Z;4.6445;4.6555;21369;21369
2026-06-08T13:57:39.0000000Z;4.6485;4.657;21369;21369
2026-06-08T13:57:42.0000000Z;4.6485;4.656;21369;21369
2026-06-08T13:57:43.0000000Z;4.6485;4.6555;21369;21369
2026-06-08T13:57:44.0000000Z;4.6485;4.655;21369;21369
2026-06-08T13:57:51.0000000Z;4.6485;4.6555;21369;21369
2026-06-08T13:57:54.0000000Z;4.6485;4.657;21369;21369
2026-06-08T13:57:58.0000000Z;4.6485;4.6575;21369;21369
2026-06-08T13:57:59.0000000Z;4.6485;4.657;21369;21369
2026-06-08T13:58:01.0000000Z;4.6485;4.6565;21369;21369
2026-06-08T13:58:02.0000000Z;4.6485;4.657;21369;21369
2026-06-08T13:58:04.0000000Z;4.6485;4.6575;21369;21369
2026-06-08T13:58:06.0000000Z;4.6485;4.6585;21369;21369
2026-06-08T13:58:09.0000000Z;4.6485;4.658;21369;21369
2026-06-08T13:58:12.0000000Z;4.6485;4.657;21369;21369
2026-06-08T13:58:15.0000000Z;4.6485;4.6575;21369;21369
2026-06-08T13:58:18.0000000Z;4.6485;4.658;21369;21369
2026-06-08T13:58:19.0000000Z;4.6485;4.6585;21369;21369
2026-06-08T13:58:23.0000000Z;4.6525;4.6585;21369;21369
2026-06-08T13:58:24.0000000Z;4.6525;4.6595;21369;21369
2026-06-08T13:58:27.0000000Z;4.6525;4.66;21369;21369
2026-06-08T13:58:29.0000000Z;4.6525;4.6595;21369;21369
2026-06-08T13:58:30.0000000Z;4.6525;4.659;21369;21369
2026-06-08T13:58:34.0000000Z;4.6525;4.6595;21369;21369
2026-06-08T13:58:36.0000000Z;4.6525;4.66;21369;21369
2026-06-08T13:58:38.0000000Z;4.6525;4.6605;21369;21369
2026-06-08T13:58:43.0000000Z;4.6525;4.6595;21369;21369
2026-06-08T13:58:44.0000000Z;4.6525;4.659;21369;21369
2026-06-08T13:58:47.0000000Z;4.6525;4.6585;21369;21369
2026-06-08T13:58:57.0000000Z;4.6525;4.658;21369;21369
2026-06-08T13:59:03.0000000Z;4.6525;4.6575;21369;21369
2026-06-08T13:59:05.0000000Z;4.6525;4.658;21369;21369
2026-06-08T13:59:07.0000000Z;4.6525;4.6575;21369;21369
2026-06-08T13:59:12.0000000Z;4.6525;4.658;21369;21369
2026-06-08T13:59:17.0000000Z;4.6525;4.657;21369;21369
2026-06-08T13:59:19.0000000Z;4.6525;4.6575;21369;21369
2026-06-08T13:59:21.0000000Z;4.6525;4.657;21369;21369
2026-06-08T13:59:23.0000000Z;4.6525;4.6565;21369;21369
2026-06-08T13:59:27.0000000Z;4.6525;4.657;21369;21369
2026-06-08T13:59:29.0000000Z;4.6525;4.6575;21369;21369
2026-06-08T13:59:31.0000000Z;4.6525;4.658;21369;21369
2026-06-08T13:59:35.0000000Z;4.6525;4.658;21369;21369
2026-06-08T13:59:40.0000000Z;4.6525;4.6575;21369;21369
2026-06-08T13:59:43.0000000Z;4.6525;4.6585;21369;21369
2026-06-08T13:59:45.0000000Z;4.6525;4.659;21369;21369
2026-06-08T13:59:47.0000000Z;4.6525;4.6605;21369;21369
2026-06-08T13:59:52.0000000Z;4.6525;4.6615;21369;21369
2026-06-08T14:00:22.0000000Z;4.6525;4.6615;21369;21369
2026-06-08T14:00:26.0000000Z;4.6525;4.6605;21369;21369
2026-06-08T14:00:28.0000000Z;4.6525;4.6595;21369;21369
2026-06-08T14:00:30.0000000Z;4.6525;4.6585;21369;21369
2026-06-08T14:00:34.0000000Z;4.6525;4.659;21369;21369
2026-06-08T14:00:35.0000000Z;4.6525;4.6595;21369;21369
2026-06-08T14:00:37.0000000Z;4.6525;4.66;21369;21369
2026-06-08T14:00:41.0000000Z;4.6525;4.6605;21369;21369
2026-06-08T14:00:43.0000000Z;4.6525;4.661;21369;21369
2026-06-08T14:00:45.0000000Z;4.6525;4.6615;21369;21369
2026-06-08T14:00:46.0000000Z;4.6525;4.6605;21369;21369
2026-06-08T14:00:53.0000000Z;4.6525;4.6595;21369;21369
2026-06-08T14:00:55.0000000Z;4.6525;4.659;21369;21369
2026-06-08T14:00:58.0000000Z;4.6525;4.6585;21369;21369
2026-06-08T14:01:03.0000000Z;4.6525;4.657;21369;21369
2026-06-08T14:01:04.0000000Z;4.6485;4.657;21369;21369
2026-06-08T14:01:05.0000000Z;4.6485;4.6575;21369;21369
2026-06-08T14:01:07.0000000Z;4.6485;4.657;21369;21369
2026-06-08T14:01:11.0000000Z;4.6485;4.6575;21369;21369
2026-06-08T14:01:12.0000000Z;4.6485;4.657;21369;21369
2026-06-08T14:01:15.0000000Z;4.6485;4.658;21369;21369
2026-06-08T14:01:21.0000000Z;4.6485;4.657;21369;21369
2026-06-08T14:01:26.0000000Z;4.6485;4.6565;21369;21369
2026-06-08T14:01:34.0000000Z;4.6485;4.656;21369;21369
2026-06-08T14:01:37.0000000Z;4.6485;4.6565;21369;21369
2026-06-08T14:01:42.0000000Z;4.6485;4.6555;21369;21369
2026-06-08T14:01:43.0000000Z;4.6485;4.655;21369;21369
2026-06-08T14:01:48.0000000Z;4.6485;4.6545;21369;21369
2026-06-08T14:01:50.0000000Z;4.6485;4.654;21369;21369
2026-06-08T14:01:53.0000000Z;4.6485;4.6545;21369;21369
2026-06-08T14:01:55.0000000Z;4.6445;4.653;21369;21369
2026-06-08T14:02:00.0000000Z;4.6445;4.6525;21369;21369
2026-06-08T14:02:02.0000000Z;4.6445;4.652;21369;21369
2026-06-08T14:02:06.0000000Z;4.6445;4.6515;21369;21369
2026-06-08T14:02:16.0000000Z;4.6445;4.651;21369;21369
2026-06-08T14:02:18.0000000Z;4.6445;4.6505;21369;21369
2026-06-08T14:02:20.0000000Z;4.6445;4.651;21369;21369
2026-06-08T14:02:21.0000000Z;4.6445;4.6505;21369;21369
2026-06-08T14:02:24.0000000Z;4.6445;4.6515;21369;21369
2026-06-08T14:02:29.0000000Z;4.6445;4.6525;21369;21369
2026-06-08T14:02:33.0000000Z;4.6445;4.653;21369;21369
2026-06-08T14:02:35.0000000Z;4.6445;4.6525;21369;21369
2026-06-08T14:02:40.0000000Z;4.6445;4.6535;21369;21369
2026-06-08T14:02:41.0000000Z;4.6445;4.653;21369;21369
2026-06-08T14:02:44.0000000Z;4.6445;4.6535;21369;21369
2026-06-08T14:02:50.0000000Z;4.6445;4.6545;21369;21369
2026-06-08T14:02:52.0000000Z;4.6445;4.654;21369;21369
2026-06-08T14:02:57.0000000Z;4.6445;4.655;21369;21369
2026-06-08T14:02:58.0000000Z;4.6445;4.6555;21369;21369
2026-06-08T14:03:03.0000000Z;4.6485;4.6555;21369;21369
2026-06-08T14:03:06.0000000Z;4.6485;4.655;21369;21369
2026-06-08T14:03:07.0000000Z;4.6485;4.655;21369;21369
2026-06-08T14:03:08.0000000Z;4.6485;4.6555;21369;21369
2026-06-08T14:03:09.0000000Z;4.6485;4.656;21369;21369
2026-06-08T14:03:10.0000000Z;4.6485;4.6565;21369;21369
2026-06-08T14:03:11.0000000Z;4.6485;4.655;21369;21369
2026-06-08T14:03:14.0000000Z;4.6485;4.6545;21369;21369
2026-06-08T14:03:15.0000000Z;4.6485;4.654;21369;21369
2026-06-08T14:03:17.0000000Z;4.6485;4.6535;21369;21369
2026-06-08T14:03:20.0000000Z;4.6485;4.653;21369;21369
2026-06-08T14:03:23.0000000Z;4.6445;4.653;21369;21369
2026-06-08T14:03:26.0000000Z;4.6445;4.654;21369;21369
2026-06-08T14:03:28.0000000Z;4.6445;4.653;21369;21369
2026-06-08T14:03:30.0000000Z;4.6445;4.6525;21369;21369
2026-06-08T14:03:32.0000000Z;4.6445;4.652;21369;21369
2026-06-08T14:03:34.0000000Z;4.6445;4.6515;21369;21369
2026-06-08T14:03:37.0000000Z;4.6445;4.651;21369;21369
2026-06-08T14:03:38.0000000Z;4.6445;4.6515;21369;21369
2026-06-08T14:03:41.0000000Z;4.6445;4.652;21369;21369
2026-06-08T14:03:50.0000000Z;4.6445;4.653;21369;21369
2026-06-08T14:03:53.0000000Z;4.6445;4.6545;21369;21369
2026-06-08T14:04:01.0000000Z;4.6445;4.655;21369;21369
2026-06-08T14:04:06.0000000Z;4.648;4.6555;21369;21369
2026-06-08T14:04:07.0000000Z;4.648;4.6565;21369;21369
2026-06-08T14:04:08.0000000Z;4.6485;4.6565;21369;21369
2026-06-08T14:04:10.0000000Z;4.6485;4.657;21369;21369
2026-06-08T14:04:14.0000000Z;4.6485;4.6575;21369;21369
2026-06-08T14:04:15.0000000Z;4.6485;4.657;21369;21369
2026-06-08T14:04:17.0000000Z;4.6485;4.6575;21369;21369
2026-06-08T14:04:18.0000000Z;4.6485;4.657;21369;21369
2026-06-08T14:04:24.0000000Z;4.6485;4.6575;21369;21369
2026-06-08T14:04:26.0000000Z;4.6485;4.658;21369;21369
2026-06-08T14:04:28.0000000Z;4.6485;4.657;21369;21369
2026-06-08T14:04:29.0000000Z;4.6485;4.6575;21369;21369
2026-06-08T14:04:31.0000000Z;4.6485;4.657;21369;21369
2026-06-08T14:04:40.0000000Z;4.6485;4.6575;21369;21369
2026-06-08T14:04:42.0000000Z;4.6485;4.658;21369;21369
2026-06-08T14:04:46.0000000Z;4.6485;4.6575;21369;21369
2026-06-08T14:04:49.0000000Z;4.6485;4.6585;21369;21369
2026-06-08T14:04:56.0000000Z;4.6485;4.658;21369;21369
2026-06-08T14:04:58.0000000Z;4.6485;4.6585;21369;21369
2026-06-08T14:05:04.0000000Z;4.6485;4.659;21369;21369
2026-06-08T14:05:05.0000000Z;4.6525;4.659;21369;21369
2026-06-08T14:05:06.0000000Z;4.6525;4.66;21369;21369
2026-06-08T14:05:08.0000000Z;4.6525;4.6595;21369;21369
2026-06-08T14:05:09.0000000Z;4.6525;4.659;21369;21369
2026-06-08T14:05:10.0000000Z;4.6525;4.659;21369;21369
2026-06-08T14:05:11.0000000Z;4.6525;4.658;21369;21369
2026-06-08T14:05:15.0000000Z;4.6525;4.6585;21369;21369
2026-06-08T14:05:19.0000000Z;4.6525;4.6595;21369;21369
2026-06-08T14:05:21.0000000Z;4.6525;4.66;21369;21369
2026-06-08T14:05:22.0000000Z;4.6525;4.6595;21369;21369
2026-06-08T14:05:24.0000000Z;4.6525;4.66;21369;21369
2026-06-08T14:05:25.0000000Z;4.6525;4.6595;21369;21369
2026-06-08T14:05:27.0000000Z;4.6525;4.659;21369;21369
2026-06-08T14:05:32.0000000Z;4.6525;4.6595;21369;21369
2026-06-08T14:05:36.0000000Z;4.6525;4.659;21369;21369
2026-06-08T14:05:37.0000000Z;4.6525;4.6585;21369;21369
2026-06-08T14:05:41.0000000Z;4.6525;4.659;21369;21369
2026-06-08T14:05:45.0000000Z;4.6525;4.6595;21369;21369
2026-06-08T14:05:47.0000000Z;4.6525;4.66;21369;21369
2026-06-08T14:05:55.0000000Z;4.6525;4.6595;21369;21369
2026-06-08T14:05:59.0000000Z;4.6525;4.66;21369;21369
2026-06-08T14:06:04.0000000Z;4.6525;4.6585;21369;21369
2026-06-08T14:06:07.0000000Z;4.6485;4.6575;21369;21369
2026-06-08T14:06:10.0000000Z;4.6485;4.658;21369;21369
2026-06-08T14:06:11.0000000Z;4.6485;4.6575;21369;21369
2026-06-08T14:06:15.0000000Z;4.6485;4.6565;21369;21369
2026-06-08T14:06:22.0000000Z;4.6485;4.6555;21369;21369
2026-06-08T14:06:26.0000000Z;4.6485;4.6555;21369;21369
2026-06-08T14:06:27.0000000Z;4.6485;4.655;21369;21369
2026-06-08T14:06:32.0000000Z;4.6485;4.656;21369;21369
2026-06-08T14:06:34.0000000Z;4.6485;4.655;21369;21369
2026-06-08T14:06:38.0000000Z;4.6485;4.6545;21369;21369
2026-06-08T14:06:42.0000000Z;4.6485;4.6535;21369;21369
2026-06-08T14:06:45.0000000Z;4.6485;4.653;21369;21369
2026-06-08T14:06:46.0000000Z;4.6485;4.6525;21369;21369
2026-06-08T14:06:48.0000000Z;4.6485;4.6525;21369;21369
2026-06-08T14:06:52.0000000Z;4.6445;4.652;21369;21369
2026-06-08T14:06:55.0000000Z;4.6445;4.6515;21369;21369
2026-06-08T14:06:56.0000000Z;4.6445;4.651;21369;21369
2026-06-08T14:06:59.0000000Z;4.6445;4.6515;21369;21369
2026-06-08T14:07:00.0000000Z;4.6445;4.652;21369;21369
2026-06-08T14:07:01.0000000Z;4.6445;4.6525;21369;21369
2026-06-08T14:07:02.0000000Z;4.6445;4.652;21369;21369
2026-06-08T14:07:05.0000000Z;4.6445;4.6515;21369;21369
2026-06-08T14:07:11.0000000Z;4.6445;4.6525;21369;21369
2026-06-08T14:07:12.0000000Z;4.6445;4.652;21369;21369
2026-06-08T14:07:15.0000000Z;4.6445;4.6525;21369;21369
2026-06-08T14:07:16.0000000Z;4.6445;4.652;21369;21369
2026-06-08T14:07:19.0000000Z;4.6445;4.6515;21369;21369
2026-06-08T14:07:26.0000000Z;4.6445;4.652;21369;21369
2026-06-08T14:07:28.0000000Z;4.6445;4.653;21369;21369
2026-06-08T14:07:29.0000000Z;4.6445;4.6525;21369;21369
2026-06-08T14:07:32.0000000Z;4.6445;4.653;21369;21369
2026-06-08T14:07:33.0000000Z;4.6445;4.6535;21369;21369
2026-06-08T14:07:35.0000000Z;4.6445;4.654;21369;21369
2026-06-08T14:07:36.0000000Z;4.6445;4.654;21369;21369
2026-06-08T14:07:38.0000000Z;4.6445;4.6545;21369;21369
2026-06-08T14:07:42.0000000Z;4.6445;4.6555;21369;21369
2026-06-08T14:07:43.0000000Z;4.6445;4.655;21369;21369
2026-06-08T14:07:45.0000000Z;4.6445;4.6545;21369;21369
2026-06-08T14:07:46.0000000Z;4.6445;4.654;21369;21369
2026-06-08T14:07:49.0000000Z;4.6445;4.6545;21369;21369
2026-06-08T14:07:54.0000000Z;4.6445;4.654;21369;21369
2026-06-08T14:07:57.0000000Z;4.6445;4.6545;21369;21369
2026-06-08T14:07:59.0000000Z;4.6445;4.655;21369;21369
2026-06-08T14:08:00.0000000Z;4.6445;4.6545;21369;21369
2026-06-08T14:08:01.0000000Z;4.6445;4.655;21369;21369
2026-06-08T14:08:02.0000000Z;4.6445;4.6535;21369;21369
2026-06-08T14:08:04.0000000Z;4.6445;4.653;21369;21369
2026-06-08T14:08:09.0000000Z;4.6445;4.654;21369;21369
2026-06-08T14:08:10.0000000Z;4.6445;4.6545;21369;21369
2026-06-08T14:08:19.0000000Z;4.6445;4.655;21369;21369
2026-06-08T14:08:21.0000000Z;4.648;4.6555;21369;21369
2026-06-08T14:08:24.0000000Z;4.6485;4.6575;21369;21369
2026-06-08T14:08:26.0000000Z;4.6485;4.657;21369;21369
2026-06-08T14:08:27.0000000Z;4.6485;4.6575;21369;21369
2026-06-08T14:08:28.0000000Z;4.6485;4.6565;21369;21369
2026-06-08T14:08:30.0000000Z;4.6485;4.6555;21369;21369
2026-06-08T14:08:32.0000000Z;4.6485;4.655;21369;21369
2026-06-08T14:08:40.0000000Z;4.6485;4.656;21369;21369
2026-06-08T14:08:42.0000000Z;4.6485;4.6555;21369;21369
2026-06-08T14:08:44.0000000Z;4.6485;4.6565;21369;21369
2026-06-08T14:08:45.0000000Z;4.6485;4.657;21369;21369
2026-06-08T14:08:47.0000000Z;4.6485;4.656;21369;21369
2026-06-08T14:08:51.0000000Z;4.6485;4.6555;21369;21369
2026-06-08T14:08:52.0000000Z;4.6485;4.655;21369;21369
2026-06-08T14:08:55.0000000Z;4.6485;4.654;21369;21369
2026-06-08T14:09:00.0000000Z;4.6485;4.6545;21369;21369
2026-06-08T14:09:06.0000000Z;4.6485;4.654;21369;21369
2026-06-08T14:09:07.0000000Z;4.6485;4.6535;21369;21369
2026-06-08T14:09:12.0000000Z;4.6485;4.6535;21369;21369
2026-06-08T14:09:14.0000000Z;4.6485;4.654;21369;21369
2026-06-08T14:09:15.0000000Z;4.6485;4.6545;21369;21369
2026-06-08T14:09:20.0000000Z;4.6485;4.6535;21369;21369
2026-06-08T14:09:22.0000000Z;4.6485;4.653;21369;21369
2026-06-08T14:09:23.0000000Z;4.6485;4.6535;21369;21369
2026-06-08T14:09:24.0000000Z;4.6485;4.653;21369;21369
2026-06-08T14:09:29.0000000Z;4.6485;4.652;21369;21369
2026-06-08T14:09:30.0000000Z;4.6445;4.652;21369;21369
2026-06-08T14:09:35.0000000Z;4.6445;4.6525;21369;21369
2026-06-08T14:09:37.0000000Z;4.6445;4.653;21369;21369
2026-06-08T14:09:41.0000000Z;4.6445;4.652;21369;21369
2026-06-08T14:09:43.0000000Z;4.6445;4.6515;21369;21369
2026-06-08T14:09:45.0000000Z;4.6445;4.652;21369;21369
2026-06-08T14:09:52.0000000Z;4.6445;4.653;21369;21369
2026-06-08T14:09:57.0000000Z;4.6445;4.6525;21369;21369
2026-06-08T14:10:02.0000000Z;4.6445;4.653;21369;21369
2026-06-08T14:10:04.0000000Z;4.6445;4.652;21369;21369
2026-06-08T14:10:07.0000000Z;4.6445;4.6525;21369;21369
2026-06-08T14:10:12.0000000Z;4.6445;4.652;21369;21369
2026-06-08T14:10:15.0000000Z;4.6445;4.6525;21369;21369
2026-06-08T14:10:18.0000000Z;4.6445;4.653;21369;21369
2026-06-08T14:10:20.0000000Z;4.6445;4.655;21369;21369
2026-06-08T14:10:23.0000000Z;4.6445;4.6545;21369;21369
2026-06-08T14:10:27.0000000Z;4.6445;4.654;21369;21369
2026-06-08T14:10:29.0000000Z;4.6445;4.6535;21369;21369
2026-06-08T14:10:31.0000000Z;4.6445;4.6535;21369;21369
2026-06-08T14:10:33.0000000Z;4.6445;4.654;21369;21369
2026-06-08T14:10:36.0000000Z;4.6445;4.6545;21369;21369
2026-06-08T14:10:38.0000000Z;4.6485;4.6545;21369;21369
2026-06-08T14:10:39.0000000Z;4.6485;4.6555;21369;21369
2026-06-08T14:10:40.0000000Z;4.6485;4.655;21369;21369
2026-06-08T14:10:42.0000000Z;4.6485;4.6555;21369;21369
2026-06-08T14:10:44.0000000Z;4.6485;4.655;21369;21369
2026-06-08T14:10:49.0000000Z;4.6485;4.6555;21369;21369
2026-06-08T14:10:50.0000000Z;4.6485;4.655;21369;21369
2026-06-08T14:10:52.0000000Z;4.6485;4.656;21369;21369
2026-06-08T14:10:56.0000000Z;4.6485;4.6545;21369;21369
2026-06-08T14:10:57.0000000Z;4.6485;4.654;21369;21369
2026-06-08T14:10:58.0000000Z;4.6485;4.6545;21369;21369
2026-06-08T14:11:02.0000000Z;4.6485;4.654;21369;21369
2026-06-08T14:11:05.0000000Z;4.6485;4.6545;21369;21369
2026-06-08T14:11:07.0000000Z;4.6485;4.654;21369;21369
2026-06-08T14:11:09.0000000Z;4.6485;4.6535;21369;21369
2026-06-08T14:11:12.0000000Z;4.6485;4.654;21369;21369
2026-06-08T14:11:13.0000000Z;4.6485;4.6535;21369;21369
2026-06-08T14:11:14.0000000Z;4.6485;4.6535;21369;21369
2026-06-08T14:11:18.0000000Z;4.6485;4.6545;21369;21369
2026-06-08T14:11:19.0000000Z;4.6485;4.6555;21369;21369
2026-06-08T14:11:23.0000000Z;4.6485;4.6555;21369;21369
2026-06-08T14:11:26.0000000Z;4.6485;4.6545;21369;21369
2026-06-08T14:11:29.0000000Z;4.6485;4.654;21369;21369
2026-06-08T14:11:30.0000000Z;4.6485;4.6535;21369;21369
2026-06-08T14:11:38.0000000Z;4.6485;4.653;21369;21369
2026-06-08T14:11:45.0000000Z;4.6485;4.6535;21369;21369
2026-06-08T14:11:51.0000000Z;4.6445;4.6525;21369;21369
2026-06-08T14:11:53.0000000Z;4.6445;4.6515;21369;21369
2026-06-08T14:12:00.0000000Z;4.6445;4.652;21369;21369
2026-06-08T14:12:02.0000000Z;4.6445;4.653;21369;21369
2026-06-08T14:12:05.0000000Z;4.6445;4.654;21369;21369
2026-06-08T14:12:06.0000000Z;4.6445;4.655;21369;21369
2026-06-08T14:12:07.0000000Z;4.6445;4.6545;21369;21369
2026-06-08T14:12:09.0000000Z;4.6445;4.655;21369;21369
2026-06-08T14:12:10.0000000Z;4.6445;4.6545;21369;21369
2026-06-08T14:12:11.0000000Z;4.6445;4.654;21369;21369
2026-06-08T14:12:18.0000000Z;4.6445;4.6535;21369;21369
2026-06-08T14:12:21.0000000Z;4.6445;4.653;21369;21369
2026-06-08T14:12:22.0000000Z;4.6445;4.6535;21369;21369
2026-06-08T14:12:34.0000000Z;4.6445;4.654;21369;21369
2026-06-08T14:12:36.0000000Z;4.6445;4.6545;21369;21369
2026-06-08T14:12:37.0000000Z;4.6485;4.6555;21369;21369
2026-06-08T14:12:44.0000000Z;4.6485;4.6565;21369;21369
2026-06-08T14:12:48.0000000Z;4.6485;4.656;21369;21369
2026-06-08T14:12:51.0000000Z;4.6485;4.6555;21369;21369
2026-06-08T14:12:52.0000000Z;4.6485;4.656;21369;21369
2026-06-08T14:12:53.0000000Z;4.6485;4.6555;21369;21369
2026-06-08T14:12:55.0000000Z;4.6485;4.6555;21369;21369
2026-06-08T14:13:01.0000000Z;4.6485;4.656;21369;21369
2026-06-08T14:13:04.0000000Z;4.6485;4.6565;21369;21369
2026-06-08T14:13:10.0000000Z;4.6485;4.657;21369;21369
2026-06-08T14:13:11.0000000Z;4.6485;4.6575;21369;21369
2026-06-08T14:13:13.0000000Z;4.6485;4.6585;21369;21369
2026-06-08T14:13:15.0000000Z;4.6485;4.6575;21369;21369
2026-06-08T14:13:16.0000000Z;4.6485;4.658;21369;21369
2026-06-08T14:13:19.0000000Z;4.6485;4.6585;21369;21369
2026-06-08T14:13:20.0000000Z;4.6485;4.6575;21369;21369
2026-06-08T14:13:23.0000000Z;4.6485;4.6565;21369;21369
2026-06-08T14:13:24.0000000Z;4.6485;4.6555;21369;21369
2026-06-08T14:13:26.0000000Z;4.6485;4.656;21369;21369
2026-06-08T14:13:28.0000000Z;4.6485;4.657;21369;21369
2026-06-08T14:13:29.0000000Z;4.6485;4.6575;21369;21369
2026-06-08T14:13:34.0000000Z;4.6485;4.656;21369;21369
2026-06-08T14:13:36.0000000Z;4.6485;4.6565;21369;21369
2026-06-08T14:13:38.0000000Z;4.6485;4.656;21369;21369
2026-06-08T14:13:40.0000000Z;4.6485;4.6565;21369;21369
2026-06-08T14:13:42.0000000Z;4.6485;4.656;21369;21369
2026-06-08T14:13:44.0000000Z;4.6485;4.6565;21369;21369
2026-06-08T14:13:45.0000000Z;4.6485;4.6565;21369;21369
2026-06-08T14:13:48.0000000Z;4.6485;4.6555;21369;21369
2026-06-08T14:13:49.0000000Z;4.6485;4.655;21369;21369
2026-06-08T14:13:52.0000000Z;4.6485;4.654;21369;21369
2026-06-08T14:13:55.0000000Z;4.6485;4.6555;21369;21369
2026-06-08T14:13:56.0000000Z;4.6485;4.655;21369;21369
2026-06-08T14:14:02.0000000Z;4.6485;4.6545;21369;21369
2026-06-08T14:14:03.0000000Z;4.6485;4.654;21369;21369
2026-06-08T14:14:04.0000000Z;4.6485;4.654;21369;21369
2026-06-08T14:14:08.0000000Z;4.6485;4.6555;21369;21369
2026-06-08T14:14:09.0000000Z;4.6485;4.655;21369;21369
2026-06-08T14:14:10.0000000Z;4.6485;4.6545;21369;21369
2026-06-08T14:14:13.0000000Z;4.6485;4.654;21369;21369
2026-06-08T14:14:14.0000000Z;4.6485;4.6545;21369;21369
2026-06-08T14:14:15.0000000Z;4.6485;4.654;21369;21369
2026-06-08T14:14:16.0000000Z;4.6485;4.6535;21369;21369
2026-06-08T14:14:19.0000000Z;4.6485;4.653;21369;21369
2026-06-08T14:14:22.0000000Z;4.6485;4.6535;21369;21369
2026-06-08T14:14:23.0000000Z;4.6485;4.653;21369;21369
2026-06-08T14:14:25.0000000Z;4.6485;4.654;21369;21369
2026-06-08T14:14:28.0000000Z;4.6485;4.6545;21369;21369
2026-06-08T14:14:30.0000000Z;4.6485;4.655;21369;21369
2026-06-08T14:14:31.0000000Z;4.6485;4.6555;21369;21369
2026-06-08T14:14:33.0000000Z;4.6485;4.656;21369;21369
2026-06-08T14:14:35.0000000Z;4.6485;4.6575;21369;21369
2026-06-08T14:14:37.0000000Z;4.6485;4.657;21369;21369
2026-06-08T14:14:38.0000000Z;4.6485;4.6565;21369;21369
2026-06-08T14:14:44.0000000Z;4.6485;4.657;21369;21369
2026-06-08T14:14:45.0000000Z;4.6485;4.6575;21369;21369
2026-06-08T14:14:48.0000000Z;4.6485;4.6575;21369;21369
2026-06-08T14:14:52.0000000Z;4.6485;4.657;21369;21369
2026-06-08T14:14:53.0000000Z;4.6485;4.6565;21369;21369
2026-06-08T14:14:55.0000000Z;4.6485;4.657;21369;21369
2026-06-08T14:15:01.0000000Z;4.6485;4.6575;21369;21369
2026-06-08T14:15:10.0000000Z;4.6485;4.658;21369;21369
2026-06-08T14:15:14.0000000Z;4.6485;4.6585;21369;21369
2026-06-08T14:15:22.0000000Z;4.6485;4.659;21369;21369
2026-06-08T14:15:23.0000000Z;4.6485;4.6585;21369;21369
2026-06-08T14:15:27.0000000Z;4.6485;4.659;21369;21369
2026-06-08T14:15:29.0000000Z;4.6485;4.6585;21369;21369
2026-06-08T14:15:33.0000000Z;4.6485;4.659;21369;21369
2026-06-08T14:15:42.0000000Z;4.6525;4.659;21369;21369
2026-06-08T14:15:43.0000000Z;4.6525;4.66;21369;21369
2026-06-08T14:15:48.0000000Z;4.6525;4.6595;21369;21369
2026-06-08T14:15:50.0000000Z;4.6525;4.6605;21369;21369
2026-06-08T14:15:53.0000000Z;4.6525;4.6615;21369;21369
2026-06-08T14:15:58.0000000Z;4.6525;4.661;21369;21369
2026-06-08T14:16:01.0000000Z;4.6525;4.6615;21369;21369
2026-06-08T14:16:02.0000000Z;4.6525;4.6605;21369;21369
2026-06-08T14:16:06.0000000Z;4.6525;4.66;21369;21369
2026-06-08T14:16:07.0000000Z;4.6525;4.6605;21369;21369
2026-06-08T14:16:08.0000000Z;4.6525;4.66;21369;21369
2026-06-08T14:16:14.0000000Z;4.6525;4.6605;21369;21369
2026-06-08T14:16:20.0000000Z;4.6525;4.66;21369;21369
2026-06-08T14:16:22.0000000Z;4.6525;4.659;21369;21369
2026-06-08T14:16:24.0000000Z;4.6525;4.6595;21369;21369
2026-06-08T14:16:26.0000000Z;4.6525;4.6605;21369;21369
2026-06-08T14:16:35.0000000Z;4.6525;4.66;21369;21369
2026-06-08T14:16:38.0000000Z;4.6525;4.661;21369;21369
2026-06-08T14:16:39.0000000Z;4.6525;4.6615;21369;21369
2026-06-08T14:16:42.0000000Z;4.6525;4.661;21369;21369
2026-06-08T14:16:50.0000000Z;4.6525;4.6625;21369;21369
2026-06-08T14:16:52.0000000Z;4.6525;4.6615;21369;21369
2026-06-08T14:16:57.0000000Z;4.6525;4.6615;21369;21369
2026-06-08T14:16:58.0000000Z;4.6525;4.6615;21369;21369
2026-06-08T14:16:59.0000000Z;4.6525;4.662;21369;21369
2026-06-08T14:17:01.0000000Z;4.6525;4.6625;21369;21369
2026-06-08T14:17:03.0000000Z;4.6525;4.663;21369;21369
2026-06-08T14:17:04.0000000Z;4.6525;4.6625;21369;21369
2026-06-08T14:17:05.0000000Z;4.6525;4.663;21369;21369
2026-06-08T14:17:06.0000000Z;4.6525;4.6625;21369;21369
2026-06-08T14:17:07.0000000Z;4.6525;4.662;21369;21369
2026-06-08T14:17:09.0000000Z;4.6525;4.662;21369;21369
2026-06-08T14:17:12.0000000Z;4.6525;4.6615;21369;21369
2026-06-08T14:17:15.0000000Z;4.6525;4.6615;21369;21369
2026-06-08T14:17:17.0000000Z;4.6525;4.6605;21369;21369
2026-06-08T14:17:20.0000000Z;4.6525;4.661;21369;21369
2026-06-08T14:17:27.0000000Z;4.6525;4.6605;21369;21369
2026-06-08T14:17:30.0000000Z;4.6525;4.661;21369;21369
2026-06-08T14:17:31.0000000Z;4.6525;4.661;21369;21369
2026-06-08T14:17:33.0000000Z;4.6525;4.6605;21369;21369
2026-06-08T14:17:34.0000000Z;4.6525;4.66;21369;21369
2026-06-08T14:17:36.0000000Z;4.6525;4.6605;21369;21369
2026-06-08T14:17:38.0000000Z;4.6525;4.66;21369;21369
2026-06-08T14:17:40.0000000Z;4.6525;4.6605;21369;21369
2026-06-08T14:17:41.0000000Z;4.6525;4.659;21369;21369
2026-06-08T14:17:42.0000000Z;4.6525;4.6585;21369;21369
2026-06-08T14:17:47.0000000Z;4.6525;4.659;21369;21369
2026-06-08T14:17:56.0000000Z;4.6525;4.658;21369;21369
2026-06-08T14:17:57.0000000Z;4.6525;4.6575;21369;21369
2026-06-08T14:18:00.0000000Z;4.6525;4.658;21369;21369
2026-06-08T14:18:05.0000000Z;4.6525;4.6585;21369;21369
2026-06-08T14:18:07.0000000Z;4.6525;4.6575;21369;21369
2026-06-08T14:18:12.0000000Z;4.6525;4.6585;21369;21369
2026-06-08T14:18:17.0000000Z;4.6525;4.659;21369;21369
2026-06-08T14:18:18.0000000Z;4.6525;4.6595;21369;21369
2026-06-08T14:18:24.0000000Z;4.6525;4.6585;21369;21369
2026-06-08T14:18:27.0000000Z;4.6525;4.658;21369;21369
2026-06-08T14:18:28.0000000Z;4.6525;4.6585;21369;21369
2026-06-08T14:18:31.0000000Z;4.6525;4.658;21369;21369
2026-06-08T14:18:34.0000000Z;4.6525;4.6585;21369;21369
2026-06-08T14:18:37.0000000Z;4.6525;4.658;21369;21369
2026-06-08T14:18:39.0000000Z;4.6525;4.6595;21369;21369
2026-06-08T14:18:40.0000000Z;4.6525;4.659;21369;21369
2026-06-08T14:18:41.0000000Z;4.6525;4.6595;21369;21369
2026-06-08T14:18:45.0000000Z;4.6525;4.66;21369;21369
2026-06-08T14:18:46.0000000Z;4.6525;4.6595;21369;21369
2026-06-08T14:18:50.0000000Z;4.6525;4.659;21369;21369
2026-06-08T14:18:53.0000000Z;4.6525;4.6585;21369;21369
2026-06-08T14:18:55.0000000Z;4.6525;4.659;21369;21369
2026-06-08T14:18:59.0000000Z;4.6525;4.6595;21369;21369
2026-06-08T14:19:01.0000000Z;4.6525;4.66;21369;21369
2026-06-08T14:19:07.0000000Z;4.6525;4.6605;21369;21369
2026-06-08T14:19:08.0000000Z;4.6525;4.66;21369;21369
2026-06-08T14:19:09.0000000Z;4.6525;4.6605;21369;21369
2026-06-08T14:19:15.0000000Z;4.6525;4.661;21369;21369
2026-06-08T14:19:21.0000000Z;4.6525;4.66;21369;21369
2026-06-08T14:19:22.0000000Z;4.6525;4.6595;21369;21369
2026-06-08T14:19:26.0000000Z;4.6525;4.659;21369;21369
2026-06-08T14:19:28.0000000Z;4.6525;4.66;21369;21369
2026-06-08T14:19:31.0000000Z;4.6525;4.661;21369;21369
2026-06-08T14:19:33.0000000Z;4.6525;4.6615;21369;21369
2026-06-08T14:19:36.0000000Z;4.6525;4.662;21369;21369
2026-06-08T14:19:37.0000000Z;4.6525;4.661;21369;21369
2026-06-08T14:19:41.0000000Z;4.6525;4.6615;21369;21369
2026-06-08T14:19:42.0000000Z;4.6525;4.66;21369;21369
2026-06-08T14:19:51.0000000Z;4.6525;4.659;21369;21369
2026-06-08T14:19:54.0000000Z;4.6525;4.659;21369;21369
2026-06-08T14:19:55.0000000Z;4.6525;4.6585;21369;21369
2026-06-08T14:20:00.0000000Z;4.6525;4.659;21369;21369
2026-06-08T14:20:04.0000000Z;4.6525;4.6585;21369;21369
2026-06-08T14:20:07.0000000Z;4.648;4.6565;21369;21369
2026-06-08T14:20:09.0000000Z;4.6485;4.656;21369;21369
2026-06-08T14:20:12.0000000Z;4.6485;4.6565;21369;21369
2026-06-08T14:20:17.0000000Z;4.6485;4.657;21369;21369
2026-06-08T14:20:23.0000000Z;4.6485;4.6565;21369;21369
2026-06-08T14:20:25.0000000Z;4.6485;4.656;21369;21369
2026-06-08T14:20:27.0000000Z;4.6485;4.6565;21369;21369
2026-06-08T14:20:32.0000000Z;4.6485;4.658;21369;21369
2026-06-08T14:20:34.0000000Z;4.6485;4.6575;21369;21369
2026-06-08T14:20:35.0000000Z;4.6485;4.657;21369;21369
2026-06-08T14:20:37.0000000Z;4.6485;4.6565;21369;21369
2026-06-08T14:20:40.0000000Z;4.6485;4.657;21369;21369
2026-06-08T14:20:43.0000000Z;4.6485;4.6575;21369;21369
2026-06-08T14:20:46.0000000Z;4.6485;4.659;21369;21369
2026-06-08T14:20:48.0000000Z;4.6485;4.6585;21369;21369
2026-06-08T14:20:51.0000000Z;4.6485;4.659;21369;21369
2026-06-08T14:20:52.0000000Z;4.652;4.659;21369;21369
2026-06-08T14:20:53.0000000Z;4.652;4.6605;21369;21369
2026-06-08T14:20:56.0000000Z;4.6525;4.6605;21369;21369
2026-06-08T14:20:58.0000000Z;4.6525;4.66;21369;21369
2026-06-08T14:21:04.0000000Z;4.6525;4.661;21369;21369
2026-06-08T14:21:10.0000000Z;4.6525;4.6615;21369;21369
2026-06-08T14:21:14.0000000Z;4.6525;4.6625;21369;21369
2026-06-08T14:21:15.0000000Z;4.6525;4.662;21369;21369
2026-06-08T14:21:16.0000000Z;4.6525;4.6615;21369;21369
2026-06-08T14:21:17.0000000Z;4.6525;4.661;21369;21369
2026-06-08T14:21:23.0000000Z;4.6525;4.6615;21369;21369
2026-06-08T14:21:25.0000000Z;4.6525;4.662;21369;21369
2026-06-08T14:21:26.0000000Z;4.6525;4.6615;21369;21369
2026-06-08T14:21:29.0000000Z;4.6525;4.6615;21369;21369
2026-06-08T14:21:31.0000000Z;4.6525;4.661;21369;21369
2026-06-08T14:21:33.0000000Z;4.6525;4.6605;21369;21369
2026-06-08T14:21:35.0000000Z;4.6525;4.6595;21369;21369
2026-06-08T14:21:37.0000000Z;4.6525;4.6605;21369;21369
2026-06-08T14:21:39.0000000Z;4.6525;4.66;21369;21369
2026-06-08T14:21:43.0000000Z;4.6525;4.6595;21369;21369
2026-06-08T14:21:45.0000000Z;4.6525;4.66;21369;21369
2026-06-08T14:21:48.0000000Z;4.6525;4.6595;21369;21369
2026-06-08T14:21:51.0000000Z;4.6525;4.6595;21369;21369
2026-06-08T14:21:55.0000000Z;4.6525;4.66;21369;21369
2026-06-08T14:21:56.0000000Z;4.6525;4.6595;21369;21369
2026-06-08T14:22:03.0000000Z;4.6525;4.6585;21369;21369
2026-06-08T14:22:10.0000000Z;4.6525;4.659;21369;21369
2026-06-08T14:22:13.0000000Z;4.6525;4.66;21369;21369
2026-06-08T14:22:16.0000000Z;4.6525;4.6605;21369;21369
2026-06-08T14:22:19.0000000Z;4.6525;4.661;21369;21369
2026-06-08T14:22:31.0000000Z;4.6525;4.6615;21369;21369
2026-06-08T14:22:32.0000000Z;4.6525;4.662;21369;21369
2026-06-08T14:22:34.0000000Z;4.6525;4.6615;21369;21369
2026-06-08T14:22:39.0000000Z;4.6525;4.661;21369;21369
2026-06-08T14:22:41.0000000Z;4.6525;4.6615;21369;21369
2026-06-08T14:22:49.0000000Z;4.6525;4.662;21369;21369
2026-06-08T14:22:51.0000000Z;4.6525;4.6615;21369;21369
2026-06-08T14:22:55.0000000Z;4.6525;4.6615;21369;21369
2026-06-08T14:22:56.0000000Z;4.6525;4.661;21369;21369
2026-06-08T14:22:57.0000000Z;4.6525;4.661;21369;21369
2026-06-08T14:22:58.0000000Z;4.6525;4.6605;21369;21369
2026-06-08T14:23:00.0000000Z;4.6525;4.6595;21369;21369
2026-06-08T14:23:03.0000000Z;4.6525;4.66;21369;21369
2026-06-08T14:23:04.0000000Z;4.6525;4.6605;21369;21369
2026-06-08T14:23:07.0000000Z;4.6525;4.6595;21369;21369
2026-06-08T14:23:11.0000000Z;4.6525;4.659;21369;21369
2026-06-08T14:23:12.0000000Z;4.6525;4.6585;21369;21369
2026-06-08T14:23:19.0000000Z;4.6525;4.659;21369;21369
2026-06-08T14:23:24.0000000Z;4.6525;4.658;21369;21369
2026-06-08T14:23:25.0000000Z;4.6525;4.6575;21369;21369
2026-06-08T14:23:27.0000000Z;4.6525;4.657;21369;21369
2026-06-08T14:23:31.0000000Z;4.6525;4.6575;21369;21369
2026-06-08T14:23:32.0000000Z;4.6525;4.658;21369;21369
2026-06-08T14:23:39.0000000Z;4.6525;4.6575;21369;21369
2026-06-08T14:23:41.0000000Z;4.6525;4.6585;21369;21369
2026-06-08T14:23:42.0000000Z;4.6525;4.6575;21369;21369
2026-06-08T14:23:45.0000000Z;4.6525;4.658;21369;21369
2026-06-08T14:23:47.0000000Z;4.6525;4.6585;21369;21369
2026-06-08T14:23:51.0000000Z;4.6525;4.658;21369;21369
2026-06-08T14:23:52.0000000Z;4.6525;4.658;21369;21369
2026-06-08T14:23:53.0000000Z;4.6525;4.6575;21369;21369
2026-06-08T14:23:54.0000000Z;4.6525;4.657;21369;21369
2026-06-08T14:23:57.0000000Z;4.6525;4.6565;21369;21369
2026-06-08T14:23:59.0000000Z;4.6525;4.656;21369;21369
2026-06-08T14:24:00.0000000Z;4.6485;4.656;21369;21369
2026-06-08T14:24:02.0000000Z;4.6485;4.6565;21369;21369
2026-06-08T14:24:08.0000000Z;4.6485;4.6555;21369;21369
2026-06-08T14:24:11.0000000Z;4.6485;4.655;21369;21369
2026-06-08T14:24:15.0000000Z;4.6485;4.6545;21369;21369
2026-06-08T14:24:18.0000000Z;4.6485;4.655;21369;21369
2026-06-08T14:24:22.0000000Z;4.6485;4.656;21369;21369
2026-06-08T14:24:26.0000000Z;4.6485;4.6555;21369;21369
2026-06-08T14:24:27.0000000Z;4.6485;4.656;21369;21369
2026-06-08T14:24:32.0000000Z;4.6485;4.6565;21369;21369
2026-06-08T14:24:33.0000000Z;4.6485;4.6575;21369;21369
2026-06-08T14:24:39.0000000Z;4.6485;4.6565;21369;21369
2026-06-08T14:24:40.0000000Z;4.6485;4.656;21369;21369
2026-06-08T14:24:44.0000000Z;4.6485;4.6555;21369;21369
2026-06-08T14:24:55.0000000Z;4.6485;4.656;21369;21369
2026-06-08T14:24:58.0000000Z;4.6485;4.656;21369;21369
2026-06-08T14:25:02.0000000Z;4.6485;4.6565;21369;21369
2026-06-08T14:25:06.0000000Z;4.6485;4.6555;21369;21369
2026-06-08T14:25:10.0000000Z;4.6485;4.656;21369;21369
2026-06-08T14:25:12.0000000Z;4.6485;4.6555;21369;21369
2026-06-08T14:25:14.0000000Z;4.6485;4.656;21369;21369
2026-06-08T14:25:15.0000000Z;4.6485;4.6555;21369;21369
2026-06-08T14:25:17.0000000Z;4.6485;4.6555;21369;21369
2026-06-08T14:25:25.0000000Z;4.6485;4.6565;21369;21369
2026-06-08T14:25:26.0000000Z;4.6485;4.656;21369;21369
2026-06-08T14:25:28.0000000Z;4.6485;4.657;21369;21369
2026-06-08T14:25:33.0000000Z;4.6485;4.6565;21369;21369
2026-06-08T14:25:36.0000000Z;4.6485;4.656;21369;21369
2026-06-08T14:25:38.0000000Z;4.6485;4.6545;21369;21369
2026-06-08T14:25:41.0000000Z;4.6485;4.6545;21369;21369
2026-06-08T14:25:43.0000000Z;4.6485;4.654;21369;21369
2026-06-08T14:25:45.0000000Z;4.6485;4.6535;21369;21369
2026-06-08T14:25:46.0000000Z;4.6485;4.6545;21369;21369
2026-06-08T14:25:47.0000000Z;4.6485;4.654;21369;21369
2026-06-08T14:25:52.0000000Z;4.6485;4.6535;21369;21369
2026-06-08T14:26:01.0000000Z;4.6485;4.654;21369;21369
2026-06-08T14:26:02.0000000Z;4.6485;4.6535;21369;21369
2026-06-08T14:26:03.0000000Z;4.6485;4.654;21369;21369
2026-06-08T14:26:06.0000000Z;4.6485;4.6535;21369;21369
2026-06-08T14:26:07.0000000Z;4.6485;4.654;21369;21369
2026-06-08T14:26:10.0000000Z;4.6485;4.6535;21369;21369
2026-06-08T14:26:12.0000000Z;4.6485;4.653;21369;21369
2026-06-08T14:26:16.0000000Z;4.6445;4.653;21369;21369
2026-06-08T14:26:17.0000000Z;4.6445;4.652;21369;21369
2026-06-08T14:26:22.0000000Z;4.6445;4.651;21369;21369
2026-06-08T14:26:24.0000000Z;4.6445;4.6505;21369;21369
2026-06-08T14:26:26.0000000Z;4.6445;4.651;21369;21369
2026-06-08T14:26:27.0000000Z;4.6445;4.6505;21369;21369
2026-06-08T14:26:30.0000000Z;4.6445;4.651;21369;21369
2026-06-08T14:26:36.0000000Z;4.6445;4.653;21369;21369
2026-06-08T14:26:44.0000000Z;4.6445;4.6525;21369;21369
2026-06-08T14:26:51.0000000Z;4.6445;4.6515;21369;21369
2026-06-08T14:26:52.0000000Z;4.6445;4.651;21369;21369
2026-06-08T14:26:54.0000000Z;4.6445;4.6515;21369;21369
2026-06-08T14:26:59.0000000Z;4.6445;4.652;21369;21369
2026-06-08T14:27:05.0000000Z;4.6445;4.651;21369;21369
2026-06-08T14:27:10.0000000Z;4.6445;4.6505;21369;21369
2026-06-08T14:27:13.0000000Z;4.6445;4.65;21369;21369
2026-06-08T14:27:20.0000000Z;4.6445;4.6495;21369;21369
2026-06-08T14:27:22.0000000Z;4.6445;4.649;21369;21369
2026-06-08T14:27:25.0000000Z;4.6445;4.65;21369;21369
2026-06-08T14:27:27.0000000Z;4.6445;4.651;21369;21369
2026-06-08T14:27:29.0000000Z;4.6445;4.6515;21369;21369
2026-06-08T14:27:30.0000000Z;4.6445;4.651;21369;21369
2026-06-08T14:27:31.0000000Z;4.6445;4.651;21369;21369
2026-06-08T14:27:33.0000000Z;4.6445;4.651;21369;21369
2026-06-08T14:27:34.0000000Z;4.6445;4.652;21369;21369
2026-06-08T14:27:35.0000000Z;4.6445;4.651;21369;21369
2026-06-08T14:27:37.0000000Z;4.6445;4.6505;21369;21369
2026-06-08T14:27:41.0000000Z;4.6445;4.651;21369;21369
2026-06-08T14:27:43.0000000Z;4.6445;4.651;21369;21369
2026-06-08T14:27:44.0000000Z;4.6445;4.6505;21369;21369
2026-06-08T14:27:47.0000000Z;4.6445;4.651;21369;21369
2026-06-08T14:27:48.0000000Z;4.6445;4.6505;21369;21369
2026-06-08T14:27:50.0000000Z;4.6445;4.65;21369;21369
2026-06-08T14:27:51.0000000Z;4.6445;4.6495;21369;21369
2026-06-08T14:27:53.0000000Z;4.6445;4.65;21369;21369
2026-06-08T14:27:54.0000000Z;4.6445;4.6505;21369;21369
2026-06-08T14:27:55.0000000Z;4.6445;4.65;21369;21369
2026-06-08T14:27:56.0000000Z;4.6445;4.6505;21369;21369
2026-06-08T14:27:58.0000000Z;4.6445;4.65;21369;21369
2026-06-08T14:28:00.0000000Z;4.6445;4.6505;21369;21369
2026-06-08T14:28:04.0000000Z;4.6445;4.652;21369;21369
2026-06-08T14:28:09.0000000Z;4.6445;4.653;21369;21369
2026-06-08T14:28:15.0000000Z;4.6445;4.6545;21369;21369
2026-06-08T14:28:16.0000000Z;4.6445;4.654;21369;21369
2026-06-08T14:28:19.0000000Z;4.6445;4.6555;21369;21369
2026-06-08T14:28:21.0000000Z;4.6445;4.655;21369;21369
2026-06-08T14:28:27.0000000Z;4.6445;4.6545;21369;21369
2026-06-08T14:28:29.0000000Z;4.6445;4.654;21369;21369
2026-06-08T14:28:37.0000000Z;4.6445;4.6535;21369;21369
2026-06-08T14:28:38.0000000Z;4.6445;4.654;21369;21369
2026-06-08T14:28:46.0000000Z;4.6445;4.6545;21369;21369
2026-06-08T14:28:47.0000000Z;4.6445;4.6535;21369;21369
2026-06-08T14:28:49.0000000Z;4.6445;4.653;21369;21369
2026-06-08T14:28:50.0000000Z;4.6445;4.6525;21369;21369
2026-06-08T14:28:56.0000000Z;4.6445;4.6525;21369;21369
2026-06-08T14:28:57.0000000Z;4.6445;4.652;21369;21369
2026-06-08T14:29:01.0000000Z;4.6445;4.6525;21369;21369
2026-06-08T14:29:03.0000000Z;4.6445;4.652;21369;21369
2026-06-08T14:29:04.0000000Z;4.6445;4.652;21369;21369
2026-06-08T14:29:07.0000000Z;4.6445;4.653;21369;21369
2026-06-08T14:29:08.0000000Z;4.6445;4.652;21369;21369
2026-06-08T14:29:09.0000000Z;4.6445;4.652;21369;21369
2026-06-08T14:29:10.0000000Z;4.6445;4.6525;21369;21369
2026-06-08T14:29:11.0000000Z;4.6445;4.652;21369;21369
2026-06-08T14:29:15.0000000Z;4.6445;4.6515;21369;21369
2026-06-08T14:29:19.0000000Z;4.6445;4.651;21369;21369
2026-06-08T14:29:22.0000000Z;4.6445;4.6515;21369;21369
2026-06-08T14:29:24.0000000Z;4.6445;4.6515;21369;21369
2026-06-08T14:29:32.0000000Z;4.6445;4.651;21369;21369
2026-06-08T14:29:33.0000000Z;4.6445;4.6505;21369;21369
2026-06-08T14:29:35.0000000Z;4.6445;4.651;21369;21369
2026-06-08T14:29:37.0000000Z;4.6445;4.652;21369;21369
2026-06-08T14:29:39.0000000Z;4.6445;4.653;21369;21369
2026-06-08T14:29:40.0000000Z;4.6445;4.6525;21369;21369
2026-06-08T14:29:47.0000000Z;4.6445;4.652;21369;21369
2026-06-08T14:29:48.0000000Z;4.6445;4.6515;21369;21369
2026-06-08T14:29:53.0000000Z;4.6445;4.6525;21369;21369
2026-06-08T14:29:55.0000000Z;4.6445;4.653;21369;21369
2026-06-08T14:29:58.0000000Z;4.6445;4.652;21369;21369
2026-06-08T14:30:02.0000000Z;4.6445;4.6525;21369;21369
2026-06-08T14:30:04.0000000Z;4.6445;4.653;21369;21369
2026-06-08T14:30:07.0000000Z;4.6445;4.6525;21369;21369
2026-06-08T14:30:10.0000000Z;4.6445;4.653;21369;21369
2026-06-08T14:30:14.0000000Z;4.6445;4.652;21369;21369
2026-06-08T14:30:18.0000000Z;4.6445;4.6515;21369;21369
2026-06-08T14:30:20.0000000Z;4.6445;4.6515;21369;21369
2026-06-08T14:30:21.0000000Z;4.6445;4.652;21369;21369
2026-06-08T14:30:23.0000000Z;4.6445;4.6515;21369;21369
2026-06-08T14:30:28.0000000Z;4.6445;4.6515;21369;21369
2026-06-08T14:30:30.0000000Z;4.6445;4.6515;21369;21369
2026-06-08T14:30:35.0000000Z;4.6445;4.6505;21369;21369
2026-06-08T14:30:40.0000000Z;4.6445;4.651;21369;21369
2026-06-08T14:30:41.0000000Z;4.6445;4.65;21369;21369
2026-06-08T14:30:46.0000000Z;4.6445;4.651;21369;21369
2026-06-08T14:30:47.0000000Z;4.6445;4.6505;21369;21369
2026-06-08T14:30:49.0000000Z;4.6445;4.65;21369;21369
2026-06-08T14:30:51.0000000Z;4.6445;4.6505;21369;21369
2026-06-08T14:30:53.0000000Z;4.6445;4.651;21369;21369
2026-06-08T14:30:56.0000000Z;4.6445;4.6505;21369;21369
2026-06-08T14:30:58.0000000Z;4.6445;4.65;21369;21369
2026-06-08T14:30:59.0000000Z;4.6445;4.6505;21369;21369
2026-06-08T14:31:01.0000000Z;4.6445;4.651;21369;21369
2026-06-08T14:31:12.0000000Z;4.6445;4.65;21369;21369
2026-06-08T14:31:15.0000000Z;4.6445;4.65;21369;21369
2026-06-08T14:31:18.0000000Z;4.6445;4.6505;21369;21369
2026-06-08T14:31:19.0000000Z;4.6445;4.65;21369;21369
2026-06-08T14:31:21.0000000Z;4.6445;4.6505;21369;21369
2026-06-08T14:31:22.0000000Z;4.6445;4.651;21369;21369
2026-06-08T14:31:29.0000000Z;4.6445;4.6515;21369;21369
2026-06-08T14:31:34.0000000Z;4.6445;4.651;21369;21369
2026-06-08T14:31:36.0000000Z;4.6445;4.6505;21369;21369
2026-06-08T14:31:37.0000000Z;4.6445;4.651;21369;21369
2026-06-08T14:31:48.0000000Z;4.6445;4.651;21369;21369
2026-06-08T14:31:51.0000000Z;4.6445;4.6515;21369;21369
2026-06-08T14:31:57.0000000Z;4.6445;4.6505;21369;21369
2026-06-08T14:31:58.0000000Z;4.6445;4.651;21369;21369
2026-06-08T14:31:59.0000000Z;4.6445;4.6505;21369;21369
2026-06-08T14:32:01.0000000Z;4.6445;4.651;21369;21369
2026-06-08T14:32:02.0000000Z;4.6445;4.6515;21369;21369
2026-06-08T14:32:03.0000000Z;4.6445;4.651;21369;21369
2026-06-08T14:32:05.0000000Z;4.6445;4.6515;21369;21369
2026-06-08T14:32:13.0000000Z;4.6445;4.6505;21369;21369
2026-06-08T14:32:20.0000000Z;4.6445;4.648;21369;21369
2026-06-08T14:32:21.0000000Z;4.64;4.648;21369;21369
2026-06-08T14:32:22.0000000Z;4.6405;4.648;21369;21369
2026-06-08T14:32:24.0000000Z;4.6405;4.6495;21369;21369
2026-06-08T14:32:29.0000000Z;4.6405;4.649;21369;21369
2026-06-08T14:32:30.0000000Z;4.6405;4.6485;21369;21369
2026-06-08T14:32:31.0000000Z;4.6405;4.648;21369;21369
2026-06-08T14:32:34.0000000Z;4.6405;4.6485;21369;21369
2026-06-08T14:32:39.0000000Z;4.6405;4.648;21369;21369
2026-06-08T14:32:41.0000000Z;4.6405;4.6485;21369;21369
2026-06-08T14:32:42.0000000Z;4.6405;4.6485;21369;21369
2026-06-08T14:32:46.0000000Z;4.6405;4.649;21369;21369
2026-06-08T14:32:47.0000000Z;4.6405;4.6485;21369;21369
2026-06-08T14:32:48.0000000Z;4.6405;4.648;21369;21369
2026-06-08T14:32:50.0000000Z;4.6405;4.6485;21369;21369
2026-06-08T14:32:51.0000000Z;4.6405;4.649;21369;21369
2026-06-08T14:32:54.0000000Z;4.6405;4.6495;21369;21369
2026-06-08T14:33:01.0000000Z;4.6405;4.65;21369;21369
2026-06-08T14:33:02.0000000Z;4.6405;4.65;21369;21369
2026-06-08T14:33:03.0000000Z;4.6405;4.6505;21369;21369
2026-06-08T14:33:12.0000000Z;4.6405;4.651;21369;21369
2026-06-08T14:33:14.0000000Z;4.6405;4.6505;21369;21369
2026-06-08T14:33:15.0000000Z;4.6405;4.65;21369;21369
2026-06-08T14:33:20.0000000Z;4.6405;4.65;21369;21369
2026-06-08T14:33:21.0000000Z;4.6405;4.6505;21369;21369
2026-06-08T14:33:23.0000000Z;4.6405;4.651;21369;21369
2026-06-08T14:33:24.0000000Z;4.6405;4.6505;21369;21369
2026-06-08T14:33:26.0000000Z;4.6405;4.651;21369;21369
2026-06-08T14:33:32.0000000Z;4.6405;4.65;21369;21369
2026-06-08T14:33:34.0000000Z;4.6405;4.6495;21369;21369
2026-06-08T14:33:36.0000000Z;4.6405;4.65;21369;21369
2026-06-08T14:33:37.0000000Z;4.6405;4.6505;21369;21369
2026-06-08T14:33:44.0000000Z;4.6405;4.6495;21369;21369
2026-06-08T14:33:47.0000000Z;4.6405;4.65;21369;21369
2026-06-08T14:33:51.0000000Z;4.6405;4.6495;21369;21369
2026-06-08T14:33:53.0000000Z;4.6405;4.65;21369;21369
2026-06-08T14:33:54.0000000Z;4.6405;4.6505;21369;21369
2026-06-08T14:33:55.0000000Z;4.6405;4.65;21369;21369
2026-06-08T14:33:56.0000000Z;4.6405;4.65;21369;21369
2026-06-08T14:33:59.0000000Z;4.6405;4.6505;21369;21369
2026-06-08T14:34:09.0000000Z;4.6405;4.65;21369;21369
2026-06-08T14:34:13.0000000Z;4.6405;4.65;21369;21369
2026-06-08T14:34:14.0000000Z;4.6405;4.6505;21369;21369
2026-06-08T14:34:15.0000000Z;4.6405;4.65;21369;21369
2026-06-08T14:34:18.0000000Z;4.6405;4.6505;21369;21369
2026-06-08T14:34:23.0000000Z;4.6405;4.6505;21369;21369
2026-06-08T14:34:25.0000000Z;4.6405;4.65;21369;21369
2026-06-08T14:34:32.0000000Z;4.6405;4.65;21369;21369
2026-06-08T14:34:33.0000000Z;4.6405;4.65;21369;21369
2026-06-08T14:34:34.0000000Z;4.6405;4.6495;21369;21369
2026-06-08T14:34:35.0000000Z;4.6405;4.65;21369;21369
2026-06-08T14:34:36.0000000Z;4.6405;4.6495;21369;21369
2026-06-08T14:34:44.0000000Z;4.6405;4.649;21369;21369
2026-06-08T14:34:46.0000000Z;4.6405;4.649;21369;21369
2026-06-08T14:34:50.0000000Z;4.6405;4.6485;21369;21369
2026-06-08T14:34:51.0000000Z;4.6405;4.648;21369;21369
2026-06-08T14:34:53.0000000Z;4.6405;4.6485;21369;21369
2026-06-08T14:34:59.0000000Z;4.6405;4.649;21369;21369
2026-06-08T14:35:09.0000000Z;4.6405;4.6495;21369;21369
2026-06-08T14:35:17.0000000Z;4.6405;4.65;21369;21369
2026-06-08T14:35:21.0000000Z;4.6405;4.649;21369;21369
2026-06-08T14:35:27.0000000Z;4.6405;4.6485;21369;21369
2026-06-08T14:35:35.0000000Z;4.6405;4.6485;21369;21369
2026-06-08T14:35:36.0000000Z;4.6405;4.648;21369;21369
2026-06-08T14:35:39.0000000Z;4.6405;4.647;21369;21369
2026-06-08T14:35:42.0000000Z;4.6405;4.6465;21369;21369
2026-06-08T14:35:45.0000000Z;4.6405;4.646;21369;21369
2026-06-08T14:35:49.0000000Z;4.6405;4.6465;21369;21369
2026-06-08T14:35:51.0000000Z;4.6405;4.647;21369;21369
2026-06-08T14:35:52.0000000Z;4.6405;4.646;21369;21369
2026-06-08T14:35:55.0000000Z;4.6405;4.6455;21369;21369
2026-06-08T14:35:56.0000000Z;4.6405;4.646;21369;21369
2026-06-08T14:36:01.0000000Z;4.6405;4.6465;21369;21369
2026-06-08T14:36:03.0000000Z;4.6405;4.646;21369;21369
2026-06-08T14:36:07.0000000Z;4.6405;4.6465;21369;21369
2026-06-08T14:36:10.0000000Z;4.6405;4.647;21369;21369
2026-06-08T14:36:13.0000000Z;4.6405;4.6475;21369;21369
2026-06-08T14:36:20.0000000Z;4.6405;4.646;21369;21369
2026-06-08T14:36:25.0000000Z;4.6405;4.6455;21369;21369
2026-06-08T14:36:32.0000000Z;4.6405;4.645;21369;21369
2026-06-08T14:36:34.0000000Z;4.6405;4.6445;21369;21369
2026-06-08T14:36:35.0000000Z;4.6365;4.6445;21369;21369
2026-06-08T14:36:39.0000000Z;4.6365;4.6435;21369;21369
2026-06-08T14:36:41.0000000Z;4.6365;4.644;21369;21369
2026-06-08T14:36:42.0000000Z;4.6365;4.6435;21369;21369
2026-06-08T14:36:45.0000000Z;4.6365;4.644;21369;21369
2026-06-08T14:36:48.0000000Z;4.6365;4.645;21369;21369
2026-06-08T14:36:53.0000000Z;4.6365;4.6445;21369;21369
2026-06-08T14:37:01.0000000Z;4.6365;4.645;21369;21369
2026-06-08T14:37:06.0000000Z;4.6365;4.646;21369;21369
2026-06-08T14:37:09.0000000Z;4.6365;4.6455;21369;21369
2026-06-08T14:37:13.0000000Z;4.6365;4.645;21369;21369
2026-06-08T14:37:15.0000000Z;4.6365;4.6455;21369;21369
2026-06-08T14:37:17.0000000Z;4.6365;4.646;21369;21369
2026-06-08T14:37:19.0000000Z;4.6365;4.6455;21369;21369
2026-06-08T14:37:25.0000000Z;4.6365;4.646;21369;21369
2026-06-08T14:37:27.0000000Z;4.6365;4.6475;21369;21369
2026-06-08T14:37:29.0000000Z;4.6365;4.647;21369;21369
2026-06-08T14:37:37.0000000Z;4.6365;4.6465;21369;21369
2026-06-08T14:37:38.0000000Z;4.6365;4.647;21369;21369
2026-06-08T14:37:39.0000000Z;4.6365;4.6475;21369;21369
2026-06-08T14:37:41.0000000Z;4.6405;4.6485;21369;21369
2026-06-08T14:37:49.0000000Z;4.6405;4.648;21369;21369
2026-06-08T14:37:53.0000000Z;4.6405;4.647;21369;21369
2026-06-08T14:37:55.0000000Z;4.6405;4.6475;21369;21369
2026-06-08T14:38:05.0000000Z;4.64;4.6475;21369;21369
2026-06-08T14:38:06.0000000Z;4.64;4.648;21369;21369
2026-06-08T14:38:15.0000000Z;4.64;4.648;21369;21369
2026-06-08T14:38:19.0000000Z;4.64;4.649;21369;21369
2026-06-08T14:38:22.0000000Z;4.64;4.648;21369;21369
2026-06-08T14:38:43.0000000Z;4.64;4.649;21369;21369
2026-06-08T14:38:47.0000000Z;4.64;4.648;21369;21369
2026-06-08T14:38:51.0000000Z;4.64;4.647;21369;21369
2026-06-08T14:38:54.0000000Z;4.64;4.648;21369;21369
2026-06-08T14:39:05.0000000Z;4.64;4.649;21369;21369
2026-06-08T14:39:23.0000000Z;4.64;4.648;21369;21369
2026-06-08T14:39:32.0000000Z;4.64;4.647;21369;21369
2026-06-08T14:39:38.0000000Z;4.64;4.646;21369;21369
2026-06-08T14:39:49.0000000Z;4.64;4.65;21369;21369
2026-06-08T14:39:53.0000000Z;4.639;4.648;21369;21369
2026-06-08T14:39:56.0000000Z;4.639;4.647;21369;21369
2026-06-08T14:40:01.0000000Z;4.639;4.648;21369;21369
2026-06-08T14:40:02.0000000Z;4.639;4.647;21369;21369
2026-06-08T14:40:08.0000000Z;4.639;4.646;21369;21369
2026-06-08T14:40:12.0000000Z;4.639;4.647;21369;21369
2026-06-08T14:40:21.0000000Z;4.639;4.646;21369;21369
2026-06-08T14:40:26.0000000Z;4.639;4.648;21369;21369
2026-06-08T14:40:29.0000000Z;4.639;4.647;21369;21369
2026-06-08T14:40:45.0000000Z;4.639;4.646;21369;21369
2026-06-08T14:40:49.0000000Z;4.639;4.647;21369;21369
2026-06-08T14:40:57.0000000Z;4.639;4.648;21369;21369
2026-06-08T14:41:12.0000000Z;4.639;4.649;21369;21369
2026-06-08T14:41:19.0000000Z;4.639;4.65;21369;21369
2026-06-08T14:41:24.0000000Z;4.639;4.649;21369;21369
2026-06-08T14:41:33.0000000Z;4.639;4.65;21369;21369
2026-06-08T14:41:34.0000000Z;4.639;4.651;21369;21369
2026-06-08T14:41:37.0000000Z;4.643;4.652;21369;21369
2026-06-08T14:41:44.0000000Z;4.643;4.651;21369;21369
2026-06-08T14:41:46.0000000Z;4.643;4.65;21369;21369
2026-06-08T14:41:48.0000000Z;4.643;4.651;21369;21369
2026-06-08T14:41:57.0000000Z;4.643;4.652;21369;21369
2026-06-08T14:42:13.0000000Z;4.643;4.653;21369;21369
2026-06-08T14:42:22.0000000Z;4.647;4.653;21369;21369
2026-06-08T14:42:32.0000000Z;4.647;4.654;21369;21369
2026-06-08T14:42:44.0000000Z;4.647;4.655;21369;21369
2026-06-08T14:42:52.0000000Z;4.647;4.656;21369;21369
2026-06-08T14:42:56.0000000Z;4.647;4.655;21369;21369
2026-06-08T14:43:00.0000000Z;4.647;4.654;21369;21369
2026-06-08T14:43:23.0000000Z;4.647;4.655;21369;21369
2026-06-08T14:43:24.0000000Z;4.647;4.654;21369;21369
2026-06-08T14:43:38.0000000Z;4.647;4.655;21369;21369
2026-06-08T14:43:47.0000000Z;4.647;4.656;21369;21369
2026-06-08T14:44:02.0000000Z;4.647;4.655;21369;21369
2026-06-08T14:44:08.0000000Z;4.647;4.654;21369;21369
2026-06-08T14:44:19.0000000Z;4.647;4.653;21369;21369
2026-06-08T14:44:34.0000000Z;4.647;4.652;21369;21369
2026-06-08T14:44:39.0000000Z;4.643;4.652;21369;21369
2026-06-08T14:44:45.0000000Z;4.643;4.652;21369;21369
2026-06-08T14:45:01.0000000Z;4.643;4.651;21369;21369
2026-06-08T14:45:05.0000000Z;4.643;4.65;21369;21369
2026-06-08T14:45:12.0000000Z;4.643;4.649;21369;21369
2026-06-08T14:45:18.0000000Z;4.643;4.648;21369;21369
2026-06-08T14:45:24.0000000Z;4.639;4.648;21369;21369
2026-06-08T14:45:25.0000000Z;4.639;4.649;21369;21369
2026-06-08T14:45:38.0000000Z;4.639;4.648;21369;21369
2026-06-08T14:45:42.0000000Z;4.639;4.647;21369;21369
2026-06-08T14:45:45.0000000Z;4.639;4.648;21369;21369
2026-06-08T14:45:50.0000000Z;4.639;4.647;21369;21369
2026-06-08T14:46:10.0000000Z;4.639;4.646;21369;21369
2026-06-08T14:46:16.0000000Z;4.639;4.645;21369;21369
2026-06-08T14:46:30.0000000Z;4.639;4.644;21369;21369
2026-06-08T14:46:33.0000000Z;4.639;4.645;21369;21369
2026-06-08T14:46:36.0000000Z;4.639;4.644;21369;21369
2026-06-08T14:46:48.0000000Z;4.639;4.642;21369;21369
2026-06-08T14:46:49.0000000Z;4.635;4.642;21369;21369
2026-06-08T14:47:05.0000000Z;4.635;4.643;21369;21369
2026-06-08T14:47:07.0000000Z;4.635;4.642;21369;21369
2026-06-08T14:47:11.0000000Z;4.635;4.641;21369;21369
2026-06-08T14:47:23.0000000Z;4.635;4.642;21369;21369
2026-06-08T14:47:44.0000000Z;4.635;4.643;21369;21369
2026-06-08T14:47:46.0000000Z;4.635;4.644;21369;21369
2026-06-08T14:47:49.0000000Z;4.635;4.6415;21369;21369
2026-06-08T14:47:52.0000000Z;4.635;4.6405;21369;21369
2026-06-08T14:47:54.0000000Z;4.635;4.6415;21369;21369
2026-06-08T14:47:56.0000000Z;4.635;4.6425;21369;21369
2026-06-08T14:48:05.0000000Z;4.635;4.6435;21369;21369
2026-06-08T14:48:32.0000000Z;4.635;4.6445;21369;21369
2026-06-08T14:49:02.0000000Z;4.635;4.6445;21369;21369
2026-06-08T14:49:10.0000000Z;4.635;4.6435;21369;21369
2026-06-08T14:49:18.0000000Z;4.635;4.6445;21369;21369
2026-06-08T14:49:21.0000000Z;4.635;4.6435;21369;21369
2026-06-08T14:49:24.0000000Z;4.635;4.6445;21369;21369
2026-06-08T14:49:32.0000000Z;4.635;4.6455;21369;21369
2026-06-08T14:49:33.0000000Z;4.635;4.6445;21369;21369
2026-06-08T14:49:42.0000000Z;4.635;4.6455;21369;21369
2026-06-08T14:49:45.0000000Z;4.635;4.6445;21369;21369
2026-06-08T14:49:59.0000000Z;4.635;4.6465;21369;21369
2026-06-08T14:50:01.0000000Z;4.635;4.646;21369;21369
2026-06-08T14:50:04.0000000Z;4.635;4.6455;21369;21369
2026-06-08T14:50:05.0000000Z;4.635;4.645;21369;21369
2026-06-08T14:50:16.0000000Z;4.635;4.646;21369;21369
2026-06-08T14:50:21.0000000Z;4.639;4.646;21369;21369
2026-06-08T14:50:23.0000000Z;4.639;4.647;21369;21369
2026-06-08T14:50:38.0000000Z;4.639;4.648;21369;21369
2026-06-08T14:50:40.0000000Z;4.639;4.6475;21369;21369
2026-06-08T14:50:43.0000000Z;4.639;4.648;21369;21369
2026-06-08T14:50:45.0000000Z;4.639;4.6475;21369;21369
2026-06-08T14:50:53.0000000Z;4.639;4.6465;21369;21369
2026-06-08T14:51:07.0000000Z;4.639;4.6455;21369;21369
2026-06-08T14:51:12.0000000Z;4.639;4.6445;21369;21369
2026-06-08T14:51:14.0000000Z;4.639;4.6455;21369;21369
2026-06-08T14:51:16.0000000Z;4.639;4.6445;21369;21369
2026-06-08T14:51:20.0000000Z;4.639;4.6435;21369;21369
2026-06-08T14:51:22.0000000Z;4.635;4.6435;21369;21369
2026-06-08T14:51:26.0000000Z;4.635;4.644;21369;21369
2026-06-08T14:51:28.0000000Z;4.635;4.6435;21369;21369
2026-06-08T14:51:31.0000000Z;4.635;4.644;21369;21369
2026-06-08T14:51:32.0000000Z;4.635;4.6435;21369;21369
2026-06-08T14:51:35.0000000Z;4.635;4.6425;21369;21369
2026-06-08T14:51:50.0000000Z;4.635;4.6415;21369;21369
2026-06-08T14:52:13.0000000Z;4.635;4.6405;21369;21369
2026-06-08T14:52:38.0000000Z;4.635;4.6395;21369;21369
2026-06-08T14:52:57.0000000Z;4.631;4.6395;21369;21369
2026-06-08T14:53:01.0000000Z;4.631;4.64;21369;21369
2026-06-08T14:53:04.0000000Z;4.631;4.641;21369;21369
2026-06-08T14:53:06.0000000Z;4.631;4.64;21369;21369
2026-06-08T14:53:37.0000000Z;4.631;4.64;21369;21369
2026-06-08T14:53:46.0000000Z;4.631;4.6395;21369;21369
2026-06-08T14:54:11.0000000Z;4.631;4.64;21369;21369
2026-06-08T14:54:42.0000000Z;4.631;4.64;21369;21369
2026-06-08T14:55:11.0000000Z;4.631;4.641;21369;21369
2026-06-08T14:55:14.0000000Z;4.631;4.64;21369;21369
2026-06-08T14:55:19.0000000Z;4.631;4.641;21369;21369
2026-06-08T14:55:49.0000000Z;4.631;4.641;21369;21369
2026-06-08T14:56:00.0000000Z;4.631;4.64;21369;21369
2026-06-08T14:56:07.0000000Z;4.631;4.641;21369;21369
2026-06-08T14:56:17.0000000Z;4.631;4.642;21369;21369
2026-06-08T14:56:24.0000000Z;4.635;4.642;21369;21369
2026-06-08T14:56:25.0000000Z;4.635;4.643;21369;21369
2026-06-08T14:56:30.0000000Z;4.635;4.642;21369;21369
2026-06-08T14:56:40.0000000Z;4.635;4.6415;21369;21369
2026-06-08T14:57:00.0000000Z;4.635;4.6405;21369;21369
2026-06-08T14:57:09.0000000Z;4.635;4.639;21369;21369
2026-06-08T14:57:10.0000000Z;4.631;4.639;21369;21369
2026-06-08T14:57:32.0000000Z;4.631;4.638;21369;21369
2026-06-08T14:57:37.0000000Z;4.631;4.6375;21369;21369
2026-06-08T14:57:58.0000000Z;4.631;4.638;21369;21369
2026-06-08T14:58:02.0000000Z;4.631;4.6375;21369;21369
2026-06-08T14:58:31.0000000Z;4.631;4.6365;21369;21369
2026-06-08T14:58:54.0000000Z;4.631;4.635;21369;21369
2026-06-08T14:58:55.0000000Z;4.627;4.635;21369;21369
2026-06-08T14:59:18.0000000Z;4.627;4.636;21369;21369
2026-06-08T14:59:22.0000000Z;4.627;4.6365;21369;21369
2026-06-08T14:59:34.0000000Z;4.627;4.6355;21369;21369
2026-06-08T14:59:41.0000000Z;4.627;4.6345;21369;21369
