2026-06-08T08:00:02.0000000Z;40.522;40.549;1239;1239
2026-06-08T08:00:03.0000000Z;40.523;40.549;1239;1239
2026-06-08T08:00:06.0000000Z;40.523;40.547;1239;1239
2026-06-08T08:00:08.0000000Z;40.522;40.547;1239;1239
2026-06-08T08:00:10.0000000Z;40.52;40.545;1239;1239
2026-06-08T08:00:16.0000000Z;40.517;40.545;1239;1239
2026-06-08T08:00:23.0000000Z;40.518;40.545;1239;1239
2026-06-08T08:00:50.0000000Z;40.516;40.545;1239;1239
2026-06-08T08:00:52.0000000Z;40.517;40.545;1239;1239
2026-06-08T08:00:53.0000000Z;40.517;40.543;1239;1239
2026-06-08T08:01:00.0000000Z;40.514;40.543;1239;1239
2026-06-08T08:01:07.0000000Z;40.516;40.543;1239;1239
2026-06-08T08:01:11.0000000Z;40.518;40.543;1239;1239
2026-06-08T08:01:12.0000000Z;40.518;40.545;1239;1239
2026-06-08T08:01:22.0000000Z;40.51;40.545;1239;1239
2026-06-08T08:01:23.0000000Z;40.514;40.545;1239;1239
2026-06-08T08:01:34.0000000Z;40.518;40.545;1239;1239
2026-06-08T08:01:41.0000000Z;40.518;40.543;1239;1239
2026-06-08T08:01:42.0000000Z;40.518;40.545;1239;1239
2026-06-08T08:01:43.0000000Z;40.518;40.543;1239;1239
2026-06-08T08:01:44.0000000Z;40.518;40.545;1239;1239
2026-06-08T08:01:50.0000000Z;40.518;40.543;1239;1239
2026-06-08T08:01:52.0000000Z;40.518;40.543;1239;1239
2026-06-08T08:01:54.0000000Z;40.518;40.545;1239;1239
2026-06-08T08:02:00.0000000Z;40.518;40.543;1239;1239
2026-06-08T08:02:01.0000000Z;40.518;40.545;1239;1239
2026-06-08T08:02:05.0000000Z;40.518;40.543;1239;1239
2026-06-08T08:02:10.0000000Z;40.518;40.541;1239;1239
2026-06-08T08:02:11.0000000Z;40.518;40.543;1239;1239
2026-06-08T08:02:12.0000000Z;40.517;40.543;1239;1239
2026-06-08T08:02:15.0000000Z;40.517;40.541;1239;1239
2026-06-08T08:02:26.0000000Z;40.504;40.541;1239;1239
2026-06-08T08:02:27.0000000Z;40.513;40.541;1239;1239
2026-06-08T08:02:29.0000000Z;40.516;40.541;1239;1239
2026-06-08T08:02:30.0000000Z;40.516;40.543;1239;1239
2026-06-08T08:02:31.0000000Z;40.516;40.541;1239;1239
2026-06-08T08:02:36.0000000Z;40.515;40.541;1239;1239
2026-06-08T08:02:46.0000000Z;40.514;40.541;1239;1239
2026-06-08T08:02:48.0000000Z;40.516;40.541;1239;1239
2026-06-08T08:02:54.0000000Z;40.515;40.541;1239;1239
2026-06-08T08:02:55.0000000Z;40.516;40.541;1239;1239
2026-06-08T08:02:56.0000000Z;40.516;40.541;1239;1239
2026-06-08T08:02:57.0000000Z;40.516;40.539;1239;1239
2026-06-08T08:02:58.0000000Z;40.515;40.539;1239;1239
2026-06-08T08:03:08.0000000Z;40.513;40.539;1239;1239
2026-06-08T08:03:16.0000000Z;40.515;40.541;1239;1239
2026-06-08T08:03:21.0000000Z;40.515;40.539;1239;1239
2026-06-08T08:03:27.0000000Z;40.515;40.546;1239;1239
2026-06-08T08:03:28.0000000Z;40.513;40.54;1239;1239
2026-06-08T08:03:31.0000000Z;40.515;40.54;1239;1239
2026-06-08T08:03:32.0000000Z;40.513;40.54;1239;1239
2026-06-08T08:03:41.0000000Z;40.513;40.538;1239;1239
2026-06-08T08:03:42.0000000Z;40.513;40.539;1239;1239
2026-06-08T08:03:46.0000000Z;40.515;40.539;1239;1239
2026-06-08T08:03:57.0000000Z;40.513;40.539;1239;1239
2026-06-08T08:04:06.0000000Z;40.515;40.539;1239;1239
2026-06-08T08:04:09.0000000Z;40.513;40.539;1239;1239
2026-06-08T08:04:12.0000000Z;40.514;40.539;1239;1239
2026-06-08T08:04:13.0000000Z;40.515;40.539;1239;1239
2026-06-08T08:04:17.0000000Z;40.515;40.541;1239;1239
2026-06-08T08:04:18.0000000Z;40.517;40.541;1239;1239
2026-06-08T08:04:19.0000000Z;40.517;40.543;1239;1239
2026-06-08T08:04:28.0000000Z;40.518;40.543;1239;1239
2026-06-08T08:04:29.0000000Z;40.518;40.543;1239;1239
2026-06-08T08:04:31.0000000Z;40.517;40.543;1239;1239
2026-06-08T08:04:35.0000000Z;40.517;40.543;1239;1239
2026-06-08T08:04:41.0000000Z;40.519;40.543;1239;1239
2026-06-08T08:04:43.0000000Z;40.519;40.545;1239;1239
2026-06-08T08:04:46.0000000Z;40.519;40.543;1239;1239
2026-06-08T08:04:47.0000000Z;40.517;40.543;1239;1239
2026-06-08T08:04:59.0000000Z;40.519;40.543;1239;1239
2026-06-08T08:05:05.0000000Z;40.517;40.543;1239;1239
2026-06-08T08:05:07.0000000Z;40.517;40.541;1239;1239
2026-06-08T08:05:09.0000000Z;40.515;40.541;1239;1239
2026-06-08T08:05:12.0000000Z;40.517;40.541;1239;1239
2026-06-08T08:05:17.0000000Z;40.515;40.539;1239;1239
2026-06-08T08:05:19.0000000Z;40.51;40.539;1239;1239
2026-06-08T08:05:21.0000000Z;40.51;40.542;1239;1239
2026-06-08T08:05:23.0000000Z;40.514;40.541;1239;1239
2026-06-08T08:05:25.0000000Z;40.515;40.541;1239;1239
2026-06-08T08:05:26.0000000Z;40.514;40.54;1239;1239
2026-06-08T08:05:27.0000000Z;40.515;40.54;1239;1239
2026-06-08T08:05:31.0000000Z;40.514;40.54;1239;1239
2026-06-08T08:06:01.0000000Z;40.514;40.54;1239;1239
2026-06-08T08:06:29.0000000Z;40.514;40.542;1239;1239
2026-06-08T08:07:00.0000000Z;40.514;40.542;1239;1239
2026-06-08T08:07:04.0000000Z;40.514;40.54;1239;1239
2026-06-08T08:07:08.0000000Z;40.515;40.54;1239;1239
2026-06-08T08:07:12.0000000Z;40.516;40.54;1239;1239
2026-06-08T08:07:13.0000000Z;40.516;40.542;1239;1239
2026-06-08T08:07:18.0000000Z;40.517;40.542;1239;1239
2026-06-08T08:07:24.0000000Z;40.517;40.544;1239;1239
2026-06-08T08:07:28.0000000Z;40.518;40.544;1239;1239
2026-06-08T08:07:34.0000000Z;40.518;40.546;1239;1239
2026-06-08T08:07:40.0000000Z;40.518;40.546;1239;1239
2026-06-08T08:07:42.0000000Z;40.518;40.544;1239;1239
2026-06-08T08:07:43.0000000Z;40.518;40.543;1239;1239
2026-06-08T08:07:44.0000000Z;40.51;40.542;1239;1239
2026-06-08T08:07:48.0000000Z;40.514;40.542;1239;1239
2026-06-08T08:07:50.0000000Z;40.514;40.546;1239;1239
2026-06-08T08:07:51.0000000Z;40.514;40.542;1239;1239
2026-06-08T08:07:55.0000000Z;40.516;40.542;1239;1239
2026-06-08T08:07:56.0000000Z;40.516;40.542;1239;1239
2026-06-08T08:07:58.0000000Z;40.504;40.542;1239;1239
2026-06-08T08:07:59.0000000Z;40.508;40.542;1239;1239
2026-06-08T08:08:00.0000000Z;40.513;40.542;1239;1239
2026-06-08T08:08:07.0000000Z;40.515;40.542;1239;1239
2026-06-08T08:08:14.0000000Z;40.506;40.542;1239;1239
2026-06-08T08:08:15.0000000Z;40.513;40.542;1239;1239
2026-06-08T08:08:19.0000000Z;40.515;40.542;1239;1239
2026-06-08T08:08:26.0000000Z;40.514;40.542;1239;1239
2026-06-08T08:08:29.0000000Z;40.516;40.542;1239;1239
2026-06-08T08:08:30.0000000Z;40.516;40.542;1239;1239
2026-06-08T08:08:42.0000000Z;40.516;40.542;1239;1239
2026-06-08T08:08:48.0000000Z;40.516;40.542;1239;1239
2026-06-08T08:08:52.0000000Z;40.516;40.54;1239;1239
2026-06-08T08:08:54.0000000Z;40.511;40.54;1239;1239
2026-06-08T08:08:58.0000000Z;40.509;40.54;1239;1239
2026-06-08T08:09:00.0000000Z;40.513;40.54;1239;1239
2026-06-08T08:09:04.0000000Z;40.513;40.538;1239;1239
2026-06-08T08:09:06.0000000Z;40.511;40.538;1239;1239
2026-06-08T08:09:08.0000000Z;40.513;40.538;1239;1239
2026-06-08T08:09:09.0000000Z;40.511;40.538;1239;1239
2026-06-08T08:09:10.0000000Z;40.513;40.538;1239;1239
2026-06-08T08:09:12.0000000Z;40.509;40.538;1239;1239
2026-06-08T08:09:15.0000000Z;40.511;40.538;1239;1239
2026-06-08T08:09:22.0000000Z;40.513;40.538;1239;1239
2026-06-08T08:09:24.0000000Z;40.513;40.54;1239;1239
2026-06-08T08:09:36.0000000Z;40.515;40.54;1239;1239
2026-06-08T08:09:38.0000000Z;40.515;40.542;1239;1239
2026-06-08T08:09:54.0000000Z;40.517;40.542;1239;1239
2026-06-08T08:09:56.0000000Z;40.517;40.544;1239;1239
2026-06-08T08:09:59.0000000Z;40.519;40.544;1239;1239
2026-06-08T08:10:00.0000000Z;40.519;40.547;1239;1239
2026-06-08T08:10:02.0000000Z;40.519;40.545;1239;1239
2026-06-08T08:10:04.0000000Z;40.513;40.545;1239;1239
2026-06-08T08:10:05.0000000Z;40.517;40.545;1239;1239
2026-06-08T08:10:13.0000000Z;40.517;40.549;1239;1239
2026-06-08T08:10:20.0000000Z;40.515;40.549;1239;1239
2026-06-08T08:10:24.0000000Z;40.514;40.548;1239;1239
2026-06-08T08:10:26.0000000Z;40.513;40.546;1239;1239
2026-06-08T08:10:29.0000000Z;40.513;40.544;1239;1239
2026-06-08T08:10:30.0000000Z;40.511;40.535;1239;1239
2026-06-08T08:10:31.0000000Z;40.509;40.535;1239;1239
2026-06-08T08:10:32.0000000Z;40.509;40.535;1239;1239
2026-06-08T08:10:34.0000000Z;40.508;40.539;1239;1239
2026-06-08T08:10:35.0000000Z;40.509;40.535;1239;1239
2026-06-08T08:10:42.0000000Z;40.508;40.535;1239;1239
2026-06-08T08:10:46.0000000Z;40.51;40.535;1239;1239
2026-06-08T08:10:48.0000000Z;40.51;40.537;1239;1239
2026-06-08T08:10:50.0000000Z;40.51;40.539;1239;1239
2026-06-08T08:10:58.0000000Z;40.507;40.537;1239;1239
2026-06-08T08:11:03.0000000Z;40.511;40.537;1239;1239
2026-06-08T08:11:13.0000000Z;40.511;40.535;1239;1239
2026-06-08T08:11:15.0000000Z;40.507;40.535;1239;1239
2026-06-08T08:11:27.0000000Z;40.509;40.535;1239;1239
2026-06-08T08:11:32.0000000Z;40.509;40.534;1239;1239
2026-06-08T08:11:33.0000000Z;40.496;40.533;1239;1239
2026-06-08T08:11:34.0000000Z;40.502;40.533;1239;1239
2026-06-08T08:11:35.0000000Z;40.509;40.533;1239;1239
2026-06-08T08:11:43.0000000Z;40.51;40.533;1239;1239
2026-06-08T08:11:48.0000000Z;40.514;40.533;1239;1239
2026-06-08T08:11:53.0000000Z;40.507;40.54;1239;1239
2026-06-08T08:11:54.0000000Z;40.51;40.54;1239;1239
2026-06-08T08:11:59.0000000Z;40.51;40.539;1239;1239
2026-06-08T08:12:05.0000000Z;40.504;40.539;1239;1239
2026-06-08T08:12:06.0000000Z;40.507;40.539;1239;1239
2026-06-08T08:12:10.0000000Z;40.509;40.539;1239;1239
2026-06-08T08:12:11.0000000Z;40.509;40.541;1239;1239
2026-06-08T08:12:13.0000000Z;40.509;40.539;1239;1239
2026-06-08T08:12:15.0000000Z;40.512;40.539;1239;1239
2026-06-08T08:12:21.0000000Z;40.512;40.541;1239;1239
2026-06-08T08:12:23.0000000Z;40.512;40.539;1239;1239
2026-06-08T08:12:24.0000000Z;40.512;40.539;1239;1239
2026-06-08T08:12:27.0000000Z;40.505;40.539;1239;1239
2026-06-08T08:12:28.0000000Z;40.508;40.539;1239;1239
2026-06-08T08:12:40.0000000Z;40.512;40.539;1239;1239
2026-06-08T08:12:56.0000000Z;40.512;40.538;1239;1239
2026-06-08T08:12:57.0000000Z;40.511;40.537;1239;1239
2026-06-08T08:13:09.0000000Z;40.498;40.535;1239;1239
2026-06-08T08:13:11.0000000Z;40.508;40.537;1239;1239
2026-06-08T08:13:13.0000000Z;40.511;40.537;1239;1239
2026-06-08T08:13:15.0000000Z;40.511;40.539;1239;1239
2026-06-08T08:13:25.0000000Z;40.51;40.539;1239;1239
2026-06-08T08:13:27.0000000Z;40.512;40.539;1239;1239
2026-06-08T08:13:35.0000000Z;40.509;40.539;1239;1239
2026-06-08T08:13:36.0000000Z;40.51;40.539;1239;1239
2026-06-08T08:13:37.0000000Z;40.512;40.539;1239;1239
2026-06-08T08:13:43.0000000Z;40.501;40.539;1239;1239
2026-06-08T08:13:44.0000000Z;40.507;40.539;1239;1239
2026-06-08T08:13:45.0000000Z;40.51;40.539;1239;1239
2026-06-08T08:13:49.0000000Z;40.512;40.539;1239;1239
2026-06-08T08:13:50.0000000Z;40.51;40.539;1239;1239
2026-06-08T08:13:51.0000000Z;40.503;40.537;1239;1239
2026-06-08T08:13:52.0000000Z;40.51;40.537;1239;1239
2026-06-08T08:13:55.0000000Z;40.512;40.537;1239;1239
2026-06-08T08:13:56.0000000Z;40.51;40.537;1239;1239
2026-06-08T08:13:57.0000000Z;40.498;40.537;1239;1239
2026-06-08T08:13:58.0000000Z;40.509;40.537;1239;1239
2026-06-08T08:14:04.0000000Z;40.509;40.535;1239;1239
2026-06-08T08:14:05.0000000Z;40.509;40.542;1239;1239
2026-06-08T08:14:06.0000000Z;40.509;40.537;1239;1239
2026-06-08T08:14:09.0000000Z;40.508;40.537;1239;1239
2026-06-08T08:14:11.0000000Z;40.51;40.537;1239;1239
2026-06-08T08:14:13.0000000Z;40.51;40.535;1239;1239
2026-06-08T08:14:19.0000000Z;40.496;40.541;1239;1239
2026-06-08T08:14:21.0000000Z;40.506;40.537;1239;1239
2026-06-08T08:14:22.0000000Z;40.507;40.537;1239;1239
2026-06-08T08:14:25.0000000Z;40.509;40.537;1239;1239
2026-06-08T08:14:32.0000000Z;40.503;40.537;1239;1239
2026-06-08T08:14:33.0000000Z;40.508;40.537;1239;1239
2026-06-08T08:14:37.0000000Z;40.51;40.537;1239;1239
2026-06-08T08:14:44.0000000Z;40.509;40.537;1239;1239
2026-06-08T08:14:51.0000000Z;40.506;40.537;1239;1239
2026-06-08T08:14:53.0000000Z;40.508;40.537;1239;1239
2026-06-08T08:14:58.0000000Z;40.51;40.537;1239;1239
2026-06-08T08:15:06.0000000Z;40.509;40.537;1239;1239
2026-06-08T08:15:14.0000000Z;40.507;40.537;1239;1239
2026-06-08T08:15:16.0000000Z;40.511;40.537;1239;1239
2026-06-08T08:15:18.0000000Z;40.511;40.539;1239;1239
2026-06-08T08:15:19.0000000Z;40.511;40.539;1239;1239
2026-06-08T08:15:20.0000000Z;40.511;40.537;1239;1239
2026-06-08T08:15:25.0000000Z;40.511;40.535;1239;1239
2026-06-08T08:15:26.0000000Z;40.508;40.535;1239;1239
2026-06-08T08:15:30.0000000Z;40.51;40.535;1239;1239
2026-06-08T08:15:32.0000000Z;40.511;40.535;1239;1239
2026-06-08T08:15:33.0000000Z;40.51;40.536;1239;1239
2026-06-08T08:15:34.0000000Z;40.51;40.537;1239;1239
2026-06-08T08:15:36.0000000Z;40.51;40.535;1239;1239
2026-06-08T08:15:38.0000000Z;40.504;40.535;1239;1239
2026-06-08T08:15:40.0000000Z;40.504;40.533;1239;1239
2026-06-08T08:15:45.0000000Z;40.506;40.533;1239;1239
2026-06-08T08:15:52.0000000Z;40.496;40.533;1239;1239
2026-06-08T08:15:53.0000000Z;40.498;40.533;1239;1239
2026-06-08T08:15:55.0000000Z;40.507;40.533;1239;1239
2026-06-08T08:16:06.0000000Z;40.505;40.535;1239;1239
2026-06-08T08:16:17.0000000Z;40.51;40.535;1239;1239
2026-06-08T08:16:19.0000000Z;40.51;40.537;1239;1239
2026-06-08T08:16:20.0000000Z;40.51;40.535;1239;1239
2026-06-08T08:16:27.0000000Z;40.51;40.537;1239;1239
2026-06-08T08:16:28.0000000Z;40.507;40.535;1239;1239
2026-06-08T08:16:32.0000000Z;40.509;40.535;1239;1239
2026-06-08T08:16:36.0000000Z;40.509;40.537;1239;1239
2026-06-08T08:16:38.0000000Z;40.509;40.535;1239;1239
2026-06-08T08:16:43.0000000Z;40.509;40.533;1239;1239
2026-06-08T08:16:46.0000000Z;40.509;40.535;1239;1239
2026-06-08T08:16:49.0000000Z;40.509;40.533;1239;1239
2026-06-08T08:16:50.0000000Z;40.508;40.533;1239;1239
2026-06-08T08:16:58.0000000Z;40.508;40.535;1239;1239
2026-06-08T08:16:59.0000000Z;40.508;40.533;1239;1239
2026-06-08T08:17:00.0000000Z;40.507;40.533;1239;1239
2026-06-08T08:17:04.0000000Z;40.507;40.533;1239;1239
2026-06-08T08:17:05.0000000Z;40.507;40.535;1239;1239
2026-06-08T08:17:06.0000000Z;40.496;40.535;1239;1239
2026-06-08T08:17:07.0000000Z;40.503;40.531;1239;1239
2026-06-08T08:17:12.0000000Z;40.505;40.531;1239;1239
2026-06-08T08:17:20.0000000Z;40.505;40.533;1239;1239
2026-06-08T08:17:23.0000000Z;40.502;40.533;1239;1239
2026-06-08T08:17:27.0000000Z;40.508;40.533;1239;1239
2026-06-08T08:17:39.0000000Z;40.507;40.533;1239;1239
2026-06-08T08:17:49.0000000Z;40.503;40.533;1239;1239
2026-06-08T08:17:51.0000000Z;40.506;40.533;1239;1239
2026-06-08T08:17:53.0000000Z;40.506;40.535;1239;1239
2026-06-08T08:18:03.0000000Z;40.507;40.535;1239;1239
2026-06-08T08:18:23.0000000Z;40.509;40.537;1239;1239
2026-06-08T08:18:29.0000000Z;40.507;40.537;1239;1239
2026-06-08T08:18:32.0000000Z;40.509;40.537;1239;1239
2026-06-08T08:18:43.0000000Z;40.509;40.539;1239;1239
2026-06-08T08:18:50.0000000Z;40.51;40.539;1239;1239
2026-06-08T08:18:51.0000000Z;40.512;40.541;1239;1239
2026-06-08T08:18:53.0000000Z;40.512;40.541;1239;1239
2026-06-08T08:18:56.0000000Z;40.514;40.541;1239;1239
2026-06-08T08:18:57.0000000Z;40.514;40.542;1239;1239
2026-06-08T08:18:59.0000000Z;40.514;40.54;1239;1239
2026-06-08T08:19:03.0000000Z;40.508;40.54;1239;1239
2026-06-08T08:19:04.0000000Z;40.513;40.54;1239;1239
2026-06-08T08:19:05.0000000Z;40.513;40.54;1239;1239
2026-06-08T08:19:15.0000000Z;40.509;40.54;1239;1239
2026-06-08T08:19:17.0000000Z;40.513;40.54;1239;1239
2026-06-08T08:19:41.0000000Z;40.515;40.54;1239;1239
2026-06-08T08:19:44.0000000Z;40.515;40.542;1239;1239
2026-06-08T08:19:47.0000000Z;40.506;40.542;1239;1239
2026-06-08T08:19:48.0000000Z;40.511;40.542;1239;1239
2026-06-08T08:19:49.0000000Z;40.513;40.542;1239;1239
2026-06-08T08:19:55.0000000Z;40.513;40.54;1239;1239
2026-06-08T08:19:56.0000000Z;40.513;40.542;1239;1239
2026-06-08T08:20:00.0000000Z;40.514;40.542;1239;1239
2026-06-08T08:20:02.0000000Z;40.514;40.54;1239;1239
2026-06-08T08:20:11.0000000Z;40.507;40.546;1239;1239
2026-06-08T08:20:12.0000000Z;40.512;40.542;1239;1239
2026-06-08T08:20:17.0000000Z;40.514;40.54;1239;1239
2026-06-08T08:20:21.0000000Z;40.514;40.542;1239;1239
2026-06-08T08:20:22.0000000Z;40.514;40.54;1239;1239
2026-06-08T08:20:23.0000000Z;40.514;40.54;1239;1239
2026-06-08T08:20:25.0000000Z;40.514;40.542;1239;1239
2026-06-08T08:20:28.0000000Z;40.515;40.542;1239;1239
2026-06-08T08:20:34.0000000Z;40.515;40.54;1239;1239
2026-06-08T08:20:35.0000000Z;40.509;40.54;1239;1239
2026-06-08T08:20:39.0000000Z;40.511;40.54;1239;1239
2026-06-08T08:20:43.0000000Z;40.511;40.542;1239;1239
2026-06-08T08:20:44.0000000Z;40.514;40.542;1239;1239
2026-06-08T08:20:45.0000000Z;40.515;40.544;1239;1239
2026-06-08T08:20:57.0000000Z;40.509;40.544;1239;1239
2026-06-08T08:21:03.0000000Z;40.513;40.544;1239;1239
2026-06-08T08:21:08.0000000Z;40.513;40.542;1239;1239
2026-06-08T08:21:09.0000000Z;40.506;40.542;1239;1239
2026-06-08T08:21:10.0000000Z;40.509;40.542;1239;1239
2026-06-08T08:21:13.0000000Z;40.513;40.542;1239;1239
2026-06-08T08:21:14.0000000Z;40.515;40.542;1239;1239
2026-06-08T08:21:19.0000000Z;40.515;40.54;1239;1239
2026-06-08T08:21:21.0000000Z;40.501;40.538;1239;1239
2026-06-08T08:21:23.0000000Z;40.505;40.538;1239;1239
2026-06-08T08:21:25.0000000Z;40.512;40.538;1239;1239
2026-06-08T08:21:31.0000000Z;40.51;40.538;1239;1239
2026-06-08T08:21:37.0000000Z;40.51;40.54;1239;1239
2026-06-08T08:21:39.0000000Z;40.51;40.538;1239;1239
2026-06-08T08:21:45.0000000Z;40.51;40.539;1239;1239
2026-06-08T08:21:47.0000000Z;40.51;40.537;1239;1239
2026-06-08T08:21:51.0000000Z;40.512;40.541;1239;1239
2026-06-08T08:21:52.0000000Z;40.512;40.537;1239;1239
2026-06-08T08:21:53.0000000Z;40.512;40.535;1239;1239
2026-06-08T08:21:55.0000000Z;40.505;40.535;1239;1239
2026-06-08T08:22:05.0000000Z;40.498;40.54;1239;1239
2026-06-08T08:22:06.0000000Z;40.504;40.535;1239;1239
2026-06-08T08:22:19.0000000Z;40.508;40.535;1239;1239
2026-06-08T08:22:20.0000000Z;40.51;40.535;1239;1239
2026-06-08T08:22:22.0000000Z;40.508;40.535;1239;1239
2026-06-08T08:22:24.0000000Z;40.508;40.533;1239;1239
2026-06-08T08:22:30.0000000Z;40.508;40.535;1239;1239
2026-06-08T08:22:32.0000000Z;40.508;40.533;1239;1239
2026-06-08T08:22:36.0000000Z;40.495;40.535;1239;1239
2026-06-08T08:22:37.0000000Z;40.504;40.535;1239;1239
2026-06-08T08:22:47.0000000Z;40.5;40.535;1239;1239
2026-06-08T08:22:48.0000000Z;40.507;40.533;1239;1239
2026-06-08T08:22:56.0000000Z;40.507;40.531;1239;1239
2026-06-08T08:22:58.0000000Z;40.5;40.531;1239;1239
2026-06-08T08:22:59.0000000Z;40.5;40.528;1239;1239
2026-06-08T08:23:02.0000000Z;40.5;40.525;1239;1239
2026-06-08T08:23:04.0000000Z;40.499;40.525;1239;1239
2026-06-08T08:23:08.0000000Z;40.498;40.525;1239;1239
2026-06-08T08:23:10.0000000Z;40.498;40.525;1239;1239
2026-06-08T08:23:22.0000000Z;40.497;40.525;1239;1239
2026-06-08T08:23:25.0000000Z;40.499;40.525;1239;1239
2026-06-08T08:23:30.0000000Z;40.499;40.527;1239;1239
2026-06-08T08:23:34.0000000Z;40.494;40.527;1239;1239
2026-06-08T08:23:36.0000000Z;40.499;40.529;1239;1239
2026-06-08T08:23:40.0000000Z;40.501;40.529;1239;1239
2026-06-08T08:23:52.0000000Z;40.5;40.529;1239;1239
2026-06-08T08:24:02.0000000Z;40.499;40.529;1239;1239
2026-06-08T08:24:08.0000000Z;40.502;40.529;1239;1239
2026-06-08T08:24:14.0000000Z;40.502;40.531;1239;1239
2026-06-08T08:24:20.0000000Z;40.5;40.531;1239;1239
2026-06-08T08:24:28.0000000Z;40.496;40.531;1239;1239
2026-06-08T08:24:29.0000000Z;40.497;40.531;1239;1239
2026-06-08T08:24:33.0000000Z;40.497;40.529;1239;1239
2026-06-08T08:24:36.0000000Z;40.497;40.527;1239;1239
2026-06-08T08:24:41.0000000Z;40.5;40.527;1239;1239
2026-06-08T08:24:42.0000000Z;40.501;40.529;1239;1239
2026-06-08T08:24:45.0000000Z;40.501;40.527;1239;1239
2026-06-08T08:24:50.0000000Z;40.482;40.535;1239;1239
2026-06-08T08:24:51.0000000Z;40.487;40.531;1239;1239
2026-06-08T08:24:52.0000000Z;40.497;40.527;1239;1239
2026-06-08T08:24:54.0000000Z;40.5;40.527;1239;1239
2026-06-08T08:25:06.0000000Z;40.497;40.529;1239;1239
2026-06-08T08:25:15.0000000Z;40.503;40.529;1239;1239
2026-06-08T08:25:26.0000000Z;40.501;40.531;1239;1239
2026-06-08T08:25:29.0000000Z;40.503;40.531;1239;1239
2026-06-08T08:25:40.0000000Z;40.497;40.531;1239;1239
2026-06-08T08:25:42.0000000Z;40.497;40.528;1239;1239
2026-06-08T08:25:43.0000000Z;40.497;40.527;1239;1239
2026-06-08T08:25:47.0000000Z;40.499;40.527;1239;1239
2026-06-08T08:25:48.0000000Z;40.499;40.529;1239;1239
2026-06-08T08:25:51.0000000Z;40.499;40.527;1239;1239
2026-06-08T08:26:00.0000000Z;40.499;40.529;1239;1239
2026-06-08T08:26:02.0000000Z;40.503;40.529;1239;1239
2026-06-08T08:26:04.0000000Z;40.503;40.531;1239;1239
2026-06-08T08:26:22.0000000Z;40.503;40.529;1239;1239
2026-06-08T08:26:23.0000000Z;40.504;40.531;1239;1239
2026-06-08T08:26:25.0000000Z;40.504;40.529;1239;1239
2026-06-08T08:26:30.0000000Z;40.504;40.531;1239;1239
2026-06-08T08:26:53.0000000Z;40.504;40.531;1239;1239
2026-06-08T08:26:59.0000000Z;40.5;40.535;1239;1239
2026-06-08T08:27:00.0000000Z;40.505;40.533;1239;1239
2026-06-08T08:27:08.0000000Z;40.507;40.533;1239;1239
2026-06-08T08:27:09.0000000Z;40.507;40.533;1239;1239
2026-06-08T08:27:13.0000000Z;40.507;40.533;1239;1239
2026-06-08T08:27:15.0000000Z;40.505;40.531;1239;1239
2026-06-08T08:27:17.0000000Z;40.507;40.531;1239;1239
2026-06-08T08:27:18.0000000Z;40.506;40.531;1239;1239
2026-06-08T08:27:21.0000000Z;40.502;40.531;1239;1239
2026-06-08T08:27:24.0000000Z;40.506;40.531;1239;1239
2026-06-08T08:27:25.0000000Z;40.506;40.531;1239;1239
2026-06-08T08:27:27.0000000Z;40.5;40.531;1239;1239
2026-06-08T08:27:30.0000000Z;40.505;40.531;1239;1239
2026-06-08T08:27:31.0000000Z;40.505;40.531;1239;1239
2026-06-08T08:27:33.0000000Z;40.504;40.531;1239;1239
2026-06-08T08:27:37.0000000Z;40.504;40.531;1239;1239
2026-06-08T08:27:40.0000000Z;40.505;40.531;1239;1239
2026-06-08T08:27:41.0000000Z;40.505;40.533;1239;1239
2026-06-08T08:27:50.0000000Z;40.505;40.531;1239;1239
2026-06-08T08:27:51.0000000Z;40.504;40.531;1239;1239
2026-06-08T08:28:01.0000000Z;40.503;40.533;1239;1239
2026-06-08T08:28:03.0000000Z;40.503;40.531;1239;1239
2026-06-08T08:28:05.0000000Z;40.503;40.533;1239;1239
2026-06-08T08:28:06.0000000Z;40.503;40.531;1239;1239
2026-06-08T08:28:10.0000000Z;40.506;40.531;1239;1239
2026-06-08T08:28:13.0000000Z;40.505;40.531;1239;1239
2026-06-08T08:28:16.0000000Z;40.506;40.531;1239;1239
2026-06-08T08:28:17.0000000Z;40.506;40.531;1239;1239
2026-06-08T08:28:19.0000000Z;40.505;40.531;1239;1239
2026-06-08T08:28:22.0000000Z;40.505;40.529;1239;1239
2026-06-08T08:28:52.0000000Z;40.505;40.529;1239;1239
2026-06-08T08:29:05.0000000Z;40.5;40.529;1239;1239
2026-06-08T08:29:14.0000000Z;40.502;40.529;1239;1239
2026-06-08T08:29:15.0000000Z;40.502;40.531;1239;1239
2026-06-08T08:29:17.0000000Z;40.504;40.531;1239;1239
2026-06-08T08:29:20.0000000Z;40.504;40.533;1239;1239
2026-06-08T08:29:23.0000000Z;40.496;40.533;1239;1239
2026-06-08T08:29:25.0000000Z;40.501;40.531;1239;1239
2026-06-08T08:29:28.0000000Z;40.505;40.531;1239;1239
2026-06-08T08:29:33.0000000Z;40.504;40.531;1239;1239
2026-06-08T08:29:37.0000000Z;40.496;40.531;1239;1239
2026-06-08T08:29:39.0000000Z;40.5;40.531;1239;1239
2026-06-08T08:29:45.0000000Z;40.483;40.533;1239;1239
2026-06-08T08:29:46.0000000Z;40.493;40.533;1239;1239
2026-06-08T08:29:47.0000000Z;40.498;40.533;1239;1239
2026-06-08T08:29:48.0000000Z;40.499;40.533;1239;1239
2026-06-08T08:29:49.0000000Z;40.504;40.533;1239;1239
2026-06-08T08:29:52.0000000Z;40.504;40.531;1239;1239
2026-06-08T08:29:57.0000000Z;40.504;40.533;1239;1239
2026-06-08T08:30:00.0000000Z;40.505;40.531;1239;1239
2026-06-08T08:30:07.0000000Z;40.506;40.531;1239;1239
2026-06-08T08:30:09.0000000Z;40.506;40.533;1239;1239
2026-06-08T08:30:13.0000000Z;40.506;40.535;1239;1239
2026-06-08T08:30:18.0000000Z;40.487;40.535;1239;1239
2026-06-08T08:30:19.0000000Z;40.497;40.535;1239;1239
2026-06-08T08:30:20.0000000Z;40.504;40.535;1239;1239
2026-06-08T08:30:31.0000000Z;40.506;40.535;1239;1239
2026-06-08T08:30:32.0000000Z;40.508;40.537;1239;1239
2026-06-08T08:30:33.0000000Z;40.508;40.535;1239;1239
2026-06-08T08:30:35.0000000Z;40.51;40.535;1239;1239
2026-06-08T08:30:36.0000000Z;40.51;40.537;1239;1239
2026-06-08T08:30:37.0000000Z;40.51;40.535;1239;1239
2026-06-08T08:30:42.0000000Z;40.502;40.535;1239;1239
2026-06-08T08:30:51.0000000Z;40.508;40.535;1239;1239
2026-06-08T08:30:52.0000000Z;40.509;40.537;1239;1239
2026-06-08T08:30:54.0000000Z;40.509;40.54;1239;1239
2026-06-08T08:30:55.0000000Z;40.509;40.537;1239;1239
2026-06-08T08:31:02.0000000Z;40.503;40.535;1239;1239
2026-06-08T08:31:04.0000000Z;40.507;40.535;1239;1239
2026-06-08T08:31:07.0000000Z;40.509;40.535;1239;1239
2026-06-08T08:31:26.0000000Z;40.51;40.535;1239;1239
2026-06-08T08:31:32.0000000Z;40.504;40.535;1239;1239
2026-06-08T08:31:39.0000000Z;40.508;40.535;1239;1239
2026-06-08T08:31:42.0000000Z;40.508;40.537;1239;1239
2026-06-08T08:31:43.0000000Z;40.508;40.535;1239;1239
2026-06-08T08:31:49.0000000Z;40.508;40.533;1239;1239
2026-06-08T08:31:50.0000000Z;40.504;40.533;1239;1239
2026-06-08T08:31:51.0000000Z;40.505;40.533;1239;1239
2026-06-08T08:31:57.0000000Z;40.505;40.531;1239;1239
2026-06-08T08:31:58.0000000Z;40.505;40.532;1239;1239
2026-06-08T08:31:59.0000000Z;40.507;40.532;1239;1239
2026-06-08T08:32:00.0000000Z;40.506;40.537;1239;1239
2026-06-08T08:32:01.0000000Z;40.506;40.539;1239;1239
2026-06-08T08:32:02.0000000Z;40.506;40.535;1239;1239
2026-06-08T08:32:11.0000000Z;40.509;40.535;1239;1239
2026-06-08T08:32:12.0000000Z;40.509;40.537;1239;1239
2026-06-08T08:32:18.0000000Z;40.508;40.535;1239;1239
2026-06-08T08:32:26.0000000Z;40.505;40.535;1239;1239
2026-06-08T08:32:29.0000000Z;40.509;40.535;1239;1239
2026-06-08T08:32:30.0000000Z;40.509;40.535;1239;1239
2026-06-08T08:32:47.0000000Z;40.509;40.533;1239;1239
2026-06-08T08:32:58.0000000Z;40.509;40.535;1239;1239
2026-06-08T08:33:11.0000000Z;40.509;40.533;1239;1239
2026-06-08T08:33:16.0000000Z;40.509;40.535;1239;1239
2026-06-08T08:33:26.0000000Z;40.51;40.535;1239;1239
2026-06-08T08:33:30.0000000Z;40.511;40.535;1239;1239
2026-06-08T08:33:31.0000000Z;40.51;40.535;1239;1239
2026-06-08T08:33:32.0000000Z;40.512;40.537;1239;1239
2026-06-08T08:33:36.0000000Z;40.512;40.539;1239;1239
2026-06-08T08:33:40.0000000Z;40.512;40.537;1239;1239
2026-06-08T08:33:48.0000000Z;40.511;40.537;1239;1239
2026-06-08T08:33:49.0000000Z;40.512;40.537;1239;1239
2026-06-08T08:33:50.0000000Z;40.511;40.537;1239;1239
2026-06-08T08:33:56.0000000Z;40.512;40.537;1239;1239
2026-06-08T08:33:58.0000000Z;40.511;40.537;1239;1239
2026-06-08T08:34:06.0000000Z;40.512;40.537;1239;1239
2026-06-08T08:34:12.0000000Z;40.51;40.537;1239;1239
2026-06-08T08:34:27.0000000Z;40.51;40.535;1239;1239
2026-06-08T08:34:28.0000000Z;40.509;40.535;1239;1239
2026-06-08T08:34:59.0000000Z;40.509;40.535;1239;1239
2026-06-08T08:35:16.0000000Z;40.508;40.535;1239;1239
2026-06-08T08:35:17.0000000Z;40.509;40.535;1239;1239
2026-06-08T08:35:19.0000000Z;40.508;40.535;1239;1239
2026-06-08T08:35:23.0000000Z;40.506;40.535;1239;1239
2026-06-08T08:35:27.0000000Z;40.508;40.535;1239;1239
2026-06-08T08:35:33.0000000Z;40.508;40.533;1239;1239
2026-06-08T08:35:39.0000000Z;40.507;40.533;1239;1239
2026-06-08T08:35:51.0000000Z;40.504;40.533;1239;1239
2026-06-08T08:35:54.0000000Z;40.506;40.533;1239;1239
2026-06-08T08:36:01.0000000Z;40.502;40.533;1239;1239
2026-06-08T08:36:02.0000000Z;40.505;40.533;1239;1239
2026-06-08T08:36:06.0000000Z;40.507;40.533;1239;1239
2026-06-08T08:36:11.0000000Z;40.498;40.535;1239;1239
2026-06-08T08:36:12.0000000Z;40.503;40.533;1239;1239
2026-06-08T08:36:20.0000000Z;40.508;40.533;1239;1239
2026-06-08T08:36:23.0000000Z;40.508;40.535;1239;1239
2026-06-08T08:36:24.0000000Z;40.508;40.533;1239;1239
2026-06-08T08:36:28.0000000Z;40.509;40.533;1239;1239
2026-06-08T08:36:34.0000000Z;40.508;40.533;1239;1239
2026-06-08T08:36:36.0000000Z;40.498;40.533;1239;1239
2026-06-08T08:36:37.0000000Z;40.506;40.533;1239;1239
2026-06-08T08:36:42.0000000Z;40.508;40.533;1239;1239
2026-06-08T08:36:50.0000000Z;40.504;40.533;1239;1239
2026-06-08T08:36:54.0000000Z;40.506;40.533;1239;1239
2026-06-08T08:36:57.0000000Z;40.508;40.533;1239;1239
2026-06-08T08:36:58.0000000Z;40.508;40.535;1239;1239
2026-06-08T08:37:02.0000000Z;40.508;40.533;1239;1239
2026-06-08T08:37:08.0000000Z;40.504;40.533;1239;1239
2026-06-08T08:37:13.0000000Z;40.504;40.531;1239;1239
2026-06-08T08:37:20.0000000Z;40.502;40.531;1239;1239
2026-06-08T08:37:31.0000000Z;40.505;40.531;1239;1239
2026-06-08T08:37:56.0000000Z;40.5;40.531;1239;1239
2026-06-08T08:38:03.0000000Z;40.505;40.531;1239;1239
2026-06-08T08:38:34.0000000Z;40.505;40.531;1239;1239
2026-06-08T08:38:36.0000000Z;40.504;40.531;1239;1239
2026-06-08T08:38:37.0000000Z;40.504;40.529;1239;1239
2026-06-08T08:38:40.0000000Z;40.499;40.529;1239;1239
2026-06-08T08:39:06.0000000Z;40.499;40.528;1239;1239
2026-06-08T08:39:08.0000000Z;40.496;40.527;1239;1239
2026-06-08T08:39:11.0000000Z;40.502;40.527;1239;1239
2026-06-08T08:39:30.0000000Z;40.498;40.527;1239;1239
2026-06-08T08:39:31.0000000Z;40.499;40.527;1239;1239
2026-06-08T08:39:35.0000000Z;40.501;40.527;1239;1239
2026-06-08T08:39:48.0000000Z;40.5;40.527;1239;1239
2026-06-08T08:39:49.0000000Z;40.501;40.527;1239;1239
2026-06-08T08:39:50.0000000Z;40.501;40.525;1239;1239
2026-06-08T08:39:52.0000000Z;40.497;40.525;1239;1239
2026-06-08T08:39:53.0000000Z;40.499;40.525;1239;1239
2026-06-08T08:39:54.0000000Z;40.499;40.527;1239;1239
2026-06-08T08:40:25.0000000Z;40.499;40.527;1239;1239
2026-06-08T08:40:27.0000000Z;40.5;40.527;1239;1239
2026-06-08T08:40:38.0000000Z;40.501;40.527;1239;1239
2026-06-08T08:40:49.0000000Z;40.501;40.526;1239;1239
2026-06-08T08:40:50.0000000Z;40.497;40.526;1239;1239
2026-06-08T08:40:52.0000000Z;40.497;40.525;1239;1239
2026-06-08T08:40:54.0000000Z;40.484;40.52;1239;1239
2026-06-08T08:40:55.0000000Z;40.493;40.52;1239;1239
2026-06-08T08:40:57.0000000Z;40.493;40.519;1239;1239
2026-06-08T08:40:58.0000000Z;40.489;40.519;1239;1239
2026-06-08T08:40:59.0000000Z;40.492;40.518;1239;1239
2026-06-08T08:41:02.0000000Z;40.492;40.52;1239;1239
2026-06-08T08:41:03.0000000Z;40.492;40.518;1239;1239
2026-06-08T08:41:06.0000000Z;40.493;40.52;1239;1239
2026-06-08T08:41:10.0000000Z;40.494;40.52;1239;1239
2026-06-08T08:41:13.0000000Z;40.494;40.52;1239;1239
2026-06-08T08:41:16.0000000Z;40.495;40.52;1239;1239
2026-06-08T08:41:18.0000000Z;40.497;40.52;1239;1239
2026-06-08T08:41:31.0000000Z;40.494;40.518;1239;1239
2026-06-08T08:41:33.0000000Z;40.494;40.52;1239;1239
2026-06-08T08:41:49.0000000Z;40.494;40.518;1239;1239
2026-06-08T08:41:53.0000000Z;40.494;40.52;1239;1239
2026-06-08T08:41:57.0000000Z;40.488;40.52;1239;1239
2026-06-08T08:41:59.0000000Z;40.491;40.52;1239;1239
2026-06-08T08:42:00.0000000Z;40.492;40.52;1239;1239
2026-06-08T08:42:30.0000000Z;40.492;40.52;1239;1239
2026-06-08T08:42:35.0000000Z;40.496;40.52;1239;1239
2026-06-08T08:42:37.0000000Z;40.496;40.523;1239;1239
2026-06-08T08:42:38.0000000Z;40.496;40.521;1239;1239
2026-06-08T08:42:41.0000000Z;40.495;40.521;1239;1239
2026-06-08T08:42:43.0000000Z;40.495;40.523;1239;1239
2026-06-08T08:42:46.0000000Z;40.497;40.523;1239;1239
2026-06-08T08:42:49.0000000Z;40.496;40.523;1239;1239
2026-06-08T08:42:55.0000000Z;40.496;40.521;1239;1239
2026-06-08T08:42:56.0000000Z;40.496;40.519;1239;1239
2026-06-08T08:42:57.0000000Z;40.474;40.519;1239;1239
2026-06-08T08:42:58.0000000Z;40.476;40.519;1239;1239
2026-06-08T08:42:59.0000000Z;40.49;40.522;1239;1239
2026-06-08T08:43:00.0000000Z;40.491;40.522;1239;1239
2026-06-08T08:43:03.0000000Z;40.495;40.522;1239;1239
2026-06-08T08:43:07.0000000Z;40.497;40.523;1239;1239
2026-06-08T08:43:11.0000000Z;40.497;40.525;1239;1239
2026-06-08T08:43:17.0000000Z;40.496;40.525;1239;1239
2026-06-08T08:43:20.0000000Z;40.498;40.525;1239;1239
2026-06-08T08:43:31.0000000Z;40.478;40.525;1239;1239
2026-06-08T08:43:32.0000000Z;40.492;40.525;1239;1239
2026-06-08T08:43:33.0000000Z;40.497;40.525;1239;1239
2026-06-08T08:43:41.0000000Z;40.481;40.528;1239;1239
2026-06-08T08:43:42.0000000Z;40.491;40.524;1239;1239
2026-06-08T08:43:43.0000000Z;40.494;40.524;1239;1239
2026-06-08T08:43:46.0000000Z;40.498;40.524;1239;1239
2026-06-08T08:43:56.0000000Z;40.499;40.524;1239;1239
2026-06-08T08:43:57.0000000Z;40.5;40.524;1239;1239
2026-06-08T08:44:28.0000000Z;40.5;40.524;1239;1239
2026-06-08T08:44:47.0000000Z;40.482;40.529;1239;1239
2026-06-08T08:44:48.0000000Z;40.492;40.525;1239;1239
2026-06-08T08:44:49.0000000Z;40.495;40.525;1239;1239
2026-06-08T08:44:51.0000000Z;40.5;40.525;1239;1239
2026-06-08T08:44:56.0000000Z;40.5;40.527;1239;1239
2026-06-08T08:45:26.0000000Z;40.5;40.527;1239;1239
2026-06-08T08:45:31.0000000Z;40.502;40.527;1239;1239
2026-06-08T08:45:44.0000000Z;40.5;40.527;1239;1239
2026-06-08T08:45:52.0000000Z;40.485;40.531;1239;1239
2026-06-08T08:45:53.0000000Z;40.495;40.529;1239;1239
2026-06-08T08:45:54.0000000Z;40.496;40.529;1239;1239
2026-06-08T08:46:03.0000000Z;40.5;40.529;1239;1239
2026-06-08T08:46:14.0000000Z;40.494;40.529;1239;1239
2026-06-08T08:46:15.0000000Z;40.5;40.529;1239;1239
2026-06-08T08:46:19.0000000Z;40.5;40.527;1239;1239
2026-06-08T08:46:28.0000000Z;40.501;40.527;1239;1239
2026-06-08T08:46:40.0000000Z;40.5;40.527;1239;1239
2026-06-08T08:46:42.0000000Z;40.499;40.527;1239;1239
2026-06-08T08:46:43.0000000Z;40.499;40.525;1239;1239
2026-06-08T08:46:46.0000000Z;40.49;40.525;1239;1239
2026-06-08T08:46:47.0000000Z;40.493;40.525;1239;1239
2026-06-08T08:46:51.0000000Z;40.499;40.525;1239;1239
2026-06-08T08:46:52.0000000Z;40.499;40.527;1239;1239
2026-06-08T08:46:56.0000000Z;40.499;40.525;1239;1239
2026-06-08T08:47:02.0000000Z;40.493;40.527;1239;1239
2026-06-08T08:47:03.0000000Z;40.5;40.527;1239;1239
2026-06-08T08:47:07.0000000Z;40.5;40.525;1239;1239
2026-06-08T08:47:10.0000000Z;40.497;40.525;1239;1239
2026-06-08T08:47:12.0000000Z;40.499;40.525;1239;1239
2026-06-08T08:47:18.0000000Z;40.484;40.525;1239;1239
2026-06-08T08:47:19.0000000Z;40.486;40.525;1239;1239
2026-06-08T08:47:20.0000000Z;40.488;40.525;1239;1239
2026-06-08T08:47:21.0000000Z;40.49;40.525;1239;1239
2026-06-08T08:47:22.0000000Z;40.495;40.527;1239;1239
2026-06-08T08:47:27.0000000Z;40.501;40.527;1239;1239
2026-06-08T08:47:30.0000000Z;40.48;40.525;1239;1239
2026-06-08T08:47:32.0000000Z;40.495;40.525;1239;1239
2026-06-08T08:47:34.0000000Z;40.499;40.525;1239;1239
2026-06-08T08:47:36.0000000Z;40.5;40.525;1239;1239
2026-06-08T08:47:37.0000000Z;40.501;40.525;1239;1239
2026-06-08T08:47:38.0000000Z;40.501;40.527;1239;1239
2026-06-08T08:47:40.0000000Z;40.492;40.527;1239;1239
2026-06-08T08:47:41.0000000Z;40.495;40.521;1239;1239
2026-06-08T08:47:43.0000000Z;40.498;40.521;1239;1239
2026-06-08T08:47:44.0000000Z;40.498;40.523;1239;1239
2026-06-08T08:47:46.0000000Z;40.497;40.523;1239;1239
2026-06-08T08:47:48.0000000Z;40.494;40.523;1239;1239
2026-06-08T08:47:54.0000000Z;40.496;40.523;1239;1239
2026-06-08T08:47:56.0000000Z;40.496;40.525;1239;1239
2026-06-08T08:48:00.0000000Z;40.498;40.525;1239;1239
2026-06-08T08:48:06.0000000Z;40.49;40.525;1239;1239
2026-06-08T08:48:07.0000000Z;40.495;40.525;1239;1239
2026-06-08T08:48:38.0000000Z;40.495;40.525;1239;1239
2026-06-08T08:48:50.0000000Z;40.497;40.525;1239;1239
2026-06-08T08:48:51.0000000Z;40.497;40.527;1239;1239
2026-06-08T08:48:57.0000000Z;40.499;40.527;1239;1239
2026-06-08T08:49:28.0000000Z;40.499;40.527;1239;1239
2026-06-08T08:49:37.0000000Z;40.501;40.527;1239;1239
2026-06-08T08:50:08.0000000Z;40.501;40.527;1239;1239
2026-06-08T08:50:39.0000000Z;40.501;40.527;1239;1239
2026-06-08T08:51:09.0000000Z;40.501;40.527;1239;1239
2026-06-08T08:51:36.0000000Z;40.502;40.527;1239;1239
2026-06-08T08:51:47.0000000Z;40.494;40.527;1239;1239
2026-06-08T08:51:49.0000000Z;40.497;40.527;1239;1239
2026-06-08T08:52:20.0000000Z;40.497;40.527;1239;1239
2026-06-08T08:52:50.0000000Z;40.497;40.527;1239;1239
2026-06-08T08:52:51.0000000Z;40.501;40.527;1239;1239
2026-06-08T08:53:22.0000000Z;40.501;40.527;1239;1239
2026-06-08T08:53:40.0000000Z;40.503;40.527;1239;1239
2026-06-08T08:53:42.0000000Z;40.503;40.53;1239;1239
2026-06-08T08:53:52.0000000Z;40.499;40.53;1239;1239
2026-06-08T08:53:53.0000000Z;40.501;40.53;1239;1239
2026-06-08T08:54:02.0000000Z;40.497;40.53;1239;1239
2026-06-08T08:54:03.0000000Z;40.504;40.53;1239;1239
2026-06-08T08:54:14.0000000Z;40.503;40.53;1239;1239
2026-06-08T08:54:44.0000000Z;40.503;40.53;1239;1239
2026-06-08T08:54:51.0000000Z;40.505;40.53;1239;1239
2026-06-08T08:54:54.0000000Z;40.505;40.535;1239;1239
2026-06-08T08:54:58.0000000Z;40.508;40.535;1239;1239
2026-06-08T08:55:00.0000000Z;40.508;40.533;1239;1239
2026-06-08T08:55:04.0000000Z;40.503;40.533;1239;1239
2026-06-08T08:55:05.0000000Z;40.505;40.531;1239;1239
2026-06-08T08:55:08.0000000Z;40.505;40.533;1239;1239
2026-06-08T08:55:12.0000000Z;40.506;40.533;1239;1239
2026-06-08T08:55:14.0000000Z;40.506;40.536;1239;1239
2026-06-08T08:55:15.0000000Z;40.506;40.533;1239;1239
2026-06-08T08:55:16.0000000Z;40.506;40.531;1239;1239
2026-06-08T08:55:32.0000000Z;40.506;40.529;1239;1239
2026-06-08T08:55:36.0000000Z;40.506;40.53;1239;1239
2026-06-08T08:55:41.0000000Z;40.506;40.529;1239;1239
2026-06-08T08:55:46.0000000Z;40.506;40.533;1239;1239
2026-06-08T08:55:47.0000000Z;40.506;40.531;1239;1239
2026-06-08T08:55:49.0000000Z;40.506;40.529;1239;1239
2026-06-08T08:55:54.0000000Z;40.5;40.537;1239;1239
2026-06-08T08:55:55.0000000Z;40.504;40.529;1239;1239
2026-06-08T08:56:02.0000000Z;40.503;40.529;1239;1239
2026-06-08T08:56:04.0000000Z;40.504;40.529;1239;1239
2026-06-08T08:56:08.0000000Z;40.505;40.529;1239;1239
2026-06-08T08:56:09.0000000Z;40.504;40.529;1239;1239
2026-06-08T08:56:10.0000000Z;40.499;40.531;1239;1239
2026-06-08T08:56:11.0000000Z;40.504;40.531;1239;1239
2026-06-08T08:56:27.0000000Z;40.504;40.529;1239;1239
2026-06-08T08:56:28.0000000Z;40.497;40.529;1239;1239
2026-06-08T08:56:29.0000000Z;40.503;40.529;1239;1239
2026-06-08T08:56:30.0000000Z;40.503;40.529;1239;1239
2026-06-08T08:56:31.0000000Z;40.504;40.529;1239;1239
2026-06-08T08:56:42.0000000Z;40.505;40.529;1239;1239
2026-06-08T08:56:52.0000000Z;40.508;40.533;1239;1239
2026-06-08T08:56:54.0000000Z;40.51;40.533;1239;1239
2026-06-08T08:56:56.0000000Z;40.51;40.536;1239;1239
2026-06-08T08:56:58.0000000Z;40.51;40.542;1239;1239
2026-06-08T08:56:59.0000000Z;40.51;40.539;1239;1239
2026-06-08T08:57:02.0000000Z;40.51;40.536;1239;1239
2026-06-08T08:57:05.0000000Z;40.509;40.536;1239;1239
2026-06-08T08:57:07.0000000Z;40.512;40.536;1239;1239
2026-06-08T08:57:09.0000000Z;40.512;40.539;1239;1239
2026-06-08T08:57:17.0000000Z;40.512;40.535;1239;1239
2026-06-08T08:57:19.0000000Z;40.5;40.535;1239;1239
2026-06-08T08:57:20.0000000Z;40.501;40.535;1239;1239
2026-06-08T08:57:27.0000000Z;40.504;40.535;1239;1239
2026-06-08T08:57:28.0000000Z;40.509;40.535;1239;1239
2026-06-08T08:57:58.0000000Z;40.509;40.535;1239;1239
2026-06-08T08:58:19.0000000Z;40.506;40.535;1239;1239
2026-06-08T08:58:28.0000000Z;40.51;40.535;1239;1239
2026-06-08T08:58:47.0000000Z;40.497;40.535;1239;1239
2026-06-08T08:58:48.0000000Z;40.507;40.535;1239;1239
2026-06-08T08:58:50.0000000Z;40.509;40.535;1239;1239
2026-06-08T08:59:01.0000000Z;40.508;40.535;1239;1239
2026-06-08T08:59:03.0000000Z;40.509;40.533;1239;1239
2026-06-08T08:59:04.0000000Z;40.509;40.535;1239;1239
2026-06-08T08:59:09.0000000Z;40.507;40.535;1239;1239
2026-06-08T08:59:10.0000000Z;40.509;40.535;1239;1239
2026-06-08T08:59:15.0000000Z;40.509;40.533;1239;1239
2026-06-08T08:59:41.0000000Z;40.505;40.533;1239;1239
2026-06-08T08:59:50.0000000Z;40.506;40.533;1239;1239
2026-06-08T08:59:54.0000000Z;40.508;40.533;1239;1239
2026-06-08T08:59:57.0000000Z;40.508;40.535;1239;1239
2026-06-08T09:00:05.0000000Z;40.502;40.535;1239;1239
2026-06-08T09:00:16.0000000Z;40.508;40.535;1239;1239
2026-06-08T09:00:20.0000000Z;40.508;40.533;1239;1239
2026-06-08T09:00:25.0000000Z;40.509;40.533;1239;1239
2026-06-08T09:00:27.0000000Z;40.508;40.533;1239;1239
2026-06-08T09:00:29.0000000Z;40.508;40.531;1239;1239
2026-06-08T09:00:31.0000000Z;40.507;40.531;1239;1239
2026-06-08T09:00:39.0000000Z;40.505;40.531;1239;1239
2026-06-08T09:00:40.0000000Z;40.507;40.531;1239;1239
2026-06-08T09:00:43.0000000Z;40.508;40.531;1239;1239
2026-06-08T09:00:51.0000000Z;40.509;40.535;1239;1239
2026-06-08T09:01:04.0000000Z;40.509;40.533;1239;1239
2026-06-08T09:01:09.0000000Z;40.508;40.533;1239;1239
2026-06-08T09:01:15.0000000Z;40.508;40.534;1239;1239
2026-06-08T09:01:19.0000000Z;40.494;40.534;1239;1239
2026-06-08T09:01:21.0000000Z;40.501;40.532;1239;1239
2026-06-08T09:01:24.0000000Z;40.506;40.532;1239;1239
2026-06-08T09:01:25.0000000Z;40.508;40.537;1239;1239
2026-06-08T09:01:26.0000000Z;40.508;40.533;1239;1239
2026-06-08T09:01:27.0000000Z;40.508;40.537;1239;1239
2026-06-08T09:01:29.0000000Z;40.507;40.535;1239;1239
2026-06-08T09:01:30.0000000Z;40.507;40.533;1239;1239
2026-06-08T09:01:31.0000000Z;40.496;40.531;1239;1239
2026-06-08T09:01:32.0000000Z;40.499;40.531;1239;1239
2026-06-08T09:01:38.0000000Z;40.501;40.531;1239;1239
2026-06-08T09:01:42.0000000Z;40.505;40.531;1239;1239
2026-06-08T09:01:44.0000000Z;40.505;40.532;1239;1239
2026-06-08T09:01:48.0000000Z;40.498;40.533;1239;1239
2026-06-08T09:01:49.0000000Z;40.499;40.533;1239;1239
2026-06-08T09:01:50.0000000Z;40.501;40.533;1239;1239
2026-06-08T09:01:52.0000000Z;40.506;40.533;1239;1239
2026-06-08T09:01:53.0000000Z;40.506;40.531;1239;1239
2026-06-08T09:01:58.0000000Z;40.5;40.531;1239;1239
2026-06-08T09:02:03.0000000Z;40.504;40.531;1239;1239
2026-06-08T09:02:10.0000000Z;40.488;40.533;1239;1239
2026-06-08T09:02:11.0000000Z;40.504;40.529;1239;1239
2026-06-08T09:02:14.0000000Z;40.504;40.529;1239;1239
2026-06-08T09:02:18.0000000Z;40.503;40.529;1239;1239
2026-06-08T09:02:19.0000000Z;40.503;40.529;1239;1239
2026-06-08T09:02:30.0000000Z;40.503;40.529;1239;1239
2026-06-08T09:02:32.0000000Z;40.504;40.529;1239;1239
2026-06-08T09:02:38.0000000Z;40.499;40.529;1239;1239
2026-06-08T09:02:39.0000000Z;40.504;40.529;1239;1239
2026-06-08T09:02:40.0000000Z;40.506;40.529;1239;1239
2026-06-08T09:02:42.0000000Z;40.506;40.531;1239;1239
2026-06-08T09:02:52.0000000Z;40.502;40.531;1239;1239
2026-06-08T09:02:53.0000000Z;40.505;40.531;1239;1239
2026-06-08T09:03:00.0000000Z;40.508;40.531;1239;1239
2026-06-08T09:03:02.0000000Z;40.508;40.533;1239;1239
2026-06-08T09:03:06.0000000Z;40.507;40.533;1239;1239
2026-06-08T09:03:12.0000000Z;40.506;40.531;1239;1239
2026-06-08T09:03:13.0000000Z;40.506;40.533;1239;1239
2026-06-08T09:03:20.0000000Z;40.506;40.531;1239;1239
2026-06-08T09:03:21.0000000Z;40.506;40.533;1239;1239
2026-06-08T09:03:22.0000000Z;40.493;40.531;1239;1239
2026-06-08T09:03:23.0000000Z;40.496;40.531;1239;1239
2026-06-08T09:03:24.0000000Z;40.506;40.531;1239;1239
2026-06-08T09:03:26.0000000Z;40.506;40.533;1239;1239
2026-06-08T09:03:27.0000000Z;40.506;40.531;1239;1239
2026-06-08T09:03:34.0000000Z;40.496;40.531;1239;1239
2026-06-08T09:03:35.0000000Z;40.503;40.531;1239;1239
2026-06-08T09:03:40.0000000Z;40.503;40.529;1239;1239
2026-06-08T09:03:42.0000000Z;40.502;40.529;1239;1239
2026-06-08T09:03:43.0000000Z;40.504;40.529;1239;1239
2026-06-08T09:03:46.0000000Z;40.505;40.529;1239;1239
2026-06-08T09:03:50.0000000Z;40.504;40.529;1239;1239
2026-06-08T09:03:56.0000000Z;40.505;40.529;1239;1239
2026-06-08T09:04:08.0000000Z;40.503;40.529;1239;1239
2026-06-08T09:04:09.0000000Z;40.504;40.529;1239;1239
2026-06-08T09:04:20.0000000Z;40.489;40.529;1239;1239
2026-06-08T09:04:21.0000000Z;40.503;40.529;1239;1239
2026-06-08T09:04:22.0000000Z;40.504;40.529;1239;1239
2026-06-08T09:04:28.0000000Z;40.507;40.529;1239;1239
2026-06-08T09:04:29.0000000Z;40.506;40.529;1239;1239
2026-06-08T09:04:30.0000000Z;40.506;40.533;1239;1239
2026-06-08T09:04:36.0000000Z;40.474;40.533;1239;1239
2026-06-08T09:04:39.0000000Z;40.476;40.533;1239;1239
2026-06-08T09:04:52.0000000Z;40.478;40.533;1239;1239
2026-06-08T09:04:56.0000000Z;40.478;40.531;1239;1239
2026-06-08T09:05:03.0000000Z;40.48;40.531;1239;1239
2026-06-08T09:05:17.0000000Z;40.474;40.531;1239;1239
2026-06-08T09:05:28.0000000Z;40.476;40.531;1239;1239
2026-06-08T09:05:39.0000000Z;40.478;40.531;1239;1239
2026-06-08T09:05:52.0000000Z;40.48;40.531;1239;1239
2026-06-08T09:06:05.0000000Z;40.474;40.531;1239;1239
2026-06-08T09:06:16.0000000Z;40.476;40.531;1239;1239
2026-06-08T09:06:28.0000000Z;40.478;40.531;1239;1239
2026-06-08T09:06:36.0000000Z;40.478;40.529;1239;1239
2026-06-08T09:06:39.0000000Z;40.478;40.538;1239;1239
2026-06-08T09:06:41.0000000Z;40.476;40.538;1239;1239
2026-06-08T09:06:43.0000000Z;40.491;40.538;1239;1239
2026-06-08T09:06:44.0000000Z;40.495;40.538;1239;1239
2026-06-08T09:06:47.0000000Z;40.492;40.538;1239;1239
2026-06-08T09:06:48.0000000Z;40.493;40.538;1239;1239
2026-06-08T09:06:52.0000000Z;40.495;40.538;1239;1239
2026-06-08T09:06:54.0000000Z;40.495;40.538;1239;1239
2026-06-08T09:06:57.0000000Z;40.493;40.538;1239;1239
2026-06-08T09:06:58.0000000Z;40.493;40.537;1239;1239
2026-06-08T09:07:00.0000000Z;40.493;40.533;1239;1239
2026-06-08T09:07:05.0000000Z;40.492;40.533;1239;1239
2026-06-08T09:07:10.0000000Z;40.494;40.531;1239;1239
2026-06-08T09:07:11.0000000Z;40.495;40.527;1239;1239
2026-06-08T09:07:15.0000000Z;40.498;40.527;1239;1239
2026-06-08T09:07:16.0000000Z;40.502;40.527;1239;1239
2026-06-08T09:07:39.0000000Z;40.501;40.527;1239;1239
2026-06-08T09:07:50.0000000Z;40.502;40.527;1239;1239
2026-06-08T09:08:13.0000000Z;40.499;40.527;1239;1239
2026-06-08T09:08:23.0000000Z;40.5;40.527;1239;1239
2026-06-08T09:08:53.0000000Z;40.5;40.527;1239;1239
2026-06-08T09:08:55.0000000Z;40.489;40.529;1239;1239
2026-06-08T09:08:56.0000000Z;40.496;40.527;1239;1239
2026-06-08T09:09:01.0000000Z;40.5;40.527;1239;1239
2026-06-08T09:09:11.0000000Z;40.499;40.527;1239;1239
2026-06-08T09:09:21.0000000Z;40.494;40.527;1239;1239
2026-06-08T09:09:22.0000000Z;40.497;40.527;1239;1239
2026-06-08T09:09:27.0000000Z;40.501;40.527;1239;1239
2026-06-08T09:09:48.0000000Z;40.502;40.527;1239;1239
2026-06-08T09:10:00.0000000Z;40.501;40.527;1239;1239
2026-06-08T09:10:01.0000000Z;40.501;40.525;1239;1239
2026-06-08T09:10:04.0000000Z;40.498;40.525;1239;1239
2026-06-08T09:10:05.0000000Z;40.497;40.525;1239;1239
2026-06-08T09:10:06.0000000Z;40.497;40.523;1239;1239
2026-06-08T09:10:08.0000000Z;40.485;40.523;1239;1239
2026-06-08T09:10:09.0000000Z;40.487;40.523;1239;1239
2026-06-08T09:10:10.0000000Z;40.492;40.523;1239;1239
2026-06-08T09:10:12.0000000Z;40.494;40.523;1239;1239
2026-06-08T09:10:17.0000000Z;40.496;40.523;1239;1239
2026-06-08T09:10:18.0000000Z;40.499;40.523;1239;1239
2026-06-08T09:10:26.0000000Z;40.489;40.525;1239;1239
2026-06-08T09:10:28.0000000Z;40.493;40.525;1239;1239
2026-06-08T09:10:39.0000000Z;40.496;40.525;1239;1239
2026-06-08T09:10:40.0000000Z;40.497;40.525;1239;1239
2026-06-08T09:10:52.0000000Z;40.499;40.525;1239;1239
2026-06-08T09:10:58.0000000Z;40.49;40.528;1239;1239
2026-06-08T09:10:59.0000000Z;40.493;40.528;1239;1239
2026-06-08T09:11:02.0000000Z;40.493;40.527;1239;1239
2026-06-08T09:11:03.0000000Z;40.496;40.526;1239;1239
2026-06-08T09:11:04.0000000Z;40.497;40.526;1239;1239
2026-06-08T09:11:06.0000000Z;40.497;40.524;1239;1239
2026-06-08T09:11:09.0000000Z;40.497;40.522;1239;1239
2026-06-08T09:11:10.0000000Z;40.487;40.522;1239;1239
2026-06-08T09:11:12.0000000Z;40.489;40.522;1239;1239
2026-06-08T09:11:15.0000000Z;40.493;40.522;1239;1239
2026-06-08T09:11:22.0000000Z;40.495;40.522;1239;1239
2026-06-08T09:11:36.0000000Z;40.5;40.522;1239;1239
2026-06-08T09:11:40.0000000Z;40.499;40.522;1239;1239
2026-06-08T09:11:42.0000000Z;40.499;40.527;1239;1239
2026-06-08T09:11:43.0000000Z;40.499;40.525;1239;1239
2026-06-08T09:11:50.0000000Z;40.499;40.526;1239;1239
2026-06-08T09:11:51.0000000Z;40.499;40.522;1239;1239
2026-06-08T09:11:52.0000000Z;40.492;40.522;1239;1239
2026-06-08T09:11:54.0000000Z;40.493;40.522;1239;1239
2026-06-08T09:12:04.0000000Z;40.497;40.522;1239;1239
2026-06-08T09:12:09.0000000Z;40.497;40.52;1239;1239
2026-06-08T09:12:10.0000000Z;40.49;40.52;1239;1239
2026-06-08T09:12:16.0000000Z;40.496;40.52;1239;1239
2026-06-08T09:12:47.0000000Z;40.496;40.52;1239;1239
2026-06-08T09:12:51.0000000Z;40.5;40.52;1239;1239
2026-06-08T09:12:52.0000000Z;40.5;40.526;1239;1239
2026-06-08T09:12:54.0000000Z;40.5;40.524;1239;1239
2026-06-08T09:12:56.0000000Z;40.491;40.524;1239;1239
2026-06-08T09:12:57.0000000Z;40.496;40.524;1239;1239
2026-06-08T09:13:27.0000000Z;40.496;40.524;1239;1239
2026-06-08T09:13:37.0000000Z;40.5;40.524;1239;1239
2026-06-08T09:13:48.0000000Z;40.496;40.524;1239;1239
2026-06-08T09:13:50.0000000Z;40.496;40.528;1239;1239
2026-06-08T09:13:51.0000000Z;40.498;40.528;1239;1239
2026-06-08T09:13:54.0000000Z;40.5;40.528;1239;1239
2026-06-08T09:14:05.0000000Z;40.492;40.528;1239;1239
2026-06-08T09:14:06.0000000Z;40.496;40.528;1239;1239
2026-06-08T09:14:15.0000000Z;40.499;40.528;1239;1239
2026-06-08T09:14:16.0000000Z;40.502;40.528;1239;1239
2026-06-08T09:14:46.0000000Z;40.502;40.528;1239;1239
2026-06-08T09:15:16.0000000Z;40.502;40.528;1239;1239
2026-06-08T09:15:47.0000000Z;40.502;40.528;1239;1239
2026-06-08T09:16:17.0000000Z;40.502;40.528;1239;1239
2026-06-08T09:16:48.0000000Z;40.502;40.528;1239;1239
2026-06-08T09:16:59.0000000Z;40.501;40.528;1239;1239
2026-06-08T09:17:00.0000000Z;40.502;40.528;1239;1239
2026-06-08T09:17:05.0000000Z;40.499;40.528;1239;1239
2026-06-08T09:17:14.0000000Z;40.502;40.528;1239;1239
2026-06-08T09:17:15.0000000Z;40.482;40.528;1239;1239
2026-06-08T09:17:16.0000000Z;40.495;40.528;1239;1239
2026-06-08T09:17:21.0000000Z;40.499;40.528;1239;1239
2026-06-08T09:17:33.0000000Z;40.498;40.528;1239;1239
2026-06-08T09:17:34.0000000Z;40.499;40.528;1239;1239
2026-06-08T09:17:40.0000000Z;40.499;40.526;1239;1239
2026-06-08T09:17:46.0000000Z;40.498;40.526;1239;1239
2026-06-08T09:17:47.0000000Z;40.499;40.526;1239;1239
2026-06-08T09:17:50.0000000Z;40.499;40.53;1239;1239
2026-06-08T09:17:51.0000000Z;40.499;40.528;1239;1239
2026-06-08T09:17:58.0000000Z;40.497;40.528;1239;1239
2026-06-08T09:17:59.0000000Z;40.5;40.526;1239;1239
2026-06-08T09:18:02.0000000Z;40.5;40.528;1239;1239
2026-06-08T09:18:03.0000000Z;40.5;40.526;1239;1239
2026-06-08T09:18:08.0000000Z;40.49;40.528;1239;1239
2026-06-08T09:18:09.0000000Z;40.494;40.528;1239;1239
2026-06-08T09:18:10.0000000Z;40.494;40.526;1239;1239
2026-06-08T09:18:11.0000000Z;40.496;40.526;1239;1239
2026-06-08T09:18:21.0000000Z;40.5;40.526;1239;1239
2026-06-08T09:18:52.0000000Z;40.5;40.526;1239;1239
2026-06-08T09:19:23.0000000Z;40.5;40.526;1239;1239
2026-06-08T09:19:48.0000000Z;40.496;40.528;1239;1239
2026-06-08T09:19:49.0000000Z;40.498;40.528;1239;1239
2026-06-08T09:19:57.0000000Z;40.502;40.528;1239;1239
2026-06-08T09:20:22.0000000Z;40.502;40.532;1239;1239
2026-06-08T09:20:52.0000000Z;40.502;40.532;1239;1239
2026-06-08T09:21:00.0000000Z;40.504;40.532;1239;1239
2026-06-08T09:21:03.0000000Z;40.506;40.532;1239;1239
2026-06-08T09:21:16.0000000Z;40.498;40.536;1239;1239
2026-06-08T09:21:21.0000000Z;40.504;40.536;1239;1239
2026-06-08T09:21:27.0000000Z;40.506;40.536;1239;1239
2026-06-08T09:21:54.0000000Z;40.51;40.536;1239;1239
2026-06-08T09:22:01.0000000Z;40.509;40.536;1239;1239
2026-06-08T09:22:07.0000000Z;40.505;40.536;1239;1239
2026-06-08T09:22:09.0000000Z;40.51;40.536;1239;1239
2026-06-08T09:22:15.0000000Z;40.51;40.534;1239;1239
2026-06-08T09:22:17.0000000Z;40.501;40.534;1239;1239
2026-06-08T09:22:21.0000000Z;40.505;40.534;1239;1239
2026-06-08T09:22:24.0000000Z;40.505;40.532;1239;1239
2026-06-08T09:22:33.0000000Z;40.498;40.534;1239;1239
2026-06-08T09:22:34.0000000Z;40.499;40.534;1239;1239
2026-06-08T09:22:40.0000000Z;40.501;40.534;1239;1239
2026-06-08T09:22:41.0000000Z;40.501;40.536;1239;1239
2026-06-08T09:22:44.0000000Z;40.503;40.536;1239;1239
2026-06-08T09:22:45.0000000Z;40.507;40.536;1239;1239
2026-06-08T09:23:16.0000000Z;40.509;40.536;1239;1239
2026-06-08T09:23:37.0000000Z;40.505;40.536;1239;1239
2026-06-08T09:24:00.0000000Z;40.505;40.534;1239;1239
2026-06-08T09:24:02.0000000Z;40.505;40.536;1239;1239
2026-06-08T09:24:03.0000000Z;40.505;40.534;1239;1239
2026-06-08T09:24:04.0000000Z;40.505;40.536;1239;1239
2026-06-08T09:24:05.0000000Z;40.505;40.534;1239;1239
2026-06-08T09:24:11.0000000Z;40.506;40.536;1239;1239
2026-06-08T09:24:12.0000000Z;40.506;40.532;1239;1239
2026-06-08T09:24:19.0000000Z;40.492;40.532;1239;1239
2026-06-08T09:24:20.0000000Z;40.498;40.532;1239;1239
2026-06-08T09:24:21.0000000Z;40.503;40.532;1239;1239
2026-06-08T09:24:28.0000000Z;40.503;40.53;1239;1239
2026-06-08T09:24:42.0000000Z;40.504;40.53;1239;1239
2026-06-08T09:24:57.0000000Z;40.503;40.53;1239;1239
2026-06-08T09:25:11.0000000Z;40.502;40.531;1239;1239
2026-06-08T09:25:16.0000000Z;40.502;40.53;1239;1239
2026-06-08T09:25:17.0000000Z;40.5;40.53;1239;1239
2026-06-08T09:25:45.0000000Z;40.502;40.53;1239;1239
2026-06-08T09:25:52.0000000Z;40.504;40.532;1239;1239
2026-06-08T09:26:02.0000000Z;40.504;40.53;1239;1239
2026-06-08T09:26:31.0000000Z;40.504;40.528;1239;1239
2026-06-08T09:26:32.0000000Z;40.504;40.53;1239;1239
2026-06-08T09:26:34.0000000Z;40.504;40.53;1239;1239
2026-06-08T09:26:40.0000000Z;40.49;40.53;1239;1239
2026-06-08T09:26:45.0000000Z;40.493;40.53;1239;1239
2026-06-08T09:26:52.0000000Z;40.491;40.53;1239;1239
2026-06-08T09:26:54.0000000Z;40.491;40.531;1239;1239
2026-06-08T09:26:57.0000000Z;40.494;40.531;1239;1239
2026-06-08T09:27:04.0000000Z;40.491;40.531;1239;1239
2026-06-08T09:27:09.0000000Z;40.494;40.531;1239;1239
2026-06-08T09:27:12.0000000Z;40.494;40.533;1239;1239
2026-06-08T09:27:14.0000000Z;40.494;40.535;1239;1239
2026-06-08T09:27:16.0000000Z;40.491;40.535;1239;1239
2026-06-08T09:27:21.0000000Z;40.502;40.535;1239;1239
2026-06-08T09:27:26.0000000Z;40.502;40.531;1239;1239
2026-06-08T09:27:28.0000000Z;40.492;40.531;1239;1239
2026-06-08T09:27:30.0000000Z;40.492;40.535;1239;1239
2026-06-08T09:27:34.0000000Z;40.492;40.533;1239;1239
2026-06-08T09:27:45.0000000Z;40.495;40.533;1239;1239
2026-06-08T09:27:48.0000000Z;40.495;40.535;1239;1239
2026-06-08T09:27:52.0000000Z;40.493;40.535;1239;1239
2026-06-08T09:27:54.0000000Z;40.497;40.535;1239;1239
2026-06-08T09:27:57.0000000Z;40.5;40.535;1239;1239
2026-06-08T09:28:04.0000000Z;40.5;40.537;1239;1239
2026-06-08T09:28:09.0000000Z;40.501;40.537;1239;1239
2026-06-08T09:28:12.0000000Z;40.501;40.535;1239;1239
2026-06-08T09:28:16.0000000Z;40.498;40.535;1239;1239
2026-06-08T09:28:19.0000000Z;40.498;40.533;1239;1239
2026-06-08T09:28:20.0000000Z;40.498;40.535;1239;1239
2026-06-08T09:28:21.0000000Z;40.501;40.533;1239;1239
2026-06-08T09:28:22.0000000Z;40.501;40.535;1239;1239
2026-06-08T09:28:28.0000000Z;40.5;40.535;1239;1239
2026-06-08T09:28:34.0000000Z;40.501;40.537;1239;1239
2026-06-08T09:28:35.0000000Z;40.501;40.535;1239;1239
2026-06-08T09:28:40.0000000Z;40.498;40.535;1239;1239
2026-06-08T09:28:45.0000000Z;40.501;40.535;1239;1239
2026-06-08T09:28:52.0000000Z;40.491;40.535;1239;1239
2026-06-08T09:28:54.0000000Z;40.491;40.537;1239;1239
2026-06-08T09:28:56.0000000Z;40.492;40.533;1239;1239
2026-06-08T09:28:57.0000000Z;40.499;40.533;1239;1239
2026-06-08T09:29:04.0000000Z;40.497;40.535;1239;1239
2026-06-08T09:29:09.0000000Z;40.499;40.535;1239;1239
2026-06-08T09:29:10.0000000Z;40.5;40.533;1239;1239
2026-06-08T09:29:16.0000000Z;40.497;40.533;1239;1239
2026-06-08T09:29:21.0000000Z;40.5;40.533;1239;1239
2026-06-08T09:29:28.0000000Z;40.497;40.533;1239;1239
2026-06-08T09:29:33.0000000Z;40.5;40.533;1239;1239
2026-06-08T09:29:40.0000000Z;40.497;40.533;1239;1239
2026-06-08T09:29:45.0000000Z;40.5;40.533;1239;1239
2026-06-08T09:29:50.0000000Z;40.5;40.535;1239;1239
2026-06-08T09:29:52.0000000Z;40.491;40.535;1239;1239
2026-06-08T09:29:55.0000000Z;40.492;40.535;1239;1239
2026-06-08T09:29:57.0000000Z;40.495;40.535;1239;1239
2026-06-08T09:30:05.0000000Z;40.493;40.535;1239;1239
2026-06-08T09:30:06.0000000Z;40.493;40.533;1239;1239
2026-06-08T09:30:09.0000000Z;40.496;40.533;1239;1239
2026-06-08T09:30:11.0000000Z;40.496;40.535;1239;1239
2026-06-08T09:30:17.0000000Z;40.493;40.535;1239;1239
2026-06-08T09:30:21.0000000Z;40.496;40.535;1239;1239
2026-06-08T09:30:27.0000000Z;40.496;40.533;1239;1239
2026-06-08T09:30:29.0000000Z;40.493;40.533;1239;1239
2026-06-08T09:30:34.0000000Z;40.496;40.533;1239;1239
2026-06-08T09:30:35.0000000Z;40.496;40.537;1239;1239
2026-06-08T09:30:36.0000000Z;40.496;40.535;1239;1239
2026-06-08T09:30:39.0000000Z;40.496;40.537;1239;1239
2026-06-08T09:30:40.0000000Z;40.496;40.535;1239;1239
2026-06-08T09:30:41.0000000Z;40.493;40.535;1239;1239
2026-06-08T09:30:42.0000000Z;40.493;40.537;1239;1239
2026-06-08T09:30:43.0000000Z;40.493;40.535;1239;1239
2026-06-08T09:30:45.0000000Z;40.496;40.535;1239;1239
2026-06-08T09:30:51.0000000Z;40.496;40.537;1239;1239
2026-06-08T09:30:53.0000000Z;40.491;40.537;1239;1239
2026-06-08T09:30:54.0000000Z;40.491;40.535;1239;1239
2026-06-08T09:30:56.0000000Z;40.492;40.535;1239;1239
2026-06-08T09:30:57.0000000Z;40.495;40.535;1239;1239
2026-06-08T09:31:05.0000000Z;40.493;40.535;1239;1239
2026-06-08T09:31:09.0000000Z;40.496;40.535;1239;1239
2026-06-08T09:31:17.0000000Z;40.493;40.535;1239;1239
2026-06-08T09:31:21.0000000Z;40.496;40.535;1239;1239
2026-06-08T09:31:27.0000000Z;40.493;40.535;1239;1239
2026-06-08T09:31:33.0000000Z;40.496;40.535;1239;1239
2026-06-08T09:31:39.0000000Z;40.493;40.535;1239;1239
2026-06-08T09:31:45.0000000Z;40.496;40.535;1239;1239
2026-06-08T09:31:49.0000000Z;40.496;40.537;1239;1239
2026-06-08T09:31:51.0000000Z;40.492;40.537;1239;1239
2026-06-08T09:31:53.0000000Z;40.492;40.535;1239;1239
2026-06-08T09:31:58.0000000Z;40.495;40.535;1239;1239
2026-06-08T09:32:02.0000000Z;40.495;40.533;1239;1239
2026-06-08T09:32:03.0000000Z;40.493;40.533;1239;1239
2026-06-08T09:32:05.0000000Z;40.493;40.535;1239;1239
2026-06-08T09:32:09.0000000Z;40.496;40.535;1239;1239
2026-06-08T09:32:15.0000000Z;40.493;40.535;1239;1239
2026-06-08T09:32:22.0000000Z;40.496;40.535;1239;1239
2026-06-08T09:32:27.0000000Z;40.493;40.535;1239;1239
2026-06-08T09:32:33.0000000Z;40.496;40.535;1239;1239
2026-06-08T09:32:38.0000000Z;40.496;40.533;1239;1239
2026-06-08T09:32:39.0000000Z;40.493;40.533;1239;1239
2026-06-08T09:32:41.0000000Z;40.493;40.535;1239;1239
2026-06-08T09:32:45.0000000Z;40.496;40.535;1239;1239
2026-06-08T09:32:49.0000000Z;40.496;40.537;1239;1239
2026-06-08T09:32:53.0000000Z;40.492;40.539;1239;1239
2026-06-08T09:32:57.0000000Z;40.489;40.539;1239;1239
2026-06-08T09:32:58.0000000Z;40.492;40.539;1239;1239
2026-06-08T09:33:03.0000000Z;40.496;40.539;1239;1239
2026-06-08T09:33:09.0000000Z;40.497;40.539;1239;1239
2026-06-08T09:33:12.0000000Z;40.501;40.539;1239;1239
2026-06-08T09:33:14.0000000Z;40.501;40.539;1239;1239
2026-06-08T09:33:15.0000000Z;40.501;40.537;1239;1239
2026-06-08T09:33:17.0000000Z;40.495;40.537;1239;1239
2026-06-08T09:33:21.0000000Z;40.502;40.539;1239;1239
2026-06-08T09:33:23.0000000Z;40.502;40.537;1239;1239
2026-06-08T09:33:25.0000000Z;40.502;40.539;1239;1239
2026-06-08T09:33:27.0000000Z;40.495;40.537;1239;1239
2026-06-08T09:33:28.0000000Z;40.499;40.537;1239;1239
2026-06-08T09:33:31.0000000Z;40.499;40.535;1239;1239
2026-06-08T09:33:34.0000000Z;40.498;40.537;1239;1239
2026-06-08T09:33:35.0000000Z;40.498;40.537;1239;1239
2026-06-08T09:33:36.0000000Z;40.502;40.537;1239;1239
2026-06-08T09:33:38.0000000Z;40.502;40.535;1239;1239
2026-06-08T09:33:42.0000000Z;40.495;40.535;1239;1239
2026-06-08T09:33:45.0000000Z;40.502;40.535;1239;1239
2026-06-08T09:33:48.0000000Z;40.502;40.537;1239;1239
2026-06-08T09:33:49.0000000Z;40.502;40.535;1239;1239
2026-06-08T09:33:52.0000000Z;40.5;40.537;1239;1239
2026-06-08T09:33:57.0000000Z;40.503;40.537;1239;1239
2026-06-08T09:34:03.0000000Z;40.503;40.535;1239;1239
2026-06-08T09:34:04.0000000Z;40.5;40.535;1239;1239
2026-06-08T09:34:09.0000000Z;40.502;40.535;1239;1239
2026-06-08T09:34:10.0000000Z;40.503;40.535;1239;1239
2026-06-08T09:34:11.0000000Z;40.503;40.54;1239;1239
2026-06-08T09:34:12.0000000Z;40.503;40.535;1239;1239
2026-06-08T09:34:14.0000000Z;40.503;40.535;1239;1239
2026-06-08T09:34:16.0000000Z;40.5;40.535;1239;1239
2026-06-08T09:34:21.0000000Z;40.503;40.535;1239;1239
2026-06-08T09:34:28.0000000Z;40.5;40.535;1239;1239
2026-06-08T09:34:33.0000000Z;40.503;40.535;1239;1239
2026-06-08T09:34:40.0000000Z;40.493;40.535;1239;1239
2026-06-08T09:34:45.0000000Z;40.495;40.535;1239;1239
2026-06-08T09:34:51.0000000Z;40.495;40.533;1239;1239
2026-06-08T09:34:52.0000000Z;40.493;40.533;1239;1239
2026-06-08T09:34:54.0000000Z;40.497;40.533;1239;1239
2026-06-08T09:34:55.0000000Z;40.497;40.531;1239;1239
2026-06-08T09:34:58.0000000Z;40.5;40.531;1239;1239
2026-06-08T09:35:00.0000000Z;40.5;40.532;1239;1239
2026-06-08T09:35:04.0000000Z;40.498;40.532;1239;1239
2026-06-08T09:35:09.0000000Z;40.501;40.532;1239;1239
2026-06-08T09:35:10.0000000Z;40.501;40.534;1239;1239
2026-06-08T09:35:11.0000000Z;40.501;40.532;1239;1239
2026-06-08T09:35:16.0000000Z;40.498;40.532;1239;1239
2026-06-08T09:35:18.0000000Z;40.498;40.534;1239;1239
2026-06-08T09:35:21.0000000Z;40.501;40.532;1239;1239
2026-06-08T09:35:28.0000000Z;40.498;40.532;1239;1239
2026-06-08T09:35:31.0000000Z;40.498;40.53;1239;1239
2026-06-08T09:35:34.0000000Z;40.501;40.53;1239;1239
2026-06-08T09:35:45.0000000Z;40.503;40.53;1239;1239
2026-06-08T09:35:46.0000000Z;40.503;40.532;1239;1239
2026-06-08T09:35:52.0000000Z;40.492;40.532;1239;1239
2026-06-08T09:35:53.0000000Z;40.492;40.53;1239;1239
2026-06-08T09:35:58.0000000Z;40.495;40.53;1239;1239
2026-06-08T09:36:04.0000000Z;40.491;40.53;1239;1239
2026-06-08T09:36:08.0000000Z;40.492;40.53;1239;1239
2026-06-08T09:36:09.0000000Z;40.495;40.53;1239;1239
2026-06-08T09:36:16.0000000Z;40.493;40.53;1239;1239
2026-06-08T09:36:21.0000000Z;40.496;40.53;1239;1239
2026-06-08T09:36:28.0000000Z;40.493;40.532;1239;1239
2026-06-08T09:36:34.0000000Z;40.496;40.534;1239;1239
2026-06-08T09:36:40.0000000Z;40.493;40.54;1239;1239
2026-06-08T09:36:50.0000000Z;40.507;40.559;1239;1239
2026-06-08T09:36:54.0000000Z;40.505;40.559;1239;1239
2026-06-08T09:36:58.0000000Z;40.5;40.559;1239;1239
2026-06-08T09:37:00.0000000Z;40.502;40.559;1239;1239
2026-06-08T09:37:06.0000000Z;40.501;40.559;1239;1239
2026-06-08T09:37:07.0000000Z;40.507;40.559;1239;1239
2026-06-08T09:37:10.0000000Z;40.506;40.559;1239;1239
2026-06-08T09:37:12.0000000Z;40.498;40.559;1239;1239
2026-06-08T09:37:18.0000000Z;40.499;40.548;1239;1239
2026-06-08T09:37:20.0000000Z;40.501;40.553;1239;1239
2026-06-08T09:37:22.0000000Z;40.501;40.548;1239;1239
2026-06-08T09:37:24.0000000Z;40.501;40.553;1239;1239
2026-06-08T09:37:28.0000000Z;40.493;40.553;1239;1239
2026-06-08T09:37:31.0000000Z;40.494;40.553;1239;1239
2026-06-08T09:37:40.0000000Z;40.494;40.55;1239;1239
2026-06-08T09:37:42.0000000Z;40.488;40.55;1239;1239
2026-06-08T09:37:44.0000000Z;40.488;40.552;1239;1239
2026-06-08T09:37:45.0000000Z;40.488;40.549;1239;1239
2026-06-08T09:37:47.0000000Z;40.488;40.542;1239;1239
2026-06-08T09:38:16.0000000Z;40.494;40.542;1239;1239
2026-06-08T09:38:18.0000000Z;40.494;40.543;1239;1239
2026-06-08T09:38:20.0000000Z;40.493;40.543;1239;1239
2026-06-08T09:38:35.0000000Z;40.49;40.543;1239;1239
2026-06-08T09:38:36.0000000Z;40.49;40.546;1239;1239
2026-06-08T09:38:48.0000000Z;40.488;40.546;1239;1239
2026-06-08T09:38:52.0000000Z;40.488;40.543;1239;1239
2026-06-08T09:38:53.0000000Z;40.489;40.543;1239;1239
2026-06-08T09:38:54.0000000Z;40.492;40.543;1239;1239
2026-06-08T09:38:58.0000000Z;40.495;40.543;1239;1239
2026-06-08T09:39:04.0000000Z;40.493;40.543;1239;1239
2026-06-08T09:39:10.0000000Z;40.496;40.543;1239;1239
2026-06-08T09:39:15.0000000Z;40.497;40.546;1239;1239
2026-06-08T09:39:17.0000000Z;40.501;40.557;1239;1239
2026-06-08T09:39:18.0000000Z;40.504;40.55;1239;1239
2026-06-08T09:39:21.0000000Z;40.507;40.548;1239;1239
2026-06-08T09:39:29.0000000Z;40.505;40.548;1239;1239
2026-06-08T09:39:33.0000000Z;40.507;40.548;1239;1239
2026-06-08T09:39:46.0000000Z;40.507;40.546;1239;1239
2026-06-08T09:39:59.0000000Z;40.507;40.548;1239;1239
2026-06-08T09:40:05.0000000Z;40.511;40.548;1239;1239
2026-06-08T09:40:10.0000000Z;40.514;40.548;1239;1239
2026-06-08T09:40:15.0000000Z;40.514;40.55;1239;1239
2026-06-08T09:40:17.0000000Z;40.511;40.55;1239;1239
2026-06-08T09:40:21.0000000Z;40.514;40.548;1239;1239
2026-06-08T09:40:29.0000000Z;40.511;40.548;1239;1239
2026-06-08T09:40:33.0000000Z;40.514;40.548;1239;1239
2026-06-08T09:40:37.0000000Z;40.514;40.55;1239;1239
2026-06-08T09:40:41.0000000Z;40.511;40.55;1239;1239
2026-06-08T09:40:43.0000000Z;40.511;40.548;1239;1239
2026-06-08T09:40:44.0000000Z;40.511;40.55;1239;1239
2026-06-08T09:40:45.0000000Z;40.514;40.55;1239;1239
2026-06-08T09:40:51.0000000Z;40.511;40.55;1239;1239
2026-06-08T09:40:56.0000000Z;40.511;40.548;1239;1239
2026-06-08T09:40:58.0000000Z;40.514;40.548;1239;1239
2026-06-08T09:40:59.0000000Z;40.514;40.55;1239;1239
2026-06-08T09:41:01.0000000Z;40.514;40.548;1239;1239
2026-06-08T09:41:02.0000000Z;40.514;40.55;1239;1239
2026-06-08T09:41:03.0000000Z;40.511;40.55;1239;1239
2026-06-08T09:41:08.0000000Z;40.511;40.548;1239;1239
2026-06-08T09:41:09.0000000Z;40.503;40.548;1239;1239
2026-06-08T09:41:15.0000000Z;40.501;40.548;1239;1239
2026-06-08T09:41:18.0000000Z;40.501;40.546;1239;1239
2026-06-08T09:41:21.0000000Z;40.503;40.548;1239;1239
2026-06-08T09:41:27.0000000Z;40.501;40.548;1239;1239
2026-06-08T09:41:33.0000000Z;40.504;40.546;1239;1239
2026-06-08T09:41:34.0000000Z;40.504;40.548;1239;1239
2026-06-08T09:41:39.0000000Z;40.501;40.548;1239;1239
2026-06-08T09:41:47.0000000Z;40.504;40.546;1239;1239
2026-06-08T09:41:50.0000000Z;40.504;40.544;1239;1239
2026-06-08T09:41:53.0000000Z;40.501;40.544;1239;1239
2026-06-08T09:41:55.0000000Z;40.501;40.546;1239;1239
2026-06-08T09:41:57.0000000Z;40.504;40.546;1239;1239
2026-06-08T09:42:03.0000000Z;40.501;40.544;1239;1239
2026-06-08T09:42:05.0000000Z;40.501;40.546;1239;1239
2026-06-08T09:42:10.0000000Z;40.504;40.544;1239;1239
2026-06-08T09:42:13.0000000Z;40.504;40.546;1239;1239
2026-06-08T09:42:19.0000000Z;40.504;40.548;1239;1239
2026-06-08T09:42:21.0000000Z;40.507;40.548;1239;1239
2026-06-08T09:42:23.0000000Z;40.507;40.546;1239;1239
2026-06-08T09:42:31.0000000Z;40.507;40.548;1239;1239
2026-06-08T09:42:38.0000000Z;40.509;40.548;1239;1239
2026-06-08T09:42:45.0000000Z;40.509;40.55;1239;1239
2026-06-08T09:42:52.0000000Z;40.511;40.55;1239;1239
2026-06-08T09:42:58.0000000Z;40.513;40.55;1239;1239
2026-06-08T09:43:01.0000000Z;40.513;40.554;1239;1239
2026-06-08T09:43:04.0000000Z;40.515;40.554;1239;1239
2026-06-08T09:43:05.0000000Z;40.515;40.553;1239;1239
2026-06-08T09:43:11.0000000Z;40.515;40.555;1239;1239
2026-06-08T09:43:14.0000000Z;40.517;40.553;1239;1239
2026-06-08T09:43:20.0000000Z;40.515;40.555;1239;1239
2026-06-08T09:43:46.0000000Z;40.521;40.555;1239;1239
2026-06-08T09:43:54.0000000Z;40.515;40.555;1239;1239
2026-06-08T09:43:57.0000000Z;40.518;40.555;1239;1239
2026-06-08T09:44:04.0000000Z;40.515;40.555;1239;1239
2026-06-08T09:44:08.0000000Z;40.506;40.553;1239;1239
2026-06-08T09:44:10.0000000Z;40.509;40.553;1239;1239
2026-06-08T09:44:16.0000000Z;40.507;40.553;1239;1239
2026-06-08T09:44:21.0000000Z;40.51;40.553;1239;1239
2026-06-08T09:44:26.0000000Z;40.51;40.555;1239;1239
2026-06-08T09:44:28.0000000Z;40.507;40.555;1239;1239
2026-06-08T09:44:33.0000000Z;40.51;40.555;1239;1239
2026-06-08T09:44:40.0000000Z;40.507;40.555;1239;1239
2026-06-08T09:44:42.0000000Z;40.507;40.553;1239;1239
2026-06-08T09:44:44.0000000Z;40.507;40.553;1239;1239
2026-06-08T09:44:45.0000000Z;40.51;40.553;1239;1239
2026-06-08T09:44:52.0000000Z;40.507;40.553;1239;1239
2026-06-08T09:44:57.0000000Z;40.51;40.553;1239;1239
2026-06-08T09:44:59.0000000Z;40.51;40.551;1239;1239
2026-06-08T09:45:04.0000000Z;40.505;40.551;1239;1239
2026-06-08T09:45:06.0000000Z;40.505;40.553;1239;1239
2026-06-08T09:45:09.0000000Z;40.508;40.553;1239;1239
2026-06-08T09:45:10.0000000Z;40.508;40.551;1239;1239
2026-06-08T09:45:11.0000000Z;40.508;40.553;1239;1239
2026-06-08T09:45:16.0000000Z;40.506;40.551;1239;1239
2026-06-08T09:45:20.0000000Z;40.506;40.553;1239;1239
2026-06-08T09:45:21.0000000Z;40.509;40.551;1239;1239
2026-06-08T09:45:22.0000000Z;40.509;40.553;1239;1239
2026-06-08T09:45:23.0000000Z;40.509;40.551;1239;1239
2026-06-08T09:45:24.0000000Z;40.509;40.553;1239;1239
2026-06-08T09:45:26.0000000Z;40.509;40.555;1239;1239
2026-06-08T09:45:28.0000000Z;40.506;40.555;1239;1239
2026-06-08T09:45:34.0000000Z;40.509;40.555;1239;1239
2026-06-08T09:45:38.0000000Z;40.509;40.557;1239;1239
2026-06-08T09:45:40.0000000Z;40.506;40.557;1239;1239
2026-06-08T09:45:45.0000000Z;40.509;40.557;1239;1239
2026-06-08T09:45:48.0000000Z;40.513;40.557;1239;1239
2026-06-08T09:45:54.0000000Z;40.506;40.557;1239;1239
2026-06-08T09:45:57.0000000Z;40.509;40.557;1239;1239
2026-06-08T09:46:00.0000000Z;40.509;40.555;1239;1239
2026-06-08T09:46:04.0000000Z;40.506;40.555;1239;1239
2026-06-08T09:46:08.0000000Z;40.507;40.555;1239;1239
2026-06-08T09:46:09.0000000Z;40.51;40.555;1239;1239
2026-06-08T09:46:10.0000000Z;40.51;40.557;1239;1239
2026-06-08T09:46:16.0000000Z;40.506;40.555;1239;1239
2026-06-08T09:46:20.0000000Z;40.507;40.557;1239;1239
2026-06-08T09:46:21.0000000Z;40.51;40.555;1239;1239
2026-06-08T09:46:28.0000000Z;40.51;40.553;1239;1239
2026-06-08T09:46:30.0000000Z;40.508;40.553;1239;1239
2026-06-08T09:46:32.0000000Z;40.508;40.555;1239;1239
2026-06-08T09:46:33.0000000Z;40.511;40.555;1239;1239
2026-06-08T09:46:40.0000000Z;40.508;40.555;1239;1239
2026-06-08T09:46:45.0000000Z;40.511;40.555;1239;1239
2026-06-08T09:46:50.0000000Z;40.495;40.555;1239;1239
2026-06-08T09:46:52.0000000Z;40.495;40.559;1239;1239
2026-06-08T09:46:55.0000000Z;40.495;40.557;1239;1239
2026-06-08T09:46:58.0000000Z;40.495;40.559;1239;1239
2026-06-08T09:47:02.0000000Z;40.499;40.557;1239;1239
2026-06-08T09:47:03.0000000Z;40.507;40.555;1239;1239
2026-06-08T09:47:04.0000000Z;40.509;40.555;1239;1239
2026-06-08T09:47:06.0000000Z;40.515;40.555;1239;1239
2026-06-08T09:47:09.0000000Z;40.518;40.555;1239;1239
2026-06-08T09:47:17.0000000Z;40.516;40.555;1239;1239
2026-06-08T09:47:21.0000000Z;40.519;40.555;1239;1239
2026-06-08T09:47:25.0000000Z;40.519;40.553;1239;1239
2026-06-08T09:47:29.0000000Z;40.516;40.553;1239;1239
2026-06-08T09:47:33.0000000Z;40.519;40.553;1239;1239
2026-06-08T09:47:41.0000000Z;40.516;40.553;1239;1239
2026-06-08T09:47:45.0000000Z;40.519;40.553;1239;1239
2026-06-08T09:47:47.0000000Z;40.519;40.555;1239;1239
2026-06-08T09:47:48.0000000Z;40.519;40.553;1239;1239
2026-06-08T09:47:51.0000000Z;40.516;40.553;1239;1239
2026-06-08T09:47:55.0000000Z;40.516;40.555;1239;1239
2026-06-08T09:47:57.0000000Z;40.519;40.555;1239;1239
2026-06-08T09:48:03.0000000Z;40.508;40.555;1239;1239
2026-06-08T09:48:04.0000000Z;40.51;40.555;1239;1239
2026-06-08T09:48:09.0000000Z;40.509;40.555;1239;1239
2026-06-08T09:48:10.0000000Z;40.512;40.555;1239;1239
2026-06-08T09:48:15.0000000Z;40.51;40.555;1239;1239
2026-06-08T09:48:17.0000000Z;40.51;40.555;1239;1239
2026-06-08T09:48:21.0000000Z;40.513;40.555;1239;1239
2026-06-08T09:48:27.0000000Z;40.51;40.555;1239;1239
2026-06-08T09:48:29.0000000Z;40.51;40.557;1239;1239
2026-06-08T09:48:30.0000000Z;40.514;40.557;1239;1239
2026-06-08T09:48:33.0000000Z;40.517;40.557;1239;1239
2026-06-08T09:48:41.0000000Z;40.515;40.557;1239;1239
2026-06-08T09:48:45.0000000Z;40.518;40.559;1239;1239
2026-06-08T09:48:53.0000000Z;40.515;40.559;1239;1239
2026-06-08T09:48:55.0000000Z;40.515;40.557;1239;1239
2026-06-08T09:48:58.0000000Z;40.518;40.557;1239;1239
2026-06-08T09:49:05.0000000Z;40.515;40.557;1239;1239
2026-06-08T09:49:09.0000000Z;40.518;40.557;1239;1239
2026-06-08T09:49:17.0000000Z;40.515;40.557;1239;1239
2026-06-08T09:49:19.0000000Z;40.515;40.555;1239;1239
2026-06-08T09:49:21.0000000Z;40.518;40.555;1239;1239
2026-06-08T09:49:23.0000000Z;40.518;40.557;1239;1239
2026-06-08T09:49:29.0000000Z;40.514;40.555;1239;1239
2026-06-08T09:49:33.0000000Z;40.518;40.555;1239;1239
2026-06-08T09:49:37.0000000Z;40.518;40.559;1239;1239
2026-06-08T09:49:39.0000000Z;40.516;40.559;1239;1239
2026-06-08T09:49:45.0000000Z;40.519;40.559;1239;1239
2026-06-08T09:49:51.0000000Z;40.516;40.559;1239;1239
2026-06-08T09:49:57.0000000Z;40.519;40.559;1239;1239
2026-06-08T09:50:03.0000000Z;40.516;40.559;1239;1239
2026-06-08T09:50:11.0000000Z;40.519;40.559;1239;1239
2026-06-08T09:50:15.0000000Z;40.516;40.559;1239;1239
2026-06-08T09:50:21.0000000Z;40.519;40.559;1239;1239
2026-06-08T09:50:27.0000000Z;40.513;40.559;1239;1239
2026-06-08T09:50:33.0000000Z;40.516;40.559;1239;1239
2026-06-08T09:50:41.0000000Z;40.514;40.557;1239;1239
2026-06-08T09:50:45.0000000Z;40.517;40.557;1239;1239
2026-06-08T09:50:51.0000000Z;40.514;40.557;1239;1239
2026-06-08T09:50:57.0000000Z;40.517;40.557;1239;1239
2026-06-08T09:51:03.0000000Z;40.514;40.557;1239;1239
2026-06-08T09:51:10.0000000Z;40.517;40.557;1239;1239
2026-06-08T09:51:11.0000000Z;40.517;40.555;1239;1239
2026-06-08T09:51:15.0000000Z;40.514;40.555;1239;1239
2026-06-08T09:51:21.0000000Z;40.517;40.555;1239;1239
2026-06-08T09:51:25.0000000Z;40.517;40.557;1239;1239
2026-06-08T09:51:27.0000000Z;40.514;40.555;1239;1239
2026-06-08T09:51:32.0000000Z;40.515;40.555;1239;1239
2026-06-08T09:51:33.0000000Z;40.518;40.555;1239;1239
2026-06-08T09:51:40.0000000Z;40.516;40.555;1239;1239
2026-06-08T09:51:44.0000000Z;40.516;40.557;1239;1239
2026-06-08T09:51:59.0000000Z;40.519;40.557;1239;1239
2026-06-08T09:52:04.0000000Z;40.516;40.557;1239;1239
2026-06-08T09:52:09.0000000Z;40.519;40.557;1239;1239
2026-06-08T09:52:16.0000000Z;40.516;40.557;1239;1239
2026-06-08T09:52:21.0000000Z;40.519;40.557;1239;1239
2026-06-08T09:52:25.0000000Z;40.519;40.555;1239;1239
2026-06-08T09:52:28.0000000Z;40.514;40.555;1239;1239
2026-06-08T09:52:34.0000000Z;40.516;40.555;1239;1239
2026-06-08T09:52:40.0000000Z;40.514;40.555;1239;1239
2026-06-08T09:52:45.0000000Z;40.517;40.555;1239;1239
2026-06-08T09:52:52.0000000Z;40.514;40.555;1239;1239
2026-06-08T09:52:57.0000000Z;40.517;40.555;1239;1239
2026-06-08T09:53:04.0000000Z;40.514;40.555;1239;1239
2026-06-08T09:53:06.0000000Z;40.514;40.553;1239;1239
2026-06-08T09:53:10.0000000Z;40.517;40.553;1239;1239
2026-06-08T09:53:14.0000000Z;40.517;40.555;1239;1239
2026-06-08T09:53:18.0000000Z;40.517;40.555;1239;1239
2026-06-08T09:53:21.0000000Z;40.52;40.555;1239;1239
2026-06-08T09:53:28.0000000Z;40.517;40.555;1239;1239
2026-06-08T09:53:33.0000000Z;40.52;40.555;1239;1239
2026-06-08T09:53:40.0000000Z;40.517;40.555;1239;1239
2026-06-08T09:53:45.0000000Z;40.52;40.555;1239;1239
2026-06-08T09:53:52.0000000Z;40.517;40.557;1239;1239
2026-06-08T09:53:56.0000000Z;40.517;40.555;1239;1239
2026-06-08T09:53:57.0000000Z;40.52;40.557;1239;1239
2026-06-08T09:53:58.0000000Z;40.52;40.555;1239;1239
2026-06-08T09:54:00.0000000Z;40.52;40.557;1239;1239
2026-06-08T09:54:04.0000000Z;40.513;40.557;1239;1239
2026-06-08T09:54:06.0000000Z;40.513;40.559;1239;1239
2026-06-08T09:54:09.0000000Z;40.516;40.559;1239;1239
2026-06-08T09:54:10.0000000Z;40.516;40.557;1239;1239
2026-06-08T09:54:11.0000000Z;40.516;40.559;1239;1239
2026-06-08T09:54:15.0000000Z;40.516;40.557;1239;1239
2026-06-08T09:54:16.0000000Z;40.514;40.557;1239;1239
2026-06-08T09:54:21.0000000Z;40.517;40.557;1239;1239
2026-06-08T09:54:25.0000000Z;40.517;40.555;1239;1239
2026-06-08T09:54:28.0000000Z;40.514;40.555;1239;1239
2026-06-08T09:54:33.0000000Z;40.517;40.555;1239;1239
2026-06-08T09:54:40.0000000Z;40.514;40.555;1239;1239
2026-06-08T09:54:45.0000000Z;40.517;40.555;1239;1239
2026-06-08T09:54:52.0000000Z;40.514;40.555;1239;1239
2026-06-08T09:54:57.0000000Z;40.517;40.555;1239;1239
2026-06-08T09:55:04.0000000Z;40.514;40.555;1239;1239
2026-06-08T09:55:08.0000000Z;40.513;40.555;1239;1239
2026-06-08T09:55:09.0000000Z;40.516;40.555;1239;1239
2026-06-08T09:55:16.0000000Z;40.513;40.555;1239;1239
2026-06-08T09:55:20.0000000Z;40.513;40.557;1239;1239
2026-06-08T09:55:21.0000000Z;40.516;40.555;1239;1239
2026-06-08T09:55:28.0000000Z;40.514;40.555;1239;1239
2026-06-08T09:55:30.0000000Z;40.514;40.557;1239;1239
2026-06-08T09:55:33.0000000Z;40.517;40.557;1239;1239
2026-06-08T09:55:36.0000000Z;40.517;40.555;1239;1239
2026-06-08T09:55:38.0000000Z;40.517;40.557;1239;1239
2026-06-08T09:55:40.0000000Z;40.514;40.557;1239;1239
2026-06-08T09:55:45.0000000Z;40.517;40.557;1239;1239
2026-06-08T09:55:52.0000000Z;40.514;40.557;1239;1239
2026-06-08T09:55:57.0000000Z;40.517;40.557;1239;1239
2026-06-08T09:56:04.0000000Z;40.514;40.557;1239;1239
2026-06-08T09:56:09.0000000Z;40.517;40.557;1239;1239
2026-06-08T09:56:17.0000000Z;40.517;40.557;1239;1239
2026-06-08T09:56:19.0000000Z;40.517;40.555;1239;1239
2026-06-08T09:56:21.0000000Z;40.52;40.555;1239;1239
2026-06-08T09:56:27.0000000Z;40.517;40.555;1239;1239
2026-06-08T09:56:31.0000000Z;40.517;40.557;1239;1239
2026-06-08T09:56:33.0000000Z;40.52;40.557;1239;1239
2026-06-08T09:56:41.0000000Z;40.517;40.555;1239;1239
2026-06-08T09:56:45.0000000Z;40.52;40.555;1239;1239
2026-06-08T09:56:53.0000000Z;40.517;40.555;1239;1239
2026-06-08T09:56:54.0000000Z;40.519;40.555;1239;1239
2026-06-08T09:56:57.0000000Z;40.522;40.555;1239;1239
2026-06-08T09:57:02.0000000Z;40.522;40.553;1239;1239
2026-06-08T09:57:05.0000000Z;40.52;40.553;1239;1239
2026-06-08T09:57:11.0000000Z;40.523;40.553;1239;1239
2026-06-08T09:57:21.0000000Z;40.525;40.555;1239;1239
2026-06-08T09:57:25.0000000Z;40.525;40.553;1239;1239
2026-06-08T09:57:26.0000000Z;40.525;40.553;1239;1239
2026-06-08T09:57:39.0000000Z;40.514;40.553;1239;1239
2026-06-08T09:57:45.0000000Z;40.516;40.555;1239;1239
2026-06-08T09:57:47.0000000Z;40.516;40.553;1239;1239
2026-06-08T09:57:51.0000000Z;40.514;40.553;1239;1239
2026-06-08T09:57:57.0000000Z;40.517;40.553;1239;1239
2026-06-08T09:57:58.0000000Z;40.517;40.551;1239;1239
2026-06-08T09:58:03.0000000Z;40.514;40.551;1239;1239
2026-06-08T09:58:09.0000000Z;40.517;40.551;1239;1239
2026-06-08T09:58:15.0000000Z;40.517;40.553;1239;1239
2026-06-08T09:58:17.0000000Z;40.514;40.553;1239;1239
2026-06-08T09:58:22.0000000Z;40.517;40.553;1239;1239
2026-06-08T09:58:23.0000000Z;40.517;40.557;1239;1239
2026-06-08T09:58:27.0000000Z;40.516;40.557;1239;1239
2026-06-08T09:58:33.0000000Z;40.519;40.557;1239;1239
2026-06-08T09:58:38.0000000Z;40.519;40.555;1239;1239
2026-06-08T09:58:39.0000000Z;40.512;40.555;1239;1239
2026-06-08T09:58:44.0000000Z;40.513;40.555;1239;1239
2026-06-08T09:58:47.0000000Z;40.516;40.555;1239;1239
2026-06-08T09:58:51.0000000Z;40.514;40.555;1239;1239
2026-06-08T09:58:57.0000000Z;40.517;40.555;1239;1239
2026-06-08T09:59:03.0000000Z;40.514;40.555;1239;1239
2026-06-08T09:59:05.0000000Z;40.514;40.553;1239;1239
2026-06-08T09:59:06.0000000Z;40.514;40.555;1239;1239
2026-06-08T09:59:09.0000000Z;40.517;40.555;1239;1239
2026-06-08T09:59:10.0000000Z;40.517;40.553;1239;1239
2026-06-08T09:59:15.0000000Z;40.514;40.553;1239;1239
2026-06-08T09:59:21.0000000Z;40.517;40.553;1239;1239
2026-06-08T09:59:27.0000000Z;40.514;40.551;1239;1239
2026-06-08T09:59:29.0000000Z;40.514;40.553;1239;1239
2026-06-08T09:59:33.0000000Z;40.517;40.553;1239;1239
2026-06-08T09:59:41.0000000Z;40.513;40.553;1239;1239
2026-06-08T09:59:45.0000000Z;40.516;40.553;1239;1239
2026-06-08T09:59:46.0000000Z;40.516;40.551;1239;1239
2026-06-08T09:59:51.0000000Z;40.514;40.551;1239;1239
2026-06-08T09:59:55.0000000Z;40.514;40.553;1239;1239
2026-06-08T09:59:57.0000000Z;40.517;40.553;1239;1239
2026-06-08T10:00:05.0000000Z;40.514;40.555;1239;1239
2026-06-08T10:00:09.0000000Z;40.517;40.555;1239;1239
2026-06-08T10:00:13.0000000Z;40.517;40.553;1239;1239
2026-06-08T10:00:15.0000000Z;40.514;40.553;1239;1239
2026-06-08T10:00:21.0000000Z;40.517;40.553;1239;1239
2026-06-08T10:00:27.0000000Z;40.514;40.553;1239;1239
2026-06-08T10:00:33.0000000Z;40.517;40.553;1239;1239
2026-06-08T10:00:39.0000000Z;40.506;40.553;1239;1239
2026-06-08T10:00:40.0000000Z;40.51;40.553;1239;1239
2026-06-08T10:00:45.0000000Z;40.514;40.553;1239;1239
2026-06-08T10:00:51.0000000Z;40.51;40.553;1239;1239
2026-06-08T10:00:52.0000000Z;40.51;40.551;1239;1239
2026-06-08T10:00:55.0000000Z;40.51;40.553;1239;1239
2026-06-08T10:00:56.0000000Z;40.511;40.553;1239;1239
2026-06-08T10:00:57.0000000Z;40.514;40.553;1239;1239
2026-06-08T10:01:00.0000000Z;40.514;40.551;1239;1239
2026-06-08T10:01:04.0000000Z;40.512;40.551;1239;1239
2026-06-08T10:01:06.0000000Z;40.512;40.551;1239;1239
2026-06-08T10:01:09.0000000Z;40.514;40.551;1239;1239
2026-06-08T10:01:11.0000000Z;40.515;40.551;1239;1239
2026-06-08T10:01:16.0000000Z;40.512;40.551;1239;1239
2026-06-08T10:01:21.0000000Z;40.515;40.551;1239;1239
2026-06-08T10:01:28.0000000Z;40.512;40.551;1239;1239
2026-06-08T10:01:33.0000000Z;40.515;40.551;1239;1239
2026-06-08T10:01:40.0000000Z;40.512;40.553;1239;1239
2026-06-08T10:01:45.0000000Z;40.514;40.553;1239;1239
2026-06-08T10:01:48.0000000Z;40.515;40.553;1239;1239
2026-06-08T10:01:50.0000000Z;40.515;40.555;1239;1239
2026-06-08T10:01:52.0000000Z;40.511;40.553;1239;1239
2026-06-08T10:01:57.0000000Z;40.514;40.553;1239;1239
2026-06-08T10:01:59.0000000Z;40.514;40.55;1239;1239
2026-06-08T10:02:04.0000000Z;40.514;40.545;1239;1239
2026-06-08T10:02:08.0000000Z;40.514;40.54;1239;1239
2026-06-08T10:02:12.0000000Z;40.506;40.54;1239;1239
2026-06-08T10:02:16.0000000Z;40.506;40.541;1239;1239
2026-06-08T10:02:22.0000000Z;40.508;40.541;1239;1239
2026-06-08T10:02:23.0000000Z;40.509;40.541;1239;1239
2026-06-08T10:02:28.0000000Z;40.506;40.543;1239;1239
2026-06-08T10:02:33.0000000Z;40.509;40.543;1239;1239
2026-06-08T10:02:38.0000000Z;40.509;40.541;1239;1239
2026-06-08T10:02:40.0000000Z;40.506;40.541;1239;1239
2026-06-08T10:02:42.0000000Z;40.506;40.543;1239;1239
2026-06-08T10:02:45.0000000Z;40.509;40.541;1239;1239
2026-06-08T10:02:46.0000000Z;40.509;40.541;1239;1239
2026-06-08T10:02:48.0000000Z;40.509;40.543;1239;1239
2026-06-08T10:02:52.0000000Z;40.506;40.543;1239;1239
2026-06-08T10:02:54.0000000Z;40.506;40.545;1239;1239
2026-06-08T10:02:57.0000000Z;40.509;40.545;1239;1239
2026-06-08T10:02:58.0000000Z;40.509;40.547;1239;1239
2026-06-08T10:03:00.0000000Z;40.509;40.552;1239;1239
2026-06-08T10:03:01.0000000Z;40.509;40.549;1239;1239
2026-06-08T10:03:04.0000000Z;40.502;40.549;1239;1239
2026-06-08T10:03:05.0000000Z;40.504;40.548;1239;1239
2026-06-08T10:03:09.0000000Z;40.507;40.548;1239;1239
2026-06-08T10:03:10.0000000Z;40.507;40.547;1239;1239
2026-06-08T10:03:12.0000000Z;40.507;40.547;1239;1239
2026-06-08T10:03:14.0000000Z;40.507;40.547;1239;1239
2026-06-08T10:03:21.0000000Z;40.51;40.547;1239;1239
2026-06-08T10:03:28.0000000Z;40.505;40.547;1239;1239
2026-06-08T10:03:33.0000000Z;40.508;40.547;1239;1239
2026-06-08T10:03:40.0000000Z;40.505;40.547;1239;1239
2026-06-08T10:03:44.0000000Z;40.505;40.549;1239;1239
2026-06-08T10:03:46.0000000Z;40.508;40.549;1239;1239
2026-06-08T10:03:48.0000000Z;40.508;40.547;1239;1239
2026-06-08T10:03:52.0000000Z;40.505;40.547;1239;1239
2026-06-08T10:03:56.0000000Z;40.505;40.549;1239;1239
2026-06-08T10:03:57.0000000Z;40.508;40.549;1239;1239
2026-06-08T10:04:02.0000000Z;40.508;40.547;1239;1239
2026-06-08T10:04:04.0000000Z;40.503;40.547;1239;1239
2026-06-08T10:04:06.0000000Z;40.503;40.545;1239;1239
2026-06-08T10:04:08.0000000Z;40.503;40.547;1239;1239
2026-06-08T10:04:09.0000000Z;40.505;40.547;1239;1239
2026-06-08T10:04:21.0000000Z;40.508;40.547;1239;1239
2026-06-08T10:04:28.0000000Z;40.503;40.547;1239;1239
2026-06-08T10:04:33.0000000Z;40.506;40.547;1239;1239
2026-06-08T10:04:40.0000000Z;40.503;40.547;1239;1239
2026-06-08T10:04:45.0000000Z;40.506;40.547;1239;1239
2026-06-08T10:04:52.0000000Z;40.503;40.547;1239;1239
2026-06-08T10:04:57.0000000Z;40.506;40.547;1239;1239
2026-06-08T10:05:02.0000000Z;40.497;40.547;1239;1239
2026-06-08T10:05:03.0000000Z;40.505;40.547;1239;1239
2026-06-08T10:05:09.0000000Z;40.508;40.547;1239;1239
2026-06-08T10:05:11.0000000Z;40.508;40.549;1239;1239
2026-06-08T10:05:15.0000000Z;40.508;40.551;1239;1239
2026-06-08T10:05:21.0000000Z;40.511;40.551;1239;1239
2026-06-08T10:05:29.0000000Z;40.508;40.551;1239;1239
2026-06-08T10:05:33.0000000Z;40.511;40.553;1239;1239
2026-06-08T10:05:41.0000000Z;40.508;40.551;1239;1239
2026-06-08T10:05:49.0000000Z;40.511;40.551;1239;1239
2026-06-08T10:05:53.0000000Z;40.508;40.551;1239;1239
2026-06-08T10:05:57.0000000Z;40.511;40.551;1239;1239
2026-06-08T10:06:05.0000000Z;40.507;40.551;1239;1239
2026-06-08T10:06:09.0000000Z;40.51;40.551;1239;1239
2026-06-08T10:06:15.0000000Z;40.51;40.551;1239;1239
2026-06-08T10:06:21.0000000Z;40.513;40.551;1239;1239
2026-06-08T10:06:25.0000000Z;40.513;40.553;1239;1239
2026-06-08T10:06:29.0000000Z;40.508;40.553;1239;1239
2026-06-08T10:06:33.0000000Z;40.511;40.553;1239;1239
2026-06-08T10:06:35.0000000Z;40.511;40.555;1239;1239
2026-06-08T10:06:36.0000000Z;40.511;40.553;1239;1239
2026-06-08T10:06:39.0000000Z;40.508;40.553;1239;1239
2026-06-08T10:06:43.0000000Z;40.508;40.555;1239;1239
2026-06-08T10:06:45.0000000Z;40.511;40.555;1239;1239
2026-06-08T10:06:48.0000000Z;40.517;40.555;1239;1239
2026-06-08T10:06:53.0000000Z;40.517;40.557;1239;1239
2026-06-08T10:06:55.0000000Z;40.518;40.557;1239;1239
2026-06-08T10:06:58.0000000Z;40.521;40.557;1239;1239
2026-06-08T10:07:09.0000000Z;40.524;40.557;1239;1239
2026-06-08T10:07:15.0000000Z;40.519;40.557;1239;1239
2026-06-08T10:07:21.0000000Z;40.522;40.557;1239;1239
2026-06-08T10:07:27.0000000Z;40.519;40.557;1239;1239
2026-06-08T10:07:33.0000000Z;40.522;40.557;1239;1239
2026-06-08T10:07:39.0000000Z;40.519;40.557;1239;1239
2026-06-08T10:07:45.0000000Z;40.522;40.557;1239;1239
2026-06-08T10:07:51.0000000Z;40.515;40.557;1239;1239
2026-06-08T10:07:57.0000000Z;40.517;40.557;1239;1239
2026-06-08T10:08:07.0000000Z;40.517;40.559;1239;1239
2026-06-08T10:08:09.0000000Z;40.52;40.559;1239;1239
2026-06-08T10:08:15.0000000Z;40.515;40.559;1239;1239
2026-06-08T10:08:21.0000000Z;40.518;40.559;1239;1239
2026-06-08T10:08:24.0000000Z;40.518;40.557;1239;1239
2026-06-08T10:08:27.0000000Z;40.515;40.557;1239;1239
2026-06-08T10:08:33.0000000Z;40.518;40.557;1239;1239
2026-06-08T10:08:39.0000000Z;40.515;40.557;1239;1239
2026-06-08T10:08:46.0000000Z;40.518;40.557;1239;1239
2026-06-08T10:08:51.0000000Z;40.514;40.557;1239;1239
2026-06-08T10:08:57.0000000Z;40.517;40.557;1239;1239
2026-06-08T10:09:02.0000000Z;40.517;40.555;1239;1239
2026-06-08T10:09:10.0000000Z;40.517;40.557;1239;1239
2026-06-08T10:09:11.0000000Z;40.52;40.557;1239;1239
2026-06-08T10:09:15.0000000Z;40.515;40.557;1239;1239
2026-06-08T10:09:21.0000000Z;40.518;40.559;1239;1239
2026-06-08T10:09:28.0000000Z;40.515;40.557;1239;1239
2026-06-08T10:09:32.0000000Z;40.515;40.559;1239;1239
2026-06-08T10:09:33.0000000Z;40.518;40.557;1239;1239
2026-06-08T10:09:39.0000000Z;40.515;40.557;1239;1239
2026-06-08T10:09:46.0000000Z;40.518;40.557;1239;1239
2026-06-08T10:09:51.0000000Z;40.515;40.557;1239;1239
2026-06-08T10:09:52.0000000Z;40.515;40.555;1239;1239
2026-06-08T10:09:57.0000000Z;40.514;40.555;1239;1239
2026-06-08T10:09:58.0000000Z;40.517;40.555;1239;1239
2026-06-08T10:10:09.0000000Z;40.52;40.555;1239;1239
2026-06-08T10:10:16.0000000Z;40.515;40.555;1239;1239
2026-06-08T10:10:21.0000000Z;40.518;40.555;1239;1239
2026-06-08T10:10:24.0000000Z;40.518;40.557;1239;1239
2026-06-08T10:10:28.0000000Z;40.515;40.557;1239;1239
2026-06-08T10:10:33.0000000Z;40.518;40.557;1239;1239
2026-06-08T10:10:40.0000000Z;40.515;40.557;1239;1239
2026-06-08T10:10:45.0000000Z;40.518;40.557;1239;1239
2026-06-08T10:10:52.0000000Z;40.514;40.557;1239;1239
2026-06-08T10:10:54.0000000Z;40.514;40.555;1239;1239
2026-06-08T10:10:57.0000000Z;40.517;40.555;1239;1239
2026-06-08T10:11:11.0000000Z;40.52;40.555;1239;1239
2026-06-08T10:11:16.0000000Z;40.515;40.555;1239;1239
2026-06-08T10:11:21.0000000Z;40.518;40.555;1239;1239
2026-06-08T10:11:28.0000000Z;40.515;40.555;1239;1239
2026-06-08T10:11:33.0000000Z;40.517;40.555;1239;1239
2026-06-08T10:11:35.0000000Z;40.518;40.555;1239;1239
2026-06-08T10:11:40.0000000Z;40.515;40.557;1239;1239
2026-06-08T10:11:45.0000000Z;40.518;40.557;1239;1239
2026-06-08T10:11:52.0000000Z;40.515;40.557;1239;1239
2026-06-08T10:11:57.0000000Z;40.517;40.557;1239;1239
2026-06-08T10:12:09.0000000Z;40.52;40.557;1239;1239
2026-06-08T10:12:16.0000000Z;40.515;40.559;1239;1239
2026-06-08T10:12:18.0000000Z;40.515;40.557;1239;1239
2026-06-08T10:12:21.0000000Z;40.518;40.557;1239;1239
2026-06-08T10:12:28.0000000Z;40.515;40.557;1239;1239
2026-06-08T10:12:33.0000000Z;40.518;40.557;1239;1239
2026-06-08T10:12:40.0000000Z;40.515;40.557;1239;1239
2026-06-08T10:12:41.0000000Z;40.515;40.555;1239;1239
2026-06-08T10:12:44.0000000Z;40.515;40.557;1239;1239
2026-06-08T10:12:45.0000000Z;40.518;40.557;1239;1239
2026-06-08T10:12:52.0000000Z;40.514;40.559;1239;1239
2026-06-08T10:12:57.0000000Z;40.517;40.559;1239;1239
2026-06-08T10:13:05.0000000Z;40.517;40.557;1239;1239
2026-06-08T10:13:09.0000000Z;40.52;40.557;1239;1239
2026-06-08T10:13:16.0000000Z;40.515;40.557;1239;1239
2026-06-08T10:13:21.0000000Z;40.518;40.557;1239;1239
2026-06-08T10:13:28.0000000Z;40.515;40.557;1239;1239
2026-06-08T10:13:33.0000000Z;40.518;40.557;1239;1239
2026-06-08T10:13:40.0000000Z;40.515;40.557;1239;1239
2026-06-08T10:13:46.0000000Z;40.518;40.557;1239;1239
2026-06-08T10:13:52.0000000Z;40.514;40.557;1239;1239
2026-06-08T10:13:57.0000000Z;40.517;40.557;1239;1239
2026-06-08T10:14:09.0000000Z;40.52;40.557;1239;1239
2026-06-08T10:14:15.0000000Z;40.515;40.557;1239;1239
2026-06-08T10:14:21.0000000Z;40.518;40.557;1239;1239
2026-06-08T10:14:25.0000000Z;40.518;40.555;1239;1239
2026-06-08T10:14:27.0000000Z;40.515;40.555;1239;1239
2026-06-08T10:14:32.0000000Z;40.515;40.557;1239;1239
2026-06-08T10:14:33.0000000Z;40.518;40.555;1239;1239
2026-06-08T10:14:39.0000000Z;40.515;40.555;1239;1239
2026-06-08T10:14:45.0000000Z;40.518;40.553;1239;1239
2026-06-08T10:14:49.0000000Z;40.518;40.555;1239;1239
2026-06-08T10:14:51.0000000Z;40.514;40.555;1239;1239
2026-06-08T10:14:57.0000000Z;40.517;40.555;1239;1239
2026-06-08T10:15:09.0000000Z;40.52;40.555;1239;1239
2026-06-08T10:15:21.0000000Z;40.523;40.555;1239;1239
2026-06-08T10:15:27.0000000Z;40.52;40.555;1239;1239
2026-06-08T10:15:33.0000000Z;40.523;40.555;1239;1239
2026-06-08T10:15:39.0000000Z;40.523;40.557;1239;1239
2026-06-08T10:15:41.0000000Z;40.523;40.555;1239;1239
2026-06-08T10:15:45.0000000Z;40.526;40.555;1239;1239
2026-06-08T10:15:47.0000000Z;40.526;40.557;1239;1239
2026-06-08T10:15:48.0000000Z;40.526;40.555;1239;1239
2026-06-08T10:15:50.0000000Z;40.526;40.557;1239;1239
2026-06-08T10:15:58.0000000Z;40.526;40.555;1239;1239
2026-06-08T10:16:01.0000000Z;40.515;40.555;1239;1239
2026-06-08T10:16:03.0000000Z;40.515;40.553;1239;1239
2026-06-08T10:16:09.0000000Z;40.518;40.553;1239;1239
2026-06-08T10:16:21.0000000Z;40.521;40.553;1239;1239
2026-06-08T10:16:27.0000000Z;40.521;40.551;1239;1239
2026-06-08T10:16:33.0000000Z;40.511;40.551;1239;1239
2026-06-08T10:16:38.0000000Z;40.511;40.549;1239;1239
2026-06-08T10:16:40.0000000Z;40.511;40.547;1239;1239
2026-06-08T10:16:41.0000000Z;40.51;40.547;1239;1239
2026-06-08T10:16:45.0000000Z;40.511;40.547;1239;1239
2026-06-08T10:16:57.0000000Z;40.514;40.547;1239;1239
2026-06-08T10:16:58.0000000Z;40.514;40.545;1239;1239
2026-06-08T10:17:03.0000000Z;40.509;40.545;1239;1239
2026-06-08T10:17:05.0000000Z;40.509;40.543;1239;1239
2026-06-08T10:17:10.0000000Z;40.512;40.543;1239;1239
2026-06-08T10:17:11.0000000Z;40.512;40.541;1239;1239
2026-06-08T10:17:17.0000000Z;40.512;40.542;1239;1239
2026-06-08T10:17:46.0000000Z;40.512;40.544;1239;1239
2026-06-08T10:18:02.0000000Z;40.502;40.544;1239;1239
2026-06-08T10:18:06.0000000Z;40.502;40.542;1239;1239
2026-06-08T10:18:07.0000000Z;40.502;40.544;1239;1239
2026-06-08T10:18:08.0000000Z;40.502;40.542;1239;1239
2026-06-08T10:18:09.0000000Z;40.505;40.542;1239;1239
2026-06-08T10:18:10.0000000Z;40.505;40.544;1239;1239
2026-06-08T10:18:22.0000000Z;40.508;40.544;1239;1239
2026-06-08T10:18:28.0000000Z;40.503;40.544;1239;1239
2026-06-08T10:18:33.0000000Z;40.506;40.542;1239;1239
2026-06-08T10:18:40.0000000Z;40.503;40.542;1239;1239
2026-06-08T10:18:45.0000000Z;40.506;40.542;1239;1239
2026-06-08T10:18:52.0000000Z;40.503;40.542;1239;1239
2026-06-08T10:18:57.0000000Z;40.506;40.542;1239;1239
2026-06-08T10:19:04.0000000Z;40.503;40.542;1239;1239
2026-06-08T10:19:06.0000000Z;40.503;40.544;1239;1239
2026-06-08T10:19:08.0000000Z;40.502;40.544;1239;1239
2026-06-08T10:19:09.0000000Z;40.505;40.544;1239;1239
2026-06-08T10:19:21.0000000Z;40.508;40.544;1239;1239
2026-06-08T10:19:26.0000000Z;40.508;40.542;1239;1239
2026-06-08T10:19:28.0000000Z;40.503;40.542;1239;1239
2026-06-08T10:19:32.0000000Z;40.503;40.544;1239;1239
2026-06-08T10:19:33.0000000Z;40.506;40.544;1239;1239
2026-06-08T10:19:35.0000000Z;40.506;40.542;1239;1239
2026-06-08T10:19:40.0000000Z;40.503;40.544;1239;1239
2026-06-08T10:19:42.0000000Z;40.503;40.546;1239;1239
2026-06-08T10:19:45.0000000Z;40.506;40.546;1239;1239
2026-06-08T10:19:48.0000000Z;40.508;40.546;1239;1239
2026-06-08T10:19:52.0000000Z;40.508;40.544;1239;1239
2026-06-08T10:19:57.0000000Z;40.506;40.542;1239;1239
2026-06-08T10:19:58.0000000Z;40.506;40.542;1239;1239
2026-06-08T10:20:00.0000000Z;40.506;40.544;1239;1239
2026-06-08T10:20:06.0000000Z;40.502;40.544;1239;1239
2026-06-08T10:20:09.0000000Z;40.505;40.544;1239;1239
2026-06-08T10:20:18.0000000Z;40.505;40.546;1239;1239
2026-06-08T10:20:21.0000000Z;40.508;40.546;1239;1239
2026-06-08T10:20:23.0000000Z;40.508;40.544;1239;1239
2026-06-08T10:20:28.0000000Z;40.503;40.544;1239;1239
2026-06-08T10:20:33.0000000Z;40.506;40.544;1239;1239
2026-06-08T10:20:40.0000000Z;40.503;40.542;1239;1239
2026-06-08T10:20:45.0000000Z;40.506;40.542;1239;1239
2026-06-08T10:20:52.0000000Z;40.503;40.542;1239;1239
2026-06-08T10:20:57.0000000Z;40.505;40.542;1239;1239
2026-06-08T10:20:58.0000000Z;40.505;40.546;1239;1239
2026-06-08T10:21:00.0000000Z;40.502;40.546;1239;1239
2026-06-08T10:21:02.0000000Z;40.502;40.544;1239;1239
2026-06-08T10:21:09.0000000Z;40.505;40.544;1239;1239
2026-06-08T10:21:12.0000000Z;40.505;40.546;1239;1239
2026-06-08T10:21:21.0000000Z;40.512;40.546;1239;1239
2026-06-08T10:21:32.0000000Z;40.512;40.548;1239;1239
2026-06-08T10:21:33.0000000Z;40.515;40.548;1239;1239
2026-06-08T10:21:35.0000000Z;40.515;40.546;1239;1239
2026-06-08T10:21:42.0000000Z;40.51;40.546;1239;1239
2026-06-08T10:21:45.0000000Z;40.513;40.546;1239;1239
2026-06-08T10:21:53.0000000Z;40.51;40.546;1239;1239
2026-06-08T10:21:57.0000000Z;40.513;40.546;1239;1239
2026-06-08T10:21:59.0000000Z;40.513;40.544;1239;1239
2026-06-08T10:22:05.0000000Z;40.51;40.544;1239;1239
2026-06-08T10:22:09.0000000Z;40.513;40.544;1239;1239
2026-06-08T10:22:11.0000000Z;40.513;40.546;1239;1239
2026-06-08T10:22:19.0000000Z;40.513;40.544;1239;1239
2026-06-08T10:22:25.0000000Z;40.513;40.546;1239;1239
2026-06-08T10:22:27.0000000Z;40.513;40.544;1239;1239
2026-06-08T10:22:47.0000000Z;40.513;40.543;1239;1239
2026-06-08T10:22:48.0000000Z;40.513;40.542;1239;1239
2026-06-08T10:22:49.0000000Z;40.513;40.541;1239;1239
2026-06-08T10:22:53.0000000Z;40.503;40.542;1239;1239
2026-06-08T10:22:55.0000000Z;40.503;40.54;1239;1239
2026-06-08T10:22:57.0000000Z;40.506;40.54;1239;1239
2026-06-08T10:23:09.0000000Z;40.506;40.54;1239;1239
2026-06-08T10:23:10.0000000Z;40.509;40.54;1239;1239
2026-06-08T10:23:15.0000000Z;40.509;40.542;1239;1239
2026-06-08T10:23:26.0000000Z;40.511;40.542;1239;1239
2026-06-08T10:23:39.0000000Z;40.513;40.542;1239;1239
2026-06-08T10:23:41.0000000Z;40.513;40.544;1239;1239
2026-06-08T10:23:47.0000000Z;40.515;40.546;1239;1239
2026-06-08T10:24:06.0000000Z;40.515;40.544;1239;1239
2026-06-08T10:24:37.0000000Z;40.515;40.544;1239;1239
2026-06-08T10:24:43.0000000Z;40.492;40.544;1239;1239
2026-06-08T10:24:44.0000000Z;40.493;40.543;1239;1239
2026-06-08T10:24:45.0000000Z;40.502;40.542;1239;1239
2026-06-08T10:24:46.0000000Z;40.505;40.542;1239;1239
2026-06-08T10:24:51.0000000Z;40.501;40.544;1239;1239
2026-06-08T10:24:57.0000000Z;40.504;40.544;1239;1239
2026-06-08T10:25:03.0000000Z;40.501;40.544;1239;1239
2026-06-08T10:25:09.0000000Z;40.504;40.544;1239;1239
2026-06-08T10:25:15.0000000Z;40.501;40.544;1239;1239
2026-06-08T10:25:21.0000000Z;40.506;40.546;1239;1239
2026-06-08T10:25:24.0000000Z;40.51;40.546;1239;1239
2026-06-08T10:25:27.0000000Z;40.51;40.548;1239;1239
2026-06-08T10:25:30.0000000Z;40.51;40.546;1239;1239
2026-06-08T10:25:33.0000000Z;40.513;40.546;1239;1239
2026-06-08T10:25:41.0000000Z;40.51;40.548;1239;1239
2026-06-08T10:25:45.0000000Z;40.513;40.548;1239;1239
2026-06-08T10:25:51.0000000Z;40.507;40.548;1239;1239
2026-06-08T10:25:52.0000000Z;40.511;40.548;1239;1239
2026-06-08T10:25:53.0000000Z;40.511;40.551;1239;1239
2026-06-08T10:25:58.0000000Z;40.51;40.55;1239;1239
2026-06-08T10:25:59.0000000Z;40.511;40.55;1239;1239
2026-06-08T10:26:00.0000000Z;40.511;40.548;1239;1239
2026-06-08T10:26:04.0000000Z;40.506;40.548;1239;1239
2026-06-08T10:26:09.0000000Z;40.509;40.548;1239;1239
2026-06-08T10:26:16.0000000Z;40.506;40.548;1239;1239
2026-06-08T10:26:21.0000000Z;40.509;40.548;1239;1239
2026-06-08T10:26:28.0000000Z;40.506;40.548;1239;1239
2026-06-08T10:26:30.0000000Z;40.51;40.548;1239;1239
2026-06-08T10:26:33.0000000Z;40.513;40.548;1239;1239
2026-06-08T10:26:42.0000000Z;40.506;40.55;1239;1239
2026-06-08T10:26:45.0000000Z;40.509;40.55;1239;1239
2026-06-08T10:26:49.0000000Z;40.509;40.548;1239;1239
2026-06-08T10:26:52.0000000Z;40.506;40.548;1239;1239
2026-06-08T10:26:57.0000000Z;40.509;40.548;1239;1239
2026-06-08T10:27:04.0000000Z;40.506;40.548;1239;1239
2026-06-08T10:27:09.0000000Z;40.509;40.548;1239;1239
2026-06-08T10:27:14.0000000Z;40.509;40.546;1239;1239
2026-06-08T10:27:18.0000000Z;40.506;40.546;1239;1239
2026-06-08T10:27:20.0000000Z;40.502;40.548;1239;1239
2026-06-08T10:27:21.0000000Z;40.509;40.548;1239;1239
2026-06-08T10:27:26.0000000Z;40.509;40.546;1239;1239
2026-06-08T10:27:28.0000000Z;40.506;40.548;1239;1239
2026-06-08T10:27:34.0000000Z;40.508;40.548;1239;1239
2026-06-08T10:27:38.0000000Z;40.506;40.548;1239;1239
2026-06-08T10:27:45.0000000Z;40.509;40.548;1239;1239
2026-06-08T10:27:46.0000000Z;40.509;40.551;1239;1239
2026-06-08T10:27:52.0000000Z;40.506;40.551;1239;1239
2026-06-08T10:27:57.0000000Z;40.509;40.551;1239;1239
2026-06-08T10:28:04.0000000Z;40.506;40.551;1239;1239
2026-06-08T10:28:09.0000000Z;40.509;40.551;1239;1239
2026-06-08T10:28:16.0000000Z;40.506;40.551;1239;1239
2026-06-08T10:28:21.0000000Z;40.509;40.551;1239;1239
2026-06-08T10:28:28.0000000Z;40.506;40.551;1239;1239
2026-06-08T10:28:33.0000000Z;40.509;40.551;1239;1239
2026-06-08T10:28:40.0000000Z;40.506;40.551;1239;1239
2026-06-08T10:28:45.0000000Z;40.509;40.551;1239;1239
2026-06-08T10:28:52.0000000Z;40.506;40.551;1239;1239
2026-06-08T10:28:57.0000000Z;40.509;40.551;1239;1239
2026-06-08T10:29:04.0000000Z;40.506;40.551;1239;1239
2026-06-08T10:29:08.0000000Z;40.508;40.554;1239;1239
2026-06-08T10:29:09.0000000Z;40.511;40.554;1239;1239
2026-06-08T10:29:12.0000000Z;40.511;40.555;1239;1239
2026-06-08T10:29:16.0000000Z;40.51;40.554;1239;1239
2026-06-08T10:29:22.0000000Z;40.513;40.556;1239;1239
2026-06-08T10:29:28.0000000Z;40.516;40.556;1239;1239
2026-06-08T10:29:35.0000000Z;40.514;40.554;1239;1239
2026-06-08T10:29:38.0000000Z;40.512;40.554;1239;1239
2026-06-08T10:29:40.0000000Z;40.516;40.556;1239;1239
2026-06-08T10:29:46.0000000Z;40.511;40.556;1239;1239
2026-06-08T10:29:48.0000000Z;40.512;40.556;1239;1239
2026-06-08T10:29:49.0000000Z;40.512;40.556;1239;1239
2026-06-08T10:29:54.0000000Z;40.512;40.554;1239;1239
2026-06-08T10:29:57.0000000Z;40.515;40.554;1239;1239
2026-06-08T10:29:59.0000000Z;40.515;40.55;1239;1239
2026-06-08T10:30:00.0000000Z;40.515;40.552;1239;1239
2026-06-08T10:30:01.0000000Z;40.515;40.55;1239;1239
2026-06-08T10:30:02.0000000Z;40.515;40.552;1239;1239
2026-06-08T10:30:07.0000000Z;40.515;40.552;1239;1239
2026-06-08T10:30:09.0000000Z;40.518;40.552;1239;1239
2026-06-08T10:30:14.0000000Z;40.515;40.552;1239;1239
2026-06-08T10:30:16.0000000Z;40.515;40.55;1239;1239
2026-06-08T10:30:17.0000000Z;40.515;40.552;1239;1239
2026-06-08T10:30:19.0000000Z;40.515;40.551;1239;1239
2026-06-08T10:30:21.0000000Z;40.518;40.551;1239;1239
2026-06-08T10:30:22.0000000Z;40.518;40.55;1239;1239
2026-06-08T10:30:23.0000000Z;40.518;40.548;1239;1239
2026-06-08T10:30:27.0000000Z;40.515;40.548;1239;1239
2026-06-08T10:30:29.0000000Z;40.515;40.548;1239;1239
2026-06-08T10:30:33.0000000Z;40.518;40.548;1239;1239
2026-06-08T10:30:35.0000000Z;40.518;40.55;1239;1239
2026-06-08T10:30:57.0000000Z;40.52;40.55;1239;1239
2026-06-08T10:31:14.0000000Z;40.52;40.548;1239;1239
2026-06-08T10:31:23.0000000Z;40.507;40.548;1239;1239
2026-06-08T10:31:24.0000000Z;40.511;40.547;1239;1239
2026-06-08T10:31:26.0000000Z;40.511;40.546;1239;1239
2026-06-08T10:31:29.0000000Z;40.511;40.544;1239;1239
2026-06-08T10:31:30.0000000Z;40.511;40.546;1239;1239
2026-06-08T10:31:31.0000000Z;40.511;40.55;1239;1239
2026-06-08T10:31:32.0000000Z;40.511;40.547;1239;1239
2026-06-08T10:31:33.0000000Z;40.514;40.547;1239;1239
2026-06-08T10:31:36.0000000Z;40.514;40.545;1239;1239
2026-06-08T10:31:44.0000000Z;40.514;40.547;1239;1239
2026-06-08T10:31:45.0000000Z;40.514;40.545;1239;1239
2026-06-08T10:31:47.0000000Z;40.514;40.547;1239;1239
2026-06-08T10:31:57.0000000Z;40.516;40.547;1239;1239
2026-06-08T10:32:05.0000000Z;40.516;40.549;1239;1239
2026-06-08T10:32:09.0000000Z;40.516;40.547;1239;1239
2026-06-08T10:32:39.0000000Z;40.516;40.547;1239;1239
2026-06-08T10:32:49.0000000Z;40.506;40.547;1239;1239
2026-06-08T10:32:57.0000000Z;40.509;40.547;1239;1239
2026-06-08T10:33:02.0000000Z;40.509;40.545;1239;1239
2026-06-08T10:33:05.0000000Z;40.509;40.547;1239;1239
2026-06-08T10:33:06.0000000Z;40.509;40.545;1239;1239
2026-06-08T10:33:09.0000000Z;40.512;40.545;1239;1239
2026-06-08T10:33:11.0000000Z;40.512;40.547;1239;1239
2026-06-08T10:33:15.0000000Z;40.507;40.547;1239;1239
2026-06-08T10:33:21.0000000Z;40.51;40.547;1239;1239
2026-06-08T10:33:25.0000000Z;40.51;40.549;1239;1239
2026-06-08T10:33:34.0000000Z;40.513;40.549;1239;1239
2026-06-08T10:33:35.0000000Z;40.513;40.551;1239;1239
2026-06-08T10:33:44.0000000Z;40.507;40.553;1239;1239
2026-06-08T10:33:45.0000000Z;40.51;40.553;1239;1239
2026-06-08T10:33:46.0000000Z;40.51;40.555;1239;1239
2026-06-08T10:33:51.0000000Z;40.512;40.555;1239;1239
2026-06-08T10:33:52.0000000Z;40.518;40.556;1239;1239
2026-06-08T10:33:58.0000000Z;40.514;40.556;1239;1239
2026-06-08T10:34:03.0000000Z;40.514;40.554;1239;1239
2026-06-08T10:34:06.0000000Z;40.514;40.554;1239;1239
2026-06-08T10:34:08.0000000Z;40.514;40.556;1239;1239
2026-06-08T10:34:09.0000000Z;40.517;40.554;1239;1239
2026-06-08T10:34:12.0000000Z;40.517;40.56;1239;1239
2026-06-08T10:34:17.0000000Z;40.539;40.56;1239;1239
2026-06-08T10:34:18.0000000Z;40.539;40.579;1239;1239
2026-06-08T10:34:22.0000000Z;40.541;40.59;1239;1239
2026-06-08T10:34:23.0000000Z;40.541;40.587;1239;1239
2026-06-08T10:34:28.0000000Z;40.543;40.587;1239;1239
2026-06-08T10:34:32.0000000Z;40.543;40.615;1239;1239
2026-06-08T10:34:34.0000000Z;40.533;40.615;1239;1239
2026-06-08T10:34:36.0000000Z;40.534;40.614;1239;1239
2026-06-08T10:34:39.0000000Z;40.536;40.611;1239;1239
2026-06-08T10:34:41.0000000Z;40.536;40.609;1239;1239
2026-06-08T10:34:42.0000000Z;40.534;40.609;1239;1239
2026-06-08T10:34:44.0000000Z;40.534;40.601;1239;1239
2026-06-08T10:34:46.0000000Z;40.529;40.6;1239;1239
2026-06-08T10:34:50.0000000Z;40.531;40.602;1239;1239
2026-06-08T10:34:51.0000000Z;40.531;40.598;1239;1239
2026-06-08T10:34:52.0000000Z;40.527;40.598;1239;1239
2026-06-08T10:34:56.0000000Z;40.525;40.594;1239;1239
2026-06-08T10:34:58.0000000Z;40.522;40.594;1239;1239
2026-06-08T10:34:59.0000000Z;40.524;40.594;1239;1239
2026-06-08T10:35:00.0000000Z;40.524;40.595;1239;1239
2026-06-08T10:35:01.0000000Z;40.525;40.595;1239;1239
2026-06-08T10:35:02.0000000Z;40.525;40.596;1239;1239
2026-06-08T10:35:04.0000000Z;40.525;40.595;1239;1239
2026-06-08T10:35:06.0000000Z;40.517;40.595;1239;1239
2026-06-08T10:35:07.0000000Z;40.517;40.59;1239;1239
2026-06-08T10:35:11.0000000Z;40.52;40.588;1239;1239
2026-06-08T10:35:14.0000000Z;40.52;40.589;1239;1239
2026-06-08T10:35:20.0000000Z;40.52;40.587;1239;1239
2026-06-08T10:35:26.0000000Z;40.52;40.589;1239;1239
2026-06-08T10:35:28.0000000Z;40.521;40.592;1239;1239
2026-06-08T10:35:30.0000000Z;40.523;40.593;1239;1239
2026-06-08T10:35:32.0000000Z;40.523;40.591;1239;1239
2026-06-08T10:35:34.0000000Z;40.522;40.591;1239;1239
2026-06-08T10:35:40.0000000Z;40.522;40.589;1239;1239
2026-06-08T10:35:42.0000000Z;40.52;40.589;1239;1239
2026-06-08T10:35:46.0000000Z;40.52;40.587;1239;1239
2026-06-08T10:35:54.0000000Z;40.52;40.589;1239;1239
2026-06-08T10:35:56.0000000Z;40.52;40.587;1239;1239
2026-06-08T10:35:59.0000000Z;40.52;40.586;1239;1239
2026-06-08T10:36:00.0000000Z;40.515;40.586;1239;1239
2026-06-08T10:36:01.0000000Z;40.517;40.586;1239;1239
2026-06-08T10:36:02.0000000Z;40.517;40.593;1239;1239
2026-06-08T10:36:03.0000000Z;40.517;40.591;1239;1239
2026-06-08T10:36:04.0000000Z;40.517;40.587;1239;1239
2026-06-08T10:36:09.0000000Z;40.517;40.585;1239;1239
2026-06-08T10:36:10.0000000Z;40.515;40.585;1239;1239
2026-06-08T10:36:11.0000000Z;40.517;40.585;1239;1239
2026-06-08T10:36:12.0000000Z;40.517;40.585;1239;1239
2026-06-08T10:36:16.0000000Z;40.517;40.596;1239;1239
2026-06-08T10:36:28.0000000Z;40.519;40.596;1239;1239
2026-06-08T10:36:38.0000000Z;40.514;40.596;1239;1239
2026-06-08T10:36:42.0000000Z;40.517;40.596;1239;1239
2026-06-08T10:36:44.0000000Z;40.514;40.596;1239;1239
2026-06-08T10:36:46.0000000Z;40.514;40.592;1239;1239
2026-06-08T10:36:50.0000000Z;40.516;40.595;1239;1239
2026-06-08T10:37:00.0000000Z;40.516;40.593;1239;1239
2026-06-08T10:37:02.0000000Z;40.516;40.594;1239;1239
2026-06-08T10:37:11.0000000Z;40.53;40.59;1239;1239
2026-06-08T10:37:12.0000000Z;40.533;40.589;1239;1239
2026-06-08T10:37:13.0000000Z;40.535;40.585;1239;1239
2026-06-08T10:37:14.0000000Z;40.536;40.585;1239;1239
2026-06-08T10:37:18.0000000Z;40.533;40.585;1239;1239
2026-06-08T10:37:19.0000000Z;40.535;40.585;1239;1239
2026-06-08T10:37:22.0000000Z;40.535;40.583;1239;1239
2026-06-08T10:37:23.0000000Z;40.535;40.576;1239;1239
2026-06-08T10:37:24.0000000Z;40.535;40.574;1239;1239
2026-06-08T10:37:30.0000000Z;40.533;40.574;1239;1239
2026-06-08T10:37:32.0000000Z;40.518;40.572;1239;1239
2026-06-08T10:37:33.0000000Z;40.522;40.572;1239;1239
2026-06-08T10:37:35.0000000Z;40.524;40.572;1239;1239
2026-06-08T10:37:36.0000000Z;40.534;40.572;1239;1239
2026-06-08T10:37:41.0000000Z;40.531;40.572;1239;1239
2026-06-08T10:37:42.0000000Z;40.535;40.572;1239;1239
2026-06-08T10:37:47.0000000Z;40.534;40.572;1239;1239
2026-06-08T10:37:51.0000000Z;40.532;40.572;1239;1239
2026-06-08T10:37:57.0000000Z;40.532;40.572;1239;1239
2026-06-08T10:37:58.0000000Z;40.532;40.571;1239;1239
2026-06-08T10:38:01.0000000Z;40.532;40.572;1239;1239
2026-06-08T10:38:12.0000000Z;40.532;40.571;1239;1239
2026-06-08T10:38:15.0000000Z;40.532;40.582;1239;1239
2026-06-08T10:38:17.0000000Z;40.532;40.573;1239;1239
2026-06-08T10:38:20.0000000Z;40.532;40.571;1239;1239
2026-06-08T10:38:23.0000000Z;40.53;40.57;1239;1239
2026-06-08T10:38:24.0000000Z;40.532;40.57;1239;1239
2026-06-08T10:38:26.0000000Z;40.53;40.57;1239;1239
2026-06-08T10:38:27.0000000Z;40.532;40.57;1239;1239
2026-06-08T10:38:29.0000000Z;40.531;40.57;1239;1239
2026-06-08T10:38:36.0000000Z;40.534;40.57;1239;1239
2026-06-08T10:38:37.0000000Z;40.534;40.572;1239;1239
2026-06-08T10:38:44.0000000Z;40.536;40.572;1239;1239
2026-06-08T10:39:07.0000000Z;40.533;40.572;1239;1239
2026-06-08T10:39:13.0000000Z;40.527;40.57;1239;1239
2026-06-08T10:39:14.0000000Z;40.531;40.57;1239;1239
2026-06-08T10:39:17.0000000Z;40.533;40.57;1239;1239
2026-06-08T10:39:19.0000000Z;40.533;40.572;1239;1239
2026-06-08T10:39:38.0000000Z;40.529;40.57;1239;1239
2026-06-08T10:39:39.0000000Z;40.533;40.57;1239;1239
2026-06-08T10:39:41.0000000Z;40.531;40.57;1239;1239
2026-06-08T10:39:47.0000000Z;40.531;40.57;1239;1239
2026-06-08T10:40:03.0000000Z;40.531;40.569;1239;1239
2026-06-08T10:40:04.0000000Z;40.531;40.57;1239;1239
2026-06-08T10:40:07.0000000Z;40.531;40.577;1239;1239
2026-06-08T10:40:08.0000000Z;40.531;40.575;1239;1239
2026-06-08T10:40:13.0000000Z;40.529;40.575;1239;1239
2026-06-08T10:40:15.0000000Z;40.531;40.575;1239;1239
2026-06-08T10:40:21.0000000Z;40.525;40.575;1239;1239
2026-06-08T10:40:22.0000000Z;40.531;40.575;1239;1239
2026-06-08T10:40:26.0000000Z;40.533;40.575;1239;1239
2026-06-08T10:40:27.0000000Z;40.533;40.575;1239;1239
2026-06-08T10:40:30.0000000Z;40.531;40.575;1239;1239
2026-06-08T10:40:31.0000000Z;40.528;40.575;1239;1239
2026-06-08T10:40:32.0000000Z;40.53;40.575;1239;1239
2026-06-08T10:40:37.0000000Z;40.526;40.575;1239;1239
2026-06-08T10:40:38.0000000Z;40.53;40.575;1239;1239
2026-06-08T10:40:57.0000000Z;40.531;40.575;1239;1239
2026-06-08T10:40:59.0000000Z;40.531;40.575;1239;1239
2026-06-08T10:41:01.0000000Z;40.531;40.575;1239;1239
2026-06-08T10:41:06.0000000Z;40.532;40.575;1239;1239
2026-06-08T10:41:14.0000000Z;40.53;40.573;1239;1239
2026-06-08T10:41:15.0000000Z;40.532;40.573;1239;1239
2026-06-08T10:41:18.0000000Z;40.534;40.573;1239;1239
2026-06-08T10:41:21.0000000Z;40.536;40.573;1239;1239
2026-06-08T10:41:51.0000000Z;40.536;40.573;1239;1239
2026-06-08T10:42:11.0000000Z;40.532;40.573;1239;1239
2026-06-08T10:42:21.0000000Z;40.532;40.571;1239;1239
2026-06-08T10:42:52.0000000Z;40.532;40.571;1239;1239
2026-06-08T10:43:13.0000000Z;40.532;40.572;1239;1239
2026-06-08T10:43:14.0000000Z;40.534;40.572;1239;1239
2026-06-08T10:43:44.0000000Z;40.534;40.572;1239;1239
2026-06-08T10:44:15.0000000Z;40.534;40.572;1239;1239
2026-06-08T10:44:46.0000000Z;40.528;40.572;1239;1239
2026-06-08T10:45:00.0000000Z;40.53;40.572;1239;1239
2026-06-08T10:45:06.0000000Z;40.532;40.572;1239;1239
2026-06-08T10:45:14.0000000Z;40.534;40.572;1239;1239
2026-06-08T10:45:45.0000000Z;40.534;40.572;1239;1239
2026-06-08T10:45:52.0000000Z;40.529;40.572;1239;1239
2026-06-08T10:46:23.0000000Z;40.529;40.572;1239;1239
2026-06-08T10:46:38.0000000Z;40.529;40.566;1239;1239
2026-06-08T10:46:40.0000000Z;40.524;40.566;1239;1239
2026-06-08T10:47:10.0000000Z;40.524;40.566;1239;1239
2026-06-08T10:47:41.0000000Z;40.524;40.566;1239;1239
2026-06-08T10:48:02.0000000Z;40.529;40.566;1239;1239
2026-06-08T10:48:06.0000000Z;40.529;40.565;1239;1239
2026-06-08T10:48:11.0000000Z;40.529;40.566;1239;1239
2026-06-08T10:48:19.0000000Z;40.529;40.57;1239;1239
2026-06-08T10:48:27.0000000Z;40.529;40.566;1239;1239
2026-06-08T10:48:39.0000000Z;40.531;40.567;1239;1239
2026-06-08T10:48:42.0000000Z;40.531;40.566;1239;1239
2026-06-08T10:48:45.0000000Z;40.531;40.566;1239;1239
2026-06-08T10:48:49.0000000Z;40.531;40.568;1239;1239
2026-06-08T10:49:19.0000000Z;40.531;40.568;1239;1239
2026-06-08T10:49:49.0000000Z;40.531;40.568;1239;1239
2026-06-08T10:50:03.0000000Z;40.527;40.568;1239;1239
2026-06-08T10:50:24.0000000Z;40.529;40.568;1239;1239
2026-06-08T10:50:55.0000000Z;40.529;40.568;1239;1239
2026-06-08T10:51:00.0000000Z;40.529;40.566;1239;1239
2026-06-08T10:51:01.0000000Z;40.514;40.566;1239;1239
2026-06-08T10:51:03.0000000Z;40.522;40.565;1239;1239
2026-06-08T10:51:05.0000000Z;40.522;40.563;1239;1239
2026-06-08T10:51:36.0000000Z;40.522;40.563;1239;1239
2026-06-08T10:52:07.0000000Z;40.522;40.563;1239;1239
2026-06-08T10:52:24.0000000Z;40.525;40.563;1239;1239
2026-06-08T10:52:25.0000000Z;40.525;40.566;1239;1239
2026-06-08T10:52:35.0000000Z;40.527;40.566;1239;1239
2026-06-08T10:53:06.0000000Z;40.527;40.566;1239;1239
2026-06-08T10:53:19.0000000Z;40.529;40.566;1239;1239
2026-06-08T10:53:50.0000000Z;40.529;40.566;1239;1239
2026-06-08T10:53:58.0000000Z;40.529;40.569;1239;1239
2026-06-08T10:54:00.0000000Z;40.529;40.567;1239;1239
2026-06-08T10:54:02.0000000Z;40.524;40.567;1239;1239
2026-06-08T10:54:24.0000000Z;40.524;40.563;1239;1239
2026-06-08T10:54:27.0000000Z;40.524;40.559;1239;1239
2026-06-08T10:54:54.0000000Z;40.524;40.564;1239;1239
2026-06-08T10:54:57.0000000Z;40.524;40.561;1239;1239
2026-06-08T10:55:28.0000000Z;40.524;40.561;1239;1239
2026-06-08T10:55:48.0000000Z;40.524;40.561;1239;1239
2026-06-08T10:56:02.0000000Z;40.524;40.562;1239;1239
2026-06-08T10:56:12.0000000Z;40.526;40.562;1239;1239
2026-06-08T10:56:21.0000000Z;40.526;40.561;1239;1239
2026-06-08T10:56:34.0000000Z;40.522;40.561;1239;1239
2026-06-08T10:57:04.0000000Z;40.522;40.561;1239;1239
2026-06-08T10:57:35.0000000Z;40.522;40.561;1239;1239
2026-06-08T10:58:06.0000000Z;40.522;40.561;1239;1239
2026-06-08T10:58:18.0000000Z;40.524;40.561;1239;1239
2026-06-08T10:58:19.0000000Z;40.524;40.562;1239;1239
2026-06-08T10:58:28.0000000Z;40.524;40.561;1239;1239
2026-06-08T10:58:57.0000000Z;40.524;40.56;1239;1239
2026-06-08T10:59:09.0000000Z;40.524;40.561;1239;1239
2026-06-08T10:59:31.0000000Z;40.524;40.563;1239;1239
2026-06-08T10:59:32.0000000Z;40.524;40.561;1239;1239
2026-06-08T10:59:39.0000000Z;40.524;40.562;1239;1239
2026-06-08T10:59:43.0000000Z;40.524;40.561;1239;1239
2026-06-08T11:00:14.0000000Z;40.524;40.561;1239;1239
2026-06-08T11:00:42.0000000Z;40.524;40.559;1239;1239
2026-06-08T11:00:43.0000000Z;40.519;40.557;1239;1239
2026-06-08T11:01:14.0000000Z;40.519;40.557;1239;1239
2026-06-08T11:01:24.0000000Z;40.519;40.555;1239;1239
2026-06-08T11:01:25.0000000Z;40.513;40.555;1239;1239
2026-06-08T11:01:33.0000000Z;40.513;40.553;1239;1239
2026-06-08T11:01:34.0000000Z;40.515;40.553;1239;1239
2026-06-08T11:02:04.0000000Z;40.515;40.553;1239;1239
2026-06-08T11:02:16.0000000Z;40.515;40.552;1239;1239
2026-06-08T11:02:31.0000000Z;40.515;40.551;1239;1239
2026-06-08T11:03:01.0000000Z;40.515;40.551;1239;1239
2026-06-08T11:03:16.0000000Z;40.515;40.552;1239;1239
2026-06-08T11:03:23.0000000Z;40.517;40.552;1239;1239
2026-06-08T11:03:26.0000000Z;40.517;40.554;1239;1239
2026-06-08T11:03:32.0000000Z;40.519;40.554;1239;1239
2026-06-08T11:04:03.0000000Z;40.519;40.554;1239;1239
2026-06-08T11:04:09.0000000Z;40.519;40.552;1239;1239
2026-06-08T11:04:12.0000000Z;40.513;40.551;1239;1239
2026-06-08T11:04:42.0000000Z;40.513;40.551;1239;1239
2026-06-08T11:04:48.0000000Z;40.515;40.551;1239;1239
2026-06-08T11:04:54.0000000Z;40.515;40.551;1239;1239
2026-06-08T11:04:56.0000000Z;40.515;40.553;1239;1239
2026-06-08T11:05:07.0000000Z;40.517;40.553;1239;1239
2026-06-08T11:05:12.0000000Z;40.517;40.557;1239;1239
2026-06-08T11:05:14.0000000Z;40.517;40.555;1239;1239
2026-06-08T11:05:19.0000000Z;40.517;40.554;1239;1239
2026-06-08T11:05:20.0000000Z;40.519;40.554;1239;1239
2026-06-08T11:05:22.0000000Z;40.519;40.559;1239;1239
2026-06-08T11:05:23.0000000Z;40.519;40.555;1239;1239
2026-06-08T11:05:24.0000000Z;40.519;40.555;1239;1239
2026-06-08T11:05:27.0000000Z;40.519;40.555;1239;1239
2026-06-08T11:05:28.0000000Z;40.519;40.553;1239;1239
2026-06-08T11:05:40.0000000Z;40.519;40.556;1239;1239
2026-06-08T11:05:41.0000000Z;40.519;40.554;1239;1239
2026-06-08T11:05:52.0000000Z;40.519;40.555;1239;1239
2026-06-08T11:05:53.0000000Z;40.519;40.553;1239;1239
2026-06-08T11:06:06.0000000Z;40.516;40.554;1239;1239
2026-06-08T11:06:08.0000000Z;40.516;40.553;1239;1239
2026-06-08T11:06:21.0000000Z;40.516;40.551;1239;1239
2026-06-08T11:06:45.0000000Z;40.511;40.551;1239;1239
2026-06-08T11:07:15.0000000Z;40.511;40.551;1239;1239
2026-06-08T11:07:45.0000000Z;40.511;40.551;1239;1239
2026-06-08T11:08:06.0000000Z;40.511;40.548;1239;1239
2026-06-08T11:08:29.0000000Z;40.513;40.548;1239;1239
2026-06-08T11:08:59.0000000Z;40.513;40.548;1239;1239
2026-06-08T11:09:29.0000000Z;40.513;40.548;1239;1239
2026-06-08T11:09:47.0000000Z;40.513;40.549;1239;1239
2026-06-08T11:09:51.0000000Z;40.515;40.549;1239;1239
2026-06-08T11:09:52.0000000Z;40.517;40.549;1239;1239
2026-06-08T11:09:57.0000000Z;40.517;40.553;1239;1239
2026-06-08T11:09:58.0000000Z;40.519;40.553;1239;1239
2026-06-08T11:10:07.0000000Z;40.519;40.552;1239;1239
2026-06-08T11:10:35.0000000Z;40.521;40.552;1239;1239
2026-06-08T11:10:40.0000000Z;40.521;40.553;1239;1239
2026-06-08T11:10:42.0000000Z;40.525;40.557;1239;1239
2026-06-08T11:10:44.0000000Z;40.527;40.557;1239;1239
2026-06-08T11:10:52.0000000Z;40.507;40.569;1239;1239
2026-06-08T11:10:54.0000000Z;40.507;40.574;1239;1239
2026-06-08T11:10:58.0000000Z;40.507;40.711;1239;1239
2026-06-08T11:11:02.0000000Z;40.516;40.595;1239;1239
2026-06-08T11:11:06.0000000Z;40.52;40.608;1239;1239
2026-06-08T11:11:16.0000000Z;40.514;40.608;1239;1239
2026-06-08T11:11:36.0000000Z;40.508;40.574;1239;1239
2026-06-08T11:12:07.0000000Z;40.508;40.574;1239;1239
2026-06-08T11:12:28.0000000Z;40.52;40.574;1239;1239
2026-06-08T11:12:30.0000000Z;40.52;40.578;1239;1239
2026-06-08T11:12:34.0000000Z;40.515;40.578;1239;1239
2026-06-08T11:12:49.0000000Z;40.517;40.578;1239;1239
2026-06-08T11:13:00.0000000Z;40.524;40.575;1239;1239
2026-06-08T11:13:01.0000000Z;40.524;40.573;1239;1239
2026-06-08T11:13:02.0000000Z;40.524;40.573;1239;1239
2026-06-08T11:13:12.0000000Z;40.524;40.575;1239;1239
2026-06-08T11:13:16.0000000Z;40.524;40.573;1239;1239
2026-06-08T11:13:23.0000000Z;40.524;40.571;1239;1239
2026-06-08T11:13:54.0000000Z;40.524;40.571;1239;1239
2026-06-08T11:14:05.0000000Z;40.528;40.571;1239;1239
2026-06-08T11:14:17.0000000Z;40.53;40.571;1239;1239
2026-06-08T11:14:18.0000000Z;40.53;40.573;1239;1239
2026-06-08T11:14:20.0000000Z;40.53;40.577;1239;1239
2026-06-08T11:14:28.0000000Z;40.532;40.577;1239;1239
2026-06-08T11:14:33.0000000Z;40.535;40.577;1239;1239
2026-06-08T11:14:34.0000000Z;40.537;40.588;1239;1239
2026-06-08T11:14:35.0000000Z;40.537;40.594;1239;1239
2026-06-08T11:14:36.0000000Z;40.539;40.592;1239;1239
2026-06-08T11:14:37.0000000Z;40.547;40.586;1239;1239
2026-06-08T11:14:39.0000000Z;40.547;40.585;1239;1239
2026-06-08T11:14:40.0000000Z;40.546;40.585;1239;1239
2026-06-08T11:14:42.0000000Z;40.539;40.585;1239;1239
2026-06-08T11:14:46.0000000Z;40.533;40.585;1239;1239
2026-06-08T11:14:50.0000000Z;40.535;40.585;1239;1239
2026-06-08T11:14:51.0000000Z;40.541;40.585;1239;1239
2026-06-08T11:14:56.0000000Z;40.541;40.602;1239;1239
2026-06-08T11:14:59.0000000Z;40.546;40.602;1239;1239
2026-06-08T11:15:00.0000000Z;40.546;40.61;1239;1239
2026-06-08T11:15:07.0000000Z;40.577;40.61;1239;1239
2026-06-08T11:15:08.0000000Z;40.577;40.628;1239;1239
2026-06-08T11:15:12.0000000Z;40.577;40.615;1239;1239
2026-06-08T11:15:15.0000000Z;40.577;40.609;1239;1239
2026-06-08T11:15:17.0000000Z;40.565;40.609;1239;1239
2026-06-08T11:15:21.0000000Z;40.564;40.606;1239;1239
2026-06-08T11:15:23.0000000Z;40.559;40.604;1239;1239
2026-06-08T11:15:27.0000000Z;40.56;40.599;1239;1239
2026-06-08T11:15:31.0000000Z;40.555;40.611;1239;1239
2026-06-08T11:15:33.0000000Z;40.557;40.599;1239;1239
2026-06-08T11:15:39.0000000Z;40.557;40.605;1239;1239
2026-06-08T11:15:41.0000000Z;40.556;40.605;1239;1239
2026-06-08T11:15:45.0000000Z;40.552;40.607;1239;1239
2026-06-08T11:15:47.0000000Z;40.552;40.603;1239;1239
2026-06-08T11:15:48.0000000Z;40.556;40.611;1239;1239
2026-06-08T11:15:49.0000000Z;40.556;40.603;1239;1239
2026-06-08T11:15:51.0000000Z;40.556;40.603;1239;1239
2026-06-08T11:15:54.0000000Z;40.557;40.603;1239;1239
2026-06-08T11:15:55.0000000Z;40.557;40.611;1239;1239
2026-06-08T11:15:56.0000000Z;40.557;40.605;1239;1239
2026-06-08T11:16:01.0000000Z;40.557;40.607;1239;1239
2026-06-08T11:16:05.0000000Z;40.551;40.608;1239;1239
2026-06-08T11:16:06.0000000Z;40.556;40.602;1239;1239
2026-06-08T11:16:11.0000000Z;40.556;40.6;1239;1239
2026-06-08T11:16:12.0000000Z;40.556;40.596;1239;1239
2026-06-08T11:16:15.0000000Z;40.556;40.598;1239;1239
2026-06-08T11:16:16.0000000Z;40.556;40.597;1239;1239
2026-06-08T11:16:18.0000000Z;40.556;40.596;1239;1239
2026-06-08T11:16:25.0000000Z;40.556;40.6;1239;1239
2026-06-08T11:16:38.0000000Z;40.556;40.598;1239;1239
2026-06-08T11:16:49.0000000Z;40.556;40.6;1239;1239
2026-06-08T11:16:50.0000000Z;40.556;40.598;1239;1239
2026-06-08T11:16:53.0000000Z;40.556;40.6;1239;1239
2026-06-08T11:16:55.0000000Z;40.556;40.598;1239;1239
2026-06-08T11:17:01.0000000Z;40.546;40.6;1239;1239
2026-06-08T11:17:05.0000000Z;40.546;40.598;1239;1239
2026-06-08T11:17:07.0000000Z;40.546;40.596;1239;1239
2026-06-08T11:17:08.0000000Z;40.55;40.598;1239;1239
2026-06-08T11:17:09.0000000Z;40.55;40.599;1239;1239
2026-06-08T11:17:10.0000000Z;40.55;40.597;1239;1239
2026-06-08T11:17:13.0000000Z;40.55;40.599;1239;1239
2026-06-08T11:17:18.0000000Z;40.55;40.597;1239;1239
2026-06-08T11:17:19.0000000Z;40.55;40.599;1239;1239
2026-06-08T11:17:22.0000000Z;40.55;40.603;1239;1239
2026-06-08T11:17:24.0000000Z;40.55;40.601;1239;1239
2026-06-08T11:17:27.0000000Z;40.55;40.603;1239;1239
2026-06-08T11:17:29.0000000Z;40.552;40.603;1239;1239
2026-06-08T11:17:31.0000000Z;40.552;40.605;1239;1239
2026-06-08T11:17:33.0000000Z;40.552;40.603;1239;1239
2026-06-08T11:17:37.0000000Z;40.552;40.601;1239;1239
2026-06-08T11:17:41.0000000Z;40.558;40.601;1239;1239
2026-06-08T11:17:45.0000000Z;40.558;40.605;1239;1239
2026-06-08T11:17:46.0000000Z;40.558;40.603;1239;1239
2026-06-08T11:17:47.0000000Z;40.558;40.601;1239;1239
2026-06-08T11:17:51.0000000Z;40.56;40.601;1239;1239
2026-06-08T11:17:54.0000000Z;40.56;40.607;1239;1239
2026-06-08T11:17:55.0000000Z;40.56;40.604;1239;1239
2026-06-08T11:17:58.0000000Z;40.56;40.602;1239;1239
2026-06-08T11:18:01.0000000Z;40.558;40.6;1239;1239
2026-06-08T11:18:02.0000000Z;40.559;40.601;1239;1239
2026-06-08T11:18:06.0000000Z;40.559;40.599;1239;1239
2026-06-08T11:18:07.0000000Z;40.559;40.599;1239;1239
2026-06-08T11:18:09.0000000Z;40.559;40.601;1239;1239
2026-06-08T11:18:11.0000000Z;40.559;40.599;1239;1239
2026-06-08T11:18:13.0000000Z;40.551;40.599;1239;1239
2026-06-08T11:18:15.0000000Z;40.552;40.599;1239;1239
2026-06-08T11:18:17.0000000Z;40.552;40.601;1239;1239
2026-06-08T11:18:19.0000000Z;40.551;40.601;1239;1239
2026-06-08T11:18:21.0000000Z;40.551;40.604;1239;1239
2026-06-08T11:18:22.0000000Z;40.556;40.604;1239;1239
2026-06-08T11:18:23.0000000Z;40.556;40.602;1239;1239
2026-06-08T11:18:25.0000000Z;40.556;40.602;1239;1239
2026-06-08T11:18:27.0000000Z;40.555;40.604;1239;1239
2026-06-08T11:18:28.0000000Z;40.555;40.604;1239;1239
2026-06-08T11:18:29.0000000Z;40.55;40.608;1239;1239
2026-06-08T11:18:30.0000000Z;40.553;40.602;1239;1239
2026-06-08T11:18:31.0000000Z;40.556;40.602;1239;1239
2026-06-08T11:18:33.0000000Z;40.556;40.61;1239;1239
2026-06-08T11:18:34.0000000Z;40.556;40.604;1239;1239
2026-06-08T11:18:36.0000000Z;40.556;40.602;1239;1239
2026-06-08T11:18:37.0000000Z;40.552;40.602;1239;1239
2026-06-08T11:18:39.0000000Z;40.553;40.601;1239;1239
2026-06-08T11:18:40.0000000Z;40.555;40.601;1239;1239
2026-06-08T11:18:41.0000000Z;40.555;40.602;1239;1239
2026-06-08T11:18:46.0000000Z;40.562;40.601;1239;1239
2026-06-08T11:18:49.0000000Z;40.567;40.604;1239;1239
2026-06-08T11:18:57.0000000Z;40.568;40.604;1239;1239
2026-06-08T11:19:04.0000000Z;40.569;40.603;1239;1239
2026-06-08T11:19:05.0000000Z;40.569;40.605;1239;1239
2026-06-08T11:19:08.0000000Z;40.559;40.605;1239;1239
2026-06-08T11:19:12.0000000Z;40.559;40.603;1239;1239
2026-06-08T11:19:15.0000000Z;40.561;40.601;1239;1239
2026-06-08T11:19:20.0000000Z;40.554;40.597;1239;1239
2026-06-08T11:19:24.0000000Z;40.555;40.597;1239;1239
2026-06-08T11:19:26.0000000Z;40.555;40.599;1239;1239
2026-06-08T11:19:28.0000000Z;40.555;40.601;1239;1239
2026-06-08T11:19:33.0000000Z;40.555;40.601;1239;1239
2026-06-08T11:19:34.0000000Z;40.555;40.605;1239;1239
2026-06-08T11:19:36.0000000Z;40.555;40.601;1239;1239
2026-06-08T11:19:42.0000000Z;40.555;40.603;1239;1239
2026-06-08T11:19:45.0000000Z;40.557;40.603;1239;1239
2026-06-08T11:19:46.0000000Z;40.557;40.603;1239;1239
2026-06-08T11:19:50.0000000Z;40.557;40.603;1239;1239
2026-06-08T11:19:52.0000000Z;40.557;40.605;1239;1239
2026-06-08T11:19:54.0000000Z;40.561;40.605;1239;1239
2026-06-08T11:19:58.0000000Z;40.565;40.609;1239;1239
2026-06-08T11:20:02.0000000Z;40.565;40.607;1239;1239
2026-06-08T11:20:03.0000000Z;40.565;40.609;1239;1239
2026-06-08T11:20:04.0000000Z;40.562;40.615;1239;1239
2026-06-08T11:20:05.0000000Z;40.562;40.613;1239;1239
2026-06-08T11:20:07.0000000Z;40.562;40.609;1239;1239
2026-06-08T11:20:18.0000000Z;40.563;40.616;1239;1239
2026-06-08T11:20:19.0000000Z;40.563;40.609;1239;1239
2026-06-08T11:20:25.0000000Z;40.563;40.606;1239;1239
2026-06-08T11:20:27.0000000Z;40.563;40.609;1239;1239
2026-06-08T11:20:28.0000000Z;40.563;40.606;1239;1239
2026-06-08T11:20:30.0000000Z;40.563;40.609;1239;1239
2026-06-08T11:20:34.0000000Z;40.563;40.607;1239;1239
2026-06-08T11:20:36.0000000Z;40.563;40.609;1239;1239
2026-06-08T11:20:40.0000000Z;40.563;40.608;1239;1239
2026-06-08T11:20:42.0000000Z;40.563;40.604;1239;1239
2026-06-08T11:20:47.0000000Z;40.563;40.603;1239;1239
2026-06-08T11:20:50.0000000Z;40.563;40.604;1239;1239
2026-06-08T11:20:54.0000000Z;40.563;40.606;1239;1239
2026-06-08T11:20:55.0000000Z;40.563;40.604;1239;1239
2026-06-08T11:20:57.0000000Z;40.563;40.606;1239;1239
2026-06-08T11:20:58.0000000Z;40.563;40.604;1239;1239
2026-06-08T11:21:00.0000000Z;40.563;40.606;1239;1239
2026-06-08T11:21:12.0000000Z;40.562;40.606;1239;1239
2026-06-08T11:21:18.0000000Z;40.556;40.606;1239;1239
2026-06-08T11:21:29.0000000Z;40.562;40.606;1239;1239
2026-06-08T11:21:36.0000000Z;40.574;40.614;1239;1239
2026-06-08T11:21:42.0000000Z;40.574;40.617;1239;1239
2026-06-08T11:21:43.0000000Z;40.578;40.617;1239;1239
2026-06-08T11:21:44.0000000Z;40.578;40.615;1239;1239
2026-06-08T11:21:47.0000000Z;40.578;40.613;1239;1239
2026-06-08T11:22:05.0000000Z;40.578;40.611;1239;1239
2026-06-08T11:22:06.0000000Z;40.567;40.611;1239;1239
2026-06-08T11:22:09.0000000Z;40.567;40.609;1239;1239
2026-06-08T11:22:12.0000000Z;40.566;40.609;1239;1239
2026-06-08T11:22:16.0000000Z;40.566;40.607;1239;1239
2026-06-08T11:22:18.0000000Z;40.564;40.607;1239;1239
2026-06-08T11:22:20.0000000Z;40.564;40.609;1239;1239
2026-06-08T11:22:26.0000000Z;40.555;40.609;1239;1239
2026-06-08T11:22:48.0000000Z;40.555;40.607;1239;1239
2026-06-08T11:22:53.0000000Z;40.555;40.603;1239;1239
2026-06-08T11:22:59.0000000Z;40.555;40.606;1239;1239
2026-06-08T11:23:01.0000000Z;40.555;40.604;1239;1239
2026-06-08T11:23:13.0000000Z;40.555;40.602;1239;1239
2026-06-08T11:23:44.0000000Z;40.555;40.602;1239;1239
2026-06-08T11:23:51.0000000Z;40.553;40.602;1239;1239
2026-06-08T11:23:57.0000000Z;40.552;40.602;1239;1239
2026-06-08T11:24:01.0000000Z;40.554;40.602;1239;1239
2026-06-08T11:24:32.0000000Z;40.554;40.602;1239;1239
2026-06-08T11:25:02.0000000Z;40.554;40.602;1239;1239
2026-06-08T11:25:33.0000000Z;40.554;40.602;1239;1239
2026-06-08T11:26:03.0000000Z;40.554;40.602;1239;1239
2026-06-08T11:26:12.0000000Z;40.556;40.602;1239;1239
2026-06-08T11:26:18.0000000Z;40.556;40.6;1239;1239
2026-06-08T11:26:19.0000000Z;40.555;40.6;1239;1239
2026-06-08T11:26:22.0000000Z;40.557;40.6;1239;1239
2026-06-08T11:26:52.0000000Z;40.557;40.6;1239;1239
2026-06-08T11:27:23.0000000Z;40.557;40.6;1239;1239
2026-06-08T11:27:48.0000000Z;40.556;40.6;1239;1239
2026-06-08T11:27:53.0000000Z;40.557;40.6;1239;1239
2026-06-08T11:28:13.0000000Z;40.557;40.598;1239;1239
2026-06-08T11:28:16.0000000Z;40.557;40.602;1239;1239
2026-06-08T11:28:18.0000000Z;40.557;40.599;1239;1239
2026-06-08T11:28:20.0000000Z;40.551;40.599;1239;1239
2026-06-08T11:28:23.0000000Z;40.555;40.599;1239;1239
2026-06-08T11:28:24.0000000Z;40.557;40.599;1239;1239
2026-06-08T11:28:32.0000000Z;40.557;40.597;1239;1239
2026-06-08T11:28:33.0000000Z;40.557;40.599;1239;1239
2026-06-08T11:28:34.0000000Z;40.557;40.597;1239;1239
2026-06-08T11:28:36.0000000Z;40.557;40.602;1239;1239
2026-06-08T11:28:40.0000000Z;40.559;40.602;1239;1239
2026-06-08T11:28:44.0000000Z;40.559;40.597;1239;1239
2026-06-08T11:28:46.0000000Z;40.554;40.597;1239;1239
2026-06-08T11:28:52.0000000Z;40.55;40.597;1239;1239
2026-06-08T11:28:53.0000000Z;40.554;40.597;1239;1239
2026-06-08T11:28:58.0000000Z;40.555;40.597;1239;1239
2026-06-08T11:29:22.0000000Z;40.555;40.601;1239;1239
2026-06-08T11:29:26.0000000Z;40.555;40.601;1239;1239
2026-06-08T11:29:34.0000000Z;40.557;40.601;1239;1239
2026-06-08T11:29:40.0000000Z;40.555;40.601;1239;1239
2026-06-08T11:29:41.0000000Z;40.557;40.601;1239;1239
2026-06-08T11:29:42.0000000Z;40.557;40.6;1239;1239
2026-06-08T11:29:46.0000000Z;40.557;40.598;1239;1239
2026-06-08T11:29:48.0000000Z;40.556;40.598;1239;1239
2026-06-08T11:29:52.0000000Z;40.556;40.598;1239;1239
2026-06-08T11:29:53.0000000Z;40.556;40.598;1239;1239
2026-06-08T11:30:00.0000000Z;40.556;40.602;1239;1239
2026-06-08T11:30:02.0000000Z;40.556;40.6;1239;1239
2026-06-08T11:30:16.0000000Z;40.556;40.598;1239;1239
2026-06-08T11:30:24.0000000Z;40.556;40.6;1239;1239
2026-06-08T11:30:25.0000000Z;40.558;40.6;1239;1239
2026-06-08T11:30:40.0000000Z;40.558;40.605;1239;1239
2026-06-08T11:30:41.0000000Z;40.56;40.605;1239;1239
2026-06-08T11:31:12.0000000Z;40.56;40.605;1239;1239
2026-06-08T11:31:38.0000000Z;40.559;40.605;1239;1239
2026-06-08T11:31:43.0000000Z;40.56;40.605;1239;1239
2026-06-08T11:31:57.0000000Z;40.56;40.602;1239;1239
2026-06-08T11:32:06.0000000Z;40.556;40.605;1239;1239
2026-06-08T11:32:07.0000000Z;40.556;40.604;1239;1239
2026-06-08T11:32:09.0000000Z;40.556;40.602;1239;1239
2026-06-08T11:32:14.0000000Z;40.564;40.604;1239;1239
2026-06-08T11:32:16.0000000Z;40.564;40.609;1239;1239
2026-06-08T11:32:20.0000000Z;40.564;40.608;1239;1239
2026-06-08T11:32:21.0000000Z;40.564;40.606;1239;1239
2026-06-08T11:32:27.0000000Z;40.564;40.607;1239;1239
2026-06-08T11:32:30.0000000Z;40.564;40.605;1239;1239
2026-06-08T11:32:37.0000000Z;40.564;40.605;1239;1239
2026-06-08T11:32:57.0000000Z;40.564;40.607;1239;1239
2026-06-08T11:33:00.0000000Z;40.564;40.605;1239;1239
2026-06-08T11:33:03.0000000Z;40.564;40.607;1239;1239
2026-06-08T11:33:13.0000000Z;40.563;40.607;1239;1239
2026-06-08T11:33:16.0000000Z;40.565;40.607;1239;1239
2026-06-08T11:33:21.0000000Z;40.565;40.605;1239;1239
2026-06-08T11:33:22.0000000Z;40.565;40.607;1239;1239
2026-06-08T11:33:49.0000000Z;40.565;40.609;1239;1239
2026-06-08T11:33:51.0000000Z;40.565;40.605;1239;1239
2026-06-08T11:34:01.0000000Z;40.565;40.603;1239;1239
2026-06-08T11:34:05.0000000Z;40.558;40.603;1239;1239
2026-06-08T11:34:08.0000000Z;40.564;40.603;1239;1239
2026-06-08T11:34:13.0000000Z;40.564;40.61;1239;1239
2026-06-08T11:34:28.0000000Z;40.564;40.605;1239;1239
2026-06-08T11:34:30.0000000Z;40.564;40.603;1239;1239
2026-06-08T11:34:37.0000000Z;40.564;40.605;1239;1239
2026-06-08T11:34:38.0000000Z;40.564;40.603;1239;1239
2026-06-08T11:34:47.0000000Z;40.564;40.605;1239;1239
2026-06-08T11:34:51.0000000Z;40.564;40.603;1239;1239
2026-06-08T11:34:52.0000000Z;40.564;40.605;1239;1239
2026-06-08T11:34:53.0000000Z;40.564;40.605;1239;1239
2026-06-08T11:34:55.0000000Z;40.564;40.603;1239;1239
2026-06-08T11:34:57.0000000Z;40.564;40.605;1239;1239
2026-06-08T11:35:03.0000000Z;40.562;40.605;1239;1239
2026-06-08T11:35:05.0000000Z;40.564;40.605;1239;1239
2026-06-08T11:35:08.0000000Z;40.565;40.605;1239;1239
2026-06-08T11:35:28.0000000Z;40.565;40.607;1239;1239
2026-06-08T11:35:29.0000000Z;40.558;40.605;1239;1239
2026-06-08T11:35:31.0000000Z;40.565;40.605;1239;1239
2026-06-08T11:35:49.0000000Z;40.565;40.609;1239;1239
2026-06-08T11:35:50.0000000Z;40.565;40.607;1239;1239
2026-06-08T11:35:53.0000000Z;40.565;40.609;1239;1239
2026-06-08T11:36:16.0000000Z;40.569;40.609;1239;1239
2026-06-08T11:36:30.0000000Z;40.569;40.605;1239;1239
2026-06-08T11:36:34.0000000Z;40.569;40.603;1239;1239
2026-06-08T11:36:35.0000000Z;40.569;40.605;1239;1239
2026-06-08T11:36:36.0000000Z;40.569;40.61;1239;1239
2026-06-08T11:36:37.0000000Z;40.569;40.603;1239;1239
2026-06-08T11:36:42.0000000Z;40.567;40.603;1239;1239
2026-06-08T11:36:44.0000000Z;40.567;40.605;1239;1239
2026-06-08T11:36:47.0000000Z;40.567;40.603;1239;1239
2026-06-08T11:36:50.0000000Z;40.567;40.605;1239;1239
2026-06-08T11:36:54.0000000Z;40.567;40.603;1239;1239
2026-06-08T11:36:58.0000000Z;40.567;40.602;1239;1239
2026-06-08T11:37:02.0000000Z;40.567;40.605;1239;1239
2026-06-08T11:37:18.0000000Z;40.564;40.605;1239;1239
2026-06-08T11:37:22.0000000Z;40.565;40.605;1239;1239
2026-06-08T11:37:30.0000000Z;40.565;40.607;1239;1239
2026-06-08T11:37:36.0000000Z;40.565;40.609;1239;1239
2026-06-08T11:37:37.0000000Z;40.565;40.607;1239;1239
2026-06-08T11:38:07.0000000Z;40.565;40.607;1239;1239
2026-06-08T11:38:30.0000000Z;40.566;40.607;1239;1239
2026-06-08T11:38:36.0000000Z;40.559;40.611;1239;1239
2026-06-08T11:38:37.0000000Z;40.566;40.611;1239;1239
2026-06-08T11:38:48.0000000Z;40.566;40.607;1239;1239
2026-06-08T11:38:54.0000000Z;40.566;40.614;1239;1239
2026-06-08T11:39:24.0000000Z;40.566;40.614;1239;1239
2026-06-08T11:39:32.0000000Z;40.568;40.611;1239;1239
2026-06-08T11:39:38.0000000Z;40.567;40.611;1239;1239
2026-06-08T11:39:44.0000000Z;40.567;40.609;1239;1239
2026-06-08T11:40:14.0000000Z;40.567;40.609;1239;1239
2026-06-08T11:40:26.0000000Z;40.568;40.609;1239;1239
2026-06-08T11:40:27.0000000Z;40.58;40.609;1239;1239
2026-06-08T11:40:30.0000000Z;40.58;40.607;1239;1239
2026-06-08T11:40:31.0000000Z;40.58;40.609;1239;1239
2026-06-08T11:40:59.0000000Z;40.58;40.609;1239;1239
2026-06-08T11:41:11.0000000Z;40.582;40.609;1239;1239
2026-06-08T11:41:12.0000000Z;40.582;40.611;1239;1239
2026-06-08T11:41:14.0000000Z;40.583;40.611;1239;1239
2026-06-08T11:41:18.0000000Z;40.571;40.611;1239;1239
2026-06-08T11:41:21.0000000Z;40.574;40.609;1239;1239
2026-06-08T11:41:28.0000000Z;40.569;40.609;1239;1239
2026-06-08T11:41:30.0000000Z;40.569;40.611;1239;1239
2026-06-08T11:41:32.0000000Z;40.569;40.613;1239;1239
2026-06-08T11:41:33.0000000Z;40.572;40.613;1239;1239
2026-06-08T11:41:41.0000000Z;40.572;40.611;1239;1239
2026-06-08T11:41:44.0000000Z;40.572;40.613;1239;1239
2026-06-08T11:41:45.0000000Z;40.575;40.613;1239;1239
2026-06-08T11:41:49.0000000Z;40.575;40.611;1239;1239
2026-06-08T11:41:50.0000000Z;40.567;40.611;1239;1239
2026-06-08T11:41:51.0000000Z;40.569;40.611;1239;1239
2026-06-08T11:41:55.0000000Z;40.569;40.613;1239;1239
2026-06-08T11:41:57.0000000Z;40.572;40.613;1239;1239
2026-06-08T11:42:01.0000000Z;40.572;40.618;1239;1239
2026-06-08T11:42:09.0000000Z;40.575;40.618;1239;1239
2026-06-08T11:42:15.0000000Z;40.571;40.618;1239;1239
2026-06-08T11:42:20.0000000Z;40.571;40.616;1239;1239
2026-06-08T11:42:21.0000000Z;40.574;40.614;1239;1239
2026-06-08T11:42:26.0000000Z;40.574;40.613;1239;1239
2026-06-08T11:42:29.0000000Z;40.574;40.613;1239;1239
2026-06-08T11:42:33.0000000Z;40.577;40.613;1239;1239
2026-06-08T11:42:35.0000000Z;40.577;40.615;1239;1239
2026-06-08T11:42:37.0000000Z;40.577;40.613;1239;1239
2026-06-08T11:42:43.0000000Z;40.577;40.615;1239;1239
2026-06-08T11:42:45.0000000Z;40.58;40.615;1239;1239
2026-06-08T11:42:51.0000000Z;40.58;40.617;1239;1239
2026-06-08T11:42:57.0000000Z;40.583;40.617;1239;1239
2026-06-08T11:43:09.0000000Z;40.586;40.617;1239;1239
2026-06-08T11:43:21.0000000Z;40.589;40.617;1239;1239
2026-06-08T11:43:27.0000000Z;40.589;40.616;1239;1239
2026-06-08T11:43:28.0000000Z;40.589;40.614;1239;1239
2026-06-08T11:43:30.0000000Z;40.589;40.615;1239;1239
2026-06-08T11:43:32.0000000Z;40.589;40.613;1239;1239
2026-06-08T11:43:33.0000000Z;40.579;40.613;1239;1239
2026-06-08T11:43:45.0000000Z;40.582;40.613;1239;1239
2026-06-08T11:43:57.0000000Z;40.585;40.613;1239;1239
2026-06-08T11:44:01.0000000Z;40.585;40.611;1239;1239
2026-06-08T11:44:05.0000000Z;40.568;40.611;1239;1239
2026-06-08T11:44:09.0000000Z;40.575;40.611;1239;1239
2026-06-08T11:44:13.0000000Z;40.575;40.618;1239;1239
2026-06-08T11:44:14.0000000Z;40.575;40.611;1239;1239
2026-06-08T11:44:21.0000000Z;40.578;40.611;1239;1239
2026-06-08T11:44:33.0000000Z;40.581;40.611;1239;1239
2026-06-08T11:44:34.0000000Z;40.581;40.609;1239;1239
2026-06-08T11:44:40.0000000Z;40.581;40.608;1239;1239
2026-06-08T11:44:41.0000000Z;40.581;40.609;1239;1239
2026-06-08T11:44:50.0000000Z;40.581;40.608;1239;1239
2026-06-08T11:44:53.0000000Z;40.581;40.609;1239;1239
2026-06-08T11:44:57.0000000Z;40.583;40.609;1239;1239
2026-06-08T11:44:59.0000000Z;40.583;40.611;1239;1239
2026-06-08T11:45:23.0000000Z;40.583;40.609;1239;1239
2026-06-08T11:45:27.0000000Z;40.572;40.609;1239;1239
2026-06-08T11:45:33.0000000Z;40.574;40.609;1239;1239
2026-06-08T11:45:35.0000000Z;40.574;40.611;1239;1239
2026-06-08T11:45:39.0000000Z;40.574;40.613;1239;1239
2026-06-08T11:45:42.0000000Z;40.574;40.613;1239;1239
2026-06-08T11:45:45.0000000Z;40.577;40.611;1239;1239
2026-06-08T11:45:57.0000000Z;40.58;40.618;1239;1239
2026-06-08T11:46:09.0000000Z;40.582;40.618;1239;1239
2026-06-08T11:46:32.0000000Z;40.582;40.611;1239;1239
2026-06-08T11:46:33.0000000Z;40.582;40.607;1239;1239
2026-06-08T11:46:37.0000000Z;40.571;40.607;1239;1239
2026-06-08T11:46:43.0000000Z;40.57;40.607;1239;1239
2026-06-08T11:46:45.0000000Z;40.573;40.613;1239;1239
2026-06-08T11:46:57.0000000Z;40.575;40.604;1239;1239
2026-06-08T11:47:07.0000000Z;40.575;40.603;1239;1239
2026-06-08T11:47:09.0000000Z;40.575;40.602;1239;1239
2026-06-08T11:47:13.0000000Z;40.575;40.604;1239;1239
2026-06-08T11:47:16.0000000Z;40.575;40.602;1239;1239
2026-06-08T11:47:21.0000000Z;40.575;40.604;1239;1239
2026-06-08T11:47:25.0000000Z;40.575;40.602;1239;1239
2026-06-08T11:47:27.0000000Z;40.575;40.601;1239;1239
2026-06-08T11:47:33.0000000Z;40.575;40.604;1239;1239
2026-06-08T11:47:37.0000000Z;40.563;40.604;1239;1239
2026-06-08T11:47:43.0000000Z;40.56;40.604;1239;1239
2026-06-08T11:47:44.0000000Z;40.564;40.604;1239;1239
2026-06-08T11:47:45.0000000Z;40.567;40.604;1239;1239
2026-06-08T11:47:48.0000000Z;40.567;40.603;1239;1239
2026-06-08T11:47:57.0000000Z;40.57;40.603;1239;1239
2026-06-08T11:48:09.0000000Z;40.573;40.603;1239;1239
2026-06-08T11:48:15.0000000Z;40.565;40.603;1239;1239
2026-06-08T11:48:21.0000000Z;40.568;40.603;1239;1239
2026-06-08T11:48:29.0000000Z;40.568;40.601;1239;1239
2026-06-08T11:48:34.0000000Z;40.571;40.601;1239;1239
2026-06-08T11:48:40.0000000Z;40.564;40.601;1239;1239
2026-06-08T11:48:46.0000000Z;40.564;40.601;1239;1239
2026-06-08T11:48:48.0000000Z;40.564;40.599;1239;1239
2026-06-08T11:48:54.0000000Z;40.562;40.599;1239;1239
2026-06-08T11:48:57.0000000Z;40.565;40.599;1239;1239
2026-06-08T11:49:09.0000000Z;40.568;40.599;1239;1239
2026-06-08T11:49:16.0000000Z;40.568;40.603;1239;1239
2026-06-08T11:49:21.0000000Z;40.571;40.603;1239;1239
2026-06-08T11:49:24.0000000Z;40.571;40.601;1239;1239
2026-06-08T11:49:33.0000000Z;40.574;40.601;1239;1239
2026-06-08T11:49:36.0000000Z;40.574;40.603;1239;1239
2026-06-08T11:49:38.0000000Z;40.574;40.602;1239;1239
2026-06-08T11:49:40.0000000Z;40.574;40.601;1239;1239
2026-06-08T11:49:58.0000000Z;40.576;40.601;1239;1239
2026-06-08T11:50:00.0000000Z;40.576;40.603;1239;1239
2026-06-08T11:50:06.0000000Z;40.576;40.605;1239;1239
2026-06-08T11:50:18.0000000Z;40.576;40.603;1239;1239
2026-06-08T11:50:32.0000000Z;40.576;40.601;1239;1239
2026-06-08T11:50:34.0000000Z;40.562;40.601;1239;1239
2026-06-08T11:50:38.0000000Z;40.562;40.608;1239;1239
2026-06-08T11:50:45.0000000Z;40.565;40.608;1239;1239
2026-06-08T11:50:52.0000000Z;40.563;40.608;1239;1239
2026-06-08T11:50:58.0000000Z;40.566;40.608;1239;1239
2026-06-08T11:51:04.0000000Z;40.563;40.608;1239;1239
2026-06-08T11:51:09.0000000Z;40.566;40.608;1239;1239
2026-06-08T11:51:18.0000000Z;40.566;40.606;1239;1239
2026-06-08T11:51:19.0000000Z;40.566;40.604;1239;1239
2026-06-08T11:51:21.0000000Z;40.569;40.604;1239;1239
2026-06-08T11:51:33.0000000Z;40.572;40.604;1239;1239
2026-06-08T11:51:45.0000000Z;40.575;40.604;1239;1239
2026-06-08T11:51:47.0000000Z;40.575;40.602;1239;1239
2026-06-08T11:51:51.0000000Z;40.558;40.602;1239;1239
2026-06-08T11:51:55.0000000Z;40.564;40.602;1239;1239
2026-06-08T11:51:56.0000000Z;40.564;40.6;1239;1239
2026-06-08T11:51:57.0000000Z;40.567;40.598;1239;1239
2026-06-08T11:52:09.0000000Z;40.57;40.598;1239;1239
2026-06-08T11:52:21.0000000Z;40.573;40.598;1239;1239
2026-06-08T11:52:40.0000000Z;40.575;40.598;1239;1239
2026-06-08T11:52:41.0000000Z;40.575;40.602;1239;1239
2026-06-08T11:52:47.0000000Z;40.563;40.602;1239;1239
2026-06-08T11:52:53.0000000Z;40.562;40.602;1239;1239
2026-06-08T11:52:55.0000000Z;40.562;40.604;1239;1239
2026-06-08T11:52:57.0000000Z;40.565;40.604;1239;1239
2026-06-08T11:53:09.0000000Z;40.568;40.604;1239;1239
2026-06-08T11:53:15.0000000Z;40.568;40.602;1239;1239
2026-06-08T11:53:21.0000000Z;40.571;40.602;1239;1239
2026-06-08T11:53:29.0000000Z;40.563;40.602;1239;1239
2026-06-08T11:53:33.0000000Z;40.566;40.602;1239;1239
2026-06-08T11:53:45.0000000Z;40.569;40.604;1239;1239
2026-06-08T11:53:46.0000000Z;40.569;40.602;1239;1239
2026-06-08T11:53:47.0000000Z;40.569;40.604;1239;1239
2026-06-08T11:53:51.0000000Z;40.563;40.604;1239;1239
2026-06-08T11:53:58.0000000Z;40.565;40.604;1239;1239
2026-06-08T11:54:11.0000000Z;40.568;40.604;1239;1239
2026-06-08T11:54:21.0000000Z;40.571;40.604;1239;1239
2026-06-08T11:54:33.0000000Z;40.566;40.604;1239;1239
2026-06-08T11:54:41.0000000Z;40.566;40.606;1239;1239
2026-06-08T11:54:43.0000000Z;40.566;40.604;1239;1239
2026-06-08T11:54:45.0000000Z;40.569;40.604;1239;1239
2026-06-08T11:54:51.0000000Z;40.563;40.604;1239;1239
2026-06-08T11:54:53.0000000Z;40.563;40.606;1239;1239
2026-06-08T11:54:57.0000000Z;40.563;40.604;1239;1239
2026-06-08T11:55:01.0000000Z;40.563;40.606;1239;1239
2026-06-08T11:55:09.0000000Z;40.566;40.606;1239;1239
2026-06-08T11:55:12.0000000Z;40.566;40.604;1239;1239
2026-06-08T11:55:13.0000000Z;40.566;40.604;1239;1239
2026-06-08T11:55:15.0000000Z;40.566;40.606;1239;1239
2026-06-08T11:55:19.0000000Z;40.566;40.609;1239;1239
2026-06-08T11:55:20.0000000Z;40.566;40.606;1239;1239
2026-06-08T11:55:21.0000000Z;40.569;40.606;1239;1239
2026-06-08T11:55:23.0000000Z;40.569;40.608;1239;1239
2026-06-08T11:55:26.0000000Z;40.569;40.606;1239;1239
2026-06-08T11:55:32.0000000Z;40.569;40.613;1239;1239
2026-06-08T11:55:33.0000000Z;40.572;40.613;1239;1239
2026-06-08T11:55:40.0000000Z;40.565;40.613;1239;1239
2026-06-08T11:55:46.0000000Z;40.568;40.613;1239;1239
2026-06-08T11:55:52.0000000Z;40.565;40.613;1239;1239
2026-06-08T11:55:57.0000000Z;40.568;40.613;1239;1239
2026-06-08T11:56:09.0000000Z;40.571;40.613;1239;1239
2026-06-08T11:56:21.0000000Z;40.574;40.613;1239;1239
2026-06-08T11:56:33.0000000Z;40.577;40.608;1239;1239
2026-06-08T11:56:40.0000000Z;40.568;40.608;1239;1239
2026-06-08T11:56:45.0000000Z;40.571;40.608;1239;1239
2026-06-08T11:56:57.0000000Z;40.574;40.608;1239;1239
2026-06-08T11:57:10.0000000Z;40.577;40.608;1239;1239
2026-06-08T11:57:15.0000000Z;40.577;40.606;1239;1239
2026-06-08T11:57:28.0000000Z;40.579;40.606;1239;1239
2026-06-08T11:57:30.0000000Z;40.579;40.606;1239;1239
2026-06-08T11:57:36.0000000Z;40.579;40.605;1239;1239
2026-06-08T11:57:37.0000000Z;40.579;40.604;1239;1239
2026-06-08T11:57:42.0000000Z;40.579;40.606;1239;1239
2026-06-08T11:57:43.0000000Z;40.579;40.604;1239;1239
2026-06-08T11:57:46.0000000Z;40.579;40.606;1239;1239
2026-06-08T11:57:47.0000000Z;40.579;40.604;1239;1239
2026-06-08T11:57:53.0000000Z;40.579;40.606;1239;1239
2026-06-08T11:58:02.0000000Z;40.579;40.608;1239;1239
2026-06-08T11:58:28.0000000Z;40.56;40.608;1239;1239
2026-06-08T11:58:29.0000000Z;40.568;40.608;1239;1239
2026-06-08T11:58:33.0000000Z;40.571;40.608;1239;1239
2026-06-08T11:58:42.0000000Z;40.571;40.606;1239;1239
2026-06-08T11:58:44.0000000Z;40.571;40.608;1239;1239
2026-06-08T11:58:45.0000000Z;40.574;40.608;1239;1239
2026-06-08T11:58:57.0000000Z;40.577;40.608;1239;1239
2026-06-08T11:58:58.0000000Z;40.577;40.606;1239;1239
2026-06-08T11:59:00.0000000Z;40.577;40.608;1239;1239
2026-06-08T11:59:01.0000000Z;40.577;40.606;1239;1239
2026-06-08T11:59:02.0000000Z;40.577;40.608;1239;1239
2026-06-08T11:59:04.0000000Z;40.577;40.606;1239;1239
2026-06-08T11:59:05.0000000Z;40.577;40.604;1239;1239
2026-06-08T11:59:16.0000000Z;40.577;40.61;1239;1239
2026-06-08T11:59:17.0000000Z;40.577;40.606;1239;1239
2026-06-08T11:59:19.0000000Z;40.577;40.604;1239;1239
2026-06-08T11:59:22.0000000Z;40.577;40.606;1239;1239
2026-06-08T11:59:31.0000000Z;40.579;40.606;1239;1239
2026-06-08T11:59:32.0000000Z;40.579;40.608;1239;1239
2026-06-08T11:59:36.0000000Z;40.579;40.608;1239;1239
2026-06-08T11:59:44.0000000Z;40.579;40.606;1239;1239
2026-06-08T11:59:46.0000000Z;40.579;40.608;1239;1239
2026-06-08T11:59:58.0000000Z;40.579;40.606;1239;1239
2026-06-08T11:59:59.0000000Z;40.579;40.604;1239;1239
2026-06-08T12:00:02.0000000Z;40.566;40.602;1239;1239
2026-06-08T12:00:05.0000000Z;40.566;40.604;1239;1239
2026-06-08T12:00:06.0000000Z;40.566;40.602;1239;1239
2026-06-08T12:00:07.0000000Z;40.561;40.602;1239;1239
2026-06-08T12:00:09.0000000Z;40.564;40.602;1239;1239
2026-06-08T12:00:13.0000000Z;40.564;40.604;1239;1239
2026-06-08T12:00:17.0000000Z;40.564;40.602;1239;1239
2026-06-08T12:00:19.0000000Z;40.564;40.604;1239;1239
2026-06-08T12:00:21.0000000Z;40.567;40.602;1239;1239
2026-06-08T12:00:25.0000000Z;40.567;40.604;1239;1239
2026-06-08T12:00:29.0000000Z;40.567;40.605;1239;1239
2026-06-08T12:00:30.0000000Z;40.567;40.603;1239;1239
2026-06-08T12:00:31.0000000Z;40.567;40.603;1239;1239
2026-06-08T12:00:33.0000000Z;40.57;40.604;1239;1239
2026-06-08T12:00:39.0000000Z;40.57;40.605;1239;1239
2026-06-08T12:00:41.0000000Z;40.57;40.606;1239;1239
2026-06-08T12:00:45.0000000Z;40.573;40.606;1239;1239
2026-06-08T12:00:48.0000000Z;40.573;40.604;1239;1239
2026-06-08T12:00:53.0000000Z;40.564;40.604;1239;1239
2026-06-08T12:00:57.0000000Z;40.567;40.604;1239;1239
2026-06-08T12:01:03.0000000Z;40.567;40.606;1239;1239
2026-06-08T12:01:07.0000000Z;40.567;40.604;1239;1239
2026-06-08T12:01:09.0000000Z;40.57;40.604;1239;1239
2026-06-08T12:01:14.0000000Z;40.57;40.606;1239;1239
2026-06-08T12:01:21.0000000Z;40.573;40.606;1239;1239
2026-06-08T12:01:28.0000000Z;40.573;40.604;1239;1239
2026-06-08T12:01:34.0000000Z;40.576;40.604;1239;1239
2026-06-08T12:01:41.0000000Z;40.576;40.603;1239;1239
2026-06-08T12:01:44.0000000Z;40.576;40.602;1239;1239
2026-06-08T12:01:45.0000000Z;40.558;40.602;1239;1239
2026-06-08T12:01:46.0000000Z;40.563;40.602;1239;1239
2026-06-08T12:01:47.0000000Z;40.563;40.602;1239;1239
2026-06-08T12:01:49.0000000Z;40.563;40.602;1239;1239
2026-06-08T12:01:51.0000000Z;40.563;40.604;1239;1239
2026-06-08T12:01:52.0000000Z;40.563;40.602;1239;1239
2026-06-08T12:01:57.0000000Z;40.566;40.602;1239;1239
2026-06-08T12:02:09.0000000Z;40.569;40.602;1239;1239
2026-06-08T12:02:11.0000000Z;40.569;40.604;1239;1239
2026-06-08T12:02:23.0000000Z;40.572;40.604;1239;1239
2026-06-08T12:02:27.0000000Z;40.572;40.602;1239;1239
2026-06-08T12:02:28.0000000Z;40.572;40.604;1239;1239
2026-06-08T12:02:33.0000000Z;40.572;40.602;1239;1239
2026-06-08T12:02:34.0000000Z;40.574;40.602;1239;1239
2026-06-08T12:03:00.0000000Z;40.576;40.602;1239;1239
2026-06-08T12:03:01.0000000Z;40.576;40.606;1239;1239
2026-06-08T12:03:02.0000000Z;40.576;40.604;1239;1239
2026-06-08T12:03:24.0000000Z;40.563;40.604;1239;1239
2026-06-08T12:03:33.0000000Z;40.566;40.604;1239;1239
2026-06-08T12:03:45.0000000Z;40.569;40.604;1239;1239
2026-06-08T12:03:56.0000000Z;40.569;40.6;1239;1239
2026-06-08T12:03:57.0000000Z;40.572;40.6;1239;1239
2026-06-08T12:04:00.0000000Z;40.572;40.601;1239;1239
2026-06-08T12:04:04.0000000Z;40.572;40.609;1239;1239
2026-06-08T12:04:09.0000000Z;40.574;40.609;1239;1239
2026-06-08T12:04:35.0000000Z;40.576;40.609;1239;1239
2026-06-08T12:04:52.0000000Z;40.562;40.609;1239;1239
2026-06-08T12:04:57.0000000Z;40.563;40.602;1239;1239
2026-06-08T12:05:01.0000000Z;40.563;40.602;1239;1239
2026-06-08T12:05:04.0000000Z;40.561;40.602;1239;1239
2026-06-08T12:05:09.0000000Z;40.564;40.602;1239;1239
2026-06-08T12:05:12.0000000Z;40.564;40.6;1239;1239
2026-06-08T12:05:22.0000000Z;40.567;40.6;1239;1239
2026-06-08T12:05:28.0000000Z;40.567;40.598;1239;1239
2026-06-08T12:05:30.0000000Z;40.567;40.596;1239;1239
2026-06-08T12:05:32.0000000Z;40.562;40.596;1239;1239
2026-06-08T12:05:34.0000000Z;40.565;40.596;1239;1239
2026-06-08T12:05:45.0000000Z;40.565;40.596;1239;1239
2026-06-08T12:05:46.0000000Z;40.565;40.595;1239;1239
2026-06-08T12:05:47.0000000Z;40.565;40.594;1239;1239
2026-06-08T12:05:50.0000000Z;40.565;40.595;1239;1239
2026-06-08T12:05:57.0000000Z;40.565;40.592;1239;1239
2026-06-08T12:06:02.0000000Z;40.556;40.592;1239;1239
2026-06-08T12:06:08.0000000Z;40.549;40.592;1239;1239
2026-06-08T12:06:09.0000000Z;40.556;40.592;1239;1239
2026-06-08T12:06:21.0000000Z;40.559;40.592;1239;1239
2026-06-08T12:06:22.0000000Z;40.559;40.59;1239;1239
2026-06-08T12:06:23.0000000Z;40.559;40.591;1239;1239
2026-06-08T12:06:25.0000000Z;40.559;40.59;1239;1239
2026-06-08T12:06:26.0000000Z;40.559;40.596;1239;1239
2026-06-08T12:06:27.0000000Z;40.559;40.591;1239;1239
2026-06-08T12:06:33.0000000Z;40.562;40.591;1239;1239
2026-06-08T12:06:40.0000000Z;40.562;40.595;1239;1239
2026-06-08T12:06:44.0000000Z;40.562;40.593;1239;1239
2026-06-08T12:06:45.0000000Z;40.562;40.591;1239;1239
2026-06-08T12:06:47.0000000Z;40.562;40.59;1239;1239
2026-06-08T12:06:50.0000000Z;40.562;40.591;1239;1239
2026-06-08T12:06:54.0000000Z;40.562;40.59;1239;1239
2026-06-08T12:07:09.0000000Z;40.562;40.589;1239;1239
2026-06-08T12:07:11.0000000Z;40.558;40.589;1239;1239
2026-06-08T12:07:13.0000000Z;40.558;40.588;1239;1239
2026-06-08T12:07:17.0000000Z;40.558;40.589;1239;1239
2026-06-08T12:07:21.0000000Z;40.561;40.589;1239;1239
2026-06-08T12:07:31.0000000Z;40.563;40.589;1239;1239
2026-06-08T12:07:41.0000000Z;40.565;40.589;1239;1239
2026-06-08T12:07:47.0000000Z;40.549;40.589;1239;1239
2026-06-08T12:07:49.0000000Z;40.549;40.593;1239;1239
2026-06-08T12:07:51.0000000Z;40.551;40.593;1239;1239
2026-06-08T12:07:59.0000000Z;40.55;40.593;1239;1239
2026-06-08T12:08:01.0000000Z;40.55;40.595;1239;1239
2026-06-08T12:08:07.0000000Z;40.55;40.593;1239;1239
2026-06-08T12:08:09.0000000Z;40.552;40.593;1239;1239
2026-06-08T12:08:10.0000000Z;40.553;40.593;1239;1239
2026-06-08T12:08:13.0000000Z;40.553;40.593;1239;1239
2026-06-08T12:08:19.0000000Z;40.553;40.595;1239;1239
2026-06-08T12:08:21.0000000Z;40.556;40.595;1239;1239
2026-06-08T12:08:33.0000000Z;40.559;40.595;1239;1239
2026-06-08T12:08:41.0000000Z;40.554;40.595;1239;1239
2026-06-08T12:08:45.0000000Z;40.557;40.595;1239;1239
2026-06-08T12:08:50.0000000Z;40.557;40.593;1239;1239
2026-06-08T12:08:53.0000000Z;40.554;40.593;1239;1239
2026-06-08T12:08:57.0000000Z;40.558;40.593;1239;1239
2026-06-08T12:09:09.0000000Z;40.561;40.593;1239;1239
2026-06-08T12:09:21.0000000Z;40.564;40.593;1239;1239
2026-06-08T12:09:33.0000000Z;40.564;40.592;1239;1239
2026-06-08T12:09:35.0000000Z;40.564;40.593;1239;1239
2026-06-08T12:09:45.0000000Z;40.565;40.593;1239;1239
2026-06-08T12:09:46.0000000Z;40.566;40.593;1239;1239
2026-06-08T12:10:16.0000000Z;40.566;40.593;1239;1239
2026-06-08T12:10:37.0000000Z;40.566;40.6;1239;1239
2026-06-08T12:10:54.0000000Z;40.554;40.592;1239;1239
2026-06-08T12:10:57.0000000Z;40.557;40.592;1239;1239
2026-06-08T12:11:09.0000000Z;40.56;40.592;1239;1239
2026-06-08T12:11:14.0000000Z;40.56;40.59;1239;1239
2026-06-08T12:11:16.0000000Z;40.56;40.587;1239;1239
2026-06-08T12:11:19.0000000Z;40.56;40.583;1239;1239
2026-06-08T12:11:21.0000000Z;40.546;40.583;1239;1239
2026-06-08T12:11:26.0000000Z;40.546;40.584;1239;1239
2026-06-08T12:11:33.0000000Z;40.549;40.584;1239;1239
2026-06-08T12:11:42.0000000Z;40.549;40.586;1239;1239
2026-06-08T12:11:45.0000000Z;40.552;40.586;1239;1239
2026-06-08T12:11:49.0000000Z;40.552;40.584;1239;1239
2026-06-08T12:11:54.0000000Z;40.552;40.586;1239;1239
2026-06-08T12:11:57.0000000Z;40.555;40.586;1239;1239
2026-06-08T12:12:04.0000000Z;40.544;40.586;1239;1239
2026-06-08T12:12:09.0000000Z;40.547;40.586;1239;1239
2026-06-08T12:12:16.0000000Z;40.541;40.586;1239;1239
2026-06-08T12:12:21.0000000Z;40.544;40.586;1239;1239
2026-06-08T12:12:33.0000000Z;40.547;40.586;1239;1239
2026-06-08T12:12:42.0000000Z;40.547;40.588;1239;1239
2026-06-08T12:12:45.0000000Z;40.55;40.588;1239;1239
2026-06-08T12:12:55.0000000Z;40.55;40.586;1239;1239
2026-06-08T12:12:57.0000000Z;40.553;40.586;1239;1239
2026-06-08T12:12:58.0000000Z;40.553;40.588;1239;1239
2026-06-08T12:13:04.0000000Z;40.542;40.588;1239;1239
2026-06-08T12:13:09.0000000Z;40.545;40.588;1239;1239
2026-06-08T12:13:21.0000000Z;40.548;40.588;1239;1239
2026-06-08T12:13:33.0000000Z;40.551;40.588;1239;1239
2026-06-08T12:13:37.0000000Z;40.551;40.586;1239;1239
2026-06-08T12:13:40.0000000Z;40.551;40.588;1239;1239
2026-06-08T12:13:45.0000000Z;40.554;40.588;1239;1239
2026-06-08T12:13:54.0000000Z;40.554;40.586;1239;1239
2026-06-08T12:13:56.0000000Z;40.554;40.584;1239;1239
2026-06-08T12:14:00.0000000Z;40.542;40.591;1239;1239
2026-06-08T12:14:05.0000000Z;40.543;40.591;1239;1239
2026-06-08T12:14:09.0000000Z;40.546;40.584;1239;1239
2026-06-08T12:14:11.0000000Z;40.546;40.582;1239;1239
2026-06-08T12:14:14.0000000Z;40.546;40.584;1239;1239
2026-06-08T12:14:17.0000000Z;40.546;40.582;1239;1239
2026-06-08T12:14:21.0000000Z;40.549;40.582;1239;1239
2026-06-08T12:14:33.0000000Z;40.552;40.582;1239;1239
2026-06-08T12:14:37.0000000Z;40.552;40.58;1239;1239
2026-06-08T12:15:07.0000000Z;40.552;40.58;1239;1239
2026-06-08T12:15:21.0000000Z;40.552;40.58;1239;1239
2026-06-08T12:15:25.0000000Z;40.541;40.58;1239;1239
2026-06-08T12:15:33.0000000Z;40.544;40.58;1239;1239
2026-06-08T12:15:45.0000000Z;40.547;40.58;1239;1239
2026-06-08T12:15:50.0000000Z;40.547;40.576;1239;1239
2026-06-08T12:15:56.0000000Z;40.547;40.582;1239;1239
2026-06-08T12:15:59.0000000Z;40.547;40.577;1239;1239
2026-06-08T12:16:05.0000000Z;40.549;40.577;1239;1239
2026-06-08T12:16:06.0000000Z;40.549;40.582;1239;1239
2026-06-08T12:16:07.0000000Z;40.549;40.579;1239;1239
2026-06-08T12:16:14.0000000Z;40.551;40.579;1239;1239
2026-06-08T12:16:44.0000000Z;40.551;40.579;1239;1239
2026-06-08T12:17:02.0000000Z;40.551;40.577;1239;1239
2026-06-08T12:17:08.0000000Z;40.539;40.577;1239;1239
2026-06-08T12:17:09.0000000Z;40.542;40.577;1239;1239
2026-06-08T12:17:10.0000000Z;40.542;40.577;1239;1239
2026-06-08T12:17:11.0000000Z;40.542;40.579;1239;1239
2026-06-08T12:17:21.0000000Z;40.545;40.579;1239;1239
2026-06-08T12:17:33.0000000Z;40.548;40.579;1239;1239
2026-06-08T12:17:38.0000000Z;40.54;40.579;1239;1239
2026-06-08T12:17:45.0000000Z;40.543;40.579;1239;1239
2026-06-08T12:17:57.0000000Z;40.546;40.579;1239;1239
2026-06-08T12:18:02.0000000Z;40.526;40.579;1239;1239
2026-06-08T12:18:03.0000000Z;40.539;40.579;1239;1239
2026-06-08T12:18:09.0000000Z;40.542;40.579;1239;1239
2026-06-08T12:18:21.0000000Z;40.545;40.579;1239;1239
2026-06-08T12:18:33.0000000Z;40.548;40.579;1239;1239
2026-06-08T12:18:46.0000000Z;40.55;40.579;1239;1239
2026-06-08T12:19:16.0000000Z;40.552;40.579;1239;1239
2026-06-08T12:19:29.0000000Z;40.552;40.586;1239;1239
2026-06-08T12:19:59.0000000Z;40.552;40.586;1239;1239
2026-06-08T12:20:04.0000000Z;40.554;40.586;1239;1239
2026-06-08T12:20:10.0000000Z;40.554;40.584;1239;1239
2026-06-08T12:20:21.0000000Z;40.554;40.584;1239;1239
2026-06-08T12:20:22.0000000Z;40.556;40.586;1239;1239
2026-06-08T12:20:28.0000000Z;40.558;40.586;1239;1239
2026-06-08T12:20:32.0000000Z;40.56;40.586;1239;1239
2026-06-08T12:20:39.0000000Z;40.562;40.589;1239;1239
2026-06-08T12:20:45.0000000Z;40.544;40.589;1239;1239
2026-06-08T12:20:46.0000000Z;40.549;40.589;1239;1239
2026-06-08T12:20:57.0000000Z;40.552;40.589;1239;1239
2026-06-08T12:21:07.0000000Z;40.552;40.595;1239;1239
2026-06-08T12:21:09.0000000Z;40.552;40.593;1239;1239
2026-06-08T12:21:10.0000000Z;40.555;40.593;1239;1239
2026-06-08T12:21:21.0000000Z;40.558;40.593;1239;1239
2026-06-08T12:21:33.0000000Z;40.561;40.593;1239;1239
2026-06-08T12:21:36.0000000Z;40.561;40.591;1239;1239
2026-06-08T12:21:40.0000000Z;40.561;40.589;1239;1239
2026-06-08T12:21:41.0000000Z;40.553;40.589;1239;1239
2026-06-08T12:21:45.0000000Z;40.556;40.589;1239;1239
2026-06-08T12:21:47.0000000Z;40.556;40.589;1239;1239
2026-06-08T12:21:49.0000000Z;40.556;40.591;1239;1239
2026-06-08T12:21:53.0000000Z;40.556;40.593;1239;1239
2026-06-08T12:21:56.0000000Z;40.556;40.589;1239;1239
2026-06-08T12:21:57.0000000Z;40.559;40.589;1239;1239
2026-06-08T12:22:26.0000000Z;40.561;40.589;1239;1239
2026-06-08T12:22:28.0000000Z;40.563;40.589;1239;1239
2026-06-08T12:22:29.0000000Z;40.563;40.591;1239;1239
2026-06-08T12:22:33.0000000Z;40.565;40.595;1239;1239
2026-06-08T12:22:34.0000000Z;40.565;40.593;1239;1239
2026-06-08T12:22:37.0000000Z;40.565;40.595;1239;1239
2026-06-08T12:22:45.0000000Z;40.567;40.595;1239;1239
2026-06-08T12:22:56.0000000Z;40.567;40.6;1239;1239
2026-06-08T12:22:57.0000000Z;40.57;40.6;1239;1239
2026-06-08T12:23:00.0000000Z;40.57;40.601;1239;1239
2026-06-08T12:23:06.0000000Z;40.57;40.6;1239;1239
2026-06-08T12:23:07.0000000Z;40.57;40.601;1239;1239
2026-06-08T12:23:08.0000000Z;40.57;40.6;1239;1239
2026-06-08T12:23:09.0000000Z;40.57;40.599;1239;1239
2026-06-08T12:23:17.0000000Z;40.57;40.597;1239;1239
2026-06-08T12:23:25.0000000Z;40.57;40.596;1239;1239
2026-06-08T12:23:27.0000000Z;40.57;40.597;1239;1239
2026-06-08T12:23:28.0000000Z;40.557;40.597;1239;1239
2026-06-08T12:23:31.0000000Z;40.557;40.596;1239;1239
2026-06-08T12:23:32.0000000Z;40.556;40.596;1239;1239
2026-06-08T12:23:33.0000000Z;40.559;40.596;1239;1239
2026-06-08T12:23:36.0000000Z;40.559;40.597;1239;1239
2026-06-08T12:23:45.0000000Z;40.562;40.597;1239;1239
2026-06-08T12:23:57.0000000Z;40.565;40.597;1239;1239
2026-06-08T12:24:14.0000000Z;40.568;40.597;1239;1239
2026-06-08T12:24:39.0000000Z;40.57;40.597;1239;1239
2026-06-08T12:24:40.0000000Z;40.57;40.602;1239;1239
2026-06-08T12:24:44.0000000Z;40.572;40.602;1239;1239
2026-06-08T12:24:46.0000000Z;40.572;40.607;1239;1239
2026-06-08T12:25:01.0000000Z;40.574;40.607;1239;1239
2026-06-08T12:25:14.0000000Z;40.557;40.607;1239;1239
2026-06-08T12:25:18.0000000Z;40.556;40.607;1239;1239
2026-06-08T12:25:22.0000000Z;40.559;40.607;1239;1239
2026-06-08T12:25:33.0000000Z;40.562;40.607;1239;1239
2026-06-08T12:25:45.0000000Z;40.565;40.607;1239;1239
2026-06-08T12:25:57.0000000Z;40.568;40.607;1239;1239
2026-06-08T12:26:27.0000000Z;40.568;40.607;1239;1239
2026-06-08T12:26:35.0000000Z;40.568;40.603;1239;1239
2026-06-08T12:27:06.0000000Z;40.568;40.603;1239;1239
2026-06-08T12:27:08.0000000Z;40.568;40.601;1239;1239
2026-06-08T12:27:10.0000000Z;40.56;40.593;1239;1239
2026-06-08T12:27:15.0000000Z;40.56;40.591;1239;1239
2026-06-08T12:27:19.0000000Z;40.56;40.592;1239;1239
2026-06-08T12:27:20.0000000Z;40.56;40.594;1239;1239
2026-06-08T12:27:21.0000000Z;40.562;40.592;1239;1239
2026-06-08T12:27:43.0000000Z;40.564;40.592;1239;1239
2026-06-08T12:28:00.0000000Z;40.566;40.592;1239;1239
2026-06-08T12:28:30.0000000Z;40.566;40.592;1239;1239
2026-06-08T12:29:01.0000000Z;40.55;40.599;1239;1239
2026-06-08T12:29:09.0000000Z;40.551;40.599;1239;1239
2026-06-08T12:29:21.0000000Z;40.554;40.599;1239;1239
2026-06-08T12:29:24.0000000Z;40.554;40.597;1239;1239
2026-06-08T12:29:33.0000000Z;40.557;40.597;1239;1239
2026-06-08T12:29:45.0000000Z;40.56;40.597;1239;1239
2026-06-08T12:29:49.0000000Z;40.56;40.599;1239;1239
2026-06-08T12:29:57.0000000Z;40.563;40.599;1239;1239
2026-06-08T12:30:09.0000000Z;40.566;40.599;1239;1239
2026-06-08T12:30:13.0000000Z;40.566;40.601;1239;1239
2026-06-08T12:30:17.0000000Z;40.566;40.602;1239;1239
2026-06-08T12:30:18.0000000Z;40.566;40.6;1239;1239
2026-06-08T12:30:21.0000000Z;40.569;40.598;1239;1239
2026-06-08T12:30:22.0000000Z;40.569;40.6;1239;1239
2026-06-08T12:30:26.0000000Z;40.569;40.598;1239;1239
2026-06-08T12:30:33.0000000Z;40.569;40.598;1239;1239
2026-06-08T12:30:48.0000000Z;40.569;40.596;1239;1239
2026-06-08T12:31:01.0000000Z;40.569;40.598;1239;1239
2026-06-08T12:31:11.0000000Z;40.569;40.605;1239;1239
2026-06-08T12:31:40.0000000Z;40.569;40.597;1239;1239
2026-06-08T12:31:41.0000000Z;40.561;40.594;1239;1239
2026-06-08T12:31:42.0000000Z;40.561;40.593;1239;1239
2026-06-08T12:31:45.0000000Z;40.557;40.593;1239;1239
2026-06-08T12:31:47.0000000Z;40.557;40.601;1239;1239
2026-06-08T12:31:57.0000000Z;40.56;40.601;1239;1239
2026-06-08T12:32:09.0000000Z;40.563;40.601;1239;1239
2026-06-08T12:32:19.0000000Z;40.563;40.598;1239;1239
2026-06-08T12:32:20.0000000Z;40.555;40.598;1239;1239
2026-06-08T12:32:21.0000000Z;40.558;40.598;1239;1239
2026-06-08T12:32:33.0000000Z;40.561;40.598;1239;1239
2026-06-08T12:32:37.0000000Z;40.561;40.596;1239;1239
2026-06-08T12:32:42.0000000Z;40.561;40.598;1239;1239
2026-06-08T12:32:45.0000000Z;40.564;40.598;1239;1239
2026-06-08T12:32:50.0000000Z;40.564;40.596;1239;1239
2026-06-08T12:32:56.0000000Z;40.564;40.594;1239;1239
2026-06-08T12:33:02.0000000Z;40.564;40.601;1239;1239
2026-06-08T12:33:17.0000000Z;40.566;40.601;1239;1239
2026-06-08T12:33:39.0000000Z;40.566;40.596;1239;1239
2026-06-08T12:33:40.0000000Z;40.566;40.594;1239;1239
2026-06-08T12:33:41.0000000Z;40.566;40.596;1239;1239
2026-06-08T12:33:42.0000000Z;40.55;40.596;1239;1239
2026-06-08T12:33:45.0000000Z;40.552;40.596;1239;1239
2026-06-08T12:33:46.0000000Z;40.552;40.594;1239;1239
2026-06-08T12:33:47.0000000Z;40.552;40.592;1239;1239
2026-06-08T12:33:48.0000000Z;40.554;40.592;1239;1239
2026-06-08T12:33:57.0000000Z;40.557;40.592;1239;1239
2026-06-08T12:33:58.0000000Z;40.557;40.591;1239;1239
2026-06-08T12:34:04.0000000Z;40.557;40.592;1239;1239
2026-06-08T12:34:08.0000000Z;40.557;40.594;1239;1239
2026-06-08T12:34:09.0000000Z;40.56;40.594;1239;1239
2026-06-08T12:34:10.0000000Z;40.56;40.592;1239;1239
2026-06-08T12:34:12.0000000Z;40.56;40.592;1239;1239
2026-06-08T12:34:14.0000000Z;40.56;40.594;1239;1239
2026-06-08T12:34:16.0000000Z;40.55;40.594;1239;1239
2026-06-08T12:34:17.0000000Z;40.55;40.592;1239;1239
2026-06-08T12:34:18.0000000Z;40.55;40.592;1239;1239
2026-06-08T12:34:22.0000000Z;40.553;40.592;1239;1239
2026-06-08T12:34:24.0000000Z;40.553;40.59;1239;1239
2026-06-08T12:34:33.0000000Z;40.556;40.59;1239;1239
2026-06-08T12:34:34.0000000Z;40.556;40.597;1239;1239
2026-06-08T12:34:40.0000000Z;40.552;40.597;1239;1239
2026-06-08T12:34:44.0000000Z;40.553;40.597;1239;1239
2026-06-08T12:34:45.0000000Z;40.556;40.597;1239;1239
2026-06-08T12:34:57.0000000Z;40.559;40.597;1239;1239
2026-06-08T12:35:09.0000000Z;40.561;40.597;1239;1239
2026-06-08T12:35:39.0000000Z;40.561;40.597;1239;1239
2026-06-08T12:36:10.0000000Z;40.561;40.597;1239;1239
2026-06-08T12:36:40.0000000Z;40.561;40.597;1239;1239
2026-06-08T12:36:51.0000000Z;40.558;40.597;1239;1239
2026-06-08T12:37:02.0000000Z;40.561;40.597;1239;1239
2026-06-08T12:37:32.0000000Z;40.561;40.597;1239;1239
2026-06-08T12:37:34.0000000Z;40.561;40.592;1239;1239
2026-06-08T12:37:35.0000000Z;40.561;40.586;1239;1239
2026-06-08T12:37:39.0000000Z;40.544;40.586;1239;1239
2026-06-08T12:37:41.0000000Z;40.544;40.592;1239;1239
2026-06-08T12:37:45.0000000Z;40.546;40.592;1239;1239
2026-06-08T12:37:57.0000000Z;40.549;40.592;1239;1239
2026-06-08T12:38:09.0000000Z;40.552;40.592;1239;1239
2026-06-08T12:38:21.0000000Z;40.555;40.592;1239;1239
2026-06-08T12:38:40.0000000Z;40.555;40.583;1239;1239
2026-06-08T12:39:09.0000000Z;40.555;40.585;1239;1239
2026-06-08T12:39:13.0000000Z;40.544;40.585;1239;1239
2026-06-08T12:39:16.0000000Z;40.544;40.583;1239;1239
2026-06-08T12:39:21.0000000Z;40.547;40.585;1239;1239
2026-06-08T12:39:22.0000000Z;40.547;40.583;1239;1239
2026-06-08T12:39:25.0000000Z;40.547;40.585;1239;1239
2026-06-08T12:39:27.0000000Z;40.54;40.585;1239;1239
2026-06-08T12:39:33.0000000Z;40.543;40.585;1239;1239
2026-06-08T12:39:37.0000000Z;40.543;40.587;1239;1239
2026-06-08T12:39:40.0000000Z;40.543;40.585;1239;1239
2026-06-08T12:39:45.0000000Z;40.546;40.585;1239;1239
2026-06-08T12:39:47.0000000Z;40.546;40.587;1239;1239
2026-06-08T12:39:51.0000000Z;40.539;40.587;1239;1239
2026-06-08T12:39:57.0000000Z;40.542;40.587;1239;1239
2026-06-08T12:39:59.0000000Z;40.542;40.585;1239;1239
2026-06-08T12:40:04.0000000Z;40.542;40.581;1239;1239
2026-06-08T12:40:07.0000000Z;40.542;40.583;1239;1239
2026-06-08T12:40:10.0000000Z;40.545;40.583;1239;1239
2026-06-08T12:40:21.0000000Z;40.548;40.583;1239;1239
2026-06-08T12:40:33.0000000Z;40.551;40.583;1239;1239
2026-06-08T12:40:45.0000000Z;40.554;40.583;1239;1239
2026-06-08T12:40:47.0000000Z;40.554;40.586;1239;1239
2026-06-08T12:40:51.0000000Z;40.539;40.586;1239;1239
2026-06-08T12:40:57.0000000Z;40.542;40.586;1239;1239
2026-06-08T12:41:09.0000000Z;40.545;40.586;1239;1239
2026-06-08T12:41:21.0000000Z;40.548;40.586;1239;1239
2026-06-08T12:41:23.0000000Z;40.548;40.585;1239;1239
2026-06-08T12:41:24.0000000Z;40.548;40.584;1239;1239
2026-06-08T12:41:28.0000000Z;40.539;40.584;1239;1239
2026-06-08T12:41:31.0000000Z;40.539;40.582;1239;1239
2026-06-08T12:41:33.0000000Z;40.542;40.582;1239;1239
2026-06-08T12:41:38.0000000Z;40.542;40.584;1239;1239
2026-06-08T12:41:44.0000000Z;40.539;40.584;1239;1239
2026-06-08T12:41:45.0000000Z;40.542;40.584;1239;1239
2026-06-08T12:41:57.0000000Z;40.545;40.584;1239;1239
2026-06-08T12:42:06.0000000Z;40.545;40.586;1239;1239
2026-06-08T12:42:09.0000000Z;40.548;40.586;1239;1239
2026-06-08T12:42:21.0000000Z;40.551;40.586;1239;1239
2026-06-08T12:42:25.0000000Z;40.551;40.584;1239;1239
2026-06-08T12:42:38.0000000Z;40.553;40.588;1239;1239
2026-06-08T12:42:41.0000000Z;40.556;40.588;1239;1239
2026-06-08T12:42:42.0000000Z;40.556;40.595;1239;1239
2026-06-08T12:42:46.0000000Z;40.559;40.591;1239;1239
2026-06-08T12:42:47.0000000Z;40.559;40.59;1239;1239
2026-06-08T12:42:50.0000000Z;40.545;40.59;1239;1239
2026-06-08T12:42:52.0000000Z;40.545;40.595;1239;1239
2026-06-08T12:42:57.0000000Z;40.547;40.595;1239;1239
2026-06-08T12:43:07.0000000Z;40.549;40.595;1239;1239
2026-06-08T12:43:09.0000000Z;40.551;40.595;1239;1239
2026-06-08T12:43:11.0000000Z;40.551;40.594;1239;1239
2026-06-08T12:43:14.0000000Z;40.545;40.594;1239;1239
2026-06-08T12:43:16.0000000Z;40.549;40.594;1239;1239
2026-06-08T12:43:20.0000000Z;40.549;40.602;1239;1239
2026-06-08T12:43:21.0000000Z;40.551;40.602;1239;1239
2026-06-08T12:43:22.0000000Z;40.551;40.6;1239;1239
2026-06-08T12:43:23.0000000Z;40.551;40.598;1239;1239
2026-06-08T12:43:24.0000000Z;40.547;40.598;1239;1239
2026-06-08T12:43:34.0000000Z;40.547;40.595;1239;1239
2026-06-08T12:43:36.0000000Z;40.545;40.595;1239;1239
2026-06-08T12:43:37.0000000Z;40.547;40.595;1239;1239
2026-06-08T12:43:46.0000000Z;40.545;40.595;1239;1239
2026-06-08T12:43:48.0000000Z;40.547;40.595;1239;1239
2026-06-08T12:43:58.0000000Z;40.545;40.595;1239;1239
2026-06-08T12:44:09.0000000Z;40.547;40.595;1239;1239
2026-06-08T12:44:21.0000000Z;40.548;40.595;1239;1239
2026-06-08T12:44:22.0000000Z;40.548;40.595;1239;1239
2026-06-08T12:44:24.0000000Z;40.545;40.595;1239;1239
2026-06-08T12:44:29.0000000Z;40.551;40.59;1239;1239
2026-06-08T12:44:30.0000000Z;40.551;40.588;1239;1239
2026-06-08T12:44:33.0000000Z;40.554;40.588;1239;1239
2026-06-08T12:44:45.0000000Z;40.557;40.588;1239;1239
2026-06-08T12:44:47.0000000Z;40.557;40.587;1239;1239
2026-06-08T12:44:48.0000000Z;40.557;40.587;1239;1239
2026-06-08T12:44:50.0000000Z;40.557;40.588;1239;1239
2026-06-08T12:44:53.0000000Z;40.557;40.587;1239;1239
2026-06-08T12:45:02.0000000Z;40.557;40.588;1239;1239
2026-06-08T12:45:06.0000000Z;40.557;40.587;1239;1239
2026-06-08T12:45:08.0000000Z;40.557;40.587;1239;1239
2026-06-08T12:45:10.0000000Z;40.557;40.588;1239;1239
2026-06-08T12:45:13.0000000Z;40.557;40.587;1239;1239
2026-06-08T12:45:32.0000000Z;40.557;40.588;1239;1239
2026-06-08T12:45:50.0000000Z;40.557;40.587;1239;1239
2026-06-08T12:45:51.0000000Z;40.549;40.587;1239;1239
2026-06-08T12:45:57.0000000Z;40.552;40.587;1239;1239
2026-06-08T12:45:58.0000000Z;40.552;40.588;1239;1239
2026-06-08T12:46:02.0000000Z;40.552;40.587;1239;1239
2026-06-08T12:46:09.0000000Z;40.555;40.587;1239;1239
2026-06-08T12:46:13.0000000Z;40.555;40.588;1239;1239
2026-06-08T12:46:20.0000000Z;40.555;40.587;1239;1239
2026-06-08T12:46:21.0000000Z;40.557;40.587;1239;1239
2026-06-08T12:46:22.0000000Z;40.557;40.588;1239;1239
2026-06-08T12:46:23.0000000Z;40.557;40.587;1239;1239
2026-06-08T12:46:25.0000000Z;40.557;40.587;1239;1239
2026-06-08T12:46:55.0000000Z;40.557;40.585;1239;1239
2026-06-08T12:47:09.0000000Z;40.557;40.585;1239;1239
2026-06-08T12:47:13.0000000Z;40.549;40.585;1239;1239
2026-06-08T12:47:19.0000000Z;40.548;40.585;1239;1239
2026-06-08T12:47:20.0000000Z;40.548;40.586;1239;1239
2026-06-08T12:47:21.0000000Z;40.551;40.585;1239;1239
2026-06-08T12:47:23.0000000Z;40.551;40.586;1239;1239
2026-06-08T12:47:24.0000000Z;40.551;40.585;1239;1239
2026-06-08T12:47:33.0000000Z;40.554;40.585;1239;1239
2026-06-08T12:47:41.0000000Z;40.554;40.586;1239;1239
2026-06-08T12:47:42.0000000Z;40.554;40.585;1239;1239
2026-06-08T12:48:03.0000000Z;40.554;40.585;1239;1239
2026-06-08T12:48:11.0000000Z;40.554;40.584;1239;1239
2026-06-08T12:48:33.0000000Z;40.55;40.584;1239;1239
2026-06-08T12:48:34.0000000Z;40.55;40.583;1239;1239
2026-06-08T12:48:36.0000000Z;40.55;40.582;1239;1239
2026-06-08T12:48:45.0000000Z;40.552;40.582;1239;1239
2026-06-08T12:49:08.0000000Z;40.554;40.582;1239;1239
2026-06-08T12:49:09.0000000Z;40.554;40.584;1239;1239
2026-06-08T12:49:23.0000000Z;40.554;40.591;1239;1239
2026-06-08T12:49:54.0000000Z;40.554;40.591;1239;1239
2026-06-08T12:50:13.0000000Z;40.554;40.585;1239;1239
2026-06-08T12:50:14.0000000Z;40.554;40.582;1239;1239
2026-06-08T12:50:16.0000000Z;40.545;40.582;1239;1239
2026-06-08T12:50:21.0000000Z;40.548;40.582;1239;1239
2026-06-08T12:50:26.0000000Z;40.548;40.587;1239;1239
2026-06-08T12:50:33.0000000Z;40.55;40.587;1239;1239
2026-06-08T12:51:00.0000000Z;40.55;40.584;1239;1239
2026-06-08T12:51:02.0000000Z;40.55;40.577;1239;1239
2026-06-08T12:51:08.0000000Z;40.55;40.583;1239;1239
2026-06-08T12:51:36.0000000Z;40.55;40.583;1239;1239
2026-06-08T12:51:47.0000000Z;40.55;40.58;1239;1239
2026-06-08T12:51:48.0000000Z;40.539;40.58;1239;1239
2026-06-08T12:51:52.0000000Z;40.533;40.582;1239;1239
2026-06-08T12:51:53.0000000Z;40.533;40.58;1239;1239
2026-06-08T12:51:54.0000000Z;40.533;40.578;1239;1239
2026-06-08T12:51:57.0000000Z;40.536;40.578;1239;1239
2026-06-08T12:52:01.0000000Z;40.536;40.577;1239;1239
2026-06-08T12:52:06.0000000Z;40.536;40.578;1239;1239
2026-06-08T12:52:09.0000000Z;40.539;40.578;1239;1239
2026-06-08T12:52:11.0000000Z;40.539;40.577;1239;1239
2026-06-08T12:52:21.0000000Z;40.542;40.577;1239;1239
2026-06-08T12:52:33.0000000Z;40.545;40.577;1239;1239
2026-06-08T12:52:45.0000000Z;40.547;40.577;1239;1239
2026-06-08T12:53:04.0000000Z;40.547;40.583;1239;1239
2026-06-08T12:53:08.0000000Z;40.547;40.574;1239;1239
2026-06-08T12:53:09.0000000Z;40.547;40.58;1239;1239
2026-06-08T12:53:10.0000000Z;40.547;40.574;1239;1239
2026-06-08T12:53:12.0000000Z;40.529;40.574;1239;1239
2026-06-08T12:53:14.0000000Z;40.533;40.574;1239;1239
2026-06-08T12:53:20.0000000Z;40.537;40.574;1239;1239
2026-06-08T12:53:21.0000000Z;40.54;40.574;1239;1239
2026-06-08T12:53:34.0000000Z;40.543;40.576;1239;1239
2026-06-08T12:53:45.0000000Z;40.546;40.576;1239;1239
2026-06-08T12:53:57.0000000Z;40.548;40.576;1239;1239
2026-06-08T12:54:17.0000000Z;40.55;40.576;1239;1239
2026-06-08T12:54:29.0000000Z;40.55;40.582;1239;1239
2026-06-08T12:54:31.0000000Z;40.552;40.582;1239;1239
2026-06-08T12:54:41.0000000Z;40.554;40.582;1239;1239
2026-06-08T12:55:05.0000000Z;40.554;40.585;1239;1239
2026-06-08T12:55:22.0000000Z;40.554;40.583;1239;1239
2026-06-08T12:55:27.0000000Z;40.554;40.585;1239;1239
2026-06-08T12:55:33.0000000Z;40.541;40.585;1239;1239
2026-06-08T12:55:45.0000000Z;40.544;40.585;1239;1239
2026-06-08T12:55:57.0000000Z;40.547;40.585;1239;1239
2026-06-08T12:56:07.0000000Z;40.547;40.583;1239;1239
2026-06-08T12:56:09.0000000Z;40.55;40.583;1239;1239
2026-06-08T12:56:19.0000000Z;40.55;40.588;1239;1239
2026-06-08T12:56:26.0000000Z;40.552;40.588;1239;1239
2026-06-08T12:56:28.0000000Z;40.552;40.583;1239;1239
2026-06-08T12:56:29.0000000Z;40.552;40.581;1239;1239
2026-06-08T12:56:30.0000000Z;40.552;40.583;1239;1239
2026-06-08T12:56:32.0000000Z;40.552;40.581;1239;1239
2026-06-08T12:56:33.0000000Z;40.552;40.581;1239;1239
2026-06-08T12:56:35.0000000Z;40.552;40.583;1239;1239
2026-06-08T12:56:39.0000000Z;40.552;40.581;1239;1239
2026-06-08T12:57:10.0000000Z;40.552;40.581;1239;1239
2026-06-08T12:57:21.0000000Z;40.539;40.581;1239;1239
2026-06-08T12:57:33.0000000Z;40.542;40.581;1239;1239
2026-06-08T12:57:40.0000000Z;40.535;40.581;1239;1239
2026-06-08T12:57:46.0000000Z;40.538;40.581;1239;1239
2026-06-08T12:57:56.0000000Z;40.538;40.583;1239;1239
2026-06-08T12:57:57.0000000Z;40.541;40.583;1239;1239
2026-06-08T12:57:59.0000000Z;40.541;40.581;1239;1239
2026-06-08T12:58:04.0000000Z;40.541;40.583;1239;1239
2026-06-08T12:58:08.0000000Z;40.541;40.581;1239;1239
2026-06-08T12:58:09.0000000Z;40.544;40.583;1239;1239
2026-06-08T12:58:10.0000000Z;40.544;40.581;1239;1239
2026-06-08T12:58:12.0000000Z;40.544;40.583;1239;1239
2026-06-08T12:58:13.0000000Z;40.544;40.581;1239;1239
2026-06-08T12:58:14.0000000Z;40.544;40.581;1239;1239
2026-06-08T12:58:16.0000000Z;40.535;40.583;1239;1239
2026-06-08T12:58:21.0000000Z;40.538;40.583;1239;1239
2026-06-08T12:58:28.0000000Z;40.536;40.583;1239;1239
2026-06-08T12:58:33.0000000Z;40.539;40.583;1239;1239
2026-06-08T12:58:40.0000000Z;40.536;40.583;1239;1239
2026-06-08T12:58:45.0000000Z;40.539;40.583;1239;1239
2026-06-08T12:58:51.0000000Z;40.542;40.583;1239;1239
2026-06-08T12:58:52.0000000Z;40.542;40.588;1239;1239
2026-06-08T12:58:56.0000000Z;40.542;40.585;1239;1239
2026-06-08T12:58:57.0000000Z;40.542;40.583;1239;1239
2026-06-08T12:58:58.0000000Z;40.539;40.583;1239;1239
2026-06-08T12:59:00.0000000Z;40.539;40.581;1239;1239
2026-06-08T12:59:09.0000000Z;40.542;40.581;1239;1239
2026-06-08T12:59:10.0000000Z;40.542;40.583;1239;1239
2026-06-08T12:59:11.0000000Z;40.542;40.581;1239;1239
2026-06-08T12:59:12.0000000Z;40.542;40.583;1239;1239
2026-06-08T12:59:13.0000000Z;40.542;40.581;1239;1239
2026-06-08T12:59:21.0000000Z;40.545;40.581;1239;1239
2026-06-08T12:59:27.0000000Z;40.545;40.579;1239;1239
2026-06-08T12:59:33.0000000Z;40.548;40.579;1239;1239
2026-06-08T12:59:45.0000000Z;40.548;40.577;1239;1239
2026-06-08T12:59:50.0000000Z;40.548;40.577;1239;1239
2026-06-08T13:00:02.0000000Z;40.55;40.577;1239;1239
2026-06-08T13:00:06.0000000Z;40.55;40.584;1239;1239
2026-06-08T13:00:22.0000000Z;40.555;40.584;1239;1239
2026-06-08T13:00:26.0000000Z;40.555;40.585;1239;1239
2026-06-08T13:00:28.0000000Z;40.555;40.587;1239;1239
2026-06-08T13:00:29.0000000Z;40.555;40.586;1239;1239
2026-06-08T13:00:44.0000000Z;40.555;40.585;1239;1239
2026-06-08T13:00:52.0000000Z;40.555;40.592;1239;1239
2026-06-08T13:00:54.0000000Z;40.555;40.587;1239;1239
2026-06-08T13:00:55.0000000Z;40.555;40.585;1239;1239
2026-06-08T13:00:56.0000000Z;40.555;40.583;1239;1239
2026-06-08T13:00:58.0000000Z;40.544;40.583;1239;1239
2026-06-08T13:01:08.0000000Z;40.544;40.588;1239;1239
2026-06-08T13:01:09.0000000Z;40.547;40.588;1239;1239
2026-06-08T13:01:14.0000000Z;40.547;40.583;1239;1239
2026-06-08T13:01:16.0000000Z;40.547;40.579;1239;1239
2026-06-08T13:01:22.0000000Z;40.549;40.579;1239;1239
2026-06-08T13:01:37.0000000Z;40.549;40.581;1239;1239
2026-06-08T13:01:46.0000000Z;40.549;40.579;1239;1239
2026-06-08T13:02:01.0000000Z;40.549;40.581;1239;1239
2026-06-08T13:02:31.0000000Z;40.549;40.581;1239;1239
2026-06-08T13:02:41.0000000Z;40.551;40.581;1239;1239
2026-06-08T13:03:10.0000000Z;40.553;40.581;1239;1239
2026-06-08T13:03:36.0000000Z;40.555;40.581;1239;1239
2026-06-08T13:03:39.0000000Z;40.555;40.588;1239;1239
2026-06-08T13:03:41.0000000Z;40.555;40.583;1239;1239
2026-06-08T13:03:52.0000000Z;40.555;40.581;1239;1239
2026-06-08T13:04:00.0000000Z;40.555;40.588;1239;1239
2026-06-08T13:04:01.0000000Z;40.555;40.583;1239;1239
2026-06-08T13:04:02.0000000Z;40.555;40.581;1239;1239
2026-06-08T13:04:03.0000000Z;40.548;40.581;1239;1239
2026-06-08T13:04:11.0000000Z;40.548;40.579;1239;1239
2026-06-08T13:04:17.0000000Z;40.548;40.581;1239;1239
2026-06-08T13:04:27.0000000Z;40.551;40.581;1239;1239
2026-06-08T13:04:57.0000000Z;40.551;40.581;1239;1239
2026-06-08T13:04:58.0000000Z;40.551;40.579;1239;1239
2026-06-08T13:05:19.0000000Z;40.534;40.579;1239;1239
2026-06-08T13:05:21.0000000Z;40.534;40.584;1239;1239
2026-06-08T13:05:26.0000000Z;40.537;40.577;1239;1239
2026-06-08T13:05:37.0000000Z;40.54;40.577;1239;1239
2026-06-08T13:05:39.0000000Z;40.54;40.575;1239;1239
2026-06-08T13:05:43.0000000Z;40.531;40.575;1239;1239
2026-06-08T13:05:45.0000000Z;40.531;40.577;1239;1239
2026-06-08T13:05:46.0000000Z;40.531;40.575;1239;1239
2026-06-08T13:05:49.0000000Z;40.534;40.575;1239;1239
2026-06-08T13:05:52.0000000Z;40.534;40.575;1239;1239
2026-06-08T13:05:59.0000000Z;40.532;40.575;1239;1239
2026-06-08T13:06:01.0000000Z;40.535;40.575;1239;1239
2026-06-08T13:06:05.0000000Z;40.535;40.577;1239;1239
2026-06-08T13:06:06.0000000Z;40.535;40.575;1239;1239
2026-06-08T13:06:07.0000000Z;40.531;40.575;1239;1239
2026-06-08T13:06:13.0000000Z;40.534;40.575;1239;1239
2026-06-08T13:06:15.0000000Z;40.536;40.575;1239;1239
2026-06-08T13:06:17.0000000Z;40.536;40.58;1239;1239
2026-06-08T13:06:21.0000000Z;40.529;40.58;1239;1239
2026-06-08T13:06:25.0000000Z;40.532;40.58;1239;1239
2026-06-08T13:06:37.0000000Z;40.535;40.58;1239;1239
2026-06-08T13:06:49.0000000Z;40.538;40.58;1239;1239
2026-06-08T13:07:01.0000000Z;40.541;40.58;1239;1239
2026-06-08T13:07:32.0000000Z;40.541;40.58;1239;1239
2026-06-08T13:07:33.0000000Z;40.543;40.58;1239;1239
2026-06-08T13:08:03.0000000Z;40.543;40.58;1239;1239
2026-06-08T13:08:30.0000000Z;40.535;40.58;1239;1239
2026-06-08T13:08:36.0000000Z;40.527;40.58;1239;1239
2026-06-08T13:08:37.0000000Z;40.53;40.58;1239;1239
2026-06-08T13:08:49.0000000Z;40.533;40.58;1239;1239
2026-06-08T13:09:01.0000000Z;40.536;40.58;1239;1239
2026-06-08T13:09:13.0000000Z;40.539;40.58;1239;1239
2026-06-08T13:09:25.0000000Z;40.541;40.58;1239;1239
2026-06-08T13:09:38.0000000Z;40.543;40.58;1239;1239
2026-06-08T13:09:59.0000000Z;40.543;40.573;1239;1239
2026-06-08T13:10:01.0000000Z;40.543;40.569;1239;1239
2026-06-08T13:10:02.0000000Z;40.543;40.569;1239;1239
2026-06-08T13:10:04.0000000Z;40.543;40.571;1239;1239
2026-06-08T13:10:08.0000000Z;40.543;40.576;1239;1239
2026-06-08T13:10:30.0000000Z;40.526;40.576;1239;1239
2026-06-08T13:10:37.0000000Z;40.529;40.576;1239;1239
2026-06-08T13:10:42.0000000Z;40.524;40.576;1239;1239
2026-06-08T13:10:49.0000000Z;40.527;40.576;1239;1239
2026-06-08T13:10:56.0000000Z;40.525;40.576;1239;1239
2026-06-08T13:11:01.0000000Z;40.528;40.576;1239;1239
2026-06-08T13:11:08.0000000Z;40.525;40.576;1239;1239
2026-06-08T13:11:13.0000000Z;40.528;40.576;1239;1239
2026-06-08T13:11:25.0000000Z;40.531;40.576;1239;1239
2026-06-08T13:11:37.0000000Z;40.534;40.576;1239;1239
2026-06-08T13:11:49.0000000Z;40.537;40.575;1239;1239
2026-06-08T13:11:57.0000000Z;40.537;40.573;1239;1239
2026-06-08T13:12:01.0000000Z;40.54;40.573;1239;1239
2026-06-08T13:12:05.0000000Z;40.54;40.58;1239;1239
2026-06-08T13:12:13.0000000Z;40.543;40.58;1239;1239
2026-06-08T13:12:44.0000000Z;40.545;40.58;1239;1239
2026-06-08T13:12:54.0000000Z;40.547;40.58;1239;1239
2026-06-08T13:13:14.0000000Z;40.547;40.584;1239;1239
2026-06-08T13:13:45.0000000Z;40.547;40.584;1239;1239
2026-06-08T13:13:57.0000000Z;40.549;40.584;1239;1239
2026-06-08T13:14:01.0000000Z;40.549;40.577;1239;1239
2026-06-08T13:14:30.0000000Z;40.549;40.577;1239;1239
2026-06-08T13:14:49.0000000Z;40.54;40.577;1239;1239
2026-06-08T13:15:01.0000000Z;40.543;40.577;1239;1239
2026-06-08T13:15:13.0000000Z;40.546;40.577;1239;1239
2026-06-08T13:15:30.0000000Z;40.546;40.576;1239;1239
2026-06-08T13:15:37.0000000Z;40.546;40.577;1239;1239
2026-06-08T13:15:38.0000000Z;40.546;40.576;1239;1239
2026-06-08T13:15:43.0000000Z;40.546;40.577;1239;1239
2026-06-08T13:15:45.0000000Z;40.546;40.576;1239;1239
2026-06-08T13:16:16.0000000Z;40.546;40.576;1239;1239
2026-06-08T13:16:31.0000000Z;40.536;40.573;1239;1239
2026-06-08T13:16:37.0000000Z;40.536;40.579;1239;1239
2026-06-08T13:16:39.0000000Z;40.536;40.573;1239;1239
2026-06-08T13:16:42.0000000Z;40.555;40.573;1239;1239
2026-06-08T13:16:54.0000000Z;40.555;40.574;1239;1239
2026-06-08T13:17:10.0000000Z;40.555;40.573;1239;1239
2026-06-08T13:17:19.0000000Z;40.555;40.574;1239;1239
2026-06-08T13:17:50.0000000Z;40.555;40.574;1239;1239
2026-06-08T13:18:02.0000000Z;40.555;40.578;1239;1239
2026-06-08T13:18:08.0000000Z;40.555;40.579;1239;1239
2026-06-08T13:18:10.0000000Z;40.555;40.578;1239;1239
2026-06-08T13:18:40.0000000Z;40.555;40.578;1239;1239
2026-06-08T13:18:42.0000000Z;40.555;40.579;1239;1239
2026-06-08T13:18:54.0000000Z;40.555;40.577;1239;1239
2026-06-08T13:19:11.0000000Z;40.547;40.579;1239;1239
2026-06-08T13:19:20.0000000Z;40.548;40.579;1239;1239
2026-06-08T13:19:51.0000000Z;40.548;40.579;1239;1239
2026-06-08T13:20:09.0000000Z;40.55;40.579;1239;1239
2026-06-08T13:20:13.0000000Z;40.551;40.579;1239;1239
2026-06-08T13:20:14.0000000Z;40.551;40.579;1239;1239
2026-06-08T13:20:16.0000000Z;40.529;40.579;1239;1239
2026-06-08T13:20:21.0000000Z;40.532;40.579;1239;1239
2026-06-08T13:20:23.0000000Z;40.532;40.583;1239;1239
2026-06-08T13:20:27.0000000Z;40.532;40.584;1239;1239
2026-06-08T13:20:31.0000000Z;40.532;40.586;1239;1239
2026-06-08T13:20:34.0000000Z;40.535;40.586;1239;1239
2026-06-08T13:20:35.0000000Z;40.535;40.588;1239;1239
2026-06-08T13:20:39.0000000Z;40.538;40.589;1239;1239
2026-06-08T13:20:41.0000000Z;40.538;40.588;1239;1239
2026-06-08T13:20:42.0000000Z;40.54;40.588;1239;1239
2026-06-08T13:20:43.0000000Z;40.542;40.588;1239;1239
2026-06-08T13:20:45.0000000Z;40.549;40.588;1239;1239
2026-06-08T13:20:51.0000000Z;40.549;40.59;1239;1239
2026-06-08T13:20:53.0000000Z;40.549;40.591;1239;1239
2026-06-08T13:20:58.0000000Z;40.552;40.591;1239;1239
2026-06-08T13:20:59.0000000Z;40.552;40.594;1239;1239
2026-06-08T13:21:01.0000000Z;40.552;40.592;1239;1239
2026-06-08T13:21:05.0000000Z;40.547;40.592;1239;1239
2026-06-08T13:21:09.0000000Z;40.55;40.591;1239;1239
2026-06-08T13:21:13.0000000Z;40.55;40.59;1239;1239
2026-06-08T13:21:14.0000000Z;40.55;40.59;1239;1239
2026-06-08T13:21:15.0000000Z;40.55;40.589;1239;1239
2026-06-08T13:21:16.0000000Z;40.55;40.59;1239;1239
2026-06-08T13:21:17.0000000Z;40.547;40.589;1239;1239
2026-06-08T13:21:19.0000000Z;40.547;40.59;1239;1239
2026-06-08T13:21:21.0000000Z;40.547;40.592;1239;1239
2026-06-08T13:21:23.0000000Z;40.55;40.592;1239;1239
2026-06-08T13:21:29.0000000Z;40.55;40.594;1239;1239
2026-06-08T13:21:41.0000000Z;40.539;40.594;1239;1239
2026-06-08T13:21:45.0000000Z;40.539;40.596;1239;1239
2026-06-08T13:21:46.0000000Z;40.545;40.596;1239;1239
2026-06-08T13:21:47.0000000Z;40.548;40.596;1239;1239
2026-06-08T13:21:49.0000000Z;40.553;40.596;1239;1239
2026-06-08T13:21:50.0000000Z;40.553;40.598;1239;1239
2026-06-08T13:21:51.0000000Z;40.553;40.6;1239;1239
2026-06-08T13:21:53.0000000Z;40.553;40.598;1239;1239
2026-06-08T13:21:55.0000000Z;40.553;40.598;1239;1239
2026-06-08T13:21:57.0000000Z;40.556;40.598;1239;1239
2026-06-08T13:22:01.0000000Z;40.556;40.6;1239;1239
2026-06-08T13:22:05.0000000Z;40.554;40.6;1239;1239
2026-06-08T13:22:07.0000000Z;40.554;40.602;1239;1239
2026-06-08T13:22:09.0000000Z;40.557;40.602;1239;1239
2026-06-08T13:22:13.0000000Z;40.557;40.6;1239;1239
2026-06-08T13:22:18.0000000Z;40.557;40.599;1239;1239
2026-06-08T13:22:20.0000000Z;40.557;40.597;1239;1239
2026-06-08T13:22:21.0000000Z;40.56;40.597;1239;1239
2026-06-08T13:22:23.0000000Z;40.56;40.599;1239;1239
2026-06-08T13:22:27.0000000Z;40.554;40.599;1239;1239
2026-06-08T13:22:31.0000000Z;40.554;40.597;1239;1239
2026-06-08T13:22:34.0000000Z;40.557;40.597;1239;1239
2026-06-08T13:22:37.0000000Z;40.557;40.598;1239;1239
2026-06-08T13:22:47.0000000Z;40.56;40.6;1239;1239
2026-06-08T13:22:53.0000000Z;40.554;40.6;1239;1239
2026-06-08T13:22:58.0000000Z;40.557;40.6;1239;1239
2026-06-08T13:23:05.0000000Z;40.554;40.6;1239;1239
2026-06-08T13:23:07.0000000Z;40.554;40.598;1239;1239
2026-06-08T13:23:09.0000000Z;40.557;40.598;1239;1239
2026-06-08T13:23:22.0000000Z;40.56;40.598;1239;1239
2026-06-08T13:23:23.0000000Z;40.56;40.599;1239;1239
2026-06-08T13:23:24.0000000Z;40.56;40.598;1239;1239
2026-06-08T13:23:27.0000000Z;40.554;40.598;1239;1239
2026-06-08T13:23:31.0000000Z;40.554;40.596;1239;1239
2026-06-08T13:23:33.0000000Z;40.557;40.598;1239;1239
2026-06-08T13:23:36.0000000Z;40.557;40.596;1239;1239
2026-06-08T13:23:39.0000000Z;40.557;40.594;1239;1239
2026-06-08T13:23:41.0000000Z;40.557;40.596;1239;1239
2026-06-08T13:23:45.0000000Z;40.56;40.596;1239;1239
2026-06-08T13:23:49.0000000Z;40.56;40.598;1239;1239
2026-06-08T13:23:52.0000000Z;40.554;40.598;1239;1239
2026-06-08T13:23:54.0000000Z;40.548;40.598;1239;1239
2026-06-08T13:23:57.0000000Z;40.551;40.598;1239;1239
2026-06-08T13:24:08.0000000Z;40.551;40.6;1239;1239
2026-06-08T13:24:09.0000000Z;40.554;40.6;1239;1239
2026-06-08T13:24:13.0000000Z;40.554;40.598;1239;1239
2026-06-08T13:24:16.0000000Z;40.549;40.598;1239;1239
2026-06-08T13:24:22.0000000Z;40.552;40.598;1239;1239
2026-06-08T13:24:23.0000000Z;40.552;40.598;1239;1239
2026-06-08T13:24:33.0000000Z;40.555;40.598;1239;1239
2026-06-08T13:24:40.0000000Z;40.549;40.598;1239;1239
2026-06-08T13:24:45.0000000Z;40.552;40.598;1239;1239
2026-06-08T13:24:52.0000000Z;40.548;40.598;1239;1239
2026-06-08T13:24:57.0000000Z;40.551;40.598;1239;1239
2026-06-08T13:25:04.0000000Z;40.548;40.598;1239;1239
2026-06-08T13:25:06.0000000Z;40.548;40.6;1239;1239
2026-06-08T13:25:07.0000000Z;40.548;40.598;1239;1239
2026-06-08T13:25:10.0000000Z;40.551;40.598;1239;1239
2026-06-08T13:25:16.0000000Z;40.548;40.598;1239;1239
2026-06-08T13:25:21.0000000Z;40.551;40.598;1239;1239
2026-06-08T13:25:28.0000000Z;40.548;40.598;1239;1239
2026-06-08T13:25:34.0000000Z;40.551;40.596;1239;1239
2026-06-08T13:25:40.0000000Z;40.548;40.596;1239;1239
2026-06-08T13:25:42.0000000Z;40.548;40.598;1239;1239
2026-06-08T13:25:45.0000000Z;40.551;40.598;1239;1239
2026-06-08T13:25:52.0000000Z;40.548;40.598;1239;1239
2026-06-08T13:25:56.0000000Z;40.548;40.6;1239;1239
2026-06-08T13:25:57.0000000Z;40.551;40.6;1239;1239
2026-06-08T13:26:04.0000000Z;40.548;40.6;1239;1239
2026-06-08T13:26:09.0000000Z;40.551;40.6;1239;1239
2026-06-08T13:26:15.0000000Z;40.551;40.598;1239;1239
2026-06-08T13:26:16.0000000Z;40.548;40.598;1239;1239
2026-06-08T13:26:21.0000000Z;40.551;40.598;1239;1239
2026-06-08T13:26:28.0000000Z;40.548;40.6;1239;1239
2026-06-08T13:26:33.0000000Z;40.551;40.598;1239;1239
2026-06-08T13:26:40.0000000Z;40.548;40.6;1239;1239
2026-06-08T13:26:41.0000000Z;40.548;40.598;1239;1239
2026-06-08T13:26:46.0000000Z;40.551;40.598;1239;1239
2026-06-08T13:26:50.0000000Z;40.551;40.6;1239;1239
2026-06-08T13:26:52.0000000Z;40.548;40.602;1239;1239
2026-06-08T13:26:53.0000000Z;40.548;40.6;1239;1239
2026-06-08T13:26:57.0000000Z;40.551;40.6;1239;1239
2026-06-08T13:27:08.0000000Z;40.548;40.602;1239;1239
2026-06-08T13:27:09.0000000Z;40.551;40.602;1239;1239
2026-06-08T13:27:12.0000000Z;40.551;40.6;1239;1239
2026-06-08T13:27:16.0000000Z;40.548;40.6;1239;1239
2026-06-08T13:27:21.0000000Z;40.551;40.6;1239;1239
2026-06-08T13:27:28.0000000Z;40.548;40.602;1239;1239
2026-06-08T13:27:29.0000000Z;40.557;40.602;1239;1239
2026-06-08T13:27:30.0000000Z;40.559;40.602;1239;1239
2026-06-08T13:27:32.0000000Z;40.559;40.6;1239;1239
2026-06-08T13:27:49.0000000Z;40.559;40.602;1239;1239
2026-06-08T13:28:00.0000000Z;40.559;40.604;1239;1239
2026-06-08T13:28:03.0000000Z;40.544;40.605;1239;1239
2026-06-08T13:28:06.0000000Z;40.552;40.609;1239;1239
2026-06-08T13:28:17.0000000Z;40.552;40.613;1239;1239
2026-06-08T13:28:31.0000000Z;40.552;40.609;1239;1239
2026-06-08T13:28:37.0000000Z;40.551;40.609;1239;1239
2026-06-08T13:28:51.0000000Z;40.548;40.609;1239;1239
2026-06-08T13:29:21.0000000Z;40.548;40.609;1239;1239
2026-06-08T13:29:23.0000000Z;40.545;40.609;1239;1239
2026-06-08T13:29:24.0000000Z;40.545;40.605;1239;1239
2026-06-08T13:29:54.0000000Z;40.545;40.605;1239;1239
2026-06-08T13:30:09.0000000Z;40.545;40.618;1239;1239
2026-06-08T13:30:15.0000000Z;40.545;40.61;1239;1239
2026-06-08T13:30:17.0000000Z;40.552;40.61;1239;1239
2026-06-08T13:30:48.0000000Z;40.552;40.61;1239;1239
2026-06-08T13:30:57.0000000Z;40.552;40.614;1239;1239
2026-06-08T13:31:21.0000000Z;40.552;40.617;1239;1239
2026-06-08T13:31:45.0000000Z;40.559;40.617;1239;1239
2026-06-08T13:32:05.0000000Z;40.562;40.617;1239;1239
2026-06-08T13:32:08.0000000Z;40.564;40.617;1239;1239
2026-06-08T13:32:20.0000000Z;40.564;40.619;1239;1239
2026-06-08T13:32:23.0000000Z;40.564;40.617;1239;1239
2026-06-08T13:32:39.0000000Z;40.564;40.615;1239;1239
2026-06-08T13:32:43.0000000Z;40.564;40.614;1239;1239
2026-06-08T13:33:00.0000000Z;40.56;40.614;1239;1239
2026-06-08T13:33:11.0000000Z;40.56;40.616;1239;1239
2026-06-08T13:33:12.0000000Z;40.56;40.614;1239;1239
2026-06-08T13:33:14.0000000Z;40.56;40.616;1239;1239
2026-06-08T13:33:25.0000000Z;40.56;40.614;1239;1239
2026-06-08T13:33:30.0000000Z;40.56;40.616;1239;1239
2026-06-08T13:33:51.0000000Z;40.56;40.614;1239;1239
2026-06-08T13:33:56.0000000Z;40.56;40.616;1239;1239
2026-06-08T13:34:08.0000000Z;40.56;40.614;1239;1239
2026-06-08T13:34:19.0000000Z;40.56;40.612;1239;1239
2026-06-08T13:34:24.0000000Z;40.56;40.614;1239;1239
2026-06-08T13:34:28.0000000Z;40.56;40.612;1239;1239
2026-06-08T13:34:49.0000000Z;40.56;40.614;1239;1239
2026-06-08T13:34:56.0000000Z;40.56;40.612;1239;1239
2026-06-08T13:35:00.0000000Z;40.56;40.614;1239;1239
2026-06-08T13:35:03.0000000Z;40.56;40.612;1239;1239
2026-06-08T13:35:16.0000000Z;40.56;40.61;1239;1239
2026-06-08T13:35:18.0000000Z;40.556;40.61;1239;1239
2026-06-08T13:35:46.0000000Z;40.556;40.612;1239;1239
2026-06-08T13:36:00.0000000Z;40.556;40.614;1239;1239
2026-06-08T13:36:14.0000000Z;40.556;40.612;1239;1239
2026-06-08T13:36:19.0000000Z;40.556;40.61;1239;1239
2026-06-08T13:36:21.0000000Z;40.554;40.61;1239;1239
2026-06-08T13:36:23.0000000Z;40.554;40.612;1239;1239
2026-06-08T13:36:47.0000000Z;40.554;40.614;1239;1239
2026-06-08T13:36:57.0000000Z;40.554;40.612;1239;1239
2026-06-08T13:36:59.0000000Z;40.554;40.614;1239;1239
2026-06-08T13:37:02.0000000Z;40.554;40.612;1239;1239
2026-06-08T13:37:33.0000000Z;40.554;40.612;1239;1239
2026-06-08T13:37:37.0000000Z;40.554;40.614;1239;1239
2026-06-08T13:37:41.0000000Z;40.554;40.616;1239;1239
2026-06-08T13:37:42.0000000Z;40.554;40.614;1239;1239
2026-06-08T13:37:44.0000000Z;40.556;40.614;1239;1239
2026-06-08T13:37:45.0000000Z;40.556;40.616;1239;1239
2026-06-08T13:37:47.0000000Z;40.561;40.616;1239;1239
2026-06-08T13:37:58.0000000Z;40.561;40.614;1239;1239
2026-06-08T13:38:03.0000000Z;40.561;40.616;1239;1239
2026-06-08T13:38:04.0000000Z;40.561;40.614;1239;1239
2026-06-08T13:38:13.0000000Z;40.561;40.616;1239;1239
2026-06-08T13:38:16.0000000Z;40.561;40.614;1239;1239
2026-06-08T13:38:23.0000000Z;40.561;40.614;1239;1239
2026-06-08T13:38:39.0000000Z;40.561;40.612;1239;1239
2026-06-08T13:38:41.0000000Z;40.561;40.614;1239;1239
2026-06-08T13:38:48.0000000Z;40.561;40.612;1239;1239
2026-06-08T13:39:13.0000000Z;40.561;40.612;1239;1239
2026-06-08T13:39:18.0000000Z;40.561;40.61;1239;1239
2026-06-08T13:39:19.0000000Z;40.562;40.612;1239;1239
2026-06-08T13:39:25.0000000Z;40.562;40.61;1239;1239
2026-06-08T13:39:39.0000000Z;40.562;40.611;1239;1239
2026-06-08T13:40:10.0000000Z;40.562;40.611;1239;1239
2026-06-08T13:40:16.0000000Z;40.557;40.611;1239;1239
2026-06-08T13:40:23.0000000Z;40.557;40.609;1239;1239
2026-06-08T13:40:50.0000000Z;40.557;40.611;1239;1239
2026-06-08T13:40:53.0000000Z;40.557;40.609;1239;1239
2026-06-08T13:40:55.0000000Z;40.557;40.611;1239;1239
2026-06-08T13:40:56.0000000Z;40.557;40.609;1239;1239
2026-06-08T13:40:58.0000000Z;40.557;40.609;1239;1239
2026-06-08T13:41:06.0000000Z;40.557;40.607;1239;1239
2026-06-08T13:41:16.0000000Z;40.555;40.607;1239;1239
2026-06-08T13:41:17.0000000Z;40.555;40.605;1239;1239
2026-06-08T13:41:18.0000000Z;40.554;40.605;1239;1239
2026-06-08T13:41:42.0000000Z;40.554;40.607;1239;1239
2026-06-08T13:41:56.0000000Z;40.554;40.605;1239;1239
2026-06-08T13:42:06.0000000Z;40.554;40.607;1239;1239
2026-06-08T13:42:28.0000000Z;40.554;40.605;1239;1239
2026-06-08T13:42:32.0000000Z;40.554;40.603;1239;1239
2026-06-08T13:42:40.0000000Z;40.554;40.605;1239;1239
2026-06-08T13:42:43.0000000Z;40.554;40.603;1239;1239
2026-06-08T13:42:58.0000000Z;40.554;40.601;1239;1239
2026-06-08T13:43:01.0000000Z;40.554;40.599;1239;1239
2026-06-08T13:43:06.0000000Z;40.548;40.599;1239;1239
2026-06-08T13:43:08.0000000Z;40.549;40.599;1239;1239
2026-06-08T13:43:12.0000000Z;40.549;40.597;1239;1239
2026-06-08T13:43:14.0000000Z;40.549;40.599;1239;1239
2026-06-08T13:43:16.0000000Z;40.549;40.597;1239;1239
2026-06-08T13:43:20.0000000Z;40.552;40.599;1239;1239
2026-06-08T13:43:22.0000000Z;40.552;40.597;1239;1239
2026-06-08T13:43:30.0000000Z;40.552;40.595;1239;1239
2026-06-08T13:43:32.0000000Z;40.552;40.597;1239;1239
2026-06-08T13:43:45.0000000Z;40.552;40.595;1239;1239
2026-06-08T13:43:51.0000000Z;40.552;40.597;1239;1239
2026-06-08T13:43:53.0000000Z;40.552;40.595;1239;1239
2026-06-08T13:43:54.0000000Z;40.552;40.597;1239;1239
2026-06-08T13:43:55.0000000Z;40.552;40.595;1239;1239
2026-06-08T13:43:57.0000000Z;40.552;40.595;1239;1239
2026-06-08T13:44:11.0000000Z;40.552;40.593;1239;1239
2026-06-08T13:44:21.0000000Z;40.543;40.593;1239;1239
2026-06-08T13:44:26.0000000Z;40.543;40.591;1239;1239
2026-06-08T13:44:34.0000000Z;40.546;40.591;1239;1239
2026-06-08T13:44:41.0000000Z;40.546;40.593;1239;1239
2026-06-08T13:44:59.0000000Z;40.546;40.593;1239;1239
2026-06-08T13:45:03.0000000Z;40.546;40.595;1239;1239
2026-06-08T13:45:04.0000000Z;40.546;40.594;1239;1239
2026-06-08T13:45:07.0000000Z;40.546;40.593;1239;1239
2026-06-08T13:45:11.0000000Z;40.546;40.591;1239;1239
2026-06-08T13:45:37.0000000Z;40.546;40.589;1239;1239
2026-06-08T13:45:39.0000000Z;40.546;40.591;1239;1239
2026-06-08T13:45:40.0000000Z;40.546;40.589;1239;1239
2026-06-08T13:45:44.0000000Z;40.546;40.591;1239;1239
2026-06-08T13:45:49.0000000Z;40.546;40.589;1239;1239
2026-06-08T13:45:53.0000000Z;40.546;40.591;1239;1239
2026-06-08T13:45:54.0000000Z;40.546;40.589;1239;1239
2026-06-08T13:46:00.0000000Z;40.539;40.589;1239;1239
2026-06-08T13:46:24.0000000Z;40.539;40.587;1239;1239
2026-06-08T13:46:27.0000000Z;40.539;40.589;1239;1239
2026-06-08T13:46:28.0000000Z;40.542;40.589;1239;1239
2026-06-08T13:46:35.0000000Z;40.539;40.589;1239;1239
2026-06-08T13:47:06.0000000Z;40.539;40.589;1239;1239
2026-06-08T13:47:23.0000000Z;40.539;40.589;1239;1239
2026-06-08T13:47:47.0000000Z;40.539;40.591;1239;1239
2026-06-08T13:47:48.0000000Z;40.539;40.589;1239;1239
2026-06-08T13:47:50.0000000Z;40.539;40.591;1239;1239
2026-06-08T13:47:52.0000000Z;40.539;40.589;1239;1239
2026-06-08T13:48:19.0000000Z;40.539;40.59;1239;1239
2026-06-08T13:48:20.0000000Z;40.539;40.589;1239;1239
2026-06-08T13:48:30.0000000Z;40.539;40.591;1239;1239
2026-06-08T13:48:36.0000000Z;40.539;40.589;1239;1239
2026-06-08T13:48:41.0000000Z;40.539;40.587;1239;1239
2026-06-08T13:49:12.0000000Z;40.539;40.587;1239;1239
2026-06-08T13:49:16.0000000Z;40.542;40.587;1239;1239
2026-06-08T13:49:31.0000000Z;40.542;40.589;1239;1239
2026-06-08T13:49:44.0000000Z;40.542;40.589;1239;1239
2026-06-08T13:50:08.0000000Z;40.539;40.589;1239;1239
2026-06-08T13:50:22.0000000Z;40.539;40.587;1239;1239
2026-06-08T13:50:26.0000000Z;40.539;40.589;1239;1239
2026-06-08T13:50:28.0000000Z;40.539;40.587;1239;1239
2026-06-08T13:50:32.0000000Z;40.539;40.592;1239;1239
2026-06-08T13:50:33.0000000Z;40.539;40.587;1239;1239
2026-06-08T13:50:47.0000000Z;40.539;40.585;1239;1239
2026-06-08T13:51:08.0000000Z;40.542;40.587;1239;1239
2026-06-08T13:51:12.0000000Z;40.542;40.585;1239;1239
2026-06-08T13:51:13.0000000Z;40.542;40.587;1239;1239
2026-06-08T13:51:16.0000000Z;40.542;40.589;1239;1239
2026-06-08T13:51:19.0000000Z;40.542;40.587;1239;1239
2026-06-08T13:51:30.0000000Z;40.542;40.585;1239;1239
2026-06-08T13:51:35.0000000Z;40.542;40.587;1239;1239
2026-06-08T13:51:38.0000000Z;40.542;40.589;1239;1239
2026-06-08T13:51:40.0000000Z;40.542;40.587;1239;1239
2026-06-08T13:51:44.0000000Z;40.542;40.585;1239;1239
2026-06-08T13:51:54.0000000Z;40.542;40.587;1239;1239
2026-06-08T13:51:59.0000000Z;40.542;40.585;1239;1239
2026-06-08T13:52:02.0000000Z;40.537;40.587;1239;1239
2026-06-08T13:52:16.0000000Z;40.539;40.589;1239;1239
2026-06-08T13:52:19.0000000Z;40.539;40.587;1239;1239
2026-06-08T13:52:28.0000000Z;40.539;40.589;1239;1239
2026-06-08T13:52:30.0000000Z;40.539;40.587;1239;1239
2026-06-08T13:52:58.0000000Z;40.542;40.587;1239;1239
2026-06-08T13:53:04.0000000Z;40.542;40.59;1239;1239
2026-06-08T13:53:06.0000000Z;40.542;40.587;1239;1239
2026-06-08T13:53:12.0000000Z;40.542;40.589;1239;1239
2026-06-08T13:53:43.0000000Z;40.542;40.589;1239;1239
2026-06-08T13:53:55.0000000Z;40.538;40.591;1239;1239
2026-06-08T13:54:06.0000000Z;40.538;40.589;1239;1239
2026-06-08T13:54:33.0000000Z;40.538;40.587;1239;1239
2026-06-08T13:54:50.0000000Z;40.539;40.587;1239;1239
2026-06-08T13:55:17.0000000Z;40.539;40.589;1239;1239
2026-06-08T13:55:46.0000000Z;40.539;40.587;1239;1239
2026-06-08T13:55:47.0000000Z;40.534;40.587;1239;1239
2026-06-08T13:55:53.0000000Z;40.534;40.585;1239;1239
2026-06-08T13:56:05.0000000Z;40.534;40.583;1239;1239
2026-06-08T13:56:07.0000000Z;40.534;40.583;1239;1239
2026-06-08T13:56:09.0000000Z;40.534;40.585;1239;1239
2026-06-08T13:56:15.0000000Z;40.534;40.587;1239;1239
2026-06-08T13:56:23.0000000Z;40.534;40.589;1239;1239
2026-06-08T13:56:27.0000000Z;40.534;40.587;1239;1239
2026-06-08T13:56:33.0000000Z;40.534;40.589;1239;1239
2026-06-08T13:56:36.0000000Z;40.534;40.587;1239;1239
2026-06-08T13:56:39.0000000Z;40.534;40.589;1239;1239
2026-06-08T13:57:09.0000000Z;40.534;40.589;1239;1239
2026-06-08T13:57:40.0000000Z;40.534;40.589;1239;1239
2026-06-08T13:58:10.0000000Z;40.534;40.589;1239;1239
2026-06-08T13:58:26.0000000Z;40.534;40.591;1239;1239
2026-06-08T13:58:56.0000000Z;40.534;40.591;1239;1239
2026-06-08T13:59:11.0000000Z;40.535;40.591;1239;1239
2026-06-08T13:59:14.0000000Z;40.535;40.589;1239;1239
2026-06-08T13:59:18.0000000Z;40.531;40.589;1239;1239
2026-06-08T13:59:33.0000000Z;40.535;40.589;1239;1239
2026-06-08T13:59:34.0000000Z;40.537;40.589;1239;1239
2026-06-08T13:59:38.0000000Z;40.539;40.589;1239;1239
2026-06-08T13:59:59.0000000Z;40.539;40.585;1239;1239
2026-06-08T14:00:29.0000000Z;40.539;40.585;1239;1239
2026-06-08T14:00:32.0000000Z;40.534;40.585;1239;1239
2026-06-08T14:00:37.0000000Z;40.534;40.583;1239;1239
2026-06-08T14:00:42.0000000Z;40.534;40.588;1239;1239
2026-06-08T14:01:13.0000000Z;40.534;40.588;1239;1239
2026-06-08T14:01:44.0000000Z;40.534;40.588;1239;1239
2026-06-08T14:02:14.0000000Z;40.534;40.588;1239;1239
2026-06-08T14:02:24.0000000Z;40.534;40.583;1239;1239
2026-06-08T14:02:27.0000000Z;40.534;40.581;1239;1239
2026-06-08T14:02:28.0000000Z;40.534;40.583;1239;1239
2026-06-08T14:02:29.0000000Z;40.534;40.581;1239;1239
2026-06-08T14:02:31.0000000Z;40.534;40.588;1239;1239
2026-06-08T14:02:38.0000000Z;40.534;40.581;1239;1239
2026-06-08T14:02:59.0000000Z;40.534;40.577;1239;1239
2026-06-08T14:03:00.0000000Z;40.534;40.579;1239;1239
2026-06-08T14:03:01.0000000Z;40.534;40.577;1239;1239
2026-06-08T14:03:09.0000000Z;40.527;40.577;1239;1239
2026-06-08T14:03:17.0000000Z;40.532;40.577;1239;1239
2026-06-08T14:03:35.0000000Z;40.532;40.577;1239;1239
2026-06-08T14:03:46.0000000Z;40.532;40.579;1239;1239
2026-06-08T14:03:49.0000000Z;40.532;40.577;1239;1239
2026-06-08T14:03:50.0000000Z;40.532;40.579;1239;1239
2026-06-08T14:04:12.0000000Z;40.532;40.577;1239;1239
2026-06-08T14:04:14.0000000Z;40.528;40.577;1239;1239
2026-06-08T14:04:16.0000000Z;40.531;40.577;1239;1239
2026-06-08T14:04:17.0000000Z;40.531;40.581;1239;1239
2026-06-08T14:04:18.0000000Z;40.531;40.577;1239;1239
2026-06-08T14:04:48.0000000Z;40.531;40.577;1239;1239
2026-06-08T14:05:03.0000000Z;40.534;40.577;1239;1239
2026-06-08T14:05:13.0000000Z;40.534;40.579;1239;1239
2026-06-08T14:05:15.0000000Z;40.534;40.577;1239;1239
2026-06-08T14:05:16.0000000Z;40.534;40.579;1239;1239
2026-06-08T14:05:17.0000000Z;40.534;40.577;1239;1239
2026-06-08T14:05:43.0000000Z;40.534;40.579;1239;1239
2026-06-08T14:05:45.0000000Z;40.534;40.577;1239;1239
2026-06-08T14:05:57.0000000Z;40.528;40.577;1239;1239
2026-06-08T14:06:12.0000000Z;40.528;40.579;1239;1239
2026-06-08T14:06:42.0000000Z;40.528;40.579;1239;1239
2026-06-08T14:07:00.0000000Z;40.528;40.579;1239;1239
2026-06-08T14:07:01.0000000Z;40.528;40.581;1239;1239
2026-06-08T14:07:02.0000000Z;40.528;40.579;1239;1239
2026-06-08T14:07:04.0000000Z;40.528;40.579;1239;1239
2026-06-08T14:07:35.0000000Z;40.528;40.579;1239;1239
2026-06-08T14:07:38.0000000Z;40.528;40.577;1239;1239
2026-06-08T14:08:03.0000000Z;40.528;40.575;1239;1239
2026-06-08T14:08:07.0000000Z;40.528;40.573;1239;1239
2026-06-08T14:08:12.0000000Z;40.524;40.573;1239;1239
2026-06-08T14:08:23.0000000Z;40.524;40.571;1239;1239
2026-06-08T14:08:28.0000000Z;40.524;40.572;1239;1239
2026-06-08T14:08:59.0000000Z;40.524;40.572;1239;1239
2026-06-08T14:09:07.0000000Z;40.524;40.574;1239;1239
2026-06-08T14:09:08.0000000Z;40.524;40.576;1239;1239
2026-06-08T14:09:11.0000000Z;40.524;40.574;1239;1239
2026-06-08T14:09:14.0000000Z;40.524;40.572;1239;1239
2026-06-08T14:09:18.0000000Z;40.522;40.572;1239;1239
2026-06-08T14:09:19.0000000Z;40.524;40.572;1239;1239
2026-06-08T14:09:28.0000000Z;40.524;40.574;1239;1239
2026-06-08T14:09:34.0000000Z;40.524;40.572;1239;1239
2026-06-08T14:09:36.0000000Z;40.524;40.57;1239;1239
2026-06-08T14:09:41.0000000Z;40.524;40.568;1239;1239
2026-06-08T14:09:44.0000000Z;40.524;40.57;1239;1239
2026-06-08T14:10:15.0000000Z;40.524;40.57;1239;1239
2026-06-08T14:10:16.0000000Z;40.524;40.569;1239;1239
2026-06-08T14:10:19.0000000Z;40.522;40.569;1239;1239
2026-06-08T14:10:37.0000000Z;40.522;40.571;1239;1239
2026-06-08T14:10:38.0000000Z;40.522;40.569;1239;1239
2026-06-08T14:10:40.0000000Z;40.522;40.567;1239;1239
2026-06-08T14:10:45.0000000Z;40.522;40.567;1239;1239
2026-06-08T14:10:51.0000000Z;40.522;40.565;1239;1239
2026-06-08T14:11:13.0000000Z;40.513;40.566;1239;1239
2026-06-08T14:11:15.0000000Z;40.513;40.564;1239;1239
2026-06-08T14:11:18.0000000Z;40.513;40.562;1239;1239
2026-06-08T14:11:30.0000000Z;40.513;40.564;1239;1239
2026-06-08T14:11:31.0000000Z;40.513;40.566;1239;1239
2026-06-08T14:11:32.0000000Z;40.519;40.566;1239;1239
2026-06-08T14:12:03.0000000Z;40.519;40.566;1239;1239
2026-06-08T14:12:17.0000000Z;40.517;40.566;1239;1239
2026-06-08T14:12:31.0000000Z;40.517;40.564;1239;1239
2026-06-08T14:12:39.0000000Z;40.514;40.564;1239;1239
2026-06-08T14:12:56.0000000Z;40.517;40.564;1239;1239
2026-06-08T14:12:57.0000000Z;40.517;40.562;1239;1239
2026-06-08T14:12:59.0000000Z;40.517;40.56;1239;1239
2026-06-08T14:13:17.0000000Z;40.517;40.559;1239;1239
2026-06-08T14:13:18.0000000Z;40.517;40.56;1239;1239
2026-06-08T14:13:19.0000000Z;40.517;40.561;1239;1239
2026-06-08T14:13:50.0000000Z;40.517;40.561;1239;1239
2026-06-08T14:13:57.0000000Z;40.508;40.563;1239;1239
2026-06-08T14:13:58.0000000Z;40.511;40.563;1239;1239
2026-06-08T14:14:00.0000000Z;40.514;40.563;1239;1239
2026-06-08T14:14:30.0000000Z;40.514;40.563;1239;1239
2026-06-08T14:14:34.0000000Z;40.514;40.561;1239;1239
2026-06-08T14:14:50.0000000Z;40.514;40.563;1239;1239
2026-06-08T14:14:56.0000000Z;40.514;40.565;1239;1239
2026-06-08T14:14:58.0000000Z;40.514;40.563;1239;1239
2026-06-08T14:15:03.0000000Z;40.508;40.563;1239;1239
2026-06-08T14:15:13.0000000Z;40.508;40.561;1239;1239
2026-06-08T14:15:37.0000000Z;40.508;40.559;1239;1239
2026-06-08T14:16:08.0000000Z;40.508;40.559;1239;1239
2026-06-08T14:16:13.0000000Z;40.508;40.557;1239;1239
2026-06-08T14:16:14.0000000Z;40.502;40.557;1239;1239
2026-06-08T14:16:16.0000000Z;40.502;40.559;1239;1239
2026-06-08T14:16:17.0000000Z;40.507;40.557;1239;1239
2026-06-08T14:16:22.0000000Z;40.507;40.559;1239;1239
2026-06-08T14:16:25.0000000Z;40.507;40.557;1239;1239
2026-06-08T14:16:26.0000000Z;40.512;40.557;1239;1239
2026-06-08T14:16:34.0000000Z;40.512;40.559;1239;1239
2026-06-08T14:16:39.0000000Z;40.512;40.557;1239;1239
2026-06-08T14:16:44.0000000Z;40.512;40.559;1239;1239
2026-06-08T14:16:45.0000000Z;40.512;40.557;1239;1239
2026-06-08T14:17:15.0000000Z;40.512;40.557;1239;1239
2026-06-08T14:17:20.0000000Z;40.508;40.557;1239;1239
2026-06-08T14:17:51.0000000Z;40.508;40.557;1239;1239
2026-06-08T14:18:10.0000000Z;40.502;40.557;1239;1239
2026-06-08T14:18:11.0000000Z;40.508;40.557;1239;1239
2026-06-08T14:18:41.0000000Z;40.508;40.557;1239;1239
2026-06-08T14:19:12.0000000Z;40.508;40.557;1239;1239
2026-06-08T14:19:14.0000000Z;40.507;40.56;1239;1239
2026-06-08T14:19:26.0000000Z;40.503;40.56;1239;1239
2026-06-08T14:19:28.0000000Z;40.505;40.56;1239;1239
2026-06-08T14:19:38.0000000Z;40.501;40.56;1239;1239
2026-06-08T14:19:40.0000000Z;40.505;40.56;1239;1239
2026-06-08T14:19:43.0000000Z;40.507;40.56;1239;1239
2026-06-08T14:19:50.0000000Z;40.506;40.557;1239;1239
2026-06-08T14:19:52.0000000Z;40.509;40.557;1239;1239
2026-06-08T14:20:23.0000000Z;40.509;40.557;1239;1239
2026-06-08T14:20:44.0000000Z;40.507;40.557;1239;1239
2026-06-08T14:20:52.0000000Z;40.507;40.555;1239;1239
2026-06-08T14:21:01.0000000Z;40.509;40.555;1239;1239
2026-06-08T14:21:02.0000000Z;40.509;40.557;1239;1239
2026-06-08T14:21:21.0000000Z;40.509;40.555;1239;1239
2026-06-08T14:21:32.0000000Z;40.509;40.557;1239;1239
2026-06-08T14:21:43.0000000Z;40.509;40.555;1239;1239
2026-06-08T14:21:45.0000000Z;40.509;40.555;1239;1239
2026-06-08T14:21:47.0000000Z;40.509;40.557;1239;1239
2026-06-08T14:22:18.0000000Z;40.509;40.557;1239;1239
2026-06-08T14:22:19.0000000Z;40.504;40.557;1239;1239
2026-06-08T14:22:36.0000000Z;40.504;40.555;1239;1239
2026-06-08T14:22:39.0000000Z;40.504;40.557;1239;1239
2026-06-08T14:22:44.0000000Z;40.504;40.555;1239;1239
2026-06-08T14:22:47.0000000Z;40.504;40.557;1239;1239
2026-06-08T14:22:48.0000000Z;40.504;40.555;1239;1239
2026-06-08T14:23:07.0000000Z;40.504;40.557;1239;1239
2026-06-08T14:23:31.0000000Z;40.504;40.555;1239;1239
2026-06-08T14:23:45.0000000Z;40.504;40.553;1239;1239
2026-06-08T14:23:58.0000000Z;40.504;40.551;1239;1239
2026-06-08T14:24:04.0000000Z;40.504;40.549;1239;1239
2026-06-08T14:24:08.0000000Z;40.504;40.551;1239;1239
2026-06-08T14:24:12.0000000Z;40.504;40.553;1239;1239
2026-06-08T14:24:29.0000000Z;40.504;40.551;1239;1239
2026-06-08T14:24:32.0000000Z;40.504;40.549;1239;1239
2026-06-08T14:24:42.0000000Z;40.504;40.551;1239;1239
2026-06-08T14:24:49.0000000Z;40.504;40.549;1239;1239
2026-06-08T14:24:54.0000000Z;40.504;40.549;1239;1239
2026-06-08T14:25:14.0000000Z;40.504;40.551;1239;1239
2026-06-08T14:25:16.0000000Z;40.504;40.549;1239;1239
2026-06-08T14:25:18.0000000Z;40.504;40.551;1239;1239
2026-06-08T14:25:19.0000000Z;40.504;40.549;1239;1239
2026-06-08T14:25:44.0000000Z;40.504;40.551;1239;1239
2026-06-08T14:25:47.0000000Z;40.504;40.549;1239;1239
2026-06-08T14:25:48.0000000Z;40.499;40.549;1239;1239
2026-06-08T14:25:53.0000000Z;40.499;40.551;1239;1239
2026-06-08T14:25:54.0000000Z;40.499;40.549;1239;1239
2026-06-08T14:25:58.0000000Z;40.499;40.551;1239;1239
2026-06-08T14:26:20.0000000Z;40.499;40.553;1239;1239
2026-06-08T14:26:34.0000000Z;40.499;40.552;1239;1239
2026-06-08T14:26:36.0000000Z;40.499;40.551;1239;1239
2026-06-08T14:26:40.0000000Z;40.499;40.549;1239;1239
2026-06-08T14:27:11.0000000Z;40.499;40.549;1239;1239
2026-06-08T14:27:18.0000000Z;40.496;40.549;1239;1239
2026-06-08T14:27:38.0000000Z;40.496;40.552;1239;1239
2026-06-08T14:27:40.0000000Z;40.496;40.549;1239;1239
2026-06-08T14:27:44.0000000Z;40.496;40.551;1239;1239
2026-06-08T14:27:47.0000000Z;40.496;40.55;1239;1239
2026-06-08T14:27:48.0000000Z;40.496;40.549;1239;1239
2026-06-08T14:28:07.0000000Z;40.496;40.547;1239;1239
2026-06-08T14:28:14.0000000Z;40.496;40.552;1239;1239
2026-06-08T14:28:21.0000000Z;40.496;40.545;1239;1239
2026-06-08T14:28:22.0000000Z;40.49;40.545;1239;1239
2026-06-08T14:28:24.0000000Z;40.49;40.549;1239;1239
2026-06-08T14:28:25.0000000Z;40.499;40.549;1239;1239
2026-06-08T14:28:55.0000000Z;40.499;40.549;1239;1239
2026-06-08T14:29:26.0000000Z;40.499;40.549;1239;1239
2026-06-08T14:29:53.0000000Z;40.499;40.552;1239;1239
2026-06-08T14:30:23.0000000Z;40.499;40.552;1239;1239
2026-06-08T14:30:25.0000000Z;40.499;40.552;1239;1239
2026-06-08T14:30:43.0000000Z;40.499;40.55;1239;1239
2026-06-08T14:31:07.0000000Z;40.499;40.548;1239;1239
2026-06-08T14:31:15.0000000Z;40.499;40.553;1239;1239
2026-06-08T14:31:17.0000000Z;40.497;40.553;1239;1239
2026-06-08T14:31:19.0000000Z;40.499;40.553;1239;1239
2026-06-08T14:31:46.0000000Z;40.499;40.548;1239;1239
2026-06-08T14:31:51.0000000Z;40.499;40.553;1239;1239
2026-06-08T14:32:22.0000000Z;40.499;40.553;1239;1239
2026-06-08T14:32:52.0000000Z;40.499;40.553;1239;1239
2026-06-08T14:32:55.0000000Z;40.499;40.548;1239;1239
2026-06-08T14:32:56.0000000Z;40.499;40.546;1239;1239
2026-06-08T14:33:02.0000000Z;40.499;40.546;1239;1239
2026-06-08T14:33:10.0000000Z;40.494;40.549;1239;1239
2026-06-08T14:33:24.0000000Z;40.494;40.544;1239;1239
2026-06-08T14:33:38.0000000Z;40.494;40.542;1239;1239
2026-06-08T14:33:50.0000000Z;40.494;40.544;1239;1239
2026-06-08T14:34:20.0000000Z;40.494;40.545;1239;1239
2026-06-08T14:34:42.0000000Z;40.494;40.546;1239;1239
2026-06-08T14:34:45.0000000Z;40.494;40.544;1239;1239
2026-06-08T14:34:50.0000000Z;40.494;40.546;1239;1239
2026-06-08T14:34:52.0000000Z;40.494;40.544;1239;1239
2026-06-08T14:35:16.0000000Z;40.494;40.546;1239;1239
2026-06-08T14:35:17.0000000Z;40.494;40.544;1239;1239
2026-06-08T14:35:18.0000000Z;40.491;40.544;1239;1239
2026-06-08T14:35:48.0000000Z;40.491;40.544;1239;1239
2026-06-08T14:35:50.0000000Z;40.491;40.542;1239;1239
2026-06-08T14:35:54.0000000Z;40.491;40.544;1239;1239
2026-06-08T14:36:14.0000000Z;40.491;40.542;1239;1239
2026-06-08T14:36:45.0000000Z;40.491;40.542;1239;1239
2026-06-08T14:37:16.0000000Z;40.491;40.542;1239;1239
2026-06-08T14:37:17.0000000Z;40.491;40.545;1239;1239
2026-06-08T14:37:47.0000000Z;40.491;40.545;1239;1239
2026-06-08T14:38:00.0000000Z;40.485;40.545;1239;1239
2026-06-08T14:38:22.0000000Z;40.485;40.544;1239;1239
2026-06-08T14:38:39.0000000Z;40.485;40.546;1239;1239
2026-06-08T14:38:43.0000000Z;40.487;40.546;1239;1239
2026-06-08T14:38:51.0000000Z;40.492;40.546;1239;1239
2026-06-08T14:39:04.0000000Z;40.494;40.546;1239;1239
2026-06-08T14:39:05.0000000Z;40.494;40.548;1239;1239
2026-06-08T14:39:14.0000000Z;40.494;40.546;1239;1239
2026-06-08T14:39:16.0000000Z;40.494;40.544;1239;1239
2026-06-08T14:39:39.0000000Z;40.494;40.546;1239;1239
2026-06-08T14:39:47.0000000Z;40.494;40.536;1239;1239
2026-06-08T14:39:53.0000000Z;40.494;40.546;1239;1239
2026-06-08T14:39:56.0000000Z;40.494;40.54;1239;1239
2026-06-08T14:40:05.0000000Z;40.494;40.542;1239;1239
2026-06-08T14:40:12.0000000Z;40.494;40.54;1239;1239
2026-06-08T14:40:15.0000000Z;40.494;40.541;1239;1239
2026-06-08T14:40:24.0000000Z;40.494;40.539;1239;1239
2026-06-08T14:40:29.0000000Z;40.494;40.542;1239;1239
2026-06-08T14:40:31.0000000Z;40.494;40.541;1239;1239
2026-06-08T14:40:41.0000000Z;40.489;40.541;1239;1239
2026-06-08T14:40:51.0000000Z;40.489;40.539;1239;1239
2026-06-08T14:41:22.0000000Z;40.489;40.539;1239;1239
2026-06-08T14:41:33.0000000Z;40.489;40.537;1239;1239
2026-06-08T14:41:36.0000000Z;40.489;40.535;1239;1239
2026-06-08T14:41:37.0000000Z;40.486;40.535;1239;1239
2026-06-08T14:41:46.0000000Z;40.486;40.537;1239;1239
2026-06-08T14:41:47.0000000Z;40.489;40.537;1239;1239
2026-06-08T14:41:48.0000000Z;40.489;40.539;1239;1239
2026-06-08T14:41:58.0000000Z;40.489;40.537;1239;1239
2026-06-08T14:42:04.0000000Z;40.489;40.539;1239;1239
2026-06-08T14:42:05.0000000Z;40.489;40.537;1239;1239
2026-06-08T14:42:07.0000000Z;40.489;40.539;1239;1239
2026-06-08T14:42:08.0000000Z;40.489;40.537;1239;1239
2026-06-08T14:42:11.0000000Z;40.492;40.539;1239;1239
2026-06-08T14:42:41.0000000Z;40.492;40.539;1239;1239
2026-06-08T14:43:11.0000000Z;40.492;40.539;1239;1239
2026-06-08T14:43:16.0000000Z;40.488;40.539;1239;1239
2026-06-08T14:43:46.0000000Z;40.488;40.539;1239;1239
2026-06-08T14:44:16.0000000Z;40.488;40.539;1239;1239
2026-06-08T14:44:17.0000000Z;40.489;40.539;1239;1239
2026-06-08T14:44:18.0000000Z;40.489;40.541;1239;1239
2026-06-08T14:44:22.0000000Z;40.489;40.542;1239;1239
2026-06-08T14:44:28.0000000Z;40.489;40.544;1239;1239
2026-06-08T14:44:42.0000000Z;40.489;40.542;1239;1239
2026-06-08T14:44:43.0000000Z;40.489;40.544;1239;1239
2026-06-08T14:44:44.0000000Z;40.489;40.542;1239;1239
2026-06-08T14:44:46.0000000Z;40.489;40.544;1239;1239
2026-06-08T14:45:13.0000000Z;40.494;40.544;1239;1239
2026-06-08T14:45:14.0000000Z;40.494;40.546;1239;1239
2026-06-08T14:45:18.0000000Z;40.494;40.55;1239;1239
2026-06-08T14:45:28.0000000Z;40.494;40.552;1239;1239
2026-06-08T14:45:32.0000000Z;40.494;40.55;1239;1239
2026-06-08T14:45:38.0000000Z;40.494;40.551;1239;1239
2026-06-08T14:45:46.0000000Z;40.494;40.549;1239;1239
2026-06-08T14:45:48.0000000Z;40.494;40.549;1239;1239
2026-06-08T14:45:50.0000000Z;40.494;40.551;1239;1239
2026-06-08T14:46:20.0000000Z;40.494;40.551;1239;1239
2026-06-08T14:46:35.0000000Z;40.494;40.549;1239;1239
2026-06-08T14:47:00.0000000Z;40.494;40.547;1239;1239
2026-06-08T14:47:17.0000000Z;40.494;40.551;1239;1239
2026-06-08T14:47:47.0000000Z;40.494;40.551;1239;1239
2026-06-08T14:47:48.0000000Z;40.501;40.551;1239;1239
2026-06-08T14:47:57.0000000Z;40.501;40.55;1239;1239
2026-06-08T14:48:02.0000000Z;40.501;40.549;1239;1239
2026-06-08T14:48:19.0000000Z;40.501;40.548;1239;1239
2026-06-08T14:48:31.0000000Z;40.501;40.546;1239;1239
2026-06-08T14:49:01.0000000Z;40.501;40.546;1239;1239
2026-06-08T14:49:15.0000000Z;40.495;40.549;1239;1239
2026-06-08T14:49:25.0000000Z;40.494;40.549;1239;1239
2026-06-08T14:49:29.0000000Z;40.494;40.546;1239;1239
2026-06-08T14:49:30.0000000Z;40.494;40.544;1239;1239
2026-06-08T14:49:32.0000000Z;40.494;40.542;1239;1239
2026-06-08T14:49:40.0000000Z;40.497;40.542;1239;1239
2026-06-08T14:49:41.0000000Z;40.497;40.544;1239;1239
2026-06-08T14:49:43.0000000Z;40.497;40.542;1239;1239
2026-06-08T14:49:51.0000000Z;40.497;40.544;1239;1239
2026-06-08T14:49:57.0000000Z;40.497;40.542;1239;1239
2026-06-08T14:50:27.0000000Z;40.497;40.544;1239;1239
2026-06-08T14:50:28.0000000Z;40.497;40.542;1239;1239
2026-06-08T14:50:35.0000000Z;40.489;40.542;1239;1239
2026-06-08T14:50:42.0000000Z;40.489;40.544;1239;1239
2026-06-08T14:51:10.0000000Z;40.489;40.544;1239;1239
2026-06-08T14:51:18.0000000Z;40.489;40.546;1239;1239
2026-06-08T14:51:47.0000000Z;40.489;40.546;1239;1239
2026-06-08T14:51:56.0000000Z;40.489;40.55;1239;1239
2026-06-08T14:52:06.0000000Z;40.489;40.548;1239;1239
2026-06-08T14:52:20.0000000Z;40.489;40.55;1239;1239
2026-06-08T14:52:21.0000000Z;40.496;40.55;1239;1239
2026-06-08T14:52:52.0000000Z;40.496;40.55;1239;1239
2026-06-08T14:53:23.0000000Z;40.496;40.55;1239;1239
2026-06-08T14:53:50.0000000Z;40.496;40.553;1239;1239
2026-06-08T14:53:58.0000000Z;40.496;40.551;1239;1239
2026-06-08T14:54:18.0000000Z;40.496;40.549;1239;1239
2026-06-08T14:54:47.0000000Z;40.496;40.553;1239;1239
2026-06-08T14:54:51.0000000Z;40.496;40.555;1239;1239
2026-06-08T14:54:54.0000000Z;40.502;40.555;1239;1239
2026-06-08T14:54:55.0000000Z;40.502;40.558;1239;1239
2026-06-08T14:54:57.0000000Z;40.502;40.557;1239;1239
2026-06-08T14:55:08.0000000Z;40.502;40.555;1239;1239
2026-06-08T14:55:21.0000000Z;40.496;40.555;1239;1239
2026-06-08T14:55:51.0000000Z;40.496;40.555;1239;1239
2026-06-08T14:56:19.0000000Z;40.496;40.557;1239;1239
2026-06-08T14:56:26.0000000Z;40.496;40.555;1239;1239
2026-06-08T14:56:57.0000000Z;40.496;40.555;1239;1239
2026-06-08T14:57:19.0000000Z;40.496;40.557;1239;1239
2026-06-08T14:57:28.0000000Z;40.496;40.555;1239;1239
2026-06-08T14:57:58.0000000Z;40.496;40.555;1239;1239
2026-06-08T14:58:15.0000000Z;40.496;40.556;1239;1239
2026-06-08T14:58:17.0000000Z;40.496;40.557;1239;1239
2026-06-08T14:58:30.0000000Z;40.498;40.557;1239;1239
2026-06-08T14:58:40.0000000Z;40.503;40.557;1239;1239
2026-06-08T14:58:41.0000000Z;40.503;40.559;1239;1239
2026-06-08T14:59:00.0000000Z;40.503;40.557;1239;1239
2026-06-08T14:59:06.0000000Z;40.503;40.559;1239;1239
2026-06-08T14:59:36.0000000Z;40.503;40.559;1239;1239
